timestamp,state,district,rainfall_mm,river_level_m,river_level_threshold_m,emergency_calls,road_closures,bridge_closures,flood_history_count,population_affected,water_level_change_m,zone_risk
01-01-2025 00:00,Odisha,Puri,15.94,1.18,4.43,35,1,0.0,3,1277.0,0.07,Low
01-01-2025 01:00,Maharashtra,Nashik,26.06,1.9,4.45,41,1,0.0,0,1344.0,1.23,Moderate
01-01-2025 02:00,Bihar,Darbhanga,37.08,6.76,5.45,41,1,0.0,2,2620.0,-0.23,Severe
01-01-2025 03:00,Assam,Jorhat,26.25,5.75,4.35,28,0,0.0,6,1703.0,0.61,Severe
01-01-2025 04:00,Odisha,Puri,47.53,6.72,4.38,38,0,0.0,2,3303.0,0.16,Severe
01-01-2025 05:00,Gujarat,Surat,7.41,2.84,4.77,32,1,0.0,2,1820.0,0.29,Moderate
01-01-2025 06:00,Karnataka,Mangaluru,30.89,7.43,4.0,30,3,1.0,6,3515.0,0.22,Severe
01-01-2025 07:00,Odisha,Kendrapara,36.94,4.84,4.83,40,0,0.0,4,2956.0,0.85,Severe
01-01-2025 08:00,Bihar,Patna,7.75,5.88,5.86,28,2,0.0,2,1820.0,0.44,Severe
01-01-2025 09:00,Assam,Guwahati,43.15,1.74,5.8,33,1,0.0,4,1997.0,-0.28,Moderate
01-01-2025 10:00,Maharashtra,Mumbai,52.18,2.64,6.91,40,1,0.0,2,2887.0,0.52,Moderate
01-01-2025 11:00,Bihar,Darbhanga,47.26,7.19,4.36,36,1,1.0,3,3018.0,0.48,Severe
01-01-2025 12:00,Bihar,Patna,46.8,2.79,6.6,42,1,2.0,5,1069.0,0.82,Severe
01-01-2025 13:00,Karnataka,Mysuru,37.59,1.74,5.17,28,2,0.0,4,1848.0,0.51,Moderate
01-01-2025 14:00,West Bengal,Murshidabad,16.07,5.78,5.16,31,1,2.0,3,1483.0,-0.33,Severe
01-01-2025 15:00,Assam,Dhemaji,2.15,5.38,5.05,29,2,2.0,3,734.0,0.89,Severe
01-01-2025 16:00,Kerala,Thrissur,30.27,5.86,4.37,35,0,2.5,2,2701.0,0.87,Severe
01-01-2025 17:00,Bihar,Bhagalpur,24.59,5.95,5.44,30,0,0.0,1,1363.0,0.59,Severe
01-01-2025 18:00,West Bengal,Malda,36.88,5.0,6.36,31,4,2.5,5,2040.0,0.49,Severe
01-01-2025 19:00,Kerala,Kottayam,19.44,4.95,6.63,30,0,0.0,3,2051.0,0.52,Severe
01-01-2025 20:00,Assam,Barpeta,68.91,8.39,6.89,40,2,2.0,6,3387.0,0.88,Severe
01-01-2025 21:00,Tamil Nadu,Coimbatore,9.74,5.27,6.36,23,0,0.0,5,936.0,0.97,Severe
01-01-2025 22:00,Gujarat,Bharuch,22.29,5.94,5.87,32,0,1.0,7,1668.0,0.6,Severe
01-01-2025 23:00,West Bengal,Murshidabad,29.28,3.14,5.49,41,0,1.0,1,1714.0,0.64,Moderate
02-01-2025 00:00,Uttar Pradesh,Prayagraj,47.63,7.97,6.62,44,1,0.0,2,2019.0,0.45,Severe
02-01-2025 01:00,Tamil Nadu,Thanjavur,47.79,1.19,6.22,40,2,0.0,2,1415.0,1.44,Moderate
02-01-2025 02:00,Gujarat,Bharuch,62.38,5.46,4.48,43,2,1.0,5,2850.0,-0.56,Severe
02-01-2025 03:00,Karnataka,Bengaluru,56.78,4.07,6.05,45,2,0.0,1,2390.0,0.06,Severe
02-01-2025 04:00,Odisha,Kendrapara,30.63,5.83,5.29,40,1,0.0,3,1932.0,0.0,Severe
02-01-2025 05:00,Maharashtra,Kolhapur,59.76,3.88,5.79,47,1,2.5,4,2395.0,1.3,Severe
02-01-2025 06:00,Uttar Pradesh,Prayagraj,30.88,6.74,6.7,36,0,2.5,2,3128.0,0.26,Severe
02-01-2025 07:00,Karnataka,Mysuru,9.09,1.16,5.96,25,0,0.0,2,1079.0,-0.54,Low
02-01-2025 08:00,Assam,Dibrugarh,10.02,4.25,6.82,31,1,0.0,5,1014.0,-0.01,Moderate
02-01-2025 09:00,Karnataka,Bengaluru,28.63,7.65,6.6,40,2,1.0,5,2379.0,0.61,Severe
02-01-2025 10:00,Odisha,Cuttack,15.07,3.0,4.39,33,0,0.0,7,1243.0,0.37,Moderate
02-01-2025 11:00,Assam,Dibrugarh,32.34,1.42,4.03,42,2,0.0,5,1316.0,0.31,Moderate
02-01-2025 12:00,Uttar Pradesh,Prayagraj,57.88,4.97,5.15,47,4,1.0,5,2622.0,0.45,Severe
02-01-2025 13:00,Odisha,Puri,26.63,8.81,6.6,38,0,0.0,3,2663.0,0.87,Severe
02-01-2025 14:00,Kerala,Kozhikode,6.26,1.51,4.69,33,1,0.0,2,615.0,0.77,Moderate
02-01-2025 15:00,Maharashtra,Mumbai,49.68,1.56,6.07,42,1,0.0,3,1561.0,-0.01,Moderate
02-01-2025 16:00,Uttar Pradesh,Lucknow,24.6,5.76,5.43,39,3,0.0,3,1517.0,0.49,Severe
02-01-2025 17:00,Kerala,Kozhikode,29.26,3.0,6.24,32,0,0.0,5,1070.0,1.06,Moderate
02-01-2025 18:00,Gujarat,Ahmedabad,104.02124999999998,4.28,4.49,66,4,1.0,2,4276.0,0.46,Severe
02-01-2025 19:00,Uttar Pradesh,Lucknow,62.44,7.64,4.72,49,1,1.0,7,3162.0,0.09,Severe
02-01-2025 20:00,Gujarat,Surat,72.32,2.59,4.73,57,0,2.5,1,2871.0,-0.16,Severe
02-01-2025 21:00,Assam,Jorhat,27.15,6.75,5.65,29,1,1.0,8,1808.0,0.46,Severe
02-01-2025 22:00,Kerala,Thrissur,104.02124999999998,5.04,4.87,53,3,1.0,0,3937.0,0.26,Severe
02-01-2025 23:00,Maharashtra,Mumbai,17.58,8.24,6.44,34,0,2.0,3,2869.0,0.25,Severe
03-01-2025 00:00,Odisha,Cuttack,9.24,8.78,5.04,26,2,1.0,4,2182.0,0.45,Severe
03-01-2025 01:00,Bihar,Patna,104.02124999999998,4.88,5.98,66,2,1.0,8,3671.0,0.05,Severe
03-01-2025 02:00,Karnataka,Kodagu,6.4,5.68,6.85,20,2,1.0,8,1371.0,0.93,Severe
03-01-2025 03:00,Tamil Nadu,Madurai,24.71,6.97,5.82,33,2,0.0,4,2146.0,0.32,Severe
03-01-2025 04:00,Maharashtra,Nagpur,50.2,3.55,4.73,55,0,1.0,3,2235.0,1.24,Severe
03-01-2025 05:00,Kerala,Alappuzha,27.41,2.81,6.49,29,0,2.0,6,1202.0,0.81,Severe
03-01-2025 06:00,Bihar,Bhagalpur,21.14,8.72,4.04,29,2,0.0,6,2283.0,0.32,Severe
03-01-2025 07:00,Maharashtra,Pune,35.52,4.46,4.77,36,1,1.0,4,2140.0,-0.23,Severe
03-01-2025 08:00,Kerala,Kochi,33.95,1.01,5.16,42,1,0.0,2,1752.0,0.65,Moderate
03-01-2025 09:00,West Bengal,Darjeeling,38.5,7.7,4.59,36,2,0.0,4,3638.0,0.56,Severe
03-01-2025 10:00,West Bengal,Kolkata,76.69,5.8,5.81,57,4,1.0,2,3590.0,0.03,Severe
03-01-2025 11:00,Gujarat,Bharuch,52.13,2.35,5.67,51,3,2.0,5,2339.0,-0.17,Severe
03-01-2025 12:00,Maharashtra,Kolhapur,29.96,1.24,5.22,33,1,0.0,5,1161.0,0.34,Moderate
03-01-2025 13:00,West Bengal,Malda,42.07,3.33,4.88,51,0,0.0,4,2476.0,0.46,Severe
03-01-2025 14:00,Kerala,Kozhikode,1.11,8.42,5.3,23,4,0.0,5,1425.0,0.42,Severe
03-01-2025 15:00,Gujarat,Surat,31.5,8.47,4.87,46,1,0.0,4,2433.0,0.35,Severe
03-01-2025 16:00,Kerala,Alappuzha,44.42,3.49,4.66,30,1,1.0,3,2759.0,0.89,Severe
03-01-2025 17:00,Gujarat,Rajkot,19.48,7.69,5.05,31,2,0.0,4,1406.0,0.06,Severe
03-01-2025 18:00,Maharashtra,Nagpur,25.32,4.53,5.81,30,3,0.0,3,1698.0,1.2,Severe
03-01-2025 19:00,Bihar,Gaya,62.65,6.23,5.95,44,1,0.0,4,2605.0,-0.4,Severe
03-01-2025 20:00,Odisha,Cuttack,14.85,3.68,4.89,37,3,1.0,5,1503.0,0.02,Severe
03-01-2025 21:00,Uttar Pradesh,Prayagraj,63.75,5.13,6.84,46,3,1.0,6,2446.0,-0.19,Severe
03-01-2025 22:00,Bihar,Muzaffarpur,94.29,3.35,4.79,65,0,1.0,3,3099.0,0.45,Severe
03-01-2025 23:00,Assam,Dibrugarh,25.87,1.49,6.14,33,1,0.0,4,1540.0,0.53,Moderate
04-01-2025 00:00,Kerala,Thrissur,15.05,2.12,4.24,36,0,0.0,6,1522.0,1.14,Moderate
04-01-2025 01:00,Assam,Guwahati,20.3,3.33,5.99,28,2,1.0,5,1893.0,0.45,Severe
04-01-2025 02:00,Bihar,Muzaffarpur,90.06,8.81,5.38,58,2,2.0,5,4407.0,0.73,Severe
04-01-2025 03:00,Gujarat,Vadodara,14.3,8.73,5.71,26,0,0.0,3,1603.0,-0.14,Severe
04-01-2025 04:00,Uttar Pradesh,Lucknow,15.08,7.62,4.55,25,2,1.0,5,2301.0,-0.27,Severe
04-01-2025 05:00,Uttar Pradesh,Gorakhpur,6.28,2.86,5.3,34,1,0.0,4,1035.0,0.94,Moderate
04-01-2025 06:00,Tamil Nadu,Madurai,24.92,4.53,6.3,45,0,0.0,4,2157.0,0.77,Severe
04-01-2025 07:00,Uttar Pradesh,Gorakhpur,39.38,4.52,6.3,44,5,0.0,3,1480.0,0.46,Severe
04-01-2025 08:00,Odisha,Kendrapara,82.44,4.1,4.71,62,2,0.0,1,2731.0,-0.04,Severe
04-01-2025 09:00,Uttar Pradesh,Prayagraj,26.68,1.36,5.06,27,0,0.0,4,1009.0,1.44,Moderate
04-01-2025 10:00,Bihar,Muzaffarpur,49.15,5.28,4.01,38,1,1.0,7,3557.0,0.72,Severe
04-01-2025 11:00,Tamil Nadu,Coimbatore,20.64,1.58,4.27,46,1,0.0,8,1511.0,0.04,Moderate
04-01-2025 12:00,Bihar,Bhagalpur,12.79,7.42,4.38,29,1,0.0,1,1619.0,0.37,Severe
04-01-2025 13:00,Bihar,Gaya,75.24,6.53,4.88,55,3,1.0,5,3187.0,-0.31,Severe
04-01-2025 14:00,Karnataka,Bengaluru,38.59,3.82,6.28,42,1,2.0,6,1487.0,0.4,Severe
04-01-2025 15:00,Tamil Nadu,Thanjavur,52.0,6.18,5.53,36,2,0.0,3,2434.0,0.14,Severe
04-01-2025 16:00,Bihar,Patna,37.78,2.86,6.38,40,2,0.0,4,1916.0,1.42,Severe
04-01-2025 17:00,Karnataka,Udupi,8.89,3.12,6.26,21,1,1.0,5,973.0,0.69,Moderate
04-01-2025 18:00,Karnataka,Mangaluru,62.39,3.51,5.76,41,4,2.0,6,2688.0,-0.79,Severe
04-01-2025 19:00,Tamil Nadu,Coimbatore,19.65,7.38,5.5,30,2,0.0,5,2065.0,1.18,Severe
04-01-2025 20:00,Assam,Dibrugarh,47.35,2.69,6.79,40,1,1.0,5,1847.0,0.53,Severe
04-01-2025 21:00,Gujarat,Vadodara,13.43,5.5,5.71,35,2,0.0,7,664.0,1.04,Severe
04-01-2025 22:00,Odisha,Balasore,14.31,2.6,5.45,31,3,0.0,8,1071.0,0.47,Moderate
04-01-2025 23:00,Gujarat,Ahmedabad,20.91,3.28,6.61,33,1,0.0,5,1130.0,0.42,Moderate
05-01-2025 00:00,Uttar Pradesh,Varanasi,16.84,2.88,4.21,35,0,0.0,4,1264.0,-0.03,Moderate
05-01-2025 01:00,Odisha,Cuttack,12.29,6.16,5.97,26,0,0.0,5,2424.0,0.64,Severe
05-01-2025 02:00,Uttar Pradesh,Lucknow,104.02124999999998,5.21,4.34,62,2,2.0,5,4592.375,0.84,Severe
05-01-2025 03:00,Bihar,Gaya,34.51,6.77,6.46,39,0,0.0,5,2094.0,-0.44,Severe
05-01-2025 04:00,Kerala,Kottayam,7.86,2.76,6.38,25,1,0.0,2,854.0,-0.02,Low
05-01-2025 05:00,Tamil Nadu,Madurai,12.9,1.07,5.51,32,1,0.0,2,965.0,-0.2,Low
05-01-2025 06:00,Odisha,Bhubaneswar,17.8,6.44,5.98,33,2,1.0,5,1641.0,1.15,Severe
05-01-2025 07:00,Odisha,Kendrapara,23.5,1.92,6.32,21,1,1.0,3,1931.0,0.85,Moderate
05-01-2025 08:00,Bihar,Bhagalpur,54.55,2.97,5.45,56,2,1.0,6,2797.0,0.19,Severe
05-01-2025 09:00,Assam,Guwahati,39.39,3.45,6.72,47,1,0.0,3,1493.0,0.83,Severe
05-01-2025 10:00,Karnataka,Kodagu,33.86,6.97,5.31,41,3,0.0,3,3113.0,-0.27,Severe
05-01-2025 11:00,Bihar,Bhagalpur,9.59,6.01,6.68,29,0,0.0,4,2038.0,0.49,Severe
05-01-2025 12:00,West Bengal,Kolkata,48.51,2.47,5.75,46,2,0.0,8,1976.0,0.77,Severe
05-01-2025 13:00,Karnataka,Mangaluru,9.02,5.78,5.28,27,1,0.0,4,1906.0,0.11,Severe
05-01-2025 14:00,Tamil Nadu,Chennai,29.13,6.67,4.01,31,2,0.0,1,2041.0,0.35,Severe
05-01-2025 15:00,Karnataka,Bengaluru,41.29,4.11,4.89,40,1,0.0,7,1926.0,0.58,Severe
05-01-2025 16:00,Assam,Barpeta,42.3,2.97,6.6,35,1,0.0,8,1558.0,0.87,Severe
05-01-2025 17:00,Karnataka,Udupi,37.55,6.43,5.29,34,1,1.0,5,3347.0,-0.34,Severe
05-01-2025 18:00,Tamil Nadu,Madurai,38.69,5.89,5.26,43,2,1.0,5,1742.0,0.27,Severe
05-01-2025 19:00,Assam,Guwahati,36.48,1.62,5.47,48,3,0.0,2,1350.0,-0.06,Moderate
05-01-2025 20:00,Gujarat,Vadodara,11.01,6.33,4.86,27,3,0.0,3,1930.0,0.6,Severe
05-01-2025 21:00,Odisha,Balasore,10.49,4.91,5.47,24,1,0.0,8,662.0,0.21,Severe
05-01-2025 22:00,Odisha,Kendrapara,58.34,7.03,5.13,51,0,2.5,4,2361.0,0.72,Severe
05-01-2025 23:00,Uttar Pradesh,Varanasi,58.91,2.53,6.73,54,0,2.5,4,2126.0,-0.25,Severe
06-01-2025 00:00,Gujarat,Rajkot,14.15,3.07,5.69,35,2,1.0,4,396.0,0.14,Moderate
06-01-2025 01:00,Gujarat,Rajkot,37.97,5.35,6.5,40,1,0.0,0,2460.0,1.25,Severe
06-01-2025 02:00,Karnataka,Kodagu,43.51,4.85,6.06,45,1,2.5,3,3151.0,0.26,Severe
06-01-2025 03:00,Odisha,Balasore,33.89,4.09,4.64,33,0,0.0,8,3720.0,0.84,Severe
06-01-2025 04:00,Tamil Nadu,Tiruppur,64.0,6.97,6.6,41,1,2.0,5,3597.0,-0.13,Severe
06-01-2025 05:00,Maharashtra,Nagpur,24.08,5.52,4.26,29,2,1.0,3,2160.0,-0.32,Severe
06-01-2025 06:00,Maharashtra,Nagpur,25.74,6.68,5.35,40,1,0.0,7,3025.0,0.98,Severe
06-01-2025 07:00,Assam,Guwahati,64.45,2.23,4.72,43,3,1.0,7,2457.0,0.71,Severe
06-01-2025 08:00,Odisha,Cuttack,11.3,6.83,5.61,47,3,0.0,5,2739.0,0.16,Severe
06-01-2025 09:00,Odisha,Puri,56.86,4.69,4.9,52,5,1.0,5,3043.0,1.09,Severe
06-01-2025 10:00,Maharashtra,Mumbai,84.73,1.27,6.17,51,2,2.0,6,3039.0,0.07,Severe
06-01-2025 11:00,Odisha,Bhubaneswar,47.73,2.88,6.81,32,1,1.0,3,2193.0,-0.04,Moderate
06-01-2025 12:00,Karnataka,Kodagu,32.04,1.21,6.13,33,2,0.0,3,1368.0,0.36,Moderate
06-01-2025 13:00,West Bengal,Howrah,11.73,4.65,5.07,25,1,2.0,2,1783.0,0.23,Severe
06-01-2025 14:00,Kerala,Alappuzha,37.83,3.61,5.8,41,1,1.0,2,2358.0,-0.17,Severe
06-01-2025 15:00,Gujarat,Vadodara,19.04,8.9,6.67,28,2,2.0,4,2101.0,0.3,Severe
06-01-2025 16:00,Uttar Pradesh,Lucknow,27.2,7.95,4.81,33,1,0.0,7,2225.0,0.46,Severe
06-01-2025 17:00,Assam,Guwahati,43.05,7.61,4.35,40,1,0.0,6,2596.0,0.72,Severe
06-01-2025 18:00,West Bengal,Howrah,17.01,5.01,4.39,34,3,0.0,5,1994.0,1.55,Severe
06-01-2025 19:00,Maharashtra,Pune,13.36,7.46,5.48,32,1,0.0,4,2228.0,0.9,Severe
06-01-2025 20:00,Gujarat,Bharuch,22.37,3.13,6.2,37,2,0.0,5,1033.0,-0.13,Moderate
06-01-2025 21:00,Odisha,Bhubaneswar,78.79,5.49,5.97,48,2,0.0,4,3810.0,1.5750000000000002,Severe
06-01-2025 22:00,Uttar Pradesh,Lucknow,43.64,4.14,5.36,54,1,0.0,0,2270.0,0.37,Severe
06-01-2025 23:00,Odisha,Cuttack,18.83,2.37,6.19,37,1,0.0,2,2775.0,0.5,Moderate
07-01-2025 00:00,Tamil Nadu,Madurai,20.45,1.58,5.9,26,0,2.0,4,680.0,0.04,Moderate
07-01-2025 01:00,Tamil Nadu,Coimbatore,69.9,5.47,5.88,56,3,0.0,1,3583.0,0.35,Severe
07-01-2025 02:00,Uttar Pradesh,Lucknow,10.42,1.78,4.61,25,0,1.0,6,1120.0,0.34,Moderate
07-01-2025 03:00,Uttar Pradesh,Gorakhpur,77.75,6.74,4.94,46,0,0.0,3,3853.0,0.66,Severe
07-01-2025 04:00,Maharashtra,Mumbai,16.5,8.37,5.03,28,2,0.0,1,1749.0,0.76,Severe
07-01-2025 05:00,Uttar Pradesh,Prayagraj,75.73,2.3,6.42,50,1,2.0,7,2387.0,0.18,Severe
07-01-2025 06:00,Karnataka,Bengaluru,58.09,4.77,6.33,44,3,0.0,4,2526.0,0.89,Severe
07-01-2025 07:00,Odisha,Balasore,14.89,6.91,4.76,35,2,0.0,3,1302.0,0.1,Severe
07-01-2025 08:00,West Bengal,Kolkata,52.38,3.29,4.17,44,1,1.0,7,2315.0,0.85,Severe
07-01-2025 09:00,Bihar,Gaya,8.3,8.37,6.3,27,1,1.0,3,1824.0,0.05,Severe
07-01-2025 10:00,Uttar Pradesh,Kanpur,65.63,8.11,5.23,47,0,0.0,1,3871.0,-0.16,Severe
07-01-2025 11:00,Assam,Guwahati,14.59,1.83,4.66,27,2,0.0,8,1283.0,0.22,Moderate
07-01-2025 12:00,Tamil Nadu,Madurai,65.73,1.22,4.35,47,5,0.0,3,2330.0,0.24,Severe
07-01-2025 13:00,Karnataka,Mangaluru,11.03,8.81,4.04,25,0,0.0,3,1512.0,-0.09,Severe
07-01-2025 14:00,Gujarat,Ahmedabad,15.41,8.65,5.28,24,1,0.0,3,2126.0,0.18,Severe
07-01-2025 15:00,Bihar,Gaya,90.24,4.38,5.02,60,0,1.0,6,3719.0,0.11,Severe
07-01-2025 16:00,West Bengal,Darjeeling,46.81,1.4,6.09,37,1,1.0,6,2865.0,0.35,Moderate
07-01-2025 17:00,Bihar,Darbhanga,16.68,5.95,6.93,47,1,0.0,2,1573.0,0.6,Severe
07-01-2025 18:00,Uttar Pradesh,Kanpur,40.51,3.35,4.62,39,5,0.0,8,1773.0,0.31,Severe
07-01-2025 19:00,Maharashtra,Nagpur,39.88,8.49,4.73,35,2,0.0,8,3395.0,-0.07,Severe
07-01-2025 20:00,Tamil Nadu,Coimbatore,28.29,7.36,5.01,33,1,2.0,5,2576.0,0.19,Severe
07-01-2025 21:00,Tamil Nadu,Tiruppur,39.62,6.2,5.4,43,2,1.0,5,1934.0,0.8,Severe
07-01-2025 22:00,Gujarat,Bharuch,70.42,3.28,6.09,51,4,1.0,6,2583.0,0.05,Severe
07-01-2025 23:00,Maharashtra,Nashik,57.04,6.61,5.06,46,3,1.0,2,2827.0,-0.08,Severe
08-01-2025 00:00,Odisha,Balasore,48.23,3.31,4.31,33,1,1.0,2,2359.0,-0.34,Moderate
08-01-2025 01:00,Kerala,Alappuzha,16.3,1.3,6.19,28,0,0.0,5,1150.0,0.04,Low
08-01-2025 02:00,Karnataka,Udupi,10.91,5.07,6.38,31,1,1.0,5,2014.0,0.72,Severe
08-01-2025 03:00,Tamil Nadu,Madurai,31.87,4.91,4.74,39,0,0.0,4,2714.0,0.02,Severe
08-01-2025 04:00,Assam,Guwahati,57.88,7.1,4.41,41,4,0.0,5,2731.0,0.33,Severe
08-01-2025 05:00,Tamil Nadu,Madurai,5.17,7.93,5.58,29,1,0.0,5,862.0,0.13,Severe
08-01-2025 06:00,Bihar,Bhagalpur,23.46,3.84,4.62,26,1,0.0,5,1790.0,0.1,Moderate
08-01-2025 07:00,Tamil Nadu,Coimbatore,46.08,4.6,5.12,45,4,0.0,6,3036.0,0.94,Severe
08-01-2025 08:00,Tamil Nadu,Coimbatore,76.79,4.76,6.33,52,1,2.5,6,2833.0,0.28,Severe
08-01-2025 09:00,Kerala,Kozhikode,31.72,3.59,4.66,33,1,0.0,3,1967.0,-0.21,Moderate
08-01-2025 10:00,Kerala,Kochi,22.23,6.95,6.42,37,1,1.0,7,1241.0,-0.34,Severe
08-01-2025 11:00,West Bengal,Malda,33.89,5.18,6.02,41,0,0.0,4,2253.0,-0.13,Severe
08-01-2025 12:00,Odisha,Balasore,48.31,8.31,4.66,43,1,0.0,1,3146.0,-0.18,Severe
08-01-2025 13:00,Assam,Barpeta,7.51,6.2,5.58,26,1,0.0,2,1522.0,0.74,Severe
08-01-2025 14:00,Tamil Nadu,Coimbatore,15.67,2.7,5.84,32,1,1.0,5,3257.0,0.26,Severe
08-01-2025 15:00,Tamil Nadu,Tiruppur,17.27,2.32,4.6,34,0,2.0,7,955.0,0.38,Moderate
08-01-2025 16:00,Karnataka,Bengaluru,25.71,3.98,4.43,25,0,0.0,1,1194.0,0.24,Moderate
08-01-2025 17:00,Kerala,Alappuzha,67.71,3.78,5.59,46,2,0.0,2,3323.0,0.26,Severe
08-01-2025 18:00,Assam,Barpeta,14.55,4.26,6.08,31,2,1.0,1,1154.0,0.77,Severe
08-01-2025 19:00,Gujarat,Surat,19.88,2.47,5.4,36,3,1.0,3,2234.0,0.81,Severe
08-01-2025 20:00,West Bengal,Howrah,10.57,8.83,4.21,33,1,1.0,4,1961.0,1.15,Severe
08-01-2025 21:00,Odisha,Kendrapara,25.89,2.17,6.78,42,0,1.0,1,1531.0,-0.05,Moderate
08-01-2025 22:00,Maharashtra,Pune,27.74,6.22,6.08,40,0,2.5,5,1965.0,0.17,Severe
08-01-2025 23:00,Odisha,Cuttack,29.38,1.1,5.86,29,1,2.0,2,873.0,0.44,Moderate
09-01-2025 00:00,Bihar,Bhagalpur,104.02124999999998,4.26,5.93,64,1,2.5,3,4055.0,1.06,Severe
09-01-2025 01:00,Tamil Nadu,Coimbatore,57.55,3.47,5.2,40,1,0.0,8,2098.0,0.04,Severe
09-01-2025 02:00,West Bengal,Kolkata,32.71,4.06,6.95,47,1,0.0,5,2075.0,0.78,Severe
09-01-2025 03:00,Bihar,Muzaffarpur,47.77,4.98,4.4,39,1,1.0,5,2499.0,0.08,Severe
09-01-2025 04:00,Assam,Jorhat,21.39,5.8,6.22,29,0,1.0,1,1995.0,0.79,Severe
09-01-2025 05:00,Maharashtra,Pune,104.02124999999998,5.67,5.26,66,0,0.0,3,3577.0,0.39,Severe
09-01-2025 06:00,Kerala,Kochi,59.3,6.05,6.64,45,1,0.0,5,2375.0,-0.12,Severe
09-01-2025 07:00,West Bengal,Darjeeling,53.99,7.76,6.15,45,0,2.5,7,3288.0,0.3,Severe
09-01-2025 08:00,West Bengal,Malda,78.44,8.09,5.69,51,0,0.0,8,3432.0,0.63,Severe
09-01-2025 09:00,Tamil Nadu,Chennai,97.02,6.9,6.81,50,3,2.0,8,4427.0,-0.865,Severe
09-01-2025 10:00,Uttar Pradesh,Lucknow,14.87,1.63,6.74,29,0,0.0,2,1112.0,0.76,Moderate
09-01-2025 11:00,West Bengal,Murshidabad,72.46,8.69,4.16,47,2,0.0,8,2886.0,-0.31,Severe
09-01-2025 12:00,Karnataka,Udupi,45.39,8.58,4.58,43,1,2.0,1,2439.0,0.25,Severe
09-01-2025 13:00,Maharashtra,Nashik,41.02,6.69,6.03,40,3,1.0,5,3367.0,0.3,Severe
09-01-2025 14:00,Maharashtra,Mumbai,89.35,5.14,6.77,48,1,0.0,4,3922.0,-0.865,Severe
09-01-2025 15:00,Karnataka,Kodagu,16.0,3.0,5.29,20,1,2.0,5,755.0,0.07,Moderate
09-01-2025 16:00,Gujarat,Ahmedabad,33.12,7.05,4.11,30,0,0.0,0,2792.0,0.54,Severe
09-01-2025 17:00,Karnataka,Udupi,29.97,8.02,5.93,39,3,1.0,7,2381.0,1.19,Severe
09-01-2025 18:00,Karnataka,Mangaluru,44.94,6.32,4.58,33,1,1.0,4,3169.0,0.72,Severe
09-01-2025 19:00,Maharashtra,Pune,46.37,6.03,5.66,38,3,0.0,4,2614.0,0.76,Severe
09-01-2025 20:00,Odisha,Bhubaneswar,70.56,2.54,5.15,60,1,0.0,3,2233.0,-0.62,Moderate
09-01-2025 21:00,Maharashtra,Nagpur,35.25,3.86,5.67,25,2,0.0,3,2299.0,0.21,Moderate
09-01-2025 22:00,Uttar Pradesh,Kanpur,94.07,6.79,6.8,58,1,2.0,3,3062.0,1.17,Severe
09-01-2025 23:00,Tamil Nadu,Tiruppur,48.43,1.14,5.46,39,0,0.0,5,2108.0,0.8,Moderate
10-01-2025 00:00,Bihar,Gaya,14.62,6.13,4.1,42,0,0.0,3,1566.0,0.12,Severe
10-01-2025 01:00,Odisha,Bhubaneswar,21.83,7.13,5.74,43,2,1.0,2,1966.0,0.4,Severe
10-01-2025 02:00,Kerala,Kozhikode,53.87,3.68,4.98,46,1,0.0,5,1788.0,0.79,Severe
10-01-2025 03:00,Bihar,Gaya,46.24,1.61,6.33,41,1,0.0,6,1945.0,0.78,Moderate
10-01-2025 04:00,Tamil Nadu,Thanjavur,44.46,7.55,5.41,24,0,0.0,4,2594.0,0.29,Severe
10-01-2025 05:00,Uttar Pradesh,Gorakhpur,102.98,2.13,6.22,54,2,1.0,1,3525.0,0.24,Severe
10-01-2025 06:00,Uttar Pradesh,Kanpur,65.81,3.97,6.73,47,2,0.0,0,2501.0,0.55,Severe
10-01-2025 07:00,Kerala,Thrissur,25.28,6.66,5.09,27,1,1.0,7,1704.0,0.79,Severe
10-01-2025 08:00,Odisha,Puri,30.61,7.54,6.97,31,2,2.0,3,3285.0,0.17,Severe
10-01-2025 09:00,Gujarat,Rajkot,24.25,7.9,4.45,36,0,0.0,4,2918.0,-0.48,Severe
10-01-2025 10:00,Karnataka,Udupi,17.47,5.24,5.93,26,2,0.0,2,1701.0,0.31,Severe
10-01-2025 11:00,Odisha,Bhubaneswar,104.02124999999998,4.81,4.1,66,3,1.0,2,4285.0,-0.22,Severe
10-01-2025 12:00,Gujarat,Bharuch,45.97,7.79,4.64,44,1,1.0,4,2154.0,1.22,Severe
10-01-2025 13:00,Uttar Pradesh,Prayagraj,12.68,5.5,5.9,35,0,0.0,3,2463.0,-0.08,Severe
10-01-2025 14:00,Maharashtra,Pune,88.34,5.63,4.14,60,1,1.0,2,3821.0,0.3,Severe
10-01-2025 15:00,Tamil Nadu,Coimbatore,19.51,4.47,4.31,38,3,0.0,2,2133.0,0.03,Severe
10-01-2025 16:00,Kerala,Thrissur,40.52,3.98,4.87,41,2,1.0,5,1990.0,0.12,Severe
10-01-2025 17:00,Tamil Nadu,Coimbatore,36.4,4.84,5.73,40,1,1.0,2,2486.0,0.73,Severe
10-01-2025 18:00,Assam,Dhemaji,9.31,3.92,4.05,32,1,0.0,1,1016.0,0.82,Moderate
10-01-2025 19:00,Assam,Jorhat,5.54,3.75,5.45,22,2,0.0,4,1840.0,0.65,Moderate
10-01-2025 20:00,Odisha,Cuttack,58.02,8.95,5.88,41,1,0.0,4,3512.0,0.79,Severe
10-01-2025 21:00,Uttar Pradesh,Varanasi,75.55,3.69,5.21,45,2,2.0,4,2489.0,0.11,Severe
10-01-2025 22:00,Uttar Pradesh,Gorakhpur,42.32,3.05,4.2,49,1,1.0,3,1217.0,-0.14,Moderate
10-01-2025 23:00,Karnataka,Mysuru,104.02124999999998,3.83,5.83,66,5,0.0,3,4592.375,0.01,Severe
11-01-2025 00:00,Karnataka,Mangaluru,20.82,5.73,5.82,38,1,0.0,2,1811.0,0.54,Severe
11-01-2025 01:00,Karnataka,Mangaluru,7.13,8.29,5.52,32,1,0.0,4,2373.0,0.9,Severe
11-01-2025 02:00,Maharashtra,Mumbai,46.93,7.3,6.08,50,1,0.0,2,2812.0,-0.21,Severe
11-01-2025 03:00,Bihar,Bhagalpur,15.64,7.74,4.62,32,1,0.0,0,962.0,0.19,Severe
11-01-2025 04:00,West Bengal,Malda,33.0,7.87,6.04,50,1,0.0,2,2836.0,0.23,Severe
11-01-2025 05:00,Bihar,Gaya,66.72,8.36,4.48,39,1,0.0,2,4256.0,0.0,Severe
11-01-2025 06:00,Tamil Nadu,Thanjavur,22.85,2.88,5.18,43,1,2.0,2,2087.0,0.62,Severe
11-01-2025 07:00,Bihar,Muzaffarpur,33.02,4.67,4.2,32,1,1.0,2,1740.0,0.8,Severe
11-01-2025 08:00,Maharashtra,Nashik,73.26,4.08,6.46,46,3,2.0,6,2558.0,1.45,Severe
11-01-2025 09:00,Tamil Nadu,Tiruppur,29.98,4.06,5.61,42,4,0.0,1,2187.0,1.24,Severe
11-01-2025 10:00,Bihar,Muzaffarpur,46.92,6.22,6.91,41,2,1.0,3,2993.0,0.71,Severe
11-01-2025 11:00,Maharashtra,Nashik,50.94,4.21,6.83,49,2,0.0,6,2423.0,0.14,Severe
11-01-2025 12:00,West Bengal,Howrah,30.17,5.93,7.0,40,2,0.0,5,1339.0,0.67,Severe
11-01-2025 13:00,Bihar,Gaya,30.88,4.06,4.3,48,3,1.0,6,1827.0,-0.53,Severe
11-01-2025 14:00,Maharashtra,Kolhapur,33.97,3.49,5.82,45,0,1.0,3,1935.0,0.65,Severe
11-01-2025 15:00,Karnataka,Mangaluru,20.91,3.82,5.22,31,0,1.0,5,1157.0,0.51,Moderate
11-01-2025 16:00,Uttar Pradesh,Prayagraj,45.35,7.43,5.6,37,1,0.0,3,3394.0,0.38,Severe
11-01-2025 17:00,Karnataka,Udupi,21.28,5.81,4.93,42,2,1.0,4,1828.0,0.0,Severe
11-01-2025 18:00,Uttar Pradesh,Prayagraj,23.55,8.79,4.14,36,0,0.0,0,2259.0,0.71,Severe
11-01-2025 19:00,Kerala,Alappuzha,15.88,7.66,6.12,28,2,0.0,1,2819.0,-0.1,Severe
11-01-2025 20:00,Kerala,Kochi,77.06,4.89,6.9,54,4,1.0,3,2905.0,0.82,Severe
11-01-2025 21:00,Kerala,Kochi,11.1,2.94,5.6,31,0,0.0,3,778.0,0.62,Moderate
11-01-2025 22:00,West Bengal,Kolkata,104.02124999999998,6.39,4.99,52,5,1.0,3,3849.0,0.54,Severe
11-01-2025 23:00,Karnataka,Bengaluru,31.63,6.81,6.81,40,1,0.0,5,2633.0,-0.09,Severe
12-01-2025 00:00,Uttar Pradesh,Prayagraj,25.37,4.71,5.09,41,2,2.0,6,1743.0,0.06,Severe
12-01-2025 01:00,Maharashtra,Nashik,15.91,2.84,6.74,48,3,1.0,5,349.0,-0.32,Moderate
12-01-2025 02:00,Tamil Nadu,Thanjavur,17.27,5.46,6.57,39,3,0.0,2,2165.0,0.73,Severe
12-01-2025 03:00,Maharashtra,Nashik,21.18,3.03,5.59,44,4,0.0,4,2286.0,0.37,Severe
12-01-2025 04:00,Tamil Nadu,Chennai,104.02124999999998,8.52,6.03,66,5,2.5,5,4592.375,0.11,Severe
12-01-2025 05:00,Assam,Barpeta,21.15,6.03,6.1,38,3,0.0,1,2402.0,0.29,Severe
12-01-2025 06:00,Maharashtra,Kolhapur,47.74,3.34,5.92,49,1,2.5,3,3058.0,0.82,Severe
12-01-2025 07:00,Bihar,Gaya,28.91,2.73,4.48,29,1,1.0,4,985.0,-0.16,Moderate
12-01-2025 08:00,Bihar,Gaya,104.02124999999998,6.73,6.08,64,2,2.0,0,3751.0,0.15,Severe
12-01-2025 09:00,Odisha,Puri,40.0,6.66,4.01,38,0,0.0,3,2724.0,-0.36,Severe
12-01-2025 10:00,Karnataka,Kodagu,12.87,5.78,6.13,30,1,2.0,7,1421.0,-0.12,Severe
12-01-2025 11:00,Tamil Nadu,Chennai,24.05,5.91,5.66,33,3,0.0,6,2111.0,0.24,Severe
12-01-2025 12:00,Tamil Nadu,Chennai,104.02124999999998,5.83,4.78,66,0,2.5,7,4592.375,0.84,Severe
12-01-2025 13:00,Karnataka,Bengaluru,59.37,3.88,6.41,49,1,0.0,4,2838.0,0.64,Severe
12-01-2025 14:00,West Bengal,Malda,33.26,8.5,5.22,43,0,1.0,1,2571.0,0.8,Severe
12-01-2025 15:00,Odisha,Puri,16.5,4.83,5.46,30,5,1.0,6,2219.0,0.65,Severe
12-01-2025 16:00,West Bengal,Murshidabad,18.03,1.16,4.08,32,0,0.0,3,2171.0,-0.08,Low
12-01-2025 17:00,West Bengal,Kolkata,14.47,3.79,5.2,35,0,1.0,5,1381.0,1.11,Severe
12-01-2025 18:00,West Bengal,Kolkata,8.74,2.04,4.5,19,1,0.0,5,2142.0,0.68,Moderate
12-01-2025 19:00,Karnataka,Mangaluru,56.87,3.91,4.83,47,2,2.5,3,3369.0,1.16,Severe
12-01-2025 20:00,West Bengal,Malda,50.26,5.87,4.76,55,2,0.0,6,2933.0,1.1,Severe
12-01-2025 21:00,Bihar,Darbhanga,37.88,1.18,4.14,33,5,1.0,5,1893.0,0.31,Severe
12-01-2025 22:00,Kerala,Thrissur,83.84,7.96,5.38,53,2,0.0,5,3911.0,0.13,Severe
12-01-2025 23:00,Assam,Dibrugarh,55.52,5.88,5.57,29,1,1.0,2,1990.0,-0.66,Severe
13-01-2025 00:00,Tamil Nadu,Madurai,10.46,3.36,5.71,22,1,0.0,4,1395.0,0.42,Moderate
13-01-2025 01:00,Tamil Nadu,Chennai,34.31,3.49,5.39,35,0,1.0,2,2318.0,0.33,Moderate
13-01-2025 02:00,Assam,Guwahati,61.5,4.73,6.61,45,5,0.0,2,2552.0,0.06,Severe
13-01-2025 03:00,Karnataka,Udupi,34.55,2.98,4.11,42,3,0.0,5,1140.0,0.13,Moderate
13-01-2025 04:00,Maharashtra,Nagpur,36.9,1.03,5.84,25,1,0.0,6,2012.0,0.58,Moderate
13-01-2025 05:00,Karnataka,Mysuru,8.52,1.21,6.6,23,1,1.0,2,1805.0,-0.5,Low
13-01-2025 06:00,Tamil Nadu,Madurai,21.69,3.86,4.12,21,1,2.5,6,2051.0,0.93,Severe
13-01-2025 07:00,Tamil Nadu,Coimbatore,47.99,1.99,5.49,34,2,0.0,8,1999.0,0.74,Severe
13-01-2025 08:00,Assam,Barpeta,30.72,1.18,5.77,33,1,1.0,3,1502.0,0.19,Moderate
13-01-2025 09:00,West Bengal,Kolkata,9.73,7.87,4.57,29,0,2.0,5,1782.0,0.32,Severe
13-01-2025 10:00,Karnataka,Mysuru,60.88,3.19,4.76,43,4,0.0,5,2855.0,0.49,Severe
13-01-2025 11:00,Uttar Pradesh,Gorakhpur,29.73,5.02,6.36,34,1,1.0,4,2593.0,0.72,Severe
13-01-2025 12:00,Assam,Dibrugarh,36.51,2.44,5.7,36,1,1.0,3,2061.0,1.26,Severe
13-01-2025 13:00,Bihar,Gaya,10.56,1.37,4.95,27,2,0.0,2,953.0,0.11,Low
13-01-2025 14:00,Tamil Nadu,Chennai,7.57,6.96,6.29,27,0,1.0,7,2116.0,0.96,Severe
13-01-2025 15:00,Assam,Dhemaji,37.94,2.0,6.24,42,1,0.0,5,1788.0,0.25,Moderate
13-01-2025 16:00,Karnataka,Udupi,77.22,1.21,5.04,49,3,2.5,3,3193.0,0.17,Severe
13-01-2025 17:00,Tamil Nadu,Tiruppur,59.66,5.7,5.47,42,0,0.0,4,2222.0,0.23,Severe
13-01-2025 18:00,Maharashtra,Nashik,54.11,1.11,5.99,34,2,1.0,3,2377.0,0.84,Severe
13-01-2025 19:00,Assam,Jorhat,40.3,4.49,5.03,39,2,0.0,2,1817.0,0.09,Severe
13-01-2025 20:00,Odisha,Bhubaneswar,12.3,3.31,5.89,31,0,0.0,5,1743.0,0.4,Moderate
13-01-2025 21:00,Tamil Nadu,Coimbatore,4.41,3.56,4.75,21,1,1.0,5,1605.0,0.12,Moderate
13-01-2025 22:00,Karnataka,Udupi,104.02124999999998,1.03,4.88,66,5,2.0,3,4592.375,0.16,Severe
13-01-2025 23:00,Kerala,Thrissur,29.62,8.71,4.93,42,1,0.0,4,3164.0,0.96,Severe
14-01-2025 00:00,Uttar Pradesh,Lucknow,22.18,5.14,6.81,21,1,0.0,2,2432.0,0.35,Severe
14-01-2025 01:00,Gujarat,Bharuch,36.04,5.58,6.5,46,2,0.0,8,2184.0,0.05,Severe
14-01-2025 02:00,West Bengal,Howrah,15.85,6.33,5.7,39,1,0.0,5,2252.0,0.15,Severe
14-01-2025 03:00,Gujarat,Ahmedabad,24.25,7.38,5.69,30,0,1.0,1,1393.0,0.48,Severe
14-01-2025 04:00,Karnataka,Bengaluru,102.99,5.86,4.17,52,3,1.0,4,3934.0,0.33,Severe
14-01-2025 05:00,Bihar,Patna,43.79,7.1,5.95,39,1,0.0,4,2284.0,0.35,Severe
14-01-2025 06:00,Bihar,Gaya,51.03,4.59,4.98,35,0,0.0,6,2098.0,0.22,Severe
14-01-2025 07:00,Kerala,Alappuzha,31.6,3.97,5.84,40,1,1.0,7,1562.0,0.82,Severe
14-01-2025 08:00,West Bengal,Darjeeling,70.83,7.59,6.52,59,2,1.0,5,3689.0,0.61,Severe
14-01-2025 09:00,Odisha,Kendrapara,69.6,7.92,4.14,50,1,0.0,1,3638.0,0.25,Severe
14-01-2025 10:00,Kerala,Thrissur,29.04,2.1,5.82,36,1,1.0,7,1364.0,0.41,Moderate
14-01-2025 11:00,Gujarat,Rajkot,34.44,5.34,5.69,31,1,0.0,2,1372.0,-0.02,Moderate
14-01-2025 12:00,Kerala,Kozhikode,78.56,6.47,4.62,44,1,0.0,6,3771.0,0.32,Severe
14-01-2025 13:00,Gujarat,Ahmedabad,35.92,1.67,5.94,42,0,0.0,2,1059.0,0.04,Low
14-01-2025 14:00,Tamil Nadu,Madurai,26.55,8.44,5.66,43,1,2.0,1,2253.0,0.44,Severe
14-01-2025 15:00,Bihar,Gaya,28.01,5.16,6.3,39,0,2.0,2,1412.0,0.3,Severe
14-01-2025 16:00,Tamil Nadu,Tiruppur,24.11,6.16,4.33,32,1,1.0,1,2178.0,0.24,Severe
14-01-2025 17:00,Uttar Pradesh,Lucknow,35.61,2.43,5.33,36,3,0.0,2,798.0,0.41,Moderate
14-01-2025 18:00,West Bengal,Darjeeling,24.72,3.12,6.99,31,1,0.0,1,2012.0,0.48,Moderate
14-01-2025 19:00,Odisha,Kendrapara,35.54,1.97,6.07,36,2,0.0,3,1584.0,0.84,Moderate
14-01-2025 20:00,Gujarat,Surat,19.81,3.11,6.05,25,0,1.0,2,1788.0,0.7,Moderate
14-01-2025 21:00,Odisha,Kendrapara,44.4,4.94,4.95,47,2,0.0,5,1894.0,0.78,Severe
14-01-2025 22:00,Gujarat,Surat,48.94,7.67,4.28,53,2,1.0,4,3475.0,0.19,Severe
14-01-2025 23:00,Karnataka,Udupi,54.79,5.27,6.85,44,3,0.0,1,2531.0,0.48,Severe
15-01-2025 00:00,Kerala,Alappuzha,49.55,2.96,4.32,42,0,2.0,3,1230.0,1.13,Severe
15-01-2025 01:00,Uttar Pradesh,Gorakhpur,67.33,1.36,6.98,32,1,1.0,3,1371.0,0.31,Moderate
15-01-2025 02:00,Bihar,Bhagalpur,37.61,5.98,4.38,32,2,0.0,4,3159.0,0.41,Severe
15-01-2025 03:00,Gujarat,Ahmedabad,35.32,4.36,4.51,36,3,1.0,6,2294.0,0.41,Severe
15-01-2025 04:00,Odisha,Cuttack,21.92,8.87,4.93,32,0,0.0,6,2823.0,0.3,Severe
15-01-2025 05:00,Uttar Pradesh,Prayagraj,58.28,7.24,5.54,45,2,2.0,5,2989.0,0.93,Severe
15-01-2025 06:00,Maharashtra,Mumbai,23.03,7.47,6.37,38,2,0.0,6,2407.0,0.15,Severe
15-01-2025 07:00,Maharashtra,Pune,7.29,1.1,6.91,20,1,0.0,2,1394.0,0.84,Low
15-01-2025 08:00,Tamil Nadu,Tiruppur,21.11,7.22,5.08,25,1,0.0,2,2172.0,0.7,Severe
15-01-2025 09:00,Bihar,Bhagalpur,61.24,2.56,4.06,41,4,0.0,3,2881.0,0.32,Severe
15-01-2025 10:00,Karnataka,Mangaluru,53.33,5.69,5.85,43,2,0.0,3,2263.0,0.17,Severe
15-01-2025 11:00,Odisha,Balasore,41.24,4.58,6.13,39,2,0.0,7,3043.0,0.34,Severe
15-01-2025 12:00,Kerala,Thrissur,104.02124999999998,5.57,5.19,66,1,2.0,4,4592.375,0.87,Severe
15-01-2025 13:00,Kerala,Kochi,44.55,2.07,4.55,41,0,2.0,8,1477.0,0.83,Severe
15-01-2025 14:00,Odisha,Kendrapara,18.42,4.66,4.92,23,1,0.0,2,1197.0,0.71,Moderate
15-01-2025 15:00,West Bengal,Murshidabad,17.11,1.3,5.97,27,0,2.0,4,2065.0,0.31,Moderate
15-01-2025 16:00,Karnataka,Udupi,49.51,1.33,5.48,47,1,1.0,4,2159.0,0.37,Moderate
15-01-2025 17:00,Uttar Pradesh,Prayagraj,86.29,6.26,6.23,51,1,0.0,5,3664.0,0.63,Severe
15-01-2025 18:00,Gujarat,Bharuch,34.98,8.61,4.65,36,2,0.0,1,2002.0,0.24,Severe
15-01-2025 19:00,West Bengal,Darjeeling,45.47,7.22,6.53,42,3,0.0,3,2612.0,0.73,Severe
15-01-2025 20:00,Gujarat,Surat,47.11,4.75,4.47,49,3,0.0,3,2876.0,0.42,Severe
15-01-2025 21:00,Gujarat,Vadodara,104.02124999999998,1.45,4.99,66,5,2.0,1,3449.0,0.81,Severe
15-01-2025 22:00,West Bengal,Kolkata,64.81,1.36,5.77,57,1,1.0,4,2544.0,-0.29,Moderate
15-01-2025 23:00,Tamil Nadu,Coimbatore,75.32,2.26,6.21,46,1,1.0,4,2798.0,0.08,Severe
16-01-2025 00:00,Maharashtra,Pune,17.82,8.81,4.8,40,0,1.0,0,2175.0,0.2,Severe
16-01-2025 01:00,Gujarat,Surat,22.97,4.19,6.84,38,0,2.0,3,2363.0,0.54,Severe
16-01-2025 02:00,West Bengal,Murshidabad,21.62,7.75,6.12,35,0,0.0,3,1806.0,0.18,Severe
16-01-2025 03:00,West Bengal,Murshidabad,29.47,6.64,4.65,39,0,0.0,5,2219.0,1.33,Severe
16-01-2025 04:00,Assam,Jorhat,36.95,5.84,6.18,27,1,0.0,3,2339.0,-0.2,Severe
16-01-2025 05:00,Tamil Nadu,Thanjavur,43.33,8.58,6.09,39,0,0.0,5,3020.0,0.81,Severe
16-01-2025 06:00,Bihar,Darbhanga,33.23,2.84,6.26,38,1,1.0,2,2503.0,0.9,Severe
16-01-2025 07:00,Assam,Dhemaji,21.23,4.64,6.75,36,1,1.0,5,1361.0,0.57,Severe
16-01-2025 08:00,Assam,Jorhat,14.91,7.92,6.14,25,1,0.0,2,2446.0,0.21,Severe
16-01-2025 09:00,Odisha,Puri,46.41,5.41,5.06,33,2,1.0,4,2826.0,0.34,Severe
16-01-2025 10:00,Maharashtra,Kolhapur,55.86,2.97,6.37,54,0,1.0,4,2793.0,0.72,Severe
16-01-2025 11:00,West Bengal,Darjeeling,30.42,2.67,6.09,29,1,0.0,1,1788.0,-0.37,Moderate
16-01-2025 12:00,Maharashtra,Kolhapur,8.49,7.02,5.72,28,1,0.0,3,1349.0,0.06,Severe
16-01-2025 13:00,Karnataka,Kodagu,64.37,1.1,5.06,62,3,0.0,3,2748.0,0.11,Moderate
16-01-2025 14:00,Odisha,Cuttack,29.48,8.31,6.76,35,3,1.0,5,2337.0,0.6,Severe
16-01-2025 15:00,Bihar,Gaya,11.32,1.15,5.54,34,0,0.0,5,1575.0,0.84,Moderate
16-01-2025 16:00,Maharashtra,Kolhapur,34.67,6.05,5.88,30,0,0.0,4,1785.0,1.24,Severe
16-01-2025 17:00,Kerala,Kozhikode,67.28,5.84,5.25,54,1,1.0,3,3916.0,-0.49,Severe
16-01-2025 18:00,Gujarat,Ahmedabad,25.75,5.63,6.34,31,0,1.0,4,2667.0,-0.11,Severe
16-01-2025 19:00,Karnataka,Mysuru,3.07,4.79,5.02,26,0,0.0,4,1098.0,0.2,Moderate
16-01-2025 20:00,Tamil Nadu,Chennai,28.37,7.82,6.43,39,4,0.0,5,2110.0,0.6,Severe
16-01-2025 21:00,Bihar,Patna,20.41,6.27,4.32,41,1,0.0,3,1797.0,0.69,Severe
16-01-2025 22:00,Karnataka,Udupi,39.24,7.25,6.13,37,2,0.0,2,2616.0,-0.18,Severe
16-01-2025 23:00,Gujarat,Vadodara,35.25,1.92,5.43,29,1,0.0,4,1819.0,0.52,Moderate
17-01-2025 00:00,Odisha,Cuttack,24.1,1.4,6.1,31,3,0.0,3,1584.0,-0.8,Moderate
17-01-2025 01:00,Gujarat,Rajkot,23.0,1.23,5.59,26,2,0.0,3,1334.0,0.48,Moderate
17-01-2025 02:00,Assam,Barpeta,80.25,2.18,4.4,57,0,1.0,4,2459.0,0.34,Severe
17-01-2025 03:00,Gujarat,Vadodara,49.32,6.34,5.43,34,0,0.0,8,2663.0,0.31,Severe
17-01-2025 04:00,Assam,Dibrugarh,48.27,4.95,6.89,38,0,0.0,6,2378.0,0.17,Severe
17-01-2025 05:00,Odisha,Balasore,61.99,7.02,6.26,57,1,1.0,6,4389.0,0.31,Severe
17-01-2025 06:00,Uttar Pradesh,Kanpur,29.3,2.53,4.9,32,1,0.0,3,985.0,0.49,Moderate
17-01-2025 07:00,Assam,Dhemaji,94.05,3.94,6.83,43,1,2.0,6,4475.0,1.1,Severe
17-01-2025 08:00,Tamil Nadu,Chennai,43.63,8.11,6.34,35,1,0.0,3,2485.0,-0.23,Severe
17-01-2025 09:00,Gujarat,Rajkot,37.89,8.49,5.09,37,1,0.0,4,2167.0,0.23,Severe
17-01-2025 10:00,Gujarat,Surat,43.25,8.37,5.81,26,2,1.0,6,2711.0,0.59,Severe
17-01-2025 11:00,Tamil Nadu,Tiruppur,28.3,7.55,5.28,39,0,0.0,3,3002.0,0.32,Severe
17-01-2025 12:00,Kerala,Thrissur,21.17,6.51,4.29,45,2,0.0,1,2589.0,0.41,Severe
17-01-2025 13:00,West Bengal,Howrah,71.52,8.31,6.42,66,0,1.0,2,3710.0,0.09,Severe
17-01-2025 14:00,Uttar Pradesh,Gorakhpur,13.81,6.71,4.57,20,1,1.0,5,2008.0,0.72,Severe
17-01-2025 15:00,Bihar,Patna,14.83,8.63,5.37,35,1,1.0,8,2610.0,-0.63,Severe
17-01-2025 16:00,Assam,Barpeta,32.35,1.2,6.11,35,0,2.0,8,1684.0,-0.1,Moderate
17-01-2025 17:00,Tamil Nadu,Coimbatore,17.97,8.37,6.8,29,0,0.0,3,2362.0,1.23,Severe
17-01-2025 18:00,Odisha,Puri,8.51,5.45,4.19,15,0,0.0,2,884.0,-0.2,Severe
17-01-2025 19:00,Assam,Guwahati,14.41,1.89,5.18,26,1,0.0,1,477.0,-0.04,Low
17-01-2025 20:00,West Bengal,Kolkata,18.38,2.72,5.84,26,0,1.0,4,1286.0,0.0,Moderate
17-01-2025 21:00,Odisha,Kendrapara,44.97,7.82,6.34,41,1,0.0,2,2015.0,0.11,Severe
17-01-2025 22:00,Karnataka,Bengaluru,30.57,5.05,6.76,40,1,1.0,4,1594.0,0.34,Severe
17-01-2025 23:00,Gujarat,Surat,63.79,8.86,4.0,41,1,0.0,4,3654.0,0.84,Severe
18-01-2025 00:00,Karnataka,Udupi,13.74,1.94,5.88,27,0,2.5,4,1481.0,0.56,Moderate
18-01-2025 01:00,Assam,Guwahati,15.8,4.3,4.02,26,0,2.0,7,1549.0,0.24,Severe
18-01-2025 02:00,West Bengal,Malda,40.39,3.65,6.36,39,2,0.0,5,1976.0,1.14,Severe
18-01-2025 03:00,Uttar Pradesh,Lucknow,20.47,5.13,4.45,30,2,1.0,5,2069.0,0.16,Severe
18-01-2025 04:00,Assam,Jorhat,27.24,6.07,6.68,27,1,1.0,5,1808.0,0.38,Severe
18-01-2025 05:00,Tamil Nadu,Tiruppur,14.56,6.29,4.47,38,0,0.0,2,1175.0,0.4,Severe
18-01-2025 06:00,Maharashtra,Nagpur,13.73,1.01,6.29,31,0,1.0,4,933.0,0.73,Moderate
18-01-2025 07:00,Assam,Barpeta,19.88,1.71,4.87,30,0,0.0,3,1085.0,-0.17,Low
18-01-2025 08:00,Gujarat,Bharuch,66.24,1.28,5.67,37,4,0.0,2,1857.0,-0.11,Moderate
18-01-2025 09:00,Gujarat,Surat,11.09,7.92,5.83,33,0,0.0,2,2654.0,0.77,Severe
18-01-2025 10:00,Assam,Dibrugarh,71.26,3.51,4.62,40,1,1.0,2,2966.0,1.15,Severe
18-01-2025 11:00,Odisha,Kendrapara,62.21,3.94,4.9,61,0,0.0,2,2019.0,0.19,Severe
18-01-2025 12:00,Maharashtra,Kolhapur,24.05,4.6,4.32,28,1,0.0,0,1927.0,-0.22,Moderate
18-01-2025 13:00,Tamil Nadu,Thanjavur,35.16,7.79,4.02,46,2,0.0,2,2385.0,-0.19,Severe
18-01-2025 14:00,Assam,Dibrugarh,42.66,1.11,4.72,32,1,1.0,7,2233.0,0.82,Severe
18-01-2025 15:00,Odisha,Balasore,53.96,1.95,5.55,37,0,0.0,5,2919.0,-0.41,Moderate
18-01-2025 16:00,Gujarat,Surat,15.78,6.48,6.14,24,1,1.0,4,1037.0,0.38,Severe
18-01-2025 17:00,Gujarat,Rajkot,58.14,8.71,6.38,42,3,0.0,7,3279.0,0.27,Severe
18-01-2025 18:00,West Bengal,Darjeeling,37.17,6.14,4.21,52,0,1.0,7,1908.0,0.05,Severe
18-01-2025 19:00,Assam,Dhemaji,16.74,3.09,4.82,36,1,1.0,5,321.0,-0.04,Moderate
18-01-2025 20:00,Maharashtra,Nagpur,37.46,5.16,6.31,36,2,0.0,4,3022.0,0.66,Severe
18-01-2025 21:00,Kerala,Thrissur,16.59,8.8,5.44,37,0,1.0,3,2197.0,0.7,Severe
18-01-2025 22:00,Maharashtra,Kolhapur,34.28,5.22,4.55,45,1,1.0,3,2361.0,0.88,Severe
18-01-2025 23:00,Gujarat,Rajkot,24.87,3.99,5.18,31,0,1.0,4,1380.0,0.57,Severe
19-01-2025 00:00,Gujarat,Surat,38.85,4.07,4.81,31,0,1.0,2,2125.0,0.35,Severe
19-01-2025 01:00,Karnataka,Mangaluru,40.43,8.74,4.15,41,1,0.0,2,2870.0,0.42,Severe
19-01-2025 02:00,Gujarat,Bharuch,77.53,6.75,6.29,53,3,1.0,6,3180.0,0.8,Severe
19-01-2025 03:00,Tamil Nadu,Coimbatore,51.92,6.5,4.88,55,2,1.0,8,2806.0,-0.42,Severe
19-01-2025 04:00,Bihar,Gaya,46.0,2.86,6.84,40,2,0.0,7,3512.0,0.55,Severe
19-01-2025 05:00,Assam,Guwahati,8.05,5.48,6.66,30,0,0.0,6,1105.0,0.09,Moderate
19-01-2025 06:00,Maharashtra,Nagpur,64.86,3.85,6.15,51,0,1.0,5,2593.0,0.52,Severe
19-01-2025 07:00,Bihar,Gaya,25.66,2.92,4.98,36,3,1.0,3,2353.0,-0.11,Severe
19-01-2025 08:00,Odisha,Bhubaneswar,14.57,8.16,4.84,40,1,0.0,3,2052.0,0.73,Severe
19-01-2025 09:00,Kerala,Thrissur,104.02124999999998,4.07,5.43,54,3,2.0,8,3076.0,0.61,Severe
19-01-2025 10:00,Tamil Nadu,Madurai,20.46,3.26,5.06,26,1,0.0,8,1410.0,0.03,Moderate
19-01-2025 11:00,Maharashtra,Mumbai,82.92,8.45,6.7,64,3,2.5,3,2774.0,0.14,Severe
19-01-2025 12:00,Bihar,Muzaffarpur,43.03,2.58,4.37,43,2,2.5,2,1717.0,0.1,Severe
19-01-2025 13:00,Kerala,Kottayam,49.52,6.96,6.17,52,2,0.0,3,3030.0,0.38,Severe
19-01-2025 14:00,Karnataka,Mangaluru,34.49,6.22,5.83,40,2,1.0,3,1967.0,1.26,Severe
19-01-2025 15:00,Tamil Nadu,Tiruppur,17.11,8.36,6.42,31,0,1.0,2,2428.0,-0.47,Severe
19-01-2025 16:00,Tamil Nadu,Tiruppur,55.95,7.66,5.63,45,2,1.0,4,2823.0,0.5,Severe
19-01-2025 17:00,Karnataka,Mysuru,40.96,6.64,5.89,49,0,0.0,3,3068.0,0.54,Severe
19-01-2025 18:00,Assam,Jorhat,40.56,3.52,6.89,31,3,0.0,5,2295.0,0.11,Severe
19-01-2025 19:00,Karnataka,Mysuru,36.67,4.96,4.28,53,2,0.0,4,2006.0,-0.4,Severe
19-01-2025 20:00,Tamil Nadu,Coimbatore,28.86,8.56,4.31,41,0,1.0,4,2002.0,0.26,Severe
19-01-2025 21:00,Tamil Nadu,Thanjavur,56.21,1.19,5.18,42,0,2.0,3,1681.0,-0.2,Moderate
19-01-2025 22:00,Bihar,Gaya,48.64,7.35,5.42,39,2,0.0,1,2965.0,0.6,Severe
19-01-2025 23:00,Gujarat,Surat,60.35,3.01,4.6,52,3,1.0,5,2581.0,-0.27,Severe
20-01-2025 00:00,Kerala,Kottayam,29.81,2.48,4.25,33,0,1.0,2,1941.0,0.33,Moderate
20-01-2025 01:00,Karnataka,Mysuru,28.09,2.86,4.07,37,0,0.0,2,1840.0,0.0,Moderate
20-01-2025 02:00,Kerala,Kozhikode,23.26,1.48,6.29,30,2,2.0,3,1748.0,0.85,Moderate
20-01-2025 03:00,Karnataka,Mangaluru,37.4,8.94,5.46,29,1,0.0,4,2370.0,1.06,Severe
20-01-2025 04:00,Odisha,Bhubaneswar,8.42,7.96,6.53,31,0,0.0,4,1897.0,0.19,Severe
20-01-2025 05:00,Tamil Nadu,Tiruppur,104.02124999999998,5.17,5.08,66,4,2.5,2,4592.375,-0.12,Severe
20-01-2025 06:00,Gujarat,Surat,21.45,6.72,6.11,34,1,0.0,3,1744.0,1.1,Severe
20-01-2025 07:00,Bihar,Muzaffarpur,75.84,5.45,5.47,59,2,2.5,3,2241.0,0.29,Severe
20-01-2025 08:00,Gujarat,Vadodara,25.24,7.49,5.84,40,2,0.0,4,2294.0,0.49,Severe
20-01-2025 09:00,Gujarat,Rajkot,51.44,7.76,5.11,38,1,2.5,3,2640.0,0.3,Severe
20-01-2025 10:00,Gujarat,Ahmedabad,99.21,2.86,4.24,54,3,2.0,3,2505.0,0.26,Severe
20-01-2025 11:00,Kerala,Kochi,49.55,4.68,6.84,42,2,0.0,3,1958.0,0.13,Severe
20-01-2025 12:00,Karnataka,Udupi,95.62,6.08,6.51,65,4,2.0,3,3548.0,-0.5,Severe
20-01-2025 13:00,Uttar Pradesh,Gorakhpur,73.0,8.83,4.94,47,3,2.0,4,3342.0,1.15,Severe
20-01-2025 14:00,Odisha,Puri,16.18,6.46,6.88,38,3,0.0,7,2026.0,0.44,Severe
20-01-2025 15:00,Maharashtra,Nagpur,56.54,8.18,4.9,46,1,1.0,6,3092.0,0.31,Severe
20-01-2025 16:00,Gujarat,Rajkot,44.47,7.77,5.33,32,2,0.0,8,2509.0,0.77,Severe
20-01-2025 17:00,Assam,Dhemaji,20.12,5.66,6.27,27,1,0.0,3,2318.0,0.1,Severe
20-01-2025 18:00,Kerala,Kozhikode,69.0,8.15,4.93,41,2,1.0,3,4022.0,0.52,Severe
20-01-2025 19:00,Bihar,Darbhanga,13.38,4.02,4.97,34,0,0.0,2,1884.0,0.0,Moderate
20-01-2025 20:00,Maharashtra,Nagpur,66.15,4.03,5.23,53,3,2.5,5,2594.0,0.19,Severe
20-01-2025 21:00,Uttar Pradesh,Gorakhpur,57.03,7.25,5.41,35,2,2.0,3,2999.0,0.61,Severe
20-01-2025 22:00,Assam,Dibrugarh,37.95,2.08,4.37,30,0,0.0,5,2228.0,0.47,Moderate
20-01-2025 23:00,Uttar Pradesh,Lucknow,22.28,3.45,4.05,28,0,0.0,5,1827.0,0.2,Moderate
21-01-2025 00:00,Maharashtra,Nagpur,56.01,5.87,6.76,47,1,1.0,2,2429.0,0.68,Severe
21-01-2025 01:00,Gujarat,Rajkot,6.15,4.36,5.06,26,1,0.0,4,1193.0,0.0,Moderate
21-01-2025 02:00,Assam,Jorhat,19.1,8.53,4.31,39,2,0.0,4,2336.0,-0.06,Severe
21-01-2025 03:00,Uttar Pradesh,Varanasi,34.87,8.67,6.28,34,0,2.0,2,2926.0,0.15,Severe
21-01-2025 04:00,Bihar,Gaya,37.97,5.02,4.89,38,1,0.0,7,2416.0,0.25,Severe
21-01-2025 05:00,Karnataka,Udupi,19.47,5.31,4.54,27,1,2.5,4,1297.0,0.2,Severe
21-01-2025 06:00,Tamil Nadu,Chennai,19.86,6.8,6.89,37,1,1.0,4,1876.0,0.16,Severe
21-01-2025 07:00,Karnataka,Mysuru,50.61,4.66,6.76,50,0,2.0,3,3276.0,0.76,Severe
21-01-2025 08:00,Maharashtra,Nashik,16.57,2.52,4.32,43,0,0.0,5,1368.0,1.03,Moderate
21-01-2025 09:00,Kerala,Kozhikode,26.87,6.98,6.7,34,0,0.0,6,2308.0,0.29,Severe
21-01-2025 10:00,Tamil Nadu,Thanjavur,13.32,6.9,6.67,28,2,1.0,4,2018.0,0.62,Severe
21-01-2025 11:00,Odisha,Puri,36.24,2.96,5.9,36,1,2.0,2,1541.0,0.02,Moderate
21-01-2025 12:00,Bihar,Gaya,30.17,7.66,5.59,37,0,0.0,2,3024.0,0.31,Severe
21-01-2025 13:00,Odisha,Kendrapara,5.63,5.91,4.65,23,1,0.0,3,1537.0,0.56,Severe
21-01-2025 14:00,Assam,Guwahati,11.11,2.89,4.36,27,0,0.0,6,990.0,-0.03,Moderate
21-01-2025 15:00,Tamil Nadu,Madurai,78.92,6.22,5.82,51,2,1.0,7,3427.0,0.69,Severe
21-01-2025 16:00,Odisha,Cuttack,20.77,2.87,6.47,38,0,0.0,4,2524.0,0.02,Moderate
21-01-2025 17:00,Odisha,Balasore,45.25,3.12,6.07,40,1,1.0,4,480.0,0.81,Severe
21-01-2025 18:00,Uttar Pradesh,Gorakhpur,15.66,7.78,4.54,25,1,0.0,8,2613.0,0.73,Severe
21-01-2025 19:00,Karnataka,Mangaluru,86.39,8.44,4.87,66,0,0.0,6,3454.0,0.85,Severe
21-01-2025 20:00,Uttar Pradesh,Kanpur,7.89,3.06,5.64,28,3,0.0,5,2360.0,0.81,Severe
21-01-2025 21:00,Tamil Nadu,Chennai,73.93,8.42,5.87,64,1,2.5,3,3221.0,1.22,Severe
21-01-2025 22:00,Tamil Nadu,Coimbatore,37.88,2.91,4.22,34,1,1.0,2,1946.0,0.58,Moderate
21-01-2025 23:00,Maharashtra,Mumbai,55.05,1.94,5.84,43,3,0.0,2,2430.0,-0.3,Moderate
22-01-2025 00:00,Uttar Pradesh,Kanpur,79.67,1.47,6.21,45,2,0.0,5,2650.0,0.41,Severe
22-01-2025 01:00,West Bengal,Malda,41.9,2.94,4.54,30,1,1.0,4,2247.0,0.14,Moderate
22-01-2025 02:00,Karnataka,Mangaluru,101.01,4.08,4.74,66,2,0.0,3,3660.0,-0.26,Severe
22-01-2025 03:00,Tamil Nadu,Chennai,78.83,8.42,4.78,52,0,2.0,3,3447.0,0.93,Severe
22-01-2025 04:00,Maharashtra,Nagpur,53.9,2.94,6.82,41,1,0.0,2,2192.0,0.21,Moderate
22-01-2025 05:00,Uttar Pradesh,Gorakhpur,70.91,3.92,5.22,55,3,0.0,6,2349.0,-0.32,Severe
22-01-2025 06:00,Karnataka,Mangaluru,35.33,6.87,5.59,35,1,0.0,1,1968.0,0.06,Severe
22-01-2025 07:00,Uttar Pradesh,Varanasi,17.24,3.42,6.17,33,3,0.0,5,1752.0,1.37,Severe
22-01-2025 08:00,Odisha,Bhubaneswar,104.02124999999998,6.47,5.11,63,5,0.0,4,4592.375,0.97,Severe
22-01-2025 09:00,Maharashtra,Mumbai,37.06,4.46,4.32,42,0,0.0,2,2274.0,0.68,Severe
22-01-2025 10:00,Karnataka,Kodagu,43.31,2.57,5.96,47,0,0.0,2,2020.0,0.63,Moderate
22-01-2025 11:00,Gujarat,Bharuch,11.61,6.87,6.0,23,0,0.0,2,1417.0,-0.06,Severe
22-01-2025 12:00,Assam,Dhemaji,82.83,1.22,4.78,51,4,1.0,3,2269.0,-0.09,Severe
22-01-2025 13:00,Assam,Barpeta,42.51,3.34,4.11,37,3,0.0,3,2647.0,0.6,Severe
22-01-2025 14:00,Karnataka,Mysuru,50.58,3.85,6.0,53,2,2.0,8,2808.0,1.06,Severe
22-01-2025 15:00,Uttar Pradesh,Kanpur,55.23,4.67,6.11,49,1,1.0,4,2812.0,-0.11,Severe
22-01-2025 16:00,Maharashtra,Mumbai,20.32,6.44,4.08,43,0,1.0,6,1742.0,0.31,Severe
22-01-2025 17:00,Assam,Barpeta,81.4,4.68,6.08,57,1,1.0,3,3098.0,0.46,Severe
22-01-2025 18:00,Maharashtra,Mumbai,45.69,5.75,6.82,36,1,1.0,5,3399.0,0.13,Severe
22-01-2025 19:00,Assam,Jorhat,6.01,5.77,4.54,36,1,1.0,3,2494.0,0.27,Severe
22-01-2025 20:00,Odisha,Bhubaneswar,71.1,3.99,5.56,52,5,0.0,3,3426.0,-0.11,Severe
22-01-2025 21:00,Uttar Pradesh,Gorakhpur,33.0,8.47,6.09,31,0,0.0,3,3137.0,0.49,Severe
22-01-2025 22:00,Odisha,Balasore,22.05,8.65,4.69,38,2,0.0,0,3395.0,0.43,Severe
22-01-2025 23:00,Assam,Guwahati,8.73,5.65,6.25,29,1,0.0,3,1764.0,0.63,Severe
23-01-2025 00:00,Gujarat,Surat,26.89,1.57,6.6,26,2,0.0,3,1424.0,0.26,Moderate
23-01-2025 01:00,Gujarat,Vadodara,24.7,4.93,6.44,42,1,2.0,5,1752.0,0.67,Severe
23-01-2025 02:00,Odisha,Cuttack,76.14,2.48,4.78,61,1,0.0,2,2945.0,0.5,Severe
23-01-2025 03:00,Gujarat,Surat,23.24,4.87,6.41,38,1,0.0,4,1554.0,0.91,Severe
23-01-2025 04:00,Assam,Dibrugarh,10.49,2.51,5.24,29,0,0.0,5,941.0,0.23,Moderate
23-01-2025 05:00,Karnataka,Mangaluru,50.94,6.63,4.8,41,2,1.0,3,2344.0,0.77,Severe
23-01-2025 06:00,Odisha,Puri,78.63,1.64,4.5,64,1,1.0,4,3277.0,0.25,Severe
23-01-2025 07:00,Kerala,Kottayam,28.24,8.63,6.73,19,3,1.0,6,2451.0,0.64,Severe
23-01-2025 08:00,Uttar Pradesh,Prayagraj,104.02124999999998,2.56,5.28,66,5,0.0,4,3949.0,0.95,Severe
23-01-2025 09:00,Gujarat,Surat,70.52,6.29,6.6,46,3,2.5,4,3659.0,0.88,Severe
23-01-2025 10:00,Gujarat,Bharuch,83.13,8.34,4.48,63,2,2.0,1,3497.0,0.26,Severe
23-01-2025 11:00,Tamil Nadu,Thanjavur,49.96,2.98,6.3,37,1,1.0,5,2852.0,0.11,Severe
23-01-2025 12:00,West Bengal,Malda,46.27,8.47,4.33,52,2,0.0,6,2860.0,0.79,Severe
23-01-2025 13:00,Odisha,Balasore,22.45,4.11,4.05,30,0,2.0,6,1057.0,0.15,Severe
23-01-2025 14:00,Bihar,Patna,97.95,8.68,6.99,53,3,1.0,8,3795.0,0.8,Severe
23-01-2025 15:00,Gujarat,Rajkot,87.78,8.77,4.22,49,3,1.0,5,3534.0,-0.19,Severe
23-01-2025 16:00,Uttar Pradesh,Kanpur,99.29,2.5,5.38,58,5,2.0,3,4592.375,0.56,Severe
23-01-2025 17:00,Kerala,Kozhikode,35.46,7.65,6.64,35,2,0.0,5,2464.0,0.18,Severe
23-01-2025 18:00,Gujarat,Bharuch,28.6,2.55,6.46,31,1,0.0,7,1782.0,-0.4,Moderate
23-01-2025 19:00,Kerala,Kochi,59.71,2.81,5.41,45,3,0.0,4,1994.0,0.0,Severe
23-01-2025 20:00,Assam,Barpeta,25.63,1.67,5.83,35,1,1.0,3,2066.0,0.18,Moderate
23-01-2025 21:00,Assam,Jorhat,35.74,2.25,5.89,27,3,0.0,1,1589.0,1.22,Moderate
23-01-2025 22:00,West Bengal,Murshidabad,6.78,6.06,4.33,20,1,0.0,3,1036.0,-0.865,Severe
23-01-2025 23:00,Karnataka,Mangaluru,43.47,4.59,4.85,32,1,1.0,5,1774.0,0.2,Severe
24-01-2025 00:00,Bihar,Bhagalpur,53.79,7.33,4.9,51,0,0.0,6,3690.0,0.19,Severe
24-01-2025 01:00,Tamil Nadu,Madurai,84.33,3.66,5.13,53,2,0.0,3,2417.0,-0.09,Severe
24-01-2025 02:00,West Bengal,Malda,61.23,8.75,4.82,58,3,2.5,4,3822.0,0.18,Severe
24-01-2025 03:00,Maharashtra,Mumbai,68.18,1.4,4.75,50,1,0.0,6,1983.0,0.28,Moderate
24-01-2025 04:00,Tamil Nadu,Tiruppur,104.02124999999998,1.5,5.06,56,2,0.0,8,2995.0,0.05,Severe
24-01-2025 05:00,Odisha,Balasore,19.35,6.61,5.14,28,0,0.0,3,2049.0,0.51,Severe
24-01-2025 06:00,Uttar Pradesh,Prayagraj,16.7,8.1,5.46,26,0,2.5,5,1668.0,1.06,Severe
24-01-2025 07:00,Maharashtra,Nagpur,41.42,7.36,4.52,44,2,0.0,2,2858.0,0.33,Severe
24-01-2025 08:00,Maharashtra,Nagpur,15.06,4.92,6.37,23,1,0.0,6,1142.0,0.04,Moderate
24-01-2025 09:00,West Bengal,Murshidabad,45.46,3.16,6.58,40,2,1.0,8,2653.0,0.3,Severe
24-01-2025 10:00,Karnataka,Mysuru,15.54,1.11,4.74,25,2,1.0,4,1731.0,0.19,Moderate
24-01-2025 11:00,West Bengal,Murshidabad,18.31,5.08,4.37,31,2,1.0,6,1628.0,0.84,Severe
24-01-2025 12:00,Odisha,Kendrapara,8.83,4.81,6.17,29,1,1.0,8,2130.0,0.14,Severe
24-01-2025 13:00,Gujarat,Surat,43.02,3.75,6.77,36,2,0.0,5,1660.0,0.57,Severe
24-01-2025 14:00,Gujarat,Bharuch,12.17,5.62,4.11,27,0,0.0,3,1292.0,0.48,Severe
24-01-2025 15:00,Karnataka,Kodagu,51.57,6.83,4.04,44,1,0.0,1,3032.0,0.4,Severe
24-01-2025 16:00,Odisha,Kendrapara,57.35,6.61,4.55,44,1,1.0,0,3189.0,-0.16,Severe
24-01-2025 17:00,Karnataka,Udupi,21.13,3.11,6.05,40,0,1.0,4,981.0,0.07,Moderate
24-01-2025 18:00,Kerala,Alappuzha,62.67,5.68,6.89,43,1,0.0,4,2959.0,0.26,Severe
24-01-2025 19:00,Gujarat,Rajkot,58.1,2.19,6.25,41,3,2.5,2,2240.0,-0.19,Severe
24-01-2025 20:00,Maharashtra,Nashik,72.98,1.97,5.72,62,1,0.0,5,2848.0,-0.09,Severe
24-01-2025 21:00,Bihar,Patna,19.73,7.29,6.1,25,1,0.0,4,3053.0,0.13,Severe
24-01-2025 22:00,Uttar Pradesh,Kanpur,19.1,6.55,4.69,19,2,1.0,5,1833.0,0.5,Severe
24-01-2025 23:00,Odisha,Puri,55.36,7.14,6.07,45,3,1.0,4,2783.0,0.98,Severe
25-01-2025 00:00,Tamil Nadu,Madurai,41.02,2.22,4.96,38,2,0.0,1,1800.0,0.47,Moderate
25-01-2025 01:00,Karnataka,Mangaluru,43.73,8.32,4.67,34,3,0.0,2,2249.0,0.41,Severe
25-01-2025 02:00,Uttar Pradesh,Prayagraj,86.15,2.06,4.71,44,5,1.0,3,3657.0,0.38,Severe
25-01-2025 03:00,Tamil Nadu,Madurai,65.5,7.96,6.0,63,0,2.0,3,3976.0,0.2,Severe
25-01-2025 04:00,Uttar Pradesh,Lucknow,58.15,3.82,6.3,50,2,1.0,4,2842.0,0.31,Severe
25-01-2025 05:00,Bihar,Muzaffarpur,53.87,1.84,5.75,33,1,0.0,3,2165.0,0.6,Moderate
25-01-2025 06:00,Tamil Nadu,Madurai,69.24,3.29,4.19,54,2,0.0,4,2586.0,0.78,Severe
25-01-2025 07:00,West Bengal,Malda,31.85,2.45,4.11,42,2,1.0,4,2255.0,-0.75,Moderate
25-01-2025 08:00,Assam,Guwahati,14.64,4.93,4.65,25,2,1.0,5,1053.0,0.67,Severe
25-01-2025 09:00,West Bengal,Malda,23.17,8.6,4.86,37,0,0.0,4,2612.0,0.22,Severe
25-01-2025 10:00,Gujarat,Bharuch,20.96,3.62,5.21,26,0,0.0,1,1992.0,0.57,Moderate
25-01-2025 11:00,Assam,Barpeta,2.49,5.9,4.23,33,1,0.0,0,1589.0,0.51,Severe
25-01-2025 12:00,West Bengal,Darjeeling,53.93,8.13,6.18,44,4,1.0,5,3201.0,0.29,Severe
25-01-2025 13:00,Assam,Dibrugarh,28.85,6.04,6.13,39,0,2.0,3,1806.0,0.59,Severe
25-01-2025 14:00,Assam,Jorhat,32.27,3.9,5.04,52,1,0.0,6,2412.0,0.48,Severe
25-01-2025 15:00,Maharashtra,Pune,24.27,8.93,5.69,34,2,0.0,2,2384.0,0.33,Severe
25-01-2025 16:00,Karnataka,Kodagu,35.86,2.5,4.3,41,0,0.0,6,964.0,0.3,Moderate
25-01-2025 17:00,Karnataka,Mangaluru,94.31,5.19,5.25,48,5,2.0,2,3415.0,-0.09,Severe
25-01-2025 18:00,Maharashtra,Nashik,8.69,7.37,6.57,31,2,0.0,3,1857.0,0.36,Severe
25-01-2025 19:00,Uttar Pradesh,Gorakhpur,104.02124999999998,1.01,5.98,58,5,2.0,1,3167.0,-0.55,Severe
25-01-2025 20:00,Kerala,Thrissur,42.7,6.62,4.31,39,2,2.0,4,2939.0,0.48,Severe
25-01-2025 21:00,Uttar Pradesh,Varanasi,25.5,3.13,6.54,34,0,0.0,4,1386.0,0.69,Moderate
25-01-2025 22:00,Tamil Nadu,Thanjavur,27.87,2.36,6.04,44,0,0.0,1,1293.0,-0.3,Moderate
25-01-2025 23:00,Tamil Nadu,Tiruppur,18.05,3.19,5.36,35,5,1.0,4,917.0,0.23,Severe
26-01-2025 00:00,Assam,Dhemaji,6.04,8.73,6.08,16,2,0.0,1,1260.0,0.99,Severe
26-01-2025 01:00,West Bengal,Kolkata,15.63,8.14,4.52,33,1,0.0,4,1991.0,1.33,Severe
26-01-2025 02:00,West Bengal,Darjeeling,35.96,2.71,5.65,26,1,1.0,1,2146.0,0.31,Moderate
26-01-2025 03:00,Karnataka,Udupi,30.34,1.94,5.85,32,0,2.0,6,1261.0,0.38,Moderate
26-01-2025 04:00,Odisha,Puri,49.45,3.91,6.78,42,1,0.0,8,1642.0,0.32,Severe
26-01-2025 05:00,Uttar Pradesh,Kanpur,24.45,5.74,4.2,27,0,1.0,2,1943.0,0.42,Severe
26-01-2025 06:00,Gujarat,Vadodara,21.98,7.94,5.12,29,1,0.0,4,1578.0,0.91,Severe
26-01-2025 07:00,Bihar,Muzaffarpur,104.02124999999998,8.73,6.81,66,5,1.0,6,4592.375,0.35,Severe
26-01-2025 08:00,West Bengal,Malda,18.43,7.01,4.65,20,1,0.0,4,2094.0,-0.27,Severe
26-01-2025 09:00,Bihar,Darbhanga,19.37,5.79,6.44,34,1,1.0,2,1268.0,0.47,Severe
26-01-2025 10:00,Assam,Dhemaji,68.49,2.14,4.0,60,0,0.0,7,2320.0,0.18,Severe
26-01-2025 11:00,Bihar,Patna,58.01,1.59,4.08,52,4,0.0,2,2847.0,-0.15,Moderate
26-01-2025 12:00,Gujarat,Rajkot,26.87,5.77,4.98,31,0,0.0,1,2630.0,-0.15,Severe
26-01-2025 13:00,Maharashtra,Mumbai,61.18,5.31,6.31,40,3,0.0,6,3445.0,0.3,Severe
26-01-2025 14:00,Gujarat,Surat,39.05,7.77,4.31,39,1,0.0,5,2977.0,0.63,Severe
26-01-2025 15:00,Bihar,Darbhanga,24.65,3.58,5.15,27,0,0.0,2,1062.0,0.61,Moderate
26-01-2025 16:00,Gujarat,Rajkot,55.46,1.32,4.39,45,0,0.0,8,2085.0,0.89,Moderate
26-01-2025 17:00,Kerala,Kochi,36.41,4.39,4.67,43,0,0.0,1,2048.0,0.01,Moderate
26-01-2025 18:00,Assam,Guwahati,6.44,8.75,5.51,31,1,0.0,2,1741.0,0.18,Severe
26-01-2025 19:00,Uttar Pradesh,Lucknow,55.5,7.36,4.96,37,2,1.0,3,3198.0,0.64,Severe
26-01-2025 20:00,Maharashtra,Mumbai,32.74,1.27,4.64,35,1,0.0,0,2489.0,0.67,Moderate
26-01-2025 21:00,West Bengal,Malda,89.63,8.0,5.18,51,5,0.0,3,4583.0,0.12,Severe
26-01-2025 22:00,Tamil Nadu,Thanjavur,63.02,4.77,6.1,45,3,1.0,2,2647.0,0.04,Severe
26-01-2025 23:00,Uttar Pradesh,Varanasi,41.19,3.92,4.36,45,0,0.0,2,2503.0,0.56,Severe
27-01-2025 00:00,Tamil Nadu,Chennai,27.45,3.77,5.44,50,0,1.0,1,1529.0,0.75,Severe
27-01-2025 01:00,Assam,Dibrugarh,35.71,5.76,4.82,40,0,0.0,7,2456.0,0.24,Severe
27-01-2025 02:00,Maharashtra,Nashik,17.69,5.24,5.14,23,3,0.0,3,2267.0,0.56,Severe
27-01-2025 03:00,Karnataka,Bengaluru,41.18,6.25,6.46,42,1,0.0,8,2683.0,0.35,Severe
27-01-2025 04:00,West Bengal,Murshidabad,93.93,5.59,6.79,59,1,2.0,6,4166.0,0.06,Severe
27-01-2025 05:00,Kerala,Thrissur,104.02124999999998,2.15,4.73,60,3,2.0,2,3002.0,0.68,Severe
27-01-2025 06:00,Karnataka,Bengaluru,77.07,3.06,5.89,48,1,1.0,7,3100.0,0.25,Severe
27-01-2025 07:00,Assam,Jorhat,39.57,7.73,6.03,46,1,0.0,3,1989.0,-0.33,Severe
27-01-2025 08:00,Uttar Pradesh,Gorakhpur,10.49,6.31,6.53,33,0,0.0,6,1966.0,0.05,Severe
27-01-2025 09:00,Kerala,Thrissur,34.18,4.59,6.7,37,2,0.0,6,1934.0,-0.66,Severe
27-01-2025 10:00,Gujarat,Vadodara,65.72,2.46,5.4,46,1,0.0,2,2001.0,1.57,Severe
27-01-2025 11:00,Bihar,Bhagalpur,61.01,1.06,6.95,43,0,0.0,5,1772.0,0.93,Moderate
27-01-2025 12:00,Kerala,Kochi,31.89,3.5,6.91,44,2,1.0,7,2210.0,-0.24,Severe
27-01-2025 13:00,Assam,Barpeta,30.07,1.44,5.52,29,0,1.0,6,1036.0,0.08,Moderate
27-01-2025 14:00,Odisha,Cuttack,46.86,4.86,5.63,40,3,0.0,5,1962.0,0.45,Severe
27-01-2025 15:00,Bihar,Muzaffarpur,37.27,7.57,6.0,31,2,0.0,3,3245.0,1.07,Severe
27-01-2025 16:00,Tamil Nadu,Madurai,34.05,3.28,5.12,41,0,0.0,3,1384.0,0.68,Moderate
27-01-2025 17:00,West Bengal,Murshidabad,32.88,7.78,5.99,36,0,2.0,5,2618.0,0.45,Severe
27-01-2025 18:00,Tamil Nadu,Tiruppur,83.97,6.64,5.54,42,1,1.0,3,3429.0,0.09,Severe
27-01-2025 19:00,Kerala,Thrissur,15.8,2.0,4.11,32,0,0.0,1,2447.0,0.57,Moderate
27-01-2025 20:00,Tamil Nadu,Coimbatore,28.8,6.16,6.56,35,0,1.0,6,2357.0,0.55,Severe
27-01-2025 21:00,Assam,Guwahati,30.01,2.21,6.82,36,0,0.0,3,2118.0,0.37,Moderate
27-01-2025 22:00,Gujarat,Surat,40.32,6.24,4.08,29,3,0.0,5,2814.0,0.31,Severe
27-01-2025 23:00,Uttar Pradesh,Gorakhpur,36.45,2.14,6.37,26,0,0.0,8,1757.0,0.15,Moderate
28-01-2025 00:00,West Bengal,Murshidabad,34.76,4.14,5.16,37,0,0.0,5,1447.0,0.93,Severe
28-01-2025 01:00,Tamil Nadu,Thanjavur,16.64,5.53,5.76,30,2,1.0,1,2131.0,-0.41,Severe
28-01-2025 02:00,Tamil Nadu,Thanjavur,36.41,1.4,5.5,31,3,1.0,3,1289.0,0.49,Moderate
28-01-2025 03:00,Kerala,Kozhikode,54.55,2.23,5.65,52,0,0.0,3,1944.0,0.36,Moderate
28-01-2025 04:00,Uttar Pradesh,Varanasi,41.27,3.56,5.49,39,1,1.0,4,2691.0,-0.54,Severe
28-01-2025 05:00,Karnataka,Kodagu,15.56,4.7,6.56,35,2,0.0,3,1683.0,0.18,Severe
28-01-2025 06:00,Tamil Nadu,Thanjavur,38.57,7.87,6.05,40,1,0.0,4,3561.0,-0.11,Severe
28-01-2025 07:00,Assam,Jorhat,36.89,2.5,5.24,40,2,1.0,1,2837.0,-0.11,Moderate
28-01-2025 08:00,Odisha,Balasore,27.98,3.78,6.07,35,2,0.0,8,1846.0,0.0,Severe
28-01-2025 09:00,West Bengal,Murshidabad,41.58,4.81,6.9,45,0,0.0,8,1669.0,0.91,Severe
28-01-2025 10:00,Tamil Nadu,Thanjavur,22.51,3.37,4.24,28,0,0.0,4,1720.0,0.32,Moderate
28-01-2025 11:00,Assam,Guwahati,56.12,6.01,5.16,45,1,0.0,5,2241.0,0.69,Severe
28-01-2025 12:00,Assam,Dibrugarh,104.02124999999998,3.05,6.61,57,4,2.0,2,4592.375,-0.19,Severe
28-01-2025 13:00,West Bengal,Darjeeling,59.3,7.18,6.22,36,2,0.0,4,3759.0,0.07,Severe
28-01-2025 14:00,Karnataka,Kodagu,19.79,5.04,6.8,30,0,0.0,3,1634.0,0.16,Moderate
28-01-2025 15:00,Assam,Barpeta,54.13,1.69,4.12,46,1,2.0,6,2524.0,0.42,Severe
28-01-2025 16:00,Odisha,Kendrapara,63.14,6.02,6.59,46,4,1.0,7,3462.0,0.59,Severe
28-01-2025 17:00,Assam,Guwahati,46.36,5.55,6.38,42,2,0.0,4,2279.0,0.47,Severe
28-01-2025 18:00,Assam,Dhemaji,49.59,3.71,6.45,36,1,1.0,5,2533.0,-0.01,Severe
28-01-2025 19:00,Assam,Dhemaji,34.09,1.09,5.79,33,0,0.0,5,1802.0,0.68,Moderate
28-01-2025 20:00,Gujarat,Vadodara,13.58,2.61,4.16,36,0,0.0,3,1230.0,0.08,Moderate
28-01-2025 21:00,Gujarat,Ahmedabad,32.46,4.25,5.62,40,1,0.0,6,1840.0,0.47,Severe
28-01-2025 22:00,Karnataka,Kodagu,17.52,2.6,5.22,38,1,0.0,7,646.0,-0.27,Moderate
28-01-2025 23:00,Tamil Nadu,Coimbatore,30.48,5.62,5.58,32,1,1.0,5,1928.0,0.23,Severe
29-01-2025 00:00,Assam,Barpeta,24.08,6.7,6.22,35,1,2.0,3,1253.0,0.58,Severe
29-01-2025 01:00,Uttar Pradesh,Gorakhpur,16.59,7.85,5.79,29,0,0.0,8,2209.0,0.4,Severe
29-01-2025 02:00,Tamil Nadu,Chennai,81.88,6.18,4.88,52,3,0.0,4,3467.0,-0.02,Severe
29-01-2025 03:00,Karnataka,Bengaluru,35.92,6.51,5.8,34,0,1.0,4,3135.0,0.59,Severe
29-01-2025 04:00,Maharashtra,Mumbai,24.7,5.87,4.25,31,2,1.0,5,2147.0,0.0,Severe
29-01-2025 05:00,Tamil Nadu,Tiruppur,9.12,8.88,4.02,36,0,1.0,3,2162.0,-0.44,Severe
29-01-2025 06:00,Tamil Nadu,Madurai,61.05,3.09,5.2,61,5,0.0,4,2083.0,0.81,Severe
29-01-2025 07:00,Bihar,Bhagalpur,42.2,3.13,6.27,43,1,0.0,6,1546.0,-0.1,Moderate
29-01-2025 08:00,Kerala,Alappuzha,104.02124999999998,2.01,6.47,59,4,2.5,4,3325.0,0.71,Severe
29-01-2025 09:00,Bihar,Darbhanga,21.14,4.89,5.65,44,0,0.0,6,1705.0,0.24,Severe
29-01-2025 10:00,Odisha,Puri,77.72,1.77,6.6,47,2,2.0,5,3245.0,0.64,Severe
29-01-2025 11:00,Gujarat,Vadodara,32.46,3.16,4.38,39,1,1.0,3,1283.0,0.0,Moderate
29-01-2025 12:00,Gujarat,Bharuch,18.27,4.86,6.89,33,0,0.0,6,1519.0,0.73,Severe
29-01-2025 13:00,Kerala,Kochi,26.84,8.66,6.77,28,0,1.0,5,2686.0,0.1,Severe
29-01-2025 14:00,West Bengal,Murshidabad,38.97,8.71,5.8,46,1,1.0,3,3806.0,0.23,Severe
29-01-2025 15:00,West Bengal,Darjeeling,24.72,6.95,4.18,38,1,0.0,2,2713.0,-0.62,Severe
29-01-2025 16:00,Karnataka,Udupi,14.0,4.11,5.36,24,2,0.0,5,1664.0,-0.38,Moderate
29-01-2025 17:00,Kerala,Kochi,17.76,7.92,4.54,36,2,1.0,2,2064.0,0.69,Severe
29-01-2025 18:00,Tamil Nadu,Thanjavur,51.01,8.0,5.89,43,3,2.0,5,3024.0,0.05,Severe
29-01-2025 19:00,West Bengal,Malda,15.99,8.28,4.57,35,4,0.0,3,2159.0,-0.53,Severe
29-01-2025 20:00,Assam,Dibrugarh,22.31,6.12,5.45,32,0,0.0,4,1662.0,0.07,Severe
29-01-2025 21:00,Uttar Pradesh,Prayagraj,16.48,2.61,4.62,29,1,0.0,4,1709.0,0.59,Moderate
29-01-2025 22:00,Tamil Nadu,Coimbatore,42.93,1.73,4.55,45,1,1.0,3,2011.0,-0.19,Moderate
29-01-2025 23:00,Odisha,Kendrapara,104.02124999999998,8.32,4.74,66,3,0.0,6,4592.375,0.82,Severe
30-01-2025 00:00,Assam,Barpeta,49.62,1.44,4.09,39,2,0.0,6,1729.0,0.1,Moderate
30-01-2025 01:00,Assam,Dhemaji,20.37,3.37,6.15,34,0,0.0,4,714.0,0.18,Moderate
30-01-2025 02:00,Kerala,Kochi,42.9,4.9,4.92,38,1,0.0,5,2185.0,0.0,Severe
30-01-2025 03:00,Karnataka,Udupi,21.34,1.18,6.09,35,2,0.0,8,1093.0,-0.5,Moderate
30-01-2025 04:00,Odisha,Cuttack,40.22,8.26,5.96,44,1,0.0,5,2524.0,0.21,Severe
30-01-2025 05:00,West Bengal,Malda,88.11,3.3,4.2,60,2,1.0,8,1723.0,0.31,Severe
30-01-2025 06:00,Kerala,Kozhikode,34.59,1.23,4.94,39,0,1.0,4,1523.0,0.51,Moderate
30-01-2025 07:00,West Bengal,Murshidabad,44.95,8.95,5.7,50,1,0.0,3,2518.0,0.0,Severe
30-01-2025 08:00,Kerala,Thrissur,35.64,3.49,6.76,47,1,1.0,2,1391.0,-0.39,Moderate
30-01-2025 09:00,Kerala,Kottayam,64.53,8.01,5.2,50,0,0.0,8,3626.0,1.11,Severe
30-01-2025 10:00,Kerala,Kozhikode,55.15,4.63,5.51,29,3,0.0,1,1978.0,0.42,Severe
30-01-2025 11:00,Karnataka,Udupi,27.72,6.31,6.25,33,0,0.0,3,2903.0,0.31,Severe
30-01-2025 12:00,Kerala,Thrissur,55.17,2.93,6.41,35,0,1.0,1,2238.0,0.81,Severe
30-01-2025 13:00,Maharashtra,Pune,40.45,5.02,6.77,38,2,0.0,3,2494.0,-0.1,Severe
30-01-2025 14:00,Uttar Pradesh,Lucknow,26.1,3.06,5.49,37,0,0.0,3,2511.0,-0.17,Moderate
30-01-2025 15:00,West Bengal,Kolkata,26.43,8.61,4.58,43,0,0.0,4,2410.0,0.62,Severe
30-01-2025 16:00,Tamil Nadu,Tiruppur,39.62,1.49,6.29,32,2,0.0,4,1896.0,1.15,Moderate
30-01-2025 17:00,Bihar,Muzaffarpur,44.51,3.2,4.38,34,1,0.0,3,2060.0,-0.3,Moderate
30-01-2025 18:00,Odisha,Kendrapara,31.9,8.14,5.26,40,2,0.0,4,3050.0,0.32,Severe
30-01-2025 19:00,Gujarat,Bharuch,45.23,4.84,5.88,43,1,1.0,8,2663.0,0.49,Severe
30-01-2025 20:00,Karnataka,Bengaluru,19.94,5.8,6.08,32,2,0.0,4,1248.0,0.53,Severe
30-01-2025 21:00,Tamil Nadu,Thanjavur,15.42,6.21,6.2,33,2,1.0,6,752.0,0.19,Severe
30-01-2025 22:00,Assam,Jorhat,10.36,1.57,4.58,30,1,0.0,8,957.0,-0.09,Moderate
30-01-2025 23:00,Maharashtra,Mumbai,50.47,1.14,6.94,45,2,2.0,3,2516.0,-0.61,Moderate
31-01-2025 00:00,Gujarat,Vadodara,9.53,8.5,4.54,34,1,0.0,3,1565.0,1.23,Severe
31-01-2025 01:00,Bihar,Patna,44.92,3.17,4.29,34,2,0.0,5,2090.0,1.05,Severe
31-01-2025 02:00,Tamil Nadu,Thanjavur,24.98,4.04,5.99,33,0,0.0,2,1062.0,0.03,Moderate
31-01-2025 03:00,Gujarat,Ahmedabad,28.38,6.46,6.73,41,0,1.0,3,1471.0,0.33,Severe
31-01-2025 04:00,Tamil Nadu,Coimbatore,28.68,2.89,5.68,37,0,2.0,3,1081.0,0.05,Moderate
31-01-2025 05:00,Maharashtra,Kolhapur,104.02124999999998,6.86,5.79,66,4,1.0,2,4592.375,0.19,Severe
31-01-2025 06:00,Bihar,Darbhanga,22.8,4.67,5.62,25,2,1.0,5,599.0,0.26,Severe
31-01-2025 07:00,Assam,Barpeta,17.36,7.85,4.13,38,1,0.0,3,1701.0,-0.23,Severe
31-01-2025 08:00,Kerala,Thrissur,104.02124999999998,3.23,6.04,51,3,0.0,5,2801.0,0.29,Severe
31-01-2025 09:00,West Bengal,Darjeeling,11.36,2.63,5.07,30,2,1.0,4,422.0,0.37,Moderate
31-01-2025 10:00,Assam,Dibrugarh,13.78,7.65,6.81,34,0,0.0,3,2542.0,-0.42,Severe
31-01-2025 11:00,Kerala,Kozhikode,61.8,3.61,4.56,47,1,1.0,4,2722.0,0.0,Severe
31-01-2025 12:00,Karnataka,Bengaluru,45.95,4.29,4.91,36,0,0.0,5,2457.0,-0.31,Severe
31-01-2025 13:00,Uttar Pradesh,Kanpur,26.35,7.35,5.51,41,0,1.0,2,2285.0,-0.15,Severe
31-01-2025 14:00,Odisha,Kendrapara,15.75,6.08,5.43,37,2,1.0,4,1781.0,0.21,Severe
31-01-2025 15:00,Odisha,Puri,5.71,4.53,5.2,26,2,2.0,4,1299.0,0.25,Severe
31-01-2025 16:00,West Bengal,Darjeeling,91.13,3.0,4.94,57,2,2.0,4,3209.0,0.26,Severe
31-01-2025 17:00,Bihar,Muzaffarpur,55.27,7.11,4.44,44,0,0.0,3,2969.0,1.26,Severe
31-01-2025 18:00,Maharashtra,Kolhapur,84.96,2.44,6.46,52,4,2.0,4,3192.0,0.46,Severe
31-01-2025 19:00,Bihar,Darbhanga,69.26,8.43,5.35,44,0,0.0,4,3307.0,0.5,Severe
31-01-2025 20:00,Maharashtra,Kolhapur,47.51,2.2,5.72,42,0,1.0,4,2292.0,0.38,Moderate
31-01-2025 21:00,Bihar,Darbhanga,22.33,7.44,5.64,39,0,1.0,2,2781.0,-0.32,Severe
31-01-2025 22:00,Uttar Pradesh,Gorakhpur,15.8,4.39,5.73,27,3,0.0,7,1620.0,0.27,Severe
31-01-2025 23:00,Karnataka,Mangaluru,73.61,2.49,6.11,34,0,1.0,2,3429.0,0.33,Severe
01-02-2025 00:00,Karnataka,Bengaluru,25.02,4.22,5.89,39,1,0.0,1,944.0,0.66,Moderate
01-02-2025 01:00,Kerala,Thrissur,16.54,2.77,4.82,20,0,1.0,2,1792.0,-0.17,Moderate
01-02-2025 02:00,Gujarat,Surat,21.13,2.09,5.66,31,2,1.0,5,1562.0,0.07,Moderate
01-02-2025 03:00,Karnataka,Kodagu,76.52,2.91,4.73,49,5,0.0,3,2523.0,-0.16,Severe
01-02-2025 04:00,Karnataka,Mysuru,17.91,7.94,5.77,30,1,0.0,3,1969.0,0.03,Severe
01-02-2025 05:00,Assam,Barpeta,26.46,1.85,5.3,28,0,0.0,5,1757.0,0.19,Moderate
01-02-2025 06:00,Assam,Jorhat,32.48,8.78,4.12,37,0,0.0,5,2322.0,-0.21,Severe
01-02-2025 07:00,Kerala,Thrissur,41.14,1.04,6.2,42,2,2.5,4,2517.0,0.7,Severe
01-02-2025 08:00,Gujarat,Ahmedabad,16.81,6.27,4.82,33,2,1.0,2,1347.0,-0.12,Severe
01-02-2025 09:00,West Bengal,Murshidabad,31.72,7.85,6.76,28,2,0.0,3,1840.0,0.64,Severe
01-02-2025 10:00,Assam,Barpeta,62.56,8.47,4.84,46,1,1.0,4,3986.0,0.13,Severe
01-02-2025 11:00,West Bengal,Kolkata,104.02124999999998,2.15,6.99,66,3,0.0,4,4189.0,0.12,Severe
01-02-2025 12:00,Tamil Nadu,Thanjavur,14.45,6.59,5.39,33,0,1.0,5,3460.0,0.71,Severe
01-02-2025 13:00,Assam,Guwahati,16.41,1.86,4.08,25,1,0.0,3,409.0,0.62,Moderate
01-02-2025 14:00,Uttar Pradesh,Kanpur,18.41,3.82,4.23,34,1,1.0,3,1329.0,0.54,Severe
01-02-2025 15:00,Gujarat,Vadodara,52.91,6.86,4.25,31,2,2.5,4,2457.0,-0.44,Severe
01-02-2025 16:00,Kerala,Kottayam,15.32,3.77,4.17,29,0,1.0,8,1412.0,0.89,Severe
01-02-2025 17:00,Tamil Nadu,Thanjavur,30.94,3.51,4.8,47,0,2.0,3,1766.0,1.0,Severe
01-02-2025 18:00,Gujarat,Surat,28.69,1.93,4.97,23,1,0.0,1,2436.0,0.22,Moderate
01-02-2025 19:00,Uttar Pradesh,Kanpur,104.02124999999998,1.53,4.33,54,4,0.0,2,3563.0,-0.1,Severe
01-02-2025 20:00,Gujarat,Bharuch,22.65,1.92,5.31,33,1,0.0,3,1680.0,-0.21,Moderate
01-02-2025 21:00,Uttar Pradesh,Gorakhpur,21.65,8.0,5.1,23,1,1.0,4,2617.0,0.2,Severe
01-02-2025 22:00,Uttar Pradesh,Prayagraj,52.88,1.09,5.91,48,2,0.0,1,1895.0,-0.16,Moderate
01-02-2025 23:00,West Bengal,Kolkata,42.81,6.54,4.59,49,4,1.0,6,2986.0,0.23,Severe
02-02-2025 00:00,Bihar,Muzaffarpur,20.54,7.15,6.74,32,0,0.0,4,2111.0,0.08,Severe
02-02-2025 01:00,Tamil Nadu,Chennai,79.93,5.54,5.55,51,1,0.0,3,3673.0,-0.27,Severe
02-02-2025 02:00,Gujarat,Rajkot,11.06,6.85,5.87,21,0,1.0,1,1721.0,0.03,Severe
02-02-2025 03:00,Maharashtra,Pune,33.22,6.22,4.12,33,2,0.0,4,1558.0,0.37,Severe
02-02-2025 04:00,Tamil Nadu,Tiruppur,27.36,4.64,5.68,31,0,0.0,4,1864.0,-0.08,Moderate
02-02-2025 05:00,Bihar,Gaya,31.21,4.06,5.1,34,2,2.0,3,2931.0,0.18,Severe
02-02-2025 06:00,Tamil Nadu,Thanjavur,20.4,8.53,6.77,31,0,2.0,6,2351.0,0.74,Severe
02-02-2025 07:00,Karnataka,Mangaluru,31.71,8.78,6.66,31,3,0.0,4,2676.0,0.0,Severe
02-02-2025 08:00,Maharashtra,Nagpur,39.59,6.21,5.91,30,0,1.0,7,3363.0,-0.08,Severe
02-02-2025 09:00,Bihar,Gaya,3.55,2.58,6.3,25,1,1.0,6,175.0,0.39,Moderate
02-02-2025 10:00,West Bengal,Darjeeling,24.27,4.58,5.93,32,2,1.0,2,1807.0,0.86,Severe
02-02-2025 11:00,Gujarat,Bharuch,18.53,4.97,4.05,25,2,1.0,2,974.0,0.53,Severe
02-02-2025 12:00,Odisha,Bhubaneswar,101.13,7.06,6.11,60,0,0.0,0,3695.0,0.03,Severe
02-02-2025 13:00,Bihar,Muzaffarpur,46.46,6.34,4.53,44,2,1.0,4,2635.0,0.03,Severe
02-02-2025 14:00,Kerala,Kozhikode,17.72,5.12,6.05,43,1,2.0,2,2379.0,0.12,Severe
02-02-2025 15:00,Gujarat,Surat,23.32,6.44,4.03,35,1,0.0,4,1815.0,0.19,Severe
02-02-2025 16:00,Bihar,Gaya,28.12,1.19,4.93,36,0,1.0,4,1578.0,1.46,Moderate
02-02-2025 17:00,Karnataka,Mangaluru,22.93,7.21,5.55,37,1,1.0,4,2015.0,0.39,Severe
02-02-2025 18:00,Odisha,Puri,48.82,2.69,5.0,32,2,0.0,5,2495.0,1.15,Severe
02-02-2025 19:00,Karnataka,Bengaluru,90.4,6.25,6.08,60,2,0.0,4,4125.0,0.72,Severe
02-02-2025 20:00,Odisha,Balasore,1.39,1.91,5.57,30,1,0.0,3,1595.0,-0.79,Low
02-02-2025 21:00,Kerala,Kochi,26.89,1.92,6.88,35,4,0.0,3,1761.0,0.12,Moderate
02-02-2025 22:00,Gujarat,Ahmedabad,104.02124999999998,1.29,5.07,66,2,0.0,5,3954.0,0.32,Severe
02-02-2025 23:00,West Bengal,Howrah,27.68,8.28,6.17,32,1,0.0,2,2476.0,0.42,Severe
03-02-2025 00:00,Karnataka,Bengaluru,41.17,5.84,6.51,38,1,1.0,2,3519.0,0.38,Severe
03-02-2025 01:00,Karnataka,Bengaluru,4.65,3.9,4.76,29,0,0.0,3,1382.0,-0.43,Moderate
03-02-2025 02:00,Uttar Pradesh,Gorakhpur,79.34,7.3,6.26,41,3,1.0,4,3530.0,-0.44,Severe
03-02-2025 03:00,Odisha,Puri,14.24,6.01,5.18,35,0,0.0,4,2418.0,0.33,Severe
03-02-2025 04:00,Assam,Jorhat,45.69,5.96,4.39,33,1,0.0,5,3010.0,0.17,Severe
03-02-2025 05:00,Gujarat,Rajkot,16.5,4.9,4.01,30,1,0.0,4,1189.0,0.92,Severe
03-02-2025 06:00,Odisha,Puri,2.43,1.06,6.23,20,0,0.0,3,1211.0,0.35,Low
03-02-2025 07:00,Uttar Pradesh,Kanpur,42.88,3.07,4.56,44,2,0.0,2,1569.0,0.69,Severe
03-02-2025 08:00,Tamil Nadu,Thanjavur,56.11,1.87,4.15,38,2,0.0,3,2564.0,0.64,Moderate
03-02-2025 09:00,Odisha,Puri,32.51,6.3,5.49,19,1,0.0,4,1696.0,0.32,Severe
03-02-2025 10:00,West Bengal,Murshidabad,12.78,2.99,5.04,30,1,1.0,4,1301.0,0.85,Moderate
03-02-2025 11:00,Gujarat,Vadodara,104.02124999999998,4.6,6.08,66,5,2.0,6,4592.375,0.14,Severe
03-02-2025 12:00,Uttar Pradesh,Prayagraj,54.69,3.83,4.32,43,1,1.0,7,2474.0,0.33,Severe
03-02-2025 13:00,Tamil Nadu,Thanjavur,38.46,2.15,4.4,46,2,0.0,0,1363.0,0.38,Moderate
03-02-2025 14:00,Maharashtra,Mumbai,71.25,8.67,5.21,46,3,2.0,3,2534.0,-0.03,Severe
03-02-2025 15:00,Uttar Pradesh,Varanasi,22.92,8.47,5.56,35,1,1.0,4,2263.0,-0.17,Severe
03-02-2025 16:00,Maharashtra,Mumbai,104.02124999999998,1.68,6.47,56,4,1.0,4,3812.0,-0.23,Severe
03-02-2025 17:00,Gujarat,Ahmedabad,55.36,7.62,5.76,56,1,1.0,5,3506.0,-0.12,Severe
03-02-2025 18:00,Karnataka,Mangaluru,66.92,4.91,6.71,41,2,1.0,4,3601.0,0.29,Severe
03-02-2025 19:00,Uttar Pradesh,Lucknow,26.48,7.19,4.65,37,1,1.0,5,2245.0,0.49,Severe
03-02-2025 20:00,Kerala,Thrissur,13.93,2.21,5.79,24,4,0.0,2,1440.0,-0.22,Moderate
03-02-2025 21:00,Maharashtra,Pune,38.85,2.06,5.97,45,2,1.0,8,1480.0,0.37,Severe
03-02-2025 22:00,West Bengal,Howrah,23.69,8.13,6.18,29,3,0.0,5,1879.0,0.23,Severe
03-02-2025 23:00,Kerala,Kozhikode,104.02124999999998,8.18,6.97,56,1,2.5,4,3903.0,0.77,Severe
04-02-2025 00:00,Bihar,Patna,10.76,4.73,5.4,29,1,0.0,8,1691.0,0.12,Severe
04-02-2025 01:00,Bihar,Bhagalpur,83.76,7.96,5.11,45,1,0.0,6,3996.0,1.06,Severe
04-02-2025 02:00,Tamil Nadu,Chennai,7.72,6.34,6.56,35,1,1.0,0,1533.0,0.69,Severe
04-02-2025 03:00,Karnataka,Bengaluru,16.44,2.48,4.53,28,0,0.0,3,1954.0,0.2,Moderate
04-02-2025 04:00,Gujarat,Surat,7.55,3.63,4.11,28,2,1.0,4,1016.0,0.1,Moderate
04-02-2025 05:00,Uttar Pradesh,Kanpur,22.97,2.09,5.33,32,0,0.0,4,2507.0,0.75,Moderate
04-02-2025 06:00,Assam,Guwahati,29.25,7.19,4.74,26,1,0.0,3,1880.0,0.2,Severe
04-02-2025 07:00,West Bengal,Murshidabad,20.75,8.88,5.19,33,1,2.0,6,2264.0,0.37,Severe
04-02-2025 08:00,Maharashtra,Nagpur,45.66,5.37,6.96,38,1,0.0,4,2282.0,0.12,Severe
04-02-2025 09:00,Gujarat,Ahmedabad,29.41,6.25,5.05,34,2,1.0,5,2451.0,0.1,Severe
04-02-2025 10:00,Kerala,Alappuzha,4.81,6.97,6.12,40,2,1.0,1,1668.0,-0.2,Severe
04-02-2025 11:00,Bihar,Gaya,15.71,2.79,4.75,42,0,0.0,1,712.0,0.97,Moderate
04-02-2025 12:00,West Bengal,Malda,26.28,3.69,4.91,39,1,0.0,3,763.0,0.17,Moderate
04-02-2025 13:00,Assam,Barpeta,69.28,4.3,4.73,53,0,0.0,4,3261.0,0.41,Severe
04-02-2025 14:00,Uttar Pradesh,Lucknow,37.1,5.76,5.72,27,0,0.0,3,1602.0,0.57,Severe
04-02-2025 15:00,Tamil Nadu,Tiruppur,23.87,7.8,4.68,29,0,0.0,5,1926.0,0.96,Severe
04-02-2025 16:00,Assam,Dhemaji,9.6,3.03,6.16,26,1,0.0,3,1505.0,0.1,Moderate
04-02-2025 17:00,West Bengal,Murshidabad,38.26,4.77,6.04,37,0,0.0,2,2415.0,-0.69,Moderate
04-02-2025 18:00,Assam,Dhemaji,79.99,7.01,5.26,58,3,2.0,6,2914.0,0.39,Severe
04-02-2025 19:00,West Bengal,Kolkata,27.15,1.7,4.08,40,5,0.0,6,1136.0,0.57,Severe
04-02-2025 20:00,West Bengal,Darjeeling,17.01,5.1,4.07,33,0,0.0,4,2319.0,0.11,Severe
04-02-2025 21:00,Odisha,Puri,50.44,2.16,5.6,48,0,0.0,3,2003.0,0.6,Moderate
04-02-2025 22:00,Maharashtra,Kolhapur,71.08,5.31,6.52,42,1,1.0,6,3641.0,0.35,Severe
04-02-2025 23:00,Bihar,Patna,29.97,7.14,5.8,42,3,1.0,3,1225.0,0.19,Severe
05-02-2025 00:00,Odisha,Puri,54.45,2.9,5.31,45,0,0.0,3,2164.0,0.95,Severe
05-02-2025 01:00,Uttar Pradesh,Prayagraj,24.83,7.8,6.65,39,1,2.0,4,1914.0,0.21,Severe
05-02-2025 02:00,Odisha,Cuttack,56.19,3.68,4.59,42,1,1.0,3,2059.0,1.1,Severe
05-02-2025 03:00,Karnataka,Kodagu,82.6,2.53,5.08,53,3,0.0,4,2619.0,0.36,Severe
05-02-2025 04:00,Karnataka,Kodagu,61.8,4.72,5.7,58,0,2.0,5,3608.0,-0.02,Severe
05-02-2025 05:00,Bihar,Gaya,49.06,8.01,4.88,39,1,0.0,6,2957.0,-0.51,Severe
05-02-2025 06:00,Assam,Dhemaji,100.38,1.55,6.99,52,3,2.5,6,2336.0,0.89,Severe
05-02-2025 07:00,Maharashtra,Mumbai,28.17,3.62,5.36,49,0,2.0,3,1754.0,0.78,Severe
05-02-2025 08:00,Bihar,Muzaffarpur,49.05,6.23,4.16,43,2,1.0,8,2396.0,0.71,Severe
05-02-2025 09:00,West Bengal,Howrah,28.87,3.86,4.53,31,3,1.0,2,2123.0,0.93,Severe
05-02-2025 10:00,Kerala,Kottayam,49.07,1.57,5.6,51,1,0.0,2,2032.0,1.16,Moderate
05-02-2025 11:00,Maharashtra,Pune,54.8,3.66,5.65,35,2,1.0,5,2201.0,-0.61,Severe
05-02-2025 12:00,Maharashtra,Nagpur,64.45,7.57,6.95,55,1,2.0,2,4193.0,-0.45,Severe
05-02-2025 13:00,West Bengal,Kolkata,35.25,8.74,5.8,32,0,0.0,3,2866.0,0.22,Severe
05-02-2025 14:00,West Bengal,Murshidabad,6.36,1.32,6.0,21,1,0.0,8,876.0,0.79,Moderate
05-02-2025 15:00,Tamil Nadu,Tiruppur,29.31,5.55,4.64,39,1,1.0,6,2288.0,0.48,Severe
05-02-2025 16:00,Bihar,Bhagalpur,53.53,1.84,4.32,38,1,1.0,5,1638.0,0.48,Moderate
05-02-2025 17:00,West Bengal,Malda,42.67,6.44,5.81,46,1,1.0,1,2190.0,0.15,Severe
05-02-2025 18:00,Karnataka,Mangaluru,47.07,1.06,6.59,34,0,0.0,4,2573.0,-0.03,Moderate
05-02-2025 19:00,Uttar Pradesh,Lucknow,57.11,1.12,5.76,40,4,2.0,5,1635.0,0.31,Severe
05-02-2025 20:00,Kerala,Kottayam,13.91,7.22,5.33,30,3,0.0,4,1407.0,0.24,Severe
05-02-2025 21:00,Bihar,Bhagalpur,59.06,1.6,5.73,25,1,2.0,3,1583.0,0.15,Moderate
05-02-2025 22:00,Gujarat,Surat,103.54,3.44,5.41,66,1,2.0,4,3307.0,0.63,Severe
05-02-2025 23:00,Karnataka,Mangaluru,26.28,8.66,4.43,32,1,1.0,7,3154.0,0.35,Severe
06-02-2025 00:00,Assam,Dhemaji,65.33,8.88,6.22,44,0,1.0,1,3167.0,0.55,Severe
06-02-2025 01:00,West Bengal,Murshidabad,36.78,2.29,5.6,40,1,1.0,4,2501.0,0.3,Moderate
06-02-2025 02:00,Gujarat,Rajkot,46.19,5.49,5.2,51,1,0.0,3,2766.0,0.66,Severe
06-02-2025 03:00,West Bengal,Murshidabad,61.25,5.47,5.68,39,2,0.0,3,2238.0,-0.15,Severe
06-02-2025 04:00,Maharashtra,Mumbai,42.5,4.62,4.72,39,2,0.0,7,1678.0,-0.29,Severe
06-02-2025 05:00,Karnataka,Bengaluru,25.1,8.4,5.28,41,0,1.0,5,1937.0,0.2,Severe
06-02-2025 06:00,Maharashtra,Mumbai,43.83,7.03,5.87,35,2,1.0,3,3499.0,0.69,Severe
06-02-2025 07:00,Tamil Nadu,Coimbatore,16.95,7.12,4.68,32,0,0.0,5,2409.0,0.19,Severe
06-02-2025 08:00,Maharashtra,Nagpur,9.77,3.16,6.25,22,2,0.0,3,513.0,1.27,Moderate
06-02-2025 09:00,Tamil Nadu,Chennai,86.01,4.47,5.56,63,2,0.0,2,3186.0,-0.11,Severe
06-02-2025 10:00,Tamil Nadu,Madurai,47.81,4.9,6.59,41,1,0.0,6,2711.0,0.26,Severe
06-02-2025 11:00,Gujarat,Surat,55.2,3.39,6.54,44,1,0.0,4,2040.0,-0.48,Moderate
06-02-2025 12:00,West Bengal,Darjeeling,40.83,1.76,5.48,35,0,1.0,7,2610.0,1.02,Severe
06-02-2025 13:00,Assam,Dhemaji,7.76,2.01,4.59,29,0,0.0,8,1089.0,0.3,Moderate
06-02-2025 14:00,Maharashtra,Nashik,82.21,2.45,6.21,59,0,1.0,5,3392.0,-0.71,Severe
06-02-2025 15:00,Karnataka,Kodagu,25.14,2.63,5.26,31,1,1.0,5,2160.0,0.21,Moderate
06-02-2025 16:00,Tamil Nadu,Tiruppur,29.05,2.94,5.78,40,0,0.0,0,1440.0,-0.81,Moderate
06-02-2025 17:00,West Bengal,Howrah,75.87,3.04,4.32,49,4,2.5,5,3883.0,0.9,Severe
06-02-2025 18:00,Kerala,Kozhikode,16.73,4.65,5.89,28,0,0.0,2,1727.0,-0.06,Moderate
06-02-2025 19:00,Bihar,Muzaffarpur,27.2,5.08,5.12,37,1,0.0,6,2133.0,0.37,Severe
06-02-2025 20:00,Gujarat,Surat,25.77,3.47,5.0,33,2,2.0,6,1751.0,0.02,Severe
06-02-2025 21:00,Assam,Dibrugarh,16.31,8.26,6.94,35,1,2.0,8,2121.0,0.26,Severe
06-02-2025 22:00,Odisha,Bhubaneswar,37.25,5.43,5.3,35,2,0.0,3,1865.0,0.71,Severe
06-02-2025 23:00,Gujarat,Bharuch,18.21,7.3,6.03,39,0,1.0,6,2466.0,0.17,Severe
07-02-2025 00:00,Kerala,Kozhikode,84.51,8.39,5.88,66,1,0.0,5,3937.0,0.6,Severe
07-02-2025 01:00,Bihar,Muzaffarpur,9.1,2.31,4.31,32,2,2.0,2,940.0,-0.865,Moderate
07-02-2025 02:00,Kerala,Alappuzha,12.39,4.42,6.24,40,0,1.0,1,1273.0,-0.22,Moderate
07-02-2025 03:00,Maharashtra,Pune,27.17,4.47,4.97,28,0,0.0,3,1834.0,0.37,Moderate
07-02-2025 04:00,Tamil Nadu,Thanjavur,34.27,3.84,6.4,38,0,0.0,2,2301.0,0.03,Moderate
07-02-2025 05:00,Assam,Dibrugarh,20.52,1.07,5.82,36,0,0.0,4,1503.0,0.88,Moderate
07-02-2025 06:00,Uttar Pradesh,Prayagraj,57.71,7.53,4.95,39,0,1.0,3,4055.0,0.73,Severe
07-02-2025 07:00,Tamil Nadu,Tiruppur,30.08,1.89,5.07,35,2,1.0,4,1505.0,0.96,Severe
07-02-2025 08:00,Uttar Pradesh,Prayagraj,49.71,8.96,6.19,46,3,2.0,5,2765.0,0.39,Severe
07-02-2025 09:00,Bihar,Bhagalpur,80.59,7.18,5.65,44,1,2.0,6,3699.0,0.02,Severe
07-02-2025 10:00,West Bengal,Murshidabad,98.29,5.64,6.01,66,3,1.0,2,4229.0,0.63,Severe
07-02-2025 11:00,Odisha,Balasore,27.66,2.24,4.47,38,1,0.0,4,1852.0,-0.12,Moderate
07-02-2025 12:00,Karnataka,Mangaluru,37.03,5.12,6.36,42,1,0.0,8,2361.0,0.22,Severe
07-02-2025 13:00,Tamil Nadu,Coimbatore,42.35,3.09,4.96,39,1,1.0,4,2199.0,0.53,Severe
07-02-2025 14:00,Assam,Jorhat,28.34,3.02,5.86,30,0,1.0,4,1158.0,0.03,Moderate
07-02-2025 15:00,Kerala,Thrissur,15.45,7.64,4.34,31,0,0.0,5,2292.0,1.42,Severe
07-02-2025 16:00,Assam,Dibrugarh,68.0,4.05,4.96,51,1,0.0,4,2516.0,0.67,Severe
07-02-2025 17:00,Bihar,Bhagalpur,15.46,4.61,5.95,28,3,2.0,4,1535.0,-0.06,Severe
07-02-2025 18:00,Uttar Pradesh,Kanpur,72.44,7.74,4.82,56,1,2.0,3,3498.0,0.78,Severe
07-02-2025 19:00,Kerala,Alappuzha,47.22,1.7,6.64,37,2,0.0,4,1866.0,1.08,Severe
07-02-2025 20:00,Karnataka,Mysuru,41.24,5.76,5.98,36,2,0.0,4,2691.0,-0.33,Severe
07-02-2025 21:00,Karnataka,Kodagu,19.43,5.63,6.61,36,1,0.0,1,1669.0,0.93,Severe
07-02-2025 22:00,Tamil Nadu,Coimbatore,5.73,4.4,5.19,26,1,0.0,8,1070.0,-0.22,Moderate
07-02-2025 23:00,Bihar,Bhagalpur,66.88,7.64,4.1,65,2,0.0,5,3305.0,0.35,Severe
08-02-2025 00:00,West Bengal,Howrah,19.23,8.54,5.73,28,0,0.0,5,2717.0,0.43,Severe
08-02-2025 01:00,Bihar,Bhagalpur,49.23,4.72,5.02,37,2,2.5,5,2163.0,0.05,Severe
08-02-2025 02:00,Uttar Pradesh,Kanpur,51.04,4.65,5.34,41,1,0.0,2,3440.0,0.05,Severe
08-02-2025 03:00,Assam,Guwahati,34.67,5.02,6.04,46,0,1.0,2,2258.0,-0.04,Severe
08-02-2025 04:00,Karnataka,Kodagu,41.59,6.78,6.1,36,1,0.0,1,2185.0,0.11,Severe
08-02-2025 05:00,Assam,Jorhat,46.76,6.34,4.08,38,2,1.0,8,2621.0,-0.1,Severe
08-02-2025 06:00,Assam,Dhemaji,39.24,2.78,6.31,32,2,0.0,1,1941.0,0.85,Moderate
08-02-2025 07:00,Assam,Barpeta,17.69,1.51,5.48,36,1,0.0,5,805.0,-0.31,Low
08-02-2025 08:00,Karnataka,Udupi,9.19,8.59,5.67,28,2,0.0,3,1572.0,1.16,Severe
08-02-2025 09:00,Gujarat,Bharuch,20.66,3.09,4.89,30,0,0.0,0,2119.0,0.29,Moderate
08-02-2025 10:00,Maharashtra,Nashik,25.94,6.11,5.26,31,0,0.0,3,2201.0,-0.59,Severe
08-02-2025 11:00,Uttar Pradesh,Prayagraj,83.38,7.63,6.13,53,4,0.0,7,3473.0,0.7,Severe
08-02-2025 12:00,Gujarat,Ahmedabad,12.87,3.4,6.33,35,0,0.0,2,19.0,0.18,Moderate
08-02-2025 13:00,Uttar Pradesh,Lucknow,91.17,6.08,5.16,52,2,0.0,8,3791.0,-0.19,Severe
08-02-2025 14:00,Kerala,Kozhikode,104.02124999999998,1.86,6.07,64,3,0.0,3,3024.0,0.2,Severe
08-02-2025 15:00,Bihar,Bhagalpur,21.25,8.76,4.77,25,0,0.0,5,1845.0,0.0,Severe
08-02-2025 16:00,Bihar,Muzaffarpur,104.02124999999998,1.47,6.5,66,3,1.0,3,3575.0,0.93,Severe
08-02-2025 17:00,Odisha,Kendrapara,31.07,4.51,5.83,37,2,0.0,3,1377.0,0.0,Moderate
08-02-2025 18:00,Bihar,Gaya,27.43,5.29,6.33,46,1,0.0,2,1489.0,-0.25,Severe
08-02-2025 19:00,Karnataka,Bengaluru,83.42,7.32,5.43,66,5,2.0,0,3775.0,0.03,Severe
08-02-2025 20:00,West Bengal,Darjeeling,40.28,1.97,4.69,46,2,1.0,5,2290.0,-0.1,Moderate
08-02-2025 21:00,Tamil Nadu,Coimbatore,36.2,4.53,5.29,48,0,0.0,1,1734.0,0.83,Severe
08-02-2025 22:00,Odisha,Bhubaneswar,20.43,3.4,5.14,32,0,0.0,7,2340.0,0.44,Moderate
08-02-2025 23:00,Tamil Nadu,Madurai,21.9,3.5,5.0,41,2,0.0,1,781.0,-0.31,Moderate
09-02-2025 00:00,Uttar Pradesh,Lucknow,37.11,7.23,4.64,45,2,0.0,5,2056.0,-0.13,Severe
09-02-2025 01:00,Tamil Nadu,Tiruppur,83.4,1.04,6.28,66,1,2.0,4,1781.0,0.15,Severe
09-02-2025 02:00,Tamil Nadu,Madurai,12.93,6.99,4.26,30,0,0.0,3,1471.0,-0.48,Severe
09-02-2025 03:00,Odisha,Cuttack,32.28,7.48,6.66,32,0,2.0,3,1755.0,-0.15,Severe
09-02-2025 04:00,Kerala,Kochi,10.73,8.21,4.53,34,2,1.0,1,1307.0,0.5,Severe
09-02-2025 05:00,Assam,Dibrugarh,19.57,6.02,6.94,33,0,2.0,4,1643.0,1.17,Severe
09-02-2025 06:00,Bihar,Bhagalpur,54.18,3.67,6.97,47,0,1.0,7,2134.0,-0.48,Severe
09-02-2025 07:00,Bihar,Muzaffarpur,16.67,4.42,5.2,24,0,0.0,4,1194.0,1.5750000000000002,Severe
09-02-2025 08:00,Karnataka,Kodagu,70.09,8.76,6.96,45,1,0.0,8,3837.0,0.52,Severe
09-02-2025 09:00,Odisha,Balasore,16.6,8.05,6.61,42,0,1.0,2,1810.0,-0.16,Severe
09-02-2025 10:00,Karnataka,Mangaluru,22.45,4.71,4.25,30,1,1.0,6,2339.0,1.04,Severe
09-02-2025 11:00,West Bengal,Kolkata,6.39,8.54,6.84,30,1,0.0,2,2134.0,0.54,Severe
09-02-2025 12:00,West Bengal,Darjeeling,70.16,7.58,4.13,42,2,0.0,2,3120.0,0.73,Severe
09-02-2025 13:00,Karnataka,Bengaluru,63.57,8.21,4.55,40,4,2.0,3,2677.0,0.72,Severe
09-02-2025 14:00,Odisha,Cuttack,11.01,6.46,5.75,34,1,1.0,4,1658.0,0.83,Severe
09-02-2025 15:00,Karnataka,Bengaluru,27.57,7.86,4.24,34,2,1.0,7,3118.0,-0.21,Severe
09-02-2025 16:00,Bihar,Patna,25.81,8.13,4.49,40,0,0.0,3,3161.0,0.71,Severe
09-02-2025 17:00,Gujarat,Rajkot,24.14,1.74,6.86,31,2,0.0,4,650.0,0.37,Moderate
09-02-2025 18:00,Maharashtra,Nagpur,104.02124999999998,8.72,6.98,66,4,2.0,2,4592.375,0.61,Severe
09-02-2025 19:00,Tamil Nadu,Thanjavur,23.89,3.67,6.39,38,0,0.0,4,1113.0,0.05,Moderate
09-02-2025 20:00,Maharashtra,Nashik,17.38,4.52,5.55,28,1,0.0,4,1240.0,0.06,Moderate
09-02-2025 21:00,Odisha,Puri,7.15,7.34,6.7,21,1,0.0,3,2420.0,0.09,Severe
09-02-2025 22:00,Maharashtra,Nagpur,18.12,6.32,4.34,36,0,0.0,3,1579.0,0.68,Severe
09-02-2025 23:00,West Bengal,Howrah,83.22,8.14,6.83,53,2,1.0,3,3580.0,0.31,Severe
10-02-2025 00:00,Uttar Pradesh,Kanpur,39.96,4.2,5.05,42,4,0.0,5,2292.0,0.11,Severe
10-02-2025 01:00,Tamil Nadu,Madurai,40.03,3.99,6.58,36,1,0.0,1,1939.0,0.2,Moderate
10-02-2025 02:00,Assam,Dibrugarh,19.02,1.25,6.01,34,1,0.0,5,1291.0,0.91,Moderate
10-02-2025 03:00,Odisha,Cuttack,74.92,4.7,6.88,43,3,0.0,3,2766.0,0.57,Severe
10-02-2025 04:00,Tamil Nadu,Thanjavur,49.8,6.79,6.59,48,1,0.0,5,3284.0,0.56,Severe
10-02-2025 05:00,Maharashtra,Nashik,24.41,3.41,6.66,37,0,1.0,3,1293.0,0.47,Moderate
10-02-2025 06:00,West Bengal,Howrah,15.31,4.7,5.9,29,1,0.0,2,2532.0,0.83,Severe
10-02-2025 07:00,Kerala,Kottayam,32.34,2.76,6.5,29,2,1.0,2,1778.0,-0.13,Moderate
10-02-2025 08:00,Gujarat,Ahmedabad,16.38,7.18,6.27,25,1,0.0,5,2015.0,0.75,Severe
10-02-2025 09:00,Assam,Barpeta,29.63,1.48,4.48,36,0,1.0,4,1441.0,0.38,Moderate
10-02-2025 10:00,Gujarat,Bharuch,37.43,6.64,5.95,38,2,0.0,4,2944.0,-0.07,Severe
10-02-2025 11:00,Tamil Nadu,Madurai,19.71,4.03,4.44,36,1,1.0,3,1213.0,0.34,Severe
10-02-2025 12:00,West Bengal,Murshidabad,3.36,1.33,6.61,26,3,0.0,3,565.0,0.23,Low
10-02-2025 13:00,West Bengal,Kolkata,45.82,7.83,4.2,37,2,0.0,3,3321.0,0.5,Severe
10-02-2025 14:00,Maharashtra,Kolhapur,20.19,4.9,6.96,34,0,0.0,4,1458.0,0.76,Severe
10-02-2025 15:00,Bihar,Patna,37.2,5.79,5.2,46,0,1.0,7,2408.0,-0.16,Severe
10-02-2025 16:00,Maharashtra,Nagpur,30.6,6.86,4.51,27,1,1.0,3,2350.0,1.12,Severe
10-02-2025 17:00,Bihar,Gaya,98.89,6.24,6.81,58,4,2.5,3,3682.0,-0.41,Severe
10-02-2025 18:00,Bihar,Muzaffarpur,34.39,6.85,4.14,41,0,0.0,3,2178.0,0.02,Severe
10-02-2025 19:00,Assam,Guwahati,63.15,7.1,5.41,54,5,0.0,4,3971.0,1.24,Severe
10-02-2025 20:00,Maharashtra,Kolhapur,25.4,5.71,6.31,35,0,0.0,1,2365.0,-0.32,Severe
10-02-2025 21:00,Kerala,Kozhikode,16.62,3.93,4.95,34,3,1.0,4,2151.0,0.08,Severe
10-02-2025 22:00,Karnataka,Kodagu,47.2,2.95,5.59,38,1,0.0,1,1391.0,0.0,Moderate
10-02-2025 23:00,Karnataka,Mangaluru,19.06,8.22,6.1,28,1,0.0,8,2591.0,-0.74,Severe
11-02-2025 00:00,Maharashtra,Mumbai,55.85,8.76,6.86,43,0,0.0,6,3691.0,0.3,Severe
11-02-2025 01:00,Maharashtra,Mumbai,12.15,3.86,4.31,32,2,0.0,3,1575.0,0.55,Moderate
11-02-2025 02:00,Gujarat,Rajkot,43.02,1.9,4.47,36,1,0.0,7,1169.0,0.55,Moderate
11-02-2025 03:00,Assam,Dibrugarh,33.73,2.78,5.53,27,0,2.0,5,2857.0,0.08,Severe
11-02-2025 04:00,Maharashtra,Kolhapur,86.89,6.37,5.26,57,5,0.0,8,4115.0,-0.54,Severe
11-02-2025 05:00,Gujarat,Vadodara,46.08,2.38,5.23,54,2,1.0,3,3062.0,0.03,Severe
11-02-2025 06:00,Bihar,Darbhanga,30.96,7.24,4.89,34,0,2.0,3,1587.0,-0.06,Severe
11-02-2025 07:00,West Bengal,Malda,58.75,8.38,5.68,30,0,0.0,4,3776.0,0.46,Severe
11-02-2025 08:00,West Bengal,Howrah,3.3,8.71,6.65,31,2,0.0,6,1737.0,0.09,Severe
11-02-2025 09:00,Bihar,Muzaffarpur,50.09,1.07,4.48,34,2,1.0,4,1707.0,0.53,Moderate
11-02-2025 10:00,Odisha,Bhubaneswar,53.12,8.67,4.65,41,2,0.0,7,3006.0,-0.53,Severe
11-02-2025 11:00,Gujarat,Rajkot,57.25,6.92,6.01,55,2,1.0,5,3264.0,0.62,Severe
11-02-2025 12:00,Gujarat,Surat,54.53,1.67,4.17,49,0,1.0,1,1631.0,0.57,Moderate
11-02-2025 13:00,Bihar,Patna,48.68,4.32,6.02,37,1,1.0,7,1828.0,-0.16,Severe
11-02-2025 14:00,Kerala,Kottayam,26.29,6.6,4.94,35,1,0.0,2,1711.0,0.01,Severe
11-02-2025 15:00,Uttar Pradesh,Gorakhpur,38.01,8.65,5.07,27,1,1.0,3,2621.0,0.19,Severe
11-02-2025 16:00,Tamil Nadu,Thanjavur,21.11,2.31,5.22,29,1,1.0,4,1305.0,0.82,Moderate
11-02-2025 17:00,Bihar,Muzaffarpur,17.67,2.02,5.05,26,2,0.0,3,1175.0,0.2,Moderate
11-02-2025 18:00,Maharashtra,Nashik,27.12,4.78,6.52,40,1,1.0,3,2095.0,0.49,Severe
11-02-2025 19:00,Maharashtra,Pune,29.73,8.74,6.84,41,1,0.0,4,3218.0,0.33,Severe
11-02-2025 20:00,Assam,Dhemaji,44.5,8.77,5.64,46,0,1.0,4,3350.0,0.75,Severe
11-02-2025 21:00,Bihar,Bhagalpur,78.29,2.82,5.75,63,5,1.0,5,3343.0,0.41,Severe
11-02-2025 22:00,Assam,Barpeta,62.37,3.55,4.21,53,0,1.0,5,2438.0,-0.22,Severe
11-02-2025 23:00,Bihar,Patna,42.07,8.26,6.14,48,2,0.0,2,2658.0,0.22,Severe
12-02-2025 00:00,Gujarat,Rajkot,72.06,6.88,5.75,49,1,0.0,4,3397.0,0.79,Severe
12-02-2025 01:00,Tamil Nadu,Madurai,34.63,8.78,4.15,39,3,1.0,3,2418.0,0.48,Severe
12-02-2025 02:00,Gujarat,Vadodara,49.18,8.15,4.6,44,2,0.0,5,3254.0,-0.21,Severe
12-02-2025 03:00,Uttar Pradesh,Gorakhpur,26.36,2.72,4.61,27,1,0.0,1,1659.0,1.14,Moderate
12-02-2025 04:00,West Bengal,Malda,34.0,7.08,4.51,43,2,0.0,8,2360.0,0.07,Severe
12-02-2025 05:00,Karnataka,Bengaluru,28.24,1.39,5.98,44,2,0.0,1,1781.0,0.76,Moderate
12-02-2025 06:00,Bihar,Bhagalpur,8.48,7.54,6.79,19,0,0.0,4,2294.0,0.98,Severe
12-02-2025 07:00,Uttar Pradesh,Lucknow,8.66,5.81,6.29,32,0,0.0,4,824.0,0.82,Severe
12-02-2025 08:00,West Bengal,Darjeeling,11.12,8.65,5.43,24,0,1.0,2,1512.0,-0.05,Severe
12-02-2025 09:00,Odisha,Kendrapara,42.28,8.68,5.21,33,1,0.0,5,3350.0,0.83,Severe
12-02-2025 10:00,Tamil Nadu,Chennai,79.42,1.41,5.16,65,2,0.0,8,2990.0,0.45,Severe
12-02-2025 11:00,Assam,Barpeta,71.89,2.28,5.8,48,4,0.0,6,3291.0,-0.25,Severe
12-02-2025 12:00,Assam,Jorhat,49.53,4.87,5.08,47,1,1.0,2,2739.0,0.31,Severe
12-02-2025 13:00,Gujarat,Surat,23.06,8.04,4.68,34,1,1.0,3,3060.0,-0.1,Severe
12-02-2025 14:00,Maharashtra,Nashik,17.23,7.52,5.81,32,2,0.0,3,2431.0,0.52,Severe
12-02-2025 15:00,West Bengal,Darjeeling,37.18,8.71,5.17,42,1,0.0,4,3155.0,0.7,Severe
12-02-2025 16:00,Odisha,Bhubaneswar,22.6,5.94,4.04,31,0,0.0,3,2258.0,0.86,Severe
12-02-2025 17:00,Uttar Pradesh,Gorakhpur,10.23,3.05,4.07,26,1,2.0,3,1722.0,0.31,Moderate
12-02-2025 18:00,Tamil Nadu,Madurai,15.16,1.2,4.82,35,1,1.0,2,728.0,-0.06,Low
12-02-2025 19:00,West Bengal,Kolkata,26.21,2.78,5.54,45,2,0.0,4,1853.0,-0.19,Moderate
12-02-2025 20:00,Odisha,Balasore,77.69,6.4,5.06,53,2,1.0,2,3402.0,0.65,Severe
12-02-2025 21:00,Karnataka,Mysuru,7.49,8.41,4.07,23,1,1.0,6,2046.0,0.79,Severe
12-02-2025 22:00,Bihar,Bhagalpur,12.53,3.57,4.67,28,1,1.0,1,942.0,0.6,Moderate
12-02-2025 23:00,Assam,Dhemaji,27.88,8.01,4.29,40,1,0.0,4,2724.0,-0.04,Severe
13-02-2025 00:00,Uttar Pradesh,Varanasi,18.78,4.16,6.85,31,0,1.0,4,1741.0,0.06,Moderate
13-02-2025 01:00,Assam,Dhemaji,45.65,3.47,4.94,40,0,2.0,5,1994.0,0.09,Severe
13-02-2025 02:00,Uttar Pradesh,Gorakhpur,28.46,5.07,4.04,34,0,1.0,4,2079.0,-0.33,Severe
13-02-2025 03:00,Gujarat,Bharuch,10.06,4.54,5.98,30,0,0.0,5,2188.0,0.58,Severe
13-02-2025 04:00,Maharashtra,Mumbai,22.97,8.31,4.7,45,0,0.0,2,2759.0,0.28,Severe
13-02-2025 05:00,Uttar Pradesh,Varanasi,38.29,4.75,5.7,38,3,0.0,8,2465.0,0.99,Severe
13-02-2025 06:00,Assam,Dhemaji,53.26,3.22,4.45,52,1,0.0,5,1757.0,-0.09,Moderate
13-02-2025 07:00,Gujarat,Vadodara,12.41,7.74,6.95,32,0,1.0,3,1392.0,0.28,Severe
13-02-2025 08:00,Uttar Pradesh,Kanpur,40.06,8.99,6.91,49,1,0.0,2,2587.0,-0.21,Severe
13-02-2025 09:00,Karnataka,Udupi,26.73,6.19,5.97,31,1,1.0,1,1340.0,0.18,Severe
13-02-2025 10:00,Maharashtra,Pune,71.48,3.0,6.12,34,4,1.0,1,2635.0,0.7,Severe
13-02-2025 11:00,Uttar Pradesh,Gorakhpur,23.2,2.91,5.28,34,1,1.0,6,1734.0,0.38,Severe
13-02-2025 12:00,Gujarat,Ahmedabad,10.29,1.46,6.89,29,1,0.0,3,301.0,-0.09,Low
13-02-2025 13:00,West Bengal,Darjeeling,19.84,1.62,5.27,37,2,1.0,4,1096.0,-0.32,Moderate
13-02-2025 14:00,Kerala,Alappuzha,5.33,8.32,4.72,29,0,1.0,6,1658.0,0.2,Severe
13-02-2025 15:00,Odisha,Balasore,5.95,1.77,4.35,20,1,1.0,2,0.0,0.44,Low
13-02-2025 16:00,Kerala,Kozhikode,7.45,4.87,4.62,26,1,0.0,5,732.0,0.72,Severe
13-02-2025 17:00,Kerala,Alappuzha,45.92,6.58,5.72,35,2,1.0,2,1539.0,0.01,Severe
13-02-2025 18:00,Tamil Nadu,Thanjavur,42.42,7.8,4.74,39,4,1.0,5,3096.0,0.0,Severe
13-02-2025 19:00,Karnataka,Udupi,47.67,2.37,5.96,37,1,0.0,2,1855.0,1.31,Severe
13-02-2025 20:00,West Bengal,Murshidabad,21.34,4.5,5.15,26,0,2.0,0,1428.0,0.34,Moderate
13-02-2025 21:00,Bihar,Bhagalpur,15.47,3.01,6.66,35,0,1.0,3,1552.0,0.78,Moderate
13-02-2025 22:00,Uttar Pradesh,Gorakhpur,104.02124999999998,3.05,5.68,66,3,1.0,7,4592.375,-0.22,Severe
13-02-2025 23:00,Odisha,Cuttack,36.78,3.43,5.87,36,0,1.0,4,2775.0,0.49,Severe
14-02-2025 00:00,Maharashtra,Nashik,13.99,5.7,5.67,31,2,0.0,5,1129.0,0.68,Severe
14-02-2025 01:00,West Bengal,Murshidabad,84.57,1.13,6.66,66,2,1.0,0,2987.0,0.38,Severe
14-02-2025 02:00,Assam,Jorhat,76.72,4.27,4.19,58,2,0.0,4,3750.0,-0.43,Severe
14-02-2025 03:00,Bihar,Gaya,51.08,2.49,4.2,46,1,1.0,6,3026.0,-0.06,Severe
14-02-2025 04:00,Tamil Nadu,Thanjavur,29.47,8.74,6.11,42,0,0.0,1,2457.0,0.52,Severe
14-02-2025 05:00,Tamil Nadu,Chennai,17.38,5.66,6.3,30,0,1.0,7,1559.0,-0.37,Severe
14-02-2025 06:00,West Bengal,Howrah,23.91,7.94,5.3,30,1,0.0,6,1790.0,1.49,Severe
14-02-2025 07:00,Gujarat,Rajkot,69.96,2.57,5.06,46,0,1.0,5,2544.0,0.86,Severe
14-02-2025 08:00,Kerala,Kozhikode,19.16,7.48,4.83,28,2,1.0,6,2418.0,-0.33,Severe
14-02-2025 09:00,Assam,Dibrugarh,11.99,4.32,4.7,40,0,0.0,5,898.0,0.47,Moderate
14-02-2025 10:00,Tamil Nadu,Madurai,50.5,2.42,6.74,34,1,0.0,3,1678.0,0.38,Moderate
14-02-2025 11:00,Odisha,Cuttack,32.35,7.09,4.89,35,2,1.0,4,2392.0,0.84,Severe
14-02-2025 12:00,Tamil Nadu,Chennai,19.75,7.1,5.94,31,1,0.0,5,1898.0,-0.77,Severe
14-02-2025 13:00,Maharashtra,Pune,21.19,8.97,6.36,37,1,0.0,3,1842.0,0.43,Severe
14-02-2025 14:00,Uttar Pradesh,Gorakhpur,4.62,7.25,4.07,33,1,0.0,5,2396.0,-0.19,Severe
14-02-2025 15:00,Tamil Nadu,Thanjavur,22.36,2.16,4.1,35,2,1.0,4,553.0,0.55,Moderate
14-02-2025 16:00,Maharashtra,Nashik,65.78,3.58,5.0,48,3,1.0,3,2241.0,-0.14,Severe
14-02-2025 17:00,West Bengal,Darjeeling,15.65,4.61,6.09,26,3,1.0,3,1141.0,0.97,Severe
14-02-2025 18:00,West Bengal,Darjeeling,104.02124999999998,2.01,4.78,65,4,2.5,7,3593.0,0.49,Severe
14-02-2025 19:00,Bihar,Gaya,32.84,7.3,4.0,36,1,0.0,5,3347.0,-0.46,Severe
14-02-2025 20:00,Tamil Nadu,Madurai,9.5,5.21,4.86,24,2,1.0,6,2455.0,-0.8,Severe
14-02-2025 21:00,Odisha,Kendrapara,39.16,8.56,4.27,37,3,0.0,7,2451.0,0.57,Severe
14-02-2025 22:00,Tamil Nadu,Chennai,15.6,5.71,4.66,27,1,0.0,7,1947.0,0.04,Severe
14-02-2025 23:00,Odisha,Cuttack,51.3,5.18,5.0,52,0,1.0,5,2574.0,0.61,Severe
15-02-2025 00:00,Karnataka,Kodagu,72.99,1.57,4.38,44,3,0.0,6,2850.0,0.05,Severe
15-02-2025 01:00,Bihar,Darbhanga,58.35,2.19,6.12,55,0,2.0,3,2963.0,0.89,Severe
15-02-2025 02:00,Karnataka,Mangaluru,57.45,7.8,4.77,57,1,1.0,3,2695.0,0.8,Severe
15-02-2025 03:00,Tamil Nadu,Madurai,23.94,8.93,5.98,30,2,1.0,3,2231.0,0.54,Severe
15-02-2025 04:00,Bihar,Patna,15.97,4.32,5.8,33,0,1.0,3,2905.0,-0.05,Severe
15-02-2025 05:00,Karnataka,Bengaluru,47.32,7.48,6.69,40,0,0.0,3,2236.0,0.09,Severe
15-02-2025 06:00,Kerala,Kozhikode,17.0,6.02,4.26,26,0,0.0,4,1651.0,0.23,Severe
15-02-2025 07:00,Tamil Nadu,Madurai,24.58,8.67,4.64,32,0,1.0,4,1786.0,-0.12,Severe
15-02-2025 08:00,Karnataka,Udupi,17.53,2.91,6.6,36,1,0.0,4,2346.0,0.65,Moderate
15-02-2025 09:00,Kerala,Kozhikode,19.28,5.36,6.47,37,1,1.0,3,1462.0,0.2,Severe
15-02-2025 10:00,Kerala,Kottayam,49.87,4.27,4.58,53,2,0.0,4,2957.0,0.27,Severe
15-02-2025 11:00,West Bengal,Murshidabad,18.37,5.33,4.32,33,1,0.0,8,1073.0,0.12,Severe
15-02-2025 12:00,Tamil Nadu,Coimbatore,50.49,3.15,6.57,43,0,0.0,2,2119.0,0.34,Moderate
15-02-2025 13:00,Kerala,Kottayam,72.73,4.98,4.53,47,2,1.0,2,3357.0,0.43,Severe
15-02-2025 14:00,West Bengal,Murshidabad,21.82,6.0,6.61,41,3,0.0,3,780.0,0.1,Severe
15-02-2025 15:00,Karnataka,Udupi,13.55,1.65,6.88,28,2,1.0,6,470.0,0.24,Moderate
15-02-2025 16:00,Maharashtra,Mumbai,63.4,6.94,4.66,41,0,0.0,4,2424.0,0.14,Severe
15-02-2025 17:00,Tamil Nadu,Thanjavur,40.89,6.65,6.52,36,1,0.0,6,2419.0,0.14,Severe
15-02-2025 18:00,Bihar,Bhagalpur,17.95,8.04,5.27,33,2,0.0,4,2589.0,0.36,Severe
15-02-2025 19:00,Odisha,Balasore,25.57,4.41,6.37,37,2,0.0,4,1710.0,-0.8,Severe
15-02-2025 20:00,Odisha,Puri,43.31,1.49,5.22,41,1,1.0,6,237.0,0.98,Moderate
15-02-2025 21:00,Karnataka,Mysuru,8.38,4.69,4.21,29,0,0.0,5,579.0,0.69,Severe
15-02-2025 22:00,Gujarat,Bharuch,92.8,2.1,6.14,53,2,0.0,3,3804.0,0.42,Severe
15-02-2025 23:00,Gujarat,Bharuch,60.01,6.18,4.45,52,1,2.0,1,3213.0,0.73,Severe
16-02-2025 00:00,Karnataka,Udupi,33.32,1.38,6.78,34,2,0.0,6,1331.0,-0.26,Moderate
16-02-2025 01:00,Kerala,Thrissur,89.81,3.99,5.25,49,3,0.0,1,3791.0,-0.44,Severe
16-02-2025 02:00,Tamil Nadu,Chennai,80.49,1.66,4.25,51,2,0.0,6,3045.0,-0.5,Severe
16-02-2025 03:00,Odisha,Bhubaneswar,28.64,1.03,4.69,37,1,1.0,1,934.0,0.54,Moderate
16-02-2025 04:00,Odisha,Balasore,27.01,8.68,6.59,29,0,0.0,5,3362.0,0.41,Severe
16-02-2025 05:00,Kerala,Thrissur,27.82,8.97,4.96,37,3,0.0,3,1543.0,0.51,Severe
16-02-2025 06:00,Odisha,Cuttack,48.35,5.44,6.57,45,1,1.0,7,2830.0,0.77,Severe
16-02-2025 07:00,Bihar,Muzaffarpur,45.8,2.91,4.52,41,4,1.0,8,2426.0,-0.72,Severe
16-02-2025 08:00,Tamil Nadu,Thanjavur,5.92,8.29,5.4,23,0,0.0,6,1948.0,-0.19,Severe
16-02-2025 09:00,Uttar Pradesh,Varanasi,43.67,8.38,6.63,46,1,1.0,2,2296.0,0.06,Severe
16-02-2025 10:00,Odisha,Cuttack,43.48,7.84,4.15,30,0,1.0,6,2732.0,0.65,Severe
16-02-2025 11:00,Karnataka,Kodagu,28.05,5.35,4.91,33,2,0.0,4,1940.0,0.42,Severe
16-02-2025 12:00,Bihar,Gaya,34.79,1.6,6.73,41,1,0.0,5,1630.0,1.54,Severe
16-02-2025 13:00,Odisha,Kendrapara,7.2,1.71,5.79,32,1,1.0,6,438.0,-0.14,Moderate
16-02-2025 14:00,Bihar,Bhagalpur,11.68,8.17,6.15,31,1,0.0,5,1812.0,0.59,Severe
16-02-2025 15:00,West Bengal,Howrah,16.98,8.01,6.53,21,1,0.0,5,2418.0,0.78,Severe
16-02-2025 16:00,Uttar Pradesh,Lucknow,48.79,4.48,5.57,46,3,0.0,8,1905.0,1.01,Severe
16-02-2025 17:00,Assam,Guwahati,75.04,3.63,6.54,46,1,0.0,3,2115.0,0.26,Severe
16-02-2025 18:00,Karnataka,Udupi,46.63,6.15,5.92,36,1,0.0,5,2043.0,-0.24,Severe
16-02-2025 19:00,Karnataka,Mysuru,36.15,7.46,6.06,45,0,0.0,5,1908.0,0.65,Severe
16-02-2025 20:00,Tamil Nadu,Thanjavur,53.82,6.85,4.46,40,1,0.0,6,2813.0,0.48,Severe
16-02-2025 21:00,Bihar,Patna,2.31,5.92,6.82,25,3,0.0,5,1798.0,0.61,Severe
16-02-2025 22:00,Kerala,Thrissur,71.08,2.85,6.39,54,3,0.0,4,2654.0,0.96,Severe
16-02-2025 23:00,Karnataka,Bengaluru,30.11,3.1,4.76,42,3,0.0,5,2267.0,0.24,Severe
17-02-2025 00:00,Bihar,Patna,65.32,6.79,5.74,47,0,0.0,6,3045.0,-0.12,Severe
17-02-2025 01:00,Bihar,Muzaffarpur,51.51,7.42,5.13,56,2,1.0,0,3236.0,0.6,Severe
17-02-2025 02:00,Maharashtra,Nagpur,17.94,1.93,5.98,38,2,0.0,1,991.0,0.49,Moderate
17-02-2025 03:00,Maharashtra,Nashik,39.4,2.5,6.98,29,1,0.0,6,1820.0,0.21,Moderate
17-02-2025 04:00,Assam,Barpeta,19.25,6.44,4.14,33,2,0.0,0,1954.0,-0.11,Severe
17-02-2025 05:00,West Bengal,Kolkata,45.47,4.11,6.86,37,2,1.0,2,2307.0,0.5,Severe
17-02-2025 06:00,Assam,Jorhat,99.99,5.51,4.22,51,2,2.5,5,4476.0,0.74,Severe
17-02-2025 07:00,Odisha,Cuttack,45.61,5.92,5.38,41,4,0.0,3,2211.0,-0.37,Severe
17-02-2025 08:00,Kerala,Alappuzha,17.27,7.21,5.45,36,3,1.0,8,2208.0,0.37,Severe
17-02-2025 09:00,Odisha,Balasore,60.06,7.45,4.81,42,1,2.0,2,2526.0,0.62,Severe
17-02-2025 10:00,Gujarat,Vadodara,16.49,3.24,5.7,41,1,0.0,1,973.0,1.16,Moderate
17-02-2025 11:00,Odisha,Kendrapara,73.07,5.33,6.5,46,4,0.0,2,2741.0,0.38,Severe
17-02-2025 12:00,Tamil Nadu,Tiruppur,14.07,1.99,4.88,27,0,0.0,2,549.0,1.05,Moderate
17-02-2025 13:00,Odisha,Balasore,66.84,7.74,4.21,40,1,0.0,0,3051.0,0.73,Severe
17-02-2025 14:00,Assam,Dhemaji,22.31,7.76,5.9,29,2,0.0,5,2103.0,0.74,Severe
17-02-2025 15:00,Karnataka,Udupi,48.87,3.4,6.26,36,2,0.0,3,2215.0,-0.01,Moderate
17-02-2025 16:00,Karnataka,Mysuru,60.47,2.28,6.86,41,2,0.0,5,3024.0,1.46,Severe
17-02-2025 17:00,Maharashtra,Nashik,39.06,1.56,4.48,41,0,2.0,5,2462.0,0.38,Moderate
17-02-2025 18:00,Kerala,Thrissur,24.33,5.6,6.7,29,1,0.0,4,1392.0,0.44,Severe
17-02-2025 19:00,Kerala,Kozhikode,40.12,1.73,5.45,44,0,0.0,6,1262.0,0.36,Moderate
17-02-2025 20:00,Tamil Nadu,Coimbatore,30.11,6.44,4.71,24,1,1.0,1,1949.0,0.91,Severe
17-02-2025 21:00,Assam,Dhemaji,34.07,6.43,6.89,41,1,1.0,2,2824.0,1.23,Severe
17-02-2025 22:00,Maharashtra,Nashik,8.39,5.91,4.72,23,1,0.0,7,1532.0,0.65,Severe
17-02-2025 23:00,Gujarat,Surat,52.83,8.01,6.2,39,2,0.0,4,2866.0,0.18,Severe
18-02-2025 00:00,Kerala,Kottayam,38.25,4.03,6.35,39,1,1.0,2,2388.0,1.11,Severe
18-02-2025 01:00,Karnataka,Mangaluru,6.42,8.22,5.29,27,0,0.0,2,3214.0,-0.22,Severe
18-02-2025 02:00,Odisha,Puri,25.53,1.3,6.07,25,1,1.0,4,553.0,0.04,Moderate
18-02-2025 03:00,Odisha,Cuttack,4.07,1.9,5.72,27,1,0.0,5,539.0,-0.27,Low
18-02-2025 04:00,Maharashtra,Nagpur,34.62,4.3,4.58,34,1,0.0,3,1751.0,0.18,Moderate
18-02-2025 05:00,Assam,Guwahati,47.88,5.75,6.28,39,3,0.0,4,1324.0,0.8,Severe
18-02-2025 06:00,Assam,Dhemaji,19.82,1.26,6.78,35,1,0.0,2,860.0,0.25,Low
18-02-2025 07:00,West Bengal,Howrah,18.66,5.54,5.47,48,1,0.0,2,1174.0,0.38,Severe
18-02-2025 08:00,Uttar Pradesh,Varanasi,24.52,3.46,6.98,31,0,1.0,3,2104.0,0.51,Moderate
18-02-2025 09:00,Kerala,Kochi,18.57,8.1,5.28,42,1,0.0,4,1617.0,0.25,Severe
18-02-2025 10:00,Assam,Guwahati,15.93,5.27,5.44,33,0,0.0,3,1465.0,-0.15,Moderate
18-02-2025 11:00,Karnataka,Kodagu,5.46,5.7,6.02,21,0,0.0,2,2146.0,-0.39,Moderate
18-02-2025 12:00,Maharashtra,Pune,18.08,8.56,4.56,18,1,1.0,3,2341.0,0.94,Severe
18-02-2025 13:00,Gujarat,Rajkot,8.66,7.11,6.71,36,1,0.0,1,1471.0,0.06,Severe
18-02-2025 14:00,West Bengal,Kolkata,70.9,4.51,6.4,55,2,1.0,5,2158.0,0.04,Severe
18-02-2025 15:00,Bihar,Muzaffarpur,79.23,4.82,6.62,60,3,0.0,5,2922.0,-0.32,Severe
18-02-2025 16:00,Tamil Nadu,Madurai,46.0,6.18,5.83,41,3,2.5,3,2638.0,0.29,Severe
18-02-2025 17:00,Gujarat,Surat,68.61,2.6,6.65,52,1,1.0,5,2580.0,0.59,Severe
18-02-2025 18:00,Bihar,Bhagalpur,16.86,1.71,6.04,29,0,0.0,4,1280.0,0.19,Low
18-02-2025 19:00,Odisha,Balasore,47.59,3.49,5.53,34,3,0.0,1,2395.0,0.51,Severe
18-02-2025 20:00,Tamil Nadu,Madurai,46.74,7.23,6.8,42,2,0.0,4,2370.0,-0.54,Severe
18-02-2025 21:00,Kerala,Kochi,40.55,3.06,5.32,44,1,0.0,4,1774.0,0.43,Moderate
18-02-2025 22:00,Karnataka,Bengaluru,23.97,2.05,5.5,23,1,0.0,3,1022.0,0.17,Moderate
18-02-2025 23:00,Tamil Nadu,Chennai,32.85,2.75,4.51,34,0,1.0,4,2026.0,-0.3,Moderate
19-02-2025 00:00,Uttar Pradesh,Gorakhpur,39.43,6.43,6.84,46,1,0.0,8,1838.0,-0.38,Severe
19-02-2025 01:00,Bihar,Muzaffarpur,38.78,5.91,4.66,41,1,2.0,2,1680.0,-0.04,Severe
19-02-2025 02:00,Kerala,Kochi,15.12,6.51,4.6,26,1,1.0,1,2444.0,-0.2,Severe
19-02-2025 03:00,Uttar Pradesh,Lucknow,76.09,3.58,4.3,66,1,1.0,2,3349.0,0.51,Severe
19-02-2025 04:00,Odisha,Kendrapara,34.77,8.21,5.36,26,2,0.0,7,2954.0,0.55,Severe
19-02-2025 05:00,Uttar Pradesh,Prayagraj,55.13,4.61,4.82,49,1,0.0,5,2383.0,0.43,Severe
19-02-2025 06:00,West Bengal,Darjeeling,21.44,5.11,6.22,34,1,1.0,7,1881.0,0.52,Severe
19-02-2025 07:00,West Bengal,Darjeeling,45.53,8.59,4.92,37,1,0.0,3,2752.0,-0.36,Severe
19-02-2025 08:00,Maharashtra,Pune,36.49,8.83,6.16,40,0,1.0,2,2226.0,0.58,Severe
19-02-2025 09:00,Gujarat,Vadodara,16.49,6.29,4.59,26,1,0.0,7,917.0,0.65,Severe
19-02-2025 10:00,Gujarat,Vadodara,33.21,8.56,4.69,32,0,1.0,2,2267.0,0.47,Severe
19-02-2025 11:00,Kerala,Thrissur,26.25,5.33,6.42,39,2,1.0,0,1049.0,0.31,Severe
19-02-2025 12:00,Odisha,Balasore,28.33,3.46,5.11,36,1,1.0,4,1981.0,0.02,Moderate
19-02-2025 13:00,Assam,Guwahati,61.76,3.52,4.34,52,3,1.0,1,2411.0,0.5,Severe
19-02-2025 14:00,West Bengal,Howrah,30.51,5.47,6.88,37,0,0.0,1,2055.0,0.18,Severe
19-02-2025 15:00,Kerala,Alappuzha,59.32,5.84,4.53,50,4,0.0,5,3539.0,0.77,Severe
19-02-2025 16:00,Assam,Dibrugarh,48.53,4.52,4.45,41,0,0.0,3,1880.0,0.47,Severe
19-02-2025 17:00,Gujarat,Surat,35.85,8.07,5.08,31,0,2.0,2,3505.0,0.27,Severe
19-02-2025 18:00,Maharashtra,Mumbai,64.1,4.41,4.29,50,1,1.0,6,2776.0,0.2,Severe
19-02-2025 19:00,Uttar Pradesh,Varanasi,60.8,3.19,4.47,66,4,0.0,1,2608.0,0.28,Severe
19-02-2025 20:00,West Bengal,Murshidabad,35.9,1.06,6.54,36,2,0.0,3,1581.0,0.28,Moderate
19-02-2025 21:00,Kerala,Kozhikode,37.85,8.76,4.51,38,0,0.0,5,2497.0,0.31,Severe
19-02-2025 22:00,Tamil Nadu,Chennai,64.55,7.59,4.33,60,0,2.5,7,3098.0,-0.23,Severe
19-02-2025 23:00,Assam,Dhemaji,50.61,5.92,6.64,55,2,0.0,4,2450.0,0.46,Severe
20-02-2025 00:00,Uttar Pradesh,Prayagraj,75.58,7.64,5.33,39,2,2.5,5,3214.0,0.43,Severe
20-02-2025 01:00,West Bengal,Darjeeling,30.05,7.48,4.47,27,1,0.0,3,3099.0,-0.18,Severe
20-02-2025 02:00,Gujarat,Ahmedabad,12.96,8.45,5.74,26,0,2.0,5,2291.0,0.45,Severe
20-02-2025 03:00,Odisha,Puri,19.32,4.09,4.12,30,1,0.0,5,2128.0,0.34,Severe
20-02-2025 04:00,Assam,Dhemaji,5.96,5.44,5.28,34,1,2.0,5,1224.0,-0.02,Severe
20-02-2025 05:00,Gujarat,Ahmedabad,18.32,1.79,5.77,34,0,1.0,3,1686.0,0.62,Moderate
20-02-2025 06:00,West Bengal,Kolkata,50.24,8.72,6.87,44,2,0.0,3,3921.0,0.95,Severe
20-02-2025 07:00,Assam,Jorhat,30.41,8.88,4.98,35,1,0.0,4,3015.0,0.09,Severe
20-02-2025 08:00,Uttar Pradesh,Varanasi,16.38,7.31,6.3,34,1,0.0,5,1874.0,0.4,Severe
20-02-2025 09:00,West Bengal,Howrah,21.84,4.63,4.4,29,2,0.0,4,2283.0,0.91,Severe
20-02-2025 10:00,Bihar,Patna,40.58,4.97,5.3,39,1,1.0,1,2457.0,-0.64,Severe
20-02-2025 11:00,Kerala,Kozhikode,22.71,4.48,4.67,26,2,1.0,6,3020.0,1.2,Severe
20-02-2025 12:00,Uttar Pradesh,Prayagraj,27.94,3.35,5.48,35,1,0.0,1,1739.0,0.39,Moderate
20-02-2025 13:00,Assam,Barpeta,8.92,5.22,5.25,23,2,0.0,3,2074.0,0.69,Severe
20-02-2025 14:00,Odisha,Kendrapara,69.87,1.43,6.94,51,1,1.0,3,2037.0,-0.42,Moderate
20-02-2025 15:00,Gujarat,Rajkot,76.37,8.94,6.75,61,2,0.0,2,3891.0,-0.26,Severe
20-02-2025 16:00,Tamil Nadu,Coimbatore,17.12,4.39,5.75,32,0,0.0,4,1848.0,-0.08,Moderate
20-02-2025 17:00,Gujarat,Surat,25.53,8.42,4.53,51,0,1.0,2,3027.0,-0.13,Severe
20-02-2025 18:00,Assam,Barpeta,5.22,6.79,5.67,31,1,1.0,4,1594.0,-0.7,Severe
20-02-2025 19:00,Gujarat,Bharuch,66.17,3.32,6.38,54,3,1.0,5,1199.0,-0.19,Severe
20-02-2025 20:00,Kerala,Kochi,11.42,2.78,4.11,25,0,2.0,0,1183.0,-0.02,Moderate
20-02-2025 21:00,West Bengal,Howrah,32.14,8.97,5.3,34,2,1.0,6,2071.0,-0.3,Severe
20-02-2025 22:00,Tamil Nadu,Madurai,14.37,7.18,4.13,31,0,1.0,6,2288.0,1.02,Severe
20-02-2025 23:00,Karnataka,Kodagu,32.68,3.0,4.73,35,1,1.0,5,1479.0,0.64,Severe
21-02-2025 00:00,Assam,Barpeta,58.1,1.54,4.28,54,1,0.0,2,2168.0,0.02,Moderate
21-02-2025 01:00,Maharashtra,Mumbai,48.32,6.58,6.88,51,1,0.0,2,3016.0,0.61,Severe
21-02-2025 02:00,Karnataka,Mangaluru,50.75,3.42,4.51,36,2,1.0,5,1730.0,0.5,Severe
21-02-2025 03:00,Gujarat,Bharuch,10.3,2.77,4.45,29,0,0.0,6,1528.0,-0.43,Moderate
21-02-2025 04:00,Assam,Jorhat,31.54,6.88,6.92,32,0,2.5,4,2244.0,0.54,Severe
21-02-2025 05:00,Bihar,Darbhanga,104.02124999999998,6.43,5.55,66,3,1.0,8,4151.0,0.16,Severe
21-02-2025 06:00,Maharashtra,Nagpur,38.93,4.85,6.27,32,2,1.0,6,2290.0,0.66,Severe
21-02-2025 07:00,Tamil Nadu,Madurai,33.55,8.54,4.98,42,0,1.0,3,1819.0,-0.14,Severe
21-02-2025 08:00,Odisha,Cuttack,27.17,6.44,5.6,28,1,1.0,2,2721.0,0.59,Severe
21-02-2025 09:00,Bihar,Muzaffarpur,36.45,8.15,4.02,40,0,0.0,4,2806.0,0.82,Severe
21-02-2025 10:00,Karnataka,Bengaluru,32.59,2.52,5.23,30,3,0.0,1,1605.0,0.53,Moderate
21-02-2025 11:00,West Bengal,Murshidabad,95.89,3.37,5.67,61,2,2.0,6,2942.0,-0.46,Severe
21-02-2025 12:00,Kerala,Alappuzha,55.77,1.84,5.54,46,0,0.0,2,2532.0,1.46,Severe
21-02-2025 13:00,Odisha,Kendrapara,29.85,3.44,5.22,42,0,0.0,1,2178.0,0.62,Moderate
21-02-2025 14:00,Bihar,Darbhanga,53.94,8.77,6.36,36,1,0.0,5,2684.0,0.24,Severe
21-02-2025 15:00,West Bengal,Darjeeling,18.25,8.7,5.5,28,2,0.0,2,2198.0,0.63,Severe
21-02-2025 16:00,West Bengal,Howrah,32.23,7.08,5.91,29,0,0.0,3,1109.0,1.3,Severe
21-02-2025 17:00,Assam,Dibrugarh,22.71,5.17,4.55,27,2,1.0,4,2138.0,-0.29,Severe
21-02-2025 18:00,Bihar,Darbhanga,51.56,7.25,6.58,34,1,0.0,3,3362.0,0.84,Severe
21-02-2025 19:00,Tamil Nadu,Coimbatore,30.57,5.43,5.09,26,1,0.0,5,2267.0,0.28,Severe
21-02-2025 20:00,Gujarat,Surat,36.08,1.03,5.45,38,1,0.0,3,723.0,0.21,Low
21-02-2025 21:00,Maharashtra,Kolhapur,28.91,5.01,5.06,46,1,0.0,5,1530.0,0.23,Severe
21-02-2025 22:00,Maharashtra,Nashik,41.86,5.79,6.68,48,4,0.0,3,1856.0,-0.59,Severe
21-02-2025 23:00,Karnataka,Bengaluru,52.1,3.13,6.7,35,3,0.0,4,1938.0,0.57,Severe
22-02-2025 00:00,Karnataka,Mangaluru,76.53,2.63,4.67,53,3,1.0,3,3516.0,-0.74,Severe
22-02-2025 01:00,Maharashtra,Pune,26.94,3.19,6.26,27,0,1.0,2,2677.0,0.11,Moderate
22-02-2025 02:00,Tamil Nadu,Thanjavur,15.09,5.99,4.31,39,2,1.0,5,1650.0,0.12,Severe
22-02-2025 03:00,Kerala,Kochi,43.41,2.17,4.09,46,1,2.5,4,1165.0,0.18,Severe
22-02-2025 04:00,Uttar Pradesh,Varanasi,11.96,6.76,6.51,19,1,1.0,4,825.0,-0.62,Severe
22-02-2025 05:00,Gujarat,Bharuch,26.35,4.38,4.39,31,0,0.0,2,1508.0,0.75,Moderate
22-02-2025 06:00,Kerala,Kochi,9.26,3.83,4.46,34,3,0.0,4,284.0,-0.48,Moderate
22-02-2025 07:00,Assam,Dhemaji,104.02124999999998,7.46,5.82,66,4,2.5,3,4592.375,-0.07,Severe
22-02-2025 08:00,Uttar Pradesh,Varanasi,70.29,5.05,6.45,48,5,1.0,3,3685.0,0.1,Severe
22-02-2025 09:00,Uttar Pradesh,Prayagraj,66.08,4.03,4.57,44,2,0.0,7,3316.0,0.21,Severe
22-02-2025 10:00,Bihar,Patna,78.98,8.03,4.34,57,3,1.0,2,4211.0,0.52,Severe
22-02-2025 11:00,Tamil Nadu,Madurai,61.44,3.95,4.23,66,0,0.0,1,3709.0,0.36,Severe
22-02-2025 12:00,Tamil Nadu,Thanjavur,39.1,7.87,4.07,36,1,2.0,6,2872.0,1.22,Severe
22-02-2025 13:00,Uttar Pradesh,Varanasi,39.87,5.03,4.35,36,0,2.0,4,2120.0,0.51,Severe
22-02-2025 14:00,Bihar,Darbhanga,74.13,2.66,6.83,57,1,2.0,8,2944.0,0.47,Severe
22-02-2025 15:00,Gujarat,Rajkot,77.3,5.9,4.29,53,2,0.0,3,2196.0,0.09,Severe
22-02-2025 16:00,Uttar Pradesh,Varanasi,16.21,3.28,5.79,29,2,0.0,3,815.0,0.49,Moderate
22-02-2025 17:00,Odisha,Bhubaneswar,29.96,2.18,6.76,34,0,0.0,3,1301.0,0.13,Moderate
22-02-2025 18:00,Karnataka,Kodagu,35.21,1.69,5.88,34,0,0.0,6,2093.0,0.13,Moderate
22-02-2025 19:00,Karnataka,Kodagu,62.68,2.93,4.1,45,2,0.0,4,1916.0,1.5750000000000002,Severe
22-02-2025 20:00,Kerala,Kozhikode,18.37,6.89,5.79,33,0,1.0,4,1751.0,1.04,Severe
22-02-2025 21:00,Assam,Dhemaji,16.79,7.7,6.71,37,1,0.0,6,2350.0,-0.04,Severe
22-02-2025 22:00,Karnataka,Kodagu,11.13,7.89,4.97,32,0,1.0,6,2245.0,0.64,Severe
22-02-2025 23:00,West Bengal,Murshidabad,23.03,3.16,4.94,34,1,1.0,3,1237.0,0.47,Moderate
23-02-2025 00:00,Kerala,Kottayam,26.12,6.29,4.75,36,1,1.0,2,1892.0,0.05,Severe
23-02-2025 01:00,Karnataka,Bengaluru,88.18,2.84,5.52,46,2,1.0,3,2802.0,1.29,Severe
23-02-2025 02:00,Assam,Guwahati,58.07,5.98,4.71,53,1,2.0,4,4056.0,0.26,Severe
23-02-2025 03:00,Tamil Nadu,Coimbatore,62.66,8.1,6.17,42,3,1.0,3,3674.0,0.97,Severe
23-02-2025 04:00,Tamil Nadu,Tiruppur,14.66,1.33,5.93,40,0,0.0,3,703.0,0.05,Low
23-02-2025 05:00,Gujarat,Rajkot,28.68,8.88,5.2,29,1,0.0,3,2692.0,0.84,Severe
23-02-2025 06:00,Uttar Pradesh,Kanpur,53.39,7.62,6.17,46,1,2.0,4,2820.0,0.95,Severe
23-02-2025 07:00,Odisha,Puri,37.02,7.09,4.3,38,1,0.0,4,1908.0,-0.09,Severe
23-02-2025 08:00,Tamil Nadu,Madurai,47.46,6.53,6.25,45,3,2.0,4,3336.0,0.2,Severe
23-02-2025 09:00,Bihar,Gaya,11.3,7.16,5.81,29,1,0.0,3,1611.0,0.31,Severe
23-02-2025 10:00,Karnataka,Udupi,35.97,8.96,5.89,31,2,0.0,3,2452.0,1.09,Severe
23-02-2025 11:00,Bihar,Patna,55.29,7.16,4.19,55,0,0.0,2,2661.0,1.05,Severe
23-02-2025 12:00,Assam,Jorhat,15.09,3.81,5.85,30,0,0.0,7,414.0,0.17,Moderate
23-02-2025 13:00,Tamil Nadu,Chennai,7.05,5.91,5.48,23,0,0.0,1,1493.0,0.18,Moderate
23-02-2025 14:00,Odisha,Kendrapara,14.58,3.7,5.46,40,2,0.0,1,1847.0,0.46,Moderate
23-02-2025 15:00,Assam,Jorhat,73.51,8.76,4.97,60,2,2.0,3,3555.0,-0.36,Severe
23-02-2025 16:00,West Bengal,Murshidabad,12.75,8.2,4.02,27,2,0.0,4,2200.0,0.92,Severe
23-02-2025 17:00,West Bengal,Darjeeling,33.99,5.54,5.27,42,1,0.0,5,2427.0,-0.04,Severe
23-02-2025 18:00,Bihar,Muzaffarpur,6.79,7.25,5.2,26,1,2.5,8,2321.0,0.39,Severe
23-02-2025 19:00,Uttar Pradesh,Kanpur,16.78,8.28,5.27,41,1,0.0,3,2006.0,0.98,Severe
23-02-2025 20:00,Kerala,Thrissur,38.6,2.95,5.84,40,3,1.0,2,1781.0,0.55,Severe
23-02-2025 21:00,Uttar Pradesh,Gorakhpur,33.44,5.64,4.9,36,0,0.0,4,2011.0,0.17,Severe
23-02-2025 22:00,Gujarat,Bharuch,66.22,4.85,4.81,50,3,2.0,5,2983.0,-0.11,Severe
23-02-2025 23:00,Uttar Pradesh,Varanasi,44.25,7.17,5.49,51,0,0.0,6,2201.0,0.33,Severe
24-02-2025 00:00,Gujarat,Bharuch,15.09,4.03,5.78,26,2,0.0,2,1930.0,0.22,Moderate
24-02-2025 01:00,Gujarat,Rajkot,28.37,6.67,5.7,40,1,0.0,5,2102.0,1.53,Severe
24-02-2025 02:00,Odisha,Cuttack,24.3,4.22,6.64,27,1,0.0,3,2451.0,-0.01,Moderate
24-02-2025 03:00,Tamil Nadu,Thanjavur,4.04,1.89,6.31,29,1,1.0,2,1153.0,0.11,Moderate
24-02-2025 04:00,Odisha,Cuttack,89.65,1.86,4.16,55,2,0.0,5,2795.0,-0.1,Severe
24-02-2025 05:00,Gujarat,Rajkot,34.55,1.95,5.69,26,1,0.0,1,1649.0,0.23,Moderate
24-02-2025 06:00,Assam,Dhemaji,38.98,1.26,5.25,54,2,1.0,3,1949.0,0.58,Moderate
24-02-2025 07:00,West Bengal,Kolkata,52.27,5.26,5.08,42,0,2.0,4,3473.0,-0.08,Severe
24-02-2025 08:00,Gujarat,Ahmedabad,52.74,6.38,6.87,46,2,1.0,0,2240.0,0.51,Severe
24-02-2025 09:00,Odisha,Cuttack,56.48,2.01,5.37,46,2,1.0,4,2874.0,-0.2,Severe
24-02-2025 10:00,Assam,Guwahati,25.33,5.89,6.16,27,1,0.0,5,2413.0,0.77,Severe
24-02-2025 11:00,Odisha,Bhubaneswar,23.12,5.78,6.9,34,1,1.0,2,2257.0,0.14,Severe
24-02-2025 12:00,Uttar Pradesh,Varanasi,67.87,2.18,4.45,55,0,0.0,2,2821.0,0.2,Moderate
24-02-2025 13:00,Karnataka,Kodagu,91.07,4.23,4.16,66,1,2.0,5,2984.0,0.98,Severe
24-02-2025 14:00,Bihar,Patna,6.76,7.04,4.94,22,1,0.0,4,2209.0,0.15,Severe
24-02-2025 15:00,Kerala,Kottayam,66.28,1.13,4.13,60,5,0.0,4,2865.0,0.53,Severe
24-02-2025 16:00,Odisha,Kendrapara,28.38,2.18,4.35,43,0,1.0,1,2344.0,0.67,Moderate
24-02-2025 17:00,Kerala,Kochi,31.92,8.97,6.98,46,2,0.0,5,2736.0,0.94,Severe
24-02-2025 18:00,Maharashtra,Mumbai,2.33,6.87,6.88,28,0,0.0,8,1746.0,0.5,Severe
24-02-2025 19:00,Odisha,Bhubaneswar,33.96,4.71,6.07,31,1,2.0,7,2449.0,0.21,Severe
24-02-2025 20:00,Karnataka,Mangaluru,21.71,6.04,6.26,33,4,0.0,4,2004.0,0.12,Severe
24-02-2025 21:00,Kerala,Kochi,3.57,7.77,4.42,26,1,0.0,6,1543.0,0.49,Severe
24-02-2025 22:00,Gujarat,Ahmedabad,72.21,7.74,5.79,47,1,2.0,6,3836.0,0.01,Severe
24-02-2025 23:00,Odisha,Kendrapara,38.67,3.6,4.46,39,0,0.0,3,1972.0,0.59,Moderate
25-02-2025 00:00,Tamil Nadu,Tiruppur,42.8,4.93,5.14,36,1,0.0,5,2708.0,0.44,Severe
25-02-2025 01:00,Bihar,Bhagalpur,71.83,6.1,5.04,48,1,2.0,5,2820.0,-0.18,Severe
25-02-2025 02:00,Karnataka,Bengaluru,53.38,1.58,5.84,48,2,1.0,5,1805.0,-0.2,Moderate
25-02-2025 03:00,Kerala,Kottayam,10.85,8.57,4.24,22,2,0.0,8,2592.0,0.39,Severe
25-02-2025 04:00,Karnataka,Mysuru,61.59,4.46,4.31,42,0,0.0,5,3394.0,0.22,Severe
25-02-2025 05:00,Assam,Jorhat,8.4,3.97,5.83,35,1,1.0,4,1899.0,0.72,Severe
25-02-2025 06:00,Bihar,Bhagalpur,50.66,8.26,5.91,39,3,2.0,3,3185.0,-0.06,Severe
25-02-2025 07:00,Gujarat,Vadodara,103.34,1.95,5.02,54,3,2.5,4,3649.0,0.68,Severe
25-02-2025 08:00,Odisha,Balasore,50.96,1.31,4.44,35,0,0.0,4,2377.0,0.69,Moderate
25-02-2025 09:00,Odisha,Balasore,26.13,6.48,6.66,30,1,0.0,6,1087.0,-0.18,Severe
25-02-2025 10:00,Odisha,Balasore,101.09,4.08,4.16,55,2,2.5,5,3379.0,0.25,Severe
25-02-2025 11:00,Bihar,Bhagalpur,38.55,7.12,6.15,37,0,0.0,7,3250.0,0.96,Severe
25-02-2025 12:00,Tamil Nadu,Coimbatore,15.48,1.55,4.42,28,0,1.0,2,1517.0,0.53,Moderate
25-02-2025 13:00,Maharashtra,Nashik,20.41,4.07,5.91,30,0,1.0,3,779.0,0.31,Moderate
25-02-2025 14:00,West Bengal,Kolkata,19.87,2.88,5.99,28,0,1.0,2,1415.0,0.74,Moderate
25-02-2025 15:00,Uttar Pradesh,Lucknow,104.02124999999998,6.92,6.41,62,5,1.0,4,4113.0,0.13,Severe
25-02-2025 16:00,Kerala,Kozhikode,50.38,2.82,5.19,33,2,0.0,5,2376.0,0.2,Severe
25-02-2025 17:00,Tamil Nadu,Thanjavur,51.6,4.66,4.07,46,1,2.0,6,2693.0,0.43,Severe
25-02-2025 18:00,Gujarat,Surat,45.97,7.55,6.43,40,0,0.0,6,2151.0,0.99,Severe
25-02-2025 19:00,Kerala,Kozhikode,40.59,8.32,5.33,40,1,1.0,1,3855.0,-0.06,Severe
25-02-2025 20:00,Odisha,Cuttack,23.36,6.78,6.54,32,1,1.0,3,1606.0,0.56,Severe
25-02-2025 21:00,Karnataka,Mysuru,12.56,4.43,6.33,40,0,0.0,4,1752.0,0.17,Moderate
25-02-2025 22:00,Gujarat,Vadodara,43.22,5.58,5.49,31,0,1.0,7,2704.0,0.91,Severe
25-02-2025 23:00,Kerala,Kochi,99.16,6.52,7.0,54,1,0.0,1,4482.0,0.69,Severe
26-02-2025 00:00,Odisha,Kendrapara,41.7,8.0,5.39,44,0,0.0,6,2860.0,0.32,Severe
26-02-2025 01:00,Kerala,Kozhikode,76.61,8.11,6.09,62,3,1.0,1,3782.0,0.62,Severe
26-02-2025 02:00,Karnataka,Mysuru,6.54,8.45,6.01,35,0,0.0,2,916.0,0.09,Severe
26-02-2025 03:00,Odisha,Kendrapara,41.85,7.49,5.55,40,1,0.0,4,2286.0,0.06,Severe
26-02-2025 04:00,Maharashtra,Pune,22.21,2.17,5.76,36,1,0.0,3,2392.0,1.49,Severe
26-02-2025 05:00,Tamil Nadu,Chennai,14.8,6.98,6.4,32,1,0.0,6,1351.0,0.18,Severe
26-02-2025 06:00,Assam,Dhemaji,85.99,7.52,5.71,61,2,2.0,6,3472.0,0.43,Severe
26-02-2025 07:00,Uttar Pradesh,Kanpur,24.52,8.02,5.35,38,2,0.0,3,1472.0,0.17,Severe
26-02-2025 08:00,Bihar,Gaya,50.31,8.4,5.99,43,2,0.0,5,3145.0,-0.23,Severe
26-02-2025 09:00,Uttar Pradesh,Varanasi,31.15,5.07,4.11,36,3,0.0,5,1843.0,-0.11,Severe
26-02-2025 10:00,Gujarat,Bharuch,10.82,6.24,4.33,25,1,2.5,1,1494.0,0.5,Severe
26-02-2025 11:00,Uttar Pradesh,Lucknow,55.1,1.08,4.38,48,2,1.0,4,1665.0,-0.29,Moderate
26-02-2025 12:00,Odisha,Cuttack,25.88,5.58,5.28,27,0,0.0,4,2269.0,0.03,Severe
26-02-2025 13:00,Maharashtra,Kolhapur,60.7,4.79,6.62,50,2,0.0,3,3222.0,0.64,Severe
26-02-2025 14:00,Assam,Guwahati,16.89,8.7,5.93,15,0,1.0,6,2224.0,0.45,Severe
26-02-2025 15:00,Tamil Nadu,Tiruppur,22.53,8.21,6.92,42,1,0.0,1,1602.0,0.16,Severe
26-02-2025 16:00,Tamil Nadu,Coimbatore,49.04,7.38,4.12,53,0,1.0,2,2928.0,0.15,Severe
26-02-2025 17:00,Karnataka,Udupi,18.04,1.46,6.17,33,0,0.0,2,2029.0,-0.11,Low
26-02-2025 18:00,Bihar,Muzaffarpur,54.49,4.22,4.94,36,1,1.0,2,2176.0,1.35,Severe
26-02-2025 19:00,Kerala,Kozhikode,5.24,6.57,4.07,26,1,0.0,2,2403.0,-0.09,Severe
26-02-2025 20:00,Maharashtra,Pune,12.72,1.24,6.48,27,2,0.0,3,1077.0,0.8,Moderate
26-02-2025 21:00,Kerala,Alappuzha,35.62,2.89,4.49,34,0,1.0,5,1686.0,-0.64,Moderate
26-02-2025 22:00,Assam,Dibrugarh,51.67,8.1,4.64,41,0,0.0,6,2659.0,0.74,Severe
26-02-2025 23:00,Uttar Pradesh,Prayagraj,36.79,2.04,5.02,40,2,1.0,6,2052.0,0.79,Severe
27-02-2025 00:00,Tamil Nadu,Coimbatore,47.66,1.41,6.37,41,1,2.0,3,1596.0,-0.07,Moderate
27-02-2025 01:00,Assam,Guwahati,24.71,5.64,5.87,24,1,1.0,5,1828.0,0.07,Severe
27-02-2025 02:00,Uttar Pradesh,Gorakhpur,4.78,8.57,4.79,30,0,0.0,2,1630.0,0.83,Severe
27-02-2025 03:00,Tamil Nadu,Coimbatore,27.15,7.68,4.51,37,4,0.0,4,2136.0,-0.16,Severe
27-02-2025 04:00,Uttar Pradesh,Prayagraj,27.62,8.8,4.33,41,1,0.0,0,2103.0,0.55,Severe
27-02-2025 05:00,Bihar,Darbhanga,72.49,7.03,4.45,56,2,0.0,4,3611.0,0.05,Severe
27-02-2025 06:00,Maharashtra,Kolhapur,53.76,4.5,6.6,43,2,0.0,3,2529.0,0.76,Severe
27-02-2025 07:00,Gujarat,Surat,13.71,8.57,6.77,28,2,1.0,4,1569.0,1.19,Severe
27-02-2025 08:00,Assam,Dhemaji,3.44,4.41,6.9,27,0,0.0,5,838.0,-0.1,Moderate
27-02-2025 09:00,Assam,Barpeta,31.01,3.8,6.5,44,1,1.0,4,1150.0,0.62,Severe
27-02-2025 10:00,West Bengal,Malda,22.09,4.59,6.66,28,3,0.0,3,2308.0,0.79,Severe
27-02-2025 11:00,Odisha,Bhubaneswar,94.44,7.51,6.45,57,0,1.0,4,4085.0,-0.55,Severe
27-02-2025 12:00,Bihar,Gaya,73.95,8.34,6.87,45,1,2.5,5,3561.0,0.8,Severe
27-02-2025 13:00,Bihar,Patna,10.81,3.86,6.54,32,0,0.0,4,1152.0,0.51,Moderate
27-02-2025 14:00,Kerala,Kottayam,52.68,4.7,5.39,45,4,0.0,8,2374.0,0.64,Severe
27-02-2025 15:00,Uttar Pradesh,Gorakhpur,47.23,8.19,4.97,34,1,0.0,5,3033.0,-0.47,Severe
27-02-2025 16:00,Odisha,Kendrapara,46.01,1.38,5.75,37,1,0.0,5,2233.0,0.68,Moderate
27-02-2025 17:00,Maharashtra,Nashik,104.02124999999998,7.27,5.82,66,4,2.5,5,4592.375,0.27,Severe
27-02-2025 18:00,Maharashtra,Nashik,31.76,4.63,5.72,25,0,0.0,6,2486.0,-0.16,Severe
27-02-2025 19:00,Bihar,Gaya,57.04,4.01,6.12,46,0,2.5,4,2796.0,0.67,Severe
27-02-2025 20:00,Maharashtra,Kolhapur,62.4,4.58,6.1,47,3,2.5,5,1497.0,0.72,Severe
27-02-2025 21:00,West Bengal,Kolkata,43.38,4.35,4.26,47,2,2.0,7,2406.0,0.32,Severe
27-02-2025 22:00,Assam,Guwahati,93.64,7.05,4.86,63,2,1.0,3,4592.375,0.51,Severe
27-02-2025 23:00,Karnataka,Udupi,39.1,8.42,6.67,42,1,1.0,3,3032.0,0.28,Severe
28-02-2025 00:00,Gujarat,Bharuch,60.25,4.93,5.77,46,1,0.0,4,2805.0,-0.27,Severe
28-02-2025 01:00,Kerala,Alappuzha,19.81,7.66,4.99,24,0,0.0,3,1309.0,0.29,Severe
28-02-2025 02:00,Uttar Pradesh,Prayagraj,12.63,6.86,6.55,29,3,2.5,8,1446.0,0.89,Severe
28-02-2025 03:00,Gujarat,Ahmedabad,48.8,3.65,4.75,58,2,1.0,2,1347.0,0.9,Severe
28-02-2025 04:00,Uttar Pradesh,Lucknow,32.93,5.7,5.23,40,0,1.0,5,1882.0,-0.02,Severe
28-02-2025 05:00,Tamil Nadu,Thanjavur,34.31,6.33,4.83,29,1,0.0,3,1964.0,0.46,Severe
28-02-2025 06:00,Gujarat,Bharuch,26.64,1.19,6.61,26,0,1.0,4,1358.0,0.38,Moderate
28-02-2025 07:00,Karnataka,Bengaluru,59.38,4.17,6.18,48,5,1.0,5,2593.0,0.57,Severe
28-02-2025 08:00,Bihar,Darbhanga,38.6,8.94,5.38,42,1,0.0,3,2822.0,0.37,Severe
28-02-2025 09:00,West Bengal,Murshidabad,104.02124999999998,6.1,6.8,66,3,2.5,6,4592.375,0.67,Severe
28-02-2025 10:00,Assam,Barpeta,37.71,3.67,6.78,34,1,1.0,5,2623.0,0.16,Severe
28-02-2025 11:00,Assam,Jorhat,44.83,3.0,6.13,38,0,0.0,7,3431.0,0.85,Severe
28-02-2025 12:00,West Bengal,Murshidabad,64.31,2.68,6.68,48,1,0.0,1,2819.0,0.11,Moderate
28-02-2025 13:00,Odisha,Balasore,48.57,4.21,6.16,44,1,0.0,2,2928.0,0.44,Severe
28-02-2025 14:00,Tamil Nadu,Coimbatore,13.13,2.55,5.88,21,0,1.0,3,1285.0,0.65,Moderate
28-02-2025 15:00,Uttar Pradesh,Gorakhpur,29.49,2.08,5.26,28,1,0.0,4,1528.0,0.45,Moderate
28-02-2025 16:00,Karnataka,Mysuru,18.73,3.91,4.82,20,0,0.0,4,1570.0,-0.7,Moderate
28-02-2025 17:00,Maharashtra,Nagpur,46.88,5.86,4.18,41,2,1.0,5,2713.0,0.48,Severe
28-02-2025 18:00,Gujarat,Ahmedabad,41.17,2.17,6.4,42,2,1.0,6,1896.0,0.66,Severe
28-02-2025 19:00,Tamil Nadu,Madurai,61.7,1.35,4.37,43,2,0.0,6,2674.0,0.48,Severe
28-02-2025 20:00,Gujarat,Rajkot,67.3,1.28,5.23,50,1,1.0,4,2583.0,0.77,Severe
28-02-2025 21:00,Karnataka,Bengaluru,18.71,3.14,4.7,23,0,1.0,3,1764.0,0.88,Moderate
28-02-2025 22:00,Kerala,Kottayam,66.42,2.52,5.36,48,2,0.0,3,1991.0,0.04,Moderate
28-02-2025 23:00,Kerala,Kozhikode,73.21,5.31,4.94,54,3,2.0,7,2806.0,-0.42,Severe
01-03-2025 00:00,Tamil Nadu,Coimbatore,15.6,4.65,6.49,36,3,1.0,6,1723.0,-0.19,Severe
01-03-2025 01:00,Bihar,Muzaffarpur,44.88,3.6,6.93,47,2,0.0,3,1440.0,0.38,Severe
01-03-2025 02:00,Karnataka,Mangaluru,82.08,7.67,6.82,50,1,1.0,4,2895.0,0.63,Severe
01-03-2025 03:00,Karnataka,Mysuru,29.14,5.04,5.87,36,4,0.0,3,2174.0,0.29,Severe
01-03-2025 04:00,West Bengal,Howrah,34.46,1.73,6.94,34,1,1.0,6,2420.0,-0.27,Moderate
01-03-2025 05:00,Bihar,Patna,44.69,3.37,5.2,41,0,1.0,5,1884.0,0.48,Severe
01-03-2025 06:00,Uttar Pradesh,Gorakhpur,38.1,8.79,5.57,46,2,2.0,5,2268.0,0.36,Severe
01-03-2025 07:00,Uttar Pradesh,Varanasi,39.87,8.82,4.77,30,2,0.0,2,2768.0,0.42,Severe
01-03-2025 08:00,Maharashtra,Nagpur,53.06,3.04,6.69,40,0,0.0,1,2133.0,1.16,Severe
01-03-2025 09:00,Assam,Guwahati,54.47,2.34,4.54,37,1,1.0,8,1176.0,0.72,Severe
01-03-2025 10:00,Kerala,Thrissur,33.6,4.97,5.83,41,0,1.0,3,1679.0,0.29,Severe
01-03-2025 11:00,Uttar Pradesh,Kanpur,99.73,4.85,6.4,58,1,0.0,6,3221.0,-0.25,Severe
01-03-2025 12:00,Bihar,Gaya,18.65,4.28,5.79,30,3,0.0,2,2308.0,0.96,Severe
01-03-2025 13:00,Karnataka,Udupi,60.47,5.23,4.24,38,2,2.0,6,2771.0,-0.44,Severe
01-03-2025 14:00,Uttar Pradesh,Kanpur,3.64,2.86,5.83,14,2,0.0,4,204.0,0.22,Moderate
01-03-2025 15:00,Karnataka,Mangaluru,36.18,1.92,6.3,45,0,0.0,2,1365.0,-0.19,Moderate
01-03-2025 16:00,Uttar Pradesh,Varanasi,2.84,5.56,4.56,29,0,0.0,3,1136.0,0.17,Severe
01-03-2025 17:00,Kerala,Kottayam,37.95,8.46,6.21,42,1,0.0,3,2358.0,0.31,Severe
01-03-2025 18:00,Gujarat,Rajkot,48.14,2.1,6.64,48,1,0.0,5,1851.0,-0.24,Moderate
01-03-2025 19:00,Uttar Pradesh,Prayagraj,27.2,6.64,6.96,44,0,0.0,3,2876.0,-0.75,Severe
01-03-2025 20:00,Bihar,Bhagalpur,35.41,4.5,5.23,44,2,1.0,4,2055.0,-0.08,Severe
01-03-2025 21:00,Uttar Pradesh,Kanpur,57.18,3.35,4.08,39,3,2.0,6,2377.0,-0.26,Severe
01-03-2025 22:00,Assam,Dibrugarh,0.49,7.82,5.26,27,1,0.0,6,1987.0,-0.08,Severe
01-03-2025 23:00,Kerala,Thrissur,23.76,4.65,5.98,28,0,0.0,7,1732.0,0.22,Severe
02-03-2025 00:00,Bihar,Patna,83.68,5.67,6.67,49,0,1.0,6,3117.0,1.03,Severe
02-03-2025 01:00,West Bengal,Murshidabad,12.85,4.54,6.81,25,3,1.0,3,1373.0,0.08,Severe
02-03-2025 02:00,Bihar,Patna,20.52,1.65,6.73,36,0,0.0,2,1009.0,0.11,Low
02-03-2025 03:00,Assam,Dhemaji,5.08,5.76,5.97,31,0,1.0,2,2083.0,0.3,Severe
02-03-2025 04:00,Gujarat,Vadodara,23.93,4.35,6.05,28,0,1.0,6,1940.0,0.65,Severe
02-03-2025 05:00,Kerala,Alappuzha,32.33,1.69,4.01,30,0,0.0,4,2721.0,0.6,Moderate
02-03-2025 06:00,West Bengal,Malda,104.02124999999998,5.77,5.09,66,3,2.0,4,4592.375,-0.51,Severe
02-03-2025 07:00,Assam,Dibrugarh,46.05,1.08,6.72,39,1,0.0,1,1950.0,-0.12,Moderate
02-03-2025 08:00,Assam,Barpeta,24.84,2.67,6.07,27,1,0.0,5,1948.0,0.85,Moderate
02-03-2025 09:00,Tamil Nadu,Chennai,8.55,7.25,5.4,21,2,0.0,4,1453.0,0.12,Severe
02-03-2025 10:00,Kerala,Kochi,20.66,1.3,4.31,33,2,2.0,2,1235.0,0.78,Moderate
02-03-2025 11:00,Bihar,Muzaffarpur,17.4,6.17,4.74,28,0,0.0,5,2134.0,0.67,Severe
02-03-2025 12:00,Karnataka,Udupi,4.09,8.6,5.66,32,3,0.0,5,2883.0,-0.66,Severe
02-03-2025 13:00,Gujarat,Rajkot,12.47,2.37,6.69,33,1,0.0,8,1216.0,-0.4,Moderate
02-03-2025 14:00,Karnataka,Kodagu,25.49,4.34,4.29,39,0,1.0,1,2427.0,0.2,Severe
02-03-2025 15:00,Bihar,Gaya,28.48,5.6,4.46,18,1,0.0,3,1636.0,0.53,Severe
02-03-2025 16:00,Bihar,Muzaffarpur,56.49,4.6,5.97,44,2,0.0,4,2321.0,0.23,Severe
02-03-2025 17:00,Kerala,Kochi,86.16,5.96,4.88,41,2,1.0,6,3305.0,0.26,Severe
02-03-2025 18:00,Bihar,Bhagalpur,28.0,4.23,4.51,30,4,2.0,1,2779.0,0.37,Severe
02-03-2025 19:00,Tamil Nadu,Coimbatore,61.83,2.19,4.54,42,1,0.0,1,2884.0,0.3,Moderate
02-03-2025 20:00,West Bengal,Howrah,24.87,1.71,5.48,29,2,0.0,4,1619.0,0.34,Moderate
02-03-2025 21:00,Bihar,Darbhanga,16.14,6.96,5.75,22,0,2.0,2,2484.0,-0.72,Severe
02-03-2025 22:00,Karnataka,Mangaluru,54.6,2.91,6.71,41,5,0.0,4,1567.0,0.21,Severe
02-03-2025 23:00,Bihar,Gaya,24.54,7.78,5.59,46,2,2.0,4,2141.0,0.21,Severe
03-03-2025 00:00,Tamil Nadu,Madurai,18.01,6.94,6.07,21,2,1.0,4,2147.0,-0.13,Severe
03-03-2025 01:00,Uttar Pradesh,Lucknow,15.47,1.4,4.54,24,0,1.0,4,609.0,0.01,Low
03-03-2025 02:00,Uttar Pradesh,Lucknow,7.49,2.61,6.14,26,0,1.0,6,117.0,-0.4,Moderate
03-03-2025 03:00,Assam,Dibrugarh,35.34,3.34,5.95,35,0,2.0,4,1289.0,0.52,Severe
03-03-2025 04:00,Gujarat,Bharuch,21.46,5.76,4.65,32,0,1.0,5,2087.0,-0.17,Severe
03-03-2025 05:00,Maharashtra,Pune,63.41,7.48,6.01,55,1,0.0,3,3555.0,0.3,Severe
03-03-2025 06:00,West Bengal,Howrah,100.81,1.48,4.63,66,3,0.0,1,3233.0,0.13,Severe
03-03-2025 07:00,Odisha,Kendrapara,15.38,3.0,5.78,28,1,0.0,2,761.0,0.27,Moderate
03-03-2025 08:00,Assam,Jorhat,10.15,4.01,6.01,24,1,0.0,3,1021.0,0.76,Moderate
03-03-2025 09:00,Gujarat,Ahmedabad,87.83,2.47,6.08,43,5,0.0,4,3095.0,0.02,Severe
03-03-2025 10:00,Uttar Pradesh,Gorakhpur,37.98,5.36,6.73,51,0,1.0,6,2189.0,0.3,Severe
03-03-2025 11:00,Karnataka,Udupi,37.0,4.82,6.84,36,0,1.0,4,3827.0,0.64,Severe
03-03-2025 12:00,Odisha,Cuttack,43.22,3.53,6.43,44,1,2.0,5,2323.0,0.42,Severe
03-03-2025 13:00,Gujarat,Surat,70.86,5.14,6.64,48,2,0.0,1,2869.0,-0.01,Severe
03-03-2025 14:00,Gujarat,Ahmedabad,70.54,3.85,4.06,54,2,1.0,7,3019.0,-0.35,Severe
03-03-2025 15:00,Assam,Dibrugarh,52.86,3.75,5.09,44,4,2.0,4,3412.0,-0.03,Severe
03-03-2025 16:00,Odisha,Balasore,12.77,3.12,4.12,29,1,0.0,2,1002.0,0.43,Moderate
03-03-2025 17:00,Kerala,Alappuzha,5.97,5.32,4.67,25,1,0.0,4,1678.0,0.33,Severe
03-03-2025 18:00,Maharashtra,Pune,12.88,4.55,5.15,33,0,0.0,1,1868.0,0.64,Moderate
03-03-2025 19:00,Kerala,Kozhikode,8.09,2.57,6.6,35,2,1.0,4,1038.0,0.2,Moderate
03-03-2025 20:00,Odisha,Bhubaneswar,57.19,1.1,5.54,48,1,1.0,7,2107.0,0.0,Moderate
03-03-2025 21:00,Kerala,Kozhikode,20.29,2.21,5.95,33,0,1.0,5,324.0,-0.32,Moderate
03-03-2025 22:00,Tamil Nadu,Thanjavur,52.1,1.34,5.09,36,2,0.0,5,2464.0,-0.2,Moderate
03-03-2025 23:00,Uttar Pradesh,Kanpur,34.04,4.45,5.81,42,1,0.0,7,2001.0,-0.12,Severe
04-03-2025 00:00,Tamil Nadu,Tiruppur,20.04,2.8,6.45,26,1,1.0,5,1467.0,0.94,Severe
04-03-2025 01:00,Bihar,Darbhanga,15.64,4.36,4.9,20,2,1.0,2,1156.0,-0.18,Moderate
04-03-2025 02:00,Kerala,Alappuzha,18.89,3.64,6.8,35,0,0.0,6,2364.0,-0.18,Moderate
04-03-2025 03:00,Bihar,Darbhanga,10.29,5.3,4.64,28,0,0.0,5,740.0,0.03,Severe
04-03-2025 04:00,Karnataka,Bengaluru,102.6,6.79,6.76,60,1,1.0,1,3384.0,0.81,Severe
04-03-2025 05:00,West Bengal,Kolkata,31.27,4.83,4.08,40,0,0.0,3,2083.0,0.56,Severe
04-03-2025 06:00,Karnataka,Kodagu,34.08,1.5,5.63,41,1,1.0,1,1651.0,0.23,Moderate
04-03-2025 07:00,Odisha,Kendrapara,33.41,1.14,6.96,37,0,0.0,4,882.0,-0.36,Low
04-03-2025 08:00,Gujarat,Surat,56.21,2.71,5.83,27,1,1.0,8,2731.0,0.29,Severe
04-03-2025 09:00,Uttar Pradesh,Varanasi,17.45,4.4,5.66,26,0,1.0,4,1275.0,0.67,Severe
04-03-2025 10:00,Kerala,Alappuzha,73.28,1.36,6.05,43,4,0.0,3,2626.0,0.9,Severe
04-03-2025 11:00,Assam,Jorhat,26.43,3.62,4.87,30,2,0.0,1,1802.0,-0.7,Moderate
04-03-2025 12:00,West Bengal,Kolkata,25.63,8.1,4.16,35,1,0.0,7,2610.0,-0.07,Severe
04-03-2025 13:00,Maharashtra,Kolhapur,80.86,1.72,4.75,64,1,2.0,5,2972.0,0.32,Severe
04-03-2025 14:00,Maharashtra,Nashik,17.22,8.59,4.53,37,2,2.5,6,1971.0,0.84,Severe
04-03-2025 15:00,Maharashtra,Nagpur,45.05,7.85,6.77,43,1,0.0,5,2725.0,-0.32,Severe
04-03-2025 16:00,Kerala,Alappuzha,33.21,7.65,6.56,35,2,1.0,4,2445.0,-0.22,Severe
04-03-2025 17:00,Maharashtra,Mumbai,19.94,7.91,4.95,26,2,0.0,2,2524.0,0.06,Severe
04-03-2025 18:00,Tamil Nadu,Tiruppur,50.19,1.64,6.51,55,4,0.0,2,1391.0,-0.36,Moderate
04-03-2025 19:00,West Bengal,Malda,11.94,2.21,4.64,34,4,0.0,5,1322.0,-0.61,Moderate
04-03-2025 20:00,Tamil Nadu,Chennai,19.8,2.07,4.6,30,1,0.0,6,1369.0,1.22,Moderate
04-03-2025 21:00,Gujarat,Bharuch,36.14,1.89,6.3,36,1,0.0,3,2327.0,0.16,Moderate
04-03-2025 22:00,West Bengal,Murshidabad,92.93,3.62,4.98,60,3,0.0,1,3084.0,-0.02,Severe
04-03-2025 23:00,Tamil Nadu,Madurai,87.45,7.64,4.19,66,2,0.0,2,4592.375,-0.26,Severe
05-03-2025 00:00,West Bengal,Murshidabad,45.53,3.02,6.16,35,2,0.0,5,2035.0,0.25,Severe
05-03-2025 01:00,Gujarat,Rajkot,26.91,2.95,6.97,35,0,0.0,5,0.0,0.02,Moderate
05-03-2025 02:00,Bihar,Bhagalpur,4.58,6.41,5.7,28,2,0.0,6,1698.0,0.62,Severe
05-03-2025 03:00,Kerala,Kochi,62.27,1.78,4.79,33,3,0.0,4,2122.0,-0.21,Moderate
05-03-2025 04:00,Kerala,Thrissur,68.36,3.88,5.12,41,3,0.0,3,2740.0,0.26,Severe
05-03-2025 05:00,Maharashtra,Kolhapur,45.09,3.36,5.95,45,0,0.0,5,2328.0,0.24,Moderate
05-03-2025 06:00,Karnataka,Mangaluru,27.85,7.78,6.1,35,1,1.0,1,2880.0,0.51,Severe
05-03-2025 07:00,Maharashtra,Nagpur,58.6,5.12,6.66,38,2,2.0,3,4124.0,0.19,Severe
05-03-2025 08:00,Odisha,Cuttack,32.51,6.17,6.73,38,1,0.0,7,1672.0,0.53,Severe
05-03-2025 09:00,Tamil Nadu,Tiruppur,29.69,2.03,6.58,38,2,0.0,1,2146.0,0.4,Moderate
05-03-2025 10:00,West Bengal,Murshidabad,8.1,8.43,5.95,21,1,2.0,5,2148.0,0.65,Severe
05-03-2025 11:00,Karnataka,Mangaluru,56.53,3.58,5.35,48,1,0.0,5,1743.0,0.53,Severe
05-03-2025 12:00,Gujarat,Ahmedabad,37.12,6.65,6.04,37,1,2.5,3,2846.0,0.18,Severe
05-03-2025 13:00,Odisha,Bhubaneswar,87.16,8.64,6.0,58,3,0.0,5,4592.375,1.01,Severe
05-03-2025 14:00,Gujarat,Ahmedabad,21.09,5.07,4.65,32,0,1.0,2,1453.0,0.04,Severe
05-03-2025 15:00,Kerala,Alappuzha,16.28,5.06,5.52,25,1,2.0,4,1446.0,0.96,Severe
05-03-2025 16:00,Kerala,Kochi,67.91,1.94,4.62,64,2,0.0,3,3453.0,0.76,Severe
05-03-2025 17:00,Maharashtra,Pune,77.77,4.12,6.7,51,5,1.0,5,3069.0,0.58,Severe
05-03-2025 18:00,Tamil Nadu,Chennai,34.01,7.82,4.97,41,2,0.0,3,2463.0,0.27,Severe
05-03-2025 19:00,Karnataka,Mangaluru,60.37,2.08,6.42,39,0,0.0,2,1401.0,0.0,Moderate
05-03-2025 20:00,Uttar Pradesh,Gorakhpur,26.37,8.34,5.13,28,0,0.0,1,2113.0,0.4,Severe
05-03-2025 21:00,Odisha,Kendrapara,27.47,6.34,6.29,46,1,0.0,6,1776.0,0.4,Severe
05-03-2025 22:00,Odisha,Bhubaneswar,45.26,4.37,4.66,37,4,2.0,1,3059.0,0.27,Severe
05-03-2025 23:00,Maharashtra,Nagpur,27.2,5.37,6.29,32,1,0.0,6,1343.0,0.56,Severe
06-03-2025 00:00,Kerala,Kochi,40.58,2.2,4.54,40,0,1.0,2,1936.0,0.72,Moderate
06-03-2025 01:00,Maharashtra,Mumbai,36.42,2.74,5.47,27,2,0.0,3,1772.0,-0.06,Moderate
06-03-2025 02:00,West Bengal,Darjeeling,13.19,3.29,4.34,31,0,1.0,3,754.0,0.02,Moderate
06-03-2025 03:00,Karnataka,Kodagu,40.43,4.08,5.58,35,1,0.0,7,3352.0,-0.26,Severe
06-03-2025 04:00,Tamil Nadu,Madurai,13.55,8.32,6.46,45,1,0.0,3,2851.0,0.48,Severe
06-03-2025 05:00,Bihar,Gaya,57.19,3.94,6.27,37,3,2.5,6,2575.0,1.02,Severe
06-03-2025 06:00,Assam,Barpeta,68.68,5.19,4.15,51,3,0.0,5,3967.0,-0.28,Severe
06-03-2025 07:00,Assam,Guwahati,29.91,2.3,5.48,35,2,2.0,8,924.0,-0.03,Severe
06-03-2025 08:00,Maharashtra,Nashik,93.32,6.89,6.56,46,1,1.0,6,4215.0,-0.3,Severe
06-03-2025 09:00,West Bengal,Darjeeling,76.83,5.48,5.95,49,3,1.0,7,2109.0,0.08,Severe
06-03-2025 10:00,Karnataka,Kodagu,40.9,4.52,4.18,44,1,1.0,3,1469.0,-0.61,Severe
06-03-2025 11:00,Uttar Pradesh,Prayagraj,27.61,8.58,4.98,33,0,0.0,4,1792.0,0.84,Severe
06-03-2025 12:00,Assam,Guwahati,64.79,8.13,5.67,45,2,0.0,4,3668.0,0.65,Severe
06-03-2025 13:00,Karnataka,Mysuru,94.45,6.28,4.52,55,0,2.0,7,3592.0,0.43,Severe
06-03-2025 14:00,Tamil Nadu,Madurai,43.2,8.37,6.05,29,0,2.0,6,3021.0,0.75,Severe
06-03-2025 15:00,Gujarat,Vadodara,104.02124999999998,5.52,5.9,59,2,0.0,6,3834.0,0.73,Severe
06-03-2025 16:00,West Bengal,Kolkata,23.18,7.62,4.61,33,0,0.0,4,1924.0,0.32,Severe
06-03-2025 17:00,Kerala,Thrissur,53.48,4.28,5.65,35,1,1.0,2,2162.0,-0.26,Severe
06-03-2025 18:00,Karnataka,Mysuru,33.77,1.69,6.44,26,1,0.0,4,1906.0,0.01,Moderate
06-03-2025 19:00,Tamil Nadu,Tiruppur,15.62,8.95,5.12,29,3,0.0,3,2691.0,0.31,Severe
06-03-2025 20:00,Uttar Pradesh,Prayagraj,24.89,2.33,4.74,42,0,0.0,3,808.0,0.0,Moderate
06-03-2025 21:00,Bihar,Bhagalpur,68.46,3.01,6.1,43,2,2.0,4,3325.0,1.13,Severe
06-03-2025 22:00,Kerala,Kozhikode,31.13,2.3,4.21,42,0,1.0,4,951.0,0.42,Moderate
06-03-2025 23:00,Bihar,Darbhanga,22.38,3.7,6.5,30,0,1.0,2,1162.0,0.4,Moderate
07-03-2025 00:00,Uttar Pradesh,Lucknow,79.3,3.31,6.83,43,2,2.5,4,3386.0,0.78,Severe
07-03-2025 01:00,Tamil Nadu,Chennai,67.12,5.81,6.89,50,1,0.0,6,2229.0,0.47,Severe
07-03-2025 02:00,Assam,Guwahati,25.67,8.97,5.3,44,1,0.0,1,2306.0,0.23,Severe
07-03-2025 03:00,Bihar,Darbhanga,104.02124999999998,1.42,5.87,66,2,2.5,5,3448.0,1.03,Severe
07-03-2025 04:00,Kerala,Kottayam,32.25,7.23,6.57,37,0,0.0,5,3284.0,0.55,Severe
07-03-2025 05:00,Maharashtra,Nashik,43.34,2.02,4.67,35,0,0.0,2,1925.0,0.13,Moderate
07-03-2025 06:00,Odisha,Puri,36.09,1.16,4.08,41,1,0.0,3,1509.0,0.43,Moderate
07-03-2025 07:00,Karnataka,Mangaluru,17.71,6.11,5.15,32,0,0.0,2,1518.0,0.11,Severe
07-03-2025 08:00,Assam,Jorhat,30.42,7.99,6.65,34,1,0.0,4,2910.0,-0.02,Severe
07-03-2025 09:00,Bihar,Darbhanga,33.38,2.41,5.52,36,2,0.0,6,1952.0,0.71,Severe
07-03-2025 10:00,Gujarat,Rajkot,6.26,3.73,5.59,18,1,2.0,4,1288.0,0.12,Moderate
07-03-2025 11:00,Karnataka,Mysuru,41.84,2.35,6.07,42,1,0.0,2,2336.0,0.0,Moderate
07-03-2025 12:00,Maharashtra,Nashik,61.65,8.25,5.72,56,2,2.0,5,3099.0,0.43,Severe
07-03-2025 13:00,Uttar Pradesh,Kanpur,13.7,3.16,4.16,29,0,0.0,2,1309.0,0.82,Moderate
07-03-2025 14:00,Odisha,Bhubaneswar,54.48,4.56,5.68,51,1,1.0,5,2839.0,-0.6,Severe
07-03-2025 15:00,Tamil Nadu,Thanjavur,70.79,8.16,5.94,57,3,0.0,4,3197.0,0.02,Severe
07-03-2025 16:00,Maharashtra,Kolhapur,0.89,5.42,5.92,14,1,0.0,7,1110.0,-0.66,Moderate
07-03-2025 17:00,Maharashtra,Nashik,30.78,8.46,6.19,36,0,0.0,7,3007.0,-0.865,Severe
07-03-2025 18:00,Uttar Pradesh,Prayagraj,104.02124999999998,8.41,5.56,66,4,0.0,2,4429.0,0.37,Severe
07-03-2025 19:00,West Bengal,Malda,41.14,4.69,6.7,51,0,1.0,4,2825.0,-0.24,Severe
07-03-2025 20:00,Uttar Pradesh,Kanpur,5.96,5.66,5.39,24,2,0.0,5,1838.0,0.69,Severe
07-03-2025 21:00,West Bengal,Malda,11.53,2.84,5.55,28,1,0.0,3,283.0,-0.19,Low
07-03-2025 22:00,West Bengal,Darjeeling,42.45,8.92,6.34,29,0,0.0,4,2604.0,0.61,Severe
07-03-2025 23:00,Assam,Jorhat,52.57,3.23,6.5,47,1,0.0,1,2118.0,0.48,Moderate
08-03-2025 00:00,Assam,Guwahati,35.56,7.27,5.95,36,1,1.0,7,2148.0,-0.07,Severe
08-03-2025 01:00,Kerala,Kochi,40.71,3.5,4.38,42,0,0.0,3,1792.0,0.12,Moderate
08-03-2025 02:00,Bihar,Gaya,36.32,3.5,5.0,31,0,0.0,4,2369.0,0.43,Moderate
08-03-2025 03:00,Bihar,Bhagalpur,20.75,1.83,4.06,28,2,1.0,5,2297.0,0.59,Moderate
08-03-2025 04:00,Tamil Nadu,Tiruppur,36.39,5.48,4.89,42,1,0.0,5,3075.0,0.96,Severe
08-03-2025 05:00,Bihar,Muzaffarpur,8.79,2.96,5.71,29,1,0.0,3,1220.0,0.45,Moderate
08-03-2025 06:00,Assam,Barpeta,26.6,2.19,6.42,33,0,1.0,3,1522.0,0.33,Moderate
08-03-2025 07:00,Kerala,Kottayam,50.13,2.81,5.76,46,1,2.5,3,2761.0,0.36,Severe
08-03-2025 08:00,Kerala,Alappuzha,16.83,3.01,4.12,34,2,0.0,3,1974.0,0.24,Moderate
08-03-2025 09:00,West Bengal,Malda,28.42,5.03,4.78,28,2,1.0,3,2425.0,0.14,Severe
08-03-2025 10:00,Uttar Pradesh,Kanpur,38.21,4.09,5.73,43,1,2.0,4,1692.0,-0.07,Severe
08-03-2025 11:00,Tamil Nadu,Tiruppur,102.67,1.6,6.13,66,5,0.0,3,3123.0,0.52,Severe
08-03-2025 12:00,West Bengal,Darjeeling,66.84,5.29,6.6,54,3,0.0,6,3233.0,-0.03,Severe
08-03-2025 13:00,Uttar Pradesh,Prayagraj,8.47,7.3,6.9,25,0,0.0,1,2062.0,0.43,Severe
08-03-2025 14:00,Bihar,Darbhanga,104.02124999999998,5.59,6.68,66,2,2.5,0,4592.375,0.33,Severe
08-03-2025 15:00,West Bengal,Darjeeling,82.89,8.8,5.4,52,5,1.0,6,4005.0,0.64,Severe
08-03-2025 16:00,Karnataka,Mysuru,39.98,1.79,6.24,34,1,0.0,7,1510.0,0.46,Moderate
08-03-2025 17:00,Bihar,Darbhanga,59.62,7.57,4.72,54,2,1.0,8,2920.0,0.0,Severe
08-03-2025 18:00,Uttar Pradesh,Prayagraj,18.86,5.05,4.19,36,4,0.0,6,1495.0,-0.15,Severe
08-03-2025 19:00,Tamil Nadu,Madurai,33.49,5.17,4.17,37,0,0.0,4,2279.0,0.82,Severe
08-03-2025 20:00,Uttar Pradesh,Gorakhpur,17.94,5.15,4.72,27,0,0.0,1,1438.0,0.16,Moderate
08-03-2025 21:00,West Bengal,Howrah,52.2,3.6,4.11,38,0,1.0,1,2273.0,0.98,Severe
08-03-2025 22:00,West Bengal,Darjeeling,104.02124999999998,3.6,6.55,66,4,1.0,5,4592.375,-0.83,Severe
08-03-2025 23:00,Maharashtra,Nagpur,25.53,6.05,5.47,36,0,0.0,0,750.0,0.43,Severe
09-03-2025 00:00,Tamil Nadu,Thanjavur,30.91,1.36,6.43,24,1,1.0,4,3122.0,0.74,Moderate
09-03-2025 01:00,Gujarat,Bharuch,34.33,5.71,6.82,28,0,0.0,2,2309.0,0.39,Severe
09-03-2025 02:00,Bihar,Patna,26.61,6.8,6.98,31,3,1.0,2,1639.0,0.45,Severe
09-03-2025 03:00,Kerala,Kottayam,50.2,3.85,6.81,27,5,2.5,0,2072.0,0.61,Severe
09-03-2025 04:00,Tamil Nadu,Madurai,70.24,2.74,6.15,53,2,0.0,7,2798.0,0.72,Severe
09-03-2025 05:00,Kerala,Kozhikode,22.22,2.71,5.33,25,1,0.0,5,2433.0,0.62,Moderate
09-03-2025 06:00,Tamil Nadu,Madurai,34.02,1.65,5.79,38,0,0.0,5,1267.0,0.9,Moderate
09-03-2025 07:00,Tamil Nadu,Thanjavur,54.74,1.72,6.45,46,3,0.0,2,1137.0,0.14,Moderate
09-03-2025 08:00,Uttar Pradesh,Prayagraj,16.63,2.33,6.69,43,2,2.0,7,1234.0,1.1,Severe
09-03-2025 09:00,Tamil Nadu,Coimbatore,12.3,1.15,6.87,26,0,1.0,4,915.0,-0.12,Low
09-03-2025 10:00,Maharashtra,Kolhapur,21.89,3.13,6.19,34,0,0.0,6,1216.0,0.78,Moderate
09-03-2025 11:00,Gujarat,Vadodara,56.62,3.45,5.62,60,1,0.0,8,2878.0,0.53,Severe
09-03-2025 12:00,West Bengal,Malda,15.93,8.96,6.91,28,0,1.0,3,2043.0,1.36,Severe
09-03-2025 13:00,Odisha,Bhubaneswar,23.09,8.93,6.88,38,0,1.0,1,2163.0,0.48,Severe
09-03-2025 14:00,Kerala,Kozhikode,34.25,2.5,5.43,26,0,1.0,5,2084.0,0.66,Moderate
09-03-2025 15:00,West Bengal,Murshidabad,38.45,2.7,5.95,37,1,0.0,3,1848.0,-0.39,Moderate
09-03-2025 16:00,Odisha,Puri,30.96,4.94,6.43,37,0,0.0,1,1751.0,0.73,Severe
09-03-2025 17:00,Gujarat,Vadodara,34.81,2.19,5.3,31,0,0.0,2,1019.0,0.48,Moderate
09-03-2025 18:00,Gujarat,Surat,9.55,5.03,6.49,33,1,1.0,6,2004.0,0.68,Severe
09-03-2025 19:00,Kerala,Kochi,21.19,4.2,4.33,38,1,0.0,4,1927.0,-0.08,Moderate
09-03-2025 20:00,Kerala,Kottayam,59.5,3.6,5.44,44,1,0.0,5,2428.0,0.13,Severe
09-03-2025 21:00,Gujarat,Vadodara,19.87,7.58,5.45,37,0,0.0,4,2681.0,0.43,Severe
09-03-2025 22:00,Odisha,Kendrapara,39.21,7.62,6.05,35,1,1.0,6,1923.0,0.32,Severe
09-03-2025 23:00,Tamil Nadu,Thanjavur,36.55,8.9,4.35,23,1,1.0,3,3379.0,0.47,Severe
10-03-2025 00:00,Bihar,Gaya,55.5,2.78,4.31,37,1,2.0,1,2485.0,0.42,Severe
10-03-2025 01:00,Karnataka,Mysuru,60.98,8.11,6.7,48,1,0.0,4,3198.0,0.13,Severe
10-03-2025 02:00,West Bengal,Howrah,72.35,5.3,4.91,61,3,1.0,3,3541.0,0.24,Severe
10-03-2025 03:00,Uttar Pradesh,Gorakhpur,86.9,5.73,4.98,57,3,0.0,5,4200.0,0.01,Severe
10-03-2025 04:00,West Bengal,Murshidabad,16.11,8.17,6.33,30,2,0.0,2,1963.0,1.5750000000000002,Severe
10-03-2025 05:00,Uttar Pradesh,Varanasi,4.85,8.54,5.24,27,0,0.0,4,1702.0,0.5,Severe
10-03-2025 06:00,Odisha,Balasore,25.61,6.81,6.5,35,1,0.0,5,1857.0,1.14,Severe
10-03-2025 07:00,Uttar Pradesh,Kanpur,15.1,3.78,5.2,44,0,0.0,4,1264.0,-0.12,Moderate
10-03-2025 08:00,Kerala,Kochi,17.99,4.92,6.28,37,1,1.0,2,1345.0,0.31,Severe
10-03-2025 09:00,Bihar,Muzaffarpur,48.82,5.92,5.58,52,0,0.0,4,3559.0,0.15,Severe
10-03-2025 10:00,Bihar,Darbhanga,69.58,7.63,6.81,53,1,0.0,4,3604.0,0.53,Severe
10-03-2025 11:00,Kerala,Kozhikode,39.94,6.26,4.98,43,2,0.0,3,2907.0,0.44,Severe
10-03-2025 12:00,Maharashtra,Nagpur,20.54,3.92,5.09,20,1,0.0,4,1070.0,-0.16,Moderate
10-03-2025 13:00,Odisha,Bhubaneswar,41.35,4.34,6.91,44,1,0.0,6,2954.0,0.56,Severe
10-03-2025 14:00,Maharashtra,Pune,56.79,1.4,6.21,38,0,1.0,4,1867.0,0.47,Moderate
10-03-2025 15:00,Maharashtra,Mumbai,9.61,8.39,6.32,28,1,1.0,5,2545.0,0.48,Severe
10-03-2025 16:00,West Bengal,Darjeeling,27.01,1.7,4.89,27,1,0.0,7,1484.0,0.87,Moderate
10-03-2025 17:00,Gujarat,Bharuch,28.77,5.64,5.6,42,1,2.0,4,1944.0,0.78,Severe
10-03-2025 18:00,West Bengal,Darjeeling,30.32,7.97,4.94,35,1,0.0,3,3022.0,1.08,Severe
10-03-2025 19:00,Gujarat,Rajkot,16.96,4.37,4.78,37,0,0.0,3,1746.0,0.5,Moderate
10-03-2025 20:00,Karnataka,Mysuru,42.05,7.4,5.61,41,2,0.0,8,3317.0,0.76,Severe
10-03-2025 21:00,Uttar Pradesh,Kanpur,44.83,7.43,6.96,38,1,0.0,6,2505.0,0.26,Severe
10-03-2025 22:00,Gujarat,Surat,15.83,1.48,4.64,41,2,0.0,3,962.0,0.44,Moderate
10-03-2025 23:00,Kerala,Thrissur,80.73,4.3,4.73,52,3,1.0,1,2582.0,0.61,Severe
11-03-2025 00:00,West Bengal,Murshidabad,12.65,6.53,4.73,33,0,1.0,0,1663.0,0.13,Severe
11-03-2025 01:00,Odisha,Cuttack,19.95,4.38,6.38,34,0,0.0,5,1564.0,0.38,Moderate
11-03-2025 02:00,Uttar Pradesh,Varanasi,11.59,5.36,5.53,33,0,1.0,4,1933.0,-0.23,Severe
11-03-2025 03:00,Karnataka,Udupi,10.05,5.76,5.15,24,1,0.0,7,1574.0,0.91,Severe
11-03-2025 04:00,Gujarat,Ahmedabad,37.17,2.21,6.53,43,2,0.0,3,2176.0,0.92,Severe
11-03-2025 05:00,Karnataka,Udupi,19.9,4.3,4.89,32,1,0.0,4,1705.0,-0.2,Moderate
11-03-2025 06:00,Odisha,Kendrapara,61.23,1.23,5.18,55,3,0.0,2,2751.0,0.87,Severe
11-03-2025 07:00,Maharashtra,Nashik,17.13,2.2,4.22,29,0,0.0,5,1422.0,0.79,Moderate
11-03-2025 08:00,Bihar,Muzaffarpur,20.11,5.1,4.36,34,2,2.0,4,1354.0,0.49,Severe
11-03-2025 09:00,Odisha,Balasore,55.91,5.59,4.41,38,2,0.0,1,2829.0,0.5,Severe
11-03-2025 10:00,Assam,Guwahati,13.83,2.17,5.04,29,0,1.0,2,2027.0,0.61,Moderate
11-03-2025 11:00,Odisha,Balasore,23.77,7.04,5.57,36,2,0.0,5,2544.0,-0.24,Severe
11-03-2025 12:00,Karnataka,Bengaluru,79.85,3.98,4.0,53,2,0.0,5,2833.0,1.39,Severe
11-03-2025 13:00,Kerala,Thrissur,2.38,8.37,4.57,21,2,1.0,3,1855.0,-0.63,Severe
11-03-2025 14:00,West Bengal,Malda,9.63,4.1,4.53,26,2,0.0,4,903.0,-0.31,Moderate
11-03-2025 15:00,Kerala,Kottayam,89.04,2.2,4.76,52,3,1.0,2,2882.0,0.83,Severe
11-03-2025 16:00,Karnataka,Udupi,45.41,7.06,4.5,31,0,0.0,5,3263.0,0.76,Severe
11-03-2025 17:00,West Bengal,Howrah,41.91,5.54,4.59,38,0,0.0,4,1591.0,1.12,Severe
11-03-2025 18:00,Assam,Dibrugarh,9.65,4.09,6.95,23,1,1.0,8,982.0,0.4,Severe
11-03-2025 19:00,Bihar,Muzaffarpur,36.14,3.85,5.78,35,1,1.0,8,1274.0,-0.07,Severe
11-03-2025 20:00,Uttar Pradesh,Varanasi,16.08,2.21,6.29,34,2,0.0,8,629.0,0.38,Moderate
11-03-2025 21:00,Karnataka,Mangaluru,62.33,3.73,6.46,55,3,1.0,4,2291.0,0.73,Severe
11-03-2025 22:00,Gujarat,Rajkot,64.29,1.23,6.0,36,0,0.0,5,2186.0,0.04,Moderate
11-03-2025 23:00,Karnataka,Udupi,21.64,5.02,6.11,31,1,0.0,5,1991.0,-0.13,Severe
12-03-2025 00:00,Karnataka,Mangaluru,47.82,8.17,5.9,55,2,0.0,5,2840.0,0.36,Severe
12-03-2025 01:00,West Bengal,Kolkata,43.41,7.36,5.95,44,0,0.0,6,3000.0,0.02,Severe
12-03-2025 02:00,Tamil Nadu,Chennai,30.7,1.23,6.79,34,0,1.0,3,1365.0,0.27,Moderate
12-03-2025 03:00,Odisha,Cuttack,16.58,8.05,4.56,30,4,0.0,1,2174.0,0.07,Severe
12-03-2025 04:00,Tamil Nadu,Madurai,23.87,4.62,4.82,29,2,0.0,8,1611.0,0.61,Severe
12-03-2025 05:00,Assam,Dhemaji,60.71,2.53,4.28,44,3,1.0,3,1582.0,0.15,Severe
12-03-2025 06:00,Gujarat,Vadodara,80.63,7.02,6.51,57,1,0.0,2,3003.0,0.12,Severe
12-03-2025 07:00,Bihar,Patna,25.59,3.58,5.35,32,2,0.0,7,1197.0,0.67,Severe
12-03-2025 08:00,Maharashtra,Nashik,86.07,3.03,6.72,45,5,2.5,5,3196.0,-0.15,Severe
12-03-2025 09:00,Assam,Dhemaji,45.45,2.29,5.24,48,0,0.0,5,2371.0,-0.06,Moderate
12-03-2025 10:00,Maharashtra,Nashik,31.48,4.89,5.33,45,4,2.0,0,2299.0,0.5,Severe
12-03-2025 11:00,Maharashtra,Kolhapur,28.83,1.75,5.35,33,0,0.0,4,928.0,-0.04,Low
12-03-2025 12:00,Bihar,Gaya,17.46,7.28,5.84,27,2,0.0,5,2527.0,0.94,Severe
12-03-2025 13:00,Kerala,Kottayam,50.17,4.77,6.3,42,1,0.0,2,2611.0,-0.12,Severe
12-03-2025 14:00,Tamil Nadu,Coimbatore,95.75,4.58,5.05,52,4,2.5,3,3238.0,0.3,Severe
12-03-2025 15:00,Karnataka,Udupi,30.54,1.01,5.89,36,2,1.0,4,963.0,-0.04,Moderate
12-03-2025 16:00,Uttar Pradesh,Lucknow,14.87,7.54,4.61,24,1,1.0,5,1548.0,1.01,Severe
12-03-2025 17:00,Maharashtra,Nashik,55.89,4.94,5.66,39,1,0.0,3,2974.0,-0.13,Severe
12-03-2025 18:00,Gujarat,Vadodara,24.61,4.52,5.64,39,1,0.0,4,1762.0,1.21,Severe
12-03-2025 19:00,Assam,Guwahati,17.25,7.09,6.67,35,2,2.0,3,1192.0,0.39,Severe
12-03-2025 20:00,Kerala,Kottayam,9.21,1.5,6.69,33,1,1.0,3,388.0,0.27,Moderate
12-03-2025 21:00,Maharashtra,Pune,49.06,3.93,5.46,34,0,0.0,5,2490.0,-0.59,Moderate
12-03-2025 22:00,Kerala,Kochi,72.29,5.61,4.07,44,3,0.0,4,3179.0,1.1,Severe
12-03-2025 23:00,Kerala,Kottayam,11.93,4.68,6.53,34,0,0.0,4,1773.0,0.58,Severe
13-03-2025 00:00,Maharashtra,Nashik,26.67,2.45,4.0,35,3,0.0,3,1344.0,-0.2,Moderate
13-03-2025 01:00,West Bengal,Murshidabad,28.53,3.39,5.43,38,0,0.0,8,2464.0,0.12,Moderate
13-03-2025 02:00,Odisha,Bhubaneswar,18.28,3.4,4.06,33,1,1.0,7,1456.0,-0.39,Moderate
13-03-2025 03:00,Gujarat,Bharuch,84.54,8.94,5.06,52,0,2.0,2,3558.0,0.0,Severe
13-03-2025 04:00,Karnataka,Udupi,8.8,3.61,5.91,28,3,2.0,5,206.0,0.3,Severe
13-03-2025 05:00,Karnataka,Udupi,45.77,2.64,5.11,47,1,0.0,2,2181.0,1.09,Severe
13-03-2025 06:00,Gujarat,Rajkot,51.99,7.58,6.78,49,0,0.0,8,1720.0,1.47,Severe
13-03-2025 07:00,West Bengal,Murshidabad,18.17,4.37,5.92,33,0,2.0,4,1776.0,0.59,Severe
13-03-2025 08:00,Karnataka,Mysuru,14.65,4.55,5.94,35,2,0.0,5,1376.0,-0.35,Moderate
13-03-2025 09:00,Kerala,Kottayam,20.78,5.39,5.12,35,3,0.0,4,1031.0,1.4,Severe
13-03-2025 10:00,Bihar,Muzaffarpur,5.95,5.77,4.12,27,2,0.0,1,995.0,-0.45,Severe
13-03-2025 11:00,Assam,Dhemaji,97.48,5.72,6.21,54,5,0.0,6,3568.0,0.74,Severe
13-03-2025 12:00,Tamil Nadu,Tiruppur,22.18,1.28,6.15,32,0,2.5,3,1516.0,0.38,Moderate
13-03-2025 13:00,Karnataka,Bengaluru,24.64,7.55,5.59,34,1,1.0,7,1808.0,0.9,Severe
13-03-2025 14:00,Gujarat,Ahmedabad,104.02124999999998,2.56,5.25,63,4,1.0,2,4226.0,0.01,Severe
13-03-2025 15:00,Bihar,Bhagalpur,7.08,3.34,5.61,34,1,1.0,2,1492.0,0.82,Moderate
13-03-2025 16:00,Maharashtra,Pune,30.34,2.39,6.24,34,3,0.0,7,2966.0,1.0,Severe
13-03-2025 17:00,Odisha,Puri,56.92,7.14,6.14,49,1,0.0,6,3867.0,0.53,Severe
13-03-2025 18:00,Gujarat,Vadodara,97.62,5.67,5.97,66,2,1.0,3,4592.375,0.36,Severe
13-03-2025 19:00,Kerala,Kozhikode,8.0,7.04,6.71,23,1,1.0,3,1590.0,0.81,Severe
13-03-2025 20:00,Odisha,Bhubaneswar,104.02124999999998,6.23,5.83,66,0,1.0,2,4592.375,0.95,Severe
13-03-2025 21:00,Assam,Guwahati,26.57,1.83,4.04,35,2,1.0,3,2250.0,0.14,Moderate
13-03-2025 22:00,Assam,Dhemaji,26.74,3.41,5.85,39,2,1.0,5,1654.0,0.06,Severe
13-03-2025 23:00,West Bengal,Malda,12.15,5.06,5.84,40,1,0.0,8,1883.0,0.06,Severe
14-03-2025 00:00,Uttar Pradesh,Prayagraj,35.37,3.44,4.21,46,0,0.0,4,1565.0,-0.66,Moderate
14-03-2025 01:00,West Bengal,Howrah,104.02124999999998,2.66,5.28,66,2,1.0,2,3583.0,0.77,Severe
14-03-2025 02:00,Bihar,Patna,34.87,7.96,5.95,30,1,0.0,6,2497.0,0.35,Severe
14-03-2025 03:00,Odisha,Cuttack,16.68,6.98,6.11,34,1,1.0,7,2958.0,0.22,Severe
14-03-2025 04:00,Uttar Pradesh,Kanpur,19.7,3.76,6.68,33,0,2.0,4,1073.0,0.15,Moderate
14-03-2025 05:00,Maharashtra,Nagpur,20.49,7.12,6.52,37,2,0.0,4,2817.0,0.55,Severe
14-03-2025 06:00,Kerala,Alappuzha,88.87,6.02,4.35,52,4,2.0,2,3596.0,0.05,Severe
14-03-2025 07:00,Odisha,Bhubaneswar,101.85,1.03,5.83,59,2,0.0,7,2882.0,0.75,Severe
14-03-2025 08:00,West Bengal,Darjeeling,8.77,4.04,5.79,24,0,0.0,3,907.0,0.18,Moderate
14-03-2025 09:00,Tamil Nadu,Tiruppur,13.03,3.32,4.91,36,1,1.0,3,583.0,-0.17,Moderate
14-03-2025 10:00,Uttar Pradesh,Kanpur,14.47,2.74,4.55,35,2,1.0,5,1491.0,0.62,Severe
14-03-2025 11:00,Uttar Pradesh,Lucknow,21.5,3.01,4.6,38,1,0.0,7,1883.0,-0.04,Moderate
14-03-2025 12:00,Kerala,Kochi,104.02124999999998,8.54,4.53,66,5,1.0,6,4592.375,0.32,Severe
14-03-2025 13:00,Karnataka,Mysuru,104.02124999999998,4.89,6.42,66,2,2.5,6,4525.0,0.77,Severe
14-03-2025 14:00,Assam,Jorhat,33.44,7.78,4.45,36,2,0.0,2,2910.0,0.37,Severe
14-03-2025 15:00,Assam,Jorhat,23.69,2.71,4.79,40,1,0.0,4,1538.0,0.4,Moderate
14-03-2025 16:00,Tamil Nadu,Chennai,4.45,2.4,4.65,29,1,0.0,3,740.0,0.15,Low
14-03-2025 17:00,Bihar,Darbhanga,38.94,8.11,6.14,47,0,0.0,7,2465.0,0.43,Severe
14-03-2025 18:00,Bihar,Muzaffarpur,35.84,4.97,4.48,33,2,1.0,4,2009.0,0.07,Severe
14-03-2025 19:00,Maharashtra,Kolhapur,11.73,8.16,4.07,20,1,0.0,7,2147.0,0.59,Severe
14-03-2025 20:00,Odisha,Puri,44.77,1.5,5.12,35,1,2.0,1,2204.0,0.2,Moderate
14-03-2025 21:00,Gujarat,Surat,63.07,8.33,4.92,44,1,0.0,4,3632.0,0.27,Severe
14-03-2025 22:00,Karnataka,Mysuru,11.59,4.32,5.19,26,3,0.0,4,573.0,-0.1,Moderate
14-03-2025 23:00,West Bengal,Murshidabad,22.47,2.24,6.26,33,2,0.0,5,1187.0,0.58,Moderate
15-03-2025 00:00,Gujarat,Surat,60.94,6.47,4.04,53,3,0.0,5,2567.0,0.11,Severe
15-03-2025 01:00,Gujarat,Rajkot,18.82,7.38,4.11,34,0,1.0,1,1965.0,-0.14,Severe
15-03-2025 02:00,Uttar Pradesh,Lucknow,21.71,1.38,4.77,39,0,1.0,4,1415.0,0.12,Moderate
15-03-2025 03:00,Tamil Nadu,Thanjavur,22.89,8.9,6.67,28,3,1.0,5,1886.0,0.72,Severe
15-03-2025 04:00,Assam,Barpeta,46.23,6.58,4.51,49,5,1.0,2,2633.0,0.61,Severe
15-03-2025 05:00,Maharashtra,Pune,69.04,3.57,6.99,47,2,1.0,4,2637.0,-0.66,Severe
15-03-2025 06:00,Bihar,Muzaffarpur,93.74,2.21,6.42,66,2,2.0,4,3249.0,0.04,Severe
15-03-2025 07:00,Tamil Nadu,Tiruppur,65.72,4.14,5.37,41,0,2.0,4,2564.0,1.0,Severe
15-03-2025 08:00,Uttar Pradesh,Prayagraj,33.19,2.76,6.24,36,3,0.0,3,987.0,0.92,Severe
15-03-2025 09:00,West Bengal,Malda,51.99,4.95,5.56,50,2,0.0,6,1322.0,-0.21,Severe
15-03-2025 10:00,Maharashtra,Pune,10.84,7.26,5.7,34,0,0.0,0,1473.0,0.75,Severe
15-03-2025 11:00,Uttar Pradesh,Gorakhpur,104.02124999999998,6.28,5.74,62,2,0.0,0,4419.0,-0.3,Severe
15-03-2025 12:00,Assam,Barpeta,17.32,4.49,5.95,23,0,0.0,2,1455.0,-0.03,Moderate
15-03-2025 13:00,Assam,Guwahati,49.33,1.95,4.18,55,1,0.0,4,2433.0,-0.13,Moderate
15-03-2025 14:00,Assam,Jorhat,37.23,8.66,5.85,39,1,0.0,2,3105.0,0.68,Severe
15-03-2025 15:00,Tamil Nadu,Tiruppur,9.8,3.16,6.15,30,4,2.0,3,229.0,0.36,Severe
15-03-2025 16:00,Tamil Nadu,Chennai,17.4,3.22,4.93,36,1,0.0,5,979.0,0.58,Moderate
15-03-2025 17:00,Bihar,Patna,72.09,6.16,6.94,61,0,1.0,3,3538.0,-0.53,Severe
15-03-2025 18:00,Bihar,Gaya,30.05,7.16,4.43,35,2,0.0,3,2811.0,0.75,Severe
15-03-2025 19:00,West Bengal,Darjeeling,14.98,8.87,6.73,33,1,2.0,5,2990.0,1.09,Severe
15-03-2025 20:00,Maharashtra,Nashik,26.68,8.75,6.03,36,0,0.0,2,2322.0,0.46,Severe
15-03-2025 21:00,Kerala,Thrissur,14.97,8.31,5.99,35,1,2.0,4,1007.0,1.24,Severe
15-03-2025 22:00,Kerala,Alappuzha,21.52,4.48,6.63,17,1,0.0,3,932.0,0.74,Moderate
15-03-2025 23:00,Uttar Pradesh,Lucknow,7.7,2.33,6.5,29,1,1.0,4,892.0,1.16,Moderate
16-03-2025 00:00,Assam,Dhemaji,33.17,5.68,5.04,40,0,0.0,2,1462.0,0.25,Severe
16-03-2025 01:00,Maharashtra,Nagpur,36.97,1.14,6.12,31,2,1.0,4,1033.0,0.49,Moderate
16-03-2025 02:00,Gujarat,Bharuch,21.8,2.57,4.15,24,0,1.0,3,1091.0,0.04,Moderate
16-03-2025 03:00,Tamil Nadu,Chennai,71.85,1.02,5.39,59,4,2.0,5,1513.0,-0.3,Severe
16-03-2025 04:00,Odisha,Puri,22.84,2.44,6.81,29,1,0.0,5,1537.0,-0.02,Moderate
16-03-2025 05:00,Karnataka,Bengaluru,30.04,4.8,4.82,41,1,2.0,1,3087.0,0.48,Severe
16-03-2025 06:00,West Bengal,Malda,20.74,4.15,4.15,31,0,0.0,3,1963.0,-0.22,Moderate
16-03-2025 07:00,Assam,Guwahati,24.61,3.95,5.75,37,0,0.0,5,2000.0,0.4,Moderate
16-03-2025 08:00,Assam,Barpeta,53.53,7.65,5.07,48,0,1.0,4,3552.0,-0.63,Severe
16-03-2025 09:00,Assam,Jorhat,11.17,6.4,5.14,32,1,0.0,5,2738.0,0.2,Severe
16-03-2025 10:00,Tamil Nadu,Coimbatore,44.46,8.49,5.75,50,1,1.0,3,3079.0,0.47,Severe
16-03-2025 11:00,Tamil Nadu,Tiruppur,18.7,4.56,5.86,31,0,1.0,4,2140.0,0.03,Severe
16-03-2025 12:00,Karnataka,Mangaluru,11.64,3.18,5.31,29,0,0.0,3,1478.0,0.21,Moderate
16-03-2025 13:00,Gujarat,Vadodara,25.25,1.98,5.52,32,1,2.0,4,1769.0,0.34,Moderate
16-03-2025 14:00,Maharashtra,Kolhapur,88.67,6.38,6.98,62,3,2.0,0,3144.0,0.17,Severe
16-03-2025 15:00,Assam,Guwahati,48.99,7.73,6.87,32,1,0.0,4,3867.0,0.48,Severe
16-03-2025 16:00,Kerala,Alappuzha,24.81,2.47,6.12,27,0,1.0,6,1294.0,-0.41,Moderate
16-03-2025 17:00,Bihar,Patna,15.49,8.03,4.48,29,0,0.0,5,1369.0,-0.18,Severe
16-03-2025 18:00,Kerala,Kochi,103.18,5.21,5.08,54,4,1.0,7,4188.0,-0.11,Severe
16-03-2025 19:00,Uttar Pradesh,Gorakhpur,40.39,2.15,6.65,44,1,0.0,2,2067.0,0.25,Moderate
16-03-2025 20:00,Kerala,Kozhikode,34.06,6.14,5.27,23,1,2.0,1,1828.0,1.16,Severe
16-03-2025 21:00,Uttar Pradesh,Gorakhpur,47.99,5.16,6.87,33,0,0.0,1,2040.0,0.61,Severe
16-03-2025 22:00,Odisha,Balasore,51.57,1.23,5.46,40,0,0.0,6,1050.0,-0.42,Moderate
16-03-2025 23:00,Bihar,Patna,22.6,4.19,6.59,34,2,0.0,8,2208.0,0.44,Severe
17-03-2025 00:00,Kerala,Kochi,58.57,7.28,4.11,47,2,1.0,0,3354.0,0.1,Severe
17-03-2025 01:00,Odisha,Balasore,9.41,5.44,5.3,26,1,1.0,6,2112.0,0.15,Severe
17-03-2025 02:00,West Bengal,Kolkata,50.02,3.26,6.1,46,2,0.0,8,2329.0,0.02,Severe
17-03-2025 03:00,Maharashtra,Mumbai,23.76,8.43,6.59,36,3,0.0,7,2451.0,0.22,Severe
17-03-2025 04:00,Odisha,Cuttack,73.36,2.9,5.83,56,2,0.0,3,3367.0,-0.45,Severe
17-03-2025 05:00,Maharashtra,Nagpur,22.47,3.02,4.52,32,1,0.0,5,1637.0,0.3,Moderate
17-03-2025 06:00,Kerala,Thrissur,64.68,3.84,6.66,52,1,2.5,5,2419.0,0.49,Severe
17-03-2025 07:00,Gujarat,Bharuch,41.31,8.16,5.72,33,0,0.0,6,3399.0,-0.01,Severe
17-03-2025 08:00,Odisha,Puri,56.96,5.06,4.32,46,2,2.5,3,2400.0,0.11,Severe
17-03-2025 09:00,Bihar,Gaya,34.62,6.46,5.39,32,3,0.0,6,2293.0,-0.19,Severe
17-03-2025 10:00,Kerala,Thrissur,6.67,8.81,6.1,30,2,0.0,4,1597.0,0.17,Severe
17-03-2025 11:00,Assam,Dhemaji,69.85,7.27,5.35,58,1,1.0,7,2698.0,0.39,Severe
17-03-2025 12:00,Tamil Nadu,Coimbatore,72.9,2.38,6.61,56,2,1.0,2,2509.0,0.26,Severe
17-03-2025 13:00,Odisha,Bhubaneswar,25.57,7.31,5.27,30,3,0.0,5,2950.0,0.64,Severe
17-03-2025 14:00,Bihar,Darbhanga,19.26,6.99,5.75,23,2,0.0,5,3299.0,0.78,Severe
17-03-2025 15:00,West Bengal,Kolkata,60.19,2.86,4.63,46,0,1.0,2,1406.0,0.08,Moderate
17-03-2025 16:00,Assam,Dhemaji,40.81,3.6,5.54,38,1,1.0,5,1928.0,0.25,Severe
17-03-2025 17:00,West Bengal,Darjeeling,29.3,6.68,4.67,28,0,0.0,5,1993.0,-0.15,Severe
17-03-2025 18:00,Kerala,Kottayam,46.37,2.91,4.68,44,2,1.0,3,2477.0,0.13,Severe
17-03-2025 19:00,Tamil Nadu,Thanjavur,25.51,2.67,4.84,36,3,0.0,4,1490.0,0.37,Moderate
17-03-2025 20:00,Odisha,Balasore,72.2,6.63,4.13,51,3,0.0,5,3424.0,0.69,Severe
17-03-2025 21:00,Odisha,Cuttack,27.11,8.04,4.49,36,0,0.0,6,2737.0,0.31,Severe
17-03-2025 22:00,Gujarat,Rajkot,60.2,1.6,5.27,48,1,0.0,5,1923.0,0.49,Moderate
17-03-2025 23:00,Gujarat,Surat,34.58,4.57,4.39,34,2,0.0,2,2378.0,-0.25,Severe
18-03-2025 00:00,Kerala,Thrissur,42.76,5.86,4.4,42,1,0.0,4,2281.0,0.46,Severe
18-03-2025 01:00,Kerala,Alappuzha,101.1,6.41,6.9,66,5,1.0,4,4592.375,-0.04,Severe
18-03-2025 02:00,Tamil Nadu,Madurai,23.05,8.97,5.28,28,0,0.0,5,2085.0,1.06,Severe
18-03-2025 03:00,Gujarat,Vadodara,57.53,6.46,5.21,33,2,1.0,3,2977.0,1.17,Severe
18-03-2025 04:00,Bihar,Patna,86.34,5.96,4.8,58,1,1.0,4,2974.0,1.04,Severe
18-03-2025 05:00,Bihar,Patna,56.12,8.92,5.54,32,4,1.0,2,2648.0,-0.06,Severe
18-03-2025 06:00,Tamil Nadu,Tiruppur,74.93,1.49,5.79,58,0,1.0,4,2171.0,0.65,Severe
18-03-2025 07:00,Bihar,Patna,37.21,1.6,5.25,27,1,0.0,4,1991.0,-0.77,Moderate
18-03-2025 08:00,Uttar Pradesh,Gorakhpur,54.04,5.49,5.18,50,0,2.0,3,2815.0,0.83,Severe
18-03-2025 09:00,Maharashtra,Nagpur,64.47,3.87,6.1,49,2,1.0,7,3120.0,0.33,Severe
18-03-2025 10:00,Tamil Nadu,Madurai,34.04,1.77,6.85,33,1,0.0,5,1766.0,-0.47,Moderate
18-03-2025 11:00,Tamil Nadu,Madurai,17.27,3.45,6.63,35,2,0.0,4,2199.0,0.62,Severe
18-03-2025 12:00,Karnataka,Mysuru,14.88,6.39,4.36,23,2,1.0,4,1263.0,0.19,Severe
18-03-2025 13:00,Assam,Barpeta,93.86,8.04,5.96,57,2,0.0,8,4187.0,0.19,Severe
18-03-2025 14:00,Assam,Dhemaji,84.1,1.75,4.02,48,4,1.0,3,3779.0,0.59,Severe
18-03-2025 15:00,Uttar Pradesh,Kanpur,19.63,5.32,5.9,39,0,0.0,4,1992.0,0.8,Severe
18-03-2025 16:00,Gujarat,Ahmedabad,74.91,3.37,5.39,45,2,1.0,8,3229.0,0.47,Severe
18-03-2025 17:00,Kerala,Alappuzha,46.68,6.34,5.47,36,3,0.0,2,3652.0,-0.68,Severe
18-03-2025 18:00,Kerala,Alappuzha,34.89,5.4,5.76,38,2,1.0,7,1366.0,0.47,Severe
18-03-2025 19:00,West Bengal,Murshidabad,19.11,8.41,6.23,29,0,2.0,5,3207.0,-0.12,Severe
18-03-2025 20:00,Uttar Pradesh,Kanpur,31.34,1.3,6.19,33,1,1.0,1,1834.0,0.57,Moderate
18-03-2025 21:00,Tamil Nadu,Chennai,16.19,4.76,4.13,32,1,1.0,6,1319.0,0.49,Severe
18-03-2025 22:00,Uttar Pradesh,Kanpur,27.54,2.54,6.21,32,2,0.0,3,2251.0,0.2,Moderate
18-03-2025 23:00,Uttar Pradesh,Prayagraj,15.84,5.29,6.49,36,2,0.0,3,1302.0,0.28,Severe
19-03-2025 00:00,Uttar Pradesh,Kanpur,10.51,7.83,4.2,32,1,0.0,4,2406.0,-0.49,Severe
19-03-2025 01:00,Assam,Dhemaji,76.14,8.29,4.97,63,3,0.0,2,2903.0,1.05,Severe
19-03-2025 02:00,Uttar Pradesh,Kanpur,29.91,4.19,6.38,37,2,1.0,0,1171.0,0.46,Severe
19-03-2025 03:00,Maharashtra,Pune,43.81,7.49,5.48,48,3,0.0,8,2720.0,0.43,Severe
19-03-2025 04:00,Kerala,Kochi,22.13,3.24,6.08,32,1,1.0,1,1730.0,0.45,Moderate
19-03-2025 05:00,West Bengal,Murshidabad,28.87,1.05,5.51,41,0,0.0,6,1106.0,-0.5,Low
19-03-2025 06:00,Maharashtra,Nashik,15.42,7.84,6.93,40,2,1.0,4,1407.0,0.75,Severe
19-03-2025 07:00,West Bengal,Kolkata,94.41,1.96,6.81,51,3,1.0,6,2470.0,0.13,Severe
19-03-2025 08:00,Karnataka,Bengaluru,4.38,1.14,4.84,29,1,0.0,4,0.0,0.36,Low
19-03-2025 09:00,West Bengal,Howrah,61.83,3.83,5.16,40,5,1.0,6,3330.0,0.04,Severe
19-03-2025 10:00,Kerala,Alappuzha,21.8,4.04,5.29,29,1,0.0,4,1498.0,-0.24,Moderate
19-03-2025 11:00,Kerala,Alappuzha,15.36,1.62,4.31,40,2,0.0,2,1698.0,0.06,Moderate
19-03-2025 12:00,Uttar Pradesh,Gorakhpur,9.72,7.51,5.21,31,3,1.0,4,998.0,0.22,Severe
19-03-2025 13:00,Odisha,Balasore,37.15,4.24,6.32,42,3,0.0,2,1162.0,0.3,Severe
19-03-2025 14:00,Karnataka,Bengaluru,56.75,4.92,6.54,44,1,0.0,6,1506.0,0.08,Severe
19-03-2025 15:00,Tamil Nadu,Madurai,52.89,3.12,6.66,35,1,0.0,4,2207.0,0.26,Moderate
19-03-2025 16:00,Bihar,Muzaffarpur,24.27,5.09,4.04,39,4,0.0,4,2081.0,0.17,Severe
19-03-2025 17:00,West Bengal,Howrah,28.69,7.13,6.37,19,0,1.0,2,2131.0,-0.31,Severe
19-03-2025 18:00,Odisha,Balasore,14.98,8.25,5.51,42,2,0.0,8,1632.0,0.29,Severe
19-03-2025 19:00,Uttar Pradesh,Varanasi,17.25,8.76,4.62,24,2,0.0,2,2346.0,0.29,Severe
19-03-2025 20:00,Assam,Guwahati,75.99,4.41,5.5,50,5,0.0,5,2944.0,-0.01,Severe
19-03-2025 21:00,Tamil Nadu,Tiruppur,6.74,8.92,6.53,30,4,0.0,7,2184.0,0.73,Severe
19-03-2025 22:00,Gujarat,Bharuch,5.87,3.36,5.3,17,3,0.0,2,393.0,0.3,Moderate
19-03-2025 23:00,Odisha,Balasore,19.65,1.06,6.97,27,3,0.0,6,1137.0,0.48,Moderate
20-03-2025 00:00,Assam,Dhemaji,93.68,7.14,5.85,66,2,2.0,3,4136.0,-0.08,Severe
20-03-2025 01:00,Karnataka,Udupi,34.36,2.43,5.47,56,3,1.0,3,1861.0,0.0,Severe
20-03-2025 02:00,Uttar Pradesh,Gorakhpur,104.02124999999998,1.42,4.88,61,3,1.0,4,4146.0,0.18,Severe
20-03-2025 03:00,Tamil Nadu,Thanjavur,26.27,8.39,4.03,38,1,0.0,4,2260.0,-0.24,Severe
20-03-2025 04:00,Tamil Nadu,Chennai,54.16,7.33,5.83,53,0,1.0,1,2931.0,-0.52,Severe
20-03-2025 05:00,Tamil Nadu,Madurai,69.31,1.82,5.73,51,5,0.0,5,2898.0,0.92,Severe
20-03-2025 06:00,Karnataka,Mangaluru,104.02124999999998,7.22,5.55,62,5,1.0,6,4592.375,0.05,Severe
20-03-2025 07:00,West Bengal,Murshidabad,21.07,7.75,5.61,31,1,1.0,4,1982.0,0.25,Severe
20-03-2025 08:00,Gujarat,Vadodara,34.08,8.24,6.53,46,1,1.0,5,2318.0,0.45,Severe
20-03-2025 09:00,Karnataka,Bengaluru,29.44,5.35,4.95,37,2,1.0,5,2301.0,0.22,Severe
20-03-2025 10:00,Bihar,Patna,57.26,6.63,5.65,44,2,0.0,4,2821.0,-0.19,Severe
20-03-2025 11:00,Gujarat,Surat,87.19,7.1,6.04,61,3,1.0,3,4592.375,0.79,Severe
20-03-2025 12:00,Kerala,Thrissur,87.02,6.51,4.63,56,0,0.0,6,3580.0,0.1,Severe
20-03-2025 13:00,Uttar Pradesh,Lucknow,20.69,6.17,6.77,32,0,1.0,3,1532.0,0.61,Severe
20-03-2025 14:00,Karnataka,Mangaluru,17.32,5.38,6.21,26,0,0.0,3,2269.0,0.98,Severe
20-03-2025 15:00,Assam,Barpeta,53.15,4.83,4.16,56,3,0.0,1,3013.0,-0.24,Severe
20-03-2025 16:00,Gujarat,Surat,13.41,8.97,6.6,26,3,1.0,2,2129.0,0.71,Severe
20-03-2025 17:00,Bihar,Patna,58.2,3.7,6.79,42,1,0.0,1,2676.0,0.39,Severe
20-03-2025 18:00,Kerala,Thrissur,34.03,1.71,6.38,33,0,0.0,2,2321.0,-0.06,Moderate
20-03-2025 19:00,West Bengal,Malda,78.23,7.12,5.28,52,1,0.0,4,3692.0,0.54,Severe
20-03-2025 20:00,Assam,Guwahati,70.21,2.71,6.98,54,2,0.0,5,2629.0,0.4,Severe
20-03-2025 21:00,Gujarat,Rajkot,37.26,5.26,4.37,46,1,1.0,4,2591.0,0.07,Severe
20-03-2025 22:00,Uttar Pradesh,Gorakhpur,12.4,1.77,5.61,31,0,0.0,5,1149.0,1.21,Moderate
20-03-2025 23:00,Assam,Barpeta,13.37,5.95,4.51,32,1,0.0,2,1406.0,0.52,Severe
21-03-2025 00:00,Kerala,Kozhikode,35.32,8.55,5.32,29,0,1.0,4,2885.0,-0.14,Severe
21-03-2025 01:00,Assam,Dhemaji,47.23,6.78,6.78,41,2,0.0,8,2372.0,0.5,Severe
21-03-2025 02:00,Maharashtra,Nagpur,26.66,2.72,6.38,29,0,0.0,5,2112.0,0.27,Moderate
21-03-2025 03:00,Odisha,Balasore,15.99,8.77,6.35,40,3,0.0,2,2136.0,-0.16,Severe
21-03-2025 04:00,West Bengal,Malda,27.37,3.46,5.06,32,0,0.0,4,636.0,0.24,Moderate
21-03-2025 05:00,Kerala,Thrissur,78.62,4.49,6.8,58,5,1.0,5,3202.0,0.52,Severe
21-03-2025 06:00,Assam,Guwahati,27.38,4.98,5.1,29,1,0.0,6,2149.0,-0.07,Severe
21-03-2025 07:00,Odisha,Cuttack,21.27,8.93,4.12,37,1,0.0,3,3253.0,-0.28,Severe
21-03-2025 08:00,Odisha,Puri,13.01,1.55,5.91,22,4,0.0,7,558.0,-0.27,Moderate
21-03-2025 09:00,Assam,Dhemaji,32.32,6.57,5.09,39,0,0.0,3,2362.0,-0.25,Severe
21-03-2025 10:00,Uttar Pradesh,Gorakhpur,70.69,3.9,4.46,64,4,0.0,2,2387.0,0.59,Severe
21-03-2025 11:00,Maharashtra,Nashik,72.94,1.63,6.8,58,2,1.0,4,2188.0,0.53,Severe
21-03-2025 12:00,Karnataka,Mysuru,17.93,8.48,5.91,35,2,0.0,2,998.0,-0.06,Severe
21-03-2025 13:00,Maharashtra,Kolhapur,37.47,5.72,6.82,43,0,1.0,1,2042.0,0.25,Severe
21-03-2025 14:00,Assam,Guwahati,19.39,7.03,5.75,35,0,0.0,5,1953.0,-0.24,Severe
21-03-2025 15:00,West Bengal,Murshidabad,25.66,2.92,4.19,29,0,1.0,4,2117.0,0.06,Moderate
21-03-2025 16:00,Karnataka,Mysuru,31.9,7.09,4.09,44,1,0.0,3,3278.0,0.05,Severe
21-03-2025 17:00,Kerala,Kochi,23.15,7.63,6.7,27,1,0.0,4,1857.0,0.48,Severe
21-03-2025 18:00,Maharashtra,Nashik,1.11,4.45,4.12,27,1,0.0,3,1265.0,0.88,Severe
21-03-2025 19:00,Assam,Dhemaji,94.6,5.58,5.85,53,1,1.0,4,3349.0,-0.14,Severe
21-03-2025 20:00,Maharashtra,Kolhapur,21.16,8.77,4.89,20,1,0.0,2,2918.0,-0.02,Severe
21-03-2025 21:00,Karnataka,Mangaluru,19.83,7.77,6.06,41,1,0.0,2,2227.0,0.47,Severe
21-03-2025 22:00,Bihar,Darbhanga,17.85,4.56,4.85,41,0,0.0,4,1874.0,-0.3,Moderate
21-03-2025 23:00,Gujarat,Surat,8.99,6.32,4.11,29,2,2.0,2,2093.0,-0.06,Severe
22-03-2025 00:00,Maharashtra,Mumbai,96.43,7.27,6.19,58,4,2.0,3,4592.375,0.74,Severe
22-03-2025 01:00,Kerala,Kochi,33.51,1.19,4.93,41,1,0.0,3,514.0,0.9,Moderate
22-03-2025 02:00,Kerala,Thrissur,47.64,5.71,5.65,50,3,2.0,3,2249.0,-0.07,Severe
22-03-2025 03:00,Tamil Nadu,Tiruppur,43.43,8.88,6.32,36,2,2.0,2,3104.0,-0.02,Severe
22-03-2025 04:00,Maharashtra,Kolhapur,22.62,8.58,6.11,33,1,1.0,3,1812.0,0.65,Severe
22-03-2025 05:00,Gujarat,Surat,33.44,7.66,5.05,40,1,0.0,1,2861.0,0.78,Severe
22-03-2025 06:00,Uttar Pradesh,Gorakhpur,55.13,1.85,6.24,38,2,1.0,7,1834.0,0.21,Severe
22-03-2025 07:00,Odisha,Cuttack,10.05,8.95,6.78,31,1,1.0,4,2108.0,0.03,Severe
22-03-2025 08:00,Gujarat,Ahmedabad,25.3,5.88,5.83,35,1,0.0,5,2599.0,0.58,Severe
22-03-2025 09:00,Odisha,Balasore,28.73,2.78,6.11,34,0,0.0,6,829.0,0.49,Moderate
22-03-2025 10:00,Odisha,Cuttack,22.06,6.39,6.6,34,0,1.0,5,2539.0,0.32,Severe
22-03-2025 11:00,Bihar,Darbhanga,21.73,7.85,6.53,36,1,1.0,6,1316.0,1.16,Severe
22-03-2025 12:00,Tamil Nadu,Madurai,38.18,1.9,5.05,34,1,0.0,2,2021.0,0.44,Moderate
22-03-2025 13:00,Gujarat,Vadodara,81.16,8.33,6.98,52,2,1.0,2,3920.0,-0.18,Severe
22-03-2025 14:00,Gujarat,Bharuch,46.11,8.36,4.09,48,2,0.0,4,2445.0,0.52,Severe
22-03-2025 15:00,Bihar,Gaya,17.46,1.11,6.96,32,1,2.0,2,1578.0,0.02,Moderate
22-03-2025 16:00,Maharashtra,Kolhapur,104.02124999999998,8.2,4.74,66,5,2.0,5,4592.375,0.26,Severe
22-03-2025 17:00,Maharashtra,Nagpur,81.67,8.57,5.32,53,0,2.0,8,4334.0,0.68,Severe
22-03-2025 18:00,Maharashtra,Kolhapur,23.33,1.3,6.65,27,1,0.0,3,1178.0,0.72,Moderate
22-03-2025 19:00,West Bengal,Darjeeling,82.47,3.35,4.73,55,1,1.0,1,2601.0,-0.865,Severe
22-03-2025 20:00,Odisha,Balasore,38.79,3.98,4.67,40,0,0.0,3,2483.0,0.08,Moderate
22-03-2025 21:00,West Bengal,Howrah,12.73,3.79,5.93,30,1,1.0,2,1272.0,0.1,Moderate
22-03-2025 22:00,Tamil Nadu,Thanjavur,75.75,7.07,6.12,51,3,0.0,2,3118.0,0.33,Severe
22-03-2025 23:00,Bihar,Patna,17.46,3.86,4.02,29,4,1.0,4,1743.0,-0.06,Severe
23-03-2025 00:00,Gujarat,Ahmedabad,47.57,8.65,5.35,35,0,0.0,3,3053.0,0.2,Severe
23-03-2025 01:00,Odisha,Cuttack,37.33,8.96,5.47,44,0,0.0,5,3257.0,0.3,Severe
23-03-2025 02:00,West Bengal,Howrah,50.34,3.53,4.82,32,1,0.0,4,1644.0,-0.42,Moderate
23-03-2025 03:00,West Bengal,Darjeeling,101.18,5.07,5.64,64,3,1.0,4,3791.0,0.26,Severe
23-03-2025 04:00,Assam,Dhemaji,33.08,5.46,4.46,32,2,0.0,8,2910.0,0.77,Severe
23-03-2025 05:00,West Bengal,Murshidabad,12.58,5.64,4.97,27,3,0.0,5,2458.0,-0.22,Severe
23-03-2025 06:00,Uttar Pradesh,Prayagraj,19.52,3.99,6.14,33,2,0.0,3,1970.0,0.4,Severe
23-03-2025 07:00,Gujarat,Vadodara,11.79,2.33,6.62,25,0,1.0,3,1033.0,0.37,Moderate
23-03-2025 08:00,Uttar Pradesh,Varanasi,8.67,1.44,5.77,24,1,0.0,8,1867.0,-0.48,Moderate
23-03-2025 09:00,Gujarat,Vadodara,69.7,1.85,4.22,48,2,1.0,1,1612.0,0.18,Moderate
23-03-2025 10:00,Bihar,Bhagalpur,36.4,8.21,6.04,38,1,1.0,5,2463.0,0.3,Severe
23-03-2025 11:00,Gujarat,Ahmedabad,30.31,3.24,6.69,42,0,1.0,2,1858.0,0.9,Severe
23-03-2025 12:00,Uttar Pradesh,Varanasi,23.76,1.61,5.51,24,0,0.0,3,1225.0,0.18,Low
23-03-2025 13:00,Gujarat,Vadodara,59.21,5.99,5.48,37,4,0.0,4,3009.0,0.51,Severe
23-03-2025 14:00,Bihar,Darbhanga,88.6,1.6,6.97,52,1,0.0,5,3073.0,0.02,Severe
23-03-2025 15:00,Bihar,Bhagalpur,17.04,1.56,5.91,33,0,0.0,4,1134.0,0.48,Moderate
23-03-2025 16:00,Tamil Nadu,Madurai,46.3,5.97,6.42,48,2,2.0,1,2637.0,0.74,Severe
23-03-2025 17:00,Gujarat,Rajkot,66.48,5.73,5.94,46,5,0.0,3,3428.0,-0.4,Severe
23-03-2025 18:00,Assam,Barpeta,40.06,1.33,4.66,41,3,0.0,4,1647.0,0.41,Moderate
23-03-2025 19:00,Maharashtra,Pune,56.02,4.68,4.85,40,3,0.0,6,2807.0,0.58,Severe
23-03-2025 20:00,Kerala,Kozhikode,12.44,4.49,6.0,33,0,0.0,3,861.0,0.28,Moderate
23-03-2025 21:00,Bihar,Darbhanga,90.2,5.37,5.37,56,2,1.0,2,4109.0,0.45,Severe
23-03-2025 22:00,Karnataka,Mysuru,59.4,6.9,5.21,49,3,1.0,4,3431.0,0.68,Severe
23-03-2025 23:00,Maharashtra,Pune,49.54,3.26,4.07,41,1,1.0,5,1980.0,-0.27,Severe
24-03-2025 00:00,Odisha,Balasore,63.43,4.46,6.65,40,4,1.0,7,3109.0,0.52,Severe
24-03-2025 01:00,Gujarat,Vadodara,26.82,7.34,6.65,44,0,2.0,7,2595.0,0.88,Severe
24-03-2025 02:00,Uttar Pradesh,Varanasi,14.56,8.38,5.38,29,1,1.0,3,2194.0,0.15,Severe
24-03-2025 03:00,Kerala,Kottayam,11.87,8.13,6.1,23,1,1.0,2,2115.0,0.06,Severe
24-03-2025 04:00,Karnataka,Mangaluru,10.28,4.82,4.53,27,2,1.0,5,1912.0,0.06,Severe
24-03-2025 05:00,Maharashtra,Pune,45.85,5.17,5.51,31,2,0.0,6,2530.0,0.48,Severe
24-03-2025 06:00,Gujarat,Surat,24.56,5.23,5.32,33,2,0.0,0,1023.0,0.99,Severe
24-03-2025 07:00,Tamil Nadu,Coimbatore,86.58,7.95,5.97,63,4,0.0,4,4541.0,1.28,Severe
24-03-2025 08:00,Odisha,Kendrapara,75.16,7.72,5.41,56,3,2.0,8,2992.0,1.06,Severe
24-03-2025 09:00,Kerala,Thrissur,59.14,3.49,5.5,51,2,1.0,5,1938.0,0.19,Severe
24-03-2025 10:00,Assam,Guwahati,50.68,2.3,4.89,48,2,0.0,3,2243.0,-0.04,Moderate
24-03-2025 11:00,Tamil Nadu,Coimbatore,19.45,4.03,4.15,31,1,0.0,5,1864.0,-0.34,Moderate
24-03-2025 12:00,Karnataka,Kodagu,22.43,3.31,6.75,38,1,1.0,6,1496.0,0.55,Severe
24-03-2025 13:00,Kerala,Alappuzha,19.38,8.61,4.04,26,1,0.0,2,2079.0,1.5750000000000002,Severe
24-03-2025 14:00,Tamil Nadu,Thanjavur,14.16,3.13,4.84,32,1,1.0,1,2004.0,0.44,Moderate
24-03-2025 15:00,Odisha,Cuttack,31.0,2.45,5.34,38,1,0.0,5,1613.0,0.5,Moderate
24-03-2025 16:00,Assam,Dhemaji,65.9,8.2,4.96,51,4,1.0,3,3938.0,0.33,Severe
24-03-2025 17:00,Tamil Nadu,Coimbatore,29.54,1.69,5.66,35,0,0.0,4,2166.0,0.6,Moderate
24-03-2025 18:00,West Bengal,Darjeeling,18.58,3.08,5.38,34,0,0.0,2,1404.0,0.07,Moderate
24-03-2025 19:00,Assam,Guwahati,29.56,4.51,4.77,27,0,1.0,1,883.0,0.5,Moderate
24-03-2025 20:00,Karnataka,Kodagu,37.98,5.76,4.26,47,1,0.0,8,3223.0,0.22,Severe
24-03-2025 21:00,Odisha,Kendrapara,23.0,3.62,4.41,30,1,1.0,4,1843.0,0.56,Severe
24-03-2025 22:00,Gujarat,Vadodara,31.19,4.97,5.46,38,1,0.0,5,2002.0,0.34,Severe
24-03-2025 23:00,Uttar Pradesh,Kanpur,104.02124999999998,2.59,6.54,66,4,1.0,8,4592.375,0.58,Severe
25-03-2025 00:00,Uttar Pradesh,Lucknow,9.99,5.59,4.3,34,1,2.5,4,1541.0,-0.06,Severe
25-03-2025 01:00,Uttar Pradesh,Varanasi,4.53,4.26,6.03,19,2,0.0,7,817.0,0.84,Severe
25-03-2025 02:00,Kerala,Alappuzha,36.06,7.79,6.38,45,0,0.0,6,3030.0,0.79,Severe
25-03-2025 03:00,Karnataka,Mysuru,44.41,4.33,4.83,36,1,2.0,4,3028.0,0.22,Severe
25-03-2025 04:00,Odisha,Balasore,30.05,4.55,6.0,34,0,0.0,8,1142.0,0.1,Severe
25-03-2025 05:00,Assam,Guwahati,15.24,5.74,6.06,23,1,1.0,2,1391.0,-0.22,Severe
25-03-2025 06:00,Kerala,Kottayam,85.59,1.99,6.12,57,0,1.0,1,3408.0,-0.17,Severe
25-03-2025 07:00,Karnataka,Mysuru,34.54,2.25,6.67,24,0,0.0,4,1769.0,0.17,Moderate
25-03-2025 08:00,Gujarat,Ahmedabad,37.27,7.32,5.2,26,0,0.0,8,3166.0,0.42,Severe
25-03-2025 09:00,West Bengal,Malda,58.49,3.19,4.73,46,3,1.0,2,2953.0,0.44,Severe
25-03-2025 10:00,Odisha,Cuttack,29.13,6.48,5.63,35,0,0.0,4,2750.0,1.13,Severe
25-03-2025 11:00,Uttar Pradesh,Varanasi,27.16,1.78,4.19,44,1,1.0,5,1630.0,0.12,Moderate
25-03-2025 12:00,Tamil Nadu,Madurai,85.59,7.57,5.0,66,1,2.5,4,4172.0,0.07,Severe
25-03-2025 13:00,Odisha,Cuttack,7.35,8.91,6.65,34,2,1.0,4,2241.0,0.31,Severe
25-03-2025 14:00,Bihar,Gaya,42.79,3.99,5.6,40,0,0.0,6,2730.0,-0.06,Severe
25-03-2025 15:00,Karnataka,Bengaluru,40.18,5.04,5.31,46,1,1.0,3,2346.0,1.04,Severe
25-03-2025 16:00,Maharashtra,Pune,24.36,4.54,4.8,36,0,2.5,7,2299.0,1.16,Severe
25-03-2025 17:00,Gujarat,Vadodara,30.09,8.15,4.75,39,2,0.0,4,1838.0,0.71,Severe
25-03-2025 18:00,West Bengal,Howrah,80.77,1.08,4.71,61,5,1.0,2,3275.0,0.77,Severe
25-03-2025 19:00,Gujarat,Bharuch,17.42,6.23,6.49,37,0,1.0,3,2013.0,0.28,Severe
25-03-2025 20:00,Odisha,Puri,55.93,6.22,6.96,31,2,1.0,7,2923.0,0.65,Severe
25-03-2025 21:00,Maharashtra,Mumbai,33.78,4.06,5.6,31,3,1.0,4,2405.0,0.91,Severe
25-03-2025 22:00,Bihar,Bhagalpur,51.98,2.75,4.24,48,2,1.0,4,2183.0,0.21,Severe
25-03-2025 23:00,Assam,Dhemaji,44.94,2.92,6.25,36,3,1.0,4,2576.0,0.99,Severe
26-03-2025 00:00,Tamil Nadu,Thanjavur,4.24,7.4,6.63,27,1,2.0,3,1130.0,0.34,Severe
26-03-2025 01:00,Maharashtra,Pune,17.07,1.53,6.79,37,0,0.0,6,907.0,0.31,Moderate
26-03-2025 02:00,Karnataka,Mysuru,19.3,5.51,5.89,26,0,1.0,2,1467.0,-0.04,Moderate
26-03-2025 03:00,Uttar Pradesh,Kanpur,15.11,3.45,5.52,25,1,1.0,5,1018.0,0.45,Moderate
26-03-2025 04:00,Bihar,Bhagalpur,21.35,3.12,5.86,27,1,0.0,4,1744.0,0.85,Moderate
26-03-2025 05:00,Tamil Nadu,Madurai,37.21,5.05,4.04,32,2,0.0,4,1591.0,-0.67,Severe
26-03-2025 06:00,West Bengal,Murshidabad,62.23,8.18,5.97,45,4,0.0,4,2668.0,0.5,Severe
26-03-2025 07:00,Uttar Pradesh,Lucknow,11.26,5.94,6.13,25,1,2.0,2,1356.0,0.68,Severe
26-03-2025 08:00,Odisha,Cuttack,34.13,7.31,6.17,38,1,1.0,6,2485.0,0.4,Severe
26-03-2025 09:00,Maharashtra,Pune,41.23,5.81,5.69,38,2,0.0,7,2812.0,-0.54,Severe
26-03-2025 10:00,Tamil Nadu,Chennai,70.23,6.58,6.1,51,1,0.0,4,3439.0,-0.26,Severe
26-03-2025 11:00,Kerala,Thrissur,91.96,4.46,5.92,51,1,2.0,2,3863.0,0.31,Severe
26-03-2025 12:00,Assam,Dibrugarh,28.99,8.41,4.35,33,0,0.0,6,2165.0,-0.4,Severe
26-03-2025 13:00,Assam,Dhemaji,15.41,5.02,6.7,40,2,1.0,1,1220.0,1.56,Severe
26-03-2025 14:00,Bihar,Gaya,43.17,5.41,5.87,36,0,0.0,5,2302.0,0.93,Severe
26-03-2025 15:00,West Bengal,Malda,16.03,5.2,6.18,32,2,0.0,2,1729.0,-0.12,Severe
26-03-2025 16:00,Bihar,Darbhanga,40.72,3.53,5.03,35,0,1.0,2,1636.0,0.74,Severe
26-03-2025 17:00,Kerala,Kozhikode,18.55,2.85,6.76,28,0,0.0,5,12.0,0.65,Moderate
26-03-2025 18:00,Karnataka,Bengaluru,48.01,1.59,5.51,38,0,2.0,6,770.0,0.19,Moderate
26-03-2025 19:00,West Bengal,Darjeeling,19.62,6.75,6.04,25,0,0.0,5,2101.0,0.79,Severe
26-03-2025 20:00,Gujarat,Bharuch,86.51,3.31,6.86,63,2,2.0,4,3615.0,-0.59,Severe
26-03-2025 21:00,Karnataka,Mysuru,33.88,4.11,6.75,44,2,1.0,5,1426.0,0.2,Severe
26-03-2025 22:00,West Bengal,Murshidabad,8.14,8.36,5.93,13,2,2.0,5,1926.0,0.11,Severe
26-03-2025 23:00,West Bengal,Kolkata,63.45,5.53,4.5,35,2,1.0,7,3761.0,1.16,Severe
27-03-2025 00:00,Kerala,Thrissur,29.32,1.78,6.85,36,0,0.0,8,1885.0,-0.08,Moderate
27-03-2025 01:00,Odisha,Cuttack,50.53,7.4,6.95,32,1,2.0,5,2828.0,0.66,Severe
27-03-2025 02:00,Kerala,Kozhikode,64.24,3.05,4.31,51,5,2.0,5,2665.0,0.04,Severe
27-03-2025 03:00,West Bengal,Malda,35.19,5.42,5.35,45,0,0.0,7,2298.0,0.83,Severe
27-03-2025 04:00,Tamil Nadu,Madurai,10.6,5.08,5.64,30,0,1.0,3,1508.0,0.16,Moderate
27-03-2025 05:00,Karnataka,Mysuru,37.58,2.9,4.28,28,2,0.0,4,1146.0,-0.2,Moderate
27-03-2025 06:00,Kerala,Alappuzha,79.1,1.93,4.57,56,3,0.0,5,2701.0,0.34,Severe
27-03-2025 07:00,Odisha,Bhubaneswar,31.31,2.69,5.61,35,1,0.0,5,1557.0,0.73,Moderate
27-03-2025 08:00,Maharashtra,Nagpur,45.0,1.78,6.89,39,1,0.0,1,2007.0,0.59,Moderate
27-03-2025 09:00,Bihar,Darbhanga,17.54,3.21,4.08,32,0,0.0,2,1630.0,-0.32,Moderate
27-03-2025 10:00,West Bengal,Darjeeling,8.99,8.98,6.74,26,1,1.0,5,1841.0,-0.37,Severe
27-03-2025 11:00,Gujarat,Vadodara,29.78,4.22,6.7,25,2,0.0,0,2210.0,0.06,Moderate
27-03-2025 12:00,Maharashtra,Nashik,34.46,7.91,6.57,48,1,1.0,5,2867.0,-0.09,Severe
27-03-2025 13:00,Assam,Guwahati,69.3,5.39,5.13,53,1,0.0,4,3376.0,-0.06,Severe
27-03-2025 14:00,Uttar Pradesh,Lucknow,36.07,6.33,5.47,40,3,0.0,8,1894.0,0.14,Severe
27-03-2025 15:00,Odisha,Bhubaneswar,65.78,2.25,5.21,35,0,1.0,1,3311.0,0.62,Severe
27-03-2025 16:00,Gujarat,Bharuch,24.06,3.2,6.84,29,1,0.0,8,1028.0,0.23,Moderate
27-03-2025 17:00,Uttar Pradesh,Lucknow,10.33,5.08,5.56,21,1,0.0,5,2248.0,-0.18,Moderate
27-03-2025 18:00,Odisha,Bhubaneswar,46.77,8.05,4.24,42,0,1.0,5,3139.0,-0.06,Severe
27-03-2025 19:00,Tamil Nadu,Madurai,84.58,1.34,4.82,66,1,1.0,4,3386.0,0.55,Severe
27-03-2025 20:00,Bihar,Darbhanga,21.53,5.06,5.39,33,0,0.0,3,1695.0,0.3,Moderate
27-03-2025 21:00,Maharashtra,Nashik,51.57,1.41,6.86,42,1,1.0,2,1244.0,0.03,Moderate
27-03-2025 22:00,Karnataka,Bengaluru,52.87,4.65,5.71,44,4,0.0,4,2101.0,0.63,Severe
27-03-2025 23:00,Odisha,Kendrapara,9.09,6.03,6.09,33,0,1.0,1,1627.0,0.71,Severe
28-03-2025 00:00,Karnataka,Udupi,28.83,6.96,4.27,33,2,2.0,4,2453.0,0.69,Severe
28-03-2025 01:00,Bihar,Bhagalpur,54.46,2.11,6.63,44,2,2.5,4,2579.0,0.3,Severe
28-03-2025 02:00,West Bengal,Malda,43.07,2.33,5.62,34,0,0.0,5,940.0,-0.05,Moderate
28-03-2025 03:00,Assam,Jorhat,54.49,4.76,6.76,39,4,2.0,6,2609.0,0.25,Severe
28-03-2025 04:00,Maharashtra,Mumbai,48.52,8.98,5.34,46,0,1.0,4,3716.0,0.03,Severe
28-03-2025 05:00,Bihar,Bhagalpur,31.61,3.85,6.05,28,0,0.0,7,3102.0,-0.83,Severe
28-03-2025 06:00,Bihar,Muzaffarpur,34.4,4.42,5.41,33,1,0.0,2,3113.0,0.24,Severe
28-03-2025 07:00,Tamil Nadu,Thanjavur,68.07,4.46,4.43,50,3,1.0,7,3831.0,-0.62,Severe
28-03-2025 08:00,Uttar Pradesh,Prayagraj,37.53,1.65,4.82,47,0,0.0,4,1632.0,0.02,Moderate
28-03-2025 09:00,Assam,Dhemaji,19.31,7.19,4.2,30,1,0.0,4,2261.0,0.09,Severe
28-03-2025 10:00,Maharashtra,Pune,29.18,3.02,5.32,35,2,0.0,1,2231.0,1.05,Severe
28-03-2025 11:00,West Bengal,Howrah,44.89,6.63,5.95,42,1,0.0,6,3122.0,-0.18,Severe
28-03-2025 12:00,West Bengal,Malda,65.29,4.8,4.73,47,5,1.0,6,2555.0,0.45,Severe
28-03-2025 13:00,Kerala,Thrissur,8.89,5.89,5.47,39,3,0.0,6,1481.0,0.21,Severe
28-03-2025 14:00,Bihar,Gaya,28.03,1.43,5.38,40,1,0.0,7,1000.0,0.56,Moderate
28-03-2025 15:00,Odisha,Puri,62.09,8.12,5.6,41,0,0.0,3,3545.0,0.05,Severe
28-03-2025 16:00,Tamil Nadu,Thanjavur,17.36,2.95,4.55,28,0,1.0,4,1789.0,-0.36,Moderate
28-03-2025 17:00,Assam,Jorhat,17.43,6.36,5.6,37,1,2.0,4,1844.0,0.4,Severe
28-03-2025 18:00,West Bengal,Murshidabad,34.1,7.38,5.09,28,1,0.0,1,2639.0,0.36,Severe
28-03-2025 19:00,Maharashtra,Pune,8.25,5.32,4.86,35,2,0.0,1,2100.0,0.43,Severe
28-03-2025 20:00,Kerala,Kottayam,99.37,3.7,5.76,51,0,2.0,2,3818.0,0.22,Severe
28-03-2025 21:00,Maharashtra,Pune,44.51,8.82,4.44,34,2,1.0,8,1990.0,0.19,Severe
28-03-2025 22:00,Tamil Nadu,Tiruppur,51.44,3.23,6.7,46,3,0.0,3,2311.0,0.71,Severe
28-03-2025 23:00,Odisha,Bhubaneswar,71.14,8.59,6.8,52,1,0.0,3,3428.0,0.67,Severe
29-03-2025 00:00,Kerala,Alappuzha,104.02124999999998,2.25,5.98,64,4,0.0,7,4034.0,-0.01,Severe
29-03-2025 01:00,Kerala,Alappuzha,31.69,4.11,4.91,39,1,0.0,4,1728.0,0.28,Severe
29-03-2025 02:00,Uttar Pradesh,Kanpur,8.78,2.11,5.88,32,1,1.0,4,0.0,-0.19,Moderate
29-03-2025 03:00,Assam,Dibrugarh,41.83,1.02,5.8,50,0,0.0,5,2315.0,0.61,Moderate
29-03-2025 04:00,Kerala,Thrissur,18.26,3.08,5.17,26,1,0.0,2,1586.0,0.56,Moderate
29-03-2025 05:00,Uttar Pradesh,Prayagraj,12.94,1.7,4.86,21,0,1.0,4,1897.0,0.99,Moderate
29-03-2025 06:00,Uttar Pradesh,Varanasi,23.2,8.89,4.51,22,0,0.0,5,1652.0,0.68,Severe
29-03-2025 07:00,Tamil Nadu,Thanjavur,31.25,7.09,4.65,37,0,1.0,1,2025.0,0.43,Severe
29-03-2025 08:00,Karnataka,Udupi,71.98,1.03,5.96,63,3,0.0,2,2136.0,1.51,Severe
29-03-2025 09:00,Maharashtra,Nagpur,101.04,2.79,6.66,66,3,1.0,2,3483.0,0.51,Severe
29-03-2025 10:00,Odisha,Kendrapara,14.46,6.36,5.15,33,0,0.0,2,1590.0,0.6,Severe
29-03-2025 11:00,Gujarat,Ahmedabad,24.51,4.19,4.37,36,1,0.0,0,1986.0,-0.46,Moderate
29-03-2025 12:00,Maharashtra,Kolhapur,49.89,7.65,4.04,45,1,0.0,6,4308.0,0.72,Severe
29-03-2025 13:00,Kerala,Alappuzha,54.62,5.04,5.22,38,1,1.0,2,2605.0,1.44,Severe
29-03-2025 14:00,Odisha,Kendrapara,15.9,6.23,4.7,29,1,0.0,4,2198.0,0.48,Severe
29-03-2025 15:00,West Bengal,Howrah,62.16,5.78,4.97,55,3,2.0,2,2673.0,0.7,Severe
29-03-2025 16:00,Karnataka,Mysuru,19.23,6.11,4.73,32,1,0.0,1,2494.0,0.85,Severe
29-03-2025 17:00,West Bengal,Murshidabad,15.37,2.84,5.99,33,2,0.0,5,1638.0,1.16,Severe
29-03-2025 18:00,West Bengal,Darjeeling,48.46,3.99,5.92,35,1,0.0,6,2579.0,0.62,Severe
29-03-2025 19:00,Assam,Dibrugarh,73.25,1.41,6.74,38,3,0.0,5,2517.0,-0.36,Moderate
29-03-2025 20:00,Maharashtra,Nashik,41.82,5.7,6.1,40,1,1.0,5,2911.0,0.45,Severe
29-03-2025 21:00,Gujarat,Surat,37.07,4.67,4.49,39,1,0.0,2,2453.0,0.7,Severe
29-03-2025 22:00,Tamil Nadu,Thanjavur,31.7,7.09,6.25,35,1,1.0,3,3062.0,0.66,Severe
29-03-2025 23:00,Gujarat,Ahmedabad,35.6,2.65,4.54,46,2,2.0,4,1305.0,0.28,Severe
30-03-2025 00:00,West Bengal,Howrah,28.57,4.49,5.68,36,0,0.0,5,1996.0,0.18,Severe
30-03-2025 01:00,Kerala,Kozhikode,49.43,2.45,4.23,45,3,2.0,3,2137.0,0.19,Severe
30-03-2025 02:00,Karnataka,Mangaluru,35.62,5.91,4.14,23,4,0.0,5,2119.0,0.28,Severe
30-03-2025 03:00,Bihar,Bhagalpur,104.02124999999998,7.78,5.39,66,4,2.0,3,4592.375,0.41,Severe
30-03-2025 04:00,Gujarat,Ahmedabad,43.02,7.12,4.31,33,0,0.0,3,3009.0,0.59,Severe
30-03-2025 05:00,West Bengal,Kolkata,28.61,8.55,4.92,33,3,0.0,4,2815.0,0.52,Severe
30-03-2025 06:00,Karnataka,Mysuru,14.64,8.77,5.02,36,2,1.0,4,2378.0,0.16,Severe
30-03-2025 07:00,Odisha,Kendrapara,16.28,7.18,6.31,31,2,0.0,3,1559.0,-0.18,Severe
30-03-2025 08:00,Maharashtra,Kolhapur,44.28,3.29,5.0,44,1,0.0,1,2290.0,0.52,Moderate
30-03-2025 09:00,Uttar Pradesh,Prayagraj,22.25,2.75,5.48,37,1,1.0,5,840.0,0.22,Moderate
30-03-2025 10:00,Assam,Guwahati,38.41,4.58,6.32,36,1,1.0,2,2281.0,1.07,Severe
30-03-2025 11:00,Karnataka,Kodagu,76.02,8.95,4.61,53,2,1.0,7,3499.0,0.76,Severe
30-03-2025 12:00,Kerala,Thrissur,12.19,4.3,6.41,25,1,0.0,4,2016.0,0.5,Moderate
30-03-2025 13:00,Kerala,Kottayam,30.03,2.59,6.5,47,1,1.0,2,1603.0,0.01,Moderate
30-03-2025 14:00,Karnataka,Mangaluru,3.13,8.55,6.97,38,1,2.0,5,1384.0,-0.26,Severe
30-03-2025 15:00,Kerala,Thrissur,9.14,4.09,5.33,27,0,0.0,7,1690.0,0.35,Moderate
30-03-2025 16:00,Maharashtra,Nashik,39.47,6.53,5.11,34,1,0.0,4,2457.0,0.42,Severe
30-03-2025 17:00,Kerala,Thrissur,10.12,7.31,6.11,25,2,1.0,5,1754.0,-0.43,Severe
30-03-2025 18:00,Gujarat,Vadodara,11.92,7.75,4.17,34,0,2.0,3,1807.0,0.56,Severe
30-03-2025 19:00,Uttar Pradesh,Lucknow,93.82,7.57,4.12,56,1,2.5,6,3691.0,0.37,Severe
30-03-2025 20:00,Kerala,Thrissur,20.52,7.69,5.0,39,0,0.0,4,2555.0,-0.85,Severe
30-03-2025 21:00,Uttar Pradesh,Kanpur,15.34,6.34,6.19,31,1,0.0,5,1728.0,-0.04,Severe
30-03-2025 22:00,West Bengal,Howrah,75.68,4.23,4.35,52,1,2.0,8,3323.0,-0.01,Severe
30-03-2025 23:00,Tamil Nadu,Madurai,15.23,6.34,5.91,28,0,0.0,4,2069.0,-0.2,Severe
31-03-2025 00:00,Maharashtra,Nashik,42.53,7.69,4.81,39,3,0.0,4,3219.0,0.52,Severe
31-03-2025 01:00,Tamil Nadu,Madurai,43.39,3.81,5.96,37,5,0.0,3,2198.0,1.15,Severe
31-03-2025 02:00,West Bengal,Howrah,59.49,3.37,5.37,43,0,1.0,6,1618.0,0.56,Severe
31-03-2025 03:00,Maharashtra,Nagpur,13.2,3.75,4.35,26,1,1.0,3,1769.0,0.63,Severe
31-03-2025 04:00,Karnataka,Bengaluru,17.29,5.41,4.74,37,0,0.0,4,1634.0,0.0,Severe
31-03-2025 05:00,Karnataka,Kodagu,20.72,1.42,4.66,25,1,1.0,3,1086.0,0.58,Moderate
31-03-2025 06:00,Uttar Pradesh,Varanasi,17.95,7.23,4.49,28,0,0.0,4,3157.0,0.27,Severe
31-03-2025 07:00,West Bengal,Darjeeling,56.88,2.11,5.41,38,2,2.5,5,2778.0,0.35,Severe
31-03-2025 08:00,Uttar Pradesh,Kanpur,43.44,2.06,6.86,52,0,1.0,1,2070.0,0.08,Moderate
31-03-2025 09:00,Assam,Dhemaji,48.1,2.58,5.97,40,0,0.0,4,1955.0,-0.36,Moderate
31-03-2025 10:00,Kerala,Kottayam,8.68,5.62,6.51,26,3,1.0,7,1640.0,0.76,Severe
31-03-2025 11:00,Bihar,Gaya,38.76,3.28,6.94,54,0,0.0,2,849.0,0.42,Moderate
31-03-2025 12:00,Assam,Dibrugarh,83.61,3.94,5.62,47,4,1.0,1,3705.0,0.25,Severe
31-03-2025 13:00,Kerala,Alappuzha,104.02124999999998,8.45,4.71,59,0,2.0,4,4337.0,1.17,Severe
31-03-2025 14:00,Maharashtra,Nashik,23.52,7.78,6.78,15,2,0.0,7,1577.0,-0.1,Severe
31-03-2025 15:00,Uttar Pradesh,Varanasi,60.33,7.82,6.1,46,3,1.0,3,2661.0,0.64,Severe
31-03-2025 16:00,Maharashtra,Pune,17.66,5.62,6.88,35,1,0.0,6,1539.0,1.27,Severe
31-03-2025 17:00,Maharashtra,Mumbai,9.01,7.93,5.95,28,1,0.0,5,2118.0,0.54,Severe
31-03-2025 18:00,Kerala,Kottayam,9.56,7.23,6.33,24,0,1.0,3,1829.0,-0.17,Severe
31-03-2025 19:00,West Bengal,Malda,76.43,8.63,6.67,49,1,0.0,3,3257.0,0.79,Severe
31-03-2025 20:00,Kerala,Thrissur,24.89,1.51,6.28,33,0,0.0,1,1011.0,0.1,Low
31-03-2025 21:00,Odisha,Cuttack,21.26,1.23,5.69,29,2,0.0,5,608.0,0.07,Low
31-03-2025 22:00,Karnataka,Udupi,55.56,2.4,5.42,47,0,0.0,4,2629.0,-0.06,Moderate
31-03-2025 23:00,Karnataka,Mysuru,11.54,8.43,6.47,32,1,2.5,4,2458.0,1.08,Severe
01-04-2025 00:00,Assam,Jorhat,46.64,5.84,6.32,51,4,0.0,5,3270.0,0.17,Severe
01-04-2025 01:00,Karnataka,Mangaluru,28.55,4.41,5.1,33,2,1.0,4,1826.0,-0.06,Severe
01-04-2025 02:00,Kerala,Kozhikode,104.02124999999998,5.1,5.49,66,5,0.0,7,4160.0,0.91,Severe
01-04-2025 03:00,Gujarat,Rajkot,24.35,7.64,5.9,42,2,0.0,2,2474.0,-0.36,Severe
01-04-2025 04:00,Uttar Pradesh,Prayagraj,30.19,8.43,4.09,31,1,0.0,6,2889.0,0.38,Severe
01-04-2025 05:00,Kerala,Kottayam,9.43,6.84,4.74,28,0,1.0,0,877.0,0.04,Severe
01-04-2025 06:00,Kerala,Kochi,104.02124999999998,7.08,4.75,62,5,2.0,5,4402.0,0.62,Severe
01-04-2025 07:00,Bihar,Patna,25.66,3.56,6.65,24,1,0.0,4,1500.0,0.16,Moderate
01-04-2025 08:00,Uttar Pradesh,Gorakhpur,96.64,4.74,4.99,65,2,2.0,5,2850.0,-0.29,Severe
01-04-2025 09:00,Odisha,Balasore,6.91,8.08,5.64,30,3,1.0,6,2441.0,0.41,Severe
01-04-2025 10:00,Karnataka,Kodagu,40.85,7.29,6.49,39,0,1.0,4,1807.0,0.14,Severe
01-04-2025 11:00,Uttar Pradesh,Prayagraj,104.02124999999998,6.47,4.78,55,5,1.0,2,3656.0,0.73,Severe
01-04-2025 12:00,Karnataka,Mangaluru,20.57,1.52,4.37,22,0,1.0,3,992.0,0.38,Moderate
01-04-2025 13:00,Assam,Dhemaji,38.95,1.32,6.85,43,2,0.0,2,1537.0,1.31,Moderate
01-04-2025 14:00,Uttar Pradesh,Kanpur,78.1,2.04,6.11,52,2,2.0,2,3451.0,0.1,Severe
01-04-2025 15:00,Karnataka,Bengaluru,25.93,5.65,4.53,37,1,1.0,6,3005.0,0.88,Severe
01-04-2025 16:00,Odisha,Cuttack,9.13,5.29,6.46,29,0,1.0,6,1616.0,0.19,Severe
01-04-2025 17:00,Tamil Nadu,Thanjavur,23.07,8.54,6.36,28,2,1.0,2,2012.0,0.3,Severe
01-04-2025 18:00,Maharashtra,Pune,41.24,6.56,6.51,37,2,0.0,6,1922.0,0.69,Severe
01-04-2025 19:00,Maharashtra,Mumbai,40.91,3.35,4.83,41,1,0.0,3,2338.0,-0.07,Moderate
01-04-2025 20:00,Odisha,Bhubaneswar,53.53,2.29,5.35,41,2,0.0,3,1583.0,0.88,Severe
01-04-2025 21:00,Bihar,Gaya,17.03,7.8,6.08,24,0,0.0,5,1955.0,0.66,Severe
01-04-2025 22:00,Tamil Nadu,Thanjavur,104.02124999999998,4.68,5.17,60,5,1.0,6,4480.0,0.71,Severe
01-04-2025 23:00,Assam,Dibrugarh,17.51,6.23,4.21,39,1,0.0,4,2157.0,0.77,Severe
02-04-2025 00:00,Odisha,Kendrapara,35.6,5.52,4.41,33,0,0.0,3,1866.0,0.61,Severe
02-04-2025 01:00,Maharashtra,Nagpur,42.3,1.86,5.79,39,0,1.0,7,2196.0,0.66,Severe
02-04-2025 02:00,Maharashtra,Nashik,39.51,1.46,5.13,48,2,0.0,5,1363.0,0.94,Moderate
02-04-2025 03:00,Maharashtra,Kolhapur,13.29,4.02,4.02,27,2,0.0,5,2092.0,0.35,Severe
02-04-2025 04:00,West Bengal,Darjeeling,79.33,3.89,6.3,65,2,0.0,2,2703.0,0.27,Severe
02-04-2025 05:00,Odisha,Bhubaneswar,22.21,6.39,5.25,26,1,0.0,2,2607.0,0.57,Severe
02-04-2025 06:00,Kerala,Kottayam,44.92,6.06,4.94,39,2,1.0,4,2124.0,0.4,Severe
02-04-2025 07:00,Assam,Barpeta,38.69,8.75,6.14,32,1,0.0,7,3208.0,0.77,Severe
02-04-2025 08:00,Maharashtra,Nagpur,38.57,7.86,5.37,39,1,2.5,6,2948.0,1.19,Severe
02-04-2025 09:00,Karnataka,Udupi,8.39,4.97,6.08,23,2,0.0,7,1107.0,-0.08,Severe
02-04-2025 10:00,Odisha,Cuttack,20.75,5.0,4.04,44,1,1.0,5,2702.0,0.39,Severe
02-04-2025 11:00,West Bengal,Howrah,44.62,6.39,4.03,25,2,1.0,1,1888.0,-0.13,Severe
02-04-2025 12:00,Odisha,Kendrapara,8.85,1.91,5.68,25,1,1.0,6,844.0,0.26,Moderate
02-04-2025 13:00,Assam,Dhemaji,28.46,9.0,6.95,34,2,0.0,8,2062.0,0.28,Severe
02-04-2025 14:00,West Bengal,Howrah,36.29,5.15,4.82,43,2,0.0,3,2327.0,0.17,Severe
02-04-2025 15:00,Assam,Barpeta,51.76,8.28,6.05,39,3,1.0,6,3187.0,0.76,Severe
02-04-2025 16:00,Odisha,Bhubaneswar,35.75,8.74,4.52,31,0,1.0,7,2188.0,0.51,Severe
02-04-2025 17:00,Kerala,Alappuzha,29.16,5.65,4.93,30,0,0.0,1,2047.0,0.08,Severe
02-04-2025 18:00,Assam,Barpeta,39.99,1.83,4.23,45,2,0.0,5,2510.0,0.76,Severe
02-04-2025 19:00,West Bengal,Darjeeling,27.84,5.59,6.64,30,1,0.0,7,2297.0,0.3,Severe
02-04-2025 20:00,West Bengal,Darjeeling,16.52,5.78,4.93,24,2,0.0,4,2594.0,0.11,Severe
02-04-2025 21:00,Assam,Jorhat,22.87,7.31,4.69,34,2,0.0,5,2365.0,-0.11,Severe
02-04-2025 22:00,Gujarat,Vadodara,44.23,1.39,6.19,34,1,2.0,5,1073.0,-0.31,Moderate
02-04-2025 23:00,Odisha,Balasore,29.35,4.73,4.6,38,2,0.0,1,1488.0,0.14,Severe
03-04-2025 00:00,Gujarat,Bharuch,104.02124999999998,8.38,4.72,66,2,2.0,7,4592.375,0.38,Severe
03-04-2025 01:00,Bihar,Bhagalpur,12.77,8.93,4.31,25,1,0.0,3,1673.0,0.77,Severe
03-04-2025 02:00,Odisha,Cuttack,43.28,2.53,6.89,41,1,0.0,2,2021.0,-0.57,Moderate
03-04-2025 03:00,Assam,Jorhat,48.11,7.96,4.74,43,0,0.0,3,3424.0,1.19,Severe
03-04-2025 04:00,Tamil Nadu,Thanjavur,35.13,2.17,6.99,42,2,1.0,3,2365.0,0.0,Moderate
03-04-2025 05:00,Assam,Guwahati,26.49,7.73,4.53,44,2,0.0,6,2293.0,0.18,Severe
03-04-2025 06:00,Gujarat,Vadodara,33.06,3.22,4.06,41,1,0.0,6,1436.0,0.19,Moderate
03-04-2025 07:00,Kerala,Kozhikode,33.22,8.68,6.69,31,1,0.0,2,3086.0,0.07,Severe
03-04-2025 08:00,Assam,Barpeta,89.55,6.56,5.74,55,1,0.0,8,4041.0,0.21,Severe
03-04-2025 09:00,Assam,Barpeta,6.27,4.19,5.05,28,2,0.0,4,1266.0,0.24,Moderate
03-04-2025 10:00,Kerala,Kochi,16.19,3.25,5.54,38,0,0.0,5,1122.0,0.28,Moderate
03-04-2025 11:00,Assam,Dhemaji,40.17,2.88,4.78,42,4,1.0,3,1001.0,1.06,Severe
03-04-2025 12:00,Maharashtra,Pune,66.65,6.45,5.9,56,0,2.0,5,3292.0,0.02,Severe
03-04-2025 13:00,Tamil Nadu,Thanjavur,17.06,8.17,5.85,27,1,0.0,4,2351.0,1.18,Severe
03-04-2025 14:00,Karnataka,Bengaluru,13.54,7.04,4.24,32,1,2.5,5,3026.0,0.6,Severe
03-04-2025 15:00,Tamil Nadu,Madurai,30.22,7.68,6.73,29,1,1.0,4,2222.0,-0.35,Severe
03-04-2025 16:00,Assam,Dhemaji,16.29,7.25,5.38,28,0,0.0,4,2158.0,-0.02,Severe
03-04-2025 17:00,Maharashtra,Pune,30.39,8.83,4.59,29,3,1.0,7,2729.0,-0.08,Severe
03-04-2025 18:00,Odisha,Balasore,16.56,7.06,4.92,35,1,1.0,2,2463.0,0.34,Severe
03-04-2025 19:00,Assam,Dibrugarh,52.33,2.68,6.6,44,2,0.0,6,2638.0,0.94,Severe
03-04-2025 20:00,Gujarat,Vadodara,16.95,7.33,5.15,26,1,0.0,4,2762.0,0.72,Severe
03-04-2025 21:00,Maharashtra,Pune,7.52,3.58,5.69,24,1,0.0,5,1473.0,-0.11,Moderate
03-04-2025 22:00,Kerala,Kozhikode,52.45,8.97,6.84,44,0,0.0,2,3431.0,0.9,Severe
03-04-2025 23:00,Maharashtra,Nashik,33.56,4.01,5.96,40,1,0.0,4,2530.0,-0.12,Severe
04-04-2025 00:00,Kerala,Kozhikode,24.36,3.34,6.03,40,2,1.0,2,1734.0,-0.05,Moderate
04-04-2025 01:00,Bihar,Muzaffarpur,24.9,2.91,4.75,42,1,1.0,2,1567.0,0.82,Severe
04-04-2025 02:00,Karnataka,Mangaluru,36.35,6.27,6.0,28,0,1.0,3,3097.0,0.81,Severe
04-04-2025 03:00,Uttar Pradesh,Lucknow,13.58,1.87,5.18,28,1,1.0,5,1692.0,0.72,Moderate
04-04-2025 04:00,Maharashtra,Mumbai,10.12,8.63,6.73,32,1,0.0,2,1824.0,0.36,Severe
04-04-2025 05:00,West Bengal,Kolkata,16.91,3.35,4.39,39,0,0.0,6,1353.0,0.32,Moderate
04-04-2025 06:00,Gujarat,Ahmedabad,26.56,3.36,4.86,35,0,0.0,3,1715.0,-0.18,Moderate
04-04-2025 07:00,Assam,Guwahati,15.8,1.37,4.2,30,2,0.0,3,1490.0,0.34,Moderate
04-04-2025 08:00,Gujarat,Bharuch,89.21,2.97,5.14,50,4,0.0,1,2904.0,0.05,Severe
04-04-2025 09:00,Tamil Nadu,Chennai,16.92,4.35,4.45,28,0,0.0,5,697.0,0.27,Moderate
04-04-2025 10:00,Uttar Pradesh,Prayagraj,34.5,3.96,6.54,30,0,0.0,2,2365.0,1.38,Severe
04-04-2025 11:00,Tamil Nadu,Chennai,46.16,3.18,6.78,44,0,1.0,2,2015.0,0.5,Severe
04-04-2025 12:00,Bihar,Muzaffarpur,72.21,1.33,6.01,51,1,2.0,3,1914.0,-0.15,Moderate
04-04-2025 13:00,Uttar Pradesh,Varanasi,98.2,3.4,4.31,66,3,1.0,5,2733.0,0.91,Severe
04-04-2025 14:00,Uttar Pradesh,Lucknow,104.02124999999998,7.23,5.02,57,5,2.5,2,4592.375,0.95,Severe
04-04-2025 15:00,Tamil Nadu,Tiruppur,69.95,4.51,6.89,45,2,2.0,3,3541.0,1.0,Severe
04-04-2025 16:00,Kerala,Kottayam,63.04,3.33,4.41,42,1,0.0,5,2775.0,0.14,Severe
04-04-2025 17:00,Tamil Nadu,Thanjavur,14.36,3.44,5.67,36,1,0.0,3,1158.0,0.3,Moderate
04-04-2025 18:00,Gujarat,Rajkot,48.01,5.44,5.06,52,1,1.0,3,2395.0,-0.22,Severe
04-04-2025 19:00,Kerala,Kottayam,27.67,3.42,7.0,37,0,0.0,7,1429.0,1.05,Severe
04-04-2025 20:00,Gujarat,Surat,27.89,6.05,4.86,45,2,0.0,5,1769.0,0.41,Severe
04-04-2025 21:00,Bihar,Patna,24.47,8.92,4.14,24,0,1.0,3,2322.0,-0.27,Severe
04-04-2025 22:00,Assam,Jorhat,14.09,1.33,6.11,33,2,0.0,2,549.0,1.09,Moderate
04-04-2025 23:00,Odisha,Cuttack,21.53,2.35,4.98,44,2,0.0,3,870.0,0.04,Moderate
05-04-2025 00:00,Kerala,Kochi,16.18,2.43,5.97,28,1,0.0,2,492.0,0.17,Low
05-04-2025 01:00,Bihar,Darbhanga,6.28,4.58,4.31,21,1,1.0,3,694.0,-0.12,Moderate
05-04-2025 02:00,West Bengal,Malda,79.44,1.33,5.57,59,1,0.0,5,2323.0,-0.19,Moderate
05-04-2025 03:00,Bihar,Bhagalpur,34.0,4.82,5.13,33,3,0.0,1,1433.0,0.53,Severe
05-04-2025 04:00,Tamil Nadu,Coimbatore,35.0,8.43,5.61,39,1,2.0,2,2988.0,0.04,Severe
05-04-2025 05:00,Tamil Nadu,Madurai,31.79,1.09,6.56,37,0,0.0,6,1358.0,-0.34,Low
05-04-2025 06:00,Odisha,Kendrapara,66.39,3.92,6.92,51,1,1.0,1,2985.0,0.8,Severe
05-04-2025 07:00,Bihar,Muzaffarpur,37.32,7.09,6.26,37,0,1.0,8,2369.0,0.58,Severe
05-04-2025 08:00,Karnataka,Mangaluru,81.09,2.24,6.3,29,3,2.0,6,2589.0,1.15,Severe
05-04-2025 09:00,Assam,Barpeta,51.3,1.62,5.59,47,2,0.0,5,2530.0,0.18,Moderate
05-04-2025 10:00,Tamil Nadu,Chennai,18.7,6.05,4.29,34,0,2.0,3,1584.0,0.37,Severe
05-04-2025 11:00,Odisha,Kendrapara,73.32,1.08,6.0,54,0,0.0,0,2172.0,0.45,Moderate
05-04-2025 12:00,Assam,Barpeta,42.09,7.41,4.44,34,1,0.0,3,2944.0,0.41,Severe
05-04-2025 13:00,Bihar,Patna,31.27,1.53,4.74,48,1,0.0,6,1402.0,0.46,Moderate
05-04-2025 14:00,Bihar,Gaya,61.43,5.19,6.12,54,2,0.0,4,3130.0,0.21,Severe
05-04-2025 15:00,Uttar Pradesh,Kanpur,34.27,6.92,5.97,40,1,0.0,6,2210.0,-0.46,Severe
05-04-2025 16:00,Odisha,Kendrapara,54.3,2.94,4.94,45,0,1.0,5,1442.0,0.48,Severe
05-04-2025 17:00,Tamil Nadu,Chennai,12.25,1.83,6.32,28,2,0.0,3,842.0,0.61,Moderate
05-04-2025 18:00,Karnataka,Kodagu,34.82,2.4,6.82,45,1,1.0,8,2145.0,0.2,Severe
05-04-2025 19:00,Bihar,Gaya,19.73,7.84,5.64,36,1,0.0,7,1490.0,1.47,Severe
05-04-2025 20:00,Karnataka,Kodagu,104.02124999999998,6.65,6.03,66,4,0.0,4,4382.0,0.14,Severe
05-04-2025 21:00,Bihar,Patna,77.53,2.58,4.82,59,1,2.5,5,1935.0,0.07,Severe
05-04-2025 22:00,Tamil Nadu,Madurai,38.91,6.73,6.91,36,0,0.0,5,2470.0,0.55,Severe
05-04-2025 23:00,Assam,Dhemaji,72.97,6.67,4.82,45,0,2.5,4,3495.0,0.46,Severe
06-04-2025 00:00,Maharashtra,Nashik,20.01,8.98,6.66,26,1,1.0,3,2001.0,-0.36,Severe
06-04-2025 01:00,Assam,Guwahati,23.67,4.13,6.78,27,0,0.0,7,1953.0,0.71,Severe
06-04-2025 02:00,Bihar,Patna,5.04,7.92,6.16,33,0,2.0,3,730.0,0.14,Severe
06-04-2025 03:00,Gujarat,Ahmedabad,52.45,4.57,6.43,40,3,1.0,7,3567.0,0.91,Severe
06-04-2025 04:00,Maharashtra,Mumbai,4.45,8.18,5.37,28,0,0.0,8,2477.0,0.53,Severe
06-04-2025 05:00,Maharashtra,Kolhapur,21.83,1.73,6.76,36,0,1.0,7,1683.0,0.24,Moderate
06-04-2025 06:00,Karnataka,Udupi,11.91,2.4,6.23,24,0,0.0,2,1628.0,0.92,Moderate
06-04-2025 07:00,Odisha,Cuttack,65.34,7.8,4.98,61,3,2.0,6,3655.0,0.1,Severe
06-04-2025 08:00,Karnataka,Udupi,104.02124999999998,7.55,4.1,66,3,0.0,4,4592.375,-0.25,Severe
06-04-2025 09:00,Karnataka,Bengaluru,58.12,3.44,5.62,57,1,1.0,1,3116.0,-0.26,Severe
06-04-2025 10:00,Gujarat,Rajkot,51.51,5.77,6.52,49,0,0.0,1,2422.0,0.46,Severe
06-04-2025 11:00,Assam,Barpeta,39.22,4.06,6.58,34,2,0.0,8,1550.0,1.17,Severe
06-04-2025 12:00,Assam,Guwahati,36.85,1.08,6.51,37,0,0.0,1,675.0,0.29,Low
06-04-2025 13:00,West Bengal,Darjeeling,17.25,1.21,4.64,35,0,0.0,6,1256.0,0.69,Moderate
06-04-2025 14:00,Bihar,Patna,8.54,1.43,5.28,24,1,2.0,3,1258.0,0.49,Moderate
06-04-2025 15:00,Gujarat,Bharuch,36.31,5.75,5.84,35,0,0.0,0,2664.0,0.16,Severe
06-04-2025 16:00,West Bengal,Malda,42.47,3.23,6.0,49,4,1.0,4,1450.0,-0.4,Severe
06-04-2025 17:00,Tamil Nadu,Madurai,42.29,2.15,5.0,45,1,0.0,5,1644.0,0.42,Moderate
06-04-2025 18:00,Bihar,Patna,46.56,8.53,6.08,42,0,0.0,2,2602.0,0.71,Severe
06-04-2025 19:00,Bihar,Patna,55.11,1.97,5.77,48,1,0.0,3,2251.0,0.55,Moderate
06-04-2025 20:00,Uttar Pradesh,Kanpur,35.2,6.39,5.7,34,2,0.0,6,2147.0,0.2,Severe
06-04-2025 21:00,Uttar Pradesh,Lucknow,15.87,8.15,5.99,28,1,1.0,6,1901.0,0.11,Severe
06-04-2025 22:00,Kerala,Kochi,45.5,2.31,5.81,29,1,0.0,7,2181.0,0.06,Moderate
06-04-2025 23:00,Kerala,Kozhikode,52.83,2.72,4.5,47,3,2.5,3,2349.0,0.05,Severe
07-04-2025 00:00,Karnataka,Bengaluru,26.91,5.59,6.62,42,2,1.0,4,2258.0,0.37,Severe
07-04-2025 01:00,Tamil Nadu,Coimbatore,52.95,5.07,4.72,52,1,0.0,7,2708.0,0.28,Severe
07-04-2025 02:00,Maharashtra,Nashik,36.58,5.17,6.23,38,2,1.0,4,1560.0,0.58,Severe
07-04-2025 03:00,Maharashtra,Pune,13.96,5.44,4.53,35,1,0.0,3,964.0,-0.09,Severe
07-04-2025 04:00,Uttar Pradesh,Gorakhpur,104.02124999999998,8.6,5.98,66,5,1.0,3,4592.375,0.34,Severe
07-04-2025 05:00,Uttar Pradesh,Kanpur,25.9,1.43,6.69,36,2,0.0,3,1383.0,0.33,Moderate
07-04-2025 06:00,Uttar Pradesh,Lucknow,14.89,7.08,4.03,28,0,1.0,4,2527.0,0.12,Severe
07-04-2025 07:00,Gujarat,Vadodara,19.56,2.86,6.94,37,4,2.0,5,1905.0,0.49,Severe
07-04-2025 08:00,Odisha,Bhubaneswar,3.18,3.99,4.09,32,1,0.0,2,1259.0,-0.05,Moderate
07-04-2025 09:00,Kerala,Kozhikode,27.52,1.71,4.03,27,0,0.0,4,1954.0,0.89,Moderate
07-04-2025 10:00,Gujarat,Surat,80.09,4.57,6.57,50,2,0.0,3,4063.0,0.54,Severe
07-04-2025 11:00,Assam,Jorhat,38.79,7.43,6.13,46,2,0.0,3,2643.0,0.6,Severe
07-04-2025 12:00,Maharashtra,Pune,18.07,1.79,4.32,26,0,0.0,3,690.0,0.32,Low
07-04-2025 13:00,Bihar,Darbhanga,32.54,3.2,6.81,31,0,1.0,5,1892.0,0.2,Moderate
07-04-2025 14:00,Kerala,Kozhikode,32.75,3.98,6.02,40,1,0.0,8,2299.0,0.03,Severe
07-04-2025 15:00,West Bengal,Kolkata,26.42,1.83,4.33,25,0,1.0,4,1845.0,-0.02,Moderate
07-04-2025 16:00,Assam,Jorhat,62.67,7.1,6.58,57,2,0.0,4,2863.0,-0.34,Severe
07-04-2025 17:00,Kerala,Alappuzha,42.82,7.3,5.44,38,0,2.0,5,2269.0,0.39,Severe
07-04-2025 18:00,Gujarat,Rajkot,15.5,7.69,4.83,34,1,1.0,3,1979.0,0.66,Severe
07-04-2025 19:00,Tamil Nadu,Coimbatore,61.52,5.67,6.48,44,2,1.0,4,3690.0,-0.2,Severe
07-04-2025 20:00,Bihar,Muzaffarpur,75.26,5.06,6.22,55,2,0.0,2,3089.0,0.95,Severe
07-04-2025 21:00,Kerala,Thrissur,43.77,3.1,5.87,28,1,0.0,6,2178.0,-0.36,Moderate
07-04-2025 22:00,Odisha,Cuttack,28.5,6.24,6.7,37,2,1.0,1,2451.0,0.73,Severe
07-04-2025 23:00,Uttar Pradesh,Gorakhpur,22.38,4.56,6.58,31,2,0.0,6,1989.0,-0.03,Severe
08-04-2025 00:00,Uttar Pradesh,Prayagraj,91.83,8.77,4.68,50,1,1.0,8,4445.0,0.84,Severe
08-04-2025 01:00,Bihar,Darbhanga,41.43,8.75,6.64,43,1,1.0,0,2818.0,0.69,Severe
08-04-2025 02:00,Gujarat,Rajkot,35.98,8.24,5.12,40,0,0.0,1,2576.0,1.54,Severe
08-04-2025 03:00,Uttar Pradesh,Prayagraj,12.75,3.88,5.3,29,0,0.0,4,1139.0,0.07,Moderate
08-04-2025 04:00,Kerala,Alappuzha,16.81,3.94,6.92,31,3,0.0,4,1698.0,-0.66,Moderate
08-04-2025 05:00,West Bengal,Howrah,9.8,7.82,6.28,29,0,1.0,2,2898.0,-0.5,Severe
08-04-2025 06:00,Maharashtra,Kolhapur,28.2,6.83,4.96,28,1,1.0,3,2739.0,0.26,Severe
08-04-2025 07:00,Maharashtra,Mumbai,22.0,6.63,5.94,54,1,1.0,5,1603.0,0.42,Severe
08-04-2025 08:00,Assam,Guwahati,37.23,3.24,5.62,44,1,0.0,4,2160.0,0.03,Moderate
08-04-2025 09:00,Karnataka,Mysuru,69.13,7.67,4.35,57,1,1.0,4,3205.0,0.51,Severe
08-04-2025 10:00,Tamil Nadu,Madurai,53.15,5.64,6.66,57,1,2.0,5,2539.0,0.75,Severe
08-04-2025 11:00,Bihar,Patna,60.26,4.57,6.47,44,3,0.0,5,2875.0,0.61,Severe
08-04-2025 12:00,Assam,Dhemaji,68.01,7.92,6.33,41,2,2.5,4,3207.0,0.33,Severe
08-04-2025 13:00,Karnataka,Mysuru,17.96,4.15,5.68,44,3,1.0,5,1453.0,-0.03,Severe
08-04-2025 14:00,Gujarat,Bharuch,24.87,6.23,4.66,38,2,1.0,3,1595.0,0.72,Severe
08-04-2025 15:00,Odisha,Balasore,22.3,4.73,6.65,33,1,1.0,2,1751.0,0.97,Severe
08-04-2025 16:00,Odisha,Kendrapara,55.0,5.74,5.06,50,0,0.0,5,2770.0,0.08,Severe
08-04-2025 17:00,Tamil Nadu,Chennai,12.38,1.32,4.06,27,1,0.0,5,1338.0,-0.18,Low
08-04-2025 18:00,Uttar Pradesh,Varanasi,82.54,4.69,6.95,49,3,1.0,5,2392.0,0.87,Severe
08-04-2025 19:00,Kerala,Kottayam,24.16,5.45,6.58,36,1,0.0,7,2059.0,0.49,Severe
08-04-2025 20:00,Assam,Dibrugarh,13.16,4.94,5.87,29,1,0.0,4,1071.0,0.49,Severe
08-04-2025 21:00,Assam,Barpeta,24.94,7.78,4.04,35,0,0.0,4,1197.0,1.12,Severe
08-04-2025 22:00,Bihar,Gaya,26.22,3.49,4.68,36,0,0.0,6,2223.0,-0.46,Moderate
08-04-2025 23:00,Bihar,Darbhanga,29.09,8.07,5.36,29,1,1.0,6,2637.0,0.25,Severe
09-04-2025 00:00,Odisha,Balasore,30.08,4.23,5.88,41,1,0.0,6,2807.0,0.52,Severe
09-04-2025 01:00,Odisha,Balasore,67.6,6.56,6.12,50,5,2.0,7,3416.0,1.26,Severe
09-04-2025 02:00,West Bengal,Kolkata,41.94,1.69,6.36,35,1,0.0,2,2168.0,0.33,Moderate
09-04-2025 03:00,West Bengal,Murshidabad,13.01,2.6,5.67,28,0,1.0,4,338.0,0.13,Moderate
09-04-2025 04:00,Uttar Pradesh,Varanasi,25.82,7.09,5.97,30,1,0.0,3,2594.0,0.45,Severe
09-04-2025 05:00,West Bengal,Kolkata,21.78,1.1,6.43,27,0,1.0,3,1169.0,0.68,Moderate
09-04-2025 06:00,Kerala,Kottayam,34.92,8.75,6.16,42,1,2.0,8,2538.0,0.89,Severe
09-04-2025 07:00,Kerala,Kochi,31.48,2.53,6.86,31,2,0.0,7,1843.0,1.01,Severe
09-04-2025 08:00,Assam,Dibrugarh,99.02,8.21,6.62,57,1,0.0,1,4330.0,-0.51,Severe
09-04-2025 09:00,Maharashtra,Kolhapur,60.08,5.13,4.51,44,5,0.0,4,2584.0,0.0,Severe
09-04-2025 10:00,Kerala,Kochi,49.79,5.52,6.84,40,3,2.5,5,3076.0,0.74,Severe
09-04-2025 11:00,Karnataka,Mysuru,4.6,1.67,4.61,28,1,2.0,2,755.0,0.47,Moderate
09-04-2025 12:00,Odisha,Kendrapara,58.52,3.92,6.97,49,0,0.0,2,3542.0,0.55,Severe
09-04-2025 13:00,Bihar,Muzaffarpur,6.62,2.25,6.1,27,1,0.0,3,929.0,0.07,Low
09-04-2025 14:00,West Bengal,Murshidabad,23.38,5.21,5.88,37,1,0.0,1,1915.0,0.46,Severe
09-04-2025 15:00,Assam,Dibrugarh,25.73,5.41,4.97,25,1,0.0,8,2080.0,0.25,Severe
09-04-2025 16:00,Tamil Nadu,Thanjavur,65.93,6.68,4.4,44,3,1.0,2,2899.0,0.56,Severe
09-04-2025 17:00,Bihar,Darbhanga,15.01,8.03,4.38,29,2,0.0,5,2561.0,0.58,Severe
09-04-2025 18:00,Karnataka,Udupi,29.15,4.75,6.6,35,1,0.0,6,2380.0,0.5,Severe
09-04-2025 19:00,West Bengal,Kolkata,10.56,2.87,5.3,32,1,0.0,3,313.0,0.47,Moderate
09-04-2025 20:00,Karnataka,Bengaluru,47.21,3.67,5.68,33,2,0.0,6,1521.0,0.27,Severe
09-04-2025 21:00,Odisha,Bhubaneswar,23.56,7.78,6.8,46,1,0.0,4,1233.0,1.07,Severe
09-04-2025 22:00,Odisha,Balasore,37.58,2.17,4.77,47,0,0.0,4,1312.0,0.85,Moderate
09-04-2025 23:00,Uttar Pradesh,Lucknow,1.89,6.02,6.29,27,1,1.0,2,789.0,0.37,Severe
10-04-2025 00:00,Assam,Guwahati,13.57,1.1,5.41,32,0,0.0,4,891.0,0.74,Low
10-04-2025 01:00,Bihar,Darbhanga,38.38,2.97,4.64,36,1,0.0,3,2169.0,1.26,Severe
10-04-2025 02:00,Gujarat,Bharuch,51.8,5.73,6.56,43,1,0.0,5,3956.0,-0.06,Severe
10-04-2025 03:00,Gujarat,Bharuch,83.23,4.65,6.04,56,2,1.0,5,2765.0,0.04,Severe
10-04-2025 04:00,Bihar,Darbhanga,75.59,4.95,4.28,56,1,2.5,4,3399.0,0.39,Severe
10-04-2025 05:00,Tamil Nadu,Tiruppur,20.98,6.28,5.63,25,2,0.0,2,2768.0,0.49,Severe
10-04-2025 06:00,Assam,Barpeta,37.13,2.88,6.56,49,2,0.0,1,1561.0,0.11,Moderate
10-04-2025 07:00,Karnataka,Mysuru,55.67,3.25,4.2,46,3,1.0,4,3690.0,0.67,Severe
10-04-2025 08:00,Tamil Nadu,Coimbatore,41.39,6.48,5.25,45,2,0.0,2,2986.0,0.31,Severe
10-04-2025 09:00,Maharashtra,Mumbai,25.92,5.31,6.42,33,2,2.0,8,1536.0,0.84,Severe
10-04-2025 10:00,Bihar,Bhagalpur,38.28,1.12,6.58,51,2,0.0,5,1455.0,0.05,Moderate
10-04-2025 11:00,Karnataka,Mysuru,79.36,6.36,6.33,60,1,1.0,4,4023.0,-0.04,Severe
10-04-2025 12:00,Gujarat,Rajkot,32.51,5.96,4.92,44,1,0.0,3,1718.0,0.26,Severe
10-04-2025 13:00,Kerala,Thrissur,47.86,1.63,5.52,36,1,0.0,4,1320.0,0.28,Moderate
10-04-2025 14:00,Uttar Pradesh,Varanasi,40.06,6.98,6.22,29,1,0.0,2,2326.0,-0.05,Severe
10-04-2025 15:00,Gujarat,Rajkot,20.09,5.18,4.46,32,2,1.0,3,1348.0,0.4,Severe
10-04-2025 16:00,Assam,Dibrugarh,65.68,2.64,5.78,46,2,2.0,2,3395.0,0.06,Severe
10-04-2025 17:00,Odisha,Puri,33.19,5.47,6.16,45,3,1.0,6,1983.0,1.2,Severe
10-04-2025 18:00,Kerala,Kochi,25.69,5.76,6.55,47,0,1.0,5,1620.0,0.32,Severe
10-04-2025 19:00,Uttar Pradesh,Lucknow,39.74,8.36,4.34,36,1,0.0,3,1973.0,0.52,Severe
10-04-2025 20:00,Uttar Pradesh,Varanasi,70.62,6.94,4.99,45,2,1.0,4,2558.0,-0.21,Severe
10-04-2025 21:00,Maharashtra,Pune,38.01,3.42,5.62,34,1,1.0,4,1113.0,0.6,Severe
10-04-2025 22:00,Maharashtra,Nagpur,37.53,1.95,6.1,47,2,0.0,1,2696.0,-0.01,Moderate
10-04-2025 23:00,West Bengal,Malda,46.85,7.83,6.19,42,2,2.0,3,3203.0,0.76,Severe
11-04-2025 00:00,Gujarat,Bharuch,54.46,7.77,4.76,33,3,1.0,6,3725.0,-0.34,Severe
11-04-2025 01:00,Gujarat,Surat,27.8,2.4,4.04,26,4,2.0,4,2352.0,0.34,Severe
11-04-2025 02:00,Gujarat,Rajkot,30.44,1.5,6.08,26,2,0.0,3,1559.0,0.81,Moderate
11-04-2025 03:00,West Bengal,Murshidabad,26.29,6.69,6.73,38,1,0.0,4,1994.0,0.43,Severe
11-04-2025 04:00,Tamil Nadu,Madurai,46.57,6.78,6.39,41,0,1.0,4,3378.0,0.29,Severe
11-04-2025 05:00,Uttar Pradesh,Lucknow,33.17,2.42,5.87,42,0,0.0,5,2326.0,0.95,Moderate
11-04-2025 06:00,Kerala,Kottayam,34.38,6.35,6.93,29,1,0.0,4,2444.0,-0.02,Severe
11-04-2025 07:00,Assam,Barpeta,35.19,3.23,5.3,39,0,0.0,5,1212.0,-0.18,Moderate
11-04-2025 08:00,Uttar Pradesh,Lucknow,11.94,3.08,5.58,33,3,2.0,8,1374.0,-0.12,Severe
11-04-2025 09:00,Maharashtra,Kolhapur,51.42,3.6,4.04,37,2,2.0,3,2129.0,-0.1,Severe
11-04-2025 10:00,Karnataka,Udupi,27.14,5.16,6.84,32,1,2.0,4,873.0,0.54,Severe
11-04-2025 11:00,Odisha,Cuttack,33.45,7.44,5.75,44,0,2.0,4,2359.0,0.21,Severe
11-04-2025 12:00,West Bengal,Murshidabad,23.72,4.99,5.17,30,0,0.0,5,1231.0,0.79,Severe
11-04-2025 13:00,Bihar,Patna,14.97,3.38,4.13,30,1,0.0,2,565.0,0.56,Moderate
11-04-2025 14:00,Karnataka,Mysuru,37.8,8.07,5.09,31,2,0.0,4,2476.0,0.51,Severe
11-04-2025 15:00,Assam,Barpeta,44.74,1.44,4.01,49,3,2.0,0,1734.0,-0.43,Moderate
11-04-2025 16:00,Gujarat,Ahmedabad,104.02124999999998,7.38,4.97,66,3,2.5,6,4592.375,0.61,Severe
11-04-2025 17:00,Maharashtra,Nagpur,22.22,7.28,6.85,40,1,0.0,5,2377.0,0.91,Severe
11-04-2025 18:00,Maharashtra,Nagpur,57.01,3.03,4.46,37,2,0.0,3,2637.0,0.4,Severe
11-04-2025 19:00,Maharashtra,Kolhapur,26.74,2.59,5.64,36,2,1.0,7,1595.0,-0.09,Moderate
11-04-2025 20:00,Gujarat,Ahmedabad,60.28,8.0,4.56,52,1,0.0,6,3144.0,-0.35,Severe
11-04-2025 21:00,Bihar,Bhagalpur,49.54,5.47,6.35,47,0,1.0,6,3241.0,0.8,Severe
11-04-2025 22:00,West Bengal,Darjeeling,22.47,1.37,5.69,33,2,1.0,5,778.0,0.4,Moderate
11-04-2025 23:00,Karnataka,Udupi,13.93,8.13,4.61,36,2,1.0,6,1261.0,-0.26,Severe
12-04-2025 00:00,Gujarat,Surat,10.46,3.79,6.6,28,0,0.0,5,1451.0,0.52,Moderate
12-04-2025 01:00,Assam,Guwahati,64.17,3.74,6.35,66,4,2.5,5,1875.0,0.34,Severe
12-04-2025 02:00,West Bengal,Malda,17.15,6.15,6.85,36,3,0.0,3,1843.0,1.07,Severe
12-04-2025 03:00,Assam,Dibrugarh,63.27,6.29,4.0,42,2,1.0,8,3432.0,-0.01,Severe
12-04-2025 04:00,West Bengal,Kolkata,34.64,3.83,5.37,44,0,0.0,3,1773.0,0.52,Moderate
12-04-2025 05:00,Bihar,Muzaffarpur,28.11,2.15,7.0,43,1,1.0,3,1397.0,0.88,Moderate
12-04-2025 06:00,Odisha,Balasore,54.37,5.42,6.43,60,1,1.0,2,3324.0,0.56,Severe
12-04-2025 07:00,Assam,Guwahati,26.85,6.0,6.49,38,1,0.0,4,1912.0,0.28,Severe
12-04-2025 08:00,Gujarat,Vadodara,51.09,7.88,5.86,50,3,1.0,4,2804.0,0.2,Severe
12-04-2025 09:00,West Bengal,Kolkata,22.49,4.88,6.14,34,0,0.0,7,1755.0,0.21,Severe
12-04-2025 10:00,Maharashtra,Pune,78.62,6.17,6.42,55,2,0.0,6,4485.0,0.12,Severe
12-04-2025 11:00,Uttar Pradesh,Lucknow,19.94,1.44,4.28,33,2,0.0,1,814.0,0.03,Low
12-04-2025 12:00,Maharashtra,Kolhapur,51.58,8.16,6.08,46,2,0.0,8,3045.0,0.86,Severe
12-04-2025 13:00,Tamil Nadu,Chennai,69.7,3.62,6.45,47,4,0.0,7,2040.0,0.82,Severe
12-04-2025 14:00,Odisha,Balasore,1.18,6.06,4.12,19,0,2.5,4,742.0,0.68,Severe
12-04-2025 15:00,Odisha,Puri,48.3,8.33,4.89,48,1,0.0,0,3410.0,0.45,Severe
12-04-2025 16:00,Maharashtra,Pune,20.23,7.48,4.97,33,1,0.0,4,1718.0,0.43,Severe
12-04-2025 17:00,Karnataka,Udupi,54.16,6.1,6.56,47,0,0.0,4,2933.0,-0.35,Severe
12-04-2025 18:00,Bihar,Darbhanga,40.12,6.63,6.34,40,0,1.0,4,2289.0,0.66,Severe
12-04-2025 19:00,Assam,Guwahati,47.25,8.37,5.97,33,0,0.0,3,4211.0,0.36,Severe
12-04-2025 20:00,Gujarat,Ahmedabad,32.89,7.5,6.41,36,1,1.0,5,2876.0,-0.19,Severe
12-04-2025 21:00,Odisha,Kendrapara,72.63,5.88,5.36,49,0,0.0,2,3243.0,0.82,Severe
12-04-2025 22:00,Maharashtra,Mumbai,10.87,6.27,6.62,24,1,0.0,8,1912.0,0.28,Severe
12-04-2025 23:00,Maharashtra,Pune,67.73,2.18,4.7,45,0,1.0,3,1862.0,0.69,Severe
13-04-2025 00:00,Bihar,Bhagalpur,22.76,4.76,6.11,28,1,0.0,3,1917.0,0.55,Severe
13-04-2025 01:00,Bihar,Bhagalpur,6.24,3.41,4.73,29,4,0.0,1,965.0,-0.06,Moderate
13-04-2025 02:00,Kerala,Kozhikode,35.6,4.46,4.12,33,1,0.0,4,2783.0,0.69,Severe
13-04-2025 03:00,Kerala,Alappuzha,20.81,6.3,4.85,36,1,1.0,2,1946.0,0.05,Severe
13-04-2025 04:00,Karnataka,Bengaluru,46.07,2.19,5.48,38,1,1.0,4,1570.0,-0.4,Moderate
13-04-2025 05:00,Karnataka,Bengaluru,49.07,1.14,6.53,31,2,0.0,7,2653.0,0.68,Moderate
13-04-2025 06:00,Tamil Nadu,Madurai,30.76,4.18,5.53,36,0,1.0,2,1577.0,0.44,Severe
13-04-2025 07:00,Karnataka,Kodagu,47.49,3.58,4.54,44,4,1.0,5,1678.0,0.4,Severe
13-04-2025 08:00,West Bengal,Kolkata,41.79,4.36,6.98,50,0,0.0,4,2311.0,0.69,Severe
13-04-2025 09:00,Bihar,Patna,35.15,8.45,4.81,33,0,1.0,4,2485.0,-0.17,Severe
13-04-2025 10:00,Gujarat,Surat,30.06,6.66,6.96,32,1,0.0,5,2102.0,-0.08,Severe
13-04-2025 11:00,West Bengal,Darjeeling,23.9,3.62,6.81,40,2,0.0,7,1021.0,-0.15,Moderate
13-04-2025 12:00,Assam,Dibrugarh,99.62,2.43,5.63,56,0,1.0,5,2891.0,0.14,Severe
13-04-2025 13:00,Maharashtra,Mumbai,34.02,5.95,4.28,36,1,0.0,2,2069.0,0.5,Severe
13-04-2025 14:00,Karnataka,Udupi,43.1,6.26,6.09,49,0,0.0,1,1694.0,1.27,Severe
13-04-2025 15:00,Maharashtra,Nagpur,52.55,4.87,6.54,49,2,0.0,2,2284.0,0.24,Severe
13-04-2025 16:00,Odisha,Bhubaneswar,28.28,2.7,5.34,37,0,0.0,5,2070.0,0.42,Moderate
13-04-2025 17:00,Tamil Nadu,Madurai,45.17,1.23,4.72,37,1,0.0,4,1659.0,-0.29,Moderate
13-04-2025 18:00,Odisha,Kendrapara,94.0,3.13,6.41,61,2,1.0,5,2398.0,0.1,Severe
13-04-2025 19:00,Tamil Nadu,Madurai,19.9,4.66,5.64,20,1,0.0,2,2162.0,-0.58,Moderate
13-04-2025 20:00,Kerala,Thrissur,93.98,7.3,4.59,61,2,1.0,5,3157.0,1.38,Severe
13-04-2025 21:00,Maharashtra,Kolhapur,55.02,7.83,6.85,44,2,1.0,4,3334.0,-0.5,Severe
13-04-2025 22:00,Tamil Nadu,Thanjavur,22.54,4.3,6.84,32,0,1.0,0,1903.0,0.12,Moderate
13-04-2025 23:00,Uttar Pradesh,Kanpur,18.98,7.37,5.1,34,1,0.0,7,1338.0,0.29,Severe
14-04-2025 00:00,West Bengal,Howrah,93.65,8.95,4.19,57,3,2.0,5,3957.0,1.15,Severe
14-04-2025 01:00,Tamil Nadu,Madurai,64.73,6.73,5.89,55,3,2.0,0,3659.0,0.45,Severe
14-04-2025 02:00,Tamil Nadu,Coimbatore,31.44,6.83,4.95,38,2,1.0,3,2069.0,-0.28,Severe
14-04-2025 03:00,West Bengal,Howrah,24.64,8.28,4.2,37,1,0.0,2,1595.0,0.21,Severe
14-04-2025 04:00,Maharashtra,Mumbai,22.61,3.71,6.68,32,1,0.0,6,2129.0,0.38,Severe
14-04-2025 05:00,Maharashtra,Pune,30.37,1.09,6.99,35,0,0.0,7,1209.0,0.06,Moderate
14-04-2025 06:00,West Bengal,Malda,32.42,8.9,5.05,52,1,1.0,3,3356.0,0.02,Severe
14-04-2025 07:00,Odisha,Cuttack,38.75,4.92,6.23,39,1,0.0,6,2129.0,-0.02,Severe
14-04-2025 08:00,Uttar Pradesh,Kanpur,16.8,7.29,4.2,39,1,0.0,4,1932.0,0.0,Severe
14-04-2025 09:00,Gujarat,Surat,21.89,7.5,5.11,38,1,0.0,3,2218.0,-0.07,Severe
14-04-2025 10:00,Assam,Barpeta,29.3,4.18,4.33,30,0,1.0,2,1923.0,-0.05,Moderate
14-04-2025 11:00,Uttar Pradesh,Kanpur,104.02124999999998,5.33,4.17,66,2,2.0,2,3530.0,0.2,Severe
14-04-2025 12:00,Maharashtra,Nashik,41.61,5.32,5.77,31,2,0.0,2,1668.0,0.68,Severe
14-04-2025 13:00,Gujarat,Surat,12.15,2.76,6.41,33,0,0.0,6,636.0,-0.23,Moderate
14-04-2025 14:00,Kerala,Alappuzha,17.47,1.94,5.36,27,1,1.0,2,2089.0,-0.02,Moderate
14-04-2025 15:00,Karnataka,Udupi,92.92,5.35,5.57,48,2,2.5,7,2885.0,0.37,Severe
14-04-2025 16:00,Tamil Nadu,Thanjavur,73.01,1.96,4.81,47,2,0.0,6,2278.0,0.58,Severe
14-04-2025 17:00,West Bengal,Kolkata,26.61,3.77,6.21,36,1,0.0,8,1771.0,1.01,Severe
14-04-2025 18:00,West Bengal,Darjeeling,48.11,2.49,5.08,43,0,0.0,2,1650.0,0.66,Moderate
14-04-2025 19:00,Tamil Nadu,Tiruppur,44.55,6.66,4.2,42,1,0.0,5,2948.0,0.41,Severe
14-04-2025 20:00,Karnataka,Udupi,34.76,7.98,4.5,33,0,0.0,2,2507.0,0.33,Severe
14-04-2025 21:00,Assam,Dibrugarh,19.17,5.62,4.39,31,1,0.0,3,1732.0,0.29,Severe
14-04-2025 22:00,Karnataka,Bengaluru,8.15,4.28,5.31,25,1,0.0,4,1833.0,-0.18,Moderate
14-04-2025 23:00,Gujarat,Vadodara,60.42,8.97,4.2,47,1,2.0,4,2386.0,0.52,Severe
15-04-2025 00:00,Karnataka,Mysuru,45.23,1.17,6.42,42,0,0.0,6,1150.0,0.14,Moderate
15-04-2025 01:00,Gujarat,Surat,19.4,3.43,6.72,39,0,1.0,3,2054.0,0.41,Moderate
15-04-2025 02:00,Karnataka,Kodagu,71.01,3.23,4.75,49,1,0.0,3,2256.0,-0.08,Severe
15-04-2025 03:00,Assam,Barpeta,90.69,3.85,5.46,56,3,1.0,4,2846.0,0.3,Severe
15-04-2025 04:00,Assam,Dhemaji,40.68,2.84,5.56,36,0,1.0,3,2373.0,-0.08,Moderate
15-04-2025 05:00,Maharashtra,Nagpur,33.89,3.11,6.96,46,1,0.0,3,1227.0,0.58,Moderate
15-04-2025 06:00,Tamil Nadu,Coimbatore,10.3,3.06,4.2,36,1,0.0,7,1061.0,0.22,Moderate
15-04-2025 07:00,Assam,Dibrugarh,30.64,5.05,6.0,30,1,0.0,7,1763.0,0.42,Severe
15-04-2025 08:00,Gujarat,Bharuch,15.63,4.13,5.04,27,0,1.0,4,1878.0,0.14,Moderate
15-04-2025 09:00,Assam,Dhemaji,31.85,6.11,5.51,29,1,0.0,5,2588.0,0.65,Severe
15-04-2025 10:00,Maharashtra,Pune,66.26,5.12,4.65,44,1,2.5,2,3075.0,0.5,Severe
15-04-2025 11:00,West Bengal,Malda,52.35,2.47,4.48,46,1,0.0,3,2780.0,-0.04,Moderate
15-04-2025 12:00,Gujarat,Surat,72.29,7.48,4.73,48,1,0.0,6,2917.0,-0.07,Severe
15-04-2025 13:00,Maharashtra,Nashik,28.86,4.78,4.21,32,0,0.0,6,1671.0,0.73,Severe
15-04-2025 14:00,Odisha,Puri,12.8,2.23,4.83,24,2,0.0,3,2249.0,-0.69,Moderate
15-04-2025 15:00,Odisha,Cuttack,28.01,2.34,6.07,43,0,0.0,8,1875.0,0.96,Severe
15-04-2025 16:00,Kerala,Kochi,40.8,7.38,5.95,38,2,2.0,8,3055.0,0.01,Severe
15-04-2025 17:00,Karnataka,Udupi,74.29,6.62,5.66,46,4,0.0,2,3792.0,0.63,Severe
15-04-2025 18:00,Tamil Nadu,Madurai,59.01,5.05,4.0,30,5,0.0,2,3425.0,0.51,Severe
15-04-2025 19:00,Bihar,Gaya,8.93,3.45,4.38,40,0,0.0,4,1773.0,0.18,Moderate
15-04-2025 20:00,Uttar Pradesh,Prayagraj,39.95,4.68,6.53,39,0,2.0,4,1960.0,0.48,Severe
15-04-2025 21:00,Maharashtra,Pune,65.87,6.09,4.82,52,0,0.0,8,2387.0,0.37,Severe
15-04-2025 22:00,West Bengal,Murshidabad,77.58,8.03,6.74,48,0,2.0,2,4185.0,0.68,Severe
15-04-2025 23:00,Uttar Pradesh,Prayagraj,69.12,5.45,6.62,48,4,1.0,5,3894.0,-0.01,Severe
16-04-2025 00:00,West Bengal,Darjeeling,21.05,3.21,4.46,37,0,0.0,5,2043.0,0.64,Moderate
16-04-2025 01:00,Uttar Pradesh,Kanpur,21.86,1.34,6.69,25,0,1.0,7,1554.0,-0.53,Moderate
16-04-2025 02:00,Maharashtra,Kolhapur,99.63,2.4,5.88,63,2,2.0,2,4162.0,0.6,Severe
16-04-2025 03:00,Bihar,Patna,25.31,6.2,5.89,26,1,1.0,6,2273.0,0.34,Severe
16-04-2025 04:00,Uttar Pradesh,Prayagraj,89.87,2.28,6.56,61,1,0.0,2,2485.0,0.55,Severe
16-04-2025 05:00,Maharashtra,Nashik,17.61,4.85,5.22,26,2,2.0,2,2036.0,0.61,Severe
16-04-2025 06:00,Assam,Guwahati,31.83,6.59,6.21,38,1,0.0,4,2515.0,0.99,Severe
16-04-2025 07:00,Bihar,Bhagalpur,5.86,3.47,6.0,21,2,0.0,4,1059.0,0.39,Moderate
16-04-2025 08:00,Gujarat,Ahmedabad,30.28,6.35,6.31,29,0,0.0,4,2270.0,-0.05,Severe
16-04-2025 09:00,West Bengal,Howrah,18.87,5.65,5.98,36,0,2.0,1,2686.0,1.15,Severe
16-04-2025 10:00,Odisha,Kendrapara,52.59,4.51,4.24,48,3,0.0,6,2869.0,0.5,Severe
16-04-2025 11:00,Karnataka,Kodagu,52.32,8.18,4.88,50,2,1.0,4,3473.0,0.73,Severe
16-04-2025 12:00,Odisha,Bhubaneswar,46.32,6.54,6.82,48,3,0.0,4,2329.0,0.16,Severe
16-04-2025 13:00,Bihar,Patna,19.58,3.88,4.67,31,2,0.0,4,743.0,0.16,Moderate
16-04-2025 14:00,Gujarat,Ahmedabad,72.49,7.43,5.42,51,3,0.0,3,3842.0,0.4,Severe
16-04-2025 15:00,West Bengal,Howrah,35.78,6.9,5.07,30,2,0.0,1,1857.0,0.59,Severe
16-04-2025 16:00,Gujarat,Ahmedabad,55.38,7.33,4.26,33,2,0.0,7,3476.0,0.47,Severe
16-04-2025 17:00,Uttar Pradesh,Gorakhpur,69.36,6.13,4.54,50,1,2.0,6,2369.0,-0.1,Severe
16-04-2025 18:00,West Bengal,Murshidabad,38.56,4.03,4.86,30,0,0.0,5,2380.0,1.03,Severe
16-04-2025 19:00,Uttar Pradesh,Kanpur,11.77,3.79,5.39,26,1,0.0,3,1999.0,-0.19,Moderate
16-04-2025 20:00,Maharashtra,Pune,41.61,6.23,6.62,34,1,0.0,2,2907.0,0.5,Severe
16-04-2025 21:00,Bihar,Darbhanga,30.55,2.05,5.55,41,1,1.0,8,1518.0,0.36,Moderate
16-04-2025 22:00,Maharashtra,Nashik,18.14,7.56,5.96,27,1,1.0,4,2746.0,1.49,Severe
16-04-2025 23:00,Kerala,Kottayam,83.76,3.96,5.28,53,1,1.0,3,2987.0,0.15,Severe
17-04-2025 00:00,Gujarat,Vadodara,28.22,6.04,6.61,39,0,1.0,3,1904.0,-0.2,Severe
17-04-2025 01:00,Uttar Pradesh,Varanasi,50.32,4.99,5.99,49,0,1.0,4,3181.0,0.64,Severe
17-04-2025 02:00,Assam,Guwahati,58.21,5.15,4.27,49,2,1.0,3,2141.0,0.12,Severe
17-04-2025 03:00,Maharashtra,Nashik,41.62,6.9,5.43,33,0,0.0,2,2266.0,0.83,Severe
17-04-2025 04:00,Kerala,Kozhikode,26.04,6.01,6.48,25,1,0.0,2,1829.0,0.74,Severe
17-04-2025 05:00,Tamil Nadu,Madurai,10.71,3.0,6.2,21,1,0.0,5,1433.0,0.67,Moderate
17-04-2025 06:00,Odisha,Bhubaneswar,45.98,1.59,6.72,54,0,1.0,6,2295.0,0.0,Moderate
17-04-2025 07:00,West Bengal,Malda,28.4,7.72,4.68,32,0,1.0,3,1895.0,0.74,Severe
17-04-2025 08:00,Kerala,Kozhikode,98.02,8.08,6.93,64,3,1.0,1,4061.0,1.39,Severe
17-04-2025 09:00,Bihar,Patna,21.43,2.32,4.86,22,2,1.0,8,1540.0,0.18,Moderate
17-04-2025 10:00,Maharashtra,Nashik,6.03,3.48,4.15,28,0,1.0,3,1400.0,0.26,Moderate
17-04-2025 11:00,Bihar,Gaya,14.4,3.26,5.49,31,0,1.0,7,2623.0,0.29,Severe
17-04-2025 12:00,Odisha,Puri,69.04,8.5,4.33,53,3,2.0,4,4352.0,0.21,Severe
17-04-2025 13:00,Assam,Jorhat,59.39,2.64,6.04,52,1,1.0,3,2165.0,0.41,Severe
17-04-2025 14:00,Gujarat,Bharuch,83.33,2.33,6.7,66,2,2.0,3,2791.0,0.36,Severe
17-04-2025 15:00,Gujarat,Bharuch,30.89,2.45,6.76,45,1,0.0,2,1915.0,0.32,Moderate
17-04-2025 16:00,Bihar,Gaya,54.64,6.84,5.82,44,2,0.0,4,3416.0,-0.05,Severe
17-04-2025 17:00,Uttar Pradesh,Lucknow,40.31,8.1,5.61,33,0,0.0,4,2920.0,0.89,Severe
17-04-2025 18:00,Assam,Jorhat,22.64,4.15,6.98,24,0,1.0,2,1833.0,0.52,Moderate
17-04-2025 19:00,Gujarat,Rajkot,35.61,2.09,5.74,47,0,2.0,3,2179.0,0.79,Severe
17-04-2025 20:00,Assam,Dibrugarh,27.0,5.69,6.78,35,2,0.0,7,2239.0,0.62,Severe
17-04-2025 21:00,Kerala,Kottayam,80.38,2.68,6.75,55,4,1.0,3,2598.0,-0.85,Severe
17-04-2025 22:00,Assam,Guwahati,22.52,1.51,4.87,30,1,0.0,3,1401.0,0.76,Moderate
17-04-2025 23:00,Karnataka,Udupi,87.77,8.09,4.04,44,4,0.0,4,4231.0,0.72,Severe
18-04-2025 00:00,Odisha,Balasore,21.47,7.97,5.32,36,1,0.0,1,2671.0,0.46,Severe
18-04-2025 01:00,Gujarat,Vadodara,27.02,8.81,6.58,32,0,0.0,5,2586.0,1.33,Severe
18-04-2025 02:00,Assam,Guwahati,36.78,4.79,6.51,40,2,0.0,4,2627.0,0.82,Severe
18-04-2025 03:00,Bihar,Darbhanga,20.75,3.35,5.81,43,1,0.0,5,1482.0,0.8,Severe
18-04-2025 04:00,Tamil Nadu,Chennai,36.56,7.16,4.47,44,2,2.0,5,1807.0,-0.41,Severe
18-04-2025 05:00,Karnataka,Mangaluru,39.96,2.44,4.32,34,0,1.0,1,1810.0,0.95,Moderate
18-04-2025 06:00,Karnataka,Mysuru,77.74,2.95,6.86,46,5,0.0,1,1723.0,0.65,Severe
18-04-2025 07:00,Uttar Pradesh,Gorakhpur,5.93,3.05,5.26,30,3,0.0,6,1334.0,-0.25,Moderate
18-04-2025 08:00,Assam,Guwahati,21.61,8.61,5.94,29,0,0.0,6,1876.0,0.49,Severe
18-04-2025 09:00,Uttar Pradesh,Lucknow,94.86,6.84,6.72,48,5,0.0,4,3029.0,-0.41,Severe
18-04-2025 10:00,Uttar Pradesh,Kanpur,26.61,2.07,6.61,32,0,0.0,4,792.0,0.66,Moderate
18-04-2025 11:00,Tamil Nadu,Tiruppur,26.6,1.74,5.7,33,0,0.0,3,1639.0,0.43,Moderate
18-04-2025 12:00,Kerala,Kottayam,20.59,7.74,5.46,31,1,1.0,1,1603.0,0.08,Severe
18-04-2025 13:00,Assam,Dhemaji,53.87,7.42,6.21,41,0,0.0,4,2653.0,0.67,Severe
18-04-2025 14:00,Maharashtra,Mumbai,10.02,6.37,5.05,32,1,0.0,4,1822.0,0.01,Severe
18-04-2025 15:00,Gujarat,Rajkot,44.52,2.57,5.88,43,2,0.0,5,1527.0,0.4,Moderate
18-04-2025 16:00,Uttar Pradesh,Gorakhpur,103.62,4.84,4.07,64,5,1.0,3,3949.0,0.85,Severe
18-04-2025 17:00,Odisha,Kendrapara,7.95,5.82,6.47,40,0,1.0,6,2113.0,0.2,Severe
18-04-2025 18:00,West Bengal,Kolkata,54.27,8.46,6.99,40,4,0.0,2,3004.0,-0.08,Severe
18-04-2025 19:00,Odisha,Balasore,13.75,2.36,6.86,33,2,0.0,5,1258.0,0.84,Moderate
18-04-2025 20:00,Tamil Nadu,Chennai,46.31,5.12,5.08,33,0,0.0,2,3324.0,0.4,Severe
18-04-2025 21:00,Tamil Nadu,Tiruppur,43.75,2.26,5.59,33,4,2.0,3,2094.0,1.25,Severe
18-04-2025 22:00,Bihar,Gaya,56.71,4.55,4.71,36,0,0.0,4,2766.0,0.58,Severe
18-04-2025 23:00,Kerala,Kottayam,24.19,2.6,4.91,33,1,1.0,4,2594.0,0.69,Severe
19-04-2025 00:00,Gujarat,Vadodara,25.11,7.69,5.37,36,3,1.0,4,2331.0,0.51,Severe
19-04-2025 01:00,Uttar Pradesh,Gorakhpur,57.71,3.04,6.24,40,2,0.0,3,2446.0,0.6,Severe
19-04-2025 02:00,Odisha,Puri,24.03,4.34,4.05,31,3,0.0,7,2198.0,0.62,Severe
19-04-2025 03:00,West Bengal,Darjeeling,62.09,4.26,5.18,54,1,1.0,5,2519.0,0.66,Severe
19-04-2025 04:00,Tamil Nadu,Tiruppur,4.41,7.93,5.67,24,2,1.0,3,1276.0,-0.15,Severe
19-04-2025 05:00,Tamil Nadu,Madurai,41.97,7.06,4.65,35,1,1.0,1,1228.0,-0.04,Severe
19-04-2025 06:00,Kerala,Kochi,59.57,1.46,4.24,43,1,0.0,2,3159.0,0.65,Moderate
19-04-2025 07:00,West Bengal,Murshidabad,30.93,1.54,5.62,32,0,2.0,3,1120.0,0.39,Moderate
19-04-2025 08:00,West Bengal,Darjeeling,79.77,5.41,5.91,54,3,0.0,3,3177.0,0.01,Severe
19-04-2025 09:00,Kerala,Kottayam,24.81,4.42,5.92,23,2,0.0,4,931.0,0.49,Severe
19-04-2025 10:00,Tamil Nadu,Thanjavur,40.9,3.2,5.07,48,1,0.0,3,2270.0,1.08,Severe
19-04-2025 11:00,Gujarat,Bharuch,66.12,7.34,4.71,64,2,1.0,4,3888.0,0.44,Severe
19-04-2025 12:00,Assam,Barpeta,15.01,2.03,4.66,33,1,2.0,3,2069.0,0.54,Moderate
19-04-2025 13:00,Assam,Barpeta,69.76,8.79,4.12,34,2,0.0,3,4170.0,0.55,Severe
19-04-2025 14:00,Kerala,Alappuzha,44.17,1.19,4.55,54,1,1.0,3,1809.0,0.08,Moderate
19-04-2025 15:00,West Bengal,Howrah,19.94,1.95,6.46,20,0,1.0,2,2077.0,0.33,Moderate
19-04-2025 16:00,Uttar Pradesh,Gorakhpur,34.52,3.49,4.01,41,3,0.0,3,1701.0,-0.59,Moderate
19-04-2025 17:00,Kerala,Alappuzha,18.66,5.07,4.13,40,0,1.0,2,1999.0,-0.07,Severe
19-04-2025 18:00,Gujarat,Vadodara,51.56,2.73,4.38,55,1,0.0,2,2155.0,0.31,Moderate
19-04-2025 19:00,Kerala,Kochi,29.19,6.89,5.26,39,1,0.0,3,2511.0,-0.19,Severe
19-04-2025 20:00,Karnataka,Udupi,26.69,3.86,5.0,35,0,0.0,3,1386.0,0.34,Moderate
19-04-2025 21:00,Odisha,Bhubaneswar,52.6,1.31,4.53,54,1,1.0,5,757.0,0.22,Moderate
19-04-2025 22:00,West Bengal,Howrah,30.45,8.02,4.33,29,0,0.0,3,3258.0,0.95,Severe
19-04-2025 23:00,Bihar,Muzaffarpur,35.73,8.55,6.82,38,2,1.0,4,1845.0,1.26,Severe
20-04-2025 00:00,Bihar,Darbhanga,34.01,5.95,6.73,45,1,0.0,6,2685.0,0.32,Severe
20-04-2025 01:00,West Bengal,Howrah,5.72,7.45,6.32,17,1,0.0,2,3181.0,0.52,Severe
20-04-2025 02:00,Gujarat,Vadodara,11.63,1.97,4.76,38,0,0.0,8,705.0,0.89,Moderate
20-04-2025 03:00,Karnataka,Udupi,21.83,3.15,4.97,27,0,0.0,3,1800.0,0.35,Moderate
20-04-2025 04:00,Karnataka,Udupi,23.0,3.6,6.0,41,1,1.0,4,1639.0,0.54,Severe
20-04-2025 05:00,Tamil Nadu,Madurai,5.18,8.69,4.88,30,2,0.0,3,1934.0,-0.28,Severe
20-04-2025 06:00,Odisha,Kendrapara,35.69,5.1,5.59,35,1,1.0,4,2320.0,0.58,Severe
20-04-2025 07:00,Assam,Barpeta,32.12,1.06,5.95,39,1,0.0,5,2239.0,0.92,Moderate
20-04-2025 08:00,Maharashtra,Pune,38.5,4.04,5.56,43,1,1.0,2,1726.0,-0.15,Severe
20-04-2025 09:00,Gujarat,Vadodara,27.94,1.06,5.24,33,0,0.0,1,2220.0,-0.4,Low
20-04-2025 10:00,Maharashtra,Nashik,86.02,2.9,5.04,62,2,0.0,2,3153.0,0.93,Severe
20-04-2025 11:00,Maharashtra,Nagpur,48.61,4.64,6.33,51,0,0.0,1,2076.0,0.21,Severe
20-04-2025 12:00,West Bengal,Murshidabad,92.93,3.59,6.22,60,2,1.0,2,2221.0,0.0,Severe
20-04-2025 13:00,Bihar,Gaya,14.95,1.26,6.09,33,1,1.0,5,1179.0,0.39,Moderate
20-04-2025 14:00,Bihar,Muzaffarpur,27.38,1.93,5.12,39,0,2.0,2,1160.0,0.1,Moderate
20-04-2025 15:00,Assam,Jorhat,23.31,5.41,6.33,39,3,1.0,6,1674.0,-0.12,Severe
20-04-2025 16:00,West Bengal,Darjeeling,9.46,6.56,6.87,24,1,1.0,4,1938.0,-0.34,Severe
20-04-2025 17:00,Maharashtra,Pune,31.0,4.24,6.07,46,0,0.0,0,1523.0,1.16,Severe
20-04-2025 18:00,Uttar Pradesh,Prayagraj,4.84,6.85,5.22,27,2,0.0,2,1718.0,1.1,Severe
20-04-2025 19:00,Bihar,Bhagalpur,51.19,2.31,6.39,39,2,0.0,6,2046.0,0.24,Moderate
20-04-2025 20:00,Gujarat,Ahmedabad,73.52,1.98,5.83,53,2,0.0,2,3351.0,1.53,Severe
20-04-2025 21:00,Gujarat,Surat,29.74,7.72,6.63,28,2,0.0,2,2535.0,0.95,Severe
20-04-2025 22:00,Tamil Nadu,Coimbatore,38.25,3.71,6.14,42,1,2.0,2,2170.0,0.33,Severe
20-04-2025 23:00,Kerala,Kochi,73.96,4.46,6.31,59,3,0.0,5,2785.0,1.37,Severe
21-04-2025 00:00,Uttar Pradesh,Kanpur,17.29,8.58,6.0,33,1,0.0,5,2262.0,-0.57,Severe
21-04-2025 01:00,Bihar,Patna,9.36,4.39,4.28,29,1,0.0,7,2115.0,0.26,Severe
21-04-2025 02:00,Karnataka,Mysuru,4.7,1.03,5.46,26,0,0.0,6,1026.0,1.14,Moderate
21-04-2025 03:00,Bihar,Muzaffarpur,18.78,8.5,4.17,33,0,0.0,4,2886.0,0.2,Severe
21-04-2025 04:00,Tamil Nadu,Tiruppur,21.28,1.11,5.34,27,1,1.0,2,1842.0,0.88,Moderate
21-04-2025 05:00,Gujarat,Ahmedabad,53.7,6.3,6.15,49,1,1.0,5,2873.0,-0.09,Severe
21-04-2025 06:00,Maharashtra,Kolhapur,12.13,3.58,5.26,32,0,1.0,4,2124.0,0.05,Moderate
21-04-2025 07:00,Karnataka,Kodagu,9.01,4.76,4.0,24,2,0.0,1,1067.0,0.52,Severe
21-04-2025 08:00,West Bengal,Darjeeling,59.86,5.38,5.11,51,1,0.0,3,3157.0,0.65,Severe
21-04-2025 09:00,Odisha,Bhubaneswar,22.37,4.27,4.2,24,0,0.0,4,2562.0,0.44,Moderate
21-04-2025 10:00,Maharashtra,Nashik,38.45,7.19,6.34,33,0,2.0,1,2034.0,0.16,Severe
21-04-2025 11:00,Odisha,Balasore,55.84,8.45,6.35,38,0,0.0,4,3407.0,-0.07,Severe
21-04-2025 12:00,Uttar Pradesh,Varanasi,104.02124999999998,1.69,6.42,66,5,2.5,3,4092.0,1.41,Severe
21-04-2025 13:00,Kerala,Alappuzha,44.79,7.4,4.09,37,2,1.0,5,3517.0,0.51,Severe
21-04-2025 14:00,Karnataka,Bengaluru,20.61,2.03,4.1,35,3,0.0,3,1612.0,0.85,Moderate
21-04-2025 15:00,Assam,Guwahati,59.12,1.64,6.71,43,4,0.0,2,2686.0,0.79,Severe
21-04-2025 16:00,Karnataka,Bengaluru,16.47,8.65,4.37,20,2,1.0,6,1878.0,0.14,Severe
21-04-2025 17:00,Bihar,Muzaffarpur,73.4,4.91,6.01,30,1,2.5,8,2953.0,0.37,Severe
21-04-2025 18:00,Gujarat,Ahmedabad,19.56,2.22,6.39,39,1,0.0,4,201.0,0.0,Moderate
21-04-2025 19:00,Bihar,Gaya,14.13,5.56,5.34,30,1,2.0,4,998.0,0.7,Severe
21-04-2025 20:00,Bihar,Muzaffarpur,35.32,3.11,5.64,39,3,0.0,8,2141.0,0.28,Severe
21-04-2025 21:00,Uttar Pradesh,Lucknow,43.9,4.71,4.68,36,0,1.0,4,2520.0,1.08,Severe
21-04-2025 22:00,Maharashtra,Nagpur,14.65,6.0,6.77,31,0,1.0,4,1089.0,-0.37,Severe
21-04-2025 23:00,Assam,Guwahati,21.91,7.95,4.91,32,0,0.0,3,2308.0,0.58,Severe
22-04-2025 00:00,Assam,Barpeta,47.24,1.02,4.65,41,0,1.0,5,1864.0,1.5,Severe
22-04-2025 01:00,Bihar,Muzaffarpur,39.19,2.71,5.58,34,0,1.0,1,2863.0,0.02,Moderate
22-04-2025 02:00,Odisha,Bhubaneswar,45.49,1.77,4.57,38,1,0.0,4,2626.0,0.42,Moderate
22-04-2025 03:00,Uttar Pradesh,Prayagraj,74.29,1.78,6.06,46,1,0.0,5,3315.0,0.19,Severe
22-04-2025 04:00,Bihar,Bhagalpur,42.09,8.57,5.55,42,2,0.0,4,2629.0,0.75,Severe
22-04-2025 05:00,Kerala,Alappuzha,87.43,8.49,4.44,56,4,0.0,5,3560.0,-0.55,Severe
22-04-2025 06:00,Gujarat,Ahmedabad,61.36,6.99,4.2,52,3,2.0,2,3385.0,-0.19,Severe
22-04-2025 07:00,Maharashtra,Mumbai,22.3,6.14,4.41,32,1,1.0,3,1485.0,-0.1,Severe
22-04-2025 08:00,West Bengal,Murshidabad,76.49,7.78,4.41,58,4,1.0,6,3422.0,0.75,Severe
22-04-2025 09:00,Kerala,Kottayam,40.92,1.47,4.94,47,2,0.0,3,2106.0,0.27,Moderate
22-04-2025 10:00,Odisha,Puri,69.05,1.96,6.5,57,1,0.0,6,2671.0,0.06,Severe
22-04-2025 11:00,Karnataka,Bengaluru,46.08,3.54,4.17,44,5,0.0,2,1394.0,0.53,Severe
22-04-2025 12:00,Karnataka,Mysuru,101.3,7.66,4.38,61,0,2.5,3,4420.0,0.45,Severe
22-04-2025 13:00,Kerala,Kochi,14.16,4.78,4.91,24,0,0.0,1,1135.0,0.26,Moderate
22-04-2025 14:00,Bihar,Gaya,29.37,5.03,5.66,37,3,0.0,6,1582.0,0.13,Severe
22-04-2025 15:00,West Bengal,Malda,51.84,2.83,6.29,33,2,2.0,5,1709.0,-0.06,Severe
22-04-2025 16:00,Tamil Nadu,Thanjavur,37.94,6.19,6.76,29,0,0.0,5,2057.0,0.99,Severe
22-04-2025 17:00,Tamil Nadu,Madurai,16.6,8.1,5.24,35,0,0.0,5,1416.0,1.02,Severe
22-04-2025 18:00,Odisha,Puri,94.92,3.64,4.32,50,5,1.0,4,3607.0,-0.24,Severe
22-04-2025 19:00,Bihar,Gaya,32.5,5.95,4.64,39,1,0.0,3,1434.0,0.18,Severe
22-04-2025 20:00,Assam,Guwahati,64.78,3.66,4.86,47,4,0.0,4,2888.0,0.55,Severe
22-04-2025 21:00,Assam,Jorhat,49.16,7.34,6.36,32,0,1.0,3,3189.0,-0.05,Severe
22-04-2025 22:00,Maharashtra,Nagpur,57.68,4.8,6.06,45,3,2.0,6,2832.0,0.68,Severe
22-04-2025 23:00,West Bengal,Howrah,13.36,3.72,4.63,31,1,0.0,4,1485.0,0.45,Moderate
23-04-2025 00:00,West Bengal,Kolkata,33.47,4.36,6.52,40,0,0.0,1,1376.0,0.73,Moderate
23-04-2025 01:00,Karnataka,Kodagu,58.64,1.73,6.58,48,1,1.0,5,2778.0,1.39,Severe
23-04-2025 02:00,Uttar Pradesh,Lucknow,64.49,7.93,6.65,51,3,1.0,6,3079.0,-0.4,Severe
23-04-2025 03:00,Odisha,Bhubaneswar,60.83,8.66,4.83,53,2,1.0,5,3369.0,1.01,Severe
23-04-2025 04:00,Tamil Nadu,Madurai,19.68,4.82,4.4,34,2,0.0,4,1600.0,0.11,Severe
23-04-2025 05:00,Odisha,Bhubaneswar,8.18,2.77,4.31,33,0,0.0,5,1722.0,0.67,Moderate
23-04-2025 06:00,Assam,Barpeta,11.95,6.32,5.2,27,2,1.0,3,2058.0,0.6,Severe
23-04-2025 07:00,Assam,Barpeta,34.68,4.62,5.29,38,2,1.0,3,1057.0,0.99,Severe
23-04-2025 08:00,Kerala,Kozhikode,37.16,3.02,6.6,32,0,0.0,1,2823.0,0.4,Moderate
23-04-2025 09:00,Maharashtra,Mumbai,34.58,1.31,4.8,35,1,1.0,3,1829.0,0.0,Moderate
23-04-2025 10:00,West Bengal,Darjeeling,13.7,8.12,5.88,27,1,2.0,3,1886.0,0.48,Severe
23-04-2025 11:00,Gujarat,Surat,22.88,7.37,6.36,39,1,0.0,4,2174.0,1.13,Severe
23-04-2025 12:00,Odisha,Kendrapara,94.36,7.63,4.81,61,2,0.0,4,4492.0,0.53,Severe
23-04-2025 13:00,Assam,Dhemaji,44.22,4.52,4.8,44,1,0.0,5,2477.0,0.11,Severe
23-04-2025 14:00,Uttar Pradesh,Kanpur,33.01,7.03,6.01,44,2,0.0,4,2597.0,0.3,Severe
23-04-2025 15:00,Karnataka,Udupi,93.01,5.65,6.18,66,5,1.0,1,3917.0,0.48,Severe
23-04-2025 16:00,Tamil Nadu,Thanjavur,104.02124999999998,4.0,6.88,63,3,2.0,1,4303.0,0.42,Severe
23-04-2025 17:00,Maharashtra,Kolhapur,24.71,7.74,6.55,18,2,0.0,3,2887.0,0.36,Severe
23-04-2025 18:00,Uttar Pradesh,Kanpur,44.44,8.99,6.47,49,2,1.0,1,3082.0,0.81,Severe
23-04-2025 19:00,Maharashtra,Pune,9.79,8.19,6.08,35,1,0.0,6,1709.0,1.28,Severe
23-04-2025 20:00,Kerala,Kottayam,7.51,7.21,4.36,27,1,0.0,1,2271.0,0.8,Severe
23-04-2025 21:00,Gujarat,Ahmedabad,29.24,6.98,6.43,48,0,2.0,3,2167.0,0.65,Severe
23-04-2025 22:00,Assam,Barpeta,12.99,6.2,6.81,35,1,1.0,1,1642.0,0.84,Severe
23-04-2025 23:00,Karnataka,Kodagu,22.91,7.83,5.17,33,2,0.0,4,2464.0,0.66,Severe
24-04-2025 00:00,Uttar Pradesh,Gorakhpur,41.52,4.94,4.94,30,2,2.0,1,2605.0,0.44,Severe
24-04-2025 01:00,Maharashtra,Pune,81.23,2.45,5.57,59,0,0.0,2,3007.0,0.11,Moderate
24-04-2025 02:00,West Bengal,Murshidabad,45.27,7.14,6.87,32,0,1.0,6,2958.0,0.11,Severe
24-04-2025 03:00,Kerala,Kozhikode,24.91,8.36,4.15,41,0,0.0,1,2287.0,0.37,Severe
24-04-2025 04:00,West Bengal,Darjeeling,104.02124999999998,3.73,6.13,66,2,2.0,3,2898.0,0.5,Severe
24-04-2025 05:00,Karnataka,Udupi,36.51,7.26,6.44,28,2,0.0,4,2544.0,0.88,Severe
24-04-2025 06:00,Uttar Pradesh,Kanpur,65.01,3.19,6.37,49,3,0.0,6,2462.0,0.32,Severe
24-04-2025 07:00,Kerala,Kottayam,68.69,8.54,5.7,46,3,0.0,4,3376.0,0.22,Severe
24-04-2025 08:00,Uttar Pradesh,Varanasi,32.82,6.47,6.76,32,5,1.0,3,1222.0,0.5,Severe
24-04-2025 09:00,Assam,Guwahati,2.97,5.55,4.4,30,2,0.0,4,836.0,0.57,Severe
24-04-2025 10:00,Bihar,Patna,20.81,7.24,4.74,32,0,0.0,4,826.0,0.11,Severe
24-04-2025 11:00,Kerala,Kottayam,21.59,7.51,4.92,32,0,0.0,3,2189.0,0.05,Severe
24-04-2025 12:00,West Bengal,Darjeeling,33.65,8.14,4.03,31,0,1.0,5,2998.0,0.66,Severe
24-04-2025 13:00,Karnataka,Udupi,28.59,8.21,5.11,32,0,1.0,2,3090.0,0.32,Severe
24-04-2025 14:00,Gujarat,Surat,29.75,1.42,4.48,29,1,2.5,7,1894.0,0.9,Severe
24-04-2025 15:00,Assam,Barpeta,35.18,1.98,6.17,36,0,0.0,5,1435.0,0.5,Moderate
24-04-2025 16:00,Bihar,Bhagalpur,39.91,7.61,5.24,32,0,0.0,6,2836.0,0.34,Severe
24-04-2025 17:00,Gujarat,Vadodara,7.95,8.57,6.11,26,0,0.0,5,1917.0,-0.16,Severe
24-04-2025 18:00,Tamil Nadu,Chennai,39.44,3.46,4.88,41,1,0.0,4,1822.0,0.38,Moderate
24-04-2025 19:00,Assam,Barpeta,54.53,1.07,4.4,31,2,1.0,2,2155.0,-0.07,Moderate
24-04-2025 20:00,Karnataka,Bengaluru,104.02124999999998,3.58,4.4,61,3,2.0,5,3593.0,-0.2,Severe
24-04-2025 21:00,Maharashtra,Pune,38.46,4.06,4.61,37,2,0.0,3,2208.0,1.05,Severe
24-04-2025 22:00,Kerala,Kochi,62.39,7.09,4.35,42,4,2.5,2,3661.0,0.15,Severe
24-04-2025 23:00,Uttar Pradesh,Lucknow,51.3,1.38,4.66,46,0,1.0,4,1344.0,0.77,Moderate
25-04-2025 00:00,Karnataka,Mangaluru,18.9,2.7,5.74,35,2,1.0,3,865.0,-0.13,Moderate
25-04-2025 01:00,Kerala,Kochi,40.19,8.15,4.77,45,2,2.0,4,3261.0,0.05,Severe
25-04-2025 02:00,Gujarat,Ahmedabad,87.9,2.24,5.03,66,5,1.0,4,3056.0,0.01,Severe
25-04-2025 03:00,Uttar Pradesh,Gorakhpur,85.0,7.07,4.16,52,1,1.0,1,3884.0,0.68,Severe
25-04-2025 04:00,Odisha,Puri,84.93,3.89,6.68,52,2,1.0,5,2975.0,0.57,Severe
25-04-2025 05:00,West Bengal,Murshidabad,104.02124999999998,6.3,4.41,66,2,2.5,3,4592.375,-0.22,Severe
25-04-2025 06:00,Tamil Nadu,Coimbatore,54.05,1.59,5.05,46,1,1.0,2,1743.0,-0.26,Moderate
25-04-2025 07:00,Assam,Dibrugarh,25.34,3.29,5.14,28,4,0.0,2,1440.0,0.59,Severe
25-04-2025 08:00,Karnataka,Mangaluru,54.9,4.4,6.32,47,4,2.0,5,2365.0,0.96,Severe
25-04-2025 09:00,Tamil Nadu,Coimbatore,16.76,7.86,5.45,25,2,0.0,3,1964.0,0.94,Severe
25-04-2025 10:00,Maharashtra,Nashik,48.83,5.51,5.15,37,1,2.0,3,2348.0,0.02,Severe
25-04-2025 11:00,Kerala,Alappuzha,15.98,1.36,6.09,27,1,1.0,5,814.0,0.18,Moderate
25-04-2025 12:00,Kerala,Kozhikode,20.65,7.41,5.79,38,3,1.0,8,1795.0,0.59,Severe
25-04-2025 13:00,Karnataka,Bengaluru,7.14,1.44,4.23,33,1,1.0,2,1521.0,0.62,Moderate
25-04-2025 14:00,Bihar,Muzaffarpur,46.42,8.47,4.94,41,0,1.0,4,3304.0,0.46,Severe
25-04-2025 15:00,Bihar,Bhagalpur,82.12,2.69,6.94,53,3,1.0,2,3010.0,0.19,Severe
25-04-2025 16:00,Odisha,Puri,38.6,4.9,5.45,34,0,0.0,5,3215.0,0.56,Severe
25-04-2025 17:00,West Bengal,Darjeeling,35.18,1.58,5.27,35,2,1.0,5,1963.0,0.42,Moderate
25-04-2025 18:00,Uttar Pradesh,Varanasi,21.91,5.49,4.45,40,2,0.0,5,1653.0,0.44,Severe
25-04-2025 19:00,Maharashtra,Mumbai,66.52,4.98,6.52,49,4,1.0,3,3549.0,0.75,Severe
25-04-2025 20:00,Tamil Nadu,Thanjavur,73.85,4.28,4.4,54,0,2.0,5,3063.0,0.85,Severe
25-04-2025 21:00,Bihar,Gaya,10.26,1.28,4.32,20,0,0.0,2,1686.0,0.51,Low
25-04-2025 22:00,Odisha,Kendrapara,41.06,8.03,5.32,37,1,0.0,8,3046.0,0.48,Severe
25-04-2025 23:00,Odisha,Bhubaneswar,64.93,7.42,5.31,52,1,1.0,3,2879.0,0.28,Severe
26-04-2025 00:00,Karnataka,Kodagu,25.16,6.06,6.94,46,2,0.0,4,2257.0,0.41,Severe
26-04-2025 01:00,Maharashtra,Pune,8.81,5.58,4.38,28,1,2.0,8,734.0,0.69,Severe
26-04-2025 02:00,Gujarat,Rajkot,15.3,6.56,5.45,24,1,0.0,5,1718.0,0.57,Severe
26-04-2025 03:00,Uttar Pradesh,Gorakhpur,90.79,2.15,4.6,66,1,2.5,2,3861.0,0.11,Severe
26-04-2025 04:00,West Bengal,Malda,72.15,8.46,6.11,34,2,0.0,6,3846.0,0.08,Severe
26-04-2025 05:00,Assam,Barpeta,78.22,3.28,5.18,54,2,1.0,3,2033.0,0.07,Severe
26-04-2025 06:00,Karnataka,Udupi,11.96,6.25,5.95,23,2,0.0,2,2252.0,0.87,Severe
26-04-2025 07:00,Uttar Pradesh,Gorakhpur,64.52,5.85,5.02,48,4,0.0,3,2841.0,-0.4,Severe
26-04-2025 08:00,Assam,Dhemaji,94.57,6.09,5.69,54,2,2.5,2,3689.0,-0.26,Severe
26-04-2025 09:00,Assam,Jorhat,20.79,8.03,5.41,33,1,0.0,6,2117.0,0.07,Severe
26-04-2025 10:00,Maharashtra,Nashik,30.59,3.37,5.12,33,0,2.5,2,1003.0,0.69,Severe
26-04-2025 11:00,Maharashtra,Nashik,42.29,6.99,5.61,38,0,0.0,8,2692.0,0.23,Severe
26-04-2025 12:00,Tamil Nadu,Coimbatore,47.24,5.79,5.15,48,1,1.0,6,2092.0,-0.02,Severe
26-04-2025 13:00,Odisha,Puri,26.22,1.61,6.42,31,1,0.0,3,2048.0,0.51,Moderate
26-04-2025 14:00,Uttar Pradesh,Prayagraj,69.47,4.31,5.49,50,0,0.0,4,2591.0,0.53,Severe
26-04-2025 15:00,Karnataka,Mangaluru,52.62,7.7,6.71,33,1,0.0,4,3300.0,0.7,Severe
26-04-2025 16:00,Kerala,Kozhikode,17.59,3.52,4.67,36,1,2.0,6,1421.0,0.96,Severe
26-04-2025 17:00,Karnataka,Mangaluru,66.49,4.86,4.34,55,2,1.0,4,3134.0,0.9,Severe
26-04-2025 18:00,Tamil Nadu,Coimbatore,32.24,4.91,5.14,42,1,0.0,3,1059.0,0.6,Severe
26-04-2025 19:00,West Bengal,Murshidabad,54.16,5.94,4.55,33,2,1.0,7,2311.0,0.31,Severe
26-04-2025 20:00,Odisha,Balasore,18.86,8.07,5.18,32,0,0.0,6,2539.0,0.54,Severe
26-04-2025 21:00,Kerala,Kochi,19.76,2.39,4.62,42,0,0.0,3,944.0,0.17,Moderate
26-04-2025 22:00,Bihar,Bhagalpur,8.15,5.04,6.6,29,3,0.0,2,1212.0,0.75,Severe
26-04-2025 23:00,West Bengal,Murshidabad,75.44,4.39,5.7,62,3,0.0,2,2175.0,0.13,Severe
27-04-2025 00:00,Maharashtra,Nagpur,62.31,3.37,5.49,40,4,0.0,5,3197.0,0.01,Severe
27-04-2025 01:00,Assam,Barpeta,42.46,8.36,6.36,50,1,0.0,5,3268.0,0.78,Severe
27-04-2025 02:00,Bihar,Patna,11.53,1.07,4.39,29,2,0.0,1,435.0,-0.3,Low
27-04-2025 03:00,Karnataka,Mysuru,83.7,1.98,6.57,57,0,1.0,3,2904.0,0.08,Severe
27-04-2025 04:00,Karnataka,Udupi,53.46,6.87,5.45,63,2,0.0,3,3121.0,0.62,Severe
27-04-2025 05:00,Maharashtra,Nagpur,26.19,3.11,4.41,32,0,1.0,5,1900.0,0.31,Moderate
27-04-2025 06:00,Tamil Nadu,Thanjavur,45.3,6.79,6.46,26,0,0.0,3,2876.0,0.29,Severe
27-04-2025 07:00,Uttar Pradesh,Gorakhpur,31.61,7.66,5.38,42,2,1.0,8,3092.0,-0.12,Severe
27-04-2025 08:00,Bihar,Muzaffarpur,53.49,3.04,5.81,48,3,0.0,3,575.0,-0.09,Moderate
27-04-2025 09:00,Bihar,Patna,16.29,2.54,6.68,31,1,0.0,5,1477.0,0.27,Moderate
27-04-2025 10:00,Gujarat,Bharuch,5.06,2.16,6.67,29,0,0.0,8,1047.0,-0.33,Moderate
27-04-2025 11:00,West Bengal,Howrah,50.18,2.6,6.68,37,3,1.0,2,2414.0,0.35,Severe
27-04-2025 12:00,Odisha,Cuttack,55.66,3.14,5.25,52,1,0.0,1,2665.0,0.86,Severe
27-04-2025 13:00,West Bengal,Malda,8.13,7.95,6.25,20,0,0.0,7,1813.0,0.82,Severe
27-04-2025 14:00,Uttar Pradesh,Gorakhpur,3.04,7.16,4.7,20,0,1.0,4,2413.0,0.59,Severe
27-04-2025 15:00,Karnataka,Udupi,42.79,1.01,6.49,42,0,1.0,4,1536.0,0.44,Moderate
27-04-2025 16:00,Karnataka,Udupi,51.39,7.99,5.03,44,3,1.0,3,3452.0,0.31,Severe
27-04-2025 17:00,Karnataka,Udupi,30.67,1.63,5.39,35,0,1.0,2,1005.0,0.38,Moderate
27-04-2025 18:00,Gujarat,Bharuch,17.22,6.24,6.67,27,1,1.0,4,2016.0,-0.03,Severe
27-04-2025 19:00,Karnataka,Mysuru,104.02124999999998,2.21,6.42,59,5,0.0,5,4258.0,0.1,Severe
27-04-2025 20:00,Uttar Pradesh,Varanasi,48.28,1.5,6.86,42,0,1.0,4,2309.0,-0.33,Moderate
27-04-2025 21:00,Maharashtra,Mumbai,74.8,7.08,5.09,44,4,2.0,4,3614.0,0.73,Severe
27-04-2025 22:00,Odisha,Puri,14.0,4.74,4.45,32,0,1.0,3,264.0,0.3,Moderate
27-04-2025 23:00,Uttar Pradesh,Lucknow,82.13,5.79,6.73,42,4,1.0,4,3716.0,1.16,Severe
28-04-2025 00:00,Odisha,Kendrapara,47.05,4.4,5.48,34,2,0.0,3,2732.0,0.11,Severe
28-04-2025 01:00,Uttar Pradesh,Varanasi,104.02124999999998,1.54,6.67,62,5,1.0,8,3340.0,0.35,Severe
28-04-2025 02:00,Karnataka,Kodagu,54.16,6.92,6.2,46,1,1.0,7,3028.0,0.64,Severe
28-04-2025 03:00,Maharashtra,Kolhapur,38.15,7.56,6.62,33,2,0.0,5,2769.0,0.52,Severe
28-04-2025 04:00,Bihar,Muzaffarpur,33.57,1.33,5.96,37,0,2.0,5,1923.0,0.32,Moderate
28-04-2025 05:00,West Bengal,Murshidabad,21.37,4.01,6.44,35,0,0.0,0,1851.0,1.07,Moderate
28-04-2025 06:00,Assam,Dhemaji,33.83,5.46,4.36,37,0,2.0,1,2774.0,-0.03,Severe
28-04-2025 07:00,Maharashtra,Nashik,54.8,5.84,6.9,51,1,2.0,3,2777.0,0.61,Severe
28-04-2025 08:00,Bihar,Bhagalpur,61.27,5.63,4.54,47,3,1.0,4,2183.0,0.17,Severe
28-04-2025 09:00,Tamil Nadu,Tiruppur,18.8,6.54,4.07,32,0,0.0,2,2454.0,0.29,Severe
28-04-2025 10:00,Uttar Pradesh,Kanpur,10.33,8.73,5.59,27,0,2.0,6,2674.0,0.45,Severe
28-04-2025 11:00,Tamil Nadu,Thanjavur,44.38,4.12,6.14,53,1,0.0,3,2738.0,0.3,Severe
28-04-2025 12:00,Bihar,Muzaffarpur,7.67,5.45,6.15,30,0,0.0,5,2495.0,0.28,Severe
28-04-2025 13:00,Maharashtra,Nashik,34.35,6.59,5.02,29,0,1.0,1,2478.0,-0.27,Severe
28-04-2025 14:00,Uttar Pradesh,Gorakhpur,11.72,5.74,6.26,25,1,1.0,4,1844.0,0.71,Severe
28-04-2025 15:00,Assam,Dibrugarh,59.63,4.09,6.53,48,5,0.0,6,2274.0,-0.28,Severe
28-04-2025 16:00,Karnataka,Bengaluru,26.1,5.99,5.83,33,0,0.0,8,2852.0,0.93,Severe
28-04-2025 17:00,Uttar Pradesh,Varanasi,28.65,6.2,5.16,47,1,0.0,2,959.0,0.31,Severe
28-04-2025 18:00,Uttar Pradesh,Prayagraj,9.72,5.68,5.84,30,0,0.0,2,894.0,0.72,Severe
28-04-2025 19:00,Maharashtra,Kolhapur,70.1,2.64,6.59,42,4,0.0,6,2612.0,-0.63,Severe
28-04-2025 20:00,Maharashtra,Pune,41.12,5.05,6.7,45,2,2.0,8,1800.0,0.33,Severe
28-04-2025 21:00,Bihar,Darbhanga,42.16,8.07,4.09,27,4,1.0,8,2310.0,0.34,Severe
28-04-2025 22:00,Kerala,Kozhikode,12.21,7.95,4.37,30,0,2.0,2,1469.0,-0.01,Severe
28-04-2025 23:00,Uttar Pradesh,Prayagraj,6.94,7.01,4.01,30,5,1.0,4,2602.0,0.7,Severe
29-04-2025 00:00,West Bengal,Darjeeling,18.69,6.58,5.48,26,1,1.0,2,2444.0,0.1,Severe
29-04-2025 01:00,Uttar Pradesh,Prayagraj,25.61,2.23,5.31,34,0,1.0,6,1583.0,-0.01,Moderate
29-04-2025 02:00,Bihar,Patna,18.24,4.68,5.64,26,0,0.0,5,835.0,0.2,Moderate
29-04-2025 03:00,Odisha,Bhubaneswar,104.02124999999998,1.89,6.05,54,0,2.5,3,3333.0,0.74,Severe
29-04-2025 04:00,Tamil Nadu,Madurai,71.32,7.54,5.1,58,3,2.5,8,2716.0,0.46,Severe
29-04-2025 05:00,Karnataka,Mysuru,34.98,3.33,4.63,41,0,2.0,4,2250.0,0.51,Severe
29-04-2025 06:00,Kerala,Thrissur,19.87,7.13,5.18,36,1,0.0,7,2453.0,0.66,Severe
29-04-2025 07:00,Assam,Jorhat,14.27,7.52,4.03,29,2,2.0,4,1637.0,0.26,Severe
29-04-2025 08:00,Assam,Dhemaji,33.86,8.14,6.49,44,0,0.0,5,2889.0,0.77,Severe
29-04-2025 09:00,Assam,Guwahati,43.09,7.03,5.15,35,2,1.0,1,3484.0,0.5,Severe
29-04-2025 10:00,Maharashtra,Pune,24.58,5.52,5.87,27,1,1.0,6,1620.0,0.69,Severe
29-04-2025 11:00,Assam,Dibrugarh,47.44,5.79,4.97,46,1,2.0,4,2403.0,0.04,Severe
29-04-2025 12:00,Karnataka,Udupi,23.13,3.56,5.84,34,0,1.0,3,1251.0,0.39,Moderate
29-04-2025 13:00,Tamil Nadu,Chennai,14.13,2.42,5.62,32,0,0.0,5,1371.0,0.73,Moderate
29-04-2025 14:00,Assam,Dhemaji,47.52,2.05,4.63,39,2,1.0,1,3220.0,1.09,Severe
29-04-2025 15:00,Uttar Pradesh,Kanpur,6.68,2.46,5.88,31,2,0.0,8,1130.0,0.78,Moderate
29-04-2025 16:00,Uttar Pradesh,Lucknow,10.29,8.47,4.33,24,0,1.0,6,1840.0,0.79,Severe
29-04-2025 17:00,Maharashtra,Pune,16.32,2.32,5.44,33,1,0.0,4,1563.0,-0.28,Moderate
29-04-2025 18:00,Karnataka,Kodagu,21.74,6.79,6.16,31,3,1.0,6,1973.0,0.23,Severe
29-04-2025 19:00,Tamil Nadu,Chennai,54.92,2.48,5.65,49,1,1.0,1,2423.0,0.6,Severe
29-04-2025 20:00,Kerala,Alappuzha,9.76,8.8,6.24,28,0,1.0,3,2343.0,-0.2,Severe
29-04-2025 21:00,Bihar,Bhagalpur,28.74,3.93,4.82,37,0,0.0,2,2145.0,0.53,Moderate
29-04-2025 22:00,Tamil Nadu,Tiruppur,43.46,4.3,4.15,35,0,1.0,5,1672.0,0.2,Severe
29-04-2025 23:00,Bihar,Patna,40.96,4.24,4.17,30,0,0.0,8,2321.0,0.22,Severe
30-04-2025 00:00,Odisha,Balasore,54.93,7.53,4.81,40,3,1.0,3,2454.0,0.38,Severe
30-04-2025 01:00,Bihar,Darbhanga,29.38,2.75,5.22,39,1,0.0,6,1120.0,0.51,Moderate
30-04-2025 02:00,West Bengal,Kolkata,21.18,7.65,5.61,29,0,1.0,2,2790.0,0.68,Severe
30-04-2025 03:00,Uttar Pradesh,Gorakhpur,78.43,6.26,6.27,55,0,0.0,2,4171.0,-0.13,Severe
30-04-2025 04:00,Karnataka,Bengaluru,20.53,2.76,6.52,25,1,0.0,3,1781.0,0.78,Moderate
30-04-2025 05:00,Gujarat,Vadodara,18.32,1.52,6.08,20,1,2.5,3,1440.0,0.63,Moderate
30-04-2025 06:00,Maharashtra,Kolhapur,17.26,7.2,5.39,22,1,0.0,3,2046.0,0.24,Severe
30-04-2025 07:00,West Bengal,Malda,16.74,2.75,4.79,42,2,0.0,7,1669.0,0.78,Severe
30-04-2025 08:00,Bihar,Muzaffarpur,90.36,8.11,5.28,51,5,2.5,6,3946.0,-0.4,Severe
30-04-2025 09:00,Assam,Dhemaji,100.0,2.04,4.82,42,3,0.0,6,2586.0,0.42,Severe
30-04-2025 10:00,Karnataka,Bengaluru,59.45,5.93,5.87,54,0,1.0,3,3052.0,0.1,Severe
30-04-2025 11:00,West Bengal,Howrah,48.8,6.54,6.45,41,1,0.0,6,1789.0,-0.12,Severe
30-04-2025 12:00,Maharashtra,Pune,18.35,6.26,5.55,30,1,0.0,3,891.0,-0.32,Severe
30-04-2025 13:00,Uttar Pradesh,Kanpur,24.29,3.53,4.14,35,1,1.0,3,1668.0,0.63,Severe
30-04-2025 14:00,Karnataka,Kodagu,8.54,8.0,6.82,34,0,0.0,4,2422.0,0.58,Severe
30-04-2025 15:00,Maharashtra,Nashik,28.91,7.16,4.88,35,2,1.0,7,2532.0,0.89,Severe
30-04-2025 16:00,Odisha,Cuttack,11.3,5.08,6.74,23,1,0.0,4,1775.0,0.65,Severe
30-04-2025 17:00,Odisha,Puri,38.95,5.83,6.44,35,1,0.0,5,1877.0,0.22,Severe
30-04-2025 18:00,Maharashtra,Nagpur,19.51,5.53,5.24,33,0,1.0,3,1826.0,1.57,Severe
30-04-2025 19:00,West Bengal,Howrah,41.26,8.57,4.17,45,4,0.0,4,3009.0,0.81,Severe
30-04-2025 20:00,Karnataka,Udupi,16.98,8.17,6.84,34,1,1.0,8,2229.0,-0.17,Severe
30-04-2025 21:00,West Bengal,Kolkata,7.16,2.88,5.98,25,3,1.0,2,1073.0,0.29,Moderate
30-04-2025 22:00,Kerala,Kottayam,14.77,3.1,4.75,31,1,0.0,3,915.0,0.45,Moderate
30-04-2025 23:00,Bihar,Muzaffarpur,43.77,8.85,5.6,40,1,0.0,3,3359.0,0.23,Severe
01-05-2025 00:00,Kerala,Alappuzha,45.73,2.89,5.91,47,2,1.0,8,2381.0,1.27,Severe
01-05-2025 01:00,Odisha,Puri,42.63,8.63,4.68,25,2,1.0,4,2785.0,0.22,Severe
01-05-2025 02:00,Uttar Pradesh,Kanpur,38.59,6.2,4.28,40,2,0.0,5,2388.0,0.18,Severe
01-05-2025 03:00,Tamil Nadu,Chennai,34.99,1.4,4.8,30,0,1.0,1,2481.0,0.68,Moderate
01-05-2025 04:00,Bihar,Gaya,52.74,3.69,4.14,46,1,2.0,3,2506.0,0.4,Severe
01-05-2025 05:00,Odisha,Kendrapara,3.14,4.81,4.21,34,1,0.0,4,887.0,0.25,Severe
01-05-2025 06:00,West Bengal,Kolkata,87.69,7.66,4.47,56,2,2.0,4,4429.0,1.32,Severe
01-05-2025 07:00,West Bengal,Darjeeling,28.33,3.63,4.48,43,0,0.0,1,1718.0,1.04,Moderate
01-05-2025 08:00,West Bengal,Howrah,53.0,3.48,4.74,35,2,0.0,7,1576.0,-0.28,Severe
01-05-2025 09:00,Uttar Pradesh,Lucknow,32.91,8.36,6.81,25,2,0.0,2,3122.0,1.19,Severe
01-05-2025 10:00,Kerala,Kochi,19.2,1.63,5.73,27,0,0.0,7,1219.0,0.27,Moderate
01-05-2025 11:00,Tamil Nadu,Coimbatore,26.73,5.41,5.27,40,0,0.0,2,1879.0,0.86,Severe
01-05-2025 12:00,West Bengal,Darjeeling,14.08,5.03,5.69,26,2,0.0,7,1714.0,1.24,Severe
01-05-2025 13:00,Gujarat,Ahmedabad,16.13,1.46,4.02,29,1,1.0,5,1074.0,0.71,Moderate
01-05-2025 14:00,Bihar,Darbhanga,47.2,1.7,6.68,42,1,0.0,4,1561.0,1.38,Severe
01-05-2025 15:00,Karnataka,Bengaluru,39.14,4.06,5.6,43,1,1.0,5,2427.0,0.73,Severe
01-05-2025 16:00,Gujarat,Ahmedabad,6.39,2.07,5.35,25,3,0.0,3,1034.0,0.63,Moderate
01-05-2025 17:00,Tamil Nadu,Thanjavur,16.67,4.82,6.82,22,0,0.0,3,1713.0,0.8,Severe
01-05-2025 18:00,Uttar Pradesh,Kanpur,28.23,5.87,6.19,38,0,1.0,2,2176.0,-0.21,Severe
01-05-2025 19:00,Tamil Nadu,Tiruppur,33.05,6.53,5.01,39,1,1.0,0,2354.0,0.26,Severe
01-05-2025 20:00,Karnataka,Mangaluru,104.02124999999998,5.37,6.81,62,1,0.0,3,4153.0,-0.13,Severe
01-05-2025 21:00,Bihar,Darbhanga,38.39,4.04,6.56,41,0,0.0,7,2573.0,0.27,Severe
01-05-2025 22:00,Karnataka,Kodagu,5.43,2.04,6.86,23,2,2.0,5,1320.0,0.55,Moderate
01-05-2025 23:00,Maharashtra,Pune,34.31,2.98,4.29,33,1,0.0,3,2460.0,0.28,Moderate
02-05-2025 00:00,Bihar,Darbhanga,11.56,4.36,6.87,43,2,1.0,3,1547.0,0.29,Severe
02-05-2025 01:00,Tamil Nadu,Tiruppur,29.23,8.39,5.63,42,1,0.0,6,2637.0,-0.26,Severe
02-05-2025 02:00,West Bengal,Darjeeling,104.02124999999998,2.62,6.02,57,2,1.0,3,3499.0,0.11,Severe
02-05-2025 03:00,Tamil Nadu,Chennai,23.15,4.31,4.64,33,0,0.0,4,1057.0,1.1,Severe
02-05-2025 04:00,Tamil Nadu,Madurai,61.24,6.86,4.42,40,3,1.0,4,2914.0,0.1,Severe
02-05-2025 05:00,Bihar,Muzaffarpur,34.03,6.64,4.24,38,0,1.0,7,2866.0,0.19,Severe
02-05-2025 06:00,Maharashtra,Nashik,85.07,8.72,5.27,54,4,1.0,5,3793.0,0.45,Severe
02-05-2025 07:00,Tamil Nadu,Tiruppur,49.39,2.53,4.66,42,0,0.0,2,2439.0,0.52,Moderate
02-05-2025 08:00,Gujarat,Surat,66.51,1.13,4.24,50,4,2.5,7,1710.0,0.29,Severe
02-05-2025 09:00,Odisha,Cuttack,43.4,3.58,6.87,41,2,1.0,1,1747.0,-0.28,Severe
02-05-2025 10:00,Assam,Dhemaji,22.91,2.2,6.2,39,2,0.0,4,1975.0,0.59,Moderate
02-05-2025 11:00,Assam,Guwahati,78.78,5.39,5.55,52,1,0.0,2,3724.0,1.21,Severe
02-05-2025 12:00,Tamil Nadu,Coimbatore,40.12,8.19,6.23,38,1,2.0,1,2181.0,1.18,Severe
02-05-2025 13:00,Gujarat,Vadodara,24.08,6.51,5.83,35,2,2.0,2,2137.0,0.03,Severe
02-05-2025 14:00,West Bengal,Darjeeling,19.21,2.09,4.53,42,0,2.0,1,867.0,0.53,Moderate
02-05-2025 15:00,Uttar Pradesh,Gorakhpur,41.1,1.93,5.9,48,1,1.0,8,1947.0,1.49,Severe
02-05-2025 16:00,Uttar Pradesh,Lucknow,70.19,8.29,6.04,61,3,2.0,7,3973.0,0.35,Severe
02-05-2025 17:00,Bihar,Muzaffarpur,45.98,4.9,4.71,31,1,0.0,6,3037.0,0.46,Severe
02-05-2025 18:00,Assam,Barpeta,25.5,8.39,4.96,28,1,0.0,6,2095.0,-0.32,Severe
02-05-2025 19:00,Tamil Nadu,Coimbatore,44.79,6.89,5.15,50,1,0.0,1,1989.0,0.82,Severe
02-05-2025 20:00,Uttar Pradesh,Varanasi,57.27,8.95,5.81,51,4,0.0,3,2914.0,0.48,Severe
02-05-2025 21:00,Tamil Nadu,Chennai,8.18,7.97,4.38,27,0,1.0,4,1695.0,-0.05,Severe
02-05-2025 22:00,Bihar,Darbhanga,11.67,4.31,6.23,25,0,1.0,6,2532.0,0.66,Severe
02-05-2025 23:00,Assam,Guwahati,53.76,7.07,5.04,44,1,0.0,1,2395.0,0.79,Severe
03-05-2025 00:00,Karnataka,Udupi,11.25,4.77,6.08,33,1,1.0,6,1713.0,0.04,Severe
03-05-2025 01:00,Odisha,Puri,29.2,2.86,6.8,30,2,0.0,8,2093.0,-0.4,Moderate
03-05-2025 02:00,Odisha,Cuttack,36.52,2.93,6.61,32,0,0.0,4,1772.0,0.41,Moderate
03-05-2025 03:00,Uttar Pradesh,Kanpur,15.0,4.18,6.21,31,0,2.5,6,1306.0,0.66,Severe
03-05-2025 04:00,Odisha,Kendrapara,30.08,1.89,4.58,44,1,0.0,8,2161.0,0.47,Moderate
03-05-2025 05:00,Karnataka,Bengaluru,36.9,2.42,6.2,41,0,0.0,2,1644.0,0.87,Moderate
03-05-2025 06:00,Tamil Nadu,Thanjavur,72.23,5.0,5.91,47,0,0.0,3,2733.0,-0.42,Severe
03-05-2025 07:00,Bihar,Darbhanga,67.41,8.63,6.32,60,1,2.0,2,3190.0,-0.11,Severe
03-05-2025 08:00,Karnataka,Bengaluru,40.98,5.62,6.61,42,0,1.0,4,2710.0,0.45,Severe
03-05-2025 09:00,Bihar,Patna,21.21,4.27,4.93,46,0,0.0,5,1574.0,-0.35,Moderate
03-05-2025 10:00,Bihar,Gaya,68.35,2.94,5.93,50,1,1.0,5,2954.0,0.01,Severe
03-05-2025 11:00,Assam,Barpeta,69.87,2.57,4.83,41,1,2.0,1,2515.0,0.11,Severe
03-05-2025 12:00,Tamil Nadu,Coimbatore,18.89,6.27,5.04,30,0,0.0,5,2473.0,0.81,Severe
03-05-2025 13:00,Gujarat,Surat,38.53,7.79,5.56,23,1,0.0,2,3346.0,0.94,Severe
03-05-2025 14:00,Odisha,Bhubaneswar,24.1,4.19,5.3,33,1,2.0,1,1810.0,0.68,Severe
03-05-2025 15:00,Gujarat,Ahmedabad,41.97,5.41,5.8,48,3,0.0,6,2146.0,1.19,Severe
03-05-2025 16:00,Assam,Barpeta,17.78,6.65,6.28,31,2,0.0,2,1381.0,0.98,Severe
03-05-2025 17:00,Bihar,Darbhanga,56.85,1.47,5.82,43,1,2.0,8,2384.0,0.71,Severe
03-05-2025 18:00,Uttar Pradesh,Lucknow,42.15,3.81,6.91,40,0,0.0,3,2094.0,0.69,Severe
03-05-2025 19:00,Odisha,Balasore,17.81,6.84,6.21,34,2,0.0,7,2133.0,0.09,Severe
03-05-2025 20:00,Odisha,Cuttack,53.63,6.48,6.96,43,2,1.0,5,2538.0,-0.28,Severe
03-05-2025 21:00,Tamil Nadu,Thanjavur,21.07,1.43,6.23,42,1,0.0,3,831.0,0.03,Low
03-05-2025 22:00,Maharashtra,Pune,6.56,2.9,5.52,24,0,0.0,4,1446.0,0.73,Moderate
03-05-2025 23:00,Kerala,Kottayam,14.77,6.44,5.23,30,0,0.0,4,1903.0,0.21,Severe
04-05-2025 00:00,Kerala,Kozhikode,60.99,3.17,6.21,51,4,0.0,4,2800.0,0.63,Severe
04-05-2025 01:00,Kerala,Kochi,91.45,7.52,6.06,51,3,1.0,5,4592.375,-0.47,Severe
04-05-2025 02:00,Maharashtra,Pune,92.88,1.24,6.01,66,5,0.0,4,3360.0,0.59,Severe
04-05-2025 03:00,Tamil Nadu,Madurai,22.09,2.52,6.17,32,2,0.0,7,2673.0,-0.03,Moderate
04-05-2025 04:00,Maharashtra,Kolhapur,29.17,3.25,6.62,32,0,1.0,2,2021.0,0.02,Moderate
04-05-2025 05:00,Kerala,Alappuzha,24.47,8.4,4.68,29,1,2.0,5,2965.0,1.1,Severe
04-05-2025 06:00,Assam,Guwahati,33.24,7.37,5.69,38,2,0.0,4,2602.0,1.32,Severe
04-05-2025 07:00,Karnataka,Bengaluru,10.86,8.07,5.81,33,0,2.0,4,1356.0,-0.13,Severe
04-05-2025 08:00,Bihar,Gaya,22.57,4.52,4.88,28,1,0.0,5,2190.0,0.25,Severe
04-05-2025 09:00,Maharashtra,Kolhapur,38.62,7.58,6.96,30,1,0.0,6,2543.0,0.29,Severe
04-05-2025 10:00,Tamil Nadu,Chennai,61.19,7.83,6.36,45,1,1.0,2,2926.0,0.68,Severe
04-05-2025 11:00,Tamil Nadu,Coimbatore,40.98,4.2,4.96,31,1,1.0,6,1562.0,0.14,Severe
04-05-2025 12:00,Gujarat,Surat,28.21,8.96,5.08,29,1,0.0,5,2880.0,-0.01,Severe
04-05-2025 13:00,Karnataka,Mysuru,15.09,7.81,6.15,43,0,2.5,3,2314.0,0.48,Severe
04-05-2025 14:00,Uttar Pradesh,Kanpur,63.59,8.79,4.03,44,1,1.0,4,3382.0,0.39,Severe
04-05-2025 15:00,Odisha,Bhubaneswar,9.55,7.93,5.39,23,0,0.0,7,2326.0,0.74,Severe
04-05-2025 16:00,Kerala,Kozhikode,11.5,7.21,5.03,21,0,1.0,7,2491.0,0.04,Severe
04-05-2025 17:00,Uttar Pradesh,Prayagraj,49.95,8.55,6.56,46,2,0.0,4,3419.0,0.26,Severe
04-05-2025 18:00,Gujarat,Ahmedabad,54.62,4.36,6.37,45,1,1.0,6,3072.0,0.7,Severe
04-05-2025 19:00,Kerala,Kozhikode,2.91,7.27,5.0,22,1,0.0,4,1546.0,0.32,Severe
04-05-2025 20:00,Karnataka,Bengaluru,28.39,2.7,6.59,27,1,0.0,4,1796.0,-0.41,Moderate
04-05-2025 21:00,Gujarat,Vadodara,5.46,6.86,6.74,28,0,2.0,5,2239.0,1.08,Severe
04-05-2025 22:00,Kerala,Thrissur,29.68,7.28,5.66,43,3,1.0,3,2409.0,0.31,Severe
04-05-2025 23:00,Karnataka,Mysuru,25.28,6.73,4.48,25,2,0.0,8,1863.0,0.32,Severe
05-05-2025 00:00,West Bengal,Darjeeling,79.36,7.8,6.31,47,3,1.0,3,3356.0,1.49,Severe
05-05-2025 01:00,Uttar Pradesh,Prayagraj,45.16,4.31,4.96,35,3,0.0,3,1866.0,1.3,Severe
05-05-2025 02:00,Uttar Pradesh,Prayagraj,46.16,5.36,5.58,40,1,1.0,2,2464.0,0.78,Severe
05-05-2025 03:00,Odisha,Bhubaneswar,71.17,1.09,4.14,57,0,1.0,0,3346.0,-0.14,Moderate
05-05-2025 04:00,Karnataka,Bengaluru,72.88,2.17,5.5,47,3,0.0,4,2475.0,0.97,Severe
05-05-2025 05:00,Maharashtra,Pune,37.05,6.15,5.14,39,0,0.0,3,2131.0,-0.45,Severe
05-05-2025 06:00,West Bengal,Kolkata,20.6,5.5,6.06,39,2,1.0,5,2625.0,0.41,Severe
05-05-2025 07:00,Assam,Barpeta,59.02,2.58,4.12,56,2,0.0,2,1409.0,0.14,Moderate
05-05-2025 08:00,Kerala,Kozhikode,57.12,2.95,5.87,54,1,0.0,4,1259.0,0.03,Moderate
05-05-2025 09:00,West Bengal,Darjeeling,49.63,3.75,6.32,48,0,2.0,2,2443.0,0.45,Severe
05-05-2025 10:00,Karnataka,Udupi,36.94,6.73,4.04,46,1,1.0,7,2592.0,0.63,Severe
05-05-2025 11:00,Bihar,Muzaffarpur,29.47,5.88,6.25,39,2,1.0,4,2606.0,0.7,Severe
05-05-2025 12:00,Kerala,Kochi,73.02,1.56,4.39,57,2,1.0,3,3215.0,0.31,Severe
05-05-2025 13:00,Tamil Nadu,Chennai,25.22,7.08,6.09,37,0,1.0,4,2298.0,0.26,Severe
05-05-2025 14:00,Uttar Pradesh,Kanpur,19.85,3.1,5.37,27,2,0.0,8,566.0,0.73,Moderate
05-05-2025 15:00,Karnataka,Mangaluru,28.12,6.37,5.66,41,0,0.0,1,2599.0,0.75,Severe
05-05-2025 16:00,Tamil Nadu,Tiruppur,17.45,1.99,5.01,28,0,0.0,3,320.0,0.41,Low
05-05-2025 17:00,Odisha,Puri,57.29,8.98,4.74,50,5,1.0,2,3331.0,-0.04,Severe
05-05-2025 18:00,Gujarat,Surat,36.97,1.64,4.21,37,1,1.0,2,2089.0,-0.41,Moderate
05-05-2025 19:00,Assam,Dhemaji,5.84,6.93,6.59,28,0,1.0,1,1685.0,0.65,Severe
05-05-2025 20:00,Assam,Barpeta,45.28,5.33,5.83,42,3,2.0,8,2499.0,0.79,Severe
05-05-2025 21:00,Tamil Nadu,Coimbatore,28.82,1.69,6.95,27,1,0.0,1,1615.0,0.26,Moderate
05-05-2025 22:00,Uttar Pradesh,Prayagraj,33.94,1.21,6.55,46,3,0.0,3,921.0,0.52,Moderate
05-05-2025 23:00,Odisha,Balasore,40.18,3.9,6.61,49,0,0.0,7,2027.0,0.94,Severe
06-05-2025 00:00,Bihar,Gaya,22.99,7.42,5.79,35,2,0.0,2,3074.0,1.25,Severe
06-05-2025 01:00,Uttar Pradesh,Varanasi,19.69,1.33,4.24,24,1,0.0,7,1253.0,0.17,Moderate
06-05-2025 02:00,West Bengal,Malda,49.74,6.64,6.74,39,0,1.0,2,2522.0,0.31,Severe
06-05-2025 03:00,Assam,Dibrugarh,12.75,6.24,4.35,32,1,0.0,2,2455.0,0.55,Severe
06-05-2025 04:00,West Bengal,Kolkata,15.87,3.12,5.55,33,1,2.0,5,2234.0,-0.2,Severe
06-05-2025 05:00,Kerala,Kottayam,18.73,1.62,6.57,23,1,0.0,6,522.0,-0.61,Low
06-05-2025 06:00,Maharashtra,Nagpur,62.97,8.32,5.42,44,5,0.0,2,2871.0,-0.25,Severe
06-05-2025 07:00,Karnataka,Mangaluru,74.89,3.4,4.5,43,4,0.0,3,2416.0,0.23,Severe
06-05-2025 08:00,Odisha,Kendrapara,18.6,1.89,5.12,30,0,0.0,4,1762.0,0.02,Low
06-05-2025 09:00,Uttar Pradesh,Gorakhpur,16.12,6.45,6.97,20,0,0.0,5,1843.0,-0.02,Severe
06-05-2025 10:00,Assam,Dhemaji,36.67,2.73,7.0,33,0,1.0,4,2038.0,0.37,Moderate
06-05-2025 11:00,West Bengal,Darjeeling,28.79,4.81,6.13,36,0,0.0,5,1974.0,0.34,Severe
06-05-2025 12:00,Gujarat,Rajkot,57.98,1.4,6.66,43,1,0.0,5,2799.0,0.01,Moderate
06-05-2025 13:00,Kerala,Thrissur,47.12,8.94,4.13,40,2,1.0,6,2706.0,-0.38,Severe
06-05-2025 14:00,Karnataka,Bengaluru,96.26,4.58,4.83,47,3,2.5,1,3189.0,0.53,Severe
06-05-2025 15:00,Karnataka,Udupi,16.73,8.99,5.11,24,1,0.0,5,2136.0,0.82,Severe
06-05-2025 16:00,Uttar Pradesh,Lucknow,57.4,4.09,4.04,46,1,1.0,5,2332.0,0.07,Severe
06-05-2025 17:00,Odisha,Kendrapara,25.27,3.78,5.13,33,1,0.0,3,1621.0,0.18,Moderate
06-05-2025 18:00,Bihar,Muzaffarpur,15.33,8.32,4.28,31,0,1.0,4,1744.0,0.72,Severe
06-05-2025 19:00,Gujarat,Rajkot,24.95,3.64,5.55,37,0,0.0,0,2992.0,0.82,Moderate
06-05-2025 20:00,Uttar Pradesh,Lucknow,26.95,4.46,4.01,36,0,0.0,2,1304.0,0.14,Moderate
06-05-2025 21:00,West Bengal,Howrah,70.56,1.62,4.81,55,3,1.0,4,1626.0,0.3,Severe
06-05-2025 22:00,Maharashtra,Nashik,8.96,8.64,6.6,35,3,0.0,4,2322.0,1.01,Severe
06-05-2025 23:00,Tamil Nadu,Chennai,19.04,1.68,4.64,26,1,0.0,4,1036.0,0.74,Moderate
07-05-2025 00:00,Bihar,Patna,35.47,7.17,4.19,34,2,2.0,1,2853.0,-0.16,Severe
07-05-2025 01:00,Odisha,Bhubaneswar,14.5,5.31,4.75,22,0,0.0,3,790.0,-0.42,Moderate
07-05-2025 02:00,Kerala,Kozhikode,90.33,1.49,6.48,64,3,1.0,3,3363.0,0.23,Severe
07-05-2025 03:00,Bihar,Patna,99.34,1.01,5.76,65,2,2.0,7,3217.0,-0.08,Severe
07-05-2025 04:00,Assam,Jorhat,33.5,8.48,5.76,35,0,0.0,1,2851.0,0.56,Severe
07-05-2025 05:00,Odisha,Puri,49.86,6.94,4.0,42,5,0.0,4,2270.0,0.67,Severe
07-05-2025 06:00,Maharashtra,Mumbai,81.12,6.49,5.42,41,2,2.0,5,3208.0,0.47,Severe
07-05-2025 07:00,Assam,Dibrugarh,30.25,4.51,4.8,41,1,0.0,3,2649.0,-0.01,Severe
07-05-2025 08:00,Bihar,Bhagalpur,47.9,2.91,5.01,40,1,0.0,4,2082.0,-0.22,Moderate
07-05-2025 09:00,Tamil Nadu,Coimbatore,13.04,6.44,5.8,37,2,0.0,2,1551.0,0.65,Severe
07-05-2025 10:00,Tamil Nadu,Madurai,6.08,5.87,6.62,19,0,0.0,2,2054.0,0.72,Severe
07-05-2025 11:00,Maharashtra,Nashik,61.9,6.81,4.54,50,0,0.0,5,2480.0,0.85,Severe
07-05-2025 12:00,Karnataka,Mysuru,31.63,3.93,6.3,39,1,0.0,4,1923.0,0.22,Moderate
07-05-2025 13:00,Gujarat,Ahmedabad,97.48,8.9,4.15,66,1,1.0,4,3770.0,0.31,Severe
07-05-2025 14:00,Kerala,Kozhikode,21.46,1.54,4.98,35,1,0.0,4,2523.0,0.72,Moderate
07-05-2025 15:00,Karnataka,Udupi,12.12,1.64,4.66,35,0,1.0,7,1011.0,0.36,Moderate
07-05-2025 16:00,Tamil Nadu,Thanjavur,57.95,8.34,6.75,43,0,1.0,3,3645.0,0.09,Severe
07-05-2025 17:00,Tamil Nadu,Chennai,92.53,6.18,4.53,55,1,0.0,6,3051.0,-0.03,Severe
07-05-2025 18:00,West Bengal,Darjeeling,13.16,3.61,5.74,26,1,2.0,5,2076.0,0.67,Severe
07-05-2025 19:00,Assam,Barpeta,16.57,7.1,4.49,22,1,0.0,5,1647.0,0.22,Severe
07-05-2025 20:00,Bihar,Muzaffarpur,79.12,4.62,5.42,47,2,2.5,5,2976.0,0.11,Severe
07-05-2025 21:00,Kerala,Kozhikode,104.02124999999998,1.17,5.24,66,2,0.0,5,4592.375,0.55,Severe
07-05-2025 22:00,Maharashtra,Nagpur,48.17,6.21,4.12,37,1,2.0,3,2846.0,0.03,Severe
07-05-2025 23:00,Bihar,Gaya,20.01,2.94,6.48,36,0,0.0,5,2021.0,0.09,Moderate
08-05-2025 00:00,West Bengal,Darjeeling,74.66,1.92,6.34,59,5,0.0,4,1611.0,0.37,Severe
08-05-2025 01:00,Tamil Nadu,Coimbatore,27.34,2.8,4.83,27,0,0.0,3,1114.0,0.14,Moderate
08-05-2025 02:00,Maharashtra,Kolhapur,20.51,4.81,5.84,28,1,0.0,2,1847.0,0.99,Severe
08-05-2025 03:00,Tamil Nadu,Tiruppur,22.91,1.4,5.09,32,0,0.0,5,1605.0,0.59,Moderate
08-05-2025 04:00,Kerala,Kottayam,53.07,8.07,6.31,40,2,1.0,3,2825.0,0.41,Severe
08-05-2025 05:00,Assam,Jorhat,34.81,5.48,6.08,40,2,0.0,4,1113.0,0.98,Severe
08-05-2025 06:00,Bihar,Muzaffarpur,46.34,3.34,4.27,34,0,2.0,2,2042.0,0.39,Severe
08-05-2025 07:00,Bihar,Gaya,59.03,6.5,6.53,48,1,0.0,4,2958.0,0.84,Severe
08-05-2025 08:00,Karnataka,Udupi,28.42,7.43,4.54,44,1,1.0,3,1933.0,-0.1,Severe
08-05-2025 09:00,Maharashtra,Mumbai,64.04,5.91,4.52,54,1,0.0,5,3442.0,0.07,Severe
08-05-2025 10:00,Gujarat,Bharuch,33.91,2.62,6.2,32,1,0.0,5,2719.0,-0.08,Moderate
08-05-2025 11:00,West Bengal,Darjeeling,23.17,1.88,4.55,38,1,1.0,4,1013.0,0.58,Moderate
08-05-2025 12:00,Gujarat,Vadodara,9.87,7.88,4.37,26,2,0.0,8,2380.0,-0.35,Severe
08-05-2025 13:00,Karnataka,Mangaluru,27.54,2.88,5.01,42,1,0.0,5,1673.0,0.49,Moderate
08-05-2025 14:00,Kerala,Alappuzha,84.44,1.16,6.52,47,4,1.0,7,2484.0,0.13,Severe
08-05-2025 15:00,West Bengal,Darjeeling,57.05,6.14,4.53,56,1,0.0,1,2520.0,0.41,Severe
08-05-2025 16:00,Assam,Dhemaji,46.13,2.22,5.02,38,1,0.0,6,1709.0,0.34,Moderate
08-05-2025 17:00,Gujarat,Rajkot,14.15,8.93,4.86,28,2,0.0,4,2434.0,0.6,Severe
08-05-2025 18:00,Assam,Barpeta,22.6,7.96,5.07,32,1,1.0,5,3320.0,1.36,Severe
08-05-2025 19:00,Gujarat,Vadodara,51.91,5.87,6.14,41,1,0.0,6,2880.0,1.26,Severe
08-05-2025 20:00,Assam,Dhemaji,60.69,7.67,5.22,46,1,1.0,4,3432.0,0.72,Severe
08-05-2025 21:00,Gujarat,Ahmedabad,57.92,4.76,6.28,44,1,0.0,3,1723.0,0.2,Severe
08-05-2025 22:00,Assam,Jorhat,40.21,7.31,5.92,35,1,1.0,5,2368.0,0.43,Severe
08-05-2025 23:00,Karnataka,Udupi,18.31,6.17,5.08,31,0,0.0,4,1897.0,0.17,Severe
09-05-2025 00:00,Odisha,Cuttack,60.78,1.23,5.3,46,2,2.0,3,2291.0,0.02,Severe
09-05-2025 01:00,West Bengal,Malda,22.47,8.59,6.11,40,0,2.0,4,2718.0,-0.53,Severe
09-05-2025 02:00,Maharashtra,Pune,61.33,7.89,5.6,47,2,1.0,0,2649.0,0.25,Severe
09-05-2025 03:00,Kerala,Kottayam,27.58,8.63,6.61,32,2,0.0,3,2608.0,0.47,Severe
09-05-2025 04:00,Uttar Pradesh,Kanpur,94.37,6.85,6.8,57,1,0.0,6,4260.0,0.63,Severe
09-05-2025 05:00,Tamil Nadu,Thanjavur,25.47,4.3,6.15,31,3,0.0,7,1028.0,0.4,Severe
09-05-2025 06:00,Maharashtra,Pune,25.1,2.66,6.97,37,2,0.0,1,1435.0,0.04,Moderate
09-05-2025 07:00,Tamil Nadu,Tiruppur,31.85,2.44,5.79,29,1,1.0,4,1178.0,0.13,Moderate
09-05-2025 08:00,West Bengal,Howrah,18.53,2.16,4.12,25,1,0.0,6,1853.0,0.77,Moderate
09-05-2025 09:00,Maharashtra,Nashik,15.95,2.76,5.51,33,2,0.0,4,2251.0,-0.42,Moderate
09-05-2025 10:00,Assam,Jorhat,18.03,5.41,4.69,35,0,0.0,5,1403.0,0.12,Severe
09-05-2025 11:00,Assam,Guwahati,77.28,6.47,5.0,40,3,2.0,1,4592.375,0.36,Severe
09-05-2025 12:00,Uttar Pradesh,Varanasi,16.79,3.51,5.47,27,1,0.0,4,1154.0,0.17,Moderate
09-05-2025 13:00,Tamil Nadu,Chennai,25.28,5.39,4.89,27,0,1.0,5,2227.0,-0.33,Severe
09-05-2025 14:00,Kerala,Alappuzha,104.02124999999998,3.73,4.93,66,5,2.0,3,3889.0,0.77,Severe
09-05-2025 15:00,West Bengal,Darjeeling,62.56,6.57,5.21,48,2,0.0,4,2903.0,0.87,Severe
09-05-2025 16:00,Assam,Jorhat,61.85,8.91,4.86,43,2,0.0,3,3226.0,-0.09,Severe
09-05-2025 17:00,Odisha,Kendrapara,104.02124999999998,6.51,4.51,62,4,2.5,2,4343.0,-0.865,Severe
09-05-2025 18:00,Karnataka,Bengaluru,31.21,1.47,6.3,25,1,0.0,6,1357.0,1.25,Moderate
09-05-2025 19:00,Karnataka,Mysuru,6.51,4.82,5.19,19,0,1.0,1,1164.0,0.16,Moderate
09-05-2025 20:00,Gujarat,Surat,58.13,7.16,6.5,48,3,2.5,1,2464.0,-0.09,Severe
09-05-2025 21:00,Kerala,Alappuzha,28.81,5.34,6.65,36,1,0.0,3,2445.0,0.3,Severe
09-05-2025 22:00,Karnataka,Udupi,104.02124999999998,8.61,6.25,52,1,2.5,5,4191.0,0.49,Severe
09-05-2025 23:00,Gujarat,Bharuch,5.69,1.44,5.19,23,2,2.0,5,904.0,0.07,Moderate
10-05-2025 00:00,Tamil Nadu,Chennai,15.95,3.33,6.16,28,1,1.0,4,1142.0,0.41,Moderate
10-05-2025 01:00,Assam,Dhemaji,21.82,2.77,4.47,33,0,0.0,3,1179.0,0.3,Moderate
10-05-2025 02:00,Assam,Guwahati,31.65,7.14,5.98,37,3,1.0,4,2394.0,0.04,Severe
10-05-2025 03:00,Odisha,Kendrapara,11.17,5.19,5.22,23,0,1.0,8,1903.0,-0.38,Severe
10-05-2025 04:00,Maharashtra,Nagpur,43.17,2.11,5.97,35,2,0.0,2,1793.0,0.95,Moderate
10-05-2025 05:00,Karnataka,Udupi,20.89,3.28,6.26,33,1,1.0,6,1054.0,0.6,Severe
10-05-2025 06:00,Tamil Nadu,Chennai,65.3,5.18,5.69,38,1,0.0,8,3349.0,0.0,Severe
10-05-2025 07:00,Bihar,Bhagalpur,80.72,8.97,5.93,52,3,0.0,4,3852.0,0.53,Severe
10-05-2025 08:00,Karnataka,Bengaluru,26.41,3.91,4.64,34,0,0.0,3,1677.0,-0.04,Moderate
10-05-2025 09:00,Kerala,Kottayam,48.1,2.25,5.78,38,4,1.0,8,1593.0,0.33,Severe
10-05-2025 10:00,Maharashtra,Pune,33.71,4.98,5.38,31,2,0.0,3,2202.0,0.62,Severe
10-05-2025 11:00,Karnataka,Mysuru,31.93,3.48,5.28,36,0,0.0,3,2211.0,0.56,Moderate
10-05-2025 12:00,Tamil Nadu,Chennai,10.4,5.53,5.23,24,0,0.0,2,1963.0,0.17,Moderate
10-05-2025 13:00,Karnataka,Mangaluru,30.67,4.73,4.93,25,0,1.0,6,2594.0,0.72,Severe
10-05-2025 14:00,Kerala,Kottayam,61.03,6.52,4.92,45,0,1.0,5,3474.0,0.35,Severe
10-05-2025 15:00,Bihar,Bhagalpur,43.95,8.31,6.1,38,1,0.0,4,2432.0,0.11,Severe
10-05-2025 16:00,West Bengal,Howrah,16.3,2.6,5.67,28,0,2.0,4,1131.0,1.1,Severe
10-05-2025 17:00,Uttar Pradesh,Varanasi,10.48,7.57,4.09,20,3,0.0,3,1693.0,-0.16,Severe
10-05-2025 18:00,Bihar,Muzaffarpur,29.88,8.59,4.15,35,3,0.0,5,2135.0,0.53,Severe
10-05-2025 19:00,Gujarat,Vadodara,18.85,3.99,5.71,38,0,0.0,3,1949.0,0.99,Severe
10-05-2025 20:00,Karnataka,Mangaluru,20.62,1.91,6.54,28,3,0.0,3,1184.0,-0.42,Moderate
10-05-2025 21:00,Assam,Barpeta,19.11,7.58,4.13,39,1,1.0,2,1593.0,1.09,Severe
10-05-2025 22:00,Odisha,Bhubaneswar,34.04,6.61,5.52,35,0,0.0,4,1337.0,1.11,Severe
10-05-2025 23:00,Assam,Jorhat,50.39,2.7,6.55,50,3,0.0,4,2986.0,0.14,Severe
11-05-2025 00:00,Bihar,Patna,18.29,4.56,4.01,36,1,1.0,4,1389.0,0.48,Severe
11-05-2025 01:00,Assam,Jorhat,17.65,5.62,4.83,33,2,2.0,7,1758.0,0.02,Severe
11-05-2025 02:00,Tamil Nadu,Thanjavur,12.11,2.36,6.76,35,0,2.0,1,925.0,-0.02,Moderate
11-05-2025 03:00,Assam,Jorhat,38.1,6.72,4.24,42,0,0.0,2,2151.0,-0.16,Severe
11-05-2025 04:00,Maharashtra,Nagpur,60.06,6.52,5.82,42,0,0.0,7,3729.0,1.11,Severe
11-05-2025 05:00,West Bengal,Kolkata,31.0,8.1,5.52,37,4,0.0,4,2311.0,0.25,Severe
11-05-2025 06:00,Karnataka,Mangaluru,50.56,5.54,4.46,38,0,1.0,4,2486.0,-0.27,Severe
11-05-2025 07:00,Assam,Dibrugarh,71.15,5.59,4.13,55,4,2.0,5,3696.0,0.82,Severe
11-05-2025 08:00,Kerala,Alappuzha,39.86,5.96,5.51,43,1,0.0,3,2360.0,0.65,Severe
11-05-2025 09:00,West Bengal,Darjeeling,16.64,3.19,6.21,28,0,1.0,7,1491.0,0.52,Moderate
11-05-2025 10:00,West Bengal,Howrah,15.17,7.07,4.53,36,1,0.0,2,853.0,0.05,Severe
11-05-2025 11:00,Assam,Dhemaji,17.46,6.3,6.07,36,1,0.0,7,1406.0,0.17,Severe
11-05-2025 12:00,West Bengal,Howrah,101.71,7.71,5.64,57,5,0.0,4,3360.0,1.28,Severe
11-05-2025 13:00,Odisha,Cuttack,104.02124999999998,7.15,5.07,66,1,2.5,6,4592.375,0.52,Severe
11-05-2025 14:00,Assam,Dibrugarh,25.63,6.11,5.99,40,2,2.0,1,1661.0,0.11,Severe
11-05-2025 15:00,Tamil Nadu,Tiruppur,68.86,2.29,4.58,56,3,2.0,1,1835.0,0.68,Severe
11-05-2025 16:00,Bihar,Muzaffarpur,77.02,8.35,5.37,48,2,1.0,7,3308.0,0.73,Severe
11-05-2025 17:00,Maharashtra,Mumbai,10.62,3.94,5.65,30,0,1.0,3,1784.0,1.17,Severe
11-05-2025 18:00,Uttar Pradesh,Kanpur,98.04,8.71,5.38,56,5,1.0,4,4352.0,0.38,Severe
11-05-2025 19:00,Gujarat,Bharuch,28.01,4.21,5.19,32,0,0.0,2,1749.0,0.68,Moderate
11-05-2025 20:00,West Bengal,Malda,26.98,2.17,6.22,30,1,0.0,3,1378.0,0.59,Moderate
11-05-2025 21:00,Tamil Nadu,Tiruppur,12.53,8.08,5.97,31,1,0.0,2,1923.0,0.03,Severe
11-05-2025 22:00,Karnataka,Mysuru,102.14,7.36,5.92,66,3,0.0,2,4073.0,-0.26,Severe
11-05-2025 23:00,Karnataka,Mysuru,35.42,7.29,6.68,26,1,2.0,5,2010.0,0.63,Severe
12-05-2025 00:00,Gujarat,Bharuch,95.68,1.72,6.98,66,3,0.0,6,2289.0,0.66,Severe
12-05-2025 01:00,Maharashtra,Nashik,73.96,8.03,5.7,43,3,0.0,4,3060.0,-0.74,Severe
12-05-2025 02:00,West Bengal,Kolkata,25.98,5.77,5.04,30,0,0.0,2,1148.0,0.59,Severe
12-05-2025 03:00,Odisha,Balasore,36.25,4.76,6.34,33,1,0.0,4,2200.0,0.31,Severe
12-05-2025 04:00,Gujarat,Vadodara,20.32,8.31,4.43,40,2,0.0,7,2344.0,0.55,Severe
12-05-2025 05:00,Maharashtra,Mumbai,22.28,6.33,5.54,39,2,0.0,3,2248.0,0.13,Severe
12-05-2025 06:00,West Bengal,Kolkata,45.67,2.06,5.57,44,2,1.0,4,2377.0,1.0,Severe
12-05-2025 07:00,Tamil Nadu,Madurai,55.91,5.16,6.95,35,3,0.0,1,2994.0,0.81,Severe
12-05-2025 08:00,Bihar,Patna,6.28,6.09,6.97,29,2,0.0,3,1041.0,-0.28,Severe
12-05-2025 09:00,Odisha,Kendrapara,6.47,8.19,6.4,21,1,0.0,2,1779.0,-0.09,Severe
12-05-2025 10:00,Uttar Pradesh,Varanasi,22.76,3.24,5.42,34,2,0.0,0,1482.0,0.38,Moderate
12-05-2025 11:00,Karnataka,Udupi,41.16,7.35,5.64,40,1,0.0,6,2328.0,0.07,Severe
12-05-2025 12:00,Kerala,Kochi,77.87,7.4,4.96,66,2,2.0,5,3212.0,0.84,Severe
12-05-2025 13:00,Tamil Nadu,Coimbatore,35.04,2.02,6.49,40,1,0.0,4,1356.0,-0.11,Moderate
12-05-2025 14:00,Karnataka,Bengaluru,27.89,1.14,6.24,39,1,0.0,2,1278.0,0.83,Moderate
12-05-2025 15:00,Assam,Dhemaji,49.96,5.65,6.31,41,0,1.0,5,3259.0,-0.74,Severe
12-05-2025 16:00,Kerala,Kochi,16.41,7.32,4.42,39,0,0.0,2,2198.0,0.17,Severe
12-05-2025 17:00,Karnataka,Bengaluru,35.67,5.44,5.2,34,1,0.0,8,2516.0,0.97,Severe
12-05-2025 18:00,Maharashtra,Mumbai,30.51,7.51,5.61,32,3,1.0,4,2631.0,0.32,Severe
12-05-2025 19:00,Odisha,Kendrapara,37.65,5.98,4.37,37,0,2.0,1,2368.0,0.36,Severe
12-05-2025 20:00,Karnataka,Bengaluru,71.59,6.23,5.11,48,1,2.0,4,1913.0,0.7,Severe
12-05-2025 21:00,Uttar Pradesh,Kanpur,7.56,1.23,4.26,21,0,0.0,4,1995.0,0.59,Low
12-05-2025 22:00,Bihar,Muzaffarpur,31.76,1.71,6.88,40,1,0.0,3,1536.0,0.3,Moderate
12-05-2025 23:00,Maharashtra,Nagpur,55.76,6.8,6.25,51,2,2.0,2,3310.0,0.94,Severe
13-05-2025 00:00,Tamil Nadu,Coimbatore,47.7,7.1,5.86,61,4,0.0,4,2387.0,0.41,Severe
13-05-2025 01:00,Tamil Nadu,Madurai,8.27,5.34,4.61,25,1,2.0,2,1689.0,0.59,Severe
13-05-2025 02:00,Tamil Nadu,Tiruppur,6.44,5.72,5.0,25,0,0.0,3,1237.0,0.78,Severe
13-05-2025 03:00,Tamil Nadu,Madurai,53.09,5.91,4.43,41,1,2.0,3,3540.0,-0.74,Severe
13-05-2025 04:00,Bihar,Bhagalpur,7.91,1.84,5.61,29,1,0.0,3,338.0,0.03,Low
13-05-2025 05:00,Karnataka,Udupi,36.14,6.34,6.46,40,1,0.0,8,1987.0,0.08,Severe
13-05-2025 06:00,West Bengal,Howrah,68.52,4.83,4.06,53,3,0.0,5,2758.0,0.65,Severe
13-05-2025 07:00,Karnataka,Mangaluru,9.96,5.82,4.31,29,1,1.0,4,1630.0,1.13,Severe
13-05-2025 08:00,Assam,Jorhat,96.01,5.51,4.69,54,2,2.5,5,4089.0,-0.49,Severe
13-05-2025 09:00,Odisha,Balasore,51.9,7.1,6.14,39,0,0.0,3,3322.0,0.16,Severe
13-05-2025 10:00,Kerala,Kottayam,104.02124999999998,3.55,6.68,66,5,2.0,6,4383.0,0.84,Severe
13-05-2025 11:00,West Bengal,Murshidabad,23.36,3.99,6.26,27,2,1.0,1,1343.0,-0.43,Moderate
13-05-2025 12:00,West Bengal,Murshidabad,80.17,4.13,5.57,60,3,1.0,5,3372.0,0.52,Severe
13-05-2025 13:00,Karnataka,Udupi,25.38,7.1,4.32,39,1,0.0,3,2104.0,0.56,Severe
13-05-2025 14:00,West Bengal,Darjeeling,34.58,4.45,6.26,34,1,1.0,4,1938.0,0.59,Severe
13-05-2025 15:00,Gujarat,Surat,19.97,2.42,4.32,31,0,0.0,3,576.0,-0.16,Low
13-05-2025 16:00,Gujarat,Rajkot,33.41,8.86,5.04,50,1,0.0,5,1342.0,0.33,Severe
13-05-2025 17:00,Assam,Dhemaji,62.55,4.95,4.92,42,0,0.0,5,2082.0,-0.19,Severe
13-05-2025 18:00,Kerala,Kozhikode,98.16,1.87,5.08,59,2,2.0,4,3439.0,0.85,Severe
13-05-2025 19:00,Uttar Pradesh,Gorakhpur,16.88,6.36,4.99,33,0,0.0,5,2072.0,-0.13,Severe
13-05-2025 20:00,Bihar,Patna,38.41,6.91,6.31,35,2,1.0,5,2209.0,0.37,Severe
13-05-2025 21:00,Karnataka,Bengaluru,22.02,5.0,4.52,33,0,2.0,3,1795.0,1.29,Severe
13-05-2025 22:00,Bihar,Bhagalpur,39.85,6.17,6.54,27,0,0.0,5,1930.0,0.86,Severe
13-05-2025 23:00,Uttar Pradesh,Lucknow,68.71,2.38,6.57,49,1,1.0,5,3043.0,-0.45,Severe
14-05-2025 00:00,Karnataka,Bengaluru,23.51,3.94,5.47,43,0,0.0,4,1021.0,0.21,Moderate
14-05-2025 01:00,Karnataka,Udupi,46.24,2.29,4.32,40,1,1.0,4,2135.0,0.38,Moderate
14-05-2025 02:00,Kerala,Kozhikode,16.02,4.1,5.73,34,1,0.0,2,971.0,0.26,Moderate
14-05-2025 03:00,Bihar,Muzaffarpur,72.44,5.5,6.46,60,3,0.0,3,2176.0,0.52,Severe
14-05-2025 04:00,Gujarat,Vadodara,57.13,4.54,4.87,51,3,0.0,7,3317.0,0.63,Severe
14-05-2025 05:00,Tamil Nadu,Madurai,18.4,5.75,6.51,37,0,1.0,5,1234.0,1.18,Severe
14-05-2025 06:00,Bihar,Patna,18.04,5.01,6.03,31,0,0.0,3,1673.0,0.14,Moderate
14-05-2025 07:00,Odisha,Balasore,83.17,3.54,6.96,61,5,2.0,4,3318.0,0.68,Severe
14-05-2025 08:00,Odisha,Bhubaneswar,104.02124999999998,2.15,6.47,64,3,2.0,7,4342.0,0.27,Severe
14-05-2025 09:00,Karnataka,Bengaluru,19.05,3.02,4.6,36,1,1.0,5,869.0,1.06,Severe
14-05-2025 10:00,Tamil Nadu,Coimbatore,62.84,2.61,5.35,38,3,2.0,4,2671.0,0.53,Severe
14-05-2025 11:00,Maharashtra,Nashik,26.17,6.66,4.31,34,0,2.5,8,1816.0,0.37,Severe
14-05-2025 12:00,Uttar Pradesh,Gorakhpur,83.27,7.56,4.21,37,2,2.0,4,3401.0,0.23,Severe
14-05-2025 13:00,Assam,Guwahati,27.19,6.76,6.12,28,1,0.0,4,1849.0,-0.04,Severe
14-05-2025 14:00,Tamil Nadu,Tiruppur,54.11,6.15,6.74,49,1,1.0,2,2449.0,0.74,Severe
14-05-2025 15:00,Assam,Dhemaji,37.57,3.46,6.92,38,1,0.0,3,2237.0,-0.02,Moderate
14-05-2025 16:00,Bihar,Muzaffarpur,4.52,6.69,4.81,31,0,0.0,5,2369.0,-0.49,Severe
14-05-2025 17:00,Bihar,Bhagalpur,17.02,5.84,4.61,40,1,1.0,7,2678.0,-0.08,Severe
14-05-2025 18:00,Assam,Jorhat,53.44,1.38,5.68,49,3,0.0,3,3253.0,0.42,Severe
14-05-2025 19:00,Uttar Pradesh,Prayagraj,49.17,8.26,4.6,36,2,0.0,5,2590.0,-0.2,Severe
14-05-2025 20:00,Tamil Nadu,Madurai,41.14,1.64,4.89,30,0,0.0,6,3223.0,-0.01,Moderate
14-05-2025 21:00,Maharashtra,Kolhapur,100.38,5.02,6.51,63,3,0.0,4,3834.0,-0.5,Severe
14-05-2025 22:00,Karnataka,Mangaluru,60.01,5.1,6.43,39,2,1.0,3,3036.0,-0.02,Severe
14-05-2025 23:00,Kerala,Alappuzha,55.13,7.7,6.69,45,1,1.0,7,3597.0,1.12,Severe
15-05-2025 00:00,Bihar,Patna,4.44,8.3,5.45,21,1,1.0,7,1792.0,0.07,Severe
15-05-2025 01:00,Odisha,Balasore,62.02,8.52,5.69,39,1,0.0,3,3454.0,0.3,Severe
15-05-2025 02:00,Uttar Pradesh,Lucknow,8.73,5.56,6.31,23,2,1.0,4,1731.0,1.36,Severe
15-05-2025 03:00,Kerala,Kozhikode,33.46,6.43,4.72,50,1,1.0,3,2028.0,0.5,Severe
15-05-2025 04:00,Maharashtra,Nashik,8.83,1.71,6.47,18,1,0.0,8,1021.0,0.48,Moderate
15-05-2025 05:00,West Bengal,Howrah,47.04,4.9,4.05,46,1,0.0,5,2019.0,-0.08,Severe
15-05-2025 06:00,Karnataka,Udupi,70.59,8.18,6.39,45,2,0.0,2,3448.0,0.45,Severe
15-05-2025 07:00,Bihar,Patna,31.52,4.65,6.33,32,0,1.0,4,2721.0,1.13,Severe
15-05-2025 08:00,Karnataka,Bengaluru,32.28,1.56,4.91,28,2,0.0,2,2251.0,-0.19,Moderate
15-05-2025 09:00,Kerala,Kozhikode,15.72,2.61,6.18,34,1,0.0,3,274.0,0.27,Moderate
15-05-2025 10:00,Karnataka,Bengaluru,69.81,4.44,4.64,43,5,1.0,4,3091.0,-0.18,Severe
15-05-2025 11:00,West Bengal,Murshidabad,9.67,2.9,5.73,27,1,0.0,2,1231.0,1.08,Moderate
15-05-2025 12:00,Kerala,Alappuzha,37.58,4.14,6.1,35,2,2.0,2,1684.0,-0.18,Severe
15-05-2025 13:00,Bihar,Gaya,31.2,3.66,6.14,38,2,0.0,2,1508.0,0.03,Moderate
15-05-2025 14:00,Tamil Nadu,Tiruppur,43.88,3.55,6.95,46,0,0.0,5,1980.0,-0.17,Moderate
15-05-2025 15:00,Odisha,Cuttack,58.0,1.73,4.55,43,3,0.0,2,2486.0,-0.27,Moderate
15-05-2025 16:00,Kerala,Kozhikode,29.88,8.06,5.44,35,0,0.0,4,2161.0,0.39,Severe
15-05-2025 17:00,Gujarat,Bharuch,62.31,6.54,6.64,45,1,1.0,4,3337.0,0.19,Severe
15-05-2025 18:00,West Bengal,Malda,32.72,5.99,5.68,36,0,0.0,7,2558.0,0.51,Severe
15-05-2025 19:00,Kerala,Kozhikode,42.83,5.85,6.63,42,1,1.0,3,2577.0,0.63,Severe
15-05-2025 20:00,Kerala,Kozhikode,13.48,4.17,5.3,25,0,1.0,5,1395.0,-0.41,Moderate
15-05-2025 21:00,Gujarat,Rajkot,24.46,7.59,6.39,37,0,0.0,4,2201.0,0.49,Severe
15-05-2025 22:00,Bihar,Patna,7.86,8.44,6.61,18,1,1.0,4,1978.0,-0.06,Severe
15-05-2025 23:00,Kerala,Kozhikode,35.18,1.04,6.54,47,2,0.0,1,2164.0,0.41,Moderate
16-05-2025 00:00,Odisha,Bhubaneswar,55.85,1.63,6.61,51,2,0.0,4,2117.0,0.5,Moderate
16-05-2025 01:00,Karnataka,Mysuru,28.81,6.4,4.66,34,1,0.0,3,2259.0,0.23,Severe
16-05-2025 02:00,Bihar,Patna,31.34,2.89,5.32,29,1,0.0,2,1402.0,0.94,Moderate
16-05-2025 03:00,Odisha,Balasore,44.42,8.29,4.52,39,0,1.0,3,2340.0,-0.29,Severe
16-05-2025 04:00,Bihar,Darbhanga,47.79,6.34,4.54,47,3,0.0,1,2338.0,-0.16,Severe
16-05-2025 05:00,Odisha,Kendrapara,7.53,3.95,5.46,29,0,0.0,0,1998.0,0.46,Moderate
16-05-2025 06:00,West Bengal,Howrah,21.08,4.32,6.88,25,1,0.0,5,1744.0,1.3,Severe
16-05-2025 07:00,Odisha,Balasore,8.76,6.53,5.78,29,0,0.0,3,1400.0,-0.07,Severe
16-05-2025 08:00,Assam,Guwahati,24.95,2.13,6.56,41,2,1.0,1,1698.0,0.32,Moderate
16-05-2025 09:00,Odisha,Kendrapara,88.85,8.07,6.81,62,1,1.0,3,3281.0,0.89,Severe
16-05-2025 10:00,Tamil Nadu,Tiruppur,56.37,1.04,4.26,45,3,0.0,6,1415.0,0.76,Severe
16-05-2025 11:00,Tamil Nadu,Madurai,33.39,8.83,4.49,34,0,1.0,3,2651.0,0.63,Severe
16-05-2025 12:00,Uttar Pradesh,Kanpur,104.02124999999998,2.34,4.87,59,3,2.5,4,4130.0,0.03,Severe
16-05-2025 13:00,Assam,Jorhat,41.55,6.94,5.85,43,0,0.0,4,3177.0,0.34,Severe
16-05-2025 14:00,Assam,Dhemaji,104.02124999999998,1.32,4.19,66,5,0.0,5,3990.0,0.36,Severe
16-05-2025 15:00,Karnataka,Mangaluru,37.03,4.45,6.36,29,1,2.0,4,1932.0,0.82,Severe
16-05-2025 16:00,Assam,Dibrugarh,21.0,6.04,4.19,32,1,0.0,7,2288.0,0.29,Severe
16-05-2025 17:00,Karnataka,Bengaluru,12.57,1.56,4.48,28,1,1.0,2,1060.0,0.96,Moderate
16-05-2025 18:00,Uttar Pradesh,Varanasi,52.41,4.55,5.15,45,0,1.0,6,2657.0,0.33,Severe
16-05-2025 19:00,Uttar Pradesh,Gorakhpur,24.76,3.43,5.67,24,4,0.0,5,1546.0,0.41,Severe
16-05-2025 20:00,West Bengal,Malda,36.98,4.99,6.64,47,1,0.0,3,1890.0,0.29,Severe
16-05-2025 21:00,Tamil Nadu,Madurai,46.89,5.04,6.89,45,3,1.0,5,3068.0,0.27,Severe
16-05-2025 22:00,Odisha,Balasore,16.93,7.28,6.65,22,1,0.0,6,2101.0,0.32,Severe
16-05-2025 23:00,Odisha,Balasore,41.06,1.99,4.32,34,0,0.0,2,1366.0,0.37,Moderate
17-05-2025 00:00,Gujarat,Surat,29.17,1.66,5.89,30,2,0.0,3,1797.0,-0.38,Moderate
17-05-2025 01:00,Gujarat,Surat,9.29,4.22,5.33,26,0,1.0,4,924.0,0.22,Moderate
17-05-2025 02:00,Maharashtra,Kolhapur,48.62,8.1,4.38,49,2,2.0,4,2846.0,1.11,Severe
17-05-2025 03:00,Bihar,Darbhanga,53.01,7.84,5.67,38,0,1.0,5,3433.0,-0.47,Severe
17-05-2025 04:00,West Bengal,Howrah,78.26,5.48,5.07,56,1,1.0,3,2884.0,0.24,Severe
17-05-2025 05:00,Maharashtra,Pune,12.93,8.11,5.04,29,1,1.0,2,1687.0,0.1,Severe
17-05-2025 06:00,Maharashtra,Mumbai,104.02124999999998,7.44,4.28,66,5,0.0,2,4592.375,0.5,Severe
17-05-2025 07:00,Kerala,Kochi,18.41,3.22,6.94,39,1,0.0,4,1229.0,0.58,Moderate
17-05-2025 08:00,Kerala,Thrissur,5.11,2.36,6.18,25,0,1.0,7,578.0,0.42,Moderate
17-05-2025 09:00,Maharashtra,Pune,34.43,3.41,4.84,30,0,0.0,5,2259.0,-0.56,Moderate
17-05-2025 10:00,Assam,Dibrugarh,43.89,2.82,6.75,41,0,0.0,1,1893.0,-0.56,Moderate
17-05-2025 11:00,Bihar,Bhagalpur,30.08,5.98,6.84,38,2,1.0,5,3382.0,-0.85,Severe
17-05-2025 12:00,West Bengal,Murshidabad,12.77,5.68,6.43,48,0,1.0,6,1420.0,0.29,Severe
17-05-2025 13:00,Maharashtra,Nagpur,23.32,5.79,5.98,34,0,1.0,3,1913.0,-0.39,Severe
17-05-2025 14:00,Odisha,Puri,42.11,2.51,5.13,35,1,0.0,3,2271.0,-0.71,Moderate
17-05-2025 15:00,Bihar,Bhagalpur,104.02124999999998,7.33,5.3,64,2,1.0,1,4401.0,-0.06,Severe
17-05-2025 16:00,Kerala,Kochi,13.34,4.47,5.37,28,2,2.0,3,1589.0,0.04,Severe
17-05-2025 17:00,Odisha,Kendrapara,20.85,4.78,6.85,25,0,0.0,3,1857.0,0.31,Moderate
17-05-2025 18:00,Kerala,Thrissur,10.46,8.98,6.28,24,0,0.0,7,1587.0,0.35,Severe
17-05-2025 19:00,Kerala,Kottayam,24.91,3.26,4.88,30,0,2.0,8,1490.0,0.38,Severe
17-05-2025 20:00,Bihar,Muzaffarpur,31.65,4.15,5.87,28,1,0.0,5,1734.0,0.72,Severe
17-05-2025 21:00,Kerala,Kozhikode,65.08,6.41,5.78,40,1,0.0,3,2960.0,0.22,Severe
17-05-2025 22:00,Uttar Pradesh,Varanasi,42.7,8.04,6.44,36,2,1.0,5,2562.0,0.69,Severe
17-05-2025 23:00,Tamil Nadu,Madurai,86.2,2.01,4.29,61,2,0.0,3,2681.0,0.19,Severe
18-05-2025 00:00,Uttar Pradesh,Kanpur,32.7,6.88,6.1,37,0,0.0,0,3127.0,0.17,Severe
18-05-2025 01:00,Tamil Nadu,Madurai,1.22,8.35,4.99,23,0,0.0,2,2367.0,0.09,Severe
18-05-2025 02:00,Gujarat,Surat,44.08,4.38,4.39,42,0,0.0,5,2621.0,0.33,Severe
18-05-2025 03:00,Gujarat,Ahmedabad,6.91,3.29,6.2,28,0,2.0,2,1522.0,0.65,Moderate
18-05-2025 04:00,Kerala,Kottayam,63.74,6.42,4.99,48,2,2.0,4,2901.0,0.64,Severe
18-05-2025 05:00,West Bengal,Darjeeling,32.73,2.97,6.19,48,0,0.0,5,1636.0,0.62,Moderate
18-05-2025 06:00,West Bengal,Howrah,20.12,4.07,4.49,32,0,2.0,5,2142.0,0.49,Severe
18-05-2025 07:00,Tamil Nadu,Madurai,11.89,8.18,6.96,25,0,0.0,7,1771.0,-0.17,Severe
18-05-2025 08:00,Odisha,Cuttack,22.53,5.72,6.41,32,0,1.0,2,2425.0,1.5750000000000002,Severe
18-05-2025 09:00,Bihar,Patna,31.62,1.76,4.87,32,3,0.0,4,1896.0,-0.25,Moderate
18-05-2025 10:00,Kerala,Kozhikode,104.02124999999998,3.64,6.22,64,4,0.0,6,2840.0,0.41,Severe
18-05-2025 11:00,Bihar,Gaya,29.68,6.02,4.41,33,2,1.0,8,2123.0,1.5750000000000002,Severe
18-05-2025 12:00,Uttar Pradesh,Gorakhpur,39.31,4.85,5.96,33,4,0.0,1,1081.0,0.75,Severe
18-05-2025 13:00,West Bengal,Murshidabad,30.96,6.28,4.18,36,2,0.0,2,2034.0,0.03,Severe
18-05-2025 14:00,Assam,Dibrugarh,39.37,7.09,5.0,34,1,0.0,5,1835.0,0.9,Severe
18-05-2025 15:00,Uttar Pradesh,Kanpur,37.71,4.84,6.94,36,0,0.0,2,1491.0,0.44,Severe
18-05-2025 16:00,Uttar Pradesh,Kanpur,33.16,8.9,4.36,39,3,1.0,2,3294.0,-0.02,Severe
18-05-2025 17:00,Tamil Nadu,Chennai,19.57,8.32,5.79,38,4,0.0,6,1747.0,0.45,Severe
18-05-2025 18:00,Karnataka,Bengaluru,53.72,1.48,4.21,55,2,1.0,4,1452.0,0.19,Moderate
18-05-2025 19:00,Uttar Pradesh,Prayagraj,13.34,3.13,6.01,37,0,0.0,3,862.0,0.25,Moderate
18-05-2025 20:00,Kerala,Kochi,47.2,3.4,4.84,31,1,1.0,4,1946.0,0.37,Severe
18-05-2025 21:00,Maharashtra,Kolhapur,54.42,2.47,4.93,46,0,0.0,6,2587.0,0.66,Severe
18-05-2025 22:00,Maharashtra,Nashik,5.49,3.5,5.01,32,1,1.0,1,443.0,0.76,Moderate
18-05-2025 23:00,Kerala,Kochi,12.23,4.4,4.62,31,2,0.0,5,1844.0,0.02,Moderate
19-05-2025 00:00,Karnataka,Mysuru,6.33,1.41,6.82,36,1,0.0,1,0.0,0.51,Low
19-05-2025 01:00,Karnataka,Udupi,76.02,2.02,6.72,50,1,0.0,5,2547.0,0.23,Severe
19-05-2025 02:00,Tamil Nadu,Chennai,21.86,1.77,6.61,40,1,0.0,7,1238.0,0.7,Moderate
19-05-2025 03:00,West Bengal,Kolkata,73.36,1.37,4.32,63,3,0.0,3,2578.0,-0.11,Severe
19-05-2025 04:00,Bihar,Gaya,25.7,4.85,4.7,33,0,0.0,3,1276.0,0.34,Moderate
19-05-2025 05:00,Karnataka,Kodagu,14.33,3.67,5.84,37,1,0.0,7,1354.0,-0.47,Moderate
19-05-2025 06:00,Assam,Dibrugarh,18.76,8.48,6.91,40,0,0.0,6,1412.0,0.67,Severe
19-05-2025 07:00,Tamil Nadu,Chennai,37.2,1.82,5.81,47,1,0.0,6,1674.0,1.16,Severe
19-05-2025 08:00,Gujarat,Rajkot,54.03,8.41,4.98,32,0,0.0,3,3790.0,1.05,Severe
19-05-2025 09:00,Odisha,Puri,33.97,1.69,6.45,30,1,1.0,2,1378.0,0.73,Moderate
19-05-2025 10:00,Gujarat,Ahmedabad,62.26,5.95,4.41,62,2,1.0,3,2659.0,0.61,Severe
19-05-2025 11:00,Tamil Nadu,Coimbatore,29.17,2.98,6.65,30,0,1.0,4,1743.0,1.28,Severe
19-05-2025 12:00,Uttar Pradesh,Prayagraj,31.7,7.61,6.92,40,0,1.0,3,2094.0,0.1,Severe
19-05-2025 13:00,Bihar,Darbhanga,17.78,1.49,6.9,29,1,0.0,5,1793.0,0.24,Moderate
19-05-2025 14:00,Odisha,Puri,16.23,8.62,4.44,33,0,1.0,3,1430.0,0.99,Severe
19-05-2025 15:00,Gujarat,Surat,56.52,1.38,5.65,40,3,0.0,3,2725.0,0.29,Moderate
19-05-2025 16:00,Odisha,Puri,13.38,2.93,5.75,29,2,0.0,6,587.0,-0.07,Moderate
19-05-2025 17:00,Assam,Dibrugarh,25.65,4.71,4.58,41,0,0.0,6,1702.0,-0.33,Severe
19-05-2025 18:00,Assam,Guwahati,58.38,7.05,5.64,49,3,0.0,3,2550.0,-0.03,Severe
19-05-2025 19:00,Assam,Barpeta,7.66,8.61,5.94,30,1,1.0,3,1659.0,1.14,Severe
19-05-2025 20:00,Tamil Nadu,Thanjavur,77.33,4.42,4.99,47,2,1.0,5,3094.0,0.3,Severe
19-05-2025 21:00,Bihar,Muzaffarpur,14.52,7.06,4.95,33,0,0.0,3,2500.0,0.01,Severe
19-05-2025 22:00,Tamil Nadu,Madurai,77.53,6.82,4.18,49,4,0.0,1,4330.0,0.31,Severe
19-05-2025 23:00,Maharashtra,Kolhapur,13.36,5.57,6.87,35,0,0.0,5,1894.0,0.5,Severe
20-05-2025 00:00,Uttar Pradesh,Lucknow,56.43,6.53,6.41,57,0,0.0,1,2710.0,-0.49,Severe
20-05-2025 01:00,Uttar Pradesh,Lucknow,21.37,1.3,6.28,32,1,0.0,2,1335.0,-0.05,Low
20-05-2025 02:00,Assam,Dhemaji,104.02124999999998,4.53,4.07,48,4,0.0,3,4466.0,-0.32,Severe
20-05-2025 03:00,Maharashtra,Pune,27.75,7.29,5.87,24,1,0.0,3,2860.0,1.01,Severe
20-05-2025 04:00,Karnataka,Mysuru,11.84,4.79,4.54,25,0,0.0,2,1822.0,0.3,Moderate
20-05-2025 05:00,Karnataka,Mysuru,47.23,7.99,5.99,47,2,2.0,6,2947.0,0.27,Severe
20-05-2025 06:00,Assam,Dibrugarh,23.3,7.67,5.86,25,0,0.0,8,1284.0,0.27,Severe
20-05-2025 07:00,Gujarat,Ahmedabad,50.56,7.91,6.56,34,0,0.0,0,3565.0,-0.15,Severe
20-05-2025 08:00,Tamil Nadu,Thanjavur,76.75,2.04,4.77,57,2,1.0,5,2812.0,0.58,Severe
20-05-2025 09:00,Assam,Dibrugarh,57.48,2.95,4.08,54,4,2.0,1,1172.0,1.18,Severe
20-05-2025 10:00,West Bengal,Murshidabad,7.2,1.24,6.74,26,1,1.0,4,382.0,0.07,Low
20-05-2025 11:00,Odisha,Puri,13.12,8.86,6.73,28,1,1.0,3,2570.0,0.75,Severe
20-05-2025 12:00,Uttar Pradesh,Varanasi,40.09,2.89,5.37,42,1,0.0,4,1778.0,0.3,Moderate
20-05-2025 13:00,Karnataka,Mysuru,43.08,3.94,4.23,39,4,1.0,1,2054.0,0.01,Severe
20-05-2025 14:00,Kerala,Kochi,10.78,3.2,5.49,36,0,0.0,1,1814.0,0.76,Moderate
20-05-2025 15:00,Karnataka,Bengaluru,14.28,1.32,5.57,29,3,0.0,7,414.0,-0.38,Moderate
20-05-2025 16:00,Uttar Pradesh,Prayagraj,80.54,3.09,6.47,49,3,0.0,2,2803.0,-0.29,Severe
20-05-2025 17:00,Odisha,Kendrapara,19.45,1.79,6.15,32,1,2.0,3,188.0,1.15,Moderate
20-05-2025 18:00,Uttar Pradesh,Varanasi,53.76,4.15,4.21,50,1,0.0,0,2487.0,0.17,Severe
20-05-2025 19:00,Kerala,Kozhikode,69.65,8.73,6.12,41,4,0.0,8,2908.0,0.89,Severe
20-05-2025 20:00,Assam,Jorhat,18.87,6.59,4.41,29,0,0.0,1,1761.0,0.3,Severe
20-05-2025 21:00,Maharashtra,Kolhapur,30.87,6.66,4.27,40,1,0.0,3,1711.0,-0.79,Severe
20-05-2025 22:00,Kerala,Kottayam,53.87,4.63,5.2,40,0,0.0,2,3551.0,0.66,Severe
20-05-2025 23:00,Uttar Pradesh,Kanpur,7.13,7.49,4.23,29,1,0.0,3,1723.0,0.52,Severe
21-05-2025 00:00,Uttar Pradesh,Kanpur,26.59,8.27,6.49,47,2,0.0,3,2835.0,0.01,Severe
21-05-2025 01:00,West Bengal,Kolkata,74.42,8.69,5.39,44,0,0.0,2,3884.0,0.84,Severe
21-05-2025 02:00,West Bengal,Kolkata,42.33,1.79,5.76,52,2,0.0,1,2497.0,0.77,Moderate
21-05-2025 03:00,Bihar,Bhagalpur,42.66,8.04,5.73,42,1,0.0,0,2612.0,0.01,Severe
21-05-2025 04:00,West Bengal,Murshidabad,62.47,2.8,6.93,54,1,1.0,3,2200.0,0.84,Severe
21-05-2025 05:00,Tamil Nadu,Chennai,21.09,4.18,6.75,30,2,1.0,6,1867.0,0.45,Severe
21-05-2025 06:00,Maharashtra,Mumbai,13.83,3.76,6.55,33,2,1.0,3,1506.0,0.38,Severe
21-05-2025 07:00,Odisha,Cuttack,40.67,6.4,5.15,36,2,0.0,5,2333.0,0.02,Severe
21-05-2025 08:00,Kerala,Kochi,22.39,5.78,4.44,47,0,0.0,6,1994.0,-0.06,Severe
21-05-2025 09:00,Uttar Pradesh,Gorakhpur,21.26,1.87,5.78,21,0,0.0,4,1237.0,0.99,Moderate
21-05-2025 10:00,Bihar,Gaya,13.45,7.26,5.32,30,1,0.0,4,1873.0,0.52,Severe
21-05-2025 11:00,Bihar,Muzaffarpur,46.92,4.52,4.68,49,3,0.0,4,2864.0,0.77,Severe
21-05-2025 12:00,Odisha,Balasore,28.37,1.02,4.29,32,0,0.0,8,1472.0,0.13,Moderate
21-05-2025 13:00,Maharashtra,Pune,13.71,4.32,5.31,24,0,1.0,6,971.0,0.58,Severe
21-05-2025 14:00,Kerala,Alappuzha,65.03,5.13,5.95,63,4,1.0,5,3164.0,0.19,Severe
21-05-2025 15:00,Karnataka,Mysuru,25.32,1.55,5.88,41,4,1.0,3,585.0,0.65,Moderate
21-05-2025 16:00,West Bengal,Malda,47.71,2.21,6.32,44,5,0.0,1,1969.0,-0.28,Severe
21-05-2025 17:00,Assam,Dhemaji,93.32,8.95,5.4,56,2,0.0,5,4592.375,-0.27,Severe
21-05-2025 18:00,Bihar,Darbhanga,64.3,7.97,4.96,56,2,0.0,2,4088.0,-0.15,Severe
21-05-2025 19:00,West Bengal,Darjeeling,86.8,2.07,5.62,52,5,2.0,5,2461.0,0.34,Severe
21-05-2025 20:00,West Bengal,Darjeeling,63.45,5.64,6.93,41,4,0.0,8,2707.0,-0.65,Severe
21-05-2025 21:00,Tamil Nadu,Madurai,26.69,4.03,4.14,33,1,2.0,7,1280.0,0.56,Severe
21-05-2025 22:00,Maharashtra,Mumbai,16.93,5.35,5.59,34,2,1.0,5,2257.0,0.63,Severe
21-05-2025 23:00,Assam,Barpeta,25.66,4.76,4.99,46,0,0.0,4,1770.0,-0.44,Moderate
22-05-2025 00:00,Karnataka,Mysuru,27.1,1.39,4.32,41,0,1.0,5,1727.0,0.17,Moderate
22-05-2025 01:00,Uttar Pradesh,Kanpur,76.41,3.52,5.3,55,1,0.0,4,2947.0,1.19,Severe
22-05-2025 02:00,Tamil Nadu,Coimbatore,22.84,2.0,5.92,24,0,0.0,2,1260.0,0.15,Low
22-05-2025 03:00,West Bengal,Malda,10.88,4.91,5.58,25,0,0.0,1,405.0,-0.1,Moderate
22-05-2025 04:00,West Bengal,Kolkata,39.08,8.26,4.09,48,1,0.0,2,2795.0,0.18,Severe
22-05-2025 05:00,Gujarat,Ahmedabad,34.44,8.96,5.74,34,0,0.0,5,2896.0,0.88,Severe
22-05-2025 06:00,Assam,Dhemaji,17.64,8.55,4.7,29,0,0.0,2,1824.0,-0.17,Severe
22-05-2025 07:00,Assam,Jorhat,24.45,8.89,5.02,30,1,0.0,1,2379.0,0.6,Severe
22-05-2025 08:00,Gujarat,Surat,88.54,1.12,4.94,55,5,0.0,3,2852.0,0.54,Severe
22-05-2025 09:00,Assam,Jorhat,46.79,6.84,6.58,41,1,2.0,3,2654.0,0.35,Severe
22-05-2025 10:00,West Bengal,Kolkata,25.96,3.18,4.14,42,1,0.0,6,1584.0,0.18,Moderate
22-05-2025 11:00,Bihar,Gaya,17.54,7.92,5.04,31,1,0.0,4,1735.0,0.77,Severe
22-05-2025 12:00,Kerala,Kottayam,104.02124999999998,7.51,5.18,66,1,2.5,4,4226.0,-0.16,Severe
22-05-2025 13:00,West Bengal,Kolkata,100.47,4.39,5.86,63,1,1.0,7,3867.0,0.53,Severe
22-05-2025 14:00,Tamil Nadu,Coimbatore,60.7,4.79,6.37,45,0,0.0,4,2466.0,-0.35,Severe
22-05-2025 15:00,Maharashtra,Pune,28.07,3.12,6.18,33,0,2.0,4,1802.0,0.78,Severe
22-05-2025 16:00,Gujarat,Ahmedabad,16.86,3.31,6.26,34,2,1.0,8,1247.0,0.69,Severe
22-05-2025 17:00,Karnataka,Mysuru,17.39,8.85,4.58,26,0,1.0,4,1533.0,0.16,Severe
22-05-2025 18:00,Uttar Pradesh,Varanasi,27.81,8.11,6.74,36,2,2.0,4,2492.0,0.25,Severe
22-05-2025 19:00,Karnataka,Kodagu,22.77,2.53,5.24,33,0,0.0,7,1787.0,0.57,Moderate
22-05-2025 20:00,West Bengal,Darjeeling,32.76,3.2,4.03,25,0,2.0,7,2205.0,-0.26,Severe
22-05-2025 21:00,Tamil Nadu,Coimbatore,31.62,1.87,6.0,35,1,0.0,6,1365.0,0.22,Moderate
22-05-2025 22:00,West Bengal,Howrah,14.75,8.91,5.81,41,1,1.0,5,2317.0,0.35,Severe
22-05-2025 23:00,Maharashtra,Mumbai,15.2,8.26,4.38,32,1,0.0,4,1834.0,-0.42,Severe
23-05-2025 00:00,Bihar,Gaya,26.15,5.42,6.88,31,1,0.0,4,2692.0,0.75,Severe
23-05-2025 01:00,Uttar Pradesh,Gorakhpur,31.01,6.54,5.68,24,0,1.0,6,2156.0,1.29,Severe
23-05-2025 02:00,Maharashtra,Kolhapur,83.77,6.98,5.41,59,4,0.0,4,2900.0,1.43,Severe
23-05-2025 03:00,Gujarat,Surat,40.67,2.63,5.19,41,0,0.0,3,2271.0,-0.53,Moderate
23-05-2025 04:00,Gujarat,Surat,39.62,8.48,4.63,35,1,0.0,8,2567.0,0.87,Severe
23-05-2025 05:00,West Bengal,Malda,41.81,5.21,6.86,38,0,1.0,4,3285.0,0.07,Severe
23-05-2025 06:00,Tamil Nadu,Coimbatore,71.05,1.74,6.11,60,2,0.0,6,2615.0,0.3,Severe
23-05-2025 07:00,Maharashtra,Nagpur,104.02124999999998,4.18,5.7,66,5,2.5,4,4592.375,-0.09,Severe
23-05-2025 08:00,Odisha,Balasore,21.42,5.81,5.89,32,0,0.0,5,1621.0,0.62,Severe
23-05-2025 09:00,Tamil Nadu,Tiruppur,104.02124999999998,3.82,6.52,66,5,2.0,2,3335.0,-0.78,Severe
23-05-2025 10:00,Bihar,Patna,9.51,6.59,5.91,14,1,0.0,4,2206.0,-0.19,Severe
23-05-2025 11:00,Gujarat,Ahmedabad,26.36,8.06,4.34,25,0,1.0,6,1542.0,-0.67,Severe
23-05-2025 12:00,West Bengal,Darjeeling,13.46,7.18,6.09,29,2,0.0,1,2192.0,0.09,Severe
23-05-2025 13:00,Assam,Guwahati,52.7,6.14,5.69,38,2,2.0,3,2331.0,0.21,Severe
23-05-2025 14:00,Gujarat,Bharuch,63.11,5.1,6.9,35,2,2.0,3,2486.0,-0.36,Severe
23-05-2025 15:00,Uttar Pradesh,Lucknow,10.9,3.04,6.2,27,4,1.0,1,1603.0,0.58,Severe
23-05-2025 16:00,Kerala,Kozhikode,68.4,4.64,5.03,54,3,0.0,4,2494.0,0.54,Severe
23-05-2025 17:00,Assam,Jorhat,42.52,3.34,4.41,33,0,1.0,5,1929.0,0.74,Severe
23-05-2025 18:00,West Bengal,Howrah,58.19,8.47,5.45,49,0,1.0,6,3534.0,0.98,Severe
23-05-2025 19:00,Odisha,Bhubaneswar,75.13,8.26,6.04,59,1,0.0,1,4248.0,0.23,Severe
23-05-2025 20:00,Assam,Guwahati,53.73,2.25,4.53,48,1,0.0,3,1917.0,0.45,Moderate
23-05-2025 21:00,Uttar Pradesh,Prayagraj,9.08,7.58,5.95,24,2,0.0,3,1780.0,-0.11,Severe
23-05-2025 22:00,Tamil Nadu,Thanjavur,24.38,6.62,6.48,27,1,0.0,4,1637.0,0.38,Severe
23-05-2025 23:00,Odisha,Puri,10.29,8.8,4.47,34,2,2.5,2,1442.0,0.4,Severe
24-05-2025 00:00,Gujarat,Rajkot,4.92,4.71,6.12,26,2,0.0,4,1329.0,1.04,Severe
24-05-2025 01:00,Odisha,Puri,12.7,6.78,4.2,35,0,0.0,4,2231.0,0.59,Severe
24-05-2025 02:00,Maharashtra,Mumbai,25.91,5.14,4.02,33,1,0.0,4,1566.0,0.6,Severe
24-05-2025 03:00,Uttar Pradesh,Gorakhpur,104.02124999999998,1.56,4.1,66,5,0.0,4,4070.0,0.21,Severe
24-05-2025 04:00,Assam,Dhemaji,32.41,1.37,5.89,37,1,0.0,6,1270.0,-0.865,Moderate
24-05-2025 05:00,Maharashtra,Nashik,42.75,1.98,6.92,38,0,1.0,8,1514.0,0.36,Moderate
24-05-2025 06:00,Odisha,Balasore,21.97,3.37,6.31,33,0,0.0,4,2237.0,0.14,Moderate
24-05-2025 07:00,Maharashtra,Mumbai,28.3,3.07,4.76,30,0,0.0,6,1854.0,-0.15,Moderate
24-05-2025 08:00,Karnataka,Mysuru,34.79,6.83,4.22,31,1,0.0,3,2937.0,0.68,Severe
24-05-2025 09:00,Uttar Pradesh,Gorakhpur,27.14,6.73,5.85,38,0,0.0,6,2725.0,0.79,Severe
24-05-2025 10:00,Bihar,Bhagalpur,49.12,8.77,4.01,46,1,0.0,8,3530.0,-0.1,Severe
24-05-2025 11:00,Tamil Nadu,Madurai,20.13,3.48,6.38,29,0,0.0,2,1492.0,0.37,Moderate
24-05-2025 12:00,Odisha,Balasore,9.58,8.51,4.73,36,0,0.0,2,2690.0,0.3,Severe
24-05-2025 13:00,Uttar Pradesh,Varanasi,7.7,5.9,4.9,23,0,0.0,4,2189.0,0.86,Severe
24-05-2025 14:00,Bihar,Darbhanga,59.9,4.96,5.03,45,0,1.0,4,2132.0,0.55,Severe
24-05-2025 15:00,Bihar,Patna,2.47,6.34,6.29,32,0,0.0,4,1909.0,0.67,Severe
24-05-2025 16:00,West Bengal,Howrah,27.93,6.62,4.8,30,2,1.0,2,2552.0,0.18,Severe
24-05-2025 17:00,Maharashtra,Pune,13.13,2.38,4.85,42,1,1.0,6,330.0,0.54,Moderate
24-05-2025 18:00,Bihar,Gaya,50.36,7.01,5.62,47,0,1.0,4,2881.0,0.74,Severe
24-05-2025 19:00,Karnataka,Kodagu,33.13,6.8,5.39,38,0,1.0,8,2347.0,1.39,Severe
24-05-2025 20:00,Uttar Pradesh,Gorakhpur,33.74,8.98,6.87,38,1,1.0,2,2240.0,0.11,Severe
24-05-2025 21:00,Kerala,Kochi,35.87,8.3,4.79,30,1,0.0,2,2898.0,0.19,Severe
24-05-2025 22:00,Kerala,Kochi,35.0,6.48,4.28,31,4,1.0,4,2243.0,0.02,Severe
24-05-2025 23:00,Odisha,Cuttack,9.55,6.7,5.62,30,0,0.0,8,1742.0,0.15,Severe
25-05-2025 00:00,Gujarat,Bharuch,22.96,8.57,4.55,32,1,0.0,3,2771.0,0.97,Severe
25-05-2025 01:00,Maharashtra,Nagpur,16.3,8.74,5.24,35,1,0.0,4,1782.0,-0.02,Severe
25-05-2025 02:00,Gujarat,Vadodara,18.82,7.62,4.56,33,0,1.0,1,2398.0,0.53,Severe
25-05-2025 03:00,Bihar,Darbhanga,35.37,7.14,6.64,37,1,1.0,4,2889.0,0.8,Severe
25-05-2025 04:00,Uttar Pradesh,Gorakhpur,60.16,1.89,4.98,46,1,0.0,6,2701.0,0.89,Severe
25-05-2025 05:00,Odisha,Bhubaneswar,58.75,7.64,6.32,52,2,2.5,5,3156.0,1.0,Severe
25-05-2025 06:00,Assam,Dhemaji,39.81,3.03,6.85,48,0,0.0,4,1729.0,0.56,Moderate
25-05-2025 07:00,Bihar,Darbhanga,24.03,5.51,6.82,40,2,0.0,5,2548.0,0.52,Severe
25-05-2025 08:00,Maharashtra,Mumbai,33.71,4.24,5.57,26,0,2.0,1,2312.0,0.09,Severe
25-05-2025 09:00,Kerala,Thrissur,53.83,3.76,6.95,40,2,0.0,3,2199.0,-0.54,Severe
25-05-2025 10:00,West Bengal,Kolkata,18.73,3.48,5.97,32,0,0.0,8,1566.0,0.08,Moderate
25-05-2025 11:00,Uttar Pradesh,Prayagraj,32.69,7.84,4.39,36,1,0.0,5,3152.0,0.42,Severe
25-05-2025 12:00,Tamil Nadu,Madurai,21.82,7.15,6.67,40,1,1.0,3,2077.0,0.81,Severe
25-05-2025 13:00,Gujarat,Ahmedabad,18.5,5.19,5.41,22,0,0.0,3,1194.0,1.03,Severe
25-05-2025 14:00,Odisha,Bhubaneswar,31.28,6.32,4.46,36,2,1.0,3,2387.0,0.35,Severe
25-05-2025 15:00,Gujarat,Bharuch,24.13,8.88,6.37,30,1,0.0,2,2176.0,0.86,Severe
25-05-2025 16:00,Uttar Pradesh,Varanasi,40.45,4.18,5.87,41,0,0.0,2,1681.0,0.43,Moderate
25-05-2025 17:00,Gujarat,Surat,24.4,5.41,6.65,31,2,2.0,3,887.0,0.44,Severe
25-05-2025 18:00,Uttar Pradesh,Lucknow,29.21,5.27,6.48,30,1,0.0,3,2088.0,0.22,Severe
25-05-2025 19:00,Gujarat,Vadodara,9.54,8.49,4.96,32,0,0.0,6,2232.0,0.14,Severe
25-05-2025 20:00,Karnataka,Bengaluru,55.5,3.81,4.77,47,4,0.0,3,1846.0,0.09,Severe
25-05-2025 21:00,Assam,Dhemaji,56.2,8.89,6.2,34,1,1.0,7,3445.0,0.1,Severe
25-05-2025 22:00,Bihar,Darbhanga,16.27,3.44,5.72,27,0,2.5,3,2008.0,0.05,Severe
25-05-2025 23:00,Bihar,Muzaffarpur,17.51,1.87,4.21,27,1,1.0,2,1375.0,0.73,Moderate
26-05-2025 00:00,Maharashtra,Nashik,36.7,2.53,4.54,39,2,1.0,3,1827.0,0.92,Severe
26-05-2025 01:00,Tamil Nadu,Thanjavur,22.45,4.41,4.45,44,2,0.0,4,1935.0,0.01,Severe
26-05-2025 02:00,Tamil Nadu,Madurai,39.55,6.2,5.77,34,3,1.0,6,1808.0,-0.05,Severe
26-05-2025 03:00,Maharashtra,Nagpur,79.02,5.13,4.26,56,4,0.0,5,3875.0,0.27,Severe
26-05-2025 04:00,West Bengal,Darjeeling,16.94,4.01,4.62,29,1,0.0,5,1471.0,-0.04,Moderate
26-05-2025 05:00,Bihar,Gaya,58.4,5.5,5.64,42,1,0.0,4,2737.0,-0.11,Severe
26-05-2025 06:00,West Bengal,Howrah,14.61,7.71,4.4,26,1,0.0,2,1684.0,0.19,Severe
26-05-2025 07:00,Uttar Pradesh,Gorakhpur,18.75,7.71,4.74,28,0,2.0,3,1607.0,0.46,Severe
26-05-2025 08:00,Uttar Pradesh,Prayagraj,36.92,6.81,6.72,24,1,1.0,7,2039.0,0.45,Severe
26-05-2025 09:00,Kerala,Kochi,48.74,8.62,6.09,50,2,1.0,0,2607.0,0.21,Severe
26-05-2025 10:00,Gujarat,Vadodara,77.48,5.72,4.92,58,2,2.5,3,3622.0,0.11,Severe
26-05-2025 11:00,Tamil Nadu,Tiruppur,94.92,1.06,6.63,55,4,1.0,2,3438.0,0.62,Severe
26-05-2025 12:00,Kerala,Kochi,26.16,3.33,4.75,39,1,1.0,1,1511.0,0.52,Moderate
26-05-2025 13:00,Assam,Dibrugarh,32.44,3.63,5.77,31,1,1.0,4,2218.0,0.43,Severe
26-05-2025 14:00,Maharashtra,Pune,41.0,5.38,5.11,47,0,0.0,2,2884.0,0.1,Severe
26-05-2025 15:00,Maharashtra,Mumbai,31.42,8.24,6.26,38,1,0.0,1,3242.0,0.95,Severe
26-05-2025 16:00,Uttar Pradesh,Kanpur,25.95,7.7,5.11,44,1,1.0,1,1708.0,-0.24,Severe
26-05-2025 17:00,Bihar,Bhagalpur,21.33,2.86,4.75,31,0,0.0,4,1654.0,0.1,Moderate
26-05-2025 18:00,West Bengal,Murshidabad,49.19,5.16,5.82,46,0,0.0,5,1966.0,-0.09,Severe
26-05-2025 19:00,Tamil Nadu,Coimbatore,77.87,6.27,6.24,59,1,0.0,4,3107.0,0.35,Severe
26-05-2025 20:00,Kerala,Thrissur,8.51,8.9,5.61,22,1,1.0,4,1811.0,0.05,Severe
26-05-2025 21:00,West Bengal,Kolkata,27.56,1.25,6.15,30,1,0.0,6,1765.0,0.39,Moderate
26-05-2025 22:00,Kerala,Thrissur,8.7,4.71,5.27,24,0,0.0,3,1714.0,0.59,Moderate
26-05-2025 23:00,Gujarat,Bharuch,47.23,8.9,6.39,39,1,0.0,4,3759.0,0.92,Severe
27-05-2025 00:00,Assam,Jorhat,18.39,8.82,5.76,21,1,0.0,3,1920.0,0.45,Severe
27-05-2025 01:00,Assam,Guwahati,71.01,3.65,4.59,51,4,2.0,6,2266.0,0.44,Severe
27-05-2025 02:00,West Bengal,Murshidabad,29.15,1.0,6.67,31,1,0.0,6,1067.0,0.54,Moderate
27-05-2025 03:00,West Bengal,Howrah,47.65,5.69,6.51,48,0,2.5,2,1784.0,-0.68,Severe
27-05-2025 04:00,West Bengal,Kolkata,16.64,7.94,6.89,38,2,0.0,5,2671.0,0.38,Severe
27-05-2025 05:00,Kerala,Alappuzha,35.86,3.59,5.71,39,0,0.0,4,1649.0,-0.15,Moderate
27-05-2025 06:00,Gujarat,Rajkot,35.58,8.47,6.03,29,3,0.0,7,1892.0,0.06,Severe
27-05-2025 07:00,Karnataka,Udupi,42.81,3.66,6.59,35,0,0.0,1,1837.0,0.3,Moderate
27-05-2025 08:00,West Bengal,Kolkata,20.2,5.88,4.16,43,0,0.0,6,1911.0,0.78,Severe
27-05-2025 09:00,Bihar,Gaya,67.03,6.78,6.74,37,3,1.0,3,3730.0,-0.45,Severe
27-05-2025 10:00,Tamil Nadu,Thanjavur,41.1,3.76,4.81,37,0,1.0,3,1449.0,0.46,Severe
27-05-2025 11:00,Tamil Nadu,Tiruppur,75.46,3.82,4.17,60,4,1.0,2,2867.0,0.4,Severe
27-05-2025 12:00,Kerala,Alappuzha,9.74,4.76,4.71,21,0,0.0,8,1253.0,0.54,Severe
27-05-2025 13:00,West Bengal,Howrah,36.08,7.68,5.76,33,1,0.0,4,1955.0,1.36,Severe
27-05-2025 14:00,Uttar Pradesh,Kanpur,28.34,1.81,4.14,37,3,2.0,5,1833.0,1.05,Severe
27-05-2025 15:00,Maharashtra,Nashik,96.27,6.05,4.0,59,4,2.5,1,3473.0,0.48,Severe
27-05-2025 16:00,Karnataka,Kodagu,49.94,6.42,5.92,43,1,1.0,7,2400.0,0.6,Severe
27-05-2025 17:00,Bihar,Bhagalpur,31.78,5.46,5.36,23,2,0.0,6,2420.0,0.33,Severe
27-05-2025 18:00,Gujarat,Surat,47.91,8.49,6.53,44,2,2.5,4,3315.0,0.69,Severe
27-05-2025 19:00,Uttar Pradesh,Kanpur,23.48,5.82,4.77,32,2,1.0,2,2364.0,0.37,Severe
27-05-2025 20:00,Assam,Dhemaji,43.98,6.08,4.84,49,0,2.0,7,2792.0,0.54,Severe
27-05-2025 21:00,Uttar Pradesh,Prayagraj,104.02124999999998,5.8,4.23,66,5,2.5,5,4592.375,0.05,Severe
27-05-2025 22:00,Kerala,Alappuzha,21.17,6.78,5.62,30,0,1.0,4,1643.0,0.45,Severe
27-05-2025 23:00,Karnataka,Bengaluru,35.66,2.08,5.1,40,2,0.0,4,724.0,0.96,Moderate
28-05-2025 00:00,Odisha,Puri,17.83,8.15,5.02,22,0,0.0,6,2108.0,0.61,Severe
28-05-2025 01:00,Odisha,Puri,15.45,1.34,5.37,31,3,1.0,5,1160.0,0.4,Moderate
28-05-2025 02:00,West Bengal,Murshidabad,58.8,6.13,6.55,55,0,1.0,3,1702.0,-0.865,Severe
28-05-2025 03:00,West Bengal,Malda,12.54,5.92,4.32,33,0,1.0,2,1149.0,0.52,Severe
28-05-2025 04:00,Kerala,Kottayam,43.51,2.66,5.57,39,2,0.0,4,1844.0,0.31,Moderate
28-05-2025 05:00,Gujarat,Bharuch,56.43,1.33,4.59,57,3,1.0,5,1822.0,-0.13,Severe
28-05-2025 06:00,West Bengal,Murshidabad,24.23,2.11,4.64,27,3,0.0,8,1468.0,0.32,Moderate
28-05-2025 07:00,Maharashtra,Kolhapur,73.76,3.17,4.77,41,1,0.0,1,3197.0,0.32,Severe
28-05-2025 08:00,Karnataka,Mysuru,69.59,8.06,5.38,50,2,1.0,5,3076.0,0.35,Severe
28-05-2025 09:00,Kerala,Alappuzha,24.13,7.85,5.48,34,2,0.0,1,2441.0,0.69,Severe
28-05-2025 10:00,Tamil Nadu,Madurai,10.89,1.51,6.61,28,2,0.0,1,923.0,0.25,Low
28-05-2025 11:00,Assam,Dibrugarh,45.82,3.31,6.68,52,1,0.0,5,1952.0,0.24,Severe
28-05-2025 12:00,Kerala,Kottayam,31.08,8.11,5.76,49,0,1.0,3,3042.0,0.19,Severe
28-05-2025 13:00,Kerala,Kozhikode,37.17,2.89,4.84,46,1,0.0,4,2097.0,0.46,Moderate
28-05-2025 14:00,Odisha,Balasore,45.49,8.97,6.46,48,1,1.0,2,2773.0,0.59,Severe
28-05-2025 15:00,Bihar,Gaya,9.2,3.05,6.38,23,2,0.0,7,1462.0,0.93,Severe
28-05-2025 16:00,Gujarat,Ahmedabad,23.11,6.91,6.39,36,0,1.0,5,2474.0,0.59,Severe
28-05-2025 17:00,Bihar,Gaya,89.97,4.34,4.05,54,5,1.0,4,3552.0,0.83,Severe
28-05-2025 18:00,Maharashtra,Mumbai,37.97,2.09,6.26,58,1,1.0,5,2470.0,0.73,Severe
28-05-2025 19:00,Tamil Nadu,Madurai,47.58,3.04,6.56,47,1,0.0,3,2071.0,0.42,Moderate
28-05-2025 20:00,Odisha,Bhubaneswar,35.74,6.4,5.82,32,1,0.0,3,2270.0,0.02,Severe
28-05-2025 21:00,Tamil Nadu,Tiruppur,46.63,3.7,6.25,46,0,1.0,2,1347.0,0.53,Severe
28-05-2025 22:00,Maharashtra,Nagpur,68.65,5.83,6.33,37,2,1.0,4,3056.0,1.05,Severe
28-05-2025 23:00,Bihar,Patna,5.27,2.64,5.52,23,1,1.0,7,473.0,0.84,Moderate
29-05-2025 00:00,Kerala,Thrissur,54.01,4.59,6.44,34,2,1.0,6,1743.0,0.93,Severe
29-05-2025 01:00,West Bengal,Malda,31.4,5.1,6.38,45,1,0.0,2,2279.0,-0.48,Severe
29-05-2025 02:00,West Bengal,Murshidabad,60.24,4.3,6.75,54,3,0.0,3,2405.0,-0.53,Severe
29-05-2025 03:00,Uttar Pradesh,Prayagraj,24.87,2.58,6.76,30,0,0.0,5,1166.0,0.13,Moderate
29-05-2025 04:00,Assam,Dhemaji,24.13,4.69,5.59,34,1,1.0,4,1002.0,0.56,Severe
29-05-2025 05:00,Gujarat,Bharuch,12.12,6.54,4.09,40,0,0.0,3,1047.0,0.18,Severe
29-05-2025 06:00,Maharashtra,Pune,32.0,8.72,4.06,38,1,0.0,2,3535.0,0.26,Severe
29-05-2025 07:00,Assam,Guwahati,11.43,7.32,6.82,26,0,0.0,2,3146.0,-0.32,Severe
29-05-2025 08:00,Gujarat,Bharuch,30.01,2.29,5.01,29,1,0.0,2,1455.0,0.08,Moderate
29-05-2025 09:00,Assam,Barpeta,37.14,3.18,5.13,32,0,0.0,7,1693.0,-0.05,Moderate
29-05-2025 10:00,Bihar,Gaya,18.98,1.63,5.41,43,0,0.0,5,1502.0,-0.04,Moderate
29-05-2025 11:00,Gujarat,Ahmedabad,8.24,2.09,4.8,30,1,0.0,3,1017.0,0.02,Low
29-05-2025 12:00,Bihar,Gaya,6.39,3.01,5.77,21,1,0.0,6,810.0,-0.14,Moderate
29-05-2025 13:00,Kerala,Kochi,14.85,2.6,6.35,30,1,0.0,4,981.0,-0.73,Moderate
29-05-2025 14:00,Odisha,Puri,5.93,2.71,4.77,24,2,0.0,4,1097.0,0.99,Moderate
29-05-2025 15:00,Bihar,Darbhanga,36.44,2.85,6.23,47,1,1.0,2,1915.0,0.3,Moderate
29-05-2025 16:00,West Bengal,Darjeeling,104.02124999999998,3.41,6.02,66,4,2.5,7,4381.0,0.04,Severe
29-05-2025 17:00,Assam,Dibrugarh,11.92,2.0,5.58,35,1,1.0,4,742.0,0.29,Moderate
29-05-2025 18:00,Uttar Pradesh,Lucknow,104.02124999999998,3.22,4.98,66,5,2.0,3,4485.0,0.5,Severe
29-05-2025 19:00,Karnataka,Mysuru,35.47,6.51,6.62,29,2,0.0,8,1698.0,0.4,Severe
29-05-2025 20:00,Gujarat,Surat,40.79,2.89,5.21,33,0,2.0,2,3415.0,0.02,Severe
29-05-2025 21:00,Maharashtra,Nagpur,8.74,2.37,5.12,27,3,0.0,8,1720.0,0.8,Severe
29-05-2025 22:00,Uttar Pradesh,Varanasi,37.61,1.54,5.92,47,0,1.0,5,2218.0,0.08,Moderate
29-05-2025 23:00,West Bengal,Murshidabad,22.02,5.0,6.76,40,1,0.0,1,1864.0,0.25,Severe
30-05-2025 00:00,Bihar,Bhagalpur,86.33,7.74,5.52,52,5,1.0,7,3516.0,1.13,Severe
30-05-2025 01:00,Odisha,Kendrapara,6.4,1.47,6.17,28,1,2.5,4,454.0,1.28,Severe
30-05-2025 02:00,Kerala,Thrissur,22.33,5.34,5.37,29,1,0.0,5,2695.0,0.87,Severe
30-05-2025 03:00,Karnataka,Mangaluru,17.07,6.2,4.66,34,1,0.0,3,1805.0,0.05,Severe
30-05-2025 04:00,Tamil Nadu,Thanjavur,41.97,5.74,4.37,36,2,1.0,1,2893.0,0.16,Severe
30-05-2025 05:00,Uttar Pradesh,Varanasi,3.2,8.02,4.41,27,1,1.0,1,1651.0,0.0,Severe
30-05-2025 06:00,Odisha,Balasore,84.62,7.93,4.06,53,2,1.0,1,3894.0,0.24,Severe
30-05-2025 07:00,Tamil Nadu,Tiruppur,40.82,1.46,5.66,39,2,0.0,7,1727.0,0.59,Moderate
30-05-2025 08:00,Karnataka,Mysuru,38.88,3.89,4.39,31,1,1.0,3,2404.0,-0.5,Severe
30-05-2025 09:00,Maharashtra,Mumbai,12.45,6.37,6.6,32,1,0.0,3,1071.0,-0.12,Severe
30-05-2025 10:00,Maharashtra,Kolhapur,55.97,8.62,6.95,47,2,0.0,2,3185.0,0.4,Severe
30-05-2025 11:00,Assam,Guwahati,52.21,7.44,5.49,34,0,1.0,5,2833.0,0.31,Severe
30-05-2025 12:00,Karnataka,Bengaluru,72.76,2.41,5.35,44,1,2.0,3,3036.0,0.15,Severe
30-05-2025 13:00,Karnataka,Mysuru,26.24,3.23,5.04,39,2,1.0,3,1920.0,-0.28,Moderate
30-05-2025 14:00,Tamil Nadu,Madurai,8.16,7.11,5.91,27,0,0.0,3,2054.0,0.08,Severe
30-05-2025 15:00,Odisha,Bhubaneswar,19.64,4.77,5.82,26,0,0.0,4,2068.0,0.13,Moderate
30-05-2025 16:00,Gujarat,Surat,61.73,5.38,5.03,44,1,0.0,8,3148.0,-0.25,Severe
30-05-2025 17:00,Tamil Nadu,Tiruppur,22.46,5.87,5.03,34,1,0.0,5,1695.0,-0.03,Severe
30-05-2025 18:00,Kerala,Alappuzha,104.02124999999998,1.83,5.93,66,2,2.0,4,4142.0,0.26,Severe
30-05-2025 19:00,Maharashtra,Nagpur,56.88,7.85,5.66,42,2,0.0,1,3767.0,0.56,Severe
30-05-2025 20:00,Maharashtra,Pune,100.03,7.91,6.16,53,5,2.0,5,4219.0,0.76,Severe
30-05-2025 21:00,Assam,Dibrugarh,23.44,4.75,6.82,42,1,0.0,3,1727.0,-0.12,Moderate
30-05-2025 22:00,Kerala,Alappuzha,44.58,6.01,6.34,39,1,1.0,5,2891.0,0.19,Severe
30-05-2025 23:00,Maharashtra,Mumbai,14.96,6.28,4.91,33,1,0.0,2,1292.0,0.24,Severe
31-05-2025 00:00,Tamil Nadu,Madurai,58.92,2.52,6.28,42,2,1.0,5,2062.0,0.26,Severe
31-05-2025 01:00,Kerala,Alappuzha,46.9,1.9,5.35,47,3,1.0,5,1596.0,0.23,Severe
31-05-2025 02:00,Tamil Nadu,Coimbatore,54.74,1.17,6.33,42,2,2.0,4,1504.0,-0.18,Moderate
31-05-2025 03:00,Gujarat,Bharuch,25.1,8.3,6.66,36,1,2.0,3,2581.0,0.56,Severe
31-05-2025 04:00,Gujarat,Bharuch,36.53,3.77,4.75,35,2,0.0,4,2548.0,0.21,Severe
31-05-2025 05:00,Maharashtra,Nashik,35.17,1.69,4.72,45,4,1.0,7,1203.0,0.36,Severe
31-05-2025 06:00,Maharashtra,Nashik,25.19,4.73,5.3,32,2,0.0,3,1562.0,0.39,Severe
31-05-2025 07:00,Odisha,Kendrapara,38.1,1.61,4.15,34,1,0.0,6,1728.0,0.08,Moderate
31-05-2025 08:00,Gujarat,Rajkot,42.88,1.68,6.06,40,0,1.0,5,1858.0,0.69,Moderate
31-05-2025 09:00,Uttar Pradesh,Prayagraj,48.41,4.91,6.25,47,1,0.0,5,2764.0,0.15,Severe
31-05-2025 10:00,Uttar Pradesh,Kanpur,24.72,5.07,5.04,38,1,0.0,4,1881.0,0.43,Severe
31-05-2025 11:00,Assam,Dhemaji,56.82,5.64,5.4,47,3,0.0,4,2350.0,0.39,Severe
31-05-2025 12:00,Gujarat,Vadodara,54.36,6.25,5.77,44,3,0.0,8,4055.0,0.47,Severe
31-05-2025 13:00,Tamil Nadu,Coimbatore,49.04,6.35,4.22,41,2,0.0,3,2478.0,0.83,Severe
31-05-2025 14:00,Tamil Nadu,Thanjavur,59.79,4.46,6.13,50,1,0.0,7,2478.0,0.03,Severe
31-05-2025 15:00,West Bengal,Malda,29.29,6.15,5.58,39,0,1.0,8,2253.0,0.35,Severe
31-05-2025 16:00,Kerala,Kozhikode,13.24,3.44,5.87,23,0,0.0,2,1280.0,0.33,Moderate
31-05-2025 17:00,Bihar,Muzaffarpur,54.5,4.53,6.17,51,2,1.0,3,2683.0,0.22,Severe
31-05-2025 18:00,Uttar Pradesh,Prayagraj,21.54,4.15,6.03,31,0,0.0,3,1569.0,0.57,Moderate
31-05-2025 19:00,Maharashtra,Kolhapur,8.59,3.63,4.29,30,1,0.0,1,1308.0,-0.17,Moderate
31-05-2025 20:00,Assam,Jorhat,22.01,2.91,6.35,26,3,0.0,5,2300.0,0.98,Severe
31-05-2025 21:00,Bihar,Bhagalpur,37.51,1.63,5.83,41,1,1.0,2,1049.0,1.0,Moderate
31-05-2025 22:00,Karnataka,Kodagu,80.35,5.05,6.14,44,3,1.0,3,3023.0,0.07,Severe
31-05-2025 23:00,Assam,Guwahati,43.14,5.3,4.78,30,0,2.5,3,2469.0,0.31,Severe
01-06-2025 00:00,Karnataka,Mysuru,59.56,3.69,4.66,37,2,0.0,2,2571.0,-0.46,Severe
01-06-2025 01:00,Gujarat,Bharuch,53.7,8.81,6.48,52,1,1.0,3,2993.0,0.06,Severe
01-06-2025 02:00,Karnataka,Mysuru,41.71,5.46,5.17,32,3,1.0,4,2679.0,1.39,Severe
01-06-2025 03:00,Karnataka,Udupi,27.61,8.11,5.73,40,2,0.0,4,2059.0,0.62,Severe
01-06-2025 04:00,Odisha,Kendrapara,14.91,5.56,5.65,32,1,0.0,3,1860.0,0.66,Severe
01-06-2025 05:00,Odisha,Cuttack,104.02124999999998,2.52,5.76,44,3,0.0,2,3700.0,0.13,Severe
01-06-2025 06:00,Odisha,Puri,22.48,8.8,4.21,27,0,1.0,2,2478.0,0.3,Severe
01-06-2025 07:00,Gujarat,Rajkot,27.21,8.08,4.91,37,0,0.0,3,3153.0,0.32,Severe
01-06-2025 08:00,Bihar,Patna,30.82,4.77,4.2,35,1,0.0,2,1981.0,-0.28,Severe
01-06-2025 09:00,Assam,Guwahati,22.03,2.94,5.44,34,1,0.0,4,1601.0,0.4,Moderate
01-06-2025 10:00,Assam,Guwahati,47.43,2.78,6.71,40,2,0.0,5,2461.0,0.69,Severe
01-06-2025 11:00,Maharashtra,Pune,22.33,7.45,5.17,40,1,2.0,2,1896.0,1.14,Severe
01-06-2025 12:00,Odisha,Cuttack,26.76,1.55,6.35,23,4,1.0,6,2225.0,0.46,Severe
01-06-2025 13:00,Gujarat,Vadodara,21.04,6.1,4.86,27,0,0.0,4,2549.0,0.29,Severe
01-06-2025 14:00,Maharashtra,Mumbai,26.33,6.12,6.57,31,1,1.0,5,1762.0,0.29,Severe
01-06-2025 15:00,Kerala,Kottayam,12.71,2.46,5.26,42,0,1.0,0,1301.0,0.52,Moderate
01-06-2025 16:00,Maharashtra,Mumbai,10.29,6.64,5.07,22,1,0.0,4,1156.0,0.7,Severe
01-06-2025 17:00,Bihar,Gaya,91.55,6.64,6.09,56,1,1.0,4,4592.375,0.83,Severe
01-06-2025 18:00,Uttar Pradesh,Kanpur,59.77,3.8,5.54,45,5,0.0,3,2568.0,-0.61,Severe
01-06-2025 19:00,Karnataka,Kodagu,82.47,4.87,5.01,47,2,1.0,1,3495.0,0.83,Severe
01-06-2025 20:00,Odisha,Balasore,87.27,7.66,4.17,63,5,1.0,4,4320.0,-0.19,Severe
01-06-2025 21:00,Uttar Pradesh,Kanpur,16.52,5.19,4.5,36,0,0.0,2,1636.0,-0.09,Severe
01-06-2025 22:00,Maharashtra,Nagpur,80.17,5.95,6.32,59,0,0.0,3,3756.0,0.26,Severe
01-06-2025 23:00,Gujarat,Ahmedabad,66.73,4.3,6.76,53,3,1.0,5,2628.0,0.58,Severe
02-06-2025 00:00,Karnataka,Kodagu,26.17,2.2,4.51,26,3,0.0,3,1687.0,-0.24,Moderate
02-06-2025 01:00,Assam,Dhemaji,42.85,8.98,5.71,45,4,0.0,7,2966.0,0.08,Severe
02-06-2025 02:00,Tamil Nadu,Thanjavur,58.43,5.25,4.1,42,4,0.0,3,2395.0,0.48,Severe
02-06-2025 03:00,Karnataka,Udupi,50.34,3.69,4.87,52,1,2.0,2,2436.0,0.57,Severe
02-06-2025 04:00,Bihar,Bhagalpur,30.99,6.71,5.35,35,2,1.0,2,2788.0,0.56,Severe
02-06-2025 05:00,Bihar,Bhagalpur,37.9,5.97,6.21,51,1,0.0,5,2501.0,0.77,Severe
02-06-2025 06:00,Maharashtra,Nagpur,46.33,2.86,4.13,44,1,0.0,3,161.0,0.86,Moderate
02-06-2025 07:00,Kerala,Kozhikode,25.58,8.02,6.34,36,0,0.0,5,2230.0,0.4,Severe
02-06-2025 08:00,Bihar,Patna,49.81,1.57,4.61,34,1,0.0,4,1396.0,0.32,Moderate
02-06-2025 09:00,Bihar,Gaya,19.65,5.85,6.28,28,1,1.0,2,2518.0,-0.01,Severe
02-06-2025 10:00,Gujarat,Vadodara,81.83,4.82,5.88,66,0,0.0,2,3928.0,0.09,Severe
02-06-2025 11:00,Maharashtra,Kolhapur,64.72,3.55,5.02,50,1,0.0,5,3069.0,-0.26,Severe
02-06-2025 12:00,Karnataka,Kodagu,59.22,7.61,6.17,45,0,0.0,4,3366.0,0.98,Severe
02-06-2025 13:00,Kerala,Alappuzha,44.21,6.25,4.71,52,1,0.0,7,2380.0,0.32,Severe
02-06-2025 14:00,Uttar Pradesh,Lucknow,39.82,7.08,4.66,44,0,0.0,4,2277.0,0.68,Severe
02-06-2025 15:00,Tamil Nadu,Madurai,66.33,4.32,4.19,49,2,1.0,3,2730.0,1.55,Severe
02-06-2025 16:00,Odisha,Cuttack,13.82,8.54,5.18,27,2,0.0,4,2136.0,1.35,Severe
02-06-2025 17:00,Assam,Barpeta,17.83,3.76,4.29,36,0,0.0,3,149.0,0.85,Moderate
02-06-2025 18:00,Bihar,Gaya,50.62,5.25,5.26,47,0,1.0,5,3503.0,0.18,Severe
02-06-2025 19:00,Maharashtra,Pune,33.08,8.47,4.03,38,1,1.0,7,2622.0,0.71,Severe
02-06-2025 20:00,Odisha,Balasore,22.1,1.67,4.47,32,1,1.0,8,1532.0,0.35,Moderate
02-06-2025 21:00,Assam,Dhemaji,69.61,1.87,6.8,53,2,1.0,3,2581.0,-0.07,Severe
02-06-2025 22:00,Assam,Barpeta,37.18,8.95,6.39,45,1,0.0,4,3046.0,-0.06,Severe
02-06-2025 23:00,Uttar Pradesh,Varanasi,42.76,8.77,4.71,36,3,1.0,4,2470.0,0.73,Severe
03-06-2025 00:00,Uttar Pradesh,Lucknow,70.73,7.17,6.15,50,2,0.0,5,3488.0,0.68,Severe
03-06-2025 01:00,Uttar Pradesh,Prayagraj,30.66,4.87,6.01,37,2,1.0,3,2573.0,0.9,Severe
03-06-2025 02:00,West Bengal,Howrah,104.02124999999998,5.05,4.53,66,2,2.5,6,3889.0,0.24,Severe
03-06-2025 03:00,West Bengal,Kolkata,14.88,3.06,5.11,30,1,0.0,3,1467.0,0.15,Moderate
03-06-2025 04:00,Assam,Jorhat,69.34,4.46,6.74,40,3,0.0,3,3044.0,-0.14,Severe
03-06-2025 05:00,Uttar Pradesh,Prayagraj,23.16,4.45,6.22,39,1,0.0,4,1390.0,-0.4,Moderate
03-06-2025 06:00,Gujarat,Rajkot,62.32,1.29,6.28,59,1,1.0,0,3351.0,-0.03,Moderate
03-06-2025 07:00,Bihar,Darbhanga,19.92,4.63,5.69,33,0,1.0,3,1216.0,0.06,Moderate
03-06-2025 08:00,Odisha,Balasore,10.18,4.84,6.0,29,0,0.0,8,2160.0,-0.16,Severe
03-06-2025 09:00,Odisha,Puri,62.85,6.33,5.53,35,1,1.0,3,3531.0,0.12,Severe
03-06-2025 10:00,West Bengal,Malda,26.28,5.13,6.22,37,0,0.0,5,1579.0,1.2,Severe
03-06-2025 11:00,Assam,Dhemaji,10.55,7.89,6.2,23,0,1.0,1,1485.0,0.04,Severe
03-06-2025 12:00,Maharashtra,Pune,64.8,3.94,4.09,60,2,0.0,4,2462.0,-0.48,Severe
03-06-2025 13:00,Karnataka,Udupi,39.63,4.28,5.9,35,1,2.0,7,2141.0,0.42,Severe
03-06-2025 14:00,Karnataka,Kodagu,26.21,5.57,5.89,34,0,1.0,7,2213.0,0.64,Severe
03-06-2025 15:00,West Bengal,Howrah,44.3,2.62,4.2,33,1,0.0,3,1795.0,-0.05,Moderate
03-06-2025 16:00,Maharashtra,Kolhapur,30.49,4.15,5.23,31,2,2.0,2,1011.0,0.69,Severe
03-06-2025 17:00,West Bengal,Murshidabad,27.89,6.49,6.7,39,1,2.0,3,1920.0,1.16,Severe
03-06-2025 18:00,Karnataka,Mysuru,57.99,4.29,6.86,37,2,2.5,3,2192.0,0.25,Severe
03-06-2025 19:00,Maharashtra,Nagpur,39.94,8.25,6.35,42,2,0.0,3,2067.0,0.68,Severe
03-06-2025 20:00,Uttar Pradesh,Varanasi,18.94,5.92,4.45,31,0,2.0,6,1736.0,0.77,Severe
03-06-2025 21:00,Assam,Jorhat,33.76,2.23,5.12,31,1,0.0,4,1282.0,0.53,Moderate
03-06-2025 22:00,Odisha,Cuttack,57.43,4.9,4.55,42,0,2.0,4,2882.0,0.76,Severe
03-06-2025 23:00,Gujarat,Vadodara,14.43,7.12,5.96,35,2,2.0,5,2131.0,0.59,Severe
04-06-2025 00:00,Kerala,Kochi,73.68,6.15,6.32,47,2,1.0,2,3632.0,-0.08,Severe
04-06-2025 01:00,Assam,Dibrugarh,38.97,8.08,6.65,49,1,2.0,7,3335.0,-0.66,Severe
04-06-2025 02:00,Uttar Pradesh,Prayagraj,36.9,7.0,6.58,35,0,0.0,5,2530.0,0.43,Severe
04-06-2025 03:00,Karnataka,Mangaluru,38.21,1.49,4.3,37,0,0.0,3,1748.0,0.25,Moderate
04-06-2025 04:00,Uttar Pradesh,Lucknow,94.38,1.9,4.38,54,5,0.0,3,2979.0,-0.38,Severe
04-06-2025 05:00,West Bengal,Malda,33.92,6.2,6.73,50,2,2.0,2,1982.0,0.25,Severe
04-06-2025 06:00,Maharashtra,Nashik,26.47,2.91,6.53,29,1,0.0,3,1165.0,0.29,Moderate
04-06-2025 07:00,Odisha,Cuttack,30.92,5.7,5.38,19,1,0.0,6,2462.0,0.48,Severe
04-06-2025 08:00,Bihar,Bhagalpur,62.84,7.34,5.29,49,1,2.0,7,1970.0,0.85,Severe
04-06-2025 09:00,West Bengal,Malda,52.02,5.62,5.66,39,0,0.0,8,2260.0,-0.01,Severe
04-06-2025 10:00,Assam,Barpeta,34.29,4.32,5.79,43,1,0.0,1,2352.0,-0.58,Moderate
04-06-2025 11:00,West Bengal,Darjeeling,104.02124999999998,6.17,4.76,66,5,1.0,5,3739.0,0.17,Severe
04-06-2025 12:00,Assam,Guwahati,49.24,2.15,5.21,53,0,0.0,6,2317.0,0.72,Severe
04-06-2025 13:00,Bihar,Muzaffarpur,17.04,6.79,5.86,34,2,0.0,5,1255.0,0.95,Severe
04-06-2025 14:00,Tamil Nadu,Madurai,5.49,6.58,4.62,28,2,0.0,4,1556.0,0.08,Severe
04-06-2025 15:00,Odisha,Bhubaneswar,52.48,5.12,7.0,39,0,1.0,4,2314.0,0.61,Severe
04-06-2025 16:00,Gujarat,Vadodara,27.87,3.23,4.85,38,0,0.0,3,2156.0,-0.14,Moderate
04-06-2025 17:00,Gujarat,Vadodara,9.87,7.38,5.66,24,1,0.0,7,2312.0,0.35,Severe
04-06-2025 18:00,Kerala,Kozhikode,31.71,5.08,5.66,24,1,1.0,4,1837.0,-0.865,Severe
04-06-2025 19:00,Uttar Pradesh,Varanasi,54.86,1.47,5.35,42,1,1.0,8,1467.0,0.2,Moderate
04-06-2025 20:00,Tamil Nadu,Tiruppur,30.07,8.35,4.72,35,3,0.0,2,2373.0,0.49,Severe
04-06-2025 21:00,Gujarat,Bharuch,33.12,7.14,5.7,37,2,0.0,0,2056.0,0.14,Severe
04-06-2025 22:00,West Bengal,Howrah,4.98,5.68,4.27,30,2,2.5,3,1293.0,-0.28,Severe
04-06-2025 23:00,Uttar Pradesh,Lucknow,52.55,4.49,5.16,37,0,0.0,6,2005.0,0.38,Severe
05-06-2025 00:00,Tamil Nadu,Coimbatore,7.97,8.68,4.67,21,1,1.0,3,2268.0,1.17,Severe
05-06-2025 01:00,Maharashtra,Kolhapur,21.94,7.2,4.37,31,0,0.0,4,1874.0,-0.02,Severe
05-06-2025 02:00,Maharashtra,Pune,41.37,5.28,6.78,32,0,1.0,3,2295.0,0.03,Severe
05-06-2025 03:00,Uttar Pradesh,Lucknow,18.62,6.23,6.1,33,0,0.0,4,1248.0,0.24,Severe
05-06-2025 04:00,Assam,Dhemaji,21.68,3.25,4.51,37,2,1.0,4,2034.0,1.1,Severe
05-06-2025 05:00,Assam,Jorhat,40.08,2.57,6.85,28,3,0.0,5,2170.0,-0.25,Moderate
05-06-2025 06:00,West Bengal,Murshidabad,42.32,3.19,4.65,36,1,0.0,5,1588.0,0.0,Moderate
05-06-2025 07:00,Tamil Nadu,Madurai,35.03,3.35,4.71,32,1,1.0,3,2830.0,0.65,Severe
05-06-2025 08:00,Tamil Nadu,Coimbatore,4.46,6.92,4.4,26,1,0.0,7,1482.0,-0.21,Severe
05-06-2025 09:00,Uttar Pradesh,Prayagraj,6.34,2.12,6.18,22,0,0.0,1,364.0,-0.04,Low
05-06-2025 10:00,Karnataka,Mysuru,62.81,7.22,5.71,44,1,1.0,2,3062.0,1.15,Severe
05-06-2025 11:00,Maharashtra,Pune,25.8,5.19,4.17,36,0,1.0,6,2391.0,1.14,Severe
05-06-2025 12:00,Tamil Nadu,Madurai,104.02124999999998,4.08,4.08,66,5,0.0,2,4592.375,0.62,Severe
05-06-2025 13:00,Uttar Pradesh,Lucknow,40.22,3.4,5.6,30,0,2.0,5,1804.0,0.5,Severe
05-06-2025 14:00,Bihar,Patna,104.02124999999998,5.11,5.95,66,2,2.5,4,4592.375,0.09,Severe
05-06-2025 15:00,Kerala,Kottayam,29.74,3.54,6.47,32,1,0.0,7,2153.0,0.35,Severe
05-06-2025 16:00,Bihar,Bhagalpur,23.45,4.44,5.43,28,0,0.0,4,2264.0,0.01,Moderate
05-06-2025 17:00,Odisha,Bhubaneswar,53.0,6.91,6.03,44,2,2.0,2,2519.0,1.03,Severe
05-06-2025 18:00,West Bengal,Darjeeling,71.14,6.01,6.2,48,2,1.0,6,3391.0,0.42,Severe
05-06-2025 19:00,Tamil Nadu,Coimbatore,29.86,6.98,5.84,29,0,0.0,4,2693.0,0.28,Severe
05-06-2025 20:00,Odisha,Cuttack,51.86,6.7,5.06,39,1,2.0,5,1967.0,0.37,Severe
05-06-2025 21:00,Gujarat,Vadodara,8.02,7.52,4.4,29,0,0.0,3,1337.0,0.06,Severe
05-06-2025 22:00,Odisha,Balasore,17.02,2.61,5.94,33,1,1.0,5,1058.0,0.58,Moderate
05-06-2025 23:00,Uttar Pradesh,Kanpur,45.29,8.96,6.31,52,1,0.0,4,3040.0,0.25,Severe
06-06-2025 00:00,Tamil Nadu,Madurai,25.93,4.81,4.57,29,2,1.0,5,2058.0,1.5750000000000002,Severe
06-06-2025 01:00,Kerala,Alappuzha,41.3,6.75,5.48,35,1,0.0,6,2960.0,0.15,Severe
06-06-2025 02:00,Uttar Pradesh,Kanpur,45.79,6.42,5.19,38,1,0.0,3,1723.0,0.73,Severe
06-06-2025 03:00,Uttar Pradesh,Varanasi,51.31,5.53,4.62,39,1,2.0,3,3299.0,1.18,Severe
06-06-2025 04:00,West Bengal,Murshidabad,61.92,8.97,4.74,40,0,2.0,3,3511.0,-0.865,Severe
06-06-2025 05:00,West Bengal,Darjeeling,62.9,2.74,4.71,54,0,2.5,4,2086.0,0.16,Severe
06-06-2025 06:00,Maharashtra,Nagpur,14.14,4.37,5.26,29,0,2.0,3,1850.0,1.04,Severe
06-06-2025 07:00,Maharashtra,Pune,30.3,2.02,5.17,39,4,0.0,6,437.0,-0.66,Moderate
06-06-2025 08:00,Assam,Barpeta,29.61,2.45,5.66,48,1,0.0,3,1552.0,0.89,Moderate
06-06-2025 09:00,Karnataka,Mangaluru,32.61,6.7,4.28,31,1,0.0,8,2576.0,0.5,Severe
06-06-2025 10:00,Tamil Nadu,Coimbatore,27.77,1.04,5.74,38,3,0.0,8,1112.0,1.04,Moderate
06-06-2025 11:00,Tamil Nadu,Chennai,34.14,8.12,4.07,44,0,0.0,5,2812.0,0.22,Severe
06-06-2025 12:00,Odisha,Bhubaneswar,21.16,6.07,4.77,30,0,0.0,6,2340.0,0.47,Severe
06-06-2025 13:00,Tamil Nadu,Thanjavur,59.32,4.53,5.51,53,4,0.0,3,1903.0,-0.18,Severe
06-06-2025 14:00,Tamil Nadu,Thanjavur,45.84,3.65,6.06,42,3,1.0,5,2004.0,0.25,Severe
06-06-2025 15:00,Karnataka,Mangaluru,20.99,2.01,6.31,36,0,0.0,5,1951.0,0.0,Moderate
06-06-2025 16:00,Gujarat,Vadodara,34.61,8.37,4.11,44,2,1.0,3,2162.0,0.09,Severe
06-06-2025 17:00,Maharashtra,Mumbai,102.5,6.7,5.61,55,2,0.0,4,3578.0,0.42,Severe
06-06-2025 18:00,Maharashtra,Kolhapur,14.81,3.69,5.06,36,0,0.0,3,2016.0,0.0,Moderate
06-06-2025 19:00,Kerala,Kochi,17.49,1.57,6.08,24,2,1.0,3,1483.0,-0.65,Moderate
06-06-2025 20:00,Tamil Nadu,Chennai,61.1,3.61,4.85,57,3,0.0,4,2955.0,0.46,Severe
06-06-2025 21:00,Karnataka,Mangaluru,88.87,2.48,6.23,66,5,1.0,8,3834.0,0.45,Severe
06-06-2025 22:00,Maharashtra,Nagpur,42.46,7.29,5.81,37,1,0.0,3,2382.0,0.68,Severe
06-06-2025 23:00,Karnataka,Mangaluru,36.16,6.76,6.37,48,0,0.0,6,2319.0,0.35,Severe
07-06-2025 00:00,Bihar,Bhagalpur,12.59,4.99,6.95,25,0,0.0,1,1166.0,-0.14,Moderate
07-06-2025 01:00,Gujarat,Vadodara,24.33,8.09,6.73,25,1,0.0,5,1863.0,1.04,Severe
07-06-2025 02:00,Tamil Nadu,Chennai,23.38,2.45,5.78,29,0,0.0,7,2041.0,0.2,Moderate
07-06-2025 03:00,Kerala,Kozhikode,24.51,4.62,6.68,34,0,0.0,5,1718.0,-0.09,Moderate
07-06-2025 04:00,Odisha,Bhubaneswar,19.17,6.68,4.46,33,2,1.0,8,2299.0,1.0,Severe
07-06-2025 05:00,Maharashtra,Pune,11.91,1.54,4.13,32,0,0.0,2,1331.0,1.12,Moderate
07-06-2025 06:00,Bihar,Bhagalpur,53.35,3.98,5.6,49,1,0.0,1,2018.0,-0.865,Moderate
07-06-2025 07:00,Karnataka,Mangaluru,44.27,5.57,6.92,25,4,0.0,6,2511.0,-0.07,Severe
07-06-2025 08:00,West Bengal,Howrah,11.95,3.93,6.13,34,1,1.0,4,538.0,0.27,Moderate
07-06-2025 09:00,Uttar Pradesh,Prayagraj,34.93,4.84,4.92,31,0,2.0,4,2182.0,0.48,Severe
07-06-2025 10:00,Tamil Nadu,Tiruppur,26.97,5.86,6.01,26,2,0.0,7,1957.0,0.64,Severe
07-06-2025 11:00,Tamil Nadu,Tiruppur,95.68,3.95,4.12,66,1,1.0,7,2634.0,1.48,Severe
07-06-2025 12:00,Bihar,Gaya,75.47,1.85,5.41,53,1,2.0,0,2650.0,-0.14,Severe
07-06-2025 13:00,Karnataka,Bengaluru,95.31,2.12,4.71,66,3,2.0,1,4397.0,0.42,Severe
07-06-2025 14:00,Assam,Jorhat,24.06,5.22,4.15,21,1,1.0,2,2304.0,-0.31,Severe
07-06-2025 15:00,Tamil Nadu,Madurai,7.05,2.4,4.75,31,0,1.0,1,776.0,0.45,Moderate
07-06-2025 16:00,Assam,Dibrugarh,13.76,8.12,6.17,24,0,1.0,1,1801.0,1.1,Severe
07-06-2025 17:00,West Bengal,Murshidabad,24.4,7.67,5.65,43,1,0.0,2,2256.0,-0.865,Severe
07-06-2025 18:00,Bihar,Gaya,28.44,3.79,4.07,44,2,0.0,4,2083.0,-0.3,Severe
07-06-2025 19:00,Karnataka,Bengaluru,96.67,7.65,5.23,57,1,1.0,7,3651.0,0.7,Severe
07-06-2025 20:00,Karnataka,Mysuru,59.1,5.27,6.26,48,1,0.0,4,2537.0,0.71,Severe
07-06-2025 21:00,Gujarat,Bharuch,44.32,2.27,6.86,41,0,0.0,1,1833.0,-0.02,Moderate
07-06-2025 22:00,Uttar Pradesh,Kanpur,76.19,5.91,6.62,59,1,2.5,3,2513.0,0.72,Severe
07-06-2025 23:00,Maharashtra,Nagpur,49.56,6.44,4.0,38,1,1.0,5,2885.0,0.94,Severe
08-06-2025 00:00,Maharashtra,Pune,56.8,1.67,4.66,42,1,0.0,1,2334.0,0.6,Moderate
08-06-2025 01:00,Odisha,Kendrapara,26.98,3.52,4.62,33,0,2.0,7,1414.0,1.01,Severe
08-06-2025 02:00,Kerala,Alappuzha,9.83,1.04,5.24,24,2,2.0,0,627.0,0.5,Moderate
08-06-2025 03:00,Bihar,Muzaffarpur,8.08,3.53,5.94,29,0,2.0,4,764.0,0.23,Moderate
08-06-2025 04:00,West Bengal,Darjeeling,8.2,3.68,4.46,19,2,0.0,4,1393.0,0.48,Moderate
08-06-2025 05:00,Karnataka,Bengaluru,52.89,6.04,6.75,43,3,1.0,5,2304.0,0.73,Severe
08-06-2025 06:00,Uttar Pradesh,Kanpur,18.07,2.59,6.33,36,2,0.0,6,1593.0,-0.38,Moderate
08-06-2025 07:00,Assam,Jorhat,27.13,1.24,5.26,42,2,1.0,5,1846.0,0.47,Moderate
08-06-2025 08:00,Bihar,Darbhanga,11.01,3.53,5.75,32,2,0.0,4,1464.0,0.29,Moderate
08-06-2025 09:00,Odisha,Kendrapara,69.85,7.6,5.63,41,5,0.0,6,3204.0,0.11,Severe
08-06-2025 10:00,Bihar,Gaya,33.69,4.19,5.75,32,1,0.0,6,1827.0,-0.16,Moderate
08-06-2025 11:00,Odisha,Balasore,39.97,4.32,6.58,40,0,0.0,3,1760.0,-0.5,Moderate
08-06-2025 12:00,Karnataka,Bengaluru,42.76,4.75,4.6,41,2,0.0,3,2407.0,0.12,Severe
08-06-2025 13:00,Kerala,Kochi,46.42,7.01,6.05,35,0,0.0,3,2423.0,0.08,Severe
08-06-2025 14:00,Odisha,Bhubaneswar,72.25,4.84,4.32,50,4,2.0,4,3708.0,0.77,Severe
08-06-2025 15:00,Karnataka,Mangaluru,54.12,1.73,5.38,29,0,2.0,6,1441.0,0.86,Severe
08-06-2025 16:00,Karnataka,Kodagu,15.44,2.65,5.91,31,1,0.0,3,1059.0,-0.03,Moderate
08-06-2025 17:00,Kerala,Kochi,17.36,2.5,4.04,24,2,1.0,5,998.0,-0.04,Moderate
08-06-2025 18:00,Maharashtra,Nashik,104.02124999999998,5.06,4.32,66,0,0.0,4,4592.375,0.1,Severe
08-06-2025 19:00,Bihar,Darbhanga,63.99,1.24,4.27,57,1,1.0,1,1916.0,0.85,Severe
08-06-2025 20:00,Tamil Nadu,Coimbatore,104.02124999999998,3.27,5.12,65,5,1.0,5,4466.0,0.05,Severe
08-06-2025 21:00,Tamil Nadu,Madurai,28.6,5.86,5.87,48,0,1.0,2,2204.0,1.23,Severe
08-06-2025 22:00,Assam,Barpeta,88.66,3.84,6.99,55,4,0.0,5,3481.0,0.41,Severe
08-06-2025 23:00,Assam,Dhemaji,47.47,6.66,4.76,42,3,1.0,6,1837.0,0.55,Severe
09-06-2025 00:00,Tamil Nadu,Madurai,41.74,4.13,4.41,45,2,1.0,5,1823.0,0.14,Severe
09-06-2025 01:00,West Bengal,Darjeeling,34.7,8.83,5.24,52,1,1.0,4,3097.0,1.08,Severe
09-06-2025 02:00,Tamil Nadu,Madurai,58.5,8.72,4.44,48,3,2.0,3,2731.0,0.55,Severe
09-06-2025 03:00,Assam,Barpeta,48.93,7.4,4.07,52,0,0.0,3,2386.0,0.13,Severe
09-06-2025 04:00,Uttar Pradesh,Prayagraj,29.82,8.64,5.69,40,0,1.0,8,2851.0,-0.24,Severe
09-06-2025 05:00,Assam,Jorhat,21.8,2.64,6.64,34,1,0.0,2,895.0,0.66,Moderate
09-06-2025 06:00,West Bengal,Howrah,30.5,7.01,6.58,37,1,0.0,3,1532.0,0.06,Severe
09-06-2025 07:00,Bihar,Muzaffarpur,34.01,3.57,4.3,39,0,0.0,1,1538.0,0.27,Moderate
09-06-2025 08:00,Tamil Nadu,Thanjavur,25.29,6.8,4.44,25,2,0.0,5,3135.0,-0.07,Severe
09-06-2025 09:00,Kerala,Kochi,16.86,3.99,5.47,34,0,0.0,6,883.0,-0.06,Moderate
09-06-2025 10:00,Uttar Pradesh,Lucknow,35.68,3.32,5.1,43,1,0.0,3,1207.0,0.08,Moderate
09-06-2025 11:00,Karnataka,Bengaluru,45.09,8.67,6.11,42,0,1.0,8,3726.0,0.32,Severe
09-06-2025 12:00,West Bengal,Kolkata,41.12,2.68,5.48,33,0,0.0,3,2112.0,-0.18,Moderate
09-06-2025 13:00,Assam,Barpeta,13.57,7.07,4.06,39,0,0.0,5,2072.0,0.24,Severe
09-06-2025 14:00,Kerala,Thrissur,94.99,6.4,4.85,57,1,1.0,4,2986.0,0.03,Severe
09-06-2025 15:00,Odisha,Bhubaneswar,104.02124999999998,3.43,6.7,66,2,2.5,2,2997.0,0.3,Severe
09-06-2025 16:00,Maharashtra,Mumbai,52.26,4.67,5.53,50,1,1.0,3,2590.0,0.76,Severe
09-06-2025 17:00,Tamil Nadu,Coimbatore,59.44,2.14,6.39,56,1,1.0,4,1616.0,0.44,Severe
09-06-2025 18:00,Maharashtra,Nagpur,40.16,8.37,5.21,34,2,0.0,3,3169.0,0.08,Severe
09-06-2025 19:00,West Bengal,Murshidabad,43.43,8.74,6.03,32,4,0.0,4,2332.0,0.33,Severe
09-06-2025 20:00,Odisha,Bhubaneswar,7.64,6.86,4.51,33,2,2.0,1,2077.0,0.62,Severe
09-06-2025 21:00,Odisha,Kendrapara,31.81,7.8,6.21,30,1,0.0,2,2274.0,0.67,Severe
09-06-2025 22:00,Odisha,Cuttack,32.16,1.66,6.36,34,1,1.0,5,1269.0,0.44,Moderate
09-06-2025 23:00,Karnataka,Mysuru,104.02124999999998,4.07,4.27,66,5,1.0,4,3061.0,1.16,Severe
10-06-2025 00:00,West Bengal,Howrah,27.45,3.65,4.55,39,2,0.0,4,2866.0,-0.05,Severe
10-06-2025 01:00,Bihar,Muzaffarpur,93.97,5.52,5.39,62,2,1.0,2,3261.0,0.59,Severe
10-06-2025 02:00,Maharashtra,Mumbai,34.65,2.47,5.91,25,1,1.0,3,2160.0,0.32,Moderate
10-06-2025 03:00,Bihar,Darbhanga,24.61,5.51,5.91,23,1,1.0,4,1349.0,0.81,Severe
10-06-2025 04:00,Kerala,Alappuzha,8.1,6.23,6.0,28,0,0.0,4,2380.0,0.35,Severe
10-06-2025 05:00,Gujarat,Ahmedabad,42.95,2.06,6.14,30,0,0.0,2,2303.0,1.29,Moderate
10-06-2025 06:00,Uttar Pradesh,Varanasi,18.82,2.05,5.52,24,1,0.0,8,1248.0,0.39,Moderate
10-06-2025 07:00,Uttar Pradesh,Kanpur,9.14,1.28,5.72,30,0,0.0,3,591.0,0.68,Low
10-06-2025 08:00,Bihar,Darbhanga,52.03,7.09,4.03,51,4,0.0,2,3251.0,0.26,Severe
10-06-2025 09:00,Gujarat,Bharuch,44.13,3.65,4.5,44,1,0.0,2,1808.0,0.5,Severe
10-06-2025 10:00,Gujarat,Surat,46.79,2.8,5.5,51,2,0.0,3,2275.0,0.07,Moderate
10-06-2025 11:00,Tamil Nadu,Coimbatore,34.43,7.22,6.24,31,2,0.0,8,2644.0,0.54,Severe
10-06-2025 12:00,Kerala,Kochi,20.27,2.15,6.43,29,0,0.0,3,1827.0,-0.53,Moderate
10-06-2025 13:00,West Bengal,Murshidabad,15.04,4.42,6.19,34,0,1.0,7,1531.0,0.11,Severe
10-06-2025 14:00,Gujarat,Bharuch,86.53,6.96,5.46,60,1,0.0,3,2994.0,0.04,Severe
10-06-2025 15:00,Assam,Dibrugarh,54.94,5.59,4.84,46,3,0.0,2,1559.0,1.21,Severe
10-06-2025 16:00,Uttar Pradesh,Prayagraj,64.58,5.43,5.33,56,2,1.0,5,2362.0,0.02,Severe
10-06-2025 17:00,Assam,Guwahati,30.75,2.26,4.03,48,0,0.0,8,2242.0,0.13,Moderate
10-06-2025 18:00,Kerala,Thrissur,18.33,2.45,5.79,29,2,1.0,1,1732.0,0.01,Moderate
10-06-2025 19:00,Gujarat,Rajkot,16.77,5.66,4.22,33,3,0.0,2,2208.0,0.54,Severe
10-06-2025 20:00,Maharashtra,Kolhapur,36.2,1.19,4.44,36,1,0.0,0,962.0,0.2,Low
10-06-2025 21:00,Uttar Pradesh,Prayagraj,18.95,7.95,5.88,34,1,2.0,4,2382.0,0.15,Severe
10-06-2025 22:00,Tamil Nadu,Coimbatore,6.87,3.8,4.04,26,0,0.0,2,745.0,1.31,Moderate
10-06-2025 23:00,Tamil Nadu,Coimbatore,50.27,4.33,5.72,36,3,1.0,7,2336.0,0.42,Severe
11-06-2025 00:00,Odisha,Cuttack,64.56,3.07,5.92,56,3,1.0,4,1970.0,0.66,Severe
11-06-2025 01:00,Karnataka,Kodagu,22.66,8.01,6.36,42,1,0.0,1,2416.0,0.53,Severe
11-06-2025 02:00,Gujarat,Surat,8.8,6.14,4.2,31,2,2.0,6,1252.0,-0.03,Severe
11-06-2025 03:00,Kerala,Kozhikode,38.52,4.6,4.01,34,1,1.0,3,2540.0,0.09,Severe
11-06-2025 04:00,Uttar Pradesh,Prayagraj,30.48,5.68,6.3,28,2,2.0,4,2385.0,-0.15,Severe
11-06-2025 05:00,Karnataka,Bengaluru,25.85,4.04,4.87,45,0,1.0,3,1610.0,-0.2,Moderate
11-06-2025 06:00,Kerala,Thrissur,46.15,4.72,6.66,42,1,0.0,5,1533.0,0.37,Severe
11-06-2025 07:00,Bihar,Bhagalpur,37.13,3.86,4.55,32,0,0.0,4,1830.0,0.4,Moderate
11-06-2025 08:00,Gujarat,Rajkot,44.95,4.29,5.76,51,2,0.0,4,2296.0,0.29,Severe
11-06-2025 09:00,West Bengal,Malda,35.95,3.52,4.33,34,0,0.0,4,1782.0,0.52,Moderate
11-06-2025 10:00,West Bengal,Murshidabad,18.92,1.62,5.21,32,0,0.0,4,1284.0,0.28,Low
11-06-2025 11:00,Gujarat,Ahmedabad,17.83,1.3,6.65,25,0,2.0,7,1427.0,0.91,Moderate
11-06-2025 12:00,Odisha,Kendrapara,34.47,2.39,5.83,47,0,1.0,4,1328.0,0.12,Moderate
11-06-2025 13:00,Odisha,Balasore,61.55,3.01,6.07,41,2,0.0,3,2754.0,0.79,Severe
11-06-2025 14:00,West Bengal,Murshidabad,36.59,8.12,4.68,25,1,1.0,6,3047.0,0.69,Severe
11-06-2025 15:00,Maharashtra,Nashik,20.74,5.89,6.77,32,0,0.0,4,2126.0,-0.8,Severe
11-06-2025 16:00,Uttar Pradesh,Lucknow,38.4,8.67,5.87,34,2,1.0,3,3356.0,-0.33,Severe
11-06-2025 17:00,West Bengal,Malda,39.49,3.72,4.32,44,0,0.0,4,1653.0,-0.43,Moderate
11-06-2025 18:00,Maharashtra,Kolhapur,19.07,4.21,4.05,43,2,0.0,3,843.0,0.49,Severe
11-06-2025 19:00,Karnataka,Bengaluru,104.02124999999998,6.76,4.05,66,3,2.0,5,4592.375,-0.14,Severe
11-06-2025 20:00,Maharashtra,Nagpur,59.5,5.62,4.15,52,2,0.0,4,2858.0,0.82,Severe
11-06-2025 21:00,Karnataka,Bengaluru,30.85,5.22,6.73,37,0,0.0,5,2062.0,-0.14,Severe
11-06-2025 22:00,Kerala,Kozhikode,103.85,5.6,5.08,52,1,2.5,5,4592.375,0.43,Severe
11-06-2025 23:00,Assam,Dhemaji,43.1,5.67,4.89,40,1,0.0,8,1784.0,-0.11,Severe
12-06-2025 00:00,Kerala,Kottayam,40.69,7.13,5.25,37,2,0.0,8,2129.0,0.61,Severe
12-06-2025 01:00,West Bengal,Malda,81.07,6.34,5.23,49,2,1.0,6,4167.0,0.21,Severe
12-06-2025 02:00,Karnataka,Kodagu,59.79,8.66,4.72,34,2,0.0,7,3018.0,0.15,Severe
12-06-2025 03:00,West Bengal,Murshidabad,47.36,8.58,4.28,39,1,0.0,1,2525.0,0.04,Severe
12-06-2025 04:00,Gujarat,Vadodara,25.28,4.38,4.33,38,1,2.0,4,1938.0,-0.15,Severe
12-06-2025 05:00,Uttar Pradesh,Kanpur,34.11,1.29,5.8,39,1,1.0,3,1927.0,0.51,Moderate
12-06-2025 06:00,Tamil Nadu,Madurai,30.46,1.09,5.19,37,1,1.0,5,1241.0,0.04,Moderate
12-06-2025 07:00,West Bengal,Kolkata,21.05,1.99,6.71,24,0,0.0,3,1359.0,1.43,Moderate
12-06-2025 08:00,Uttar Pradesh,Prayagraj,104.02124999999998,1.6,5.39,66,5,0.0,4,4157.0,1.07,Severe
12-06-2025 09:00,Maharashtra,Nagpur,60.12,3.99,5.51,51,2,0.0,4,2855.0,0.23,Severe
12-06-2025 10:00,Kerala,Kottayam,29.62,1.42,6.78,30,1,0.0,6,1685.0,0.16,Moderate
12-06-2025 11:00,Maharashtra,Nashik,44.19,6.0,5.5,45,4,1.0,2,2677.0,0.26,Severe
12-06-2025 12:00,Tamil Nadu,Tiruppur,30.71,2.52,5.51,43,0,1.0,4,1137.0,1.02,Severe
12-06-2025 13:00,Karnataka,Kodagu,18.53,5.11,5.09,35,1,0.0,7,1634.0,1.3,Severe
12-06-2025 14:00,Gujarat,Surat,6.76,1.82,6.13,23,0,0.0,1,393.0,-0.54,Low
12-06-2025 15:00,Uttar Pradesh,Lucknow,46.78,7.62,5.18,32,1,0.0,5,3307.0,0.95,Severe
12-06-2025 16:00,Gujarat,Ahmedabad,34.9,7.24,5.76,33,0,1.0,2,2253.0,0.22,Severe
12-06-2025 17:00,Assam,Jorhat,71.1,4.09,5.34,48,5,1.0,3,2944.0,-0.02,Severe
12-06-2025 18:00,West Bengal,Howrah,22.83,8.28,5.59,38,0,0.0,2,2258.0,0.85,Severe
12-06-2025 19:00,Karnataka,Bengaluru,71.18,2.49,6.48,53,3,2.0,6,2385.0,0.39,Severe
12-06-2025 20:00,Assam,Barpeta,76.45,7.51,5.24,59,1,1.0,5,3450.0,0.97,Severe
12-06-2025 21:00,Bihar,Bhagalpur,64.92,5.37,4.69,41,2,1.0,2,2336.0,0.78,Severe
12-06-2025 22:00,West Bengal,Murshidabad,58.03,3.64,5.71,47,1,2.0,8,2219.0,0.5,Severe
12-06-2025 23:00,Maharashtra,Kolhapur,32.52,1.67,6.81,32,0,0.0,3,1490.0,1.08,Moderate
13-06-2025 00:00,Kerala,Kochi,70.37,2.37,6.08,58,2,0.0,5,2870.0,0.28,Severe
13-06-2025 01:00,Uttar Pradesh,Kanpur,63.12,7.9,4.93,42,1,0.0,0,2819.0,-0.14,Severe
13-06-2025 02:00,Tamil Nadu,Thanjavur,37.52,5.86,6.89,36,1,1.0,6,3076.0,1.21,Severe
13-06-2025 03:00,Tamil Nadu,Madurai,9.21,2.9,5.03,29,0,0.0,5,407.0,0.24,Moderate
13-06-2025 04:00,Maharashtra,Mumbai,28.58,4.97,6.95,39,0,2.0,3,2517.0,0.43,Severe
13-06-2025 05:00,Odisha,Kendrapara,65.51,1.86,4.58,40,2,0.0,5,1880.0,0.1,Moderate
13-06-2025 06:00,Tamil Nadu,Thanjavur,42.6,1.79,7.0,36,4,0.0,4,1136.0,0.4,Moderate
13-06-2025 07:00,Uttar Pradesh,Kanpur,24.63,8.26,4.23,34,1,0.0,2,2041.0,0.49,Severe
13-06-2025 08:00,Maharashtra,Nagpur,35.8,4.66,6.14,31,0,0.0,7,2400.0,-0.15,Severe
13-06-2025 09:00,Karnataka,Kodagu,37.44,3.89,6.22,36,3,0.0,1,1122.0,-0.14,Moderate
13-06-2025 10:00,Tamil Nadu,Tiruppur,18.01,8.59,6.04,30,2,1.0,7,1951.0,-0.05,Severe
13-06-2025 11:00,Gujarat,Bharuch,24.04,4.19,6.33,32,1,1.0,1,1837.0,0.29,Moderate
13-06-2025 12:00,Maharashtra,Kolhapur,104.02124999999998,3.69,5.42,66,3,1.0,5,3988.0,0.54,Severe
13-06-2025 13:00,Uttar Pradesh,Prayagraj,2.53,3.18,4.16,23,0,0.0,2,878.0,0.93,Moderate
13-06-2025 14:00,Gujarat,Bharuch,35.51,5.52,5.07,41,0,0.0,3,2458.0,1.45,Severe
13-06-2025 15:00,West Bengal,Malda,65.51,5.47,5.93,50,2,1.0,7,3396.0,0.43,Severe
13-06-2025 16:00,West Bengal,Murshidabad,35.09,1.13,5.94,47,2,0.0,4,1404.0,0.15,Moderate
13-06-2025 17:00,Tamil Nadu,Chennai,22.14,6.23,4.59,28,2,0.0,3,2159.0,-0.72,Severe
13-06-2025 18:00,Gujarat,Ahmedabad,27.03,7.31,4.76,26,0,2.0,5,2578.0,0.47,Severe
13-06-2025 19:00,Kerala,Kozhikode,104.02124999999998,5.93,5.46,57,5,1.0,6,3431.0,0.27,Severe
13-06-2025 20:00,West Bengal,Howrah,53.71,7.96,6.19,51,0,0.0,5,2983.0,0.19,Severe
13-06-2025 21:00,Kerala,Kochi,51.56,3.21,6.56,57,1,0.0,5,1428.0,0.05,Moderate
13-06-2025 22:00,Karnataka,Mysuru,32.4,2.54,4.26,47,1,1.0,6,2391.0,0.07,Severe
13-06-2025 23:00,Maharashtra,Nashik,41.03,6.58,6.78,39,2,2.0,3,2983.0,0.5,Severe
14-06-2025 00:00,Assam,Jorhat,15.73,2.51,6.78,29,0,1.0,6,1010.0,0.64,Moderate
14-06-2025 01:00,Uttar Pradesh,Lucknow,104.02124999999998,1.73,4.02,66,1,2.0,5,3644.0,0.34,Severe
14-06-2025 02:00,Maharashtra,Kolhapur,56.09,1.77,5.52,40,2,0.0,5,840.0,0.7,Moderate
14-06-2025 03:00,Uttar Pradesh,Gorakhpur,35.31,7.15,5.76,33,2,0.0,3,3292.0,0.93,Severe
14-06-2025 04:00,Gujarat,Surat,39.04,1.23,5.66,37,0,0.0,3,1315.0,0.31,Moderate
14-06-2025 05:00,Karnataka,Mysuru,48.64,3.32,5.85,39,2,2.0,4,2532.0,0.9,Severe
14-06-2025 06:00,Bihar,Gaya,15.61,2.03,5.51,32,0,2.0,1,623.0,-0.08,Moderate
14-06-2025 07:00,Tamil Nadu,Coimbatore,28.11,7.04,4.88,44,1,1.0,6,3056.0,0.48,Severe
14-06-2025 08:00,Uttar Pradesh,Lucknow,16.04,5.03,4.29,31,1,0.0,7,1707.0,0.18,Severe
14-06-2025 09:00,Uttar Pradesh,Kanpur,55.85,2.64,4.63,45,4,1.0,3,1163.0,0.57,Severe
14-06-2025 10:00,Gujarat,Ahmedabad,11.87,7.0,6.22,39,3,0.0,3,2029.0,-0.62,Severe
14-06-2025 11:00,Kerala,Thrissur,16.92,7.0,4.72,31,0,1.0,1,1992.0,0.88,Severe
14-06-2025 12:00,Maharashtra,Mumbai,60.58,5.18,6.49,43,2,2.0,1,2281.0,0.33,Severe
14-06-2025 13:00,Bihar,Gaya,41.15,3.21,5.21,42,0,0.0,4,2330.0,0.55,Moderate
14-06-2025 14:00,Odisha,Bhubaneswar,98.41,5.69,5.24,46,4,1.0,4,3662.0,0.0,Severe
14-06-2025 15:00,Tamil Nadu,Madurai,27.88,8.47,6.61,36,1,2.0,5,2848.0,1.1,Severe
14-06-2025 16:00,Assam,Jorhat,31.41,1.41,4.64,26,1,1.0,5,1175.0,0.51,Moderate
14-06-2025 17:00,Odisha,Bhubaneswar,85.36,3.14,4.57,50,0,2.5,4,2951.0,0.18,Severe
14-06-2025 18:00,Maharashtra,Nagpur,71.68,3.28,6.96,54,3,0.0,2,2772.0,-0.59,Severe
14-06-2025 19:00,Tamil Nadu,Madurai,61.42,6.05,5.62,38,1,1.0,8,3132.0,0.19,Severe
14-06-2025 20:00,Uttar Pradesh,Prayagraj,19.79,6.21,4.57,29,0,1.0,4,1820.0,-0.69,Severe
14-06-2025 21:00,Assam,Barpeta,21.1,2.65,4.5,30,1,1.0,3,1811.0,0.41,Moderate
14-06-2025 22:00,Kerala,Alappuzha,33.31,2.73,6.58,39,1,1.0,1,894.0,0.62,Moderate
14-06-2025 23:00,Bihar,Bhagalpur,32.71,8.43,5.8,34,0,0.0,2,3487.0,0.67,Severe
15-06-2025 00:00,Kerala,Thrissur,20.08,7.05,4.35,30,1,1.0,7,2515.0,-0.04,Severe
15-06-2025 01:00,Karnataka,Mangaluru,26.98,8.47,6.66,37,0,1.0,7,2864.0,0.07,Severe
15-06-2025 02:00,Gujarat,Bharuch,33.98,7.64,5.33,49,1,1.0,4,2557.0,0.31,Severe
15-06-2025 03:00,Tamil Nadu,Coimbatore,69.16,4.22,6.97,59,2,0.0,3,2493.0,0.1,Severe
15-06-2025 04:00,Kerala,Thrissur,81.55,1.98,4.85,51,3,2.0,4,3247.0,-0.4,Severe
15-06-2025 05:00,Odisha,Balasore,54.56,6.04,5.59,51,0,1.0,5,3059.0,0.07,Severe
15-06-2025 06:00,Gujarat,Ahmedabad,10.3,3.82,4.52,30,2,0.0,4,1112.0,0.53,Moderate
15-06-2025 07:00,Kerala,Kozhikode,75.06,4.4,5.32,46,1,1.0,8,2958.0,0.14,Severe
15-06-2025 08:00,West Bengal,Darjeeling,54.74,4.41,4.53,40,2,0.0,5,2437.0,0.24,Severe
15-06-2025 09:00,Karnataka,Mangaluru,62.93,8.49,4.92,45,4,1.0,1,2894.0,0.12,Severe
15-06-2025 10:00,Maharashtra,Pune,21.04,1.55,4.81,24,0,0.0,6,1546.0,1.4,Moderate
15-06-2025 11:00,Bihar,Patna,87.41,2.54,4.85,42,3,2.0,6,2900.0,0.41,Severe
15-06-2025 12:00,Karnataka,Udupi,30.61,5.86,6.91,32,1,1.0,3,2341.0,0.45,Severe
15-06-2025 13:00,Gujarat,Vadodara,19.87,8.07,4.12,32,1,0.0,4,2299.0,0.09,Severe
15-06-2025 14:00,West Bengal,Howrah,57.87,8.34,5.49,39,1,1.0,3,2319.0,0.56,Severe
15-06-2025 15:00,Tamil Nadu,Chennai,33.63,5.47,5.89,39,1,1.0,5,2731.0,0.39,Severe
15-06-2025 16:00,Odisha,Balasore,53.64,1.28,5.98,38,0,1.0,6,3079.0,-0.43,Moderate
15-06-2025 17:00,Bihar,Gaya,26.86,3.9,6.26,33,1,0.0,3,1366.0,1.02,Severe
15-06-2025 18:00,Bihar,Gaya,14.7,8.35,6.28,26,1,0.0,7,2091.0,0.3,Severe
15-06-2025 19:00,Karnataka,Mysuru,26.36,5.0,6.87,43,1,0.0,5,2646.0,0.59,Severe
15-06-2025 20:00,Gujarat,Rajkot,12.11,6.81,6.27,37,1,0.0,3,2077.0,0.06,Severe
15-06-2025 21:00,Tamil Nadu,Thanjavur,54.85,3.15,6.47,47,2,0.0,2,1437.0,0.55,Severe
15-06-2025 22:00,Uttar Pradesh,Prayagraj,3.31,1.2,5.6,24,0,0.0,8,626.0,0.65,Moderate
15-06-2025 23:00,West Bengal,Murshidabad,72.07,5.63,5.97,34,1,2.0,6,2947.0,-0.31,Severe
16-06-2025 00:00,Uttar Pradesh,Varanasi,12.98,7.68,5.43,27,1,0.0,1,1556.0,0.58,Severe
16-06-2025 01:00,Odisha,Puri,66.33,8.92,4.83,43,3,1.0,4,3391.0,0.3,Severe
16-06-2025 02:00,Tamil Nadu,Chennai,50.49,7.77,4.94,41,3,1.0,8,3263.0,-0.11,Severe
16-06-2025 03:00,Tamil Nadu,Madurai,5.53,5.43,5.08,27,0,0.0,5,1001.0,1.1,Severe
16-06-2025 04:00,West Bengal,Murshidabad,40.05,5.87,5.02,33,1,0.0,4,2902.0,-0.07,Severe
16-06-2025 05:00,Assam,Dibrugarh,11.48,7.59,5.6,28,0,1.0,5,2444.0,0.46,Severe
16-06-2025 06:00,Uttar Pradesh,Prayagraj,40.2,1.16,4.74,39,0,0.0,3,1507.0,-0.21,Low
16-06-2025 07:00,Kerala,Alappuzha,21.37,8.61,5.55,38,0,2.5,3,1868.0,-0.15,Severe
16-06-2025 08:00,Bihar,Patna,5.65,5.25,6.75,20,0,1.0,6,2080.0,0.83,Severe
16-06-2025 09:00,Assam,Dibrugarh,48.78,8.62,5.22,39,1,0.0,5,2024.0,0.19,Severe
16-06-2025 10:00,Kerala,Alappuzha,32.75,7.12,4.67,36,1,1.0,1,2900.0,1.0,Severe
16-06-2025 11:00,Gujarat,Rajkot,35.13,2.22,5.04,37,2,0.0,4,2062.0,0.16,Moderate
16-06-2025 12:00,West Bengal,Darjeeling,6.75,2.32,6.63,29,0,0.0,4,1583.0,0.14,Moderate
16-06-2025 13:00,Gujarat,Bharuch,6.04,3.83,6.83,32,1,2.0,3,0.0,0.01,Moderate
16-06-2025 14:00,Bihar,Patna,28.29,3.11,6.66,40,1,1.0,5,1711.0,0.13,Moderate
16-06-2025 15:00,Maharashtra,Kolhapur,65.11,4.51,4.86,44,0,2.5,5,2356.0,0.63,Severe
16-06-2025 16:00,Kerala,Kozhikode,55.51,5.83,5.16,57,3,0.0,5,2833.0,0.39,Severe
16-06-2025 17:00,Assam,Dhemaji,47.75,4.49,6.92,30,0,1.0,1,2510.0,0.21,Severe
16-06-2025 18:00,Kerala,Kottayam,78.6,1.45,4.97,48,4,2.0,4,3637.0,0.66,Severe
16-06-2025 19:00,Kerala,Thrissur,22.27,8.81,4.41,25,1,0.0,6,1797.0,0.6,Severe
16-06-2025 20:00,West Bengal,Howrah,49.71,4.4,4.85,46,1,1.0,5,2053.0,0.22,Severe
16-06-2025 21:00,Gujarat,Surat,8.58,7.81,6.89,31,0,0.0,5,1310.0,1.04,Severe
16-06-2025 22:00,Uttar Pradesh,Kanpur,104.02124999999998,1.59,5.25,66,4,2.0,5,4255.0,-0.34,Severe
16-06-2025 23:00,Maharashtra,Kolhapur,19.29,7.48,6.8,27,3,1.0,4,2968.0,0.53,Severe
17-06-2025 00:00,West Bengal,Murshidabad,47.15,2.39,4.31,34,2,1.0,4,2070.0,0.29,Severe
17-06-2025 01:00,Odisha,Kendrapara,97.17,6.44,6.3,66,5,1.0,2,3711.0,0.58,Severe
17-06-2025 02:00,West Bengal,Kolkata,26.19,6.29,4.28,25,0,1.0,2,2783.0,0.4,Severe
17-06-2025 03:00,Bihar,Gaya,46.38,8.28,4.59,34,5,0.0,3,3266.0,0.47,Severe
17-06-2025 04:00,Maharashtra,Nagpur,39.52,3.57,5.85,36,1,0.0,2,819.0,-0.45,Moderate
17-06-2025 05:00,Tamil Nadu,Tiruppur,25.21,1.87,5.3,40,3,0.0,3,1837.0,0.45,Moderate
17-06-2025 06:00,Odisha,Bhubaneswar,21.24,7.92,6.0,31,0,0.0,8,2025.0,0.82,Severe
17-06-2025 07:00,Karnataka,Udupi,12.7,3.65,6.92,31,5,1.0,3,763.0,0.08,Severe
17-06-2025 08:00,West Bengal,Darjeeling,30.81,2.86,4.16,41,0,0.0,5,2414.0,0.8,Severe
17-06-2025 09:00,Kerala,Thrissur,19.72,4.89,4.57,36,2,0.0,3,1248.0,0.19,Severe
17-06-2025 10:00,Uttar Pradesh,Kanpur,18.68,2.17,5.92,41,1,2.5,6,791.0,0.08,Severe
17-06-2025 11:00,Tamil Nadu,Madurai,52.0,3.38,6.69,40,1,0.0,2,1656.0,0.09,Moderate
17-06-2025 12:00,West Bengal,Howrah,37.65,4.08,6.39,36,4,2.5,8,1503.0,-0.11,Severe
17-06-2025 13:00,West Bengal,Howrah,67.98,3.22,5.4,49,1,1.0,2,2287.0,0.38,Severe
17-06-2025 14:00,Assam,Dhemaji,25.0,4.6,6.24,37,2,0.0,4,1883.0,0.07,Severe
17-06-2025 15:00,Assam,Dhemaji,13.63,4.08,4.62,33,1,0.0,3,1054.0,0.1,Moderate
17-06-2025 16:00,Tamil Nadu,Tiruppur,52.55,7.2,4.04,55,1,1.0,5,2766.0,0.04,Severe
17-06-2025 17:00,Gujarat,Ahmedabad,54.39,8.35,5.71,46,2,0.0,8,2846.0,0.5,Severe
17-06-2025 18:00,Assam,Guwahati,42.33,1.81,6.44,60,2,0.0,2,1868.0,-0.22,Moderate
17-06-2025 19:00,Kerala,Thrissur,18.27,7.59,5.3,32,1,0.0,8,2527.0,0.62,Severe
17-06-2025 20:00,Odisha,Cuttack,35.51,8.45,5.71,40,0,1.0,5,2400.0,0.58,Severe
17-06-2025 21:00,Karnataka,Mangaluru,13.1,6.49,5.27,25,0,0.0,5,1826.0,0.58,Severe
17-06-2025 22:00,Maharashtra,Mumbai,19.49,8.97,5.54,31,0,1.0,2,2101.0,-0.09,Severe
17-06-2025 23:00,Karnataka,Udupi,73.95,3.68,6.65,66,2,2.5,4,3423.0,0.46,Severe
18-06-2025 00:00,Karnataka,Mysuru,23.34,7.64,5.43,34,1,1.0,2,1611.0,0.94,Severe
18-06-2025 01:00,Maharashtra,Pune,62.89,6.39,4.02,43,3,1.0,3,4080.0,-0.19,Severe
18-06-2025 02:00,Assam,Dibrugarh,44.07,3.59,6.4,44,1,0.0,5,1579.0,0.43,Severe
18-06-2025 03:00,Tamil Nadu,Madurai,95.81,6.64,5.85,54,3,1.0,8,4592.375,-0.15,Severe
18-06-2025 04:00,Maharashtra,Pune,42.91,5.08,6.19,32,0,0.0,3,2020.0,0.23,Severe
18-06-2025 05:00,Bihar,Darbhanga,41.06,2.51,6.7,34,1,0.0,3,1634.0,0.34,Moderate
18-06-2025 06:00,Gujarat,Vadodara,8.66,2.39,4.86,34,0,0.0,5,603.0,0.07,Moderate
18-06-2025 07:00,Odisha,Kendrapara,19.94,6.71,5.51,35,1,0.0,3,1624.0,0.01,Severe
18-06-2025 08:00,Uttar Pradesh,Lucknow,28.22,6.7,5.81,34,0,1.0,4,1681.0,0.47,Severe
18-06-2025 09:00,Assam,Jorhat,104.02124999999998,5.25,5.04,58,4,2.5,3,4482.0,-0.1,Severe
18-06-2025 10:00,Gujarat,Ahmedabad,21.15,5.01,6.54,32,1,0.0,7,1214.0,0.58,Severe
18-06-2025 11:00,Maharashtra,Mumbai,13.88,2.44,6.09,34,3,1.0,3,118.0,1.13,Severe
18-06-2025 12:00,Bihar,Darbhanga,10.25,4.43,6.2,31,2,1.0,6,882.0,-0.23,Severe
18-06-2025 13:00,Uttar Pradesh,Prayagraj,8.4,7.97,6.42,34,1,2.0,8,2047.0,-0.25,Severe
18-06-2025 14:00,Odisha,Kendrapara,104.02124999999998,7.84,4.77,66,3,1.0,3,4592.375,-0.33,Severe
18-06-2025 15:00,Odisha,Puri,38.9,6.29,6.24,34,0,0.0,4,3396.0,0.14,Severe
18-06-2025 16:00,Assam,Jorhat,15.46,8.98,6.32,27,1,1.0,4,2478.0,0.74,Severe
18-06-2025 17:00,Maharashtra,Nagpur,80.04,8.15,6.53,41,2,1.0,1,4481.0,0.78,Severe
18-06-2025 18:00,Gujarat,Vadodara,103.95,2.16,5.47,59,2,2.5,1,4035.0,0.54,Severe
18-06-2025 19:00,Tamil Nadu,Coimbatore,16.07,4.19,5.51,34,1,1.0,0,822.0,0.44,Moderate
18-06-2025 20:00,Gujarat,Vadodara,24.29,2.06,4.29,26,1,2.0,6,1840.0,0.92,Severe
18-06-2025 21:00,Gujarat,Vadodara,72.02,4.73,6.56,51,3,2.5,8,3056.0,0.13,Severe
18-06-2025 22:00,Odisha,Kendrapara,54.88,7.21,5.6,39,1,0.0,4,3889.0,0.6,Severe
18-06-2025 23:00,Tamil Nadu,Chennai,30.22,2.25,5.78,39,1,2.0,4,1253.0,1.24,Severe
19-06-2025 00:00,Tamil Nadu,Madurai,73.3,8.04,4.36,53,1,0.0,2,4106.0,0.91,Severe
19-06-2025 01:00,Assam,Jorhat,8.35,5.55,5.81,30,0,1.0,5,2368.0,-0.15,Severe
19-06-2025 02:00,Uttar Pradesh,Kanpur,13.34,6.99,4.13,32,2,1.0,3,1967.0,0.09,Severe
19-06-2025 03:00,West Bengal,Malda,19.04,1.36,6.77,41,0,0.0,2,1832.0,1.27,Moderate
19-06-2025 04:00,Karnataka,Udupi,17.23,1.75,6.59,30,0,1.0,4,712.0,0.09,Moderate
19-06-2025 05:00,Karnataka,Udupi,4.07,5.97,4.58,39,0,1.0,0,1644.0,1.07,Severe
19-06-2025 06:00,Odisha,Puri,25.47,7.71,5.78,33,0,0.0,2,3081.0,0.16,Severe
19-06-2025 07:00,West Bengal,Murshidabad,49.77,7.99,5.81,48,1,2.0,8,3504.0,0.26,Severe
19-06-2025 08:00,Uttar Pradesh,Gorakhpur,60.07,6.51,6.41,45,1,2.0,5,2932.0,-0.06,Severe
19-06-2025 09:00,West Bengal,Malda,56.97,2.61,6.27,54,1,1.0,4,1392.0,0.01,Moderate
19-06-2025 10:00,Assam,Guwahati,68.91,2.56,6.98,41,2,2.0,3,1819.0,0.26,Severe
19-06-2025 11:00,Gujarat,Vadodara,45.94,8.05,5.05,34,1,0.0,3,2162.0,0.43,Severe
19-06-2025 12:00,Odisha,Bhubaneswar,22.19,1.91,4.37,30,4,0.0,3,1292.0,0.17,Moderate
19-06-2025 13:00,Tamil Nadu,Thanjavur,6.48,6.49,5.72,23,1,1.0,5,1466.0,0.67,Severe
19-06-2025 14:00,Odisha,Bhubaneswar,6.31,5.27,6.29,21,2,0.0,5,1186.0,0.17,Severe
19-06-2025 15:00,Karnataka,Udupi,37.08,4.37,4.86,38,2,0.0,3,1995.0,-0.58,Severe
19-06-2025 16:00,Uttar Pradesh,Varanasi,16.27,4.52,4.71,36,0,0.0,5,1211.0,0.26,Moderate
19-06-2025 17:00,West Bengal,Kolkata,35.74,8.56,6.41,43,1,1.0,6,2615.0,0.14,Severe
19-06-2025 18:00,Uttar Pradesh,Prayagraj,12.17,7.89,6.26,33,1,0.0,3,1211.0,1.02,Severe
19-06-2025 19:00,Assam,Guwahati,77.95,7.92,4.61,56,1,0.0,4,3903.0,0.75,Severe
19-06-2025 20:00,Odisha,Kendrapara,26.19,4.25,6.61,33,1,1.0,3,3161.0,0.8,Severe
19-06-2025 21:00,Maharashtra,Nashik,27.83,1.86,4.4,30,1,1.0,3,1835.0,0.67,Moderate
19-06-2025 22:00,Odisha,Bhubaneswar,29.78,8.98,4.33,52,1,0.0,4,3815.0,0.55,Severe
19-06-2025 23:00,Tamil Nadu,Tiruppur,72.3,2.16,5.05,49,2,1.0,1,3408.0,0.55,Severe
20-06-2025 00:00,Odisha,Balasore,13.6,5.12,6.66,32,1,2.5,2,1150.0,0.77,Severe
20-06-2025 01:00,Bihar,Bhagalpur,30.34,3.12,6.09,24,2,0.0,1,1376.0,0.61,Moderate
20-06-2025 02:00,Assam,Barpeta,34.96,5.09,5.18,33,0,1.0,4,1705.0,0.11,Severe
20-06-2025 03:00,Kerala,Kozhikode,17.63,3.44,4.47,27,0,0.0,4,2541.0,-0.29,Moderate
20-06-2025 04:00,Assam,Jorhat,50.61,8.18,6.14,52,1,0.0,4,3527.0,-0.5,Severe
20-06-2025 05:00,West Bengal,Murshidabad,67.01,8.75,5.8,59,1,0.0,3,3558.0,-0.03,Severe
20-06-2025 06:00,Kerala,Thrissur,6.37,4.28,6.96,18,1,0.0,2,1070.0,0.02,Moderate
20-06-2025 07:00,West Bengal,Murshidabad,54.25,1.56,6.3,37,1,1.0,5,857.0,0.31,Moderate
20-06-2025 08:00,West Bengal,Howrah,5.12,6.31,4.31,25,0,0.0,1,1666.0,0.29,Severe
20-06-2025 09:00,Tamil Nadu,Madurai,17.67,4.01,6.18,23,0,1.0,3,1678.0,1.13,Severe
20-06-2025 10:00,Tamil Nadu,Tiruppur,21.88,8.89,4.77,44,1,2.0,8,2102.0,0.6,Severe
20-06-2025 11:00,Gujarat,Bharuch,22.39,1.71,6.89,34,1,0.0,4,953.0,0.01,Moderate
20-06-2025 12:00,Karnataka,Udupi,74.74,1.95,4.06,55,2,1.0,2,2914.0,0.97,Severe
20-06-2025 13:00,Gujarat,Vadodara,23.58,6.6,4.72,38,0,0.0,2,1879.0,0.25,Severe
20-06-2025 14:00,Gujarat,Rajkot,23.56,7.07,5.5,36,1,0.0,3,1916.0,0.6,Severe
20-06-2025 15:00,Karnataka,Mangaluru,10.69,4.77,4.24,26,0,1.0,1,1512.0,0.56,Severe
20-06-2025 16:00,Maharashtra,Pune,41.46,3.22,5.03,33,2,1.0,3,2270.0,0.37,Severe
20-06-2025 17:00,Kerala,Alappuzha,28.63,3.48,5.49,36,0,2.5,3,1933.0,0.99,Severe
20-06-2025 18:00,Uttar Pradesh,Prayagraj,47.05,3.7,5.34,45,0,1.0,2,2233.0,0.09,Severe
20-06-2025 19:00,Gujarat,Rajkot,10.5,2.8,5.38,31,1,0.0,8,1541.0,0.41,Moderate
20-06-2025 20:00,Odisha,Kendrapara,97.22,7.81,6.64,66,3,0.0,0,3516.0,-0.06,Severe
20-06-2025 21:00,Odisha,Cuttack,56.83,1.52,5.52,53,4,0.0,4,2173.0,0.51,Severe
20-06-2025 22:00,West Bengal,Howrah,34.63,4.26,6.82,41,2,0.0,4,2876.0,0.53,Severe
20-06-2025 23:00,Karnataka,Kodagu,64.53,6.98,4.44,54,0,1.0,3,2169.0,0.39,Severe
21-06-2025 00:00,West Bengal,Howrah,98.85,1.03,4.84,66,1,1.0,3,3230.0,0.38,Severe
21-06-2025 01:00,Bihar,Gaya,42.09,8.02,5.97,42,2,0.0,3,2528.0,0.27,Severe
21-06-2025 02:00,Bihar,Muzaffarpur,29.3,6.65,4.85,40,1,1.0,2,2170.0,0.52,Severe
21-06-2025 03:00,Uttar Pradesh,Prayagraj,23.16,1.59,5.04,34,0,0.0,5,1730.0,0.63,Moderate
21-06-2025 04:00,Tamil Nadu,Thanjavur,26.65,8.16,6.7,50,2,0.0,4,2333.0,-0.2,Severe
21-06-2025 05:00,Tamil Nadu,Thanjavur,38.07,4.9,5.62,44,1,0.0,2,2568.0,0.23,Severe
21-06-2025 06:00,Karnataka,Mysuru,28.29,6.22,5.0,40,2,1.0,4,1796.0,0.19,Severe
21-06-2025 07:00,Karnataka,Udupi,53.5,8.06,6.33,41,2,0.0,3,2842.0,0.65,Severe
21-06-2025 08:00,Gujarat,Vadodara,82.8,8.05,4.21,55,5,1.0,5,3690.0,0.89,Severe
21-06-2025 09:00,Bihar,Gaya,12.45,4.27,5.69,34,2,2.0,8,1801.0,0.54,Severe
21-06-2025 10:00,Gujarat,Bharuch,12.39,2.9,4.3,29,0,0.0,1,290.0,0.41,Low
21-06-2025 11:00,Tamil Nadu,Chennai,23.8,3.06,4.53,33,0,1.0,6,1450.0,0.0,Moderate
21-06-2025 12:00,Kerala,Kochi,6.44,7.13,4.19,34,3,1.0,4,1990.0,1.19,Severe
21-06-2025 13:00,Kerala,Kochi,92.84,8.44,6.71,53,3,2.5,4,4592.375,-0.07,Severe
21-06-2025 14:00,Karnataka,Bengaluru,69.1,1.58,4.14,41,1,0.0,8,1988.0,-0.21,Moderate
21-06-2025 15:00,West Bengal,Kolkata,29.06,1.12,5.55,32,1,0.0,4,751.0,0.67,Moderate
21-06-2025 16:00,Tamil Nadu,Coimbatore,31.09,7.58,4.67,39,1,0.0,3,2292.0,0.12,Severe
21-06-2025 17:00,Kerala,Kozhikode,42.85,4.09,5.15,39,5,0.0,5,2211.0,0.69,Severe
21-06-2025 18:00,Tamil Nadu,Madurai,17.89,3.21,5.48,30,2,0.0,0,1446.0,0.99,Moderate
21-06-2025 19:00,Assam,Dibrugarh,25.9,2.51,5.35,29,1,0.0,1,1242.0,0.23,Moderate
21-06-2025 20:00,Odisha,Cuttack,18.95,3.77,6.24,34,0,0.0,1,750.0,0.56,Moderate
21-06-2025 21:00,Bihar,Bhagalpur,35.06,8.77,6.74,42,0,0.0,7,2575.0,0.15,Severe
21-06-2025 22:00,Gujarat,Rajkot,35.75,8.82,4.9,32,2,0.0,4,3083.0,0.38,Severe
21-06-2025 23:00,Tamil Nadu,Chennai,30.45,3.65,4.07,35,1,2.5,2,2104.0,0.29,Severe
22-06-2025 00:00,Odisha,Cuttack,64.86,8.71,6.68,48,0,2.5,0,2631.0,0.78,Severe
22-06-2025 01:00,Assam,Guwahati,30.75,3.4,6.94,31,1,0.0,5,1057.0,0.1,Moderate
22-06-2025 02:00,Gujarat,Rajkot,32.17,7.84,5.3,31,0,1.0,4,2414.0,0.05,Severe
22-06-2025 03:00,Tamil Nadu,Thanjavur,8.91,2.7,5.37,21,1,0.0,5,1285.0,0.26,Moderate
22-06-2025 04:00,Karnataka,Udupi,52.4,7.61,4.43,44,4,2.0,4,3384.0,0.65,Severe
22-06-2025 05:00,Odisha,Cuttack,37.56,3.83,5.43,39,2,0.0,8,2410.0,-0.01,Severe
22-06-2025 06:00,Gujarat,Vadodara,56.22,2.57,4.91,42,1,1.0,4,1604.0,-0.18,Moderate
22-06-2025 07:00,Tamil Nadu,Chennai,16.58,8.48,6.98,27,1,1.0,6,2980.0,0.88,Severe
22-06-2025 08:00,Odisha,Cuttack,13.2,2.71,4.55,38,1,0.0,4,1214.0,-0.65,Moderate
22-06-2025 09:00,Assam,Jorhat,27.99,8.93,5.14,34,1,0.0,3,2510.0,-0.24,Severe
22-06-2025 10:00,Tamil Nadu,Chennai,5.35,1.87,5.85,20,1,1.0,5,1850.0,1.32,Moderate
22-06-2025 11:00,Tamil Nadu,Madurai,96.22,1.08,5.04,57,3,2.0,2,3965.0,-0.44,Severe
22-06-2025 12:00,Tamil Nadu,Thanjavur,27.3,7.97,5.42,46,0,0.0,7,1993.0,0.15,Severe
22-06-2025 13:00,Uttar Pradesh,Prayagraj,2.63,5.69,6.92,29,1,0.0,4,1138.0,0.06,Moderate
22-06-2025 14:00,Karnataka,Bengaluru,22.52,4.37,5.52,22,0,1.0,3,2970.0,-0.68,Moderate
22-06-2025 15:00,Assam,Dibrugarh,29.51,1.66,6.73,39,0,0.0,5,1633.0,-0.1,Moderate
22-06-2025 16:00,Gujarat,Ahmedabad,83.23,5.6,4.13,50,2,2.0,1,3219.0,0.47,Severe
22-06-2025 17:00,Uttar Pradesh,Lucknow,34.77,4.15,4.36,26,0,0.0,8,1691.0,0.69,Severe
22-06-2025 18:00,West Bengal,Murshidabad,9.6,4.87,6.83,34,0,1.0,5,2005.0,0.85,Severe
22-06-2025 19:00,Uttar Pradesh,Gorakhpur,43.25,6.04,4.39,37,1,0.0,0,2323.0,0.18,Severe
22-06-2025 20:00,Bihar,Patna,34.39,6.12,6.21,31,0,1.0,3,1309.0,-0.48,Severe
22-06-2025 21:00,Bihar,Patna,28.69,8.68,5.34,28,0,1.0,4,3119.0,0.37,Severe
22-06-2025 22:00,Tamil Nadu,Coimbatore,25.33,6.24,5.22,39,0,0.0,4,1743.0,0.97,Severe
22-06-2025 23:00,Uttar Pradesh,Lucknow,61.97,3.72,5.98,51,0,0.0,5,2436.0,1.04,Severe
23-06-2025 00:00,West Bengal,Malda,33.65,3.64,6.18,38,0,0.0,4,1393.0,0.79,Moderate
23-06-2025 01:00,Uttar Pradesh,Prayagraj,32.12,4.82,6.8,30,2,0.0,3,1209.0,-0.26,Moderate
23-06-2025 02:00,Karnataka,Mangaluru,71.64,3.07,4.77,51,5,0.0,7,2590.0,0.26,Severe
23-06-2025 03:00,Karnataka,Bengaluru,57.34,4.01,6.09,46,2,0.0,2,2674.0,0.45,Severe
23-06-2025 04:00,West Bengal,Malda,43.37,7.74,5.03,36,0,1.0,2,2979.0,0.53,Severe
23-06-2025 05:00,Uttar Pradesh,Varanasi,19.36,7.88,6.15,26,0,0.0,2,1994.0,-0.45,Severe
23-06-2025 06:00,Odisha,Kendrapara,26.62,6.02,4.43,31,0,0.0,3,2498.0,1.28,Severe
23-06-2025 07:00,Karnataka,Kodagu,31.31,5.66,5.37,38,0,0.0,3,3050.0,0.94,Severe
23-06-2025 08:00,Karnataka,Udupi,10.72,4.42,4.55,40,1,0.0,5,1314.0,0.35,Severe
23-06-2025 09:00,Kerala,Kochi,22.85,6.09,5.01,28,1,1.0,1,1644.0,0.41,Severe
23-06-2025 10:00,Uttar Pradesh,Varanasi,34.53,7.45,6.15,44,3,2.0,7,2820.0,0.13,Severe
23-06-2025 11:00,Karnataka,Kodagu,49.81,6.9,4.7,34,0,0.0,3,2327.0,0.91,Severe
23-06-2025 12:00,Assam,Dibrugarh,48.41,1.28,6.05,32,2,0.0,2,3048.0,-0.17,Moderate
23-06-2025 13:00,Uttar Pradesh,Lucknow,7.22,6.85,5.49,25,0,0.0,6,2303.0,0.4,Severe
23-06-2025 14:00,Bihar,Gaya,25.41,6.76,4.28,38,2,1.0,2,2571.0,-0.03,Severe
23-06-2025 15:00,Kerala,Kottayam,17.52,1.79,5.16,37,2,1.0,2,952.0,0.34,Moderate
23-06-2025 16:00,Karnataka,Mysuru,5.86,2.2,6.61,32,0,0.0,2,953.0,0.88,Moderate
23-06-2025 17:00,Kerala,Kottayam,30.21,7.3,6.97,33,0,0.0,7,2044.0,0.06,Severe
23-06-2025 18:00,Bihar,Bhagalpur,22.62,5.47,5.11,30,3,1.0,2,2219.0,0.43,Severe
23-06-2025 19:00,West Bengal,Howrah,33.7,7.57,4.16,43,3,0.0,4,2116.0,0.29,Severe
23-06-2025 20:00,West Bengal,Howrah,48.72,2.48,4.39,36,3,0.0,5,2934.0,0.02,Severe
23-06-2025 21:00,Uttar Pradesh,Kanpur,43.08,1.24,6.36,31,1,2.0,5,1396.0,0.07,Moderate
23-06-2025 22:00,Bihar,Muzaffarpur,104.02124999999998,2.3,5.97,63,4,0.0,2,2622.0,0.08,Severe
23-06-2025 23:00,Maharashtra,Nashik,37.46,4.62,4.86,46,1,0.0,6,2738.0,-0.46,Severe
24-06-2025 00:00,Maharashtra,Kolhapur,81.18,5.19,5.17,55,2,1.0,7,3804.0,0.28,Severe
24-06-2025 01:00,Uttar Pradesh,Prayagraj,13.77,7.86,6.43,29,0,1.0,3,2069.0,0.39,Severe
24-06-2025 02:00,Tamil Nadu,Chennai,42.62,6.73,5.24,41,4,0.0,1,2491.0,-0.33,Severe
24-06-2025 03:00,Kerala,Kottayam,19.16,8.92,6.27,27,2,0.0,4,2505.0,0.15,Severe
24-06-2025 04:00,Kerala,Kottayam,27.69,1.63,4.89,34,0,1.0,6,1806.0,0.25,Moderate
24-06-2025 05:00,West Bengal,Darjeeling,58.26,2.04,6.17,32,0,1.0,5,2790.0,0.71,Severe
24-06-2025 06:00,Maharashtra,Mumbai,27.49,1.67,5.4,31,1,0.0,1,1270.0,1.13,Moderate
24-06-2025 07:00,Gujarat,Bharuch,65.61,5.31,5.64,48,0,0.0,4,4058.0,0.53,Severe
24-06-2025 08:00,Karnataka,Udupi,19.64,3.13,5.8,27,0,0.0,3,1157.0,-0.27,Moderate
24-06-2025 09:00,Karnataka,Udupi,13.33,6.47,5.35,41,1,1.0,5,1236.0,-0.07,Severe
24-06-2025 10:00,Karnataka,Bengaluru,39.12,2.06,5.4,27,1,0.0,3,2023.0,0.38,Moderate
24-06-2025 11:00,West Bengal,Howrah,40.37,1.83,4.8,43,3,1.0,2,1340.0,0.15,Moderate
24-06-2025 12:00,Bihar,Patna,26.19,4.68,6.96,32,0,2.0,2,2303.0,0.33,Severe
24-06-2025 13:00,Odisha,Balasore,51.2,4.01,6.72,32,3,0.0,4,3131.0,0.72,Severe
24-06-2025 14:00,Maharashtra,Nashik,4.9,7.63,5.58,15,3,0.0,2,2240.0,0.27,Severe
24-06-2025 15:00,Maharashtra,Nashik,15.17,7.7,4.1,31,2,0.0,4,2297.0,1.45,Severe
24-06-2025 16:00,Gujarat,Rajkot,44.89,1.94,4.51,56,0,1.0,3,1251.0,-0.36,Moderate
24-06-2025 17:00,Kerala,Kozhikode,28.33,7.5,6.56,39,2,0.0,4,2789.0,0.59,Severe
24-06-2025 18:00,Tamil Nadu,Tiruppur,20.35,5.51,6.79,31,0,0.0,7,1273.0,-0.4,Severe
24-06-2025 19:00,Uttar Pradesh,Lucknow,37.03,5.03,4.48,41,2,0.0,6,2067.0,-0.03,Severe
24-06-2025 20:00,Kerala,Alappuzha,62.4,1.76,6.2,39,2,1.0,8,1541.0,0.73,Severe
24-06-2025 21:00,Bihar,Gaya,42.77,6.92,5.87,44,1,0.0,4,2221.0,-0.58,Severe
24-06-2025 22:00,Uttar Pradesh,Kanpur,55.82,1.48,4.91,44,1,1.0,3,2277.0,0.48,Moderate
24-06-2025 23:00,Maharashtra,Nashik,44.29,3.22,5.31,35,2,1.0,5,2154.0,-0.21,Severe
25-06-2025 00:00,Bihar,Bhagalpur,73.11,1.76,6.03,52,3,0.0,5,2746.0,0.32,Severe
25-06-2025 01:00,Uttar Pradesh,Prayagraj,22.78,5.25,4.3,31,1,0.0,5,889.0,0.07,Severe
25-06-2025 02:00,Gujarat,Ahmedabad,65.07,6.16,4.57,49,0,1.0,8,3342.0,0.36,Severe
25-06-2025 03:00,Gujarat,Ahmedabad,7.76,8.13,4.1,24,1,0.0,1,2845.0,0.53,Severe
25-06-2025 04:00,Assam,Dhemaji,12.17,6.87,6.71,29,0,0.0,5,1385.0,0.83,Severe
25-06-2025 05:00,Odisha,Bhubaneswar,50.44,8.69,5.72,41,2,1.0,7,2924.0,0.41,Severe
25-06-2025 06:00,Gujarat,Surat,11.54,7.09,5.57,33,0,0.0,4,1135.0,0.63,Severe
25-06-2025 07:00,Maharashtra,Pune,26.22,3.38,6.12,34,2,1.0,3,1889.0,0.32,Severe
25-06-2025 08:00,Tamil Nadu,Coimbatore,72.4,5.38,6.97,48,5,0.0,2,4137.0,-0.25,Severe
25-06-2025 09:00,Karnataka,Mysuru,13.59,4.66,4.52,23,1,0.0,2,1383.0,-0.16,Moderate
25-06-2025 10:00,Assam,Dhemaji,59.12,5.53,4.4,38,0,0.0,3,3093.0,1.02,Severe
25-06-2025 11:00,Karnataka,Mysuru,25.24,5.58,4.88,31,1,1.0,4,2090.0,-0.2,Severe
25-06-2025 12:00,Odisha,Balasore,12.58,6.62,6.71,35,0,1.0,6,2076.0,0.44,Severe
25-06-2025 13:00,Uttar Pradesh,Kanpur,33.43,1.66,5.23,35,2,1.0,8,1123.0,0.43,Moderate
25-06-2025 14:00,West Bengal,Darjeeling,69.29,6.97,6.38,46,1,0.0,7,3071.0,0.4,Severe
25-06-2025 15:00,Gujarat,Ahmedabad,11.21,2.15,4.61,29,1,0.0,7,609.0,0.81,Moderate
25-06-2025 16:00,Tamil Nadu,Tiruppur,10.64,1.21,5.48,28,0,0.0,7,576.0,0.06,Low
25-06-2025 17:00,Odisha,Kendrapara,49.35,5.15,4.38,49,4,0.0,6,2515.0,0.25,Severe
25-06-2025 18:00,Karnataka,Kodagu,21.9,5.65,5.24,38,1,0.0,3,2338.0,0.2,Severe
25-06-2025 19:00,Assam,Barpeta,104.02124999999998,1.28,4.79,66,4,1.0,2,3090.0,-0.67,Severe
25-06-2025 20:00,Gujarat,Surat,40.39,5.12,5.65,33,0,0.0,6,2376.0,0.01,Severe
25-06-2025 21:00,Maharashtra,Kolhapur,62.23,5.28,6.34,56,1,0.0,2,3176.0,0.83,Severe
25-06-2025 22:00,Gujarat,Surat,39.43,1.42,6.82,31,1,0.0,4,1700.0,1.26,Moderate
25-06-2025 23:00,Assam,Dibrugarh,11.46,6.69,4.85,27,0,0.0,3,2364.0,0.78,Severe
26-06-2025 00:00,Assam,Jorhat,16.18,2.68,6.23,32,1,0.0,2,1350.0,0.52,Moderate
26-06-2025 01:00,West Bengal,Kolkata,18.07,7.36,6.66,21,2,0.0,3,1327.0,-0.27,Severe
26-06-2025 02:00,Gujarat,Surat,46.11,3.49,4.37,41,2,1.0,3,2651.0,0.43,Severe
26-06-2025 03:00,Gujarat,Surat,32.59,4.82,5.76,44,1,2.5,3,1603.0,0.39,Severe
26-06-2025 04:00,West Bengal,Malda,6.28,8.13,5.84,27,1,0.0,0,2417.0,1.4,Severe
26-06-2025 05:00,Bihar,Gaya,52.15,7.45,4.82,51,0,2.0,5,3461.0,-0.44,Severe
26-06-2025 06:00,Bihar,Darbhanga,104.02124999999998,7.25,4.07,66,4,2.0,2,4186.0,-0.21,Severe
26-06-2025 07:00,Uttar Pradesh,Varanasi,13.4,2.28,4.77,40,0,1.0,5,2061.0,0.9,Moderate
26-06-2025 08:00,Bihar,Darbhanga,15.19,1.39,5.75,20,0,0.0,4,1995.0,1.05,Moderate
26-06-2025 09:00,Kerala,Kozhikode,19.8,5.85,4.59,36,1,0.0,3,1048.0,0.5,Severe
26-06-2025 10:00,Gujarat,Ahmedabad,29.85,4.29,4.86,35,2,1.0,2,1650.0,0.19,Severe
26-06-2025 11:00,Tamil Nadu,Madurai,14.32,8.27,6.12,34,3,1.0,5,2024.0,0.61,Severe
26-06-2025 12:00,Gujarat,Surat,71.8,3.8,5.19,51,1,0.0,1,2797.0,1.33,Severe
26-06-2025 13:00,Kerala,Kottayam,89.48,4.28,4.2,52,5,2.0,5,4061.0,0.06,Severe
26-06-2025 14:00,Kerala,Thrissur,35.73,5.21,5.2,39,0,0.0,1,1540.0,0.56,Severe
26-06-2025 15:00,Karnataka,Kodagu,31.32,7.37,7.0,35,2,2.0,1,2299.0,0.26,Severe
26-06-2025 16:00,Gujarat,Surat,7.1,3.15,4.78,22,3,0.0,2,1962.0,0.52,Moderate
26-06-2025 17:00,Odisha,Kendrapara,12.35,8.53,4.8,23,0,0.0,2,2021.0,0.7,Severe
26-06-2025 18:00,Kerala,Thrissur,4.09,5.32,4.51,34,2,0.0,3,1860.0,0.09,Severe
26-06-2025 19:00,Tamil Nadu,Madurai,20.56,7.73,4.81,28,2,1.0,6,1450.0,0.79,Severe
26-06-2025 20:00,West Bengal,Howrah,23.61,5.2,5.72,41,0,0.0,6,2757.0,0.13,Severe
26-06-2025 21:00,Uttar Pradesh,Prayagraj,48.91,7.18,6.89,49,0,0.0,2,3549.0,0.61,Severe
26-06-2025 22:00,Karnataka,Kodagu,36.0,1.41,5.82,33,0,0.0,1,1624.0,-0.52,Low
26-06-2025 23:00,West Bengal,Murshidabad,17.2,7.39,5.23,38,2,2.5,3,1854.0,0.69,Severe
27-06-2025 00:00,Karnataka,Udupi,50.7,5.19,5.17,39,2,1.0,3,2728.0,-0.05,Severe
27-06-2025 01:00,Tamil Nadu,Chennai,104.02124999999998,4.6,4.07,66,3,2.5,2,4302.0,0.13,Severe
27-06-2025 02:00,Assam,Dibrugarh,52.47,1.89,4.01,42,1,0.0,3,2515.0,-0.67,Moderate
27-06-2025 03:00,Gujarat,Ahmedabad,22.1,6.93,6.39,31,1,2.0,2,1866.0,0.25,Severe
27-06-2025 04:00,Maharashtra,Nashik,38.77,2.05,5.47,40,3,0.0,3,1196.0,0.95,Moderate
27-06-2025 05:00,Odisha,Balasore,13.97,2.54,4.1,24,1,1.0,5,1613.0,-0.35,Moderate
27-06-2025 06:00,West Bengal,Murshidabad,12.71,2.01,4.86,22,0,1.0,4,665.0,0.44,Moderate
27-06-2025 07:00,Gujarat,Surat,93.87,1.05,5.07,66,2,1.0,6,3052.0,-0.57,Severe
27-06-2025 08:00,Odisha,Kendrapara,39.21,6.3,6.35,46,0,0.0,4,3145.0,0.28,Severe
27-06-2025 09:00,Assam,Guwahati,63.61,3.17,5.3,43,1,0.0,6,1967.0,0.74,Severe
27-06-2025 10:00,Maharashtra,Mumbai,26.78,2.2,6.37,36,3,0.0,3,857.0,0.3,Moderate
27-06-2025 11:00,Odisha,Balasore,12.64,3.56,5.9,30,0,1.0,7,1291.0,0.7,Severe
27-06-2025 12:00,Odisha,Cuttack,10.59,4.99,4.1,27,2,2.0,5,1517.0,0.12,Severe
27-06-2025 13:00,West Bengal,Howrah,15.85,5.03,6.91,25,2,1.0,3,1985.0,1.51,Severe
27-06-2025 14:00,Bihar,Muzaffarpur,42.89,3.94,4.54,36,0,0.0,5,3048.0,0.85,Severe
27-06-2025 15:00,Maharashtra,Mumbai,8.68,4.96,4.83,33,0,0.0,6,750.0,0.44,Severe
27-06-2025 16:00,Gujarat,Ahmedabad,33.59,4.42,6.43,38,1,0.0,8,2024.0,1.12,Severe
27-06-2025 17:00,Assam,Guwahati,46.81,7.58,4.57,40,1,1.0,4,2001.0,0.98,Severe
27-06-2025 18:00,Maharashtra,Nagpur,12.23,1.24,5.2,32,1,0.0,0,1274.0,0.11,Low
27-06-2025 19:00,Tamil Nadu,Tiruppur,104.02124999999998,7.94,6.59,64,0,2.5,2,4592.375,0.58,Severe
27-06-2025 20:00,Bihar,Patna,58.6,2.95,5.91,42,2,1.0,8,2625.0,0.22,Severe
27-06-2025 21:00,Tamil Nadu,Tiruppur,29.75,6.77,4.91,40,1,0.0,3,2504.0,0.76,Severe
27-06-2025 22:00,Assam,Jorhat,18.15,4.24,5.93,25,2,0.0,2,1831.0,1.06,Severe
27-06-2025 23:00,West Bengal,Howrah,40.2,3.35,6.44,34,1,0.0,8,1964.0,-0.32,Severe
28-06-2025 00:00,West Bengal,Darjeeling,39.3,5.92,5.21,38,0,0.0,7,1450.0,0.4,Severe
28-06-2025 01:00,Assam,Dhemaji,34.12,7.15,5.72,39,1,1.0,2,1797.0,1.01,Severe
28-06-2025 02:00,Karnataka,Mangaluru,41.24,4.6,6.96,42,2,0.0,8,2460.0,0.69,Severe
28-06-2025 03:00,Assam,Dhemaji,14.66,4.73,6.89,38,0,1.0,2,2085.0,0.54,Severe
28-06-2025 04:00,Bihar,Gaya,52.29,1.47,5.53,38,2,2.5,8,1188.0,0.83,Severe
28-06-2025 05:00,Kerala,Kochi,9.92,8.39,4.29,37,1,0.0,2,973.0,-0.25,Severe
28-06-2025 06:00,West Bengal,Malda,4.5,7.78,6.1,31,2,1.0,4,2661.0,0.61,Severe
28-06-2025 07:00,Uttar Pradesh,Kanpur,48.47,4.18,4.81,43,0,1.0,0,2445.0,0.91,Severe
28-06-2025 08:00,Bihar,Gaya,42.13,7.12,6.01,36,0,0.0,3,1850.0,0.61,Severe
28-06-2025 09:00,Bihar,Darbhanga,32.02,3.51,5.06,31,1,0.0,0,1216.0,-0.2,Moderate
28-06-2025 10:00,Bihar,Patna,19.8,6.84,6.16,37,0,0.0,2,1751.0,0.18,Severe
28-06-2025 11:00,Odisha,Kendrapara,22.72,5.13,5.1,34,0,0.0,3,1321.0,0.35,Moderate
28-06-2025 12:00,Bihar,Muzaffarpur,14.23,4.69,6.82,25,0,0.0,3,1169.0,-0.02,Moderate
28-06-2025 13:00,West Bengal,Malda,38.83,1.45,4.41,44,2,1.0,3,1887.0,-0.06,Moderate
28-06-2025 14:00,Kerala,Kozhikode,3.67,8.72,4.21,25,1,0.0,7,1847.0,0.57,Severe
28-06-2025 15:00,Kerala,Thrissur,5.94,7.7,6.34,19,0,0.0,3,1896.0,1.09,Severe
28-06-2025 16:00,Bihar,Darbhanga,14.81,7.35,5.2,35,0,1.0,7,2222.0,-0.5,Severe
28-06-2025 17:00,Tamil Nadu,Madurai,35.6,3.44,5.4,36,0,1.0,1,1593.0,0.13,Moderate
28-06-2025 18:00,West Bengal,Darjeeling,30.19,3.32,6.8,39,0,1.0,4,2475.0,0.02,Moderate
28-06-2025 19:00,West Bengal,Darjeeling,75.29,5.59,5.77,57,0,2.5,1,3491.0,1.03,Severe
28-06-2025 20:00,Maharashtra,Mumbai,26.3,7.77,5.98,30,0,1.0,5,2536.0,0.68,Severe
28-06-2025 21:00,Gujarat,Bharuch,55.13,8.48,4.06,45,0,0.0,7,2867.0,0.98,Severe
28-06-2025 22:00,Karnataka,Mysuru,34.33,3.15,6.01,38,1,0.0,5,2107.0,0.75,Severe
28-06-2025 23:00,Karnataka,Bengaluru,4.38,5.86,5.17,23,1,0.0,6,1718.0,0.88,Severe
29-06-2025 00:00,Tamil Nadu,Chennai,12.64,6.79,5.38,20,1,0.0,4,2070.0,0.48,Severe
29-06-2025 01:00,Karnataka,Bengaluru,14.23,2.81,6.42,34,0,1.0,4,1666.0,0.56,Moderate
29-06-2025 02:00,Maharashtra,Pune,17.26,4.26,5.57,30,2,0.0,1,1811.0,0.59,Moderate
29-06-2025 03:00,Assam,Barpeta,24.29,2.5,6.96,35,1,0.0,3,1612.0,0.36,Moderate
29-06-2025 04:00,Karnataka,Udupi,64.65,6.59,6.39,43,1,1.0,6,3687.0,0.35,Severe
29-06-2025 05:00,West Bengal,Malda,27.79,7.91,6.19,31,0,0.0,4,1806.0,0.56,Severe
29-06-2025 06:00,Assam,Jorhat,19.07,8.02,5.77,29,2,1.0,4,2838.0,0.55,Severe
29-06-2025 07:00,Karnataka,Udupi,57.59,6.36,5.24,52,1,1.0,6,2941.0,0.45,Severe
29-06-2025 08:00,West Bengal,Howrah,57.31,3.78,4.16,47,1,1.0,8,1996.0,0.43,Severe
29-06-2025 09:00,West Bengal,Malda,2.83,6.29,4.06,27,1,0.0,6,2234.0,0.67,Severe
29-06-2025 10:00,Bihar,Patna,29.99,7.91,4.14,30,1,1.0,2,2491.0,0.29,Severe
29-06-2025 11:00,Kerala,Kottayam,70.13,6.01,6.88,51,1,1.0,6,3352.0,-0.2,Severe
29-06-2025 12:00,Tamil Nadu,Thanjavur,26.61,4.3,4.97,31,1,1.0,3,1635.0,0.44,Severe
29-06-2025 13:00,Maharashtra,Mumbai,13.17,8.36,6.1,21,0,1.0,5,2422.0,-0.05,Severe
29-06-2025 14:00,Odisha,Puri,54.79,7.68,5.78,51,0,0.0,7,3454.0,0.82,Severe
29-06-2025 15:00,Gujarat,Bharuch,11.55,8.06,5.72,24,1,1.0,4,1720.0,0.09,Severe
29-06-2025 16:00,Karnataka,Mysuru,34.69,8.23,5.74,57,1,1.0,5,2111.0,0.12,Severe
29-06-2025 17:00,Karnataka,Udupi,26.4,4.15,4.91,33,1,0.0,5,2077.0,0.54,Severe
29-06-2025 18:00,Assam,Dibrugarh,7.08,7.88,6.66,28,0,0.0,3,1318.0,0.34,Severe
29-06-2025 19:00,Assam,Guwahati,62.54,5.56,6.76,40,1,1.0,3,3209.0,0.88,Severe
29-06-2025 20:00,Gujarat,Bharuch,41.0,1.31,5.93,36,1,1.0,4,1774.0,0.26,Moderate
29-06-2025 21:00,Karnataka,Kodagu,77.14,6.09,6.59,46,1,0.0,2,3375.0,0.22,Severe
29-06-2025 22:00,Uttar Pradesh,Kanpur,30.06,4.76,4.18,34,0,0.0,4,1323.0,0.01,Severe
29-06-2025 23:00,Maharashtra,Kolhapur,14.04,3.2,4.3,29,3,2.0,2,1358.0,-0.18,Moderate
30-06-2025 00:00,Karnataka,Kodagu,7.72,8.76,5.68,21,0,1.0,6,1847.0,0.11,Severe
30-06-2025 01:00,Kerala,Kozhikode,58.07,1.44,6.54,48,1,1.0,7,1202.0,0.54,Severe
30-06-2025 02:00,Gujarat,Surat,12.89,8.57,4.95,27,0,0.0,5,1751.0,0.93,Severe
30-06-2025 03:00,Uttar Pradesh,Gorakhpur,104.02124999999998,2.27,5.64,58,1,1.0,4,3856.0,0.73,Severe
30-06-2025 04:00,Maharashtra,Mumbai,96.41,4.02,4.03,64,4,2.0,4,3489.0,0.09,Severe
30-06-2025 05:00,Karnataka,Kodagu,32.26,4.34,6.96,36,2,0.0,2,1861.0,0.42,Severe
30-06-2025 06:00,Odisha,Balasore,24.96,6.85,6.3,25,1,1.0,5,1630.0,0.36,Severe
30-06-2025 07:00,Bihar,Patna,17.14,2.72,5.08,33,1,0.0,1,393.0,0.87,Moderate
30-06-2025 08:00,Kerala,Kochi,18.91,8.89,6.95,35,2,0.0,6,1988.0,0.94,Severe
30-06-2025 09:00,Odisha,Balasore,104.02124999999998,6.99,4.28,59,5,0.0,3,4592.375,-0.53,Severe
30-06-2025 10:00,Assam,Dibrugarh,22.07,7.32,5.39,37,1,1.0,3,2850.0,0.98,Severe
30-06-2025 11:00,Assam,Guwahati,43.04,1.85,4.18,36,1,0.0,6,2188.0,-0.36,Moderate
30-06-2025 12:00,Karnataka,Udupi,45.3,4.81,5.0,36,1,0.0,4,2193.0,0.47,Severe
30-06-2025 13:00,Assam,Dhemaji,60.27,8.56,4.66,36,3,0.0,5,3804.0,-0.59,Severe
30-06-2025 14:00,Kerala,Alappuzha,40.59,3.16,4.95,41,0,1.0,4,1321.0,0.81,Severe
30-06-2025 15:00,Maharashtra,Nashik,30.31,2.16,6.84,34,0,0.0,3,1770.0,0.2,Moderate
30-06-2025 16:00,West Bengal,Howrah,15.79,4.88,5.28,26,2,1.0,2,1475.0,0.65,Severe
30-06-2025 17:00,Tamil Nadu,Madurai,44.49,8.44,4.97,37,1,0.0,3,2685.0,0.22,Severe
30-06-2025 18:00,Gujarat,Vadodara,38.23,4.89,5.92,32,2,1.0,4,2285.0,0.79,Severe
30-06-2025 19:00,Maharashtra,Kolhapur,21.74,4.24,6.05,31,3,1.0,3,1700.0,-0.4,Severe
30-06-2025 20:00,West Bengal,Murshidabad,41.91,6.2,6.95,34,1,0.0,6,1820.0,0.62,Severe
30-06-2025 21:00,Uttar Pradesh,Varanasi,28.45,8.5,5.64,37,0,1.0,6,3234.0,0.54,Severe
30-06-2025 22:00,Kerala,Kozhikode,38.24,1.39,6.26,50,3,0.0,6,1689.0,0.52,Moderate
30-06-2025 23:00,Odisha,Kendrapara,50.51,2.23,5.15,34,1,2.5,3,2945.0,0.58,Severe
01-07-2025 00:00,West Bengal,Howrah,34.42,2.06,4.51,32,1,0.0,4,1408.0,0.86,Moderate
01-07-2025 01:00,Kerala,Kozhikode,53.76,1.68,5.29,37,2,0.0,3,2866.0,0.79,Severe
01-07-2025 02:00,Bihar,Darbhanga,33.98,3.42,5.26,45,1,0.0,1,1984.0,-0.29,Moderate
01-07-2025 03:00,Odisha,Bhubaneswar,60.24,2.83,5.26,53,2,1.0,0,3007.0,0.4,Severe
01-07-2025 04:00,Assam,Barpeta,24.04,5.39,6.09,43,1,1.0,4,1586.0,0.51,Severe
01-07-2025 05:00,Assam,Dhemaji,13.26,3.62,5.22,23,2,0.0,5,882.0,0.32,Moderate
01-07-2025 06:00,Odisha,Balasore,36.95,4.24,6.86,41,0,0.0,3,3029.0,0.42,Severe
01-07-2025 07:00,Uttar Pradesh,Varanasi,88.0,8.53,6.95,58,5,1.0,3,2562.0,0.57,Severe
01-07-2025 08:00,Uttar Pradesh,Kanpur,56.3,2.25,5.57,59,2,2.0,2,1761.0,0.69,Severe
01-07-2025 09:00,Uttar Pradesh,Kanpur,87.33,4.11,5.68,59,3,2.0,5,3957.0,0.61,Severe
01-07-2025 10:00,West Bengal,Murshidabad,21.6,3.06,5.22,33,0,1.0,4,1991.0,0.74,Moderate
01-07-2025 11:00,Gujarat,Vadodara,30.2,5.39,5.07,38,2,0.0,7,2631.0,1.24,Severe
01-07-2025 12:00,West Bengal,Darjeeling,13.9,6.89,6.96,40,2,0.0,5,1864.0,0.26,Severe
01-07-2025 13:00,Karnataka,Mangaluru,10.62,7.54,4.12,24,0,1.0,5,1970.0,0.29,Severe
01-07-2025 14:00,Tamil Nadu,Coimbatore,79.63,5.12,5.23,57,2,1.0,5,3446.0,0.67,Severe
01-07-2025 15:00,Odisha,Balasore,74.5,7.84,4.45,60,3,1.0,4,3295.0,0.35,Severe
01-07-2025 16:00,Maharashtra,Nashik,47.45,7.28,6.18,48,1,0.0,4,2545.0,0.2,Severe
01-07-2025 17:00,Tamil Nadu,Coimbatore,21.84,2.26,4.58,32,3,1.0,3,1385.0,0.15,Moderate
01-07-2025 18:00,Bihar,Darbhanga,51.44,2.96,6.65,37,2,0.0,2,2239.0,0.63,Severe
01-07-2025 19:00,West Bengal,Darjeeling,70.49,6.37,5.12,49,2,2.0,4,3264.0,0.55,Severe
01-07-2025 20:00,West Bengal,Murshidabad,94.38,8.8,6.75,57,1,0.0,4,4592.375,1.19,Severe
01-07-2025 21:00,Kerala,Alappuzha,8.48,4.01,6.96,28,2,1.0,2,1051.0,-0.11,Moderate
01-07-2025 22:00,Tamil Nadu,Thanjavur,24.4,2.84,6.31,29,0,1.0,2,2549.0,-0.1,Moderate
01-07-2025 23:00,Kerala,Thrissur,22.6,7.95,5.87,41,1,0.0,7,2066.0,0.38,Severe
02-07-2025 00:00,Maharashtra,Mumbai,27.3,2.6,4.45,34,0,0.0,8,1894.0,0.0,Moderate
02-07-2025 01:00,Kerala,Alappuzha,45.12,6.58,6.8,52,2,0.0,4,2568.0,-0.45,Severe
02-07-2025 02:00,Tamil Nadu,Thanjavur,4.72,1.27,6.33,23,1,0.0,3,373.0,0.16,Low
02-07-2025 03:00,Odisha,Puri,21.43,1.15,4.86,28,0,1.0,2,1538.0,1.32,Moderate
02-07-2025 04:00,Bihar,Gaya,23.14,4.61,5.41,35,0,0.0,5,1691.0,1.47,Severe
02-07-2025 05:00,West Bengal,Kolkata,33.74,6.25,4.2,26,1,0.0,5,2124.0,0.59,Severe
02-07-2025 06:00,Maharashtra,Kolhapur,36.87,2.14,5.98,35,2,1.0,1,813.0,-0.15,Moderate
02-07-2025 07:00,West Bengal,Murshidabad,26.96,7.11,4.38,39,1,0.0,2,2012.0,0.0,Severe
02-07-2025 08:00,Karnataka,Mangaluru,104.02124999999998,2.03,5.95,50,5,2.0,3,3605.0,0.39,Severe
02-07-2025 09:00,Bihar,Patna,28.85,5.27,6.01,29,4,1.0,3,2277.0,0.12,Severe
02-07-2025 10:00,Gujarat,Surat,44.82,3.47,4.97,41,1,0.0,6,1606.0,0.42,Severe
02-07-2025 11:00,Kerala,Thrissur,50.34,7.02,6.85,24,1,2.0,2,2662.0,0.37,Severe
02-07-2025 12:00,Assam,Guwahati,15.26,7.43,6.34,35,0,0.0,0,1717.0,-0.2,Severe
02-07-2025 13:00,Tamil Nadu,Chennai,15.98,1.53,5.49,26,3,0.0,1,426.0,0.33,Low
02-07-2025 14:00,West Bengal,Malda,50.95,2.54,6.76,40,2,0.0,4,1943.0,0.56,Severe
02-07-2025 15:00,Kerala,Kozhikode,75.11,8.14,6.57,56,2,0.0,2,3026.0,0.18,Severe
02-07-2025 16:00,Maharashtra,Kolhapur,94.0,4.32,6.08,66,2,1.0,5,3119.0,0.78,Severe
02-07-2025 17:00,West Bengal,Darjeeling,15.65,4.81,4.46,25,0,1.0,7,1252.0,0.38,Severe
02-07-2025 18:00,Gujarat,Surat,62.36,2.34,5.49,48,1,1.0,4,2796.0,0.29,Severe
02-07-2025 19:00,Bihar,Patna,31.88,8.96,6.59,44,0,0.0,7,2298.0,0.38,Severe
02-07-2025 20:00,Bihar,Gaya,74.37,8.38,5.83,49,3,0.0,4,4006.0,0.11,Severe
02-07-2025 21:00,West Bengal,Kolkata,41.49,1.02,5.64,39,1,2.0,6,1246.0,0.53,Moderate
02-07-2025 22:00,Maharashtra,Nashik,47.72,5.41,6.87,34,0,0.0,2,2851.0,-0.04,Severe
02-07-2025 23:00,Bihar,Bhagalpur,83.03,7.98,4.05,56,4,1.0,1,3256.0,1.42,Severe
03-07-2025 00:00,Bihar,Gaya,88.55,4.44,4.04,48,1,2.0,4,3004.0,1.26,Severe
03-07-2025 01:00,Gujarat,Surat,35.65,4.49,6.68,43,0,2.0,5,2011.0,0.32,Severe
03-07-2025 02:00,Tamil Nadu,Tiruppur,7.51,4.03,4.12,31,0,1.0,3,1487.0,0.61,Moderate
03-07-2025 03:00,Maharashtra,Nagpur,18.33,1.23,5.0,25,0,2.0,5,1610.0,0.62,Moderate
03-07-2025 04:00,Maharashtra,Kolhapur,104.02124999999998,7.32,6.77,65,3,2.0,3,4172.0,0.62,Severe
03-07-2025 05:00,Odisha,Balasore,49.37,4.65,6.07,48,1,0.0,6,2788.0,0.66,Severe
03-07-2025 06:00,Odisha,Puri,15.71,5.25,5.94,29,0,1.0,3,768.0,0.69,Severe
03-07-2025 07:00,Bihar,Muzaffarpur,20.64,3.05,5.97,34,5,0.0,2,2346.0,0.66,Severe
03-07-2025 08:00,Assam,Dhemaji,67.04,7.27,4.95,57,4,2.0,2,2636.0,0.0,Severe
03-07-2025 09:00,Odisha,Kendrapara,104.02124999999998,7.35,5.59,66,5,2.0,4,4119.0,0.55,Severe
03-07-2025 10:00,Bihar,Patna,33.31,5.42,5.89,41,1,0.0,3,1733.0,0.01,Severe
03-07-2025 11:00,Uttar Pradesh,Lucknow,74.49,8.24,4.92,44,1,0.0,8,3760.0,0.59,Severe
03-07-2025 12:00,Karnataka,Kodagu,61.71,1.93,6.39,43,2,1.0,5,1937.0,0.77,Severe
03-07-2025 13:00,Karnataka,Udupi,41.86,7.29,4.97,46,2,1.0,4,1751.0,0.52,Severe
03-07-2025 14:00,Maharashtra,Pune,53.73,5.47,4.21,42,2,1.0,4,2118.0,0.69,Severe
03-07-2025 15:00,Assam,Dibrugarh,40.61,2.85,4.6,47,4,0.0,2,1831.0,0.45,Severe
03-07-2025 16:00,Gujarat,Ahmedabad,76.22,2.06,5.23,61,1,2.0,7,1937.0,1.18,Severe
03-07-2025 17:00,Tamil Nadu,Coimbatore,55.78,3.41,6.72,45,4,2.5,6,2714.0,0.53,Severe
03-07-2025 18:00,Odisha,Cuttack,8.5,7.85,5.25,29,1,0.0,8,2861.0,-0.06,Severe
03-07-2025 19:00,Uttar Pradesh,Prayagraj,28.62,7.3,4.27,36,0,0.0,6,3286.0,0.13,Severe
03-07-2025 20:00,Bihar,Patna,15.54,6.16,4.59,30,0,0.0,7,1263.0,0.55,Severe
03-07-2025 21:00,Assam,Guwahati,36.16,1.72,5.63,33,0,0.0,3,692.0,0.94,Moderate
03-07-2025 22:00,Maharashtra,Kolhapur,27.43,8.64,4.53,29,1,0.0,3,1993.0,0.53,Severe
03-07-2025 23:00,Odisha,Cuttack,20.19,3.44,4.19,28,1,1.0,4,1669.0,0.45,Moderate
04-07-2025 00:00,Assam,Barpeta,11.66,5.86,6.14,32,1,0.0,5,1315.0,-0.15,Severe
04-07-2025 01:00,Odisha,Kendrapara,4.2,7.42,6.35,32,1,0.0,7,2064.0,1.2,Severe
04-07-2025 02:00,Tamil Nadu,Coimbatore,75.39,2.06,6.55,49,2,0.0,7,2133.0,-0.25,Severe
04-07-2025 03:00,Tamil Nadu,Thanjavur,75.31,6.22,6.53,52,4,2.0,5,3552.0,-0.35,Severe
04-07-2025 04:00,Gujarat,Vadodara,11.22,1.26,5.14,34,1,0.0,5,737.0,0.14,Low
04-07-2025 05:00,Karnataka,Mysuru,41.34,1.81,6.2,50,2,0.0,5,927.0,0.62,Moderate
04-07-2025 06:00,Kerala,Kozhikode,6.47,6.79,5.75,24,2,0.0,4,1783.0,0.17,Severe
04-07-2025 07:00,Kerala,Kozhikode,17.4,2.24,4.07,27,0,1.0,3,1920.0,0.07,Moderate
04-07-2025 08:00,Odisha,Cuttack,26.05,4.55,5.2,36,1,0.0,4,1374.0,-0.02,Moderate
04-07-2025 09:00,Gujarat,Rajkot,19.09,2.99,4.16,26,3,0.0,2,1314.0,1.15,Severe
04-07-2025 10:00,Kerala,Alappuzha,49.25,4.37,4.25,44,4,1.0,3,1899.0,0.5,Severe
04-07-2025 11:00,Maharashtra,Mumbai,1.81,1.62,4.17,35,1,0.0,1,1157.0,0.75,Moderate
04-07-2025 12:00,Kerala,Kozhikode,16.9,7.04,6.88,26,2,2.0,6,2324.0,1.28,Severe
04-07-2025 13:00,West Bengal,Howrah,58.98,1.63,6.53,37,4,0.0,3,2079.0,1.26,Severe
04-07-2025 14:00,Bihar,Gaya,5.89,7.7,5.32,33,1,2.0,4,1551.0,-0.05,Severe
04-07-2025 15:00,Gujarat,Rajkot,18.55,6.3,4.74,34,0,0.0,5,2240.0,0.46,Severe
04-07-2025 16:00,Maharashtra,Mumbai,64.34,4.33,4.22,58,4,0.0,2,2638.0,0.7,Severe
04-07-2025 17:00,Assam,Barpeta,104.02124999999998,7.93,5.29,55,2,2.0,2,4592.375,0.4,Severe
04-07-2025 18:00,Maharashtra,Pune,75.37,2.49,5.8,57,1,0.0,7,2713.0,0.05,Severe
04-07-2025 19:00,Karnataka,Bengaluru,25.5,3.12,6.39,45,2,1.0,3,1952.0,-0.85,Moderate
04-07-2025 20:00,Assam,Dhemaji,104.02124999999998,2.1,4.15,63,5,0.0,2,3803.0,0.96,Severe
04-07-2025 21:00,Uttar Pradesh,Prayagraj,60.14,4.05,5.25,42,2,1.0,3,2478.0,1.18,Severe
04-07-2025 22:00,Bihar,Muzaffarpur,11.49,8.89,6.93,33,0,0.0,3,982.0,0.68,Severe
04-07-2025 23:00,Bihar,Gaya,6.83,2.29,4.36,17,3,0.0,7,1081.0,0.34,Moderate
05-07-2025 00:00,Bihar,Patna,56.82,7.65,5.2,57,3,0.0,2,2275.0,0.1,Severe
05-07-2025 01:00,Bihar,Patna,29.3,6.22,4.83,30,0,1.0,7,2831.0,0.41,Severe
05-07-2025 02:00,Odisha,Kendrapara,11.09,1.13,4.4,30,0,1.0,6,499.0,0.95,Moderate
05-07-2025 03:00,Bihar,Muzaffarpur,28.17,8.56,6.52,39,1,0.0,7,2520.0,0.6,Severe
05-07-2025 04:00,Bihar,Patna,67.62,8.77,6.09,54,0,1.0,2,2704.0,-0.63,Severe
05-07-2025 05:00,Bihar,Darbhanga,19.27,8.4,5.23,25,1,1.0,5,1041.0,1.07,Severe
05-07-2025 06:00,Gujarat,Surat,18.82,5.01,5.11,28,2,0.0,2,1331.0,0.66,Severe
05-07-2025 07:00,Odisha,Kendrapara,27.9,2.76,6.48,40,0,0.0,5,2033.0,-0.13,Moderate
05-07-2025 08:00,Tamil Nadu,Madurai,30.89,4.13,4.27,40,2,0.0,2,1397.0,0.62,Severe
05-07-2025 09:00,Maharashtra,Nagpur,24.08,5.91,4.44,43,0,0.0,4,2114.0,0.44,Severe
05-07-2025 10:00,Maharashtra,Mumbai,49.72,4.03,6.72,35,2,1.0,4,2260.0,0.44,Severe
05-07-2025 11:00,Assam,Guwahati,53.56,6.67,6.45,45,1,1.0,8,2944.0,-0.1,Severe
05-07-2025 12:00,Gujarat,Vadodara,30.15,7.36,6.32,29,2,0.0,8,2381.0,0.23,Severe
05-07-2025 13:00,West Bengal,Murshidabad,18.27,2.68,5.87,29,1,0.0,4,1066.0,-0.38,Moderate
05-07-2025 14:00,Maharashtra,Pune,21.48,4.24,4.88,28,2,1.0,7,1928.0,0.9,Severe
05-07-2025 15:00,Kerala,Kozhikode,80.15,8.66,6.8,56,3,1.0,2,3886.0,-0.04,Severe
05-07-2025 16:00,West Bengal,Malda,104.02124999999998,3.0,5.48,60,5,0.0,5,3929.0,0.86,Severe
05-07-2025 17:00,Bihar,Darbhanga,9.38,3.77,4.84,41,0,0.0,5,1075.0,0.63,Moderate
05-07-2025 18:00,Bihar,Gaya,12.0,1.29,5.1,39,1,2.0,3,781.0,0.17,Moderate
05-07-2025 19:00,Odisha,Puri,21.1,3.66,4.05,29,1,0.0,8,1910.0,0.01,Moderate
05-07-2025 20:00,West Bengal,Kolkata,81.44,3.97,4.77,56,2,0.0,8,3830.0,0.44,Severe
05-07-2025 21:00,Kerala,Kozhikode,24.03,1.8,4.56,36,2,1.0,1,1374.0,0.84,Moderate
05-07-2025 22:00,Odisha,Kendrapara,49.57,1.01,4.41,38,0,0.0,4,1335.0,0.72,Moderate
05-07-2025 23:00,Assam,Dibrugarh,28.16,5.6,4.1,25,0,0.0,4,1894.0,0.6,Severe
06-07-2025 00:00,West Bengal,Kolkata,21.51,3.41,4.68,32,1,0.0,2,1688.0,0.28,Moderate
06-07-2025 01:00,Gujarat,Vadodara,26.84,1.14,4.31,35,4,1.0,1,1580.0,0.72,Moderate
06-07-2025 02:00,Bihar,Muzaffarpur,11.16,7.88,4.14,30,0,1.0,4,1391.0,-0.34,Severe
06-07-2025 03:00,Bihar,Bhagalpur,53.78,5.68,4.41,35,2,0.0,4,2330.0,0.46,Severe
06-07-2025 04:00,Karnataka,Mangaluru,18.03,2.37,4.61,39,0,1.0,8,1155.0,0.35,Moderate
06-07-2025 05:00,Odisha,Cuttack,19.77,7.92,5.25,21,0,0.0,6,2918.0,-0.2,Severe
06-07-2025 06:00,Tamil Nadu,Chennai,16.11,3.03,5.75,29,2,1.0,4,482.0,0.19,Moderate
06-07-2025 07:00,Tamil Nadu,Thanjavur,89.23,2.82,4.97,57,1,2.0,5,3518.0,1.11,Severe
06-07-2025 08:00,Odisha,Cuttack,22.64,8.16,4.42,29,2,1.0,8,1436.0,0.61,Severe
06-07-2025 09:00,Gujarat,Rajkot,38.03,2.44,6.82,38,0,0.0,4,1722.0,0.77,Moderate
06-07-2025 10:00,Uttar Pradesh,Prayagraj,3.78,8.03,5.54,34,3,0.0,3,2196.0,0.15,Severe
06-07-2025 11:00,Odisha,Balasore,1.64,7.42,6.23,27,2,0.0,4,1041.0,-0.41,Severe
06-07-2025 12:00,Gujarat,Surat,11.45,3.48,6.08,35,2,1.0,4,909.0,1.03,Severe
06-07-2025 13:00,Assam,Dibrugarh,64.32,1.28,4.85,55,4,1.0,5,2748.0,0.02,Severe
06-07-2025 14:00,Bihar,Darbhanga,36.26,1.66,5.68,44,1,0.0,5,2119.0,0.2,Moderate
06-07-2025 15:00,Kerala,Kottayam,95.25,1.88,5.81,54,1,2.5,4,3109.0,-0.26,Severe
06-07-2025 16:00,Uttar Pradesh,Lucknow,70.97,8.13,5.06,45,4,2.5,5,3515.0,0.98,Severe
06-07-2025 17:00,West Bengal,Darjeeling,16.44,4.23,6.01,28,1,0.0,4,2369.0,0.5,Severe
06-07-2025 18:00,Uttar Pradesh,Gorakhpur,28.24,1.26,6.37,34,0,1.0,4,2197.0,0.29,Moderate
06-07-2025 19:00,Kerala,Kozhikode,78.6,5.45,5.09,47,5,0.0,4,3963.0,0.63,Severe
06-07-2025 20:00,Karnataka,Mangaluru,26.12,2.66,4.04,29,1,0.0,6,861.0,0.18,Moderate
06-07-2025 21:00,Bihar,Darbhanga,52.42,2.88,5.05,46,1,1.0,6,2624.0,0.08,Severe
06-07-2025 22:00,Tamil Nadu,Thanjavur,9.56,2.29,4.35,22,0,0.0,1,1023.0,-0.18,Low
06-07-2025 23:00,Gujarat,Bharuch,41.32,7.1,4.47,43,1,0.0,2,2871.0,-0.24,Severe
07-07-2025 00:00,Odisha,Bhubaneswar,31.8,1.0,5.1,36,1,1.0,4,1086.0,0.83,Moderate
07-07-2025 01:00,Odisha,Kendrapara,16.62,4.51,4.62,30,0,1.0,7,866.0,0.92,Severe
07-07-2025 02:00,Tamil Nadu,Madurai,29.02,1.69,6.8,42,0,2.0,7,1202.0,-0.41,Moderate
07-07-2025 03:00,Uttar Pradesh,Kanpur,40.72,5.42,5.96,40,0,1.0,4,2985.0,0.33,Severe
07-07-2025 04:00,Bihar,Bhagalpur,62.73,3.77,5.56,37,0,0.0,3,1611.0,0.4,Moderate
07-07-2025 05:00,Maharashtra,Pune,90.55,1.23,4.03,50,3,1.0,3,3356.0,0.06,Severe
07-07-2025 06:00,Gujarat,Surat,57.2,4.69,4.31,59,0,1.0,3,2831.0,-0.02,Severe
07-07-2025 07:00,Assam,Guwahati,73.63,5.56,6.37,37,3,0.0,6,2956.0,0.4,Severe
07-07-2025 08:00,Kerala,Thrissur,14.65,2.98,5.17,33,0,1.0,3,897.0,0.04,Moderate
07-07-2025 09:00,Uttar Pradesh,Varanasi,12.52,7.12,4.14,36,2,0.0,3,1912.0,0.36,Severe
07-07-2025 10:00,West Bengal,Malda,48.02,3.97,6.48,52,1,1.0,3,2206.0,-0.14,Severe
07-07-2025 11:00,Karnataka,Mangaluru,10.23,6.99,4.91,18,5,1.0,5,1171.0,0.09,Severe
07-07-2025 12:00,Odisha,Cuttack,26.95,5.63,5.16,20,0,0.0,6,2220.0,0.23,Severe
07-07-2025 13:00,Uttar Pradesh,Prayagraj,56.36,7.95,6.92,43,5,0.0,1,2480.0,0.2,Severe
07-07-2025 14:00,Karnataka,Udupi,81.72,5.38,4.05,58,4,1.0,0,4032.0,0.87,Severe
07-07-2025 15:00,Kerala,Kozhikode,42.11,2.49,6.16,41,0,1.0,6,2356.0,0.1,Moderate
07-07-2025 16:00,Odisha,Puri,13.51,7.58,6.85,27,4,0.0,5,1577.0,0.77,Severe
07-07-2025 17:00,Odisha,Bhubaneswar,32.92,7.26,4.19,31,2,0.0,4,2447.0,-0.865,Severe
07-07-2025 18:00,Maharashtra,Nagpur,35.82,8.78,6.6,33,0,1.0,3,2730.0,0.35,Severe
07-07-2025 19:00,Uttar Pradesh,Prayagraj,18.37,1.75,5.25,23,1,1.0,5,2439.0,-0.59,Moderate
07-07-2025 20:00,Bihar,Bhagalpur,7.43,5.73,6.63,28,2,0.0,5,543.0,0.91,Severe
07-07-2025 21:00,Tamil Nadu,Thanjavur,57.23,4.93,4.92,42,2,2.0,1,3261.0,1.26,Severe
07-07-2025 22:00,Tamil Nadu,Tiruppur,27.55,6.37,6.95,46,0,0.0,5,1782.0,0.33,Severe
07-07-2025 23:00,Assam,Barpeta,51.89,8.84,5.94,48,1,1.0,3,3319.0,1.13,Severe
08-07-2025 00:00,West Bengal,Howrah,39.24,5.26,5.88,36,3,1.0,4,2402.0,-0.01,Severe
08-07-2025 01:00,Karnataka,Udupi,27.67,6.49,6.42,32,1,1.0,7,2125.0,0.79,Severe
08-07-2025 02:00,Uttar Pradesh,Varanasi,24.7,3.78,5.31,32,1,0.0,2,1888.0,0.73,Moderate
08-07-2025 03:00,Gujarat,Vadodara,31.07,3.39,4.78,40,0,0.0,4,1092.0,0.28,Moderate
08-07-2025 04:00,West Bengal,Howrah,47.77,3.68,4.79,35,4,0.0,2,1381.0,0.35,Severe
08-07-2025 05:00,Maharashtra,Mumbai,2.66,1.31,4.99,17,1,0.0,1,498.0,0.5,Low
08-07-2025 06:00,Odisha,Bhubaneswar,46.87,3.28,5.85,42,1,0.0,4,2549.0,0.44,Severe
08-07-2025 07:00,Bihar,Muzaffarpur,44.35,2.38,6.52,46,2,2.0,4,1868.0,0.5,Severe
08-07-2025 08:00,Uttar Pradesh,Lucknow,56.88,4.66,5.5,50,1,0.0,2,1885.0,1.31,Severe
08-07-2025 09:00,West Bengal,Murshidabad,84.57,4.69,5.21,60,2,1.0,2,3007.0,1.25,Severe
08-07-2025 10:00,West Bengal,Howrah,18.79,7.12,6.38,32,0,0.0,5,1776.0,0.73,Severe
08-07-2025 11:00,Bihar,Gaya,8.74,5.02,4.87,30,1,0.0,3,593.0,1.28,Severe
08-07-2025 12:00,Assam,Guwahati,37.62,4.7,6.07,37,0,1.0,5,2045.0,-0.14,Severe
08-07-2025 13:00,Karnataka,Kodagu,35.47,2.85,4.32,42,1,1.0,7,1638.0,0.72,Severe
08-07-2025 14:00,Karnataka,Kodagu,25.18,7.82,4.34,34,1,1.0,8,2031.0,0.74,Severe
08-07-2025 15:00,West Bengal,Howrah,45.33,1.73,5.93,37,1,2.0,2,1657.0,0.16,Moderate
08-07-2025 16:00,Kerala,Alappuzha,19.95,8.86,4.25,34,0,0.0,6,2476.0,1.32,Severe
08-07-2025 17:00,West Bengal,Malda,27.78,4.81,4.47,28,2,1.0,8,1820.0,1.08,Severe
08-07-2025 18:00,West Bengal,Kolkata,46.77,2.49,5.87,43,1,1.0,8,1621.0,0.59,Severe
08-07-2025 19:00,Bihar,Darbhanga,25.57,3.83,5.31,34,2,0.0,6,1529.0,0.03,Moderate
08-07-2025 20:00,Odisha,Kendrapara,35.54,1.12,5.68,33,0,0.0,2,1003.0,-0.34,Low
08-07-2025 21:00,Bihar,Muzaffarpur,25.72,2.33,6.93,49,1,0.0,2,1298.0,-0.11,Moderate
08-07-2025 22:00,Uttar Pradesh,Varanasi,13.76,3.68,5.9,26,2,0.0,1,1496.0,1.09,Moderate
08-07-2025 23:00,West Bengal,Darjeeling,56.34,5.44,5.77,40,1,0.0,2,2916.0,0.23,Severe
09-07-2025 00:00,Karnataka,Udupi,53.01,2.04,5.14,36,2,1.0,5,2271.0,0.87,Severe
09-07-2025 01:00,Gujarat,Surat,51.88,6.41,5.89,40,4,0.0,2,2319.0,0.51,Severe
09-07-2025 02:00,Karnataka,Bengaluru,29.47,7.75,4.04,32,0,0.0,2,2870.0,-0.56,Severe
09-07-2025 03:00,Tamil Nadu,Chennai,59.29,5.58,5.67,54,1,0.0,3,2974.0,0.23,Severe
09-07-2025 04:00,Assam,Jorhat,61.05,3.38,4.21,47,0,2.0,2,2428.0,-0.08,Severe
09-07-2025 05:00,Maharashtra,Pune,77.96,1.97,4.66,58,2,2.0,7,2765.0,0.72,Severe
09-07-2025 06:00,Uttar Pradesh,Lucknow,29.89,1.12,5.69,41,2,2.0,2,1168.0,0.75,Moderate
09-07-2025 07:00,Uttar Pradesh,Kanpur,37.21,6.85,6.0,46,0,1.0,2,2779.0,0.27,Severe
09-07-2025 08:00,Assam,Guwahati,13.68,6.03,5.15,25,0,1.0,8,1618.0,1.04,Severe
09-07-2025 09:00,Gujarat,Rajkot,84.47,4.81,5.26,66,1,1.0,2,3123.0,0.84,Severe
09-07-2025 10:00,Maharashtra,Pune,26.14,1.82,5.49,29,2,2.0,4,891.0,0.16,Moderate
09-07-2025 11:00,Odisha,Puri,10.6,2.66,6.28,22,1,0.0,5,588.0,0.6,Moderate
09-07-2025 12:00,West Bengal,Kolkata,79.44,7.52,4.05,55,0,2.0,2,2874.0,-0.01,Severe
09-07-2025 13:00,Maharashtra,Pune,29.06,4.84,5.34,28,1,2.0,7,2048.0,0.2,Severe
09-07-2025 14:00,Gujarat,Vadodara,104.02124999999998,8.7,4.04,59,5,2.5,5,4592.375,0.62,Severe
09-07-2025 15:00,Kerala,Thrissur,33.83,9.0,4.96,37,1,1.0,6,3340.0,0.38,Severe
09-07-2025 16:00,Tamil Nadu,Coimbatore,18.28,7.41,5.56,26,0,1.0,5,2320.0,-0.29,Severe
09-07-2025 17:00,Maharashtra,Nagpur,57.73,3.07,4.24,33,2,1.0,3,1726.0,0.54,Severe
09-07-2025 18:00,Maharashtra,Kolhapur,27.73,2.85,5.46,31,0,1.0,2,1978.0,0.21,Moderate
09-07-2025 19:00,Tamil Nadu,Thanjavur,50.6,3.03,6.77,52,1,1.0,1,2127.0,-0.01,Moderate
09-07-2025 20:00,West Bengal,Howrah,19.17,8.89,6.06,25,1,2.0,0,2461.0,-0.14,Severe
09-07-2025 21:00,Maharashtra,Nagpur,46.86,3.68,6.35,39,2,1.0,4,1940.0,0.26,Severe
09-07-2025 22:00,Tamil Nadu,Chennai,24.45,6.65,5.74,34,0,1.0,5,2523.0,0.46,Severe
09-07-2025 23:00,Tamil Nadu,Coimbatore,55.23,8.67,6.69,55,1,1.0,7,3434.0,0.25,Severe
10-07-2025 00:00,Tamil Nadu,Tiruppur,31.01,7.56,4.44,34,3,2.0,3,1637.0,0.49,Severe
10-07-2025 01:00,Bihar,Darbhanga,37.17,5.78,5.35,46,2,2.0,4,2130.0,0.23,Severe
10-07-2025 02:00,Gujarat,Ahmedabad,27.34,2.35,5.79,39,1,2.5,6,1054.0,0.62,Severe
10-07-2025 03:00,Bihar,Muzaffarpur,31.98,2.4,6.62,39,0,0.0,6,2154.0,0.28,Moderate
10-07-2025 04:00,Kerala,Kozhikode,54.57,4.94,4.92,46,0,1.0,6,2610.0,-0.39,Severe
10-07-2025 05:00,Odisha,Kendrapara,13.44,8.62,4.0,24,2,0.0,3,1889.0,-0.19,Severe
10-07-2025 06:00,Bihar,Muzaffarpur,40.41,8.24,6.92,39,0,2.0,2,2684.0,0.11,Severe
10-07-2025 07:00,Bihar,Bhagalpur,104.02124999999998,2.33,4.08,66,2,2.5,3,4590.0,0.92,Severe
10-07-2025 08:00,Gujarat,Surat,72.22,3.3,4.46,54,2,0.0,2,3385.0,-0.08,Severe
10-07-2025 09:00,Odisha,Bhubaneswar,29.48,5.71,5.27,35,2,1.0,2,1789.0,0.53,Severe
10-07-2025 10:00,Assam,Dhemaji,35.7,4.82,5.49,38,1,1.0,2,2248.0,0.53,Severe
10-07-2025 11:00,Tamil Nadu,Madurai,23.2,1.95,6.5,26,0,0.0,5,1467.0,-0.2,Moderate
10-07-2025 12:00,Uttar Pradesh,Lucknow,49.43,3.95,5.34,36,0,0.0,4,1682.0,0.23,Moderate
10-07-2025 13:00,Odisha,Puri,10.78,8.64,5.64,27,2,0.0,6,2335.0,0.42,Severe
10-07-2025 14:00,Kerala,Kozhikode,24.42,8.61,4.6,27,1,0.0,2,2149.0,0.22,Severe
10-07-2025 15:00,West Bengal,Darjeeling,18.27,5.48,5.71,24,0,1.0,2,2971.0,0.61,Severe
10-07-2025 16:00,Kerala,Kochi,23.88,6.08,5.05,35,0,0.0,4,1535.0,0.59,Severe
10-07-2025 17:00,Tamil Nadu,Tiruppur,38.99,2.78,4.3,47,1,0.0,2,1660.0,0.45,Moderate
10-07-2025 18:00,Odisha,Puri,3.15,6.94,6.84,35,0,0.0,4,995.0,0.76,Severe
10-07-2025 19:00,Kerala,Thrissur,26.48,1.42,4.25,38,3,0.0,1,787.0,0.35,Moderate
10-07-2025 20:00,Kerala,Kochi,22.32,2.77,6.03,38,0,1.0,2,1603.0,0.4,Moderate
10-07-2025 21:00,Assam,Dhemaji,62.82,1.05,6.72,44,1,1.0,5,3023.0,0.48,Severe
10-07-2025 22:00,Assam,Guwahati,15.58,4.09,4.54,42,3,0.0,3,1004.0,-0.14,Moderate
10-07-2025 23:00,Odisha,Puri,39.43,7.8,4.71,46,0,0.0,3,2528.0,0.61,Severe
11-07-2025 00:00,Tamil Nadu,Chennai,29.53,8.86,5.28,36,3,0.0,0,2777.0,0.07,Severe
11-07-2025 01:00,Bihar,Patna,65.87,6.34,4.88,56,1,1.0,7,2840.0,0.25,Severe
11-07-2025 02:00,Karnataka,Bengaluru,60.02,6.96,6.28,52,2,2.0,6,3223.0,0.6,Severe
11-07-2025 03:00,Maharashtra,Pune,93.76,3.1,5.01,55,3,2.5,3,3560.0,0.55,Severe
11-07-2025 04:00,Uttar Pradesh,Lucknow,67.42,5.16,6.96,50,0,1.0,4,2707.0,-0.29,Severe
11-07-2025 05:00,Maharashtra,Nashik,41.44,6.89,6.58,29,2,0.0,4,2634.0,-0.29,Severe
11-07-2025 06:00,Gujarat,Ahmedabad,57.31,4.98,6.69,42,3,1.0,6,3237.0,-0.1,Severe
11-07-2025 07:00,Assam,Jorhat,27.52,1.71,4.19,33,1,1.0,3,1243.0,0.44,Moderate
11-07-2025 08:00,Odisha,Cuttack,36.23,6.93,4.53,38,0,0.0,3,2232.0,0.94,Severe
11-07-2025 09:00,Maharashtra,Mumbai,37.37,2.76,4.51,36,0,2.0,7,1888.0,0.13,Severe
11-07-2025 10:00,Tamil Nadu,Thanjavur,16.29,1.78,6.02,36,0,1.0,2,1497.0,-0.07,Moderate
11-07-2025 11:00,Uttar Pradesh,Lucknow,64.34,4.82,4.04,46,4,0.0,6,3231.0,-0.07,Severe
11-07-2025 12:00,Maharashtra,Pune,80.68,1.6,6.42,34,0,1.0,4,1909.0,0.55,Moderate
11-07-2025 13:00,Uttar Pradesh,Lucknow,29.86,6.04,5.64,43,0,0.0,3,2628.0,0.83,Severe
11-07-2025 14:00,West Bengal,Kolkata,31.57,6.12,5.7,38,0,0.0,5,1764.0,0.81,Severe
11-07-2025 15:00,Tamil Nadu,Madurai,19.97,3.05,5.61,32,0,0.0,6,1185.0,0.05,Moderate
11-07-2025 16:00,Karnataka,Udupi,12.26,8.72,5.61,27,0,1.0,2,1724.0,-0.33,Severe
11-07-2025 17:00,Kerala,Thrissur,53.18,7.6,4.59,49,3,0.0,4,2713.0,0.39,Severe
11-07-2025 18:00,Uttar Pradesh,Prayagraj,13.02,1.88,4.85,34,2,0.0,2,1228.0,1.02,Moderate
11-07-2025 19:00,Tamil Nadu,Chennai,12.38,6.99,5.46,32,0,0.0,3,2502.0,0.54,Severe
11-07-2025 20:00,Uttar Pradesh,Lucknow,50.96,3.82,6.03,47,0,0.0,2,3558.0,-0.26,Severe
11-07-2025 21:00,Uttar Pradesh,Kanpur,37.76,7.0,4.82,34,5,1.0,5,2083.0,0.32,Severe
11-07-2025 22:00,Bihar,Patna,53.39,7.41,6.42,48,2,0.0,4,2308.0,-0.1,Severe
11-07-2025 23:00,Bihar,Patna,18.04,2.21,6.43,34,2,1.0,7,1063.0,0.5,Moderate
12-07-2025 00:00,Tamil Nadu,Madurai,101.49,6.29,4.82,54,3,0.0,4,4266.0,0.33,Severe
12-07-2025 01:00,Bihar,Gaya,15.86,7.9,5.68,31,1,0.0,4,1834.0,0.23,Severe
12-07-2025 02:00,Gujarat,Ahmedabad,22.31,3.59,5.05,31,0,2.0,2,2531.0,0.07,Moderate
12-07-2025 03:00,Karnataka,Udupi,18.66,1.64,4.57,34,1,0.0,3,60.0,0.54,Moderate
12-07-2025 04:00,Odisha,Kendrapara,99.61,1.22,6.42,58,3,2.0,5,3258.0,0.89,Severe
12-07-2025 05:00,Tamil Nadu,Madurai,24.71,1.88,6.97,39,1,2.0,3,1160.0,1.08,Severe
12-07-2025 06:00,Tamil Nadu,Coimbatore,14.78,1.03,5.7,33,2,0.0,3,480.0,0.54,Moderate
12-07-2025 07:00,Gujarat,Rajkot,104.02124999999998,3.62,6.74,66,4,2.5,1,4538.0,0.92,Severe
12-07-2025 08:00,Assam,Guwahati,89.45,3.39,5.93,48,2,1.0,5,2529.0,-0.11,Severe
12-07-2025 09:00,Assam,Dhemaji,73.09,1.88,5.7,44,3,0.0,6,3002.0,0.2,Severe
12-07-2025 10:00,Bihar,Bhagalpur,86.19,6.21,5.44,43,2,0.0,5,4431.0,-0.08,Severe
12-07-2025 11:00,Odisha,Balasore,15.29,8.94,4.71,33,0,1.0,5,3201.0,0.13,Severe
12-07-2025 12:00,Bihar,Bhagalpur,93.86,8.21,4.25,52,3,0.0,2,4041.0,-0.11,Severe
12-07-2025 13:00,West Bengal,Malda,28.36,3.02,5.33,29,1,1.0,1,1829.0,1.08,Severe
12-07-2025 14:00,West Bengal,Murshidabad,42.61,7.16,5.68,34,2,0.0,4,2986.0,0.18,Severe
12-07-2025 15:00,Kerala,Kozhikode,32.76,8.49,5.53,27,0,0.0,4,2869.0,0.29,Severe
12-07-2025 16:00,West Bengal,Malda,80.21,8.25,6.09,63,1,2.0,2,3851.0,-0.35,Severe
12-07-2025 17:00,Assam,Guwahati,2.77,8.08,4.58,29,0,0.0,7,2446.0,-0.55,Severe
12-07-2025 18:00,Karnataka,Mysuru,13.45,7.29,5.06,30,0,0.0,7,1499.0,1.11,Severe
12-07-2025 19:00,West Bengal,Howrah,86.09,3.34,5.25,37,5,1.0,3,3186.0,0.24,Severe
12-07-2025 20:00,Bihar,Darbhanga,20.23,1.67,4.56,24,1,0.0,5,747.0,1.38,Moderate
12-07-2025 21:00,Uttar Pradesh,Kanpur,78.29,4.9,6.72,44,1,1.0,3,4055.0,0.28,Severe
12-07-2025 22:00,Tamil Nadu,Madurai,19.42,1.44,6.04,29,0,0.0,2,979.0,-0.21,Low
12-07-2025 23:00,Karnataka,Mysuru,27.56,8.99,4.28,39,2,0.0,7,1991.0,0.36,Severe
13-07-2025 00:00,Karnataka,Bengaluru,104.02124999999998,3.87,6.14,59,3,2.0,2,3442.0,0.38,Severe
13-07-2025 01:00,Bihar,Gaya,56.97,8.67,5.64,40,3,0.0,7,2790.0,0.41,Severe
13-07-2025 02:00,Tamil Nadu,Coimbatore,38.25,7.18,5.57,37,1,0.0,3,2351.0,0.32,Severe
13-07-2025 03:00,Assam,Barpeta,48.11,4.29,6.97,53,0,0.0,5,2294.0,-0.33,Severe
13-07-2025 04:00,Karnataka,Mangaluru,67.6,1.95,5.85,45,1,0.0,3,1371.0,-0.34,Moderate
13-07-2025 05:00,Kerala,Kochi,36.68,2.9,6.69,36,2,0.0,1,1896.0,0.87,Moderate
13-07-2025 06:00,Bihar,Muzaffarpur,50.84,6.38,6.74,51,3,1.0,8,2339.0,1.24,Severe
13-07-2025 07:00,Karnataka,Mysuru,104.02124999999998,7.64,4.3,66,5,1.0,1,3768.0,0.22,Severe
13-07-2025 08:00,Odisha,Puri,14.31,8.84,4.03,33,1,0.0,2,2318.0,-0.47,Severe
13-07-2025 09:00,Tamil Nadu,Chennai,37.97,2.06,5.31,30,2,0.0,3,2068.0,0.89,Moderate
13-07-2025 10:00,West Bengal,Murshidabad,23.12,2.25,6.31,32,4,0.0,2,1502.0,-0.03,Moderate
13-07-2025 11:00,Karnataka,Bengaluru,16.58,1.34,6.47,30,1,0.0,4,704.0,0.51,Moderate
13-07-2025 12:00,Bihar,Patna,37.66,3.08,6.36,40,3,1.0,0,1708.0,0.11,Moderate
13-07-2025 13:00,West Bengal,Howrah,16.86,7.57,5.34,33,1,0.0,7,1619.0,0.13,Severe
13-07-2025 14:00,Kerala,Alappuzha,14.84,2.59,6.25,30,0,0.0,1,1679.0,-0.04,Low
13-07-2025 15:00,West Bengal,Murshidabad,31.15,5.38,6.16,35,0,0.0,2,1609.0,0.98,Severe
13-07-2025 16:00,Odisha,Kendrapara,49.81,4.57,4.94,40,5,2.0,5,2910.0,0.55,Severe
13-07-2025 17:00,Assam,Dhemaji,47.16,3.61,4.51,41,1,1.0,4,3057.0,0.5,Severe
13-07-2025 18:00,Karnataka,Kodagu,31.63,5.95,5.86,44,2,1.0,3,2287.0,0.37,Severe
13-07-2025 19:00,Maharashtra,Kolhapur,10.73,5.02,6.03,24,0,1.0,7,1919.0,0.52,Severe
13-07-2025 20:00,Maharashtra,Pune,10.16,3.68,5.7,30,0,0.0,2,1200.0,-0.18,Moderate
13-07-2025 21:00,West Bengal,Howrah,43.57,6.51,4.64,44,1,1.0,5,2757.0,0.59,Severe
13-07-2025 22:00,Gujarat,Bharuch,20.69,3.24,4.83,40,0,1.0,2,1693.0,0.89,Moderate
13-07-2025 23:00,Tamil Nadu,Madurai,39.52,6.15,6.13,36,3,0.0,5,2595.0,0.45,Severe
14-07-2025 00:00,Maharashtra,Nashik,35.92,8.66,6.89,35,1,0.0,1,3364.0,0.74,Severe
14-07-2025 01:00,Gujarat,Rajkot,5.85,6.83,6.83,27,0,0.0,6,2750.0,0.17,Severe
14-07-2025 02:00,Maharashtra,Pune,87.14,4.35,5.56,63,2,0.0,2,3202.0,0.53,Severe
14-07-2025 03:00,Gujarat,Rajkot,10.03,6.98,6.66,26,0,1.0,7,1947.0,0.18,Severe
14-07-2025 04:00,Tamil Nadu,Coimbatore,28.16,7.47,4.09,38,1,0.0,5,1452.0,-0.39,Severe
14-07-2025 05:00,Uttar Pradesh,Gorakhpur,11.92,3.61,6.58,27,1,0.0,2,1030.0,0.24,Moderate
14-07-2025 06:00,Maharashtra,Nagpur,20.31,6.64,5.43,32,0,0.0,5,2139.0,0.86,Severe
14-07-2025 07:00,Odisha,Kendrapara,22.27,4.48,6.34,34,0,0.0,5,1644.0,-0.25,Moderate
14-07-2025 08:00,Karnataka,Mangaluru,23.99,7.55,4.02,32,0,0.0,2,3042.0,1.08,Severe
14-07-2025 09:00,Gujarat,Vadodara,28.76,3.36,6.61,34,4,1.0,8,1595.0,0.1,Severe
14-07-2025 10:00,Karnataka,Mysuru,99.34,8.5,5.78,63,1,1.0,2,4592.375,0.6,Severe
14-07-2025 11:00,Bihar,Patna,16.03,5.6,4.72,29,3,0.0,4,1281.0,1.03,Severe
14-07-2025 12:00,Bihar,Bhagalpur,51.02,3.83,5.04,26,2,1.0,4,2714.0,1.17,Severe
14-07-2025 13:00,Tamil Nadu,Coimbatore,72.73,4.35,4.6,42,0,0.0,3,3277.0,1.07,Severe
14-07-2025 14:00,Gujarat,Rajkot,47.45,3.78,5.27,43,0,0.0,3,1413.0,0.01,Moderate
14-07-2025 15:00,Kerala,Thrissur,82.63,2.17,4.99,56,1,0.0,4,2675.0,0.86,Severe
14-07-2025 16:00,Bihar,Darbhanga,47.76,1.55,5.6,45,1,2.0,5,2737.0,0.08,Severe
14-07-2025 17:00,Tamil Nadu,Thanjavur,46.79,3.57,6.44,43,0,0.0,8,2491.0,-0.07,Severe
14-07-2025 18:00,Bihar,Gaya,74.1,4.67,6.95,47,4,1.0,4,3657.0,0.09,Severe
14-07-2025 19:00,Bihar,Darbhanga,42.34,3.89,4.75,31,1,2.0,2,1568.0,0.92,Severe
14-07-2025 20:00,Kerala,Kottayam,72.98,1.11,4.32,60,1,2.0,8,2012.0,0.14,Severe
14-07-2025 21:00,Maharashtra,Kolhapur,42.24,5.63,5.19,33,1,0.0,3,2062.0,0.0,Severe
14-07-2025 22:00,West Bengal,Murshidabad,72.13,2.16,4.43,47,4,1.0,5,3115.0,1.07,Severe
14-07-2025 23:00,Uttar Pradesh,Lucknow,93.31,2.69,6.5,65,1,2.0,6,3582.0,0.29,Severe
15-07-2025 00:00,Bihar,Muzaffarpur,25.53,1.97,5.5,27,0,0.0,8,1000.0,0.64,Moderate
15-07-2025 01:00,Bihar,Darbhanga,22.74,5.16,5.86,24,2,0.0,4,1914.0,-0.07,Severe
15-07-2025 02:00,Odisha,Bhubaneswar,82.51,1.76,4.45,48,4,2.0,3,3416.0,0.17,Severe
15-07-2025 03:00,Uttar Pradesh,Gorakhpur,71.2,3.05,6.25,54,3,0.0,3,3305.0,0.26,Severe
15-07-2025 04:00,Kerala,Kottayam,6.84,4.61,6.92,28,1,0.0,8,1431.0,0.09,Severe
15-07-2025 05:00,Karnataka,Kodagu,39.87,2.34,5.45,38,2,0.0,3,2123.0,0.31,Moderate
15-07-2025 06:00,Gujarat,Vadodara,104.02124999999998,4.57,6.89,58,3,2.5,4,4139.0,-0.05,Severe
15-07-2025 07:00,Bihar,Patna,13.39,3.74,4.1,26,1,1.0,1,824.0,0.32,Moderate
15-07-2025 08:00,West Bengal,Kolkata,11.78,7.88,4.11,25,1,0.0,4,1702.0,0.86,Severe
15-07-2025 09:00,Gujarat,Vadodara,19.77,7.36,6.88,42,1,1.0,2,3166.0,-0.4,Severe
15-07-2025 10:00,Uttar Pradesh,Kanpur,24.26,8.94,6.1,35,1,0.0,5,3343.0,0.29,Severe
15-07-2025 11:00,Gujarat,Ahmedabad,8.1,5.23,4.57,31,0,0.0,8,1437.0,0.13,Severe
15-07-2025 12:00,Maharashtra,Mumbai,13.54,5.6,5.09,27,0,0.0,2,1396.0,0.09,Severe
15-07-2025 13:00,Bihar,Darbhanga,7.41,8.57,5.52,27,1,0.0,2,1424.0,1.23,Severe
15-07-2025 14:00,Gujarat,Surat,38.96,4.2,6.11,35,0,0.0,0,3598.0,1.0,Severe
15-07-2025 15:00,Karnataka,Bengaluru,38.39,5.45,6.53,38,1,1.0,3,2275.0,0.13,Severe
15-07-2025 16:00,Karnataka,Kodagu,82.99,4.03,4.25,56,3,1.0,4,3651.0,-0.26,Severe
15-07-2025 17:00,Bihar,Muzaffarpur,41.21,5.37,5.97,40,0,0.0,4,2332.0,1.03,Severe
15-07-2025 18:00,Assam,Dhemaji,50.38,1.65,5.43,29,0,0.0,6,2514.0,0.53,Moderate
15-07-2025 19:00,Karnataka,Kodagu,54.05,7.27,5.79,44,1,0.0,5,2353.0,-0.17,Severe
15-07-2025 20:00,Gujarat,Bharuch,15.48,8.88,5.53,23,0,1.0,3,2012.0,-0.06,Severe
15-07-2025 21:00,Tamil Nadu,Chennai,13.92,1.53,5.35,42,0,0.0,3,1328.0,0.4,Moderate
15-07-2025 22:00,Karnataka,Bengaluru,12.16,7.41,4.62,34,0,0.0,3,2636.0,1.14,Severe
15-07-2025 23:00,Uttar Pradesh,Varanasi,24.2,2.93,5.42,33,2,1.0,1,1407.0,0.18,Moderate
16-07-2025 00:00,Assam,Guwahati,22.66,2.58,4.57,36,2,0.0,3,1414.0,0.55,Moderate
16-07-2025 01:00,Gujarat,Surat,35.39,6.55,4.13,39,1,1.0,3,2976.0,0.08,Severe
16-07-2025 02:00,Kerala,Alappuzha,56.9,1.35,5.12,32,2,0.0,3,2641.0,0.56,Moderate
16-07-2025 03:00,Odisha,Bhubaneswar,50.31,4.71,4.07,40,2,1.0,3,2530.0,-0.38,Severe
16-07-2025 04:00,Kerala,Kozhikode,22.5,1.01,5.69,23,0,0.0,2,825.0,0.64,Low
16-07-2025 05:00,Maharashtra,Nagpur,19.45,5.44,4.22,35,1,0.0,4,2578.0,0.46,Severe
16-07-2025 06:00,Odisha,Puri,21.46,4.7,5.31,41,1,0.0,7,1163.0,-0.02,Severe
16-07-2025 07:00,Maharashtra,Nagpur,23.74,8.32,6.94,30,0,0.0,1,2996.0,-0.865,Severe
16-07-2025 08:00,Odisha,Puri,9.46,6.76,4.03,25,0,0.0,5,1325.0,1.08,Severe
16-07-2025 09:00,Odisha,Puri,41.62,2.01,5.1,42,0,0.0,6,1644.0,-0.43,Moderate
16-07-2025 10:00,Tamil Nadu,Chennai,104.02124999999998,3.84,6.02,51,5,2.5,2,3426.0,0.92,Severe
16-07-2025 11:00,West Bengal,Malda,34.04,8.45,4.48,40,0,2.0,3,3152.0,-0.02,Severe
16-07-2025 12:00,Uttar Pradesh,Varanasi,35.16,6.8,5.68,35,0,2.0,8,2669.0,0.52,Severe
16-07-2025 13:00,Kerala,Alappuzha,45.89,5.75,4.77,47,1,1.0,4,2363.0,0.63,Severe
16-07-2025 14:00,Karnataka,Kodagu,13.22,5.47,4.67,21,2,0.0,2,2419.0,1.09,Severe
16-07-2025 15:00,Gujarat,Vadodara,19.95,4.18,6.68,41,1,0.0,6,1276.0,-0.14,Moderate
16-07-2025 16:00,Assam,Barpeta,21.66,5.68,4.61,22,2,0.0,4,1040.0,0.33,Severe
16-07-2025 17:00,Uttar Pradesh,Varanasi,12.7,7.17,5.13,28,1,1.0,3,1395.0,-0.08,Severe
16-07-2025 18:00,Maharashtra,Nashik,92.63,2.02,4.51,61,1,2.5,3,3047.0,-0.12,Severe
16-07-2025 19:00,Tamil Nadu,Thanjavur,55.81,8.76,4.85,41,3,0.0,4,2891.0,0.39,Severe
16-07-2025 20:00,Maharashtra,Pune,58.54,2.91,4.88,49,5,0.0,5,2075.0,0.73,Severe
16-07-2025 21:00,West Bengal,Howrah,25.96,4.58,4.98,45,2,0.0,6,1836.0,1.47,Severe
16-07-2025 22:00,Assam,Jorhat,37.19,1.18,5.92,42,2,0.0,4,722.0,0.25,Moderate
16-07-2025 23:00,Tamil Nadu,Coimbatore,24.28,5.4,6.23,26,1,1.0,5,2156.0,0.32,Severe
17-07-2025 00:00,Maharashtra,Nagpur,28.49,4.05,5.53,32,1,0.0,6,1659.0,0.35,Severe
17-07-2025 01:00,West Bengal,Darjeeling,35.3,3.0,5.83,43,1,0.0,2,2091.0,0.42,Moderate
17-07-2025 02:00,Gujarat,Bharuch,29.78,8.88,6.44,34,1,1.0,3,2190.0,0.46,Severe
17-07-2025 03:00,Gujarat,Surat,34.98,4.43,7.0,27,0,0.0,8,2208.0,-0.17,Severe
17-07-2025 04:00,Maharashtra,Kolhapur,8.38,4.31,5.37,32,0,0.0,3,1968.0,-0.865,Moderate
17-07-2025 05:00,Uttar Pradesh,Gorakhpur,13.46,4.7,6.81,23,2,0.0,3,1905.0,0.23,Moderate
17-07-2025 06:00,Assam,Guwahati,24.21,1.93,5.47,25,1,2.0,7,553.0,1.23,Severe
17-07-2025 07:00,Bihar,Patna,27.53,4.14,6.35,29,1,2.0,3,2606.0,0.38,Severe
17-07-2025 08:00,Uttar Pradesh,Kanpur,27.52,3.69,5.72,48,0,1.0,8,1856.0,0.29,Severe
17-07-2025 09:00,Gujarat,Rajkot,49.27,4.72,6.65,35,3,1.0,2,2143.0,0.34,Severe
17-07-2025 10:00,Assam,Barpeta,40.02,7.85,5.35,35,1,0.0,3,2371.0,0.04,Severe
17-07-2025 11:00,West Bengal,Kolkata,44.32,2.54,6.09,42,0,1.0,2,2071.0,0.31,Moderate
17-07-2025 12:00,Tamil Nadu,Thanjavur,21.39,5.86,5.4,22,3,0.0,5,1513.0,0.37,Severe
17-07-2025 13:00,Odisha,Balasore,15.35,1.3,6.57,29,1,0.0,5,1062.0,0.37,Moderate
17-07-2025 14:00,Maharashtra,Mumbai,29.26,3.53,6.98,33,0,1.0,3,2651.0,0.4,Severe
17-07-2025 15:00,Kerala,Kozhikode,53.18,4.78,4.73,38,3,1.0,4,1628.0,0.4,Severe
17-07-2025 16:00,Assam,Barpeta,90.12,1.59,5.42,56,2,0.0,4,3213.0,0.32,Severe
17-07-2025 17:00,Karnataka,Kodagu,21.91,5.35,4.24,17,0,0.0,8,2399.0,0.86,Severe
17-07-2025 18:00,West Bengal,Kolkata,89.98,3.48,4.42,61,3,0.0,6,3196.0,1.2,Severe
17-07-2025 19:00,Bihar,Darbhanga,13.99,8.94,6.79,38,1,0.0,4,2300.0,-0.41,Severe
17-07-2025 20:00,Odisha,Bhubaneswar,9.08,6.05,5.63,27,4,0.0,1,1754.0,0.1,Severe
17-07-2025 21:00,Karnataka,Bengaluru,26.91,2.95,5.19,32,1,0.0,3,1935.0,-0.65,Moderate
17-07-2025 22:00,Bihar,Muzaffarpur,15.41,1.82,6.01,29,0,2.5,2,1310.0,0.57,Moderate
17-07-2025 23:00,Kerala,Kottayam,19.3,1.33,5.68,28,2,0.0,2,1634.0,0.91,Moderate
18-07-2025 00:00,Gujarat,Vadodara,62.11,1.73,4.87,49,0,1.0,4,2661.0,0.4,Severe
18-07-2025 01:00,Uttar Pradesh,Prayagraj,58.23,6.44,4.68,42,0,0.0,5,3335.0,0.4,Severe
18-07-2025 02:00,Maharashtra,Mumbai,40.1,7.84,5.77,44,0,1.0,4,2760.0,0.09,Severe
18-07-2025 03:00,Tamil Nadu,Madurai,37.92,2.25,4.56,42,0,0.0,3,1283.0,0.43,Moderate
18-07-2025 04:00,Bihar,Bhagalpur,19.05,4.22,4.42,32,1,1.0,2,877.0,0.32,Moderate
18-07-2025 05:00,Odisha,Cuttack,29.56,3.83,4.96,27,1,0.0,4,2049.0,0.84,Severe
18-07-2025 06:00,Assam,Dibrugarh,26.01,6.16,6.58,35,1,0.0,5,1922.0,1.27,Severe
18-07-2025 07:00,Gujarat,Surat,11.06,2.46,4.11,22,2,0.0,7,955.0,1.05,Moderate
18-07-2025 08:00,Assam,Dhemaji,100.36,8.63,6.5,62,5,2.0,5,4377.0,1.37,Severe
18-07-2025 09:00,Odisha,Balasore,26.55,6.83,5.86,32,2,0.0,1,1851.0,0.64,Severe
18-07-2025 10:00,Assam,Guwahati,14.4,8.64,4.12,34,0,0.0,8,2000.0,0.5,Severe
18-07-2025 11:00,Bihar,Patna,10.08,3.22,5.81,36,0,0.0,0,1742.0,0.34,Moderate
18-07-2025 12:00,West Bengal,Darjeeling,46.24,5.7,5.28,34,1,0.0,2,2369.0,0.52,Severe
18-07-2025 13:00,Assam,Dhemaji,94.93,6.86,6.52,62,5,1.0,2,3630.0,0.5,Severe
18-07-2025 14:00,Uttar Pradesh,Kanpur,104.02124999999998,6.69,6.72,66,2,1.0,5,4324.0,0.95,Severe
18-07-2025 15:00,Kerala,Thrissur,30.98,1.17,4.86,36,1,0.0,2,2044.0,0.27,Moderate
18-07-2025 16:00,Tamil Nadu,Tiruppur,26.56,8.99,6.35,28,1,0.0,2,2032.0,-0.12,Severe
18-07-2025 17:00,Bihar,Bhagalpur,35.65,8.42,4.93,43,1,1.0,2,3499.0,0.34,Severe
18-07-2025 18:00,Karnataka,Udupi,35.09,1.96,4.89,30,2,0.0,3,1594.0,-0.07,Moderate
18-07-2025 19:00,Odisha,Balasore,5.82,5.35,4.58,30,0,0.0,2,1830.0,0.25,Severe
18-07-2025 20:00,Gujarat,Vadodara,24.16,3.52,6.04,21,1,1.0,5,1934.0,-0.43,Moderate
18-07-2025 21:00,Bihar,Muzaffarpur,41.85,8.03,4.79,47,0,0.0,3,3055.0,0.37,Severe
18-07-2025 22:00,West Bengal,Malda,47.85,6.58,5.39,32,2,0.0,2,3209.0,-0.05,Severe
18-07-2025 23:00,Gujarat,Rajkot,50.27,2.79,6.44,43,4,2.0,3,1773.0,0.69,Severe
19-07-2025 00:00,Uttar Pradesh,Kanpur,34.74,1.27,6.38,42,0,0.0,8,1642.0,0.18,Moderate
19-07-2025 01:00,Odisha,Cuttack,13.86,3.33,6.57,26,0,1.0,8,1524.0,-0.51,Moderate
19-07-2025 02:00,Gujarat,Bharuch,30.4,1.31,4.48,29,1,0.0,4,1301.0,0.17,Moderate
19-07-2025 03:00,Assam,Guwahati,74.83,2.13,5.76,66,2,1.0,5,2753.0,0.31,Severe
19-07-2025 04:00,Bihar,Darbhanga,44.0,6.09,6.74,35,1,2.0,2,3139.0,0.5,Severe
19-07-2025 05:00,Kerala,Kozhikode,27.39,6.96,4.13,28,1,1.0,5,1917.0,0.59,Severe
19-07-2025 06:00,Odisha,Balasore,104.02124999999998,4.74,6.38,58,4,2.0,6,4592.375,-0.01,Severe
19-07-2025 07:00,Maharashtra,Nagpur,36.04,5.8,4.74,39,0,0.0,3,2238.0,0.01,Severe
19-07-2025 08:00,Uttar Pradesh,Kanpur,30.05,2.25,6.01,36,1,0.0,6,1459.0,0.34,Moderate
19-07-2025 09:00,Tamil Nadu,Tiruppur,53.22,3.53,6.15,46,4,1.0,5,2220.0,0.49,Severe
19-07-2025 10:00,Odisha,Balasore,12.7,6.7,6.78,32,2,1.0,2,1430.0,0.56,Severe
19-07-2025 11:00,West Bengal,Murshidabad,26.52,3.92,5.53,26,0,0.0,3,1945.0,0.78,Moderate
19-07-2025 12:00,Bihar,Darbhanga,30.55,3.79,6.54,37,0,1.0,4,758.0,-0.4,Moderate
19-07-2025 13:00,Assam,Dhemaji,7.85,2.55,4.14,34,0,0.0,3,802.0,0.79,Moderate
19-07-2025 14:00,Tamil Nadu,Coimbatore,38.44,5.76,5.26,36,0,1.0,5,2334.0,0.72,Severe
19-07-2025 15:00,Tamil Nadu,Coimbatore,47.69,7.48,5.32,40,2,0.0,2,2306.0,0.73,Severe
19-07-2025 16:00,Uttar Pradesh,Lucknow,22.39,4.76,5.61,33,1,1.0,6,1832.0,0.25,Severe
19-07-2025 17:00,Gujarat,Surat,55.02,1.92,5.44,36,0,1.0,1,2310.0,0.46,Moderate
19-07-2025 18:00,West Bengal,Howrah,67.67,7.71,6.9,48,1,1.0,6,3416.0,0.57,Severe
19-07-2025 19:00,Gujarat,Surat,73.23,1.57,4.24,55,3,1.0,5,2562.0,0.27,Severe
19-07-2025 20:00,Assam,Dibrugarh,14.25,4.77,4.8,28,0,0.0,3,1601.0,0.78,Severe
19-07-2025 21:00,Tamil Nadu,Thanjavur,37.41,3.09,6.91,40,1,1.0,6,2142.0,-0.18,Severe
19-07-2025 22:00,West Bengal,Kolkata,51.19,8.49,5.34,37,0,0.0,7,4117.0,0.67,Severe
19-07-2025 23:00,West Bengal,Howrah,37.33,6.9,5.71,38,0,1.0,2,2415.0,0.57,Severe
20-07-2025 00:00,Karnataka,Udupi,64.58,5.53,4.24,42,2,0.0,4,2287.0,1.03,Severe
20-07-2025 01:00,Bihar,Patna,39.51,6.34,4.85,35,2,1.0,3,2452.0,1.22,Severe
20-07-2025 02:00,Tamil Nadu,Coimbatore,13.87,5.26,4.12,42,1,1.0,2,1982.0,0.26,Severe
20-07-2025 03:00,Tamil Nadu,Chennai,65.35,2.18,4.41,53,1,1.0,7,2638.0,1.04,Severe
20-07-2025 04:00,West Bengal,Kolkata,36.51,6.67,5.9,43,0,0.0,7,3072.0,0.49,Severe
20-07-2025 05:00,Gujarat,Vadodara,91.91,4.94,6.29,66,4,2.0,3,3153.0,0.5,Severe
20-07-2025 06:00,Tamil Nadu,Madurai,13.95,6.07,6.61,27,2,0.0,4,1749.0,0.53,Severe
20-07-2025 07:00,West Bengal,Malda,36.99,1.36,4.75,32,2,0.0,1,1160.0,-0.25,Low
20-07-2025 08:00,Tamil Nadu,Chennai,87.55,2.14,5.0,54,5,2.0,2,3538.0,0.86,Severe
20-07-2025 09:00,West Bengal,Murshidabad,40.12,5.71,5.71,33,0,0.0,4,2437.0,-0.27,Severe
20-07-2025 10:00,Karnataka,Mysuru,57.19,4.68,4.25,41,3,1.0,5,1645.0,0.58,Severe
20-07-2025 11:00,Bihar,Muzaffarpur,69.28,2.81,6.42,48,2,1.0,4,2224.0,-0.78,Severe
20-07-2025 12:00,West Bengal,Howrah,35.44,2.93,5.45,42,1,0.0,4,1789.0,0.25,Moderate
20-07-2025 13:00,Tamil Nadu,Thanjavur,17.77,6.05,6.9,32,0,0.0,4,890.0,0.35,Severe
20-07-2025 14:00,Assam,Barpeta,62.06,1.47,4.35,51,1,0.0,3,1664.0,0.64,Moderate
20-07-2025 15:00,Bihar,Bhagalpur,30.88,4.47,4.4,43,1,0.0,8,1156.0,1.0,Severe
20-07-2025 16:00,Karnataka,Bengaluru,5.45,5.18,5.05,37,0,1.0,3,1443.0,0.32,Severe
20-07-2025 17:00,West Bengal,Murshidabad,77.32,3.47,4.62,53,3,1.0,2,3128.0,-0.21,Severe
20-07-2025 18:00,Assam,Guwahati,99.3,7.56,6.09,66,0,2.0,4,3639.0,0.15,Severe
20-07-2025 19:00,West Bengal,Kolkata,21.57,1.45,6.84,39,1,1.0,2,1097.0,0.46,Moderate
20-07-2025 20:00,Gujarat,Surat,34.33,7.93,4.27,36,1,1.0,6,3090.0,0.42,Severe
20-07-2025 21:00,Tamil Nadu,Thanjavur,104.02124999999998,6.79,4.73,58,4,0.0,6,3766.0,-0.43,Severe
20-07-2025 22:00,Odisha,Bhubaneswar,88.69,4.57,4.71,53,3,2.0,1,2663.0,0.12,Severe
20-07-2025 23:00,Uttar Pradesh,Prayagraj,51.3,8.4,5.53,40,4,0.0,0,2638.0,0.11,Severe
21-07-2025 00:00,Kerala,Kozhikode,83.34,6.62,5.36,61,3,1.0,5,3777.0,0.26,Severe
21-07-2025 01:00,Gujarat,Bharuch,29.4,8.45,6.18,43,0,1.0,5,2821.0,0.62,Severe
21-07-2025 02:00,Assam,Dibrugarh,10.81,4.78,6.2,33,1,2.0,2,2058.0,0.0,Severe
21-07-2025 03:00,Gujarat,Bharuch,72.75,4.62,5.72,49,2,1.0,6,2038.0,0.83,Severe
21-07-2025 04:00,Maharashtra,Pune,33.54,5.25,5.77,38,0,1.0,2,2456.0,0.68,Severe
21-07-2025 05:00,West Bengal,Darjeeling,8.5,1.52,6.53,32,2,0.0,1,406.0,-0.59,Low
21-07-2025 06:00,West Bengal,Malda,22.2,8.27,5.19,30,1,0.0,3,2799.0,0.16,Severe
21-07-2025 07:00,Kerala,Kochi,28.53,6.34,4.04,35,1,0.0,1,2282.0,0.45,Severe
21-07-2025 08:00,Kerala,Thrissur,31.09,5.94,4.64,33,1,0.0,4,2004.0,1.03,Severe
21-07-2025 09:00,Maharashtra,Pune,19.46,8.41,4.11,18,1,1.0,6,1875.0,-0.19,Severe
21-07-2025 10:00,Tamil Nadu,Madurai,14.98,8.95,5.18,27,1,0.0,6,1139.0,-0.43,Severe
21-07-2025 11:00,Uttar Pradesh,Varanasi,7.5,2.31,5.07,28,0,0.0,2,735.0,0.45,Low
21-07-2025 12:00,Odisha,Balasore,7.22,6.99,4.3,28,1,0.0,6,1525.0,-0.1,Severe
21-07-2025 13:00,Odisha,Puri,33.01,5.64,6.27,34,1,1.0,2,2622.0,0.32,Severe
21-07-2025 14:00,Karnataka,Bengaluru,41.0,4.69,5.66,32,0,0.0,1,2319.0,0.02,Moderate
21-07-2025 15:00,Karnataka,Bengaluru,14.67,8.82,4.68,37,2,1.0,3,2104.0,0.76,Severe
21-07-2025 16:00,Tamil Nadu,Chennai,82.11,7.8,6.28,40,0,2.5,4,4592.375,0.68,Severe
21-07-2025 17:00,Karnataka,Mysuru,24.98,6.57,6.0,39,0,0.0,2,1699.0,0.08,Severe
21-07-2025 18:00,Karnataka,Bengaluru,31.17,4.06,4.57,34,1,1.0,1,2203.0,1.03,Severe
21-07-2025 19:00,Maharashtra,Kolhapur,29.79,6.33,6.95,33,0,0.0,3,3292.0,0.38,Severe
21-07-2025 20:00,Maharashtra,Pune,6.16,5.25,4.53,27,1,1.0,8,1604.0,0.5,Severe
21-07-2025 21:00,Karnataka,Bengaluru,65.01,2.99,6.32,38,3,0.0,3,2547.0,0.05,Severe
21-07-2025 22:00,Gujarat,Rajkot,50.55,4.6,6.9,47,0,0.0,4,2557.0,0.02,Severe
21-07-2025 23:00,Bihar,Muzaffarpur,83.85,2.7,6.18,65,2,2.5,3,3084.0,1.04,Severe
22-07-2025 00:00,Bihar,Darbhanga,80.35,5.0,6.0,64,2,1.0,4,2861.0,0.4,Severe
22-07-2025 01:00,Tamil Nadu,Madurai,46.34,6.76,6.71,48,3,1.0,0,3417.0,0.45,Severe
22-07-2025 02:00,Odisha,Puri,52.96,1.29,4.81,42,1,0.0,3,2467.0,0.12,Moderate
22-07-2025 03:00,Kerala,Kochi,13.81,7.12,4.83,34,2,1.0,4,1788.0,0.47,Severe
22-07-2025 04:00,Tamil Nadu,Chennai,25.11,1.16,5.92,22,2,1.0,4,1162.0,0.36,Moderate
22-07-2025 05:00,Karnataka,Bengaluru,29.64,5.14,6.65,40,0,1.0,8,2096.0,0.34,Severe
22-07-2025 06:00,Maharashtra,Kolhapur,22.54,5.59,5.85,29,2,0.0,3,2180.0,1.09,Severe
22-07-2025 07:00,West Bengal,Darjeeling,79.12,7.09,6.93,54,1,0.0,5,4016.0,0.41,Severe
22-07-2025 08:00,Gujarat,Ahmedabad,38.2,7.09,4.67,40,2,0.0,6,2319.0,-0.16,Severe
22-07-2025 09:00,Assam,Dibrugarh,18.08,4.34,6.48,24,1,0.0,6,1107.0,0.57,Severe
22-07-2025 10:00,Maharashtra,Pune,75.83,1.53,6.78,46,1,1.0,4,2659.0,0.18,Severe
22-07-2025 11:00,Bihar,Bhagalpur,39.1,6.55,5.28,32,1,0.0,4,2766.0,-0.11,Severe
22-07-2025 12:00,Maharashtra,Nagpur,63.24,5.09,6.89,42,4,1.0,2,3078.0,0.03,Severe
22-07-2025 13:00,Gujarat,Vadodara,13.58,3.66,4.61,37,0,0.0,2,1129.0,0.84,Moderate
22-07-2025 14:00,Kerala,Kochi,41.24,2.88,6.86,38,3,0.0,8,1762.0,-0.11,Severe
22-07-2025 15:00,Karnataka,Bengaluru,17.41,1.96,6.71,30,1,0.0,3,965.0,-0.09,Low
22-07-2025 16:00,West Bengal,Kolkata,39.71,3.36,4.2,33,1,1.0,4,2129.0,0.38,Severe
22-07-2025 17:00,Bihar,Darbhanga,50.66,4.67,5.56,52,1,0.0,3,1358.0,0.2,Severe
22-07-2025 18:00,Bihar,Muzaffarpur,12.45,4.82,5.59,37,0,0.0,3,1971.0,-0.09,Moderate
22-07-2025 19:00,Uttar Pradesh,Gorakhpur,32.69,5.66,4.17,34,0,2.0,4,1902.0,0.76,Severe
22-07-2025 20:00,Odisha,Puri,13.5,3.9,4.12,21,0,1.0,3,406.0,0.16,Moderate
22-07-2025 21:00,Kerala,Kozhikode,65.46,8.36,4.02,51,3,0.0,4,3504.0,-0.23,Severe
22-07-2025 22:00,Bihar,Muzaffarpur,35.12,4.97,5.57,29,1,2.0,3,2060.0,0.48,Severe
22-07-2025 23:00,Odisha,Puri,18.04,4.39,5.39,29,0,0.0,6,748.0,0.72,Moderate
23-07-2025 00:00,Bihar,Muzaffarpur,21.94,1.39,6.82,40,1,1.0,4,1048.0,0.56,Moderate
23-07-2025 01:00,Karnataka,Mysuru,24.53,5.79,5.03,34,1,0.0,5,2608.0,0.65,Severe
23-07-2025 02:00,Odisha,Puri,83.04,5.82,5.97,54,5,1.0,1,3100.0,0.64,Severe
23-07-2025 03:00,Gujarat,Vadodara,31.86,5.67,4.02,28,0,1.0,8,2209.0,0.23,Severe
23-07-2025 04:00,Uttar Pradesh,Lucknow,58.29,8.1,5.99,54,1,0.0,5,4101.0,0.14,Severe
23-07-2025 05:00,Karnataka,Udupi,32.98,7.1,6.74,34,0,0.0,3,2767.0,0.05,Severe
23-07-2025 06:00,Gujarat,Bharuch,13.84,7.94,5.06,30,2,1.0,4,2714.0,0.35,Severe
23-07-2025 07:00,West Bengal,Murshidabad,21.78,1.48,4.94,40,1,1.0,0,1485.0,-0.39,Moderate
23-07-2025 08:00,Kerala,Kozhikode,42.57,3.55,5.88,47,1,1.0,4,1604.0,-0.17,Severe
23-07-2025 09:00,Kerala,Alappuzha,6.23,3.55,4.99,28,2,1.0,2,1222.0,0.95,Severe
23-07-2025 10:00,Assam,Jorhat,47.61,6.26,5.21,42,0,1.0,3,2813.0,0.75,Severe
23-07-2025 11:00,Assam,Jorhat,19.57,4.59,4.82,40,2,2.0,3,1401.0,0.42,Severe
23-07-2025 12:00,Odisha,Puri,37.96,7.22,5.03,27,1,0.0,4,2277.0,1.04,Severe
23-07-2025 13:00,Kerala,Kozhikode,22.49,4.08,6.04,29,0,0.0,2,1968.0,0.52,Moderate
23-07-2025 14:00,Odisha,Balasore,53.86,2.77,6.77,46,3,0.0,5,1808.0,0.36,Severe
23-07-2025 15:00,Assam,Dhemaji,34.69,3.33,5.75,44,1,0.0,4,1671.0,-0.26,Moderate
23-07-2025 16:00,West Bengal,Darjeeling,52.54,2.46,4.03,38,1,0.0,3,2362.0,0.23,Moderate
23-07-2025 17:00,Bihar,Darbhanga,7.53,2.58,4.79,21,0,0.0,2,337.0,0.79,Moderate
23-07-2025 18:00,Gujarat,Bharuch,29.3,2.73,6.86,29,1,0.0,3,1182.0,0.6,Moderate
23-07-2025 19:00,Maharashtra,Nashik,19.27,1.13,6.73,26,1,1.0,3,1230.0,1.23,Moderate
23-07-2025 20:00,Odisha,Balasore,46.7,6.73,4.35,40,1,0.0,5,3508.0,0.36,Severe
23-07-2025 21:00,West Bengal,Murshidabad,64.95,4.2,6.73,52,3,2.0,3,2328.0,-0.8,Severe
23-07-2025 22:00,Gujarat,Surat,63.42,1.18,6.89,50,1,0.0,2,2100.0,0.52,Moderate
23-07-2025 23:00,Kerala,Alappuzha,85.93,3.96,4.97,56,3,2.0,3,3097.0,-0.75,Severe
24-07-2025 00:00,Bihar,Muzaffarpur,65.99,8.24,6.1,38,4,2.0,2,4592.375,0.13,Severe
24-07-2025 01:00,Gujarat,Vadodara,29.09,5.09,5.68,31,1,1.0,4,2218.0,0.75,Severe
24-07-2025 02:00,Uttar Pradesh,Prayagraj,15.82,8.89,5.01,18,2,0.0,6,2204.0,1.11,Severe
24-07-2025 03:00,Assam,Dhemaji,8.08,5.32,4.46,33,1,0.0,4,1544.0,-0.12,Severe
24-07-2025 04:00,Gujarat,Rajkot,15.25,8.7,5.1,28,3,1.0,3,1921.0,0.53,Severe
24-07-2025 05:00,Maharashtra,Pune,6.83,2.61,6.78,28,0,2.0,2,824.0,1.06,Moderate
24-07-2025 06:00,West Bengal,Murshidabad,11.15,3.32,6.43,31,0,0.0,3,1539.0,0.39,Moderate
24-07-2025 07:00,Bihar,Darbhanga,40.35,6.6,4.99,32,0,1.0,6,3168.0,0.07,Severe
24-07-2025 08:00,Karnataka,Bengaluru,7.52,8.89,5.64,33,0,1.0,5,2056.0,1.18,Severe
24-07-2025 09:00,Gujarat,Rajkot,44.02,7.6,5.22,58,2,1.0,3,4066.0,0.8,Severe
24-07-2025 10:00,Tamil Nadu,Thanjavur,21.87,5.43,5.4,34,1,1.0,7,1790.0,0.38,Severe
24-07-2025 11:00,Maharashtra,Pune,35.78,1.68,6.28,40,0,0.0,2,1649.0,-0.34,Low
24-07-2025 12:00,Maharashtra,Mumbai,36.44,3.92,5.63,48,0,1.0,3,1875.0,0.19,Severe
24-07-2025 13:00,Tamil Nadu,Coimbatore,86.15,1.69,4.54,59,5,1.0,4,2478.0,0.02,Severe
24-07-2025 14:00,Uttar Pradesh,Prayagraj,37.39,3.49,4.81,47,1,1.0,4,1932.0,-0.42,Severe
24-07-2025 15:00,Karnataka,Bengaluru,11.62,3.07,5.7,33,1,0.0,6,1630.0,0.96,Severe
24-07-2025 16:00,Assam,Guwahati,16.54,4.11,6.08,36,2,2.0,1,1077.0,0.61,Severe
24-07-2025 17:00,West Bengal,Murshidabad,36.37,7.7,5.52,36,1,0.0,2,3346.0,0.03,Severe
24-07-2025 18:00,Bihar,Bhagalpur,28.11,2.2,5.86,33,2,1.0,2,2127.0,0.09,Moderate
24-07-2025 19:00,West Bengal,Murshidabad,37.58,3.45,6.37,41,0,2.0,4,2528.0,0.14,Severe
24-07-2025 20:00,Karnataka,Kodagu,44.57,3.09,5.64,38,0,1.0,5,2460.0,-0.1,Moderate
24-07-2025 21:00,West Bengal,Howrah,17.08,3.37,6.93,33,4,0.0,7,1211.0,1.5750000000000002,Severe
24-07-2025 22:00,Tamil Nadu,Coimbatore,45.48,3.88,4.71,44,2,1.0,5,2245.0,0.03,Severe
24-07-2025 23:00,Maharashtra,Nagpur,49.03,2.95,6.76,44,2,0.0,7,2800.0,0.21,Severe
25-07-2025 00:00,West Bengal,Howrah,38.0,8.54,4.74,42,2,1.0,3,2787.0,0.04,Severe
25-07-2025 01:00,Odisha,Cuttack,102.93,4.36,5.59,66,2,0.0,3,3148.0,-0.46,Severe
25-07-2025 02:00,Gujarat,Rajkot,8.33,1.91,5.37,39,0,0.0,3,1123.0,-0.2,Low
25-07-2025 03:00,Karnataka,Mangaluru,94.93,4.74,5.12,66,3,2.0,5,3574.0,0.83,Severe
25-07-2025 04:00,Uttar Pradesh,Varanasi,26.21,2.48,6.89,35,2,1.0,6,799.0,0.2,Moderate
25-07-2025 05:00,Odisha,Kendrapara,19.11,2.73,4.82,34,2,1.0,2,1675.0,0.54,Moderate
25-07-2025 06:00,Tamil Nadu,Thanjavur,46.63,3.28,6.02,41,0,2.0,6,2205.0,0.56,Severe
25-07-2025 07:00,Kerala,Kozhikode,21.95,2.0,6.41,31,0,1.0,6,1246.0,0.56,Moderate
25-07-2025 08:00,Tamil Nadu,Madurai,62.18,6.77,4.59,42,1,2.0,2,2264.0,0.04,Severe
25-07-2025 09:00,Uttar Pradesh,Varanasi,25.65,7.34,6.92,31,0,0.0,3,2824.0,1.11,Severe
25-07-2025 10:00,Uttar Pradesh,Prayagraj,67.83,4.15,5.64,41,2,0.0,3,2379.0,0.76,Severe
25-07-2025 11:00,Odisha,Kendrapara,14.65,6.51,6.74,33,1,2.5,2,3021.0,0.56,Severe
25-07-2025 12:00,Gujarat,Rajkot,42.08,4.11,5.99,40,1,1.0,5,2599.0,0.46,Severe
25-07-2025 13:00,Karnataka,Udupi,17.99,2.31,5.95,25,2,0.0,5,1975.0,-0.27,Moderate
25-07-2025 14:00,Assam,Dibrugarh,43.17,4.18,5.04,45,0,0.0,7,2275.0,0.72,Severe
25-07-2025 15:00,Maharashtra,Nagpur,9.99,5.46,6.31,37,1,2.0,1,1738.0,0.29,Severe
25-07-2025 16:00,Odisha,Puri,10.77,1.33,4.09,22,1,0.0,5,814.0,-0.01,Low
25-07-2025 17:00,Uttar Pradesh,Prayagraj,25.47,6.24,5.67,33,2,1.0,4,2201.0,-0.11,Severe
25-07-2025 18:00,Kerala,Thrissur,69.82,6.94,4.1,44,1,1.0,4,2817.0,0.79,Severe
25-07-2025 19:00,Bihar,Gaya,8.66,7.88,4.92,24,2,1.0,3,673.0,-0.28,Severe
25-07-2025 20:00,Uttar Pradesh,Prayagraj,78.19,1.82,4.29,45,1,0.0,2,2678.0,0.17,Moderate
25-07-2025 21:00,Gujarat,Rajkot,43.22,1.0,6.73,40,3,1.0,8,882.0,0.42,Moderate
25-07-2025 22:00,Gujarat,Bharuch,66.32,1.59,5.88,56,2,2.0,3,2498.0,0.28,Severe
25-07-2025 23:00,Uttar Pradesh,Lucknow,34.7,8.39,6.01,38,0,0.0,1,2402.0,0.54,Severe
26-07-2025 00:00,Gujarat,Rajkot,38.27,7.12,6.55,41,1,0.0,2,2477.0,0.88,Severe
26-07-2025 01:00,Odisha,Kendrapara,28.66,7.68,6.2,34,2,1.0,1,2136.0,0.63,Severe
26-07-2025 02:00,Uttar Pradesh,Lucknow,26.36,5.14,4.37,44,1,0.0,8,2454.0,0.38,Severe
26-07-2025 03:00,Uttar Pradesh,Kanpur,54.85,5.21,5.85,42,2,2.0,6,2233.0,0.15,Severe
26-07-2025 04:00,Karnataka,Mangaluru,14.7,3.39,6.93,39,1,0.0,3,2001.0,-0.3,Moderate
26-07-2025 05:00,Maharashtra,Nagpur,34.17,7.74,4.64,40,3,1.0,5,2608.0,0.32,Severe
26-07-2025 06:00,Kerala,Thrissur,8.49,7.64,5.86,25,1,0.0,6,1235.0,0.18,Severe
26-07-2025 07:00,Gujarat,Vadodara,11.26,4.14,5.69,35,2,1.0,5,1126.0,0.59,Severe
26-07-2025 08:00,Karnataka,Bengaluru,31.8,3.63,5.17,35,1,0.0,4,1080.0,0.29,Moderate
26-07-2025 09:00,Assam,Barpeta,20.67,6.91,6.86,38,2,1.0,6,1363.0,0.82,Severe
26-07-2025 10:00,Assam,Jorhat,29.22,1.21,5.07,33,1,1.0,6,1138.0,0.15,Moderate
26-07-2025 11:00,West Bengal,Murshidabad,16.71,7.88,4.28,40,2,0.0,4,2325.0,0.1,Severe
26-07-2025 12:00,Odisha,Balasore,50.88,4.57,6.89,47,1,0.0,1,3380.0,0.54,Severe
26-07-2025 13:00,Odisha,Balasore,11.96,4.53,6.19,24,0,0.0,4,1637.0,0.4,Moderate
26-07-2025 14:00,Tamil Nadu,Chennai,96.82,6.35,5.03,56,3,2.5,5,3769.0,0.52,Severe
26-07-2025 15:00,Kerala,Thrissur,75.82,6.17,4.84,54,2,0.0,5,2979.0,0.29,Severe
26-07-2025 16:00,Uttar Pradesh,Lucknow,46.77,3.13,6.78,41,2,0.0,2,869.0,0.36,Moderate
26-07-2025 17:00,Gujarat,Ahmedabad,10.47,8.55,4.82,31,4,0.0,5,1665.0,0.22,Severe
26-07-2025 18:00,Kerala,Kochi,29.26,8.89,5.61,36,0,0.0,4,2534.0,0.41,Severe
26-07-2025 19:00,West Bengal,Howrah,48.67,5.21,4.64,46,0,0.0,3,2814.0,0.91,Severe
26-07-2025 20:00,Tamil Nadu,Coimbatore,64.0,5.49,6.99,61,1,1.0,3,3317.0,0.12,Severe
26-07-2025 21:00,Karnataka,Bengaluru,63.76,5.43,6.31,50,4,1.0,4,2602.0,0.08,Severe
26-07-2025 22:00,Kerala,Kozhikode,55.65,4.89,5.7,51,2,0.0,4,3015.0,0.49,Severe
26-07-2025 23:00,Karnataka,Mangaluru,4.72,8.56,6.24,33,0,0.0,5,2983.0,0.27,Severe
27-07-2025 00:00,Assam,Jorhat,15.21,2.96,6.75,29,1,0.0,0,2180.0,0.99,Moderate
27-07-2025 01:00,Gujarat,Ahmedabad,56.67,1.86,6.89,50,2,0.0,4,3066.0,0.66,Severe
27-07-2025 02:00,West Bengal,Darjeeling,21.75,8.44,6.36,34,1,1.0,8,2080.0,0.73,Severe
27-07-2025 03:00,Uttar Pradesh,Lucknow,41.54,2.7,6.55,38,0,2.0,3,1368.0,0.78,Severe
27-07-2025 04:00,Gujarat,Ahmedabad,100.91,6.99,5.19,66,3,1.0,7,3445.0,0.05,Severe
27-07-2025 05:00,Maharashtra,Nagpur,20.95,2.63,5.18,42,1,2.5,6,1677.0,0.4,Severe
27-07-2025 06:00,Odisha,Balasore,66.92,8.68,6.42,44,1,2.0,3,4557.0,0.65,Severe
27-07-2025 07:00,West Bengal,Murshidabad,43.1,7.33,6.28,44,0,0.0,5,2569.0,0.35,Severe
27-07-2025 08:00,Kerala,Thrissur,104.02124999999998,8.35,6.7,57,4,2.5,4,4592.375,-0.05,Severe
27-07-2025 09:00,Gujarat,Ahmedabad,43.19,8.61,4.4,58,3,0.0,1,3708.0,0.77,Severe
27-07-2025 10:00,Bihar,Muzaffarpur,21.99,1.68,6.07,39,0,1.0,6,1526.0,0.27,Moderate
27-07-2025 11:00,Odisha,Kendrapara,34.27,4.47,5.94,40,1,1.0,2,2277.0,0.49,Severe
27-07-2025 12:00,Odisha,Balasore,14.47,6.18,6.4,27,1,0.0,4,1826.0,0.61,Severe
27-07-2025 13:00,Bihar,Bhagalpur,54.19,7.42,4.07,36,3,1.0,3,3324.0,1.03,Severe
27-07-2025 14:00,Tamil Nadu,Thanjavur,25.08,2.93,6.48,29,0,0.0,4,1309.0,0.44,Moderate
27-07-2025 15:00,Tamil Nadu,Thanjavur,34.24,8.32,4.98,36,2,0.0,6,2468.0,-0.56,Severe
27-07-2025 16:00,Bihar,Muzaffarpur,70.42,2.77,6.06,55,2,0.0,5,2742.0,0.43,Severe
27-07-2025 17:00,Maharashtra,Nashik,13.18,7.93,5.85,31,0,0.0,5,2756.0,0.48,Severe
27-07-2025 18:00,Assam,Dhemaji,64.14,5.1,5.32,42,0,1.0,4,3092.0,-0.4,Severe
27-07-2025 19:00,Bihar,Patna,9.45,5.12,6.24,27,0,0.0,2,2474.0,1.01,Severe
27-07-2025 20:00,Assam,Barpeta,31.22,3.99,6.88,32,1,1.0,4,1669.0,-0.84,Severe
27-07-2025 21:00,Gujarat,Rajkot,46.95,1.83,4.97,30,2,0.0,4,2099.0,0.61,Moderate
27-07-2025 22:00,Maharashtra,Nagpur,56.68,3.78,6.25,50,2,1.0,2,1484.0,-0.34,Severe
27-07-2025 23:00,West Bengal,Malda,14.16,4.41,4.94,24,2,2.0,6,1825.0,0.83,Severe
28-07-2025 00:00,Assam,Dhemaji,101.89,4.83,6.54,58,5,1.0,5,2508.0,0.6,Severe
28-07-2025 01:00,Odisha,Cuttack,47.44,6.91,5.31,41,0,0.0,0,3313.0,1.01,Severe
28-07-2025 02:00,Gujarat,Bharuch,57.17,3.82,5.35,38,0,2.0,4,3041.0,0.58,Severe
28-07-2025 03:00,Odisha,Cuttack,47.66,4.25,6.32,30,1,0.0,2,2085.0,0.51,Severe
28-07-2025 04:00,Maharashtra,Mumbai,14.69,8.25,5.49,34,1,1.0,6,1503.0,0.2,Severe
28-07-2025 05:00,Assam,Barpeta,19.46,7.02,4.8,28,2,0.0,2,1600.0,-0.43,Severe
28-07-2025 06:00,Karnataka,Kodagu,76.36,1.18,6.99,36,2,0.0,4,1920.0,1.33,Severe
28-07-2025 07:00,Maharashtra,Nashik,77.97,7.5,5.86,52,0,1.0,1,3389.0,0.13,Severe
28-07-2025 08:00,Maharashtra,Nagpur,5.81,8.92,5.94,26,2,1.0,3,1924.0,0.5,Severe
28-07-2025 09:00,Karnataka,Bengaluru,53.79,8.52,5.94,37,2,1.0,7,2969.0,-0.02,Severe
28-07-2025 10:00,Gujarat,Surat,30.81,7.69,6.65,34,1,0.0,2,3027.0,-0.13,Severe
28-07-2025 11:00,Assam,Jorhat,45.45,6.03,4.55,49,2,1.0,5,2682.0,0.38,Severe
28-07-2025 12:00,Assam,Guwahati,38.64,3.23,4.18,34,1,0.0,3,2313.0,0.54,Moderate
28-07-2025 13:00,Odisha,Bhubaneswar,38.21,6.24,5.16,39,0,0.0,6,2364.0,1.14,Severe
28-07-2025 14:00,Maharashtra,Pune,17.39,6.56,5.69,29,0,1.0,4,1672.0,0.8,Severe
28-07-2025 15:00,Maharashtra,Pune,65.17,3.25,4.86,51,2,1.0,2,2253.0,0.48,Severe
28-07-2025 16:00,Uttar Pradesh,Kanpur,21.86,3.04,6.07,37,1,0.0,8,929.0,0.32,Moderate
28-07-2025 17:00,West Bengal,Murshidabad,30.33,4.18,4.22,30,0,0.0,7,2540.0,0.51,Severe
28-07-2025 18:00,Maharashtra,Nashik,17.74,6.13,6.37,47,2,0.0,2,1526.0,0.23,Severe
28-07-2025 19:00,Kerala,Thrissur,34.22,3.34,6.15,35,0,1.0,8,1896.0,0.47,Severe
28-07-2025 20:00,West Bengal,Malda,12.12,5.45,4.64,34,1,0.0,5,2031.0,-0.01,Severe
28-07-2025 21:00,Kerala,Kochi,22.72,8.19,4.9,32,1,0.0,4,2213.0,0.1,Severe
28-07-2025 22:00,Assam,Dibrugarh,64.94,3.36,6.42,43,1,2.0,6,2138.0,0.33,Severe
28-07-2025 23:00,West Bengal,Howrah,13.89,8.73,6.32,29,0,1.0,3,1947.0,0.5,Severe
29-07-2025 00:00,Maharashtra,Mumbai,53.4,4.79,6.44,54,1,0.0,6,3451.0,0.3,Severe
29-07-2025 01:00,Karnataka,Bengaluru,11.16,1.81,4.97,17,0,1.0,2,1401.0,0.44,Moderate
29-07-2025 02:00,Odisha,Puri,20.77,1.44,6.91,33,2,0.0,6,826.0,-0.06,Moderate
29-07-2025 03:00,Kerala,Kochi,21.03,3.71,6.15,34,0,0.0,5,1905.0,-0.19,Moderate
29-07-2025 04:00,West Bengal,Malda,61.09,3.07,4.2,51,1,0.0,6,2869.0,0.33,Severe
29-07-2025 05:00,Maharashtra,Nagpur,78.44,7.75,5.43,54,0,2.0,5,4592.375,-0.41,Severe
29-07-2025 06:00,West Bengal,Howrah,26.63,6.9,5.99,45,1,0.0,5,2654.0,0.74,Severe
29-07-2025 07:00,Maharashtra,Pune,12.04,8.08,4.51,23,1,0.0,4,2299.0,-0.27,Severe
29-07-2025 08:00,Maharashtra,Pune,23.53,5.71,6.71,30,1,0.0,3,2059.0,0.17,Severe
29-07-2025 09:00,Maharashtra,Nagpur,25.01,4.48,6.26,33,1,0.0,5,1913.0,0.58,Severe
29-07-2025 10:00,Uttar Pradesh,Gorakhpur,22.93,3.16,4.24,23,2,1.0,6,958.0,0.76,Severe
29-07-2025 11:00,Odisha,Balasore,30.83,5.66,6.74,44,1,2.0,1,1347.0,0.64,Severe
29-07-2025 12:00,Karnataka,Mangaluru,17.74,5.94,5.21,27,0,0.0,4,1816.0,0.57,Severe
29-07-2025 13:00,Karnataka,Mangaluru,12.64,4.14,5.36,19,2,2.0,1,1882.0,1.51,Severe
29-07-2025 14:00,West Bengal,Darjeeling,6.54,8.49,6.35,29,0,0.0,3,1605.0,-0.12,Severe
29-07-2025 15:00,West Bengal,Howrah,59.32,6.12,5.93,39,0,0.0,0,2484.0,0.49,Severe
29-07-2025 16:00,Maharashtra,Nashik,38.41,7.7,5.31,34,2,1.0,2,2137.0,0.63,Severe
29-07-2025 17:00,Uttar Pradesh,Prayagraj,50.19,5.96,4.78,42,0,0.0,6,2696.0,0.51,Severe
29-07-2025 18:00,Maharashtra,Pune,45.79,3.53,5.55,48,0,0.0,2,1681.0,0.14,Moderate
29-07-2025 19:00,Uttar Pradesh,Varanasi,32.39,6.89,5.74,23,2,0.0,5,3510.0,0.6,Severe
29-07-2025 20:00,Maharashtra,Mumbai,30.77,2.84,5.89,27,4,1.0,3,1285.0,0.56,Severe
29-07-2025 21:00,Kerala,Kozhikode,100.43,5.77,5.82,66,1,2.0,3,4592.375,0.91,Severe
29-07-2025 22:00,Kerala,Thrissur,23.17,4.22,5.85,34,0,0.0,3,2384.0,0.56,Moderate
29-07-2025 23:00,Assam,Jorhat,34.8,2.2,5.43,42,1,0.0,6,1555.0,-0.51,Moderate
30-07-2025 00:00,Maharashtra,Nashik,24.77,4.31,5.69,32,0,1.0,7,1704.0,0.71,Severe
30-07-2025 01:00,Odisha,Balasore,15.47,3.48,4.87,31,1,0.0,4,2048.0,0.17,Moderate
30-07-2025 02:00,Assam,Barpeta,104.02124999999998,1.9,4.48,66,1,2.5,6,3520.0,0.26,Severe
30-07-2025 03:00,West Bengal,Malda,48.68,7.59,5.82,45,3,0.0,4,3101.0,-0.16,Severe
30-07-2025 04:00,Gujarat,Surat,20.47,4.99,4.14,24,0,0.0,7,610.0,0.41,Severe
30-07-2025 05:00,Maharashtra,Pune,17.17,3.77,4.2,39,2,1.0,4,1396.0,1.24,Severe
30-07-2025 06:00,Kerala,Thrissur,53.32,5.04,4.74,44,4,2.0,3,2939.0,0.83,Severe
30-07-2025 07:00,Gujarat,Vadodara,68.24,7.04,4.58,53,2,0.0,3,2538.0,-0.18,Severe
30-07-2025 08:00,Uttar Pradesh,Prayagraj,13.73,1.15,5.12,23,1,0.0,5,1161.0,0.26,Low
30-07-2025 09:00,Gujarat,Vadodara,29.86,5.37,5.11,39,0,2.0,5,1314.0,0.8,Severe
30-07-2025 10:00,Odisha,Puri,34.67,4.83,4.35,27,2,1.0,3,1860.0,0.27,Severe
30-07-2025 11:00,Maharashtra,Kolhapur,34.86,8.14,4.74,40,0,1.0,6,3752.0,-0.57,Severe
30-07-2025 12:00,Karnataka,Bengaluru,39.79,5.45,4.01,44,2,0.0,5,2888.0,0.1,Severe
30-07-2025 13:00,Gujarat,Vadodara,27.71,2.1,5.05,31,1,0.0,3,1624.0,0.97,Moderate
30-07-2025 14:00,Karnataka,Bengaluru,31.58,4.11,6.39,41,3,0.0,8,1803.0,1.03,Severe
30-07-2025 15:00,Uttar Pradesh,Lucknow,32.86,5.97,4.8,46,1,0.0,3,2066.0,0.27,Severe
30-07-2025 16:00,Assam,Dhemaji,13.05,1.37,5.93,26,1,0.0,2,354.0,0.23,Low
30-07-2025 17:00,Karnataka,Mysuru,98.93,8.08,4.29,66,1,2.0,2,3987.0,-0.68,Severe
30-07-2025 18:00,Assam,Jorhat,55.44,1.54,4.04,37,3,1.0,5,1904.0,0.31,Severe
30-07-2025 19:00,Kerala,Alappuzha,65.84,1.24,5.5,58,2,0.0,1,3562.0,0.09,Moderate
30-07-2025 20:00,Maharashtra,Kolhapur,40.91,1.02,5.38,31,0,0.0,3,1542.0,-0.5,Low
30-07-2025 21:00,Gujarat,Ahmedabad,104.02124999999998,6.47,4.57,63,1,2.5,1,4430.0,-0.08,Severe
30-07-2025 22:00,Kerala,Kottayam,2.31,4.65,4.86,23,0,1.0,7,1139.0,-0.24,Moderate
30-07-2025 23:00,Kerala,Kozhikode,35.65,1.82,4.09,35,4,0.0,6,1967.0,0.38,Severe
31-07-2025 00:00,Bihar,Patna,16.72,7.85,6.39,32,0,1.0,3,2240.0,1.05,Severe
31-07-2025 01:00,Tamil Nadu,Madurai,37.67,2.62,4.9,37,0,1.0,3,2194.0,0.28,Moderate
31-07-2025 02:00,Odisha,Cuttack,86.41,3.61,4.66,64,1,1.0,2,4007.0,0.47,Severe
31-07-2025 03:00,Assam,Jorhat,52.52,2.42,6.41,40,3,1.0,5,2104.0,1.46,Severe
31-07-2025 04:00,Bihar,Gaya,33.09,8.41,4.12,27,1,1.0,5,2870.0,-0.51,Severe
31-07-2025 05:00,Tamil Nadu,Thanjavur,92.19,7.06,4.85,54,2,0.0,1,3653.0,0.44,Severe
31-07-2025 06:00,Odisha,Puri,61.83,6.79,4.79,51,3,2.0,3,2536.0,0.86,Severe
31-07-2025 07:00,Assam,Dibrugarh,48.88,1.35,4.79,42,3,2.0,2,1633.0,0.49,Severe
31-07-2025 08:00,Maharashtra,Nashik,47.99,5.18,4.03,45,0,0.0,4,3196.0,-0.38,Severe
31-07-2025 09:00,Odisha,Bhubaneswar,59.45,5.6,6.8,49,4,0.0,3,3177.0,1.22,Severe
31-07-2025 10:00,Gujarat,Vadodara,21.84,4.06,6.59,30,1,2.0,4,2199.0,0.73,Severe
31-07-2025 11:00,Kerala,Kottayam,19.72,3.57,5.24,34,2,0.0,3,1477.0,0.47,Moderate
31-07-2025 12:00,Tamil Nadu,Chennai,15.37,7.82,5.34,36,1,1.0,6,2423.0,-0.27,Severe
31-07-2025 13:00,Tamil Nadu,Coimbatore,22.6,1.18,5.57,44,2,0.0,3,2023.0,1.38,Moderate
31-07-2025 14:00,Tamil Nadu,Tiruppur,88.52,6.0,5.43,41,1,2.0,5,3654.0,0.61,Severe
31-07-2025 15:00,Assam,Barpeta,29.87,4.15,6.34,31,0,0.0,7,1832.0,0.55,Severe
31-07-2025 16:00,Gujarat,Vadodara,89.72,6.33,5.47,66,2,0.0,3,3816.0,0.61,Severe
31-07-2025 17:00,Odisha,Cuttack,21.34,2.58,4.57,33,2,0.0,3,1509.0,0.78,Moderate
31-07-2025 18:00,Kerala,Kochi,70.02,2.91,4.35,43,4,0.0,4,2895.0,0.4,Severe
31-07-2025 19:00,Gujarat,Surat,78.68,5.69,6.75,49,0,1.0,1,3184.0,0.3,Severe
31-07-2025 20:00,Bihar,Darbhanga,38.16,8.84,4.15,30,0,0.0,5,3017.0,-0.66,Severe
31-07-2025 21:00,Maharashtra,Nashik,29.53,8.8,6.69,39,1,0.0,2,2269.0,0.0,Severe
31-07-2025 22:00,Karnataka,Mangaluru,18.56,2.99,6.07,26,1,0.0,4,2245.0,1.24,Severe
31-07-2025 23:00,Gujarat,Ahmedabad,64.58,1.82,5.21,49,3,2.0,3,1804.0,-0.02,Severe
01-08-2025 00:00,Bihar,Bhagalpur,28.73,5.72,4.56,26,1,2.0,6,1930.0,0.22,Severe
01-08-2025 01:00,Kerala,Kozhikode,26.1,4.36,4.93,44,2,1.0,2,2266.0,-0.17,Severe
01-08-2025 02:00,Karnataka,Kodagu,44.1,7.09,5.59,38,1,0.0,2,2339.0,0.58,Severe
01-08-2025 03:00,Karnataka,Mysuru,52.65,5.22,5.97,45,1,0.0,5,1922.0,0.23,Severe
01-08-2025 04:00,Gujarat,Ahmedabad,17.79,5.08,6.07,31,2,0.0,7,2034.0,0.22,Severe
01-08-2025 05:00,Tamil Nadu,Thanjavur,43.98,6.17,5.34,40,1,2.0,8,2780.0,-0.01,Severe
01-08-2025 06:00,West Bengal,Howrah,78.91,2.01,5.12,47,2,2.0,3,2732.0,0.54,Severe
01-08-2025 07:00,Kerala,Kochi,15.14,6.42,6.3,28,1,0.0,2,1901.0,1.01,Severe
01-08-2025 08:00,Tamil Nadu,Chennai,65.5,4.91,6.78,49,3,0.0,4,2686.0,-0.41,Severe
01-08-2025 09:00,Kerala,Alappuzha,65.13,7.56,6.74,51,0,1.0,7,3765.0,0.21,Severe
01-08-2025 10:00,West Bengal,Howrah,68.82,2.11,5.65,53,1,0.0,3,3272.0,0.28,Severe
01-08-2025 11:00,Maharashtra,Nashik,54.16,3.41,4.24,38,3,1.0,4,2609.0,0.01,Severe
01-08-2025 12:00,West Bengal,Murshidabad,52.27,8.6,4.22,36,1,1.0,2,3552.0,0.87,Severe
01-08-2025 13:00,Uttar Pradesh,Kanpur,64.07,5.42,5.21,52,2,0.0,8,3081.0,0.88,Severe
01-08-2025 14:00,Gujarat,Vadodara,43.93,8.43,6.2,38,3,0.0,6,3657.0,0.45,Severe
01-08-2025 15:00,Gujarat,Ahmedabad,24.69,6.51,5.49,31,3,0.0,3,1827.0,0.04,Severe
01-08-2025 16:00,Bihar,Darbhanga,24.26,8.41,5.88,31,1,0.0,1,2177.0,0.87,Severe
01-08-2025 17:00,Tamil Nadu,Thanjavur,32.28,3.54,6.53,39,5,0.0,1,2013.0,0.22,Severe
01-08-2025 18:00,Bihar,Gaya,56.63,1.72,4.12,45,1,0.0,4,2069.0,0.79,Moderate
01-08-2025 19:00,Uttar Pradesh,Gorakhpur,32.97,7.42,6.77,30,2,2.5,3,2415.0,1.45,Severe
01-08-2025 20:00,West Bengal,Murshidabad,29.24,7.44,4.99,42,2,0.0,3,2794.0,0.35,Severe
01-08-2025 21:00,Gujarat,Ahmedabad,68.43,5.95,4.14,50,0,1.0,5,2515.0,0.42,Severe
01-08-2025 22:00,Assam,Jorhat,38.97,5.64,6.51,52,0,1.0,3,2221.0,0.04,Severe
01-08-2025 23:00,West Bengal,Murshidabad,11.44,8.32,6.8,34,1,0.0,4,2106.0,0.81,Severe
02-08-2025 00:00,West Bengal,Howrah,15.38,2.41,6.31,36,0,0.0,3,1239.0,0.45,Moderate
02-08-2025 01:00,Uttar Pradesh,Prayagraj,13.84,5.93,6.41,29,1,0.0,1,1417.0,-0.22,Moderate
02-08-2025 02:00,Maharashtra,Pune,33.57,1.4,6.61,37,1,2.0,3,548.0,0.03,Moderate
02-08-2025 03:00,Kerala,Thrissur,15.89,2.13,5.57,22,3,0.0,4,1504.0,1.23,Moderate
02-08-2025 04:00,Uttar Pradesh,Prayagraj,29.5,4.5,6.04,34,0,1.0,5,2830.0,0.24,Severe
02-08-2025 05:00,Kerala,Thrissur,23.16,7.57,4.86,39,1,0.0,6,2204.0,-0.14,Severe
02-08-2025 06:00,Gujarat,Ahmedabad,9.59,6.87,4.75,34,0,1.0,2,2382.0,0.43,Severe
02-08-2025 07:00,Uttar Pradesh,Prayagraj,15.09,8.79,5.83,31,1,1.0,4,949.0,0.11,Severe
02-08-2025 08:00,Kerala,Alappuzha,91.95,1.36,6.2,55,1,2.0,3,3310.0,0.27,Severe
02-08-2025 09:00,Bihar,Patna,26.77,4.05,5.19,27,2,0.0,1,2284.0,0.59,Severe
02-08-2025 10:00,Uttar Pradesh,Kanpur,25.47,2.27,5.2,31,2,0.0,7,2125.0,0.5,Moderate
02-08-2025 11:00,Gujarat,Surat,24.53,1.3,6.86,41,1,0.0,6,1204.0,0.37,Moderate
02-08-2025 12:00,Uttar Pradesh,Gorakhpur,40.71,3.12,5.56,26,0,0.0,2,2629.0,0.07,Moderate
02-08-2025 13:00,Gujarat,Surat,34.32,2.96,6.96,42,1,0.0,2,1584.0,-0.45,Moderate
02-08-2025 14:00,Uttar Pradesh,Kanpur,104.02124999999998,4.36,6.59,66,5,0.0,7,3072.0,1.21,Severe
02-08-2025 15:00,Kerala,Alappuzha,71.23,2.12,5.92,44,1,0.0,1,2768.0,1.19,Severe
02-08-2025 16:00,Maharashtra,Mumbai,103.05,4.91,4.03,60,5,0.0,4,4179.0,0.36,Severe
02-08-2025 17:00,Odisha,Cuttack,55.98,8.36,4.89,46,3,1.0,1,3411.0,0.73,Severe
02-08-2025 18:00,Kerala,Kottayam,51.47,6.99,5.25,55,2,1.0,6,3382.0,0.34,Severe
02-08-2025 19:00,Tamil Nadu,Madurai,14.59,7.74,5.96,29,2,1.0,4,2091.0,0.0,Severe
02-08-2025 20:00,Karnataka,Mysuru,11.28,7.44,5.19,26,4,0.0,8,2576.0,0.38,Severe
02-08-2025 21:00,Maharashtra,Kolhapur,10.05,4.12,6.48,33,0,1.0,5,1391.0,0.41,Moderate
02-08-2025 22:00,Bihar,Patna,30.58,6.67,5.99,36,0,2.0,1,1794.0,1.02,Severe
02-08-2025 23:00,West Bengal,Malda,62.39,7.03,5.04,49,0,2.0,3,2987.0,0.39,Severe
03-08-2025 00:00,Kerala,Thrissur,21.04,2.65,6.35,25,2,2.5,4,1807.0,1.12,Severe
03-08-2025 01:00,Uttar Pradesh,Lucknow,17.36,7.88,4.91,27,2,0.0,3,2154.0,0.28,Severe
03-08-2025 02:00,Kerala,Kochi,59.1,4.66,4.19,47,3,1.0,5,2234.0,0.09,Severe
03-08-2025 03:00,Assam,Barpeta,17.5,1.13,4.52,29,1,1.0,6,1132.0,1.02,Moderate
03-08-2025 04:00,Maharashtra,Kolhapur,88.63,6.15,4.01,57,3,0.0,3,3931.0,0.98,Severe
03-08-2025 05:00,Odisha,Bhubaneswar,15.61,6.41,6.5,28,1,1.0,3,1683.0,0.38,Severe
03-08-2025 06:00,Bihar,Gaya,62.21,5.41,5.88,51,1,2.0,5,2841.0,0.5,Severe
03-08-2025 07:00,Assam,Dhemaji,41.38,2.7,5.71,46,0,1.0,4,1651.0,0.48,Moderate
03-08-2025 08:00,Gujarat,Surat,3.89,4.86,5.99,20,1,0.0,3,1285.0,0.45,Moderate
03-08-2025 09:00,Assam,Jorhat,18.75,4.2,5.96,33,1,0.0,7,1356.0,0.18,Moderate
03-08-2025 10:00,Kerala,Alappuzha,64.55,8.8,5.7,50,1,0.0,2,3434.0,1.43,Severe
03-08-2025 11:00,Bihar,Bhagalpur,9.85,7.6,6.53,37,0,0.0,8,2129.0,0.17,Severe
03-08-2025 12:00,Kerala,Kozhikode,25.66,7.1,5.32,34,0,0.0,3,2976.0,0.6,Severe
03-08-2025 13:00,Gujarat,Vadodara,10.25,2.45,6.41,26,1,1.0,7,1224.0,0.44,Moderate
03-08-2025 14:00,West Bengal,Murshidabad,30.69,3.65,6.36,43,2,0.0,5,1380.0,-0.78,Moderate
03-08-2025 15:00,Bihar,Patna,44.47,4.04,4.6,38,0,1.0,4,2061.0,0.4,Severe
03-08-2025 16:00,West Bengal,Malda,37.08,4.94,5.36,48,0,1.0,4,2906.0,0.22,Severe
03-08-2025 17:00,Maharashtra,Pune,39.29,1.24,6.5,46,4,0.0,3,1885.0,0.1,Moderate
03-08-2025 18:00,Maharashtra,Nashik,36.94,5.74,6.49,34,2,0.0,1,2094.0,-0.12,Severe
03-08-2025 19:00,West Bengal,Darjeeling,28.6,3.86,4.07,35,1,0.0,3,1933.0,1.16,Severe
03-08-2025 20:00,Maharashtra,Nashik,57.73,5.49,4.67,53,5,2.0,1,2031.0,-0.15,Severe
03-08-2025 21:00,Bihar,Darbhanga,9.59,1.07,5.27,29,1,0.0,4,299.0,0.26,Low
03-08-2025 22:00,Uttar Pradesh,Prayagraj,85.55,3.57,4.14,53,2,0.0,5,2638.0,0.11,Severe
03-08-2025 23:00,Tamil Nadu,Thanjavur,38.11,7.15,4.78,43,1,0.0,4,2765.0,-0.13,Severe
04-08-2025 00:00,Maharashtra,Pune,10.77,5.01,4.77,32,1,0.0,4,960.0,0.7,Severe
04-08-2025 01:00,Maharashtra,Kolhapur,78.3,7.31,4.64,45,4,1.0,5,4033.0,0.55,Severe
04-08-2025 02:00,Kerala,Kochi,29.31,6.59,5.19,44,0,0.0,2,1948.0,0.13,Severe
04-08-2025 03:00,West Bengal,Howrah,22.74,7.84,6.44,40,1,2.0,2,1843.0,-0.06,Severe
04-08-2025 04:00,Karnataka,Mysuru,11.01,1.06,4.73,29,1,0.0,3,1128.0,0.59,Low
04-08-2025 05:00,Odisha,Bhubaneswar,20.82,3.09,5.75,37,2,1.0,3,1919.0,0.55,Severe
04-08-2025 06:00,Assam,Jorhat,59.64,5.39,5.67,49,2,0.0,5,2686.0,0.28,Severe
04-08-2025 07:00,Maharashtra,Nashik,16.63,8.53,6.45,32,1,1.0,4,2763.0,1.0,Severe
04-08-2025 08:00,Assam,Jorhat,60.41,6.44,5.18,43,2,1.0,4,3195.0,1.06,Severe
04-08-2025 09:00,Bihar,Muzaffarpur,25.83,4.65,4.67,39,1,0.0,1,1033.0,0.12,Moderate
04-08-2025 10:00,Karnataka,Mysuru,14.83,2.04,6.67,31,0,0.0,1,1227.0,1.29,Moderate
04-08-2025 11:00,Odisha,Kendrapara,21.69,4.95,6.5,29,0,0.0,3,1918.0,0.23,Moderate
04-08-2025 12:00,West Bengal,Kolkata,46.48,4.53,5.86,36,1,1.0,1,2093.0,0.23,Severe
04-08-2025 13:00,Tamil Nadu,Coimbatore,39.25,7.23,4.28,32,1,0.0,2,2511.0,0.67,Severe
04-08-2025 14:00,Odisha,Puri,91.85,4.31,4.05,63,4,0.0,6,3308.0,0.51,Severe
04-08-2025 15:00,Odisha,Bhubaneswar,26.83,3.55,4.55,29,2,1.0,2,1298.0,0.36,Moderate
04-08-2025 16:00,Tamil Nadu,Thanjavur,61.62,1.72,4.59,47,2,1.0,5,2020.0,-0.51,Severe
04-08-2025 17:00,Uttar Pradesh,Lucknow,30.56,1.37,4.41,40,1,0.0,4,1576.0,-0.37,Moderate
04-08-2025 18:00,West Bengal,Howrah,17.87,4.51,4.79,23,0,1.0,4,1635.0,-0.23,Moderate
04-08-2025 19:00,Kerala,Kozhikode,12.65,3.77,5.01,24,1,0.0,4,1235.0,0.35,Moderate
04-08-2025 20:00,Assam,Dibrugarh,27.11,5.44,6.26,45,2,1.0,4,2192.0,0.12,Severe
04-08-2025 21:00,Maharashtra,Pune,33.38,6.7,6.13,26,0,0.0,3,2857.0,0.18,Severe
04-08-2025 22:00,Odisha,Kendrapara,76.71,1.32,4.31,66,3,1.0,5,3308.0,0.22,Severe
04-08-2025 23:00,Bihar,Darbhanga,91.17,4.97,6.93,61,1,0.0,4,4383.0,0.79,Severe
05-08-2025 00:00,Tamil Nadu,Chennai,91.01,7.9,6.26,47,2,2.0,3,4080.0,0.7,Severe
05-08-2025 01:00,Assam,Jorhat,19.48,4.64,4.49,49,2,0.0,2,2959.0,0.16,Severe
05-08-2025 02:00,Karnataka,Udupi,16.41,5.17,4.37,29,0,2.0,4,2893.0,0.21,Severe
05-08-2025 03:00,Tamil Nadu,Chennai,20.87,4.89,4.26,36,1,1.0,3,2357.0,-0.04,Severe
05-08-2025 04:00,Karnataka,Mysuru,29.92,4.12,6.2,46,1,0.0,4,1649.0,0.2,Severe
05-08-2025 05:00,West Bengal,Kolkata,7.6,1.88,4.71,31,1,1.0,4,1547.0,0.93,Moderate
05-08-2025 06:00,Odisha,Bhubaneswar,15.49,2.01,4.22,33,0,0.0,2,2015.0,0.76,Moderate
05-08-2025 07:00,Bihar,Patna,73.3,2.43,5.27,49,2,2.0,4,2808.0,0.52,Severe
05-08-2025 08:00,Maharashtra,Mumbai,40.85,7.34,6.13,35,3,0.0,5,2940.0,-0.13,Severe
05-08-2025 09:00,Karnataka,Udupi,22.16,3.2,4.91,31,0,0.0,1,1825.0,0.33,Moderate
05-08-2025 10:00,Assam,Jorhat,8.43,8.58,5.45,26,0,1.0,1,1731.0,0.18,Severe
05-08-2025 11:00,Uttar Pradesh,Varanasi,40.2,7.48,4.58,47,3,0.0,2,2541.0,0.28,Severe
05-08-2025 12:00,West Bengal,Darjeeling,34.82,6.48,5.29,36,1,2.0,4,2569.0,0.71,Severe
05-08-2025 13:00,Uttar Pradesh,Lucknow,15.48,6.76,5.08,36,0,2.0,2,2338.0,0.83,Severe
05-08-2025 14:00,West Bengal,Howrah,53.65,1.38,5.3,50,1,0.0,2,1449.0,1.45,Moderate
05-08-2025 15:00,Kerala,Alappuzha,22.98,5.55,5.4,33,1,1.0,5,1825.0,-0.05,Severe
05-08-2025 16:00,Assam,Dibrugarh,37.5,8.53,4.28,40,1,2.0,5,2889.0,0.9,Severe
05-08-2025 17:00,Uttar Pradesh,Lucknow,90.4,1.31,4.28,57,4,0.0,6,2672.0,0.29,Severe
05-08-2025 18:00,Bihar,Patna,51.74,3.33,4.78,32,2,1.0,4,2190.0,0.03,Severe
05-08-2025 19:00,Odisha,Puri,11.11,1.41,4.35,30,1,1.0,7,1365.0,1.33,Moderate
05-08-2025 20:00,Tamil Nadu,Madurai,51.88,5.56,4.76,51,2,2.0,7,2914.0,1.14,Severe
05-08-2025 21:00,Maharashtra,Nagpur,20.05,1.93,4.07,30,1,0.0,7,1498.0,0.22,Moderate
05-08-2025 22:00,Odisha,Balasore,46.74,4.83,5.05,43,0,0.0,8,2248.0,0.02,Severe
05-08-2025 23:00,Odisha,Kendrapara,61.22,6.76,4.64,45,0,0.0,2,2179.0,-0.44,Severe
06-08-2025 00:00,West Bengal,Murshidabad,37.52,2.32,6.68,33,1,1.0,6,1744.0,0.91,Severe
06-08-2025 01:00,Bihar,Muzaffarpur,11.89,7.04,6.57,32,1,0.0,3,2625.0,-0.57,Severe
06-08-2025 02:00,West Bengal,Kolkata,5.22,1.48,4.9,21,0,0.0,1,1774.0,0.28,Low
06-08-2025 03:00,Gujarat,Surat,69.65,2.2,5.43,52,2,1.0,2,3175.0,-0.05,Severe
06-08-2025 04:00,Karnataka,Bengaluru,83.62,3.24,6.87,60,0,1.0,3,2427.0,0.98,Severe
06-08-2025 05:00,Maharashtra,Pune,19.14,7.37,5.57,30,0,0.0,8,2415.0,1.18,Severe
06-08-2025 06:00,Karnataka,Mangaluru,4.39,7.8,6.55,28,1,1.0,5,2232.0,-0.42,Severe
06-08-2025 07:00,Tamil Nadu,Thanjavur,9.98,2.76,6.48,31,0,1.0,4,1737.0,0.39,Moderate
06-08-2025 08:00,Gujarat,Rajkot,23.73,1.77,6.82,37,3,2.0,7,1130.0,0.47,Severe
06-08-2025 09:00,Assam,Jorhat,60.89,7.78,4.92,35,3,0.0,3,2568.0,0.22,Severe
06-08-2025 10:00,Tamil Nadu,Coimbatore,4.45,6.19,4.13,28,1,0.0,5,2013.0,0.06,Severe
06-08-2025 11:00,Tamil Nadu,Chennai,75.51,2.26,4.31,49,1,1.0,2,2963.0,1.05,Severe
06-08-2025 12:00,Kerala,Kozhikode,69.85,5.46,5.71,50,3,0.0,3,4139.0,0.11,Severe
06-08-2025 13:00,Maharashtra,Nagpur,74.56,7.98,5.59,58,1,0.0,2,3704.0,1.24,Severe
06-08-2025 14:00,West Bengal,Malda,14.47,1.56,4.9,30,1,0.0,7,2100.0,0.05,Moderate
06-08-2025 15:00,Bihar,Darbhanga,64.26,1.67,4.75,48,1,0.0,5,2305.0,0.7,Severe
06-08-2025 16:00,Karnataka,Mysuru,34.29,3.19,6.13,35,0,0.0,6,1982.0,0.73,Severe
06-08-2025 17:00,Tamil Nadu,Thanjavur,13.68,6.22,5.02,32,1,0.0,4,1292.0,0.05,Severe
06-08-2025 18:00,Karnataka,Bengaluru,37.17,2.42,5.81,35,2,0.0,5,1312.0,-0.45,Moderate
06-08-2025 19:00,Karnataka,Mangaluru,33.44,7.53,6.14,44,2,0.0,2,3519.0,-0.04,Severe
06-08-2025 20:00,Assam,Jorhat,9.94,7.0,5.29,26,1,0.0,4,1755.0,-0.18,Severe
06-08-2025 21:00,Maharashtra,Mumbai,50.28,5.49,4.58,36,0,0.0,3,2563.0,0.72,Severe
06-08-2025 22:00,Maharashtra,Nagpur,32.28,1.93,6.58,38,1,1.0,4,1623.0,0.18,Moderate
06-08-2025 23:00,Uttar Pradesh,Varanasi,25.13,8.91,4.28,29,1,0.0,8,2346.0,0.97,Severe
07-08-2025 00:00,Odisha,Balasore,24.4,4.92,6.49,35,1,0.0,4,1889.0,0.61,Severe
07-08-2025 01:00,Maharashtra,Mumbai,42.04,4.62,6.51,44,1,1.0,3,1519.0,0.26,Severe
07-08-2025 02:00,Karnataka,Udupi,23.04,8.96,5.71,29,1,1.0,5,2786.0,0.39,Severe
07-08-2025 03:00,West Bengal,Kolkata,5.47,7.91,5.89,32,0,0.0,5,1552.0,-0.25,Severe
07-08-2025 04:00,Karnataka,Mysuru,13.07,4.65,5.07,28,2,0.0,2,1953.0,0.26,Moderate
07-08-2025 05:00,West Bengal,Kolkata,32.55,4.35,6.52,35,4,1.0,4,1095.0,0.41,Severe
07-08-2025 06:00,Uttar Pradesh,Varanasi,22.02,1.77,4.79,26,2,1.0,5,1765.0,0.18,Moderate
07-08-2025 07:00,West Bengal,Murshidabad,24.87,8.41,5.68,38,0,1.0,6,2237.0,0.1,Severe
07-08-2025 08:00,Maharashtra,Kolhapur,14.97,7.75,4.01,30,1,0.0,7,1858.0,0.8,Severe
07-08-2025 09:00,Assam,Barpeta,15.12,3.48,6.82,28,1,0.0,7,1098.0,-0.07,Moderate
07-08-2025 10:00,West Bengal,Murshidabad,46.96,7.03,6.84,39,1,2.0,3,3222.0,0.61,Severe
07-08-2025 11:00,Karnataka,Udupi,36.75,7.1,6.13,45,1,1.0,8,2618.0,0.85,Severe
07-08-2025 12:00,Bihar,Darbhanga,16.86,2.82,5.27,22,2,0.0,6,833.0,0.57,Moderate
07-08-2025 13:00,Maharashtra,Pune,24.22,5.91,4.54,31,1,0.0,4,1025.0,-0.19,Severe
07-08-2025 14:00,Bihar,Bhagalpur,55.07,3.04,5.48,38,2,0.0,4,3024.0,0.4,Severe
07-08-2025 15:00,Gujarat,Ahmedabad,12.56,7.32,6.37,35,0,0.0,0,1060.0,0.75,Severe
07-08-2025 16:00,Gujarat,Bharuch,60.05,2.23,5.82,42,3,0.0,4,2362.0,0.22,Severe
07-08-2025 17:00,Karnataka,Udupi,29.08,6.35,5.58,36,1,1.0,8,1671.0,-0.03,Severe
07-08-2025 18:00,Gujarat,Bharuch,24.47,3.61,6.55,36,2,1.0,4,2009.0,-0.05,Severe
07-08-2025 19:00,Odisha,Balasore,10.45,1.29,4.94,33,0,0.0,1,639.0,0.49,Low
07-08-2025 20:00,Uttar Pradesh,Gorakhpur,104.02124999999998,1.99,6.58,66,3,1.0,2,4592.375,0.2,Severe
07-08-2025 21:00,Maharashtra,Mumbai,44.03,6.24,5.32,36,5,1.0,4,2392.0,0.07,Severe
07-08-2025 22:00,Bihar,Darbhanga,5.34,2.92,4.01,23,1,1.0,7,555.0,-0.59,Moderate
07-08-2025 23:00,Karnataka,Bengaluru,38.14,6.05,6.2,56,1,0.0,4,2103.0,1.16,Severe
08-08-2025 00:00,Odisha,Cuttack,69.22,4.32,6.63,52,1,0.0,4,2887.0,0.21,Severe
08-08-2025 01:00,Karnataka,Mangaluru,40.01,6.54,5.45,36,2,0.0,2,2801.0,0.72,Severe
08-08-2025 02:00,Odisha,Balasore,56.06,4.94,5.36,49,2,1.0,3,3072.0,0.95,Severe
08-08-2025 03:00,Gujarat,Ahmedabad,21.27,3.47,6.42,30,1,0.0,4,1125.0,1.5750000000000002,Severe
08-08-2025 04:00,Gujarat,Surat,19.13,2.17,6.65,32,3,1.0,3,892.0,0.66,Moderate
08-08-2025 05:00,West Bengal,Malda,26.26,3.73,6.92,43,1,1.0,6,2218.0,0.5,Severe
08-08-2025 06:00,Kerala,Kottayam,33.94,6.08,5.04,37,1,0.0,3,1951.0,-0.35,Severe
08-08-2025 07:00,Karnataka,Mangaluru,21.66,6.92,5.78,38,0,0.0,1,3051.0,-0.56,Severe
08-08-2025 08:00,West Bengal,Kolkata,28.61,2.28,6.47,38,1,0.0,2,1163.0,-0.72,Moderate
08-08-2025 09:00,Maharashtra,Pune,13.21,6.31,5.6,34,2,0.0,5,1042.0,0.27,Severe
08-08-2025 10:00,West Bengal,Murshidabad,7.58,2.43,5.39,31,0,1.0,5,781.0,-0.1,Moderate
08-08-2025 11:00,Tamil Nadu,Coimbatore,17.16,2.77,5.72,31,2,1.0,4,1095.0,0.13,Moderate
08-08-2025 12:00,Gujarat,Surat,99.03,5.25,5.07,45,1,2.5,4,4373.0,1.0,Severe
08-08-2025 13:00,Tamil Nadu,Coimbatore,72.78,3.31,4.58,50,2,2.0,5,2955.0,0.58,Severe
08-08-2025 14:00,Karnataka,Bengaluru,38.81,6.29,4.2,36,1,0.0,4,2165.0,0.34,Severe
08-08-2025 15:00,Bihar,Patna,9.09,8.65,5.83,24,0,1.0,5,1624.0,0.44,Severe
08-08-2025 16:00,Bihar,Patna,30.41,2.19,5.14,36,3,0.0,1,1914.0,0.04,Moderate
08-08-2025 17:00,Maharashtra,Pune,35.98,5.56,6.65,36,2,0.0,3,1708.0,0.13,Severe
08-08-2025 18:00,West Bengal,Kolkata,20.64,8.39,4.67,36,0,0.0,2,1573.0,-0.27,Severe
08-08-2025 19:00,Bihar,Bhagalpur,75.68,2.41,4.93,61,0,0.0,4,2770.0,0.7,Severe
08-08-2025 20:00,Odisha,Bhubaneswar,12.66,3.93,6.91,32,0,0.0,2,1911.0,1.15,Moderate
08-08-2025 21:00,Odisha,Balasore,47.04,1.99,5.67,40,0,0.0,1,1900.0,0.96,Moderate
08-08-2025 22:00,Maharashtra,Mumbai,12.36,6.14,5.04,31,1,1.0,6,1819.0,0.36,Severe
08-08-2025 23:00,Uttar Pradesh,Varanasi,13.78,6.35,6.58,28,0,0.0,3,1699.0,0.78,Severe
09-08-2025 00:00,Gujarat,Ahmedabad,30.43,6.31,6.23,39,1,0.0,1,2273.0,0.59,Severe
09-08-2025 01:00,West Bengal,Kolkata,3.88,5.34,5.72,25,3,1.0,3,1172.0,0.43,Severe
09-08-2025 02:00,Karnataka,Kodagu,37.15,6.97,6.67,44,0,1.0,3,3043.0,0.51,Severe
09-08-2025 03:00,Assam,Dhemaji,22.51,1.29,4.28,38,0,0.0,5,1471.0,-0.24,Low
09-08-2025 04:00,Assam,Guwahati,28.77,8.66,5.18,45,3,0.0,8,2601.0,0.13,Severe
09-08-2025 05:00,Assam,Jorhat,18.69,2.78,6.43,28,0,0.0,2,1093.0,0.04,Low
09-08-2025 06:00,Bihar,Muzaffarpur,74.36,1.97,5.16,59,1,1.0,3,2956.0,-0.33,Severe
09-08-2025 07:00,Uttar Pradesh,Gorakhpur,58.65,8.53,6.78,40,2,0.0,3,2784.0,0.61,Severe
09-08-2025 08:00,Uttar Pradesh,Varanasi,46.74,7.64,4.46,44,1,0.0,5,3490.0,0.67,Severe
09-08-2025 09:00,West Bengal,Murshidabad,14.42,7.12,5.01,23,0,0.0,3,1598.0,-0.79,Severe
09-08-2025 10:00,West Bengal,Malda,50.6,1.84,5.28,46,1,0.0,2,2165.0,0.34,Moderate
09-08-2025 11:00,Uttar Pradesh,Kanpur,40.53,7.46,6.06,37,1,0.0,3,2684.0,0.2,Severe
09-08-2025 12:00,Maharashtra,Kolhapur,104.02124999999998,5.87,4.59,66,5,1.0,2,4592.375,0.07,Severe
09-08-2025 13:00,West Bengal,Murshidabad,8.96,6.86,4.03,24,0,0.0,3,2564.0,-0.39,Severe
09-08-2025 14:00,Maharashtra,Mumbai,27.26,8.82,6.93,30,2,1.0,7,2746.0,0.38,Severe
09-08-2025 15:00,Tamil Nadu,Coimbatore,18.92,2.56,6.7,37,0,0.0,6,970.0,0.36,Moderate
09-08-2025 16:00,Odisha,Balasore,41.46,5.04,4.9,39,0,0.0,1,2679.0,0.18,Severe
09-08-2025 17:00,Gujarat,Surat,8.0,7.03,5.45,25,0,0.0,4,2009.0,0.71,Severe
09-08-2025 18:00,West Bengal,Darjeeling,53.15,4.47,5.47,36,0,1.0,4,2745.0,0.69,Severe
09-08-2025 19:00,Uttar Pradesh,Varanasi,7.93,1.44,6.61,16,1,0.0,5,1153.0,-0.49,Low
09-08-2025 20:00,Odisha,Bhubaneswar,41.94,1.89,5.79,41,0,2.0,6,1260.0,0.69,Severe
09-08-2025 21:00,Odisha,Balasore,24.42,5.82,6.48,39,1,0.0,4,2254.0,-0.08,Severe
09-08-2025 22:00,Kerala,Thrissur,15.9,3.28,6.74,29,2,1.0,2,2155.0,0.23,Moderate
09-08-2025 23:00,Uttar Pradesh,Varanasi,12.48,2.1,5.7,33,1,0.0,4,578.0,1.09,Moderate
10-08-2025 00:00,Gujarat,Ahmedabad,18.75,3.72,4.86,28,0,1.0,2,1037.0,0.33,Moderate
10-08-2025 01:00,Uttar Pradesh,Prayagraj,25.08,2.61,5.5,42,2,0.0,2,1910.0,0.81,Moderate
10-08-2025 02:00,West Bengal,Kolkata,31.85,1.19,6.55,27,1,0.0,7,1176.0,0.24,Moderate
10-08-2025 03:00,Karnataka,Mangaluru,34.88,2.21,5.75,38,1,0.0,3,1843.0,0.77,Moderate
10-08-2025 04:00,Tamil Nadu,Chennai,27.59,8.06,6.69,37,0,0.0,1,2336.0,0.33,Severe
10-08-2025 05:00,Maharashtra,Mumbai,23.76,1.1,6.69,34,1,1.0,6,1521.0,0.23,Moderate
10-08-2025 06:00,Karnataka,Udupi,88.18,7.19,5.12,62,0,2.0,3,4040.0,0.41,Severe
10-08-2025 07:00,Tamil Nadu,Thanjavur,50.83,7.03,5.34,41,0,0.0,3,2720.0,-0.15,Severe
10-08-2025 08:00,Karnataka,Bengaluru,20.64,5.51,6.03,27,1,0.0,4,2509.0,0.12,Severe
10-08-2025 09:00,Maharashtra,Kolhapur,29.61,2.67,4.33,37,1,0.0,2,1729.0,0.62,Moderate
10-08-2025 10:00,Bihar,Muzaffarpur,16.37,8.02,5.4,22,0,1.0,4,2316.0,0.73,Severe
10-08-2025 11:00,Uttar Pradesh,Varanasi,25.15,4.8,4.45,31,1,0.0,6,1238.0,-0.06,Severe
10-08-2025 12:00,Karnataka,Kodagu,9.95,2.39,6.54,33,1,0.0,7,680.0,1.13,Moderate
10-08-2025 13:00,West Bengal,Kolkata,33.74,4.43,6.83,38,0,2.0,3,1041.0,1.16,Severe
10-08-2025 14:00,Gujarat,Bharuch,104.02124999999998,2.56,4.42,66,5,1.0,4,3882.0,-0.07,Severe
10-08-2025 15:00,Assam,Dibrugarh,35.19,4.01,6.0,42,2,1.0,2,1629.0,0.14,Severe
10-08-2025 16:00,West Bengal,Malda,35.1,4.97,5.91,40,0,1.0,8,2165.0,0.34,Severe
10-08-2025 17:00,Maharashtra,Kolhapur,27.59,3.88,6.28,31,0,0.0,3,1739.0,0.9,Moderate
10-08-2025 18:00,Gujarat,Rajkot,11.96,6.26,6.09,35,2,0.0,1,1960.0,0.61,Severe
10-08-2025 19:00,West Bengal,Murshidabad,93.71,8.49,4.65,62,2,0.0,4,3068.0,0.21,Severe
10-08-2025 20:00,Odisha,Balasore,37.81,3.79,4.87,49,0,1.0,4,1343.0,-0.22,Moderate
10-08-2025 21:00,Uttar Pradesh,Varanasi,46.66,3.85,4.5,41,1,0.0,4,1938.0,-0.53,Moderate
10-08-2025 22:00,Gujarat,Ahmedabad,23.7,6.91,6.76,30,0,0.0,2,1980.0,0.48,Severe
10-08-2025 23:00,Odisha,Cuttack,47.68,5.24,5.57,37,1,1.0,5,2213.0,1.17,Severe
11-08-2025 00:00,West Bengal,Howrah,93.33,4.43,6.93,52,4,1.0,4,3853.0,0.35,Severe
11-08-2025 01:00,Tamil Nadu,Coimbatore,73.87,7.51,5.35,61,5,0.0,4,2726.0,0.54,Severe
11-08-2025 02:00,Kerala,Kochi,0.25,8.13,5.66,18,0,0.0,6,1631.0,0.44,Severe
11-08-2025 03:00,Tamil Nadu,Coimbatore,70.83,5.72,6.37,54,3,1.0,2,3136.0,-0.39,Severe
11-08-2025 04:00,Uttar Pradesh,Lucknow,14.42,2.48,6.39,29,1,2.0,5,1060.0,1.06,Severe
11-08-2025 05:00,Gujarat,Ahmedabad,15.25,4.73,4.69,25,2,1.0,2,1321.0,0.0,Moderate
11-08-2025 06:00,Gujarat,Bharuch,13.96,5.03,4.86,25,0,0.0,3,1069.0,-0.01,Moderate
11-08-2025 07:00,Uttar Pradesh,Kanpur,42.2,4.46,4.29,40,0,0.0,3,2463.0,0.56,Severe
11-08-2025 08:00,Odisha,Puri,34.85,3.1,6.42,40,1,0.0,7,1136.0,0.03,Moderate
11-08-2025 09:00,Kerala,Kochi,49.21,4.78,6.38,44,2,0.0,4,2471.0,-0.24,Severe
11-08-2025 10:00,West Bengal,Kolkata,31.99,4.57,4.24,38,0,0.0,6,1441.0,0.79,Severe
11-08-2025 11:00,Maharashtra,Nashik,14.45,2.68,4.77,38,3,0.0,2,1556.0,0.41,Moderate
11-08-2025 12:00,Tamil Nadu,Tiruppur,52.14,8.23,5.35,56,3,1.0,2,2824.0,0.78,Severe
11-08-2025 13:00,Tamil Nadu,Coimbatore,25.47,8.08,5.63,32,1,0.0,3,2937.0,0.18,Severe
11-08-2025 14:00,Assam,Jorhat,53.06,7.08,5.57,48,4,0.0,3,3233.0,0.15,Severe
11-08-2025 15:00,Kerala,Kozhikode,38.12,4.21,6.95,42,0,0.0,4,1064.0,0.46,Moderate
11-08-2025 16:00,Maharashtra,Kolhapur,34.09,3.96,6.29,42,1,0.0,7,2841.0,0.51,Severe
11-08-2025 17:00,Tamil Nadu,Madurai,104.02124999999998,6.73,4.34,66,5,2.0,3,4258.0,0.06,Severe
11-08-2025 18:00,Maharashtra,Kolhapur,5.65,5.86,4.88,19,0,1.0,0,1738.0,0.01,Severe
11-08-2025 19:00,West Bengal,Darjeeling,6.16,5.8,5.04,35,0,1.0,2,1406.0,0.76,Severe
11-08-2025 20:00,Gujarat,Surat,18.83,1.99,4.95,34,0,0.0,4,1791.0,0.5,Moderate
11-08-2025 21:00,Maharashtra,Mumbai,53.51,5.95,6.36,43,1,0.0,5,2629.0,0.47,Severe
11-08-2025 22:00,Tamil Nadu,Tiruppur,21.05,8.21,5.08,36,0,0.0,4,1948.0,-0.54,Severe
11-08-2025 23:00,Odisha,Bhubaneswar,26.06,1.69,5.48,36,2,0.0,3,1446.0,0.47,Moderate
12-08-2025 00:00,Kerala,Kottayam,6.55,3.71,5.6,34,2,2.0,2,938.0,0.52,Severe
12-08-2025 01:00,Uttar Pradesh,Lucknow,52.0,5.07,4.81,37,1,2.0,3,3063.0,0.21,Severe
12-08-2025 02:00,Karnataka,Mysuru,6.95,6.49,4.97,34,1,0.0,4,1467.0,0.6,Severe
12-08-2025 03:00,Bihar,Darbhanga,23.8,1.72,6.34,35,3,0.0,4,2284.0,0.04,Moderate
12-08-2025 04:00,Bihar,Darbhanga,3.81,7.98,6.6,23,1,0.0,2,2191.0,0.5,Severe
12-08-2025 05:00,Karnataka,Mysuru,59.84,1.32,4.11,49,3,2.0,2,2402.0,-0.34,Severe
12-08-2025 06:00,Maharashtra,Pune,6.37,7.86,5.82,28,0,0.0,6,1620.0,0.76,Severe
12-08-2025 07:00,Kerala,Kottayam,22.56,1.22,5.9,39,2,1.0,8,1331.0,0.0,Moderate
12-08-2025 08:00,Maharashtra,Pune,19.11,2.23,6.21,40,0,0.0,5,1456.0,0.55,Moderate
12-08-2025 09:00,Uttar Pradesh,Varanasi,46.89,7.4,6.08,34,1,0.0,5,2372.0,0.91,Severe
12-08-2025 10:00,Kerala,Kottayam,35.5,7.88,6.63,42,1,1.0,3,2872.0,0.79,Severe
12-08-2025 11:00,Karnataka,Mysuru,100.77,8.86,4.24,54,2,0.0,5,4458.0,0.54,Severe
12-08-2025 12:00,Maharashtra,Nashik,8.93,1.93,5.17,33,0,0.0,4,922.0,0.72,Moderate
12-08-2025 13:00,Assam,Jorhat,70.73,5.21,6.35,49,1,1.0,4,2899.0,1.02,Severe
12-08-2025 14:00,Tamil Nadu,Madurai,80.6,1.62,6.54,65,2,0.0,3,1923.0,0.4,Severe
12-08-2025 15:00,Odisha,Kendrapara,98.37,2.25,4.79,63,4,2.0,2,4379.0,0.79,Severe
12-08-2025 16:00,Gujarat,Vadodara,32.02,2.4,5.76,36,0,0.0,3,1692.0,-0.18,Moderate
12-08-2025 17:00,Odisha,Puri,10.64,1.51,4.54,33,1,1.0,7,975.0,0.03,Moderate
12-08-2025 18:00,Uttar Pradesh,Kanpur,43.6,8.14,6.55,35,1,0.0,7,2570.0,1.03,Severe
12-08-2025 19:00,Maharashtra,Pune,7.42,2.01,6.19,24,2,0.0,3,1378.0,0.24,Moderate
12-08-2025 20:00,West Bengal,Malda,65.51,6.03,4.67,44,1,0.0,2,2747.0,0.11,Severe
12-08-2025 21:00,Kerala,Kozhikode,29.4,6.01,5.87,40,0,2.0,6,2088.0,0.22,Severe
12-08-2025 22:00,Maharashtra,Mumbai,40.18,2.59,5.53,43,2,0.0,2,2429.0,0.03,Moderate
12-08-2025 23:00,Kerala,Kozhikode,98.13,8.99,4.78,53,2,2.5,5,3687.0,0.27,Severe
13-08-2025 00:00,Gujarat,Bharuch,35.23,3.78,6.68,27,1,0.0,2,2286.0,-0.12,Moderate
13-08-2025 01:00,Assam,Dhemaji,10.78,8.24,4.44,26,1,1.0,1,2888.0,0.09,Severe
13-08-2025 02:00,Odisha,Cuttack,29.6,8.59,5.4,34,2,2.0,1,2906.0,0.39,Severe
13-08-2025 03:00,Tamil Nadu,Coimbatore,19.59,8.59,5.75,23,2,0.0,4,2962.0,1.06,Severe
13-08-2025 04:00,Gujarat,Bharuch,37.97,7.02,6.47,34,1,1.0,3,1765.0,0.33,Severe
13-08-2025 05:00,Gujarat,Bharuch,23.34,3.03,4.45,36,2,0.0,6,1227.0,-0.43,Moderate
13-08-2025 06:00,Odisha,Puri,17.62,1.97,5.83,36,1,0.0,3,1273.0,0.8,Moderate
13-08-2025 07:00,Gujarat,Bharuch,30.35,5.56,4.02,37,0,0.0,2,3217.0,0.71,Severe
13-08-2025 08:00,West Bengal,Howrah,10.38,3.88,6.47,24,0,0.0,2,858.0,-0.01,Moderate
13-08-2025 09:00,West Bengal,Murshidabad,28.4,7.65,4.7,41,3,1.0,1,1923.0,0.71,Severe
13-08-2025 10:00,Bihar,Gaya,45.46,6.96,6.16,41,4,0.0,5,3117.0,0.29,Severe
13-08-2025 11:00,Bihar,Patna,83.78,3.21,5.81,55,2,1.0,3,3390.0,1.0,Severe
13-08-2025 12:00,West Bengal,Murshidabad,19.98,1.14,4.15,21,1,1.0,2,1527.0,1.42,Moderate
13-08-2025 13:00,Karnataka,Mysuru,104.02124999999998,2.9,4.55,64,4,2.0,4,4087.0,0.53,Severe
13-08-2025 14:00,Assam,Barpeta,40.65,5.54,4.8,32,1,2.0,3,2017.0,0.7,Severe
13-08-2025 15:00,Kerala,Kottayam,24.44,1.63,6.66,33,0,0.0,7,1476.0,1.07,Moderate
13-08-2025 16:00,Assam,Dibrugarh,26.79,6.27,5.44,34,0,1.0,5,1825.0,0.78,Severe
13-08-2025 17:00,Uttar Pradesh,Gorakhpur,31.25,6.37,6.74,32,0,0.0,4,2475.0,0.55,Severe
13-08-2025 18:00,Gujarat,Bharuch,22.31,2.36,4.14,42,1,1.0,1,1475.0,0.3,Moderate
13-08-2025 19:00,Tamil Nadu,Chennai,17.98,5.77,4.02,19,1,1.0,4,1118.0,-0.16,Severe
13-08-2025 20:00,Gujarat,Rajkot,37.25,5.86,6.84,40,1,1.0,3,2948.0,0.23,Severe
13-08-2025 21:00,Assam,Dibrugarh,5.46,4.82,6.17,17,1,1.0,1,1543.0,0.24,Moderate
13-08-2025 22:00,West Bengal,Darjeeling,15.58,8.63,6.35,34,0,0.0,6,2194.0,0.36,Severe
13-08-2025 23:00,Odisha,Bhubaneswar,52.62,1.87,6.75,47,2,2.0,3,2299.0,-0.47,Severe
14-08-2025 00:00,Uttar Pradesh,Prayagraj,4.37,4.25,6.95,27,2,1.0,3,815.0,0.19,Moderate
14-08-2025 01:00,West Bengal,Darjeeling,42.0,8.06,4.29,40,0,1.0,4,3156.0,0.23,Severe
14-08-2025 02:00,Assam,Guwahati,33.95,4.09,4.47,34,2,0.0,2,2288.0,-0.28,Moderate
14-08-2025 03:00,Odisha,Cuttack,19.16,4.4,4.57,25,0,1.0,7,1823.0,0.53,Severe
14-08-2025 04:00,Tamil Nadu,Tiruppur,23.0,6.35,6.46,37,2,1.0,1,2450.0,0.77,Severe
14-08-2025 05:00,Assam,Dhemaji,30.16,6.32,5.07,24,3,0.0,1,729.0,0.35,Severe
14-08-2025 06:00,Kerala,Kochi,43.08,1.18,5.78,40,2,0.0,6,2050.0,-0.21,Moderate
14-08-2025 07:00,Maharashtra,Nagpur,40.45,4.65,6.57,48,0,0.0,3,2454.0,0.3,Severe
14-08-2025 08:00,Odisha,Puri,67.69,3.67,6.05,52,1,0.0,3,2623.0,0.68,Severe
14-08-2025 09:00,Assam,Guwahati,38.8,6.02,4.2,36,1,0.0,4,2633.0,0.66,Severe
14-08-2025 10:00,West Bengal,Kolkata,76.22,5.45,5.34,49,2,2.0,3,3014.0,0.33,Severe
14-08-2025 11:00,Kerala,Kottayam,5.15,6.21,4.2,18,2,0.0,6,1034.0,0.53,Severe
14-08-2025 12:00,Karnataka,Mysuru,66.84,6.23,5.44,40,5,0.0,3,3120.0,0.06,Severe
14-08-2025 13:00,Odisha,Bhubaneswar,24.58,3.04,4.66,33,1,0.0,2,1934.0,0.69,Moderate
14-08-2025 14:00,Kerala,Kottayam,35.83,2.97,4.0,44,1,0.0,3,2657.0,0.17,Moderate
14-08-2025 15:00,West Bengal,Darjeeling,48.91,3.96,6.44,50,2,1.0,2,2489.0,0.01,Severe
14-08-2025 16:00,Assam,Dhemaji,13.13,2.94,6.91,31,0,0.0,2,860.0,0.78,Moderate
14-08-2025 17:00,Gujarat,Ahmedabad,26.67,6.46,6.89,37,0,0.0,0,1705.0,0.41,Severe
14-08-2025 18:00,Tamil Nadu,Madurai,71.47,5.82,4.9,50,0,1.0,1,3131.0,0.39,Severe
14-08-2025 19:00,Gujarat,Ahmedabad,83.57,2.73,6.49,49,2,2.5,2,2477.0,0.59,Severe
14-08-2025 20:00,Maharashtra,Pune,19.05,8.07,6.04,21,3,1.0,5,3131.0,0.32,Severe
14-08-2025 21:00,Kerala,Kottayam,46.67,4.69,6.4,45,1,0.0,3,2966.0,-0.07,Severe
14-08-2025 22:00,Maharashtra,Mumbai,22.63,2.02,6.54,33,1,0.0,4,1683.0,0.25,Moderate
14-08-2025 23:00,Tamil Nadu,Tiruppur,7.94,2.7,6.94,26,1,0.0,5,1790.0,-0.32,Moderate
15-08-2025 00:00,Kerala,Kochi,79.91,5.32,4.46,47,0,2.0,4,3432.0,0.88,Severe
15-08-2025 01:00,Bihar,Gaya,13.12,3.71,6.31,24,3,0.0,3,1468.0,-0.15,Moderate
15-08-2025 02:00,West Bengal,Howrah,104.02124999999998,7.81,6.2,66,2,0.0,7,4592.375,1.22,Severe
15-08-2025 03:00,Kerala,Kozhikode,9.93,4.96,4.86,33,4,0.0,0,1660.0,-0.01,Severe
15-08-2025 04:00,West Bengal,Howrah,65.66,8.32,5.18,43,5,0.0,3,3072.0,0.63,Severe
15-08-2025 05:00,Gujarat,Vadodara,63.47,1.81,4.53,43,1,1.0,1,2237.0,1.2,Severe
15-08-2025 06:00,Uttar Pradesh,Lucknow,22.79,6.35,6.74,27,1,0.0,4,2112.0,0.47,Severe
15-08-2025 07:00,Odisha,Bhubaneswar,39.39,8.09,6.64,45,2,2.0,7,2868.0,0.21,Severe
15-08-2025 08:00,Uttar Pradesh,Lucknow,23.28,3.34,5.84,23,1,0.0,3,1849.0,0.36,Moderate
15-08-2025 09:00,Assam,Jorhat,15.82,2.09,5.53,35,1,1.0,5,1166.0,-0.04,Moderate
15-08-2025 10:00,Odisha,Bhubaneswar,44.28,4.65,4.7,44,1,1.0,5,2289.0,-0.56,Severe
15-08-2025 11:00,Odisha,Balasore,56.92,8.69,6.37,40,1,0.0,4,3072.0,0.62,Severe
15-08-2025 12:00,Karnataka,Kodagu,17.89,6.07,4.02,45,1,0.0,7,1347.0,-0.56,Severe
15-08-2025 13:00,Odisha,Balasore,80.0,6.15,5.39,53,4,0.0,5,4235.0,-0.27,Severe
15-08-2025 14:00,Tamil Nadu,Chennai,38.57,6.37,6.58,55,1,0.0,4,2488.0,0.38,Severe
15-08-2025 15:00,Uttar Pradesh,Kanpur,31.71,1.32,5.86,37,0,1.0,5,1697.0,0.05,Moderate
15-08-2025 16:00,Gujarat,Surat,32.41,4.57,5.91,39,2,0.0,3,2074.0,0.57,Severe
15-08-2025 17:00,West Bengal,Kolkata,78.5,1.62,4.21,44,5,1.0,6,2369.0,1.07,Severe
15-08-2025 18:00,Assam,Guwahati,25.23,3.53,4.86,42,1,1.0,4,2825.0,0.23,Severe
15-08-2025 19:00,Odisha,Bhubaneswar,26.18,7.57,6.02,38,2,0.0,3,1608.0,0.08,Severe
15-08-2025 20:00,Assam,Dhemaji,77.35,6.25,4.15,59,5,1.0,3,3422.0,1.15,Severe
15-08-2025 21:00,Gujarat,Vadodara,81.34,8.96,4.99,66,3,0.0,1,3507.0,0.66,Severe
15-08-2025 22:00,Assam,Dhemaji,62.62,2.38,5.06,63,0,1.0,4,3245.0,0.77,Severe
15-08-2025 23:00,Gujarat,Bharuch,10.99,4.18,5.5,22,0,1.0,6,1155.0,0.73,Severe
16-08-2025 00:00,Odisha,Kendrapara,104.02124999999998,7.48,5.09,66,3,1.0,1,4592.375,0.24,Severe
16-08-2025 01:00,Gujarat,Vadodara,36.09,2.73,5.36,36,0,2.0,4,1005.0,0.18,Moderate
16-08-2025 02:00,Odisha,Kendrapara,31.03,2.23,5.64,37,0,1.0,3,1804.0,-0.08,Moderate
16-08-2025 03:00,Karnataka,Kodagu,62.81,4.42,4.39,40,1,0.0,5,3243.0,0.68,Severe
16-08-2025 04:00,Karnataka,Bengaluru,42.16,4.07,4.54,43,0,1.0,4,2421.0,0.52,Severe
16-08-2025 05:00,Gujarat,Ahmedabad,23.42,8.84,6.5,28,5,0.0,5,1531.0,0.64,Severe
16-08-2025 06:00,Karnataka,Mysuru,88.91,4.65,5.38,56,5,2.0,5,2959.0,-0.49,Severe
16-08-2025 07:00,West Bengal,Darjeeling,30.88,7.89,5.07,23,1,0.0,0,2415.0,0.77,Severe
16-08-2025 08:00,West Bengal,Malda,35.39,8.1,5.3,41,1,0.0,6,3062.0,0.14,Severe
16-08-2025 09:00,Karnataka,Bengaluru,88.44,2.26,4.52,66,4,2.5,1,2754.0,-0.59,Severe
16-08-2025 10:00,Karnataka,Udupi,60.12,6.72,4.72,42,4,1.0,3,2736.0,-0.23,Severe
16-08-2025 11:00,Bihar,Gaya,50.28,3.22,5.55,45,1,0.0,2,1934.0,0.12,Moderate
16-08-2025 12:00,Bihar,Gaya,22.61,1.76,5.08,44,3,0.0,6,846.0,0.03,Moderate
16-08-2025 13:00,Odisha,Bhubaneswar,43.71,8.0,5.43,49,3,1.0,4,2987.0,0.36,Severe
16-08-2025 14:00,Gujarat,Rajkot,45.63,3.34,4.45,39,5,1.0,3,1766.0,0.56,Severe
16-08-2025 15:00,Maharashtra,Pune,44.87,3.76,4.47,43,1,0.0,3,3158.0,0.3,Severe
16-08-2025 16:00,Maharashtra,Mumbai,31.58,3.59,5.15,39,2,0.0,3,1701.0,0.14,Moderate
16-08-2025 17:00,Karnataka,Kodagu,17.9,2.6,5.14,29,1,0.0,1,949.0,0.41,Moderate
16-08-2025 18:00,Assam,Guwahati,66.02,4.48,6.65,50,0,2.5,8,1952.0,0.42,Severe
16-08-2025 19:00,Karnataka,Bengaluru,21.87,4.43,4.1,30,2,0.0,3,619.0,0.92,Severe
16-08-2025 20:00,Bihar,Muzaffarpur,34.08,4.27,6.98,48,1,0.0,6,2861.0,0.08,Severe
16-08-2025 21:00,Odisha,Balasore,2.83,8.33,6.87,24,0,1.0,6,2224.0,0.3,Severe
16-08-2025 22:00,Karnataka,Kodagu,59.0,3.72,5.63,39,3,0.0,3,2558.0,1.09,Severe
16-08-2025 23:00,Uttar Pradesh,Varanasi,15.37,1.24,6.16,39,1,0.0,5,1019.0,-0.2,Low
17-08-2025 00:00,Assam,Dibrugarh,45.65,2.43,6.81,46,3,2.0,6,1078.0,0.19,Severe
17-08-2025 01:00,Uttar Pradesh,Prayagraj,11.53,6.77,4.75,25,2,1.0,4,1589.0,-0.06,Severe
17-08-2025 02:00,Odisha,Puri,28.73,5.73,4.95,42,0,0.0,5,1393.0,-0.21,Severe
17-08-2025 03:00,Odisha,Bhubaneswar,26.66,8.61,4.33,38,1,0.0,3,2296.0,0.45,Severe
17-08-2025 04:00,West Bengal,Kolkata,15.54,6.56,5.69,18,1,1.0,2,1515.0,0.95,Severe
17-08-2025 05:00,Kerala,Alappuzha,39.17,2.55,4.48,30,1,0.0,3,2010.0,1.29,Severe
17-08-2025 06:00,Uttar Pradesh,Kanpur,9.34,1.97,6.79,34,0,2.0,4,776.0,0.33,Moderate
17-08-2025 07:00,West Bengal,Kolkata,54.61,5.17,5.29,37,3,1.0,8,2042.0,0.58,Severe
17-08-2025 08:00,Bihar,Darbhanga,56.68,6.32,6.76,50,0,0.0,1,2768.0,0.59,Severe
17-08-2025 09:00,Tamil Nadu,Madurai,16.93,2.33,4.62,28,1,0.0,3,1303.0,0.26,Moderate
17-08-2025 10:00,Assam,Guwahati,77.8,5.81,6.08,55,3,2.5,2,3656.0,0.93,Severe
17-08-2025 11:00,Tamil Nadu,Thanjavur,29.19,7.92,5.94,40,0,1.0,2,3345.0,0.28,Severe
17-08-2025 12:00,Gujarat,Surat,14.28,6.82,5.2,27,0,0.0,2,3075.0,0.84,Severe
17-08-2025 13:00,Bihar,Darbhanga,6.73,6.31,6.7,19,0,1.0,1,1103.0,0.19,Moderate
17-08-2025 14:00,Bihar,Patna,0.88,7.31,5.3,21,3,0.0,3,1454.0,-0.17,Severe
17-08-2025 15:00,Tamil Nadu,Tiruppur,74.99,1.83,4.6,56,3,0.0,4,2290.0,-0.14,Severe
17-08-2025 16:00,Uttar Pradesh,Varanasi,18.84,2.63,6.93,37,2,1.0,3,142.0,-0.38,Moderate
17-08-2025 17:00,Kerala,Kottayam,25.21,1.3,5.32,33,1,0.0,4,1662.0,0.92,Moderate
17-08-2025 18:00,Uttar Pradesh,Lucknow,23.41,2.16,4.62,22,0,0.0,5,1835.0,0.92,Moderate
17-08-2025 19:00,Tamil Nadu,Coimbatore,63.97,8.31,5.09,55,0,0.0,3,2838.0,0.03,Severe
17-08-2025 20:00,Gujarat,Rajkot,47.58,2.78,5.84,40,1,1.0,2,2659.0,-0.13,Moderate
17-08-2025 21:00,Uttar Pradesh,Kanpur,36.14,6.3,5.54,37,1,1.0,8,2493.0,0.0,Severe
17-08-2025 22:00,Maharashtra,Nashik,10.19,6.53,5.91,24,1,1.0,4,2148.0,0.43,Severe
17-08-2025 23:00,Uttar Pradesh,Prayagraj,91.09,6.16,5.99,58,2,1.0,5,3749.0,-0.07,Severe
18-08-2025 00:00,Odisha,Cuttack,48.4,5.43,4.37,39,1,0.0,6,2353.0,0.6,Severe
18-08-2025 01:00,West Bengal,Murshidabad,49.19,4.89,4.94,37,0,1.0,1,2870.0,0.21,Severe
18-08-2025 02:00,Assam,Jorhat,11.4,4.36,6.25,31,2,1.0,3,1644.0,0.84,Severe
18-08-2025 03:00,Uttar Pradesh,Prayagraj,13.59,8.34,5.95,37,0,2.0,2,1902.0,0.65,Severe
18-08-2025 04:00,Kerala,Thrissur,35.29,1.08,4.27,32,0,0.0,4,1970.0,-0.15,Low
18-08-2025 05:00,Kerala,Kozhikode,35.95,1.43,4.95,47,0,0.0,1,1568.0,-0.22,Low
18-08-2025 06:00,Uttar Pradesh,Kanpur,15.53,4.94,6.79,23,1,0.0,4,1393.0,0.44,Severe
18-08-2025 07:00,Karnataka,Mangaluru,11.58,3.64,6.59,18,1,2.0,5,787.0,0.27,Moderate
18-08-2025 08:00,Bihar,Muzaffarpur,21.39,4.27,6.01,38,0,1.0,5,2639.0,0.92,Severe
18-08-2025 09:00,Uttar Pradesh,Kanpur,26.26,8.98,4.22,36,2,1.0,4,2148.0,0.53,Severe
18-08-2025 10:00,Bihar,Muzaffarpur,10.31,7.2,5.82,25,1,2.0,1,850.0,0.14,Severe
18-08-2025 11:00,Maharashtra,Pune,49.45,8.02,4.04,45,1,0.0,8,3649.0,1.11,Severe
18-08-2025 12:00,Tamil Nadu,Chennai,51.46,3.95,5.98,36,2,1.0,3,2648.0,0.16,Severe
18-08-2025 13:00,Maharashtra,Nashik,46.13,2.92,6.19,50,1,1.0,5,1025.0,-0.25,Moderate
18-08-2025 14:00,Uttar Pradesh,Prayagraj,10.87,7.14,5.49,30,0,1.0,5,2414.0,0.26,Severe
18-08-2025 15:00,Kerala,Alappuzha,21.14,7.46,4.01,32,1,0.0,3,2460.0,-0.01,Severe
18-08-2025 16:00,Karnataka,Bengaluru,55.9,5.4,6.0,42,3,0.0,2,3118.0,0.79,Severe
18-08-2025 17:00,Gujarat,Ahmedabad,37.95,8.17,6.46,44,1,0.0,5,2786.0,-0.16,Severe
18-08-2025 18:00,Bihar,Gaya,78.61,8.74,5.76,45,2,2.0,5,3984.0,0.73,Severe
18-08-2025 19:00,West Bengal,Murshidabad,71.41,4.77,6.13,57,1,1.0,3,3074.0,0.23,Severe
18-08-2025 20:00,Bihar,Darbhanga,32.55,2.78,4.27,38,1,0.0,4,1665.0,-0.36,Moderate
18-08-2025 21:00,Odisha,Bhubaneswar,20.78,5.14,6.15,25,0,1.0,5,2109.0,0.54,Severe
18-08-2025 22:00,Assam,Dhemaji,54.2,8.92,5.84,48,2,0.0,2,3332.0,0.88,Severe
18-08-2025 23:00,Uttar Pradesh,Gorakhpur,57.85,3.34,4.99,37,3,1.0,2,1744.0,0.4,Severe
19-08-2025 00:00,Maharashtra,Nagpur,62.62,5.94,6.06,55,0,1.0,2,2468.0,0.26,Severe
19-08-2025 01:00,West Bengal,Kolkata,37.55,6.55,5.94,36,1,0.0,4,2308.0,1.19,Severe
19-08-2025 02:00,Kerala,Thrissur,18.78,2.71,5.8,31,0,1.0,3,560.0,0.89,Moderate
19-08-2025 03:00,Kerala,Kottayam,45.66,5.71,4.55,41,2,0.0,4,2342.0,0.7,Severe
19-08-2025 04:00,Kerala,Kochi,47.06,3.52,4.89,43,2,1.0,2,2261.0,-0.55,Severe
19-08-2025 05:00,Gujarat,Surat,53.05,7.83,6.97,36,1,2.5,3,2456.0,0.04,Severe
19-08-2025 06:00,Odisha,Kendrapara,22.55,6.72,5.3,32,0,0.0,5,2674.0,0.25,Severe
19-08-2025 07:00,Kerala,Kozhikode,45.35,7.61,4.18,53,0,2.5,5,2172.0,0.56,Severe
19-08-2025 08:00,Kerala,Kochi,8.81,2.6,6.7,25,1,1.0,3,778.0,0.75,Moderate
19-08-2025 09:00,Uttar Pradesh,Lucknow,56.48,1.28,4.52,54,3,0.0,6,2302.0,-0.12,Moderate
19-08-2025 10:00,Odisha,Puri,36.58,7.8,5.21,39,2,1.0,5,2185.0,0.61,Severe
19-08-2025 11:00,Karnataka,Mysuru,20.22,4.09,4.83,37,1,0.0,2,1795.0,-0.17,Moderate
19-08-2025 12:00,Karnataka,Udupi,76.58,2.44,6.89,49,3,0.0,3,2278.0,0.67,Severe
19-08-2025 13:00,Odisha,Balasore,25.01,1.74,5.13,39,2,0.0,3,2056.0,-0.15,Moderate
19-08-2025 14:00,Assam,Dhemaji,36.86,5.13,6.13,34,3,1.0,2,1796.0,0.91,Severe
19-08-2025 15:00,Gujarat,Surat,22.03,2.2,5.8,34,2,0.0,4,732.0,0.46,Moderate
19-08-2025 16:00,West Bengal,Kolkata,34.18,5.53,4.13,33,1,0.0,7,2382.0,0.18,Severe
19-08-2025 17:00,Bihar,Muzaffarpur,47.62,6.82,5.15,40,2,0.0,5,2678.0,0.49,Severe
19-08-2025 18:00,Uttar Pradesh,Kanpur,23.43,5.28,5.17,42,0,0.0,4,1006.0,0.06,Severe
19-08-2025 19:00,Tamil Nadu,Coimbatore,29.0,8.23,6.97,36,0,0.0,3,2558.0,0.36,Severe
19-08-2025 20:00,Karnataka,Udupi,55.79,2.24,6.44,48,0,0.0,1,2558.0,-0.1,Moderate
19-08-2025 21:00,Odisha,Cuttack,5.58,4.95,6.57,30,1,0.0,5,2485.0,0.48,Severe
19-08-2025 22:00,West Bengal,Darjeeling,58.1,2.31,4.94,38,0,1.0,4,2393.0,0.24,Moderate
19-08-2025 23:00,Odisha,Cuttack,65.68,8.01,4.99,56,2,1.0,4,2529.0,0.26,Severe
20-08-2025 00:00,Bihar,Muzaffarpur,14.25,8.46,5.55,31,2,1.0,7,3337.0,0.33,Severe
20-08-2025 01:00,West Bengal,Murshidabad,7.08,4.2,5.89,21,0,0.0,1,1530.0,-0.05,Moderate
20-08-2025 02:00,Karnataka,Bengaluru,11.21,3.45,6.18,34,0,1.0,3,259.0,1.29,Moderate
20-08-2025 03:00,Kerala,Kochi,16.06,3.23,6.46,26,1,0.0,3,1674.0,0.26,Moderate
20-08-2025 04:00,Odisha,Cuttack,12.4,7.88,6.62,25,1,0.0,4,2047.0,0.84,Severe
20-08-2025 05:00,Tamil Nadu,Madurai,50.14,6.46,4.07,47,1,0.0,3,3076.0,-0.17,Severe
20-08-2025 06:00,Karnataka,Bengaluru,30.34,8.04,6.39,38,2,0.0,5,2798.0,-0.66,Severe
20-08-2025 07:00,Maharashtra,Kolhapur,41.23,1.94,5.83,39,1,0.0,2,2120.0,0.47,Moderate
20-08-2025 08:00,Tamil Nadu,Thanjavur,62.16,4.81,5.6,49,3,0.0,7,2875.0,0.83,Severe
20-08-2025 09:00,Assam,Dibrugarh,53.79,6.41,5.89,42,2,1.0,2,2821.0,0.9,Severe
20-08-2025 10:00,Gujarat,Rajkot,87.71,8.18,6.65,58,5,1.0,2,4299.0,0.77,Severe
20-08-2025 11:00,Karnataka,Mysuru,70.1,4.06,5.64,55,1,2.0,4,1832.0,0.25,Severe
20-08-2025 12:00,Kerala,Kozhikode,28.01,3.5,4.49,38,1,0.0,3,1353.0,0.61,Moderate
20-08-2025 13:00,Karnataka,Kodagu,45.66,8.3,5.31,39,0,0.0,2,3046.0,0.06,Severe
20-08-2025 14:00,Bihar,Darbhanga,89.72,1.38,6.77,47,4,2.5,2,2577.0,0.07,Severe
20-08-2025 15:00,West Bengal,Howrah,25.01,4.84,6.44,42,1,2.0,5,1933.0,0.45,Severe
20-08-2025 16:00,Odisha,Puri,48.29,4.67,4.61,51,2,1.0,6,1849.0,0.46,Severe
20-08-2025 17:00,West Bengal,Darjeeling,104.02124999999998,2.17,6.14,50,4,1.0,4,3269.0,0.11,Severe
20-08-2025 18:00,West Bengal,Darjeeling,52.1,4.16,4.77,57,4,0.0,6,2506.0,0.43,Severe
20-08-2025 19:00,Karnataka,Bengaluru,14.75,6.78,5.05,39,3,1.0,4,2267.0,0.86,Severe
20-08-2025 20:00,Bihar,Gaya,7.45,3.93,5.41,26,0,0.0,5,2035.0,-0.05,Moderate
20-08-2025 21:00,Odisha,Puri,17.31,3.48,5.32,30,2,0.0,4,1922.0,0.65,Severe
20-08-2025 22:00,Odisha,Kendrapara,29.46,7.26,4.09,41,0,1.0,5,2619.0,-0.26,Severe
20-08-2025 23:00,West Bengal,Malda,100.81,8.91,6.32,66,1,2.0,4,3931.0,-0.41,Severe
21-08-2025 00:00,Assam,Dhemaji,64.33,7.23,6.54,45,0,0.0,6,3457.0,0.49,Severe
21-08-2025 01:00,Gujarat,Vadodara,24.68,7.77,5.59,27,0,0.0,5,1883.0,0.32,Severe
21-08-2025 02:00,Bihar,Bhagalpur,15.43,8.52,4.52,32,0,0.0,3,1866.0,0.4,Severe
21-08-2025 03:00,Assam,Dibrugarh,15.29,7.41,4.74,33,1,0.0,2,1620.0,0.39,Severe
21-08-2025 04:00,Uttar Pradesh,Varanasi,104.02124999999998,8.84,4.38,56,4,1.0,2,4592.375,0.78,Severe
21-08-2025 05:00,Uttar Pradesh,Prayagraj,13.72,6.98,4.51,31,0,1.0,5,1878.0,0.59,Severe
21-08-2025 06:00,Tamil Nadu,Madurai,57.6,6.29,6.63,48,2,2.0,4,2516.0,0.56,Severe
21-08-2025 07:00,West Bengal,Darjeeling,55.49,6.55,5.44,34,2,0.0,4,3912.0,0.97,Severe
21-08-2025 08:00,Odisha,Balasore,27.55,8.2,4.33,30,1,0.0,2,1562.0,0.76,Severe
21-08-2025 09:00,Karnataka,Bengaluru,12.73,6.46,4.76,29,0,1.0,1,1416.0,0.43,Severe
21-08-2025 10:00,Odisha,Puri,46.22,7.09,6.85,48,2,0.0,2,3045.0,0.83,Severe
21-08-2025 11:00,Odisha,Kendrapara,95.96,2.73,5.53,60,5,0.0,1,3186.0,0.23,Severe
21-08-2025 12:00,Kerala,Thrissur,11.33,8.3,5.55,46,2,0.0,5,2402.0,0.24,Severe
21-08-2025 13:00,Odisha,Cuttack,35.4,4.58,5.58,30,1,0.0,7,1826.0,0.94,Severe
21-08-2025 14:00,Tamil Nadu,Chennai,53.57,2.29,4.33,45,2,0.0,3,2152.0,0.25,Moderate
21-08-2025 15:00,Assam,Jorhat,92.04,7.4,6.91,54,3,2.0,3,4153.0,0.53,Severe
21-08-2025 16:00,Uttar Pradesh,Kanpur,5.77,3.85,4.25,27,0,0.0,3,1304.0,0.51,Moderate
21-08-2025 17:00,Odisha,Bhubaneswar,49.31,2.47,6.1,40,0,0.0,3,1686.0,0.42,Moderate
21-08-2025 18:00,Odisha,Bhubaneswar,90.81,3.05,4.17,56,1,0.0,2,2867.0,1.16,Severe
21-08-2025 19:00,Kerala,Kottayam,57.85,1.28,5.33,52,2,1.0,3,1835.0,0.29,Moderate
21-08-2025 20:00,Bihar,Gaya,20.73,1.72,6.7,29,0,0.0,6,795.0,1.15,Moderate
21-08-2025 21:00,Karnataka,Mysuru,36.52,5.74,6.31,32,1,0.0,1,2612.0,-0.13,Severe
21-08-2025 22:00,Bihar,Gaya,63.54,7.93,5.0,44,2,0.0,2,3519.0,0.33,Severe
21-08-2025 23:00,Karnataka,Kodagu,66.53,4.59,5.65,31,1,1.0,2,2398.0,0.24,Severe
22-08-2025 00:00,Gujarat,Rajkot,57.17,6.01,4.5,54,2,2.0,2,3381.0,0.7,Severe
22-08-2025 01:00,Odisha,Puri,39.12,7.48,6.87,34,0,0.0,7,3156.0,-0.26,Severe
22-08-2025 02:00,Kerala,Alappuzha,31.49,3.85,6.13,36,0,0.0,6,2689.0,0.52,Severe
22-08-2025 03:00,Maharashtra,Nashik,69.74,6.23,5.12,61,4,1.0,5,4592.375,0.77,Severe
22-08-2025 04:00,West Bengal,Howrah,46.65,3.8,4.95,55,1,0.0,1,1398.0,0.2,Moderate
22-08-2025 05:00,Uttar Pradesh,Varanasi,37.44,6.14,4.72,38,2,0.0,5,1688.0,0.07,Severe
22-08-2025 06:00,Assam,Dhemaji,19.2,2.74,6.36,36,0,1.0,7,1444.0,0.07,Moderate
22-08-2025 07:00,Uttar Pradesh,Gorakhpur,18.23,8.82,5.3,38,2,1.0,3,2384.0,0.57,Severe
22-08-2025 08:00,Assam,Dibrugarh,32.23,1.61,4.99,36,1,0.0,2,1815.0,-0.36,Moderate
22-08-2025 09:00,Gujarat,Vadodara,51.57,5.04,6.72,40,3,0.0,3,2389.0,-0.24,Severe
22-08-2025 10:00,Bihar,Muzaffarpur,49.07,3.29,4.45,46,3,2.0,3,2537.0,0.39,Severe
22-08-2025 11:00,Tamil Nadu,Coimbatore,47.06,5.81,4.79,26,2,2.0,4,1667.0,0.61,Severe
22-08-2025 12:00,Odisha,Cuttack,35.93,4.43,5.03,45,1,0.0,3,1572.0,0.47,Severe
22-08-2025 13:00,Maharashtra,Kolhapur,65.67,3.45,4.78,38,3,0.0,5,2799.0,0.62,Severe
22-08-2025 14:00,Assam,Dibrugarh,74.16,3.0,5.76,54,1,0.0,6,3356.0,-0.12,Severe
22-08-2025 15:00,West Bengal,Kolkata,13.72,2.46,5.8,37,1,0.0,4,1236.0,-0.44,Moderate
22-08-2025 16:00,Assam,Barpeta,21.92,7.26,4.16,37,1,0.0,3,1346.0,0.75,Severe
22-08-2025 17:00,Tamil Nadu,Chennai,104.02124999999998,2.78,4.43,62,5,2.5,4,4427.0,-0.22,Severe
22-08-2025 18:00,Uttar Pradesh,Gorakhpur,30.73,7.19,4.6,40,3,1.0,4,2431.0,0.58,Severe
22-08-2025 19:00,Kerala,Kozhikode,31.38,4.88,4.21,40,0,1.0,3,1564.0,-0.47,Severe
22-08-2025 20:00,Uttar Pradesh,Kanpur,17.94,1.58,4.37,46,0,1.0,2,725.0,0.65,Moderate
22-08-2025 21:00,Gujarat,Vadodara,66.79,2.32,4.72,39,2,1.0,6,2153.0,0.35,Severe
22-08-2025 22:00,Kerala,Kottayam,104.02124999999998,8.14,5.04,66,4,2.0,3,4592.375,0.82,Severe
22-08-2025 23:00,Uttar Pradesh,Kanpur,17.98,5.82,6.37,35,1,0.0,4,1017.0,0.71,Severe
23-08-2025 00:00,West Bengal,Murshidabad,69.58,2.47,4.65,44,2,0.0,2,2847.0,0.19,Severe
23-08-2025 01:00,Uttar Pradesh,Lucknow,15.94,6.63,6.01,45,1,0.0,6,1276.0,0.1,Severe
23-08-2025 02:00,West Bengal,Malda,62.89,7.59,4.17,41,1,0.0,2,3070.0,0.49,Severe
23-08-2025 03:00,West Bengal,Murshidabad,16.23,3.65,5.97,34,0,2.0,3,1391.0,0.12,Moderate
23-08-2025 04:00,Kerala,Thrissur,5.35,5.45,6.38,24,2,1.0,4,1213.0,-0.865,Severe
23-08-2025 05:00,Bihar,Bhagalpur,104.02124999999998,3.35,5.81,55,3,2.0,4,4251.0,0.22,Severe
23-08-2025 06:00,Karnataka,Mysuru,24.11,1.64,4.6,29,1,0.0,2,1488.0,-0.04,Low
23-08-2025 07:00,Odisha,Puri,9.67,4.2,4.99,26,0,0.0,4,1189.0,0.11,Moderate
23-08-2025 08:00,Assam,Dhemaji,39.14,7.01,6.42,35,3,0.0,5,2011.0,0.48,Severe
23-08-2025 09:00,Karnataka,Bengaluru,52.07,4.67,5.3,42,2,0.0,4,1840.0,0.91,Severe
23-08-2025 10:00,Tamil Nadu,Tiruppur,71.48,4.24,4.77,54,3,2.0,3,3367.0,1.18,Severe
23-08-2025 11:00,Bihar,Darbhanga,29.52,3.93,6.8,27,0,0.0,6,1867.0,0.57,Severe
23-08-2025 12:00,Karnataka,Mangaluru,28.23,4.67,5.91,28,1,0.0,5,2345.0,0.08,Severe
23-08-2025 13:00,Kerala,Thrissur,24.36,3.55,6.42,37,3,1.0,4,1066.0,0.79,Severe
23-08-2025 14:00,Tamil Nadu,Coimbatore,36.47,5.9,4.07,31,2,1.0,2,2522.0,-0.33,Severe
23-08-2025 15:00,Maharashtra,Nagpur,55.96,1.51,5.02,57,1,2.0,2,550.0,0.04,Moderate
23-08-2025 16:00,Bihar,Muzaffarpur,43.56,7.46,5.38,47,0,1.0,3,4105.0,0.25,Severe
23-08-2025 17:00,Karnataka,Bengaluru,23.64,2.39,5.76,36,0,0.0,2,2170.0,-0.52,Moderate
23-08-2025 18:00,Tamil Nadu,Thanjavur,35.17,6.07,4.57,38,2,1.0,4,1443.0,0.46,Severe
23-08-2025 19:00,Maharashtra,Nashik,12.23,4.6,5.49,33,1,2.5,4,1134.0,-0.02,Severe
23-08-2025 20:00,Uttar Pradesh,Prayagraj,30.16,7.19,6.06,43,0,0.0,6,2099.0,0.46,Severe
23-08-2025 21:00,Tamil Nadu,Thanjavur,27.16,7.61,5.04,33,1,0.0,4,1965.0,0.23,Severe
23-08-2025 22:00,Kerala,Kozhikode,71.85,2.63,6.07,41,1,2.0,8,2443.0,-0.03,Severe
23-08-2025 23:00,Uttar Pradesh,Gorakhpur,39.18,6.42,5.17,35,2,0.0,3,2574.0,-0.1,Severe
24-08-2025 00:00,Kerala,Alappuzha,30.46,2.52,5.41,37,2,2.0,8,1155.0,0.33,Severe
24-08-2025 01:00,Karnataka,Kodagu,33.58,1.99,4.4,44,0,0.0,4,919.0,0.68,Moderate
24-08-2025 02:00,Odisha,Kendrapara,30.14,8.44,5.95,33,2,0.0,4,3335.0,0.66,Severe
24-08-2025 03:00,Karnataka,Bengaluru,14.44,2.32,4.67,30,0,1.0,4,1702.0,0.48,Moderate
24-08-2025 04:00,Uttar Pradesh,Kanpur,55.27,2.83,6.49,45,1,0.0,2,2153.0,0.61,Severe
24-08-2025 05:00,West Bengal,Murshidabad,3.45,2.04,5.66,25,1,0.0,3,721.0,0.38,Low
24-08-2025 06:00,Karnataka,Bengaluru,23.94,4.76,5.68,26,1,1.0,1,1605.0,0.05,Moderate
24-08-2025 07:00,Uttar Pradesh,Gorakhpur,18.86,8.36,6.74,23,0,1.0,5,2139.0,0.98,Severe
24-08-2025 08:00,Tamil Nadu,Coimbatore,24.37,3.11,4.5,44,1,0.0,5,1425.0,0.06,Moderate
24-08-2025 09:00,Gujarat,Vadodara,54.45,5.33,5.59,45,3,1.0,4,2259.0,1.06,Severe
24-08-2025 10:00,Karnataka,Udupi,30.67,4.29,5.15,36,3,0.0,1,1477.0,0.64,Severe
24-08-2025 11:00,Tamil Nadu,Madurai,33.95,3.69,6.9,39,0,0.0,3,1548.0,0.24,Moderate
24-08-2025 12:00,Kerala,Thrissur,52.37,5.58,6.38,44,2,0.0,8,2292.0,-0.23,Severe
24-08-2025 13:00,Bihar,Darbhanga,49.83,5.47,6.27,29,0,0.0,5,2855.0,0.5,Severe
24-08-2025 14:00,Odisha,Kendrapara,47.41,3.87,4.61,35,0,2.0,3,2665.0,0.33,Severe
24-08-2025 15:00,Kerala,Thrissur,34.35,7.8,4.71,37,1,1.0,5,1984.0,0.9,Severe
24-08-2025 16:00,Kerala,Kozhikode,69.01,1.43,4.09,60,4,0.0,5,2824.0,-0.12,Severe
24-08-2025 17:00,Uttar Pradesh,Kanpur,18.36,1.68,5.92,21,3,0.0,5,1945.0,0.83,Moderate
24-08-2025 18:00,West Bengal,Murshidabad,30.49,8.93,5.11,49,0,2.0,6,2893.0,1.01,Severe
24-08-2025 19:00,Assam,Jorhat,24.85,6.98,4.94,28,1,0.0,3,1973.0,0.03,Severe
24-08-2025 20:00,Gujarat,Bharuch,25.85,7.43,5.91,42,3,0.0,4,1575.0,0.68,Severe
24-08-2025 21:00,West Bengal,Darjeeling,16.5,5.82,6.49,16,2,1.0,1,1008.0,0.98,Severe
24-08-2025 22:00,Uttar Pradesh,Lucknow,59.96,4.36,4.4,55,0,0.0,5,2880.0,0.96,Severe
24-08-2025 23:00,Odisha,Kendrapara,50.8,6.03,6.76,37,0,1.0,4,2954.0,0.82,Severe
25-08-2025 00:00,Gujarat,Bharuch,29.85,1.74,4.1,36,1,1.0,4,2309.0,1.12,Severe
25-08-2025 01:00,Gujarat,Bharuch,45.5,7.06,4.29,45,1,0.0,8,2199.0,0.38,Severe
25-08-2025 02:00,Uttar Pradesh,Gorakhpur,62.39,5.33,6.51,55,2,2.0,3,2155.0,0.33,Severe
25-08-2025 03:00,Maharashtra,Mumbai,89.44,8.65,5.48,58,4,1.0,4,3784.0,1.06,Severe
25-08-2025 04:00,Kerala,Thrissur,11.18,6.1,6.82,21,0,0.0,4,586.0,-0.71,Moderate
25-08-2025 05:00,Bihar,Muzaffarpur,31.31,2.21,5.38,29,3,1.0,2,951.0,0.22,Moderate
25-08-2025 06:00,Maharashtra,Kolhapur,74.18,4.82,6.78,44,3,0.0,7,4449.0,-0.02,Severe
25-08-2025 07:00,Uttar Pradesh,Varanasi,104.02124999999998,1.46,4.72,56,2,1.0,3,3984.0,0.37,Severe
25-08-2025 08:00,Maharashtra,Nagpur,42.77,6.96,5.85,30,1,1.0,3,2152.0,0.54,Severe
25-08-2025 09:00,Bihar,Bhagalpur,58.85,5.01,6.98,50,2,1.0,1,2386.0,0.61,Severe
25-08-2025 10:00,Uttar Pradesh,Gorakhpur,1.92,3.96,5.13,24,1,0.0,2,2144.0,0.39,Moderate
25-08-2025 11:00,Uttar Pradesh,Kanpur,44.33,8.75,4.0,40,2,1.0,3,2089.0,0.43,Severe
25-08-2025 12:00,Gujarat,Surat,29.06,8.52,4.19,38,2,2.0,1,2767.0,0.79,Severe
25-08-2025 13:00,Maharashtra,Pune,55.09,8.62,6.58,35,2,0.0,5,1774.0,0.09,Severe
25-08-2025 14:00,Tamil Nadu,Tiruppur,92.95,2.77,5.48,66,5,1.0,5,3914.0,0.19,Severe
25-08-2025 15:00,Karnataka,Udupi,34.09,6.83,5.61,32,1,0.0,5,2300.0,-0.06,Severe
25-08-2025 16:00,Uttar Pradesh,Varanasi,32.9,8.56,6.4,33,1,0.0,5,2418.0,0.34,Severe
25-08-2025 17:00,Maharashtra,Nagpur,22.03,5.57,6.43,27,1,1.0,4,2288.0,-0.38,Severe
25-08-2025 18:00,Assam,Jorhat,3.62,2.71,5.43,24,0,0.0,8,1137.0,0.93,Moderate
25-08-2025 19:00,Odisha,Puri,23.44,7.54,6.57,25,1,1.0,3,2347.0,0.71,Severe
25-08-2025 20:00,Assam,Jorhat,10.44,8.04,5.41,28,1,0.0,6,1989.0,-0.09,Severe
25-08-2025 21:00,Maharashtra,Pune,11.51,6.63,6.03,37,2,0.0,4,2087.0,0.91,Severe
25-08-2025 22:00,Kerala,Thrissur,44.85,3.35,4.1,41,0,0.0,7,2117.0,0.23,Severe
25-08-2025 23:00,Kerala,Thrissur,13.06,2.53,4.41,19,3,0.0,5,1409.0,0.03,Moderate
26-08-2025 00:00,Maharashtra,Mumbai,36.22,5.99,6.55,29,1,0.0,4,2189.0,0.52,Severe
26-08-2025 01:00,Gujarat,Vadodara,104.02124999999998,4.86,4.94,57,3,1.0,4,3260.0,-0.39,Severe
26-08-2025 02:00,Gujarat,Vadodara,25.76,6.35,5.0,34,1,0.0,5,2757.0,0.19,Severe
26-08-2025 03:00,Uttar Pradesh,Kanpur,11.57,1.89,5.99,32,1,0.0,2,1371.0,0.52,Moderate
26-08-2025 04:00,Bihar,Muzaffarpur,96.13,2.09,5.78,61,1,1.0,3,3978.0,1.15,Severe
26-08-2025 05:00,Karnataka,Mysuru,16.01,3.9,4.25,25,2,0.0,4,1819.0,-0.22,Moderate
26-08-2025 06:00,Uttar Pradesh,Gorakhpur,24.18,3.07,6.3,29,1,0.0,5,441.0,-0.19,Moderate
26-08-2025 07:00,Assam,Guwahati,66.2,5.95,5.85,47,2,2.0,7,2823.0,0.24,Severe
26-08-2025 08:00,Karnataka,Bengaluru,14.01,3.94,6.57,31,1,1.0,3,1595.0,0.2,Moderate
26-08-2025 09:00,Assam,Jorhat,22.6,6.47,5.61,25,0,0.0,3,1674.0,0.7,Severe
26-08-2025 10:00,Gujarat,Ahmedabad,13.33,7.15,5.24,41,0,1.0,0,1192.0,1.04,Severe
26-08-2025 11:00,Maharashtra,Nashik,65.59,2.5,5.11,38,3,1.0,3,2750.0,0.81,Severe
26-08-2025 12:00,Bihar,Darbhanga,12.85,8.36,4.01,45,0,0.0,4,2211.0,0.15,Severe
26-08-2025 13:00,Assam,Guwahati,48.95,7.3,4.12,49,2,0.0,2,2731.0,1.0,Severe
26-08-2025 14:00,Gujarat,Vadodara,31.66,6.01,4.39,28,2,1.0,6,2508.0,0.32,Severe
26-08-2025 15:00,Bihar,Darbhanga,21.61,8.27,6.79,32,0,0.0,4,2725.0,0.58,Severe
26-08-2025 16:00,Uttar Pradesh,Gorakhpur,31.13,3.13,6.64,35,0,0.0,3,1701.0,0.54,Moderate
26-08-2025 17:00,Maharashtra,Nashik,24.45,4.37,5.49,38,0,0.0,3,1154.0,0.55,Moderate
26-08-2025 18:00,Odisha,Puri,18.3,1.69,4.54,39,1,1.0,5,1395.0,0.74,Moderate
26-08-2025 19:00,Kerala,Alappuzha,6.18,4.65,4.44,30,1,0.0,6,1420.0,0.71,Severe
26-08-2025 20:00,West Bengal,Murshidabad,13.76,5.05,4.77,37,1,1.0,5,1075.0,0.68,Severe
26-08-2025 21:00,Bihar,Bhagalpur,39.1,5.93,6.73,32,1,0.0,8,2037.0,0.11,Severe
26-08-2025 22:00,Odisha,Kendrapara,27.12,1.51,5.56,31,1,2.0,6,1243.0,-0.04,Moderate
26-08-2025 23:00,Odisha,Bhubaneswar,48.3,1.26,6.41,31,0,0.0,8,1478.0,0.68,Moderate
27-08-2025 00:00,Bihar,Muzaffarpur,36.14,4.36,5.52,29,0,0.0,4,2301.0,0.5,Severe
27-08-2025 01:00,Odisha,Balasore,2.15,2.51,5.83,24,1,0.0,7,1674.0,0.75,Moderate
27-08-2025 02:00,Assam,Jorhat,44.84,7.07,5.83,40,1,0.0,5,2396.0,0.14,Severe
27-08-2025 03:00,Odisha,Puri,11.95,6.35,4.09,28,0,1.0,2,1880.0,0.68,Severe
27-08-2025 04:00,Gujarat,Bharuch,33.67,3.61,5.34,33,1,2.0,6,2556.0,0.21,Severe
27-08-2025 05:00,Karnataka,Mangaluru,8.16,1.37,6.59,21,1,0.0,6,1180.0,0.19,Low
27-08-2025 06:00,Assam,Dhemaji,63.75,2.46,5.47,59,1,2.0,3,2747.0,0.88,Severe
27-08-2025 07:00,Odisha,Puri,55.97,6.53,5.31,58,3,1.0,2,3057.0,0.84,Severe
27-08-2025 08:00,Uttar Pradesh,Gorakhpur,28.13,8.92,5.58,44,0,0.0,4,2939.0,0.45,Severe
27-08-2025 09:00,Kerala,Kottayam,54.52,3.61,5.14,38,0,2.5,4,2231.0,0.19,Severe
27-08-2025 10:00,Maharashtra,Pune,14.63,7.42,5.55,27,0,1.0,1,1812.0,0.31,Severe
27-08-2025 11:00,Odisha,Kendrapara,20.31,7.94,4.41,25,0,2.0,3,1982.0,0.42,Severe
27-08-2025 12:00,Tamil Nadu,Coimbatore,62.56,1.39,6.9,41,2,2.0,4,2949.0,0.18,Severe
27-08-2025 13:00,Kerala,Alappuzha,1.1,8.33,4.1,31,0,0.0,5,1796.0,0.49,Severe
27-08-2025 14:00,Uttar Pradesh,Lucknow,28.94,4.73,5.45,48,0,0.0,4,2463.0,0.12,Severe
27-08-2025 15:00,Gujarat,Surat,42.57,8.71,4.63,40,2,0.0,2,3279.0,1.05,Severe
27-08-2025 16:00,Odisha,Bhubaneswar,23.18,5.31,4.18,41,2,0.0,2,1653.0,-0.54,Severe
27-08-2025 17:00,Gujarat,Rajkot,74.12,2.88,5.96,49,3,0.0,4,2759.0,0.06,Severe
27-08-2025 18:00,Odisha,Bhubaneswar,87.95,8.8,6.96,45,3,1.0,2,4451.0,0.7,Severe
27-08-2025 19:00,West Bengal,Malda,44.75,2.95,6.25,43,4,1.0,6,2491.0,1.06,Severe
27-08-2025 20:00,Karnataka,Mangaluru,12.04,8.06,4.76,33,1,1.0,1,1999.0,0.08,Severe
27-08-2025 21:00,Gujarat,Rajkot,55.2,2.39,5.48,40,4,1.0,2,2843.0,0.25,Severe
27-08-2025 22:00,Karnataka,Kodagu,104.02124999999998,6.4,4.15,64,2,1.0,2,3488.0,0.56,Severe
27-08-2025 23:00,Kerala,Kozhikode,34.88,4.29,5.6,29,1,1.0,2,1905.0,0.57,Severe
28-08-2025 00:00,West Bengal,Howrah,30.03,8.78,4.3,32,1,1.0,3,2443.0,0.41,Severe
28-08-2025 01:00,Maharashtra,Mumbai,15.5,2.48,6.38,28,1,1.0,4,1125.0,0.7,Moderate
28-08-2025 02:00,Assam,Jorhat,41.03,4.27,4.17,31,1,1.0,7,2915.0,0.48,Severe
28-08-2025 03:00,Karnataka,Bengaluru,30.76,6.12,4.03,37,2,1.0,5,2417.0,0.49,Severe
28-08-2025 04:00,West Bengal,Kolkata,3.04,8.82,6.58,32,0,0.0,3,1882.0,1.06,Severe
28-08-2025 05:00,Karnataka,Bengaluru,52.9,3.43,6.83,45,1,0.0,5,1763.0,0.28,Severe
28-08-2025 06:00,Bihar,Muzaffarpur,10.78,4.17,4.26,33,0,1.0,7,2429.0,0.24,Severe
28-08-2025 07:00,Uttar Pradesh,Kanpur,104.02124999999998,4.69,4.84,66,5,2.0,6,4189.0,0.21,Severe
28-08-2025 08:00,Maharashtra,Nashik,36.55,3.02,6.23,38,1,1.0,5,1154.0,0.08,Moderate
28-08-2025 09:00,Uttar Pradesh,Prayagraj,28.21,7.54,5.62,32,1,0.0,6,2364.0,0.3,Severe
28-08-2025 10:00,Odisha,Puri,35.35,1.74,6.85,26,2,0.0,0,2128.0,0.07,Moderate
28-08-2025 11:00,Karnataka,Bengaluru,33.76,6.64,5.17,51,0,1.0,2,1467.0,0.56,Severe
28-08-2025 12:00,Odisha,Balasore,24.5,5.27,4.01,39,0,0.0,4,1700.0,0.56,Severe
28-08-2025 13:00,Tamil Nadu,Coimbatore,7.37,2.94,4.06,29,0,0.0,2,783.0,0.46,Moderate
28-08-2025 14:00,Karnataka,Bengaluru,75.2,4.94,5.69,53,4,2.0,3,3331.0,0.53,Severe
28-08-2025 15:00,West Bengal,Murshidabad,34.99,7.64,6.26,28,2,2.0,4,2365.0,0.72,Severe
28-08-2025 16:00,Maharashtra,Mumbai,66.02,4.56,6.37,49,0,0.0,3,3672.0,-0.11,Severe
28-08-2025 17:00,Odisha,Balasore,8.44,1.98,6.73,28,2,0.0,4,1915.0,0.47,Moderate
28-08-2025 18:00,Karnataka,Udupi,17.66,1.33,4.69,35,3,0.0,3,1455.0,1.07,Moderate
28-08-2025 19:00,Tamil Nadu,Chennai,22.91,7.22,6.22,40,1,0.0,3,2607.0,0.11,Severe
28-08-2025 20:00,Uttar Pradesh,Kanpur,12.35,3.64,6.48,33,0,1.0,3,1931.0,1.48,Severe
28-08-2025 21:00,West Bengal,Darjeeling,52.84,8.45,6.51,48,1,0.0,3,2673.0,0.21,Severe
28-08-2025 22:00,Bihar,Gaya,27.36,5.94,5.23,45,0,0.0,2,1848.0,0.46,Severe
28-08-2025 23:00,Karnataka,Bengaluru,40.26,4.49,5.88,42,1,0.0,5,1741.0,0.48,Severe
29-08-2025 00:00,Bihar,Muzaffarpur,20.01,5.52,5.65,31,0,0.0,2,1556.0,-0.29,Moderate
29-08-2025 01:00,Kerala,Kottayam,67.89,4.66,5.79,41,3,2.5,8,3283.0,-0.01,Severe
29-08-2025 02:00,Maharashtra,Kolhapur,57.16,8.25,4.85,51,1,0.0,5,3232.0,0.65,Severe
29-08-2025 03:00,Karnataka,Mysuru,51.7,4.66,6.05,43,3,0.0,8,3708.0,0.25,Severe
29-08-2025 04:00,Gujarat,Rajkot,36.49,1.83,6.13,33,0,0.0,5,1689.0,-0.04,Moderate
29-08-2025 05:00,Tamil Nadu,Chennai,75.23,5.78,4.59,44,1,1.0,3,3053.0,0.9,Severe
29-08-2025 06:00,Odisha,Bhubaneswar,57.63,5.98,5.33,49,1,0.0,2,2600.0,0.49,Severe
29-08-2025 07:00,Gujarat,Bharuch,31.46,7.12,5.27,31,1,1.0,4,2447.0,0.29,Severe
29-08-2025 08:00,Kerala,Kochi,21.66,8.47,6.25,34,2,2.0,3,1558.0,1.38,Severe
29-08-2025 09:00,Maharashtra,Nagpur,27.26,4.54,6.0,34,1,1.0,4,1135.0,-0.1,Severe
29-08-2025 10:00,Uttar Pradesh,Prayagraj,46.2,3.82,5.43,49,0,1.0,4,2367.0,-0.11,Severe
29-08-2025 11:00,West Bengal,Howrah,8.37,4.93,5.96,26,1,1.0,3,1747.0,0.17,Severe
29-08-2025 12:00,Bihar,Bhagalpur,17.0,8.2,4.79,39,0,1.0,3,1792.0,0.48,Severe
29-08-2025 13:00,Kerala,Thrissur,74.49,8.84,4.7,66,0,1.0,1,3937.0,0.55,Severe
29-08-2025 14:00,Odisha,Balasore,63.71,8.77,4.72,56,1,1.0,3,2656.0,0.02,Severe
29-08-2025 15:00,West Bengal,Darjeeling,27.43,2.84,4.09,41,0,1.0,2,1635.0,-0.28,Moderate
29-08-2025 16:00,Uttar Pradesh,Prayagraj,104.02124999999998,4.98,6.07,66,5,1.0,3,4592.375,0.61,Severe
29-08-2025 17:00,Odisha,Balasore,55.49,3.08,6.96,54,4,2.0,5,2476.0,0.15,Severe
29-08-2025 18:00,Tamil Nadu,Thanjavur,35.25,3.94,4.93,51,0,0.0,2,2004.0,0.35,Moderate
29-08-2025 19:00,Bihar,Gaya,64.49,1.25,6.79,47,1,0.0,6,2477.0,0.39,Moderate
29-08-2025 20:00,Gujarat,Ahmedabad,20.94,2.28,5.82,33,0,1.0,8,1034.0,0.78,Moderate
29-08-2025 21:00,Karnataka,Udupi,18.35,4.18,4.67,26,1,0.0,2,1153.0,0.12,Moderate
29-08-2025 22:00,Kerala,Thrissur,30.57,3.92,4.04,37,3,0.0,6,2216.0,1.06,Severe
29-08-2025 23:00,Karnataka,Bengaluru,34.02,3.23,6.17,27,0,0.0,1,2639.0,0.28,Moderate
30-08-2025 00:00,West Bengal,Kolkata,18.39,2.84,6.09,25,1,1.0,3,1023.0,-0.25,Moderate
30-08-2025 01:00,Karnataka,Mysuru,81.23,6.99,4.69,45,1,2.0,6,3583.0,-0.1,Severe
30-08-2025 02:00,Gujarat,Surat,25.52,3.36,5.0,35,0,2.0,7,2569.0,-0.12,Severe
30-08-2025 03:00,Assam,Dibrugarh,6.55,6.65,6.69,32,1,1.0,5,1861.0,0.02,Severe
30-08-2025 04:00,West Bengal,Darjeeling,36.56,3.95,4.47,32,1,0.0,4,2937.0,0.47,Severe
30-08-2025 05:00,Bihar,Darbhanga,28.8,7.42,6.51,31,0,1.0,5,2469.0,0.8,Severe
30-08-2025 06:00,Odisha,Bhubaneswar,59.69,2.34,4.51,44,1,0.0,0,2154.0,-0.65,Moderate
30-08-2025 07:00,Bihar,Darbhanga,21.14,2.26,5.45,35,2,1.0,3,1673.0,0.75,Moderate
30-08-2025 08:00,Karnataka,Udupi,53.18,6.44,5.5,36,1,0.0,2,3157.0,0.99,Severe
30-08-2025 09:00,Maharashtra,Pune,40.55,8.32,5.42,38,2,1.0,4,2518.0,1.27,Severe
30-08-2025 10:00,West Bengal,Howrah,67.06,2.14,4.86,47,3,2.0,3,3133.0,0.54,Severe
30-08-2025 11:00,Odisha,Kendrapara,36.32,1.59,4.76,37,0,0.0,4,1566.0,-0.45,Moderate
30-08-2025 12:00,Uttar Pradesh,Lucknow,17.62,8.48,6.2,31,1,0.0,3,1872.0,-0.25,Severe
30-08-2025 13:00,Tamil Nadu,Madurai,42.02,1.94,4.83,42,1,2.0,3,1297.0,0.75,Severe
30-08-2025 14:00,Bihar,Patna,13.77,3.0,5.83,27,0,0.0,2,957.0,0.39,Moderate
30-08-2025 15:00,Bihar,Darbhanga,4.14,8.44,6.54,29,2,0.0,1,2495.0,0.07,Severe
30-08-2025 16:00,West Bengal,Kolkata,18.79,7.42,6.51,35,0,0.0,8,1460.0,-0.32,Severe
30-08-2025 17:00,Maharashtra,Kolhapur,69.94,3.74,4.5,53,1,2.0,2,2720.0,-0.13,Severe
30-08-2025 18:00,Karnataka,Mysuru,102.95,8.64,5.96,63,2,1.0,5,4162.0,0.59,Severe
30-08-2025 19:00,Karnataka,Mangaluru,8.24,5.54,5.81,22,2,0.0,5,1062.0,0.57,Severe
30-08-2025 20:00,West Bengal,Darjeeling,62.23,1.58,4.85,44,2,0.0,4,1954.0,0.78,Severe
30-08-2025 21:00,Bihar,Bhagalpur,92.18,6.62,5.17,52,2,1.0,4,4342.0,0.94,Severe
30-08-2025 22:00,Odisha,Bhubaneswar,13.42,5.3,4.86,28,0,0.0,5,1903.0,-0.04,Severe
30-08-2025 23:00,Tamil Nadu,Thanjavur,81.78,5.58,5.61,50,2,0.0,6,3194.0,0.77,Severe
31-08-2025 00:00,West Bengal,Howrah,11.03,8.95,6.41,32,0,1.0,6,2208.0,0.02,Severe
31-08-2025 01:00,Odisha,Balasore,30.69,2.22,6.63,35,1,0.0,2,1512.0,0.29,Moderate
31-08-2025 02:00,Odisha,Cuttack,43.98,6.25,6.17,38,2,1.0,4,3203.0,0.02,Severe
31-08-2025 03:00,Uttar Pradesh,Prayagraj,14.42,4.67,5.45,32,1,1.0,2,1769.0,0.7,Severe
31-08-2025 04:00,Gujarat,Vadodara,78.59,3.18,6.87,57,1,1.0,4,2944.0,0.09,Severe
31-08-2025 05:00,Assam,Dhemaji,33.04,6.55,5.69,30,0,1.0,3,2301.0,0.64,Severe
31-08-2025 06:00,Tamil Nadu,Tiruppur,58.44,6.35,5.44,46,0,1.0,2,2929.0,0.57,Severe
31-08-2025 07:00,Kerala,Thrissur,15.18,7.85,6.57,41,0,0.0,1,1931.0,0.86,Severe
31-08-2025 08:00,Maharashtra,Kolhapur,104.02124999999998,8.03,4.55,66,4,1.0,2,4342.0,0.61,Severe
31-08-2025 09:00,Assam,Dhemaji,47.71,5.49,4.47,31,3,2.0,8,1673.0,1.19,Severe
31-08-2025 10:00,Uttar Pradesh,Prayagraj,46.33,3.6,6.35,51,1,1.0,7,1888.0,0.06,Severe
31-08-2025 11:00,Tamil Nadu,Chennai,43.44,5.24,6.61,47,1,2.0,4,2314.0,0.71,Severe
31-08-2025 12:00,Karnataka,Udupi,46.82,3.87,4.22,33,2,0.0,5,2103.0,0.53,Severe
31-08-2025 13:00,Assam,Dibrugarh,54.71,3.22,6.29,44,2,1.0,3,1487.0,0.01,Severe
31-08-2025 14:00,Karnataka,Bengaluru,25.58,5.41,5.27,24,3,1.0,4,2676.0,0.78,Severe
31-08-2025 15:00,Maharashtra,Nagpur,10.44,6.26,6.11,27,0,1.0,4,1405.0,0.73,Severe
31-08-2025 16:00,Karnataka,Mysuru,10.91,5.72,4.4,30,1,0.0,1,1952.0,0.06,Severe
31-08-2025 17:00,Maharashtra,Mumbai,35.11,8.64,6.92,36,1,0.0,4,2493.0,-0.4,Severe
31-08-2025 18:00,Tamil Nadu,Thanjavur,93.97,3.39,6.64,59,4,2.0,5,3852.0,0.3,Severe
31-08-2025 19:00,Bihar,Muzaffarpur,30.51,3.98,5.22,30,0,2.5,3,2573.0,0.04,Severe
31-08-2025 20:00,Maharashtra,Pune,72.32,6.34,6.68,59,0,1.0,4,4501.0,0.42,Severe
31-08-2025 21:00,Odisha,Balasore,31.53,5.8,6.68,31,1,1.0,1,2548.0,0.35,Severe
31-08-2025 22:00,Kerala,Kottayam,86.99,1.01,5.38,55,0,0.0,3,2689.0,1.15,Severe
31-08-2025 23:00,Kerala,Thrissur,46.02,3.5,6.84,40,0,0.0,2,2528.0,0.02,Moderate
01-09-2025 00:00,West Bengal,Murshidabad,41.45,3.03,6.93,50,1,0.0,3,1179.0,0.62,Moderate
01-09-2025 01:00,Kerala,Alappuzha,67.79,7.72,4.65,44,3,0.0,4,3623.0,-0.26,Severe
01-09-2025 02:00,West Bengal,Murshidabad,45.64,7.93,4.2,40,2,0.0,6,2905.0,-0.09,Severe
01-09-2025 03:00,Kerala,Kottayam,53.12,3.27,4.99,44,0,1.0,4,1518.0,0.15,Moderate
01-09-2025 04:00,Maharashtra,Nagpur,34.63,1.82,5.47,38,0,0.0,6,1384.0,-0.03,Moderate
01-09-2025 05:00,Odisha,Bhubaneswar,43.41,2.64,4.28,43,0,1.0,4,2693.0,0.55,Severe
01-09-2025 06:00,Bihar,Muzaffarpur,11.84,2.41,4.42,35,0,0.0,3,684.0,0.34,Moderate
01-09-2025 07:00,Karnataka,Mangaluru,77.92,2.9,6.92,61,1,2.0,0,2867.0,0.72,Severe
01-09-2025 08:00,Uttar Pradesh,Prayagraj,79.63,2.88,6.21,57,1,0.0,5,2135.0,-0.11,Severe
01-09-2025 09:00,Kerala,Kozhikode,26.57,4.84,6.62,27,2,0.0,2,1951.0,0.43,Severe
01-09-2025 10:00,Bihar,Muzaffarpur,32.36,3.56,6.91,37,1,0.0,4,1589.0,0.02,Moderate
01-09-2025 11:00,Bihar,Bhagalpur,104.02124999999998,5.48,5.13,66,1,0.0,2,2323.0,0.92,Severe
01-09-2025 12:00,Maharashtra,Kolhapur,27.16,3.75,6.06,39,2,0.0,3,1582.0,-0.11,Moderate
01-09-2025 13:00,Tamil Nadu,Coimbatore,56.99,7.52,4.55,46,3,0.0,4,3418.0,-0.44,Severe
01-09-2025 14:00,Tamil Nadu,Madurai,39.55,8.61,5.66,42,1,1.0,7,2294.0,0.09,Severe
01-09-2025 15:00,Kerala,Kochi,8.93,4.23,4.63,34,1,0.0,6,1213.0,-0.15,Moderate
01-09-2025 16:00,Uttar Pradesh,Varanasi,47.29,1.4,4.48,34,0,1.0,3,2195.0,0.41,Moderate
01-09-2025 17:00,Kerala,Alappuzha,76.7,2.92,4.3,56,2,1.0,1,2369.0,0.61,Severe
01-09-2025 18:00,Kerala,Kozhikode,29.3,1.81,5.74,42,1,0.0,8,1006.0,0.68,Moderate
01-09-2025 19:00,West Bengal,Kolkata,12.42,3.76,6.85,30,0,0.0,3,1074.0,-0.61,Moderate
01-09-2025 20:00,Odisha,Kendrapara,60.3,6.16,4.37,51,0,1.0,3,3064.0,0.68,Severe
01-09-2025 21:00,Odisha,Balasore,9.33,5.15,5.51,28,2,0.0,4,1857.0,0.45,Severe
01-09-2025 22:00,Uttar Pradesh,Lucknow,9.91,2.94,6.06,30,0,0.0,7,1261.0,0.67,Moderate
01-09-2025 23:00,West Bengal,Darjeeling,104.02124999999998,7.14,5.49,55,3,1.0,7,4034.0,0.75,Severe
02-09-2025 00:00,Bihar,Bhagalpur,69.03,2.05,6.74,59,5,0.0,2,2895.0,0.07,Severe
02-09-2025 01:00,West Bengal,Malda,36.18,2.83,4.5,36,0,1.0,3,2034.0,-0.06,Moderate
02-09-2025 02:00,Kerala,Kochi,48.31,6.41,4.07,48,1,0.0,3,2590.0,0.5,Severe
02-09-2025 03:00,Tamil Nadu,Tiruppur,16.03,2.58,5.15,37,1,0.0,4,322.0,0.78,Moderate
02-09-2025 04:00,Assam,Dibrugarh,39.14,6.43,5.67,32,1,1.0,4,2835.0,-0.21,Severe
02-09-2025 05:00,Uttar Pradesh,Varanasi,13.6,8.82,4.76,29,2,0.0,5,2166.0,0.38,Severe
02-09-2025 06:00,Bihar,Gaya,13.23,7.65,4.51,34,0,0.0,1,1955.0,0.12,Severe
02-09-2025 07:00,Maharashtra,Pune,62.32,2.28,6.41,39,1,2.0,7,3035.0,0.11,Severe
02-09-2025 08:00,Assam,Jorhat,24.2,5.16,4.57,34,2,0.0,3,1971.0,0.17,Severe
02-09-2025 09:00,Assam,Jorhat,21.24,4.38,5.33,43,1,0.0,5,551.0,0.64,Severe
02-09-2025 10:00,West Bengal,Howrah,45.13,8.93,6.86,38,1,0.0,1,3339.0,0.61,Severe
02-09-2025 11:00,Karnataka,Mangaluru,20.57,8.72,5.84,30,2,0.0,3,2903.0,-0.05,Severe
02-09-2025 12:00,Assam,Jorhat,28.7,2.02,5.49,37,0,1.0,5,1279.0,-0.27,Moderate
02-09-2025 13:00,Kerala,Kottayam,98.76,8.27,5.08,62,4,1.0,3,4592.375,0.83,Severe
02-09-2025 14:00,Gujarat,Rajkot,9.84,2.55,5.56,31,1,1.0,2,2289.0,0.71,Moderate
02-09-2025 15:00,Tamil Nadu,Coimbatore,88.75,3.56,6.2,48,0,2.0,0,3782.0,0.91,Severe
02-09-2025 16:00,Tamil Nadu,Thanjavur,104.02124999999998,3.83,6.47,66,5,1.0,8,4592.375,0.6,Severe
02-09-2025 17:00,Gujarat,Surat,10.55,3.29,5.95,23,0,0.0,2,1393.0,0.95,Moderate
02-09-2025 18:00,Odisha,Bhubaneswar,12.06,7.83,6.37,36,2,1.0,2,2421.0,-0.69,Severe
02-09-2025 19:00,Kerala,Kottayam,51.12,3.64,4.27,37,1,1.0,4,2886.0,0.3,Severe
02-09-2025 20:00,Maharashtra,Nashik,36.81,7.53,4.04,38,2,0.0,6,2439.0,0.04,Severe
02-09-2025 21:00,Assam,Dhemaji,18.35,8.96,6.2,33,2,1.0,4,2715.0,1.24,Severe
02-09-2025 22:00,Odisha,Bhubaneswar,78.32,7.73,4.79,50,4,1.0,2,3730.0,-0.19,Severe
02-09-2025 23:00,Kerala,Kozhikode,25.68,3.77,6.63,38,1,1.0,5,2199.0,-0.25,Severe
03-09-2025 00:00,West Bengal,Howrah,41.21,6.69,5.61,42,1,1.0,3,2343.0,0.07,Severe
03-09-2025 01:00,Tamil Nadu,Madurai,55.94,5.27,5.44,38,2,0.0,5,3019.0,0.11,Severe
03-09-2025 02:00,Odisha,Bhubaneswar,48.04,7.29,6.32,41,3,2.5,2,3137.0,0.18,Severe
03-09-2025 03:00,Uttar Pradesh,Gorakhpur,34.3,2.22,6.22,34,0,0.0,2,1053.0,0.76,Moderate
03-09-2025 04:00,Assam,Guwahati,57.72,6.11,6.11,40,1,0.0,8,2759.0,1.02,Severe
03-09-2025 05:00,Assam,Dhemaji,8.55,7.19,6.07,25,0,0.0,8,1720.0,0.79,Severe
03-09-2025 06:00,Maharashtra,Kolhapur,68.79,7.09,5.55,44,2,0.0,3,3093.0,1.47,Severe
03-09-2025 07:00,Karnataka,Kodagu,27.15,8.71,6.78,36,3,1.0,7,1854.0,0.93,Severe
03-09-2025 08:00,Uttar Pradesh,Varanasi,53.06,1.47,6.67,38,0,0.0,1,2855.0,0.07,Moderate
03-09-2025 09:00,Assam,Guwahati,33.24,3.77,4.99,37,0,0.0,4,2261.0,0.3,Moderate
03-09-2025 10:00,Bihar,Bhagalpur,21.29,4.81,6.41,47,0,1.0,2,1320.0,0.71,Severe
03-09-2025 11:00,Uttar Pradesh,Gorakhpur,31.38,3.48,6.67,42,3,0.0,3,1516.0,-0.17,Moderate
03-09-2025 12:00,Assam,Jorhat,42.09,3.48,5.85,41,2,1.0,1,3060.0,0.21,Severe
03-09-2025 13:00,Gujarat,Surat,46.98,2.41,5.67,52,1,1.0,3,1584.0,0.64,Severe
03-09-2025 14:00,Uttar Pradesh,Lucknow,42.61,7.5,6.02,39,1,0.0,3,2822.0,1.21,Severe
03-09-2025 15:00,Kerala,Kochi,20.07,8.26,4.49,32,2,0.0,3,2336.0,0.37,Severe
03-09-2025 16:00,Uttar Pradesh,Kanpur,14.7,1.66,4.26,42,1,1.0,4,1704.0,0.44,Moderate
03-09-2025 17:00,Maharashtra,Pune,15.95,2.24,6.46,22,0,2.0,5,1484.0,0.58,Moderate
03-09-2025 18:00,West Bengal,Howrah,28.48,2.83,5.72,45,0,0.0,5,1139.0,-0.43,Moderate
03-09-2025 19:00,West Bengal,Malda,52.52,5.07,4.37,48,2,0.0,1,2732.0,0.19,Severe
03-09-2025 20:00,West Bengal,Malda,55.0,7.33,5.25,48,2,0.0,4,3050.0,-0.03,Severe
03-09-2025 21:00,Kerala,Alappuzha,22.19,1.57,4.89,30,3,1.0,3,1052.0,0.7,Moderate
03-09-2025 22:00,Odisha,Bhubaneswar,34.43,6.09,6.63,34,1,0.0,7,1914.0,0.15,Severe
03-09-2025 23:00,West Bengal,Malda,9.35,2.19,5.52,23,2,1.0,3,1168.0,0.9,Moderate
04-09-2025 00:00,Tamil Nadu,Coimbatore,25.64,8.77,5.73,33,0,1.0,4,2252.0,0.55,Severe
04-09-2025 01:00,Kerala,Kozhikode,22.06,8.19,4.71,38,0,2.0,3,2367.0,0.28,Severe
04-09-2025 02:00,Odisha,Puri,18.09,8.6,6.4,39,0,1.0,6,2363.0,0.1,Severe
04-09-2025 03:00,Tamil Nadu,Coimbatore,37.14,1.85,6.79,44,1,1.0,2,1926.0,0.03,Moderate
04-09-2025 04:00,Tamil Nadu,Thanjavur,100.9,4.9,6.38,54,3,0.0,1,3292.0,1.08,Severe
04-09-2025 05:00,Tamil Nadu,Tiruppur,35.79,2.32,5.48,49,0,1.0,3,1599.0,-0.57,Moderate
04-09-2025 06:00,Bihar,Darbhanga,72.18,5.8,6.51,50,0,0.0,2,2713.0,0.31,Severe
04-09-2025 07:00,Maharashtra,Nashik,62.31,2.86,4.56,50,0,1.0,0,2022.0,0.39,Moderate
04-09-2025 08:00,Maharashtra,Nashik,22.97,7.17,4.34,29,2,1.0,6,2523.0,-0.67,Severe
04-09-2025 09:00,Kerala,Thrissur,58.05,6.15,5.31,60,2,0.0,4,3066.0,0.94,Severe
04-09-2025 10:00,Tamil Nadu,Chennai,104.02124999999998,5.57,4.54,55,2,2.5,1,4592.375,0.44,Severe
04-09-2025 11:00,Gujarat,Surat,12.17,7.6,4.78,33,1,0.0,6,1222.0,0.68,Severe
04-09-2025 12:00,Uttar Pradesh,Varanasi,62.25,5.0,5.76,46,3,0.0,3,2645.0,0.68,Severe
04-09-2025 13:00,Odisha,Bhubaneswar,32.6,3.16,5.21,31,1,0.0,3,1556.0,0.76,Moderate
04-09-2025 14:00,Maharashtra,Pune,20.18,5.97,6.6,41,4,0.0,2,2708.0,0.71,Severe
04-09-2025 15:00,West Bengal,Darjeeling,45.02,8.66,4.68,45,2,0.0,3,2559.0,0.71,Severe
04-09-2025 16:00,Kerala,Kochi,45.87,5.81,6.99,51,2,0.0,1,2295.0,0.53,Severe
04-09-2025 17:00,Odisha,Bhubaneswar,104.02124999999998,6.04,5.08,66,4,1.0,1,4592.375,0.79,Severe
04-09-2025 18:00,Kerala,Kochi,20.83,8.48,5.55,31,0,0.0,6,3128.0,1.5750000000000002,Severe
04-09-2025 19:00,Gujarat,Rajkot,35.75,5.12,4.4,33,1,0.0,2,1095.0,-0.03,Severe
04-09-2025 20:00,Bihar,Bhagalpur,35.28,8.97,5.74,43,0,2.5,7,2903.0,0.58,Severe
04-09-2025 21:00,Bihar,Darbhanga,20.72,2.28,6.88,26,1,0.0,6,868.0,0.73,Moderate
04-09-2025 22:00,Tamil Nadu,Thanjavur,16.25,5.3,6.25,23,2,1.0,8,2281.0,-0.34,Severe
04-09-2025 23:00,Bihar,Muzaffarpur,25.19,2.7,4.73,23,2,0.0,2,1949.0,1.2,Moderate
05-09-2025 00:00,Kerala,Kochi,31.74,4.63,5.33,27,0,0.0,8,1675.0,0.64,Severe
05-09-2025 01:00,West Bengal,Murshidabad,15.36,2.36,5.28,32,2,0.0,5,871.0,0.49,Moderate
05-09-2025 02:00,Tamil Nadu,Madurai,64.64,2.78,4.29,37,4,1.0,1,2310.0,0.19,Severe
05-09-2025 03:00,Assam,Dibrugarh,49.05,2.69,6.66,38,0,0.0,5,2227.0,0.73,Moderate
05-09-2025 04:00,Odisha,Kendrapara,12.47,3.56,5.14,27,2,0.0,3,686.0,-0.15,Moderate
05-09-2025 05:00,Gujarat,Surat,24.85,2.08,5.48,31,0,0.0,7,1123.0,1.13,Moderate
05-09-2025 06:00,Tamil Nadu,Chennai,37.69,7.47,4.87,41,1,0.0,4,2908.0,0.82,Severe
05-09-2025 07:00,Kerala,Thrissur,55.84,2.77,4.46,44,1,0.0,3,2107.0,0.29,Moderate
05-09-2025 08:00,Odisha,Balasore,31.92,4.33,6.71,33,0,2.0,2,1991.0,1.0,Severe
05-09-2025 09:00,West Bengal,Malda,53.74,1.13,4.11,41,1,0.0,8,1499.0,-0.43,Moderate
05-09-2025 10:00,Karnataka,Udupi,43.28,1.84,5.2,42,2,1.0,8,1792.0,-0.1,Severe
05-09-2025 11:00,Gujarat,Bharuch,58.05,8.17,6.19,43,0,2.5,8,3152.0,0.38,Severe
05-09-2025 12:00,Kerala,Thrissur,18.66,7.7,4.93,28,1,0.0,8,2277.0,0.4,Severe
05-09-2025 13:00,Gujarat,Bharuch,50.08,7.73,5.34,41,2,0.0,1,3190.0,0.55,Severe
05-09-2025 14:00,Maharashtra,Kolhapur,32.69,4.29,5.69,24,0,0.0,7,1616.0,0.45,Severe
05-09-2025 15:00,Karnataka,Kodagu,70.82,2.13,6.99,42,2,2.0,8,3326.0,0.91,Severe
05-09-2025 16:00,Odisha,Puri,18.32,1.86,6.27,42,3,0.0,7,488.0,-0.3,Moderate
05-09-2025 17:00,Bihar,Muzaffarpur,43.84,5.84,6.9,38,1,0.0,6,2168.0,-0.51,Severe
05-09-2025 18:00,Kerala,Kozhikode,35.96,7.63,6.08,39,2,0.0,4,1693.0,-0.28,Severe
05-09-2025 19:00,Gujarat,Ahmedabad,30.3,8.2,4.81,38,2,1.0,1,2811.0,-0.23,Severe
05-09-2025 20:00,Odisha,Bhubaneswar,25.74,3.31,4.86,33,5,0.0,2,1465.0,0.37,Severe
05-09-2025 21:00,Bihar,Gaya,27.22,3.57,6.47,28,1,0.0,1,1453.0,0.29,Moderate
05-09-2025 22:00,West Bengal,Malda,96.33,1.81,5.28,44,4,2.0,4,3001.0,0.5,Severe
05-09-2025 23:00,West Bengal,Kolkata,29.66,7.2,5.11,36,2,0.0,4,1581.0,0.52,Severe
06-09-2025 00:00,Gujarat,Vadodara,91.8,3.21,6.84,66,4,1.0,2,2735.0,0.48,Severe
06-09-2025 01:00,Tamil Nadu,Tiruppur,30.28,4.85,4.04,33,0,0.0,8,2751.0,-0.33,Severe
06-09-2025 02:00,Maharashtra,Nagpur,38.67,8.43,5.57,42,0,1.0,7,3020.0,0.26,Severe
06-09-2025 03:00,Tamil Nadu,Tiruppur,34.3,7.02,6.33,41,1,2.0,5,2622.0,0.13,Severe
06-09-2025 04:00,Maharashtra,Nagpur,95.21,1.42,6.21,66,3,1.0,5,3593.0,0.91,Severe
06-09-2025 05:00,Kerala,Alappuzha,59.97,1.07,5.1,38,2,1.0,4,2162.0,0.52,Moderate
06-09-2025 06:00,Assam,Dibrugarh,23.93,7.3,5.61,32,0,1.0,4,2205.0,1.2,Severe
06-09-2025 07:00,Gujarat,Surat,9.8,5.42,4.02,30,0,1.0,3,877.0,-0.08,Severe
06-09-2025 08:00,Uttar Pradesh,Gorakhpur,24.39,6.76,5.6,34,1,1.0,3,1550.0,0.23,Severe
06-09-2025 09:00,Gujarat,Bharuch,79.33,2.25,5.77,60,2,2.5,4,3342.0,0.78,Severe
06-09-2025 10:00,Karnataka,Mysuru,13.23,7.98,6.62,31,0,0.0,3,1385.0,0.14,Severe
06-09-2025 11:00,Bihar,Darbhanga,10.26,7.19,4.63,27,0,1.0,3,1362.0,0.53,Severe
06-09-2025 12:00,Karnataka,Kodagu,20.4,8.13,6.48,37,1,0.0,4,1599.0,0.09,Severe
06-09-2025 13:00,West Bengal,Darjeeling,15.26,3.73,6.15,22,1,0.0,2,1437.0,0.89,Moderate
06-09-2025 14:00,Maharashtra,Nagpur,17.37,3.21,6.0,29,0,0.0,7,1353.0,-0.27,Moderate
06-09-2025 15:00,Bihar,Darbhanga,6.08,2.21,5.18,37,1,2.0,5,883.0,1.23,Severe
06-09-2025 16:00,West Bengal,Kolkata,39.15,8.44,5.1,53,0,0.0,3,1500.0,0.71,Severe
06-09-2025 17:00,Bihar,Patna,44.72,2.41,6.11,38,2,0.0,5,1917.0,0.59,Severe
06-09-2025 18:00,Tamil Nadu,Tiruppur,29.56,1.95,6.97,27,0,1.0,7,1719.0,0.54,Moderate
06-09-2025 19:00,West Bengal,Malda,9.94,2.54,5.22,35,0,0.0,7,1339.0,0.05,Moderate
06-09-2025 20:00,Tamil Nadu,Tiruppur,20.5,7.17,6.76,28,1,0.0,4,1616.0,0.68,Severe
06-09-2025 21:00,Tamil Nadu,Coimbatore,43.75,8.12,5.76,40,2,0.0,4,3382.0,0.13,Severe
06-09-2025 22:00,Bihar,Muzaffarpur,47.9,7.49,6.6,34,1,1.0,1,2921.0,-0.58,Severe
06-09-2025 23:00,Odisha,Cuttack,6.35,5.51,4.65,18,1,2.0,3,1354.0,0.41,Severe
07-09-2025 00:00,Karnataka,Udupi,35.05,8.95,6.29,31,1,0.0,5,3205.0,0.03,Severe
07-09-2025 01:00,West Bengal,Kolkata,19.2,1.55,6.5,29,0,0.0,0,985.0,0.43,Low
07-09-2025 02:00,Uttar Pradesh,Gorakhpur,33.43,7.94,6.5,32,1,0.0,6,2966.0,0.36,Severe
07-09-2025 03:00,Odisha,Kendrapara,10.71,4.42,6.35,29,1,1.0,6,1338.0,-0.27,Severe
07-09-2025 04:00,Karnataka,Bengaluru,7.45,4.64,4.91,24,2,1.0,3,667.0,1.09,Severe
07-09-2025 05:00,West Bengal,Murshidabad,28.98,2.02,5.57,37,1,0.0,5,1474.0,0.07,Moderate
07-09-2025 06:00,Maharashtra,Nashik,31.0,1.27,4.9,43,3,1.0,4,2091.0,0.85,Severe
07-09-2025 07:00,Karnataka,Bengaluru,16.68,3.53,5.03,32,2,1.0,6,1105.0,0.05,Moderate
07-09-2025 08:00,Uttar Pradesh,Gorakhpur,86.74,2.4,4.9,53,2,0.0,2,3001.0,0.37,Severe
07-09-2025 09:00,Gujarat,Vadodara,18.76,4.87,4.85,25,2,1.0,4,1644.0,0.49,Severe
07-09-2025 10:00,Kerala,Kottayam,18.48,2.18,6.08,24,1,0.0,6,802.0,-0.55,Moderate
07-09-2025 11:00,Tamil Nadu,Madurai,34.21,2.1,5.95,36,3,0.0,5,1207.0,0.09,Moderate
07-09-2025 12:00,Kerala,Kottayam,31.15,8.02,4.61,25,0,0.0,2,2463.0,0.48,Severe
07-09-2025 13:00,Odisha,Cuttack,18.82,8.37,6.07,27,1,0.0,3,2326.0,0.39,Severe
07-09-2025 14:00,Gujarat,Ahmedabad,44.48,8.71,4.87,40,2,0.0,2,2531.0,0.38,Severe
07-09-2025 15:00,Tamil Nadu,Chennai,44.25,6.44,4.61,48,0,0.0,6,3426.0,0.77,Severe
07-09-2025 16:00,West Bengal,Kolkata,34.72,7.17,6.24,33,1,0.0,2,2594.0,0.0,Severe
07-09-2025 17:00,Odisha,Kendrapara,38.91,7.69,5.09,39,0,2.0,5,2118.0,0.39,Severe
07-09-2025 18:00,Uttar Pradesh,Gorakhpur,32.63,6.27,5.71,32,1,0.0,4,2752.0,-0.25,Severe
07-09-2025 19:00,Bihar,Gaya,31.27,3.64,4.6,24,0,0.0,3,2232.0,0.13,Moderate
07-09-2025 20:00,West Bengal,Malda,10.88,2.25,5.84,29,1,1.0,3,2037.0,0.91,Moderate
07-09-2025 21:00,Karnataka,Udupi,36.08,2.9,4.62,41,2,0.0,3,1824.0,0.37,Moderate
07-09-2025 22:00,Bihar,Bhagalpur,60.68,7.72,4.5,51,2,0.0,2,3095.0,0.15,Severe
07-09-2025 23:00,Odisha,Puri,38.96,6.57,5.16,37,3,0.0,5,2738.0,-0.01,Severe
08-09-2025 00:00,Karnataka,Udupi,26.71,4.65,6.37,29,2,0.0,2,1997.0,-0.26,Moderate
08-09-2025 01:00,Uttar Pradesh,Gorakhpur,58.89,1.24,4.53,66,2,0.0,2,2006.0,0.79,Severe
08-09-2025 02:00,Kerala,Alappuzha,39.0,3.13,4.35,38,5,0.0,5,1745.0,1.31,Severe
08-09-2025 03:00,Karnataka,Kodagu,18.63,6.83,4.09,23,0,2.0,5,1837.0,0.17,Severe
08-09-2025 04:00,Kerala,Kochi,58.79,5.1,5.25,52,1,0.0,3,2831.0,-0.46,Severe
08-09-2025 05:00,Tamil Nadu,Thanjavur,23.0,4.48,4.85,33,2,0.0,4,1651.0,1.05,Severe
08-09-2025 06:00,Maharashtra,Nagpur,13.79,3.51,4.88,32,0,0.0,4,381.0,-0.05,Moderate
08-09-2025 07:00,Assam,Jorhat,16.88,5.86,6.95,29,0,0.0,2,1962.0,0.52,Severe
08-09-2025 08:00,West Bengal,Darjeeling,21.39,8.73,4.58,29,1,0.0,3,2973.0,0.59,Severe
08-09-2025 09:00,Assam,Dhemaji,10.36,8.21,5.38,35,1,0.0,5,1627.0,0.86,Severe
08-09-2025 10:00,Tamil Nadu,Madurai,75.24,1.24,6.96,48,1,2.0,7,2587.0,0.25,Severe
08-09-2025 11:00,Karnataka,Bengaluru,7.13,4.85,4.09,18,3,0.0,7,1254.0,0.56,Severe
08-09-2025 12:00,Tamil Nadu,Tiruppur,48.21,3.64,6.09,47,3,2.0,4,2463.0,0.2,Severe
08-09-2025 13:00,Assam,Dibrugarh,40.33,5.08,5.11,36,1,0.0,2,2704.0,-0.55,Severe
08-09-2025 14:00,Assam,Guwahati,38.52,5.85,6.72,34,1,0.0,3,2872.0,0.16,Severe
08-09-2025 15:00,West Bengal,Darjeeling,44.16,2.6,6.74,49,3,1.0,5,1728.0,0.52,Severe
08-09-2025 16:00,Bihar,Muzaffarpur,28.7,7.25,5.16,33,1,1.0,6,2483.0,-0.1,Severe
08-09-2025 17:00,Gujarat,Ahmedabad,48.35,4.8,4.66,35,0,2.5,3,3312.0,0.39,Severe
08-09-2025 18:00,Tamil Nadu,Madurai,30.6,8.94,5.28,35,1,0.0,7,2362.0,0.47,Severe
08-09-2025 19:00,Maharashtra,Pune,24.73,1.2,6.9,40,0,1.0,4,1278.0,0.95,Moderate
08-09-2025 20:00,Gujarat,Surat,11.47,2.52,4.84,33,0,1.0,4,1054.0,-0.07,Moderate
08-09-2025 21:00,Tamil Nadu,Madurai,41.51,6.52,6.94,42,1,0.0,6,3019.0,0.46,Severe
08-09-2025 22:00,Uttar Pradesh,Kanpur,42.05,6.56,6.46,36,1,1.0,3,2240.0,-0.14,Severe
08-09-2025 23:00,Odisha,Cuttack,32.57,5.66,4.8,32,3,1.0,4,3502.0,-0.63,Severe
09-09-2025 00:00,Odisha,Balasore,55.25,8.78,6.37,45,1,1.0,3,3588.0,0.14,Severe
09-09-2025 01:00,Assam,Dhemaji,68.77,4.32,4.15,44,4,0.0,7,2849.0,0.1,Severe
09-09-2025 02:00,Odisha,Puri,22.17,4.34,5.64,32,3,0.0,2,2539.0,0.5,Severe
09-09-2025 03:00,Kerala,Thrissur,49.56,8.28,5.07,50,1,1.0,1,2290.0,0.87,Severe
09-09-2025 04:00,Maharashtra,Kolhapur,11.29,5.31,5.28,30,2,0.0,4,1000.0,0.4,Severe
09-09-2025 05:00,Odisha,Balasore,34.27,3.83,5.42,37,4,0.0,1,1812.0,0.06,Severe
09-09-2025 06:00,Karnataka,Mangaluru,28.87,6.75,5.51,29,3,1.0,3,2204.0,-0.02,Severe
09-09-2025 07:00,Kerala,Kozhikode,56.29,5.96,5.97,32,4,0.0,5,2715.0,0.87,Severe
09-09-2025 08:00,Gujarat,Vadodara,23.54,3.45,6.09,39,1,0.0,6,1987.0,0.66,Severe
09-09-2025 09:00,Kerala,Alappuzha,71.12,3.38,6.93,58,1,0.0,2,2382.0,-0.05,Severe
09-09-2025 10:00,Tamil Nadu,Tiruppur,27.67,4.16,6.29,27,0,0.0,6,2134.0,-0.26,Moderate
09-09-2025 11:00,Assam,Jorhat,11.47,1.57,6.06,26,0,0.0,7,1097.0,-0.05,Low
09-09-2025 12:00,West Bengal,Murshidabad,7.86,8.54,5.18,30,2,0.0,5,2424.0,0.8,Severe
09-09-2025 13:00,West Bengal,Darjeeling,52.87,2.46,4.35,45,2,0.0,4,2451.0,-0.07,Moderate
09-09-2025 14:00,Uttar Pradesh,Lucknow,10.34,2.55,4.18,25,0,0.0,6,702.0,0.56,Moderate
09-09-2025 15:00,Maharashtra,Mumbai,45.46,6.18,5.43,36,1,0.0,4,3161.0,1.11,Severe
09-09-2025 16:00,Tamil Nadu,Tiruppur,52.22,6.79,6.0,38,0,2.0,2,2858.0,-0.01,Severe
09-09-2025 17:00,West Bengal,Kolkata,18.39,6.89,5.95,31,1,0.0,6,1652.0,0.18,Severe
09-09-2025 18:00,Assam,Barpeta,39.7,4.0,6.86,33,0,1.0,2,2750.0,0.34,Severe
09-09-2025 19:00,Gujarat,Vadodara,86.41,7.99,5.15,52,0,2.0,2,3054.0,-0.37,Severe
09-09-2025 20:00,West Bengal,Kolkata,29.37,5.35,5.88,33,1,0.0,3,1189.0,0.03,Moderate
09-09-2025 21:00,Karnataka,Udupi,8.68,4.51,6.66,32,2,0.0,6,1460.0,0.43,Severe
09-09-2025 22:00,Kerala,Kochi,20.77,7.48,5.21,29,2,0.0,4,1940.0,-0.09,Severe
09-09-2025 23:00,West Bengal,Murshidabad,93.47,2.95,5.43,66,4,2.0,4,4054.0,1.31,Severe
10-09-2025 00:00,Tamil Nadu,Coimbatore,54.97,7.88,6.77,41,2,1.0,5,3238.0,0.13,Severe
10-09-2025 01:00,Odisha,Balasore,12.72,5.31,5.65,32,0,0.0,3,1425.0,0.27,Moderate
10-09-2025 02:00,Odisha,Bhubaneswar,67.64,8.2,6.4,54,0,0.0,4,3350.0,0.09,Severe
10-09-2025 03:00,Gujarat,Vadodara,70.12,2.61,6.81,61,2,0.0,8,3291.0,0.24,Severe
10-09-2025 04:00,Odisha,Balasore,23.76,8.49,5.71,29,0,0.0,3,2469.0,0.02,Severe
10-09-2025 05:00,Gujarat,Ahmedabad,11.1,6.5,4.33,20,1,0.0,3,1965.0,-0.58,Severe
10-09-2025 06:00,Tamil Nadu,Tiruppur,63.85,5.95,6.47,44,2,2.0,3,3228.0,0.19,Severe
10-09-2025 07:00,Maharashtra,Nashik,101.22,4.38,6.45,57,3,1.0,2,4518.0,1.16,Severe
10-09-2025 08:00,Odisha,Puri,18.78,8.65,4.34,26,0,2.0,4,2477.0,1.08,Severe
10-09-2025 09:00,Uttar Pradesh,Prayagraj,52.88,4.55,5.64,39,3,1.0,6,2405.0,-0.12,Severe
10-09-2025 10:00,Assam,Guwahati,19.16,4.99,5.46,38,2,0.0,5,1604.0,-0.37,Severe
10-09-2025 11:00,Kerala,Alappuzha,18.52,7.25,6.54,25,2,0.0,2,2013.0,-0.57,Severe
10-09-2025 12:00,Odisha,Kendrapara,39.78,3.28,4.82,41,2,0.0,2,2186.0,-0.09,Moderate
10-09-2025 13:00,Gujarat,Bharuch,16.87,3.33,5.28,37,2,1.0,5,1054.0,0.1,Moderate
10-09-2025 14:00,Tamil Nadu,Thanjavur,31.89,7.2,5.81,41,0,1.0,8,2292.0,0.53,Severe
10-09-2025 15:00,Odisha,Cuttack,71.59,2.03,5.55,46,1,0.0,2,3589.0,0.16,Moderate
10-09-2025 16:00,West Bengal,Malda,9.33,7.58,6.87,35,1,0.0,5,1546.0,0.75,Severe
10-09-2025 17:00,Odisha,Puri,57.45,6.0,6.88,45,5,0.0,2,2470.0,0.62,Severe
10-09-2025 18:00,Gujarat,Rajkot,37.65,5.31,4.24,49,0,0.0,7,2926.0,0.51,Severe
10-09-2025 19:00,Karnataka,Udupi,44.57,2.83,4.89,32,3,0.0,3,2013.0,0.3,Moderate
10-09-2025 20:00,Karnataka,Udupi,35.22,7.29,4.02,31,0,2.0,5,2772.0,0.79,Severe
10-09-2025 21:00,Odisha,Puri,78.0,7.44,5.25,44,2,0.0,7,4592.375,0.64,Severe
10-09-2025 22:00,Kerala,Thrissur,42.89,4.86,5.99,34,3,1.0,1,2212.0,-0.31,Severe
10-09-2025 23:00,Tamil Nadu,Tiruppur,25.32,4.11,5.41,41,0,0.0,1,1926.0,0.59,Moderate
11-09-2025 00:00,Uttar Pradesh,Prayagraj,37.75,2.97,4.2,45,2,0.0,4,1490.0,0.09,Moderate
11-09-2025 01:00,Uttar Pradesh,Prayagraj,24.3,7.03,4.59,40,3,0.0,6,2033.0,0.76,Severe
11-09-2025 02:00,Odisha,Bhubaneswar,19.55,6.12,4.52,31,0,0.0,5,1869.0,0.65,Severe
11-09-2025 03:00,Odisha,Bhubaneswar,67.15,2.65,5.53,39,1,2.0,5,1628.0,1.12,Severe
11-09-2025 04:00,Karnataka,Bengaluru,24.39,7.36,6.03,39,0,2.5,3,2730.0,-0.55,Severe
11-09-2025 05:00,Gujarat,Ahmedabad,7.37,8.06,4.95,29,1,0.0,2,2184.0,0.49,Severe
11-09-2025 06:00,Kerala,Alappuzha,44.89,1.47,4.39,44,1,2.5,5,1984.0,0.06,Severe
11-09-2025 07:00,Odisha,Balasore,25.45,7.18,6.4,50,1,0.0,6,2517.0,1.31,Severe
11-09-2025 08:00,Uttar Pradesh,Kanpur,87.67,7.82,6.58,47,4,0.0,3,2942.0,-0.865,Severe
11-09-2025 09:00,Tamil Nadu,Tiruppur,49.98,8.93,4.83,51,2,0.0,1,3437.0,0.55,Severe
11-09-2025 10:00,Maharashtra,Nagpur,84.91,2.9,5.26,46,1,0.0,4,2422.0,0.6,Severe
11-09-2025 11:00,West Bengal,Kolkata,56.59,3.97,4.25,52,0,1.0,3,2193.0,-0.61,Severe
11-09-2025 12:00,Odisha,Balasore,68.32,8.73,4.68,64,2,0.0,4,3838.0,0.58,Severe
11-09-2025 13:00,Gujarat,Rajkot,43.24,1.75,6.3,39,0,0.0,5,1198.0,-0.56,Moderate
11-09-2025 14:00,Odisha,Bhubaneswar,59.09,5.19,5.1,61,1,0.0,6,2865.0,0.02,Severe
11-09-2025 15:00,Gujarat,Surat,17.47,5.05,5.81,28,0,1.0,2,2700.0,0.53,Severe
11-09-2025 16:00,Kerala,Alappuzha,56.41,5.85,6.84,37,3,1.0,5,2637.0,-0.09,Severe
11-09-2025 17:00,Maharashtra,Kolhapur,10.91,3.65,6.17,31,1,0.0,4,1747.0,0.38,Moderate
11-09-2025 18:00,Assam,Dibrugarh,31.97,8.41,5.36,41,3,2.0,0,1570.0,0.35,Severe
11-09-2025 19:00,Tamil Nadu,Chennai,21.49,3.16,5.1,31,2,1.0,2,2263.0,0.59,Severe
11-09-2025 20:00,Tamil Nadu,Madurai,39.95,6.2,4.57,33,1,1.0,7,2333.0,-0.13,Severe
11-09-2025 21:00,Gujarat,Ahmedabad,23.92,4.97,6.27,41,1,2.0,1,1630.0,0.77,Severe
11-09-2025 22:00,Karnataka,Mysuru,11.29,3.13,4.34,22,0,1.0,4,962.0,-0.865,Moderate
11-09-2025 23:00,Gujarat,Ahmedabad,10.39,2.51,4.18,34,0,2.0,4,178.0,1.03,Moderate
12-09-2025 00:00,Karnataka,Mysuru,12.17,8.65,4.31,36,2,1.0,1,2167.0,0.23,Severe
12-09-2025 01:00,Bihar,Gaya,40.68,5.49,4.73,43,0,0.0,7,1598.0,0.28,Severe
12-09-2025 02:00,Uttar Pradesh,Varanasi,41.75,5.83,5.88,37,2,0.0,5,1632.0,0.49,Severe
12-09-2025 03:00,Tamil Nadu,Coimbatore,23.86,7.26,6.58,28,1,0.0,2,1757.0,0.44,Severe
12-09-2025 04:00,Kerala,Kottayam,45.93,1.65,6.98,48,2,1.0,3,2103.0,0.35,Moderate
12-09-2025 05:00,Gujarat,Ahmedabad,29.72,6.71,6.19,34,2,1.0,3,1467.0,0.91,Severe
12-09-2025 06:00,Kerala,Kottayam,43.71,2.32,4.44,40,1,0.0,4,1464.0,-0.34,Moderate
12-09-2025 07:00,Maharashtra,Mumbai,33.42,6.92,4.83,39,2,0.0,6,3044.0,-0.08,Severe
12-09-2025 08:00,Kerala,Alappuzha,57.85,2.13,4.4,54,0,0.0,2,2223.0,0.55,Moderate
12-09-2025 09:00,Odisha,Cuttack,17.22,7.66,4.35,33,1,0.0,4,2516.0,0.18,Severe
12-09-2025 10:00,Uttar Pradesh,Kanpur,6.16,6.45,5.7,29,2,0.0,2,1637.0,0.93,Severe
12-09-2025 11:00,Odisha,Balasore,29.94,4.09,6.72,41,1,2.0,8,2197.0,1.36,Severe
12-09-2025 12:00,West Bengal,Malda,35.92,3.87,6.05,49,1,0.0,6,2170.0,0.35,Severe
12-09-2025 13:00,Gujarat,Surat,14.2,2.19,6.4,28,0,0.0,6,1430.0,-0.42,Moderate
12-09-2025 14:00,Tamil Nadu,Madurai,16.34,8.23,5.52,36,2,0.0,7,2756.0,-0.05,Severe
12-09-2025 15:00,Gujarat,Surat,49.08,1.95,5.43,54,1,1.0,4,1399.0,-0.57,Moderate
12-09-2025 16:00,Uttar Pradesh,Varanasi,49.95,4.78,6.81,52,0,1.0,8,2870.0,0.63,Severe
12-09-2025 17:00,Assam,Barpeta,28.99,2.89,6.17,35,1,2.0,2,1805.0,-0.08,Moderate
12-09-2025 18:00,Assam,Jorhat,8.25,8.97,5.38,32,1,1.0,3,1404.0,0.28,Severe
12-09-2025 19:00,West Bengal,Darjeeling,47.82,5.69,5.0,36,1,2.5,3,2451.0,0.22,Severe
12-09-2025 20:00,Uttar Pradesh,Lucknow,35.64,2.2,4.28,28,1,1.0,2,1558.0,0.86,Moderate
12-09-2025 21:00,Bihar,Darbhanga,21.82,6.34,6.46,30,0,0.0,6,1592.0,0.38,Severe
12-09-2025 22:00,Bihar,Darbhanga,61.9,8.93,4.51,59,2,0.0,4,3494.0,0.23,Severe
12-09-2025 23:00,Bihar,Gaya,3.23,5.84,5.55,25,0,0.0,5,1743.0,-0.06,Severe
13-09-2025 00:00,Tamil Nadu,Chennai,32.04,4.66,5.91,32,1,1.0,5,3114.0,0.62,Severe
13-09-2025 01:00,Tamil Nadu,Madurai,48.23,3.35,6.23,35,0,2.0,5,2206.0,-0.15,Severe
13-09-2025 02:00,Bihar,Darbhanga,11.0,1.74,4.25,27,0,0.0,4,468.0,-0.21,Low
13-09-2025 03:00,Assam,Guwahati,10.03,2.83,4.03,28,2,1.0,3,1449.0,0.08,Moderate
13-09-2025 04:00,Uttar Pradesh,Lucknow,92.73,5.43,6.12,54,3,1.0,3,4485.0,1.29,Severe
13-09-2025 05:00,Kerala,Kochi,49.56,7.03,5.36,51,1,1.0,3,2123.0,0.31,Severe
13-09-2025 06:00,Uttar Pradesh,Lucknow,78.35,8.02,4.54,47,3,0.0,3,3281.0,0.33,Severe
13-09-2025 07:00,Bihar,Muzaffarpur,59.03,7.35,6.95,44,2,1.0,6,2593.0,0.49,Severe
13-09-2025 08:00,Uttar Pradesh,Varanasi,41.19,2.0,6.37,43,1,0.0,3,666.0,0.45,Moderate
13-09-2025 09:00,Maharashtra,Kolhapur,100.57,7.19,5.74,57,4,2.5,2,4387.0,0.25,Severe
13-09-2025 10:00,Tamil Nadu,Chennai,38.19,5.65,6.11,37,0,0.0,6,1920.0,-0.09,Severe
13-09-2025 11:00,Tamil Nadu,Coimbatore,30.22,4.75,4.47,38,0,0.0,6,1942.0,0.15,Severe
13-09-2025 12:00,Assam,Dibrugarh,59.07,5.58,6.89,48,3,2.0,5,3244.0,0.26,Severe
13-09-2025 13:00,Kerala,Kochi,62.59,1.06,6.99,56,5,0.0,2,1640.0,-0.29,Moderate
13-09-2025 14:00,Bihar,Gaya,45.28,1.54,5.95,50,1,0.0,6,1540.0,0.25,Moderate
13-09-2025 15:00,Gujarat,Vadodara,21.8,5.21,6.0,33,1,0.0,2,1458.0,0.44,Severe
13-09-2025 16:00,Assam,Jorhat,58.9,2.39,6.11,52,0,0.0,5,1224.0,0.11,Moderate
13-09-2025 17:00,Assam,Barpeta,21.48,5.36,6.0,33,1,0.0,6,1563.0,0.91,Severe
13-09-2025 18:00,Kerala,Kottayam,34.18,3.83,5.32,35,2,1.0,3,1040.0,0.47,Severe
13-09-2025 19:00,Odisha,Puri,16.28,8.26,5.62,29,3,2.0,3,2241.0,0.01,Severe
13-09-2025 20:00,Bihar,Darbhanga,17.16,8.6,4.85,32,0,2.0,2,2537.0,0.16,Severe
13-09-2025 21:00,Gujarat,Bharuch,4.31,8.84,5.34,30,2,2.0,1,1200.0,0.9,Severe
13-09-2025 22:00,Tamil Nadu,Thanjavur,29.58,8.19,5.31,48,2,0.0,2,3287.0,0.07,Severe
13-09-2025 23:00,Kerala,Thrissur,42.08,8.89,4.86,42,0,1.0,6,3422.0,-0.01,Severe
14-09-2025 00:00,Gujarat,Surat,98.2,6.65,6.36,63,3,2.5,7,3904.0,-0.03,Severe
14-09-2025 01:00,Maharashtra,Kolhapur,20.08,8.68,5.23,37,1,0.0,2,1747.0,0.38,Severe
14-09-2025 02:00,Assam,Barpeta,35.05,6.13,5.66,29,1,0.0,3,2214.0,0.45,Severe
14-09-2025 03:00,Kerala,Kottayam,30.72,7.47,4.47,40,0,0.0,7,3302.0,0.66,Severe
14-09-2025 04:00,Tamil Nadu,Madurai,43.19,2.06,5.42,22,1,0.0,3,2072.0,0.02,Moderate
14-09-2025 05:00,Uttar Pradesh,Prayagraj,26.47,6.46,6.28,35,1,1.0,3,1609.0,1.03,Severe
14-09-2025 06:00,Tamil Nadu,Madurai,50.18,8.45,5.33,39,2,2.5,4,2607.0,0.58,Severe
14-09-2025 07:00,Maharashtra,Mumbai,15.43,5.32,5.67,31,3,0.0,2,1010.0,0.16,Severe
14-09-2025 08:00,Kerala,Kochi,32.92,2.49,6.11,33,0,0.0,4,885.0,0.72,Moderate
14-09-2025 09:00,Maharashtra,Kolhapur,41.62,5.22,5.17,36,2,1.0,4,2563.0,1.21,Severe
14-09-2025 10:00,Bihar,Gaya,64.97,6.66,5.06,53,3,0.0,3,2560.0,0.57,Severe
14-09-2025 11:00,Bihar,Bhagalpur,50.81,7.16,4.26,37,1,0.0,1,3133.0,1.14,Severe
14-09-2025 12:00,Uttar Pradesh,Kanpur,32.39,5.19,5.75,29,1,0.0,5,2749.0,-0.1,Severe
14-09-2025 13:00,Assam,Jorhat,17.18,2.74,6.12,27,1,1.0,7,2725.0,-0.52,Moderate
14-09-2025 14:00,Odisha,Kendrapara,104.02124999999998,8.41,5.74,65,3,2.5,5,4470.0,0.59,Severe
14-09-2025 15:00,Karnataka,Kodagu,19.12,7.19,4.85,26,3,1.0,4,557.0,0.86,Severe
14-09-2025 16:00,Gujarat,Surat,11.91,3.17,4.79,22,0,0.0,3,1834.0,-0.25,Moderate
14-09-2025 17:00,Maharashtra,Nagpur,20.71,7.49,4.48,30,1,0.0,3,2161.0,0.91,Severe
14-09-2025 18:00,Gujarat,Rajkot,9.88,3.78,4.14,32,1,0.0,3,1082.0,0.15,Moderate
14-09-2025 19:00,Uttar Pradesh,Varanasi,41.3,3.5,5.28,37,1,2.0,1,2100.0,0.62,Severe
14-09-2025 20:00,Gujarat,Rajkot,32.25,7.9,4.48,31,2,0.0,3,2098.0,0.47,Severe
14-09-2025 21:00,Gujarat,Ahmedabad,27.6,7.99,6.07,37,1,0.0,3,2974.0,0.56,Severe
14-09-2025 22:00,Tamil Nadu,Chennai,30.06,4.19,6.89,25,2,0.0,3,1874.0,0.61,Severe
14-09-2025 23:00,Kerala,Kozhikode,21.72,1.07,4.22,22,0,1.0,4,1480.0,0.31,Moderate
15-09-2025 00:00,Assam,Barpeta,5.55,2.49,6.68,28,0,0.0,2,957.0,0.16,Low
15-09-2025 01:00,Karnataka,Bengaluru,59.15,8.27,5.97,49,3,0.0,6,3541.0,0.5,Severe
15-09-2025 02:00,Kerala,Kottayam,23.29,8.19,6.58,25,1,1.0,1,2280.0,0.23,Severe
15-09-2025 03:00,Tamil Nadu,Thanjavur,10.27,4.63,4.46,35,0,0.0,1,1095.0,0.04,Moderate
15-09-2025 04:00,Gujarat,Surat,7.14,3.43,6.72,24,0,2.0,3,1578.0,0.49,Moderate
15-09-2025 05:00,Karnataka,Kodagu,73.35,3.42,6.87,61,3,0.0,3,3741.0,0.08,Severe
15-09-2025 06:00,Tamil Nadu,Thanjavur,25.24,8.18,6.72,37,4,0.0,4,2345.0,0.26,Severe
15-09-2025 07:00,Tamil Nadu,Thanjavur,24.78,3.6,6.36,22,0,0.0,8,2624.0,0.11,Moderate
15-09-2025 08:00,Tamil Nadu,Tiruppur,44.57,5.09,4.27,40,1,0.0,3,3094.0,1.05,Severe
15-09-2025 09:00,Bihar,Darbhanga,21.82,6.85,4.66,38,1,0.0,7,2199.0,0.4,Severe
15-09-2025 10:00,Karnataka,Kodagu,9.67,2.68,6.74,29,0,1.0,5,1926.0,-0.36,Moderate
15-09-2025 11:00,Tamil Nadu,Thanjavur,20.16,3.03,4.69,28,4,2.0,3,1072.0,0.91,Severe
15-09-2025 12:00,Odisha,Balasore,38.2,3.86,5.04,26,0,2.0,3,3031.0,-0.47,Severe
15-09-2025 13:00,Gujarat,Rajkot,20.04,6.23,4.15,34,0,0.0,6,1618.0,1.31,Severe
15-09-2025 14:00,Karnataka,Bengaluru,16.59,7.54,5.88,25,1,1.0,2,474.0,0.37,Severe
15-09-2025 15:00,Bihar,Bhagalpur,13.42,5.37,5.69,24,0,0.0,3,1686.0,0.07,Moderate
15-09-2025 16:00,Maharashtra,Pune,41.94,2.06,6.89,30,2,0.0,1,2114.0,0.19,Moderate
15-09-2025 17:00,Maharashtra,Mumbai,37.47,4.57,6.68,33,0,0.0,3,2200.0,-0.37,Moderate
15-09-2025 18:00,Assam,Dibrugarh,45.65,2.02,5.52,42,1,1.0,2,1724.0,0.3,Moderate
15-09-2025 19:00,West Bengal,Darjeeling,27.72,1.71,5.83,43,1,0.0,3,1300.0,0.15,Moderate
15-09-2025 20:00,Odisha,Bhubaneswar,23.09,5.72,5.24,43,1,1.0,1,1332.0,0.32,Severe
15-09-2025 21:00,Maharashtra,Nagpur,17.27,8.65,4.4,34,1,2.0,7,1886.0,0.75,Severe
15-09-2025 22:00,Bihar,Darbhanga,25.39,7.7,6.6,44,0,1.0,1,2947.0,0.49,Severe
15-09-2025 23:00,West Bengal,Howrah,7.59,7.2,5.65,21,3,1.0,3,2336.0,-0.17,Severe
16-09-2025 00:00,Tamil Nadu,Madurai,39.42,6.82,5.28,36,0,1.0,4,2601.0,-0.1,Severe
16-09-2025 01:00,Tamil Nadu,Coimbatore,23.67,8.18,4.21,32,0,0.0,4,1918.0,0.46,Severe
16-09-2025 02:00,Uttar Pradesh,Prayagraj,63.76,7.02,6.0,50,3,1.0,3,2879.0,0.57,Severe
16-09-2025 03:00,Gujarat,Bharuch,30.93,6.02,5.2,36,0,2.0,4,2267.0,0.32,Severe
16-09-2025 04:00,West Bengal,Kolkata,5.39,3.92,4.76,25,1,0.0,8,1024.0,0.6,Severe
16-09-2025 05:00,Gujarat,Ahmedabad,36.0,1.81,6.63,30,0,0.0,4,1804.0,0.41,Moderate
16-09-2025 06:00,Bihar,Patna,104.02124999999998,4.69,4.55,65,3,0.0,3,4167.0,0.43,Severe
16-09-2025 07:00,Odisha,Kendrapara,41.85,8.4,5.55,35,2,2.0,8,3068.0,0.73,Severe
16-09-2025 08:00,West Bengal,Darjeeling,53.61,5.66,6.39,48,0,0.0,0,2607.0,1.21,Severe
16-09-2025 09:00,Maharashtra,Nagpur,68.15,2.48,6.55,50,3,1.0,2,1736.0,0.48,Severe
16-09-2025 10:00,Odisha,Kendrapara,16.07,6.19,6.46,27,2,1.0,7,1993.0,1.5750000000000002,Severe
16-09-2025 11:00,Uttar Pradesh,Varanasi,28.56,4.72,6.69,36,0,0.0,4,1788.0,0.41,Severe
16-09-2025 12:00,Gujarat,Bharuch,16.73,8.45,4.43,30,2,0.0,4,1715.0,0.41,Severe
16-09-2025 13:00,Gujarat,Ahmedabad,49.49,2.29,6.82,55,0,0.0,8,2034.0,1.23,Severe
16-09-2025 14:00,Odisha,Balasore,16.9,6.7,4.03,14,3,2.5,5,2543.0,0.28,Severe
16-09-2025 15:00,Tamil Nadu,Tiruppur,27.55,6.45,4.77,24,2,0.0,6,2010.0,-0.46,Severe
16-09-2025 16:00,Gujarat,Ahmedabad,52.27,8.87,4.25,50,5,0.0,2,2992.0,-0.14,Severe
16-09-2025 17:00,Uttar Pradesh,Lucknow,49.12,5.52,6.84,43,4,0.0,0,2544.0,0.76,Severe
16-09-2025 18:00,Maharashtra,Nashik,35.55,7.97,5.27,37,1,0.0,4,2013.0,0.57,Severe
16-09-2025 19:00,Karnataka,Kodagu,68.65,1.2,4.95,44,4,1.0,6,2717.0,-0.07,Severe
16-09-2025 20:00,Maharashtra,Nashik,52.09,1.98,4.5,54,0,0.0,4,2716.0,-0.53,Moderate
16-09-2025 21:00,Maharashtra,Mumbai,20.23,3.77,4.47,33,1,1.0,4,1359.0,0.18,Moderate
16-09-2025 22:00,Gujarat,Rajkot,10.0,5.95,5.84,26,1,1.0,4,1606.0,0.89,Severe
16-09-2025 23:00,Kerala,Alappuzha,15.41,4.59,4.14,33,1,1.0,2,938.0,0.3,Severe
17-09-2025 00:00,Tamil Nadu,Chennai,54.28,2.62,5.78,41,5,0.0,4,1810.0,0.19,Severe
17-09-2025 01:00,Gujarat,Ahmedabad,41.51,5.71,6.32,41,1,0.0,5,2118.0,-0.14,Severe
17-09-2025 02:00,Tamil Nadu,Madurai,69.13,5.53,5.8,31,1,2.0,4,2370.0,0.2,Severe
17-09-2025 03:00,Bihar,Muzaffarpur,44.48,5.2,6.48,33,1,1.0,8,2942.0,0.59,Severe
17-09-2025 04:00,Kerala,Kottayam,52.88,1.72,4.8,49,3,2.0,5,2504.0,0.26,Severe
17-09-2025 05:00,Gujarat,Surat,39.04,8.42,4.23,42,1,0.0,4,2961.0,0.27,Severe
17-09-2025 06:00,Assam,Jorhat,19.65,5.74,6.16,28,1,0.0,1,1252.0,0.85,Severe
17-09-2025 07:00,Maharashtra,Nashik,18.93,3.11,6.48,22,1,1.0,6,880.0,0.0,Moderate
17-09-2025 08:00,Bihar,Patna,15.54,6.5,5.51,28,1,0.0,4,1487.0,0.56,Severe
17-09-2025 09:00,Kerala,Kozhikode,19.69,3.54,6.46,36,1,1.0,4,1369.0,0.28,Moderate
17-09-2025 10:00,Gujarat,Ahmedabad,70.26,5.05,5.37,36,0,1.0,2,3548.0,1.09,Severe
17-09-2025 11:00,Uttar Pradesh,Lucknow,48.5,3.73,4.6,48,0,2.0,4,3043.0,0.74,Severe
17-09-2025 12:00,Odisha,Puri,28.02,8.04,5.42,30,2,0.0,4,2593.0,0.95,Severe
17-09-2025 13:00,Odisha,Cuttack,42.39,8.95,4.65,37,0,2.0,2,2481.0,0.63,Severe
17-09-2025 14:00,Tamil Nadu,Madurai,41.96,2.29,5.42,42,1,0.0,3,2515.0,0.13,Moderate
17-09-2025 15:00,Kerala,Kozhikode,74.16,1.19,4.44,57,2,1.0,5,2066.0,0.99,Severe
17-09-2025 16:00,Maharashtra,Nagpur,26.03,2.75,4.56,37,0,1.0,3,1127.0,0.51,Moderate
17-09-2025 17:00,Maharashtra,Pune,37.49,5.72,6.65,32,4,0.0,4,2080.0,0.45,Severe
17-09-2025 18:00,Karnataka,Bengaluru,53.15,2.39,4.35,60,0,0.0,1,2583.0,-0.01,Moderate
17-09-2025 19:00,Odisha,Cuttack,19.5,7.49,4.67,25,1,0.0,5,2230.0,0.68,Severe
17-09-2025 20:00,Bihar,Bhagalpur,78.18,4.27,6.99,47,5,0.0,8,3405.0,0.16,Severe
17-09-2025 21:00,Kerala,Kozhikode,51.47,5.88,5.73,53,4,2.0,3,1374.0,0.11,Severe
17-09-2025 22:00,Maharashtra,Kolhapur,15.43,4.64,5.76,26,1,0.0,6,1564.0,0.48,Severe
17-09-2025 23:00,Karnataka,Mysuru,95.05,8.23,6.53,66,3,1.0,4,3771.0,0.07,Severe
18-09-2025 00:00,Kerala,Alappuzha,68.74,1.28,5.57,38,3,2.0,2,2949.0,0.01,Severe
18-09-2025 01:00,West Bengal,Howrah,47.29,6.83,4.67,38,2,0.0,7,3299.0,-0.07,Severe
18-09-2025 02:00,Maharashtra,Nashik,6.15,6.22,5.27,27,2,0.0,2,2132.0,0.81,Severe
18-09-2025 03:00,West Bengal,Malda,22.26,6.2,6.27,44,0,0.0,3,2299.0,0.99,Severe
18-09-2025 04:00,Kerala,Kochi,35.74,4.31,6.62,49,0,0.0,1,1149.0,1.21,Severe
18-09-2025 05:00,Maharashtra,Pune,37.64,1.13,4.82,34,1,1.0,4,2084.0,0.77,Moderate
18-09-2025 06:00,West Bengal,Kolkata,33.78,6.51,4.79,38,1,0.0,2,3018.0,-0.69,Severe
18-09-2025 07:00,Assam,Dhemaji,11.99,7.64,4.98,24,1,2.0,4,1345.0,0.49,Severe
18-09-2025 08:00,Karnataka,Mangaluru,26.97,1.68,5.79,32,2,0.0,4,972.0,0.24,Moderate
18-09-2025 09:00,Bihar,Muzaffarpur,28.95,4.53,4.84,42,2,1.0,1,1746.0,1.43,Severe
18-09-2025 10:00,Odisha,Kendrapara,4.97,2.3,6.68,28,0,1.0,2,901.0,0.53,Moderate
18-09-2025 11:00,Karnataka,Kodagu,47.05,5.89,6.93,53,2,1.0,4,3241.0,-0.02,Severe
18-09-2025 12:00,West Bengal,Murshidabad,83.72,7.28,6.04,51,2,2.0,5,4111.0,0.02,Severe
18-09-2025 13:00,Maharashtra,Mumbai,30.41,6.33,6.91,32,0,0.0,3,2554.0,-0.44,Severe
18-09-2025 14:00,Assam,Guwahati,47.62,3.54,4.86,41,0,1.0,1,2688.0,0.32,Severe
18-09-2025 15:00,Assam,Jorhat,15.69,2.12,6.45,39,1,1.0,2,1131.0,-0.36,Moderate
18-09-2025 16:00,Odisha,Balasore,40.74,7.35,6.04,43,1,2.0,2,1686.0,-0.56,Severe
18-09-2025 17:00,Assam,Dhemaji,41.23,3.59,4.79,46,2,0.0,8,2492.0,-0.07,Severe
18-09-2025 18:00,Karnataka,Mysuru,63.93,1.18,4.96,45,1,0.0,6,2430.0,-0.11,Moderate
18-09-2025 19:00,Gujarat,Surat,71.91,5.57,5.47,41,1,0.0,4,3578.0,0.38,Severe
18-09-2025 20:00,Assam,Jorhat,47.23,2.97,6.37,50,0,2.5,8,2787.0,0.52,Severe
18-09-2025 21:00,Odisha,Balasore,20.01,7.73,6.62,33,0,0.0,4,1189.0,0.35,Severe
18-09-2025 22:00,Assam,Dibrugarh,19.44,2.15,5.9,32,0,1.0,0,1523.0,0.3,Moderate
18-09-2025 23:00,Assam,Jorhat,71.44,4.48,6.16,55,1,2.5,7,2761.0,0.53,Severe
19-09-2025 00:00,Uttar Pradesh,Prayagraj,13.0,3.03,4.79,29,0,1.0,4,2163.0,0.87,Moderate
19-09-2025 01:00,Karnataka,Kodagu,22.15,6.52,6.22,36,1,1.0,6,2051.0,-0.1,Severe
19-09-2025 02:00,West Bengal,Howrah,44.95,5.39,5.81,40,1,1.0,3,2406.0,0.5,Severe
19-09-2025 03:00,Tamil Nadu,Coimbatore,82.03,7.33,4.67,66,2,2.0,8,3614.0,0.36,Severe
19-09-2025 04:00,Gujarat,Surat,86.25,4.67,6.85,42,2,1.0,5,4381.0,0.53,Severe
19-09-2025 05:00,Assam,Guwahati,3.57,1.04,5.54,19,2,0.0,7,915.0,0.26,Moderate
19-09-2025 06:00,Bihar,Gaya,39.84,2.72,6.38,32,3,0.0,4,2193.0,-0.05,Moderate
19-09-2025 07:00,Assam,Dhemaji,31.89,8.99,5.58,30,0,1.0,4,3377.0,0.29,Severe
19-09-2025 08:00,Uttar Pradesh,Varanasi,17.44,4.24,6.8,35,0,1.0,1,1810.0,0.02,Moderate
19-09-2025 09:00,West Bengal,Kolkata,3.25,5.96,4.42,27,0,0.0,5,1604.0,-0.1,Severe
19-09-2025 10:00,Bihar,Patna,31.73,8.24,5.64,34,0,0.0,8,3052.0,0.88,Severe
19-09-2025 11:00,Gujarat,Ahmedabad,12.77,1.16,4.08,21,0,0.0,3,1173.0,0.42,Low
19-09-2025 12:00,Bihar,Bhagalpur,43.83,6.28,4.59,36,1,0.0,4,2935.0,-0.54,Severe
19-09-2025 13:00,Karnataka,Udupi,33.82,3.31,4.84,27,2,1.0,2,995.0,-0.865,Moderate
19-09-2025 14:00,Odisha,Balasore,6.26,3.23,5.42,23,0,0.0,6,2184.0,0.28,Moderate
19-09-2025 15:00,Odisha,Cuttack,28.08,2.8,6.46,44,1,0.0,3,1306.0,0.07,Moderate
19-09-2025 16:00,Gujarat,Ahmedabad,9.74,7.58,5.4,33,2,0.0,3,1591.0,0.36,Severe
19-09-2025 17:00,West Bengal,Darjeeling,38.61,3.98,5.68,44,2,0.0,6,1737.0,0.46,Severe
19-09-2025 18:00,Odisha,Puri,50.22,1.54,6.77,40,2,2.0,3,1378.0,0.34,Moderate
19-09-2025 19:00,Kerala,Kozhikode,24.42,1.77,6.27,37,0,1.0,6,2007.0,0.0,Moderate
19-09-2025 20:00,Uttar Pradesh,Varanasi,69.22,2.19,4.15,57,2,0.0,5,2486.0,0.79,Severe
19-09-2025 21:00,Gujarat,Bharuch,39.09,8.19,4.53,36,3,1.0,2,2056.0,-0.17,Severe
19-09-2025 22:00,Gujarat,Rajkot,33.16,4.42,4.11,36,0,0.0,3,1674.0,0.9,Severe
19-09-2025 23:00,Tamil Nadu,Chennai,33.56,8.33,4.21,31,1,0.0,4,2260.0,0.61,Severe
20-09-2025 00:00,Tamil Nadu,Chennai,28.07,7.54,5.02,37,3,0.0,6,2980.0,0.05,Severe
20-09-2025 01:00,Karnataka,Mysuru,27.31,7.7,6.18,30,2,0.0,2,1728.0,0.55,Severe
20-09-2025 02:00,Karnataka,Mysuru,12.44,3.29,4.73,30,0,0.0,4,1122.0,0.19,Moderate
20-09-2025 03:00,Tamil Nadu,Thanjavur,78.89,3.17,5.18,48,3,0.0,3,3379.0,0.96,Severe
20-09-2025 04:00,Odisha,Cuttack,27.82,5.48,5.18,32,1,1.0,0,1431.0,0.06,Severe
20-09-2025 05:00,Maharashtra,Nagpur,86.26,4.34,5.77,60,4,0.0,2,2760.0,0.71,Severe
20-09-2025 06:00,Gujarat,Vadodara,49.63,5.07,6.68,45,1,1.0,4,3673.0,-0.22,Severe
20-09-2025 07:00,Kerala,Kottayam,29.71,1.43,6.95,24,1,1.0,2,1297.0,0.5,Moderate
20-09-2025 08:00,Gujarat,Surat,35.72,8.77,5.81,37,0,1.0,5,3888.0,0.48,Severe
20-09-2025 09:00,Assam,Jorhat,50.22,1.47,5.52,47,2,0.0,2,1791.0,0.64,Moderate
20-09-2025 10:00,West Bengal,Darjeeling,59.88,2.43,6.05,54,2,1.0,6,2481.0,0.57,Severe
20-09-2025 11:00,Uttar Pradesh,Kanpur,32.77,6.43,6.0,41,1,2.0,4,3459.0,0.21,Severe
20-09-2025 12:00,Maharashtra,Kolhapur,56.58,2.24,5.57,42,3,0.0,8,1971.0,-0.52,Severe
20-09-2025 13:00,Kerala,Kottayam,49.06,1.85,6.21,42,3,1.0,4,1506.0,-0.25,Moderate
20-09-2025 14:00,Assam,Barpeta,50.51,2.23,5.47,36,2,1.0,2,1983.0,-0.58,Moderate
20-09-2025 15:00,Karnataka,Udupi,56.69,1.5,6.99,54,3,1.0,2,2506.0,0.23,Severe
20-09-2025 16:00,Kerala,Kochi,21.37,3.01,4.15,27,3,1.0,4,1726.0,0.86,Severe
20-09-2025 17:00,Tamil Nadu,Coimbatore,73.44,3.17,5.33,56,1,1.0,4,3023.0,0.02,Severe
20-09-2025 18:00,Gujarat,Bharuch,41.58,4.99,5.19,43,1,0.0,3,2258.0,0.17,Severe
20-09-2025 19:00,Kerala,Kozhikode,59.77,4.51,6.31,48,1,1.0,6,4143.0,0.08,Severe
20-09-2025 20:00,West Bengal,Kolkata,32.71,4.79,4.57,27,4,1.0,5,2831.0,0.46,Severe
20-09-2025 21:00,Bihar,Gaya,38.27,5.93,5.3,31,1,1.0,5,2055.0,0.43,Severe
20-09-2025 22:00,Karnataka,Udupi,21.31,2.85,6.09,31,1,1.0,2,1710.0,0.16,Moderate
20-09-2025 23:00,Uttar Pradesh,Lucknow,14.41,2.08,5.81,30,1,2.0,5,1413.0,-0.09,Moderate
21-09-2025 00:00,Uttar Pradesh,Prayagraj,28.91,8.03,5.64,33,2,1.0,1,2202.0,0.63,Severe
21-09-2025 01:00,Kerala,Kozhikode,51.66,6.07,5.3,53,0,1.0,6,3533.0,0.84,Severe
21-09-2025 02:00,Bihar,Darbhanga,21.78,1.49,6.26,26,2,1.0,5,1941.0,0.71,Moderate
21-09-2025 03:00,Gujarat,Bharuch,8.64,8.69,5.94,27,0,0.0,3,2314.0,-0.17,Severe
21-09-2025 04:00,Assam,Guwahati,65.9,6.54,6.62,42,1,2.0,8,3240.0,-0.67,Severe
21-09-2025 05:00,Maharashtra,Mumbai,12.9,2.21,6.2,33,1,0.0,3,1011.0,0.24,Moderate
21-09-2025 06:00,Gujarat,Ahmedabad,40.72,8.75,4.42,55,1,1.0,2,2335.0,0.97,Severe
21-09-2025 07:00,Assam,Dibrugarh,92.76,3.92,5.86,58,1,2.0,7,3713.0,-0.55,Severe
21-09-2025 08:00,Maharashtra,Kolhapur,104.02124999999998,8.88,4.13,66,5,2.0,4,4592.375,0.16,Severe
21-09-2025 09:00,Bihar,Gaya,29.9,1.83,5.16,29,0,0.0,3,1838.0,1.07,Moderate
21-09-2025 10:00,Maharashtra,Kolhapur,66.52,2.28,5.24,57,2,1.0,4,2019.0,0.79,Severe
21-09-2025 11:00,Gujarat,Bharuch,41.11,6.26,6.56,39,2,0.0,5,1236.0,0.45,Severe
21-09-2025 12:00,West Bengal,Howrah,16.13,1.18,4.54,46,2,1.0,8,601.0,-0.19,Moderate
21-09-2025 13:00,Kerala,Alappuzha,28.17,1.15,5.93,29,0,0.0,1,292.0,1.02,Low
21-09-2025 14:00,Assam,Dibrugarh,23.2,7.34,4.58,28,2,0.0,4,3082.0,0.27,Severe
21-09-2025 15:00,West Bengal,Malda,64.92,2.34,6.85,43,2,0.0,3,3728.0,-0.66,Severe
21-09-2025 16:00,Assam,Barpeta,90.47,8.35,5.59,55,3,1.0,3,3514.0,1.0,Severe
21-09-2025 17:00,Kerala,Kozhikode,25.25,4.41,6.12,28,1,0.0,6,1040.0,-0.12,Moderate
21-09-2025 18:00,Odisha,Cuttack,8.89,7.99,5.94,14,1,0.0,8,1333.0,1.5750000000000002,Severe
21-09-2025 19:00,Maharashtra,Nashik,37.36,4.34,4.91,31,2,1.0,4,1973.0,0.27,Severe
21-09-2025 20:00,Bihar,Gaya,16.99,5.24,6.7,49,1,0.0,3,2308.0,0.54,Severe
21-09-2025 21:00,Odisha,Balasore,14.13,3.53,5.88,32,1,2.0,3,838.0,0.39,Moderate
21-09-2025 22:00,Odisha,Kendrapara,20.07,6.26,5.53,21,3,0.0,6,2180.0,0.23,Severe
21-09-2025 23:00,Uttar Pradesh,Prayagraj,18.93,3.55,5.59,27,0,0.0,2,1474.0,0.71,Moderate
22-09-2025 00:00,Tamil Nadu,Tiruppur,43.71,2.79,6.67,57,1,1.0,5,2728.0,0.44,Severe
22-09-2025 01:00,Gujarat,Surat,50.41,1.65,4.18,27,0,0.0,3,2434.0,0.38,Moderate
22-09-2025 02:00,West Bengal,Murshidabad,40.41,1.46,5.17,52,0,0.0,7,2115.0,-0.11,Moderate
22-09-2025 03:00,West Bengal,Darjeeling,16.93,3.45,6.52,33,0,0.0,5,1255.0,0.28,Moderate
22-09-2025 04:00,West Bengal,Kolkata,17.31,6.89,4.11,20,0,0.0,8,1955.0,-0.18,Severe
22-09-2025 05:00,West Bengal,Darjeeling,31.65,2.64,5.92,48,1,0.0,4,1847.0,0.53,Moderate
22-09-2025 06:00,Gujarat,Rajkot,26.26,3.39,5.21,28,2,0.0,3,2113.0,0.5,Moderate
22-09-2025 07:00,Odisha,Kendrapara,33.91,8.24,4.61,37,1,2.5,6,2469.0,0.43,Severe
22-09-2025 08:00,Gujarat,Vadodara,42.76,6.11,5.83,38,1,0.0,4,2641.0,0.91,Severe
22-09-2025 09:00,West Bengal,Darjeeling,31.39,8.36,6.49,36,4,0.0,2,2684.0,0.71,Severe
22-09-2025 10:00,Tamil Nadu,Tiruppur,47.9,8.29,5.4,48,2,0.0,3,3004.0,1.29,Severe
22-09-2025 11:00,Karnataka,Udupi,38.29,1.51,4.44,44,3,1.0,4,1187.0,0.79,Severe
22-09-2025 12:00,Kerala,Thrissur,49.35,8.64,4.92,36,2,1.0,1,3912.0,0.42,Severe
22-09-2025 13:00,West Bengal,Howrah,13.43,1.41,6.94,28,0,2.0,7,1001.0,0.22,Moderate
22-09-2025 14:00,Bihar,Patna,7.72,8.4,4.33,39,1,0.0,4,2111.0,-0.29,Severe
22-09-2025 15:00,Karnataka,Udupi,16.5,5.37,4.48,25,2,0.0,3,1038.0,0.97,Severe
22-09-2025 16:00,Gujarat,Bharuch,62.14,5.27,6.97,49,0,1.0,6,2328.0,0.61,Severe
22-09-2025 17:00,Bihar,Bhagalpur,38.47,6.71,6.65,35,2,2.0,3,2459.0,0.15,Severe
22-09-2025 18:00,Bihar,Darbhanga,21.48,8.03,6.12,30,0,1.0,5,2204.0,0.49,Severe
22-09-2025 19:00,Assam,Barpeta,19.19,5.94,4.45,30,3,1.0,0,1138.0,0.41,Severe
22-09-2025 20:00,Bihar,Gaya,51.3,4.4,4.72,37,2,2.0,3,2006.0,0.31,Severe
22-09-2025 21:00,West Bengal,Howrah,39.09,1.9,4.54,36,2,0.0,2,2164.0,0.77,Moderate
22-09-2025 22:00,Assam,Barpeta,11.71,7.31,5.89,32,1,0.0,2,1855.0,-0.35,Severe
22-09-2025 23:00,Uttar Pradesh,Gorakhpur,11.61,2.03,5.2,35,1,1.0,4,1587.0,0.73,Moderate
23-09-2025 00:00,Odisha,Bhubaneswar,48.32,6.81,4.14,37,2,1.0,1,2369.0,0.94,Severe
23-09-2025 01:00,Bihar,Darbhanga,20.89,5.22,4.87,36,2,2.0,5,1253.0,-0.15,Severe
23-09-2025 02:00,Tamil Nadu,Coimbatore,9.32,4.09,6.58,31,1,1.0,1,668.0,-0.53,Moderate
23-09-2025 03:00,Kerala,Kochi,9.17,5.9,6.39,41,0,0.0,3,755.0,0.56,Severe
23-09-2025 04:00,Bihar,Bhagalpur,43.74,7.18,5.93,32,0,1.0,3,2457.0,0.78,Severe
23-09-2025 05:00,Uttar Pradesh,Prayagraj,21.7,8.53,4.26,40,2,2.0,5,2234.0,-0.05,Severe
23-09-2025 06:00,Maharashtra,Nagpur,53.84,3.12,6.65,42,1,1.0,8,1982.0,-0.28,Severe
23-09-2025 07:00,Gujarat,Bharuch,34.64,8.58,5.6,35,0,0.0,2,2904.0,-0.5,Severe
23-09-2025 08:00,Gujarat,Ahmedabad,24.5,8.69,5.48,36,1,0.0,1,2082.0,0.84,Severe
23-09-2025 09:00,Uttar Pradesh,Varanasi,33.22,7.51,6.8,41,4,0.0,3,2067.0,0.3,Severe
23-09-2025 10:00,Maharashtra,Nagpur,98.29,8.05,4.03,56,5,1.0,4,3686.0,0.94,Severe
23-09-2025 11:00,Gujarat,Surat,15.69,6.54,5.67,27,0,1.0,2,2096.0,-0.865,Severe
23-09-2025 12:00,Gujarat,Vadodara,68.4,1.31,6.37,45,1,0.0,5,2271.0,0.39,Moderate
23-09-2025 13:00,Gujarat,Ahmedabad,48.7,5.6,4.19,26,1,1.0,7,2637.0,0.85,Severe
23-09-2025 14:00,Uttar Pradesh,Lucknow,22.49,6.98,5.07,25,1,0.0,1,2759.0,-0.07,Severe
23-09-2025 15:00,Odisha,Kendrapara,48.68,8.53,6.93,33,1,2.0,5,4115.0,0.68,Severe
23-09-2025 16:00,Kerala,Kozhikode,37.47,5.56,4.64,34,2,0.0,3,1032.0,-0.12,Severe
23-09-2025 17:00,Uttar Pradesh,Varanasi,30.99,7.35,5.59,35,2,1.0,5,2725.0,-0.08,Severe
23-09-2025 18:00,Maharashtra,Kolhapur,26.11,6.64,6.24,38,1,1.0,3,1487.0,0.38,Severe
23-09-2025 19:00,Bihar,Gaya,59.96,3.25,5.17,59,2,0.0,5,2429.0,0.08,Severe
23-09-2025 20:00,Odisha,Puri,33.98,2.24,5.22,45,0,0.0,7,996.0,0.97,Moderate
23-09-2025 21:00,Odisha,Cuttack,16.66,7.01,4.19,21,1,1.0,3,1188.0,0.35,Severe
23-09-2025 22:00,Bihar,Bhagalpur,32.42,2.87,4.57,47,1,0.0,2,1133.0,0.98,Moderate
23-09-2025 23:00,Tamil Nadu,Coimbatore,9.67,2.96,6.64,24,0,0.0,3,733.0,0.65,Moderate
24-09-2025 00:00,Assam,Guwahati,20.98,6.15,6.45,22,1,0.0,5,896.0,-0.06,Severe
24-09-2025 01:00,Kerala,Kochi,47.66,7.31,4.91,46,0,1.0,1,2381.0,0.45,Severe
24-09-2025 02:00,Kerala,Kozhikode,15.03,5.66,5.15,28,1,0.0,6,1314.0,-0.02,Severe
24-09-2025 03:00,Tamil Nadu,Coimbatore,104.02124999999998,8.08,5.32,60,3,1.0,4,4592.375,0.87,Severe
24-09-2025 04:00,Assam,Dibrugarh,4.65,2.69,5.04,33,1,0.0,0,473.0,1.01,Moderate
24-09-2025 05:00,Kerala,Kozhikode,25.7,3.02,5.96,46,1,1.0,2,1478.0,-0.43,Moderate
24-09-2025 06:00,Maharashtra,Nagpur,50.75,6.1,4.04,50,0,2.5,3,1254.0,0.6,Severe
24-09-2025 07:00,Karnataka,Mysuru,10.05,7.63,6.64,32,0,0.0,2,1957.0,0.89,Severe
24-09-2025 08:00,Karnataka,Mysuru,51.34,5.31,4.9,42,2,2.0,2,2794.0,0.75,Severe
24-09-2025 09:00,Kerala,Alappuzha,49.1,1.08,6.62,41,2,0.0,6,1829.0,0.3,Moderate
24-09-2025 10:00,West Bengal,Murshidabad,27.07,6.42,5.36,39,1,2.5,6,1663.0,1.5750000000000002,Severe
24-09-2025 11:00,Kerala,Kochi,17.09,7.51,6.33,24,0,0.0,3,2405.0,0.46,Severe
24-09-2025 12:00,Bihar,Muzaffarpur,33.7,3.21,6.48,40,2,0.0,3,2090.0,-0.32,Moderate
24-09-2025 13:00,Bihar,Darbhanga,47.74,1.43,4.9,38,1,2.5,2,2318.0,0.66,Severe
24-09-2025 14:00,Assam,Jorhat,18.15,5.14,5.92,33,0,0.0,5,1853.0,0.84,Severe
24-09-2025 15:00,Gujarat,Vadodara,30.76,1.34,5.82,42,0,0.0,3,331.0,0.62,Moderate
24-09-2025 16:00,Odisha,Kendrapara,10.48,4.33,5.43,29,1,1.0,4,1728.0,0.44,Severe
24-09-2025 17:00,Maharashtra,Nagpur,56.06,1.14,5.41,39,0,1.0,4,1758.0,-0.28,Moderate
24-09-2025 18:00,Tamil Nadu,Chennai,88.51,2.8,4.92,37,3,2.0,4,3123.0,-0.39,Severe
24-09-2025 19:00,Kerala,Kottayam,23.78,4.11,4.93,31,1,0.0,2,1482.0,-0.09,Moderate
24-09-2025 20:00,Gujarat,Rajkot,19.81,1.89,5.64,33,1,0.0,4,564.0,-0.73,Low
24-09-2025 21:00,Gujarat,Surat,63.55,1.91,4.1,38,0,2.5,5,1890.0,1.04,Severe
24-09-2025 22:00,Maharashtra,Pune,62.84,7.62,6.8,54,2,0.0,4,3974.0,0.38,Severe
24-09-2025 23:00,Tamil Nadu,Chennai,52.27,1.33,5.95,45,1,2.0,3,1590.0,0.2,Moderate
25-09-2025 00:00,Bihar,Patna,12.98,6.51,5.33,33,2,0.0,2,2722.0,-0.3,Severe
25-09-2025 01:00,Uttar Pradesh,Prayagraj,2.27,7.52,4.19,22,1,0.0,3,1938.0,-0.23,Severe
25-09-2025 02:00,Maharashtra,Kolhapur,29.81,2.05,5.89,41,2,0.0,8,2204.0,0.36,Severe
25-09-2025 03:00,Gujarat,Rajkot,43.8,2.56,4.05,50,0,1.0,4,1514.0,0.22,Moderate
25-09-2025 04:00,Karnataka,Udupi,23.87,6.13,6.04,41,4,0.0,8,2010.0,0.41,Severe
25-09-2025 05:00,Kerala,Kochi,62.03,3.53,4.22,47,1,0.0,3,2776.0,-0.25,Severe
25-09-2025 06:00,Assam,Dibrugarh,20.47,4.81,5.97,33,0,0.0,5,657.0,0.52,Moderate
25-09-2025 07:00,Karnataka,Mysuru,7.94,7.69,5.22,29,1,0.0,6,1434.0,0.93,Severe
25-09-2025 08:00,Gujarat,Vadodara,23.81,2.1,5.99,34,0,0.0,3,2102.0,0.22,Moderate
25-09-2025 09:00,Odisha,Cuttack,41.3,5.96,4.42,30,1,0.0,4,2106.0,0.7,Severe
25-09-2025 10:00,West Bengal,Darjeeling,14.85,8.54,4.35,24,3,0.0,4,2229.0,0.27,Severe
25-09-2025 11:00,Tamil Nadu,Madurai,38.57,1.46,4.74,40,2,0.0,5,1231.0,0.18,Moderate
25-09-2025 12:00,Bihar,Patna,29.7,1.48,5.23,37,0,0.0,4,1782.0,0.54,Moderate
25-09-2025 13:00,Kerala,Kottayam,87.31,5.44,4.76,53,1,0.0,5,3459.0,0.14,Severe
25-09-2025 14:00,Assam,Dibrugarh,57.28,8.68,4.25,42,1,1.0,1,2880.0,0.07,Severe
25-09-2025 15:00,Uttar Pradesh,Varanasi,104.02124999999998,2.76,4.98,66,1,1.0,2,3927.0,0.84,Severe
25-09-2025 16:00,Bihar,Darbhanga,12.3,3.65,6.12,30,0,1.0,6,1838.0,-0.47,Moderate
25-09-2025 17:00,Kerala,Thrissur,70.18,1.79,5.75,44,4,2.0,4,2910.0,0.39,Severe
25-09-2025 18:00,Uttar Pradesh,Lucknow,5.56,3.9,6.89,27,2,0.0,7,1378.0,-0.13,Moderate
25-09-2025 19:00,Assam,Dibrugarh,60.36,1.35,5.31,38,3,2.5,6,2297.0,1.16,Severe
25-09-2025 20:00,Gujarat,Surat,7.56,4.11,5.0,32,0,0.0,0,2172.0,0.76,Moderate
25-09-2025 21:00,West Bengal,Darjeeling,50.85,5.44,6.08,41,1,2.0,1,2997.0,0.93,Severe
25-09-2025 22:00,Karnataka,Mysuru,38.9,8.8,5.24,26,0,0.0,5,2676.0,0.44,Severe
25-09-2025 23:00,Karnataka,Udupi,41.82,7.55,5.85,25,3,0.0,3,2887.0,0.63,Severe
26-09-2025 00:00,Gujarat,Surat,4.76,7.58,6.84,20,1,1.0,3,966.0,0.44,Severe
26-09-2025 01:00,Bihar,Bhagalpur,48.55,2.83,5.5,36,2,1.0,2,1907.0,0.1,Moderate
26-09-2025 02:00,Gujarat,Bharuch,7.9,1.7,5.49,33,0,1.0,1,1239.0,1.15,Moderate
26-09-2025 03:00,Gujarat,Vadodara,87.49,5.82,6.33,52,1,0.0,3,4265.0,0.67,Severe
26-09-2025 04:00,Kerala,Thrissur,19.56,5.17,6.27,30,3,1.0,6,1647.0,-0.02,Severe
26-09-2025 05:00,Kerala,Kochi,25.2,5.13,5.55,37,1,0.0,4,2924.0,-0.35,Severe
26-09-2025 06:00,Assam,Dhemaji,69.55,1.87,4.19,50,0,0.0,3,1048.0,-0.11,Moderate
26-09-2025 07:00,West Bengal,Murshidabad,34.47,4.95,6.94,38,2,0.0,2,897.0,0.38,Severe
26-09-2025 08:00,Kerala,Kottayam,34.87,2.2,5.13,46,2,2.0,5,786.0,0.06,Severe
26-09-2025 09:00,Assam,Jorhat,45.2,4.38,4.95,39,2,0.0,2,2820.0,0.77,Severe
26-09-2025 10:00,Odisha,Kendrapara,15.66,1.5,6.94,39,0,0.0,5,1971.0,0.48,Moderate
26-09-2025 11:00,Gujarat,Bharuch,19.36,7.86,6.62,25,0,0.0,7,2240.0,0.24,Severe
26-09-2025 12:00,Gujarat,Rajkot,35.62,1.11,4.99,40,2,1.0,2,1557.0,0.35,Moderate
26-09-2025 13:00,Bihar,Patna,91.4,8.51,4.92,66,0,2.0,8,4592.375,0.29,Severe
26-09-2025 14:00,Odisha,Bhubaneswar,53.8,7.9,6.16,56,3,1.0,6,3136.0,0.24,Severe
26-09-2025 15:00,Bihar,Gaya,56.09,7.02,5.0,52,1,0.0,2,2747.0,0.52,Severe
26-09-2025 16:00,Uttar Pradesh,Gorakhpur,73.62,8.86,4.75,56,2,2.0,2,3888.0,0.12,Severe
26-09-2025 17:00,Assam,Dhemaji,62.19,1.43,6.94,37,0,0.0,6,2463.0,-0.18,Moderate
26-09-2025 18:00,Assam,Dhemaji,52.14,6.13,5.7,46,1,1.0,4,2744.0,0.69,Severe
26-09-2025 19:00,Gujarat,Bharuch,29.47,7.79,6.29,34,0,0.0,0,2588.0,-0.01,Severe
26-09-2025 20:00,Maharashtra,Mumbai,14.65,2.01,6.14,30,1,1.0,7,1382.0,0.91,Moderate
26-09-2025 21:00,Uttar Pradesh,Prayagraj,16.36,5.68,6.27,22,3,0.0,1,1970.0,0.28,Severe
26-09-2025 22:00,Assam,Barpeta,66.13,4.15,6.71,48,4,1.0,5,3309.0,0.15,Severe
26-09-2025 23:00,Kerala,Kottayam,47.73,4.49,5.5,44,1,2.0,2,2704.0,-0.07,Severe
27-09-2025 00:00,Gujarat,Vadodara,2.01,8.3,6.26,25,0,1.0,4,1827.0,0.21,Severe
27-09-2025 01:00,Bihar,Patna,33.85,5.31,6.39,20,1,0.0,4,1573.0,0.51,Severe
27-09-2025 02:00,Odisha,Balasore,3.94,1.75,6.84,22,0,0.0,3,942.0,-0.01,Low
27-09-2025 03:00,Bihar,Darbhanga,29.36,8.5,6.14,38,0,0.0,5,3276.0,0.68,Severe
27-09-2025 04:00,Karnataka,Bengaluru,63.23,2.48,6.68,51,1,0.0,8,2266.0,-0.15,Severe
27-09-2025 05:00,Maharashtra,Mumbai,47.66,8.14,4.29,39,2,1.0,4,2638.0,0.76,Severe
27-09-2025 06:00,Assam,Barpeta,25.52,8.77,4.38,25,1,2.0,3,3362.0,0.4,Severe
27-09-2025 07:00,West Bengal,Howrah,37.48,8.02,4.48,40,4,0.0,3,2831.0,0.15,Severe
27-09-2025 08:00,Tamil Nadu,Chennai,19.63,6.42,4.43,29,1,0.0,5,1074.0,0.52,Severe
27-09-2025 09:00,Maharashtra,Nashik,11.37,6.95,4.26,31,0,0.0,2,1006.0,1.07,Severe
27-09-2025 10:00,Gujarat,Vadodara,18.54,6.6,4.37,31,3,0.0,3,700.0,0.87,Severe
27-09-2025 11:00,Assam,Dhemaji,59.21,4.68,6.99,40,3,0.0,3,2446.0,0.51,Severe
27-09-2025 12:00,Odisha,Bhubaneswar,71.22,3.2,4.82,66,1,2.0,2,2073.0,0.77,Severe
27-09-2025 13:00,Assam,Dhemaji,61.28,3.28,5.43,46,1,0.0,3,2175.0,0.16,Severe
27-09-2025 14:00,Tamil Nadu,Chennai,56.81,6.85,6.46,52,3,0.0,4,3680.0,0.07,Severe
27-09-2025 15:00,Odisha,Balasore,13.65,6.01,4.35,21,0,0.0,2,1337.0,0.67,Severe
27-09-2025 16:00,Bihar,Patna,27.26,5.68,4.95,30,0,0.0,2,1919.0,0.46,Severe
27-09-2025 17:00,Odisha,Cuttack,29.33,6.22,4.48,39,2,1.0,3,2224.0,0.22,Severe
27-09-2025 18:00,Maharashtra,Nashik,22.87,7.2,4.19,39,2,0.0,1,2487.0,0.71,Severe
27-09-2025 19:00,Bihar,Muzaffarpur,14.77,6.99,6.88,24,0,0.0,5,2210.0,0.37,Severe
27-09-2025 20:00,Assam,Jorhat,38.8,1.84,6.58,43,1,0.0,4,1117.0,0.93,Moderate
27-09-2025 21:00,Gujarat,Bharuch,37.79,3.9,6.64,46,2,1.0,4,2544.0,-0.6,Severe
27-09-2025 22:00,Uttar Pradesh,Kanpur,26.63,3.11,6.61,29,0,0.0,6,1761.0,0.12,Moderate
27-09-2025 23:00,Gujarat,Surat,81.95,5.31,4.46,45,4,1.0,7,2683.0,0.77,Severe
28-09-2025 00:00,Assam,Jorhat,23.76,1.49,6.35,39,1,0.0,4,1220.0,1.09,Moderate
28-09-2025 01:00,Tamil Nadu,Chennai,30.76,7.1,6.18,29,1,0.0,8,1522.0,0.95,Severe
28-09-2025 02:00,Uttar Pradesh,Varanasi,9.88,1.85,6.78,29,1,2.0,7,544.0,0.07,Moderate
28-09-2025 03:00,Assam,Guwahati,52.58,3.17,4.66,29,2,1.0,3,1878.0,0.92,Severe
28-09-2025 04:00,West Bengal,Darjeeling,69.62,7.26,5.24,37,2,1.0,5,2645.0,-0.47,Severe
28-09-2025 05:00,Maharashtra,Pune,8.7,1.41,4.88,23,1,1.0,1,833.0,-0.06,Low
28-09-2025 06:00,West Bengal,Howrah,45.34,6.28,4.77,38,0,0.0,6,2774.0,0.23,Severe
28-09-2025 07:00,Bihar,Gaya,25.54,8.4,5.96,36,0,1.0,4,2724.0,0.55,Severe
28-09-2025 08:00,Karnataka,Mangaluru,54.6,5.94,4.49,56,2,1.0,2,3165.0,-0.09,Severe
28-09-2025 09:00,Assam,Barpeta,39.55,6.7,5.39,33,1,0.0,4,3142.0,0.29,Severe
28-09-2025 10:00,Kerala,Kochi,39.61,7.34,5.94,39,3,0.0,4,1324.0,0.96,Severe
28-09-2025 11:00,Kerala,Kottayam,37.71,2.78,4.39,41,1,1.0,4,3173.0,-0.18,Severe
28-09-2025 12:00,Odisha,Cuttack,95.18,5.65,4.77,51,3,2.5,5,2998.0,-0.21,Severe
28-09-2025 13:00,Gujarat,Ahmedabad,11.46,3.47,6.9,35,0,0.0,7,0.0,-0.01,Moderate
28-09-2025 14:00,Gujarat,Rajkot,4.02,3.0,6.39,33,0,0.0,3,1285.0,1.42,Moderate
28-09-2025 15:00,Gujarat,Bharuch,53.02,2.54,6.03,49,3,1.0,6,2469.0,0.54,Severe
28-09-2025 16:00,West Bengal,Howrah,13.74,5.68,6.57,26,0,1.0,4,2264.0,-0.04,Severe
28-09-2025 17:00,Maharashtra,Pune,55.47,7.36,4.04,38,2,1.0,5,3561.0,0.76,Severe
28-09-2025 18:00,Assam,Dibrugarh,51.45,8.01,4.02,39,1,0.0,1,1989.0,-0.48,Severe
28-09-2025 19:00,Tamil Nadu,Coimbatore,18.22,4.43,4.46,29,0,0.0,1,1832.0,0.29,Moderate
28-09-2025 20:00,Odisha,Bhubaneswar,104.02124999999998,3.98,5.49,66,2,2.5,4,4592.375,0.41,Severe
28-09-2025 21:00,Bihar,Muzaffarpur,78.15,6.5,5.71,61,3,2.0,1,3752.0,0.85,Severe
28-09-2025 22:00,Uttar Pradesh,Prayagraj,31.48,7.24,4.34,30,0,1.0,2,2799.0,-0.3,Severe
28-09-2025 23:00,Bihar,Patna,38.28,3.03,4.22,39,3,0.0,2,1564.0,0.93,Severe
29-09-2025 00:00,Assam,Barpeta,67.21,3.38,6.49,65,1,1.0,5,2474.0,0.81,Severe
29-09-2025 01:00,Karnataka,Mangaluru,12.27,5.27,5.39,20,3,0.0,2,1772.0,0.95,Severe
29-09-2025 02:00,Gujarat,Surat,45.51,4.56,6.98,47,0,0.0,2,2119.0,-0.19,Moderate
29-09-2025 03:00,Uttar Pradesh,Kanpur,31.02,6.65,4.69,31,0,0.0,7,2350.0,1.13,Severe
29-09-2025 04:00,West Bengal,Howrah,79.83,5.04,5.94,52,0,1.0,5,3594.0,-0.5,Severe
29-09-2025 05:00,Assam,Barpeta,6.7,1.89,6.41,26,0,0.0,8,1520.0,-0.21,Moderate
29-09-2025 06:00,Karnataka,Udupi,40.14,2.33,6.62,41,2,2.0,1,1312.0,0.43,Severe
29-09-2025 07:00,West Bengal,Howrah,12.21,8.22,4.92,33,0,0.0,4,2135.0,0.18,Severe
29-09-2025 08:00,Karnataka,Mysuru,45.98,2.82,4.58,50,2,0.0,2,2249.0,-0.25,Moderate
29-09-2025 09:00,Gujarat,Surat,34.59,1.4,4.68,34,0,0.0,2,1492.0,1.41,Moderate
29-09-2025 10:00,West Bengal,Kolkata,37.32,6.85,6.0,34,0,0.0,3,2595.0,-0.41,Severe
29-09-2025 11:00,Maharashtra,Nashik,57.56,6.47,5.57,33,1,2.0,3,3557.0,-0.43,Severe
29-09-2025 12:00,Kerala,Alappuzha,49.02,5.8,5.8,53,1,0.0,3,2022.0,0.5,Severe
29-09-2025 13:00,Bihar,Gaya,19.91,5.02,4.06,33,0,1.0,6,1075.0,0.33,Severe
29-09-2025 14:00,Maharashtra,Mumbai,4.9,8.76,5.17,41,0,0.0,7,1913.0,-0.31,Severe
29-09-2025 15:00,Uttar Pradesh,Varanasi,7.53,1.96,4.93,26,5,1.0,5,601.0,1.33,Severe
29-09-2025 16:00,Odisha,Kendrapara,20.61,5.08,6.59,22,0,0.0,1,2388.0,0.4,Moderate
29-09-2025 17:00,Kerala,Kozhikode,37.86,5.51,6.33,42,2,0.0,4,2413.0,0.09,Severe
29-09-2025 18:00,Maharashtra,Pune,32.36,1.18,5.29,33,4,0.0,4,1725.0,0.35,Moderate
29-09-2025 19:00,Assam,Barpeta,38.72,4.3,5.89,44,0,1.0,8,2027.0,-0.36,Severe
29-09-2025 20:00,Karnataka,Bengaluru,68.76,7.26,4.14,59,3,1.0,6,2259.0,0.84,Severe
29-09-2025 21:00,Uttar Pradesh,Varanasi,21.48,4.77,5.91,37,1,0.0,6,1815.0,0.47,Severe
29-09-2025 22:00,Assam,Dhemaji,55.09,8.0,4.29,37,3,1.0,3,3403.0,0.24,Severe
29-09-2025 23:00,Kerala,Kottayam,36.87,6.16,6.14,39,0,1.0,2,1910.0,0.35,Severe
30-09-2025 00:00,Karnataka,Bengaluru,73.15,7.13,5.72,62,2,0.0,5,2918.0,-0.05,Severe
30-09-2025 01:00,Uttar Pradesh,Lucknow,39.75,7.44,4.9,41,4,0.0,7,1507.0,0.86,Severe
30-09-2025 02:00,Odisha,Kendrapara,88.93,6.52,5.11,66,3,2.0,3,3922.0,0.06,Severe
30-09-2025 03:00,Kerala,Kottayam,51.94,7.0,4.27,45,3,1.0,1,3202.0,0.1,Severe
30-09-2025 04:00,Uttar Pradesh,Gorakhpur,63.84,6.56,4.97,45,2,0.0,3,3176.0,0.44,Severe
30-09-2025 05:00,Maharashtra,Mumbai,20.79,5.4,6.9,24,2,0.0,4,1547.0,-0.55,Severe
30-09-2025 06:00,Uttar Pradesh,Prayagraj,72.18,5.53,5.46,51,0,1.0,3,3038.0,0.6,Severe
30-09-2025 07:00,Kerala,Kozhikode,89.89,2.52,5.42,64,2,0.0,2,2412.0,0.34,Severe
30-09-2025 08:00,Gujarat,Vadodara,48.06,7.62,5.89,48,3,0.0,3,3095.0,0.59,Severe
30-09-2025 09:00,Maharashtra,Pune,27.51,3.5,5.45,26,2,0.0,3,1886.0,0.24,Moderate
30-09-2025 10:00,Assam,Barpeta,65.11,5.29,5.07,58,1,0.0,8,2769.0,-0.03,Severe
30-09-2025 11:00,Kerala,Kozhikode,54.7,3.0,4.42,47,2,0.0,4,2144.0,0.4,Severe
30-09-2025 12:00,Gujarat,Surat,104.02124999999998,6.57,5.89,66,2,2.0,5,3725.0,0.8,Severe
30-09-2025 13:00,Tamil Nadu,Madurai,46.96,8.8,6.25,43,4,0.0,5,2642.0,0.1,Severe
30-09-2025 14:00,Odisha,Bhubaneswar,31.27,7.42,6.77,37,3,1.0,3,2307.0,0.72,Severe
30-09-2025 15:00,Gujarat,Vadodara,36.49,5.95,4.01,39,0,0.0,6,2992.0,0.22,Severe
30-09-2025 16:00,Tamil Nadu,Tiruppur,17.71,5.54,4.2,30,1,0.0,7,1562.0,0.14,Severe
30-09-2025 17:00,Bihar,Gaya,26.91,4.92,6.7,28,1,1.0,8,1596.0,0.75,Severe
30-09-2025 18:00,Karnataka,Bengaluru,6.22,2.64,5.89,31,1,1.0,5,1337.0,0.51,Moderate
30-09-2025 19:00,Gujarat,Rajkot,30.38,3.78,6.87,34,0,1.0,2,1422.0,-0.27,Moderate
30-09-2025 20:00,West Bengal,Malda,66.03,4.25,5.29,50,2,1.0,4,3251.0,0.26,Severe
30-09-2025 21:00,Odisha,Puri,104.02124999999998,8.56,5.25,65,0,1.0,2,4592.375,-0.17,Severe
30-09-2025 22:00,Gujarat,Vadodara,25.8,4.4,5.03,28,0,0.0,5,2325.0,0.59,Severe
30-09-2025 23:00,Tamil Nadu,Tiruppur,50.49,5.69,4.43,40,2,0.0,2,2491.0,-0.06,Severe
01-10-2025 00:00,West Bengal,Murshidabad,31.26,8.38,5.14,38,1,0.0,5,2332.0,0.42,Severe
01-10-2025 01:00,Odisha,Cuttack,25.43,5.15,4.04,26,0,1.0,2,2313.0,0.58,Severe
01-10-2025 02:00,West Bengal,Darjeeling,14.29,3.01,5.53,28,2,2.0,8,2402.0,0.59,Severe
01-10-2025 03:00,Maharashtra,Kolhapur,84.5,4.05,6.54,58,0,0.0,7,2129.0,0.1,Severe
01-10-2025 04:00,Tamil Nadu,Coimbatore,8.6,4.0,4.96,25,1,0.0,8,1229.0,0.37,Moderate
01-10-2025 05:00,Uttar Pradesh,Varanasi,44.84,6.72,4.28,50,0,0.0,4,2690.0,0.04,Severe
01-10-2025 06:00,Maharashtra,Pune,10.67,3.37,6.92,16,1,0.0,5,1166.0,0.16,Moderate
01-10-2025 07:00,Odisha,Puri,22.04,6.84,4.39,37,0,0.0,5,1698.0,-0.08,Severe
01-10-2025 08:00,Odisha,Puri,81.66,8.11,5.59,56,2,1.0,3,3731.0,0.38,Severe
01-10-2025 09:00,Kerala,Alappuzha,13.87,3.69,6.43,39,0,2.0,8,1804.0,0.57,Severe
01-10-2025 10:00,Tamil Nadu,Coimbatore,41.99,2.08,4.76,39,0,0.0,3,1756.0,-0.03,Moderate
01-10-2025 11:00,Bihar,Muzaffarpur,72.35,6.11,6.52,57,2,0.0,2,2934.0,-0.03,Severe
01-10-2025 12:00,Bihar,Muzaffarpur,43.88,3.89,5.67,45,0,0.0,3,1984.0,1.07,Severe
01-10-2025 13:00,Odisha,Kendrapara,45.3,5.27,5.0,40,0,0.0,6,2004.0,-0.03,Severe
01-10-2025 14:00,Bihar,Darbhanga,43.45,6.07,6.6,41,1,0.0,3,3759.0,0.67,Severe
01-10-2025 15:00,Karnataka,Mangaluru,62.95,4.26,5.87,48,1,0.0,3,2268.0,0.8,Severe
01-10-2025 16:00,Kerala,Thrissur,71.03,8.4,5.85,56,1,2.0,3,4254.0,0.48,Severe
01-10-2025 17:00,Odisha,Kendrapara,40.19,4.2,5.51,50,2,0.0,2,2527.0,0.51,Severe
01-10-2025 18:00,Bihar,Patna,35.75,3.46,4.82,34,1,1.0,6,1500.0,0.38,Severe
01-10-2025 19:00,Tamil Nadu,Coimbatore,10.15,8.09,4.91,29,0,1.0,3,2611.0,-0.26,Severe
01-10-2025 20:00,Gujarat,Rajkot,18.1,2.09,4.26,35,0,0.0,6,1253.0,0.83,Moderate
01-10-2025 21:00,Uttar Pradesh,Gorakhpur,42.83,1.99,4.73,36,0,0.0,4,1087.0,0.15,Moderate
01-10-2025 22:00,Maharashtra,Kolhapur,6.69,8.49,4.83,17,0,0.0,1,1417.0,0.72,Severe
01-10-2025 23:00,Maharashtra,Nagpur,16.69,2.67,4.18,39,4,1.0,5,2248.0,0.34,Severe
02-10-2025 00:00,Karnataka,Udupi,26.14,2.19,4.33,23,0,0.0,8,1395.0,0.57,Moderate
02-10-2025 01:00,West Bengal,Malda,12.55,5.28,4.81,47,1,0.0,6,1969.0,0.47,Severe
02-10-2025 02:00,Tamil Nadu,Chennai,17.1,1.37,6.03,33,2,0.0,3,829.0,0.14,Low
02-10-2025 03:00,West Bengal,Howrah,45.19,5.96,4.55,49,0,1.0,3,2298.0,0.71,Severe
02-10-2025 04:00,Kerala,Alappuzha,30.89,4.62,5.57,37,3,1.0,3,2293.0,-0.25,Severe
02-10-2025 05:00,Uttar Pradesh,Prayagraj,53.49,6.12,5.52,40,5,0.0,7,2974.0,0.9,Severe
02-10-2025 06:00,Kerala,Kottayam,25.16,3.27,6.5,26,0,2.0,2,1573.0,0.85,Severe
02-10-2025 07:00,Odisha,Cuttack,30.56,8.24,5.83,43,2,0.0,2,1837.0,0.23,Severe
02-10-2025 08:00,Tamil Nadu,Coimbatore,39.54,3.16,6.75,29,0,1.0,7,2909.0,0.46,Severe
02-10-2025 09:00,Odisha,Bhubaneswar,17.9,6.1,5.88,34,0,0.0,5,1345.0,0.24,Severe
02-10-2025 10:00,Assam,Dhemaji,47.04,8.56,4.08,31,1,0.0,2,3776.0,-0.02,Severe
02-10-2025 11:00,Bihar,Patna,14.44,4.21,5.14,36,1,1.0,5,1679.0,0.31,Severe
02-10-2025 12:00,Maharashtra,Pune,19.57,2.29,6.1,31,0,0.0,2,1084.0,0.47,Moderate
02-10-2025 13:00,Gujarat,Bharuch,22.44,1.55,5.43,27,1,1.0,3,1368.0,0.95,Moderate
02-10-2025 14:00,Odisha,Cuttack,20.59,8.7,5.26,36,5,0.0,1,2994.0,0.26,Severe
02-10-2025 15:00,West Bengal,Kolkata,34.88,7.11,6.01,47,2,0.0,4,2959.0,0.35,Severe
02-10-2025 16:00,Assam,Guwahati,20.64,8.35,4.86,27,1,1.0,4,1757.0,0.94,Severe
02-10-2025 17:00,Maharashtra,Mumbai,28.9,6.59,6.73,33,1,1.0,4,1934.0,0.58,Severe
02-10-2025 18:00,Odisha,Kendrapara,68.14,3.74,5.24,61,2,0.0,3,2425.0,-0.28,Severe
02-10-2025 19:00,Assam,Barpeta,72.0,1.98,5.89,48,3,0.0,6,2930.0,0.34,Severe
02-10-2025 20:00,Assam,Barpeta,0.66,8.43,6.95,29,1,2.0,7,2276.0,0.73,Severe
02-10-2025 21:00,Tamil Nadu,Coimbatore,45.15,4.92,6.36,37,2,0.0,1,1729.0,1.46,Severe
02-10-2025 22:00,Kerala,Thrissur,5.21,4.17,5.59,35,0,2.0,4,1338.0,0.43,Severe
02-10-2025 23:00,Assam,Jorhat,47.26,5.62,6.58,35,0,0.0,4,3138.0,-0.59,Severe
03-10-2025 00:00,Karnataka,Kodagu,61.12,1.85,5.68,41,0,1.0,6,2694.0,-0.47,Moderate
03-10-2025 01:00,Kerala,Thrissur,23.33,3.47,5.32,31,0,0.0,2,2088.0,0.04,Moderate
03-10-2025 02:00,Maharashtra,Nagpur,73.26,6.1,6.62,62,3,1.0,5,2872.0,-0.08,Severe
03-10-2025 03:00,Maharashtra,Kolhapur,18.37,1.8,4.08,28,0,1.0,2,1771.0,0.72,Moderate
03-10-2025 04:00,Maharashtra,Nagpur,65.87,2.08,5.22,37,1,2.5,2,2267.0,1.19,Severe
03-10-2025 05:00,Maharashtra,Nagpur,60.08,5.08,5.03,51,1,1.0,5,3345.0,0.7,Severe
03-10-2025 06:00,Karnataka,Kodagu,9.57,5.99,6.14,31,1,2.0,7,1128.0,0.76,Severe
03-10-2025 07:00,Odisha,Bhubaneswar,24.88,2.5,4.04,30,3,0.0,5,695.0,0.65,Moderate
03-10-2025 08:00,Uttar Pradesh,Lucknow,8.05,1.26,5.98,29,0,1.0,6,1951.0,0.51,Moderate
03-10-2025 09:00,Assam,Jorhat,12.84,8.67,5.04,24,0,0.0,4,3221.0,0.01,Severe
03-10-2025 10:00,Maharashtra,Pune,74.8,1.22,4.29,46,1,1.0,3,2305.0,0.7,Severe
03-10-2025 11:00,Kerala,Kochi,47.08,1.02,6.94,44,1,0.0,3,504.0,0.19,Moderate
03-10-2025 12:00,Kerala,Kochi,20.45,3.59,4.64,37,0,0.0,8,757.0,0.72,Severe
03-10-2025 13:00,Assam,Dhemaji,5.54,2.78,5.05,24,1,1.0,6,622.0,0.54,Moderate
03-10-2025 14:00,Odisha,Cuttack,7.64,5.59,4.62,30,1,0.0,3,762.0,0.35,Severe
03-10-2025 15:00,Gujarat,Ahmedabad,29.23,8.15,5.99,32,1,0.0,3,2309.0,0.02,Severe
03-10-2025 16:00,Gujarat,Surat,77.29,4.85,6.35,46,2,2.0,8,3253.0,0.32,Severe
03-10-2025 17:00,Uttar Pradesh,Varanasi,55.59,7.19,6.58,34,1,1.0,2,2516.0,0.09,Severe
03-10-2025 18:00,Odisha,Puri,30.07,8.27,4.93,48,0,0.0,6,1855.0,-0.43,Severe
03-10-2025 19:00,Assam,Guwahati,30.13,2.52,5.57,32,0,0.0,1,1234.0,-0.15,Low
03-10-2025 20:00,Gujarat,Surat,39.95,4.91,5.99,33,2,1.0,7,1890.0,0.48,Severe
03-10-2025 21:00,Gujarat,Bharuch,68.76,6.14,5.89,41,1,1.0,3,3277.0,-0.82,Severe
03-10-2025 22:00,Gujarat,Surat,15.25,3.66,6.15,31,0,0.0,5,1332.0,1.42,Severe
03-10-2025 23:00,West Bengal,Darjeeling,39.45,6.92,6.31,37,1,1.0,4,2157.0,0.12,Severe
04-10-2025 00:00,Karnataka,Mysuru,12.26,6.64,4.29,35,0,1.0,8,1710.0,0.74,Severe
04-10-2025 01:00,Assam,Jorhat,37.34,4.37,4.5,37,0,1.0,3,2480.0,-0.62,Severe
04-10-2025 02:00,Bihar,Bhagalpur,29.79,1.7,6.2,33,0,0.0,5,2706.0,-0.09,Moderate
04-10-2025 03:00,Tamil Nadu,Tiruppur,8.37,1.09,5.43,25,0,0.0,5,212.0,0.83,Low
04-10-2025 04:00,Tamil Nadu,Chennai,39.97,3.95,5.28,27,1,1.0,3,2004.0,0.54,Severe
04-10-2025 05:00,Odisha,Puri,22.52,1.66,5.37,31,2,2.0,6,1369.0,0.17,Moderate
04-10-2025 06:00,Assam,Dibrugarh,24.8,7.25,5.12,28,1,0.0,5,3010.0,1.24,Severe
04-10-2025 07:00,Assam,Dhemaji,16.64,3.67,5.77,30,1,2.5,8,1230.0,-0.29,Severe
04-10-2025 08:00,Tamil Nadu,Tiruppur,36.7,6.33,4.97,40,2,0.0,6,2613.0,0.84,Severe
04-10-2025 09:00,Uttar Pradesh,Lucknow,34.95,3.77,5.91,44,0,0.0,5,2756.0,0.16,Severe
04-10-2025 10:00,Tamil Nadu,Chennai,53.79,7.37,4.61,51,1,1.0,2,2915.0,-0.03,Severe
04-10-2025 11:00,Assam,Guwahati,43.05,8.11,6.27,39,2,0.0,7,2062.0,-0.53,Severe
04-10-2025 12:00,Gujarat,Bharuch,16.8,7.7,6.34,32,0,0.0,1,3004.0,-0.47,Severe
04-10-2025 13:00,Uttar Pradesh,Gorakhpur,55.69,4.88,5.74,46,4,1.0,2,2287.0,0.41,Severe
04-10-2025 14:00,Maharashtra,Pune,64.79,1.67,5.11,37,2,2.5,3,2941.0,0.38,Severe
04-10-2025 15:00,Bihar,Darbhanga,18.72,3.97,4.04,35,0,1.0,3,1987.0,0.01,Moderate
04-10-2025 16:00,West Bengal,Murshidabad,26.17,4.4,4.36,34,2,1.0,5,1037.0,0.26,Severe
04-10-2025 17:00,Karnataka,Bengaluru,22.09,8.68,4.24,38,2,0.0,4,2205.0,0.28,Severe
04-10-2025 18:00,Maharashtra,Pune,33.92,5.52,4.03,39,0,0.0,1,2419.0,0.14,Severe
04-10-2025 19:00,Kerala,Thrissur,17.47,6.13,6.17,27,2,0.0,0,2045.0,-0.1,Severe
04-10-2025 20:00,Tamil Nadu,Coimbatore,53.09,7.26,6.87,40,2,0.0,4,2124.0,0.59,Severe
04-10-2025 21:00,Bihar,Bhagalpur,14.45,5.55,4.03,34,0,0.0,7,2206.0,0.91,Severe
04-10-2025 22:00,Tamil Nadu,Chennai,24.44,5.79,4.34,34,2,0.0,2,2024.0,0.52,Severe
04-10-2025 23:00,Tamil Nadu,Chennai,42.03,2.96,6.58,39,1,0.0,2,2912.0,0.55,Moderate
05-10-2025 00:00,Maharashtra,Mumbai,33.92,1.47,6.07,42,2,1.0,3,2152.0,0.69,Moderate
05-10-2025 01:00,Gujarat,Rajkot,35.14,6.77,5.21,48,2,1.0,4,2284.0,0.25,Severe
05-10-2025 02:00,Gujarat,Surat,13.11,7.79,6.98,32,1,0.0,6,915.0,0.06,Severe
05-10-2025 03:00,West Bengal,Malda,29.99,4.3,5.72,30,0,1.0,3,1877.0,-0.55,Moderate
05-10-2025 04:00,Uttar Pradesh,Gorakhpur,62.94,5.39,6.01,41,1,0.0,0,2583.0,0.1,Severe
05-10-2025 05:00,Tamil Nadu,Tiruppur,51.27,3.46,5.96,45,2,1.0,1,2547.0,0.07,Severe
05-10-2025 06:00,Odisha,Cuttack,26.51,4.6,4.67,29,0,0.0,4,2244.0,-0.12,Moderate
05-10-2025 07:00,Gujarat,Ahmedabad,33.49,2.67,5.46,36,2,0.0,2,2460.0,0.46,Moderate
05-10-2025 08:00,Assam,Barpeta,38.15,7.08,4.65,33,1,0.0,8,2612.0,0.26,Severe
05-10-2025 09:00,Bihar,Gaya,73.86,4.94,5.53,64,4,0.0,4,3087.0,0.54,Severe
05-10-2025 10:00,Odisha,Cuttack,23.37,5.38,4.09,27,4,0.0,5,1696.0,-0.16,Severe
05-10-2025 11:00,Maharashtra,Nagpur,50.74,1.3,5.15,50,1,0.0,3,1404.0,-0.34,Moderate
05-10-2025 12:00,Maharashtra,Nashik,33.86,5.98,5.12,32,2,0.0,6,2836.0,0.65,Severe
05-10-2025 13:00,West Bengal,Malda,62.83,2.62,4.87,58,1,0.0,4,2375.0,0.72,Severe
05-10-2025 14:00,West Bengal,Murshidabad,67.02,4.07,4.24,55,1,0.0,5,2189.0,-0.03,Severe
05-10-2025 15:00,Uttar Pradesh,Kanpur,35.41,4.3,6.31,42,2,0.0,2,1491.0,0.19,Severe
05-10-2025 16:00,Assam,Guwahati,20.56,4.59,5.26,29,0,2.0,2,1599.0,0.47,Severe
05-10-2025 17:00,Bihar,Patna,61.62,2.82,6.44,50,4,0.0,4,2721.0,0.61,Severe
05-10-2025 18:00,Assam,Barpeta,32.97,7.8,6.51,34,5,2.0,2,3043.0,-0.44,Severe
05-10-2025 19:00,Kerala,Thrissur,10.95,4.42,4.64,27,0,1.0,3,2305.0,0.79,Severe
05-10-2025 20:00,West Bengal,Howrah,8.57,5.9,5.26,31,1,0.0,6,1461.0,-0.25,Severe
05-10-2025 21:00,Uttar Pradesh,Prayagraj,33.09,5.91,6.16,34,0,1.0,6,1787.0,-0.28,Severe
05-10-2025 22:00,Karnataka,Mysuru,2.31,5.86,5.5,27,1,0.0,3,1773.0,0.16,Severe
05-10-2025 23:00,Tamil Nadu,Tiruppur,22.4,5.47,6.57,35,0,0.0,5,1703.0,0.16,Severe
06-10-2025 00:00,Tamil Nadu,Coimbatore,64.45,7.58,5.71,49,3,0.0,5,3398.0,0.36,Severe
06-10-2025 01:00,Karnataka,Udupi,72.23,7.5,5.89,46,0,1.0,4,3341.0,0.42,Severe
06-10-2025 02:00,Gujarat,Bharuch,64.48,4.34,6.36,52,1,2.5,6,2670.0,1.11,Severe
06-10-2025 03:00,Assam,Barpeta,33.57,6.09,4.37,29,0,0.0,3,864.0,-0.06,Severe
06-10-2025 04:00,Karnataka,Mysuru,16.69,1.82,5.75,34,0,0.0,0,1395.0,0.83,Moderate
06-10-2025 05:00,Uttar Pradesh,Lucknow,68.89,1.73,4.26,52,1,1.0,5,1800.0,-0.31,Moderate
06-10-2025 06:00,Bihar,Muzaffarpur,37.22,4.84,4.78,46,1,0.0,2,1569.0,-0.21,Severe
06-10-2025 07:00,Karnataka,Kodagu,10.6,8.2,4.64,25,2,0.0,5,410.0,-0.07,Severe
06-10-2025 08:00,Uttar Pradesh,Gorakhpur,34.93,6.2,5.7,40,1,0.0,1,1189.0,-0.52,Severe
06-10-2025 09:00,West Bengal,Murshidabad,62.06,6.35,6.53,48,3,1.0,3,3333.0,0.55,Severe
06-10-2025 10:00,Odisha,Cuttack,4.52,2.26,4.4,26,2,1.0,3,944.0,0.9,Moderate
06-10-2025 11:00,Maharashtra,Nagpur,29.18,4.63,6.31,38,2,1.0,4,1564.0,0.76,Severe
06-10-2025 12:00,Maharashtra,Nagpur,77.87,4.21,4.43,32,3,1.0,4,2961.0,-0.34,Severe
06-10-2025 13:00,Kerala,Alappuzha,33.43,7.26,4.57,40,1,2.5,2,1734.0,1.38,Severe
06-10-2025 14:00,Assam,Barpeta,13.2,2.1,6.75,33,2,1.0,3,1314.0,0.4,Moderate
06-10-2025 15:00,Bihar,Gaya,57.61,5.31,4.03,48,0,0.0,5,2939.0,1.05,Severe
06-10-2025 16:00,Odisha,Bhubaneswar,47.71,8.29,4.59,48,1,0.0,2,3199.0,0.29,Severe
06-10-2025 17:00,Odisha,Cuttack,37.23,8.14,4.65,42,0,0.0,3,2804.0,0.29,Severe
06-10-2025 18:00,West Bengal,Kolkata,13.61,7.82,4.85,30,1,0.0,4,848.0,0.18,Severe
06-10-2025 19:00,Karnataka,Mysuru,40.79,4.0,5.09,34,0,2.0,4,1486.0,1.28,Severe
06-10-2025 20:00,Assam,Guwahati,50.76,8.53,4.31,55,2,0.0,3,3371.0,0.97,Severe
06-10-2025 21:00,Tamil Nadu,Chennai,10.54,7.44,5.41,29,0,0.0,3,2466.0,0.32,Severe
06-10-2025 22:00,Odisha,Cuttack,39.69,7.81,5.2,41,1,0.0,6,3484.0,0.21,Severe
06-10-2025 23:00,Uttar Pradesh,Gorakhpur,27.2,8.46,5.87,37,2,0.0,4,3140.0,0.69,Severe
07-10-2025 00:00,Tamil Nadu,Tiruppur,7.15,8.5,6.6,24,1,0.0,3,1143.0,-0.49,Severe
07-10-2025 01:00,Kerala,Thrissur,28.2,2.92,4.89,36,0,0.0,6,1924.0,-0.63,Moderate
07-10-2025 02:00,Karnataka,Bengaluru,23.87,2.02,5.64,27,1,0.0,3,531.0,-0.12,Low
07-10-2025 03:00,Karnataka,Mysuru,30.41,6.53,5.11,22,2,0.0,3,2379.0,0.52,Severe
07-10-2025 04:00,Bihar,Gaya,21.64,5.51,4.12,33,1,0.0,7,1890.0,0.83,Severe
07-10-2025 05:00,Odisha,Cuttack,8.49,3.62,6.46,27,0,0.0,3,750.0,-0.21,Moderate
07-10-2025 06:00,West Bengal,Howrah,75.15,6.48,5.9,52,3,1.0,6,2804.0,1.04,Severe
07-10-2025 07:00,Gujarat,Vadodara,104.02124999999998,1.5,4.01,63,4,2.0,1,3781.0,0.11,Severe
07-10-2025 08:00,Gujarat,Rajkot,24.52,1.38,4.75,33,1,0.0,4,1536.0,0.54,Moderate
07-10-2025 09:00,Maharashtra,Mumbai,33.04,3.83,4.93,31,1,0.0,8,2411.0,0.11,Severe
07-10-2025 10:00,Uttar Pradesh,Prayagraj,104.02124999999998,2.55,6.43,64,5,0.0,4,4337.0,0.3,Severe
07-10-2025 11:00,Tamil Nadu,Thanjavur,13.4,6.75,6.28,21,3,0.0,2,2994.0,1.16,Severe
07-10-2025 12:00,Kerala,Kozhikode,20.61,8.58,5.19,40,0,0.0,1,1394.0,0.11,Severe
07-10-2025 13:00,Maharashtra,Kolhapur,44.24,6.29,4.47,30,0,0.0,4,3421.0,-0.07,Severe
07-10-2025 14:00,Karnataka,Mysuru,38.54,6.24,5.16,29,2,0.0,3,2872.0,0.65,Severe
07-10-2025 15:00,Tamil Nadu,Tiruppur,62.37,1.05,6.43,48,2,1.0,8,2279.0,0.79,Severe
07-10-2025 16:00,Assam,Dhemaji,48.57,5.1,5.36,42,0,1.0,3,3641.0,-0.33,Severe
07-10-2025 17:00,Odisha,Cuttack,81.86,7.54,4.35,58,3,0.0,6,3052.0,0.52,Severe
07-10-2025 18:00,Kerala,Alappuzha,41.63,6.23,4.12,44,1,0.0,1,1725.0,0.59,Severe
07-10-2025 19:00,Assam,Guwahati,10.85,2.82,5.0,27,2,0.0,1,1748.0,1.14,Moderate
07-10-2025 20:00,West Bengal,Darjeeling,24.72,7.79,4.45,26,0,1.0,3,1945.0,0.17,Severe
07-10-2025 21:00,Odisha,Kendrapara,57.63,8.72,6.24,37,4,1.0,1,2767.0,0.96,Severe
07-10-2025 22:00,Tamil Nadu,Madurai,28.4,3.23,4.84,31,2,1.0,2,1656.0,0.42,Moderate
07-10-2025 23:00,Odisha,Puri,40.23,2.66,6.63,32,0,2.0,5,1471.0,0.22,Moderate
08-10-2025 00:00,Maharashtra,Mumbai,40.67,3.71,5.85,42,2,0.0,4,1773.0,0.02,Severe
08-10-2025 01:00,Bihar,Gaya,18.95,1.51,5.18,28,1,0.0,3,1074.0,0.57,Moderate
08-10-2025 02:00,Maharashtra,Mumbai,23.7,7.99,5.83,33,0,0.0,3,2013.0,-0.18,Severe
08-10-2025 03:00,West Bengal,Howrah,37.52,8.43,4.89,34,1,0.0,8,2647.0,-0.14,Severe
08-10-2025 04:00,Uttar Pradesh,Varanasi,55.9,6.07,4.42,33,2,0.0,2,2637.0,0.62,Severe
08-10-2025 05:00,Assam,Dibrugarh,11.3,7.11,6.89,30,1,0.0,4,1734.0,1.18,Severe
08-10-2025 06:00,Maharashtra,Kolhapur,34.09,6.35,5.69,45,0,0.0,2,2284.0,-0.29,Severe
08-10-2025 07:00,Bihar,Muzaffarpur,71.33,4.02,4.02,44,0,2.0,0,2665.0,0.02,Severe
08-10-2025 08:00,Uttar Pradesh,Kanpur,32.31,6.06,4.93,35,0,1.0,2,2544.0,0.48,Severe
08-10-2025 09:00,Maharashtra,Kolhapur,45.25,7.69,4.48,35,3,1.0,3,2359.0,0.1,Severe
08-10-2025 10:00,Karnataka,Bengaluru,80.84,7.48,4.77,49,2,2.0,5,3932.0,-0.5,Severe
08-10-2025 11:00,Bihar,Gaya,37.1,1.65,4.17,35,4,0.0,4,1695.0,-0.03,Moderate
08-10-2025 12:00,Assam,Barpeta,79.25,4.7,4.74,53,3,0.0,5,2622.0,0.57,Severe
08-10-2025 13:00,Kerala,Kochi,24.99,4.18,6.05,26,0,2.0,7,1817.0,0.22,Severe
08-10-2025 14:00,Gujarat,Surat,66.08,7.02,6.46,51,1,0.0,3,3517.0,0.52,Severe
08-10-2025 15:00,Uttar Pradesh,Varanasi,40.1,5.01,5.04,29,2,0.0,5,2155.0,-0.26,Severe
08-10-2025 16:00,Karnataka,Kodagu,40.85,3.8,5.57,35,2,0.0,3,1254.0,0.5,Severe
08-10-2025 17:00,Kerala,Kottayam,45.44,6.65,4.13,43,2,0.0,7,2695.0,-0.59,Severe
08-10-2025 18:00,Tamil Nadu,Chennai,40.28,4.79,4.27,31,1,1.0,4,2462.0,0.7,Severe
08-10-2025 19:00,Bihar,Muzaffarpur,41.37,3.05,5.66,47,1,0.0,2,1976.0,0.97,Severe
08-10-2025 20:00,Karnataka,Udupi,98.29,8.12,6.52,63,3,1.0,4,3272.0,-0.28,Severe
08-10-2025 21:00,Odisha,Cuttack,46.77,1.9,4.26,35,1,0.0,2,1840.0,0.09,Moderate
08-10-2025 22:00,Tamil Nadu,Madurai,66.85,1.14,5.26,41,2,0.0,5,2137.0,-0.32,Moderate
08-10-2025 23:00,Tamil Nadu,Thanjavur,18.55,2.15,6.91,26,0,0.0,5,651.0,0.39,Moderate
09-10-2025 00:00,Uttar Pradesh,Varanasi,8.74,2.31,6.22,29,1,0.0,5,1521.0,0.42,Moderate
09-10-2025 01:00,Bihar,Patna,9.5,5.3,4.59,26,1,0.0,6,2155.0,-0.25,Severe
09-10-2025 02:00,Karnataka,Udupi,12.12,6.0,4.86,24,1,0.0,7,1158.0,0.09,Severe
09-10-2025 03:00,West Bengal,Murshidabad,80.48,4.59,6.84,58,4,1.0,6,3643.0,0.83,Severe
09-10-2025 04:00,Karnataka,Mysuru,9.14,2.63,4.66,30,1,1.0,1,1217.0,0.6,Moderate
09-10-2025 05:00,Maharashtra,Mumbai,30.2,2.06,5.32,34,0,0.0,3,1332.0,0.44,Moderate
09-10-2025 06:00,Tamil Nadu,Thanjavur,104.02124999999998,4.94,5.07,66,2,1.0,6,4592.375,0.84,Severe
09-10-2025 07:00,Assam,Jorhat,52.71,5.52,5.47,49,1,1.0,5,2515.0,1.16,Severe
09-10-2025 08:00,Tamil Nadu,Tiruppur,22.34,3.43,4.71,30,1,0.0,7,1458.0,0.41,Moderate
09-10-2025 09:00,Tamil Nadu,Thanjavur,17.51,2.76,6.01,30,1,1.0,4,923.0,0.49,Moderate
09-10-2025 10:00,Gujarat,Surat,25.62,1.64,4.7,37,3,1.0,3,1190.0,0.22,Moderate
09-10-2025 11:00,Odisha,Bhubaneswar,41.7,1.21,5.81,30,1,0.0,7,1782.0,0.43,Moderate
09-10-2025 12:00,West Bengal,Malda,26.61,1.85,5.07,30,0,0.0,4,1461.0,0.03,Low
09-10-2025 13:00,Kerala,Thrissur,52.71,6.94,4.75,31,2,0.0,7,2768.0,-0.41,Severe
09-10-2025 14:00,Kerala,Thrissur,95.67,3.75,6.09,50,4,2.0,3,3162.0,0.71,Severe
09-10-2025 15:00,Odisha,Balasore,19.75,1.22,6.9,33,0,1.0,3,1102.0,0.66,Moderate
09-10-2025 16:00,Tamil Nadu,Thanjavur,98.68,5.07,6.61,66,5,0.0,3,3479.0,0.38,Severe
09-10-2025 17:00,Kerala,Alappuzha,38.06,5.29,4.26,41,0,0.0,7,2832.0,0.41,Severe
09-10-2025 18:00,Bihar,Bhagalpur,26.02,4.43,5.36,35,0,1.0,0,1492.0,0.04,Moderate
09-10-2025 19:00,West Bengal,Darjeeling,17.3,1.89,6.08,33,3,0.0,5,403.0,0.89,Moderate
09-10-2025 20:00,Kerala,Kottayam,48.27,7.04,5.69,45,3,0.0,4,2069.0,-0.2,Severe
09-10-2025 21:00,Odisha,Puri,20.8,6.51,6.18,34,1,0.0,4,2739.0,0.98,Severe
09-10-2025 22:00,Maharashtra,Pune,51.39,4.16,6.93,34,0,0.0,7,2823.0,0.61,Severe
09-10-2025 23:00,Kerala,Thrissur,33.98,4.05,5.03,36,0,0.0,0,1550.0,0.48,Moderate
10-10-2025 00:00,West Bengal,Howrah,24.07,2.25,6.31,24,0,2.0,2,1396.0,0.51,Moderate
10-10-2025 01:00,Uttar Pradesh,Gorakhpur,33.54,7.03,4.28,44,0,1.0,4,1939.0,0.81,Severe
10-10-2025 02:00,Uttar Pradesh,Kanpur,47.17,5.8,6.61,46,3,1.0,4,2411.0,0.1,Severe
10-10-2025 03:00,Bihar,Gaya,30.59,1.69,6.34,30,0,1.0,3,2330.0,0.7,Moderate
10-10-2025 04:00,Karnataka,Mysuru,20.83,4.02,5.56,36,0,1.0,5,2189.0,0.17,Severe
10-10-2025 05:00,Karnataka,Bengaluru,18.58,8.23,6.46,35,3,1.0,6,2189.0,0.56,Severe
10-10-2025 06:00,Kerala,Alappuzha,54.8,4.62,6.0,47,0,0.0,3,1279.0,-0.36,Moderate
10-10-2025 07:00,Assam,Guwahati,13.46,3.6,5.66,28,1,1.0,4,1450.0,0.05,Moderate
10-10-2025 08:00,Maharashtra,Nagpur,19.46,6.15,6.84,31,0,2.0,5,1931.0,1.14,Severe
10-10-2025 09:00,Odisha,Kendrapara,8.71,2.62,4.39,28,2,2.5,7,1040.0,0.95,Severe
10-10-2025 10:00,Maharashtra,Nagpur,32.34,5.19,6.98,39,0,1.0,6,1602.0,1.09,Severe
10-10-2025 11:00,Uttar Pradesh,Varanasi,15.29,6.36,4.46,24,1,1.0,7,2396.0,0.86,Severe
10-10-2025 12:00,Kerala,Thrissur,30.4,7.84,5.44,43,1,0.0,1,2128.0,0.06,Severe
10-10-2025 13:00,West Bengal,Malda,31.18,6.54,4.69,26,1,0.0,4,2584.0,0.12,Severe
10-10-2025 14:00,Odisha,Cuttack,32.55,4.08,4.82,40,2,0.0,1,2137.0,0.8,Severe
10-10-2025 15:00,Maharashtra,Mumbai,22.4,7.14,5.9,30,1,1.0,2,1950.0,0.84,Severe
10-10-2025 16:00,West Bengal,Murshidabad,54.55,8.19,4.1,60,1,2.0,4,3560.0,0.97,Severe
10-10-2025 17:00,Odisha,Puri,26.63,4.82,6.82,32,1,1.0,4,1421.0,0.44,Severe
10-10-2025 18:00,Maharashtra,Pune,19.77,1.04,4.84,22,1,2.5,5,1188.0,0.32,Moderate
10-10-2025 19:00,Bihar,Gaya,9.53,8.05,4.82,24,0,0.0,1,2847.0,0.89,Severe
10-10-2025 20:00,Uttar Pradesh,Gorakhpur,60.51,2.32,6.59,48,1,1.0,5,1811.0,-0.34,Severe
10-10-2025 21:00,Tamil Nadu,Tiruppur,21.68,2.01,6.29,31,4,0.0,2,1277.0,0.27,Moderate
10-10-2025 22:00,Odisha,Bhubaneswar,51.89,3.46,6.02,31,2,0.0,0,2483.0,0.23,Moderate
10-10-2025 23:00,Uttar Pradesh,Gorakhpur,25.67,4.04,4.44,29,2,0.0,4,1885.0,0.24,Severe
11-10-2025 00:00,Gujarat,Surat,101.89,7.4,6.31,45,2,2.0,2,4329.0,0.95,Severe
11-10-2025 01:00,Assam,Dibrugarh,99.64,4.11,5.08,57,5,2.5,5,3132.0,0.63,Severe
11-10-2025 02:00,Kerala,Alappuzha,41.64,1.39,6.98,54,1,0.0,3,1769.0,0.41,Moderate
11-10-2025 03:00,Gujarat,Bharuch,42.01,6.09,6.01,44,0,0.0,4,2179.0,-0.34,Severe
11-10-2025 04:00,West Bengal,Darjeeling,38.99,6.37,6.51,39,0,0.0,8,3372.0,-0.16,Severe
11-10-2025 05:00,Odisha,Balasore,26.41,7.51,6.2,27,2,0.0,1,2242.0,0.71,Severe
11-10-2025 06:00,Kerala,Kozhikode,57.35,4.19,5.78,42,0,1.0,3,1633.0,0.46,Severe
11-10-2025 07:00,Kerala,Kottayam,32.83,1.69,6.15,37,3,0.0,5,1751.0,0.9,Severe
11-10-2025 08:00,Gujarat,Bharuch,13.7,5.42,5.79,24,1,0.0,4,2258.0,0.03,Severe
11-10-2025 09:00,Gujarat,Surat,28.07,1.97,4.15,34,2,0.0,3,1582.0,0.37,Moderate
11-10-2025 10:00,Tamil Nadu,Tiruppur,14.21,1.14,5.04,32,0,0.0,4,688.0,0.27,Low
11-10-2025 11:00,Maharashtra,Kolhapur,13.34,7.23,4.95,39,0,0.0,5,1594.0,0.75,Severe
11-10-2025 12:00,Odisha,Bhubaneswar,18.46,4.23,6.14,35,0,1.0,4,1688.0,1.28,Severe
11-10-2025 13:00,Uttar Pradesh,Prayagraj,91.16,5.2,5.73,61,3,0.0,8,4108.0,0.1,Severe
11-10-2025 14:00,Karnataka,Mangaluru,45.25,6.3,5.83,51,0,0.0,3,3018.0,-0.57,Severe
11-10-2025 15:00,Odisha,Kendrapara,28.13,4.21,6.54,32,2,0.0,3,1875.0,0.57,Severe
11-10-2025 16:00,Odisha,Puri,26.24,1.41,5.58,37,2,2.0,4,882.0,0.54,Moderate
11-10-2025 17:00,Odisha,Kendrapara,35.49,3.02,4.65,38,0,0.0,7,1806.0,-0.47,Moderate
11-10-2025 18:00,Kerala,Kochi,21.81,2.55,4.04,32,0,2.0,3,1506.0,-0.09,Moderate
11-10-2025 19:00,West Bengal,Howrah,47.03,8.82,4.48,43,2,2.0,1,2785.0,0.15,Severe
11-10-2025 20:00,Kerala,Alappuzha,37.39,6.92,4.09,38,0,2.0,3,1621.0,0.86,Severe
11-10-2025 21:00,West Bengal,Darjeeling,43.81,4.61,4.71,37,3,0.0,6,2544.0,-0.11,Severe
11-10-2025 22:00,Gujarat,Rajkot,26.8,1.51,5.9,31,0,0.0,4,1915.0,0.23,Moderate
11-10-2025 23:00,Karnataka,Bengaluru,104.02124999999998,1.93,4.45,57,2,1.0,2,4592.375,-0.54,Severe
12-10-2025 00:00,Kerala,Alappuzha,14.08,7.5,4.25,34,2,0.0,2,1622.0,0.57,Severe
12-10-2025 01:00,West Bengal,Darjeeling,47.59,8.56,6.91,51,2,2.0,4,2497.0,-0.21,Severe
12-10-2025 02:00,Kerala,Kottayam,22.83,1.25,6.99,36,1,0.0,4,1278.0,1.33,Moderate
12-10-2025 03:00,Assam,Dhemaji,37.19,8.28,5.91,43,0,0.0,4,2944.0,-0.03,Severe
12-10-2025 04:00,Kerala,Kozhikode,40.6,4.04,4.33,50,2,1.0,2,1910.0,0.78,Severe
12-10-2025 05:00,Karnataka,Bengaluru,99.64,2.71,6.46,62,1,0.0,4,3262.0,0.59,Severe
12-10-2025 06:00,Karnataka,Mysuru,41.1,1.82,5.62,42,0,1.0,3,2792.0,-0.04,Moderate
12-10-2025 07:00,West Bengal,Kolkata,27.69,7.17,4.55,39,0,0.0,5,1407.0,0.85,Severe
12-10-2025 08:00,West Bengal,Murshidabad,1.02,4.75,5.73,26,1,0.0,6,950.0,-0.56,Moderate
12-10-2025 09:00,Gujarat,Bharuch,20.94,7.66,4.12,35,1,1.0,5,1592.0,0.34,Severe
12-10-2025 10:00,Karnataka,Bengaluru,104.02124999999998,2.81,6.92,66,4,0.0,4,4147.0,0.67,Severe
12-10-2025 11:00,Karnataka,Kodagu,50.56,6.43,6.48,38,5,0.0,3,1905.0,0.24,Severe
12-10-2025 12:00,Tamil Nadu,Madurai,55.93,1.94,4.78,33,2,0.0,4,3301.0,-0.16,Moderate
12-10-2025 13:00,Odisha,Cuttack,6.19,1.72,5.26,27,0,0.0,3,677.0,1.06,Moderate
12-10-2025 14:00,Bihar,Gaya,22.15,2.07,5.19,33,2,0.0,5,1712.0,0.29,Moderate
12-10-2025 15:00,Kerala,Kottayam,47.62,7.47,6.58,41,1,1.0,6,3792.0,0.1,Severe
12-10-2025 16:00,Maharashtra,Nashik,9.99,6.24,5.06,33,1,0.0,2,2016.0,-0.15,Severe
12-10-2025 17:00,Gujarat,Surat,36.11,2.33,4.14,29,2,2.0,7,1720.0,0.39,Severe
12-10-2025 18:00,Odisha,Puri,77.42,4.08,4.64,56,2,2.0,5,3124.0,0.25,Severe
12-10-2025 19:00,Bihar,Patna,16.38,7.11,4.65,32,2,0.0,3,1632.0,0.22,Severe
12-10-2025 20:00,Tamil Nadu,Madurai,19.47,3.29,6.85,33,0,0.0,2,1277.0,1.09,Moderate
12-10-2025 21:00,Maharashtra,Nashik,66.76,8.37,6.77,53,4,1.0,5,4490.0,1.08,Severe
12-10-2025 22:00,West Bengal,Malda,22.23,8.32,4.9,35,1,2.0,1,2600.0,0.46,Severe
12-10-2025 23:00,Karnataka,Bengaluru,17.95,5.42,4.01,32,1,0.0,3,1474.0,0.66,Severe
13-10-2025 00:00,Assam,Dhemaji,83.33,6.06,5.55,54,1,2.0,4,4500.0,-0.32,Severe
13-10-2025 01:00,Gujarat,Surat,32.8,6.23,6.39,47,0,0.0,4,2153.0,0.39,Severe
13-10-2025 02:00,Uttar Pradesh,Varanasi,16.23,3.07,4.81,33,1,0.0,8,1959.0,0.47,Moderate
13-10-2025 03:00,Karnataka,Udupi,69.52,3.92,5.32,42,0,0.0,3,3175.0,0.25,Severe
13-10-2025 04:00,Assam,Guwahati,13.97,2.09,4.52,34,3,1.0,3,1091.0,0.15,Moderate
13-10-2025 05:00,Bihar,Muzaffarpur,34.59,8.4,4.98,33,1,1.0,4,2316.0,-0.01,Severe
13-10-2025 06:00,West Bengal,Kolkata,39.5,6.79,6.28,36,1,0.0,5,2835.0,0.37,Severe
13-10-2025 07:00,Maharashtra,Mumbai,21.07,1.37,5.28,37,1,0.0,3,2147.0,0.87,Moderate
13-10-2025 08:00,Bihar,Muzaffarpur,53.95,5.4,5.34,52,1,1.0,2,2520.0,0.94,Severe
13-10-2025 09:00,Karnataka,Mysuru,17.55,3.74,6.37,27,0,0.0,4,1895.0,0.35,Moderate
13-10-2025 10:00,Karnataka,Udupi,56.38,7.52,6.29,47,0,0.0,6,2575.0,0.83,Severe
13-10-2025 11:00,Maharashtra,Nashik,29.86,3.75,4.56,34,0,1.0,3,2095.0,-0.07,Moderate
13-10-2025 12:00,Uttar Pradesh,Lucknow,15.42,6.15,5.25,31,0,0.0,5,2108.0,0.6,Severe
13-10-2025 13:00,Assam,Guwahati,35.19,2.33,6.55,35,2,0.0,1,1605.0,0.3,Moderate
13-10-2025 14:00,Bihar,Bhagalpur,42.6,5.47,5.37,52,2,1.0,3,2047.0,0.04,Severe
13-10-2025 15:00,West Bengal,Darjeeling,6.15,3.35,5.99,19,1,1.0,3,1471.0,1.32,Severe
13-10-2025 16:00,Karnataka,Mysuru,77.95,2.32,4.92,52,4,0.0,1,3292.0,0.14,Severe
13-10-2025 17:00,Bihar,Darbhanga,31.75,5.95,4.18,41,0,0.0,4,2377.0,0.19,Severe
13-10-2025 18:00,Uttar Pradesh,Lucknow,24.6,6.11,4.49,22,1,1.0,4,2354.0,0.14,Severe
13-10-2025 19:00,Bihar,Gaya,40.64,8.87,5.21,33,0,1.0,3,3778.0,0.51,Severe
13-10-2025 20:00,Maharashtra,Nashik,34.24,6.35,5.06,44,0,2.0,8,2858.0,0.96,Severe
13-10-2025 21:00,West Bengal,Darjeeling,23.3,5.13,6.69,37,0,1.0,3,1291.0,-0.17,Severe
13-10-2025 22:00,Tamil Nadu,Madurai,41.37,8.3,5.64,42,1,0.0,3,2757.0,0.56,Severe
13-10-2025 23:00,Maharashtra,Pune,56.43,7.63,5.88,47,2,0.0,4,2837.0,0.51,Severe
14-10-2025 00:00,Bihar,Muzaffarpur,25.86,5.39,6.07,45,0,0.0,4,1794.0,-0.37,Severe
14-10-2025 01:00,Tamil Nadu,Tiruppur,2.85,5.09,5.59,21,0,0.0,5,1210.0,0.96,Severe
14-10-2025 02:00,Karnataka,Mangaluru,51.59,8.54,6.31,43,1,0.0,8,3810.0,0.47,Severe
14-10-2025 03:00,Tamil Nadu,Thanjavur,31.42,5.94,6.35,33,0,0.0,6,1468.0,0.68,Severe
14-10-2025 04:00,Uttar Pradesh,Kanpur,15.58,6.71,5.05,34,2,0.0,8,1564.0,-0.58,Severe
14-10-2025 05:00,Kerala,Thrissur,43.52,1.69,4.25,32,1,0.0,2,1731.0,1.01,Moderate
14-10-2025 06:00,Uttar Pradesh,Varanasi,15.55,6.75,6.96,30,3,0.0,6,1369.0,1.28,Severe
14-10-2025 07:00,Maharashtra,Nashik,50.47,3.12,5.93,40,1,1.0,5,1728.0,0.28,Severe
14-10-2025 08:00,Kerala,Alappuzha,13.55,1.92,6.13,33,0,1.0,4,818.0,0.02,Moderate
14-10-2025 09:00,Maharashtra,Nashik,22.23,7.8,6.27,35,2,1.0,3,2486.0,-0.75,Severe
14-10-2025 10:00,Gujarat,Ahmedabad,7.76,6.53,5.84,29,2,1.0,4,1492.0,-0.23,Severe
14-10-2025 11:00,West Bengal,Howrah,21.55,4.26,5.41,34,2,0.0,2,2090.0,0.73,Severe
14-10-2025 12:00,Odisha,Balasore,24.64,4.45,6.95,30,0,1.0,3,1601.0,0.34,Severe
14-10-2025 13:00,Karnataka,Kodagu,31.59,2.58,6.18,34,0,0.0,3,1803.0,-0.33,Moderate
14-10-2025 14:00,Karnataka,Mangaluru,26.53,1.08,6.54,29,1,1.0,3,1779.0,1.04,Moderate
14-10-2025 15:00,Gujarat,Surat,14.0,3.79,5.32,36,0,0.0,4,1691.0,0.05,Moderate
14-10-2025 16:00,Bihar,Gaya,30.78,2.19,6.71,42,1,1.0,4,1379.0,-0.32,Moderate
14-10-2025 17:00,Assam,Dhemaji,21.97,4.37,6.2,32,2,2.0,8,1715.0,0.37,Severe
14-10-2025 18:00,Maharashtra,Mumbai,35.86,7.67,6.24,41,2,1.0,2,2807.0,0.58,Severe
14-10-2025 19:00,Odisha,Balasore,17.38,1.92,4.26,35,0,1.0,3,1361.0,-0.25,Moderate
14-10-2025 20:00,Odisha,Puri,20.9,1.73,5.85,33,0,0.0,3,1744.0,0.21,Moderate
14-10-2025 21:00,Uttar Pradesh,Lucknow,41.45,8.22,5.01,33,3,0.0,3,2523.0,1.04,Severe
14-10-2025 22:00,Uttar Pradesh,Kanpur,27.4,6.96,6.01,36,2,0.0,2,2521.0,-0.26,Severe
14-10-2025 23:00,Assam,Jorhat,9.03,1.42,5.7,42,2,2.0,6,1211.0,0.51,Moderate
15-10-2025 00:00,Bihar,Muzaffarpur,81.25,1.64,4.33,52,5,0.0,4,2528.0,0.21,Severe
15-10-2025 01:00,Gujarat,Vadodara,53.5,6.48,5.59,47,2,0.0,4,3079.0,0.59,Severe
15-10-2025 02:00,Tamil Nadu,Madurai,52.3,3.96,5.35,49,0,1.0,5,2567.0,-0.12,Severe
15-10-2025 03:00,Uttar Pradesh,Gorakhpur,7.66,6.79,6.33,33,0,0.0,4,1748.0,0.46,Severe
15-10-2025 04:00,Bihar,Patna,4.97,4.24,5.51,25,1,0.0,6,1112.0,-0.08,Moderate
15-10-2025 05:00,West Bengal,Darjeeling,60.58,8.74,5.44,52,1,1.0,7,2357.0,-0.55,Severe
15-10-2025 06:00,Karnataka,Bengaluru,13.88,6.56,6.16,25,1,0.0,1,1469.0,-0.28,Severe
15-10-2025 07:00,Karnataka,Kodagu,36.57,1.37,6.01,29,1,1.0,8,1405.0,0.25,Moderate
15-10-2025 08:00,Bihar,Gaya,21.5,3.64,6.98,34,1,0.0,2,2009.0,0.46,Moderate
15-10-2025 09:00,Assam,Dhemaji,5.43,5.51,5.06,35,0,1.0,4,783.0,0.89,Severe
15-10-2025 10:00,Gujarat,Bharuch,18.67,2.13,6.07,37,0,1.0,4,970.0,0.51,Moderate
15-10-2025 11:00,Odisha,Bhubaneswar,41.08,1.02,4.5,48,1,1.0,4,1716.0,1.05,Moderate
15-10-2025 12:00,Assam,Dibrugarh,28.54,1.63,6.41,31,0,0.0,4,1587.0,0.26,Moderate
15-10-2025 13:00,Bihar,Bhagalpur,91.37,5.19,6.36,40,4,1.0,3,2857.0,0.6,Severe
15-10-2025 14:00,Gujarat,Bharuch,49.47,6.06,6.18,56,2,0.0,4,3935.0,-0.09,Severe
15-10-2025 15:00,Gujarat,Surat,43.0,1.74,4.36,34,2,0.0,2,2728.0,0.49,Moderate
15-10-2025 16:00,Maharashtra,Pune,36.46,6.32,6.96,41,1,0.0,7,2251.0,0.18,Severe
15-10-2025 17:00,Kerala,Kochi,15.49,5.94,6.83,38,3,2.0,2,1847.0,0.13,Severe
15-10-2025 18:00,Karnataka,Mysuru,15.86,8.52,5.11,22,0,0.0,3,2276.0,0.38,Severe
15-10-2025 19:00,Bihar,Gaya,32.09,7.73,5.73,28,0,1.0,4,1605.0,-0.29,Severe
15-10-2025 20:00,Odisha,Puri,18.79,8.55,6.67,30,1,0.0,0,2343.0,0.5,Severe
15-10-2025 21:00,Kerala,Kochi,81.57,8.73,5.48,61,2,0.0,5,4013.0,0.67,Severe
15-10-2025 22:00,West Bengal,Kolkata,48.95,4.53,5.8,60,0,0.0,3,2571.0,0.03,Severe
15-10-2025 23:00,Uttar Pradesh,Lucknow,65.36,4.9,5.81,42,3,1.0,1,3221.0,0.43,Severe
16-10-2025 00:00,Maharashtra,Nashik,3.0,3.25,5.95,24,1,0.0,1,537.0,0.91,Moderate
16-10-2025 01:00,Uttar Pradesh,Kanpur,42.41,5.07,5.73,42,5,0.0,2,1588.0,0.69,Severe
16-10-2025 02:00,Kerala,Thrissur,8.93,2.21,5.22,31,0,0.0,3,1197.0,0.29,Moderate
16-10-2025 03:00,Kerala,Kochi,72.85,6.37,5.62,66,2,1.0,0,3788.0,0.53,Severe
16-10-2025 04:00,Uttar Pradesh,Prayagraj,46.8,1.2,6.61,34,0,0.0,5,1383.0,1.02,Moderate
16-10-2025 05:00,Odisha,Puri,51.19,2.89,6.59,52,2,0.0,4,2285.0,0.46,Severe
16-10-2025 06:00,Odisha,Cuttack,52.85,2.66,6.32,57,2,1.0,3,2439.0,0.78,Severe
16-10-2025 07:00,Tamil Nadu,Thanjavur,20.63,8.5,5.24,32,0,0.0,2,2311.0,0.71,Severe
16-10-2025 08:00,West Bengal,Kolkata,97.83,2.16,6.36,54,5,0.0,4,3490.0,0.39,Severe
16-10-2025 09:00,Odisha,Balasore,48.64,8.13,5.16,39,1,0.0,6,2511.0,0.93,Severe
16-10-2025 10:00,West Bengal,Howrah,36.99,1.99,5.99,35,1,1.0,1,1238.0,-0.11,Moderate
16-10-2025 11:00,West Bengal,Kolkata,22.43,6.21,5.7,33,1,0.0,5,1994.0,0.54,Severe
16-10-2025 12:00,Kerala,Kochi,29.97,3.56,4.9,34,0,1.0,5,3261.0,0.1,Severe
16-10-2025 13:00,West Bengal,Malda,70.59,3.53,5.36,40,1,0.0,4,2891.0,0.75,Severe
16-10-2025 14:00,Maharashtra,Nagpur,26.13,8.99,6.49,26,1,0.0,4,3116.0,0.34,Severe
16-10-2025 15:00,Uttar Pradesh,Kanpur,20.03,2.81,6.74,31,5,0.0,1,972.0,0.78,Moderate
16-10-2025 16:00,Tamil Nadu,Thanjavur,45.05,2.62,4.62,36,3,0.0,2,1660.0,0.69,Severe
16-10-2025 17:00,Bihar,Bhagalpur,31.75,5.71,5.37,21,0,1.0,4,1777.0,0.16,Severe
16-10-2025 18:00,Assam,Barpeta,20.42,6.93,5.3,37,0,1.0,1,1833.0,0.59,Severe
16-10-2025 19:00,Tamil Nadu,Madurai,61.96,8.86,5.47,40,0,0.0,5,2673.0,0.56,Severe
16-10-2025 20:00,Maharashtra,Pune,14.49,6.61,6.93,39,0,0.0,4,2145.0,0.26,Severe
16-10-2025 21:00,Tamil Nadu,Madurai,26.72,5.49,5.56,42,1,0.0,4,2325.0,0.74,Severe
16-10-2025 22:00,West Bengal,Kolkata,16.49,4.27,6.49,33,0,0.0,3,1467.0,0.3,Moderate
16-10-2025 23:00,Kerala,Thrissur,96.45,5.76,5.99,66,3,2.0,4,3800.0,0.0,Severe
17-10-2025 00:00,Assam,Dhemaji,47.88,5.81,4.32,45,3,1.0,5,3116.0,0.48,Severe
17-10-2025 01:00,Odisha,Cuttack,40.52,2.74,6.09,31,1,0.0,5,2085.0,0.55,Moderate
17-10-2025 02:00,Kerala,Kozhikode,17.12,6.37,5.94,25,2,2.0,4,1256.0,-0.865,Severe
17-10-2025 03:00,West Bengal,Malda,96.45,2.64,6.28,63,1,2.0,2,3088.0,1.43,Severe
17-10-2025 04:00,West Bengal,Kolkata,9.54,4.92,4.22,38,3,0.0,4,1635.0,1.5750000000000002,Severe
17-10-2025 05:00,Assam,Dibrugarh,26.42,3.08,4.72,37,0,0.0,5,1747.0,-0.03,Moderate
17-10-2025 06:00,Assam,Barpeta,29.33,3.5,6.31,39,2,2.5,6,2367.0,0.63,Severe
17-10-2025 07:00,Karnataka,Mangaluru,9.73,5.91,5.11,34,1,0.0,6,1216.0,-0.13,Severe
17-10-2025 08:00,Gujarat,Rajkot,34.34,1.52,6.73,31,3,1.0,4,1554.0,-0.4,Moderate
17-10-2025 09:00,Gujarat,Surat,19.32,1.1,5.55,34,1,1.0,8,1089.0,0.14,Moderate
17-10-2025 10:00,Kerala,Kottayam,77.82,2.04,4.0,45,1,1.0,5,2079.0,-0.27,Severe
17-10-2025 11:00,Odisha,Puri,11.64,2.35,6.1,29,0,0.0,2,1737.0,0.59,Moderate
17-10-2025 12:00,Tamil Nadu,Tiruppur,51.11,2.58,5.54,41,0,0.0,5,3856.0,0.75,Severe
17-10-2025 13:00,West Bengal,Malda,34.8,7.19,4.95,32,2,0.0,3,1515.0,1.14,Severe
17-10-2025 14:00,West Bengal,Darjeeling,59.68,4.57,4.06,33,1,1.0,1,2788.0,0.37,Severe
17-10-2025 15:00,Karnataka,Mangaluru,28.52,4.76,4.6,29,0,1.0,1,1170.0,0.74,Severe
17-10-2025 16:00,Kerala,Kozhikode,15.88,6.15,4.48,24,1,0.0,4,2470.0,0.53,Severe
17-10-2025 17:00,Kerala,Kottayam,85.6,6.83,5.75,46,3,0.0,6,2698.0,0.48,Severe
17-10-2025 18:00,Uttar Pradesh,Prayagraj,84.74,1.03,6.31,55,1,0.0,2,2664.0,-0.1,Moderate
17-10-2025 19:00,Assam,Dibrugarh,51.95,7.85,4.7,37,1,2.0,3,3232.0,0.24,Severe
17-10-2025 20:00,Odisha,Balasore,45.83,8.91,6.09,48,0,1.0,5,3615.0,0.18,Severe
17-10-2025 21:00,Assam,Barpeta,39.65,1.97,6.7,43,0,0.0,3,1677.0,0.62,Moderate
17-10-2025 22:00,Odisha,Kendrapara,47.63,6.21,5.86,43,3,1.0,5,2265.0,-0.6,Severe
17-10-2025 23:00,Maharashtra,Pune,104.02124999999998,1.02,6.33,66,2,1.0,7,3446.0,0.82,Severe
18-10-2025 00:00,Bihar,Muzaffarpur,11.44,1.39,4.61,40,1,0.0,3,584.0,0.23,Low
18-10-2025 01:00,Gujarat,Surat,32.34,3.28,4.22,46,1,0.0,3,2061.0,0.05,Moderate
18-10-2025 02:00,Gujarat,Surat,21.92,7.77,5.1,42,0,1.0,5,1942.0,0.51,Severe
18-10-2025 03:00,Odisha,Cuttack,34.34,6.22,6.13,49,0,1.0,5,1883.0,0.34,Severe
18-10-2025 04:00,Gujarat,Ahmedabad,10.74,4.57,6.06,26,0,1.0,8,840.0,0.42,Severe
18-10-2025 05:00,Assam,Barpeta,14.96,4.51,6.87,28,0,1.0,8,1414.0,0.94,Severe
18-10-2025 06:00,West Bengal,Howrah,13.9,4.73,5.89,24,0,0.0,8,1517.0,-0.46,Moderate
18-10-2025 07:00,Assam,Guwahati,47.14,3.49,5.23,29,2,0.0,4,1457.0,-0.28,Moderate
18-10-2025 08:00,Odisha,Bhubaneswar,31.62,8.02,6.39,39,3,0.0,3,2163.0,0.1,Severe
18-10-2025 09:00,Kerala,Kottayam,7.91,5.54,4.46,25,2,0.0,8,805.0,0.98,Severe
18-10-2025 10:00,Assam,Jorhat,7.72,4.87,6.44,25,1,0.0,3,1562.0,0.71,Severe
18-10-2025 11:00,Gujarat,Rajkot,5.41,4.72,5.1,23,2,0.0,3,1744.0,0.29,Moderate
18-10-2025 12:00,Karnataka,Mangaluru,27.49,8.49,4.46,28,0,0.0,4,2922.0,0.62,Severe
18-10-2025 13:00,Uttar Pradesh,Kanpur,29.18,6.79,4.49,42,1,0.0,2,2138.0,0.73,Severe
18-10-2025 14:00,West Bengal,Kolkata,30.49,2.16,6.95,31,1,1.0,7,1389.0,0.58,Moderate
18-10-2025 15:00,Gujarat,Ahmedabad,18.2,4.5,5.87,31,0,1.0,4,1017.0,0.84,Severe
18-10-2025 16:00,Karnataka,Kodagu,24.57,3.31,4.52,34,1,0.0,6,1397.0,0.43,Moderate
18-10-2025 17:00,Odisha,Puri,28.04,8.89,4.81,34,1,0.0,2,3263.0,0.57,Severe
18-10-2025 18:00,Maharashtra,Nashik,31.71,4.32,5.12,37,0,2.0,1,1741.0,0.57,Severe
18-10-2025 19:00,Karnataka,Kodagu,39.6,1.54,4.17,44,0,0.0,4,1902.0,0.17,Moderate
18-10-2025 20:00,Bihar,Darbhanga,62.97,4.29,4.33,43,0,2.0,3,3313.0,0.29,Severe
18-10-2025 21:00,Maharashtra,Nashik,16.77,3.57,6.29,36,1,0.0,6,2321.0,0.58,Severe
18-10-2025 22:00,Tamil Nadu,Coimbatore,52.97,5.8,6.36,39,1,0.0,2,2906.0,-0.09,Severe
18-10-2025 23:00,West Bengal,Malda,19.52,2.81,6.96,37,0,1.0,5,1279.0,0.02,Moderate
19-10-2025 00:00,Gujarat,Bharuch,46.87,1.29,4.2,40,3,0.0,5,2284.0,0.23,Moderate
19-10-2025 01:00,Tamil Nadu,Chennai,32.96,1.77,6.67,37,0,1.0,3,2076.0,0.37,Moderate
19-10-2025 02:00,Assam,Guwahati,104.02124999999998,3.27,4.95,66,3,2.0,4,3395.0,0.34,Severe
19-10-2025 03:00,Odisha,Bhubaneswar,38.84,3.79,4.98,36,0,1.0,5,1881.0,0.34,Severe
19-10-2025 04:00,West Bengal,Malda,55.65,7.68,4.38,30,3,0.0,4,2636.0,0.41,Severe
19-10-2025 05:00,Kerala,Kochi,1.87,3.16,6.96,31,0,1.0,3,514.0,0.24,Moderate
19-10-2025 06:00,Maharashtra,Nagpur,58.71,1.25,6.94,51,2,0.0,1,3292.0,0.04,Moderate
19-10-2025 07:00,Kerala,Thrissur,17.53,7.25,6.59,29,0,1.0,4,682.0,0.37,Severe
19-10-2025 08:00,Tamil Nadu,Tiruppur,29.72,7.95,4.27,36,1,0.0,3,2149.0,0.64,Severe
19-10-2025 09:00,Karnataka,Mysuru,24.03,4.94,6.52,38,2,0.0,2,2045.0,0.74,Severe
19-10-2025 10:00,Karnataka,Mangaluru,12.69,3.28,5.9,31,1,0.0,3,1638.0,-0.55,Moderate
19-10-2025 11:00,Odisha,Bhubaneswar,88.88,7.18,4.39,55,1,1.0,3,3877.0,-0.1,Severe
19-10-2025 12:00,Tamil Nadu,Tiruppur,66.4,1.07,4.79,48,2,0.0,1,2368.0,0.77,Moderate
19-10-2025 13:00,Uttar Pradesh,Gorakhpur,14.97,8.39,6.07,29,2,1.0,6,1443.0,0.22,Severe
19-10-2025 14:00,West Bengal,Malda,13.95,7.92,6.41,39,1,0.0,3,1567.0,-0.48,Severe
19-10-2025 15:00,Maharashtra,Nashik,45.89,5.36,6.54,41,1,1.0,3,2630.0,0.9,Severe
19-10-2025 16:00,Karnataka,Mysuru,57.85,3.22,5.63,46,1,0.0,2,2824.0,0.8,Severe
19-10-2025 17:00,Karnataka,Udupi,31.88,1.26,5.6,35,2,1.0,2,1586.0,-0.18,Moderate
19-10-2025 18:00,Kerala,Kozhikode,18.34,9.0,6.05,29,1,0.0,2,2533.0,-0.18,Severe
19-10-2025 19:00,Kerala,Kozhikode,27.77,7.1,6.33,41,2,0.0,8,3266.0,1.5750000000000002,Severe
19-10-2025 20:00,Gujarat,Bharuch,6.67,3.71,4.51,29,0,0.0,4,992.0,-0.06,Moderate
19-10-2025 21:00,Assam,Barpeta,9.13,1.15,6.22,28,2,0.0,2,1051.0,0.9,Moderate
19-10-2025 22:00,Uttar Pradesh,Varanasi,61.18,6.11,5.03,45,3,1.0,6,3227.0,1.05,Severe
19-10-2025 23:00,Kerala,Kozhikode,21.0,8.9,5.15,26,1,1.0,3,2610.0,-0.3,Severe
20-10-2025 00:00,Kerala,Kochi,29.86,6.66,4.23,33,1,2.0,3,2207.0,-0.06,Severe
20-10-2025 01:00,West Bengal,Murshidabad,38.87,1.67,5.77,53,4,0.0,3,2182.0,0.81,Severe
20-10-2025 02:00,Gujarat,Rajkot,29.67,4.22,4.28,32,0,1.0,4,2196.0,-0.26,Severe
20-10-2025 03:00,Kerala,Kozhikode,39.91,1.87,6.74,53,3,0.0,4,1982.0,-0.13,Moderate
20-10-2025 04:00,Maharashtra,Mumbai,59.79,8.3,5.86,57,0,0.0,8,2731.0,0.26,Severe
20-10-2025 05:00,West Bengal,Kolkata,17.64,3.64,6.97,26,1,0.0,5,1700.0,0.29,Moderate
20-10-2025 06:00,Assam,Jorhat,61.97,6.87,4.74,36,2,0.0,3,3631.0,0.84,Severe
20-10-2025 07:00,Tamil Nadu,Coimbatore,38.76,1.68,6.04,30,0,1.0,4,2193.0,0.6,Moderate
20-10-2025 08:00,West Bengal,Darjeeling,47.46,2.03,6.89,34,0,2.0,4,1075.0,0.44,Moderate
20-10-2025 09:00,Tamil Nadu,Coimbatore,59.25,6.44,4.9,33,3,2.0,2,3258.0,0.28,Severe
20-10-2025 10:00,Karnataka,Mysuru,35.01,7.75,4.29,38,2,1.0,5,2919.0,-0.12,Severe
20-10-2025 11:00,Gujarat,Rajkot,104.02124999999998,2.61,5.9,66,3,1.0,4,4237.0,0.9,Severe
20-10-2025 12:00,Assam,Guwahati,12.2,4.35,5.1,21,0,0.0,4,2032.0,0.41,Moderate
20-10-2025 13:00,Gujarat,Vadodara,60.21,5.96,4.82,54,4,1.0,4,2357.0,0.65,Severe
20-10-2025 14:00,Assam,Dhemaji,20.31,7.37,6.98,40,1,0.0,5,2215.0,0.45,Severe
20-10-2025 15:00,Gujarat,Rajkot,40.57,6.03,6.26,46,1,0.0,3,2089.0,0.4,Severe
20-10-2025 16:00,West Bengal,Darjeeling,29.34,1.76,5.46,37,0,1.0,6,1488.0,0.4,Moderate
20-10-2025 17:00,Gujarat,Bharuch,27.99,5.34,4.15,27,0,1.0,6,1900.0,0.35,Severe
20-10-2025 18:00,Bihar,Gaya,26.23,8.08,4.57,32,1,0.0,5,2521.0,0.29,Severe
20-10-2025 19:00,Assam,Jorhat,47.2,7.94,4.9,35,1,1.0,7,3121.0,0.08,Severe
20-10-2025 20:00,Tamil Nadu,Coimbatore,14.96,5.68,5.46,24,1,0.0,6,2052.0,0.59,Severe
20-10-2025 21:00,Assam,Dhemaji,19.37,8.97,5.49,16,1,2.0,2,1706.0,0.86,Severe
20-10-2025 22:00,Karnataka,Udupi,13.79,1.84,4.07,29,1,1.0,1,1064.0,0.46,Moderate
20-10-2025 23:00,Maharashtra,Nashik,84.68,4.83,6.83,56,0,0.0,3,3244.0,1.07,Severe
21-10-2025 00:00,Bihar,Darbhanga,55.32,7.2,5.63,47,0,0.0,5,3094.0,0.14,Severe
21-10-2025 01:00,Odisha,Kendrapara,20.18,2.13,4.06,38,2,0.0,5,1055.0,1.32,Severe
21-10-2025 02:00,Assam,Jorhat,45.2,8.78,6.1,52,2,0.0,4,2642.0,0.55,Severe
21-10-2025 03:00,Kerala,Kozhikode,14.2,3.83,4.21,31,1,0.0,5,1023.0,-0.865,Moderate
21-10-2025 04:00,West Bengal,Howrah,33.33,3.8,6.16,46,2,0.0,4,1137.0,1.21,Severe
21-10-2025 05:00,West Bengal,Darjeeling,26.52,2.71,6.1,47,3,1.0,3,1540.0,-0.08,Moderate
21-10-2025 06:00,Gujarat,Rajkot,26.2,3.3,6.95,33,1,1.0,4,1296.0,0.44,Moderate
21-10-2025 07:00,Gujarat,Surat,23.11,5.62,5.03,26,1,0.0,4,2422.0,0.58,Severe
21-10-2025 08:00,West Bengal,Darjeeling,104.02124999999998,4.43,4.43,66,3,1.0,3,4431.0,0.38,Severe
21-10-2025 09:00,Uttar Pradesh,Prayagraj,51.35,2.55,4.28,36,1,0.0,3,1585.0,0.3,Moderate
21-10-2025 10:00,Bihar,Gaya,104.02124999999998,7.47,4.22,66,2,2.5,3,3399.0,0.06,Severe
21-10-2025 11:00,Bihar,Patna,22.25,1.5,6.43,25,1,0.0,5,1882.0,0.12,Moderate
21-10-2025 12:00,Tamil Nadu,Madurai,14.48,7.68,6.16,26,2,0.0,6,2292.0,0.88,Severe
21-10-2025 13:00,Assam,Dhemaji,38.79,3.2,6.93,34,4,0.0,2,2252.0,-0.11,Moderate
21-10-2025 14:00,Odisha,Cuttack,33.3,4.97,4.93,35,1,0.0,4,2484.0,0.37,Severe
21-10-2025 15:00,West Bengal,Kolkata,51.27,4.05,6.41,47,0,0.0,2,2750.0,0.67,Severe
21-10-2025 16:00,Assam,Dhemaji,61.78,5.56,4.28,52,2,0.0,2,2870.0,-0.12,Severe
21-10-2025 17:00,Bihar,Patna,5.82,7.37,6.71,34,2,0.0,4,1006.0,0.56,Severe
21-10-2025 18:00,Karnataka,Kodagu,104.02124999999998,8.91,4.16,66,4,2.0,6,3690.0,0.82,Severe
21-10-2025 19:00,West Bengal,Murshidabad,40.01,3.45,6.36,38,0,1.0,6,1811.0,0.51,Severe
21-10-2025 20:00,Assam,Barpeta,49.03,5.43,4.92,37,2,0.0,4,2997.0,0.86,Severe
21-10-2025 21:00,Bihar,Darbhanga,85.67,4.73,4.54,46,4,1.0,4,2688.0,0.33,Severe
21-10-2025 22:00,Maharashtra,Pune,17.34,8.99,6.11,26,2,0.0,3,2027.0,-0.03,Severe
21-10-2025 23:00,Bihar,Bhagalpur,30.33,7.47,6.69,31,1,0.0,4,2391.0,0.28,Severe
22-10-2025 00:00,Gujarat,Vadodara,13.24,4.18,6.29,35,3,0.0,4,1223.0,-0.26,Moderate
22-10-2025 01:00,Kerala,Kochi,15.15,4.82,4.94,40,0,0.0,7,1637.0,1.42,Severe
22-10-2025 02:00,Uttar Pradesh,Gorakhpur,61.97,2.97,5.06,49,1,0.0,2,2662.0,0.35,Severe
22-10-2025 03:00,Uttar Pradesh,Kanpur,79.7,7.04,4.57,50,3,1.0,8,3177.0,-0.5,Severe
22-10-2025 04:00,Gujarat,Surat,8.71,7.76,6.47,35,1,1.0,7,2448.0,0.06,Severe
22-10-2025 05:00,Gujarat,Surat,41.89,8.72,4.32,40,0,0.0,2,2806.0,0.26,Severe
22-10-2025 06:00,West Bengal,Howrah,68.7,5.53,6.71,46,1,0.0,4,2934.0,-0.23,Severe
22-10-2025 07:00,Maharashtra,Nashik,59.76,6.37,5.8,55,0,1.0,1,2920.0,-0.23,Severe
22-10-2025 08:00,Maharashtra,Kolhapur,36.04,4.57,5.77,32,1,1.0,8,2007.0,0.2,Severe
22-10-2025 09:00,West Bengal,Howrah,41.63,5.87,6.51,44,3,1.0,2,2818.0,0.59,Severe
22-10-2025 10:00,Assam,Dibrugarh,42.42,3.79,6.0,34,0,0.0,2,2047.0,0.78,Moderate
22-10-2025 11:00,West Bengal,Kolkata,40.09,6.9,4.91,47,0,0.0,0,2469.0,0.85,Severe
22-10-2025 12:00,Odisha,Kendrapara,46.19,1.18,5.05,43,2,1.0,6,2397.0,0.08,Moderate
22-10-2025 13:00,Odisha,Kendrapara,28.16,1.23,4.52,37,0,1.0,3,1404.0,-0.85,Moderate
22-10-2025 14:00,Uttar Pradesh,Gorakhpur,104.02124999999998,6.73,5.39,61,5,2.0,6,4592.375,1.15,Severe
22-10-2025 15:00,Bihar,Patna,17.21,8.45,4.33,45,0,2.0,3,2896.0,0.25,Severe
22-10-2025 16:00,West Bengal,Malda,71.53,6.06,5.96,61,2,0.0,6,3817.0,0.15,Severe
22-10-2025 17:00,West Bengal,Kolkata,19.5,6.81,4.51,31,1,2.0,3,2476.0,0.91,Severe
22-10-2025 18:00,Assam,Dibrugarh,47.86,7.59,6.59,39,3,1.0,4,2573.0,0.21,Severe
22-10-2025 19:00,Tamil Nadu,Madurai,19.86,3.89,6.1,32,0,1.0,3,1814.0,0.57,Severe
22-10-2025 20:00,Uttar Pradesh,Lucknow,46.03,1.86,6.67,39,0,0.0,4,1171.0,0.46,Moderate
22-10-2025 21:00,Uttar Pradesh,Lucknow,31.93,8.46,4.26,36,1,0.0,3,963.0,-0.21,Severe
22-10-2025 22:00,Uttar Pradesh,Kanpur,52.87,8.51,6.4,58,0,0.0,5,3356.0,-0.14,Severe
22-10-2025 23:00,Bihar,Darbhanga,18.24,4.53,6.64,18,3,0.0,5,909.0,0.25,Severe
23-10-2025 00:00,Gujarat,Ahmedabad,17.95,2.74,4.13,22,1,0.0,7,788.0,0.34,Moderate
23-10-2025 01:00,Karnataka,Mangaluru,94.36,8.14,7.0,63,1,0.0,4,4337.0,0.07,Severe
23-10-2025 02:00,Tamil Nadu,Coimbatore,29.28,6.67,4.9,31,1,1.0,3,1206.0,0.07,Severe
23-10-2025 03:00,Bihar,Gaya,43.5,1.07,4.64,38,1,0.0,4,1498.0,0.32,Moderate
23-10-2025 04:00,Odisha,Puri,8.06,1.86,5.24,26,3,0.0,6,633.0,0.03,Moderate
23-10-2025 05:00,Assam,Guwahati,34.82,8.87,4.03,35,1,1.0,5,2947.0,0.75,Severe
23-10-2025 06:00,Gujarat,Surat,24.2,1.31,6.66,38,0,0.0,1,1175.0,0.49,Low
23-10-2025 07:00,Odisha,Puri,104.02124999999998,3.26,4.81,65,4,2.0,3,3797.0,0.11,Severe
23-10-2025 08:00,Gujarat,Surat,23.19,5.39,5.56,40,1,0.0,6,2470.0,0.61,Severe
23-10-2025 09:00,Maharashtra,Nagpur,104.02124999999998,2.47,5.87,66,3,2.0,6,3911.0,0.95,Severe
23-10-2025 10:00,Uttar Pradesh,Gorakhpur,22.52,2.86,6.37,28,0,1.0,3,874.0,0.43,Moderate
23-10-2025 11:00,Gujarat,Surat,49.88,3.82,4.75,37,1,0.0,4,2035.0,-0.3,Moderate
23-10-2025 12:00,Kerala,Alappuzha,94.79,3.16,6.15,66,4,2.0,3,3871.0,1.06,Severe
23-10-2025 13:00,Uttar Pradesh,Gorakhpur,30.16,7.43,4.35,30,1,0.0,6,2877.0,1.1,Severe
23-10-2025 14:00,Uttar Pradesh,Lucknow,91.27,5.0,6.11,66,1,0.0,2,3331.0,0.91,Severe
23-10-2025 15:00,Assam,Guwahati,59.33,3.23,6.76,45,2,1.0,6,2666.0,0.63,Severe
23-10-2025 16:00,Tamil Nadu,Chennai,34.58,3.5,4.26,35,0,0.0,4,1720.0,0.58,Moderate
23-10-2025 17:00,Odisha,Balasore,45.14,1.32,4.35,40,1,0.0,3,1910.0,0.41,Moderate
23-10-2025 18:00,Gujarat,Ahmedabad,79.75,1.4,5.67,51,0,1.0,4,3041.0,0.39,Severe
23-10-2025 19:00,Gujarat,Surat,43.42,6.74,4.14,37,3,1.0,3,2651.0,-0.17,Severe
23-10-2025 20:00,Maharashtra,Pune,11.02,1.9,4.56,34,0,0.0,3,1106.0,-0.16,Low
23-10-2025 21:00,Uttar Pradesh,Prayagraj,59.47,4.81,4.57,34,5,0.0,1,2436.0,-0.05,Severe
23-10-2025 22:00,West Bengal,Kolkata,61.0,7.74,5.44,41,1,1.0,8,3013.0,-0.55,Severe
23-10-2025 23:00,Karnataka,Udupi,42.38,3.95,4.75,38,2,1.0,3,2402.0,-0.21,Severe
24-10-2025 00:00,West Bengal,Murshidabad,22.83,3.77,5.43,29,5,0.0,6,1222.0,0.35,Severe
24-10-2025 01:00,Gujarat,Rajkot,57.13,7.98,5.56,52,1,2.0,2,2347.0,-0.66,Severe
24-10-2025 02:00,West Bengal,Malda,13.08,7.92,6.19,22,1,1.0,3,2148.0,-0.08,Severe
24-10-2025 03:00,Assam,Dhemaji,44.68,8.04,6.84,42,0,0.0,4,3294.0,0.25,Severe
24-10-2025 04:00,Kerala,Kozhikode,43.23,5.58,5.51,47,0,1.0,2,3064.0,0.01,Severe
24-10-2025 05:00,Gujarat,Ahmedabad,35.54,8.62,5.07,37,3,0.0,6,2544.0,0.2,Severe
24-10-2025 06:00,Gujarat,Vadodara,70.36,7.55,4.78,50,4,2.0,2,3367.0,0.48,Severe
24-10-2025 07:00,Kerala,Kottayam,25.79,4.33,5.9,28,1,0.0,3,1545.0,0.78,Severe
24-10-2025 08:00,Odisha,Cuttack,16.55,6.04,6.83,33,1,0.0,7,2116.0,0.02,Severe
24-10-2025 09:00,Kerala,Kochi,18.77,1.97,6.29,21,0,0.0,3,1250.0,0.21,Low
24-10-2025 10:00,West Bengal,Malda,71.88,5.41,4.62,56,3,1.0,8,3492.0,-0.65,Severe
24-10-2025 11:00,Assam,Barpeta,50.86,3.11,6.68,54,3,1.0,2,2670.0,0.62,Severe
24-10-2025 12:00,Maharashtra,Nagpur,48.16,3.27,6.21,34,2,0.0,2,2538.0,-0.04,Moderate
24-10-2025 13:00,Odisha,Bhubaneswar,45.11,2.01,4.38,37,3,0.0,4,1030.0,0.5,Moderate
24-10-2025 14:00,Bihar,Patna,30.23,3.87,6.14,48,0,0.0,5,2221.0,0.21,Severe
24-10-2025 15:00,Maharashtra,Nashik,15.38,4.85,4.87,38,3,1.0,5,1605.0,1.35,Severe
24-10-2025 16:00,Tamil Nadu,Tiruppur,16.22,5.8,5.47,29,3,0.0,5,1262.0,1.17,Severe
24-10-2025 17:00,Tamil Nadu,Tiruppur,46.15,3.44,4.9,39,5,1.0,2,2300.0,0.63,Severe
24-10-2025 18:00,Tamil Nadu,Madurai,25.19,7.34,4.25,34,0,0.0,6,2261.0,0.54,Severe
24-10-2025 19:00,Tamil Nadu,Coimbatore,19.75,5.17,6.31,26,0,1.0,4,1355.0,0.46,Severe
24-10-2025 20:00,Assam,Jorhat,30.88,6.1,6.49,24,0,0.0,3,2126.0,0.14,Severe
24-10-2025 21:00,Maharashtra,Pune,74.76,3.23,4.7,48,2,1.0,6,3385.0,0.0,Severe
24-10-2025 22:00,Uttar Pradesh,Lucknow,37.39,7.51,4.72,39,3,2.0,2,3055.0,-0.07,Severe
24-10-2025 23:00,Karnataka,Bengaluru,103.03,5.99,5.29,66,1,0.0,6,4025.0,0.06,Severe
25-10-2025 00:00,Odisha,Kendrapara,48.42,7.9,6.43,42,1,0.0,2,3033.0,0.54,Severe
25-10-2025 01:00,Bihar,Darbhanga,104.02124999999998,2.28,4.23,66,4,2.5,4,4592.375,0.24,Severe
25-10-2025 02:00,West Bengal,Darjeeling,42.45,4.05,6.43,43,3,0.0,2,1309.0,-0.57,Severe
25-10-2025 03:00,Gujarat,Rajkot,39.73,1.9,6.77,37,2,1.0,3,1587.0,1.5,Severe
25-10-2025 04:00,Tamil Nadu,Thanjavur,37.92,2.72,5.68,46,1,0.0,0,2949.0,0.28,Moderate
25-10-2025 05:00,Bihar,Darbhanga,24.54,4.16,4.18,30,0,1.0,7,1935.0,1.32,Severe
25-10-2025 06:00,Gujarat,Ahmedabad,29.37,8.16,4.81,34,4,1.0,1,3056.0,0.17,Severe
25-10-2025 07:00,Karnataka,Bengaluru,104.02124999999998,5.46,4.33,64,2,2.5,7,2717.0,0.24,Severe
25-10-2025 08:00,Bihar,Darbhanga,25.28,3.64,4.78,31,1,0.0,1,1470.0,0.77,Moderate
25-10-2025 09:00,Maharashtra,Nashik,37.94,6.98,6.44,36,1,2.0,4,2679.0,0.22,Severe
25-10-2025 10:00,Bihar,Bhagalpur,38.14,1.16,4.17,43,2,0.0,5,1146.0,0.53,Moderate
25-10-2025 11:00,Tamil Nadu,Chennai,27.18,3.96,4.85,33,1,0.0,5,1973.0,0.2,Moderate
25-10-2025 12:00,Karnataka,Mysuru,26.55,5.81,5.55,30,3,1.0,2,1695.0,0.13,Severe
25-10-2025 13:00,West Bengal,Murshidabad,32.13,5.67,6.62,36,2,0.0,3,1839.0,1.04,Severe
25-10-2025 14:00,Uttar Pradesh,Kanpur,59.38,5.86,4.75,41,1,1.0,2,2963.0,-0.19,Severe
25-10-2025 15:00,Kerala,Kottayam,82.5,2.69,6.33,64,1,2.5,1,3241.0,0.12,Severe
25-10-2025 16:00,Tamil Nadu,Coimbatore,12.61,3.7,5.75,32,1,0.0,4,1036.0,1.17,Severe
25-10-2025 17:00,Gujarat,Vadodara,102.38,8.45,6.03,66,5,2.0,7,4189.0,0.2,Severe
25-10-2025 18:00,Karnataka,Mysuru,54.16,8.79,6.59,43,1,0.0,3,3582.0,-0.31,Severe
25-10-2025 19:00,Maharashtra,Nagpur,55.85,3.5,4.08,40,2,0.0,2,1554.0,0.63,Severe
25-10-2025 20:00,Assam,Dhemaji,20.78,6.16,5.59,35,1,1.0,5,1758.0,0.33,Severe
25-10-2025 21:00,Karnataka,Udupi,104.02124999999998,2.93,6.24,66,5,2.5,7,4442.0,0.55,Severe
25-10-2025 22:00,Gujarat,Ahmedabad,18.93,3.95,6.65,36,1,1.0,5,1473.0,0.38,Severe
25-10-2025 23:00,Kerala,Alappuzha,39.98,7.34,4.4,39,0,1.0,5,1528.0,-0.15,Severe
26-10-2025 00:00,Kerala,Kozhikode,43.89,5.01,5.02,37,2,0.0,2,2215.0,0.46,Severe
26-10-2025 01:00,Odisha,Balasore,98.31,7.8,4.24,51,1,0.0,7,4592.375,0.92,Severe
26-10-2025 02:00,Uttar Pradesh,Gorakhpur,20.05,6.03,6.5,36,1,1.0,3,1771.0,0.12,Severe
26-10-2025 03:00,Gujarat,Rajkot,41.38,6.03,6.57,34,1,1.0,7,2250.0,-0.05,Severe
26-10-2025 04:00,Kerala,Kottayam,8.97,1.27,5.45,28,0,0.0,7,0.0,0.27,Low
26-10-2025 05:00,Odisha,Cuttack,36.06,7.0,4.06,51,1,0.0,7,2150.0,0.26,Severe
26-10-2025 06:00,Odisha,Cuttack,46.52,8.82,4.31,38,2,1.0,5,3192.0,0.21,Severe
26-10-2025 07:00,Odisha,Cuttack,23.71,4.78,5.87,34,0,0.0,8,2127.0,0.91,Severe
26-10-2025 08:00,Karnataka,Mangaluru,10.75,2.27,6.95,25,3,0.0,2,1229.0,0.46,Moderate
26-10-2025 09:00,Odisha,Bhubaneswar,104.02124999999998,8.82,6.52,66,5,0.0,2,4266.0,1.1,Severe
26-10-2025 10:00,Tamil Nadu,Tiruppur,15.09,3.32,6.39,27,2,0.0,8,1475.0,0.45,Severe
26-10-2025 11:00,Gujarat,Surat,16.64,4.27,5.25,22,0,0.0,8,847.0,0.51,Moderate
26-10-2025 12:00,Tamil Nadu,Coimbatore,20.73,1.62,6.96,30,0,0.0,8,1627.0,1.33,Moderate
26-10-2025 13:00,Assam,Dibrugarh,77.48,1.89,6.47,49,3,2.5,2,2693.0,0.5,Severe
26-10-2025 14:00,Kerala,Kozhikode,32.87,2.73,5.01,44,0,1.0,4,1942.0,0.24,Moderate
26-10-2025 15:00,Uttar Pradesh,Varanasi,9.09,5.39,6.25,36,0,0.0,2,1346.0,-0.07,Moderate
26-10-2025 16:00,Odisha,Puri,21.06,5.46,5.3,23,1,0.0,2,1347.0,-0.03,Moderate
26-10-2025 17:00,Maharashtra,Pune,77.22,5.85,5.98,45,1,0.0,8,3697.0,0.16,Severe
26-10-2025 18:00,Maharashtra,Nagpur,11.5,5.67,6.91,34,0,0.0,4,1363.0,0.24,Severe
26-10-2025 19:00,Kerala,Kochi,14.99,4.96,4.74,19,1,1.0,2,944.0,-0.58,Moderate
26-10-2025 20:00,Assam,Dhemaji,15.87,7.42,6.39,30,0,0.0,5,2427.0,0.34,Severe
26-10-2025 21:00,Maharashtra,Mumbai,33.77,8.47,5.77,29,1,0.0,5,2382.0,-0.865,Severe
26-10-2025 22:00,Tamil Nadu,Coimbatore,38.52,3.16,6.85,33,2,0.0,5,2134.0,0.92,Severe
26-10-2025 23:00,Bihar,Patna,30.08,2.04,4.4,44,1,0.0,2,1481.0,-0.5,Moderate
27-10-2025 00:00,Karnataka,Bengaluru,32.64,4.4,6.16,36,1,1.0,5,1919.0,0.43,Severe
27-10-2025 01:00,West Bengal,Howrah,13.82,1.21,4.11,31,0,1.0,5,758.0,0.42,Moderate
27-10-2025 02:00,Maharashtra,Nagpur,29.75,8.07,4.74,39,0,0.0,4,2507.0,0.95,Severe
27-10-2025 03:00,Uttar Pradesh,Gorakhpur,29.31,2.92,4.96,32,0,0.0,4,1195.0,0.41,Moderate
27-10-2025 04:00,Odisha,Balasore,16.05,5.39,5.3,35,0,2.0,3,2036.0,0.31,Severe
27-10-2025 05:00,Uttar Pradesh,Gorakhpur,83.4,1.92,6.9,42,2,0.0,4,3456.0,0.49,Severe
27-10-2025 06:00,Gujarat,Bharuch,73.14,5.43,4.2,54,0,2.0,2,3919.0,0.11,Severe
27-10-2025 07:00,Karnataka,Bengaluru,12.11,1.31,4.51,45,1,0.0,5,2145.0,0.12,Moderate
27-10-2025 08:00,Tamil Nadu,Madurai,48.14,7.15,4.61,45,3,1.0,3,3623.0,0.45,Severe
27-10-2025 09:00,Assam,Dibrugarh,45.33,8.64,5.27,39,1,1.0,3,2743.0,0.22,Severe
27-10-2025 10:00,Karnataka,Mysuru,41.06,3.46,4.18,38,1,2.0,3,1966.0,0.64,Severe
27-10-2025 11:00,West Bengal,Malda,29.39,3.07,6.9,36,3,1.0,1,1292.0,-0.05,Moderate
27-10-2025 12:00,Bihar,Muzaffarpur,40.7,4.58,5.68,38,2,1.0,6,2462.0,0.78,Severe
27-10-2025 13:00,Maharashtra,Mumbai,30.46,5.96,6.44,31,0,0.0,5,1745.0,0.56,Severe
27-10-2025 14:00,Assam,Jorhat,20.64,2.51,6.32,36,0,0.0,6,1656.0,0.36,Moderate
27-10-2025 15:00,Assam,Jorhat,47.55,7.43,5.98,44,1,0.0,4,2493.0,-0.34,Severe
27-10-2025 16:00,Maharashtra,Pune,5.92,2.59,6.71,23,1,0.0,5,1129.0,0.73,Moderate
27-10-2025 17:00,Maharashtra,Nagpur,56.98,1.04,6.71,38,0,0.0,4,2535.0,1.23,Moderate
27-10-2025 18:00,Maharashtra,Mumbai,34.97,5.19,4.38,37,1,0.0,1,2250.0,0.14,Severe
27-10-2025 19:00,Maharashtra,Kolhapur,25.33,1.92,6.71,25,1,0.0,3,1835.0,0.74,Moderate
27-10-2025 20:00,Maharashtra,Nashik,55.82,6.59,5.57,32,0,0.0,5,3104.0,0.3,Severe
27-10-2025 21:00,Assam,Guwahati,41.1,2.34,4.8,32,0,0.0,1,1809.0,-0.14,Moderate
27-10-2025 22:00,Kerala,Alappuzha,83.75,7.54,5.83,52,2,0.0,3,3012.0,0.0,Severe
27-10-2025 23:00,Kerala,Kottayam,68.09,4.76,4.84,66,1,0.0,1,2865.0,0.3,Severe
28-10-2025 00:00,Uttar Pradesh,Prayagraj,16.32,5.53,5.44,35,2,1.0,3,2095.0,0.55,Severe
28-10-2025 01:00,Kerala,Alappuzha,23.89,2.49,6.45,24,0,1.0,4,934.0,-0.31,Moderate
28-10-2025 02:00,West Bengal,Howrah,21.15,2.17,4.1,34,1,1.0,3,2428.0,0.03,Moderate
28-10-2025 03:00,Kerala,Alappuzha,21.32,6.05,4.55,32,1,0.0,4,2294.0,0.36,Severe
28-10-2025 04:00,Assam,Guwahati,93.75,3.04,6.87,59,1,2.0,7,3348.0,-0.22,Severe
28-10-2025 05:00,Maharashtra,Mumbai,11.78,4.09,5.34,19,0,1.0,2,605.0,0.53,Moderate
28-10-2025 06:00,Odisha,Bhubaneswar,70.02,4.84,4.91,45,2,0.0,3,2952.0,1.13,Severe
28-10-2025 07:00,Odisha,Kendrapara,95.43,2.84,6.77,47,4,0.0,2,2728.0,0.3,Severe
28-10-2025 08:00,West Bengal,Malda,61.8,7.36,6.73,49,3,1.0,5,3243.0,0.68,Severe
28-10-2025 09:00,Gujarat,Ahmedabad,50.59,8.52,4.13,33,1,0.0,2,3298.0,-0.22,Severe
28-10-2025 10:00,Assam,Dhemaji,11.49,4.46,5.09,34,0,0.0,7,2202.0,0.07,Moderate
28-10-2025 11:00,Tamil Nadu,Tiruppur,9.71,8.34,6.74,34,0,0.0,4,2730.0,0.8,Severe
28-10-2025 12:00,Karnataka,Bengaluru,44.75,8.06,4.54,33,0,1.0,3,2528.0,-0.26,Severe
28-10-2025 13:00,Uttar Pradesh,Lucknow,28.65,2.33,5.73,39,1,1.0,3,1210.0,0.03,Moderate
28-10-2025 14:00,Tamil Nadu,Madurai,12.66,2.39,4.96,37,2,2.0,2,1391.0,0.86,Severe
28-10-2025 15:00,Assam,Guwahati,57.07,4.82,6.21,45,1,0.0,2,2633.0,0.08,Severe
28-10-2025 16:00,Kerala,Kozhikode,48.87,5.21,4.47,44,2,0.0,8,2344.0,-0.55,Severe
28-10-2025 17:00,Maharashtra,Mumbai,57.2,3.73,5.79,62,1,0.0,3,1968.0,0.1,Severe
28-10-2025 18:00,Tamil Nadu,Coimbatore,57.79,3.5,4.0,46,0,1.0,7,3074.0,1.13,Severe
28-10-2025 19:00,Karnataka,Kodagu,71.26,4.45,4.76,35,5,2.0,2,2442.0,1.0,Severe
28-10-2025 20:00,Gujarat,Bharuch,25.5,6.52,4.49,35,1,0.0,5,2518.0,0.31,Severe
28-10-2025 21:00,Odisha,Cuttack,13.86,1.68,4.63,33,1,0.0,3,0.0,0.24,Low
28-10-2025 22:00,Gujarat,Rajkot,90.89,6.68,6.58,62,3,0.0,3,3858.0,1.41,Severe
28-10-2025 23:00,Karnataka,Kodagu,9.69,8.41,6.74,33,0,2.0,2,2502.0,-0.07,Severe
29-10-2025 00:00,Maharashtra,Pune,10.81,7.11,6.27,26,0,1.0,2,2469.0,0.06,Severe
29-10-2025 01:00,Kerala,Alappuzha,21.18,2.53,5.77,24,2,1.0,4,720.0,0.83,Moderate
29-10-2025 02:00,Karnataka,Mysuru,83.25,1.7,4.69,61,0,1.0,2,2688.0,-0.04,Moderate
29-10-2025 03:00,Uttar Pradesh,Prayagraj,23.25,4.92,4.82,32,1,1.0,3,2203.0,0.52,Severe
29-10-2025 04:00,Karnataka,Udupi,10.92,8.65,4.93,37,1,0.0,3,2680.0,-0.21,Severe
29-10-2025 05:00,Assam,Guwahati,16.64,7.55,6.33,28,1,0.0,6,2021.0,1.02,Severe
29-10-2025 06:00,Kerala,Kozhikode,16.19,5.5,4.76,34,1,1.0,3,1341.0,0.16,Severe
29-10-2025 07:00,Maharashtra,Mumbai,39.06,2.14,6.92,46,0,1.0,1,2198.0,0.06,Moderate
29-10-2025 08:00,Odisha,Cuttack,19.39,6.71,6.39,34,0,1.0,5,2078.0,-0.03,Severe
29-10-2025 09:00,Odisha,Kendrapara,1.42,7.5,7.0,22,2,0.0,7,1465.0,-0.17,Severe
29-10-2025 10:00,Karnataka,Udupi,104.02124999999998,8.48,5.38,66,1,2.0,5,4592.375,0.19,Severe
29-10-2025 11:00,Assam,Jorhat,4.95,5.9,5.77,19,0,0.0,6,1384.0,-0.71,Moderate
29-10-2025 12:00,Tamil Nadu,Coimbatore,8.62,5.12,4.84,25,1,1.0,5,1901.0,-0.14,Severe
29-10-2025 13:00,Gujarat,Rajkot,55.74,5.95,5.81,44,1,1.0,3,2600.0,0.36,Severe
29-10-2025 14:00,Gujarat,Vadodara,12.96,8.55,6.92,23,1,0.0,3,2376.0,0.39,Severe
29-10-2025 15:00,Gujarat,Surat,52.42,6.03,4.09,37,0,2.0,6,3972.0,0.32,Severe
29-10-2025 16:00,Tamil Nadu,Tiruppur,45.81,3.06,4.87,47,0,2.5,7,1755.0,0.01,Severe
29-10-2025 17:00,Assam,Guwahati,22.55,6.09,4.84,37,1,1.0,8,575.0,1.03,Severe
29-10-2025 18:00,Gujarat,Surat,52.04,8.04,6.95,37,4,1.0,5,2906.0,0.74,Severe
29-10-2025 19:00,Uttar Pradesh,Kanpur,29.44,5.54,4.4,34,3,2.0,1,2704.0,0.3,Severe
29-10-2025 20:00,Tamil Nadu,Madurai,57.11,5.02,6.44,48,2,0.0,1,2700.0,0.3,Severe
29-10-2025 21:00,Tamil Nadu,Coimbatore,83.21,6.87,4.82,55,4,0.0,4,3142.0,0.14,Severe
29-10-2025 22:00,Maharashtra,Nashik,12.34,6.29,6.58,23,2,0.0,5,3656.0,0.06,Severe
29-10-2025 23:00,Maharashtra,Nagpur,37.79,1.45,5.46,38,0,0.0,8,1284.0,0.28,Moderate
30-10-2025 00:00,Kerala,Alappuzha,39.47,6.8,4.73,44,3,0.0,6,2468.0,0.78,Severe
30-10-2025 01:00,Uttar Pradesh,Kanpur,38.7,4.26,6.13,42,0,1.0,5,1252.0,0.15,Severe
30-10-2025 02:00,Uttar Pradesh,Varanasi,53.07,8.53,6.52,49,2,2.0,1,3139.0,0.93,Severe
30-10-2025 03:00,Kerala,Kozhikode,46.37,8.77,5.41,45,1,0.0,5,2353.0,0.06,Severe
30-10-2025 04:00,Uttar Pradesh,Gorakhpur,11.11,4.59,6.14,35,1,1.0,6,2242.0,1.02,Severe
30-10-2025 05:00,West Bengal,Darjeeling,13.04,8.75,4.54,27,3,0.0,1,1638.0,0.22,Severe
30-10-2025 06:00,Bihar,Darbhanga,26.96,3.49,6.81,26,2,0.0,3,1790.0,0.66,Moderate
30-10-2025 07:00,Gujarat,Surat,38.31,6.46,4.29,38,1,0.0,4,2542.0,1.37,Severe
30-10-2025 08:00,Maharashtra,Kolhapur,40.12,1.6,4.67,44,0,0.0,5,1849.0,1.44,Moderate
30-10-2025 09:00,Kerala,Kottayam,42.57,2.16,4.87,43,1,0.0,7,2281.0,-0.25,Moderate
30-10-2025 10:00,Kerala,Kottayam,47.99,7.92,4.46,43,0,0.0,2,3267.0,0.82,Severe
30-10-2025 11:00,Uttar Pradesh,Kanpur,47.06,8.15,5.22,54,2,2.5,8,2877.0,-0.07,Severe
30-10-2025 12:00,Tamil Nadu,Madurai,32.28,5.26,5.37,29,0,0.0,3,1428.0,0.52,Severe
30-10-2025 13:00,Odisha,Bhubaneswar,83.56,3.72,5.56,52,3,0.0,2,2670.0,0.57,Severe
30-10-2025 14:00,Karnataka,Kodagu,10.09,4.61,4.12,30,1,2.0,7,1353.0,0.74,Severe
30-10-2025 15:00,Karnataka,Bengaluru,5.14,7.96,4.66,29,1,1.0,1,1900.0,-0.23,Severe
30-10-2025 16:00,Kerala,Kochi,37.13,2.69,6.42,22,0,0.0,3,1332.0,-0.18,Moderate
30-10-2025 17:00,Gujarat,Ahmedabad,43.78,3.36,6.43,34,1,0.0,5,1454.0,-0.02,Moderate
30-10-2025 18:00,West Bengal,Kolkata,37.06,7.28,4.99,35,1,0.0,6,4129.0,0.61,Severe
30-10-2025 19:00,Gujarat,Surat,22.68,8.48,5.38,29,1,1.0,3,2075.0,0.46,Severe
30-10-2025 20:00,Kerala,Kottayam,45.45,1.74,4.55,30,0,0.0,3,1897.0,0.54,Moderate
30-10-2025 21:00,Gujarat,Ahmedabad,15.61,7.43,6.47,32,0,1.0,5,2484.0,-0.18,Severe
30-10-2025 22:00,Maharashtra,Nashik,9.09,6.16,6.87,37,1,0.0,5,1863.0,0.43,Severe
30-10-2025 23:00,Gujarat,Ahmedabad,68.23,2.85,4.87,49,3,0.0,6,2323.0,0.05,Severe
31-10-2025 00:00,Uttar Pradesh,Prayagraj,20.78,7.05,6.35,23,2,0.0,5,2404.0,0.07,Severe
31-10-2025 01:00,Uttar Pradesh,Kanpur,35.97,6.82,5.06,51,0,0.0,5,3044.0,0.29,Severe
31-10-2025 02:00,West Bengal,Darjeeling,18.88,2.14,4.01,27,0,1.0,5,1000.0,-0.33,Moderate
31-10-2025 03:00,Maharashtra,Nashik,21.41,5.02,5.8,38,1,0.0,4,2384.0,0.59,Severe
31-10-2025 04:00,Odisha,Bhubaneswar,59.15,7.07,5.23,39,0,2.0,7,3366.0,-0.29,Severe
31-10-2025 05:00,Tamil Nadu,Coimbatore,33.8,2.53,6.28,39,4,0.0,2,1595.0,0.16,Moderate
31-10-2025 06:00,Maharashtra,Nashik,34.13,4.7,6.25,38,1,0.0,1,1890.0,0.68,Severe
31-10-2025 07:00,Assam,Dhemaji,8.94,1.97,6.84,33,2,0.0,6,2156.0,-0.33,Moderate
31-10-2025 08:00,Bihar,Gaya,31.88,3.45,5.31,31,2,0.0,7,2271.0,-0.28,Severe
31-10-2025 09:00,Kerala,Thrissur,18.29,2.74,5.45,45,0,0.0,4,1094.0,0.82,Moderate
31-10-2025 10:00,Assam,Jorhat,104.02124999999998,5.04,5.2,66,2,0.0,3,4011.0,-0.13,Severe
31-10-2025 11:00,West Bengal,Kolkata,16.81,2.13,4.89,25,2,0.0,3,487.0,0.79,Moderate
31-10-2025 12:00,Assam,Dhemaji,82.06,4.07,5.91,52,4,0.0,5,2603.0,0.55,Severe
31-10-2025 13:00,Uttar Pradesh,Prayagraj,37.42,3.2,6.48,36,0,0.0,5,2224.0,-0.25,Moderate
31-10-2025 14:00,Gujarat,Surat,12.33,6.97,4.47,20,1,0.0,1,2054.0,0.43,Severe
31-10-2025 15:00,Tamil Nadu,Chennai,58.95,6.6,6.95,41,1,0.0,2,2676.0,0.55,Severe
31-10-2025 16:00,Karnataka,Udupi,79.02,1.76,6.05,50,0,0.0,2,2869.0,-0.28,Moderate
31-10-2025 17:00,Kerala,Kottayam,102.6,8.63,6.34,66,4,0.0,2,3247.0,0.38,Severe
31-10-2025 18:00,Karnataka,Bengaluru,40.63,6.96,7.0,30,0,1.0,7,3041.0,0.73,Severe
31-10-2025 19:00,Gujarat,Ahmedabad,18.44,5.93,5.51,31,1,0.0,5,2656.0,0.31,Severe
31-10-2025 20:00,Uttar Pradesh,Kanpur,18.07,4.82,4.21,28,0,0.0,3,2064.0,0.42,Severe
31-10-2025 21:00,Uttar Pradesh,Varanasi,42.32,2.42,6.37,42,1,0.0,3,2063.0,0.29,Moderate
31-10-2025 22:00,Gujarat,Vadodara,8.66,8.7,6.61,40,0,2.0,1,2335.0,0.81,Severe
31-10-2025 23:00,Kerala,Alappuzha,12.91,1.06,4.49,30,0,0.0,1,0.0,0.31,Low
01-11-2025 00:00,Karnataka,Kodagu,34.01,6.54,4.07,31,0,1.0,7,2592.0,0.04,Severe
01-11-2025 01:00,Maharashtra,Nashik,57.63,5.06,4.41,45,1,0.0,4,2231.0,0.25,Severe
01-11-2025 02:00,Uttar Pradesh,Prayagraj,26.55,8.22,4.97,31,1,1.0,2,3027.0,-0.35,Severe
01-11-2025 03:00,Karnataka,Mangaluru,101.28,4.05,6.77,66,1,2.0,6,4138.0,-0.865,Severe
01-11-2025 04:00,Odisha,Kendrapara,45.4,5.15,4.01,32,3,0.0,5,2852.0,-0.02,Severe
01-11-2025 05:00,Karnataka,Udupi,24.99,6.94,6.41,45,1,0.0,5,1882.0,1.04,Severe
01-11-2025 06:00,Odisha,Cuttack,18.61,1.38,6.56,39,2,0.0,5,713.0,0.81,Moderate
01-11-2025 07:00,Odisha,Puri,13.62,1.44,6.43,34,1,2.0,4,1398.0,-0.39,Moderate
01-11-2025 08:00,Uttar Pradesh,Gorakhpur,52.71,2.69,4.25,42,2,1.0,7,1927.0,-0.12,Severe
01-11-2025 09:00,Kerala,Thrissur,17.07,2.17,6.04,27,1,1.0,4,801.0,0.07,Moderate
01-11-2025 10:00,West Bengal,Murshidabad,42.41,1.05,6.86,49,0,1.0,1,1031.0,0.26,Moderate
01-11-2025 11:00,Uttar Pradesh,Lucknow,10.72,5.98,4.36,23,0,0.0,4,2572.0,-0.11,Severe
01-11-2025 12:00,Kerala,Alappuzha,12.89,7.37,4.1,24,0,0.0,6,1586.0,0.07,Severe
01-11-2025 13:00,Kerala,Kottayam,31.84,8.66,6.62,55,0,1.0,1,3000.0,0.81,Severe
01-11-2025 14:00,Assam,Barpeta,13.03,4.53,5.93,28,2,1.0,3,1320.0,-0.1,Moderate
01-11-2025 15:00,Gujarat,Vadodara,69.89,3.24,5.94,39,2,1.0,3,2520.0,0.6,Severe
01-11-2025 16:00,Gujarat,Bharuch,6.85,7.91,6.89,28,0,0.0,0,2476.0,0.69,Severe
01-11-2025 17:00,Gujarat,Bharuch,11.11,7.76,6.31,25,1,1.0,6,2110.0,1.43,Severe
01-11-2025 18:00,Bihar,Patna,73.53,6.0,5.19,47,1,0.0,5,3474.0,0.04,Severe
01-11-2025 19:00,Uttar Pradesh,Prayagraj,66.03,3.19,5.31,44,4,2.0,2,3017.0,-0.15,Severe
01-11-2025 20:00,Kerala,Thrissur,74.04,8.27,4.43,61,1,0.0,3,3977.0,-0.42,Severe
01-11-2025 21:00,Assam,Dhemaji,14.34,2.43,4.91,34,4,0.0,3,994.0,0.65,Moderate
01-11-2025 22:00,Odisha,Balasore,31.13,1.35,5.34,36,3,0.0,4,1324.0,0.54,Moderate
01-11-2025 23:00,West Bengal,Kolkata,37.45,7.37,4.78,43,1,0.0,3,3068.0,0.3,Severe
02-11-2025 00:00,West Bengal,Malda,26.5,5.51,6.75,31,1,2.0,3,2914.0,0.5,Severe
02-11-2025 01:00,Odisha,Cuttack,48.99,2.97,4.04,35,0,0.0,3,2019.0,0.39,Moderate
02-11-2025 02:00,Karnataka,Mangaluru,63.04,6.37,5.76,44,2,0.0,7,4073.0,0.17,Severe
02-11-2025 03:00,Karnataka,Mangaluru,30.24,7.13,6.31,37,1,0.0,7,2352.0,0.2,Severe
02-11-2025 04:00,Gujarat,Rajkot,12.1,7.76,6.2,32,1,2.0,2,1932.0,0.31,Severe
02-11-2025 05:00,Uttar Pradesh,Prayagraj,48.04,3.26,5.93,50,0,1.0,2,2922.0,1.45,Severe
02-11-2025 06:00,Bihar,Muzaffarpur,35.53,1.2,5.23,32,1,2.0,4,1265.0,0.76,Moderate
02-11-2025 07:00,Assam,Barpeta,58.39,5.08,6.76,45,2,0.0,2,3237.0,-0.17,Severe
02-11-2025 08:00,West Bengal,Murshidabad,49.11,7.85,4.99,52,0,2.0,7,3500.0,0.53,Severe
02-11-2025 09:00,Gujarat,Surat,76.2,2.66,6.25,66,0,2.0,4,3482.0,0.35,Severe
02-11-2025 10:00,Tamil Nadu,Madurai,35.02,4.37,6.78,38,1,0.0,8,1806.0,1.16,Severe
02-11-2025 11:00,Gujarat,Ahmedabad,89.19,3.05,4.39,54,2,1.0,4,3419.0,0.92,Severe
02-11-2025 12:00,Tamil Nadu,Chennai,86.19,1.11,6.84,57,2,2.0,7,3446.0,0.3,Severe
02-11-2025 13:00,Maharashtra,Pune,53.79,8.19,6.33,64,1,0.0,4,3087.0,0.34,Severe
02-11-2025 14:00,Kerala,Kozhikode,64.13,2.08,5.85,44,3,0.0,2,2627.0,-0.16,Moderate
02-11-2025 15:00,Odisha,Cuttack,76.73,7.13,5.12,60,5,2.0,5,2933.0,0.64,Severe
02-11-2025 16:00,Kerala,Thrissur,28.11,3.77,6.71,33,1,1.0,3,1551.0,0.87,Severe
02-11-2025 17:00,Gujarat,Ahmedabad,77.56,3.22,4.13,58,2,1.0,8,2311.0,0.4,Severe
02-11-2025 18:00,Kerala,Kottayam,42.76,8.53,5.3,43,0,0.0,2,2899.0,0.47,Severe
02-11-2025 19:00,Assam,Guwahati,55.52,6.26,6.27,30,3,0.0,6,3046.0,0.2,Severe
02-11-2025 20:00,Maharashtra,Kolhapur,61.54,6.5,6.43,51,3,0.0,5,4442.0,0.75,Severe
02-11-2025 21:00,Bihar,Gaya,53.78,7.08,4.61,43,2,0.0,4,1835.0,-0.25,Severe
02-11-2025 22:00,Maharashtra,Mumbai,36.8,3.73,4.14,41,2,0.0,4,1997.0,-0.15,Severe
02-11-2025 23:00,West Bengal,Malda,68.6,5.51,6.41,51,3,0.0,3,2947.0,0.77,Severe
03-11-2025 00:00,Assam,Jorhat,104.02124999999998,3.16,5.27,66,1,2.5,5,3615.0,-0.28,Severe
03-11-2025 01:00,Kerala,Alappuzha,104.02124999999998,7.68,4.43,66,1,1.0,2,4592.375,0.06,Severe
03-11-2025 02:00,Bihar,Gaya,45.22,5.79,4.26,31,0,0.0,4,2010.0,0.22,Severe
03-11-2025 03:00,Kerala,Kochi,72.94,2.95,5.92,62,1,2.0,2,2916.0,0.56,Severe
03-11-2025 04:00,Uttar Pradesh,Kanpur,104.02124999999998,8.2,5.75,66,1,2.0,5,4592.375,0.42,Severe
03-11-2025 05:00,Uttar Pradesh,Gorakhpur,25.69,5.65,6.56,43,1,1.0,3,1405.0,-0.865,Severe
03-11-2025 06:00,Karnataka,Mangaluru,55.04,4.96,4.09,51,1,0.0,6,2716.0,0.61,Severe
03-11-2025 07:00,Maharashtra,Pune,56.2,1.28,6.61,43,0,0.0,5,3437.0,0.25,Moderate
03-11-2025 08:00,Bihar,Darbhanga,104.02124999999998,8.28,6.66,66,3,2.5,4,4592.375,0.83,Severe
03-11-2025 09:00,Uttar Pradesh,Gorakhpur,84.24,8.62,5.34,51,3,0.0,4,4332.0,-0.09,Severe
03-11-2025 10:00,Karnataka,Udupi,36.71,5.5,4.23,43,1,0.0,7,2859.0,1.06,Severe
03-11-2025 11:00,Assam,Barpeta,40.29,4.54,6.84,39,1,2.0,6,2121.0,-0.18,Severe
03-11-2025 12:00,Bihar,Gaya,20.08,3.88,4.22,32,0,2.0,2,1480.0,0.14,Moderate
03-11-2025 13:00,Karnataka,Mangaluru,13.63,3.14,5.77,37,1,0.0,2,2470.0,0.92,Moderate
03-11-2025 14:00,Odisha,Cuttack,51.76,5.6,5.48,46,0,1.0,6,3685.0,1.36,Severe
03-11-2025 15:00,Bihar,Patna,48.06,2.02,6.51,41,1,0.0,5,2769.0,-0.18,Moderate
03-11-2025 16:00,Gujarat,Vadodara,31.42,8.35,5.51,45,3,0.0,5,2175.0,1.47,Severe
03-11-2025 17:00,Karnataka,Mysuru,19.14,2.41,5.41,24,4,0.0,5,861.0,-0.72,Moderate
03-11-2025 18:00,Kerala,Kottayam,26.12,6.96,6.64,30,2,0.0,6,1402.0,0.69,Severe
03-11-2025 19:00,Gujarat,Ahmedabad,104.02124999999998,3.46,6.89,66,5,2.0,5,3428.0,1.14,Severe
03-11-2025 20:00,Odisha,Puri,17.42,2.81,5.65,24,0,1.0,3,493.0,-0.11,Moderate
03-11-2025 21:00,Uttar Pradesh,Gorakhpur,9.27,5.46,5.36,17,1,1.0,2,1832.0,0.9,Severe
03-11-2025 22:00,Tamil Nadu,Madurai,53.35,7.12,6.49,45,1,0.0,5,2282.0,0.12,Severe
03-11-2025 23:00,Karnataka,Bengaluru,25.2,6.81,6.49,47,0,0.0,1,1653.0,0.01,Severe
04-11-2025 00:00,Assam,Jorhat,60.93,2.87,4.96,40,2,2.5,6,1872.0,-0.26,Severe
04-11-2025 01:00,Karnataka,Bengaluru,56.07,3.64,5.73,40,1,0.0,3,2286.0,0.31,Severe
04-11-2025 02:00,Tamil Nadu,Thanjavur,11.03,7.95,4.46,28,0,0.0,3,3192.0,0.41,Severe
04-11-2025 03:00,Odisha,Balasore,52.27,6.79,5.91,37,1,1.0,5,2922.0,-0.19,Severe
04-11-2025 04:00,Odisha,Bhubaneswar,27.57,6.7,6.5,35,0,0.0,1,1102.0,0.99,Severe
04-11-2025 05:00,Gujarat,Bharuch,69.1,3.15,4.56,49,3,2.5,3,2521.0,0.08,Severe
04-11-2025 06:00,Bihar,Darbhanga,69.09,7.34,4.97,54,3,0.0,5,2619.0,0.33,Severe
04-11-2025 07:00,Assam,Dhemaji,14.54,3.87,5.35,23,0,0.0,3,805.0,0.45,Moderate
04-11-2025 08:00,Gujarat,Vadodara,10.11,4.21,6.54,32,3,0.0,7,1089.0,1.5750000000000002,Severe
04-11-2025 09:00,Assam,Dibrugarh,67.09,3.3,6.19,44,4,1.0,1,2921.0,0.93,Severe
04-11-2025 10:00,Assam,Guwahati,61.77,1.97,4.95,46,2,1.0,1,2672.0,0.72,Severe
04-11-2025 11:00,Tamil Nadu,Coimbatore,15.33,4.36,4.73,34,1,0.0,7,1956.0,0.15,Severe
04-11-2025 12:00,Gujarat,Bharuch,67.67,1.14,6.09,37,3,2.0,3,1848.0,0.52,Severe
04-11-2025 13:00,Assam,Dibrugarh,33.27,4.65,5.44,29,2,2.0,4,2471.0,0.56,Severe
04-11-2025 14:00,West Bengal,Murshidabad,4.52,6.8,5.78,25,1,0.0,7,1358.0,0.34,Severe
04-11-2025 15:00,Tamil Nadu,Thanjavur,23.58,8.69,5.95,32,1,0.0,6,2778.0,0.78,Severe
04-11-2025 16:00,Odisha,Balasore,25.27,1.63,5.68,24,0,1.0,2,1445.0,1.5750000000000002,Moderate
04-11-2025 17:00,Tamil Nadu,Madurai,2.54,3.25,5.84,25,2,0.0,4,1914.0,-0.15,Moderate
04-11-2025 18:00,Kerala,Alappuzha,76.85,4.95,6.66,55,2,1.0,3,2813.0,0.54,Severe
04-11-2025 19:00,Kerala,Kochi,79.83,2.36,6.6,54,2,0.0,8,2785.0,0.53,Severe
04-11-2025 20:00,Assam,Dibrugarh,88.76,1.93,4.45,58,1,0.0,5,3680.0,0.24,Severe
04-11-2025 21:00,Gujarat,Ahmedabad,13.33,4.62,5.76,36,1,2.0,5,1550.0,0.05,Severe
04-11-2025 22:00,Odisha,Cuttack,23.77,5.65,5.32,37,0,0.0,8,1611.0,0.03,Severe
04-11-2025 23:00,Tamil Nadu,Tiruppur,28.88,7.56,4.86,46,1,0.0,2,2267.0,1.36,Severe
05-11-2025 00:00,Gujarat,Vadodara,10.76,8.98,5.89,30,1,1.0,5,2998.0,0.42,Severe
05-11-2025 01:00,Tamil Nadu,Chennai,43.15,7.19,5.53,38,3,0.0,2,1925.0,0.81,Severe
05-11-2025 02:00,Tamil Nadu,Madurai,16.11,2.77,6.32,27,2,0.0,3,1188.0,0.22,Moderate
05-11-2025 03:00,West Bengal,Kolkata,34.77,6.98,4.28,30,1,1.0,3,2868.0,0.54,Severe
05-11-2025 04:00,Kerala,Alappuzha,19.98,5.3,4.91,24,2,0.0,5,1794.0,0.58,Severe
05-11-2025 05:00,Tamil Nadu,Thanjavur,51.61,4.61,4.08,36,5,0.0,3,3270.0,0.24,Severe
05-11-2025 06:00,West Bengal,Malda,64.9,8.49,6.24,41,1,1.0,8,3147.0,0.47,Severe
05-11-2025 07:00,Kerala,Thrissur,31.58,6.62,6.74,33,1,0.0,5,2485.0,0.93,Severe
05-11-2025 08:00,West Bengal,Malda,29.73,6.45,5.76,31,0,0.0,4,2929.0,-0.15,Severe
05-11-2025 09:00,Gujarat,Surat,47.17,1.09,5.85,50,1,0.0,5,2399.0,0.45,Moderate
05-11-2025 10:00,Bihar,Bhagalpur,5.66,7.92,4.14,35,0,0.0,8,1070.0,0.61,Severe
05-11-2025 11:00,Kerala,Kochi,23.61,7.35,5.51,30,1,1.0,6,2831.0,0.71,Severe
05-11-2025 12:00,Uttar Pradesh,Gorakhpur,16.28,3.39,5.58,40,1,0.0,8,1438.0,0.78,Severe
05-11-2025 13:00,Bihar,Darbhanga,80.81,3.34,4.12,47,3,2.5,1,2618.0,0.68,Severe
05-11-2025 14:00,Gujarat,Surat,104.02124999999998,1.43,6.35,66,3,2.5,6,3870.0,0.89,Severe
05-11-2025 15:00,Tamil Nadu,Thanjavur,11.13,1.41,4.83,29,0,1.0,3,613.0,0.17,Low
05-11-2025 16:00,Odisha,Cuttack,37.35,6.35,6.17,48,2,1.0,6,1925.0,1.01,Severe
05-11-2025 17:00,Gujarat,Rajkot,13.36,2.49,5.21,33,0,1.0,7,1806.0,0.41,Moderate
05-11-2025 18:00,West Bengal,Kolkata,15.71,8.39,6.99,34,1,1.0,1,3155.0,0.74,Severe
05-11-2025 19:00,West Bengal,Malda,37.67,7.74,4.64,40,1,0.0,4,2638.0,-0.24,Severe
05-11-2025 20:00,West Bengal,Malda,27.91,3.79,4.17,36,1,2.0,3,2526.0,0.65,Severe
05-11-2025 21:00,West Bengal,Malda,37.21,4.04,6.94,43,1,1.0,4,2645.0,0.42,Severe
05-11-2025 22:00,Gujarat,Rajkot,15.19,3.62,4.73,26,2,0.0,3,877.0,0.21,Moderate
05-11-2025 23:00,Odisha,Bhubaneswar,37.71,1.74,5.91,42,2,2.5,3,1596.0,0.93,Severe
06-11-2025 00:00,Karnataka,Udupi,78.48,1.25,5.12,53,4,1.0,7,3227.0,0.45,Severe
06-11-2025 01:00,West Bengal,Murshidabad,57.97,4.62,5.92,41,1,0.0,1,3203.0,0.44,Severe
06-11-2025 02:00,Karnataka,Bengaluru,9.55,8.54,5.79,36,1,0.0,5,1548.0,-0.29,Severe
06-11-2025 03:00,Odisha,Bhubaneswar,96.08,8.34,6.12,47,2,2.0,6,3493.0,0.04,Severe
06-11-2025 04:00,Odisha,Puri,13.75,7.48,4.06,29,1,1.0,7,2343.0,0.43,Severe
06-11-2025 05:00,Bihar,Darbhanga,15.94,6.03,6.51,28,1,1.0,5,1464.0,0.05,Severe
06-11-2025 06:00,Kerala,Kochi,65.02,7.85,5.44,44,0,0.0,7,3302.0,1.0,Severe
06-11-2025 07:00,Uttar Pradesh,Gorakhpur,38.58,5.12,5.56,43,2,0.0,7,1987.0,0.22,Severe
06-11-2025 08:00,Assam,Guwahati,31.0,2.44,5.23,39,0,2.0,3,1330.0,-0.08,Moderate
06-11-2025 09:00,Uttar Pradesh,Lucknow,26.37,6.47,6.97,34,0,0.0,3,2112.0,-0.15,Severe
06-11-2025 10:00,Gujarat,Vadodara,27.26,8.37,6.4,34,2,2.0,3,2708.0,0.29,Severe
06-11-2025 11:00,Assam,Guwahati,28.06,1.16,4.93,38,1,0.0,8,2495.0,0.73,Moderate
06-11-2025 12:00,Odisha,Balasore,49.86,3.01,6.35,39,1,2.0,4,1721.0,-0.07,Severe
06-11-2025 13:00,Uttar Pradesh,Varanasi,54.14,3.12,5.31,36,3,0.0,7,1989.0,-0.12,Severe
06-11-2025 14:00,Maharashtra,Pune,27.89,1.79,6.61,30,1,0.0,8,1181.0,0.09,Moderate
06-11-2025 15:00,Kerala,Kozhikode,85.34,2.8,4.09,51,2,1.0,7,3257.0,0.32,Severe
06-11-2025 16:00,Uttar Pradesh,Kanpur,38.14,4.07,5.07,46,1,0.0,7,1612.0,-0.13,Severe
06-11-2025 17:00,Kerala,Kochi,42.8,8.52,5.29,42,2,0.0,3,3049.0,0.4,Severe
06-11-2025 18:00,Karnataka,Mysuru,73.52,7.88,6.23,47,0,0.0,3,2480.0,1.05,Severe
06-11-2025 19:00,Gujarat,Rajkot,20.14,8.57,4.55,26,2,1.0,3,1712.0,0.34,Severe
06-11-2025 20:00,Kerala,Kottayam,50.55,1.96,4.86,43,1,0.0,3,1977.0,0.17,Moderate
06-11-2025 21:00,Karnataka,Mangaluru,17.78,1.22,6.17,31,1,0.0,2,727.0,0.85,Moderate
06-11-2025 22:00,West Bengal,Murshidabad,16.08,1.88,4.23,22,0,0.0,6,1598.0,-0.17,Low
06-11-2025 23:00,Karnataka,Udupi,90.41,8.31,4.6,66,3,1.0,2,3893.0,0.59,Severe
07-11-2025 00:00,Gujarat,Surat,104.02124999999998,2.26,6.26,60,4,2.5,7,3126.0,0.36,Severe
07-11-2025 01:00,Bihar,Muzaffarpur,42.58,5.58,6.63,39,1,0.0,8,2316.0,1.11,Severe
07-11-2025 02:00,West Bengal,Malda,23.08,2.82,6.19,31,0,0.0,3,1758.0,0.91,Moderate
07-11-2025 03:00,Odisha,Puri,48.85,1.17,5.58,38,1,1.0,3,2473.0,-0.53,Moderate
07-11-2025 04:00,Tamil Nadu,Coimbatore,36.48,1.68,4.3,57,2,0.0,8,1994.0,0.44,Severe
07-11-2025 05:00,Karnataka,Kodagu,60.17,6.68,6.48,47,2,2.0,4,3278.0,-0.31,Severe
07-11-2025 06:00,Karnataka,Mysuru,35.78,2.46,4.37,35,2,0.0,0,2561.0,0.86,Moderate
07-11-2025 07:00,Kerala,Kochi,36.05,2.83,5.16,45,1,1.0,3,1045.0,-0.08,Moderate
07-11-2025 08:00,Odisha,Puri,16.38,4.02,4.15,34,0,0.0,6,1570.0,0.7,Severe
07-11-2025 09:00,Uttar Pradesh,Lucknow,24.48,6.26,6.13,31,2,0.0,3,1974.0,0.87,Severe
07-11-2025 10:00,Maharashtra,Pune,30.64,4.75,5.51,30,1,0.0,6,2097.0,-0.47,Severe
07-11-2025 11:00,Assam,Guwahati,50.76,8.56,6.72,41,0,0.0,4,2837.0,1.01,Severe
07-11-2025 12:00,Karnataka,Udupi,21.65,4.47,4.42,43,3,1.0,3,1644.0,0.86,Severe
07-11-2025 13:00,Uttar Pradesh,Prayagraj,99.04,2.59,6.46,66,2,2.0,5,3701.0,-0.12,Severe
07-11-2025 14:00,Maharashtra,Pune,35.18,5.29,5.53,33,1,1.0,1,2621.0,0.87,Severe
07-11-2025 15:00,Assam,Jorhat,11.3,4.61,5.1,27,2,0.0,5,1356.0,-0.19,Moderate
07-11-2025 16:00,Tamil Nadu,Thanjavur,28.16,7.3,5.93,33,1,0.0,5,1630.0,0.76,Severe
07-11-2025 17:00,Kerala,Alappuzha,55.91,8.48,6.37,40,2,1.0,3,3774.0,0.31,Severe
07-11-2025 18:00,Uttar Pradesh,Varanasi,28.7,7.69,5.32,38,2,1.0,3,2049.0,-0.29,Severe
07-11-2025 19:00,Kerala,Kottayam,16.23,4.11,4.7,42,2,0.0,4,894.0,1.01,Severe
07-11-2025 20:00,Assam,Guwahati,25.47,2.73,6.75,41,2,2.0,2,1723.0,1.01,Severe
07-11-2025 21:00,Bihar,Darbhanga,21.34,8.32,4.94,38,2,0.0,4,2474.0,0.44,Severe
07-11-2025 22:00,Karnataka,Udupi,49.91,4.09,6.99,41,1,1.0,4,3051.0,0.36,Severe
07-11-2025 23:00,West Bengal,Malda,20.8,7.16,6.3,24,0,0.0,3,1961.0,0.17,Severe
08-11-2025 00:00,Maharashtra,Nagpur,6.53,8.92,6.06,17,2,1.0,2,2134.0,0.6,Severe
08-11-2025 01:00,Odisha,Balasore,19.65,5.62,4.04,34,1,0.0,3,2021.0,0.53,Severe
08-11-2025 02:00,Gujarat,Vadodara,68.08,4.84,5.35,43,1,0.0,5,2749.0,1.04,Severe
08-11-2025 03:00,Karnataka,Kodagu,48.28,6.6,5.51,46,0,0.0,5,2498.0,0.44,Severe
08-11-2025 04:00,West Bengal,Murshidabad,8.15,2.55,5.13,20,1,1.0,1,1714.0,0.98,Moderate
08-11-2025 05:00,Gujarat,Vadodara,64.27,4.91,4.45,43,0,2.0,3,2591.0,-0.49,Severe
08-11-2025 06:00,Uttar Pradesh,Kanpur,76.28,3.5,5.1,56,2,1.0,7,2644.0,0.71,Severe
08-11-2025 07:00,Gujarat,Bharuch,51.93,2.31,4.22,38,0,1.0,3,2847.0,0.43,Moderate
08-11-2025 08:00,Tamil Nadu,Coimbatore,17.33,5.88,4.87,29,4,1.0,3,1120.0,0.51,Severe
08-11-2025 09:00,Karnataka,Mysuru,68.68,5.61,4.25,42,2,1.0,3,3415.0,1.17,Severe
08-11-2025 10:00,Kerala,Kochi,30.39,7.09,6.26,41,1,1.0,4,2864.0,0.85,Severe
08-11-2025 11:00,Bihar,Gaya,20.91,7.98,6.01,42,2,0.0,3,1589.0,0.19,Severe
08-11-2025 12:00,Odisha,Balasore,30.46,2.76,6.82,49,1,0.0,4,1341.0,-0.03,Moderate
08-11-2025 13:00,Kerala,Alappuzha,45.58,7.24,5.14,45,2,0.0,4,2511.0,-0.51,Severe
08-11-2025 14:00,West Bengal,Malda,51.86,3.94,6.36,32,2,0.0,3,3133.0,0.55,Severe
08-11-2025 15:00,Karnataka,Mangaluru,39.33,6.03,5.76,23,3,0.0,2,2685.0,0.9,Severe
08-11-2025 16:00,Bihar,Bhagalpur,33.6,7.8,5.94,37,1,1.0,3,3140.0,0.92,Severe
08-11-2025 17:00,Gujarat,Surat,16.26,3.05,5.64,33,3,0.0,5,1863.0,0.17,Moderate
08-11-2025 18:00,Karnataka,Mysuru,48.36,5.81,6.34,42,0,1.0,6,2319.0,0.91,Severe
08-11-2025 19:00,Gujarat,Ahmedabad,40.05,4.84,4.13,44,0,1.0,3,2989.0,0.92,Severe
08-11-2025 20:00,Uttar Pradesh,Gorakhpur,50.99,7.32,4.24,40,3,1.0,3,2416.0,0.78,Severe
08-11-2025 21:00,Tamil Nadu,Chennai,32.11,6.58,4.29,39,3,0.0,2,2252.0,0.37,Severe
08-11-2025 22:00,Assam,Barpeta,54.73,7.16,4.87,47,1,1.0,4,2881.0,0.33,Severe
08-11-2025 23:00,Karnataka,Mangaluru,50.69,3.3,5.77,42,2,1.0,1,2322.0,0.59,Severe
09-11-2025 00:00,West Bengal,Howrah,26.08,6.63,5.94,32,3,0.0,6,2990.0,0.66,Severe
09-11-2025 01:00,Gujarat,Bharuch,34.22,5.85,6.14,36,2,2.0,3,1790.0,0.14,Severe
09-11-2025 02:00,Kerala,Thrissur,58.07,4.65,4.84,33,0,2.0,4,2656.0,0.19,Severe
09-11-2025 03:00,Uttar Pradesh,Lucknow,60.78,4.03,5.95,61,2,1.0,5,2727.0,0.47,Severe
09-11-2025 04:00,West Bengal,Kolkata,74.82,3.65,4.35,63,2,1.0,5,2897.0,0.07,Severe
09-11-2025 05:00,Odisha,Kendrapara,20.72,1.08,4.03,35,1,0.0,7,1217.0,0.12,Moderate
09-11-2025 06:00,Assam,Guwahati,27.14,2.36,6.08,51,0,0.0,5,410.0,-0.44,Moderate
09-11-2025 07:00,Uttar Pradesh,Lucknow,93.54,1.47,6.15,40,4,0.0,6,3071.0,-0.1,Severe
09-11-2025 08:00,Tamil Nadu,Chennai,104.02124999999998,7.79,5.87,66,4,1.0,7,4592.375,0.68,Severe
09-11-2025 09:00,Assam,Jorhat,42.81,7.88,4.78,47,0,0.0,4,2671.0,0.8,Severe
09-11-2025 10:00,Gujarat,Surat,33.83,7.77,6.78,40,1,1.0,4,2714.0,0.33,Severe
09-11-2025 11:00,West Bengal,Howrah,104.02124999999998,7.54,6.63,66,5,1.0,3,4519.0,0.71,Severe
09-11-2025 12:00,Odisha,Kendrapara,99.43,2.77,5.55,53,4,1.0,4,3035.0,-0.65,Severe
09-11-2025 13:00,Maharashtra,Nagpur,58.51,4.93,6.97,56,1,2.0,1,2544.0,0.54,Severe
09-11-2025 14:00,Tamil Nadu,Thanjavur,32.45,8.26,4.9,29,1,0.0,3,2931.0,-0.31,Severe
09-11-2025 15:00,Bihar,Bhagalpur,45.09,7.08,5.47,52,0,0.0,4,2367.0,-0.03,Severe
09-11-2025 16:00,Gujarat,Vadodara,9.03,1.01,6.78,37,0,0.0,3,1390.0,0.64,Low
09-11-2025 17:00,Maharashtra,Kolhapur,65.21,4.68,5.39,42,1,2.0,3,3570.0,0.72,Severe
09-11-2025 18:00,Karnataka,Mysuru,21.81,1.09,5.41,41,2,0.0,6,1164.0,-0.51,Moderate
09-11-2025 19:00,Odisha,Kendrapara,90.2,3.25,4.24,57,4,0.0,5,2366.0,-0.4,Severe
09-11-2025 20:00,Kerala,Alappuzha,6.73,4.49,4.63,27,0,2.0,2,2282.0,0.05,Severe
09-11-2025 21:00,Bihar,Patna,22.57,8.14,4.47,29,0,2.5,6,3282.0,-0.46,Severe
09-11-2025 22:00,West Bengal,Malda,38.93,6.24,5.7,35,0,0.0,4,2569.0,0.16,Severe
09-11-2025 23:00,Odisha,Balasore,37.47,3.9,4.96,40,0,0.0,6,2853.0,0.74,Severe
10-11-2025 00:00,Assam,Guwahati,20.16,4.93,4.23,27,1,1.0,8,1501.0,-0.35,Severe
10-11-2025 01:00,Uttar Pradesh,Lucknow,38.64,7.54,5.53,35,0,0.0,5,2806.0,1.26,Severe
10-11-2025 02:00,Assam,Jorhat,32.01,3.4,6.01,30,2,0.0,4,1395.0,0.23,Moderate
10-11-2025 03:00,Assam,Dhemaji,38.8,5.92,6.21,35,2,1.0,4,2827.0,0.52,Severe
10-11-2025 04:00,Karnataka,Bengaluru,25.04,3.1,6.51,33,3,1.0,3,1762.0,-0.11,Moderate
10-11-2025 05:00,Tamil Nadu,Tiruppur,72.9,4.84,5.45,60,3,2.0,5,2504.0,0.82,Severe
10-11-2025 06:00,Kerala,Alappuzha,45.74,1.2,5.17,40,1,0.0,3,1363.0,0.46,Moderate
10-11-2025 07:00,Bihar,Gaya,26.01,7.82,6.05,36,0,0.0,3,1821.0,0.46,Severe
10-11-2025 08:00,Tamil Nadu,Chennai,54.42,1.39,4.04,36,0,1.0,5,2367.0,0.52,Moderate
10-11-2025 09:00,Odisha,Bhubaneswar,22.39,2.79,5.9,27,1,0.0,4,1551.0,-0.23,Moderate
10-11-2025 10:00,Assam,Guwahati,22.87,3.67,5.22,32,0,0.0,2,1771.0,0.53,Moderate
10-11-2025 11:00,Karnataka,Kodagu,7.93,6.0,5.36,25,0,0.0,5,1820.0,0.67,Severe
10-11-2025 12:00,Odisha,Kendrapara,47.83,6.76,4.89,40,2,0.0,7,2825.0,-0.34,Severe
10-11-2025 13:00,Uttar Pradesh,Prayagraj,40.84,1.64,4.38,41,1,2.0,4,2077.0,0.23,Moderate
10-11-2025 14:00,Kerala,Alappuzha,18.12,1.35,5.2,35,1,0.0,6,1195.0,0.21,Moderate
10-11-2025 15:00,Bihar,Gaya,17.7,7.39,4.92,36,0,0.0,7,1625.0,0.37,Severe
10-11-2025 16:00,Uttar Pradesh,Gorakhpur,48.46,6.7,6.88,39,3,0.0,4,2040.0,0.67,Severe
10-11-2025 17:00,Karnataka,Bengaluru,26.83,7.65,6.83,36,1,0.0,1,2551.0,0.72,Severe
10-11-2025 18:00,Kerala,Kochi,48.52,6.41,5.93,36,2,0.0,5,3341.0,0.31,Severe
10-11-2025 19:00,Odisha,Cuttack,8.46,7.01,6.71,32,0,2.0,1,1678.0,0.78,Severe
10-11-2025 20:00,Assam,Dhemaji,13.31,4.03,6.25,43,0,1.0,3,2875.0,-0.27,Severe
10-11-2025 21:00,Assam,Dibrugarh,67.97,5.72,5.04,43,2,2.0,2,2928.0,0.47,Severe
10-11-2025 22:00,Gujarat,Ahmedabad,42.76,7.44,5.81,43,4,0.0,5,3877.0,-0.56,Severe
10-11-2025 23:00,Assam,Jorhat,57.78,2.38,4.66,44,3,0.0,3,2280.0,0.13,Severe
11-11-2025 00:00,Maharashtra,Mumbai,26.88,4.38,6.06,33,1,0.0,6,2427.0,0.57,Severe
11-11-2025 01:00,Assam,Jorhat,19.7,6.92,4.13,33,1,0.0,7,1816.0,0.67,Severe
11-11-2025 02:00,Maharashtra,Kolhapur,64.81,5.26,6.49,44,2,1.0,8,2599.0,0.48,Severe
11-11-2025 03:00,West Bengal,Murshidabad,1.55,6.45,5.75,32,3,1.0,4,1646.0,1.06,Severe
11-11-2025 04:00,Maharashtra,Kolhapur,34.86,3.34,4.18,42,2,0.0,6,2178.0,0.4,Severe
11-11-2025 05:00,Kerala,Kochi,55.7,1.26,6.62,46,2,0.0,1,2051.0,-0.42,Moderate
11-11-2025 06:00,Uttar Pradesh,Gorakhpur,26.7,1.23,6.63,32,1,1.0,3,691.0,-0.67,Moderate
11-11-2025 07:00,Kerala,Kochi,104.02124999999998,8.54,6.56,66,4,2.5,3,4592.375,-0.1,Severe
11-11-2025 08:00,Uttar Pradesh,Gorakhpur,35.57,8.56,6.32,34,0,0.0,5,3793.0,-0.1,Severe
11-11-2025 09:00,Gujarat,Bharuch,48.65,2.69,6.03,52,1,1.0,5,2123.0,0.37,Severe
11-11-2025 10:00,West Bengal,Kolkata,18.3,2.18,5.19,31,1,0.0,0,1432.0,0.1,Low
11-11-2025 11:00,Uttar Pradesh,Varanasi,99.37,1.15,4.41,50,2,2.5,8,2327.0,-0.08,Severe
11-11-2025 12:00,Uttar Pradesh,Gorakhpur,38.42,2.85,4.87,42,1,0.0,6,2612.0,0.09,Moderate
11-11-2025 13:00,Karnataka,Udupi,27.91,3.67,5.04,28,1,2.5,2,1941.0,0.2,Severe
11-11-2025 14:00,Tamil Nadu,Chennai,36.99,2.93,5.07,38,1,2.0,4,2389.0,-0.03,Severe
11-11-2025 15:00,Tamil Nadu,Chennai,52.59,7.38,5.7,42,2,0.0,3,2736.0,0.37,Severe
11-11-2025 16:00,Karnataka,Mysuru,22.87,7.0,4.63,37,0,0.0,4,2234.0,0.78,Severe
11-11-2025 17:00,Assam,Dibrugarh,45.59,1.65,4.57,31,1,0.0,3,1685.0,0.06,Moderate
11-11-2025 18:00,Karnataka,Mysuru,8.22,6.58,6.15,24,0,1.0,6,581.0,0.39,Severe
11-11-2025 19:00,Uttar Pradesh,Kanpur,11.33,5.16,4.02,27,0,0.0,7,1559.0,1.28,Severe
11-11-2025 20:00,Uttar Pradesh,Gorakhpur,38.03,2.06,4.45,32,1,1.0,4,1758.0,0.46,Moderate
11-11-2025 21:00,Karnataka,Mangaluru,92.95,6.92,5.3,63,4,1.0,4,4274.0,0.84,Severe
11-11-2025 22:00,Karnataka,Kodagu,7.16,1.69,4.45,28,1,0.0,6,260.0,0.14,Low
11-11-2025 23:00,Assam,Dhemaji,22.22,2.42,6.88,23,0,0.0,6,1314.0,0.88,Moderate
12-11-2025 00:00,Kerala,Kottayam,13.01,2.19,6.01,24,3,0.0,3,873.0,-0.01,Moderate
12-11-2025 01:00,West Bengal,Howrah,26.38,8.51,5.3,35,2,1.0,1,1197.0,0.62,Severe
12-11-2025 02:00,Odisha,Puri,36.37,6.59,4.34,35,0,0.0,3,2242.0,0.83,Severe
12-11-2025 03:00,Uttar Pradesh,Varanasi,29.58,4.29,5.16,35,0,0.0,3,2355.0,1.04,Severe
12-11-2025 04:00,West Bengal,Kolkata,4.51,7.58,5.95,21,1,1.0,5,1396.0,0.41,Severe
12-11-2025 05:00,Karnataka,Udupi,8.5,2.73,6.91,28,1,0.0,1,1211.0,0.23,Moderate
12-11-2025 06:00,Assam,Barpeta,13.29,8.45,5.42,25,3,0.0,5,2261.0,-0.27,Severe
12-11-2025 07:00,Maharashtra,Pune,24.16,6.58,6.08,32,1,0.0,2,2169.0,0.32,Severe
12-11-2025 08:00,Assam,Dhemaji,18.73,5.48,4.59,29,0,0.0,1,1524.0,0.71,Severe
12-11-2025 09:00,Bihar,Gaya,24.94,7.36,5.87,34,3,0.0,4,2415.0,0.66,Severe
12-11-2025 10:00,Bihar,Patna,32.43,6.16,4.72,40,2,0.0,1,2229.0,0.34,Severe
12-11-2025 11:00,West Bengal,Darjeeling,27.57,8.1,4.59,32,2,2.0,5,1887.0,0.52,Severe
12-11-2025 12:00,Tamil Nadu,Madurai,104.02124999999998,7.63,5.53,66,1,1.0,4,4455.0,1.1,Severe
12-11-2025 13:00,Bihar,Patna,104.02124999999998,2.58,4.63,66,4,1.0,2,4027.0,0.66,Severe
12-11-2025 14:00,Bihar,Bhagalpur,37.14,2.92,6.16,40,0,0.0,1,1507.0,0.24,Moderate
12-11-2025 15:00,Kerala,Kozhikode,20.69,1.52,6.81,35,1,0.0,1,1544.0,0.35,Moderate
12-11-2025 16:00,Maharashtra,Nashik,27.29,2.76,5.18,27,1,0.0,5,2631.0,0.65,Moderate
12-11-2025 17:00,Kerala,Alappuzha,41.54,3.75,4.97,53,0,0.0,4,2661.0,0.62,Severe
12-11-2025 18:00,Maharashtra,Kolhapur,16.31,1.23,4.53,28,0,0.0,1,1386.0,1.37,Moderate
12-11-2025 19:00,Gujarat,Ahmedabad,42.05,3.52,5.17,47,2,1.0,8,2285.0,1.09,Severe
12-11-2025 20:00,Odisha,Puri,28.36,7.17,5.68,21,2,1.0,1,1962.0,-0.11,Severe
12-11-2025 21:00,Uttar Pradesh,Lucknow,95.52,7.72,5.12,56,3,0.0,4,3749.0,0.06,Severe
12-11-2025 22:00,Bihar,Gaya,15.95,1.07,5.87,27,1,0.0,4,1276.0,0.93,Moderate
12-11-2025 23:00,Uttar Pradesh,Kanpur,79.78,1.06,5.99,50,0,0.0,4,2675.0,0.0,Moderate
13-11-2025 00:00,Bihar,Muzaffarpur,41.77,2.17,4.29,47,1,0.0,5,2766.0,0.43,Moderate
13-11-2025 01:00,Kerala,Thrissur,19.7,7.98,6.09,31,2,1.0,2,1597.0,1.08,Severe
13-11-2025 02:00,Odisha,Kendrapara,56.17,4.75,6.7,43,1,0.0,4,2139.0,0.49,Severe
13-11-2025 03:00,Kerala,Kozhikode,1.98,8.86,4.08,20,1,1.0,6,1171.0,0.79,Severe
13-11-2025 04:00,Kerala,Thrissur,23.99,8.1,5.65,34,1,0.0,1,3076.0,0.45,Severe
13-11-2025 05:00,Maharashtra,Mumbai,29.11,8.12,5.81,36,2,0.0,2,1614.0,0.32,Severe
13-11-2025 06:00,Tamil Nadu,Chennai,20.4,2.03,6.13,40,1,0.0,3,1199.0,-0.48,Moderate
13-11-2025 07:00,Assam,Dhemaji,66.83,4.8,5.16,50,2,1.0,5,2606.0,0.47,Severe
13-11-2025 08:00,West Bengal,Darjeeling,104.02124999999998,8.95,6.46,66,4,0.0,6,3701.0,0.11,Severe
13-11-2025 09:00,Uttar Pradesh,Varanasi,16.15,2.19,5.62,36,1,0.0,4,530.0,0.95,Moderate
13-11-2025 10:00,Gujarat,Surat,63.35,5.59,5.23,47,0,1.0,3,2750.0,-0.79,Severe
13-11-2025 11:00,Bihar,Muzaffarpur,36.09,3.75,6.16,40,0,0.0,4,1876.0,0.12,Moderate
13-11-2025 12:00,Kerala,Kottayam,59.28,4.1,6.78,40,2,0.0,4,2930.0,0.97,Severe
13-11-2025 13:00,Tamil Nadu,Tiruppur,40.95,8.13,6.44,38,3,0.0,2,2697.0,1.23,Severe
13-11-2025 14:00,Kerala,Kozhikode,30.19,5.7,6.79,34,2,0.0,5,1831.0,0.87,Severe
13-11-2025 15:00,Odisha,Kendrapara,104.02124999999998,7.07,4.8,66,4,2.5,4,4592.375,0.65,Severe
13-11-2025 16:00,Maharashtra,Mumbai,39.11,6.39,4.36,30,1,0.0,4,3205.0,-0.43,Severe
13-11-2025 17:00,Gujarat,Ahmedabad,62.77,5.23,5.6,41,1,1.0,7,2181.0,-0.13,Severe
13-11-2025 18:00,Assam,Barpeta,20.7,7.33,4.13,36,2,0.0,3,1956.0,0.77,Severe
13-11-2025 19:00,Odisha,Cuttack,91.23,8.77,6.02,57,4,2.0,1,4592.375,-0.23,Severe
13-11-2025 20:00,Karnataka,Udupi,34.96,8.73,4.72,38,1,0.0,3,2396.0,0.24,Severe
13-11-2025 21:00,Gujarat,Surat,11.22,7.32,5.36,36,2,0.0,3,1645.0,0.21,Severe
13-11-2025 22:00,Kerala,Kozhikode,25.99,4.9,5.97,27,1,0.0,0,3324.0,0.54,Severe
13-11-2025 23:00,Odisha,Balasore,38.52,2.31,5.45,39,1,1.0,6,1997.0,0.65,Severe
14-11-2025 00:00,Assam,Dibrugarh,37.15,1.36,4.71,44,0,0.0,4,1595.0,-0.79,Moderate
14-11-2025 01:00,Tamil Nadu,Tiruppur,32.07,2.85,6.64,31,0,1.0,8,2341.0,0.48,Severe
14-11-2025 02:00,Tamil Nadu,Madurai,36.19,3.72,6.29,33,0,0.0,4,2385.0,0.04,Moderate
14-11-2025 03:00,Uttar Pradesh,Gorakhpur,14.97,2.04,5.8,29,1,0.0,1,2587.0,0.6,Moderate
14-11-2025 04:00,Assam,Dibrugarh,35.22,2.8,6.1,43,0,0.0,7,2408.0,-0.45,Moderate
14-11-2025 05:00,Tamil Nadu,Tiruppur,23.56,1.67,5.25,26,0,0.0,2,854.0,0.81,Moderate
14-11-2025 06:00,Odisha,Cuttack,48.67,5.19,5.13,46,1,0.0,4,2136.0,0.03,Severe
14-11-2025 07:00,Uttar Pradesh,Prayagraj,36.67,2.01,4.48,53,2,0.0,4,2018.0,0.18,Moderate
14-11-2025 08:00,Tamil Nadu,Tiruppur,21.57,6.94,6.41,33,1,1.0,3,2621.0,1.08,Severe
14-11-2025 09:00,Gujarat,Bharuch,50.45,3.66,5.14,43,1,0.0,2,2942.0,0.29,Severe
14-11-2025 10:00,Maharashtra,Kolhapur,66.07,6.38,6.08,50,2,0.0,6,3500.0,0.79,Severe
14-11-2025 11:00,Karnataka,Mangaluru,43.07,8.06,4.9,33,0,0.0,6,2804.0,0.34,Severe
14-11-2025 12:00,Assam,Barpeta,18.41,1.69,6.39,29,2,0.0,3,1643.0,1.1,Moderate
14-11-2025 13:00,Odisha,Kendrapara,104.02124999999998,8.91,4.32,66,4,1.0,6,4592.375,0.5,Severe
14-11-2025 14:00,Bihar,Muzaffarpur,33.2,6.16,5.88,46,0,0.0,5,2448.0,0.58,Severe
14-11-2025 15:00,Kerala,Kochi,42.11,1.43,6.42,32,1,0.0,3,2030.0,0.43,Moderate
14-11-2025 16:00,Odisha,Puri,6.85,3.51,5.98,26,0,0.0,3,1332.0,0.22,Moderate
14-11-2025 17:00,Tamil Nadu,Thanjavur,36.05,8.09,6.09,47,0,0.0,3,2489.0,0.74,Severe
14-11-2025 18:00,Odisha,Cuttack,58.6,5.77,5.58,38,5,1.0,4,3083.0,0.01,Severe
14-11-2025 19:00,Bihar,Darbhanga,28.13,3.3,5.68,37,0,0.0,4,2248.0,0.68,Moderate
14-11-2025 20:00,Kerala,Kottayam,46.65,8.52,4.2,34,2,1.0,1,2739.0,0.78,Severe
14-11-2025 21:00,Uttar Pradesh,Gorakhpur,47.67,7.3,4.75,39,0,0.0,3,2553.0,0.59,Severe
14-11-2025 22:00,Tamil Nadu,Coimbatore,61.65,6.88,6.17,52,1,0.0,4,3399.0,-0.07,Severe
14-11-2025 23:00,West Bengal,Kolkata,34.01,8.11,6.84,34,0,2.0,3,2440.0,0.55,Severe
15-11-2025 00:00,Tamil Nadu,Tiruppur,25.13,7.16,5.63,32,0,1.0,6,3472.0,0.82,Severe
15-11-2025 01:00,Karnataka,Mangaluru,12.52,3.29,6.18,26,0,0.0,4,1664.0,-0.22,Moderate
15-11-2025 02:00,West Bengal,Murshidabad,48.01,5.67,6.05,45,2,0.0,5,2708.0,-0.34,Severe
15-11-2025 03:00,Karnataka,Kodagu,104.02124999999998,7.74,7.0,66,1,2.5,4,4592.375,0.73,Severe
15-11-2025 04:00,Bihar,Muzaffarpur,18.84,2.45,6.39,31,0,0.0,1,1019.0,0.06,Low
15-11-2025 05:00,Assam,Dibrugarh,56.06,2.3,5.88,56,2,0.0,7,3213.0,0.69,Severe
15-11-2025 06:00,Kerala,Kochi,97.19,2.27,4.35,59,5,2.0,8,4391.0,1.12,Severe
15-11-2025 07:00,Maharashtra,Mumbai,20.76,2.55,5.09,39,1,0.0,2,1499.0,-0.31,Moderate
15-11-2025 08:00,Uttar Pradesh,Gorakhpur,67.57,1.83,4.75,52,1,0.0,6,2594.0,-0.35,Moderate
15-11-2025 09:00,Maharashtra,Nagpur,11.08,7.7,6.56,36,1,2.5,5,1678.0,0.71,Severe
15-11-2025 10:00,Gujarat,Rajkot,68.11,7.55,5.34,58,3,0.0,7,2182.0,0.94,Severe
15-11-2025 11:00,Gujarat,Ahmedabad,7.12,2.21,5.61,26,0,0.0,1,1414.0,1.12,Moderate
15-11-2025 12:00,Bihar,Patna,4.58,6.64,6.89,27,1,1.0,5,346.0,0.71,Severe
15-11-2025 13:00,Assam,Guwahati,16.19,6.02,6.51,30,2,0.0,2,1930.0,0.29,Severe
15-11-2025 14:00,Gujarat,Surat,49.0,3.21,6.37,42,1,2.0,2,2216.0,0.39,Severe
15-11-2025 15:00,Tamil Nadu,Coimbatore,38.64,2.82,4.43,38,0,0.0,6,2253.0,0.5,Moderate
15-11-2025 16:00,Odisha,Kendrapara,69.37,3.0,4.07,50,4,0.0,2,1743.0,1.11,Severe
15-11-2025 17:00,Karnataka,Kodagu,33.14,6.85,4.38,39,1,1.0,7,3670.0,0.48,Severe
15-11-2025 18:00,Gujarat,Vadodara,14.64,3.55,6.22,27,0,0.0,4,1775.0,0.04,Moderate
15-11-2025 19:00,Bihar,Muzaffarpur,39.54,3.22,5.23,30,2,0.0,2,1820.0,0.45,Moderate
15-11-2025 20:00,Karnataka,Mysuru,52.33,1.18,4.35,48,2,1.0,3,2130.0,-0.35,Moderate
15-11-2025 21:00,Tamil Nadu,Coimbatore,46.75,8.27,6.22,40,0,1.0,5,3350.0,0.1,Severe
15-11-2025 22:00,Assam,Dhemaji,48.19,7.02,4.58,46,1,1.0,6,1692.0,0.21,Severe
15-11-2025 23:00,Kerala,Kottayam,56.96,4.78,5.77,42,3,0.0,3,2549.0,0.17,Severe
16-11-2025 00:00,Maharashtra,Mumbai,35.17,8.54,6.22,42,0,0.0,5,2393.0,-0.36,Severe
16-11-2025 01:00,Tamil Nadu,Tiruppur,69.36,3.35,5.82,48,1,0.0,1,2221.0,-0.18,Moderate
16-11-2025 02:00,Uttar Pradesh,Prayagraj,9.54,6.4,6.98,32,0,1.0,5,1525.0,0.34,Severe
16-11-2025 03:00,West Bengal,Malda,71.87,3.44,5.3,55,1,1.0,5,2743.0,0.73,Severe
16-11-2025 04:00,Bihar,Darbhanga,70.13,3.52,4.94,51,2,1.0,4,2963.0,0.16,Severe
16-11-2025 05:00,Maharashtra,Pune,33.44,7.76,4.6,27,0,0.0,6,2858.0,0.38,Severe
16-11-2025 06:00,Uttar Pradesh,Varanasi,43.55,7.3,5.51,36,2,1.0,6,2803.0,0.74,Severe
16-11-2025 07:00,Kerala,Kottayam,50.19,3.35,6.56,45,2,0.0,5,1809.0,1.55,Severe
16-11-2025 08:00,Uttar Pradesh,Varanasi,104.02124999999998,1.65,6.84,66,2,2.5,3,4431.0,0.21,Severe
16-11-2025 09:00,Assam,Jorhat,31.37,3.86,6.92,43,0,2.5,3,1035.0,-0.03,Severe
16-11-2025 10:00,West Bengal,Howrah,32.37,7.08,5.59,25,0,0.0,4,2258.0,0.71,Severe
16-11-2025 11:00,Karnataka,Bengaluru,13.35,1.8,5.82,31,0,0.0,5,674.0,0.73,Moderate
16-11-2025 12:00,Maharashtra,Kolhapur,89.19,6.38,5.74,57,1,1.0,3,4436.0,-0.24,Severe
16-11-2025 13:00,West Bengal,Howrah,47.29,8.12,5.4,46,2,0.0,8,3126.0,-0.15,Severe
16-11-2025 14:00,Odisha,Bhubaneswar,27.24,2.43,4.46,27,0,0.0,4,1982.0,-0.27,Moderate
16-11-2025 15:00,Tamil Nadu,Tiruppur,36.36,7.9,4.2,36,0,0.0,4,2487.0,0.03,Severe
16-11-2025 16:00,Odisha,Puri,61.07,1.41,5.31,47,3,2.0,5,2626.0,0.74,Severe
16-11-2025 17:00,Tamil Nadu,Coimbatore,38.38,6.34,4.56,49,0,1.0,3,2704.0,0.51,Severe
16-11-2025 18:00,Assam,Dibrugarh,47.07,7.33,6.66,36,1,0.0,8,3043.0,0.43,Severe
16-11-2025 19:00,West Bengal,Malda,15.42,4.56,6.29,26,0,0.0,6,1871.0,-0.09,Moderate
16-11-2025 20:00,Kerala,Kochi,17.15,2.63,5.86,34,2,0.0,6,2082.0,-0.13,Moderate
16-11-2025 21:00,Gujarat,Rajkot,76.5,8.4,4.14,50,2,1.0,6,3910.0,0.38,Severe
16-11-2025 22:00,Uttar Pradesh,Gorakhpur,21.58,1.16,5.87,28,1,1.0,0,878.0,0.33,Low
16-11-2025 23:00,Gujarat,Surat,17.44,5.44,5.86,35,0,1.0,4,1794.0,0.57,Severe
17-11-2025 00:00,West Bengal,Malda,5.93,3.98,5.32,27,2,0.0,6,1940.0,0.97,Severe
17-11-2025 01:00,Odisha,Bhubaneswar,68.09,4.69,5.97,58,1,2.5,7,3024.0,-0.16,Severe
17-11-2025 02:00,Gujarat,Surat,23.81,5.29,6.57,36,0,0.0,3,1605.0,0.28,Severe
17-11-2025 03:00,Bihar,Patna,95.97,5.28,6.27,53,2,2.0,3,3459.0,0.4,Severe
17-11-2025 04:00,Gujarat,Surat,19.89,2.63,5.42,35,2,0.0,3,1163.0,0.44,Moderate
17-11-2025 05:00,Tamil Nadu,Tiruppur,11.49,6.44,4.79,27,2,0.0,1,2232.0,0.38,Severe
17-11-2025 06:00,Bihar,Patna,18.44,1.15,5.43,34,1,0.0,7,809.0,0.33,Moderate
17-11-2025 07:00,Maharashtra,Nashik,36.14,1.17,6.84,30,2,1.0,4,2086.0,0.44,Moderate
17-11-2025 08:00,Gujarat,Ahmedabad,104.02124999999998,4.83,6.46,66,3,2.0,4,4592.375,0.58,Severe
17-11-2025 09:00,Bihar,Gaya,87.19,5.34,4.08,52,5,2.0,2,4592.375,0.03,Severe
17-11-2025 10:00,West Bengal,Murshidabad,66.91,3.2,6.35,54,0,1.0,5,3256.0,0.56,Severe
17-11-2025 11:00,Uttar Pradesh,Gorakhpur,97.38,5.41,4.51,63,3,1.0,3,3292.0,0.58,Severe
17-11-2025 12:00,Maharashtra,Kolhapur,31.86,5.13,5.71,40,1,0.0,6,3191.0,0.46,Severe
17-11-2025 13:00,Kerala,Kozhikode,24.08,3.79,6.42,38,1,1.0,2,2057.0,1.06,Severe
17-11-2025 14:00,Kerala,Kottayam,70.28,6.21,5.68,63,2,0.0,3,3136.0,0.45,Severe
17-11-2025 15:00,Assam,Guwahati,34.6,8.66,5.21,34,1,0.0,3,3083.0,0.51,Severe
17-11-2025 16:00,Gujarat,Rajkot,17.81,4.93,4.96,34,0,0.0,2,2555.0,-0.09,Moderate
17-11-2025 17:00,Uttar Pradesh,Lucknow,0.63,7.29,4.92,17,1,0.0,4,1880.0,0.82,Severe
17-11-2025 18:00,Karnataka,Udupi,16.25,2.98,6.51,29,1,1.0,4,719.0,1.21,Severe
17-11-2025 19:00,Bihar,Patna,49.83,7.1,6.48,41,3,0.0,1,3852.0,0.42,Severe
17-11-2025 20:00,Maharashtra,Nagpur,17.88,6.19,6.47,22,1,0.0,4,1284.0,-0.58,Severe
17-11-2025 21:00,West Bengal,Kolkata,61.29,6.12,4.85,45,2,0.0,3,3515.0,0.83,Severe
17-11-2025 22:00,Gujarat,Rajkot,10.97,8.14,6.4,27,1,1.0,2,2464.0,0.97,Severe
17-11-2025 23:00,West Bengal,Darjeeling,16.64,2.87,4.11,33,1,0.0,2,1929.0,0.45,Moderate
18-11-2025 00:00,Karnataka,Mangaluru,97.97,3.95,4.62,66,2,2.0,6,3073.0,0.12,Severe
18-11-2025 01:00,Assam,Guwahati,66.43,1.66,5.54,46,2,0.0,6,2962.0,0.92,Severe
18-11-2025 02:00,Karnataka,Mysuru,36.45,6.81,5.22,40,1,0.0,3,2742.0,0.89,Severe
18-11-2025 03:00,Tamil Nadu,Madurai,36.41,7.75,4.34,36,0,1.0,3,2108.0,0.46,Severe
18-11-2025 04:00,Odisha,Puri,18.69,4.25,4.13,39,0,0.0,2,1495.0,0.86,Severe
18-11-2025 05:00,Maharashtra,Kolhapur,77.62,3.85,5.83,53,1,2.0,5,3624.0,0.02,Severe
18-11-2025 06:00,Odisha,Kendrapara,78.52,6.27,4.94,50,1,0.0,2,3886.0,0.93,Severe
18-11-2025 07:00,Karnataka,Kodagu,31.57,1.6,4.05,37,2,1.0,3,1322.0,0.47,Moderate
18-11-2025 08:00,Assam,Guwahati,31.04,3.35,5.29,36,0,0.0,2,2141.0,0.21,Moderate
18-11-2025 09:00,Assam,Jorhat,23.03,3.93,4.92,32,1,0.0,3,1904.0,0.4,Moderate
18-11-2025 10:00,Kerala,Kochi,42.67,5.15,5.73,44,3,2.0,2,2582.0,0.71,Severe
18-11-2025 11:00,Gujarat,Surat,6.37,4.81,6.79,25,3,1.0,3,1269.0,0.49,Severe
18-11-2025 12:00,Kerala,Alappuzha,33.74,2.67,4.92,26,0,0.0,4,1610.0,1.18,Moderate
18-11-2025 13:00,Maharashtra,Kolhapur,67.2,5.33,6.99,33,2,2.0,3,2987.0,0.9,Severe
18-11-2025 14:00,Maharashtra,Nashik,39.44,8.41,4.26,34,0,0.0,1,1935.0,-0.18,Severe
18-11-2025 15:00,Maharashtra,Nashik,55.92,1.22,4.26,44,0,1.0,2,1848.0,0.77,Moderate
18-11-2025 16:00,West Bengal,Malda,45.78,6.44,6.14,34,0,1.0,5,2344.0,0.8,Severe
18-11-2025 17:00,Kerala,Kottayam,40.54,6.0,6.25,46,2,1.0,5,2153.0,0.63,Severe
18-11-2025 18:00,West Bengal,Darjeeling,35.71,8.4,5.27,37,1,0.0,8,2442.0,-0.08,Severe
18-11-2025 19:00,Odisha,Bhubaneswar,61.51,6.16,4.86,64,1,0.0,1,3770.0,0.85,Severe
18-11-2025 20:00,Gujarat,Rajkot,30.02,6.0,6.38,41,1,0.0,3,1509.0,0.47,Severe
18-11-2025 21:00,Karnataka,Bengaluru,15.69,7.16,6.87,31,2,1.0,4,1180.0,-0.11,Severe
18-11-2025 22:00,Bihar,Darbhanga,83.22,3.14,6.97,50,0,2.5,0,2319.0,0.51,Severe
18-11-2025 23:00,Kerala,Thrissur,57.5,5.77,5.9,40,1,2.0,8,2590.0,0.86,Severe
19-11-2025 00:00,Bihar,Patna,5.59,5.16,6.22,21,0,0.0,2,1384.0,-0.03,Moderate
19-11-2025 01:00,Assam,Barpeta,43.25,4.51,6.47,36,0,1.0,2,2525.0,-0.03,Severe
19-11-2025 02:00,Kerala,Alappuzha,4.98,1.64,6.4,26,1,1.0,5,0.0,0.68,Moderate
19-11-2025 03:00,Odisha,Balasore,11.9,3.34,6.98,25,1,1.0,4,1242.0,0.52,Moderate
19-11-2025 04:00,Kerala,Alappuzha,46.49,3.24,6.43,46,0,0.0,3,1701.0,0.72,Moderate
19-11-2025 05:00,West Bengal,Darjeeling,80.95,6.79,5.99,43,4,0.0,2,4291.0,0.38,Severe
19-11-2025 06:00,Gujarat,Vadodara,104.02124999999998,8.37,5.13,66,4,2.0,3,4592.375,1.48,Severe
19-11-2025 07:00,Karnataka,Mangaluru,98.31,2.85,5.79,66,2,1.0,3,3214.0,0.19,Severe
19-11-2025 08:00,Uttar Pradesh,Gorakhpur,7.97,1.6,6.64,22,0,2.0,5,1370.0,0.65,Moderate
19-11-2025 09:00,Karnataka,Udupi,104.02124999999998,9.0,4.92,65,5,2.5,0,4324.0,0.14,Severe
19-11-2025 10:00,Karnataka,Bengaluru,61.41,6.53,4.09,58,2,0.0,3,2754.0,-0.28,Severe
19-11-2025 11:00,Assam,Dibrugarh,64.76,8.09,4.98,44,3,1.0,3,2852.0,0.29,Severe
19-11-2025 12:00,Odisha,Puri,22.12,2.15,6.88,39,1,0.0,5,1210.0,0.23,Moderate
19-11-2025 13:00,Bihar,Muzaffarpur,49.63,7.41,6.38,49,3,0.0,8,2543.0,1.15,Severe
19-11-2025 14:00,Odisha,Bhubaneswar,47.11,7.51,4.56,49,1,0.0,6,2320.0,0.55,Severe
19-11-2025 15:00,Uttar Pradesh,Kanpur,49.17,2.21,4.04,46,2,0.0,3,1896.0,0.0,Moderate
19-11-2025 16:00,Assam,Jorhat,55.28,2.29,6.01,46,1,0.0,3,3255.0,0.38,Severe
19-11-2025 17:00,Gujarat,Vadodara,35.18,3.36,5.74,38,1,0.0,7,2722.0,-0.05,Severe
19-11-2025 18:00,Karnataka,Mangaluru,30.09,2.73,4.25,29,1,2.0,4,2745.0,0.24,Severe
19-11-2025 19:00,West Bengal,Malda,37.97,8.8,6.9,34,0,0.0,7,2783.0,0.82,Severe
19-11-2025 20:00,Assam,Barpeta,74.94,3.9,5.85,45,3,2.0,6,3215.0,0.57,Severe
19-11-2025 21:00,Maharashtra,Mumbai,64.13,7.09,5.95,43,3,2.0,3,3896.0,-0.39,Severe
19-11-2025 22:00,Kerala,Kottayam,72.23,7.44,6.56,42,3,1.0,5,3645.0,0.0,Severe
19-11-2025 23:00,Odisha,Kendrapara,47.27,4.09,5.01,55,2,0.0,1,1875.0,-0.02,Severe
20-11-2025 00:00,Assam,Guwahati,16.73,6.46,5.67,34,0,0.0,6,2042.0,0.04,Severe
20-11-2025 01:00,Maharashtra,Nagpur,22.82,1.86,5.73,39,1,2.5,3,696.0,0.48,Moderate
20-11-2025 02:00,Bihar,Muzaffarpur,63.75,4.18,6.9,48,0,1.0,7,2391.0,0.82,Severe
20-11-2025 03:00,Uttar Pradesh,Prayagraj,76.99,8.74,4.39,61,3,1.0,2,4120.0,0.2,Severe
20-11-2025 04:00,Uttar Pradesh,Varanasi,70.3,2.35,6.28,52,1,0.0,5,1179.0,0.07,Moderate
20-11-2025 05:00,Karnataka,Mangaluru,38.15,4.09,5.73,34,1,0.0,1,1615.0,0.73,Severe
20-11-2025 06:00,Karnataka,Mangaluru,42.12,7.32,6.54,47,1,1.0,4,2230.0,0.49,Severe
20-11-2025 07:00,Assam,Guwahati,38.9,6.32,6.5,48,0,2.0,1,1563.0,0.12,Severe
20-11-2025 08:00,Assam,Jorhat,9.83,6.05,4.04,27,3,1.0,4,2036.0,0.18,Severe
20-11-2025 09:00,Gujarat,Vadodara,15.05,7.83,4.77,30,0,0.0,5,2124.0,0.22,Severe
20-11-2025 10:00,Kerala,Alappuzha,53.84,1.23,4.54,48,3,1.0,3,1809.0,0.85,Severe
20-11-2025 11:00,Tamil Nadu,Coimbatore,28.46,7.17,5.39,32,1,0.0,3,2876.0,0.55,Severe
20-11-2025 12:00,Bihar,Patna,4.81,8.06,6.72,26,1,0.0,6,1187.0,1.18,Severe
20-11-2025 13:00,Karnataka,Bengaluru,39.45,1.13,4.02,31,2,0.0,2,1859.0,0.6,Moderate
20-11-2025 14:00,Tamil Nadu,Tiruppur,16.23,5.47,5.46,33,1,0.0,2,1704.0,-0.05,Moderate
20-11-2025 15:00,Tamil Nadu,Thanjavur,14.41,3.79,6.65,40,0,2.0,5,1270.0,-0.4,Severe
20-11-2025 16:00,Kerala,Kochi,9.53,1.41,6.78,23,0,0.0,3,797.0,0.07,Low
20-11-2025 17:00,West Bengal,Malda,19.53,4.34,5.97,31,2,1.0,5,1139.0,-0.38,Severe
20-11-2025 18:00,West Bengal,Murshidabad,3.18,6.15,6.49,28,0,1.0,8,1101.0,0.0,Severe
20-11-2025 19:00,Karnataka,Mysuru,16.2,8.35,4.97,27,0,1.0,3,2196.0,0.36,Severe
20-11-2025 20:00,Maharashtra,Mumbai,54.27,5.96,4.86,39,2,0.0,8,3631.0,-0.23,Severe
20-11-2025 21:00,Kerala,Kottayam,45.81,7.85,4.15,38,0,0.0,2,1780.0,0.7,Severe
20-11-2025 22:00,Kerala,Alappuzha,70.56,1.97,5.51,52,1,1.0,4,1841.0,0.12,Severe
20-11-2025 23:00,Odisha,Balasore,48.61,2.68,5.37,57,1,2.0,7,2655.0,0.71,Severe
21-11-2025 00:00,Tamil Nadu,Coimbatore,2.17,8.76,5.12,27,1,0.0,4,2088.0,-0.08,Severe
21-11-2025 01:00,Odisha,Puri,27.94,8.1,4.34,37,1,2.0,1,2971.0,0.68,Severe
21-11-2025 02:00,Tamil Nadu,Thanjavur,26.18,2.88,4.69,36,1,0.0,8,1802.0,0.12,Moderate
21-11-2025 03:00,West Bengal,Darjeeling,14.76,5.97,4.61,28,1,0.0,4,1322.0,0.24,Severe
21-11-2025 04:00,Karnataka,Kodagu,9.53,3.9,6.83,32,0,0.0,3,1361.0,0.06,Moderate
21-11-2025 05:00,Bihar,Muzaffarpur,51.99,4.75,6.9,51,1,2.5,2,2771.0,0.28,Severe
21-11-2025 06:00,West Bengal,Kolkata,33.75,7.89,4.01,27,3,1.0,0,2478.0,0.61,Severe
21-11-2025 07:00,Kerala,Kottayam,12.89,6.89,4.51,29,1,0.0,0,2212.0,-0.27,Severe
21-11-2025 08:00,Bihar,Muzaffarpur,8.42,2.91,6.67,27,2,0.0,2,1683.0,1.35,Moderate
21-11-2025 09:00,Assam,Dibrugarh,62.36,3.53,4.12,40,2,1.0,5,3041.0,1.35,Severe
21-11-2025 10:00,Bihar,Darbhanga,55.12,3.32,6.83,45,1,1.0,0,1933.0,0.12,Moderate
21-11-2025 11:00,Bihar,Bhagalpur,56.14,7.25,5.14,44,1,1.0,7,2725.0,0.8,Severe
21-11-2025 12:00,West Bengal,Howrah,53.61,4.92,5.62,40,2,2.0,2,2673.0,-0.19,Severe
21-11-2025 13:00,Kerala,Kochi,53.58,8.61,6.29,44,3,0.0,6,3046.0,-0.39,Severe
21-11-2025 14:00,Bihar,Muzaffarpur,49.5,7.53,4.73,36,3,1.0,3,2677.0,1.22,Severe
21-11-2025 15:00,West Bengal,Howrah,21.44,2.69,4.3,34,2,1.0,5,2331.0,0.71,Severe
21-11-2025 16:00,West Bengal,Malda,53.03,7.29,6.43,38,0,0.0,3,2304.0,0.42,Severe
21-11-2025 17:00,Bihar,Gaya,37.61,5.05,6.95,42,3,0.0,1,1262.0,0.69,Severe
21-11-2025 18:00,Tamil Nadu,Chennai,16.64,3.03,5.98,26,0,1.0,3,1914.0,0.05,Moderate
21-11-2025 19:00,Kerala,Thrissur,34.24,3.91,6.48,34,2,0.0,6,1912.0,0.4,Severe
21-11-2025 20:00,Uttar Pradesh,Kanpur,77.0,8.78,6.82,56,4,0.0,3,3252.0,0.46,Severe
21-11-2025 21:00,Bihar,Bhagalpur,42.36,4.87,4.69,44,1,0.0,6,2224.0,-0.3,Severe
21-11-2025 22:00,Odisha,Balasore,46.21,6.76,5.05,46,1,1.0,2,3637.0,0.87,Severe
21-11-2025 23:00,Odisha,Balasore,13.84,4.82,4.66,21,0,0.0,3,2038.0,0.15,Moderate
22-11-2025 00:00,Assam,Barpeta,17.53,3.97,4.19,40,1,0.0,3,1784.0,-0.18,Moderate
22-11-2025 01:00,Kerala,Alappuzha,37.7,7.37,6.2,35,2,0.0,6,2258.0,1.11,Severe
22-11-2025 02:00,West Bengal,Howrah,30.4,7.79,4.44,27,0,1.0,3,2708.0,0.91,Severe
22-11-2025 03:00,Gujarat,Bharuch,26.96,1.58,4.28,37,2,1.0,2,1143.0,0.26,Moderate
22-11-2025 04:00,Karnataka,Bengaluru,14.03,3.23,5.07,27,0,0.0,1,2598.0,-0.21,Moderate
22-11-2025 05:00,Maharashtra,Nashik,17.2,5.06,4.18,23,0,0.0,6,1990.0,0.59,Severe
22-11-2025 06:00,Gujarat,Surat,8.9,3.53,4.54,33,0,0.0,8,1134.0,0.38,Moderate
22-11-2025 07:00,Kerala,Kozhikode,22.83,7.27,4.21,31,1,0.0,3,1729.0,1.34,Severe
22-11-2025 08:00,Kerala,Kochi,30.56,1.92,6.63,31,0,1.0,2,2532.0,0.96,Moderate
22-11-2025 09:00,Bihar,Bhagalpur,32.27,7.38,6.34,37,2,1.0,7,2201.0,0.15,Severe
22-11-2025 10:00,Bihar,Bhagalpur,75.32,5.94,6.58,48,3,0.0,3,3984.0,1.01,Severe
22-11-2025 11:00,Gujarat,Vadodara,4.43,3.31,6.6,26,0,1.0,1,1138.0,0.96,Moderate
22-11-2025 12:00,West Bengal,Malda,104.02124999999998,3.76,6.83,64,2,1.0,6,3824.0,-0.43,Severe
22-11-2025 13:00,Assam,Dhemaji,53.67,2.46,4.56,41,3,2.5,1,2297.0,0.62,Severe
22-11-2025 14:00,Bihar,Bhagalpur,36.19,3.02,6.7,33,0,0.0,3,1416.0,0.9,Moderate
22-11-2025 15:00,Maharashtra,Mumbai,16.1,6.74,5.58,41,2,0.0,3,1437.0,0.17,Severe
22-11-2025 16:00,Maharashtra,Pune,23.94,4.01,4.5,37,0,1.0,7,1917.0,-0.2,Severe
22-11-2025 17:00,Assam,Guwahati,52.86,6.5,5.97,52,1,1.0,1,3207.0,1.5750000000000002,Severe
22-11-2025 18:00,Tamil Nadu,Madurai,18.68,5.11,4.98,36,2,2.0,7,2304.0,1.07,Severe
22-11-2025 19:00,Tamil Nadu,Thanjavur,56.31,2.16,4.14,47,0,2.0,3,2149.0,0.48,Severe
22-11-2025 20:00,Kerala,Thrissur,33.68,4.99,4.24,47,1,0.0,4,1761.0,-0.6,Severe
22-11-2025 21:00,Bihar,Muzaffarpur,33.58,7.05,5.27,31,2,1.0,3,3162.0,0.18,Severe
22-11-2025 22:00,Odisha,Bhubaneswar,52.94,3.38,6.48,43,3,0.0,5,2331.0,1.25,Severe
22-11-2025 23:00,Gujarat,Ahmedabad,12.92,6.18,4.93,34,1,0.0,3,678.0,0.97,Severe
23-11-2025 00:00,Uttar Pradesh,Kanpur,26.47,2.59,6.3,37,0,1.0,4,2050.0,0.25,Moderate
23-11-2025 01:00,Assam,Jorhat,30.69,2.09,4.17,42,1,0.0,4,1483.0,0.14,Moderate
23-11-2025 02:00,Kerala,Kottayam,51.22,3.88,5.18,50,1,0.0,3,1901.0,1.03,Severe
23-11-2025 03:00,Odisha,Cuttack,71.14,4.11,4.38,51,3,0.0,3,3573.0,0.26,Severe
23-11-2025 04:00,Bihar,Patna,11.96,7.09,6.59,27,2,0.0,3,2197.0,0.32,Severe
23-11-2025 05:00,Odisha,Bhubaneswar,33.87,4.68,6.9,35,1,0.0,3,1899.0,0.57,Severe
23-11-2025 06:00,Odisha,Balasore,11.13,1.65,4.98,24,0,0.0,5,0.0,0.64,Low
23-11-2025 07:00,Assam,Barpeta,33.65,6.07,6.97,38,1,0.0,6,1916.0,-0.12,Severe
23-11-2025 08:00,Kerala,Kottayam,46.45,4.75,6.26,42,0,1.0,3,3106.0,0.65,Severe
23-11-2025 09:00,West Bengal,Kolkata,23.96,3.65,4.0,27,0,1.0,7,1538.0,-0.07,Moderate
23-11-2025 10:00,Maharashtra,Mumbai,73.58,7.42,5.46,49,3,1.0,3,3839.0,0.96,Severe
23-11-2025 11:00,Gujarat,Bharuch,46.84,2.24,6.5,50,2,0.0,2,1992.0,0.22,Moderate
23-11-2025 12:00,Kerala,Alappuzha,44.38,8.31,5.6,50,4,0.0,4,2924.0,0.51,Severe
23-11-2025 13:00,Uttar Pradesh,Lucknow,37.13,3.67,5.65,37,2,1.0,5,1993.0,-0.865,Severe
23-11-2025 14:00,Odisha,Puri,52.36,4.69,5.34,54,2,0.0,1,3357.0,0.75,Severe
23-11-2025 15:00,West Bengal,Kolkata,77.49,8.43,5.19,51,5,1.0,5,3807.0,0.82,Severe
23-11-2025 16:00,Assam,Dhemaji,38.81,7.09,4.08,36,1,1.0,5,2412.0,0.14,Severe
23-11-2025 17:00,Karnataka,Bengaluru,25.0,1.59,5.87,32,1,0.0,3,1904.0,-0.24,Moderate
23-11-2025 18:00,Gujarat,Rajkot,104.02124999999998,5.63,6.3,66,4,2.0,8,4452.0,-0.26,Severe
23-11-2025 19:00,Gujarat,Vadodara,38.1,3.48,6.37,44,1,1.0,3,2292.0,0.38,Severe
23-11-2025 20:00,Maharashtra,Pune,30.51,5.07,5.87,33,1,0.0,2,2507.0,-0.13,Severe
23-11-2025 21:00,Karnataka,Bengaluru,50.51,6.94,5.02,50,2,1.0,3,2379.0,0.35,Severe
23-11-2025 22:00,Bihar,Bhagalpur,6.26,4.97,4.07,43,1,0.0,5,1304.0,0.43,Severe
23-11-2025 23:00,Karnataka,Mysuru,11.21,1.57,6.69,23,1,0.0,6,606.0,0.48,Moderate
24-11-2025 00:00,Odisha,Bhubaneswar,4.77,5.24,5.29,18,0,0.0,6,1898.0,1.02,Severe
24-11-2025 01:00,Odisha,Kendrapara,5.99,1.19,5.8,22,1,1.0,7,750.0,0.96,Moderate
24-11-2025 02:00,Odisha,Puri,15.15,3.79,4.58,25,3,0.0,4,2050.0,0.45,Severe
24-11-2025 03:00,Odisha,Bhubaneswar,23.98,4.82,4.43,38,1,1.0,4,3154.0,0.68,Severe
24-11-2025 04:00,Kerala,Alappuzha,23.11,6.16,4.26,44,0,0.0,2,1966.0,0.56,Severe
24-11-2025 05:00,Gujarat,Surat,31.15,5.05,6.4,26,0,0.0,3,1888.0,1.04,Severe
24-11-2025 06:00,Karnataka,Udupi,42.63,2.22,5.94,32,1,2.0,6,2827.0,0.44,Severe
24-11-2025 07:00,Gujarat,Vadodara,24.7,8.46,5.86,27,0,0.0,4,2625.0,0.8,Severe
24-11-2025 08:00,Uttar Pradesh,Prayagraj,43.67,6.2,6.76,36,3,2.0,4,2981.0,1.37,Severe
24-11-2025 09:00,Karnataka,Bengaluru,77.04,3.54,4.48,63,2,2.0,3,2623.0,0.57,Severe
24-11-2025 10:00,Kerala,Alappuzha,104.02124999999998,8.73,4.51,66,3,0.0,7,4592.375,0.17,Severe
24-11-2025 11:00,Uttar Pradesh,Lucknow,85.91,8.06,4.57,63,5,1.0,2,3959.0,0.19,Severe
24-11-2025 12:00,Gujarat,Bharuch,104.02124999999998,2.15,5.27,66,4,2.5,1,3555.0,0.05,Severe
24-11-2025 13:00,Uttar Pradesh,Gorakhpur,31.67,6.24,6.62,35,2,2.0,6,2113.0,0.73,Severe
24-11-2025 14:00,Maharashtra,Nashik,6.95,5.48,6.64,23,3,0.0,3,2037.0,0.55,Severe
24-11-2025 15:00,Uttar Pradesh,Lucknow,29.62,2.54,5.77,27,0,2.0,2,1636.0,0.22,Moderate
24-11-2025 16:00,Karnataka,Bengaluru,13.96,2.87,5.97,36,1,0.0,2,1222.0,1.08,Moderate
24-11-2025 17:00,Odisha,Balasore,31.99,5.51,6.69,31,2,0.0,3,1703.0,0.21,Severe
24-11-2025 18:00,Odisha,Bhubaneswar,11.06,3.57,5.87,24,2,0.0,2,1451.0,0.43,Moderate
24-11-2025 19:00,Bihar,Darbhanga,36.53,7.68,4.69,37,1,1.0,4,2450.0,0.03,Severe
24-11-2025 20:00,Gujarat,Ahmedabad,17.9,1.78,6.11,27,1,1.0,7,980.0,0.33,Moderate
24-11-2025 21:00,Maharashtra,Pune,17.78,8.31,6.31,29,0,0.0,2,1773.0,0.02,Severe
24-11-2025 22:00,Karnataka,Mangaluru,71.13,7.72,5.91,48,1,2.0,2,3233.0,0.34,Severe
24-11-2025 23:00,Karnataka,Kodagu,37.28,6.91,4.82,33,1,0.0,5,2721.0,-0.09,Severe
25-11-2025 00:00,Assam,Jorhat,33.39,3.1,5.2,42,3,0.0,3,1317.0,0.15,Moderate
25-11-2025 01:00,Tamil Nadu,Madurai,59.59,6.72,5.41,62,2,1.0,6,4292.0,0.06,Severe
25-11-2025 02:00,Gujarat,Rajkot,43.07,4.51,4.44,43,1,0.0,3,2016.0,0.08,Severe
25-11-2025 03:00,Karnataka,Mysuru,58.82,6.07,5.36,46,5,2.0,6,3311.0,-0.03,Severe
25-11-2025 04:00,West Bengal,Howrah,30.03,3.5,4.48,34,0,1.0,3,2082.0,0.23,Moderate
25-11-2025 05:00,Karnataka,Udupi,56.29,7.69,5.5,59,3,0.0,4,3439.0,-0.75,Severe
25-11-2025 06:00,Assam,Dhemaji,7.52,1.32,4.15,25,0,0.0,4,498.0,0.68,Low
25-11-2025 07:00,Uttar Pradesh,Kanpur,29.63,6.53,6.85,41,1,1.0,3,3113.0,0.5,Severe
25-11-2025 08:00,Kerala,Thrissur,40.77,7.63,4.74,35,2,0.0,6,2697.0,0.51,Severe
25-11-2025 09:00,Kerala,Alappuzha,23.9,6.17,5.4,27,1,0.0,4,1984.0,0.3,Severe
25-11-2025 10:00,West Bengal,Murshidabad,30.49,2.54,4.1,33,0,0.0,1,1882.0,0.94,Moderate
25-11-2025 11:00,West Bengal,Darjeeling,61.12,3.28,4.58,47,0,1.0,1,3407.0,0.05,Severe
25-11-2025 12:00,Bihar,Bhagalpur,62.4,5.12,6.08,55,0,1.0,5,2079.0,-0.39,Severe
25-11-2025 13:00,Kerala,Kochi,40.62,3.64,4.34,42,1,1.0,4,2153.0,0.49,Severe
25-11-2025 14:00,Uttar Pradesh,Gorakhpur,79.67,1.04,5.88,49,3,2.0,2,2862.0,1.22,Severe
25-11-2025 15:00,Kerala,Alappuzha,13.44,1.33,4.01,18,0,1.0,6,1077.0,1.02,Moderate
25-11-2025 16:00,Tamil Nadu,Tiruppur,27.28,7.14,5.4,27,3,1.0,5,2952.0,0.78,Severe
25-11-2025 17:00,Gujarat,Surat,28.06,1.67,6.16,30,2,1.0,3,1080.0,1.39,Severe
25-11-2025 18:00,Kerala,Thrissur,74.81,8.42,6.78,57,2,2.0,4,3810.0,0.18,Severe
25-11-2025 19:00,Odisha,Balasore,46.89,4.54,5.48,33,1,0.0,8,2884.0,0.16,Severe
25-11-2025 20:00,Bihar,Patna,88.8,7.07,6.52,60,0,1.0,4,3721.0,0.25,Severe
25-11-2025 21:00,Assam,Guwahati,7.95,2.0,6.41,24,1,2.5,6,1221.0,-0.76,Moderate
25-11-2025 22:00,West Bengal,Malda,41.47,8.41,4.89,37,0,0.0,5,2540.0,1.02,Severe
25-11-2025 23:00,Tamil Nadu,Chennai,33.9,1.27,6.62,38,1,1.0,4,1632.0,0.36,Moderate
26-11-2025 00:00,West Bengal,Darjeeling,2.19,1.34,5.92,30,1,0.0,4,953.0,0.08,Low
26-11-2025 01:00,Bihar,Gaya,17.48,1.44,4.31,25,0,0.0,4,1460.0,0.27,Low
26-11-2025 02:00,Karnataka,Kodagu,13.57,1.83,6.82,30,1,0.0,4,1244.0,-0.07,Low
26-11-2025 03:00,Tamil Nadu,Tiruppur,46.52,4.89,4.53,40,1,0.0,4,2812.0,0.38,Severe
26-11-2025 04:00,Maharashtra,Nashik,72.45,7.31,5.41,48,1,1.0,2,3079.0,0.12,Severe
26-11-2025 05:00,Tamil Nadu,Chennai,25.41,3.28,5.4,35,2,0.0,4,2335.0,0.15,Moderate
26-11-2025 06:00,Bihar,Muzaffarpur,13.05,6.97,5.88,24,0,0.0,4,1931.0,-0.04,Severe
26-11-2025 07:00,Assam,Dibrugarh,10.83,7.19,5.99,20,0,0.0,3,1998.0,0.37,Severe
26-11-2025 08:00,Tamil Nadu,Madurai,91.84,8.27,4.7,59,5,2.0,4,4315.0,0.12,Severe
26-11-2025 09:00,Bihar,Gaya,19.32,2.19,5.06,31,1,1.0,7,1063.0,0.96,Severe
26-11-2025 10:00,Uttar Pradesh,Lucknow,0.76,2.08,4.43,19,0,0.0,3,859.0,0.59,Low
26-11-2025 11:00,Gujarat,Rajkot,21.13,1.98,4.38,37,1,0.0,4,645.0,-0.24,Moderate
26-11-2025 12:00,Kerala,Thrissur,7.7,3.87,6.48,22,0,0.0,2,1341.0,0.63,Moderate
26-11-2025 13:00,Uttar Pradesh,Kanpur,35.08,4.92,6.25,34,1,0.0,8,2293.0,0.5,Severe
26-11-2025 14:00,Bihar,Gaya,32.61,4.69,5.33,38,2,0.0,7,2465.0,0.38,Severe
26-11-2025 15:00,Odisha,Puri,25.24,3.06,4.29,31,1,2.0,5,1291.0,0.28,Severe
26-11-2025 16:00,Karnataka,Mangaluru,9.01,5.98,5.35,23,0,1.0,3,907.0,0.88,Severe
26-11-2025 17:00,Kerala,Kochi,31.8,3.71,4.88,35,0,1.0,2,2117.0,-0.15,Moderate
26-11-2025 18:00,Odisha,Puri,28.08,3.93,6.33,40,0,1.0,4,1678.0,0.32,Severe
26-11-2025 19:00,Assam,Dhemaji,30.51,1.84,4.29,40,2,1.0,8,2122.0,-0.4,Severe
26-11-2025 20:00,West Bengal,Howrah,23.0,5.74,5.35,32,4,1.0,4,1555.0,0.59,Severe
26-11-2025 21:00,Maharashtra,Kolhapur,53.67,6.24,5.77,39,2,2.5,2,1916.0,0.32,Severe
26-11-2025 22:00,Kerala,Kozhikode,63.57,7.06,6.96,62,3,2.0,3,3558.0,-0.09,Severe
26-11-2025 23:00,Uttar Pradesh,Gorakhpur,10.8,8.23,4.27,23,2,0.0,4,1961.0,0.43,Severe
27-11-2025 00:00,Karnataka,Mangaluru,51.15,7.13,4.34,47,5,2.5,2,3227.0,0.96,Severe
27-11-2025 01:00,Odisha,Cuttack,66.06,2.89,6.96,40,2,0.0,4,2179.0,0.4,Severe
27-11-2025 02:00,Bihar,Bhagalpur,104.02124999999998,2.89,5.22,56,0,2.0,3,3614.0,-0.36,Severe
27-11-2025 03:00,Kerala,Kochi,37.08,8.32,6.23,46,2,1.0,2,3339.0,0.34,Severe
27-11-2025 04:00,West Bengal,Malda,23.33,7.32,6.35,33,0,2.0,4,2834.0,0.48,Severe
27-11-2025 05:00,Bihar,Patna,57.2,7.26,4.94,45,2,0.0,5,2737.0,0.04,Severe
27-11-2025 06:00,Odisha,Balasore,23.68,6.76,4.64,28,3,2.0,2,1797.0,1.35,Severe
27-11-2025 07:00,Karnataka,Mysuru,68.52,3.14,4.83,56,0,2.0,8,2852.0,-0.3,Severe
27-11-2025 08:00,Tamil Nadu,Chennai,30.26,7.78,6.29,36,2,0.0,0,1213.0,-0.79,Severe
27-11-2025 09:00,West Bengal,Malda,17.91,2.14,6.52,35,0,0.0,6,1676.0,-0.07,Moderate
27-11-2025 10:00,Bihar,Bhagalpur,35.46,3.8,6.1,40,1,0.0,8,1917.0,-0.53,Severe
27-11-2025 11:00,West Bengal,Darjeeling,27.34,3.77,5.32,30,0,0.0,4,2255.0,0.77,Severe
27-11-2025 12:00,Assam,Dhemaji,25.49,5.48,4.79,34,1,0.0,1,2261.0,0.83,Severe
27-11-2025 13:00,Bihar,Darbhanga,4.95,4.71,5.28,22,1,0.0,5,1361.0,-0.37,Moderate
27-11-2025 14:00,Kerala,Kottayam,65.28,4.68,6.74,46,2,2.0,5,3429.0,-0.14,Severe
27-11-2025 15:00,Tamil Nadu,Thanjavur,64.98,5.43,6.59,48,2,0.0,5,2179.0,-0.2,Severe
27-11-2025 16:00,Tamil Nadu,Coimbatore,45.5,4.32,4.97,50,1,1.0,3,2785.0,0.34,Severe
27-11-2025 17:00,Maharashtra,Nagpur,48.21,3.0,4.98,39,2,0.0,2,2516.0,0.56,Severe
27-11-2025 18:00,West Bengal,Howrah,15.4,6.31,6.34,27,1,2.0,4,2430.0,1.02,Severe
27-11-2025 19:00,Uttar Pradesh,Prayagraj,2.39,7.33,5.28,16,2,0.0,6,862.0,0.54,Severe
27-11-2025 20:00,Tamil Nadu,Tiruppur,38.13,4.83,5.72,43,0,1.0,3,2277.0,0.2,Severe
27-11-2025 21:00,Tamil Nadu,Tiruppur,29.84,6.2,5.27,42,2,2.0,4,1999.0,0.18,Severe
27-11-2025 22:00,Assam,Barpeta,37.52,5.28,4.73,29,0,2.5,8,2533.0,0.39,Severe
27-11-2025 23:00,Gujarat,Bharuch,1.53,1.47,4.57,26,3,1.0,5,1695.0,0.42,Moderate
28-11-2025 00:00,Assam,Guwahati,52.41,4.38,4.42,48,3,1.0,3,2463.0,0.29,Severe
28-11-2025 01:00,Assam,Guwahati,15.21,1.08,4.03,25,1,0.0,1,1204.0,0.39,Low
28-11-2025 02:00,Gujarat,Vadodara,12.53,6.3,4.84,37,0,1.0,1,1510.0,0.34,Severe
28-11-2025 03:00,West Bengal,Murshidabad,98.14,5.07,4.51,66,1,0.0,6,3912.0,-0.3,Severe
28-11-2025 04:00,Bihar,Gaya,83.14,2.01,4.77,46,2,1.0,5,3371.0,0.42,Severe
28-11-2025 05:00,Karnataka,Bengaluru,4.84,5.34,4.23,35,0,0.0,6,1857.0,-0.04,Severe
28-11-2025 06:00,Uttar Pradesh,Prayagraj,18.48,8.19,5.02,23,1,1.0,8,2735.0,0.44,Severe
28-11-2025 07:00,Tamil Nadu,Chennai,25.7,3.72,5.56,33,0,1.0,8,1608.0,0.57,Severe
28-11-2025 08:00,Maharashtra,Mumbai,76.75,8.86,6.83,44,1,0.0,3,3414.0,0.88,Severe
28-11-2025 09:00,Uttar Pradesh,Varanasi,55.27,8.68,5.04,43,0,1.0,4,2750.0,0.33,Severe
28-11-2025 10:00,Bihar,Bhagalpur,9.39,7.28,4.09,39,2,0.0,2,1940.0,0.06,Severe
28-11-2025 11:00,Gujarat,Vadodara,34.99,7.51,5.09,34,2,0.0,3,2217.0,0.73,Severe
28-11-2025 12:00,Uttar Pradesh,Kanpur,25.81,4.28,6.45,34,0,0.0,8,1578.0,0.38,Severe
28-11-2025 13:00,Tamil Nadu,Madurai,26.47,4.22,5.02,41,1,0.0,5,2580.0,1.23,Severe
28-11-2025 14:00,Uttar Pradesh,Kanpur,19.76,8.64,4.88,28,1,1.0,5,2676.0,-0.29,Severe
28-11-2025 15:00,Karnataka,Bengaluru,25.96,3.93,6.76,39,1,1.0,5,1890.0,0.09,Severe
28-11-2025 16:00,Gujarat,Bharuch,51.24,1.77,4.89,40,4,2.0,4,1912.0,0.03,Severe
28-11-2025 17:00,Uttar Pradesh,Prayagraj,28.45,2.22,6.91,35,2,0.0,2,1902.0,1.18,Moderate
28-11-2025 18:00,Tamil Nadu,Madurai,30.55,6.68,6.5,31,3,0.0,6,2057.0,0.55,Severe
28-11-2025 19:00,Tamil Nadu,Thanjavur,55.51,4.06,6.05,40,2,0.0,2,3137.0,-0.49,Severe
28-11-2025 20:00,Uttar Pradesh,Kanpur,43.69,2.59,5.79,46,1,0.0,2,2505.0,-0.46,Moderate
28-11-2025 21:00,West Bengal,Darjeeling,55.86,7.51,4.67,40,3,1.0,4,3491.0,0.74,Severe
28-11-2025 22:00,Maharashtra,Nagpur,15.58,4.91,6.19,36,0,0.0,3,1441.0,-0.13,Moderate
28-11-2025 23:00,Odisha,Balasore,33.08,5.54,5.04,40,3,1.0,6,1874.0,0.35,Severe
29-11-2025 00:00,Assam,Guwahati,32.29,2.23,5.46,34,2,1.0,2,2768.0,0.26,Moderate
29-11-2025 01:00,Gujarat,Ahmedabad,28.76,2.54,4.31,40,2,2.0,5,472.0,1.24,Severe
29-11-2025 02:00,Odisha,Bhubaneswar,24.91,2.01,4.89,38,3,1.0,0,2045.0,0.24,Moderate
29-11-2025 03:00,Bihar,Gaya,81.3,5.12,5.59,50,2,1.0,6,3119.0,0.16,Severe
29-11-2025 04:00,Bihar,Muzaffarpur,22.9,7.21,5.4,35,1,1.0,4,2772.0,0.6,Severe
29-11-2025 05:00,Tamil Nadu,Coimbatore,68.39,6.86,5.03,66,2,0.0,5,3699.0,0.85,Severe
29-11-2025 06:00,Bihar,Bhagalpur,104.02124999999998,3.09,5.42,66,1,1.0,7,3563.0,0.41,Severe
29-11-2025 07:00,West Bengal,Murshidabad,12.85,7.81,6.23,26,0,2.0,2,1409.0,-0.68,Severe
29-11-2025 08:00,Maharashtra,Nashik,9.13,1.85,5.38,26,1,0.0,5,573.0,0.71,Moderate
29-11-2025 09:00,Bihar,Gaya,3.95,1.91,5.52,32,1,0.0,4,857.0,-0.26,Low
29-11-2025 10:00,Karnataka,Bengaluru,67.73,7.79,6.1,50,0,1.0,2,2823.0,-0.34,Severe
29-11-2025 11:00,Maharashtra,Kolhapur,68.93,2.96,6.52,53,1,0.0,2,2978.0,0.13,Severe
29-11-2025 12:00,West Bengal,Darjeeling,13.54,6.66,5.58,27,0,0.0,2,2356.0,0.41,Severe
29-11-2025 13:00,Odisha,Bhubaneswar,56.47,1.07,6.84,37,2,0.0,5,3014.0,1.01,Severe
29-11-2025 14:00,Maharashtra,Kolhapur,17.35,1.75,5.06,38,0,0.0,3,1987.0,-0.57,Low
29-11-2025 15:00,Maharashtra,Nagpur,33.99,5.87,4.76,22,2,1.0,3,1596.0,0.42,Severe
29-11-2025 16:00,Odisha,Kendrapara,64.78,2.46,6.08,50,0,0.0,4,2751.0,1.01,Severe
29-11-2025 17:00,West Bengal,Murshidabad,43.96,1.23,4.53,35,2,0.0,5,1975.0,0.3,Moderate
29-11-2025 18:00,Bihar,Bhagalpur,15.91,4.74,6.7,30,0,0.0,5,2363.0,0.7,Severe
29-11-2025 19:00,Tamil Nadu,Chennai,35.61,3.64,5.16,31,0,0.0,7,1435.0,0.66,Severe
29-11-2025 20:00,Gujarat,Bharuch,24.55,7.42,6.09,36,2,0.0,3,2376.0,0.09,Severe
29-11-2025 21:00,Odisha,Cuttack,56.0,7.55,5.71,55,5,0.0,6,2708.0,0.62,Severe
29-11-2025 22:00,Odisha,Kendrapara,43.08,5.92,4.16,39,1,1.0,2,2518.0,0.4,Severe
29-11-2025 23:00,Odisha,Puri,42.83,3.34,6.13,43,0,0.0,7,2386.0,0.21,Severe
30-11-2025 00:00,Odisha,Cuttack,15.07,4.69,6.37,20,0,0.0,0,1917.0,1.07,Moderate
30-11-2025 01:00,Gujarat,Ahmedabad,14.67,6.62,6.95,33,3,0.0,8,1652.0,0.27,Severe
30-11-2025 02:00,Gujarat,Ahmedabad,37.39,1.55,5.25,22,1,1.0,2,1421.0,1.03,Moderate
30-11-2025 03:00,Bihar,Darbhanga,61.22,3.66,5.51,45,2,2.5,2,3259.0,0.2,Severe
30-11-2025 04:00,Uttar Pradesh,Lucknow,92.19,7.58,6.62,52,1,2.0,8,3967.0,0.29,Severe
30-11-2025 05:00,Uttar Pradesh,Lucknow,6.11,4.25,4.81,28,2,0.0,4,1315.0,0.25,Moderate
30-11-2025 06:00,Kerala,Thrissur,34.24,6.0,4.57,49,1,0.0,3,1606.0,0.82,Severe
30-11-2025 07:00,Odisha,Kendrapara,65.04,1.77,4.4,52,1,0.0,7,2197.0,-0.04,Moderate
30-11-2025 08:00,Odisha,Balasore,52.44,7.22,6.93,43,0,1.0,4,3419.0,0.56,Severe
30-11-2025 09:00,Maharashtra,Kolhapur,41.88,1.8,4.81,49,1,1.0,4,1927.0,0.53,Moderate
30-11-2025 10:00,Uttar Pradesh,Gorakhpur,64.32,7.89,6.27,46,0,0.0,2,1728.0,0.53,Severe
30-11-2025 11:00,Bihar,Bhagalpur,13.87,1.85,5.35,28,0,2.0,1,575.0,1.27,Moderate
30-11-2025 12:00,Tamil Nadu,Madurai,53.64,8.13,4.72,48,1,1.0,4,3657.0,0.25,Severe
30-11-2025 13:00,Kerala,Thrissur,67.2,3.91,6.74,61,1,1.0,5,3551.0,1.5750000000000002,Severe
30-11-2025 14:00,Kerala,Alappuzha,11.86,6.0,5.39,31,2,1.0,1,1476.0,0.85,Severe
30-11-2025 15:00,Bihar,Muzaffarpur,43.12,7.77,5.7,57,1,0.0,5,3653.0,-0.3,Severe
30-11-2025 16:00,Tamil Nadu,Tiruppur,56.42,1.08,4.67,45,2,0.0,4,1641.0,-0.16,Moderate
30-11-2025 17:00,Maharashtra,Mumbai,59.83,3.13,4.97,44,0,1.0,2,2684.0,0.81,Severe
30-11-2025 18:00,Gujarat,Surat,5.51,8.27,6.24,22,0,0.0,7,1758.0,0.02,Severe
30-11-2025 19:00,Assam,Jorhat,20.16,4.11,5.03,28,2,0.0,4,1651.0,0.46,Severe
30-11-2025 20:00,Uttar Pradesh,Prayagraj,1.98,6.65,5.52,32,2,0.0,8,1016.0,0.04,Severe
30-11-2025 21:00,Odisha,Puri,80.81,2.12,4.34,55,3,2.0,2,2602.0,0.14,Severe
30-11-2025 22:00,Bihar,Gaya,25.59,6.43,6.55,36,1,0.0,7,2479.0,0.24,Severe
30-11-2025 23:00,Uttar Pradesh,Prayagraj,13.93,1.59,6.21,30,0,1.0,5,1708.0,0.79,Moderate
01-12-2025 00:00,Odisha,Bhubaneswar,12.67,6.74,6.28,26,2,0.0,0,2533.0,0.25,Severe
01-12-2025 01:00,Assam,Barpeta,21.04,3.59,4.53,31,0,0.0,1,1475.0,0.99,Moderate
01-12-2025 02:00,Assam,Dibrugarh,67.28,4.73,5.49,54,1,0.0,3,3398.0,-0.09,Severe
01-12-2025 03:00,Gujarat,Vadodara,15.55,2.33,4.08,30,2,0.0,5,1216.0,0.71,Moderate
01-12-2025 04:00,West Bengal,Murshidabad,88.0,6.02,4.95,63,0,2.0,6,3698.0,0.45,Severe
01-12-2025 05:00,Assam,Barpeta,9.31,3.7,5.04,28,0,0.0,3,1277.0,-0.21,Moderate
01-12-2025 06:00,Uttar Pradesh,Lucknow,104.02124999999998,4.07,6.74,66,4,1.0,7,4008.0,0.08,Severe
01-12-2025 07:00,Karnataka,Udupi,21.42,6.22,6.98,38,0,0.0,3,1920.0,0.3,Severe
01-12-2025 08:00,Karnataka,Udupi,89.4,2.43,5.85,54,2,0.0,6,2338.0,0.91,Severe
01-12-2025 09:00,Odisha,Puri,80.91,7.82,5.55,61,5,1.0,0,3477.0,0.29,Severe
01-12-2025 10:00,Odisha,Cuttack,80.68,6.91,5.32,66,1,1.0,1,3743.0,1.28,Severe
01-12-2025 11:00,West Bengal,Malda,31.64,5.62,4.05,29,0,1.0,1,1261.0,0.21,Severe
01-12-2025 12:00,Karnataka,Bengaluru,10.69,2.03,6.4,29,1,1.0,6,0.0,0.39,Moderate
01-12-2025 13:00,Odisha,Kendrapara,39.83,6.5,6.02,38,0,0.0,6,2180.0,0.95,Severe
01-12-2025 14:00,Assam,Guwahati,17.19,1.14,5.95,35,1,0.0,2,1121.0,-0.22,Low
01-12-2025 15:00,Odisha,Puri,81.17,7.44,6.43,62,3,0.0,3,3081.0,0.89,Severe
01-12-2025 16:00,Kerala,Kozhikode,38.31,3.43,6.78,49,1,1.0,2,1834.0,0.06,Moderate
01-12-2025 17:00,West Bengal,Murshidabad,34.32,1.94,5.17,35,1,1.0,6,1398.0,0.24,Moderate
01-12-2025 18:00,Bihar,Muzaffarpur,18.13,2.32,5.28,45,0,0.0,4,1197.0,0.46,Moderate
01-12-2025 19:00,Tamil Nadu,Coimbatore,23.71,8.71,6.93,41,1,1.0,7,985.0,-0.01,Severe
01-12-2025 20:00,Maharashtra,Nagpur,49.93,7.19,5.99,40,1,0.0,5,2991.0,1.55,Severe
01-12-2025 21:00,Tamil Nadu,Chennai,44.2,2.9,6.55,37,1,0.0,7,3284.0,0.45,Severe
01-12-2025 22:00,Tamil Nadu,Madurai,56.47,8.71,4.66,34,0,1.0,6,2827.0,0.41,Severe
01-12-2025 23:00,Gujarat,Surat,59.62,2.12,4.95,46,2,2.0,4,2036.0,0.08,Severe
02-12-2025 00:00,Bihar,Darbhanga,63.34,6.87,5.17,61,2,0.0,7,3719.0,-0.25,Severe
02-12-2025 01:00,Odisha,Cuttack,12.28,6.25,4.95,29,0,0.0,8,1304.0,0.86,Severe
02-12-2025 02:00,Gujarat,Ahmedabad,45.71,7.57,6.65,45,0,1.0,4,3476.0,0.23,Severe
02-12-2025 03:00,Tamil Nadu,Thanjavur,43.51,4.05,5.53,30,2,1.0,3,1996.0,0.5,Severe
02-12-2025 04:00,Kerala,Alappuzha,8.94,4.21,6.86,41,0,0.0,4,1012.0,-0.09,Moderate
02-12-2025 05:00,Maharashtra,Nashik,47.67,6.0,4.96,34,2,2.0,5,2567.0,0.72,Severe
02-12-2025 06:00,Tamil Nadu,Thanjavur,80.24,4.19,4.11,58,5,2.0,4,2299.0,0.21,Severe
02-12-2025 07:00,Karnataka,Udupi,48.51,1.33,4.41,45,0,1.0,5,1934.0,-0.39,Moderate
02-12-2025 08:00,Bihar,Darbhanga,9.8,6.84,4.65,22,0,0.0,4,1502.0,0.22,Severe
02-12-2025 09:00,Bihar,Darbhanga,17.24,6.13,5.92,24,0,0.0,2,1671.0,0.7,Severe
02-12-2025 10:00,Bihar,Bhagalpur,41.33,4.39,4.54,42,1,1.0,6,1981.0,0.61,Severe
02-12-2025 11:00,West Bengal,Kolkata,14.85,3.42,5.14,37,0,0.0,4,1510.0,0.52,Moderate
02-12-2025 12:00,West Bengal,Malda,51.25,3.57,6.39,57,4,2.0,4,1793.0,0.33,Severe
02-12-2025 13:00,Assam,Jorhat,34.7,6.93,4.37,42,1,1.0,0,2230.0,0.37,Severe
02-12-2025 14:00,Uttar Pradesh,Lucknow,62.33,6.83,4.24,42,2,1.0,1,3392.0,0.1,Severe
02-12-2025 15:00,Maharashtra,Kolhapur,27.26,7.55,5.62,31,2,0.0,5,2297.0,0.87,Severe
02-12-2025 16:00,Gujarat,Rajkot,42.03,7.1,6.09,43,1,0.0,6,2319.0,0.33,Severe
02-12-2025 17:00,Odisha,Cuttack,19.43,7.06,6.73,36,0,0.0,2,1649.0,0.11,Severe
02-12-2025 18:00,Tamil Nadu,Tiruppur,104.02124999999998,3.01,5.99,66,1,0.0,7,2611.0,1.16,Severe
02-12-2025 19:00,Uttar Pradesh,Lucknow,33.7,1.81,6.84,33,1,0.0,5,1549.0,0.91,Moderate
02-12-2025 20:00,Odisha,Kendrapara,11.7,7.09,4.73,36,4,0.0,3,1625.0,0.39,Severe
02-12-2025 21:00,Gujarat,Surat,68.42,1.79,5.03,46,1,0.0,8,2805.0,0.19,Severe
02-12-2025 22:00,Uttar Pradesh,Lucknow,26.48,8.86,6.52,31,0,1.0,6,2481.0,0.21,Severe
02-12-2025 23:00,Odisha,Kendrapara,66.12,8.0,6.43,53,5,2.0,1,3211.0,-0.08,Severe
03-12-2025 00:00,Kerala,Kozhikode,26.88,5.27,5.99,27,3,1.0,4,1538.0,0.78,Severe
03-12-2025 01:00,West Bengal,Murshidabad,14.65,3.82,5.52,21,0,1.0,5,1576.0,1.18,Severe
03-12-2025 02:00,Gujarat,Ahmedabad,33.21,5.21,4.05,38,1,0.0,3,2104.0,0.61,Severe
03-12-2025 03:00,Maharashtra,Pune,11.0,6.87,4.84,25,0,0.0,4,1997.0,1.05,Severe
03-12-2025 04:00,Karnataka,Mysuru,26.01,7.05,4.48,42,5,1.0,5,1909.0,0.74,Severe
03-12-2025 05:00,Kerala,Kozhikode,60.56,1.59,4.15,45,0,0.0,4,2273.0,-0.31,Moderate
03-12-2025 06:00,West Bengal,Malda,46.76,7.44,6.33,43,3,0.0,4,3108.0,1.01,Severe
03-12-2025 07:00,Bihar,Darbhanga,37.29,6.13,4.39,42,0,1.0,1,2995.0,0.25,Severe
03-12-2025 08:00,West Bengal,Malda,26.6,1.32,5.07,26,1,0.0,5,2324.0,0.45,Moderate
03-12-2025 09:00,Uttar Pradesh,Varanasi,83.91,3.51,6.93,62,1,0.0,8,3546.0,-0.06,Severe
03-12-2025 10:00,Assam,Dhemaji,38.07,5.09,5.23,57,1,0.0,6,2389.0,-0.44,Severe
03-12-2025 11:00,Kerala,Kochi,19.69,2.51,4.42,22,0,0.0,4,763.0,0.07,Low
03-12-2025 12:00,Bihar,Patna,59.23,2.24,6.07,42,3,1.0,7,2461.0,0.47,Severe
03-12-2025 13:00,Uttar Pradesh,Varanasi,49.44,1.11,6.43,43,0,1.0,3,2626.0,0.41,Moderate
03-12-2025 14:00,Gujarat,Bharuch,17.17,8.29,4.84,29,1,1.0,5,2629.0,0.71,Severe
03-12-2025 15:00,Maharashtra,Nagpur,73.73,1.45,6.43,53,3,2.0,5,3056.0,0.48,Severe
03-12-2025 16:00,West Bengal,Darjeeling,38.85,3.93,4.81,49,1,1.0,2,1706.0,0.42,Severe
03-12-2025 17:00,Gujarat,Surat,42.52,2.65,6.08,50,0,1.0,6,2548.0,0.11,Severe
03-12-2025 18:00,Bihar,Bhagalpur,76.93,6.93,4.37,62,3,1.0,3,2810.0,1.26,Severe
03-12-2025 19:00,Uttar Pradesh,Prayagraj,9.99,6.66,5.28,26,1,1.0,8,1397.0,1.24,Severe
03-12-2025 20:00,Assam,Guwahati,18.07,7.45,5.56,35,1,2.0,3,2465.0,0.47,Severe
03-12-2025 21:00,West Bengal,Murshidabad,77.72,5.93,6.18,49,5,1.0,0,2844.0,-0.27,Severe
03-12-2025 22:00,Maharashtra,Nagpur,16.92,5.73,5.95,41,1,1.0,3,1719.0,0.52,Severe
03-12-2025 23:00,Assam,Guwahati,34.36,4.26,6.56,43,1,0.0,2,2679.0,-0.22,Severe
04-12-2025 00:00,Odisha,Cuttack,85.0,6.09,4.55,55,0,2.0,4,3541.0,-0.28,Severe
04-12-2025 01:00,Uttar Pradesh,Prayagraj,13.42,1.92,5.98,20,0,1.0,6,1761.0,0.8,Moderate
04-12-2025 02:00,Gujarat,Rajkot,4.76,6.48,4.38,39,2,0.0,2,1879.0,-0.03,Severe
04-12-2025 03:00,West Bengal,Howrah,11.95,1.83,5.43,38,1,0.0,7,2121.0,0.13,Moderate
04-12-2025 04:00,West Bengal,Murshidabad,34.03,7.89,5.57,38,1,0.0,2,2717.0,0.76,Severe
04-12-2025 05:00,Bihar,Patna,28.61,5.05,4.08,55,0,1.0,3,1418.0,0.56,Severe
04-12-2025 06:00,Maharashtra,Nashik,26.23,5.24,4.21,30,1,1.0,7,2147.0,0.67,Severe
04-12-2025 07:00,Karnataka,Bengaluru,24.32,5.68,6.52,25,1,0.0,3,2750.0,1.16,Severe
04-12-2025 08:00,Odisha,Kendrapara,16.71,7.21,4.86,29,0,0.0,6,1568.0,0.11,Severe
04-12-2025 09:00,Assam,Guwahati,25.02,4.83,5.04,33,2,1.0,5,1382.0,0.5,Severe
04-12-2025 10:00,Kerala,Kottayam,45.31,4.42,5.92,47,1,2.0,5,2609.0,1.03,Severe
04-12-2025 11:00,Kerala,Kochi,55.8,3.31,4.66,41,1,0.0,1,1950.0,-0.07,Moderate
04-12-2025 12:00,West Bengal,Malda,48.63,2.02,4.58,26,2,0.0,8,2084.0,0.29,Moderate
04-12-2025 13:00,Bihar,Patna,24.56,2.52,5.26,41,4,0.0,5,1895.0,0.74,Severe
04-12-2025 14:00,Tamil Nadu,Chennai,28.88,1.0,4.18,41,0,0.0,4,1837.0,-0.2,Low
04-12-2025 15:00,West Bengal,Malda,60.66,7.96,6.75,40,2,0.0,0,2982.0,0.45,Severe
04-12-2025 16:00,Kerala,Kochi,60.09,7.12,6.82,49,3,1.0,5,3235.0,0.22,Severe
04-12-2025 17:00,Kerala,Alappuzha,104.02124999999998,2.75,5.34,66,3,0.0,4,2978.0,-0.06,Severe
04-12-2025 18:00,Odisha,Balasore,26.41,1.02,4.63,43,2,1.0,2,751.0,0.89,Moderate
04-12-2025 19:00,Gujarat,Surat,11.18,4.94,5.41,24,2,1.0,3,1953.0,0.76,Severe
04-12-2025 20:00,Tamil Nadu,Madurai,35.89,4.3,4.3,36,1,0.0,6,2879.0,0.59,Severe
04-12-2025 21:00,West Bengal,Howrah,50.55,7.21,5.19,38,1,1.0,0,2069.0,0.67,Severe
04-12-2025 22:00,Odisha,Balasore,63.39,4.22,4.22,31,1,0.0,5,2065.0,0.17,Severe
04-12-2025 23:00,Bihar,Patna,22.39,7.91,6.12,43,0,0.0,2,1920.0,0.37,Severe
05-12-2025 00:00,Odisha,Puri,40.25,1.77,4.83,45,3,0.0,3,1598.0,-0.02,Moderate
05-12-2025 01:00,West Bengal,Malda,54.31,3.93,5.56,41,2,0.0,3,2772.0,0.7,Severe
05-12-2025 02:00,Uttar Pradesh,Gorakhpur,33.72,8.47,4.04,38,0,2.0,4,1747.0,-0.06,Severe
05-12-2025 03:00,Karnataka,Kodagu,28.64,1.09,5.57,29,0,0.0,0,692.0,0.13,Low
05-12-2025 04:00,West Bengal,Murshidabad,45.86,4.13,4.01,47,2,0.0,6,2193.0,-0.11,Severe
05-12-2025 05:00,Maharashtra,Nagpur,4.39,3.08,6.78,21,2,0.0,6,818.0,0.45,Moderate
05-12-2025 06:00,Kerala,Kozhikode,27.02,5.25,5.5,31,3,1.0,1,1423.0,0.23,Severe
05-12-2025 07:00,Tamil Nadu,Tiruppur,104.02124999999998,3.23,4.3,61,2,1.0,3,3209.0,0.53,Severe
05-12-2025 08:00,Tamil Nadu,Madurai,43.92,7.96,5.02,26,1,2.0,7,2441.0,0.05,Severe
05-12-2025 09:00,Gujarat,Ahmedabad,104.02124999999998,8.5,4.14,66,1,1.0,3,4592.375,0.01,Severe
05-12-2025 10:00,Karnataka,Udupi,37.97,7.79,5.59,41,1,0.0,5,2064.0,0.55,Severe
05-12-2025 11:00,Maharashtra,Nagpur,73.43,4.19,4.37,36,3,0.0,7,2014.0,0.29,Severe
05-12-2025 12:00,Kerala,Kozhikode,24.25,8.92,5.42,26,1,1.0,4,2833.0,1.5750000000000002,Severe
05-12-2025 13:00,Tamil Nadu,Thanjavur,27.08,6.88,4.92,41,1,0.0,2,2223.0,0.64,Severe
05-12-2025 14:00,Maharashtra,Nashik,20.25,3.84,6.28,36,1,1.0,5,1787.0,0.41,Severe
05-12-2025 15:00,Odisha,Kendrapara,69.84,1.75,5.45,44,4,2.5,8,2652.0,0.93,Severe
05-12-2025 16:00,Gujarat,Rajkot,16.29,6.34,6.54,26,0,0.0,3,2043.0,0.8,Severe
05-12-2025 17:00,West Bengal,Malda,6.47,6.83,6.82,24,0,0.0,7,1863.0,0.43,Severe
05-12-2025 18:00,West Bengal,Malda,64.46,1.98,6.91,45,1,2.0,5,2945.0,1.5750000000000002,Severe
05-12-2025 19:00,Uttar Pradesh,Gorakhpur,14.95,5.4,4.78,40,0,0.0,3,821.0,0.87,Severe
05-12-2025 20:00,Kerala,Kozhikode,58.22,8.9,6.3,41,1,0.0,5,3821.0,-0.15,Severe
05-12-2025 21:00,Maharashtra,Nagpur,28.24,3.61,5.31,30,1,2.0,4,1666.0,0.2,Severe
05-12-2025 22:00,Assam,Guwahati,104.02124999999998,3.42,5.28,66,2,2.0,1,4592.375,-0.46,Severe
05-12-2025 23:00,Tamil Nadu,Chennai,104.02124999999998,8.23,6.6,66,5,2.0,2,4341.0,-0.31,Severe
06-12-2025 00:00,Bihar,Bhagalpur,104.02124999999998,1.94,4.44,66,5,2.0,4,4592.375,1.5750000000000002,Severe
06-12-2025 01:00,Bihar,Darbhanga,13.44,8.47,5.43,35,0,1.0,2,2733.0,0.96,Severe
06-12-2025 02:00,West Bengal,Kolkata,33.54,7.24,5.78,25,0,0.0,6,2467.0,-0.41,Severe
06-12-2025 03:00,Assam,Dibrugarh,6.41,4.13,4.2,24,1,1.0,6,918.0,0.35,Moderate
06-12-2025 04:00,Bihar,Patna,47.35,1.67,6.59,41,1,1.0,6,2728.0,0.19,Moderate
06-12-2025 05:00,Karnataka,Udupi,14.94,1.15,4.94,32,0,0.0,6,702.0,1.54,Moderate
06-12-2025 06:00,Karnataka,Udupi,35.08,4.01,5.97,39,3,1.0,4,934.0,-0.71,Severe
06-12-2025 07:00,Kerala,Kochi,3.26,6.64,6.78,17,0,0.0,4,1224.0,0.06,Moderate
06-12-2025 08:00,Assam,Dhemaji,3.59,4.9,6.16,23,3,0.0,7,1264.0,0.07,Severe
06-12-2025 09:00,Karnataka,Udupi,16.9,6.91,6.66,32,1,2.0,2,1912.0,0.03,Severe
06-12-2025 10:00,Karnataka,Mysuru,19.19,6.36,4.21,40,0,1.0,5,1674.0,0.47,Severe
06-12-2025 11:00,West Bengal,Malda,84.07,5.58,5.48,58,2,0.0,2,3348.0,0.75,Severe
06-12-2025 12:00,Bihar,Darbhanga,25.1,8.74,5.69,36,1,0.0,8,2301.0,0.12,Severe
06-12-2025 13:00,Kerala,Kozhikode,50.82,6.83,6.07,51,2,1.0,6,2572.0,0.32,Severe
06-12-2025 14:00,Maharashtra,Nashik,5.77,8.32,4.35,28,0,2.0,6,2217.0,-0.08,Severe
06-12-2025 15:00,Odisha,Puri,42.55,2.94,5.97,35,0,1.0,1,1950.0,-0.04,Moderate
06-12-2025 16:00,Tamil Nadu,Madurai,40.47,6.71,4.44,51,0,0.0,4,2913.0,0.54,Severe
06-12-2025 17:00,Tamil Nadu,Chennai,56.57,5.78,4.2,41,3,1.0,3,2067.0,0.61,Severe
06-12-2025 18:00,Gujarat,Surat,39.17,8.39,5.41,29,1,0.0,5,2959.0,-0.48,Severe
06-12-2025 19:00,Odisha,Kendrapara,104.02124999999998,5.08,5.8,59,2,0.0,2,4045.0,0.02,Severe
06-12-2025 20:00,Odisha,Bhubaneswar,26.24,3.24,6.87,37,1,0.0,3,1462.0,0.2,Moderate
06-12-2025 21:00,Tamil Nadu,Madurai,15.84,4.08,6.1,53,2,0.0,2,928.0,0.18,Moderate
06-12-2025 22:00,Tamil Nadu,Coimbatore,58.5,2.75,5.77,44,2,2.0,6,2628.0,0.23,Severe
06-12-2025 23:00,Maharashtra,Pune,43.05,2.76,4.64,44,1,1.0,5,2236.0,-0.78,Severe
07-12-2025 00:00,Assam,Dibrugarh,16.41,4.76,4.46,32,2,0.0,7,2387.0,0.83,Severe
07-12-2025 01:00,Assam,Barpeta,51.44,8.14,5.82,43,0,2.5,2,2971.0,0.32,Severe
07-12-2025 02:00,Maharashtra,Mumbai,70.8,2.53,4.67,52,0,2.0,4,2305.0,1.5750000000000002,Severe
07-12-2025 03:00,Bihar,Darbhanga,44.36,3.3,6.12,44,0,1.0,2,1927.0,0.63,Severe
07-12-2025 04:00,Odisha,Cuttack,39.15,7.82,4.34,38,0,0.0,2,2197.0,0.52,Severe
07-12-2025 05:00,Uttar Pradesh,Lucknow,9.51,3.71,5.02,32,1,0.0,3,226.0,-0.04,Moderate
07-12-2025 06:00,Odisha,Bhubaneswar,25.61,8.7,6.32,33,1,0.0,2,2536.0,0.09,Severe
07-12-2025 07:00,Gujarat,Surat,15.5,3.15,6.49,31,0,1.0,6,1196.0,0.71,Moderate
07-12-2025 08:00,Tamil Nadu,Coimbatore,52.42,4.54,5.04,43,5,2.0,4,1666.0,0.23,Severe
07-12-2025 09:00,Odisha,Balasore,9.83,1.76,4.62,36,0,0.0,5,1486.0,0.04,Low
07-12-2025 10:00,Tamil Nadu,Tiruppur,10.68,8.94,6.87,34,0,1.0,4,2257.0,1.2,Severe
07-12-2025 11:00,Odisha,Bhubaneswar,14.14,8.12,6.28,25,3,0.0,4,1300.0,0.52,Severe
07-12-2025 12:00,Gujarat,Ahmedabad,18.3,7.54,6.42,35,1,1.0,5,2329.0,0.71,Severe
07-12-2025 13:00,Bihar,Patna,12.73,2.26,4.67,30,1,0.0,1,924.0,0.21,Low
07-12-2025 14:00,Uttar Pradesh,Kanpur,24.72,8.75,5.27,34,1,0.0,8,2282.0,0.9,Severe
07-12-2025 15:00,Karnataka,Kodagu,26.66,8.43,4.2,43,1,1.0,3,1901.0,0.11,Severe
07-12-2025 16:00,Maharashtra,Nagpur,65.06,4.49,4.33,43,2,0.0,4,2974.0,0.89,Severe
07-12-2025 17:00,Maharashtra,Kolhapur,15.96,6.45,4.66,34,4,1.0,4,1981.0,0.15,Severe
07-12-2025 18:00,Uttar Pradesh,Varanasi,18.82,8.94,4.91,29,1,1.0,3,2157.0,1.09,Severe
07-12-2025 19:00,Odisha,Kendrapara,50.03,4.28,6.99,47,1,0.0,5,2731.0,0.94,Severe
07-12-2025 20:00,Karnataka,Mangaluru,57.41,1.9,5.27,54,0,0.0,4,2413.0,0.16,Moderate
07-12-2025 21:00,Gujarat,Surat,36.91,7.94,6.09,35,0,0.0,6,1813.0,1.37,Severe
07-12-2025 22:00,Assam,Dibrugarh,49.82,4.81,6.71,41,1,0.0,2,2683.0,0.42,Severe
07-12-2025 23:00,Odisha,Kendrapara,6.13,8.9,4.74,26,0,2.0,2,1898.0,1.13,Severe
08-12-2025 00:00,Bihar,Bhagalpur,60.71,5.41,4.43,39,1,1.0,6,3686.0,-0.15,Severe
08-12-2025 01:00,Tamil Nadu,Coimbatore,32.45,1.24,4.73,32,2,2.0,2,802.0,0.67,Moderate
08-12-2025 02:00,Kerala,Thrissur,51.08,4.93,6.65,31,2,1.0,2,2466.0,0.53,Severe
08-12-2025 03:00,Odisha,Balasore,39.7,6.74,6.0,44,1,0.0,1,2787.0,0.18,Severe
08-12-2025 04:00,Kerala,Kochi,24.06,1.21,5.35,33,0,0.0,5,1479.0,0.78,Moderate
08-12-2025 05:00,Odisha,Puri,44.35,4.31,6.46,37,4,0.0,2,1574.0,0.94,Severe
08-12-2025 06:00,Uttar Pradesh,Lucknow,21.29,2.24,4.71,41,2,2.5,5,1173.0,0.59,Severe
08-12-2025 07:00,Kerala,Kochi,104.02124999999998,6.14,4.72,66,4,0.0,2,4592.375,0.53,Severe
08-12-2025 08:00,Odisha,Kendrapara,8.66,8.66,5.7,32,1,2.0,4,1699.0,0.47,Severe
08-12-2025 09:00,Maharashtra,Pune,59.65,6.0,6.37,49,0,2.0,2,3642.0,0.59,Severe
08-12-2025 10:00,Kerala,Kochi,42.17,6.56,4.78,55,1,0.0,5,1865.0,0.71,Severe
08-12-2025 11:00,Odisha,Balasore,33.44,4.17,4.63,39,0,1.0,7,2157.0,0.69,Severe
08-12-2025 12:00,Assam,Jorhat,18.04,5.51,5.42,29,1,1.0,4,1498.0,0.62,Severe
08-12-2025 13:00,Tamil Nadu,Thanjavur,43.64,5.35,4.4,46,1,0.0,6,2187.0,0.15,Severe
08-12-2025 14:00,Assam,Dibrugarh,32.61,7.08,6.24,26,0,0.0,3,3392.0,0.81,Severe
08-12-2025 15:00,Karnataka,Kodagu,7.6,7.86,5.73,32,2,1.0,7,2276.0,0.61,Severe
08-12-2025 16:00,Odisha,Puri,52.32,6.3,5.54,49,2,0.0,3,3254.0,0.53,Severe
08-12-2025 17:00,West Bengal,Malda,44.63,8.84,6.62,59,2,1.0,4,2933.0,0.25,Severe
08-12-2025 18:00,Bihar,Muzaffarpur,15.77,7.63,6.2,34,2,0.0,3,2512.0,0.8,Severe
08-12-2025 19:00,Assam,Dibrugarh,67.05,2.0,4.45,50,3,1.0,3,2700.0,-0.57,Severe
08-12-2025 20:00,Kerala,Kottayam,64.46,5.06,5.26,45,1,1.0,6,3461.0,0.33,Severe
08-12-2025 21:00,Uttar Pradesh,Gorakhpur,11.97,8.23,4.96,31,2,0.0,5,1652.0,0.18,Severe
08-12-2025 22:00,Bihar,Patna,44.77,8.55,6.41,42,0,0.0,5,3129.0,0.14,Severe
08-12-2025 23:00,West Bengal,Murshidabad,56.91,4.04,6.16,45,5,2.0,7,1944.0,0.23,Severe
09-12-2025 00:00,Gujarat,Vadodara,9.38,6.81,5.42,28,0,1.0,5,1412.0,-0.11,Severe
09-12-2025 01:00,Odisha,Bhubaneswar,4.64,4.28,6.47,22,2,2.0,4,1284.0,0.19,Severe
09-12-2025 02:00,Uttar Pradesh,Kanpur,27.74,1.99,5.23,28,3,0.0,2,971.0,-0.18,Moderate
09-12-2025 03:00,Odisha,Bhubaneswar,21.87,8.08,6.41,31,0,0.0,5,2067.0,0.54,Severe
09-12-2025 04:00,Karnataka,Bengaluru,32.01,8.46,4.1,37,1,0.0,2,2340.0,0.77,Severe
09-12-2025 05:00,West Bengal,Kolkata,94.85,5.04,4.4,65,3,1.0,5,4592.375,0.82,Severe
09-12-2025 06:00,Odisha,Puri,57.91,1.15,6.27,51,0,1.0,2,1781.0,0.6,Moderate
09-12-2025 07:00,Kerala,Alappuzha,18.96,7.53,4.34,34,0,1.0,2,1823.0,0.1,Severe
09-12-2025 08:00,Karnataka,Mangaluru,38.37,4.82,6.05,49,1,0.0,4,1991.0,-0.15,Severe
09-12-2025 09:00,Maharashtra,Pune,35.3,1.6,6.17,38,0,0.0,4,2021.0,0.06,Moderate
09-12-2025 10:00,Gujarat,Rajkot,63.47,2.52,5.99,55,4,2.0,5,2907.0,0.21,Severe
09-12-2025 11:00,West Bengal,Darjeeling,59.4,2.22,6.45,54,2,2.5,1,2713.0,0.07,Severe
09-12-2025 12:00,Tamil Nadu,Madurai,31.83,6.49,5.53,38,2,1.0,5,1818.0,1.44,Severe
09-12-2025 13:00,Uttar Pradesh,Kanpur,50.93,3.4,6.69,40,2,1.0,3,2575.0,0.67,Severe
09-12-2025 14:00,Assam,Barpeta,71.04,2.02,5.71,40,5,1.0,2,1936.0,0.61,Severe
09-12-2025 15:00,Odisha,Kendrapara,53.06,8.34,5.52,34,1,0.0,8,2579.0,0.49,Severe
09-12-2025 16:00,Uttar Pradesh,Prayagraj,18.63,8.65,5.53,21,0,0.0,5,2918.0,0.12,Severe
09-12-2025 17:00,Uttar Pradesh,Lucknow,19.07,2.11,6.74,36,0,0.0,6,1575.0,0.41,Moderate
09-12-2025 18:00,Tamil Nadu,Madurai,7.77,2.84,4.73,24,0,0.0,2,336.0,0.66,Moderate
09-12-2025 19:00,Tamil Nadu,Thanjavur,18.05,5.74,6.09,36,1,0.0,5,2730.0,0.78,Severe
09-12-2025 20:00,Karnataka,Udupi,19.84,2.2,4.73,23,4,1.0,7,1614.0,0.48,Severe
09-12-2025 21:00,West Bengal,Murshidabad,3.28,2.27,4.28,27,1,0.0,7,303.0,0.69,Moderate
09-12-2025 22:00,Kerala,Kottayam,13.17,3.69,6.86,32,0,0.0,2,1087.0,0.13,Moderate
09-12-2025 23:00,Gujarat,Rajkot,10.75,8.59,4.39,35,0,2.0,3,2688.0,-0.36,Severe
10-12-2025 00:00,Tamil Nadu,Thanjavur,23.69,8.7,6.06,21,0,0.0,1,3144.0,0.94,Severe
10-12-2025 01:00,Tamil Nadu,Thanjavur,36.3,7.73,5.27,27,3,0.0,3,1851.0,0.08,Severe
10-12-2025 02:00,Assam,Barpeta,17.52,6.57,6.51,36,5,2.0,1,1806.0,0.08,Severe
10-12-2025 03:00,Maharashtra,Nashik,87.02,6.77,6.32,57,4,0.0,3,3527.0,-0.05,Severe
10-12-2025 04:00,Tamil Nadu,Thanjavur,12.91,4.76,4.43,32,1,0.0,4,858.0,0.49,Severe
10-12-2025 05:00,Maharashtra,Pune,2.6,5.24,5.4,26,0,0.0,1,1176.0,0.11,Moderate
10-12-2025 06:00,Karnataka,Bengaluru,30.78,6.08,4.08,32,0,1.0,8,1682.0,1.02,Severe
10-12-2025 07:00,Kerala,Kochi,55.7,6.85,5.29,42,2,2.5,6,3277.0,1.01,Severe
10-12-2025 08:00,Uttar Pradesh,Varanasi,22.95,1.77,6.1,38,0,0.0,2,1513.0,0.52,Moderate
10-12-2025 09:00,Tamil Nadu,Tiruppur,24.99,2.8,4.7,30,1,2.0,2,2373.0,0.04,Moderate
10-12-2025 10:00,Odisha,Kendrapara,104.02124999999998,8.7,6.43,60,2,1.0,3,4592.375,1.19,Severe
10-12-2025 11:00,Maharashtra,Mumbai,58.81,3.68,4.16,37,2,0.0,6,2785.0,0.87,Severe
10-12-2025 12:00,Assam,Guwahati,38.8,3.15,4.1,31,0,0.0,3,1680.0,0.05,Moderate
10-12-2025 13:00,Gujarat,Rajkot,32.13,4.38,4.08,47,2,0.0,3,2226.0,0.54,Severe
10-12-2025 14:00,Assam,Dhemaji,4.18,3.33,4.84,34,2,0.0,6,1154.0,0.48,Moderate
10-12-2025 15:00,Tamil Nadu,Thanjavur,75.12,1.73,5.4,49,4,1.0,7,3187.0,0.62,Severe
10-12-2025 16:00,West Bengal,Darjeeling,32.37,2.66,4.32,36,1,2.0,4,2566.0,0.42,Severe
10-12-2025 17:00,Uttar Pradesh,Gorakhpur,9.44,6.12,6.99,33,3,2.0,5,2045.0,0.36,Severe
10-12-2025 18:00,Kerala,Alappuzha,49.41,2.79,7.0,55,0,1.0,3,1374.0,1.5750000000000002,Severe
10-12-2025 19:00,Odisha,Puri,60.28,6.18,5.56,45,2,2.0,3,2315.0,0.62,Severe
10-12-2025 20:00,West Bengal,Darjeeling,24.42,1.8,5.7,22,1,2.0,2,1872.0,0.06,Moderate
10-12-2025 21:00,Assam,Guwahati,20.44,1.34,6.78,37,1,0.0,4,1293.0,0.18,Moderate
10-12-2025 22:00,Maharashtra,Nagpur,28.71,7.89,6.31,42,1,2.0,7,2206.0,1.2,Severe
10-12-2025 23:00,Maharashtra,Pune,17.12,7.08,4.5,24,2,0.0,3,758.0,0.22,Severe
11-12-2025 00:00,West Bengal,Howrah,12.59,6.33,6.38,24,3,0.0,3,1760.0,-0.04,Severe
11-12-2025 01:00,Maharashtra,Nashik,31.0,1.25,4.69,26,0,1.0,2,1951.0,0.4,Moderate
11-12-2025 02:00,Assam,Dibrugarh,58.44,2.91,5.29,39,1,1.0,6,2847.0,0.3,Severe
11-12-2025 03:00,West Bengal,Murshidabad,98.74,7.5,5.6,59,4,1.0,4,3886.0,1.01,Severe
11-12-2025 04:00,Assam,Dhemaji,32.38,2.16,6.15,41,1,0.0,2,1550.0,1.1,Moderate
11-12-2025 05:00,Odisha,Cuttack,87.5,7.5,4.45,51,3,2.0,5,3416.0,0.25,Severe
11-12-2025 06:00,Uttar Pradesh,Gorakhpur,12.21,5.67,4.23,24,0,1.0,4,1421.0,0.76,Severe
11-12-2025 07:00,Gujarat,Bharuch,56.75,6.92,6.6,30,2,0.0,7,3249.0,0.33,Severe
11-12-2025 08:00,Odisha,Bhubaneswar,24.09,6.16,6.48,29,1,0.0,2,2353.0,0.03,Severe
11-12-2025 09:00,Odisha,Balasore,104.02124999999998,4.34,5.57,66,5,1.0,5,4592.375,1.2,Severe
11-12-2025 10:00,Maharashtra,Nagpur,18.83,3.34,5.99,32,2,0.0,5,1949.0,1.27,Severe
11-12-2025 11:00,Tamil Nadu,Thanjavur,38.62,6.38,6.16,36,0,1.0,5,2543.0,0.55,Severe
11-12-2025 12:00,Bihar,Bhagalpur,7.09,7.46,5.43,36,1,0.0,7,1190.0,0.11,Severe
11-12-2025 13:00,Maharashtra,Kolhapur,22.47,1.36,4.77,34,0,1.0,7,613.0,-0.05,Moderate
11-12-2025 14:00,Tamil Nadu,Madurai,64.34,4.04,5.44,37,1,0.0,5,2801.0,0.69,Severe
11-12-2025 15:00,Assam,Barpeta,55.31,3.81,6.85,45,1,1.0,4,3127.0,0.99,Severe
11-12-2025 16:00,Bihar,Gaya,38.91,5.48,6.51,39,0,0.0,6,1647.0,0.46,Severe
11-12-2025 17:00,Maharashtra,Mumbai,57.11,1.91,5.4,51,2,0.0,4,2367.0,0.89,Severe
11-12-2025 18:00,Bihar,Patna,30.15,8.47,4.68,42,2,0.0,6,3204.0,0.31,Severe
11-12-2025 19:00,Bihar,Bhagalpur,93.3,5.39,6.67,59,3,1.0,4,3533.0,0.15,Severe
11-12-2025 20:00,Karnataka,Kodagu,6.6,8.39,5.91,21,0,1.0,5,2263.0,0.52,Severe
11-12-2025 21:00,Uttar Pradesh,Kanpur,38.03,7.54,5.21,41,1,0.0,4,3004.0,-0.5,Severe
11-12-2025 22:00,Karnataka,Udupi,7.95,2.53,4.33,31,2,0.0,4,1058.0,0.19,Moderate
11-12-2025 23:00,Tamil Nadu,Coimbatore,13.32,2.06,6.26,25,5,0.0,8,2178.0,0.78,Severe
12-12-2025 00:00,Kerala,Alappuzha,21.07,7.89,4.95,30,0,1.0,4,2578.0,-0.68,Severe
12-12-2025 01:00,West Bengal,Malda,24.69,5.29,5.82,40,1,0.0,6,2246.0,-0.17,Severe
12-12-2025 02:00,Gujarat,Ahmedabad,30.53,1.16,5.71,40,0,1.0,3,1117.0,0.35,Moderate
12-12-2025 03:00,Kerala,Kozhikode,30.84,8.47,6.1,24,1,1.0,2,3155.0,-0.13,Severe
12-12-2025 04:00,West Bengal,Malda,19.97,4.78,5.61,40,2,0.0,8,1720.0,0.2,Severe
12-12-2025 05:00,Tamil Nadu,Coimbatore,32.87,3.41,5.89,40,1,0.0,5,1657.0,-0.51,Moderate
12-12-2025 06:00,Tamil Nadu,Coimbatore,10.5,5.13,4.24,28,1,1.0,4,195.0,0.7,Severe
12-12-2025 07:00,Assam,Dibrugarh,59.68,7.58,6.0,54,2,0.0,6,3179.0,0.9,Severe
12-12-2025 08:00,Gujarat,Rajkot,50.6,1.88,4.58,34,2,0.0,4,2171.0,-0.27,Moderate
12-12-2025 09:00,Uttar Pradesh,Kanpur,92.39,3.87,5.18,50,4,1.0,4,4039.0,0.51,Severe
12-12-2025 10:00,Bihar,Muzaffarpur,44.57,3.55,5.54,46,2,0.0,1,2424.0,0.32,Severe
12-12-2025 11:00,Karnataka,Udupi,48.52,7.72,6.06,31,2,0.0,3,3190.0,0.62,Severe
12-12-2025 12:00,Karnataka,Bengaluru,47.87,7.23,6.23,40,3,1.0,4,3118.0,1.07,Severe
12-12-2025 13:00,Tamil Nadu,Coimbatore,15.8,4.2,6.11,33,1,1.0,4,1232.0,-0.1,Moderate
12-12-2025 14:00,Karnataka,Mysuru,37.8,6.32,4.29,37,2,0.0,1,2430.0,0.98,Severe
12-12-2025 15:00,Tamil Nadu,Thanjavur,23.19,4.16,5.16,25,1,0.0,4,2568.0,1.17,Severe
12-12-2025 16:00,Bihar,Gaya,40.67,5.57,4.84,40,0,1.0,3,2718.0,-0.37,Severe
12-12-2025 17:00,Tamil Nadu,Coimbatore,45.5,8.93,5.2,40,1,2.0,3,2962.0,0.86,Severe
12-12-2025 18:00,Assam,Barpeta,54.76,5.28,5.94,48,1,2.0,3,2740.0,0.02,Severe
12-12-2025 19:00,Uttar Pradesh,Kanpur,47.71,8.91,4.58,37,2,2.0,5,3201.0,0.7,Severe
12-12-2025 20:00,Odisha,Bhubaneswar,48.64,6.98,5.51,47,4,1.0,3,3056.0,0.06,Severe
12-12-2025 21:00,Maharashtra,Pune,24.4,1.97,6.65,28,1,0.0,5,1122.0,0.16,Moderate
12-12-2025 22:00,Uttar Pradesh,Prayagraj,46.32,7.37,6.19,45,0,2.0,1,2638.0,0.12,Severe
12-12-2025 23:00,Uttar Pradesh,Lucknow,34.19,2.29,6.18,40,0,0.0,3,1763.0,-0.02,Moderate
13-12-2025 00:00,Kerala,Alappuzha,71.12,5.26,6.55,41,1,1.0,1,3085.0,0.75,Severe
13-12-2025 01:00,Gujarat,Ahmedabad,26.37,5.91,5.2,36,5,0.0,1,2339.0,0.63,Severe
13-12-2025 02:00,Gujarat,Vadodara,8.36,8.14,6.28,34,2,1.0,1,1965.0,0.64,Severe
13-12-2025 03:00,West Bengal,Howrah,18.53,2.68,4.18,27,0,0.0,4,1290.0,0.25,Moderate
13-12-2025 04:00,Maharashtra,Nashik,12.77,8.01,4.17,43,1,1.0,5,2334.0,0.29,Severe
13-12-2025 05:00,Bihar,Muzaffarpur,41.52,8.48,5.0,40,1,0.0,5,2320.0,0.58,Severe
13-12-2025 06:00,Odisha,Balasore,58.91,1.72,4.59,38,2,2.0,3,1662.0,0.05,Moderate
13-12-2025 07:00,Odisha,Puri,11.29,8.08,5.56,25,2,0.0,3,3335.0,0.19,Severe
13-12-2025 08:00,Gujarat,Surat,50.2,3.07,4.55,49,5,1.0,2,2177.0,0.83,Severe
13-12-2025 09:00,Uttar Pradesh,Prayagraj,47.67,1.65,6.93,43,4,0.0,6,1257.0,0.58,Severe
13-12-2025 10:00,Assam,Jorhat,89.43,8.67,6.55,59,5,0.0,2,4240.0,0.93,Severe
13-12-2025 11:00,West Bengal,Darjeeling,66.25,4.14,6.95,65,1,0.0,6,2514.0,-0.73,Severe
13-12-2025 12:00,Tamil Nadu,Tiruppur,18.53,5.98,6.42,26,2,0.0,4,2029.0,1.07,Severe
13-12-2025 13:00,West Bengal,Murshidabad,24.57,5.42,6.85,42,1,0.0,2,1324.0,0.83,Severe
13-12-2025 14:00,Kerala,Thrissur,26.4,2.71,5.1,24,0,0.0,2,1794.0,0.83,Moderate
13-12-2025 15:00,West Bengal,Darjeeling,81.26,6.36,5.49,51,3,2.0,5,3459.0,-0.32,Severe
13-12-2025 16:00,Uttar Pradesh,Lucknow,93.31,1.37,4.72,66,5,2.0,7,3933.0,0.16,Severe
13-12-2025 17:00,Bihar,Gaya,46.42,2.62,5.91,34,4,2.0,5,2555.0,0.22,Severe
13-12-2025 18:00,Uttar Pradesh,Kanpur,9.25,8.56,6.36,29,2,0.0,5,1591.0,0.48,Severe
13-12-2025 19:00,Gujarat,Surat,29.2,8.63,5.5,44,0,0.0,2,1407.0,1.21,Severe
13-12-2025 20:00,Bihar,Patna,104.02124999999998,4.86,4.89,62,2,1.0,3,4020.0,0.5,Severe
13-12-2025 21:00,Karnataka,Udupi,34.97,2.35,5.52,34,1,0.0,7,1261.0,0.94,Moderate
13-12-2025 22:00,Bihar,Patna,32.41,4.37,4.19,30,0,0.0,4,1500.0,1.04,Severe
13-12-2025 23:00,West Bengal,Kolkata,73.96,8.02,6.16,47,1,2.0,1,3445.0,0.72,Severe
14-12-2025 00:00,West Bengal,Kolkata,7.01,1.56,5.35,29,1,1.0,6,832.0,0.51,Moderate
14-12-2025 01:00,West Bengal,Darjeeling,9.75,2.02,6.69,32,1,0.0,6,956.0,0.97,Moderate
14-12-2025 02:00,Karnataka,Bengaluru,79.22,8.17,6.77,58,1,2.0,3,4592.375,-0.3,Severe
14-12-2025 03:00,Gujarat,Vadodara,51.89,4.32,4.38,46,2,0.0,6,2234.0,0.69,Severe
14-12-2025 04:00,Tamil Nadu,Coimbatore,50.64,1.67,6.99,39,0,1.0,1,3133.0,1.1,Severe
14-12-2025 05:00,Maharashtra,Kolhapur,5.37,2.11,6.91,24,3,0.0,7,1464.0,0.47,Moderate
14-12-2025 06:00,Gujarat,Vadodara,19.93,8.06,5.88,26,0,1.0,2,2355.0,0.67,Severe
14-12-2025 07:00,West Bengal,Malda,47.42,4.92,6.48,51,2,0.0,8,2465.0,0.87,Severe
14-12-2025 08:00,Gujarat,Bharuch,12.52,2.3,4.06,33,2,0.0,1,842.0,0.24,Moderate
14-12-2025 09:00,Kerala,Thrissur,44.93,8.15,6.91,40,0,1.0,2,2385.0,1.5750000000000002,Severe
14-12-2025 10:00,Odisha,Puri,12.85,7.76,5.37,23,1,1.0,8,1674.0,-0.14,Severe
14-12-2025 11:00,Odisha,Kendrapara,8.51,1.18,6.73,29,1,2.0,5,1220.0,-0.44,Moderate
14-12-2025 12:00,Maharashtra,Pune,46.18,5.65,5.16,35,1,1.0,3,2301.0,0.72,Severe
14-12-2025 13:00,Maharashtra,Pune,35.05,2.95,6.36,26,1,0.0,3,1965.0,0.12,Moderate
14-12-2025 14:00,Tamil Nadu,Thanjavur,29.53,5.27,5.25,25,0,0.0,6,2264.0,0.48,Severe
14-12-2025 15:00,Kerala,Kochi,31.69,3.23,5.09,33,1,0.0,7,1761.0,0.52,Severe
14-12-2025 16:00,Uttar Pradesh,Prayagraj,31.71,3.53,6.84,40,2,0.0,4,1661.0,0.6,Severe
14-12-2025 17:00,Gujarat,Surat,6.41,5.81,6.1,24,3,0.0,2,1684.0,-0.2,Severe
14-12-2025 18:00,Bihar,Darbhanga,58.67,5.31,6.52,45,2,0.0,3,1928.0,0.06,Severe
14-12-2025 19:00,Bihar,Darbhanga,76.18,4.16,5.63,54,2,1.0,5,2807.0,0.9,Severe
14-12-2025 20:00,Uttar Pradesh,Lucknow,99.11,1.86,6.76,58,1,0.0,5,2292.0,0.15,Severe
14-12-2025 21:00,Odisha,Cuttack,40.77,8.76,6.22,51,1,0.0,4,2605.0,0.33,Severe
14-12-2025 22:00,Uttar Pradesh,Varanasi,8.49,2.4,4.22,31,0,1.0,5,1733.0,0.12,Moderate
14-12-2025 23:00,Gujarat,Bharuch,57.46,6.06,6.3,47,2,1.0,5,2547.0,0.6,Severe
15-12-2025 00:00,Kerala,Thrissur,36.54,1.66,4.06,43,0,0.0,2,1738.0,0.19,Moderate
15-12-2025 01:00,West Bengal,Darjeeling,38.6,6.51,6.49,33,1,1.0,4,2670.0,1.11,Severe
15-12-2025 02:00,Karnataka,Bengaluru,15.71,1.76,5.0,35,3,1.0,4,1390.0,0.02,Moderate
15-12-2025 03:00,West Bengal,Howrah,44.81,2.84,5.79,49,4,2.0,5,2041.0,-0.27,Severe
15-12-2025 04:00,Karnataka,Mysuru,58.72,6.18,6.25,50,0,1.0,4,3006.0,-0.17,Severe
15-12-2025 05:00,Bihar,Bhagalpur,36.83,3.26,5.91,44,2,0.0,4,2099.0,0.89,Severe
15-12-2025 06:00,Maharashtra,Pune,22.48,5.26,6.02,37,0,1.0,3,1791.0,-0.18,Severe
15-12-2025 07:00,Gujarat,Bharuch,23.98,2.0,6.68,37,0,0.0,4,1089.0,-0.24,Moderate
15-12-2025 08:00,West Bengal,Howrah,39.32,2.62,5.12,35,2,2.0,5,2230.0,0.71,Severe
15-12-2025 09:00,Uttar Pradesh,Gorakhpur,23.12,6.87,5.64,28,2,0.0,3,2239.0,1.18,Severe
15-12-2025 10:00,Kerala,Thrissur,11.66,1.28,4.52,27,0,1.0,3,1102.0,1.33,Moderate
15-12-2025 11:00,Kerala,Kochi,56.79,1.89,5.4,40,4,0.0,7,2296.0,0.31,Severe
15-12-2025 12:00,Odisha,Cuttack,33.79,2.72,4.45,35,1,0.0,4,1854.0,-0.865,Moderate
15-12-2025 13:00,Kerala,Kochi,37.25,1.16,5.9,32,1,0.0,3,1085.0,0.28,Moderate
15-12-2025 14:00,Kerala,Thrissur,19.17,1.76,4.97,28,2,1.0,5,623.0,0.92,Moderate
15-12-2025 15:00,Maharashtra,Pune,11.64,3.25,6.58,20,0,0.0,5,1127.0,-0.1,Moderate
15-12-2025 16:00,Uttar Pradesh,Lucknow,16.56,1.74,5.03,32,0,0.0,6,1408.0,0.12,Moderate
15-12-2025 17:00,Bihar,Patna,21.42,7.93,4.86,30,1,0.0,6,1828.0,0.51,Severe
15-12-2025 18:00,Kerala,Kochi,22.89,1.53,5.47,30,1,1.0,7,1227.0,0.91,Moderate
15-12-2025 19:00,Bihar,Darbhanga,29.79,7.89,4.53,31,0,1.0,0,2650.0,-0.06,Severe
15-12-2025 20:00,Maharashtra,Nagpur,63.78,7.58,4.61,51,0,1.0,5,4046.0,0.86,Severe
15-12-2025 21:00,Kerala,Alappuzha,52.94,1.81,6.35,53,3,0.0,3,1527.0,0.7,Severe
15-12-2025 22:00,Gujarat,Surat,50.11,1.2,5.49,37,4,1.0,4,2507.0,0.26,Severe
15-12-2025 23:00,Odisha,Balasore,12.09,1.4,4.62,33,0,2.0,2,1230.0,0.72,Moderate
16-12-2025 00:00,West Bengal,Darjeeling,47.99,5.72,4.09,42,0,1.0,8,3407.0,0.83,Severe
16-12-2025 01:00,Gujarat,Vadodara,62.71,6.36,5.4,48,1,0.0,4,2422.0,1.12,Severe
16-12-2025 02:00,Assam,Dhemaji,22.72,5.97,6.23,33,1,1.0,7,2312.0,1.06,Severe
16-12-2025 03:00,Tamil Nadu,Tiruppur,11.38,5.33,5.05,30,0,0.0,3,1683.0,-0.14,Moderate
16-12-2025 04:00,Kerala,Kottayam,45.58,2.4,4.74,42,4,1.0,7,1450.0,0.59,Severe
16-12-2025 05:00,Bihar,Patna,52.28,7.73,5.19,41,3,2.0,5,3124.0,0.36,Severe
16-12-2025 06:00,Tamil Nadu,Chennai,32.03,3.62,6.88,33,0,0.0,2,621.0,0.54,Moderate
16-12-2025 07:00,Karnataka,Kodagu,58.12,8.89,5.27,40,1,1.0,3,3703.0,0.4,Severe
16-12-2025 08:00,Kerala,Kottayam,33.72,4.08,4.78,34,1,0.0,5,1581.0,0.45,Severe
16-12-2025 09:00,Assam,Barpeta,14.8,3.1,5.71,30,0,0.0,4,1880.0,0.37,Moderate
16-12-2025 10:00,Maharashtra,Nagpur,33.35,8.15,6.43,35,0,0.0,3,3468.0,0.1,Severe
16-12-2025 11:00,Odisha,Cuttack,36.27,5.54,4.07,47,0,0.0,5,2730.0,0.49,Severe
16-12-2025 12:00,Assam,Guwahati,31.62,6.77,5.67,37,1,1.0,5,2707.0,0.79,Severe
16-12-2025 13:00,Bihar,Darbhanga,9.27,4.27,6.51,28,3,1.0,3,826.0,0.29,Severe
16-12-2025 14:00,Maharashtra,Nagpur,87.22,8.1,4.65,51,2,2.0,6,3979.0,0.14,Severe
16-12-2025 15:00,West Bengal,Kolkata,104.02124999999998,8.34,6.77,66,5,2.0,3,4489.0,0.47,Severe
16-12-2025 16:00,Maharashtra,Mumbai,27.02,4.49,5.73,41,0,0.0,2,1705.0,0.55,Moderate
16-12-2025 17:00,Kerala,Kottayam,29.15,2.93,5.55,39,0,1.0,6,2590.0,0.07,Moderate
16-12-2025 18:00,Tamil Nadu,Madurai,33.59,6.18,6.89,35,0,0.0,1,2394.0,0.2,Severe
16-12-2025 19:00,Tamil Nadu,Thanjavur,30.43,8.64,4.39,30,1,0.0,4,2794.0,-0.13,Severe
16-12-2025 20:00,Bihar,Bhagalpur,15.11,5.98,6.22,20,3,0.0,3,1752.0,0.53,Severe
16-12-2025 21:00,Maharashtra,Nashik,55.31,8.63,6.46,48,1,0.0,2,3795.0,0.23,Severe
16-12-2025 22:00,Assam,Dhemaji,57.09,3.75,5.47,54,1,1.0,3,2689.0,1.0,Severe
16-12-2025 23:00,Bihar,Darbhanga,29.87,8.32,4.02,41,3,1.0,5,1611.0,0.61,Severe
17-12-2025 00:00,Odisha,Cuttack,28.44,1.9,5.57,43,2,2.0,4,1210.0,0.69,Severe
17-12-2025 01:00,Bihar,Muzaffarpur,27.84,3.87,4.46,36,0,0.0,2,2492.0,0.45,Moderate
17-12-2025 02:00,Bihar,Darbhanga,54.37,4.96,5.69,40,2,2.5,2,2659.0,0.78,Severe
17-12-2025 03:00,West Bengal,Kolkata,33.05,6.22,6.22,39,0,1.0,3,1999.0,-0.35,Severe
17-12-2025 04:00,Gujarat,Surat,26.78,3.35,5.59,42,1,0.0,7,2311.0,0.37,Severe
17-12-2025 05:00,Kerala,Kozhikode,11.62,8.39,5.89,25,0,0.0,3,1896.0,0.24,Severe
17-12-2025 06:00,West Bengal,Kolkata,60.2,8.23,4.31,41,0,1.0,6,3099.0,0.89,Severe
17-12-2025 07:00,Tamil Nadu,Chennai,18.01,7.39,4.29,26,0,0.0,2,2205.0,-0.19,Severe
17-12-2025 08:00,Tamil Nadu,Madurai,11.41,1.91,6.55,32,1,1.0,0,993.0,0.48,Moderate
17-12-2025 09:00,Karnataka,Mysuru,48.15,1.63,4.15,40,3,1.0,7,2223.0,0.96,Severe
17-12-2025 10:00,Karnataka,Bengaluru,32.76,4.99,4.85,44,1,1.0,2,1441.0,0.34,Severe
17-12-2025 11:00,Assam,Jorhat,104.02124999999998,7.12,6.81,66,5,1.0,6,4592.375,0.34,Severe
17-12-2025 12:00,Tamil Nadu,Madurai,10.04,1.99,5.38,28,0,1.0,7,791.0,0.51,Moderate
17-12-2025 13:00,Gujarat,Rajkot,20.65,6.13,6.02,33,1,0.0,4,2349.0,0.29,Severe
17-12-2025 14:00,West Bengal,Murshidabad,48.07,5.22,4.67,49,2,0.0,5,2711.0,0.56,Severe
17-12-2025 15:00,Odisha,Cuttack,31.57,6.81,4.81,40,3,0.0,3,3455.0,0.88,Severe
17-12-2025 16:00,Gujarat,Vadodara,36.69,4.48,5.53,24,1,0.0,4,1421.0,0.53,Severe
17-12-2025 17:00,Karnataka,Mangaluru,36.6,6.55,5.91,45,0,0.0,4,2178.0,0.37,Severe
17-12-2025 18:00,Maharashtra,Nagpur,6.73,2.28,6.88,29,3,1.0,4,856.0,0.74,Moderate
17-12-2025 19:00,Gujarat,Ahmedabad,38.34,2.72,5.72,38,1,0.0,4,1705.0,1.07,Severe
17-12-2025 20:00,Gujarat,Ahmedabad,53.06,8.23,4.29,43,0,0.0,3,3353.0,0.09,Severe
17-12-2025 21:00,Gujarat,Vadodara,16.01,3.64,5.1,34,1,0.0,4,1019.0,1.24,Severe
17-12-2025 22:00,Gujarat,Surat,16.83,8.88,4.73,26,2,0.0,3,2594.0,0.12,Severe
17-12-2025 23:00,Gujarat,Ahmedabad,23.22,1.37,4.76,36,3,1.0,7,1359.0,0.55,Moderate
18-12-2025 00:00,Karnataka,Kodagu,11.11,4.97,5.52,37,2,1.0,3,1509.0,0.53,Severe
18-12-2025 01:00,Tamil Nadu,Thanjavur,14.47,3.6,4.95,33,1,0.0,2,1276.0,0.56,Moderate
18-12-2025 02:00,Bihar,Gaya,34.07,8.97,4.87,48,1,0.0,4,2513.0,-0.36,Severe
18-12-2025 03:00,Gujarat,Ahmedabad,72.01,8.92,6.9,51,2,2.0,1,3377.0,-0.18,Severe
18-12-2025 04:00,Gujarat,Vadodara,21.23,2.88,5.75,28,1,0.0,3,1618.0,0.2,Moderate
18-12-2025 05:00,Kerala,Thrissur,92.22,3.14,4.79,57,0,2.5,1,2093.0,0.08,Severe
18-12-2025 06:00,Tamil Nadu,Chennai,20.94,7.0,4.83,25,1,1.0,3,2099.0,0.61,Severe
18-12-2025 07:00,Bihar,Bhagalpur,56.36,8.12,6.43,41,2,1.0,4,3299.0,0.92,Severe
18-12-2025 08:00,Odisha,Bhubaneswar,17.67,6.31,6.66,32,1,1.0,4,1443.0,-0.55,Severe
18-12-2025 09:00,Odisha,Kendrapara,42.19,7.92,6.04,32,2,0.0,4,2787.0,-0.14,Severe
18-12-2025 10:00,Maharashtra,Kolhapur,84.39,1.51,5.29,51,1,0.0,4,3067.0,0.14,Moderate
18-12-2025 11:00,Uttar Pradesh,Kanpur,48.94,6.12,6.29,45,4,1.0,5,2862.0,-0.13,Severe
18-12-2025 12:00,West Bengal,Malda,29.23,6.6,6.81,31,1,2.0,3,2411.0,0.22,Severe
18-12-2025 13:00,Kerala,Kozhikode,27.85,2.52,4.5,40,0,0.0,5,1720.0,-0.01,Moderate
18-12-2025 14:00,Tamil Nadu,Thanjavur,42.59,7.22,6.59,26,1,0.0,2,2340.0,0.59,Severe
18-12-2025 15:00,Tamil Nadu,Tiruppur,51.98,8.55,6.55,40,1,1.0,2,2555.0,1.5750000000000002,Severe
18-12-2025 16:00,Uttar Pradesh,Varanasi,55.99,8.18,5.1,46,0,0.0,4,2647.0,-0.01,Severe
18-12-2025 17:00,Maharashtra,Pune,34.43,2.96,4.88,33,0,0.0,4,2411.0,0.94,Moderate
18-12-2025 18:00,Assam,Guwahati,41.47,3.59,5.7,33,1,0.0,4,1824.0,1.56,Severe
18-12-2025 19:00,Karnataka,Udupi,17.05,5.0,4.82,24,1,0.0,6,1333.0,0.07,Severe
18-12-2025 20:00,Maharashtra,Nashik,45.35,2.27,4.44,40,1,0.0,6,2389.0,1.34,Severe
18-12-2025 21:00,Bihar,Patna,17.91,8.63,6.86,25,2,2.0,5,1835.0,-0.02,Severe
18-12-2025 22:00,Maharashtra,Nashik,36.98,2.29,5.47,35,1,1.0,4,2226.0,0.93,Severe
18-12-2025 23:00,Uttar Pradesh,Kanpur,25.13,7.09,5.42,26,1,1.0,4,3163.0,0.01,Severe
19-12-2025 00:00,Uttar Pradesh,Lucknow,78.82,3.73,4.38,42,5,0.0,5,2486.0,-0.47,Severe
19-12-2025 01:00,West Bengal,Murshidabad,34.19,5.59,5.51,31,0,0.0,7,2615.0,0.84,Severe
19-12-2025 02:00,Kerala,Kochi,84.25,1.38,6.23,38,2,0.0,2,3223.0,0.6,Severe
19-12-2025 03:00,Gujarat,Surat,31.85,2.64,4.74,41,3,0.0,4,1371.0,0.33,Moderate
19-12-2025 04:00,Odisha,Kendrapara,93.59,4.56,5.11,48,5,2.0,5,4509.0,-0.38,Severe
19-12-2025 05:00,Uttar Pradesh,Gorakhpur,46.79,6.42,4.54,42,0,2.5,6,2310.0,0.96,Severe
19-12-2025 06:00,West Bengal,Darjeeling,7.15,7.22,5.07,32,0,0.0,2,2196.0,0.85,Severe
19-12-2025 07:00,Karnataka,Mangaluru,25.53,1.24,6.58,39,0,0.0,7,1140.0,-0.46,Moderate
19-12-2025 08:00,Odisha,Puri,19.28,2.22,4.71,33,2,0.0,1,959.0,0.47,Moderate
19-12-2025 09:00,Assam,Dibrugarh,11.87,6.84,4.09,34,0,0.0,4,2392.0,0.61,Severe
19-12-2025 10:00,Tamil Nadu,Madurai,18.45,7.5,5.61,27,0,0.0,4,1439.0,-0.15,Severe
19-12-2025 11:00,Karnataka,Udupi,21.77,2.89,5.74,36,0,2.5,7,1240.0,0.81,Severe
19-12-2025 12:00,Assam,Barpeta,7.78,2.84,4.99,20,1,1.0,8,704.0,1.49,Severe
19-12-2025 13:00,Odisha,Balasore,28.87,1.7,5.92,36,1,0.0,2,705.0,0.85,Moderate
19-12-2025 14:00,Karnataka,Mysuru,45.34,2.2,4.11,39,0,1.0,5,2342.0,1.15,Severe
19-12-2025 15:00,West Bengal,Malda,104.02124999999998,1.06,5.02,62,2,2.0,3,3288.0,0.77,Severe
19-12-2025 16:00,Assam,Barpeta,73.95,5.72,4.43,63,5,0.0,2,3067.0,-0.15,Severe
19-12-2025 17:00,Tamil Nadu,Madurai,28.08,8.23,4.69,34,2,0.0,8,2593.0,0.74,Severe
19-12-2025 18:00,Gujarat,Rajkot,33.56,2.2,5.15,32,0,0.0,3,1415.0,-0.23,Moderate
19-12-2025 19:00,West Bengal,Kolkata,48.26,7.01,5.48,35,0,0.0,4,3231.0,0.13,Severe
19-12-2025 20:00,Bihar,Muzaffarpur,29.64,5.59,4.28,36,2,0.0,5,2428.0,0.24,Severe
19-12-2025 21:00,Tamil Nadu,Madurai,34.69,8.52,4.3,32,1,1.0,5,1885.0,0.19,Severe
19-12-2025 22:00,Kerala,Thrissur,18.44,7.38,6.02,38,1,0.0,4,2027.0,0.0,Severe
19-12-2025 23:00,Maharashtra,Mumbai,32.62,7.82,5.21,44,2,0.0,7,2464.0,0.24,Severe
20-12-2025 00:00,Kerala,Kozhikode,35.83,6.11,4.53,42,2,0.0,8,2385.0,0.3,Severe
20-12-2025 01:00,Uttar Pradesh,Kanpur,12.18,7.49,4.7,26,1,0.0,2,1206.0,0.93,Severe
20-12-2025 02:00,Gujarat,Surat,47.42,3.81,6.16,32,0,2.0,4,1701.0,0.54,Severe
20-12-2025 03:00,Bihar,Gaya,48.99,2.67,4.16,45,0,1.0,7,2274.0,0.8,Severe
20-12-2025 04:00,Bihar,Patna,50.33,8.3,5.53,43,1,0.0,3,2502.0,0.25,Severe
20-12-2025 05:00,Maharashtra,Nagpur,18.74,6.87,5.08,28,0,2.0,5,2252.0,0.79,Severe
20-12-2025 06:00,Assam,Guwahati,84.33,1.73,6.43,57,3,1.0,2,3050.0,-0.52,Severe
20-12-2025 07:00,Maharashtra,Mumbai,25.67,7.94,6.37,30,0,0.0,8,2014.0,-0.23,Severe
20-12-2025 08:00,Uttar Pradesh,Lucknow,13.17,3.79,6.07,34,1,2.0,4,1363.0,0.8,Severe
20-12-2025 09:00,Kerala,Alappuzha,80.67,3.39,5.15,55,2,1.0,6,2518.0,0.08,Severe
20-12-2025 10:00,Bihar,Darbhanga,15.44,5.99,5.89,31,1,0.0,2,1572.0,0.4,Severe
20-12-2025 11:00,Kerala,Kozhikode,40.71,5.55,5.92,48,2,0.0,5,3301.0,-0.7,Severe
20-12-2025 12:00,Tamil Nadu,Thanjavur,21.08,5.31,5.0,34,0,1.0,6,2045.0,0.18,Severe
20-12-2025 13:00,Gujarat,Rajkot,8.99,3.04,6.64,33,2,1.0,5,1729.0,-0.21,Moderate
20-12-2025 14:00,Karnataka,Mangaluru,15.05,8.68,6.95,26,1,1.0,3,2006.0,0.04,Severe
20-12-2025 15:00,Uttar Pradesh,Lucknow,74.79,8.6,4.94,40,1,1.0,6,3224.0,0.41,Severe
20-12-2025 16:00,Karnataka,Mangaluru,33.77,1.03,6.4,37,1,0.0,4,2046.0,0.4,Moderate
20-12-2025 17:00,Uttar Pradesh,Prayagraj,22.66,3.7,5.5,28,0,0.0,4,1534.0,0.24,Moderate
20-12-2025 18:00,Odisha,Cuttack,27.0,1.36,5.39,39,2,0.0,0,1088.0,0.76,Moderate
20-12-2025 19:00,Gujarat,Vadodara,13.49,7.8,5.16,30,0,1.0,3,2375.0,0.15,Severe
20-12-2025 20:00,Tamil Nadu,Chennai,17.3,8.09,4.88,29,1,0.0,5,2357.0,0.23,Severe
20-12-2025 21:00,Gujarat,Rajkot,56.2,5.15,6.76,42,0,2.0,3,1849.0,-0.19,Severe
20-12-2025 22:00,Assam,Dhemaji,38.37,7.72,6.22,48,1,0.0,2,2941.0,0.9,Severe
20-12-2025 23:00,Uttar Pradesh,Lucknow,32.49,6.63,5.32,49,2,0.0,3,2261.0,-0.02,Severe
21-12-2025 00:00,Karnataka,Bengaluru,28.71,5.0,6.25,43,1,1.0,2,1940.0,-0.29,Severe
21-12-2025 01:00,Uttar Pradesh,Gorakhpur,7.87,3.91,6.16,23,0,0.0,8,1251.0,-0.2,Moderate
21-12-2025 02:00,Assam,Dhemaji,30.47,3.13,4.8,29,0,0.0,8,1198.0,0.44,Moderate
21-12-2025 03:00,Uttar Pradesh,Gorakhpur,56.24,3.08,4.53,45,1,0.0,3,1966.0,0.31,Moderate
21-12-2025 04:00,Gujarat,Vadodara,20.71,5.5,6.51,36,2,0.0,4,1748.0,0.25,Severe
21-12-2025 05:00,West Bengal,Malda,30.81,2.33,6.43,35,0,0.0,1,1968.0,0.8,Moderate
21-12-2025 06:00,Uttar Pradesh,Prayagraj,3.83,2.4,6.99,29,0,0.0,3,1196.0,-0.09,Low
21-12-2025 07:00,Odisha,Puri,70.56,1.08,4.06,34,2,1.0,4,2016.0,0.57,Moderate
21-12-2025 08:00,Odisha,Bhubaneswar,85.02,5.91,5.62,58,1,1.0,3,3418.0,0.39,Severe
21-12-2025 09:00,Bihar,Bhagalpur,84.69,8.95,6.1,64,5,0.0,6,3637.0,0.53,Severe
21-12-2025 10:00,Odisha,Cuttack,8.62,8.11,5.75,21,2,0.0,2,2022.0,0.4,Severe
21-12-2025 11:00,Uttar Pradesh,Gorakhpur,59.33,6.65,6.13,57,4,0.0,3,2671.0,0.01,Severe
21-12-2025 12:00,Uttar Pradesh,Varanasi,2.42,7.28,4.41,21,2,1.0,3,1732.0,-0.65,Severe
21-12-2025 13:00,West Bengal,Malda,61.54,4.33,4.0,36,2,2.5,2,3197.0,0.72,Severe
21-12-2025 14:00,Odisha,Kendrapara,32.14,3.38,4.28,41,1,0.0,7,1787.0,0.35,Severe
21-12-2025 15:00,Kerala,Kochi,25.0,3.95,5.14,41,0,0.0,5,597.0,0.41,Moderate
21-12-2025 16:00,Uttar Pradesh,Gorakhpur,59.06,1.65,4.99,36,2,1.0,5,2316.0,0.34,Severe
21-12-2025 17:00,Tamil Nadu,Chennai,35.13,6.07,6.62,42,0,1.0,2,1964.0,-0.32,Severe
21-12-2025 18:00,Tamil Nadu,Madurai,17.22,2.4,4.25,23,2,0.0,3,693.0,0.45,Moderate
21-12-2025 19:00,Karnataka,Bengaluru,51.23,7.1,5.33,45,1,0.0,3,2679.0,0.36,Severe
21-12-2025 20:00,West Bengal,Malda,69.08,2.52,6.87,56,3,1.0,3,2936.0,0.32,Severe
21-12-2025 21:00,Assam,Dhemaji,56.23,2.82,5.51,44,5,1.0,7,2931.0,1.12,Severe
21-12-2025 22:00,Kerala,Thrissur,58.54,8.66,4.4,48,1,2.0,8,2986.0,0.4,Severe
21-12-2025 23:00,Uttar Pradesh,Gorakhpur,13.35,1.84,4.87,27,0,0.0,4,1163.0,0.29,Low
22-12-2025 00:00,Gujarat,Surat,22.23,4.99,5.88,30,1,1.0,2,1545.0,0.28,Severe
22-12-2025 01:00,Maharashtra,Pune,38.83,1.5,4.04,35,1,0.0,5,1142.0,-0.13,Moderate
22-12-2025 02:00,Maharashtra,Nashik,79.38,1.72,6.9,51,2,0.0,4,2485.0,0.41,Severe
22-12-2025 03:00,Assam,Barpeta,17.69,6.07,5.7,35,1,1.0,5,1930.0,0.47,Severe
22-12-2025 04:00,Bihar,Gaya,76.77,6.05,6.11,59,4,1.0,2,3205.0,0.05,Severe
22-12-2025 05:00,Gujarat,Ahmedabad,6.69,2.54,5.5,31,0,1.0,5,1423.0,0.68,Moderate
22-12-2025 06:00,Maharashtra,Nashik,70.68,7.98,6.87,40,2,1.0,4,3658.0,0.57,Severe
22-12-2025 07:00,Assam,Barpeta,66.63,6.62,5.77,55,2,0.0,3,3105.0,0.3,Severe
22-12-2025 08:00,Maharashtra,Mumbai,104.02124999999998,3.4,5.99,46,3,1.0,6,2907.0,0.72,Severe
22-12-2025 09:00,West Bengal,Murshidabad,61.25,2.99,6.58,52,2,1.0,4,2473.0,0.18,Severe
22-12-2025 10:00,Karnataka,Mysuru,41.23,7.03,6.58,40,0,0.0,4,2736.0,0.71,Severe
22-12-2025 11:00,Bihar,Patna,25.23,6.87,4.08,40,2,0.0,7,1750.0,0.13,Severe
22-12-2025 12:00,West Bengal,Darjeeling,23.02,2.19,4.85,37,0,0.0,7,1413.0,1.06,Moderate
22-12-2025 13:00,Gujarat,Vadodara,31.39,3.79,4.74,42,0,0.0,2,1784.0,0.09,Moderate
22-12-2025 14:00,Assam,Guwahati,23.94,2.73,4.02,32,1,0.0,3,2180.0,0.28,Moderate
22-12-2025 15:00,Kerala,Kottayam,51.22,3.35,6.63,47,1,0.0,4,2842.0,-0.04,Severe
22-12-2025 16:00,Gujarat,Bharuch,60.28,3.3,4.95,54,1,0.0,3,1968.0,0.6,Severe
22-12-2025 17:00,Gujarat,Rajkot,16.68,8.81,5.04,29,1,1.0,0,2442.0,-0.16,Severe
22-12-2025 18:00,Odisha,Balasore,62.31,7.0,4.3,54,0,1.0,2,3126.0,0.3,Severe
22-12-2025 19:00,Kerala,Alappuzha,43.21,7.24,6.97,49,2,1.0,7,3100.0,-0.27,Severe
22-12-2025 20:00,Tamil Nadu,Madurai,26.59,3.22,6.48,38,1,0.0,4,1611.0,0.59,Moderate
22-12-2025 21:00,Odisha,Bhubaneswar,69.67,1.0,5.72,66,1,1.0,5,869.0,0.62,Severe
22-12-2025 22:00,Assam,Guwahati,18.73,1.47,6.32,27,2,2.0,5,863.0,0.41,Moderate
22-12-2025 23:00,Tamil Nadu,Chennai,11.69,5.42,6.33,30,2,0.0,3,1521.0,0.11,Severe
23-12-2025 00:00,Maharashtra,Nagpur,18.01,3.28,5.97,35,2,1.0,4,1173.0,0.66,Severe
23-12-2025 01:00,Maharashtra,Kolhapur,22.24,2.54,4.52,34,1,0.0,4,1108.0,-0.07,Moderate
23-12-2025 02:00,Gujarat,Rajkot,67.89,1.4,6.16,42,4,2.0,8,1846.0,0.02,Severe
23-12-2025 03:00,Odisha,Bhubaneswar,65.76,8.01,5.71,51,2,2.0,5,3666.0,0.66,Severe
23-12-2025 04:00,Uttar Pradesh,Lucknow,33.97,5.8,6.17,32,2,0.0,7,1814.0,0.6,Severe
23-12-2025 05:00,Kerala,Alappuzha,5.65,1.86,5.63,23,0,1.0,5,1052.0,0.6,Moderate
23-12-2025 06:00,Tamil Nadu,Madurai,19.55,7.13,6.87,34,1,1.0,2,1424.0,1.38,Severe
23-12-2025 07:00,Kerala,Kozhikode,99.83,7.05,5.88,61,2,0.0,2,3318.0,0.43,Severe
23-12-2025 08:00,Odisha,Puri,57.8,3.32,5.72,57,1,0.0,2,2963.0,0.17,Severe
23-12-2025 09:00,Gujarat,Rajkot,5.24,2.51,6.53,30,2,1.0,8,1805.0,0.29,Severe
23-12-2025 10:00,West Bengal,Kolkata,3.13,7.51,5.14,29,0,0.0,2,2970.0,-0.59,Severe
23-12-2025 11:00,Maharashtra,Nagpur,56.15,3.64,4.95,51,2,0.0,8,2375.0,0.52,Severe
23-12-2025 12:00,Tamil Nadu,Madurai,77.91,7.78,5.51,41,2,0.0,2,3142.0,0.99,Severe
23-12-2025 13:00,Tamil Nadu,Madurai,14.42,1.35,5.75,27,0,0.0,2,276.0,0.19,Low
23-12-2025 14:00,Assam,Guwahati,18.89,4.99,4.66,33,2,0.0,3,2454.0,0.94,Severe
23-12-2025 15:00,Tamil Nadu,Tiruppur,64.29,2.44,6.05,53,2,2.0,8,2549.0,-0.09,Severe
23-12-2025 16:00,Odisha,Balasore,26.64,6.38,6.41,37,0,1.0,2,2702.0,0.0,Severe
23-12-2025 17:00,Tamil Nadu,Coimbatore,29.36,8.98,5.73,41,3,1.0,5,3225.0,0.0,Severe
23-12-2025 18:00,Tamil Nadu,Coimbatore,28.34,4.3,5.57,41,1,2.0,4,1379.0,-0.31,Severe
23-12-2025 19:00,Kerala,Alappuzha,36.49,1.8,4.88,33,2,0.0,1,1630.0,1.01,Moderate
23-12-2025 20:00,Gujarat,Bharuch,41.92,3.54,6.73,33,3,0.0,6,2839.0,0.58,Severe
23-12-2025 21:00,Karnataka,Udupi,104.02124999999998,8.13,6.26,61,1,2.0,5,3939.0,0.63,Severe
23-12-2025 22:00,Tamil Nadu,Madurai,25.07,7.13,5.44,41,2,1.0,1,1732.0,0.02,Severe
23-12-2025 23:00,Uttar Pradesh,Kanpur,29.27,2.86,5.98,36,0,0.0,5,1703.0,0.71,Moderate
24-12-2025 00:00,Gujarat,Rajkot,13.27,8.63,5.01,33,1,1.0,5,1413.0,0.12,Severe
24-12-2025 01:00,Bihar,Darbhanga,36.21,5.98,4.18,32,2,0.0,4,1410.0,0.14,Severe
24-12-2025 02:00,Assam,Barpeta,67.49,2.34,4.61,42,2,0.0,5,1623.0,0.83,Severe
24-12-2025 03:00,Kerala,Kochi,18.72,5.58,4.24,31,1,0.0,3,2986.0,-0.03,Severe
24-12-2025 04:00,Assam,Jorhat,16.59,4.61,5.52,23,0,0.0,4,1989.0,-0.1,Moderate
24-12-2025 05:00,West Bengal,Howrah,63.6,7.56,5.87,48,1,2.0,2,3026.0,-0.15,Severe
24-12-2025 06:00,Tamil Nadu,Coimbatore,41.77,3.75,5.14,40,0,2.0,5,1548.0,0.28,Severe
24-12-2025 07:00,Maharashtra,Mumbai,16.7,8.0,5.59,33,1,0.0,5,2285.0,1.28,Severe
24-12-2025 08:00,Uttar Pradesh,Kanpur,37.58,7.5,4.26,35,1,0.0,2,3000.0,0.23,Severe
24-12-2025 09:00,Kerala,Thrissur,15.45,6.4,6.31,25,2,0.0,6,2271.0,-0.24,Severe
24-12-2025 10:00,Assam,Barpeta,25.92,3.07,4.1,33,2,0.0,4,57.0,0.07,Moderate
24-12-2025 11:00,Tamil Nadu,Madurai,27.76,8.76,5.9,39,0,0.0,6,3323.0,0.14,Severe
24-12-2025 12:00,Maharashtra,Pune,62.98,5.39,5.3,52,1,0.0,5,2931.0,0.37,Severe
24-12-2025 13:00,Maharashtra,Pune,49.17,8.26,4.55,51,0,0.0,2,2245.0,0.51,Severe
24-12-2025 14:00,West Bengal,Murshidabad,65.48,2.73,5.57,44,3,1.0,1,1394.0,-0.59,Severe
24-12-2025 15:00,Gujarat,Surat,25.58,8.87,6.34,41,2,0.0,1,2391.0,-0.2,Severe
24-12-2025 16:00,Uttar Pradesh,Kanpur,46.03,7.53,5.24,44,0,1.0,5,3459.0,-0.23,Severe
24-12-2025 17:00,Karnataka,Bengaluru,7.55,8.59,5.1,32,0,0.0,4,2594.0,0.81,Severe
24-12-2025 18:00,Uttar Pradesh,Gorakhpur,16.2,2.7,4.43,38,0,0.0,3,1643.0,-0.11,Moderate
24-12-2025 19:00,West Bengal,Kolkata,11.51,4.45,5.78,34,2,1.0,5,1668.0,0.48,Severe
24-12-2025 20:00,Odisha,Balasore,56.9,1.78,6.48,42,1,0.0,3,2543.0,0.56,Moderate
24-12-2025 21:00,Gujarat,Bharuch,93.82,2.1,5.68,49,1,1.0,3,3358.0,0.12,Severe
24-12-2025 22:00,Kerala,Kochi,28.7,3.27,4.5,41,0,0.0,5,1379.0,-0.74,Moderate
24-12-2025 23:00,Gujarat,Bharuch,48.44,8.61,5.98,43,1,1.0,7,2368.0,0.88,Severe
25-12-2025 00:00,West Bengal,Darjeeling,47.63,6.34,4.09,47,0,0.0,4,2263.0,0.94,Severe
25-12-2025 01:00,West Bengal,Murshidabad,88.13,3.52,6.51,47,0,1.0,3,3417.0,0.34,Severe
25-12-2025 02:00,Kerala,Kozhikode,25.9,8.64,6.76,33,0,0.0,4,1561.0,0.04,Severe
25-12-2025 03:00,Kerala,Thrissur,35.49,6.92,5.79,33,0,1.0,4,1964.0,1.16,Severe
25-12-2025 04:00,Kerala,Thrissur,16.66,8.26,6.65,41,0,1.0,6,1990.0,0.03,Severe
25-12-2025 05:00,Gujarat,Surat,12.45,8.42,4.25,29,2,2.0,8,2847.0,0.71,Severe
25-12-2025 06:00,Tamil Nadu,Madurai,52.7,7.01,4.69,50,0,1.0,5,2423.0,-0.32,Severe
25-12-2025 07:00,Assam,Jorhat,19.5,2.95,4.95,32,1,0.0,4,1265.0,0.56,Moderate
25-12-2025 08:00,Bihar,Darbhanga,20.35,8.97,6.32,36,4,2.0,4,2044.0,-0.23,Severe
25-12-2025 09:00,Kerala,Kochi,45.19,3.6,5.45,42,0,2.0,2,2094.0,0.52,Severe
25-12-2025 10:00,Assam,Dibrugarh,27.43,6.37,5.05,28,0,1.0,5,1776.0,0.35,Severe
25-12-2025 11:00,Bihar,Gaya,53.46,7.76,4.47,30,2,2.5,5,2680.0,0.19,Severe
25-12-2025 12:00,Gujarat,Bharuch,54.15,2.4,6.43,42,2,0.0,4,3152.0,0.17,Severe
25-12-2025 13:00,Assam,Jorhat,37.84,5.87,4.06,35,3,1.0,5,2771.0,0.84,Severe
25-12-2025 14:00,Kerala,Alappuzha,34.89,4.0,5.01,42,0,1.0,6,1525.0,0.31,Severe
25-12-2025 15:00,Karnataka,Kodagu,92.65,2.95,4.73,49,1,0.0,5,3076.0,0.53,Severe
25-12-2025 16:00,West Bengal,Murshidabad,30.31,1.09,4.39,29,2,2.0,5,1348.0,1.5750000000000002,Severe
25-12-2025 17:00,Assam,Dhemaji,55.69,7.98,4.52,43,0,0.0,5,2465.0,-0.21,Severe
25-12-2025 18:00,Maharashtra,Nashik,15.47,2.09,5.48,27,3,1.0,8,591.0,0.0,Moderate
25-12-2025 19:00,Maharashtra,Kolhapur,34.3,8.02,5.28,32,0,0.0,1,2387.0,-0.39,Severe
25-12-2025 20:00,Assam,Barpeta,55.94,5.81,5.56,51,1,1.0,1,3353.0,-0.41,Severe
25-12-2025 21:00,Kerala,Kottayam,17.23,5.97,6.18,23,1,1.0,5,1719.0,1.21,Severe
25-12-2025 22:00,Uttar Pradesh,Varanasi,31.62,7.63,6.68,31,0,1.0,7,2501.0,0.16,Severe
25-12-2025 23:00,Kerala,Kozhikode,33.57,5.08,4.36,42,0,1.0,4,1920.0,-0.84,Severe
26-12-2025 00:00,Gujarat,Ahmedabad,18.09,3.86,4.25,38,1,0.0,7,2198.0,0.22,Severe
26-12-2025 01:00,Kerala,Kochi,20.45,2.11,4.96,33,1,0.0,2,1224.0,0.13,Moderate
26-12-2025 02:00,Gujarat,Bharuch,15.14,5.56,5.64,25,0,0.0,3,541.0,-0.12,Moderate
26-12-2025 03:00,Uttar Pradesh,Gorakhpur,4.84,5.43,4.3,25,4,1.0,5,1768.0,0.15,Severe
26-12-2025 04:00,Karnataka,Mysuru,15.76,3.35,6.15,41,3,0.0,3,1388.0,0.42,Moderate
26-12-2025 05:00,Gujarat,Bharuch,37.62,5.8,5.67,44,2,0.0,4,1695.0,0.17,Severe
26-12-2025 06:00,Odisha,Balasore,21.09,4.51,6.25,37,1,0.0,3,1685.0,0.73,Severe
26-12-2025 07:00,Maharashtra,Kolhapur,31.84,7.44,5.07,34,2,2.0,3,2469.0,0.32,Severe
26-12-2025 08:00,West Bengal,Kolkata,35.15,5.48,5.2,42,0,0.0,7,1780.0,0.36,Severe
26-12-2025 09:00,Maharashtra,Kolhapur,28.37,8.47,6.42,39,2,0.0,7,2252.0,0.26,Severe
26-12-2025 10:00,Gujarat,Bharuch,55.36,5.14,4.8,37,2,0.0,4,3086.0,-0.21,Severe
26-12-2025 11:00,Odisha,Kendrapara,104.02124999999998,8.1,5.14,66,5,0.0,4,4280.0,-0.19,Severe
26-12-2025 12:00,Tamil Nadu,Thanjavur,15.9,5.16,4.04,35,1,2.0,7,2145.0,0.4,Severe
26-12-2025 13:00,Karnataka,Mangaluru,62.91,5.46,5.67,50,2,0.0,7,3560.0,0.01,Severe
26-12-2025 14:00,Karnataka,Kodagu,18.16,3.93,6.55,30,0,1.0,4,1644.0,0.62,Severe
26-12-2025 15:00,Tamil Nadu,Coimbatore,42.94,4.2,4.08,45,1,1.0,3,1442.0,0.2,Severe
26-12-2025 16:00,West Bengal,Darjeeling,11.48,8.46,5.84,39,1,1.0,8,1506.0,0.0,Severe
26-12-2025 17:00,Uttar Pradesh,Kanpur,40.77,2.79,6.54,35,0,1.0,4,1957.0,0.47,Moderate
26-12-2025 18:00,Bihar,Bhagalpur,24.78,1.97,5.48,40,1,0.0,3,1521.0,0.36,Moderate
26-12-2025 19:00,Odisha,Balasore,24.31,7.64,4.94,36,0,0.0,4,2475.0,-0.4,Severe
26-12-2025 20:00,Gujarat,Ahmedabad,37.55,5.62,6.99,36,0,0.0,3,2861.0,-0.47,Severe
26-12-2025 21:00,Bihar,Darbhanga,14.49,3.28,4.19,32,0,0.0,4,770.0,0.61,Moderate
26-12-2025 22:00,West Bengal,Murshidabad,14.41,4.46,4.63,30,0,1.0,6,916.0,0.02,Moderate
26-12-2025 23:00,Uttar Pradesh,Prayagraj,25.53,5.2,6.66,38,0,0.0,5,2425.0,0.42,Severe
27-12-2025 00:00,Karnataka,Udupi,61.84,5.74,4.89,40,2,0.0,1,3490.0,0.45,Severe
27-12-2025 01:00,Gujarat,Ahmedabad,26.03,7.57,6.46,42,0,0.0,4,2469.0,0.89,Severe
27-12-2025 02:00,Gujarat,Vadodara,104.02124999999998,4.15,5.0,64,3,1.0,4,4592.375,1.09,Severe
27-12-2025 03:00,Uttar Pradesh,Lucknow,104.02124999999998,6.41,6.44,66,5,2.0,6,4400.0,-0.16,Severe
27-12-2025 04:00,Maharashtra,Nagpur,31.39,7.68,6.06,41,2,0.0,5,2807.0,0.28,Severe
27-12-2025 05:00,Odisha,Balasore,90.49,7.75,5.41,50,2,0.0,3,4592.375,0.29,Severe
27-12-2025 06:00,Uttar Pradesh,Varanasi,16.29,3.03,5.57,29,0,2.0,7,1423.0,1.03,Severe
27-12-2025 07:00,Kerala,Kochi,34.11,3.8,4.53,40,0,0.0,7,2233.0,-0.3,Moderate
27-12-2025 08:00,Kerala,Thrissur,38.73,5.76,4.35,46,0,0.0,3,2732.0,1.0,Severe
27-12-2025 09:00,Uttar Pradesh,Lucknow,49.13,8.09,6.15,46,1,1.0,5,2602.0,0.6,Severe
27-12-2025 10:00,Karnataka,Kodagu,9.77,7.32,6.55,29,0,0.0,5,1776.0,0.1,Severe
27-12-2025 11:00,Uttar Pradesh,Lucknow,37.0,5.67,6.17,45,3,1.0,2,1631.0,0.74,Severe
27-12-2025 12:00,Assam,Dibrugarh,74.17,8.87,6.74,47,2,1.0,4,4038.0,0.18,Severe
27-12-2025 13:00,West Bengal,Murshidabad,4.38,4.51,6.67,27,2,0.0,2,1091.0,-0.38,Moderate
27-12-2025 14:00,Kerala,Kozhikode,17.17,7.74,6.33,22,1,0.0,6,1544.0,0.4,Severe
27-12-2025 15:00,Bihar,Darbhanga,75.28,7.55,6.69,38,3,1.0,6,4262.0,0.23,Severe
27-12-2025 16:00,Uttar Pradesh,Gorakhpur,20.71,8.26,4.5,32,1,0.0,4,3371.0,0.13,Severe
27-12-2025 17:00,Kerala,Kochi,36.14,8.9,6.19,33,2,0.0,6,2468.0,-0.01,Severe
27-12-2025 18:00,West Bengal,Murshidabad,43.88,4.97,6.26,41,2,1.0,7,2863.0,0.63,Severe
27-12-2025 19:00,West Bengal,Malda,17.22,2.57,4.46,36,1,1.0,6,1714.0,0.34,Moderate
27-12-2025 20:00,Bihar,Muzaffarpur,12.69,4.69,6.73,21,0,0.0,2,1136.0,0.14,Moderate
27-12-2025 21:00,Gujarat,Ahmedabad,28.27,7.83,4.03,35,2,1.0,2,2757.0,0.08,Severe
27-12-2025 22:00,Assam,Barpeta,66.11,7.69,5.3,32,1,0.0,3,3236.0,0.14,Severe
27-12-2025 23:00,Uttar Pradesh,Varanasi,37.2,3.69,4.06,40,1,0.0,3,2541.0,0.09,Moderate
28-12-2025 00:00,Tamil Nadu,Tiruppur,12.96,1.38,5.57,37,2,1.0,2,135.0,0.17,Moderate
28-12-2025 01:00,Uttar Pradesh,Gorakhpur,55.97,5.08,5.24,51,1,2.0,5,2966.0,0.68,Severe
28-12-2025 02:00,Gujarat,Ahmedabad,13.58,4.79,5.87,38,0,0.0,2,2250.0,0.18,Moderate
28-12-2025 03:00,Odisha,Bhubaneswar,43.07,1.69,6.3,47,1,2.5,0,1747.0,0.42,Severe
28-12-2025 04:00,Maharashtra,Mumbai,29.38,7.36,6.31,39,1,0.0,2,2019.0,0.18,Severe
28-12-2025 05:00,Karnataka,Mangaluru,23.53,3.27,6.17,25,0,0.0,3,1304.0,-0.45,Moderate
28-12-2025 06:00,Gujarat,Rajkot,27.2,6.17,4.31,29,2,0.0,6,2615.0,0.45,Severe
28-12-2025 07:00,West Bengal,Malda,30.0,1.81,5.25,33,1,1.0,3,1039.0,0.03,Moderate
28-12-2025 08:00,Tamil Nadu,Chennai,32.06,7.89,6.45,44,0,0.0,3,2160.0,0.65,Severe
28-12-2025 09:00,Karnataka,Bengaluru,38.76,6.91,5.96,31,1,0.0,3,2100.0,1.09,Severe
28-12-2025 10:00,Kerala,Thrissur,61.63,4.11,6.04,47,3,1.0,4,2899.0,0.05,Severe
28-12-2025 11:00,Uttar Pradesh,Prayagraj,98.32,6.04,4.68,66,3,2.5,6,4592.375,0.76,Severe
28-12-2025 12:00,Karnataka,Mangaluru,32.89,2.5,4.98,32,2,0.0,6,1695.0,0.16,Moderate
28-12-2025 13:00,Kerala,Alappuzha,57.21,8.88,6.87,37,2,0.0,5,3187.0,0.21,Severe
28-12-2025 14:00,Maharashtra,Kolhapur,35.66,7.37,6.54,32,0,0.0,6,3103.0,0.52,Severe
28-12-2025 15:00,Kerala,Alappuzha,25.99,7.31,4.49,40,1,1.0,2,1966.0,-0.53,Severe
28-12-2025 16:00,Tamil Nadu,Coimbatore,40.1,2.23,5.63,38,0,1.0,5,2255.0,-0.43,Moderate
28-12-2025 17:00,West Bengal,Darjeeling,9.69,1.14,5.47,19,1,0.0,6,1038.0,0.38,Low
28-12-2025 18:00,Gujarat,Bharuch,15.4,5.68,5.33,24,2,0.0,3,1637.0,-0.83,Severe
28-12-2025 19:00,Bihar,Darbhanga,12.08,2.15,5.41,26,0,1.0,2,1455.0,0.84,Moderate
28-12-2025 20:00,Gujarat,Rajkot,38.56,7.24,5.93,33,1,1.0,6,2159.0,0.95,Severe
28-12-2025 21:00,Gujarat,Rajkot,5.64,4.33,6.9,31,0,2.0,3,1153.0,0.51,Severe
28-12-2025 22:00,Kerala,Kottayam,10.94,3.71,6.63,24,0,0.0,4,1069.0,0.29,Moderate
28-12-2025 23:00,Uttar Pradesh,Prayagraj,7.13,1.59,6.63,23,0,0.0,8,793.0,0.85,Moderate
29-12-2025 00:00,Karnataka,Mangaluru,33.33,8.97,6.11,37,1,1.0,4,2187.0,0.14,Severe
29-12-2025 01:00,Bihar,Bhagalpur,23.23,8.65,4.05,31,1,1.0,5,2764.0,0.18,Severe
29-12-2025 02:00,Bihar,Patna,27.35,2.05,5.32,31,1,1.0,4,2025.0,0.29,Moderate
29-12-2025 03:00,Karnataka,Bengaluru,43.13,3.66,5.53,34,0,0.0,8,2190.0,-0.02,Severe
29-12-2025 04:00,Karnataka,Udupi,31.0,4.13,6.53,41,1,0.0,4,1102.0,0.93,Severe
29-12-2025 05:00,West Bengal,Kolkata,25.17,3.37,6.77,37,0,0.0,2,2462.0,0.92,Moderate
29-12-2025 06:00,Tamil Nadu,Chennai,5.5,8.48,5.35,26,0,2.0,4,1789.0,-0.07,Severe
29-12-2025 07:00,Maharashtra,Nashik,43.18,6.77,4.9,41,2,0.0,3,2649.0,0.01,Severe
29-12-2025 08:00,Tamil Nadu,Tiruppur,5.07,8.65,5.01,34,3,0.0,1,1827.0,0.19,Severe
29-12-2025 09:00,Karnataka,Kodagu,37.39,8.0,5.74,37,2,0.0,6,2933.0,0.89,Severe
29-12-2025 10:00,Uttar Pradesh,Prayagraj,104.02124999999998,7.04,4.82,66,2,2.5,6,4592.375,0.19,Severe
29-12-2025 11:00,Assam,Barpeta,48.18,6.58,6.73,50,2,2.0,2,2820.0,0.42,Severe
29-12-2025 12:00,Assam,Barpeta,19.52,7.93,5.26,37,2,0.0,1,1963.0,-0.13,Severe
29-12-2025 13:00,Maharashtra,Mumbai,60.05,6.47,6.97,50,1,0.0,3,2450.0,1.03,Severe
29-12-2025 14:00,Karnataka,Mangaluru,104.02124999999998,2.51,4.33,53,2,2.0,4,4052.0,-0.18,Severe
29-12-2025 15:00,Assam,Guwahati,66.66,6.19,4.56,50,1,0.0,2,3062.0,0.16,Severe
29-12-2025 16:00,Maharashtra,Nashik,80.98,5.12,5.53,57,1,2.0,1,3768.0,-0.42,Severe
29-12-2025 17:00,Bihar,Patna,16.22,8.86,6.6,28,0,1.0,5,1487.0,0.91,Severe
29-12-2025 18:00,Maharashtra,Mumbai,23.65,5.08,5.06,41,1,1.0,3,2184.0,0.34,Severe
29-12-2025 19:00,Bihar,Patna,53.1,1.31,6.51,42,0,0.0,4,1731.0,1.15,Moderate
29-12-2025 20:00,West Bengal,Murshidabad,30.46,3.11,5.28,33,1,0.0,6,1738.0,-0.09,Moderate
29-12-2025 21:00,Assam,Guwahati,15.17,8.34,6.56,29,1,1.0,5,1885.0,0.82,Severe
29-12-2025 22:00,Maharashtra,Pune,48.73,8.7,4.83,56,1,1.0,2,2830.0,0.53,Severe
29-12-2025 23:00,Maharashtra,Pune,52.97,6.83,5.42,33,1,0.0,5,3293.0,-0.01,Severe
30-12-2025 00:00,Maharashtra,Pune,26.03,1.45,4.84,39,0,1.0,6,1100.0,0.05,Moderate
30-12-2025 01:00,Uttar Pradesh,Kanpur,13.22,1.19,4.65,31,0,1.0,3,2148.0,0.6,Moderate
30-12-2025 02:00,Maharashtra,Mumbai,22.8,4.84,5.26,25,0,0.0,4,2594.0,0.33,Severe
30-12-2025 03:00,Uttar Pradesh,Lucknow,24.21,9.0,5.0,35,1,0.0,6,3307.0,0.04,Severe
30-12-2025 04:00,Gujarat,Rajkot,35.81,7.95,6.36,28,0,0.0,5,2368.0,1.14,Severe
30-12-2025 05:00,West Bengal,Howrah,11.33,8.46,6.24,40,1,1.0,3,2170.0,0.37,Severe
30-12-2025 06:00,Gujarat,Vadodara,28.7,5.99,5.08,37,1,0.0,6,2321.0,0.18,Severe
30-12-2025 07:00,Odisha,Kendrapara,21.5,7.87,6.98,38,2,1.0,1,1837.0,-0.14,Severe
30-12-2025 08:00,Gujarat,Ahmedabad,49.09,3.56,6.92,43,2,0.0,7,2163.0,0.12,Severe
30-12-2025 09:00,Karnataka,Udupi,104.02124999999998,1.22,6.75,66,5,2.5,6,4592.375,-0.61,Severe
30-12-2025 10:00,Bihar,Darbhanga,37.22,8.35,5.76,33,2,1.0,5,3074.0,0.35,Severe
30-12-2025 11:00,Karnataka,Mangaluru,31.39,2.75,5.24,29,1,1.0,5,1438.0,0.68,Severe
30-12-2025 12:00,Tamil Nadu,Tiruppur,42.56,6.83,4.94,35,1,0.0,4,2942.0,1.0,Severe
30-12-2025 13:00,Gujarat,Vadodara,53.99,6.27,4.05,47,2,1.0,4,2961.0,0.16,Severe
30-12-2025 14:00,Assam,Barpeta,1.98,2.27,5.9,29,1,0.0,3,779.0,0.57,Moderate
30-12-2025 15:00,Kerala,Alappuzha,31.2,2.57,5.66,40,0,1.0,4,925.0,0.19,Moderate
30-12-2025 16:00,Gujarat,Ahmedabad,58.36,3.63,5.89,50,3,1.0,7,2208.0,-0.46,Severe
30-12-2025 17:00,West Bengal,Malda,7.84,7.06,5.73,24,0,2.0,4,806.0,-0.57,Severe
30-12-2025 18:00,Gujarat,Ahmedabad,37.01,1.31,4.41,37,3,1.0,4,1546.0,0.3,Moderate
30-12-2025 19:00,Uttar Pradesh,Varanasi,62.2,4.26,6.09,46,3,0.0,3,2685.0,-0.56,Severe
30-12-2025 20:00,Tamil Nadu,Chennai,104.02124999999998,6.32,5.08,65,3,0.0,6,3545.0,0.24,Severe
30-12-2025 21:00,Maharashtra,Nashik,39.78,2.37,5.55,42,0,0.0,4,1660.0,0.16,Moderate
30-12-2025 22:00,Tamil Nadu,Tiruppur,48.85,1.96,5.1,45,1,0.0,3,1884.0,-0.44,Moderate
30-12-2025 23:00,Tamil Nadu,Coimbatore,45.54,4.12,4.07,43,1,0.0,1,2606.0,-0.865,Moderate
31-12-2025 00:00,Bihar,Bhagalpur,9.7,3.29,6.63,31,3,0.0,2,1595.0,0.02,Moderate
31-12-2025 01:00,Kerala,Kottayam,104.02124999999998,6.19,4.45,66,5,2.0,2,4592.375,1.01,Severe
31-12-2025 02:00,Tamil Nadu,Chennai,42.17,8.76,5.75,29,2,0.0,5,3148.0,0.46,Severe
31-12-2025 03:00,Bihar,Gaya,27.91,1.04,6.65,41,1,0.0,5,1589.0,0.01,Moderate
31-12-2025 04:00,Maharashtra,Nagpur,75.23,8.22,4.66,64,2,0.0,3,2722.0,-0.02,Severe
31-12-2025 05:00,Karnataka,Mangaluru,18.33,4.47,5.24,41,1,1.0,4,1195.0,0.5,Severe
31-12-2025 06:00,Maharashtra,Nashik,46.23,6.31,5.13,39,1,0.0,6,2486.0,0.38,Severe
31-12-2025 07:00,Assam,Dhemaji,25.99,7.81,4.27,28,1,1.0,6,2577.0,0.64,Severe
31-12-2025 08:00,Tamil Nadu,Chennai,17.77,5.59,5.27,33,1,0.0,3,1377.0,1.13,Severe
31-12-2025 09:00,Tamil Nadu,Coimbatore,33.53,1.78,5.44,38,3,0.0,3,1635.0,0.84,Moderate
31-12-2025 10:00,Karnataka,Bengaluru,37.04,2.12,4.08,38,1,0.0,3,1829.0,0.83,Moderate
31-12-2025 11:00,West Bengal,Darjeeling,30.56,7.31,5.46,42,0,1.0,4,2878.0,0.29,Severe
31-12-2025 12:00,Tamil Nadu,Tiruppur,104.02124999999998,2.83,4.28,66,3,1.0,3,4592.375,-0.68,Severe
31-12-2025 13:00,Kerala,Kozhikode,36.81,5.55,6.68,34,0,2.0,4,2596.0,-0.62,Severe
31-12-2025 14:00,Odisha,Puri,25.11,4.42,5.95,26,1,0.0,8,2270.0,0.55,Severe
31-12-2025 15:00,Tamil Nadu,Madurai,36.15,3.43,4.17,42,1,0.0,6,1947.0,0.08,Moderate
31-12-2025 16:00,Odisha,Kendrapara,53.41,7.3,6.48,37,0,1.0,6,3608.0,1.07,Severe
31-12-2025 17:00,Maharashtra,Nashik,44.31,6.85,5.08,38,1,0.0,1,2847.0,0.99,Severe
31-12-2025 18:00,Gujarat,Vadodara,90.26,6.17,4.68,51,2,1.0,7,3382.0,0.39,Severe
31-12-2025 19:00,West Bengal,Darjeeling,39.94,3.98,4.76,41,0,0.0,1,2176.0,0.11,Moderate
31-12-2025 20:00,Bihar,Gaya,3.81,2.81,5.79,20,0,0.0,3,962.0,-0.08,Low
31-12-2025 21:00,Uttar Pradesh,Kanpur,37.09,5.13,4.24,56,2,0.0,5,3288.0,1.06,Severe
31-12-2025 22:00,West Bengal,Malda,37.42,7.54,4.18,40,0,1.0,3,1946.0,0.41,Severe
31-12-2025 23:00,Uttar Pradesh,Prayagraj,64.13,5.61,5.88,40,4,0.0,3,2151.0,0.02,Severe
01-01-2026 00:00,Maharashtra,Pune,5.41,8.76,6.95,30,1,0.0,4,2110.0,0.29,Severe
01-01-2026 01:00,West Bengal,Kolkata,47.61,1.12,5.45,33,2,2.5,5,1448.0,0.23,Severe
01-01-2026 02:00,Bihar,Gaya,58.11,8.99,5.24,58,1,0.0,4,2591.0,1.14,Severe
01-01-2026 03:00,Uttar Pradesh,Varanasi,37.64,6.53,6.84,44,0,0.0,2,3018.0,0.43,Severe
01-01-2026 04:00,Karnataka,Mangaluru,54.81,7.66,4.72,30,4,0.0,2,2855.0,0.36,Severe
01-01-2026 05:00,Kerala,Thrissur,15.54,3.68,4.72,31,2,2.0,4,1504.0,-0.27,Severe
01-01-2026 06:00,West Bengal,Murshidabad,60.56,5.07,6.72,51,3,0.0,7,2873.0,0.56,Severe
01-01-2026 07:00,Maharashtra,Kolhapur,13.42,7.38,5.94,29,2,0.0,5,2107.0,0.37,Severe
01-01-2026 08:00,Tamil Nadu,Coimbatore,20.7,7.09,4.16,34,0,0.0,4,2498.0,0.59,Severe
01-01-2026 09:00,Bihar,Gaya,51.45,3.67,6.02,41,1,1.0,2,2520.0,0.37,Severe
01-01-2026 10:00,Uttar Pradesh,Gorakhpur,104.02124999999998,3.6,6.46,65,5,0.0,1,3474.0,0.19,Severe
01-01-2026 11:00,Uttar Pradesh,Varanasi,100.89,6.3,4.82,62,3,1.0,3,4271.0,0.37,Severe
01-01-2026 12:00,Kerala,Alappuzha,42.38,8.47,5.15,34,1,0.0,3,2172.0,0.0,Severe
01-01-2026 13:00,Uttar Pradesh,Varanasi,8.08,4.51,4.59,24,0,0.0,3,1091.0,0.42,Moderate
01-01-2026 14:00,Odisha,Bhubaneswar,21.33,3.82,5.9,30,1,0.0,4,1886.0,0.93,Severe
01-01-2026 15:00,Assam,Guwahati,26.55,8.16,5.99,35,1,1.0,2,2465.0,0.75,Severe
01-01-2026 16:00,Odisha,Bhubaneswar,2.47,6.46,4.21,25,2,0.0,4,1301.0,0.22,Severe
01-01-2026 17:00,Uttar Pradesh,Kanpur,13.19,4.11,6.03,29,0,1.0,4,1081.0,0.26,Moderate
01-01-2026 18:00,Bihar,Muzaffarpur,61.75,1.46,5.98,51,3,0.0,7,2306.0,0.61,Severe
01-01-2026 19:00,West Bengal,Murshidabad,96.69,6.77,4.11,66,4,0.0,1,3490.0,0.52,Severe
01-01-2026 20:00,Maharashtra,Kolhapur,68.5,3.82,5.67,51,2,0.0,5,3863.0,0.35,Severe
01-01-2026 21:00,Tamil Nadu,Coimbatore,22.36,1.56,5.84,42,1,1.0,1,1642.0,0.1,Moderate
01-01-2026 22:00,West Bengal,Darjeeling,53.13,5.9,5.29,39,3,0.0,8,2844.0,-0.05,Severe
01-01-2026 23:00,Karnataka,Mysuru,32.78,3.58,6.7,33,1,2.0,5,2211.0,-0.06,Severe
02-01-2026 00:00,West Bengal,Howrah,13.1,3.71,4.99,29,0,0.0,5,1675.0,0.28,Moderate
02-01-2026 01:00,West Bengal,Kolkata,40.95,4.83,4.2,33,4,0.0,4,2530.0,0.5,Severe
02-01-2026 02:00,Maharashtra,Nagpur,49.84,6.74,6.02,44,1,1.0,3,2520.0,-0.42,Severe
02-01-2026 03:00,Kerala,Kochi,15.52,3.21,5.82,31,1,1.0,3,1107.0,0.68,Moderate
02-01-2026 04:00,Uttar Pradesh,Varanasi,9.92,1.65,6.97,24,0,1.0,3,591.0,-0.13,Low
02-01-2026 05:00,Kerala,Kozhikode,22.74,4.4,4.69,26,1,1.0,3,2084.0,0.04,Severe
02-01-2026 06:00,Karnataka,Kodagu,75.47,1.44,5.19,51,3,2.0,3,2721.0,0.24,Severe
02-01-2026 07:00,Gujarat,Surat,56.33,6.58,5.38,40,3,1.0,5,2338.0,0.52,Severe
02-01-2026 08:00,Tamil Nadu,Madurai,24.01,8.67,6.58,36,1,0.0,4,2707.0,1.03,Severe
02-01-2026 09:00,Odisha,Balasore,16.67,6.27,5.24,35,1,1.0,2,1867.0,0.14,Severe
02-01-2026 10:00,Tamil Nadu,Tiruppur,32.56,3.2,6.32,33,1,1.0,4,742.0,0.84,Severe
02-01-2026 11:00,Uttar Pradesh,Lucknow,12.45,2.45,4.47,20,1,1.0,4,1443.0,0.17,Moderate
02-01-2026 12:00,Tamil Nadu,Coimbatore,37.94,2.86,5.23,32,2,1.0,1,1461.0,0.95,Severe
02-01-2026 13:00,Assam,Jorhat,29.04,2.77,4.46,42,2,0.0,2,1745.0,0.32,Moderate
02-01-2026 14:00,Odisha,Cuttack,2.15,3.51,6.85,30,0,0.0,5,1913.0,-0.32,Moderate
02-01-2026 15:00,Karnataka,Udupi,25.02,1.78,4.53,37,1,2.5,4,641.0,0.03,Moderate
02-01-2026 16:00,Uttar Pradesh,Gorakhpur,2.6,8.17,5.26,27,1,1.0,5,2099.0,0.35,Severe
02-01-2026 17:00,Bihar,Bhagalpur,39.81,8.08,4.25,41,1,1.0,8,2288.0,0.26,Severe
02-01-2026 18:00,Karnataka,Kodagu,11.6,5.92,6.76,40,2,1.0,7,1410.0,-0.11,Severe
02-01-2026 19:00,Assam,Dhemaji,6.75,1.5,5.87,36,2,0.0,8,0.0,-0.24,Moderate
02-01-2026 20:00,Odisha,Puri,27.2,7.43,6.89,31,1,1.0,3,2537.0,0.71,Severe
02-01-2026 21:00,Maharashtra,Nagpur,25.34,1.49,4.13,51,1,1.0,2,956.0,-0.69,Moderate
02-01-2026 22:00,Assam,Guwahati,40.75,1.85,4.52,34,0,0.0,8,1837.0,0.58,Moderate
02-01-2026 23:00,Karnataka,Mangaluru,12.08,3.6,5.14,28,1,0.0,2,1672.0,-0.14,Moderate
03-01-2026 00:00,Uttar Pradesh,Lucknow,81.39,4.45,5.86,66,2,1.0,5,3983.0,1.2,Severe
03-01-2026 01:00,Gujarat,Bharuch,54.3,3.83,4.99,33,4,0.0,4,3151.0,-0.56,Severe
03-01-2026 02:00,Uttar Pradesh,Lucknow,83.45,2.32,6.14,56,4,0.0,4,2327.0,-0.6,Severe
03-01-2026 03:00,Odisha,Puri,28.24,1.9,4.5,25,0,0.0,4,1608.0,0.16,Moderate
03-01-2026 04:00,Gujarat,Bharuch,15.19,7.88,5.8,25,1,1.0,7,3328.0,0.81,Severe
03-01-2026 05:00,Kerala,Alappuzha,96.83,3.91,5.19,64,1,2.0,3,3718.0,1.33,Severe
03-01-2026 06:00,Odisha,Balasore,53.6,2.75,5.52,55,1,0.0,1,2426.0,0.79,Severe
03-01-2026 07:00,Odisha,Balasore,26.65,4.9,5.71,23,0,1.0,3,2145.0,0.42,Severe
03-01-2026 08:00,Assam,Guwahati,31.68,1.29,4.18,35,0,0.0,1,1437.0,-0.09,Low
03-01-2026 09:00,Uttar Pradesh,Prayagraj,22.95,5.8,6.77,34,2,0.0,1,2548.0,0.01,Severe
03-01-2026 10:00,Karnataka,Mysuru,63.19,2.99,6.36,57,0,0.0,1,2413.0,0.05,Moderate
03-01-2026 11:00,Maharashtra,Mumbai,43.07,5.79,5.33,39,1,1.0,3,2883.0,0.17,Severe
03-01-2026 12:00,Tamil Nadu,Tiruppur,47.01,5.91,5.64,39,0,0.0,8,1946.0,0.24,Severe
03-01-2026 13:00,West Bengal,Darjeeling,14.03,7.47,4.1,31,1,2.0,3,1003.0,0.44,Severe
03-01-2026 14:00,Maharashtra,Pune,29.57,2.84,5.49,41,1,0.0,6,1553.0,0.09,Moderate
03-01-2026 15:00,Tamil Nadu,Thanjavur,37.43,4.71,5.28,32,2,1.0,5,1560.0,0.42,Severe
03-01-2026 16:00,Kerala,Kozhikode,7.5,8.7,5.12,28,2,0.0,5,1094.0,0.52,Severe
03-01-2026 17:00,Karnataka,Udupi,42.59,6.82,6.45,38,1,1.0,7,3400.0,-0.14,Severe
03-01-2026 18:00,Uttar Pradesh,Gorakhpur,34.86,8.8,4.55,27,0,1.0,5,3015.0,-0.21,Severe
03-01-2026 19:00,Bihar,Gaya,59.58,8.42,4.53,45,2,0.0,6,3292.0,0.84,Severe
03-01-2026 20:00,Odisha,Cuttack,66.51,5.89,5.57,54,1,0.0,4,2944.0,0.41,Severe
03-01-2026 21:00,Maharashtra,Nagpur,104.02124999999998,3.11,6.06,66,5,2.0,5,4224.0,0.28,Severe
03-01-2026 22:00,Tamil Nadu,Chennai,36.61,7.06,4.07,26,0,0.0,8,3057.0,-0.29,Severe
03-01-2026 23:00,Bihar,Darbhanga,25.02,6.58,5.64,37,0,0.0,6,1603.0,0.7,Severe
04-01-2026 00:00,Maharashtra,Nagpur,12.18,5.71,4.9,27,0,0.0,5,1449.0,0.35,Severe
04-01-2026 01:00,Karnataka,Mysuru,10.31,6.58,6.27,19,1,2.0,4,1618.0,1.02,Severe
04-01-2026 02:00,Uttar Pradesh,Prayagraj,31.36,5.91,5.41,29,2,2.0,4,2577.0,0.44,Severe
04-01-2026 03:00,Gujarat,Rajkot,9.43,5.16,6.5,19,0,0.0,6,1363.0,0.23,Moderate
04-01-2026 04:00,Maharashtra,Pune,11.09,4.33,5.19,21,0,0.0,5,1579.0,0.07,Moderate
04-01-2026 05:00,Maharashtra,Mumbai,32.18,1.36,6.48,42,2,0.0,5,1425.0,1.06,Moderate
04-01-2026 06:00,Uttar Pradesh,Kanpur,23.55,7.93,6.15,25,1,0.0,2,2717.0,0.8,Severe
04-01-2026 07:00,Kerala,Alappuzha,15.1,7.92,6.48,35,2,2.5,2,2420.0,0.45,Severe
04-01-2026 08:00,Assam,Dibrugarh,24.85,5.75,6.44,34,2,2.5,4,1736.0,0.77,Severe
04-01-2026 09:00,Maharashtra,Nashik,55.54,3.14,5.46,42,0,1.0,5,1946.0,0.5,Severe
04-01-2026 10:00,Uttar Pradesh,Varanasi,43.16,1.23,5.1,45,0,0.0,0,1279.0,-0.47,Low
04-01-2026 11:00,Assam,Guwahati,64.75,1.01,6.3,47,0,0.0,6,3083.0,0.77,Moderate
04-01-2026 12:00,Uttar Pradesh,Lucknow,28.29,1.58,5.08,31,3,0.0,8,2736.0,0.67,Severe
04-01-2026 13:00,Uttar Pradesh,Prayagraj,22.95,3.88,4.27,42,0,0.0,3,2214.0,-0.14,Moderate
04-01-2026 14:00,Kerala,Alappuzha,35.94,2.51,6.58,36,0,0.0,1,920.0,0.61,Moderate
04-01-2026 15:00,Uttar Pradesh,Gorakhpur,11.3,3.12,5.19,34,0,2.0,8,900.0,-0.03,Moderate
04-01-2026 16:00,Karnataka,Udupi,26.62,6.6,4.4,40,0,0.0,7,1742.0,0.16,Severe
04-01-2026 17:00,Maharashtra,Nashik,24.49,8.67,5.94,29,0,0.0,8,2259.0,0.42,Severe
04-01-2026 18:00,Tamil Nadu,Coimbatore,104.02124999999998,2.65,6.67,66,5,0.0,3,3710.0,0.39,Severe
04-01-2026 19:00,Tamil Nadu,Tiruppur,73.14,4.73,6.58,42,3,0.0,2,2487.0,0.31,Severe
04-01-2026 20:00,Tamil Nadu,Coimbatore,50.85,8.93,5.66,50,0,2.0,6,3933.0,-0.38,Severe
04-01-2026 21:00,Uttar Pradesh,Lucknow,44.23,8.45,4.26,43,3,0.0,6,3175.0,0.37,Severe
04-01-2026 22:00,Bihar,Darbhanga,91.21,3.82,6.09,58,2,2.0,3,3381.0,1.1,Severe
04-01-2026 23:00,Assam,Barpeta,43.97,3.56,5.83,46,2,0.0,2,1921.0,0.47,Severe
05-01-2026 00:00,Assam,Guwahati,17.37,2.94,4.63,21,2,0.0,5,1176.0,0.27,Moderate
05-01-2026 01:00,Uttar Pradesh,Varanasi,16.26,2.24,6.7,34,1,1.0,5,1501.0,0.66,Moderate
05-01-2026 02:00,Karnataka,Mangaluru,56.53,4.68,4.26,47,1,1.0,4,2665.0,0.42,Severe
05-01-2026 03:00,Karnataka,Bengaluru,49.77,3.73,5.12,50,3,1.0,2,1880.0,0.16,Severe
05-01-2026 04:00,Odisha,Kendrapara,43.81,6.96,4.28,64,4,0.0,2,3070.0,0.76,Severe
05-01-2026 05:00,Uttar Pradesh,Kanpur,66.7,2.89,6.74,44,1,1.0,2,2270.0,0.47,Severe
05-01-2026 06:00,West Bengal,Howrah,64.27,6.89,4.11,56,3,2.0,5,3677.0,0.53,Severe
05-01-2026 07:00,Kerala,Alappuzha,6.11,3.31,5.28,32,0,1.0,2,548.0,0.26,Moderate
05-01-2026 08:00,Tamil Nadu,Thanjavur,28.85,5.74,6.59,26,1,2.0,5,1630.0,0.31,Severe
05-01-2026 09:00,Kerala,Kochi,47.06,6.11,4.75,45,1,0.0,4,3061.0,0.71,Severe
05-01-2026 10:00,Tamil Nadu,Coimbatore,77.93,6.37,4.32,57,3,0.0,3,3077.0,0.12,Severe
05-01-2026 11:00,Gujarat,Ahmedabad,52.16,2.4,4.38,44,1,0.0,3,2811.0,1.39,Severe
05-01-2026 12:00,Gujarat,Bharuch,57.03,3.26,5.21,57,1,1.0,3,2715.0,0.08,Severe
05-01-2026 13:00,Uttar Pradesh,Lucknow,12.86,2.97,5.29,26,1,1.0,2,1854.0,0.08,Moderate
05-01-2026 14:00,Gujarat,Vadodara,8.62,5.61,6.15,21,2,0.0,6,1490.0,0.82,Severe
05-01-2026 15:00,Bihar,Muzaffarpur,42.46,1.61,4.71,42,0,1.0,7,1263.0,0.34,Moderate
05-01-2026 16:00,Odisha,Bhubaneswar,22.66,5.15,6.11,35,0,0.0,5,1347.0,0.62,Severe
05-01-2026 17:00,Karnataka,Bengaluru,47.88,1.7,7.0,38,2,0.0,2,2461.0,1.03,Moderate
05-01-2026 18:00,Bihar,Patna,19.37,3.7,6.59,46,2,1.0,3,1269.0,0.53,Severe
05-01-2026 19:00,Kerala,Kochi,22.17,6.49,5.91,29,1,1.0,5,2078.0,0.5,Severe
05-01-2026 20:00,Kerala,Thrissur,55.94,4.3,6.82,44,2,0.0,3,1999.0,0.1,Severe
05-01-2026 21:00,Gujarat,Bharuch,33.57,3.24,6.97,38,0,0.0,1,2145.0,-0.03,Moderate
05-01-2026 22:00,Karnataka,Udupi,18.51,5.93,5.71,31,0,0.0,3,1065.0,-0.34,Severe
05-01-2026 23:00,Odisha,Kendrapara,30.04,6.92,4.82,23,2,2.0,2,2926.0,0.03,Severe
06-01-2026 00:00,Tamil Nadu,Coimbatore,50.73,3.04,6.74,43,1,0.0,0,1575.0,0.14,Moderate
06-01-2026 01:00,Bihar,Darbhanga,31.58,3.4,6.53,29,2,1.0,4,1291.0,0.02,Moderate
06-01-2026 02:00,Odisha,Cuttack,46.74,6.12,4.25,48,2,0.0,3,2522.0,0.24,Severe
06-01-2026 03:00,Maharashtra,Nashik,27.13,8.72,6.81,40,0,1.0,3,3607.0,0.14,Severe
06-01-2026 04:00,Assam,Dhemaji,73.73,2.71,5.1,56,3,0.0,5,2531.0,0.73,Severe
06-01-2026 05:00,Gujarat,Vadodara,29.57,6.23,4.97,41,1,1.0,4,1957.0,-0.24,Severe
06-01-2026 06:00,Tamil Nadu,Thanjavur,21.5,8.25,5.03,18,2,1.0,3,2117.0,0.8,Severe
06-01-2026 07:00,Maharashtra,Nashik,86.15,4.7,4.96,48,3,1.0,5,4189.0,0.66,Severe
06-01-2026 08:00,Tamil Nadu,Madurai,33.74,3.53,5.55,34,1,0.0,8,2779.0,-0.07,Severe
06-01-2026 09:00,Tamil Nadu,Tiruppur,46.24,6.33,5.74,42,0,1.0,7,3013.0,-0.22,Severe
06-01-2026 10:00,Gujarat,Surat,21.31,1.25,5.28,37,1,2.0,3,1637.0,0.6,Moderate
06-01-2026 11:00,Tamil Nadu,Chennai,45.25,3.88,5.24,49,2,2.5,5,1940.0,0.6,Severe
06-01-2026 12:00,Odisha,Puri,50.56,3.06,6.21,42,0,1.0,5,1752.0,-0.01,Moderate
06-01-2026 13:00,Odisha,Bhubaneswar,17.41,2.8,4.01,30,1,0.0,5,1990.0,-0.25,Moderate
06-01-2026 14:00,Maharashtra,Kolhapur,59.14,2.44,6.84,44,3,1.0,4,2707.0,0.17,Severe
06-01-2026 15:00,Kerala,Kozhikode,30.92,6.9,6.14,23,1,0.0,6,2350.0,-0.865,Severe
06-01-2026 16:00,Karnataka,Mysuru,59.12,8.64,6.12,46,2,0.0,1,3181.0,0.6,Severe
06-01-2026 17:00,Bihar,Gaya,19.0,4.08,5.27,30,3,0.0,3,1544.0,0.07,Moderate
06-01-2026 18:00,Bihar,Bhagalpur,22.31,1.39,6.9,38,0,0.0,3,1559.0,0.44,Moderate
06-01-2026 19:00,West Bengal,Murshidabad,37.62,6.75,4.0,34,2,0.0,3,3309.0,1.16,Severe
06-01-2026 20:00,Gujarat,Rajkot,16.23,5.31,4.23,35,2,1.0,4,1672.0,0.17,Severe
06-01-2026 21:00,Uttar Pradesh,Varanasi,38.52,6.79,6.41,32,1,1.0,2,1634.0,0.65,Severe
06-01-2026 22:00,Uttar Pradesh,Gorakhpur,42.8,6.18,6.22,38,1,0.0,1,2857.0,0.23,Severe
06-01-2026 23:00,Maharashtra,Kolhapur,37.57,8.24,4.81,50,4,2.0,8,3231.0,0.15,Severe
07-01-2026 00:00,Tamil Nadu,Tiruppur,35.81,2.12,5.78,33,1,2.5,3,2853.0,1.04,Severe
07-01-2026 01:00,Tamil Nadu,Madurai,13.58,2.35,5.6,25,1,0.0,3,1380.0,0.1,Moderate
07-01-2026 02:00,Gujarat,Surat,9.83,3.73,5.58,31,1,2.0,1,1019.0,0.6,Severe
07-01-2026 03:00,Assam,Guwahati,32.34,4.93,5.79,40,0,1.0,2,1731.0,0.49,Severe
07-01-2026 04:00,Kerala,Kochi,6.69,8.41,6.98,27,0,0.0,4,2006.0,0.54,Severe
07-01-2026 05:00,West Bengal,Howrah,5.61,8.26,6.96,27,1,0.0,6,1378.0,0.63,Severe
07-01-2026 06:00,Odisha,Kendrapara,22.08,7.97,6.95,25,1,0.0,3,2345.0,0.58,Severe
07-01-2026 07:00,Tamil Nadu,Coimbatore,15.96,2.78,5.65,24,0,1.0,4,1855.0,0.1,Moderate
07-01-2026 08:00,West Bengal,Kolkata,43.87,6.84,4.95,39,3,2.0,5,3606.0,0.16,Severe
07-01-2026 09:00,Bihar,Bhagalpur,32.29,4.07,5.68,32,1,1.0,5,1976.0,0.47,Severe
07-01-2026 10:00,Assam,Dhemaji,42.63,8.45,5.87,37,0,0.0,6,2034.0,-0.48,Severe
07-01-2026 11:00,Odisha,Balasore,58.59,2.72,4.93,52,2,2.0,3,2437.0,0.51,Severe
07-01-2026 12:00,Gujarat,Vadodara,74.39,2.13,5.9,57,4,0.0,3,1941.0,0.09,Severe
07-01-2026 13:00,West Bengal,Murshidabad,54.11,7.74,5.87,44,1,0.0,3,3312.0,0.82,Severe
07-01-2026 14:00,Maharashtra,Mumbai,36.93,6.74,6.71,35,0,0.0,4,3101.0,-0.53,Severe
07-01-2026 15:00,Odisha,Bhubaneswar,14.89,7.57,4.71,29,3,1.0,4,2532.0,0.56,Severe
07-01-2026 16:00,Gujarat,Vadodara,70.22,2.26,6.09,46,0,2.5,6,2061.0,0.47,Severe
07-01-2026 17:00,Uttar Pradesh,Gorakhpur,12.46,8.08,5.35,33,0,1.0,4,1399.0,0.42,Severe
07-01-2026 18:00,Gujarat,Rajkot,59.59,6.42,4.39,38,2,2.0,6,2594.0,0.94,Severe
07-01-2026 19:00,Gujarat,Rajkot,79.54,6.21,4.95,59,2,0.0,5,3397.0,0.36,Severe
07-01-2026 20:00,Odisha,Cuttack,44.5,5.66,4.17,37,2,0.0,5,1363.0,0.46,Severe
07-01-2026 21:00,Assam,Jorhat,15.25,7.12,4.96,25,2,1.0,1,1994.0,-0.2,Severe
07-01-2026 22:00,Odisha,Kendrapara,23.34,4.32,4.21,26,2,0.0,3,1363.0,0.41,Severe
07-01-2026 23:00,Karnataka,Mangaluru,39.34,2.06,6.78,40,1,0.0,1,1517.0,0.23,Moderate
08-01-2026 00:00,Kerala,Kozhikode,18.32,5.31,4.31,27,3,1.0,6,1230.0,0.23,Severe
08-01-2026 01:00,Assam,Dhemaji,36.55,6.98,6.45,36,0,1.0,2,1462.0,-0.37,Severe
08-01-2026 02:00,Maharashtra,Mumbai,44.01,2.23,6.72,22,1,1.0,5,2141.0,1.13,Severe
08-01-2026 03:00,Assam,Guwahati,46.97,2.79,5.4,44,2,0.0,3,2854.0,-0.08,Moderate
08-01-2026 04:00,Bihar,Darbhanga,23.09,6.57,4.16,32,0,0.0,5,1695.0,0.22,Severe
08-01-2026 05:00,Maharashtra,Nashik,33.64,3.16,5.79,44,1,0.0,5,1834.0,-0.32,Moderate
08-01-2026 06:00,Uttar Pradesh,Prayagraj,38.08,2.36,4.7,26,0,0.0,2,1980.0,-0.3,Moderate
08-01-2026 07:00,Odisha,Bhubaneswar,8.21,8.12,4.53,20,1,0.0,6,1907.0,-0.29,Severe
08-01-2026 08:00,Gujarat,Ahmedabad,22.44,2.29,5.7,31,1,0.0,3,2016.0,1.05,Moderate
08-01-2026 09:00,Odisha,Balasore,35.19,3.75,5.07,37,1,2.0,4,2230.0,-0.37,Severe
08-01-2026 10:00,Bihar,Darbhanga,43.65,4.43,6.19,43,2,0.0,6,3324.0,0.09,Severe
08-01-2026 11:00,West Bengal,Malda,84.2,4.81,5.77,50,5,2.0,6,3429.0,0.17,Severe
08-01-2026 12:00,Bihar,Muzaffarpur,41.24,3.89,6.49,50,1,0.0,3,2359.0,0.02,Severe
08-01-2026 13:00,Karnataka,Mangaluru,11.98,8.3,4.18,26,0,0.0,6,1989.0,-0.04,Severe
08-01-2026 14:00,Gujarat,Ahmedabad,17.22,6.27,4.7,26,1,1.0,3,2352.0,0.16,Severe
08-01-2026 15:00,Gujarat,Bharuch,61.81,3.88,5.7,57,1,2.0,1,2840.0,-0.21,Severe
08-01-2026 16:00,Tamil Nadu,Coimbatore,104.02124999999998,3.86,6.64,58,2,1.0,4,3656.0,0.77,Severe
08-01-2026 17:00,West Bengal,Murshidabad,14.51,5.02,6.44,31,1,2.0,1,1686.0,1.05,Severe
08-01-2026 18:00,Tamil Nadu,Coimbatore,21.85,1.27,6.04,34,2,1.0,5,1849.0,0.91,Moderate
08-01-2026 19:00,Uttar Pradesh,Kanpur,104.02124999999998,8.41,5.72,61,4,2.5,8,3650.0,-0.52,Severe
08-01-2026 20:00,Kerala,Alappuzha,91.08,2.79,5.89,57,1,0.0,8,2680.0,-0.55,Severe
08-01-2026 21:00,Kerala,Alappuzha,49.87,6.58,4.64,45,3,0.0,3,2693.0,-0.36,Severe
08-01-2026 22:00,Odisha,Balasore,22.18,7.22,5.79,33,1,1.0,2,2651.0,0.59,Severe
08-01-2026 23:00,Kerala,Thrissur,13.97,7.62,5.48,34,3,0.0,4,1500.0,0.12,Severe
09-01-2026 00:00,Gujarat,Rajkot,20.9,2.33,5.15,38,0,0.0,3,1331.0,1.43,Moderate
09-01-2026 01:00,Bihar,Patna,25.41,5.29,6.66,28,1,2.0,5,1596.0,0.36,Severe
09-01-2026 02:00,West Bengal,Kolkata,26.32,1.67,6.49,32,2,1.0,3,2594.0,0.83,Moderate
09-01-2026 03:00,Odisha,Cuttack,8.11,7.44,4.23,23,0,0.0,5,1988.0,0.84,Severe
09-01-2026 04:00,Odisha,Balasore,16.34,4.89,6.96,36,1,0.0,6,1457.0,-0.1,Severe
09-01-2026 05:00,West Bengal,Darjeeling,35.94,2.27,4.69,31,0,1.0,7,2051.0,-0.03,Moderate
09-01-2026 06:00,Gujarat,Rajkot,21.56,6.75,4.65,42,2,0.0,2,2123.0,1.05,Severe
09-01-2026 07:00,Uttar Pradesh,Gorakhpur,11.62,3.65,6.83,30,1,1.0,5,2500.0,-0.42,Moderate
09-01-2026 08:00,Uttar Pradesh,Prayagraj,14.95,1.92,5.33,26,1,1.0,4,1217.0,0.28,Moderate
09-01-2026 09:00,Odisha,Puri,28.56,4.69,6.42,34,2,2.0,3,2122.0,0.66,Severe
09-01-2026 10:00,Uttar Pradesh,Prayagraj,9.62,2.88,4.86,36,0,0.0,4,101.0,0.56,Moderate
09-01-2026 11:00,Gujarat,Bharuch,76.2,8.6,6.62,45,1,1.0,2,3330.0,0.17,Severe
09-01-2026 12:00,Karnataka,Kodagu,10.19,3.89,6.5,23,0,0.0,6,1196.0,0.15,Moderate
09-01-2026 13:00,Karnataka,Mangaluru,52.55,5.58,5.56,36,1,0.0,1,2534.0,-0.22,Severe
09-01-2026 14:00,Tamil Nadu,Madurai,103.03,8.59,6.12,61,5,2.0,5,4058.0,-0.06,Severe
09-01-2026 15:00,Assam,Dibrugarh,11.23,4.15,6.89,30,0,1.0,6,1664.0,1.08,Severe
09-01-2026 16:00,Maharashtra,Nashik,13.46,3.87,5.36,30,2,0.0,8,1055.0,0.44,Severe
09-01-2026 17:00,Kerala,Alappuzha,28.91,2.3,5.48,30,0,0.0,1,1221.0,0.07,Low
09-01-2026 18:00,Uttar Pradesh,Gorakhpur,23.45,8.51,6.17,31,1,0.0,4,2329.0,0.63,Severe
09-01-2026 19:00,Karnataka,Bengaluru,63.08,7.41,5.16,53,4,1.0,3,3514.0,0.14,Severe
09-01-2026 20:00,Bihar,Darbhanga,27.46,2.77,6.88,41,1,0.0,7,1037.0,-0.14,Moderate
09-01-2026 21:00,West Bengal,Murshidabad,16.09,3.66,4.12,31,0,1.0,4,1707.0,0.09,Moderate
09-01-2026 22:00,Assam,Dhemaji,54.81,8.32,5.21,50,0,0.0,5,3344.0,-0.29,Severe
09-01-2026 23:00,Tamil Nadu,Tiruppur,25.5,5.3,6.14,35,1,0.0,3,2176.0,1.07,Severe
10-01-2026 00:00,Maharashtra,Pune,15.75,5.45,5.29,42,2,0.0,0,1285.0,0.63,Severe
10-01-2026 01:00,Karnataka,Mangaluru,18.0,6.19,4.78,26,0,0.0,4,1651.0,0.63,Severe
10-01-2026 02:00,Tamil Nadu,Chennai,10.86,7.1,5.24,30,2,1.0,4,1791.0,0.11,Severe
10-01-2026 03:00,Assam,Dhemaji,4.43,8.51,6.64,34,1,0.0,4,1946.0,0.32,Severe
10-01-2026 04:00,West Bengal,Darjeeling,11.85,7.42,5.64,31,1,1.0,3,1845.0,0.13,Severe
10-01-2026 05:00,Kerala,Kochi,27.96,8.48,5.01,43,1,0.0,8,2625.0,-0.29,Severe
10-01-2026 06:00,Karnataka,Mysuru,25.04,7.56,6.01,26,1,1.0,3,2301.0,0.76,Severe
10-01-2026 07:00,West Bengal,Kolkata,8.81,1.37,5.84,31,1,1.0,7,317.0,0.71,Moderate
10-01-2026 08:00,Maharashtra,Nashik,16.36,1.94,5.68,31,1,1.0,8,1282.0,0.53,Moderate
10-01-2026 09:00,Uttar Pradesh,Kanpur,49.91,8.08,5.17,46,1,1.0,6,2660.0,0.36,Severe
10-01-2026 10:00,Assam,Jorhat,47.13,1.22,4.22,46,2,2.0,4,2387.0,-0.05,Moderate
10-01-2026 11:00,Maharashtra,Nagpur,34.42,7.35,5.86,36,1,1.0,4,2202.0,0.5,Severe
10-01-2026 12:00,Kerala,Thrissur,12.89,7.8,5.26,22,1,2.0,4,1337.0,-0.09,Severe
10-01-2026 13:00,West Bengal,Kolkata,62.68,4.32,5.29,37,1,0.0,5,2376.0,-0.03,Severe
10-01-2026 14:00,Gujarat,Bharuch,29.05,3.84,4.7,29,2,0.0,5,2204.0,-0.08,Moderate
10-01-2026 15:00,Kerala,Thrissur,17.89,2.56,4.75,27,0,1.0,4,2286.0,0.06,Moderate
10-01-2026 16:00,Odisha,Cuttack,13.33,1.39,6.36,27,1,1.0,6,1221.0,0.01,Moderate
10-01-2026 17:00,Karnataka,Mysuru,53.12,6.96,5.44,49,2,2.0,2,3358.0,0.68,Severe
10-01-2026 18:00,Uttar Pradesh,Prayagraj,1.46,1.59,4.33,34,1,0.0,5,86.0,-0.11,Low
10-01-2026 19:00,Assam,Jorhat,39.98,8.56,4.14,37,1,0.0,2,2813.0,0.34,Severe
10-01-2026 20:00,Bihar,Gaya,22.52,3.37,4.67,34,0,0.0,5,1876.0,0.62,Moderate
10-01-2026 21:00,West Bengal,Kolkata,68.24,7.35,5.46,40,2,2.0,3,3540.0,0.9,Severe
10-01-2026 22:00,Gujarat,Surat,104.02124999999998,1.48,5.85,66,5,2.0,2,3320.0,0.52,Severe
10-01-2026 23:00,Bihar,Bhagalpur,18.01,5.29,4.43,32,0,1.0,7,1445.0,-0.51,Severe
11-01-2026 00:00,Karnataka,Kodagu,63.29,3.79,5.3,50,0,1.0,5,2011.0,0.25,Severe
11-01-2026 01:00,Karnataka,Udupi,41.35,1.24,4.22,32,1,1.0,3,1714.0,0.67,Moderate
11-01-2026 02:00,Assam,Barpeta,38.31,6.25,4.11,42,0,0.0,3,1928.0,-0.09,Severe
11-01-2026 03:00,Gujarat,Rajkot,8.98,8.55,6.59,34,2,0.0,6,2304.0,0.95,Severe
11-01-2026 04:00,Karnataka,Udupi,21.11,1.09,5.98,34,2,0.0,2,232.0,0.94,Moderate
11-01-2026 05:00,Bihar,Gaya,61.58,3.16,6.34,40,1,2.0,0,2632.0,0.58,Severe
11-01-2026 06:00,Gujarat,Ahmedabad,73.88,6.63,4.55,55,2,1.0,7,2208.0,0.78,Severe
11-01-2026 07:00,Bihar,Muzaffarpur,89.74,7.97,4.97,56,2,1.0,6,4532.0,0.89,Severe
11-01-2026 08:00,Kerala,Kochi,21.19,2.53,5.33,38,0,2.0,5,1157.0,0.38,Moderate
11-01-2026 09:00,Maharashtra,Nashik,46.16,1.57,5.97,44,1,2.5,5,1812.0,0.75,Severe
11-01-2026 10:00,Gujarat,Rajkot,21.94,1.07,5.6,23,1,1.0,5,1070.0,-0.17,Moderate
11-01-2026 11:00,Tamil Nadu,Tiruppur,36.13,2.72,5.65,37,0,1.0,3,3179.0,0.68,Severe
11-01-2026 12:00,Maharashtra,Pune,45.69,1.57,4.47,30,2,0.0,3,1709.0,0.53,Moderate
11-01-2026 13:00,Maharashtra,Kolhapur,22.63,3.88,5.42,28,0,0.0,8,1917.0,1.47,Severe
11-01-2026 14:00,Gujarat,Vadodara,48.27,4.52,6.47,38,3,1.0,2,2736.0,0.18,Severe
11-01-2026 15:00,Uttar Pradesh,Prayagraj,27.91,4.84,5.53,37,0,2.5,5,1537.0,0.92,Severe
11-01-2026 16:00,Karnataka,Mysuru,31.25,2.14,4.6,42,0,0.0,3,2346.0,0.78,Moderate
11-01-2026 17:00,Kerala,Kochi,9.12,4.71,5.24,31,0,1.0,3,385.0,0.3,Moderate
11-01-2026 18:00,Uttar Pradesh,Varanasi,20.25,1.07,6.26,35,0,1.0,5,977.0,-0.47,Low
11-01-2026 19:00,Uttar Pradesh,Kanpur,20.54,2.92,4.4,35,1,0.0,7,1386.0,0.17,Moderate
11-01-2026 20:00,Tamil Nadu,Coimbatore,104.02124999999998,3.95,5.74,66,4,2.0,2,4267.0,0.3,Severe
11-01-2026 21:00,West Bengal,Darjeeling,16.98,1.95,6.9,27,0,0.0,1,919.0,0.78,Moderate
11-01-2026 22:00,Gujarat,Ahmedabad,30.81,7.51,5.14,34,0,0.0,2,1875.0,0.48,Severe
11-01-2026 23:00,Bihar,Gaya,17.28,2.61,4.13,36,1,0.0,3,1447.0,0.37,Moderate
12-01-2026 00:00,Karnataka,Udupi,27.97,7.04,5.9,33,2,0.0,3,2020.0,0.72,Severe
12-01-2026 01:00,Uttar Pradesh,Lucknow,35.65,4.79,4.14,42,1,0.0,3,2101.0,0.7,Severe
12-01-2026 02:00,Kerala,Alappuzha,14.48,4.84,4.57,36,0,0.0,4,1959.0,0.79,Severe
12-01-2026 03:00,West Bengal,Murshidabad,58.81,6.16,4.15,42,0,0.0,4,2046.0,-0.03,Severe
12-01-2026 04:00,Tamil Nadu,Tiruppur,15.11,1.35,4.51,40,1,0.0,4,1218.0,0.79,Moderate
12-01-2026 05:00,Odisha,Puri,7.95,1.63,6.56,28,1,1.0,5,917.0,0.94,Moderate
12-01-2026 06:00,Karnataka,Mangaluru,33.53,3.61,6.2,43,3,0.0,3,1696.0,1.55,Severe
12-01-2026 07:00,Odisha,Bhubaneswar,104.02124999999998,4.33,5.03,66,1,1.0,3,3858.0,0.57,Severe
12-01-2026 08:00,Maharashtra,Pune,5.72,4.44,6.69,28,0,1.0,4,1244.0,0.84,Severe
12-01-2026 09:00,Uttar Pradesh,Gorakhpur,10.35,6.42,6.0,31,1,0.0,4,2058.0,0.56,Severe
12-01-2026 10:00,Assam,Guwahati,55.71,1.01,5.34,43,2,1.0,7,2463.0,0.63,Severe
12-01-2026 11:00,Karnataka,Udupi,16.93,8.67,4.2,35,3,1.0,1,2354.0,0.84,Severe
12-01-2026 12:00,Bihar,Patna,37.21,2.4,6.19,37,1,0.0,5,1431.0,-0.38,Moderate
12-01-2026 13:00,West Bengal,Kolkata,65.59,2.99,5.13,47,3,1.0,6,2518.0,0.48,Severe
12-01-2026 14:00,Kerala,Kochi,53.24,8.25,4.91,46,0,1.0,1,2083.0,0.5,Severe
12-01-2026 15:00,Karnataka,Udupi,35.42,1.04,4.86,38,1,1.0,4,1828.0,0.08,Moderate
12-01-2026 16:00,Bihar,Muzaffarpur,35.89,8.93,4.02,39,2,2.0,3,2841.0,-0.34,Severe
12-01-2026 17:00,Gujarat,Ahmedabad,35.35,1.29,6.23,44,0,1.0,1,1647.0,0.14,Moderate
12-01-2026 18:00,Odisha,Puri,39.89,1.96,4.44,43,0,0.0,4,1530.0,0.49,Moderate
12-01-2026 19:00,Gujarat,Surat,76.39,2.92,5.56,43,2,0.0,2,3676.0,0.25,Severe
12-01-2026 20:00,West Bengal,Darjeeling,12.44,4.51,4.05,31,1,0.0,8,2299.0,0.48,Severe
12-01-2026 21:00,Tamil Nadu,Madurai,10.92,5.15,5.88,22,1,1.0,1,2022.0,-0.07,Moderate
12-01-2026 22:00,Uttar Pradesh,Gorakhpur,48.33,1.84,5.11,27,2,0.0,2,1501.0,0.42,Moderate
12-01-2026 23:00,Karnataka,Kodagu,18.98,1.59,5.89,33,0,1.0,4,982.0,0.5,Moderate
13-01-2026 00:00,Assam,Dhemaji,87.2,1.25,4.27,51,2,1.0,1,3282.0,-0.22,Severe
13-01-2026 01:00,Odisha,Kendrapara,38.26,3.05,4.8,37,0,1.0,7,1829.0,-0.27,Moderate
13-01-2026 02:00,Odisha,Puri,93.93,8.37,4.33,59,3,0.0,6,4592.375,0.71,Severe
13-01-2026 03:00,Karnataka,Bengaluru,52.47,4.12,5.94,41,1,0.0,8,1683.0,0.41,Severe
13-01-2026 04:00,Maharashtra,Kolhapur,26.01,7.11,4.33,30,1,2.0,4,1291.0,-0.11,Severe
13-01-2026 05:00,Gujarat,Ahmedabad,32.81,2.52,5.85,35,2,2.0,5,2504.0,0.16,Severe
13-01-2026 06:00,Odisha,Bhubaneswar,62.5,1.52,4.4,42,2,1.0,8,3052.0,0.56,Severe
13-01-2026 07:00,Bihar,Patna,8.35,5.43,6.83,34,3,0.0,4,1264.0,-0.06,Severe
13-01-2026 08:00,Kerala,Thrissur,65.04,7.58,5.25,36,3,0.0,3,3841.0,1.04,Severe
13-01-2026 09:00,Uttar Pradesh,Varanasi,31.21,8.19,4.38,30,3,1.0,3,2930.0,0.6,Severe
13-01-2026 10:00,Odisha,Balasore,27.76,5.37,4.13,32,0,1.0,5,2204.0,0.72,Severe
13-01-2026 11:00,Bihar,Darbhanga,104.02124999999998,3.35,4.99,58,3,2.0,7,4547.0,0.43,Severe
13-01-2026 12:00,West Bengal,Darjeeling,76.88,1.88,6.67,51,3,0.0,5,2220.0,0.62,Severe
13-01-2026 13:00,West Bengal,Murshidabad,16.41,6.34,4.43,34,1,2.0,1,1445.0,1.3,Severe
13-01-2026 14:00,Uttar Pradesh,Lucknow,40.62,3.24,6.37,30,0,0.0,4,1934.0,0.15,Moderate
13-01-2026 15:00,Maharashtra,Pune,14.48,7.75,5.25,25,1,1.0,2,2427.0,0.18,Severe
13-01-2026 16:00,Assam,Dibrugarh,45.8,5.84,6.41,44,2,0.0,6,2764.0,1.3,Severe
13-01-2026 17:00,Uttar Pradesh,Lucknow,104.02124999999998,7.87,6.62,53,2,0.0,1,4305.0,0.94,Severe
13-01-2026 18:00,Tamil Nadu,Thanjavur,86.65,5.53,6.99,50,2,0.0,1,3333.0,0.27,Severe
13-01-2026 19:00,Maharashtra,Mumbai,44.47,7.17,4.2,32,1,0.0,6,2829.0,0.0,Severe
13-01-2026 20:00,Odisha,Puri,41.02,3.35,6.39,51,1,1.0,2,2413.0,0.16,Severe
13-01-2026 21:00,Uttar Pradesh,Prayagraj,29.46,5.02,4.21,37,1,0.0,4,2561.0,1.27,Severe
13-01-2026 22:00,Gujarat,Surat,104.02124999999998,1.16,4.94,66,5,2.0,2,2728.0,0.39,Severe
13-01-2026 23:00,West Bengal,Kolkata,58.42,5.86,5.94,45,3,2.5,6,2379.0,0.82,Severe
14-01-2026 00:00,Bihar,Muzaffarpur,23.61,5.27,5.34,27,2,0.0,3,1652.0,0.46,Severe
14-01-2026 01:00,Uttar Pradesh,Varanasi,35.71,7.04,5.7,40,0,0.0,0,3043.0,0.49,Severe
14-01-2026 02:00,Gujarat,Rajkot,37.0,6.83,6.9,44,3,0.0,2,2367.0,0.62,Severe
14-01-2026 03:00,Maharashtra,Nashik,17.24,6.02,6.46,31,0,1.0,2,783.0,0.3,Severe
14-01-2026 04:00,Tamil Nadu,Chennai,37.16,1.45,5.09,34,0,0.0,8,1805.0,0.24,Moderate
14-01-2026 05:00,Bihar,Patna,48.3,8.22,5.8,49,1,2.5,3,2565.0,1.06,Severe
14-01-2026 06:00,Kerala,Kottayam,15.01,1.14,4.15,21,2,0.0,5,713.0,0.25,Low
14-01-2026 07:00,Tamil Nadu,Chennai,66.82,7.43,5.36,45,3,2.0,8,2537.0,0.59,Severe
14-01-2026 08:00,Odisha,Balasore,19.73,4.83,5.83,32,1,0.0,4,1571.0,0.83,Severe
14-01-2026 09:00,Gujarat,Ahmedabad,23.86,7.54,6.14,32,2,0.0,4,1825.0,0.61,Severe
14-01-2026 10:00,Uttar Pradesh,Kanpur,19.27,4.72,6.7,42,2,0.0,1,867.0,0.69,Severe
14-01-2026 11:00,Uttar Pradesh,Lucknow,16.41,6.18,4.85,21,0,0.0,7,2397.0,-0.38,Severe
14-01-2026 12:00,Karnataka,Bengaluru,74.58,3.91,6.71,49,2,1.0,5,2939.0,0.46,Severe
14-01-2026 13:00,West Bengal,Darjeeling,83.33,6.95,5.98,66,2,2.0,4,3708.0,0.93,Severe
14-01-2026 14:00,Odisha,Puri,21.15,3.03,4.23,31,0,1.0,2,684.0,1.37,Moderate
14-01-2026 15:00,Gujarat,Surat,69.23,6.75,5.14,51,0,1.0,3,2961.0,0.88,Severe
14-01-2026 16:00,Uttar Pradesh,Varanasi,9.23,2.55,5.43,21,1,0.0,5,1352.0,0.47,Moderate
14-01-2026 17:00,Kerala,Kozhikode,26.69,6.78,5.06,28,0,0.0,6,1101.0,0.62,Severe
14-01-2026 18:00,Bihar,Patna,11.85,3.35,4.35,22,1,1.0,2,1445.0,0.68,Moderate
14-01-2026 19:00,Odisha,Balasore,104.02124999999998,3.23,5.65,57,5,2.5,2,4212.0,-0.57,Severe
14-01-2026 20:00,Maharashtra,Mumbai,76.15,7.49,4.4,48,4,2.5,5,3717.0,-0.17,Severe
14-01-2026 21:00,Kerala,Alappuzha,7.25,7.51,6.75,22,1,1.0,4,1958.0,0.41,Severe
14-01-2026 22:00,Bihar,Gaya,17.35,6.53,6.6,39,2,0.0,5,1729.0,0.32,Severe
14-01-2026 23:00,Assam,Guwahati,27.28,8.39,5.43,33,2,0.0,2,1982.0,0.18,Severe
15-01-2026 00:00,West Bengal,Kolkata,31.72,2.25,4.2,32,2,1.0,4,638.0,0.52,Moderate
15-01-2026 01:00,Odisha,Kendrapara,10.96,3.15,5.66,42,1,1.0,1,1958.0,0.58,Moderate
15-01-2026 02:00,Gujarat,Ahmedabad,54.92,3.35,5.78,45,3,1.0,5,2479.0,-0.34,Severe
15-01-2026 03:00,Tamil Nadu,Chennai,69.08,3.44,6.67,52,3,0.0,8,2058.0,-0.27,Severe
15-01-2026 04:00,Bihar,Gaya,42.29,3.62,4.2,43,2,0.0,1,2051.0,0.16,Moderate
15-01-2026 05:00,Maharashtra,Mumbai,40.22,6.58,6.08,44,3,1.0,3,2250.0,0.6,Severe
15-01-2026 06:00,Uttar Pradesh,Prayagraj,19.33,3.17,5.69,30,2,0.0,2,1741.0,0.26,Moderate
15-01-2026 07:00,Tamil Nadu,Chennai,26.2,3.29,4.52,26,1,1.0,1,1516.0,0.11,Moderate
15-01-2026 08:00,Kerala,Thrissur,38.81,5.56,4.37,42,1,0.0,3,1786.0,0.99,Severe
15-01-2026 09:00,West Bengal,Darjeeling,41.8,2.55,6.08,40,1,0.0,7,2538.0,0.65,Severe
15-01-2026 10:00,Gujarat,Surat,33.39,3.92,5.02,30,0,0.0,4,2060.0,0.27,Moderate
15-01-2026 11:00,Tamil Nadu,Tiruppur,65.0,1.46,7.0,46,3,1.0,3,3122.0,1.16,Severe
15-01-2026 12:00,Maharashtra,Kolhapur,47.97,8.62,6.68,36,1,0.0,2,2722.0,0.4,Severe
15-01-2026 13:00,Bihar,Bhagalpur,69.74,3.54,5.7,42,2,0.0,4,3359.0,0.78,Severe
15-01-2026 14:00,Gujarat,Surat,36.22,7.8,5.93,40,0,0.0,8,2373.0,-0.08,Severe
15-01-2026 15:00,Assam,Dhemaji,36.05,5.24,4.48,29,0,1.0,3,1977.0,-0.28,Severe
15-01-2026 16:00,Uttar Pradesh,Lucknow,61.03,2.83,6.68,62,2,0.0,5,2300.0,-0.01,Severe
15-01-2026 17:00,West Bengal,Malda,15.04,2.55,5.38,27,0,0.0,5,1510.0,0.59,Moderate
15-01-2026 18:00,Tamil Nadu,Tiruppur,104.02124999999998,6.56,5.56,66,5,2.0,6,4592.375,0.29,Severe
15-01-2026 19:00,West Bengal,Howrah,19.27,8.72,6.62,34,1,0.0,5,2435.0,0.27,Severe
15-01-2026 20:00,West Bengal,Kolkata,17.63,2.46,4.02,28,2,0.0,1,476.0,0.46,Moderate
15-01-2026 21:00,West Bengal,Howrah,67.14,1.92,5.48,47,2,1.0,3,2066.0,0.42,Severe
15-01-2026 22:00,Bihar,Darbhanga,50.18,4.1,5.88,43,2,1.0,2,3013.0,0.9,Severe
15-01-2026 23:00,West Bengal,Howrah,55.45,4.15,4.48,36,1,1.0,5,3129.0,0.1,Severe
16-01-2026 00:00,Assam,Barpeta,36.87,7.45,4.2,32,0,0.0,2,1919.0,-0.29,Severe
16-01-2026 01:00,Kerala,Kochi,15.71,4.75,5.6,34,1,1.0,0,2007.0,1.09,Severe
16-01-2026 02:00,Maharashtra,Kolhapur,96.01,1.5,5.64,57,1,2.0,4,3076.0,0.14,Severe
16-01-2026 03:00,Gujarat,Surat,65.27,8.37,4.99,55,0,1.0,4,3218.0,0.89,Severe
16-01-2026 04:00,Assam,Guwahati,21.37,3.99,6.65,21,2,1.0,3,1120.0,0.53,Severe
16-01-2026 05:00,Gujarat,Rajkot,61.49,6.35,4.9,42,2,2.0,3,2041.0,1.01,Severe
16-01-2026 06:00,Maharashtra,Kolhapur,22.82,6.34,5.55,29,0,0.0,7,1474.0,0.07,Severe
16-01-2026 07:00,Kerala,Kochi,25.43,1.45,4.56,36,1,0.0,2,1276.0,0.74,Moderate
16-01-2026 08:00,Odisha,Bhubaneswar,27.0,1.03,4.03,45,1,2.0,0,1301.0,0.22,Moderate
16-01-2026 09:00,Gujarat,Vadodara,19.89,1.7,5.28,29,2,0.0,5,1718.0,0.05,Moderate
16-01-2026 10:00,Gujarat,Ahmedabad,36.38,8.65,5.58,39,0,0.0,3,2808.0,1.11,Severe
16-01-2026 11:00,Kerala,Alappuzha,65.62,7.35,6.29,60,0,0.0,1,2745.0,0.01,Severe
16-01-2026 12:00,Tamil Nadu,Thanjavur,46.67,2.06,5.35,33,1,2.0,4,1436.0,-0.01,Moderate
16-01-2026 13:00,Assam,Jorhat,55.13,5.92,4.84,36,3,0.0,4,3318.0,-0.15,Severe
16-01-2026 14:00,Tamil Nadu,Chennai,40.95,5.9,5.81,48,1,0.0,5,2761.0,0.15,Severe
16-01-2026 15:00,Tamil Nadu,Thanjavur,5.31,1.0,5.14,28,1,0.0,1,669.0,0.42,Low
16-01-2026 16:00,Tamil Nadu,Tiruppur,104.02124999999998,4.43,4.7,66,2,1.0,5,4592.375,0.28,Severe
16-01-2026 17:00,West Bengal,Howrah,73.33,6.69,6.73,61,3,0.0,3,3758.0,0.52,Severe
16-01-2026 18:00,Uttar Pradesh,Gorakhpur,42.46,2.49,5.61,40,1,1.0,5,1046.0,-0.36,Moderate
16-01-2026 19:00,Gujarat,Ahmedabad,14.05,7.81,4.6,26,0,0.0,8,1615.0,0.33,Severe
16-01-2026 20:00,Tamil Nadu,Chennai,53.68,6.28,6.01,60,1,0.0,4,2437.0,-0.29,Severe
16-01-2026 21:00,Assam,Dibrugarh,34.36,1.06,6.41,39,0,0.0,4,946.0,0.15,Low
16-01-2026 22:00,Uttar Pradesh,Prayagraj,39.43,7.84,6.28,42,1,0.0,6,2378.0,0.24,Severe
16-01-2026 23:00,Uttar Pradesh,Gorakhpur,64.68,1.16,5.8,42,2,0.0,6,2511.0,0.34,Moderate
17-01-2026 00:00,Tamil Nadu,Coimbatore,45.2,8.1,5.56,43,5,0.0,8,2559.0,0.51,Severe
17-01-2026 01:00,Bihar,Bhagalpur,82.94,3.67,6.33,66,3,1.0,3,3597.0,-0.22,Severe
17-01-2026 02:00,Tamil Nadu,Madurai,24.63,6.59,6.12,37,1,1.0,8,1878.0,0.15,Severe
17-01-2026 03:00,Bihar,Muzaffarpur,8.77,7.3,5.71,20,2,0.0,3,1814.0,1.38,Severe
17-01-2026 04:00,Tamil Nadu,Tiruppur,33.28,3.25,5.97,37,0,1.0,1,1430.0,0.31,Moderate
17-01-2026 05:00,Assam,Guwahati,25.22,3.85,4.51,41,1,0.0,2,1556.0,0.26,Moderate
17-01-2026 06:00,Bihar,Patna,48.87,5.08,4.06,51,1,1.0,2,2242.0,-0.52,Severe
17-01-2026 07:00,West Bengal,Darjeeling,17.59,5.66,6.79,23,4,0.0,5,1684.0,0.43,Severe
17-01-2026 08:00,Uttar Pradesh,Varanasi,24.66,3.34,6.81,37,2,0.0,5,971.0,-0.36,Moderate
17-01-2026 09:00,Tamil Nadu,Chennai,50.2,8.94,6.36,50,2,0.0,4,2229.0,-0.77,Severe
17-01-2026 10:00,Uttar Pradesh,Prayagraj,28.7,6.9,5.12,39,1,0.0,6,1358.0,0.55,Severe
17-01-2026 11:00,Tamil Nadu,Tiruppur,68.01,3.19,4.45,56,5,0.0,0,2976.0,0.55,Severe
17-01-2026 12:00,Gujarat,Ahmedabad,17.89,6.12,5.07,28,0,0.0,4,1608.0,-0.38,Severe
17-01-2026 13:00,Gujarat,Vadodara,13.2,4.48,6.18,30,2,0.0,8,1741.0,-0.28,Severe
17-01-2026 14:00,Karnataka,Udupi,54.15,7.88,5.01,52,2,2.0,5,2730.0,0.0,Severe
17-01-2026 15:00,Tamil Nadu,Madurai,11.39,3.63,6.39,40,2,0.0,8,1191.0,1.22,Severe
17-01-2026 16:00,Karnataka,Udupi,6.35,2.5,6.02,21,2,0.0,4,1395.0,0.48,Moderate
17-01-2026 17:00,Kerala,Thrissur,13.0,1.37,5.89,25,1,0.0,3,1573.0,0.61,Moderate
17-01-2026 18:00,Kerala,Kochi,71.48,8.87,6.79,53,2,0.0,4,3995.0,0.9,Severe
17-01-2026 19:00,Uttar Pradesh,Varanasi,21.85,3.87,6.68,34,1,1.0,5,1342.0,1.04,Severe
17-01-2026 20:00,Bihar,Darbhanga,25.73,2.76,6.13,32,1,0.0,7,481.0,0.42,Moderate
17-01-2026 21:00,Tamil Nadu,Thanjavur,56.86,4.93,4.6,37,2,1.0,5,1866.0,0.56,Severe
17-01-2026 22:00,Maharashtra,Pune,64.75,3.33,6.82,59,1,0.0,2,2695.0,0.36,Severe
17-01-2026 23:00,Tamil Nadu,Coimbatore,57.79,2.86,4.68,36,4,1.0,8,1990.0,-0.54,Severe
18-01-2026 00:00,Tamil Nadu,Madurai,54.04,5.93,5.12,37,1,0.0,3,2083.0,0.48,Severe
18-01-2026 01:00,Maharashtra,Nagpur,20.71,1.6,6.48,32,0,0.0,4,1495.0,0.1,Low
18-01-2026 02:00,Kerala,Kottayam,37.27,5.07,4.63,29,0,0.0,2,3260.0,-0.865,Severe
18-01-2026 03:00,Karnataka,Mysuru,11.28,4.1,5.92,24,3,0.0,8,1357.0,0.0,Severe
18-01-2026 04:00,Uttar Pradesh,Varanasi,26.87,5.26,5.37,33,3,1.0,5,1428.0,0.13,Severe
18-01-2026 05:00,Kerala,Thrissur,7.74,3.56,5.87,30,1,1.0,3,1117.0,0.76,Moderate
18-01-2026 06:00,Maharashtra,Nashik,68.06,5.56,6.87,49,4,1.0,2,2471.0,0.28,Severe
18-01-2026 07:00,Tamil Nadu,Tiruppur,25.75,1.65,6.43,25,0,0.0,3,1401.0,0.01,Low
18-01-2026 08:00,Kerala,Kottayam,36.46,4.01,4.89,34,1,0.0,2,2493.0,-0.25,Moderate
18-01-2026 09:00,Assam,Guwahati,23.03,2.9,4.17,27,1,0.0,6,1609.0,0.25,Moderate
18-01-2026 10:00,Gujarat,Surat,73.73,4.5,6.9,46,1,2.5,6,2929.0,0.41,Severe
18-01-2026 11:00,Tamil Nadu,Tiruppur,10.52,4.19,5.76,20,0,0.0,8,1516.0,0.6,Severe
18-01-2026 12:00,Odisha,Cuttack,14.06,6.05,4.52,23,0,0.0,5,1098.0,0.72,Severe
18-01-2026 13:00,Maharashtra,Kolhapur,35.9,6.03,5.88,49,0,0.0,1,2612.0,-0.29,Severe
18-01-2026 14:00,West Bengal,Kolkata,37.26,4.31,4.13,32,0,0.0,2,2020.0,0.46,Severe
18-01-2026 15:00,Bihar,Gaya,68.55,2.45,4.56,53,1,0.0,7,2696.0,0.27,Severe
18-01-2026 16:00,West Bengal,Howrah,41.29,5.66,5.9,39,0,0.0,3,2695.0,0.23,Severe
18-01-2026 17:00,Kerala,Kottayam,37.04,8.73,5.21,35,1,2.0,5,2554.0,0.44,Severe
18-01-2026 18:00,Tamil Nadu,Tiruppur,19.17,2.48,4.98,37,0,0.0,2,1592.0,1.12,Moderate
18-01-2026 19:00,Bihar,Patna,74.01,1.55,5.97,54,3,1.0,6,2853.0,0.22,Severe
18-01-2026 20:00,Bihar,Gaya,30.12,3.12,6.6,33,3,0.0,8,1704.0,0.4,Severe
18-01-2026 21:00,Uttar Pradesh,Gorakhpur,20.19,4.3,6.04,30,3,0.0,3,2398.0,-0.1,Severe
18-01-2026 22:00,West Bengal,Malda,17.97,3.45,5.39,26,2,0.0,3,810.0,-0.15,Moderate
18-01-2026 23:00,Tamil Nadu,Tiruppur,36.7,7.68,5.98,35,1,2.0,4,2810.0,-0.17,Severe
19-01-2026 00:00,Uttar Pradesh,Kanpur,10.01,4.94,6.09,29,1,0.0,5,694.0,-0.37,Moderate
19-01-2026 01:00,Karnataka,Bengaluru,10.72,2.97,6.33,20,3,0.0,8,900.0,0.05,Moderate
19-01-2026 02:00,West Bengal,Howrah,10.7,8.6,4.92,32,1,0.0,8,2007.0,1.14,Severe
19-01-2026 03:00,Gujarat,Surat,100.69,2.0,4.34,54,5,1.0,3,2877.0,-0.01,Severe
19-01-2026 04:00,Gujarat,Surat,85.3,1.98,6.05,56,3,0.0,8,3254.0,0.2,Severe
19-01-2026 05:00,Uttar Pradesh,Prayagraj,16.7,2.96,4.36,40,0,0.0,4,2155.0,-0.29,Moderate
19-01-2026 06:00,Karnataka,Bengaluru,42.01,1.61,5.39,46,2,1.0,1,2462.0,0.25,Moderate
19-01-2026 07:00,Assam,Dibrugarh,55.33,7.01,4.69,48,2,0.0,3,2878.0,-0.14,Severe
19-01-2026 08:00,Assam,Dhemaji,45.98,3.5,5.0,37,0,1.0,3,3031.0,0.19,Severe
19-01-2026 09:00,Gujarat,Rajkot,12.94,6.84,5.41,34,1,0.0,8,1660.0,0.19,Severe
19-01-2026 10:00,Odisha,Balasore,18.75,7.1,6.69,30,4,0.0,3,2620.0,0.3,Severe
19-01-2026 11:00,Maharashtra,Pune,41.53,2.9,6.04,36,0,0.0,2,1488.0,0.85,Moderate
19-01-2026 12:00,Maharashtra,Nashik,10.39,5.15,4.51,21,1,0.0,7,495.0,1.15,Severe
19-01-2026 13:00,Odisha,Balasore,70.8,5.16,6.64,47,4,2.0,1,3231.0,1.15,Severe
19-01-2026 14:00,Uttar Pradesh,Kanpur,12.62,7.97,5.5,28,1,0.0,2,2316.0,0.4,Severe
19-01-2026 15:00,Maharashtra,Kolhapur,38.48,1.21,4.61,39,0,0.0,6,2380.0,0.43,Moderate
19-01-2026 16:00,Maharashtra,Kolhapur,60.87,3.53,5.58,57,5,2.5,4,2999.0,0.39,Severe
19-01-2026 17:00,West Bengal,Howrah,65.76,8.06,4.57,50,1,0.0,6,3685.0,0.7,Severe
19-01-2026 18:00,West Bengal,Kolkata,66.4,2.89,5.1,54,2,1.0,6,3242.0,0.04,Severe
19-01-2026 19:00,Odisha,Bhubaneswar,19.43,2.1,6.42,29,0,0.0,2,536.0,-0.11,Low
19-01-2026 20:00,Tamil Nadu,Tiruppur,21.31,5.61,5.98,40,0,0.0,4,1779.0,-0.55,Severe
19-01-2026 21:00,Karnataka,Udupi,44.09,3.45,5.43,44,2,0.0,1,2217.0,0.75,Severe
19-01-2026 22:00,Uttar Pradesh,Varanasi,54.06,4.74,4.68,47,2,0.0,4,2749.0,0.45,Severe
19-01-2026 23:00,West Bengal,Murshidabad,52.39,7.56,4.85,49,0,1.0,6,3175.0,-0.02,Severe
20-01-2026 00:00,West Bengal,Kolkata,56.66,5.17,6.93,44,3,0.0,5,2537.0,1.07,Severe
20-01-2026 01:00,Assam,Guwahati,48.08,5.13,5.03,52,1,1.0,3,2818.0,0.05,Severe
20-01-2026 02:00,Karnataka,Mangaluru,42.32,3.23,5.85,41,1,0.0,5,2783.0,1.03,Severe
20-01-2026 03:00,Assam,Barpeta,20.77,7.34,5.5,45,1,0.0,3,1775.0,-0.04,Severe
20-01-2026 04:00,Tamil Nadu,Tiruppur,43.18,6.92,4.07,40,2,1.0,7,1301.0,0.43,Severe
20-01-2026 05:00,Karnataka,Bengaluru,93.68,2.87,6.83,56,5,2.5,3,4566.0,0.55,Severe
20-01-2026 06:00,Maharashtra,Kolhapur,27.58,3.56,4.26,34,1,1.0,5,1441.0,0.11,Moderate
20-01-2026 07:00,Assam,Barpeta,25.63,7.31,5.98,32,0,0.0,8,1765.0,-0.23,Severe
20-01-2026 08:00,Gujarat,Rajkot,51.06,3.86,6.43,48,0,2.0,6,1406.0,0.36,Severe
20-01-2026 09:00,Uttar Pradesh,Gorakhpur,12.61,4.23,6.25,44,1,1.0,6,1530.0,0.0,Severe
20-01-2026 10:00,Maharashtra,Mumbai,38.17,3.92,6.43,33,1,0.0,4,2016.0,-0.36,Moderate
20-01-2026 11:00,Karnataka,Mysuru,68.87,2.29,6.22,56,0,1.0,3,3400.0,-0.47,Severe
20-01-2026 12:00,Gujarat,Vadodara,38.4,3.73,5.34,48,1,0.0,2,1940.0,0.43,Severe
20-01-2026 13:00,Tamil Nadu,Thanjavur,38.24,7.42,6.69,36,4,0.0,3,3145.0,-0.69,Severe
20-01-2026 14:00,Gujarat,Vadodara,4.82,4.93,6.74,33,1,2.0,2,1242.0,0.22,Severe
20-01-2026 15:00,West Bengal,Howrah,28.07,4.67,5.31,39,1,0.0,4,1322.0,0.69,Severe
20-01-2026 16:00,Odisha,Balasore,15.63,2.25,5.45,35,0,0.0,8,725.0,-0.33,Moderate
20-01-2026 17:00,Gujarat,Surat,11.79,2.42,5.46,24,0,1.0,7,1137.0,-0.26,Moderate
20-01-2026 18:00,Bihar,Bhagalpur,31.85,1.34,4.84,32,1,0.0,6,1206.0,0.49,Moderate
20-01-2026 19:00,Tamil Nadu,Coimbatore,53.98,1.11,4.34,40,2,0.0,3,1605.0,-0.85,Moderate
20-01-2026 20:00,Maharashtra,Mumbai,30.15,4.9,4.79,34,1,0.0,4,2415.0,0.32,Severe
20-01-2026 21:00,Assam,Dibrugarh,62.05,4.27,6.53,54,1,1.0,4,2148.0,0.13,Severe
20-01-2026 22:00,Kerala,Kochi,53.36,3.2,5.63,40,2,1.0,1,2043.0,1.0,Severe
20-01-2026 23:00,Tamil Nadu,Coimbatore,21.76,8.92,6.55,23,1,0.0,8,2891.0,1.07,Severe
21-01-2026 00:00,Bihar,Patna,24.11,4.18,6.24,26,1,0.0,6,1823.0,0.5,Severe
21-01-2026 01:00,West Bengal,Kolkata,6.44,7.31,5.05,18,2,0.0,4,1999.0,0.03,Severe
21-01-2026 02:00,Assam,Dibrugarh,104.02124999999998,2.68,4.56,62,4,1.0,8,4592.375,0.38,Severe
21-01-2026 03:00,Uttar Pradesh,Gorakhpur,16.65,2.98,5.7,30,1,1.0,5,825.0,0.74,Moderate
21-01-2026 04:00,Kerala,Kozhikode,39.2,5.55,6.81,44,1,0.0,3,1521.0,0.66,Severe
21-01-2026 05:00,Gujarat,Rajkot,31.2,1.03,6.52,35,2,1.0,3,2221.0,-0.71,Moderate
21-01-2026 06:00,Bihar,Muzaffarpur,90.5,1.14,6.29,51,5,0.0,8,2637.0,-0.31,Severe
21-01-2026 07:00,Gujarat,Ahmedabad,43.0,2.14,6.29,45,1,1.0,5,2176.0,0.69,Severe
21-01-2026 08:00,Uttar Pradesh,Kanpur,34.3,2.78,5.58,32,0,1.0,3,1949.0,-0.23,Moderate
21-01-2026 09:00,Tamil Nadu,Chennai,77.3,5.22,4.51,51,0,0.0,5,3222.0,0.5,Severe
21-01-2026 10:00,Odisha,Kendrapara,39.2,6.49,4.86,36,2,1.0,5,2403.0,0.72,Severe
21-01-2026 11:00,Bihar,Gaya,18.03,3.5,5.73,27,2,1.0,5,1749.0,0.62,Severe
21-01-2026 12:00,Karnataka,Mysuru,49.26,2.91,4.95,39,3,2.0,2,2578.0,0.56,Severe
21-01-2026 13:00,Maharashtra,Mumbai,11.31,7.58,6.34,32,1,1.0,7,1512.0,0.13,Severe
21-01-2026 14:00,Karnataka,Bengaluru,15.96,2.3,5.12,33,1,0.0,2,1715.0,-0.27,Moderate
21-01-2026 15:00,Odisha,Kendrapara,25.0,6.43,4.34,39,2,0.0,3,2070.0,1.16,Severe
21-01-2026 16:00,Uttar Pradesh,Kanpur,13.17,8.45,6.35,30,1,0.0,8,2755.0,-0.53,Severe
21-01-2026 17:00,Karnataka,Udupi,27.18,2.86,6.09,27,0,2.5,2,1133.0,0.4,Moderate
21-01-2026 18:00,West Bengal,Howrah,2.94,1.7,4.76,24,1,1.0,6,1120.0,0.09,Moderate
21-01-2026 19:00,Bihar,Gaya,38.52,8.84,6.94,31,1,1.0,3,2953.0,0.94,Severe
21-01-2026 20:00,West Bengal,Darjeeling,47.42,3.17,5.21,44,4,1.0,3,2338.0,0.36,Severe
21-01-2026 21:00,Kerala,Alappuzha,22.5,3.21,6.04,31,2,2.0,4,1698.0,-0.05,Severe
21-01-2026 22:00,Odisha,Bhubaneswar,8.04,4.87,6.73,33,3,1.0,2,937.0,0.14,Severe
21-01-2026 23:00,Kerala,Alappuzha,33.64,2.85,4.47,34,1,0.0,3,1958.0,0.75,Moderate
22-01-2026 00:00,Kerala,Kottayam,53.26,8.94,6.64,47,1,0.0,5,2978.0,0.83,Severe
22-01-2026 01:00,Kerala,Kozhikode,10.42,1.34,6.11,32,2,1.0,0,720.0,0.64,Moderate
22-01-2026 02:00,Tamil Nadu,Madurai,104.02124999999998,4.61,4.5,66,4,2.5,2,4322.0,0.4,Severe
22-01-2026 03:00,Tamil Nadu,Madurai,39.4,5.39,5.99,48,0,1.0,3,2146.0,-0.09,Severe
22-01-2026 04:00,Odisha,Puri,54.96,4.74,6.62,45,2,1.0,2,3115.0,0.02,Severe
22-01-2026 05:00,Assam,Dhemaji,104.02124999999998,5.16,6.4,63,5,0.0,5,4501.0,0.55,Severe
22-01-2026 06:00,Karnataka,Bengaluru,45.35,8.9,6.28,48,1,0.0,2,2984.0,0.8,Severe
22-01-2026 07:00,Tamil Nadu,Madurai,17.54,8.02,4.48,29,4,0.0,8,1460.0,-0.32,Severe
22-01-2026 08:00,Gujarat,Surat,20.66,3.47,4.57,24,1,0.0,1,811.0,-0.42,Moderate
22-01-2026 09:00,West Bengal,Kolkata,66.61,5.41,5.64,55,1,1.0,1,3159.0,0.25,Severe
22-01-2026 10:00,Tamil Nadu,Coimbatore,59.31,1.0,5.74,36,1,0.0,4,1824.0,0.45,Moderate
22-01-2026 11:00,Uttar Pradesh,Varanasi,67.4,4.28,6.83,63,0,2.0,7,2900.0,0.42,Severe
22-01-2026 12:00,Kerala,Kochi,51.26,2.31,5.41,31,1,0.0,5,2948.0,0.59,Severe
22-01-2026 13:00,Tamil Nadu,Coimbatore,46.36,6.69,4.91,37,1,0.0,4,3153.0,0.11,Severe
22-01-2026 14:00,Odisha,Cuttack,56.2,2.77,4.57,32,1,1.0,3,1419.0,0.9,Severe
22-01-2026 15:00,West Bengal,Kolkata,44.54,6.99,4.16,48,1,1.0,6,2282.0,1.03,Severe
22-01-2026 16:00,West Bengal,Darjeeling,14.49,3.51,4.21,31,2,0.0,5,1603.0,0.59,Severe
22-01-2026 17:00,Assam,Dibrugarh,20.73,8.41,5.72,28,0,0.0,3,3146.0,0.12,Severe
22-01-2026 18:00,Maharashtra,Nashik,61.51,4.56,4.53,35,2,1.0,1,2623.0,-0.865,Severe
22-01-2026 19:00,Maharashtra,Nashik,104.02124999999998,7.72,6.55,66,4,2.0,4,4592.375,0.05,Severe
22-01-2026 20:00,Karnataka,Bengaluru,69.2,6.03,5.79,60,0,2.5,6,2277.0,0.41,Severe
22-01-2026 21:00,Gujarat,Bharuch,95.78,8.82,6.59,50,5,2.0,3,3767.0,0.63,Severe
22-01-2026 22:00,Bihar,Patna,9.67,6.94,5.28,25,1,0.0,4,1686.0,0.19,Severe
22-01-2026 23:00,Odisha,Bhubaneswar,72.11,6.82,5.79,53,1,0.0,2,3057.0,0.3,Severe
23-01-2026 00:00,Uttar Pradesh,Kanpur,57.83,3.12,5.58,40,0,2.0,2,2440.0,1.11,Severe
23-01-2026 01:00,Tamil Nadu,Madurai,42.66,5.04,6.96,43,1,2.0,2,2268.0,-0.15,Severe
23-01-2026 02:00,Odisha,Kendrapara,24.01,3.32,6.39,33,1,1.0,5,1745.0,-0.4,Moderate
23-01-2026 03:00,Gujarat,Bharuch,47.64,1.15,5.79,33,1,0.0,7,1854.0,-0.73,Moderate
23-01-2026 04:00,Maharashtra,Nagpur,63.64,6.68,5.82,42,0,0.0,4,3313.0,0.78,Severe
23-01-2026 05:00,Odisha,Kendrapara,35.82,2.89,4.75,26,2,0.0,3,2044.0,-0.26,Moderate
23-01-2026 06:00,Tamil Nadu,Thanjavur,19.84,4.18,6.2,38,0,1.0,0,1671.0,0.19,Moderate
23-01-2026 07:00,Assam,Guwahati,86.47,3.28,6.95,57,0,0.0,5,3209.0,0.71,Severe
23-01-2026 08:00,Karnataka,Bengaluru,28.4,2.6,4.39,29,1,1.0,5,1431.0,1.04,Severe
23-01-2026 09:00,Assam,Jorhat,43.72,1.54,5.91,41,1,2.5,4,1870.0,0.37,Severe
23-01-2026 10:00,Maharashtra,Nashik,5.43,3.7,5.55,32,0,0.0,3,716.0,-0.11,Moderate
23-01-2026 11:00,Kerala,Alappuzha,18.45,1.65,6.55,38,1,1.0,5,1597.0,0.5,Moderate
23-01-2026 12:00,Maharashtra,Mumbai,73.12,5.32,4.0,52,5,0.0,3,4115.0,-0.13,Severe
23-01-2026 13:00,Karnataka,Udupi,69.45,1.16,4.41,48,0,1.0,8,3055.0,0.31,Severe
23-01-2026 14:00,Tamil Nadu,Coimbatore,47.31,8.52,4.11,35,2,0.0,4,3053.0,-0.28,Severe
23-01-2026 15:00,Gujarat,Rajkot,6.4,8.73,4.49,32,0,1.0,5,1621.0,-0.03,Severe
23-01-2026 16:00,Bihar,Patna,20.6,3.44,6.12,40,0,2.0,0,1490.0,1.36,Severe
23-01-2026 17:00,Assam,Jorhat,104.02124999999998,3.08,4.42,66,3,2.5,3,3641.0,0.83,Severe
23-01-2026 18:00,Maharashtra,Mumbai,36.45,1.84,5.87,45,2,0.0,7,3609.0,0.04,Severe
23-01-2026 19:00,Gujarat,Ahmedabad,61.96,8.24,6.6,37,2,0.0,2,2603.0,0.15,Severe
23-01-2026 20:00,Assam,Guwahati,20.05,5.69,4.1,36,0,0.0,5,1690.0,0.67,Severe
23-01-2026 21:00,Maharashtra,Mumbai,35.36,5.88,4.08,32,1,2.5,5,2523.0,0.16,Severe
23-01-2026 22:00,Karnataka,Kodagu,20.26,8.17,6.97,38,2,0.0,7,1924.0,0.9,Severe
23-01-2026 23:00,Assam,Jorhat,26.43,8.29,6.02,30,0,0.0,0,2928.0,-0.36,Severe
24-01-2026 00:00,Maharashtra,Mumbai,17.58,7.63,4.42,40,2,0.0,6,2570.0,0.32,Severe
24-01-2026 01:00,Tamil Nadu,Madurai,30.19,7.19,4.92,30,2,1.0,5,2280.0,-0.01,Severe
24-01-2026 02:00,Karnataka,Mysuru,31.31,8.02,6.96,24,0,0.0,4,2686.0,0.46,Severe
24-01-2026 03:00,Gujarat,Ahmedabad,57.04,8.01,4.68,49,1,1.0,7,3554.0,0.4,Severe
24-01-2026 04:00,Gujarat,Rajkot,7.82,3.95,6.26,42,1,1.0,4,1743.0,0.36,Severe
24-01-2026 05:00,Bihar,Darbhanga,12.25,8.79,4.72,23,0,0.0,2,2159.0,0.54,Severe
24-01-2026 06:00,Odisha,Cuttack,35.71,6.67,5.2,37,1,2.0,4,3187.0,0.47,Severe
24-01-2026 07:00,Kerala,Kottayam,13.62,3.96,6.64,38,0,0.0,4,1991.0,-0.16,Moderate
24-01-2026 08:00,Tamil Nadu,Chennai,15.02,4.54,4.09,35,3,0.0,2,1596.0,0.3,Severe
24-01-2026 09:00,Karnataka,Bengaluru,94.2,6.5,4.92,49,3,2.0,8,4098.0,0.3,Severe
24-01-2026 10:00,Assam,Barpeta,54.57,3.89,5.46,32,0,0.0,4,1800.0,0.33,Moderate
24-01-2026 11:00,Gujarat,Vadodara,30.29,7.61,5.88,35,1,1.0,5,1094.0,1.34,Severe
24-01-2026 12:00,Tamil Nadu,Thanjavur,19.3,2.18,4.08,31,0,0.0,2,1538.0,0.36,Moderate
24-01-2026 13:00,Karnataka,Mysuru,98.95,8.26,5.23,63,3,0.0,6,4592.375,1.09,Severe
24-01-2026 14:00,Karnataka,Mangaluru,10.29,3.41,5.03,25,1,0.0,3,851.0,-0.53,Moderate
24-01-2026 15:00,Assam,Guwahati,66.86,2.22,4.08,30,1,1.0,4,3226.0,0.09,Severe
24-01-2026 16:00,Karnataka,Kodagu,102.92,7.86,5.07,66,1,1.0,4,4133.0,0.24,Severe
24-01-2026 17:00,Uttar Pradesh,Gorakhpur,35.9,2.92,6.8,42,0,1.0,4,1241.0,1.04,Severe
24-01-2026 18:00,Tamil Nadu,Madurai,45.55,7.75,4.82,41,3,2.0,5,2790.0,-0.64,Severe
24-01-2026 19:00,Maharashtra,Pune,47.42,3.37,5.76,48,2,2.0,1,1483.0,0.79,Severe
24-01-2026 20:00,Gujarat,Vadodara,56.5,8.47,4.89,35,2,0.0,3,3771.0,0.59,Severe
24-01-2026 21:00,Gujarat,Rajkot,41.68,2.75,4.32,43,1,1.0,3,2137.0,0.59,Severe
24-01-2026 22:00,Maharashtra,Kolhapur,44.91,1.56,4.87,49,3,2.5,5,1309.0,0.26,Severe
24-01-2026 23:00,Tamil Nadu,Chennai,18.82,8.49,5.41,28,0,0.0,0,2134.0,0.42,Severe
25-01-2026 00:00,Kerala,Kozhikode,6.12,2.33,4.89,34,1,1.0,5,1585.0,0.33,Moderate
25-01-2026 01:00,Tamil Nadu,Thanjavur,64.04,8.55,5.87,43,1,1.0,3,3445.0,0.04,Severe
25-01-2026 02:00,West Bengal,Malda,12.71,7.59,6.85,29,0,0.0,3,1929.0,0.75,Severe
25-01-2026 03:00,Karnataka,Mysuru,89.69,1.66,4.21,54,2,1.0,3,2517.0,0.39,Severe
25-01-2026 04:00,Odisha,Balasore,31.68,4.56,6.15,49,1,2.0,4,2735.0,0.0,Severe
25-01-2026 05:00,Assam,Dhemaji,104.02124999999998,1.59,4.0,66,3,1.0,3,3338.0,0.53,Severe
25-01-2026 06:00,Uttar Pradesh,Lucknow,44.6,3.64,4.0,40,0,0.0,6,1945.0,0.25,Severe
25-01-2026 07:00,Odisha,Kendrapara,25.15,3.81,4.4,38,1,0.0,5,680.0,0.15,Moderate
25-01-2026 08:00,Maharashtra,Kolhapur,53.81,5.8,5.44,40,1,2.0,7,2492.0,-0.41,Severe
25-01-2026 09:00,Assam,Barpeta,104.02124999999998,8.81,4.14,64,2,2.0,6,4316.0,0.11,Severe
25-01-2026 10:00,Assam,Jorhat,37.63,2.36,6.17,30,1,2.0,6,1394.0,0.09,Moderate
25-01-2026 11:00,Assam,Guwahati,36.32,3.63,4.09,35,0,0.0,3,1958.0,0.49,Moderate
25-01-2026 12:00,Gujarat,Bharuch,34.11,5.7,5.49,33,2,1.0,5,2155.0,0.18,Severe
25-01-2026 13:00,Uttar Pradesh,Varanasi,24.78,2.37,6.03,22,0,0.0,3,1582.0,1.56,Moderate
25-01-2026 14:00,Gujarat,Ahmedabad,41.94,6.69,4.71,40,3,1.0,5,3007.0,-0.34,Severe
25-01-2026 15:00,Karnataka,Mysuru,46.4,4.23,5.74,46,0,0.0,1,2326.0,-0.21,Moderate
25-01-2026 16:00,West Bengal,Howrah,104.02124999999998,8.6,4.79,66,5,1.0,1,4592.375,0.11,Severe
25-01-2026 17:00,Bihar,Darbhanga,25.17,6.04,4.64,41,0,0.0,4,1768.0,0.51,Severe
25-01-2026 18:00,Uttar Pradesh,Varanasi,97.32,3.9,6.46,49,2,1.0,3,3129.0,0.2,Severe
25-01-2026 19:00,Odisha,Puri,48.37,6.76,5.0,41,3,0.0,2,3589.0,0.07,Severe
25-01-2026 20:00,Karnataka,Bengaluru,54.15,7.71,6.44,42,4,0.0,1,3022.0,-0.19,Severe
25-01-2026 21:00,Tamil Nadu,Coimbatore,22.4,7.4,4.65,32,1,1.0,5,2228.0,0.54,Severe
25-01-2026 22:00,Maharashtra,Mumbai,32.06,3.1,5.07,40,1,1.0,3,2474.0,1.5750000000000002,Severe
25-01-2026 23:00,West Bengal,Darjeeling,27.74,4.34,4.31,42,0,2.5,6,1213.0,-0.13,Severe
26-01-2026 00:00,Karnataka,Kodagu,57.78,4.62,5.49,43,2,1.0,3,3113.0,0.61,Severe
26-01-2026 01:00,Tamil Nadu,Tiruppur,16.31,4.11,5.14,31,0,1.0,3,1428.0,1.06,Severe
26-01-2026 02:00,West Bengal,Murshidabad,15.57,3.49,4.02,29,0,0.0,5,1153.0,0.41,Moderate
26-01-2026 03:00,Tamil Nadu,Chennai,4.73,7.02,5.39,30,3,0.0,2,1657.0,0.5,Severe
26-01-2026 04:00,Uttar Pradesh,Kanpur,54.34,1.1,4.22,59,2,1.0,6,2329.0,0.31,Severe
26-01-2026 05:00,Tamil Nadu,Thanjavur,12.47,3.35,6.51,30,2,0.0,1,1414.0,1.16,Moderate
26-01-2026 06:00,West Bengal,Darjeeling,35.08,2.13,5.48,32,3,2.5,4,1467.0,0.71,Severe
26-01-2026 07:00,Tamil Nadu,Thanjavur,10.71,2.03,6.07,31,0,0.0,6,1794.0,0.86,Moderate
26-01-2026 08:00,Odisha,Kendrapara,35.79,3.22,6.46,47,1,1.0,3,1819.0,0.29,Severe
26-01-2026 09:00,Karnataka,Kodagu,34.24,7.1,4.15,37,1,1.0,3,1419.0,0.66,Severe
26-01-2026 10:00,West Bengal,Howrah,23.29,8.76,5.01,28,0,0.0,4,2085.0,0.32,Severe
26-01-2026 11:00,Odisha,Kendrapara,46.62,5.12,4.08,39,0,0.0,5,2239.0,0.7,Severe
26-01-2026 12:00,Tamil Nadu,Chennai,22.2,3.71,4.15,33,1,0.0,2,1455.0,0.17,Moderate
26-01-2026 13:00,Tamil Nadu,Madurai,63.02,7.63,4.11,54,1,1.0,6,3313.0,0.88,Severe
26-01-2026 14:00,Assam,Dibrugarh,73.15,1.54,5.43,45,1,2.5,1,2422.0,0.6,Severe
26-01-2026 15:00,West Bengal,Darjeeling,76.05,1.75,5.35,53,3,2.0,6,2435.0,0.14,Severe
26-01-2026 16:00,Uttar Pradesh,Prayagraj,35.5,3.76,4.18,34,1,0.0,7,1002.0,0.74,Severe
26-01-2026 17:00,Tamil Nadu,Chennai,52.57,4.59,4.79,44,1,1.0,8,2341.0,0.21,Severe
26-01-2026 18:00,Maharashtra,Nashik,35.41,7.38,4.73,35,0,0.0,6,3038.0,-0.21,Severe
26-01-2026 19:00,Gujarat,Bharuch,48.46,8.4,4.89,40,2,1.0,5,2899.0,0.22,Severe
26-01-2026 20:00,Bihar,Darbhanga,36.74,5.25,5.92,40,1,0.0,4,1834.0,0.23,Severe
26-01-2026 21:00,Gujarat,Vadodara,39.47,4.97,6.09,47,1,0.0,4,2095.0,-0.17,Severe
26-01-2026 22:00,Uttar Pradesh,Prayagraj,92.54,2.7,5.02,62,2,1.0,8,3238.0,0.57,Severe
26-01-2026 23:00,Karnataka,Udupi,6.49,4.61,6.36,30,1,0.0,6,794.0,0.54,Severe
27-01-2026 00:00,Kerala,Alappuzha,40.68,8.39,5.25,44,1,2.0,4,2905.0,0.34,Severe
27-01-2026 01:00,Maharashtra,Mumbai,40.48,4.14,5.57,35,2,1.0,1,2298.0,0.72,Severe
27-01-2026 02:00,Kerala,Kozhikode,21.64,2.69,4.44,35,4,0.0,2,1135.0,0.19,Moderate
27-01-2026 03:00,Tamil Nadu,Tiruppur,51.56,3.7,4.7,39,2,1.0,3,1227.0,-0.32,Severe
27-01-2026 04:00,Karnataka,Bengaluru,34.12,5.12,6.18,33,2,0.0,2,1542.0,0.06,Severe
27-01-2026 05:00,Odisha,Balasore,23.75,5.79,6.93,33,0,0.0,4,2175.0,-0.02,Severe
27-01-2026 06:00,Tamil Nadu,Madurai,39.16,4.46,6.11,42,1,1.0,7,2220.0,0.19,Severe
27-01-2026 07:00,Kerala,Kottayam,95.99,7.07,4.16,59,2,0.0,5,3514.0,0.4,Severe
27-01-2026 08:00,Tamil Nadu,Coimbatore,104.02124999999998,5.68,4.43,61,1,0.0,5,4592.375,1.26,Severe
27-01-2026 09:00,Bihar,Gaya,30.13,6.32,5.34,47,1,0.0,3,2811.0,-0.34,Severe
27-01-2026 10:00,Assam,Guwahati,27.76,7.9,6.2,35,1,0.0,7,1817.0,0.75,Severe
27-01-2026 11:00,Bihar,Patna,33.89,7.93,4.5,43,0,1.0,5,2517.0,-0.1,Severe
27-01-2026 12:00,Karnataka,Udupi,8.85,2.63,6.25,29,4,0.0,5,1174.0,0.56,Moderate
27-01-2026 13:00,Odisha,Cuttack,31.28,5.99,5.67,27,0,0.0,3,2774.0,0.06,Severe
27-01-2026 14:00,Bihar,Patna,6.26,6.73,6.32,38,4,0.0,1,1567.0,0.45,Severe
27-01-2026 15:00,West Bengal,Murshidabad,18.39,2.17,5.67,35,3,1.0,3,769.0,1.08,Severe
27-01-2026 16:00,Odisha,Balasore,48.68,7.74,5.81,37,2,1.0,6,2808.0,-0.32,Severe
27-01-2026 17:00,Kerala,Kochi,16.2,2.44,4.75,41,2,1.0,4,614.0,0.49,Moderate
27-01-2026 18:00,Bihar,Darbhanga,42.71,7.39,6.16,53,2,1.0,7,3320.0,0.51,Severe
27-01-2026 19:00,Assam,Dibrugarh,27.97,2.29,6.53,30,0,0.0,3,2398.0,0.81,Moderate
27-01-2026 20:00,Odisha,Balasore,21.88,6.93,6.61,28,0,0.0,5,2061.0,0.38,Severe
27-01-2026 21:00,Tamil Nadu,Chennai,65.18,2.19,4.09,58,1,0.0,0,2595.0,1.5750000000000002,Severe
27-01-2026 22:00,Assam,Dibrugarh,37.64,4.03,5.87,35,1,0.0,8,2263.0,0.88,Severe
27-01-2026 23:00,Tamil Nadu,Madurai,47.05,2.15,6.97,49,2,0.0,7,2423.0,0.63,Severe
28-01-2026 00:00,Bihar,Bhagalpur,27.77,3.17,5.76,33,1,0.0,4,1420.0,0.52,Moderate
28-01-2026 01:00,Maharashtra,Pune,59.3,8.88,4.51,29,1,0.0,5,4222.0,0.62,Severe
28-01-2026 02:00,Maharashtra,Nashik,13.46,1.86,6.63,32,2,1.0,6,1292.0,0.41,Moderate
28-01-2026 03:00,Kerala,Kochi,75.23,4.25,4.79,52,2,0.0,3,3524.0,0.41,Severe
28-01-2026 04:00,Assam,Dhemaji,3.36,6.42,4.14,29,0,0.0,2,1707.0,-0.33,Severe
28-01-2026 05:00,Tamil Nadu,Chennai,4.03,1.76,5.29,23,0,1.0,4,895.0,0.61,Moderate
28-01-2026 06:00,Uttar Pradesh,Lucknow,23.43,1.87,4.3,41,1,0.0,2,1794.0,0.61,Moderate
28-01-2026 07:00,Assam,Jorhat,27.55,2.15,4.35,38,0,1.0,5,1082.0,0.51,Moderate
28-01-2026 08:00,West Bengal,Malda,26.83,6.16,5.39,27,2,1.0,2,1553.0,0.52,Severe
28-01-2026 09:00,Kerala,Kozhikode,16.28,8.27,5.84,30,2,1.0,6,1934.0,0.69,Severe
28-01-2026 10:00,Gujarat,Ahmedabad,99.69,7.61,6.72,59,5,0.0,4,4561.0,0.56,Severe
28-01-2026 11:00,Gujarat,Ahmedabad,32.79,8.86,6.12,43,0,0.0,4,3120.0,0.39,Severe
28-01-2026 12:00,Tamil Nadu,Coimbatore,76.21,5.63,6.53,49,1,0.0,5,3113.0,0.5,Severe
28-01-2026 13:00,Maharashtra,Nashik,6.91,8.69,5.24,26,0,0.0,4,2656.0,0.9,Severe
28-01-2026 14:00,Odisha,Cuttack,16.97,3.44,4.96,25,1,0.0,4,1613.0,1.01,Moderate
28-01-2026 15:00,West Bengal,Howrah,13.51,4.37,5.78,29,0,0.0,4,1142.0,-0.09,Moderate
28-01-2026 16:00,Gujarat,Vadodara,5.63,4.17,6.09,25,1,1.0,4,1298.0,0.17,Moderate
28-01-2026 17:00,Tamil Nadu,Coimbatore,39.95,1.38,5.7,30,1,0.0,3,2222.0,0.78,Moderate
28-01-2026 18:00,Tamil Nadu,Tiruppur,22.82,7.64,4.79,33,0,0.0,2,2072.0,0.6,Severe
28-01-2026 19:00,Bihar,Gaya,10.52,1.2,5.11,24,1,0.0,2,959.0,0.06,Low
28-01-2026 20:00,Maharashtra,Nagpur,18.3,6.84,5.34,38,1,1.0,4,1541.0,0.38,Severe
28-01-2026 21:00,Assam,Dibrugarh,53.17,4.26,4.04,34,1,1.0,4,2127.0,0.7,Severe
28-01-2026 22:00,Odisha,Cuttack,85.37,1.05,6.64,58,2,0.0,7,2760.0,1.21,Severe
28-01-2026 23:00,Bihar,Darbhanga,23.44,3.32,5.53,37,1,0.0,4,936.0,1.41,Severe
29-01-2026 00:00,Gujarat,Ahmedabad,20.09,3.77,6.25,43,3,2.0,4,1339.0,-0.47,Severe
29-01-2026 01:00,Odisha,Puri,24.65,8.72,4.52,34,0,0.0,2,2509.0,0.73,Severe
29-01-2026 02:00,Kerala,Kozhikode,19.19,6.29,5.67,31,2,0.0,2,1842.0,0.07,Severe
29-01-2026 03:00,Maharashtra,Nagpur,20.27,5.35,6.78,31,2,1.0,4,412.0,0.87,Severe
29-01-2026 04:00,Gujarat,Ahmedabad,90.93,2.02,4.64,60,1,2.5,6,2542.0,-0.27,Severe
29-01-2026 05:00,Tamil Nadu,Coimbatore,54.96,4.13,5.04,48,2,1.0,4,2331.0,0.04,Severe
29-01-2026 06:00,Gujarat,Ahmedabad,60.81,1.29,5.16,54,1,1.0,4,2880.0,0.27,Severe
29-01-2026 07:00,Uttar Pradesh,Gorakhpur,16.04,7.09,5.15,21,5,0.0,2,2568.0,0.65,Severe
29-01-2026 08:00,Karnataka,Mysuru,52.79,2.3,5.8,43,5,1.0,3,1736.0,0.18,Severe
29-01-2026 09:00,Karnataka,Bengaluru,28.82,5.76,5.18,39,1,0.0,5,2571.0,0.02,Severe
29-01-2026 10:00,Gujarat,Rajkot,14.21,6.6,6.02,38,2,0.0,2,1978.0,-0.42,Severe
29-01-2026 11:00,Uttar Pradesh,Prayagraj,104.02124999999998,3.93,5.45,66,5,1.0,2,4283.0,0.05,Severe
29-01-2026 12:00,Gujarat,Vadodara,45.49,6.06,4.47,42,4,0.0,8,1942.0,0.65,Severe
29-01-2026 13:00,Karnataka,Udupi,89.35,7.11,6.85,44,1,0.0,3,4066.0,1.02,Severe
29-01-2026 14:00,Bihar,Gaya,69.81,2.47,4.72,52,2,0.0,4,3005.0,-0.12,Severe
29-01-2026 15:00,Kerala,Alappuzha,6.4,5.81,5.69,21,1,0.0,3,1031.0,-0.08,Moderate
29-01-2026 16:00,Karnataka,Mangaluru,16.41,6.87,4.18,28,2,0.0,1,1468.0,0.02,Severe
29-01-2026 17:00,Kerala,Kochi,52.68,3.86,6.76,48,3,0.0,2,2254.0,0.3,Severe
29-01-2026 18:00,Tamil Nadu,Coimbatore,26.7,2.3,6.78,34,2,0.0,6,1486.0,0.44,Moderate
29-01-2026 19:00,Kerala,Kozhikode,46.03,3.29,5.09,48,2,0.0,5,1937.0,0.21,Severe
29-01-2026 20:00,Bihar,Muzaffarpur,68.42,8.46,4.36,41,1,0.0,5,2960.0,-0.36,Severe
29-01-2026 21:00,Uttar Pradesh,Lucknow,6.12,3.86,6.31,35,1,0.0,2,1635.0,-0.56,Moderate
29-01-2026 22:00,Kerala,Alappuzha,43.59,1.86,4.79,24,1,1.0,1,2564.0,0.13,Moderate
29-01-2026 23:00,Odisha,Puri,22.68,1.66,6.1,31,1,0.0,4,1116.0,0.59,Moderate
30-01-2026 00:00,Assam,Dhemaji,56.66,2.44,6.75,40,1,0.0,8,2744.0,0.35,Severe
30-01-2026 01:00,Karnataka,Mangaluru,76.15,2.02,5.77,66,2,0.0,4,2689.0,1.11,Severe
30-01-2026 02:00,Uttar Pradesh,Gorakhpur,32.73,4.96,6.58,42,1,0.0,2,1223.0,-0.33,Moderate
30-01-2026 03:00,West Bengal,Darjeeling,29.71,3.78,4.67,35,1,0.0,3,825.0,0.4,Moderate
30-01-2026 04:00,Tamil Nadu,Thanjavur,45.43,7.73,6.73,48,1,1.0,8,2722.0,0.98,Severe
30-01-2026 05:00,Assam,Jorhat,56.0,8.05,4.68,55,3,0.0,8,4154.0,0.22,Severe
30-01-2026 06:00,Odisha,Cuttack,104.02124999999998,4.79,4.68,66,2,0.0,5,4305.0,-0.22,Severe
30-01-2026 07:00,Maharashtra,Nagpur,104.02124999999998,8.11,6.64,66,1,1.0,3,3874.0,-0.865,Severe
30-01-2026 08:00,Bihar,Bhagalpur,71.01,4.6,5.66,42,0,0.0,4,3477.0,0.21,Severe
30-01-2026 09:00,Gujarat,Rajkot,88.63,6.14,6.4,38,3,2.0,4,3176.0,0.12,Severe
30-01-2026 10:00,Assam,Dhemaji,32.3,2.3,6.41,34,3,0.0,3,2490.0,0.06,Moderate
30-01-2026 11:00,Uttar Pradesh,Kanpur,25.55,1.42,5.94,37,0,1.0,7,1853.0,0.48,Moderate
30-01-2026 12:00,Uttar Pradesh,Kanpur,7.44,2.28,4.57,24,1,1.0,6,922.0,1.17,Moderate
30-01-2026 13:00,Uttar Pradesh,Varanasi,20.31,3.01,6.08,36,0,1.0,2,1819.0,-0.27,Moderate
30-01-2026 14:00,Tamil Nadu,Thanjavur,53.0,7.01,4.19,38,1,0.0,4,2924.0,-0.08,Severe
30-01-2026 15:00,Kerala,Kottayam,19.94,2.39,4.6,31,1,0.0,4,1550.0,0.28,Moderate
30-01-2026 16:00,Karnataka,Udupi,37.18,2.05,5.93,43,0,1.0,1,2580.0,0.67,Moderate
30-01-2026 17:00,Maharashtra,Nagpur,47.96,8.42,6.72,56,0,0.0,6,2458.0,0.18,Severe
30-01-2026 18:00,Gujarat,Rajkot,57.62,6.51,6.32,34,1,0.0,7,3532.0,0.61,Severe
30-01-2026 19:00,Uttar Pradesh,Kanpur,104.02124999999998,4.79,5.0,65,2,2.5,3,3181.0,-0.3,Severe
30-01-2026 20:00,Gujarat,Rajkot,36.73,1.76,6.47,34,1,0.0,6,847.0,0.37,Moderate
30-01-2026 21:00,West Bengal,Darjeeling,55.14,7.81,6.9,46,2,0.0,4,2789.0,0.34,Severe
30-01-2026 22:00,Tamil Nadu,Tiruppur,27.38,1.87,5.0,36,0,2.0,3,1936.0,1.06,Severe
30-01-2026 23:00,Uttar Pradesh,Lucknow,14.28,5.89,4.56,30,1,0.0,2,687.0,0.86,Severe
31-01-2026 00:00,West Bengal,Kolkata,22.07,6.34,4.59,30,2,0.0,4,2788.0,0.4,Severe
31-01-2026 01:00,Maharashtra,Kolhapur,31.03,4.2,5.2,37,0,0.0,1,1853.0,-0.08,Moderate
31-01-2026 02:00,Maharashtra,Kolhapur,47.84,8.29,4.16,40,0,2.0,2,3306.0,-0.7,Severe
31-01-2026 03:00,Karnataka,Bengaluru,104.02124999999998,1.41,5.46,50,4,1.0,2,2720.0,-0.05,Severe
31-01-2026 04:00,Odisha,Balasore,34.53,7.54,6.2,33,1,1.0,5,2149.0,1.33,Severe
31-01-2026 05:00,Karnataka,Mysuru,24.0,5.43,5.59,35,1,2.0,3,1747.0,-0.47,Severe
31-01-2026 06:00,Kerala,Thrissur,23.87,5.89,6.91,42,1,0.0,5,1208.0,-0.06,Severe
31-01-2026 07:00,Gujarat,Ahmedabad,43.24,8.89,5.39,32,0,0.0,3,3184.0,0.41,Severe
31-01-2026 08:00,Bihar,Bhagalpur,42.48,5.66,4.04,32,1,0.0,3,2061.0,0.92,Severe
31-01-2026 09:00,Maharashtra,Mumbai,40.23,7.38,5.41,39,3,0.0,4,2967.0,-0.23,Severe
31-01-2026 10:00,Bihar,Gaya,32.15,2.23,6.79,38,0,2.0,4,1451.0,0.56,Moderate
31-01-2026 11:00,Tamil Nadu,Tiruppur,59.52,7.47,4.29,60,3,0.0,2,3129.0,0.0,Severe
31-01-2026 12:00,Assam,Dhemaji,5.57,7.09,4.67,27,2,0.0,7,770.0,-0.2,Severe
31-01-2026 13:00,Uttar Pradesh,Kanpur,52.48,8.74,6.15,39,0,1.0,7,3322.0,0.08,Severe
31-01-2026 14:00,Tamil Nadu,Chennai,25.6,8.49,4.88,21,0,0.0,3,3758.0,0.33,Severe
31-01-2026 15:00,Maharashtra,Nashik,46.38,2.71,6.3,38,1,1.0,3,1310.0,-0.22,Moderate
31-01-2026 16:00,West Bengal,Kolkata,51.54,4.72,5.26,41,1,2.0,3,2558.0,0.85,Severe
31-01-2026 17:00,Gujarat,Bharuch,23.56,8.29,6.39,38,0,1.0,3,2286.0,1.0,Severe
31-01-2026 18:00,Bihar,Patna,104.02124999999998,6.13,5.65,66,3,1.0,8,4592.375,0.03,Severe
31-01-2026 19:00,Karnataka,Mangaluru,16.18,4.71,4.25,25,0,1.0,3,864.0,0.7,Severe
31-01-2026 20:00,Assam,Dibrugarh,82.46,1.87,5.16,48,2,0.0,7,2766.0,-0.34,Severe
31-01-2026 21:00,Odisha,Puri,31.93,3.81,5.0,40,0,1.0,4,2294.0,0.27,Severe
31-01-2026 22:00,Tamil Nadu,Chennai,65.8,6.32,6.43,55,2,0.0,5,2944.0,0.73,Severe
31-01-2026 23:00,Odisha,Kendrapara,8.05,7.22,5.87,32,2,0.0,5,1516.0,0.67,Severe
01-02-2026 00:00,Bihar,Muzaffarpur,49.88,4.58,6.33,46,1,2.5,8,2767.0,0.42,Severe
01-02-2026 01:00,Bihar,Muzaffarpur,33.87,1.45,5.12,35,2,0.0,3,2433.0,0.89,Moderate
01-02-2026 02:00,Uttar Pradesh,Gorakhpur,53.01,6.07,6.08,44,4,0.0,2,2709.0,0.02,Severe
01-02-2026 03:00,West Bengal,Kolkata,52.83,8.37,4.2,42,0,1.0,3,3630.0,0.39,Severe
01-02-2026 04:00,West Bengal,Murshidabad,62.6,4.97,4.11,50,4,0.0,5,2285.0,0.37,Severe
01-02-2026 05:00,Kerala,Kochi,81.4,8.43,4.86,53,3,2.0,1,3834.0,0.54,Severe
01-02-2026 06:00,Karnataka,Mangaluru,96.03,3.83,6.32,65,2,0.0,1,3017.0,0.62,Severe
01-02-2026 07:00,Maharashtra,Pune,10.23,8.09,5.6,34,0,1.0,2,1654.0,-0.23,Severe
01-02-2026 08:00,Maharashtra,Mumbai,7.13,7.29,5.23,26,0,0.0,3,1696.0,0.66,Severe
01-02-2026 09:00,Bihar,Muzaffarpur,25.06,8.69,6.69,34,0,1.0,3,2175.0,-0.19,Severe
01-02-2026 10:00,Tamil Nadu,Madurai,40.96,7.33,5.49,44,2,0.0,6,3022.0,0.76,Severe
01-02-2026 11:00,Gujarat,Surat,25.84,3.57,5.84,32,1,2.0,5,1842.0,1.14,Severe
01-02-2026 12:00,Maharashtra,Mumbai,66.38,8.2,6.96,53,2,1.0,1,2737.0,0.12,Severe
01-02-2026 13:00,Maharashtra,Pune,90.45,6.36,5.57,55,2,0.0,6,3600.0,-0.07,Severe
01-02-2026 14:00,Tamil Nadu,Tiruppur,60.1,2.3,6.35,41,2,0.0,5,1844.0,1.1,Severe
01-02-2026 15:00,Karnataka,Mysuru,11.5,1.37,5.24,31,1,0.0,8,900.0,0.32,Moderate
01-02-2026 16:00,Assam,Jorhat,83.12,3.93,4.11,62,0,0.0,3,3174.0,-0.26,Severe
01-02-2026 17:00,West Bengal,Darjeeling,22.72,7.29,6.5,26,0,0.0,8,2031.0,-0.06,Severe
01-02-2026 18:00,Uttar Pradesh,Prayagraj,4.64,5.95,6.83,28,2,2.0,5,1280.0,-0.04,Severe
01-02-2026 19:00,Uttar Pradesh,Varanasi,13.76,5.22,5.3,29,0,0.0,6,1803.0,0.89,Severe
01-02-2026 20:00,Uttar Pradesh,Varanasi,65.6,1.03,5.51,51,2,1.0,4,1519.0,-0.11,Moderate
01-02-2026 21:00,Tamil Nadu,Chennai,53.72,4.48,5.27,36,2,1.0,3,2761.0,-0.7,Severe
01-02-2026 22:00,Uttar Pradesh,Varanasi,35.51,2.26,6.99,42,0,0.0,4,1118.0,0.33,Moderate
01-02-2026 23:00,Bihar,Darbhanga,27.56,4.64,6.71,34,0,0.0,7,1973.0,0.48,Severe
02-02-2026 00:00,Kerala,Kottayam,12.48,8.93,4.12,29,2,1.0,2,2256.0,0.61,Severe
02-02-2026 01:00,Tamil Nadu,Chennai,24.63,8.04,6.34,34,2,0.0,1,2038.0,-0.865,Severe
02-02-2026 02:00,Tamil Nadu,Coimbatore,9.89,3.49,5.8,28,4,0.0,2,1432.0,0.27,Moderate
02-02-2026 03:00,West Bengal,Howrah,53.48,5.75,4.08,37,0,0.0,5,2323.0,0.16,Severe
02-02-2026 04:00,Uttar Pradesh,Gorakhpur,64.7,5.02,5.33,40,0,0.0,3,2287.0,0.54,Severe
02-02-2026 05:00,Odisha,Puri,55.39,2.04,4.45,38,2,0.0,2,1552.0,-0.54,Moderate
02-02-2026 06:00,Assam,Jorhat,68.45,8.92,6.62,46,3,0.0,3,4064.0,0.42,Severe
02-02-2026 07:00,Kerala,Kottayam,39.63,4.4,4.04,47,1,1.0,7,2306.0,0.43,Severe
02-02-2026 08:00,Tamil Nadu,Thanjavur,66.4,5.05,6.62,49,0,0.0,6,3232.0,0.86,Severe
02-02-2026 09:00,Kerala,Kottayam,2.44,6.18,6.82,22,1,0.0,6,2085.0,0.51,Severe
02-02-2026 10:00,Tamil Nadu,Tiruppur,32.97,2.53,4.22,23,2,1.0,3,1025.0,0.66,Moderate
02-02-2026 11:00,Karnataka,Bengaluru,54.39,2.78,6.16,47,1,0.0,2,1887.0,-0.21,Moderate
02-02-2026 12:00,West Bengal,Malda,22.26,2.54,5.65,28,2,0.0,1,1685.0,0.3,Moderate
02-02-2026 13:00,Bihar,Patna,31.3,4.08,6.86,41,1,0.0,3,2140.0,0.94,Severe
02-02-2026 14:00,Karnataka,Bengaluru,31.91,2.6,6.39,35,0,0.0,5,2035.0,0.13,Moderate
02-02-2026 15:00,Gujarat,Vadodara,36.69,8.41,6.08,34,2,0.0,2,2130.0,0.7,Severe
02-02-2026 16:00,Uttar Pradesh,Lucknow,17.24,6.71,6.78,31,0,1.0,7,1969.0,-0.09,Severe
02-02-2026 17:00,Gujarat,Rajkot,32.07,8.18,4.48,31,1,1.0,3,2286.0,0.24,Severe
02-02-2026 18:00,Assam,Dibrugarh,64.56,7.79,5.13,51,2,1.0,8,3811.0,-0.38,Severe
02-02-2026 19:00,Odisha,Puri,12.2,6.63,6.53,30,1,1.0,5,2440.0,0.31,Severe
02-02-2026 20:00,Bihar,Bhagalpur,18.03,2.94,4.3,32,2,1.0,7,1633.0,-0.03,Moderate
02-02-2026 21:00,Karnataka,Mysuru,34.39,5.92,6.81,34,0,0.0,1,2408.0,0.86,Severe
02-02-2026 22:00,Kerala,Kottayam,53.58,2.49,6.24,37,1,1.0,6,1720.0,1.26,Severe
02-02-2026 23:00,Kerala,Kochi,12.26,2.06,5.32,35,1,1.0,2,660.0,-0.43,Moderate
03-02-2026 00:00,Assam,Dhemaji,21.77,6.06,5.02,30,0,0.0,7,2429.0,-0.21,Severe
03-02-2026 01:00,Tamil Nadu,Tiruppur,94.85,6.0,4.44,66,1,1.0,3,3992.0,0.76,Severe
03-02-2026 02:00,Kerala,Kottayam,37.45,2.25,4.28,32,1,0.0,4,1472.0,0.0,Moderate
03-02-2026 03:00,Uttar Pradesh,Lucknow,51.27,3.82,5.27,36,2,0.0,3,2661.0,0.31,Severe
03-02-2026 04:00,Odisha,Bhubaneswar,68.84,1.53,6.53,43,5,2.0,4,1664.0,1.03,Severe
03-02-2026 05:00,West Bengal,Howrah,37.6,6.73,5.6,42,3,0.0,2,2252.0,1.04,Severe
03-02-2026 06:00,Uttar Pradesh,Lucknow,12.64,8.9,5.35,27,0,0.0,6,2295.0,-0.24,Severe
03-02-2026 07:00,Odisha,Puri,29.44,6.92,4.96,33,1,1.0,3,3062.0,1.22,Severe
03-02-2026 08:00,Assam,Guwahati,53.48,7.75,4.47,39,4,1.0,5,3088.0,0.65,Severe
03-02-2026 09:00,Uttar Pradesh,Prayagraj,57.26,4.81,6.97,49,1,0.0,2,3143.0,0.8,Severe
03-02-2026 10:00,West Bengal,Malda,22.8,1.76,4.08,34,0,0.0,6,1091.0,0.05,Moderate
03-02-2026 11:00,West Bengal,Malda,20.97,6.81,4.94,39,1,1.0,5,1680.0,0.0,Severe
03-02-2026 12:00,Maharashtra,Nashik,20.91,3.05,6.31,36,1,0.0,4,1058.0,-0.44,Moderate
03-02-2026 13:00,Tamil Nadu,Thanjavur,57.67,4.11,5.56,41,1,1.0,6,3232.0,-0.21,Severe
03-02-2026 14:00,Assam,Barpeta,24.21,6.62,4.94,41,1,2.0,1,2184.0,0.66,Severe
03-02-2026 15:00,Uttar Pradesh,Varanasi,5.97,8.24,6.98,30,3,0.0,8,1601.0,0.56,Severe
03-02-2026 16:00,Bihar,Darbhanga,27.41,4.89,5.86,29,0,0.0,6,1491.0,0.7,Severe
03-02-2026 17:00,Bihar,Muzaffarpur,52.72,8.69,4.89,44,0,1.0,3,3386.0,0.45,Severe
03-02-2026 18:00,Assam,Barpeta,65.98,5.16,6.54,46,2,0.0,5,2095.0,0.34,Severe
03-02-2026 19:00,Uttar Pradesh,Kanpur,22.2,1.98,4.45,26,0,0.0,5,268.0,0.03,Low
03-02-2026 20:00,Karnataka,Udupi,34.07,5.15,5.39,37,2,0.0,5,2479.0,0.22,Severe
03-02-2026 21:00,Karnataka,Bengaluru,32.81,7.89,6.52,35,1,0.0,5,2643.0,0.75,Severe
03-02-2026 22:00,Tamil Nadu,Coimbatore,29.65,5.3,6.95,27,3,2.0,3,2245.0,0.72,Severe
03-02-2026 23:00,Uttar Pradesh,Kanpur,29.52,6.98,5.15,36,3,1.0,1,3515.0,0.46,Severe
04-02-2026 00:00,West Bengal,Howrah,48.04,5.38,4.41,40,0,0.0,0,2777.0,-0.07,Severe
04-02-2026 01:00,Kerala,Alappuzha,67.26,5.37,5.7,44,0,0.0,4,3447.0,0.13,Severe
04-02-2026 02:00,Bihar,Bhagalpur,30.21,3.28,6.83,33,3,0.0,4,1030.0,-0.26,Moderate
04-02-2026 03:00,Uttar Pradesh,Lucknow,15.3,2.61,6.0,35,0,0.0,6,1527.0,0.19,Moderate
04-02-2026 04:00,Uttar Pradesh,Prayagraj,45.29,3.23,5.81,43,1,1.0,5,1529.0,-0.4,Severe
04-02-2026 05:00,Kerala,Kochi,104.02124999999998,4.53,4.93,61,2,2.5,6,4037.0,0.2,Severe
04-02-2026 06:00,Kerala,Kochi,44.24,7.48,5.82,61,3,0.0,5,2114.0,0.05,Severe
04-02-2026 07:00,Odisha,Puri,39.09,7.63,6.65,34,0,0.0,5,3099.0,0.34,Severe
04-02-2026 08:00,Maharashtra,Mumbai,16.44,2.31,5.13,43,2,0.0,5,1688.0,0.0,Moderate
04-02-2026 09:00,Tamil Nadu,Madurai,6.74,5.42,4.73,25,1,2.0,5,1052.0,0.68,Severe
04-02-2026 10:00,Bihar,Patna,31.85,4.33,5.44,40,0,1.0,8,1909.0,-0.39,Severe
04-02-2026 11:00,Kerala,Kottayam,44.47,5.57,5.13,40,1,1.0,5,1728.0,-0.37,Severe
04-02-2026 12:00,Karnataka,Kodagu,82.31,6.18,5.41,29,5,0.0,4,3189.0,0.23,Severe
04-02-2026 13:00,Assam,Dibrugarh,37.96,3.24,4.29,35,2,1.0,5,1895.0,0.47,Severe
04-02-2026 14:00,Karnataka,Mysuru,8.38,8.35,5.01,31,2,0.0,6,2436.0,0.16,Severe
04-02-2026 15:00,Odisha,Cuttack,16.7,8.48,6.48,28,2,2.5,3,2675.0,0.2,Severe
04-02-2026 16:00,Odisha,Puri,40.09,1.84,5.2,41,3,0.0,4,1500.0,0.39,Moderate
04-02-2026 17:00,Kerala,Alappuzha,39.96,6.62,6.9,40,3,1.0,2,3323.0,0.57,Severe
04-02-2026 18:00,Odisha,Bhubaneswar,56.64,1.27,6.13,40,2,1.0,4,1997.0,0.16,Moderate
04-02-2026 19:00,West Bengal,Howrah,18.68,1.37,5.1,40,0,0.0,6,1491.0,0.44,Moderate
04-02-2026 20:00,Gujarat,Bharuch,84.0,8.66,4.75,50,1,2.0,2,3759.0,0.79,Severe
04-02-2026 21:00,Uttar Pradesh,Gorakhpur,47.32,6.56,6.06,46,2,0.0,0,3628.0,-0.27,Severe
04-02-2026 22:00,Uttar Pradesh,Lucknow,18.23,3.6,4.91,41,1,0.0,4,1682.0,0.92,Severe
04-02-2026 23:00,Kerala,Alappuzha,28.72,6.36,6.78,33,1,1.0,8,1794.0,0.88,Severe
05-02-2026 00:00,Odisha,Kendrapara,12.71,7.77,4.35,30,2,1.0,5,1711.0,-0.03,Severe
05-02-2026 01:00,Assam,Dibrugarh,56.23,7.97,4.09,44,3,0.0,4,3379.0,0.58,Severe
05-02-2026 02:00,West Bengal,Darjeeling,72.81,1.16,4.66,45,3,2.0,6,2263.0,-0.34,Severe
05-02-2026 03:00,Tamil Nadu,Thanjavur,102.12,7.55,5.82,66,5,0.0,4,4186.0,0.49,Severe
05-02-2026 04:00,Odisha,Puri,33.31,7.83,6.5,28,1,0.0,4,1505.0,0.96,Severe
05-02-2026 05:00,West Bengal,Murshidabad,41.24,5.76,4.51,42,0,0.0,0,1325.0,-0.12,Severe
05-02-2026 06:00,Maharashtra,Mumbai,38.77,4.84,5.75,31,2,1.0,6,2362.0,0.01,Severe
05-02-2026 07:00,Tamil Nadu,Madurai,70.11,1.89,4.43,53,0,0.0,2,2589.0,0.51,Moderate
05-02-2026 08:00,Uttar Pradesh,Prayagraj,20.05,2.92,5.69,40,1,1.0,2,1956.0,0.19,Moderate
05-02-2026 09:00,Maharashtra,Pune,28.74,4.92,4.05,38,1,1.0,0,2301.0,0.44,Severe
05-02-2026 10:00,Kerala,Kochi,42.47,7.92,5.67,45,1,0.0,1,3463.0,1.45,Severe
05-02-2026 11:00,Bihar,Patna,67.35,7.43,5.57,52,1,2.0,1,3284.0,0.16,Severe
05-02-2026 12:00,Kerala,Kozhikode,78.97,4.97,4.13,55,2,1.0,4,3451.0,-0.36,Severe
05-02-2026 13:00,Assam,Jorhat,62.83,7.29,6.07,36,0,0.0,3,2915.0,0.05,Severe
05-02-2026 14:00,West Bengal,Kolkata,30.65,7.13,5.72,38,2,0.0,0,2179.0,0.43,Severe
05-02-2026 15:00,Bihar,Bhagalpur,51.14,5.63,5.87,46,0,0.0,8,2349.0,-0.23,Severe
05-02-2026 16:00,Tamil Nadu,Tiruppur,35.28,2.76,5.59,38,1,1.0,3,1714.0,0.04,Moderate
05-02-2026 17:00,Tamil Nadu,Chennai,24.05,3.78,6.17,47,0,0.0,6,1193.0,0.88,Severe
05-02-2026 18:00,Maharashtra,Nashik,38.5,2.31,5.58,48,0,0.0,4,1803.0,1.08,Moderate
05-02-2026 19:00,Assam,Barpeta,104.02124999999998,1.06,6.77,66,5,2.5,3,4592.375,0.17,Severe
05-02-2026 20:00,Uttar Pradesh,Varanasi,19.7,1.64,6.83,36,0,0.0,1,860.0,0.18,Low
05-02-2026 21:00,Odisha,Balasore,21.57,7.08,6.18,35,0,1.0,5,2197.0,-0.2,Severe
05-02-2026 22:00,Odisha,Balasore,33.46,1.27,6.74,40,1,1.0,4,1235.0,0.46,Moderate
05-02-2026 23:00,Bihar,Bhagalpur,65.69,4.2,6.77,46,3,0.0,4,2577.0,1.43,Severe
06-02-2026 00:00,Assam,Jorhat,8.23,8.89,4.79,33,2,1.0,6,2058.0,0.18,Severe
06-02-2026 01:00,Assam,Guwahati,58.42,7.36,6.98,38,1,1.0,5,2727.0,0.2,Severe
06-02-2026 02:00,Tamil Nadu,Coimbatore,23.39,7.0,4.8,36,0,0.0,4,2634.0,0.57,Severe
06-02-2026 03:00,Uttar Pradesh,Varanasi,55.44,3.2,4.06,39,2,0.0,5,1177.0,0.15,Moderate
06-02-2026 04:00,West Bengal,Darjeeling,42.92,6.13,6.89,42,0,0.0,2,1976.0,0.15,Severe
06-02-2026 05:00,Uttar Pradesh,Prayagraj,28.11,4.99,4.67,30,0,0.0,1,1655.0,0.97,Severe
06-02-2026 06:00,Karnataka,Kodagu,11.58,5.99,5.75,30,2,0.0,3,2156.0,-0.23,Severe
06-02-2026 07:00,Assam,Dhemaji,67.3,4.49,6.91,43,1,0.0,2,2923.0,-0.14,Severe
06-02-2026 08:00,Kerala,Thrissur,32.68,5.25,4.15,50,0,0.0,3,1790.0,0.64,Severe
06-02-2026 09:00,Gujarat,Rajkot,28.01,8.91,4.81,34,0,2.0,3,2439.0,0.28,Severe
06-02-2026 10:00,Assam,Dibrugarh,20.57,3.63,5.83,35,1,2.0,4,1860.0,-0.13,Severe
06-02-2026 11:00,Bihar,Gaya,45.53,2.73,6.29,42,0,2.0,5,1326.0,0.48,Severe
06-02-2026 12:00,Kerala,Kochi,66.13,4.59,6.42,43,0,0.0,2,2145.0,0.2,Severe
06-02-2026 13:00,Bihar,Patna,35.47,5.19,6.65,37,2,0.0,0,2497.0,0.43,Severe
06-02-2026 14:00,Maharashtra,Mumbai,20.51,1.69,4.51,23,3,0.0,3,1481.0,0.22,Moderate
06-02-2026 15:00,Gujarat,Vadodara,76.71,7.45,5.11,39,2,2.0,5,3192.0,-0.32,Severe
06-02-2026 16:00,Gujarat,Surat,15.51,4.38,6.14,25,0,0.0,3,948.0,0.83,Moderate
06-02-2026 17:00,Tamil Nadu,Madurai,31.32,4.31,6.15,43,2,0.0,5,2333.0,1.11,Severe
06-02-2026 18:00,Assam,Dhemaji,70.4,6.27,4.92,55,1,0.0,3,2749.0,-0.06,Severe
06-02-2026 19:00,Tamil Nadu,Coimbatore,29.46,7.19,4.91,33,1,0.0,2,1806.0,1.07,Severe
06-02-2026 20:00,Odisha,Cuttack,10.87,8.89,4.96,30,2,0.0,4,1431.0,0.3,Severe
06-02-2026 21:00,Bihar,Gaya,40.94,2.39,6.68,36,3,0.0,2,1914.0,-0.865,Moderate
06-02-2026 22:00,Karnataka,Bengaluru,78.08,3.76,6.73,59,1,1.0,3,3196.0,0.54,Severe
06-02-2026 23:00,Karnataka,Mangaluru,23.63,2.35,4.04,33,1,0.0,4,604.0,-0.64,Moderate
07-02-2026 00:00,Odisha,Balasore,25.97,8.05,4.98,38,1,2.0,5,2260.0,0.13,Severe
07-02-2026 01:00,Maharashtra,Mumbai,66.76,5.39,5.18,49,1,0.0,6,2406.0,0.67,Severe
07-02-2026 02:00,Karnataka,Mangaluru,2.13,7.82,6.95,22,1,1.0,6,1478.0,0.56,Severe
07-02-2026 03:00,Bihar,Gaya,79.4,8.88,6.83,51,2,1.0,1,3881.0,0.03,Severe
07-02-2026 04:00,Karnataka,Mangaluru,22.21,5.4,5.88,37,0,0.0,8,1817.0,0.63,Severe
07-02-2026 05:00,Odisha,Bhubaneswar,8.64,1.95,4.14,39,1,0.0,5,1781.0,0.76,Moderate
07-02-2026 06:00,Kerala,Alappuzha,30.29,3.89,4.57,32,1,1.0,4,960.0,0.08,Moderate
07-02-2026 07:00,Tamil Nadu,Chennai,53.09,1.29,5.3,48,3,2.0,8,2085.0,0.2,Severe
07-02-2026 08:00,West Bengal,Darjeeling,28.19,7.79,6.88,37,1,0.0,2,3639.0,0.44,Severe
07-02-2026 09:00,Bihar,Gaya,13.86,1.14,4.28,28,0,1.0,5,438.0,-0.17,Low
07-02-2026 10:00,Tamil Nadu,Tiruppur,66.14,5.74,6.37,53,4,0.0,4,2371.0,-0.01,Severe
07-02-2026 11:00,Gujarat,Ahmedabad,31.96,1.85,4.57,42,0,0.0,4,1158.0,0.8,Moderate
07-02-2026 12:00,Uttar Pradesh,Gorakhpur,8.25,1.06,5.52,21,1,1.0,6,948.0,1.38,Moderate
07-02-2026 13:00,Karnataka,Mangaluru,45.55,3.05,6.3,41,1,1.0,4,1073.0,0.62,Severe
07-02-2026 14:00,Karnataka,Mangaluru,10.98,5.41,6.08,29,0,1.0,4,790.0,0.47,Severe
07-02-2026 15:00,Maharashtra,Pune,103.22,1.6,6.33,51,1,1.0,0,2214.0,1.17,Severe
07-02-2026 16:00,Tamil Nadu,Tiruppur,37.67,5.92,6.44,32,1,1.0,4,2337.0,-0.07,Severe
07-02-2026 17:00,Uttar Pradesh,Varanasi,18.67,6.38,4.92,32,0,0.0,7,1945.0,0.39,Severe
07-02-2026 18:00,Karnataka,Udupi,18.27,8.76,5.09,28,2,0.0,4,2932.0,0.72,Severe
07-02-2026 19:00,Gujarat,Rajkot,36.55,8.2,6.45,42,1,0.0,4,1859.0,-0.02,Severe
07-02-2026 20:00,Maharashtra,Nagpur,88.51,5.53,4.12,66,3,0.0,6,3330.0,-0.39,Severe
07-02-2026 21:00,Tamil Nadu,Chennai,21.88,7.35,5.54,34,0,0.0,7,2313.0,0.72,Severe
07-02-2026 22:00,Maharashtra,Pune,29.02,3.91,6.76,37,2,2.0,8,1938.0,0.78,Severe
07-02-2026 23:00,Tamil Nadu,Chennai,44.72,5.69,6.66,36,3,1.0,6,2535.0,0.73,Severe
08-02-2026 00:00,Assam,Jorhat,29.42,4.23,6.41,34,0,2.0,3,1268.0,0.74,Severe
08-02-2026 01:00,Assam,Dibrugarh,10.67,3.7,4.06,25,1,0.0,1,1473.0,0.39,Moderate
08-02-2026 02:00,Odisha,Balasore,36.71,6.82,6.66,30,0,1.0,6,2974.0,0.41,Severe
08-02-2026 03:00,Bihar,Muzaffarpur,21.5,3.37,6.73,34,3,0.0,4,382.0,0.45,Moderate
08-02-2026 04:00,Maharashtra,Mumbai,28.24,4.04,5.99,27,2,0.0,4,1428.0,0.85,Severe
08-02-2026 05:00,Odisha,Puri,96.34,3.94,4.9,56,1,0.0,7,3514.0,0.48,Severe
08-02-2026 06:00,Maharashtra,Kolhapur,29.42,7.96,5.47,31,0,1.0,3,2058.0,0.39,Severe
08-02-2026 07:00,Karnataka,Udupi,4.35,2.36,6.29,23,1,0.0,2,1073.0,0.5,Moderate
08-02-2026 08:00,West Bengal,Howrah,27.28,4.05,6.44,33,1,2.0,2,2112.0,0.55,Severe
08-02-2026 09:00,Maharashtra,Nagpur,32.79,8.1,5.03,43,1,0.0,6,3231.0,-0.13,Severe
08-02-2026 10:00,Karnataka,Kodagu,52.46,1.12,4.98,52,2,1.0,3,1546.0,0.97,Severe
08-02-2026 11:00,Uttar Pradesh,Kanpur,40.77,8.58,6.21,34,0,0.0,3,1993.0,0.05,Severe
08-02-2026 12:00,Assam,Guwahati,40.33,8.19,6.06,30,2,1.0,5,3472.0,0.38,Severe
08-02-2026 13:00,Odisha,Bhubaneswar,42.79,4.34,5.54,47,1,0.0,7,1912.0,-0.07,Severe
08-02-2026 14:00,West Bengal,Howrah,57.5,6.22,5.26,46,0,1.0,8,2238.0,0.26,Severe
08-02-2026 15:00,Gujarat,Ahmedabad,10.48,8.93,5.97,34,1,2.0,5,2963.0,0.59,Severe
08-02-2026 16:00,Assam,Jorhat,104.02124999999998,5.44,4.1,66,5,2.5,5,4592.375,0.49,Severe
08-02-2026 17:00,Odisha,Cuttack,26.12,1.78,4.23,37,1,0.0,5,1132.0,0.11,Moderate
08-02-2026 18:00,West Bengal,Malda,14.77,7.83,5.72,29,0,1.0,3,624.0,0.04,Severe
08-02-2026 19:00,Gujarat,Ahmedabad,45.57,2.07,4.63,42,0,1.0,3,2395.0,0.47,Moderate
08-02-2026 20:00,Kerala,Alappuzha,28.47,3.06,6.32,33,2,1.0,3,671.0,0.84,Severe
08-02-2026 21:00,Karnataka,Kodagu,62.76,7.99,6.32,54,1,1.0,3,3166.0,1.0,Severe
08-02-2026 22:00,Kerala,Thrissur,22.33,3.05,6.13,36,2,0.0,3,1901.0,1.26,Severe
08-02-2026 23:00,Karnataka,Kodagu,68.32,6.96,6.71,40,1,2.0,4,2824.0,0.03,Severe
09-02-2026 00:00,Tamil Nadu,Tiruppur,15.02,4.58,4.42,26,3,0.0,8,1689.0,0.0,Severe
09-02-2026 01:00,Bihar,Muzaffarpur,103.94,7.08,4.78,62,4,1.0,5,4220.0,0.3,Severe
09-02-2026 02:00,West Bengal,Darjeeling,33.9,2.86,4.76,31,2,0.0,2,2792.0,0.27,Moderate
09-02-2026 03:00,Kerala,Thrissur,86.03,4.36,6.35,58,0,0.0,6,3044.0,-0.29,Severe
09-02-2026 04:00,Bihar,Darbhanga,13.11,3.55,5.56,33,1,0.0,7,1435.0,0.73,Severe
09-02-2026 05:00,West Bengal,Darjeeling,55.73,2.99,4.76,35,2,1.0,4,2286.0,0.0,Severe
09-02-2026 06:00,Odisha,Kendrapara,54.8,3.52,4.41,58,3,0.0,4,1945.0,0.06,Severe
09-02-2026 07:00,Tamil Nadu,Madurai,30.19,3.58,6.68,32,2,0.0,5,2155.0,0.54,Severe
09-02-2026 08:00,Odisha,Cuttack,4.6,8.64,6.08,25,0,1.0,3,1329.0,-0.19,Severe
09-02-2026 09:00,Karnataka,Kodagu,56.08,5.27,5.59,42,4,1.0,8,2411.0,0.24,Severe
09-02-2026 10:00,Bihar,Patna,27.01,4.7,6.9,35,1,1.0,1,1620.0,0.68,Severe
09-02-2026 11:00,West Bengal,Murshidabad,77.19,5.03,6.55,50,2,1.0,4,2949.0,0.37,Severe
09-02-2026 12:00,Maharashtra,Nagpur,64.25,8.97,4.53,49,1,0.0,6,3572.0,0.69,Severe
09-02-2026 13:00,Bihar,Bhagalpur,76.93,6.23,5.52,38,2,1.0,1,2972.0,0.79,Severe
09-02-2026 14:00,Uttar Pradesh,Prayagraj,49.87,6.63,5.46,45,1,2.5,1,2622.0,0.31,Severe
09-02-2026 15:00,Gujarat,Ahmedabad,37.38,3.51,6.53,35,0,2.0,4,2263.0,-0.865,Severe
09-02-2026 16:00,Kerala,Thrissur,87.99,4.77,4.45,61,5,2.0,2,3500.0,0.9,Severe
09-02-2026 17:00,West Bengal,Murshidabad,104.02124999999998,2.47,5.36,66,1,1.0,5,3853.0,0.33,Severe
09-02-2026 18:00,Assam,Jorhat,35.0,6.48,5.91,49,0,0.0,6,2934.0,0.71,Severe
09-02-2026 19:00,Assam,Jorhat,76.1,3.76,6.84,62,5,0.0,6,2542.0,0.97,Severe
09-02-2026 20:00,Gujarat,Rajkot,20.67,6.99,6.7,30,2,0.0,4,2094.0,-0.47,Severe
09-02-2026 21:00,Karnataka,Udupi,14.39,2.71,5.6,25,1,0.0,4,1760.0,0.35,Moderate
09-02-2026 22:00,Bihar,Darbhanga,20.98,4.23,5.82,40,1,1.0,2,1487.0,1.04,Severe
09-02-2026 23:00,Bihar,Muzaffarpur,19.57,4.77,6.56,34,0,1.0,3,2209.0,0.26,Severe
10-02-2026 00:00,Assam,Dhemaji,57.3,2.33,6.23,40,2,0.0,0,1635.0,0.79,Moderate
10-02-2026 01:00,Bihar,Patna,24.18,1.56,6.64,38,0,2.5,4,895.0,-0.14,Moderate
10-02-2026 02:00,Gujarat,Vadodara,15.43,3.54,6.69,29,3,0.0,8,1914.0,0.57,Severe
10-02-2026 03:00,Bihar,Bhagalpur,15.58,5.36,6.5,28,1,0.0,2,1774.0,-0.21,Moderate
10-02-2026 04:00,Karnataka,Mangaluru,49.13,6.22,4.03,47,0,2.0,4,3463.0,0.76,Severe
10-02-2026 05:00,Kerala,Alappuzha,57.05,4.4,4.93,51,2,0.0,2,2018.0,0.15,Severe
10-02-2026 06:00,Uttar Pradesh,Varanasi,51.6,5.0,5.21,35,1,2.0,2,2196.0,0.99,Severe
10-02-2026 07:00,Kerala,Kochi,55.6,5.35,6.03,39,0,1.0,4,2248.0,1.01,Severe
10-02-2026 08:00,Uttar Pradesh,Kanpur,27.03,5.1,4.92,35,1,0.0,0,1458.0,0.08,Moderate
10-02-2026 09:00,Maharashtra,Pune,104.02124999999998,1.72,4.97,57,3,1.0,5,4242.0,1.11,Severe
10-02-2026 10:00,Kerala,Thrissur,27.52,4.24,5.2,35,1,1.0,1,1580.0,0.09,Moderate
10-02-2026 11:00,Gujarat,Ahmedabad,23.13,2.63,6.87,31,1,2.5,6,1762.0,0.66,Severe
10-02-2026 12:00,Tamil Nadu,Coimbatore,56.26,5.27,5.31,42,0,2.0,5,2870.0,0.34,Severe
10-02-2026 13:00,Maharashtra,Pune,26.73,7.06,4.42,31,0,0.0,5,2404.0,0.16,Severe
10-02-2026 14:00,Uttar Pradesh,Varanasi,22.79,5.64,4.02,46,0,1.0,2,1390.0,0.71,Severe
10-02-2026 15:00,Uttar Pradesh,Kanpur,28.43,2.77,4.71,37,1,2.0,3,2005.0,0.12,Moderate
10-02-2026 16:00,Maharashtra,Pune,39.77,2.66,6.82,33,1,0.0,4,1722.0,0.09,Moderate
10-02-2026 17:00,Uttar Pradesh,Prayagraj,68.35,1.3,6.86,55,3,0.0,2,2909.0,0.35,Severe
10-02-2026 18:00,West Bengal,Howrah,8.02,4.41,5.59,35,0,1.0,3,1060.0,0.76,Severe
10-02-2026 19:00,Tamil Nadu,Thanjavur,68.6,4.46,5.94,42,1,2.0,5,2994.0,0.46,Severe
10-02-2026 20:00,Gujarat,Ahmedabad,10.37,2.89,6.39,26,1,0.0,3,1504.0,0.19,Moderate
10-02-2026 21:00,West Bengal,Murshidabad,11.71,7.11,4.17,24,2,0.0,4,1013.0,0.12,Severe
10-02-2026 22:00,Uttar Pradesh,Kanpur,41.26,4.09,5.12,42,1,0.0,5,1622.0,0.26,Severe
10-02-2026 23:00,Kerala,Kottayam,8.63,6.36,5.93,29,0,1.0,8,1548.0,0.6,Severe
11-02-2026 00:00,West Bengal,Kolkata,22.32,6.12,6.69,33,0,1.0,4,1840.0,-0.13,Severe
11-02-2026 01:00,Kerala,Alappuzha,63.61,5.84,6.18,54,0,0.0,4,2750.0,0.05,Severe
11-02-2026 02:00,Maharashtra,Nashik,56.16,8.26,5.05,48,1,1.0,5,2700.0,0.71,Severe
11-02-2026 03:00,Bihar,Gaya,68.29,1.13,6.73,43,3,0.0,8,3042.0,-0.02,Severe
11-02-2026 04:00,Odisha,Balasore,21.15,1.54,5.99,28,0,0.0,4,1353.0,0.09,Low
11-02-2026 05:00,Uttar Pradesh,Varanasi,27.66,6.78,6.49,35,0,0.0,5,1761.0,0.34,Severe
11-02-2026 06:00,Odisha,Balasore,10.85,3.83,5.16,36,0,1.0,6,867.0,-0.02,Moderate
11-02-2026 07:00,Tamil Nadu,Madurai,28.36,8.89,4.01,33,0,0.0,7,2405.0,0.14,Severe
11-02-2026 08:00,Kerala,Kozhikode,11.3,2.73,4.5,25,0,1.0,3,1172.0,0.41,Moderate
11-02-2026 09:00,West Bengal,Darjeeling,104.02124999999998,2.47,6.78,66,2,1.0,3,4592.375,0.67,Severe
11-02-2026 10:00,Odisha,Cuttack,46.38,5.71,4.1,38,0,1.0,5,2147.0,0.01,Severe
11-02-2026 11:00,Karnataka,Udupi,39.51,3.24,5.79,27,2,0.0,7,1517.0,-0.02,Moderate
11-02-2026 12:00,Uttar Pradesh,Lucknow,20.18,3.72,5.23,36,2,0.0,3,1346.0,0.86,Severe
11-02-2026 13:00,Odisha,Puri,18.74,8.37,5.29,29,2,0.0,4,2433.0,0.06,Severe
11-02-2026 14:00,West Bengal,Darjeeling,24.75,1.21,5.2,38,0,0.0,4,1739.0,0.01,Low
11-02-2026 15:00,West Bengal,Malda,43.05,5.25,4.2,30,2,0.0,1,2551.0,-0.55,Severe
11-02-2026 16:00,Tamil Nadu,Coimbatore,14.56,3.68,4.37,33,1,0.0,5,1314.0,0.85,Severe
11-02-2026 17:00,Assam,Barpeta,11.04,3.77,4.19,31,0,1.0,5,1137.0,0.97,Severe
11-02-2026 18:00,Gujarat,Surat,2.08,2.98,4.16,21,2,0.0,5,1306.0,0.34,Moderate
11-02-2026 19:00,Karnataka,Kodagu,47.16,2.08,4.26,66,2,0.0,2,1423.0,0.44,Moderate
11-02-2026 20:00,Odisha,Cuttack,30.95,1.28,6.09,32,1,1.0,1,1938.0,0.35,Moderate
11-02-2026 21:00,Gujarat,Ahmedabad,24.64,8.9,4.34,30,1,1.0,8,2222.0,-0.14,Severe
11-02-2026 22:00,Karnataka,Udupi,14.35,6.28,4.78,37,1,0.0,4,2078.0,0.63,Severe
11-02-2026 23:00,Assam,Dhemaji,24.71,7.22,5.97,29,2,1.0,3,1550.0,0.97,Severe
12-02-2026 00:00,Odisha,Balasore,78.11,1.52,4.34,52,1,0.0,1,2599.0,0.35,Moderate
12-02-2026 01:00,Karnataka,Bengaluru,17.98,1.12,6.73,38,2,0.0,1,425.0,0.67,Moderate
12-02-2026 02:00,Gujarat,Vadodara,50.97,5.8,5.43,39,1,0.0,6,2448.0,-0.04,Severe
12-02-2026 03:00,Kerala,Kochi,56.09,6.79,6.89,33,1,0.0,2,3068.0,-0.08,Severe
12-02-2026 04:00,West Bengal,Darjeeling,13.43,4.16,4.58,35,0,0.0,5,1400.0,0.56,Moderate
12-02-2026 05:00,Bihar,Patna,15.59,4.1,4.09,26,0,0.0,5,1494.0,1.04,Severe
12-02-2026 06:00,Maharashtra,Nashik,32.21,4.08,5.77,45,1,0.0,5,1492.0,0.08,Severe
12-02-2026 07:00,Uttar Pradesh,Kanpur,104.02124999999998,2.22,4.99,58,5,2.0,7,3500.0,0.27,Severe
12-02-2026 08:00,Bihar,Darbhanga,63.92,7.03,5.72,46,0,1.0,5,3650.0,0.59,Severe
12-02-2026 09:00,Odisha,Bhubaneswar,32.24,2.72,5.42,41,0,0.0,8,1012.0,0.15,Moderate
12-02-2026 10:00,Odisha,Kendrapara,65.38,3.6,5.37,45,0,2.0,6,3421.0,0.57,Severe
12-02-2026 11:00,Karnataka,Udupi,4.22,6.37,6.55,32,0,0.0,1,1859.0,-0.08,Moderate
12-02-2026 12:00,West Bengal,Howrah,30.29,1.0,4.58,30,0,0.0,3,1503.0,0.55,Low
12-02-2026 13:00,Assam,Jorhat,3.98,7.13,5.5,20,3,0.0,5,2130.0,0.25,Severe
12-02-2026 14:00,Tamil Nadu,Chennai,37.73,8.19,5.25,44,2,2.0,3,2971.0,-0.37,Severe
12-02-2026 15:00,Karnataka,Udupi,54.32,1.41,6.02,46,0,0.0,6,1657.0,-0.11,Moderate
12-02-2026 16:00,Tamil Nadu,Thanjavur,22.25,5.73,4.15,26,0,1.0,4,1421.0,0.5,Severe
12-02-2026 17:00,Maharashtra,Nashik,21.39,4.27,5.59,41,1,0.0,2,1454.0,0.96,Severe
12-02-2026 18:00,Gujarat,Bharuch,32.81,1.63,5.44,36,1,0.0,6,1545.0,-0.24,Moderate
12-02-2026 19:00,Karnataka,Udupi,23.75,6.46,6.92,20,3,1.0,4,2890.0,0.81,Severe
12-02-2026 20:00,Maharashtra,Nagpur,26.59,5.9,6.27,33,1,0.0,3,1911.0,0.54,Severe
12-02-2026 21:00,Uttar Pradesh,Gorakhpur,69.84,6.14,4.46,58,1,0.0,4,3917.0,0.78,Severe
12-02-2026 22:00,Karnataka,Mysuru,56.25,7.51,5.53,43,2,0.0,3,2395.0,0.28,Severe
12-02-2026 23:00,West Bengal,Howrah,43.41,3.3,6.35,37,1,1.0,4,2177.0,0.63,Severe
13-02-2026 00:00,West Bengal,Darjeeling,9.06,6.42,5.57,31,1,0.0,2,885.0,1.18,Severe
13-02-2026 01:00,Odisha,Bhubaneswar,48.88,6.95,5.07,40,0,0.0,3,1496.0,0.44,Severe
13-02-2026 02:00,Uttar Pradesh,Prayagraj,31.89,2.35,5.13,34,2,0.0,6,2623.0,-0.09,Moderate
13-02-2026 03:00,Odisha,Balasore,24.02,8.66,5.1,28,1,0.0,1,2809.0,1.0,Severe
13-02-2026 04:00,Tamil Nadu,Coimbatore,26.73,3.72,4.06,24,1,0.0,3,1899.0,0.59,Moderate
13-02-2026 05:00,Bihar,Gaya,79.19,6.71,6.19,44,2,1.0,7,4382.0,0.46,Severe
13-02-2026 06:00,Assam,Dibrugarh,62.37,7.03,5.83,47,1,0.0,7,3685.0,1.16,Severe
13-02-2026 07:00,Uttar Pradesh,Kanpur,26.37,5.03,4.81,27,1,0.0,1,2679.0,0.98,Severe
13-02-2026 08:00,Gujarat,Surat,90.93,2.03,5.89,41,1,1.0,3,3390.0,0.57,Severe
13-02-2026 09:00,Assam,Barpeta,59.27,3.21,4.93,36,0,2.0,5,3120.0,-0.06,Severe
13-02-2026 10:00,Assam,Dibrugarh,18.61,2.87,4.73,36,2,1.0,5,943.0,0.18,Moderate
13-02-2026 11:00,Kerala,Thrissur,18.25,5.15,6.22,44,1,1.0,3,1260.0,0.44,Severe
13-02-2026 12:00,Karnataka,Udupi,37.31,3.09,6.43,29,2,0.0,3,2132.0,0.34,Moderate
13-02-2026 13:00,Gujarat,Ahmedabad,15.35,5.37,5.88,24,2,0.0,2,2365.0,0.14,Severe
13-02-2026 14:00,Uttar Pradesh,Lucknow,97.86,3.31,6.35,51,5,1.0,0,3416.0,0.26,Severe
13-02-2026 15:00,Odisha,Bhubaneswar,38.05,1.01,5.1,37,1,2.0,2,2462.0,0.82,Moderate
13-02-2026 16:00,Tamil Nadu,Madurai,16.23,3.91,4.22,30,3,2.0,2,0.0,0.44,Severe
13-02-2026 17:00,Karnataka,Bengaluru,82.98,5.85,5.81,53,3,0.0,3,3903.0,0.14,Severe
13-02-2026 18:00,Kerala,Alappuzha,3.81,7.19,4.77,23,1,2.0,3,2365.0,0.65,Severe
13-02-2026 19:00,Tamil Nadu,Madurai,38.23,1.23,6.33,46,2,0.0,5,1675.0,0.6,Moderate
13-02-2026 20:00,Uttar Pradesh,Kanpur,30.89,3.07,5.07,26,2,0.0,7,1974.0,0.33,Severe
13-02-2026 21:00,Bihar,Darbhanga,10.81,8.88,6.01,28,1,0.0,2,1699.0,-0.15,Severe
13-02-2026 22:00,Assam,Barpeta,87.59,3.09,5.66,61,2,2.5,3,2660.0,0.3,Severe
13-02-2026 23:00,Kerala,Kozhikode,22.96,7.22,6.45,42,1,1.0,8,2825.0,0.35,Severe
14-02-2026 00:00,Tamil Nadu,Chennai,20.73,5.07,6.5,43,1,0.0,5,1529.0,0.75,Severe
14-02-2026 01:00,Odisha,Balasore,56.68,1.98,4.2,47,0,2.0,1,3466.0,0.03,Severe
14-02-2026 02:00,Kerala,Kottayam,37.11,6.15,4.89,46,3,2.0,6,1939.0,0.23,Severe
14-02-2026 03:00,Tamil Nadu,Thanjavur,16.68,8.73,6.61,27,3,0.0,7,1363.0,1.04,Severe
14-02-2026 04:00,Kerala,Thrissur,22.75,8.09,5.21,38,1,1.0,4,1798.0,0.24,Severe
14-02-2026 05:00,Odisha,Balasore,80.2,6.52,5.54,59,2,1.0,4,3239.0,0.34,Severe
14-02-2026 06:00,Odisha,Bhubaneswar,28.27,5.1,4.55,37,0,2.0,4,1416.0,1.17,Severe
14-02-2026 07:00,Gujarat,Bharuch,104.02124999999998,3.55,5.66,66,0,0.0,5,3846.0,-0.05,Severe
14-02-2026 08:00,West Bengal,Murshidabad,15.12,3.86,4.79,26,2,0.0,2,1149.0,0.94,Moderate
14-02-2026 09:00,Assam,Jorhat,25.5,3.77,6.49,33,2,1.0,1,2379.0,0.18,Severe
14-02-2026 10:00,Karnataka,Kodagu,19.15,8.38,4.6,33,0,1.0,2,2050.0,0.45,Severe
14-02-2026 11:00,Karnataka,Udupi,53.75,2.69,5.08,44,2,0.0,8,1998.0,0.48,Severe
14-02-2026 12:00,Uttar Pradesh,Gorakhpur,104.02124999999998,4.02,4.29,66,5,1.0,8,4287.0,0.25,Severe
14-02-2026 13:00,Maharashtra,Nagpur,35.27,4.46,5.76,34,0,2.0,5,2027.0,-0.07,Severe
14-02-2026 14:00,Uttar Pradesh,Gorakhpur,39.9,4.27,6.83,37,0,1.0,4,1392.0,0.05,Severe
14-02-2026 15:00,Maharashtra,Mumbai,24.51,1.03,4.52,30,0,0.0,3,950.0,0.26,Low
14-02-2026 16:00,Kerala,Alappuzha,9.9,3.17,4.06,37,0,1.0,7,612.0,0.0,Moderate
14-02-2026 17:00,Maharashtra,Nashik,28.42,4.99,5.27,43,4,1.0,7,2326.0,0.35,Severe
14-02-2026 18:00,West Bengal,Kolkata,45.99,7.08,6.25,44,2,0.0,4,3753.0,0.01,Severe
14-02-2026 19:00,West Bengal,Malda,21.85,5.56,6.93,38,3,2.0,3,1793.0,-0.05,Severe
14-02-2026 20:00,Assam,Dhemaji,10.91,4.08,4.15,31,1,0.0,1,1693.0,-0.36,Moderate
14-02-2026 21:00,Tamil Nadu,Tiruppur,2.45,6.32,6.36,17,1,0.0,1,1439.0,1.11,Severe
14-02-2026 22:00,Karnataka,Kodagu,90.78,6.33,5.11,64,3,0.0,4,3711.0,0.31,Severe
14-02-2026 23:00,Assam,Barpeta,24.25,2.98,4.46,45,3,0.0,4,2054.0,0.05,Moderate
15-02-2026 00:00,West Bengal,Howrah,44.59,1.83,4.58,44,2,0.0,7,1417.0,-0.09,Moderate
15-02-2026 01:00,Tamil Nadu,Coimbatore,67.3,7.43,6.77,52,2,1.0,8,2882.0,0.1,Severe
15-02-2026 02:00,Uttar Pradesh,Prayagraj,76.58,5.24,6.43,39,1,2.0,3,3478.0,-0.49,Severe
15-02-2026 03:00,Karnataka,Bengaluru,21.38,2.41,4.94,33,1,0.0,3,1380.0,0.08,Moderate
15-02-2026 04:00,Gujarat,Ahmedabad,43.29,3.1,6.82,35,0,0.0,7,2204.0,0.67,Severe
15-02-2026 05:00,Karnataka,Udupi,46.69,7.13,4.32,49,0,1.0,6,3178.0,0.06,Severe
15-02-2026 06:00,Kerala,Kochi,60.98,6.23,4.97,56,0,2.0,3,2492.0,0.63,Severe
15-02-2026 07:00,Bihar,Gaya,46.33,8.56,5.96,32,2,0.0,6,2445.0,0.76,Severe
15-02-2026 08:00,Karnataka,Bengaluru,39.93,4.72,7.0,42,0,1.0,4,3318.0,0.64,Severe
15-02-2026 09:00,West Bengal,Murshidabad,15.33,1.42,5.4,26,0,0.0,3,1331.0,0.37,Low
15-02-2026 10:00,Kerala,Kozhikode,52.81,6.6,6.43,41,0,0.0,3,3411.0,0.88,Severe
15-02-2026 11:00,Odisha,Bhubaneswar,32.82,3.04,6.75,32,1,0.0,5,2811.0,0.86,Severe
15-02-2026 12:00,Maharashtra,Mumbai,83.6,3.59,4.03,53,1,2.0,3,3475.0,0.03,Severe
15-02-2026 13:00,Uttar Pradesh,Lucknow,53.09,2.57,4.87,49,2,1.0,5,845.0,-0.04,Severe
15-02-2026 14:00,Gujarat,Vadodara,5.75,3.47,4.3,29,3,0.0,4,1780.0,0.15,Moderate
15-02-2026 15:00,Uttar Pradesh,Kanpur,14.42,7.64,6.33,28,1,0.0,7,1436.0,0.21,Severe
15-02-2026 16:00,Odisha,Puri,24.64,5.61,5.7,36,1,0.0,5,2310.0,0.88,Severe
15-02-2026 17:00,Bihar,Darbhanga,32.16,1.87,4.29,47,3,0.0,8,1128.0,0.71,Severe
15-02-2026 18:00,Karnataka,Udupi,104.02124999999998,5.69,5.26,49,2,1.0,2,4105.0,0.41,Severe
15-02-2026 19:00,Assam,Jorhat,57.27,6.07,5.54,39,3,0.0,3,3262.0,0.43,Severe
15-02-2026 20:00,Kerala,Alappuzha,19.2,8.08,6.09,26,0,1.0,6,2283.0,-0.14,Severe
15-02-2026 21:00,Gujarat,Surat,58.37,7.88,6.34,55,0,0.0,1,3082.0,0.84,Severe
15-02-2026 22:00,Odisha,Cuttack,38.62,1.5,4.26,34,0,0.0,5,922.0,0.43,Moderate
15-02-2026 23:00,Bihar,Muzaffarpur,58.76,7.93,5.46,50,0,1.0,1,3080.0,-0.12,Severe
16-02-2026 00:00,Uttar Pradesh,Gorakhpur,26.43,1.41,4.48,27,1,1.0,3,2654.0,-0.41,Moderate
16-02-2026 01:00,Odisha,Kendrapara,104.02124999999998,2.23,6.26,66,4,2.5,3,4592.375,-0.22,Severe
16-02-2026 02:00,Gujarat,Bharuch,90.49,1.89,5.97,66,2,1.0,6,2536.0,0.38,Severe
16-02-2026 03:00,Gujarat,Rajkot,51.68,2.45,6.17,42,4,1.0,2,2280.0,-0.8,Severe
16-02-2026 04:00,Bihar,Darbhanga,24.08,7.43,4.22,34,0,0.0,3,2127.0,-0.18,Severe
16-02-2026 05:00,Uttar Pradesh,Prayagraj,58.7,6.49,5.53,40,2,0.0,3,2844.0,0.57,Severe
16-02-2026 06:00,West Bengal,Kolkata,9.92,6.5,6.52,33,1,0.0,4,1013.0,0.15,Severe
16-02-2026 07:00,Gujarat,Rajkot,94.81,8.38,6.14,66,0,0.0,2,4257.0,-0.45,Severe
16-02-2026 08:00,Kerala,Kochi,81.8,4.13,6.59,52,5,1.0,8,3086.0,0.07,Severe
16-02-2026 09:00,Kerala,Kottayam,47.68,1.03,4.62,34,0,2.5,4,1603.0,0.31,Moderate
16-02-2026 10:00,Maharashtra,Pune,15.77,6.12,4.86,28,2,0.0,2,2416.0,0.77,Severe
16-02-2026 11:00,Uttar Pradesh,Lucknow,26.3,7.94,5.32,34,0,1.0,4,1657.0,0.55,Severe
16-02-2026 12:00,Odisha,Cuttack,4.14,8.81,5.57,25,0,0.0,2,2146.0,0.54,Severe
16-02-2026 13:00,Kerala,Kozhikode,4.34,3.91,4.76,28,2,2.0,3,1350.0,0.67,Severe
16-02-2026 14:00,Bihar,Gaya,29.14,7.58,5.14,35,0,1.0,4,1287.0,-0.4,Severe
16-02-2026 15:00,Odisha,Balasore,14.54,7.79,6.06,32,1,0.0,4,2658.0,0.91,Severe
16-02-2026 16:00,Uttar Pradesh,Kanpur,6.04,2.16,5.94,20,0,0.0,8,1145.0,0.91,Moderate
16-02-2026 17:00,Bihar,Patna,24.02,6.05,4.33,33,0,0.0,7,1709.0,0.07,Severe
16-02-2026 18:00,Karnataka,Mysuru,25.69,2.39,6.96,34,0,0.0,8,1481.0,-0.865,Moderate
16-02-2026 19:00,Tamil Nadu,Thanjavur,11.55,4.57,5.69,22,1,1.0,6,2067.0,0.95,Severe
16-02-2026 20:00,Kerala,Alappuzha,41.99,8.03,5.45,45,1,1.0,5,3006.0,-0.865,Severe
16-02-2026 21:00,Kerala,Alappuzha,65.09,7.32,6.9,52,3,2.0,3,3541.0,0.52,Severe
16-02-2026 22:00,Maharashtra,Pune,43.73,5.56,4.42,43,1,0.0,1,2573.0,0.15,Severe
16-02-2026 23:00,West Bengal,Murshidabad,32.15,7.47,5.63,35,1,1.0,4,2407.0,0.08,Severe
17-02-2026 00:00,Maharashtra,Nagpur,34.13,2.22,6.42,29,2,0.0,6,1506.0,0.16,Moderate
17-02-2026 01:00,Uttar Pradesh,Kanpur,27.51,2.56,5.2,37,0,2.0,3,1570.0,0.41,Moderate
17-02-2026 02:00,Maharashtra,Nagpur,23.83,2.67,6.21,33,0,1.0,2,937.0,-0.61,Moderate
17-02-2026 03:00,West Bengal,Darjeeling,43.11,7.21,6.7,44,1,0.0,4,2555.0,0.26,Severe
17-02-2026 04:00,West Bengal,Kolkata,44.75,8.13,4.78,40,2,2.0,3,3257.0,-0.29,Severe
17-02-2026 05:00,Gujarat,Rajkot,34.33,5.5,4.72,41,2,0.0,7,2055.0,0.12,Severe
17-02-2026 06:00,Gujarat,Surat,24.51,8.66,5.08,36,5,0.0,6,2233.0,0.42,Severe
17-02-2026 07:00,Tamil Nadu,Tiruppur,15.57,6.82,5.26,29,1,0.0,5,3010.0,0.74,Severe
17-02-2026 08:00,Bihar,Bhagalpur,8.09,5.51,4.33,26,1,2.5,2,1573.0,0.02,Severe
17-02-2026 09:00,Karnataka,Mysuru,15.59,5.89,4.69,27,1,0.0,4,2439.0,1.16,Severe
17-02-2026 10:00,West Bengal,Darjeeling,24.34,7.8,6.62,21,1,1.0,2,2928.0,-0.05,Severe
17-02-2026 11:00,Karnataka,Mysuru,26.16,1.72,5.7,22,0,0.0,1,1319.0,-0.04,Low
17-02-2026 12:00,Kerala,Thrissur,104.02124999999998,2.34,4.8,66,5,1.0,5,4592.375,0.81,Severe
17-02-2026 13:00,Assam,Barpeta,60.73,3.13,6.83,45,2,0.0,3,2741.0,0.24,Severe
17-02-2026 14:00,Tamil Nadu,Coimbatore,43.28,8.16,6.32,48,0,0.0,1,3143.0,0.43,Severe
17-02-2026 15:00,Uttar Pradesh,Gorakhpur,51.75,8.56,5.09,39,2,0.0,3,2945.0,0.13,Severe
17-02-2026 16:00,Odisha,Kendrapara,104.02124999999998,3.85,6.3,66,2,2.5,3,3511.0,0.18,Severe
17-02-2026 17:00,Karnataka,Kodagu,19.56,8.39,5.79,31,1,1.0,1,2323.0,0.51,Severe
17-02-2026 18:00,Maharashtra,Mumbai,97.74,5.37,6.05,53,4,2.0,3,4053.0,0.92,Severe
17-02-2026 19:00,West Bengal,Kolkata,2.59,4.79,4.96,30,1,2.0,5,1716.0,0.41,Severe
17-02-2026 20:00,Karnataka,Udupi,28.79,7.66,4.63,30,1,0.0,8,2830.0,0.54,Severe
17-02-2026 21:00,Odisha,Bhubaneswar,13.77,5.37,4.76,35,3,2.0,7,2106.0,0.79,Severe
17-02-2026 22:00,West Bengal,Murshidabad,7.53,4.64,4.25,28,2,0.0,5,2762.0,0.14,Severe
17-02-2026 23:00,Uttar Pradesh,Varanasi,81.69,1.13,5.41,39,3,0.0,3,2711.0,-0.09,Moderate
18-02-2026 00:00,Assam,Dhemaji,28.44,1.1,5.22,31,0,0.0,4,1762.0,-0.11,Low
18-02-2026 01:00,Maharashtra,Nagpur,24.87,6.02,4.01,43,0,0.0,3,2185.0,-0.05,Severe
18-02-2026 02:00,Karnataka,Udupi,28.76,1.59,6.57,33,1,1.0,2,980.0,-0.12,Moderate
18-02-2026 03:00,Gujarat,Bharuch,37.29,6.9,6.05,30,2,0.0,7,2260.0,0.84,Severe
18-02-2026 04:00,Tamil Nadu,Tiruppur,17.32,5.98,5.34,26,2,0.0,5,1763.0,-0.5,Severe
18-02-2026 05:00,Karnataka,Bengaluru,7.42,4.66,6.9,21,2,1.0,1,1510.0,0.62,Severe
18-02-2026 06:00,Karnataka,Udupi,32.35,6.68,6.82,29,1,0.0,6,2269.0,-0.2,Severe
18-02-2026 07:00,Odisha,Cuttack,37.53,8.94,4.29,43,0,1.0,7,2582.0,1.16,Severe
18-02-2026 08:00,Odisha,Balasore,85.89,2.97,5.85,65,2,0.0,2,3971.0,0.53,Severe
18-02-2026 09:00,Tamil Nadu,Coimbatore,31.44,5.46,6.45,22,0,0.0,4,2005.0,-0.04,Moderate
18-02-2026 10:00,Karnataka,Mysuru,35.76,7.74,4.52,43,0,0.0,5,3011.0,0.11,Severe
18-02-2026 11:00,Bihar,Bhagalpur,14.61,1.13,4.38,33,1,1.0,0,1160.0,0.31,Low
18-02-2026 12:00,Uttar Pradesh,Varanasi,14.67,2.63,4.78,34,0,0.0,3,1323.0,0.64,Moderate
18-02-2026 13:00,Odisha,Puri,43.49,5.17,4.84,52,1,0.0,7,2408.0,0.5,Severe
18-02-2026 14:00,Odisha,Bhubaneswar,55.9,5.42,6.89,41,0,1.0,3,1778.0,0.34,Severe
18-02-2026 15:00,Bihar,Darbhanga,68.3,1.69,6.34,52,4,1.0,6,1740.0,0.03,Severe
18-02-2026 16:00,West Bengal,Malda,41.74,4.26,4.18,53,1,1.0,2,3022.0,0.22,Severe
18-02-2026 17:00,Karnataka,Kodagu,17.24,5.16,6.36,27,1,0.0,2,822.0,0.95,Severe
18-02-2026 18:00,Tamil Nadu,Chennai,8.36,4.38,4.51,23,1,0.0,4,1174.0,1.31,Severe
18-02-2026 19:00,Odisha,Puri,13.53,6.6,5.07,25,0,0.0,5,1516.0,0.85,Severe
18-02-2026 20:00,Tamil Nadu,Madurai,41.65,7.17,4.96,47,0,0.0,5,2916.0,-0.08,Severe
18-02-2026 21:00,Tamil Nadu,Coimbatore,9.34,4.68,4.82,25,1,1.0,4,433.0,0.99,Severe
18-02-2026 22:00,Uttar Pradesh,Gorakhpur,13.91,4.41,4.93,33,0,0.0,6,2358.0,0.2,Moderate
18-02-2026 23:00,Gujarat,Bharuch,18.99,6.64,6.26,24,0,1.0,6,2625.0,0.35,Severe
19-02-2026 00:00,Odisha,Cuttack,48.71,5.44,4.8,39,2,1.0,6,3637.0,-0.22,Severe
19-02-2026 01:00,Maharashtra,Nashik,77.74,7.96,6.4,58,5,0.0,4,4219.0,0.4,Severe
19-02-2026 02:00,West Bengal,Howrah,34.78,4.85,4.27,38,0,0.0,5,1193.0,0.0,Severe
19-02-2026 03:00,Tamil Nadu,Madurai,39.75,5.59,5.79,35,3,0.0,3,1774.0,0.97,Severe
19-02-2026 04:00,Odisha,Bhubaneswar,32.06,2.03,6.59,33,2,0.0,3,964.0,1.49,Moderate
19-02-2026 05:00,West Bengal,Malda,28.98,7.69,4.24,43,1,0.0,2,1009.0,0.35,Severe
19-02-2026 06:00,Maharashtra,Mumbai,45.6,4.38,5.9,44,0,1.0,4,2465.0,0.56,Severe
19-02-2026 07:00,Odisha,Cuttack,29.16,6.75,5.53,38,3,0.0,5,2534.0,0.21,Severe
19-02-2026 08:00,Karnataka,Udupi,93.64,4.44,5.0,61,2,2.5,2,3979.0,0.4,Severe
19-02-2026 09:00,Tamil Nadu,Chennai,38.15,1.01,4.3,39,0,0.0,3,418.0,0.08,Low
19-02-2026 10:00,Maharashtra,Mumbai,41.16,4.2,6.03,28,2,0.0,6,1896.0,0.49,Severe
19-02-2026 11:00,Karnataka,Udupi,32.77,2.18,4.93,33,1,0.0,4,1430.0,0.53,Moderate
19-02-2026 12:00,Tamil Nadu,Chennai,57.96,4.19,5.02,41,2,1.0,5,2337.0,0.48,Severe
19-02-2026 13:00,Kerala,Kochi,18.54,3.57,6.15,28,5,0.0,5,935.0,0.69,Severe
19-02-2026 14:00,Assam,Dhemaji,14.54,2.62,6.84,30,1,1.0,0,1471.0,0.19,Moderate
19-02-2026 15:00,Bihar,Darbhanga,52.72,1.99,5.0,52,2,1.0,6,1835.0,1.56,Severe
19-02-2026 16:00,Tamil Nadu,Coimbatore,38.02,6.83,6.24,51,0,0.0,4,2157.0,0.06,Severe
19-02-2026 17:00,Maharashtra,Pune,53.22,7.04,6.87,47,1,0.0,3,2475.0,0.05,Severe
19-02-2026 18:00,Maharashtra,Mumbai,26.0,3.12,4.29,31,1,0.0,4,2586.0,-0.78,Moderate
19-02-2026 19:00,Assam,Jorhat,36.23,4.96,5.59,42,2,0.0,5,1736.0,0.69,Severe
19-02-2026 20:00,Odisha,Cuttack,23.49,4.71,4.03,39,1,0.0,3,1598.0,-0.865,Severe
19-02-2026 21:00,Bihar,Gaya,31.57,3.84,6.48,39,0,0.0,4,1184.0,0.2,Moderate
19-02-2026 22:00,West Bengal,Malda,8.54,3.22,4.86,29,0,0.0,3,1937.0,0.01,Moderate
19-02-2026 23:00,Tamil Nadu,Tiruppur,4.14,2.49,5.0,29,4,1.0,4,1131.0,-0.3,Moderate
20-02-2026 00:00,Odisha,Kendrapara,9.87,7.98,6.06,27,0,0.0,6,2856.0,0.38,Severe
20-02-2026 01:00,Karnataka,Mysuru,56.94,7.67,6.37,57,0,0.0,5,3823.0,1.15,Severe
20-02-2026 02:00,West Bengal,Darjeeling,55.76,4.34,5.2,45,1,2.5,7,3338.0,0.68,Severe
20-02-2026 03:00,Bihar,Muzaffarpur,96.24,6.77,6.0,66,2,1.0,3,4125.0,0.01,Severe
20-02-2026 04:00,Odisha,Bhubaneswar,53.92,4.99,6.87,34,1,1.0,3,1776.0,1.25,Severe
20-02-2026 05:00,Gujarat,Surat,24.71,1.68,6.66,38,0,1.0,2,848.0,0.02,Moderate
20-02-2026 06:00,West Bengal,Darjeeling,32.21,7.58,6.1,36,3,2.0,2,1967.0,0.84,Severe
20-02-2026 07:00,Uttar Pradesh,Lucknow,4.0,2.75,6.83,28,0,0.0,8,968.0,-0.43,Moderate
20-02-2026 08:00,Uttar Pradesh,Lucknow,24.96,6.65,6.63,27,4,0.0,5,1848.0,0.25,Severe
20-02-2026 09:00,Tamil Nadu,Madurai,36.29,5.22,6.19,36,3,0.0,8,2419.0,-0.18,Severe
20-02-2026 10:00,Tamil Nadu,Coimbatore,64.63,6.52,6.75,43,2,0.0,3,3647.0,1.28,Severe
20-02-2026 11:00,Tamil Nadu,Tiruppur,34.19,4.77,6.45,40,0,0.0,3,2103.0,0.04,Moderate
20-02-2026 12:00,Bihar,Patna,12.7,6.62,5.51,25,3,0.0,7,1786.0,-0.11,Severe
20-02-2026 13:00,Gujarat,Bharuch,61.99,1.26,5.51,46,1,1.0,6,2156.0,0.56,Severe
20-02-2026 14:00,Odisha,Balasore,22.55,1.33,4.03,34,1,0.0,6,1844.0,0.24,Moderate
20-02-2026 15:00,Karnataka,Udupi,17.13,8.17,4.09,32,0,0.0,5,2353.0,1.32,Severe
20-02-2026 16:00,Kerala,Kochi,30.9,7.0,6.24,40,1,2.0,6,2639.0,0.49,Severe
20-02-2026 17:00,Maharashtra,Nashik,22.34,7.63,5.66,37,2,0.0,2,1910.0,0.38,Severe
20-02-2026 18:00,Karnataka,Mangaluru,36.25,4.65,6.28,52,1,0.0,3,2450.0,0.67,Severe
20-02-2026 19:00,Odisha,Puri,51.11,4.68,6.85,40,2,0.0,4,2922.0,0.25,Severe
20-02-2026 20:00,Gujarat,Vadodara,25.02,5.27,5.36,35,2,0.0,4,1539.0,0.46,Severe
20-02-2026 21:00,Bihar,Muzaffarpur,25.42,2.95,4.27,39,0,0.0,3,1769.0,-0.03,Moderate
20-02-2026 22:00,West Bengal,Darjeeling,51.3,6.87,5.88,44,1,0.0,3,3050.0,0.07,Severe
20-02-2026 23:00,Karnataka,Mysuru,51.4,7.64,4.3,50,1,1.0,4,3073.0,-0.06,Severe
21-02-2026 00:00,West Bengal,Howrah,38.71,8.26,5.86,38,0,0.0,8,2919.0,0.53,Severe
21-02-2026 01:00,Kerala,Kochi,29.68,5.14,5.58,32,0,1.0,4,1732.0,0.05,Severe
21-02-2026 02:00,Odisha,Cuttack,72.18,4.32,6.14,49,1,1.0,7,2657.0,0.7,Severe
21-02-2026 03:00,Gujarat,Ahmedabad,19.13,7.65,5.05,31,0,1.0,8,2610.0,-0.04,Severe
21-02-2026 04:00,Odisha,Bhubaneswar,51.75,7.02,4.43,37,1,2.0,6,2553.0,-0.09,Severe
21-02-2026 05:00,Maharashtra,Mumbai,18.45,7.94,4.71,42,4,0.0,8,1814.0,0.46,Severe
21-02-2026 06:00,Bihar,Bhagalpur,35.57,6.25,6.05,46,0,0.0,6,1964.0,0.41,Severe
21-02-2026 07:00,Maharashtra,Nagpur,11.12,8.07,5.43,24,1,0.0,4,2459.0,0.74,Severe
21-02-2026 08:00,Odisha,Kendrapara,36.37,1.71,5.62,33,1,1.0,5,2125.0,-0.18,Moderate
21-02-2026 09:00,Maharashtra,Kolhapur,75.01,6.44,4.97,50,2,1.0,8,3905.0,-0.34,Severe
21-02-2026 10:00,Assam,Guwahati,59.71,1.71,6.51,53,0,1.0,5,2086.0,0.9,Severe
21-02-2026 11:00,Odisha,Puri,5.61,6.99,7.0,19,0,1.0,3,1061.0,-0.26,Severe
21-02-2026 12:00,Gujarat,Surat,73.02,6.03,4.94,50,5,1.0,3,2925.0,0.72,Severe
21-02-2026 13:00,Karnataka,Mysuru,21.81,1.13,6.16,27,3,0.0,3,815.0,-0.71,Low
21-02-2026 14:00,Gujarat,Rajkot,46.13,5.79,4.51,47,1,1.0,3,2101.0,0.61,Severe
21-02-2026 15:00,Assam,Barpeta,32.32,2.17,6.23,28,3,0.0,4,1427.0,0.34,Moderate
