timestamp,rainfall_mm,river_level_m,river_level_threshold_m,rainfall_3h,rainfall_6h,rainfall_24h_total,water_level_3h_mean,water_level_6h_mean,water_level_24h_mean,threshold_exceedance_m
2025-01-01 00:00:00,0.0,2.603,7.0,0.0,0.0,0.0,2.603,2.603,2.603,0.0
2025-01-01 01:00:00,22.256,2.565,7.0,22.256,22.256,22.256,2.584,2.584,2.584,0.0
2025-01-01 02:00:00,0.0,2.558,7.0,22.256,22.256,22.256,2.575,2.575,2.575,0.0
2025-01-01 03:00:00,0.0,2.485,7.0,22.256,22.256,22.256,2.536,2.553,2.553,0.0
2025-01-01 04:00:00,0.0,2.511,7.0,0.0,22.256,22.256,2.518,2.544,2.544,0.0
2025-01-01 05:00:00,0.0,9.111,7.0,0.0,22.256,22.256,4.702,3.639,3.639,2.111
2025-01-01 06:00:00,0.0,6.976,7.0,0.0,22.256,22.256,6.2,4.368,4.116,0.0
2025-01-01 07:00:00,0.0,5.852,7.0,0.0,0.0,22.256,7.313,4.916,4.333,0.0
2025-01-01 08:00:00,0.0,5.172,7.0,0.0,0.0,22.256,6.0,5.351,4.426,0.0
2025-01-01 09:00:00,0.0,4.777,7.0,0.0,0.0,22.256,5.267,5.733,4.461,0.0
2025-01-01 10:00:00,0.0,4.665,7.0,0.0,0.0,22.256,4.871,6.092,4.48,0.0
2025-01-01 11:00:00,6.11,2.582,7.0,6.11,6.11,28.366,4.008,5.004,4.321,0.0
2025-01-01 12:00:00,0.0,2.545,7.0,6.11,6.11,28.366,3.264,4.266,4.185,0.0
2025-01-01 13:00:00,0.0,2.496,7.0,6.11,6.11,28.366,2.541,3.706,4.064,0.0
2025-01-01 14:00:00,0.0,2.493,7.0,0.0,6.11,28.366,2.511,3.26,3.959,0.0
2025-01-01 15:00:00,0.0,3.135,7.0,0.0,6.11,28.366,2.708,2.986,3.908,0.0
2025-01-01 16:00:00,0.0,3.187,7.0,0.0,6.11,28.366,2.938,2.74,3.865,0.0
2025-01-01 17:00:00,0.0,3.116,7.0,0.0,0.0,28.366,3.146,2.829,3.824,0.0
2025-01-01 18:00:00,0.0,3.118,7.0,0.0,0.0,28.366,3.14,2.924,3.787,0.0
2025-01-01 19:00:00,0.0,3.112,7.0,0.0,0.0,28.366,3.115,3.027,3.753,0.0
2025-01-01 20:00:00,0.0,3.2,7.0,0.0,0.0,28.366,3.143,3.145,3.727,0.0
2025-01-01 21:00:00,0.0,2.482,7.0,0.0,0.0,28.366,2.931,3.036,3.67,0.0
2025-01-01 22:00:00,0.0,2.499,7.0,0.0,0.0,28.366,2.727,2.921,3.619,0.0
2025-01-01 23:00:00,0.0,2.573,7.0,0.0,0.0,28.366,2.518,2.831,3.576,0.0
2025-01-02 00:00:00,0.0,2.507,7.0,0.0,0.0,28.366,2.526,2.729,3.572,0.0
2025-01-02 01:00:00,0.0,2.557,7.0,0.0,0.0,6.11,2.546,2.636,3.571,0.0
2025-01-02 02:00:00,0.0,2.454,7.0,0.0,0.0,6.11,2.506,2.512,3.567,0.0
2025-01-02 03:00:00,0.0,2.49,7.0,0.0,0.0,6.11,2.5,2.513,3.567,0.0
2025-01-02 04:00:00,0.0,2.574,7.0,0.0,0.0,6.11,2.506,2.526,3.57,0.0
2025-01-02 05:00:00,0.0,2.466,7.0,0.0,0.0,6.11,2.51,2.508,3.293,0.0
2025-01-02 06:00:00,0.0,2.492,7.0,0.0,0.0,6.11,2.511,2.506,3.106,0.0
2025-01-02 07:00:00,0.0,2.513,7.0,0.0,0.0,6.11,2.49,2.498,2.967,0.0
2025-01-02 08:00:00,0.0,2.451,7.0,0.0,0.0,6.11,2.485,2.498,2.854,0.0
2025-01-02 09:00:00,0.0,2.479,7.0,0.0,0.0,6.11,2.481,2.496,2.758,0.0
2025-01-02 10:00:00,11.5,2.506,7.0,11.5,11.5,17.61,2.478,2.484,2.668,0.0
2025-01-02 11:00:00,0.0,2.502,7.0,11.5,11.5,11.5,2.496,2.491,2.664,0.0
2025-01-02 12:00:00,0.0,2.564,7.0,11.5,11.5,11.5,2.524,2.502,2.665,0.0
2025-01-02 13:00:00,0.0,2.577,7.0,0.0,11.5,11.5,2.548,2.513,2.669,0.0
2025-01-02 14:00:00,0.0,3.607,7.0,0.0,11.5,11.5,2.916,2.706,2.715,0.0
2025-01-02 15:00:00,0.0,3.656,7.0,0.0,11.5,11.5,3.28,2.902,2.737,0.0
2025-01-02 16:00:00,0.0,3.684,7.0,0.0,0.0,11.5,3.649,3.098,2.757,0.0
2025-01-02 17:00:00,0.0,3.726,7.0,0.0,0.0,11.5,3.688,3.302,2.783,0.0
2025-01-02 18:00:00,0.0,3.686,7.0,0.0,0.0,11.5,3.698,3.489,2.807,0.0
2025-01-02 19:00:00,0.0,3.664,7.0,0.0,0.0,11.5,3.692,3.67,2.83,0.0
2025-01-02 20:00:00,0.0,2.533,7.0,0.0,0.0,11.5,3.295,3.491,2.802,0.0
2025-01-02 21:00:00,0.0,2.534,7.0,0.0,0.0,11.5,2.911,3.304,2.804,0.0
2025-01-02 22:00:00,0.0,2.454,7.0,0.0,0.0,11.5,2.507,3.099,2.802,0.0
2025-01-02 23:00:00,0.0,2.51,7.0,0.0,0.0,11.5,2.499,2.897,2.799,0.0
2025-01-03 00:00:00,0.0,2.573,7.0,0.0,0.0,11.5,2.512,2.711,2.802,0.0
2025-01-03 01:00:00,0.0,2.49,7.0,0.0,0.0,11.5,2.524,2.515,2.799,0.0
2025-01-03 02:00:00,4.54,2.506,7.0,4.54,4.54,16.039,2.523,2.511,2.802,0.0
2025-01-03 03:00:00,0.0,2.488,7.0,4.54,4.54,16.039,2.495,2.503,2.801,0.0
2025-01-03 04:00:00,0.0,2.384,7.0,4.54,4.54,16.039,2.46,2.492,2.794,0.0
2025-01-03 05:00:00,0.0,2.501,7.0,0.0,4.54,16.039,2.458,2.49,2.795,0.0
2025-01-03 06:00:00,0.0,2.969,7.0,0.0,4.54,16.039,2.618,2.556,2.815,0.0
2025-01-03 07:00:00,0.0,2.928,7.0,0.0,4.54,16.039,2.799,2.63,2.832,0.0
2025-01-03 08:00:00,0.0,2.896,7.0,0.0,0.0,16.039,2.931,2.694,2.851,0.0
2025-01-03 09:00:00,0.0,2.91,7.0,0.0,0.0,16.039,2.912,2.765,2.869,0.0
2025-01-03 10:00:00,0.0,2.992,7.0,0.0,0.0,4.54,2.933,2.866,2.889,0.0
2025-01-03 11:00:00,0.0,3.053,7.0,0.0,0.0,4.54,2.985,2.958,2.912,0.0
2025-01-03 12:00:00,0.0,2.569,7.0,0.0,0.0,4.54,2.871,2.891,2.912,0.0
2025-01-03 13:00:00,0.0,2.433,7.0,0.0,0.0,4.54,2.685,2.809,2.906,0.0
2025-01-03 14:00:00,0.0,2.543,7.0,0.0,0.0,4.54,2.515,2.75,2.862,0.0
2025-01-03 15:00:00,0.0,2.467,7.0,0.0,0.0,4.54,2.481,2.676,2.812,0.0
2025-01-03 16:00:00,0.0,2.471,7.0,0.0,0.0,4.54,2.493,2.589,2.762,0.0
2025-01-03 17:00:00,0.0,2.477,7.0,0.0,0.0,4.54,2.472,2.493,2.71,0.0
2025-01-03 18:00:00,0.0,2.535,7.0,0.0,0.0,4.54,2.494,2.488,2.662,0.0
2025-01-03 19:00:00,0.0,2.548,7.0,0.0,0.0,4.54,2.52,2.507,2.615,0.0
2025-01-03 20:00:00,0.0,2.495,7.0,0.0,0.0,4.54,2.526,2.499,2.614,0.0
2025-01-03 21:00:00,6.079,2.496,7.0,6.079,6.079,10.619,2.513,2.504,2.612,0.0
2025-01-03 22:00:00,0.0,2.523,7.0,6.079,6.079,10.619,2.505,2.512,2.615,0.0
2025-01-03 23:00:00,0.0,2.528,7.0,6.079,6.079,10.619,2.516,2.521,2.616,0.0
2025-01-04 00:00:00,0.0,2.559,7.0,0.0,6.079,10.619,2.537,2.525,2.615,0.0
2025-01-04 01:00:00,0.0,3.044,7.0,0.0,6.079,10.619,2.71,2.608,2.638,0.0
2025-01-04 02:00:00,0.0,3.109,7.0,0.0,6.079,6.079,2.904,2.71,2.663,0.0
2025-01-04 03:00:00,0.0,3.055,7.0,0.0,0.0,6.079,3.069,2.803,2.687,0.0
2025-01-04 04:00:00,0.0,3.105,7.0,0.0,0.0,6.079,3.09,2.9,2.717,0.0
2025-01-04 05:00:00,0.0,3.097,7.0,0.0,0.0,6.079,3.086,2.995,2.742,0.0
2025-01-04 06:00:00,0.0,3.106,7.0,0.0,0.0,6.079,3.103,3.086,2.747,0.0
2025-01-04 07:00:00,0.0,2.46,7.0,0.0,0.0,6.079,2.887,2.989,2.728,0.0
2025-01-04 08:00:00,0.0,2.426,7.0,0.0,0.0,6.079,2.664,2.875,2.708,0.0
2025-01-04 09:00:00,0.0,2.395,7.0,0.0,0.0,6.079,2.427,2.765,2.687,0.0
2025-01-04 10:00:00,0.0,2.493,7.0,0.0,0.0,6.079,2.438,2.663,2.666,0.0
2025-01-04 11:00:00,0.0,2.478,7.0,0.0,0.0,6.079,2.456,2.56,2.642,0.0
2025-01-04 12:00:00,0.0,2.466,7.0,0.0,0.0,6.079,2.479,2.453,2.638,0.0
2025-01-04 13:00:00,0.0,2.566,7.0,0.0,0.0,6.079,2.504,2.471,2.643,0.0
2025-01-04 14:00:00,0.0,2.457,7.0,0.0,0.0,6.079,2.496,2.476,2.64,0.0
2025-01-04 15:00:00,0.0,2.571,7.0,0.0,0.0,6.079,2.531,2.505,2.644,0.0
2025-01-04 16:00:00,0.0,2.581,7.0,0.0,0.0,6.079,2.536,2.52,2.649,0.0
2025-01-04 17:00:00,0.0,2.402,7.0,0.0,0.0,6.079,2.518,2.507,2.646,0.0
2025-01-04 18:00:00,0.0,2.505,7.0,0.0,0.0,6.079,2.496,2.514,2.644,0.0
2025-01-04 19:00:00,0.0,2.48,7.0,0.0,0.0,6.079,2.462,2.499,2.642,0.0
2025-01-04 20:00:00,0.0,2.354,7.0,0.0,0.0,6.079,2.446,2.482,2.636,0.0
2025-01-04 21:00:00,0.0,2.428,7.0,0.0,0.0,0.0,2.421,2.458,2.633,0.0
2025-01-04 22:00:00,0.0,2.539,7.0,0.0,0.0,0.0,2.44,2.451,2.634,0.0
2025-01-04 23:00:00,0.0,2.601,7.0,0.0,0.0,0.0,2.522,2.484,2.637,0.0
2025-01-05 00:00:00,0.0,2.545,7.0,0.0,0.0,0.0,2.562,2.491,2.636,0.0
2025-01-05 01:00:00,0.0,2.516,7.0,0.0,0.0,0.0,2.554,2.497,2.614,0.0
2025-01-05 02:00:00,0.0,2.499,7.0,0.0,0.0,0.0,2.52,2.521,2.589,0.0
2025-01-05 03:00:00,0.0,2.584,7.0,0.0,0.0,0.0,2.533,2.547,2.569,0.0
2025-01-05 04:00:00,0.0,2.607,7.0,0.0,0.0,0.0,2.563,2.559,2.548,0.0
2025-01-05 05:00:00,0.0,2.471,7.0,0.0,0.0,0.0,2.554,2.537,2.522,0.0
2025-01-05 06:00:00,0.0,2.4,7.0,0.0,0.0,0.0,2.493,2.513,2.493,0.0
2025-01-05 07:00:00,0.0,2.395,7.0,0.0,0.0,0.0,2.422,2.493,2.49,0.0
2025-01-05 08:00:00,0.0,2.566,7.0,0.0,0.0,0.0,2.454,2.504,2.496,0.0
2025-01-05 09:00:00,0.0,2.498,7.0,0.0,0.0,0.0,2.486,2.489,2.5,0.0
2025-01-05 10:00:00,0.0,2.509,7.0,0.0,0.0,0.0,2.524,2.473,2.501,0.0
2025-01-05 11:00:00,0.0,2.41,7.0,0.0,0.0,0.0,2.472,2.463,2.498,0.0
2025-01-05 12:00:00,0.0,2.462,7.0,0.0,0.0,0.0,2.461,2.473,2.498,0.0
2025-01-05 13:00:00,0.0,2.485,7.0,0.0,0.0,0.0,2.453,2.488,2.494,0.0
2025-01-05 14:00:00,0.0,2.51,7.0,0.0,0.0,0.0,2.486,2.479,2.497,0.0
2025-01-05 15:00:00,0.0,2.48,7.0,0.0,0.0,0.0,2.492,2.476,2.493,0.0
2025-01-05 16:00:00,0.0,2.448,7.0,0.0,0.0,0.0,2.48,2.466,2.487,0.0
2025-01-05 17:00:00,0.0,2.461,7.0,0.0,0.0,0.0,2.463,2.474,2.49,0.0
2025-01-05 18:00:00,0.0,2.56,7.0,0.0,0.0,0.0,2.49,2.491,2.492,0.0
2025-01-05 19:00:00,0.0,2.512,7.0,0.0,0.0,0.0,2.511,2.495,2.493,0.0
2025-01-05 20:00:00,0.0,2.531,7.0,0.0,0.0,0.0,2.534,2.499,2.501,0.0
2025-01-05 21:00:00,0.0,2.455,7.0,0.0,0.0,0.0,2.499,2.495,2.502,0.0
2025-01-05 22:00:00,0.0,2.352,7.0,0.0,0.0,0.0,2.446,2.479,2.494,0.0
2025-01-05 23:00:00,0.0,2.474,7.0,0.0,0.0,0.0,2.427,2.481,2.489,0.0
2025-01-06 00:00:00,0.0,2.457,7.0,0.0,0.0,0.0,2.428,2.463,2.485,0.0
2025-01-06 01:00:00,0.0,2.517,7.0,0.0,0.0,0.0,2.483,2.464,2.485,0.0
2025-01-06 02:00:00,0.0,2.664,7.0,0.0,0.0,0.0,2.546,2.487,2.492,0.0
2025-01-06 03:00:00,0.0,2.535,7.0,0.0,0.0,0.0,2.572,2.5,2.49,0.0
2025-01-06 04:00:00,0.0,2.637,7.0,0.0,0.0,0.0,2.612,2.547,2.491,0.0
2025-01-06 05:00:00,0.0,2.528,7.0,0.0,0.0,0.0,2.567,2.556,2.494,0.0
2025-01-06 06:00:00,0.0,2.469,7.0,0.0,0.0,0.0,2.545,2.558,2.497,0.0
2025-01-06 07:00:00,0.0,2.517,7.0,0.0,0.0,0.0,2.505,2.558,2.502,0.0
2025-01-06 08:00:00,0.0,2.589,7.0,0.0,0.0,0.0,2.525,2.546,2.503,0.0
2025-01-06 09:00:00,0.0,2.591,7.0,0.0,0.0,0.0,2.566,2.555,2.506,0.0
2025-01-06 10:00:00,0.0,2.471,7.0,0.0,0.0,0.0,2.551,2.528,2.505,0.0
2025-01-06 11:00:00,0.0,2.513,7.0,0.0,0.0,0.0,2.525,2.525,2.509,0.0
2025-01-06 12:00:00,0.0,2.429,7.0,0.0,0.0,0.0,2.471,2.518,2.508,0.0
2025-01-06 13:00:00,0.0,2.541,7.0,0.0,0.0,0.0,2.494,2.522,2.51,0.0
2025-01-06 14:00:00,0.0,2.578,7.0,0.0,0.0,0.0,2.516,2.52,2.513,0.0
2025-01-06 15:00:00,0.0,2.502,7.0,0.0,0.0,0.0,2.54,2.506,2.514,0.0
2025-01-06 16:00:00,0.0,2.467,7.0,0.0,0.0,0.0,2.515,2.505,2.515,0.0
2025-01-06 17:00:00,0.0,2.518,7.0,0.0,0.0,0.0,2.496,2.506,2.517,0.0
2025-01-06 18:00:00,0.0,2.521,7.0,0.0,0.0,0.0,2.502,2.521,2.515,0.0
2025-01-06 19:00:00,57.42,2.504,7.0,57.42,57.42,57.42,2.514,2.515,2.515,0.0
2025-01-06 20:00:00,9.085,2.509,7.0,66.505,66.505,66.505,2.511,2.503,2.514,0.0
2025-01-06 21:00:00,0.0,2.491,7.0,66.505,66.505,66.505,2.501,2.502,2.516,0.0
2025-01-06 22:00:00,0.0,2.55,7.0,9.085,66.505,66.505,2.517,2.515,2.524,0.0
2025-01-06 23:00:00,0.0,8.279,7.0,0.0,66.505,66.505,4.44,3.476,2.766,1.279
2025-01-07 00:00:00,0.0,9.101,7.0,0.0,66.505,66.505,6.643,4.572,3.043,2.101
2025-01-07 01:00:00,0.0,9.1,7.0,0.0,9.085,66.505,8.827,5.672,3.317,2.1
2025-01-07 02:00:00,0.0,9.138,7.0,0.0,0.0,66.505,9.113,6.777,3.587,2.138
2025-01-07 03:00:00,0.0,9.187,7.0,0.0,0.0,66.505,9.142,7.893,3.864,2.187
2025-01-07 04:00:00,0.0,9.158,7.0,0.0,0.0,66.505,9.161,8.994,4.135,2.158
2025-01-07 05:00:00,0.0,3.376,7.0,0.0,0.0,66.505,7.241,8.177,4.171,0.0
2025-01-07 06:00:00,0.0,2.513,7.0,0.0,0.0,66.505,5.016,7.079,4.173,0.0
2025-01-07 07:00:00,0.0,2.483,7.0,0.0,0.0,66.505,2.791,5.976,4.171,0.0
2025-01-07 08:00:00,0.0,2.544,7.0,0.0,0.0,66.505,2.514,4.877,4.169,0.0
2025-01-07 09:00:00,0.0,2.517,7.0,0.0,0.0,66.505,2.515,3.765,4.166,0.0
2025-01-07 10:00:00,1.751,2.484,7.0,1.751,1.751,68.256,2.515,2.653,4.167,0.0
2025-01-07 11:00:00,0.0,2.512,7.0,1.751,1.751,68.256,2.504,2.509,4.167,0.0
2025-01-07 12:00:00,0.0,2.566,7.0,1.751,1.751,68.256,2.521,2.518,4.172,0.0
2025-01-07 13:00:00,0.0,2.472,7.0,0.0,1.751,68.256,2.516,2.516,4.17,0.0
2025-01-07 14:00:00,0.0,2.695,7.0,0.0,1.751,68.256,2.577,2.541,4.174,0.0
2025-01-07 15:00:00,0.0,2.672,7.0,0.0,1.751,68.256,2.613,2.567,4.182,0.0
2025-01-07 16:00:00,0.0,2.696,7.0,0.0,0.0,68.256,2.688,2.602,4.191,0.0
2025-01-07 17:00:00,0.0,2.642,7.0,0.0,0.0,68.256,2.67,2.624,4.196,0.0
2025-01-07 18:00:00,0.0,2.681,7.0,0.0,0.0,68.256,2.673,2.643,4.203,0.0
2025-01-07 19:00:00,0.0,2.73,7.0,0.0,0.0,10.836,2.684,2.686,4.212,0.0
2025-01-07 20:00:00,0.0,2.453,7.0,0.0,0.0,1.751,2.621,2.646,4.21,0.0
2025-01-07 21:00:00,0.0,2.434,7.0,0.0,0.0,1.751,2.539,2.606,4.208,0.0
2025-01-07 22:00:00,0.0,2.435,7.0,0.0,0.0,1.751,2.441,2.563,4.203,0.0
2025-01-07 23:00:00,0.0,2.441,7.0,0.0,0.0,1.751,2.437,2.529,3.96,0.0
2025-01-08 00:00:00,0.0,2.53,7.0,0.0,0.0,1.751,2.469,2.504,3.686,0.0
2025-01-08 01:00:00,0.0,2.43,7.0,0.0,0.0,1.751,2.467,2.454,3.408,0.0
2025-01-08 02:00:00,0.0,2.485,7.0,0.0,0.0,1.751,2.482,2.459,3.131,0.0
2025-01-08 03:00:00,0.0,2.531,7.0,0.0,0.0,1.751,2.482,2.475,2.853,0.0
2025-01-08 04:00:00,0.0,2.521,7.0,0.0,0.0,1.751,2.512,2.49,2.577,0.0
2025-01-08 05:00:00,0.0,2.481,7.0,0.0,0.0,1.751,2.511,2.496,2.539,0.0
2025-01-08 06:00:00,0.0,2.51,7.0,0.0,0.0,1.751,2.504,2.493,2.539,0.0
2025-01-08 07:00:00,0.0,2.505,7.0,0.0,0.0,1.751,2.499,2.505,2.54,0.0
2025-01-08 08:00:00,0.0,2.489,7.0,0.0,0.0,1.751,2.501,2.506,2.538,0.0
2025-01-08 09:00:00,0.0,2.489,7.0,0.0,0.0,1.751,2.495,2.499,2.537,0.0
2025-01-08 10:00:00,0.0,2.612,7.0,0.0,0.0,0.0,2.53,2.514,2.542,0.0
2025-01-08 11:00:00,0.0,2.54,7.0,0.0,0.0,0.0,2.547,2.524,2.543,0.0
2025-01-08 12:00:00,0.0,2.624,7.0,0.0,0.0,0.0,2.592,2.543,2.546,0.0
2025-01-08 13:00:00,0.0,2.475,7.0,0.0,0.0,0.0,2.547,2.538,2.546,0.0
2025-01-08 14:00:00,0.0,2.496,7.0,0.0,0.0,0.0,2.532,2.539,2.538,0.0
2025-01-08 15:00:00,0.0,2.433,7.0,0.0,0.0,0.0,2.468,2.53,2.528,0.0
2025-01-08 16:00:00,0.0,2.46,7.0,0.0,0.0,0.0,2.463,2.505,2.518,0.0
2025-01-08 17:00:00,0.0,2.595,7.0,0.0,0.0,0.0,2.496,2.514,2.516,0.0
2025-01-08 18:00:00,0.0,2.474,7.0,0.0,0.0,0.0,2.51,2.489,2.507,0.0
2025-01-08 19:00:00,0.0,2.596,7.0,0.0,0.0,0.0,2.555,2.509,2.502,0.0
2025-01-08 20:00:00,0.0,2.438,7.0,0.0,0.0,0.0,2.503,2.499,2.501,0.0
2025-01-08 21:00:00,0.0,2.447,7.0,0.0,0.0,0.0,2.494,2.502,2.502,0.0
2025-01-08 22:00:00,0.0,2.483,7.0,0.0,0.0,0.0,2.456,2.506,2.504,0.0
2025-01-08 23:00:00,0.0,2.497,7.0,0.0,0.0,0.0,2.476,2.489,2.506,0.0
2025-01-09 00:00:00,0.0,2.546,7.0,0.0,0.0,0.0,2.509,2.501,2.507,0.0
2025-01-09 01:00:00,0.0,2.523,7.0,0.0,0.0,0.0,2.522,2.489,2.51,0.0
2025-01-09 02:00:00,0.0,2.479,7.0,0.0,0.0,0.0,2.516,2.496,2.51,0.0
2025-01-09 03:00:00,0.0,2.493,7.0,0.0,0.0,0.0,2.498,2.503,2.509,0.0
2025-01-09 04:00:00,0.0,2.484,7.0,0.0,0.0,0.0,2.486,2.504,2.507,0.0
2025-01-09 05:00:00,0.0,2.454,7.0,0.0,0.0,0.0,2.477,2.497,2.506,0.0
2025-01-09 06:00:00,0.0,2.456,7.0,0.0,0.0,0.0,2.465,2.481,2.504,0.0
2025-01-09 07:00:00,0.0,2.551,7.0,0.0,0.0,0.0,2.487,2.486,2.506,0.0
2025-01-09 08:00:00,0.0,2.409,7.0,0.0,0.0,0.0,2.472,2.475,2.502,0.0
2025-01-09 09:00:00,0.0,2.581,7.0,0.0,0.0,0.0,2.514,2.489,2.506,0.0
2025-01-09 10:00:00,0.0,2.483,7.0,0.0,0.0,0.0,2.491,2.489,2.501,0.0
2025-01-09 11:00:00,0.0,2.461,7.0,0.0,0.0,0.0,2.508,2.49,2.497,0.0
2025-01-09 12:00:00,0.0,2.537,7.0,0.0,0.0,0.0,2.494,2.504,2.494,0.0
2025-01-09 13:00:00,0.0,2.574,7.0,0.0,0.0,0.0,2.524,2.507,2.498,0.0
2025-01-09 14:00:00,0.0,2.556,7.0,0.0,0.0,0.0,2.556,2.532,2.5,0.0
2025-01-09 15:00:00,0.0,2.525,7.0,0.0,0.0,0.0,2.552,2.523,2.504,0.0
2025-01-09 16:00:00,0.0,2.554,7.0,0.0,0.0,0.0,2.545,2.535,2.508,0.0
2025-01-09 17:00:00,0.0,2.414,7.0,0.0,0.0,0.0,2.498,2.527,2.501,0.0
2025-01-09 18:00:00,0.0,2.474,7.0,0.0,0.0,0.0,2.481,2.516,2.501,0.0
2025-01-09 19:00:00,0.0,2.454,7.0,0.0,0.0,0.0,2.448,2.496,2.495,0.0
2025-01-09 20:00:00,0.0,2.561,7.0,0.0,0.0,0.0,2.497,2.497,2.5,0.0
2025-01-09 21:00:00,0.0,2.481,7.0,0.0,0.0,0.0,2.499,2.49,2.501,0.0
2025-01-09 22:00:00,0.0,2.542,7.0,0.0,0.0,0.0,2.528,2.488,2.504,0.0
2025-01-09 23:00:00,0.0,2.527,7.0,0.0,0.0,0.0,2.517,2.507,2.505,0.0
2025-01-10 00:00:00,0.0,2.457,7.0,0.0,0.0,0.0,2.509,2.504,2.501,0.0
2025-01-10 01:00:00,0.0,2.471,7.0,0.0,0.0,0.0,2.485,2.506,2.499,0.0
2025-01-10 02:00:00,0.0,2.565,7.0,0.0,0.0,0.0,2.497,2.507,2.503,0.0
2025-01-10 03:00:00,0.0,2.461,7.0,0.0,0.0,0.0,2.499,2.504,2.501,0.0
2025-01-10 04:00:00,0.0,2.506,7.0,0.0,0.0,0.0,2.511,2.498,2.502,0.0
2025-01-10 05:00:00,0.0,2.461,7.0,0.0,0.0,0.0,2.476,2.487,2.503,0.0
2025-01-10 06:00:00,0.0,2.484,7.0,0.0,0.0,0.0,2.484,2.491,2.504,0.0
2025-01-10 07:00:00,0.0,2.498,7.0,0.0,0.0,0.0,2.481,2.496,2.502,0.0
2025-01-10 08:00:00,0.0,2.461,7.0,0.0,0.0,0.0,2.481,2.479,2.504,0.0
2025-01-10 09:00:00,0.0,2.452,7.0,0.0,0.0,0.0,2.47,2.477,2.498,0.0
2025-01-10 10:00:00,9.433,2.514,7.0,9.433,9.433,9.433,2.476,2.478,2.5,0.0
2025-01-10 11:00:00,0.0,2.458,7.0,9.433,9.433,9.433,2.475,2.478,2.499,0.0
2025-01-10 12:00:00,0.0,2.459,7.0,9.433,9.433,9.433,2.477,2.474,2.496,0.0
2025-01-10 13:00:00,0.0,2.453,7.0,0.0,9.433,9.433,2.457,2.466,2.491,0.0
2025-01-10 14:00:00,0.0,3.439,7.0,0.0,9.433,9.433,2.784,2.629,2.528,0.0
2025-01-10 15:00:00,0.0,3.491,7.0,0.0,9.433,9.433,3.128,2.802,2.568,0.0
2025-01-10 16:00:00,0.0,3.519,7.0,0.0,0.0,9.433,3.483,2.97,2.608,0.0
2025-01-10 17:00:00,0.0,3.407,7.0,0.0,0.0,9.433,3.472,3.128,2.65,0.0
2025-01-10 18:00:00,0.0,3.551,7.0,0.0,0.0,9.433,3.492,3.31,2.695,0.0
2025-01-10 19:00:00,0.0,3.393,7.0,0.0,0.0,9.433,3.45,3.467,2.734,0.0
2025-01-10 20:00:00,0.0,2.554,7.0,0.0,0.0,9.433,3.166,3.319,2.733,0.0
2025-01-10 21:00:00,0.0,2.464,7.0,0.0,0.0,9.433,2.804,3.148,2.733,0.0
2025-01-10 22:00:00,0.0,2.456,7.0,0.0,0.0,9.433,2.492,2.971,2.729,0.0
2025-01-10 23:00:00,0.0,2.463,7.0,0.0,0.0,9.433,2.461,2.814,2.727,0.0
2025-01-11 00:00:00,0.0,2.497,7.0,0.0,0.0,9.433,2.472,2.638,2.728,0.0
2025-01-11 01:00:00,14.904,2.529,7.0,14.904,14.904,24.337,2.496,2.494,2.731,0.0
2025-01-11 02:00:00,0.0,2.533,7.0,14.904,14.904,24.337,2.52,2.491,2.729,0.0
2025-01-11 03:00:00,0.0,2.453,7.0,14.904,14.904,24.337,2.505,2.489,2.729,0.0
2025-01-11 04:00:00,0.0,2.451,7.0,0.0,14.904,24.337,2.479,2.488,2.727,0.0
2025-01-11 05:00:00,0.0,3.945,7.0,0.0,14.904,24.337,2.949,2.735,2.789,0.0
2025-01-11 06:00:00,0.0,3.985,7.0,0.0,14.904,24.337,3.46,2.983,2.851,0.0
2025-01-11 07:00:00,17.266,3.98,7.0,17.266,17.266,41.603,3.97,3.224,2.913,0.0
2025-01-11 08:00:00,13.788,3.943,7.0,31.054,31.054,55.392,3.969,3.459,2.975,0.0
2025-01-11 09:00:00,0.0,4.004,7.0,31.054,31.054,55.392,3.976,3.718,3.039,0.0
2025-01-11 10:00:00,0.0,4.104,7.0,13.788,31.054,45.958,4.017,3.993,3.105,0.0
2025-01-11 11:00:00,0.0,4.201,7.0,0.0,31.054,45.958,4.103,4.036,3.178,0.0
2025-01-11 12:00:00,0.0,5.584,7.0,0.0,31.054,45.958,4.63,4.303,3.308,0.0
2025-01-11 13:00:00,0.0,5.633,7.0,0.0,13.788,45.958,5.139,4.578,3.441,0.0
2025-01-11 14:00:00,0.0,5.577,7.0,0.0,0.0,45.958,5.598,4.851,3.53,0.0
2025-01-11 15:00:00,0.0,5.639,7.0,0.0,0.0,45.958,5.617,5.123,3.619,0.0
2025-01-11 16:00:00,0.0,5.569,7.0,0.0,0.0,45.958,5.595,5.367,3.705,0.0
2025-01-11 17:00:00,0.0,3.97,7.0,0.0,0.0,45.958,5.06,5.329,3.728,0.0
2025-01-11 18:00:00,0.0,2.517,7.0,0.0,0.0,45.958,4.019,4.818,3.685,0.0
2025-01-11 19:00:00,0.0,2.469,7.0,0.0,0.0,45.958,2.986,4.29,3.647,0.0
2025-01-11 20:00:00,0.0,2.471,7.0,0.0,0.0,45.958,2.486,3.773,3.643,0.0
2025-01-11 21:00:00,41.044,2.474,7.0,41.044,41.044,87.002,2.471,3.245,3.644,0.0
2025-01-11 22:00:00,0.0,2.569,7.0,41.044,41.044,87.002,2.505,2.745,3.648,0.0
2025-01-11 23:00:00,0.0,2.437,7.0,41.044,41.044,87.002,2.493,2.489,3.647,0.0
2025-01-12 00:00:00,0.0,2.467,7.0,0.0,41.044,87.002,2.491,2.481,3.646,0.0
2025-01-12 01:00:00,0.0,6.576,7.0,0.0,41.044,72.098,3.826,3.165,3.815,0.0
2025-01-12 02:00:00,0.0,6.604,7.0,0.0,41.044,72.098,5.215,3.854,3.984,0.0
2025-01-12 03:00:00,0.0,6.591,7.0,0.0,0.0,72.098,6.59,4.54,4.157,0.0
2025-01-12 04:00:00,0.0,6.53,7.0,0.0,0.0,72.098,6.575,5.201,4.327,0.0
2025-01-12 05:00:00,0.0,6.584,7.0,0.0,0.0,72.098,6.568,5.892,4.437,0.0
2025-01-12 06:00:00,0.0,6.599,7.0,0.0,0.0,72.098,6.571,6.581,4.546,0.0
2025-01-12 07:00:00,0.0,2.469,7.0,0.0,0.0,54.832,5.217,5.896,4.483,0.0
2025-01-12 08:00:00,0.0,2.534,7.0,0.0,0.0,41.044,3.867,5.218,4.424,0.0
2025-01-12 09:00:00,0.0,2.546,7.0,0.0,0.0,41.044,2.516,4.544,4.363,0.0
2025-01-12 10:00:00,0.0,2.496,7.0,0.0,0.0,41.044,2.525,3.871,4.296,0.0
2025-01-12 11:00:00,0.0,2.512,7.0,0.0,0.0,41.044,2.518,3.193,4.226,0.0
2025-01-12 12:00:00,0.0,2.392,7.0,0.0,0.0,41.044,2.467,2.491,4.093,0.0
2025-01-12 13:00:00,0.0,2.479,7.0,0.0,0.0,41.044,2.461,2.493,3.961,0.0
2025-01-12 14:00:00,0.0,2.55,7.0,0.0,0.0,41.044,2.474,2.496,3.835,0.0
2025-01-12 15:00:00,0.0,2.479,7.0,0.0,0.0,41.044,2.503,2.485,3.703,0.0
2025-01-12 16:00:00,0.0,2.463,7.0,0.0,0.0,41.044,2.497,2.479,3.574,0.0
2025-01-12 17:00:00,0.0,2.614,7.0,0.0,0.0,41.044,2.519,2.496,3.518,0.0
2025-01-12 18:00:00,0.0,2.591,7.0,0.0,0.0,41.044,2.556,2.529,3.521,0.0
2025-01-12 19:00:00,0.0,2.523,7.0,0.0,0.0,41.044,2.576,2.537,3.523,0.0
2025-01-12 20:00:00,0.0,2.557,7.0,0.0,0.0,41.044,2.557,2.538,3.526,0.0
2025-01-12 21:00:00,0.0,2.389,7.0,0.0,0.0,0.0,2.49,2.523,3.523,0.0
2025-01-12 22:00:00,0.0,2.461,7.0,0.0,0.0,0.0,2.469,2.522,3.518,0.0
2025-01-12 23:00:00,0.0,2.477,7.0,0.0,0.0,0.0,2.442,2.5,3.52,0.0
2025-01-13 00:00:00,0.0,2.488,7.0,0.0,0.0,0.0,2.475,2.482,3.521,0.0
2025-01-13 01:00:00,0.0,2.476,7.0,0.0,0.0,0.0,2.48,2.474,3.35,0.0
2025-01-13 02:00:00,0.0,2.372,7.0,0.0,0.0,0.0,2.445,2.444,3.174,0.0
2025-01-13 03:00:00,0.0,2.519,7.0,0.0,0.0,0.0,2.456,2.465,3.004,0.0
2025-01-13 04:00:00,0.0,2.527,7.0,0.0,0.0,0.0,2.473,2.477,2.837,0.0
2025-01-13 05:00:00,0.0,2.58,7.0,0.0,0.0,0.0,2.542,2.494,2.671,0.0
2025-01-13 06:00:00,0.0,2.461,7.0,0.0,0.0,0.0,2.523,2.489,2.498,0.0
2025-01-13 07:00:00,0.0,2.456,7.0,0.0,0.0,0.0,2.499,2.486,2.498,0.0
2025-01-13 08:00:00,0.0,2.366,7.0,0.0,0.0,0.0,2.428,2.485,2.491,0.0
2025-01-13 09:00:00,0.0,2.485,7.0,0.0,0.0,0.0,2.436,2.479,2.488,0.0
2025-01-13 10:00:00,0.0,2.545,7.0,0.0,0.0,0.0,2.465,2.482,2.49,0.0
2025-01-13 11:00:00,0.0,2.469,7.0,0.0,0.0,0.0,2.5,2.464,2.488,0.0
2025-01-13 12:00:00,0.0,2.607,7.0,0.0,0.0,0.0,2.541,2.488,2.497,0.0
2025-01-13 13:00:00,0.0,2.487,7.0,0.0,0.0,0.0,2.521,2.493,2.498,0.0
2025-01-13 14:00:00,0.0,2.507,7.0,0.0,0.0,0.0,2.534,2.517,2.496,0.0
2025-01-13 15:00:00,0.0,2.432,7.0,0.0,0.0,0.0,2.475,2.508,2.494,0.0
2025-01-13 16:00:00,0.0,2.514,7.0,0.0,0.0,0.0,2.485,2.503,2.496,0.0
2025-01-13 17:00:00,12.485,2.401,7.0,12.485,12.485,12.485,2.449,2.491,2.487,0.0
2025-01-13 18:00:00,0.0,2.535,7.0,12.485,12.485,12.485,2.483,2.479,2.485,0.0
2025-01-13 19:00:00,0.0,2.536,7.0,12.485,12.485,12.485,2.491,2.488,2.485,0.0
2025-01-13 20:00:00,0.0,2.568,7.0,0.0,12.485,12.485,2.546,2.498,2.486,0.0
2025-01-13 21:00:00,0.0,3.697,7.0,0.0,12.485,12.485,2.934,2.709,2.54,0.0
2025-01-13 22:00:00,0.0,3.757,7.0,0.0,12.485,12.485,3.341,2.916,2.594,0.0
2025-01-13 23:00:00,0.0,3.777,7.0,0.0,0.0,12.485,3.744,3.145,2.649,0.0
2025-01-14 00:00:00,0.0,3.771,7.0,0.0,0.0,12.485,3.768,3.351,2.702,0.0
2025-01-14 01:00:00,14.561,3.705,7.0,14.561,14.561,27.046,3.751,3.546,2.753,0.0
2025-01-14 02:00:00,0.0,3.629,7.0,14.561,14.561,27.046,3.702,3.723,2.806,0.0
2025-01-14 03:00:00,0.0,2.517,7.0,14.561,14.561,27.046,3.284,3.526,2.805,0.0
2025-01-14 04:00:00,0.0,2.492,7.0,0.0,14.561,27.046,2.88,3.315,2.804,0.0
2025-01-14 05:00:00,0.0,3.928,7.0,0.0,14.561,27.046,2.979,3.34,2.86,0.0
2025-01-14 06:00:00,0.0,3.994,7.0,0.0,14.561,27.046,3.471,3.378,2.924,0.0
2025-01-14 07:00:00,0.0,3.954,7.0,0.0,0.0,27.046,3.959,3.419,2.986,0.0
2025-01-14 08:00:00,0.0,3.89,7.0,0.0,0.0,27.046,3.946,3.463,3.05,0.0
2025-01-14 09:00:00,0.0,3.86,7.0,0.0,0.0,27.046,3.901,3.686,3.107,0.0
2025-01-14 10:00:00,0.0,3.9,7.0,0.0,0.0,27.046,3.883,3.921,3.164,0.0
2025-01-14 11:00:00,0.0,2.62,7.0,0.0,0.0,27.046,3.46,3.703,3.17,0.0
2025-01-14 12:00:00,7.99,2.536,7.0,7.99,7.99,35.036,3.018,3.46,3.167,0.0
2025-01-14 13:00:00,0.0,2.509,7.0,7.99,7.99,35.036,2.555,3.219,3.168,0.0
2025-01-14 14:00:00,0.0,2.491,7.0,7.99,7.99,35.036,2.512,2.986,3.167,0.0
2025-01-14 15:00:00,0.0,2.488,7.0,0.0,7.99,35.036,2.496,2.757,3.17,0.0
2025-01-14 16:00:00,0.0,3.357,7.0,0.0,7.99,35.036,2.779,2.667,3.205,0.0
2025-01-14 17:00:00,0.0,3.274,7.0,0.0,7.99,22.551,3.04,2.776,3.241,0.0
2025-01-14 18:00:00,0.0,3.328,7.0,0.0,0.0,22.551,3.32,2.908,3.274,0.0
2025-01-14 19:00:00,0.0,3.282,7.0,0.0,0.0,22.551,3.295,3.037,3.305,0.0
2025-01-14 20:00:00,0.0,3.396,7.0,0.0,0.0,22.551,3.335,3.188,3.34,0.0
2025-01-14 21:00:00,0.0,3.336,7.0,0.0,0.0,22.551,3.338,3.329,3.325,0.0
2025-01-14 22:00:00,0.0,2.562,7.0,0.0,0.0,22.551,3.098,3.196,3.275,0.0
2025-01-14 23:00:00,0.0,2.471,7.0,0.0,0.0,22.551,2.79,3.062,3.22,0.0
2025-01-15 00:00:00,0.0,2.553,7.0,0.0,0.0,22.551,2.529,2.933,3.17,0.0
2025-01-15 01:00:00,0.0,2.484,7.0,0.0,0.0,7.99,2.503,2.8,3.119,0.0
2025-01-15 02:00:00,0.0,2.506,7.0,0.0,0.0,7.99,2.514,2.652,3.072,0.0
2025-01-15 03:00:00,0.0,2.582,7.0,0.0,0.0,7.99,2.524,2.526,3.075,0.0
2025-01-15 04:00:00,0.0,2.448,7.0,0.0,0.0,7.99,2.512,2.507,3.073,0.0
2025-01-15 05:00:00,0.0,2.51,7.0,0.0,0.0,7.99,2.513,2.514,3.014,0.0
2025-01-15 06:00:00,0.0,2.522,7.0,0.0,0.0,7.99,2.493,2.509,2.952,0.0
2025-01-15 07:00:00,0.0,2.526,7.0,0.0,0.0,7.99,2.519,2.516,2.893,0.0
2025-01-15 08:00:00,0.0,2.477,7.0,0.0,0.0,7.99,2.508,2.511,2.834,0.0
2025-01-15 09:00:00,0.0,2.604,7.0,0.0,0.0,7.99,2.536,2.515,2.782,0.0
2025-01-15 10:00:00,0.0,2.435,7.0,0.0,0.0,7.99,2.506,2.513,2.721,0.0
2025-01-15 11:00:00,0.0,2.573,7.0,0.0,0.0,7.99,2.538,2.523,2.719,0.0
2025-01-15 12:00:00,0.0,2.561,7.0,0.0,0.0,0.0,2.523,2.529,2.72,0.0
2025-01-15 13:00:00,0.0,2.595,7.0,0.0,0.0,0.0,2.576,2.541,2.723,0.0
2025-01-15 14:00:00,0.0,2.421,7.0,0.0,0.0,0.0,2.525,2.531,2.72,0.0
2025-01-15 15:00:00,0.0,2.457,7.0,0.0,0.0,0.0,2.491,2.507,2.719,0.0
2025-01-15 16:00:00,0.0,2.575,7.0,0.0,0.0,0.0,2.484,2.53,2.687,0.0
2025-01-15 17:00:00,0.0,2.406,7.0,0.0,0.0,0.0,2.479,2.502,2.65,0.0
2025-01-15 18:00:00,0.0,2.42,7.0,0.0,0.0,0.0,2.467,2.479,2.613,0.0
2025-01-15 19:00:00,0.0,2.476,7.0,0.0,0.0,0.0,2.434,2.459,2.579,0.0
2025-01-15 20:00:00,0.0,2.51,7.0,0.0,0.0,0.0,2.468,2.474,2.542,0.0
2025-01-15 21:00:00,0.0,2.58,7.0,0.0,0.0,0.0,2.522,2.494,2.51,0.0
2025-01-15 22:00:00,0.0,2.491,7.0,0.0,0.0,0.0,2.527,2.48,2.508,0.0
2025-01-15 23:00:00,0.0,2.47,7.0,0.0,0.0,0.0,2.513,2.491,2.507,0.0
2025-01-16 00:00:00,0.0,2.516,7.0,0.0,0.0,0.0,2.492,2.507,2.506,0.0
2025-01-16 01:00:00,0.0,2.523,7.0,0.0,0.0,0.0,2.503,2.515,2.508,0.0
2025-01-16 02:00:00,0.0,2.522,7.0,0.0,0.0,0.0,2.52,2.517,2.508,0.0
2025-01-16 03:00:00,0.0,2.491,7.0,0.0,0.0,0.0,2.512,2.502,2.504,0.0
2025-01-16 04:00:00,0.0,2.402,7.0,0.0,0.0,0.0,2.472,2.487,2.503,0.0
2025-01-16 05:00:00,0.0,2.454,7.0,0.0,0.0,0.0,2.449,2.485,2.5,0.0
2025-01-16 06:00:00,10.75,2.571,7.0,10.75,10.75,10.75,2.476,2.494,2.502,0.0
2025-01-16 07:00:00,0.0,2.509,7.0,10.75,10.75,10.75,2.511,2.492,2.502,0.0
2025-01-16 08:00:00,0.0,2.484,7.0,10.75,10.75,10.75,2.521,2.485,2.502,0.0
2025-01-16 09:00:00,0.0,2.556,7.0,0.0,10.75,10.75,2.516,2.496,2.5,0.0
2025-01-16 10:00:00,0.0,3.518,7.0,0.0,10.75,10.75,2.853,2.682,2.545,0.0
2025-01-16 11:00:00,0.0,3.564,7.0,0.0,10.75,10.75,3.213,2.867,2.586,0.0
2025-01-16 12:00:00,0.0,3.582,7.0,0.0,0.0,10.75,3.555,3.036,2.629,0.0
2025-01-16 13:00:00,0.0,3.553,7.0,0.0,0.0,10.75,3.566,3.209,2.669,0.0
2025-01-16 14:00:00,0.0,3.58,7.0,0.0,0.0,10.75,3.572,3.392,2.717,0.0
2025-01-16 15:00:00,0.0,3.566,7.0,0.0,0.0,10.75,3.566,3.56,2.763,0.0
2025-01-16 16:00:00,0.0,2.43,7.0,0.0,0.0,10.75,3.192,3.379,2.757,0.0
2025-01-16 17:00:00,0.0,2.509,7.0,0.0,0.0,10.75,2.835,3.203,2.761,0.0
2025-01-16 18:00:00,0.0,2.434,7.0,0.0,0.0,10.75,2.458,3.012,2.762,0.0
2025-01-16 19:00:00,0.0,2.508,7.0,0.0,0.0,10.75,2.484,2.838,2.763,0.0
2025-01-16 20:00:00,0.0,2.569,7.0,0.0,0.0,10.75,2.504,2.669,2.766,0.0
2025-01-16 21:00:00,0.0,2.486,7.0,0.0,0.0,10.75,2.521,2.489,2.762,0.0
2025-01-16 22:00:00,0.0,2.441,7.0,0.0,0.0,10.75,2.499,2.491,2.76,0.0
2025-01-16 23:00:00,0.0,2.494,7.0,0.0,0.0,10.75,2.474,2.489,2.761,0.0
2025-01-17 00:00:00,0.0,2.458,7.0,0.0,0.0,10.75,2.464,2.493,2.759,0.0
2025-01-17 01:00:00,0.0,2.53,7.0,0.0,0.0,10.75,2.494,2.496,2.759,0.0
2025-01-17 02:00:00,0.0,2.493,7.0,0.0,0.0,10.75,2.494,2.484,2.758,0.0
2025-01-17 03:00:00,0.0,2.585,7.0,0.0,0.0,10.75,2.536,2.5,2.761,0.0
2025-01-17 04:00:00,0.0,2.558,7.0,0.0,0.0,10.75,2.545,2.52,2.768,0.0
2025-01-17 05:00:00,0.0,2.492,7.0,0.0,0.0,10.75,2.545,2.519,2.77,0.0
2025-01-17 06:00:00,15.682,2.536,7.0,15.682,15.682,15.682,2.529,2.532,2.768,0.0
2025-01-17 07:00:00,0.0,2.48,7.0,15.682,15.682,15.682,2.503,2.524,2.767,0.0
2025-01-17 08:00:00,0.0,2.502,7.0,15.682,15.682,15.682,2.506,2.526,2.768,0.0
2025-01-17 09:00:00,0.0,2.482,7.0,0.0,15.682,15.682,2.488,2.508,2.765,0.0
2025-01-17 10:00:00,0.0,4.107,7.0,0.0,15.682,15.682,3.03,2.766,2.789,0.0
2025-01-17 11:00:00,0.0,4.14,7.0,0.0,15.682,15.682,3.576,3.041,2.813,0.0
2025-01-17 12:00:00,0.0,4.108,7.0,0.0,0.0,15.682,4.118,3.303,2.835,0.0
2025-01-17 13:00:00,0.0,4.114,7.0,0.0,0.0,15.682,4.121,3.575,2.858,0.0
2025-01-17 14:00:00,0.0,4.114,7.0,0.0,0.0,15.682,4.112,3.844,2.881,0.0
2025-01-17 15:00:00,0.0,4.096,7.0,0.0,0.0,15.682,4.108,4.113,2.903,0.0
2025-01-17 16:00:00,0.0,2.443,7.0,0.0,0.0,15.682,3.551,3.836,2.903,0.0
2025-01-17 17:00:00,0.0,2.585,7.0,0.0,0.0,15.682,3.041,3.577,2.906,0.0
2025-01-17 18:00:00,0.0,2.59,7.0,0.0,0.0,15.682,2.539,3.324,2.913,0.0
2025-01-17 19:00:00,0.0,2.488,7.0,0.0,0.0,15.682,2.555,3.053,2.912,0.0
2025-01-17 20:00:00,0.0,2.481,7.0,0.0,0.0,15.682,2.52,2.781,2.909,0.0
2025-01-17 21:00:00,0.0,2.531,7.0,0.0,0.0,15.682,2.5,2.52,2.91,0.0
2025-01-17 22:00:00,0.0,2.528,7.0,0.0,0.0,15.682,2.513,2.534,2.914,0.0
2025-01-17 23:00:00,0.0,2.49,7.0,0.0,0.0,15.682,2.516,2.518,2.914,0.0
2025-01-18 00:00:00,0.0,2.437,7.0,0.0,0.0,15.682,2.485,2.493,2.913,0.0
2025-01-18 01:00:00,0.0,2.515,7.0,0.0,0.0,15.682,2.481,2.497,2.912,0.0
2025-01-18 02:00:00,0.0,2.528,7.0,0.0,0.0,15.682,2.493,2.505,2.914,0.0
2025-01-18 03:00:00,38.677,2.536,7.0,38.677,38.677,54.359,2.526,2.506,2.912,0.0
2025-01-18 04:00:00,0.648,2.517,7.0,39.325,39.325,55.007,2.527,2.504,2.91,0.0
2025-01-18 05:00:00,0.0,2.486,7.0,39.325,39.325,55.007,2.513,2.503,2.91,0.0
2025-01-18 06:00:00,0.0,2.55,7.0,0.648,39.325,39.325,2.518,2.522,2.91,0.0
2025-01-18 07:00:00,0.0,6.371,7.0,0.0,39.325,39.325,3.802,3.165,3.072,0.0
2025-01-18 08:00:00,0.0,6.409,7.0,0.0,39.325,39.325,5.11,3.812,3.235,0.0
2025-01-18 09:00:00,0.0,6.423,7.0,0.0,0.648,39.325,6.401,4.46,3.4,0.0
2025-01-18 10:00:00,0.0,6.345,7.0,0.0,0.0,39.325,6.393,5.098,3.493,0.0
2025-01-18 11:00:00,0.0,6.423,7.0,0.0,0.0,39.325,6.397,5.754,3.588,0.0
2025-01-18 12:00:00,0.0,6.467,7.0,0.0,0.0,39.325,6.412,6.407,3.686,0.0
2025-01-18 13:00:00,0.0,2.582,7.0,0.0,0.0,39.325,5.157,5.775,3.622,0.0
2025-01-18 14:00:00,0.0,2.576,7.0,0.0,0.0,39.325,3.875,5.136,3.558,0.0
2025-01-18 15:00:00,0.0,2.487,7.0,0.0,0.0,39.325,2.548,4.48,3.491,0.0
2025-01-18 16:00:00,0.0,2.524,7.0,0.0,0.0,39.325,2.529,3.843,3.495,0.0
2025-01-18 17:00:00,0.0,2.54,7.0,0.0,0.0,39.325,2.517,3.196,3.493,0.0
2025-01-18 18:00:00,0.0,2.617,7.0,0.0,0.0,39.325,2.56,2.554,3.494,0.0
2025-01-18 19:00:00,0.0,2.507,7.0,0.0,0.0,39.325,2.555,2.542,3.495,0.0
2025-01-18 20:00:00,0.0,2.448,7.0,0.0,0.0,39.325,2.524,2.521,3.493,0.0
2025-01-18 21:00:00,0.0,2.542,7.0,0.0,0.0,39.325,2.499,2.53,3.494,0.0
2025-01-18 22:00:00,0.0,2.593,7.0,0.0,0.0,39.325,2.528,2.541,3.496,0.0
2025-01-18 23:00:00,0.0,2.484,7.0,0.0,0.0,39.325,2.54,2.532,3.496,0.0
2025-01-19 00:00:00,0.0,2.542,7.0,0.0,0.0,39.325,2.54,2.519,3.501,0.0
2025-01-19 01:00:00,0.0,2.561,7.0,0.0,0.0,39.325,2.529,2.528,3.503,0.0
2025-01-19 02:00:00,0.0,2.551,7.0,0.0,0.0,39.325,2.551,2.546,3.503,0.0
2025-01-19 03:00:00,0.0,2.506,7.0,0.0,0.0,0.648,2.54,2.54,3.502,0.0
2025-01-19 04:00:00,0.0,2.465,7.0,0.0,0.0,0.0,2.507,2.518,3.5,0.0
2025-01-19 05:00:00,0.0,2.496,7.0,0.0,0.0,0.0,2.489,2.52,3.5,0.0
2025-01-19 06:00:00,0.0,2.523,7.0,0.0,0.0,0.0,2.495,2.517,3.499,0.0
2025-01-19 07:00:00,0.0,2.545,7.0,0.0,0.0,0.0,2.521,2.514,3.34,0.0
2025-01-19 08:00:00,0.0,2.517,7.0,0.0,0.0,0.0,2.528,2.509,3.178,0.0
2025-01-19 09:00:00,11.702,2.481,7.0,11.702,11.702,11.702,2.514,2.505,3.013,0.0
2025-01-19 10:00:00,0.0,2.528,7.0,11.702,11.702,11.702,2.508,2.515,2.854,0.0
2025-01-19 11:00:00,0.0,2.543,7.0,11.702,11.702,11.702,2.517,2.523,2.693,0.0
2025-01-19 12:00:00,0.0,2.519,7.0,0.0,11.702,11.702,2.53,2.522,2.528,0.0
2025-01-19 13:00:00,0.0,3.628,7.0,0.0,11.702,11.702,2.897,2.703,2.572,0.0
2025-01-19 14:00:00,13.908,3.661,7.0,13.908,25.609,25.609,3.269,2.893,2.617,0.0
2025-01-19 15:00:00,0.0,3.718,7.0,13.908,13.908,25.609,3.669,3.099,2.668,0.0
2025-01-19 16:00:00,0.0,3.601,7.0,13.908,13.908,25.609,3.66,3.278,2.713,0.0
2025-01-19 17:00:00,0.0,3.565,7.0,0.0,13.908,25.609,3.628,3.449,2.756,0.0
2025-01-19 18:00:00,0.0,5.136,7.0,0.0,13.908,25.609,4.101,3.885,2.861,0.0
2025-01-19 19:00:00,0.0,3.916,7.0,0.0,13.908,25.609,4.206,3.933,2.92,0.0
2025-01-19 20:00:00,0.0,3.921,7.0,0.0,0.0,25.609,4.325,3.976,2.981,0.0
2025-01-19 21:00:00,0.0,3.837,7.0,0.0,0.0,25.609,3.891,3.996,3.035,0.0
2025-01-19 22:00:00,0.0,3.928,7.0,0.0,0.0,25.609,3.895,4.051,3.091,0.0
2025-01-19 23:00:00,0.0,3.905,7.0,0.0,0.0,25.609,3.89,4.107,3.15,0.0
2025-01-20 00:00:00,0.0,2.421,7.0,0.0,0.0,25.609,3.418,3.655,3.145,0.0
2025-01-20 01:00:00,0.0,2.571,7.0,0.0,0.0,25.609,2.966,3.43,3.145,0.0
2025-01-20 02:00:00,0.0,2.508,7.0,0.0,0.0,25.609,2.5,3.195,3.143,0.0
2025-01-20 03:00:00,0.0,2.48,7.0,0.0,0.0,25.609,2.52,2.969,3.142,0.0
2025-01-20 04:00:00,0.0,2.481,7.0,0.0,0.0,25.609,2.49,2.728,3.143,0.0
2025-01-20 05:00:00,0.0,2.399,7.0,0.0,0.0,25.609,2.454,2.477,3.139,0.0
2025-01-20 06:00:00,0.0,2.53,7.0,0.0,0.0,25.609,2.47,2.495,3.139,0.0
2025-01-20 07:00:00,0.0,2.513,7.0,0.0,0.0,25.609,2.481,2.485,3.138,0.0
2025-01-20 08:00:00,45.943,2.49,7.0,45.943,45.943,71.552,2.511,2.482,3.137,0.0
2025-01-20 09:00:00,0.0,2.564,7.0,45.943,45.943,59.85,2.522,2.496,3.14,0.0
2025-01-20 10:00:00,0.0,2.431,7.0,45.943,45.943,59.85,2.495,2.488,3.136,0.0
2025-01-20 11:00:00,0.0,2.47,7.0,0.0,45.943,59.85,2.488,2.5,3.133,0.0
2025-01-20 12:00:00,0.0,7.052,7.0,0.0,45.943,59.85,3.984,3.253,3.322,0.052
2025-01-20 13:00:00,26.698,7.08,7.0,26.698,72.641,86.548,5.534,4.015,3.466,0.08
2025-01-20 14:00:00,0.0,7.098,7.0,26.698,26.698,72.641,7.077,4.782,3.609,0.098
2025-01-20 15:00:00,2.615,7.116,7.0,29.314,29.314,75.256,7.098,5.541,3.751,0.116
2025-01-20 16:00:00,0.0,7.077,7.0,2.615,29.314,75.256,7.097,6.315,3.895,0.077
2025-01-20 17:00:00,0.0,9.72,7.0,2.615,29.314,75.256,7.971,7.524,4.152,2.72
2025-01-20 18:00:00,0.0,5.254,7.0,0.0,29.314,75.256,7.35,7.224,4.157,0.0
2025-01-20 19:00:00,9.151,5.552,7.0,9.151,11.767,84.407,6.842,6.969,4.225,0.0
2025-01-20 20:00:00,0.0,5.439,7.0,9.151,11.767,84.407,5.415,6.693,4.288,0.0
2025-01-20 21:00:00,0.0,5.394,7.0,9.151,9.151,84.407,5.461,6.406,4.353,0.0
2025-01-20 22:00:00,13.712,5.505,7.0,13.712,22.863,98.12,5.446,6.144,4.419,0.0
2025-01-20 23:00:00,0.0,3.604,7.0,13.712,22.863,98.12,4.834,5.125,4.406,0.0
2025-01-21 00:00:00,0.0,3.66,7.0,13.712,22.863,98.12,4.256,4.859,4.458,0.0
2025-01-21 01:00:00,0.0,3.38,7.0,0.0,13.712,98.12,3.548,4.497,4.492,0.0
2025-01-21 02:00:00,0.0,4.728,7.0,0.0,13.712,98.12,3.923,4.379,4.584,0.0
2025-01-21 03:00:00,0.0,4.772,7.0,0.0,13.712,98.12,4.294,4.275,4.68,0.0
2025-01-21 04:00:00,0.0,4.743,7.0,0.0,0.0,98.12,4.748,4.148,4.774,0.0
2025-01-21 05:00:00,0.0,3.872,7.0,0.0,0.0,98.12,4.462,4.193,4.835,0.0
2025-01-21 06:00:00,0.0,3.873,7.0,0.0,0.0,98.12,4.163,4.228,4.891,0.0
2025-01-21 07:00:00,0.0,3.84,7.0,0.0,0.0,98.12,3.862,4.305,4.946,0.0
2025-01-21 08:00:00,4.447,2.481,7.0,4.447,4.447,56.624,3.398,3.93,4.946,0.0
2025-01-21 09:00:00,0.0,2.488,7.0,4.447,4.447,56.624,2.937,3.55,4.943,0.0
2025-01-21 10:00:00,0.0,2.54,7.0,4.447,4.447,56.624,2.503,3.183,4.947,0.0
2025-01-21 11:00:00,0.0,2.493,7.0,0.0,4.447,56.624,2.507,2.953,4.948,0.0
2025-01-21 12:00:00,0.0,2.986,7.0,0.0,4.447,56.624,2.673,2.805,4.779,0.0
2025-01-21 13:00:00,0.0,2.974,7.0,0.0,4.447,29.926,2.818,2.661,4.608,0.0
2025-01-21 14:00:00,0.0,2.973,7.0,0.0,0.0,29.926,2.978,2.742,4.436,0.0
2025-01-21 15:00:00,0.0,3.014,7.0,0.0,0.0,27.311,2.987,2.83,4.265,0.0
2025-01-21 16:00:00,0.0,2.889,7.0,0.0,0.0,27.311,2.959,2.888,4.091,0.0
2025-01-21 17:00:00,0.0,2.921,7.0,0.0,0.0,27.311,2.941,2.96,3.807,0.0
2025-01-21 18:00:00,29.821,2.588,7.0,29.821,29.821,57.131,2.799,2.893,3.696,0.0
2025-01-21 19:00:00,2.778,2.487,7.0,32.599,32.599,50.759,2.665,2.812,3.569,0.0
2025-01-21 20:00:00,0.0,2.359,7.0,32.599,32.599,50.759,2.478,2.71,3.44,0.0
2025-01-21 21:00:00,0.0,2.49,7.0,2.778,32.599,50.759,2.445,2.622,3.319,0.0
2025-01-21 22:00:00,0.0,5.489,7.0,0.0,32.599,37.046,3.446,3.056,3.319,0.0
2025-01-21 23:00:00,0.0,5.629,7.0,0.0,32.599,37.046,4.536,3.507,3.403,0.0
2025-01-22 00:00:00,0.0,5.827,7.0,0.0,2.778,37.046,5.648,4.047,3.493,0.0
2025-01-22 01:00:00,0.0,5.724,7.0,0.0,0.0,37.046,5.727,4.586,3.591,0.0
2025-01-22 02:00:00,0.0,5.776,7.0,0.0,0.0,37.046,5.776,5.156,3.635,0.0
2025-01-22 03:00:00,0.0,5.749,7.0,0.0,0.0,37.046,5.75,5.699,3.675,0.0
2025-01-22 04:00:00,0.0,2.713,7.0,0.0,0.0,37.046,4.746,5.236,3.591,0.0
2025-01-22 05:00:00,0.0,2.446,7.0,0.0,0.0,37.046,3.636,4.706,3.531,0.0
2025-01-22 06:00:00,0.0,2.453,7.0,0.0,0.0,37.046,2.538,4.144,3.472,0.0
2025-01-22 07:00:00,0.0,2.554,7.0,0.0,0.0,37.046,2.485,3.615,3.419,0.0
2025-01-22 08:00:00,0.0,2.493,7.0,0.0,0.0,32.599,2.5,3.068,3.419,0.0
2025-01-22 09:00:00,0.0,2.474,7.0,0.0,0.0,32.599,2.507,2.522,3.418,0.0
2025-01-22 10:00:00,0.0,2.453,7.0,0.0,0.0,32.599,2.473,2.479,3.415,0.0
2025-01-22 11:00:00,0.0,2.56,7.0,0.0,0.0,32.599,2.496,2.498,3.418,0.0
2025-01-22 12:00:00,0.0,2.573,7.0,0.0,0.0,32.599,2.529,2.518,3.4,0.0
2025-01-22 13:00:00,0.0,2.559,7.0,0.0,0.0,32.599,2.564,2.519,3.383,0.0
2025-01-22 14:00:00,0.48,2.525,7.0,0.48,0.48,33.079,2.552,2.524,3.364,0.0
2025-01-22 15:00:00,0.0,2.514,7.0,0.48,0.48,33.079,2.533,2.531,3.344,0.0
2025-01-22 16:00:00,0.0,2.439,7.0,0.48,0.48,33.079,2.493,2.528,3.325,0.0
2025-01-22 17:00:00,0.0,2.488,7.0,0.0,0.48,33.079,2.48,2.516,3.307,0.0
2025-01-22 18:00:00,25.568,2.514,7.0,25.568,26.048,28.826,2.48,2.507,3.304,0.0
2025-01-22 19:00:00,0.0,2.457,7.0,25.568,26.048,26.048,2.486,2.489,3.302,0.0
2025-01-22 20:00:00,0.0,2.601,7.0,25.568,25.568,26.048,2.524,2.502,3.313,0.0
2025-01-22 21:00:00,0.0,2.513,7.0,0.0,25.568,26.048,2.524,2.502,3.313,0.0
2025-01-22 22:00:00,0.0,5.165,7.0,0.0,25.568,26.048,3.426,2.956,3.3,0.0
2025-01-22 23:00:00,0.0,5.149,7.0,0.0,25.568,26.048,4.276,3.4,3.28,0.0
2025-01-23 00:00:00,0.0,5.085,7.0,0.0,0.0,26.048,5.133,3.828,3.249,0.0
2025-01-23 01:00:00,0.0,5.087,7.0,0.0,0.0,26.048,5.107,4.267,3.223,0.0
2025-01-23 02:00:00,0.0,5.026,7.0,0.0,0.0,26.048,5.066,4.671,3.191,0.0
2025-01-23 03:00:00,15.919,5.15,7.0,15.919,15.919,41.966,5.088,5.11,3.166,0.0
2025-01-23 04:00:00,15.458,2.502,7.0,31.377,31.377,57.424,4.226,4.666,3.157,0.0
2025-01-23 05:00:00,0.0,2.515,7.0,31.377,31.377,57.424,3.389,4.227,3.16,0.0
2025-01-23 06:00:00,0.0,2.468,7.0,15.458,31.377,57.424,2.495,3.791,3.161,0.0
2025-01-23 07:00:00,0.0,4.045,7.0,0.0,31.377,57.424,3.009,3.618,3.223,0.0
2025-01-23 08:00:00,0.0,5.662,7.0,0.0,31.377,57.424,4.058,3.724,3.355,0.0
2025-01-23 09:00:00,0.0,5.649,7.0,0.0,15.458,57.424,5.118,3.807,3.487,0.0
2025-01-23 10:00:00,0.0,5.598,7.0,0.0,0.0,57.424,5.636,4.323,3.618,0.0
2025-01-23 11:00:00,0.0,5.566,7.0,0.0,0.0,57.424,5.604,4.831,3.744,0.0
2025-01-23 12:00:00,6.161,5.574,7.0,6.161,6.161,63.585,5.579,5.349,3.869,0.0
2025-01-23 13:00:00,0.0,4.106,7.0,6.161,6.161,63.585,5.082,5.359,3.933,0.0
2025-01-23 14:00:00,0.0,2.469,7.0,6.161,6.161,63.105,4.05,4.827,3.931,0.0
2025-01-23 15:00:00,0.0,2.483,7.0,0.0,6.161,63.105,3.019,4.299,3.93,0.0
2025-01-23 16:00:00,0.0,3.189,7.0,0.0,6.161,63.105,2.714,3.898,3.961,0.0
2025-01-23 17:00:00,0.0,3.06,7.0,0.0,6.161,63.105,2.911,3.48,3.985,0.0
2025-01-23 18:00:00,0.0,3.08,7.0,0.0,0.0,37.538,3.109,3.064,4.008,0.0
2025-01-23 19:00:00,0.0,3.078,7.0,0.0,0.0,37.538,3.072,2.893,4.034,0.0
2025-01-23 20:00:00,0.0,3.197,7.0,0.0,0.0,37.538,3.118,3.014,4.059,0.0
2025-01-23 21:00:00,0.0,3.216,7.0,0.0,0.0,37.538,3.163,3.136,4.088,0.0
2025-01-23 22:00:00,0.0,2.538,7.0,0.0,0.0,37.538,2.983,3.028,3.979,0.0
2025-01-23 23:00:00,0.0,2.539,7.0,0.0,0.0,37.538,2.764,2.941,3.87,0.0
2025-01-24 00:00:00,0.0,2.471,7.0,0.0,0.0,37.538,2.516,2.84,3.761,0.0
2025-01-24 01:00:00,0.0,2.597,7.0,0.0,0.0,37.538,2.536,2.76,3.657,0.0
2025-01-24 02:00:00,0.0,2.513,7.0,0.0,0.0,37.538,2.527,2.646,3.553,0.0
2025-01-24 03:00:00,0.0,2.543,7.0,0.0,0.0,21.619,2.551,2.534,3.444,0.0
2025-01-24 04:00:00,0.0,2.495,7.0,0.0,0.0,6.161,2.517,2.526,3.444,0.0
2025-01-24 05:00:00,0.0,2.487,7.0,0.0,0.0,6.161,2.508,2.518,3.443,0.0
2025-01-24 06:00:00,0.0,2.583,7.0,0.0,0.0,6.161,2.521,2.536,3.447,0.0
2025-01-24 07:00:00,0.0,2.527,7.0,0.0,0.0,6.161,2.532,2.525,3.384,0.0
2025-01-24 08:00:00,0.0,2.573,7.0,0.0,0.0,6.161,2.561,2.534,3.255,0.0
2025-01-24 09:00:00,0.0,2.513,7.0,0.0,0.0,6.161,2.537,2.529,3.125,0.0
2025-01-24 10:00:00,0.0,2.458,7.0,0.0,0.0,6.161,2.514,2.523,2.994,0.0
2025-01-24 11:00:00,0.0,2.471,7.0,0.0,0.0,6.161,2.48,2.521,2.865,0.0
2025-01-24 12:00:00,0.0,2.505,7.0,0.0,0.0,0.0,2.478,2.508,2.737,0.0
2025-01-24 13:00:00,0.0,2.469,7.0,0.0,0.0,0.0,2.482,2.498,2.669,0.0
2025-01-24 14:00:00,0.0,2.445,7.0,0.0,0.0,0.0,2.473,2.477,2.668,0.0
2025-01-24 15:00:00,0.0,2.56,7.0,0.0,0.0,0.0,2.491,2.484,2.671,0.0
2025-01-24 16:00:00,0.0,2.473,7.0,0.0,0.0,0.0,2.492,2.487,2.641,0.0
2025-01-24 17:00:00,0.0,2.507,7.0,0.0,0.0,0.0,2.513,2.493,2.618,0.0
2025-01-24 18:00:00,0.0,2.515,7.0,0.0,0.0,0.0,2.498,2.495,2.595,0.0
2025-01-24 19:00:00,0.0,2.471,7.0,0.0,0.0,0.0,2.497,2.495,2.569,0.0
2025-01-24 20:00:00,0.0,2.573,7.0,0.0,0.0,0.0,2.519,2.516,2.543,0.0
2025-01-24 21:00:00,0.0,2.444,7.0,0.0,0.0,0.0,2.496,2.497,2.511,0.0
2025-01-24 22:00:00,0.0,2.513,7.0,0.0,0.0,0.0,2.51,2.504,2.51,0.0
2025-01-24 23:00:00,0.0,2.512,7.0,0.0,0.0,0.0,2.49,2.505,2.509,0.0
2025-01-25 00:00:00,0.0,2.497,7.0,0.0,0.0,0.0,2.508,2.502,2.51,0.0
2025-01-25 01:00:00,0.0,2.435,7.0,0.0,0.0,0.0,2.482,2.496,2.503,0.0
2025-01-25 02:00:00,0.0,2.544,7.0,0.0,0.0,0.0,2.492,2.491,2.505,0.0
2025-01-25 03:00:00,0.0,2.537,7.0,0.0,0.0,0.0,2.505,2.506,2.504,0.0
2025-01-25 04:00:00,0.0,2.466,7.0,0.0,0.0,0.0,2.516,2.499,2.503,0.0
2025-01-25 05:00:00,15.596,2.535,7.0,15.596,15.596,15.596,2.513,2.502,2.505,0.0
2025-01-25 06:00:00,0.0,2.519,7.0,15.596,15.596,15.596,2.507,2.506,2.502,0.0
2025-01-25 07:00:00,0.0,2.436,7.0,15.596,15.596,15.596,2.497,2.506,2.499,0.0
2025-01-25 08:00:00,0.0,2.457,7.0,0.0,15.596,15.596,2.471,2.492,2.494,0.0
2025-01-25 09:00:00,0.0,4.117,7.0,0.0,15.596,15.596,3.003,2.755,2.561,0.0
2025-01-25 10:00:00,0.0,4.075,7.0,0.0,15.596,15.596,3.55,3.023,2.628,0.0
2025-01-25 11:00:00,0.0,4.031,7.0,0.0,0.0,15.596,4.074,3.273,2.693,0.0
2025-01-25 12:00:00,0.0,4.017,7.0,0.0,0.0,15.596,4.041,3.522,2.756,0.0
2025-01-25 13:00:00,0.0,4.034,7.0,0.0,0.0,15.596,4.027,3.788,2.821,0.0
2025-01-25 14:00:00,0.0,4.037,7.0,0.0,0.0,15.596,4.029,4.052,2.888,0.0
2025-01-25 15:00:00,0.0,2.458,7.0,0.0,0.0,15.596,3.51,3.775,2.883,0.0
2025-01-25 16:00:00,0.0,2.413,7.0,0.0,0.0,15.596,2.969,3.498,2.881,0.0
2025-01-25 17:00:00,0.0,2.557,7.0,0.0,0.0,15.596,2.476,3.253,2.883,0.0
2025-01-25 18:00:00,0.0,2.549,7.0,0.0,0.0,15.596,2.506,3.008,2.884,0.0
2025-01-25 19:00:00,0.0,2.436,7.0,0.0,0.0,15.596,2.514,2.742,2.883,0.0
2025-01-25 20:00:00,0.0,2.507,7.0,0.0,0.0,15.596,2.497,2.487,2.88,0.0
2025-01-25 21:00:00,0.0,2.455,7.0,0.0,0.0,15.596,2.466,2.486,2.881,0.0
2025-01-25 22:00:00,0.0,2.487,7.0,0.0,0.0,15.596,2.483,2.498,2.88,0.0
2025-01-25 23:00:00,0.0,2.483,7.0,0.0,0.0,15.596,2.475,2.486,2.878,0.0
2025-01-26 00:00:00,0.0,2.479,7.0,0.0,0.0,15.596,2.483,2.474,2.878,0.0
2025-01-26 01:00:00,0.0,2.6,7.0,0.0,0.0,15.596,2.521,2.502,2.884,0.0
2025-01-26 02:00:00,0.0,2.478,7.0,0.0,0.0,15.596,2.519,2.497,2.882,0.0
2025-01-26 03:00:00,0.0,2.46,7.0,0.0,0.0,15.596,2.513,2.498,2.879,0.0
2025-01-26 04:00:00,0.0,2.462,7.0,0.0,0.0,15.596,2.466,2.493,2.878,0.0
2025-01-26 05:00:00,0.0,2.552,7.0,0.0,0.0,0.0,2.491,2.505,2.879,0.0
2025-01-26 06:00:00,0.0,2.417,7.0,0.0,0.0,0.0,2.477,2.495,2.875,0.0
2025-01-26 07:00:00,0.0,2.462,7.0,0.0,0.0,0.0,2.477,2.472,2.876,0.0
2025-01-26 08:00:00,0.0,2.572,7.0,0.0,0.0,0.0,2.484,2.488,2.881,0.0
2025-01-26 09:00:00,0.0,2.512,7.0,0.0,0.0,0.0,2.515,2.496,2.814,0.0
2025-01-26 10:00:00,0.0,2.51,7.0,0.0,0.0,0.0,2.531,2.504,2.749,0.0
2025-01-26 11:00:00,0.0,2.607,7.0,0.0,0.0,0.0,2.543,2.513,2.689,0.0
2025-01-26 12:00:00,0.0,2.512,7.0,0.0,0.0,0.0,2.543,2.529,2.627,0.0
2025-01-26 13:00:00,0.0,2.465,7.0,0.0,0.0,0.0,2.528,2.53,2.561,0.0
2025-01-26 14:00:00,0.0,2.486,7.0,0.0,0.0,0.0,2.488,2.515,2.497,0.0
2025-01-26 15:00:00,0.0,2.443,7.0,0.0,0.0,0.0,2.465,2.504,2.496,0.0
2025-01-26 16:00:00,0.0,2.563,7.0,0.0,0.0,0.0,2.497,2.513,2.502,0.0
2025-01-26 17:00:00,0.0,2.529,7.0,0.0,0.0,0.0,2.512,2.5,2.501,0.0
2025-01-26 18:00:00,0.0,2.556,7.0,0.0,0.0,0.0,2.549,2.507,2.501,0.0
2025-01-26 19:00:00,0.0,2.561,7.0,0.0,0.0,0.0,2.549,2.523,2.507,0.0
2025-01-26 20:00:00,0.0,2.479,7.0,0.0,0.0,0.0,2.532,2.522,2.505,0.0
2025-01-26 21:00:00,0.0,2.453,7.0,0.0,0.0,0.0,2.498,2.523,2.505,0.0
2025-01-26 22:00:00,0.0,2.497,7.0,0.0,0.0,0.0,2.476,2.513,2.506,0.0
2025-01-26 23:00:00,0.0,2.456,7.0,0.0,0.0,0.0,2.469,2.5,2.505,0.0
2025-01-27 00:00:00,0.0,2.508,7.0,0.0,0.0,0.0,2.487,2.492,2.506,0.0
2025-01-27 01:00:00,0.0,2.557,7.0,0.0,0.0,0.0,2.507,2.492,2.504,0.0
2025-01-27 02:00:00,0.0,2.492,7.0,0.0,0.0,0.0,2.519,2.494,2.505,0.0
2025-01-27 03:00:00,0.0,2.507,7.0,0.0,0.0,0.0,2.519,2.503,2.507,0.0
2025-01-27 04:00:00,0.0,2.495,7.0,0.0,0.0,0.0,2.498,2.503,2.508,0.0
2025-01-27 05:00:00,0.0,2.54,7.0,0.0,0.0,0.0,2.514,2.517,2.507,0.0
2025-01-27 06:00:00,0.0,2.467,7.0,0.0,0.0,0.0,2.501,2.51,2.51,0.0
2025-01-27 07:00:00,0.0,2.39,7.0,0.0,0.0,0.0,2.466,2.482,2.507,0.0
2025-01-27 08:00:00,0.0,2.524,7.0,0.0,0.0,0.0,2.46,2.487,2.505,0.0
2025-01-27 09:00:00,0.0,2.549,7.0,0.0,0.0,0.0,2.488,2.494,2.506,0.0
2025-01-27 10:00:00,0.0,2.522,7.0,0.0,0.0,0.0,2.532,2.499,2.507,0.0
2025-01-27 11:00:00,0.0,2.468,7.0,0.0,0.0,0.0,2.513,2.487,2.501,0.0
2025-01-27 12:00:00,0.0,2.443,7.0,0.0,0.0,0.0,2.478,2.483,2.498,0.0
2025-01-27 13:00:00,0.0,2.525,7.0,0.0,0.0,0.0,2.479,2.505,2.5,0.0
2025-01-27 14:00:00,0.0,2.507,7.0,0.0,0.0,0.0,2.492,2.502,2.501,0.0
2025-01-27 15:00:00,0.0,2.494,7.0,0.0,0.0,0.0,2.509,2.493,2.503,0.0
2025-01-27 16:00:00,0.0,2.591,7.0,0.0,0.0,0.0,2.531,2.505,2.505,0.0
2025-01-27 17:00:00,0.0,2.453,7.0,0.0,0.0,0.0,2.512,2.502,2.501,0.0
2025-01-27 18:00:00,0.0,2.589,7.0,0.0,0.0,0.0,2.544,2.526,2.503,0.0
2025-01-27 19:00:00,0.0,2.502,7.0,0.0,0.0,0.0,2.514,2.522,2.5,0.0
2025-01-27 20:00:00,0.0,2.408,7.0,0.0,0.0,0.0,2.5,2.506,2.497,0.0
2025-01-27 21:00:00,0.0,2.491,7.0,0.0,0.0,0.0,2.467,2.506,2.499,0.0
2025-01-27 22:00:00,0.0,2.548,7.0,0.0,0.0,0.0,2.482,2.498,2.501,0.0
2025-01-27 23:00:00,0.0,2.482,7.0,0.0,0.0,0.0,2.507,2.503,2.502,0.0
2025-01-28 00:00:00,0.0,2.426,7.0,0.0,0.0,0.0,2.485,2.476,2.499,0.0
2025-01-28 01:00:00,0.0,2.492,7.0,0.0,0.0,0.0,2.467,2.475,2.496,0.0
2025-01-28 02:00:00,0.0,2.457,7.0,0.0,0.0,0.0,2.458,2.483,2.495,0.0
2025-01-28 03:00:00,0.0,2.525,7.0,0.0,0.0,0.0,2.491,2.488,2.495,0.0
2025-01-28 04:00:00,0.0,2.539,7.0,0.0,0.0,0.0,2.507,2.487,2.497,0.0
2025-01-28 05:00:00,0.0,2.447,7.0,0.0,0.0,0.0,2.503,2.481,2.493,0.0
2025-01-28 06:00:00,0.0,2.465,7.0,0.0,0.0,0.0,2.484,2.487,2.493,0.0
2025-01-28 07:00:00,0.0,2.538,7.0,0.0,0.0,0.0,2.483,2.495,2.499,0.0
2025-01-28 08:00:00,0.0,2.457,7.0,0.0,0.0,0.0,2.487,2.495,2.497,0.0
2025-01-28 09:00:00,0.0,2.446,7.0,0.0,0.0,0.0,2.48,2.482,2.492,0.0
2025-01-28 10:00:00,0.0,2.441,7.0,0.0,0.0,0.0,2.448,2.466,2.489,0.0
2025-01-28 11:00:00,0.0,2.518,7.0,0.0,0.0,0.0,2.468,2.477,2.491,0.0
2025-01-28 12:00:00,0.0,2.515,7.0,0.0,0.0,0.0,2.491,2.486,2.494,0.0
2025-01-28 13:00:00,15.929,2.466,7.0,15.929,15.929,15.929,2.5,2.474,2.491,0.0
2025-01-28 14:00:00,0.0,2.5,7.0,15.929,15.929,15.929,2.494,2.481,2.491,0.0
2025-01-28 15:00:00,0.0,2.576,7.0,15.929,15.929,15.929,2.514,2.503,2.495,0.0
2025-01-28 16:00:00,0.0,2.451,7.0,0.0,15.929,15.929,2.509,2.504,2.489,0.0
2025-01-28 17:00:00,0.0,3.995,7.0,0.0,15.929,15.929,3.008,2.751,2.553,0.0
2025-01-28 18:00:00,0.0,4.116,7.0,0.0,15.929,15.929,3.521,3.017,2.617,0.0
2025-01-28 19:00:00,0.0,4.087,7.0,0.0,0.0,15.929,4.066,3.288,2.683,0.0
2025-01-28 20:00:00,0.0,4.057,7.0,0.0,0.0,15.929,4.087,3.547,2.751,0.0
2025-01-28 21:00:00,0.0,4.126,7.0,0.0,0.0,15.929,4.09,3.805,2.82,0.0
2025-01-28 22:00:00,0.0,4.135,7.0,0.0,0.0,15.929,4.106,4.086,2.886,0.0
2025-01-28 23:00:00,0.0,2.39,7.0,0.0,0.0,15.929,3.55,3.818,2.882,0.0
2025-01-29 00:00:00,0.0,2.467,7.0,0.0,0.0,15.929,2.997,3.544,2.884,0.0
2025-01-29 01:00:00,0.0,2.616,7.0,0.0,0.0,15.929,2.491,3.298,2.889,0.0
2025-01-29 02:00:00,0.0,2.529,7.0,0.0,0.0,15.929,2.537,3.044,2.892,0.0
2025-01-29 03:00:00,7.029,2.534,7.0,7.029,7.029,22.959,2.56,2.778,2.892,0.0
2025-01-29 04:00:00,0.0,2.559,7.0,7.029,7.029,22.959,2.541,2.516,2.893,0.0
2025-01-29 05:00:00,0.0,2.501,7.0,7.029,7.029,22.959,2.531,2.534,2.895,0.0
2025-01-29 06:00:00,0.018,2.54,7.0,0.018,7.048,22.977,2.533,2.546,2.898,0.0
2025-01-29 07:00:00,0.0,3.239,7.0,0.018,7.048,22.977,2.76,2.65,2.928,0.0
2025-01-29 08:00:00,0.0,3.23,7.0,0.018,7.048,22.977,3.003,2.767,2.96,0.0
2025-01-29 09:00:00,0.0,3.187,7.0,0.0,0.018,22.977,3.219,2.876,2.991,0.0
2025-01-29 10:00:00,0.0,3.213,7.0,0.0,0.018,22.977,3.21,2.985,3.023,0.0
2025-01-29 11:00:00,0.0,3.175,7.0,0.0,0.018,22.977,3.192,3.097,3.05,0.0
2025-01-29 12:00:00,0.0,3.205,7.0,0.0,0.0,22.977,3.198,3.208,3.079,0.0
2025-01-29 13:00:00,0.0,2.443,7.0,0.0,0.0,7.048,2.941,3.076,3.078,0.0
2025-01-29 14:00:00,0.0,2.462,7.0,0.0,0.0,7.048,2.704,2.948,3.076,0.0
2025-01-29 15:00:00,0.0,2.488,7.0,0.0,0.0,7.048,2.464,2.831,3.073,0.0
2025-01-29 16:00:00,0.0,2.453,7.0,0.0,0.0,7.048,2.468,2.704,3.073,0.0
2025-01-29 17:00:00,0.0,2.475,7.0,0.0,0.0,7.048,2.472,2.588,3.009,0.0
2025-01-29 18:00:00,0.0,2.492,7.0,0.0,0.0,7.048,2.473,2.469,2.942,0.0
2025-01-29 19:00:00,0.0,2.52,7.0,0.0,0.0,7.048,2.496,2.482,2.876,0.0
2025-01-29 20:00:00,0.0,2.547,7.0,0.0,0.0,7.048,2.52,2.496,2.814,0.0
2025-01-29 21:00:00,0.0,2.477,7.0,0.0,0.0,7.048,2.515,2.494,2.745,0.0
2025-01-29 22:00:00,0.0,2.567,7.0,0.0,0.0,7.048,2.53,2.513,2.68,0.0
2025-01-29 23:00:00,0.0,2.547,7.0,0.0,0.0,7.048,2.53,2.525,2.686,0.0
2025-01-30 00:00:00,0.0,2.525,7.0,0.0,0.0,7.048,2.546,2.531,2.688,0.0
2025-01-30 01:00:00,0.0,2.508,7.0,0.0,0.0,7.048,2.527,2.528,2.684,0.0
2025-01-30 02:00:00,0.0,2.516,7.0,0.0,0.0,7.048,2.516,2.523,2.683,0.0
2025-01-30 03:00:00,0.0,2.559,7.0,0.0,0.0,0.018,2.528,2.537,2.685,0.0
2025-01-30 04:00:00,0.0,2.561,7.0,0.0,0.0,0.018,2.545,2.536,2.685,0.0
2025-01-30 05:00:00,0.0,2.567,7.0,0.0,0.0,0.018,2.562,2.539,2.687,0.0
2025-01-30 06:00:00,0.0,2.502,7.0,0.0,0.0,0.0,2.543,2.535,2.686,0.0
2025-01-30 07:00:00,0.0,2.528,7.0,0.0,0.0,0.0,2.532,2.539,2.656,0.0
2025-01-30 08:00:00,0.0,2.567,7.0,0.0,0.0,0.0,2.532,2.547,2.629,0.0
2025-01-30 09:00:00,61.861,2.469,7.0,61.861,61.861,61.861,2.521,2.532,2.599,0.0
2025-01-30 10:00:00,0.0,2.484,7.0,61.861,61.861,61.861,2.507,2.519,2.568,0.0
2025-01-30 11:00:00,0.0,2.501,7.0,61.861,61.861,61.861,2.485,2.508,2.54,0.0
2025-01-30 12:00:00,0.0,2.545,7.0,0.0,61.861,61.861,2.51,2.516,2.513,0.0
2025-01-30 13:00:00,0.0,8.732,7.0,0.0,61.861,61.861,4.593,3.55,2.775,1.732
2025-01-30 14:00:00,0.0,8.675,7.0,0.0,61.861,61.861,6.65,4.568,3.033,1.675
2025-01-30 15:00:00,0.0,8.611,7.0,0.0,0.0,61.861,8.672,5.591,3.289,1.611
2025-01-30 16:00:00,0.0,8.698,7.0,0.0,0.0,61.861,8.661,6.627,3.549,1.698
2025-01-30 17:00:00,0.0,8.64,7.0,0.0,0.0,61.861,8.65,7.65,3.806,1.64
2025-01-30 18:00:00,0.0,8.612,7.0,0.0,0.0,61.861,8.65,8.661,4.061,1.612
2025-01-30 19:00:00,0.0,2.437,7.0,0.0,0.0,61.861,6.563,7.612,4.057,0.0
2025-01-30 20:00:00,0.0,2.516,7.0,0.0,0.0,61.861,4.522,6.586,4.056,0.0
2025-01-30 21:00:00,42.447,2.568,7.0,42.447,42.447,104.309,2.507,5.579,4.06,0.0
2025-01-30 22:00:00,0.0,2.502,7.0,42.447,42.447,104.309,2.529,4.546,4.057,0.0
2025-01-30 23:00:00,0.0,2.511,7.0,42.447,42.447,104.309,2.527,3.524,4.056,0.0
2025-01-31 00:00:00,0.0,2.559,7.0,0.0,42.447,104.309,2.524,2.515,4.057,0.0
2025-01-31 01:00:00,0.0,6.668,7.0,0.0,42.447,104.309,3.912,3.221,4.23,0.0
2025-01-31 02:00:00,0.0,6.771,7.0,0.0,42.447,104.309,5.332,3.93,4.408,0.0
2025-01-31 03:00:00,0.0,6.744,7.0,0.0,0.0,104.309,6.727,4.626,4.582,0.0
2025-01-31 04:00:00,0.0,6.773,7.0,0.0,0.0,104.309,6.763,5.338,4.757,0.0
2025-01-31 05:00:00,0.0,6.721,7.0,0.0,0.0,104.309,6.746,6.039,4.931,0.0
2025-01-31 06:00:00,0.0,6.704,7.0,0.0,0.0,104.309,6.732,6.73,5.106,0.0
2025-01-31 07:00:00,0.0,2.507,7.0,0.0,0.0,104.309,5.31,6.037,5.105,0.0
2025-01-31 08:00:00,0.0,2.582,7.0,0.0,0.0,104.309,3.931,5.339,5.105,0.0
2025-01-31 09:00:00,0.0,2.543,7.0,0.0,0.0,42.447,2.544,4.638,5.108,0.0
2025-01-31 10:00:00,0.0,2.475,7.0,0.0,0.0,42.447,2.533,3.922,5.108,0.0
2025-01-31 11:00:00,0.0,2.433,7.0,0.0,0.0,42.447,2.484,3.207,5.105,0.0
2025-01-31 12:00:00,0.0,2.416,7.0,0.0,0.0,42.447,2.441,2.493,5.1,0.0
2025-01-31 13:00:00,0.0,2.566,7.0,0.0,0.0,42.447,2.472,2.502,4.843,0.0
2025-01-31 14:00:00,0.0,2.452,7.0,0.0,0.0,42.447,2.478,2.481,4.584,0.0
2025-01-31 15:00:00,0.0,2.484,7.0,0.0,0.0,42.447,2.501,2.471,4.328,0.0
2025-01-31 16:00:00,0.0,2.566,7.0,0.0,0.0,42.447,2.501,2.486,4.073,0.0
2025-01-31 17:00:00,0.0,2.419,7.0,0.0,0.0,42.447,2.49,2.484,3.814,0.0
2025-01-31 18:00:00,0.0,2.575,7.0,0.0,0.0,42.447,2.52,2.51,3.562,0.0
2025-01-31 19:00:00,0.0,2.487,7.0,0.0,0.0,42.447,2.494,2.497,3.564,0.0
2025-01-31 20:00:00,0.0,2.443,7.0,0.0,0.0,42.447,2.502,2.496,3.561,0.0
2025-01-31 21:00:00,0.0,2.488,7.0,0.0,0.0,0.0,2.473,2.496,3.558,0.0
2025-01-31 22:00:00,0.0,2.464,7.0,0.0,0.0,0.0,2.465,2.479,3.556,0.0
2025-01-31 23:00:00,0.0,2.522,7.0,0.0,0.0,0.0,2.491,2.496,3.557,0.0
2025-02-01 00:00:00,0.0,2.468,7.0,0.0,0.0,0.0,2.485,2.479,3.553,0.0
2025-02-01 01:00:00,0.0,2.404,7.0,0.0,0.0,0.0,2.465,2.465,3.375,0.0
2025-02-01 02:00:00,0.0,2.489,7.0,0.0,0.0,0.0,2.454,2.472,3.197,0.0
2025-02-01 03:00:00,0.0,2.432,7.0,0.0,0.0,0.0,2.442,2.463,3.017,0.0
2025-02-01 04:00:00,0.0,2.51,7.0,0.0,0.0,0.0,2.477,2.471,2.84,0.0
2025-02-01 05:00:00,0.0,2.441,7.0,0.0,0.0,0.0,2.461,2.457,2.661,0.0
2025-02-01 06:00:00,0.0,2.476,7.0,0.0,0.0,0.0,2.475,2.459,2.485,0.0
2025-02-01 07:00:00,0.0,2.509,7.0,0.0,0.0,0.0,2.475,2.476,2.485,0.0
2025-02-01 08:00:00,0.0,2.489,7.0,0.0,0.0,0.0,2.491,2.476,2.481,0.0
2025-02-01 09:00:00,0.0,2.513,7.0,0.0,0.0,0.0,2.504,2.49,2.48,0.0
2025-02-01 10:00:00,0.0,2.534,7.0,0.0,0.0,0.0,2.512,2.494,2.482,0.0
2025-02-01 11:00:00,0.0,2.442,7.0,0.0,0.0,0.0,2.496,2.494,2.483,0.0
2025-02-01 12:00:00,0.0,2.497,7.0,0.0,0.0,0.0,2.491,2.497,2.486,0.0
2025-02-01 13:00:00,0.0,2.334,7.0,0.0,0.0,0.0,2.424,2.468,2.477,0.0
2025-02-01 14:00:00,0.0,2.512,7.0,0.0,0.0,0.0,2.448,2.472,2.479,0.0
2025-02-01 15:00:00,0.0,2.485,7.0,0.0,0.0,0.0,2.444,2.467,2.479,0.0
2025-02-01 16:00:00,0.0,2.451,7.0,0.0,0.0,0.0,2.483,2.453,2.474,0.0
2025-02-01 17:00:00,0.0,2.516,7.0,0.0,0.0,0.0,2.484,2.466,2.478,0.0
2025-02-01 18:00:00,0.0,2.559,7.0,0.0,0.0,0.0,2.508,2.476,2.478,0.0
2025-02-01 19:00:00,0.0,2.476,7.0,0.0,0.0,0.0,2.517,2.5,2.477,0.0
2025-02-01 20:00:00,0.0,2.453,7.0,0.0,0.0,0.0,2.496,2.49,2.478,0.0
2025-02-01 21:00:00,0.0,2.508,7.0,0.0,0.0,0.0,2.479,2.494,2.478,0.0
2025-02-01 22:00:00,0.0,2.433,7.0,0.0,0.0,0.0,2.465,2.491,2.477,0.0
2025-02-01 23:00:00,0.0,2.467,7.0,0.0,0.0,0.0,2.469,2.483,2.475,0.0
2025-02-02 00:00:00,0.0,2.561,7.0,0.0,0.0,0.0,2.487,2.483,2.479,0.0
2025-02-02 01:00:00,0.0,2.503,7.0,0.0,0.0,0.0,2.51,2.488,2.483,0.0
2025-02-02 02:00:00,0.0,2.406,7.0,0.0,0.0,0.0,2.49,2.48,2.479,0.0
2025-02-02 03:00:00,0.0,2.41,7.0,0.0,0.0,0.0,2.44,2.463,2.479,0.0
2025-02-02 04:00:00,0.0,2.508,7.0,0.0,0.0,0.0,2.441,2.476,2.478,0.0
2025-02-02 05:00:00,0.0,2.543,7.0,0.0,0.0,0.0,2.487,2.489,2.483,0.0
2025-02-02 06:00:00,0.0,2.419,7.0,0.0,0.0,0.0,2.49,2.465,2.48,0.0
2025-02-02 07:00:00,0.0,2.522,7.0,0.0,0.0,0.0,2.495,2.468,2.481,0.0
2025-02-02 08:00:00,0.0,2.567,7.0,0.0,0.0,0.0,2.503,2.495,2.484,0.0
2025-02-02 09:00:00,0.0,2.594,7.0,0.0,0.0,0.0,2.561,2.526,2.488,0.0
2025-02-02 10:00:00,0.0,2.517,7.0,0.0,0.0,0.0,2.559,2.527,2.487,0.0
2025-02-02 11:00:00,0.0,2.525,7.0,0.0,0.0,0.0,2.545,2.524,2.49,0.0
2025-02-02 12:00:00,0.0,2.393,7.0,0.0,0.0,0.0,2.478,2.52,2.486,0.0
2025-02-02 13:00:00,0.0,2.605,7.0,0.0,0.0,0.0,2.508,2.534,2.497,0.0
2025-02-02 14:00:00,0.0,2.471,7.0,0.0,0.0,0.0,2.49,2.518,2.496,0.0
2025-02-02 15:00:00,0.0,2.453,7.0,0.0,0.0,0.0,2.51,2.494,2.494,0.0
2025-02-02 16:00:00,0.0,2.487,7.0,0.0,0.0,0.0,2.471,2.489,2.496,0.0
2025-02-02 17:00:00,0.0,2.576,7.0,0.0,0.0,0.0,2.505,2.498,2.498,0.0
2025-02-02 18:00:00,0.0,2.61,7.0,0.0,0.0,0.0,2.558,2.534,2.5,0.0
2025-02-02 19:00:00,0.0,2.506,7.0,0.0,0.0,0.0,2.564,2.517,2.502,0.0
2025-02-02 20:00:00,0.0,2.55,7.0,0.0,0.0,0.0,2.556,2.53,2.506,0.0
2025-02-02 21:00:00,0.0,2.502,7.0,0.0,0.0,0.0,2.519,2.539,2.505,0.0
2025-02-02 22:00:00,0.0,2.448,7.0,0.0,0.0,0.0,2.5,2.532,2.506,0.0
2025-02-02 23:00:00,0.0,2.574,7.0,0.0,0.0,0.0,2.508,2.532,2.511,0.0
2025-02-03 00:00:00,0.0,2.469,7.0,0.0,0.0,0.0,2.497,2.508,2.507,0.0
2025-02-03 01:00:00,0.0,2.577,7.0,0.0,0.0,0.0,2.54,2.52,2.51,0.0
2025-02-03 02:00:00,0.0,2.565,7.0,0.0,0.0,0.0,2.537,2.522,2.516,0.0
2025-02-03 03:00:00,0.0,2.531,7.0,0.0,0.0,0.0,2.557,2.527,2.521,0.0
2025-02-03 04:00:00,0.0,2.591,7.0,0.0,0.0,0.0,2.562,2.551,2.525,0.0
2025-02-03 05:00:00,0.0,2.612,7.0,0.0,0.0,0.0,2.578,2.557,2.528,0.0
2025-02-03 06:00:00,0.0,2.491,7.0,0.0,0.0,0.0,2.565,2.561,2.531,0.0
2025-02-03 07:00:00,0.0,2.46,7.0,0.0,0.0,0.0,2.521,2.542,2.528,0.0
2025-02-03 08:00:00,0.0,2.407,7.0,0.0,0.0,0.0,2.453,2.515,2.521,0.0
2025-02-03 09:00:00,0.0,2.612,7.0,0.0,0.0,0.0,2.493,2.529,2.522,0.0
2025-02-03 10:00:00,0.0,2.478,7.0,0.0,0.0,0.0,2.499,2.51,2.521,0.0
2025-02-03 11:00:00,0.0,2.557,7.0,0.0,0.0,0.0,2.549,2.501,2.522,0.0
2025-02-03 12:00:00,0.0,2.463,7.0,0.0,0.0,0.0,2.499,2.496,2.525,0.0
2025-02-03 13:00:00,0.0,2.577,7.0,0.0,0.0,0.0,2.532,2.516,2.524,0.0
2025-02-03 14:00:00,0.0,2.465,7.0,0.0,0.0,0.0,2.502,2.525,2.523,0.0
2025-02-03 15:00:00,0.0,2.44,7.0,0.0,0.0,0.0,2.494,2.497,2.523,0.0
2025-02-03 16:00:00,0.0,2.49,7.0,0.0,0.0,0.0,2.465,2.499,2.523,0.0
2025-02-03 17:00:00,0.0,2.473,7.0,0.0,0.0,0.0,2.468,2.485,2.519,0.0
2025-02-03 18:00:00,10.289,2.53,7.0,10.289,10.289,10.289,2.498,2.496,2.515,0.0
2025-02-03 19:00:00,0.0,2.497,7.0,10.289,10.289,10.289,2.5,2.483,2.515,0.0
2025-02-03 20:00:00,0.0,2.531,7.0,10.289,10.289,10.289,2.52,2.494,2.514,0.0
2025-02-03 21:00:00,0.0,2.485,7.0,0.0,10.289,10.289,2.505,2.501,2.513,0.0
2025-02-03 22:00:00,0.0,3.496,7.0,0.0,10.289,10.289,2.837,2.669,2.557,0.0
2025-02-03 23:00:00,0.0,3.5,7.0,0.0,10.289,10.289,3.16,2.84,2.596,0.0
2025-02-04 00:00:00,0.0,3.631,7.0,0.0,0.0,10.289,3.542,3.023,2.644,0.0
2025-02-04 01:00:00,0.0,3.54,7.0,0.0,0.0,10.289,3.557,3.197,2.684,0.0
2025-02-04 02:00:00,0.0,3.43,7.0,0.0,0.0,10.289,3.534,3.347,2.72,0.0
2025-02-04 03:00:00,0.0,3.503,7.0,0.0,0.0,10.289,3.491,3.516,2.761,0.0
2025-02-04 04:00:00,0.0,2.505,7.0,0.0,0.0,10.289,3.146,3.351,2.757,0.0
2025-02-04 05:00:00,0.0,2.592,7.0,0.0,0.0,10.289,2.867,3.2,2.756,0.0
2025-02-04 06:00:00,0.0,2.551,7.0,0.0,0.0,10.289,2.55,3.02,2.759,0.0
2025-02-04 07:00:00,0.0,2.454,7.0,0.0,0.0,10.289,2.533,2.839,2.759,0.0
2025-02-04 08:00:00,0.0,2.621,7.0,0.0,0.0,10.289,2.542,2.704,2.768,0.0
2025-02-04 09:00:00,0.0,2.498,7.0,0.0,0.0,10.289,2.524,2.537,2.763,0.0
2025-02-04 10:00:00,0.0,2.562,7.0,0.0,0.0,10.289,2.561,2.547,2.766,0.0
2025-02-04 11:00:00,0.0,2.442,7.0,0.0,0.0,10.289,2.501,2.522,2.762,0.0
2025-02-04 12:00:00,0.0,2.38,7.0,0.0,0.0,10.289,2.462,2.493,2.758,0.0
2025-02-04 13:00:00,0.0,2.43,7.0,0.0,0.0,10.289,2.417,2.489,2.752,0.0
2025-02-04 14:00:00,0.0,2.337,7.0,0.0,0.0,10.289,2.382,2.442,2.747,0.0
2025-02-04 15:00:00,0.0,2.606,7.0,0.0,0.0,10.289,2.458,2.46,2.754,0.0
2025-02-04 16:00:00,0.0,2.511,7.0,0.0,0.0,10.289,2.485,2.451,2.754,0.0
2025-02-04 17:00:00,0.0,2.454,7.0,0.0,0.0,10.289,2.523,2.453,2.754,0.0
2025-02-04 18:00:00,0.0,2.523,7.0,0.0,0.0,0.0,2.496,2.477,2.753,0.0
2025-02-04 19:00:00,0.0,2.509,7.0,0.0,0.0,0.0,2.495,2.49,2.754,0.0
2025-02-04 20:00:00,0.0,2.531,7.0,0.0,0.0,0.0,2.521,2.522,2.754,0.0
2025-02-04 21:00:00,0.0,2.56,7.0,0.0,0.0,0.0,2.534,2.515,2.757,0.0
2025-02-04 22:00:00,0.0,2.486,7.0,0.0,0.0,0.0,2.526,2.51,2.715,0.0
2025-02-04 23:00:00,0.0,2.456,7.0,0.0,0.0,0.0,2.501,2.511,2.671,0.0
2025-02-05 00:00:00,0.0,2.541,7.0,0.0,0.0,0.0,2.494,2.514,2.626,0.0
2025-02-05 01:00:00,0.0,2.54,7.0,0.0,0.0,0.0,2.513,2.519,2.584,0.0
2025-02-05 02:00:00,0.0,2.505,7.0,0.0,0.0,0.0,2.529,2.515,2.546,0.0
2025-02-05 03:00:00,0.898,2.609,7.0,0.898,0.898,0.898,2.551,2.523,2.509,0.0
2025-02-05 04:00:00,0.0,2.478,7.0,0.898,0.898,0.898,2.531,2.522,2.507,0.0
2025-02-05 05:00:00,0.0,2.455,7.0,0.898,0.898,0.898,2.514,2.521,2.502,0.0
2025-02-05 06:00:00,0.0,2.521,7.0,0.0,0.898,0.898,2.485,2.518,2.5,0.0
2025-02-05 07:00:00,13.605,2.556,7.0,13.605,14.503,14.503,2.511,2.521,2.505,0.0
2025-02-05 08:00:00,0.0,2.615,7.0,13.605,14.503,14.503,2.564,2.539,2.504,0.0
2025-02-05 09:00:00,0.0,2.548,7.0,13.605,13.605,14.503,2.573,2.529,2.506,0.0
2025-02-05 10:00:00,0.0,2.57,7.0,0.0,13.605,14.503,2.577,2.544,2.507,0.0
2025-02-05 11:00:00,0.0,4.045,7.0,0.0,13.605,14.503,3.054,2.809,2.574,0.0
2025-02-05 12:00:00,0.0,3.93,7.0,0.0,13.605,14.503,3.515,3.044,2.638,0.0
2025-02-05 13:00:00,0.0,3.821,7.0,0.0,0.0,14.503,3.932,3.255,2.696,0.0
2025-02-05 14:00:00,0.0,3.919,7.0,0.0,0.0,14.503,3.89,3.472,2.762,0.0
2025-02-05 15:00:00,0.0,3.808,7.0,0.0,0.0,14.503,3.849,3.682,2.812,0.0
2025-02-05 16:00:00,0.0,3.826,7.0,0.0,0.0,14.503,3.851,3.891,2.867,0.0
2025-02-05 17:00:00,0.0,2.529,7.0,0.0,0.0,14.503,3.388,3.639,2.87,0.0
2025-02-05 18:00:00,0.0,2.547,7.0,0.0,0.0,14.503,2.967,3.408,2.871,0.0
2025-02-05 19:00:00,0.0,2.561,7.0,0.0,0.0,14.503,2.546,3.198,2.873,0.0
2025-02-05 20:00:00,0.0,2.463,7.0,0.0,0.0,14.503,2.524,2.956,2.87,0.0
2025-02-05 21:00:00,0.0,2.53,7.0,0.0,0.0,14.503,2.518,2.743,2.869,0.0
2025-02-05 22:00:00,0.0,2.477,7.0,0.0,0.0,14.503,2.49,2.518,2.869,0.0
2025-02-05 23:00:00,0.0,2.47,7.0,0.0,0.0,14.503,2.492,2.508,2.869,0.0
2025-02-06 00:00:00,0.0,2.56,7.0,0.0,0.0,14.503,2.502,2.51,2.87,0.0
2025-02-06 01:00:00,0.0,2.473,7.0,0.0,0.0,14.503,2.501,2.495,2.867,0.0
2025-02-06 02:00:00,0.0,2.514,7.0,0.0,0.0,14.503,2.516,2.504,2.868,0.0
2025-02-06 03:00:00,0.0,2.508,7.0,0.0,0.0,13.605,2.498,2.5,2.863,0.0
2025-02-06 04:00:00,0.0,2.446,7.0,0.0,0.0,13.605,2.489,2.495,2.862,0.0
2025-02-06 05:00:00,0.0,2.548,7.0,0.0,0.0,13.605,2.501,2.508,2.866,0.0
2025-02-06 06:00:00,0.0,2.528,7.0,0.0,0.0,13.605,2.508,2.503,2.866,0.0
2025-02-06 07:00:00,0.0,2.401,7.0,0.0,0.0,0.0,2.492,2.491,2.86,0.0
2025-02-06 08:00:00,0.0,2.514,7.0,0.0,0.0,0.0,2.481,2.491,2.856,0.0
2025-02-06 09:00:00,0.0,2.461,7.0,0.0,0.0,0.0,2.459,2.483,2.852,0.0
2025-02-06 10:00:00,0.0,2.555,7.0,0.0,0.0,0.0,2.51,2.501,2.851,0.0
2025-02-06 11:00:00,0.0,2.428,7.0,0.0,0.0,0.0,2.481,2.481,2.784,0.0
2025-02-06 12:00:00,0.0,2.482,7.0,0.0,0.0,0.0,2.488,2.473,2.724,0.0
2025-02-06 13:00:00,0.0,2.518,7.0,0.0,0.0,0.0,2.476,2.493,2.669,0.0
2025-02-06 14:00:00,0.0,2.503,7.0,0.0,0.0,0.0,2.501,2.491,2.61,0.0
2025-02-06 15:00:00,0.0,2.538,7.0,0.0,0.0,0.0,2.52,2.504,2.557,0.0
2025-02-06 16:00:00,0.0,2.424,7.0,0.0,0.0,0.0,2.488,2.482,2.499,0.0
2025-02-06 17:00:00,0.0,2.583,7.0,0.0,0.0,0.0,2.515,2.508,2.501,0.0
2025-02-06 18:00:00,0.0,2.526,7.0,0.0,0.0,0.0,2.511,2.515,2.5,0.0
2025-02-06 19:00:00,0.0,2.568,7.0,0.0,0.0,0.0,2.559,2.524,2.501,0.0
2025-02-06 20:00:00,0.0,2.544,7.0,0.0,0.0,0.0,2.546,2.53,2.504,0.0
2025-02-06 21:00:00,0.0,2.499,7.0,0.0,0.0,0.0,2.537,2.524,2.503,0.0
2025-02-06 22:00:00,0.0,2.436,7.0,0.0,0.0,0.0,2.493,2.526,2.501,0.0
2025-02-06 23:00:00,0.0,2.472,7.0,0.0,0.0,0.0,2.469,2.507,2.501,0.0
2025-02-07 00:00:00,0.0,2.579,7.0,0.0,0.0,0.0,2.496,2.516,2.502,0.0
2025-02-07 01:00:00,0.0,2.569,7.0,0.0,0.0,0.0,2.54,2.517,2.506,0.0
2025-02-07 02:00:00,0.0,2.469,7.0,0.0,0.0,0.0,2.539,2.504,2.504,0.0
2025-02-07 03:00:00,0.0,2.359,7.0,0.0,0.0,0.0,2.466,2.481,2.498,0.0
2025-02-07 04:00:00,0.0,2.489,7.0,0.0,0.0,0.0,2.439,2.49,2.5,0.0
2025-02-07 05:00:00,0.0,2.486,7.0,0.0,0.0,0.0,2.445,2.492,2.497,0.0
2025-02-07 06:00:00,0.0,2.488,7.0,0.0,0.0,0.0,2.487,2.477,2.495,0.0
2025-02-07 07:00:00,0.0,2.526,7.0,0.0,0.0,0.0,2.5,2.47,2.501,0.0
2025-02-07 08:00:00,0.0,2.544,7.0,0.0,0.0,0.0,2.519,2.482,2.502,0.0
2025-02-07 09:00:00,0.0,2.55,7.0,0.0,0.0,0.0,2.54,2.514,2.506,0.0
2025-02-07 10:00:00,0.0,2.522,7.0,0.0,0.0,0.0,2.539,2.519,2.504,0.0
2025-02-07 11:00:00,0.0,2.41,7.0,0.0,0.0,0.0,2.494,2.507,2.504,0.0
2025-02-07 12:00:00,0.0,2.483,7.0,0.0,0.0,0.0,2.472,2.506,2.504,0.0
2025-02-07 13:00:00,0.0,2.615,7.0,0.0,0.0,0.0,2.503,2.521,2.508,0.0
2025-02-07 14:00:00,0.0,2.519,7.0,0.0,0.0,0.0,2.539,2.516,2.508,0.0
2025-02-07 15:00:00,0.0,2.518,7.0,0.0,0.0,0.0,2.551,2.511,2.507,0.0
2025-02-07 16:00:00,0.0,2.518,7.0,0.0,0.0,0.0,2.518,2.511,2.511,0.0
2025-02-07 17:00:00,0.0,2.521,7.0,0.0,0.0,0.0,2.519,2.529,2.509,0.0
2025-02-07 18:00:00,0.0,2.381,7.0,0.0,0.0,0.0,2.473,2.512,2.503,0.0
2025-02-07 19:00:00,0.0,2.488,7.0,0.0,0.0,0.0,2.463,2.491,2.499,0.0
2025-02-07 20:00:00,0.0,2.498,7.0,0.0,0.0,0.0,2.456,2.487,2.497,0.0
2025-02-07 21:00:00,0.0,2.564,7.0,0.0,0.0,0.0,2.517,2.495,2.5,0.0
2025-02-07 22:00:00,0.0,2.502,7.0,0.0,0.0,0.0,2.522,2.492,2.503,0.0
2025-02-07 23:00:00,0.0,2.418,7.0,0.0,0.0,0.0,2.495,2.475,2.501,0.0
2025-02-08 00:00:00,0.0,2.522,7.0,0.0,0.0,0.0,2.481,2.499,2.498,0.0
2025-02-08 01:00:00,0.0,2.46,7.0,0.0,0.0,0.0,2.466,2.494,2.494,0.0
2025-02-08 02:00:00,0.0,2.439,7.0,0.0,0.0,0.0,2.473,2.484,2.492,0.0
2025-02-08 03:00:00,0.0,2.458,7.0,0.0,0.0,0.0,2.452,2.466,2.497,0.0
2025-02-08 04:00:00,0.0,2.527,7.0,0.0,0.0,0.0,2.475,2.471,2.498,0.0
2025-02-08 05:00:00,0.0,2.563,7.0,0.0,0.0,0.0,2.516,2.495,2.501,0.0
2025-02-08 06:00:00,0.0,2.524,7.0,0.0,0.0,0.0,2.538,2.495,2.503,0.0
2025-02-08 07:00:00,0.0,2.532,7.0,0.0,0.0,0.0,2.54,2.507,2.503,0.0
2025-02-08 08:00:00,0.0,2.524,7.0,0.0,0.0,0.0,2.526,2.521,2.502,0.0
2025-02-08 09:00:00,0.0,2.505,7.0,0.0,0.0,0.0,2.52,2.529,2.5,0.0
2025-02-08 10:00:00,0.0,2.535,7.0,0.0,0.0,0.0,2.521,2.53,2.501,0.0
2025-02-08 11:00:00,0.0,2.379,7.0,0.0,0.0,0.0,2.473,2.5,2.5,0.0
2025-02-08 12:00:00,0.0,2.506,7.0,0.0,0.0,0.0,2.473,2.497,2.501,0.0
2025-02-08 13:00:00,0.0,2.448,7.0,0.0,0.0,0.0,2.444,2.483,2.494,0.0
2025-02-08 14:00:00,0.0,2.558,7.0,0.0,0.0,0.0,2.504,2.488,2.495,0.0
2025-02-08 15:00:00,0.0,2.493,7.0,0.0,0.0,0.0,2.5,2.486,2.494,0.0
2025-02-08 16:00:00,0.0,2.502,7.0,0.0,0.0,0.0,2.517,2.481,2.494,0.0
2025-02-08 17:00:00,0.0,2.425,7.0,0.0,0.0,0.0,2.473,2.488,2.49,0.0
2025-02-08 18:00:00,0.0,2.551,7.0,0.0,0.0,0.0,2.492,2.496,2.497,0.0
2025-02-08 19:00:00,0.0,2.531,7.0,0.0,0.0,0.0,2.502,2.51,2.498,0.0
2025-02-08 20:00:00,9.996,2.528,7.0,9.996,9.996,9.996,2.537,2.505,2.5,0.0
2025-02-08 21:00:00,0.0,2.459,7.0,9.996,9.996,9.996,2.506,2.499,2.495,0.0
2025-02-08 22:00:00,0.0,2.461,7.0,9.996,9.996,9.996,2.483,2.493,2.494,0.0
2025-02-08 23:00:00,0.0,2.511,7.0,0.0,9.996,9.996,2.477,2.507,2.497,0.0
2025-02-09 00:00:00,0.0,3.465,7.0,0.0,9.996,9.996,2.812,2.659,2.537,0.0
2025-02-09 01:00:00,0.0,3.521,7.0,0.0,9.996,9.996,3.166,2.824,2.581,0.0
2025-02-09 02:00:00,0.0,3.392,7.0,0.0,0.0,9.996,3.459,2.968,2.621,0.0
2025-02-09 03:00:00,0.0,3.475,7.0,0.0,0.0,9.996,3.463,3.138,2.663,0.0
2025-02-09 04:00:00,0.0,3.589,7.0,0.0,0.0,9.996,3.485,3.326,2.707,0.0
2025-02-09 05:00:00,0.0,3.522,7.0,0.0,0.0,9.996,3.529,3.494,2.747,0.0
2025-02-09 06:00:00,0.0,2.508,7.0,0.0,0.0,9.996,3.206,3.335,2.747,0.0
2025-02-09 07:00:00,0.0,2.599,7.0,0.0,0.0,9.996,2.876,3.181,2.749,0.0
2025-02-09 08:00:00,0.0,2.383,7.0,0.0,0.0,9.996,2.497,3.013,2.744,0.0
2025-02-09 09:00:00,0.0,2.459,7.0,0.0,0.0,9.996,2.481,2.844,2.742,0.0
2025-02-09 10:00:00,0.0,2.48,7.0,0.0,0.0,9.996,2.441,2.659,2.739,0.0
2025-02-09 11:00:00,0.0,2.543,7.0,0.0,0.0,9.996,2.494,2.495,2.746,0.0
2025-02-09 12:00:00,0.0,2.544,7.0,0.0,0.0,9.996,2.522,2.501,2.748,0.0
2025-02-09 13:00:00,0.0,2.457,7.0,0.0,0.0,9.996,2.514,2.478,2.748,0.0
2025-02-09 14:00:00,0.0,2.55,7.0,0.0,0.0,9.996,2.517,2.505,2.748,0.0
2025-02-09 15:00:00,0.0,2.48,7.0,0.0,0.0,9.996,2.495,2.509,2.747,0.0
2025-02-09 16:00:00,0.0,2.561,7.0,0.0,0.0,9.996,2.53,2.522,2.75,0.0
2025-02-09 17:00:00,0.0,2.448,7.0,0.0,0.0,9.996,2.496,2.507,2.751,0.0
2025-02-09 18:00:00,0.0,2.494,7.0,0.0,0.0,9.996,2.501,2.498,2.748,0.0
2025-02-09 19:00:00,0.0,2.475,7.0,0.0,0.0,9.996,2.473,2.501,2.746,0.0
2025-02-09 20:00:00,0.0,2.553,7.0,0.0,0.0,0.0,2.507,2.502,2.747,0.0
2025-02-09 21:00:00,0.0,2.474,7.0,0.0,0.0,0.0,2.501,2.501,2.748,0.0
2025-02-09 22:00:00,0.0,2.498,7.0,0.0,0.0,0.0,2.508,2.49,2.749,0.0
2025-02-09 23:00:00,0.0,2.525,7.0,0.0,0.0,0.0,2.499,2.503,2.75,0.0
2025-02-10 00:00:00,0.0,2.527,7.0,0.0,0.0,0.0,2.517,2.509,2.711,0.0
2025-02-10 01:00:00,0.0,2.544,7.0,0.0,0.0,0.0,2.532,2.52,2.67,0.0
2025-02-10 02:00:00,0.0,2.511,7.0,0.0,0.0,0.0,2.527,2.513,2.633,0.0
2025-02-10 03:00:00,0.0,2.479,7.0,0.0,0.0,0.0,2.511,2.514,2.592,0.0
2025-02-10 04:00:00,0.0,2.483,7.0,0.0,0.0,0.0,2.491,2.512,2.546,0.0
2025-02-10 05:00:00,0.0,2.501,7.0,0.0,0.0,0.0,2.488,2.508,2.503,0.0
2025-02-10 06:00:00,0.0,2.512,7.0,0.0,0.0,0.0,2.499,2.505,2.503,0.0
2025-02-10 07:00:00,0.0,2.493,7.0,0.0,0.0,0.0,2.502,2.496,2.499,0.0
2025-02-10 08:00:00,0.0,2.501,7.0,0.0,0.0,0.0,2.502,2.495,2.504,0.0
2025-02-10 09:00:00,0.0,2.424,7.0,0.0,0.0,0.0,2.473,2.486,2.502,0.0
2025-02-10 10:00:00,0.0,2.533,7.0,0.0,0.0,0.0,2.486,2.494,2.505,0.0
2025-02-10 11:00:00,0.0,2.509,7.0,0.0,0.0,0.0,2.489,2.495,2.503,0.0
2025-02-10 12:00:00,0.0,2.55,7.0,0.0,0.0,0.0,2.531,2.502,2.503,0.0
2025-02-10 13:00:00,0.0,2.5,7.0,0.0,0.0,0.0,2.52,2.503,2.505,0.0
2025-02-10 14:00:00,0.0,2.413,7.0,0.0,0.0,0.0,2.488,2.488,2.5,0.0
2025-02-10 15:00:00,0.0,2.482,7.0,0.0,0.0,0.0,2.465,2.498,2.5,0.0
2025-02-10 16:00:00,0.0,2.49,7.0,0.0,0.0,0.0,2.462,2.491,2.497,0.0
2025-02-10 17:00:00,0.0,2.537,7.0,0.0,0.0,0.0,2.503,2.495,2.5,0.0
2025-02-10 18:00:00,0.0,2.396,7.0,0.0,0.0,0.0,2.475,2.47,2.496,0.0
2025-02-10 19:00:00,0.0,2.502,7.0,0.0,0.0,0.0,2.479,2.47,2.497,0.0
2025-02-10 20:00:00,0.0,2.526,7.0,0.0,0.0,0.0,2.475,2.489,2.496,0.0
2025-02-10 21:00:00,0.0,2.467,7.0,0.0,0.0,0.0,2.498,2.486,2.496,0.0
2025-02-10 22:00:00,0.0,2.504,7.0,0.0,0.0,0.0,2.499,2.489,2.496,0.0
2025-02-10 23:00:00,0.0,2.469,7.0,0.0,0.0,0.0,2.48,2.477,2.494,0.0
2025-02-11 00:00:00,0.0,2.464,7.0,0.0,0.0,0.0,2.479,2.488,2.491,0.0
2025-02-11 01:00:00,0.0,2.48,7.0,0.0,0.0,0.0,2.471,2.485,2.489,0.0
2025-02-11 02:00:00,0.0,2.464,7.0,0.0,0.0,0.0,2.469,2.474,2.487,0.0
2025-02-11 03:00:00,0.0,2.534,7.0,0.0,0.0,0.0,2.493,2.486,2.489,0.0
2025-02-11 04:00:00,0.0,2.463,7.0,0.0,0.0,0.0,2.487,2.479,2.488,0.0
2025-02-11 05:00:00,0.0,2.455,7.0,0.0,0.0,0.0,2.484,2.477,2.486,0.0
2025-02-11 06:00:00,0.0,2.588,7.0,0.0,0.0,0.0,2.502,2.497,2.489,0.0
2025-02-11 07:00:00,0.0,2.548,7.0,0.0,0.0,0.0,2.53,2.509,2.492,0.0
2025-02-11 08:00:00,0.0,2.407,7.0,0.0,0.0,0.0,2.514,2.499,2.488,0.0
2025-02-11 09:00:00,0.0,2.462,7.0,0.0,0.0,0.0,2.472,2.487,2.489,0.0
2025-02-11 10:00:00,0.0,2.512,7.0,0.0,0.0,0.0,2.46,2.495,2.488,0.0
2025-02-11 11:00:00,0.0,2.516,7.0,0.0,0.0,0.0,2.497,2.506,2.489,0.0
2025-02-11 12:00:00,0.0,2.425,7.0,0.0,0.0,0.0,2.485,2.478,2.484,0.0
2025-02-11 13:00:00,0.0,2.558,7.0,0.0,0.0,0.0,2.5,2.48,2.486,0.0
2025-02-11 14:00:00,4.398,2.541,7.0,4.398,4.398,4.398,2.508,2.502,2.491,0.0
2025-02-11 15:00:00,0.0,2.524,7.0,4.398,4.398,4.398,2.541,2.513,2.493,0.0
2025-02-11 16:00:00,0.0,2.568,7.0,4.398,4.398,4.398,2.544,2.522,2.496,0.0
2025-02-11 17:00:00,0.0,2.523,7.0,0.0,4.398,4.398,2.538,2.523,2.496,0.0
2025-02-11 18:00:00,0.0,2.962,7.0,0.0,4.398,4.398,2.684,2.613,2.519,0.0
2025-02-11 19:00:00,0.0,3.018,7.0,0.0,4.398,4.398,2.834,2.689,2.541,0.0
2025-02-11 20:00:00,0.0,2.995,7.0,0.0,0.0,4.398,2.992,2.765,2.56,0.0
2025-02-11 21:00:00,0.0,2.898,7.0,0.0,0.0,4.398,2.97,2.827,2.578,0.0
2025-02-11 22:00:00,0.0,2.971,7.0,0.0,0.0,4.398,2.955,2.894,2.598,0.0
2025-02-11 23:00:00,0.0,2.907,7.0,0.0,0.0,4.398,2.925,2.958,2.616,0.0
2025-02-12 00:00:00,0.0,2.525,7.0,0.0,0.0,4.398,2.801,2.886,2.619,0.0
2025-02-12 01:00:00,0.0,2.524,7.0,0.0,0.0,4.398,2.652,2.803,2.62,0.0
2025-02-12 02:00:00,0.0,2.431,7.0,0.0,0.0,4.398,2.493,2.709,2.619,0.0
2025-02-12 03:00:00,8.274,2.494,7.0,8.274,8.274,12.672,2.483,2.642,2.617,0.0
2025-02-12 04:00:00,0.0,2.513,7.0,8.274,8.274,12.672,2.479,2.566,2.619,0.0
2025-02-12 05:00:00,0.0,2.478,7.0,8.274,8.274,12.672,2.495,2.494,2.62,0.0
2025-02-12 06:00:00,0.0,2.516,7.0,0.0,8.274,12.672,2.502,2.493,2.617,0.0
2025-02-12 07:00:00,0.0,3.368,7.0,0.0,8.274,12.672,2.787,2.633,2.651,0.0
2025-02-12 08:00:00,0.0,3.326,7.0,0.0,8.274,12.672,3.07,2.782,2.69,0.0
2025-02-12 09:00:00,0.0,3.339,7.0,0.0,0.0,12.672,3.344,2.923,2.726,0.0
2025-02-12 10:00:00,0.0,3.397,7.0,0.0,0.0,12.672,3.354,3.07,2.763,0.0
2025-02-12 11:00:00,0.0,3.351,7.0,0.0,0.0,12.672,3.362,3.216,2.798,0.0
2025-02-12 12:00:00,0.0,3.337,7.0,0.0,0.0,12.672,3.362,3.353,2.836,0.0
2025-02-12 13:00:00,0.0,2.452,7.0,0.0,0.0,12.672,3.047,3.2,2.832,0.0
2025-02-12 14:00:00,0.0,2.534,7.0,0.0,0.0,8.274,2.774,3.068,2.831,0.0
2025-02-12 15:00:00,55.576,2.517,7.0,55.576,55.576,63.85,2.501,2.931,2.831,0.0
2025-02-12 16:00:00,0.0,2.564,7.0,55.576,55.576,63.85,2.538,2.792,2.831,0.0
2025-02-12 17:00:00,0.0,2.502,7.0,55.576,55.576,63.85,2.528,2.651,2.83,0.0
2025-02-12 18:00:00,0.0,2.409,7.0,0.0,55.576,63.85,2.492,2.496,2.807,0.0
2025-02-12 19:00:00,0.0,7.973,7.0,0.0,55.576,63.85,4.295,3.416,3.013,0.973
2025-02-12 20:00:00,0.0,8.094,7.0,0.0,55.576,63.85,6.159,4.343,3.226,1.094
2025-02-12 21:00:00,0.0,8.029,7.0,0.0,0.0,63.85,8.032,5.262,3.44,1.029
2025-02-12 22:00:00,0.0,8.079,7.0,0.0,0.0,63.85,8.068,6.181,3.652,1.079
2025-02-12 23:00:00,0.0,8.063,7.0,0.0,0.0,63.85,8.057,7.108,3.867,1.063
2025-02-13 00:00:00,0.0,8.049,7.0,0.0,0.0,63.85,8.064,8.048,4.097,1.049
2025-02-13 01:00:00,0.0,2.495,7.0,0.0,0.0,63.85,6.203,7.135,4.096,0.0
2025-02-13 02:00:00,0.0,2.457,7.0,0.0,0.0,63.85,4.334,6.196,4.097,0.0
2025-02-13 03:00:00,0.0,2.499,7.0,0.0,0.0,55.576,2.484,5.274,4.098,0.0
2025-02-13 04:00:00,0.0,2.471,7.0,0.0,0.0,55.576,2.476,4.339,4.096,0.0
2025-02-13 05:00:00,0.0,2.481,7.0,0.0,0.0,55.576,2.484,3.409,4.096,0.0
2025-02-13 06:00:00,0.0,2.484,7.0,0.0,0.0,55.576,2.479,2.481,4.095,0.0
2025-02-13 07:00:00,0.0,2.489,7.0,0.0,0.0,55.576,2.485,2.48,4.058,0.0
2025-02-13 08:00:00,0.0,2.546,7.0,0.0,0.0,55.576,2.506,2.495,4.025,0.0
2025-02-13 09:00:00,0.0,2.494,7.0,0.0,0.0,55.576,2.509,2.494,3.99,0.0
2025-02-13 10:00:00,0.0,2.551,7.0,0.0,0.0,55.576,2.53,2.507,3.955,0.0
2025-02-13 11:00:00,0.0,2.577,7.0,0.0,0.0,55.576,2.541,2.523,3.923,0.0
2025-02-13 12:00:00,0.0,2.543,7.0,0.0,0.0,55.576,2.557,2.533,3.89,0.0
2025-02-13 13:00:00,0.0,2.527,7.0,0.0,0.0,55.576,2.549,2.54,3.893,0.0
2025-02-13 14:00:00,0.0,2.516,7.0,0.0,0.0,55.576,2.529,2.535,3.892,0.0
2025-02-13 15:00:00,0.0,2.543,7.0,0.0,0.0,0.0,2.529,2.543,3.893,0.0
2025-02-13 16:00:00,0.0,2.504,7.0,0.0,0.0,0.0,2.521,2.535,3.891,0.0
2025-02-13 17:00:00,0.0,2.549,7.0,0.0,0.0,0.0,2.532,2.53,3.893,0.0
2025-02-13 18:00:00,0.0,2.531,7.0,0.0,0.0,0.0,2.528,2.528,3.898,0.0
2025-02-13 19:00:00,0.0,2.482,7.0,0.0,0.0,0.0,2.521,2.521,3.669,0.0
2025-02-13 20:00:00,0.0,2.545,7.0,0.0,0.0,0.0,2.519,2.526,3.438,0.0
2025-02-13 21:00:00,0.0,2.505,7.0,0.0,0.0,0.0,2.51,2.519,3.208,0.0
2025-02-13 22:00:00,62.981,2.495,7.0,62.981,62.981,62.981,2.515,2.518,2.975,0.0
2025-02-13 23:00:00,0.0,2.476,7.0,62.981,62.981,62.981,2.492,2.505,2.742,0.0
2025-02-14 00:00:00,0.0,2.508,7.0,62.981,62.981,62.981,2.493,2.502,2.511,0.0
2025-02-14 01:00:00,0.0,2.55,7.0,0.0,62.981,62.981,2.511,2.513,2.513,0.0
2025-02-14 02:00:00,0.0,8.843,7.0,0.0,62.981,62.981,4.634,3.563,2.779,1.843
2025-02-14 03:00:00,0.0,8.816,7.0,0.0,62.981,62.981,6.736,4.615,3.043,1.816
2025-02-14 04:00:00,0.0,8.828,7.0,0.0,0.0,62.981,8.829,5.67,3.308,1.828
2025-02-14 05:00:00,27.828,8.862,7.0,27.828,27.828,90.809,8.835,6.734,3.573,1.862
2025-02-14 06:00:00,0.0,8.791,7.0,27.828,27.828,90.809,8.827,7.781,3.836,1.791
2025-02-14 07:00:00,0.0,8.742,7.0,27.828,27.828,90.809,8.798,8.814,4.097,1.742
2025-02-14 08:00:00,0.0,2.565,7.0,0.0,27.828,90.809,6.699,7.767,4.098,0.0
2025-02-14 09:00:00,0.0,5.256,7.0,0.0,27.828,90.809,5.521,7.174,4.213,0.0
2025-02-14 10:00:00,0.0,5.248,7.0,0.0,27.828,90.809,4.357,6.577,4.325,0.0
2025-02-14 11:00:00,0.0,5.193,7.0,0.0,0.0,90.809,5.233,5.966,4.434,0.0
2025-02-14 12:00:00,0.0,5.311,7.0,0.0,0.0,90.809,5.251,5.386,4.549,0.0
2025-02-14 13:00:00,0.0,5.202,7.0,0.0,0.0,90.809,5.235,4.796,4.661,0.0
2025-02-14 14:00:00,0.0,5.245,7.0,0.0,0.0,90.809,5.253,5.243,4.775,0.0
2025-02-14 15:00:00,0.0,2.529,7.0,0.0,0.0,90.809,4.325,4.788,4.774,0.0
2025-02-14 16:00:00,0.0,2.536,7.0,0.0,0.0,90.809,3.437,4.336,4.775,0.0
2025-02-14 17:00:00,0.0,2.467,7.0,0.0,0.0,90.809,2.511,3.882,4.772,0.0
2025-02-14 18:00:00,2.531,2.493,7.0,2.531,2.531,93.34,2.499,3.412,4.77,0.0
2025-02-14 19:00:00,0.0,2.456,7.0,2.531,2.531,93.34,2.472,2.955,4.769,0.0
2025-02-14 20:00:00,0.0,2.473,7.0,2.531,2.531,93.34,2.474,2.493,4.766,0.0
2025-02-14 21:00:00,0.0,2.513,7.0,0.0,2.531,93.34,2.481,2.49,4.767,0.0
2025-02-14 22:00:00,0.0,2.728,7.0,0.0,2.531,30.359,2.571,2.522,4.776,0.0
2025-02-14 23:00:00,0.0,2.741,7.0,0.0,2.531,30.359,2.661,2.567,4.787,0.0
2025-02-15 00:00:00,0.0,2.68,7.0,0.0,0.0,30.359,2.716,2.598,4.795,0.0
2025-02-15 01:00:00,0.0,2.81,7.0,0.0,0.0,30.359,2.743,2.657,4.805,0.0
2025-02-15 02:00:00,0.0,2.779,7.0,0.0,0.0,30.359,2.756,2.708,4.553,0.0
2025-02-15 03:00:00,0.0,2.793,7.0,0.0,0.0,30.359,2.794,2.755,4.302,0.0
2025-02-15 04:00:00,0.0,2.565,7.0,0.0,0.0,30.359,2.712,2.728,4.041,0.0
2025-02-15 05:00:00,0.0,2.459,7.0,0.0,0.0,2.531,2.605,2.681,3.774,0.0
2025-02-15 06:00:00,0.0,2.482,7.0,0.0,0.0,2.531,2.502,2.648,3.511,0.0
2025-02-15 07:00:00,0.0,2.405,7.0,0.0,0.0,2.531,2.449,2.58,3.247,0.0
2025-02-15 08:00:00,17.885,2.657,7.0,17.885,17.885,20.416,2.515,2.56,3.251,0.0
2025-02-15 09:00:00,0.0,2.493,7.0,17.885,17.885,20.416,2.518,2.51,3.136,0.0
2025-02-15 10:00:00,0.0,2.552,7.0,17.885,17.885,20.416,2.567,2.508,3.023,0.0
2025-02-15 11:00:00,0.0,2.438,7.0,0.0,17.885,20.416,2.494,2.504,2.909,0.0
2025-02-15 12:00:00,0.0,4.338,7.0,0.0,17.885,20.416,3.109,2.814,2.868,0.0
2025-02-15 13:00:00,0.0,4.381,7.0,0.0,17.885,20.416,3.719,3.143,2.834,0.0
2025-02-15 14:00:00,0.0,4.286,7.0,0.0,0.0,20.416,4.335,3.415,2.794,0.0
2025-02-15 15:00:00,0.0,4.238,7.0,0.0,0.0,20.416,4.302,3.706,2.865,0.0
2025-02-15 16:00:00,0.0,4.282,7.0,0.0,0.0,20.416,4.268,3.994,2.938,0.0
2025-02-15 17:00:00,0.0,4.177,7.0,0.0,0.0,20.416,4.232,4.284,3.009,0.0
2025-02-15 18:00:00,0.0,2.498,7.0,0.0,0.0,17.885,3.652,3.977,3.009,0.0
2025-02-15 19:00:00,0.0,2.541,7.0,0.0,0.0,17.885,3.072,3.67,3.013,0.0
2025-02-15 20:00:00,0.0,2.498,7.0,0.0,0.0,17.885,2.512,3.372,3.014,0.0
2025-02-15 21:00:00,14.746,2.486,7.0,14.746,14.746,32.632,2.508,3.08,3.013,0.0
2025-02-15 22:00:00,0.0,2.526,7.0,14.746,14.746,32.632,2.503,2.788,3.004,0.0
2025-02-15 23:00:00,0.0,2.53,7.0,14.746,14.746,32.632,2.514,2.513,2.996,0.0
2025-02-16 00:00:00,23.616,2.417,7.0,23.616,38.362,56.248,2.491,2.5,2.985,0.0
2025-02-16 01:00:00,0.0,3.979,7.0,23.616,38.362,56.248,2.975,2.739,3.033,0.0
2025-02-16 02:00:00,0.0,4.096,7.0,23.616,38.362,56.248,3.497,3.006,3.088,0.0
2025-02-16 03:00:00,0.0,3.908,7.0,0.0,23.616,56.248,3.994,3.243,3.135,0.0
2025-02-16 04:00:00,0.0,6.332,7.0,0.0,23.616,56.248,4.779,3.877,3.292,0.0
2025-02-16 05:00:00,0.0,6.433,7.0,0.0,23.616,56.248,5.558,4.528,3.457,0.0
2025-02-16 06:00:00,0.0,6.391,7.0,0.0,0.0,56.248,6.386,5.19,3.62,0.0
2025-02-16 07:00:00,0.0,4.836,7.0,0.0,0.0,56.248,5.887,5.333,3.721,0.0
2025-02-16 08:00:00,0.0,4.872,7.0,0.0,0.0,38.362,5.366,5.462,3.814,0.0
2025-02-16 09:00:00,0.0,4.862,7.0,0.0,0.0,38.362,4.856,5.621,3.912,0.0
2025-02-16 10:00:00,0.0,2.463,7.0,0.0,0.0,38.362,4.065,4.976,3.909,0.0
2025-02-16 11:00:00,0.0,2.496,7.0,0.0,0.0,38.362,3.273,4.32,3.911,0.0
2025-02-16 12:00:00,0.0,2.486,7.0,0.0,0.0,38.362,2.482,3.669,3.834,0.0
2025-02-16 13:00:00,0.0,2.506,7.0,0.0,0.0,38.362,2.496,3.281,3.756,0.0
2025-02-16 14:00:00,0.0,2.463,7.0,0.0,0.0,38.362,2.485,2.879,3.68,0.0
2025-02-16 15:00:00,0.0,2.436,7.0,0.0,0.0,38.362,2.468,2.475,3.605,0.0
2025-02-16 16:00:00,0.0,2.498,7.0,0.0,0.0,38.362,2.466,2.481,3.53,0.0
2025-02-16 17:00:00,16.683,2.586,7.0,16.683,16.683,55.045,2.507,2.496,3.464,0.0
2025-02-16 18:00:00,0.0,2.504,7.0,16.683,16.683,55.045,2.529,2.499,3.464,0.0
2025-02-16 19:00:00,0.0,2.483,7.0,16.683,16.683,55.045,2.524,2.495,3.462,0.0
2025-02-16 20:00:00,0.0,2.538,7.0,0.0,16.683,55.045,2.508,2.508,3.464,0.0
2025-02-16 21:00:00,0.0,4.16,7.0,0.0,16.683,40.299,3.06,2.795,3.533,0.0
2025-02-16 22:00:00,0.0,4.262,7.0,0.0,16.683,40.299,3.653,3.089,3.606,0.0
2025-02-16 23:00:00,0.0,4.168,7.0,0.0,0.0,40.299,4.197,3.353,3.674,0.0
2025-02-17 00:00:00,0.0,4.203,7.0,0.0,0.0,16.683,4.211,3.636,3.748,0.0
2025-02-17 01:00:00,0.0,4.131,7.0,0.0,0.0,16.683,4.167,3.91,3.755,0.0
2025-02-17 02:00:00,0.0,4.193,7.0,0.0,0.0,16.683,4.176,4.186,3.759,0.0
2025-02-17 03:00:00,0.0,2.514,7.0,0.0,0.0,16.683,3.613,3.912,3.701,0.0
2025-02-17 04:00:00,0.0,2.497,7.0,0.0,0.0,16.683,3.068,3.618,3.541,0.0
2025-02-17 05:00:00,0.0,2.475,7.0,0.0,0.0,16.683,2.495,3.336,3.376,0.0
2025-02-17 06:00:00,0.0,2.468,7.0,0.0,0.0,16.683,2.48,3.046,3.212,0.0
2025-02-17 07:00:00,0.0,2.514,7.0,0.0,0.0,16.683,2.486,2.777,3.116,0.0
2025-02-17 08:00:00,0.0,2.531,7.0,0.0,0.0,16.683,2.505,2.5,3.018,0.0
2025-02-17 09:00:00,0.0,2.494,7.0,0.0,0.0,16.683,2.513,2.497,2.92,0.0
2025-02-17 10:00:00,0.0,2.514,7.0,0.0,0.0,16.683,2.513,2.499,2.922,0.0
2025-02-17 11:00:00,0.0,2.498,7.0,0.0,0.0,16.683,2.502,2.503,2.922,0.0
2025-02-17 12:00:00,0.0,2.505,7.0,0.0,0.0,16.683,2.506,2.509,2.923,0.0
2025-02-17 13:00:00,0.0,2.49,7.0,0.0,0.0,16.683,2.498,2.505,2.922,0.0
2025-02-17 14:00:00,0.0,2.501,7.0,0.0,0.0,16.683,2.499,2.5,2.923,0.0
2025-02-17 15:00:00,0.0,2.635,7.0,0.0,0.0,16.683,2.542,2.524,2.932,0.0
2025-02-17 16:00:00,0.0,2.516,7.0,0.0,0.0,16.683,2.55,2.524,2.933,0.0
2025-02-17 17:00:00,0.0,2.532,7.0,0.0,0.0,0.0,2.561,2.53,2.93,0.0
2025-02-17 18:00:00,0.0,2.522,7.0,0.0,0.0,0.0,2.523,2.533,2.931,0.0
2025-02-17 19:00:00,0.0,2.487,7.0,0.0,0.0,0.0,2.514,2.532,2.931,0.0
2025-02-17 20:00:00,0.0,2.565,7.0,0.0,0.0,0.0,2.524,2.543,2.932,0.0
2025-02-17 21:00:00,0.0,2.485,7.0,0.0,0.0,0.0,2.512,2.518,2.863,0.0
2025-02-17 22:00:00,0.0,2.553,7.0,0.0,0.0,0.0,2.534,2.524,2.791,0.0
2025-02-17 23:00:00,0.0,2.483,7.0,0.0,0.0,0.0,2.507,2.516,2.721,0.0
2025-02-18 00:00:00,0.0,2.452,7.0,0.0,0.0,0.0,2.496,2.504,2.648,0.0
2025-02-18 01:00:00,0.0,2.518,7.0,0.0,0.0,0.0,2.485,2.509,2.581,0.0
2025-02-18 02:00:00,0.0,2.445,7.0,0.0,0.0,0.0,2.472,2.489,2.508,0.0
2025-02-18 03:00:00,0.0,2.527,7.0,0.0,0.0,0.0,2.497,2.496,2.509,0.0
2025-02-18 04:00:00,0.0,2.44,7.0,0.0,0.0,0.0,2.471,2.478,2.506,0.0
2025-02-18 05:00:00,0.0,2.484,7.0,0.0,0.0,0.0,2.484,2.478,2.507,0.0
2025-02-18 06:00:00,0.0,2.428,7.0,0.0,0.0,0.0,2.451,2.474,2.505,0.0
2025-02-18 07:00:00,0.0,2.641,7.0,0.0,0.0,0.0,2.518,2.494,2.51,0.0
2025-02-18 08:00:00,0.0,2.417,7.0,0.0,0.0,0.0,2.496,2.49,2.506,0.0
2025-02-18 09:00:00,0.0,2.5,7.0,0.0,0.0,0.0,2.52,2.485,2.506,0.0
2025-02-18 10:00:00,0.0,2.557,7.0,0.0,0.0,0.0,2.492,2.505,2.508,0.0
2025-02-18 11:00:00,0.0,2.552,7.0,0.0,0.0,0.0,2.536,2.516,2.51,0.0
2025-02-18 12:00:00,0.0,2.543,7.0,0.0,0.0,0.0,2.551,2.535,2.511,0.0
2025-02-18 13:00:00,0.0,2.484,7.0,0.0,0.0,0.0,2.526,2.509,2.511,0.0
2025-02-18 14:00:00,0.0,2.568,7.0,0.0,0.0,0.0,2.531,2.534,2.514,0.0
2025-02-18 15:00:00,0.0,2.546,7.0,0.0,0.0,0.0,2.532,2.541,2.51,0.0
2025-02-18 16:00:00,0.0,2.511,7.0,0.0,0.0,0.0,2.541,2.534,2.51,0.0
2025-02-18 17:00:00,0.0,2.512,7.0,0.0,0.0,0.0,2.523,2.527,2.509,0.0
2025-02-18 18:00:00,0.0,2.485,7.0,0.0,0.0,0.0,2.502,2.517,2.508,0.0
2025-02-18 19:00:00,2.175,2.455,7.0,2.175,2.175,2.175,2.484,2.513,2.506,0.0
2025-02-18 20:00:00,0.0,2.562,7.0,2.175,2.175,2.175,2.5,2.512,2.506,0.0
2025-02-18 21:00:00,0.0,2.566,7.0,2.175,2.175,2.175,2.527,2.515,2.509,0.0
2025-02-18 22:00:00,0.0,2.456,7.0,0.0,2.175,2.175,2.528,2.506,2.505,0.0
2025-02-18 23:00:00,0.0,2.71,7.0,0.0,2.175,2.175,2.577,2.539,2.515,0.0
2025-02-19 00:00:00,0.0,2.71,7.0,0.0,2.175,2.175,2.625,2.576,2.526,0.0
2025-02-19 01:00:00,0.0,2.716,7.0,0.0,0.0,2.175,2.712,2.62,2.534,0.0
2025-02-19 02:00:00,0.0,2.721,7.0,0.0,0.0,2.175,2.716,2.646,2.545,0.0
2025-02-19 03:00:00,0.0,2.765,7.0,0.0,0.0,2.175,2.734,2.68,2.555,0.0
2025-02-19 04:00:00,55.802,2.68,7.0,55.802,55.802,57.977,2.722,2.717,2.565,0.0
2025-02-19 05:00:00,0.0,2.458,7.0,55.802,55.802,57.977,2.634,2.675,2.564,0.0
2025-02-19 06:00:00,0.0,2.562,7.0,55.802,55.802,57.977,2.567,2.65,2.57,0.0
2025-02-19 07:00:00,0.0,2.477,7.0,0.0,55.802,57.977,2.499,2.61,2.563,0.0
2025-02-19 08:00:00,0.0,8.017,7.0,0.0,55.802,57.977,4.352,3.493,2.796,1.017
2025-02-19 09:00:00,0.0,8.056,7.0,0.0,55.802,57.977,6.183,4.375,3.028,1.056
2025-02-19 10:00:00,0.0,8.064,7.0,0.0,0.0,57.977,8.046,5.272,3.257,1.064
2025-02-19 11:00:00,0.0,8.158,7.0,0.0,0.0,57.977,8.093,6.222,3.491,1.158
2025-02-19 12:00:00,0.0,8.126,7.0,0.0,0.0,57.977,8.116,7.15,3.723,1.126
2025-02-19 13:00:00,0.0,8.138,7.0,0.0,0.0,57.977,8.141,8.093,3.959,1.138
2025-02-19 14:00:00,0.0,2.541,7.0,0.0,0.0,57.977,6.268,7.18,3.958,0.0
2025-02-19 15:00:00,0.0,2.547,7.0,0.0,0.0,57.977,4.409,6.262,3.958,0.0
2025-02-19 16:00:00,0.0,2.466,7.0,0.0,0.0,57.977,2.518,5.329,3.956,0.0
2025-02-19 17:00:00,0.0,2.49,7.0,0.0,0.0,57.977,2.501,4.385,3.955,0.0
2025-02-19 18:00:00,0.0,2.451,7.0,0.0,0.0,57.977,2.469,3.439,3.954,0.0
2025-02-19 19:00:00,0.0,2.489,7.0,0.0,0.0,55.802,2.477,2.497,3.955,0.0
2025-02-19 20:00:00,27.081,2.534,7.0,27.081,27.081,82.883,2.491,2.496,3.954,0.0
2025-02-19 21:00:00,28.27,2.507,7.0,55.351,55.351,111.153,2.51,2.489,3.952,0.0
2025-02-19 22:00:00,0.0,2.566,7.0,55.351,55.351,111.153,2.536,2.506,3.956,0.0
2025-02-19 23:00:00,0.0,2.443,7.0,28.27,55.351,111.153,2.505,2.498,3.945,0.0
2025-02-20 00:00:00,0.0,5.233,7.0,0.0,55.351,111.153,3.414,2.962,4.05,0.0
2025-02-20 01:00:00,0.0,7.973,7.0,0.0,55.351,111.153,5.216,3.876,4.269,0.973
2025-02-20 02:00:00,0.0,8.04,7.0,0.0,28.27,111.153,7.082,4.793,4.491,1.04
2025-02-20 03:00:00,0.0,8.072,7.0,0.0,0.0,111.153,8.028,5.721,4.712,1.072
2025-02-20 04:00:00,0.0,8.024,7.0,0.0,0.0,55.351,8.045,6.631,4.935,1.024
2025-02-20 05:00:00,0.0,8.063,7.0,0.0,0.0,55.351,8.053,7.567,5.168,1.063
2025-02-20 06:00:00,0.0,5.279,7.0,0.0,0.0,55.351,7.122,7.575,5.281,0.0
2025-02-20 07:00:00,0.0,2.417,7.0,0.0,0.0,55.351,5.253,6.649,5.279,0.0
2025-02-20 08:00:00,0.0,2.528,7.0,0.0,0.0,55.351,3.408,5.73,5.05,0.0
2025-02-20 09:00:00,2.921,2.587,7.0,2.921,2.921,58.272,2.511,4.816,4.822,0.0
2025-02-20 10:00:00,0.0,2.45,7.0,2.921,2.921,58.272,2.522,3.887,4.588,0.0
2025-02-20 11:00:00,0.0,2.561,7.0,2.921,2.921,58.272,2.533,2.97,4.355,0.0
2025-02-20 12:00:00,0.0,2.502,7.0,0.0,2.921,58.272,2.504,2.508,4.121,0.0
2025-02-20 13:00:00,0.0,2.725,7.0,0.0,2.921,58.272,2.596,2.559,3.895,0.0
2025-02-20 14:00:00,0.0,2.736,7.0,0.0,2.921,58.272,2.654,2.594,3.903,0.0
2025-02-20 15:00:00,0.0,2.793,7.0,0.0,0.0,58.272,2.751,2.628,3.914,0.0
2025-02-20 16:00:00,0.0,2.772,7.0,0.0,0.0,58.272,2.767,2.681,3.926,0.0
2025-02-20 17:00:00,0.0,2.726,7.0,0.0,0.0,58.272,2.764,2.709,3.936,0.0
2025-02-20 18:00:00,0.0,2.707,7.0,0.0,0.0,58.272,2.735,2.743,3.947,0.0
2025-02-20 19:00:00,0.0,2.458,7.0,0.0,0.0,58.272,2.631,2.699,3.946,0.0
2025-02-20 20:00:00,8.736,2.51,7.0,8.736,8.736,39.927,2.558,2.661,3.945,0.0
2025-02-20 21:00:00,0.0,2.5,7.0,8.736,8.736,11.657,2.489,2.612,3.944,0.0
2025-02-20 22:00:00,0.0,2.475,7.0,8.736,8.736,11.657,2.495,2.563,3.941,0.0
2025-02-20 23:00:00,0.0,2.51,7.0,0.0,8.736,11.657,2.495,2.527,3.943,0.0
2025-02-21 00:00:00,0.0,3.426,7.0,0.0,8.736,11.657,2.804,2.646,3.868,0.0
2025-02-21 01:00:00,0.0,3.393,7.0,0.0,8.736,11.657,3.11,2.802,3.677,0.0
2025-02-21 02:00:00,0.0,3.368,7.0,0.0,0.0,11.657,3.396,2.945,3.483,0.0
2025-02-21 03:00:00,0.0,3.42,7.0,0.0,0.0,11.657,3.394,3.099,3.289,0.0
2025-02-21 04:00:00,0.68,3.326,7.0,0.68,0.68,12.337,3.371,3.24,3.093,0.0
2025-02-21 05:00:00,0.0,3.362,7.0,0.68,0.68,12.337,3.369,3.382,2.897,0.0
2025-02-21 06:00:00,0.0,2.49,7.0,0.68,0.68,12.337,3.059,3.226,2.781,0.0
2025-02-21 07:00:00,0.0,2.438,7.0,0.0,0.68,12.337,2.763,3.067,2.782,0.0
2025-02-21 08:00:00,0.0,2.547,7.0,0.0,0.68,12.337,2.492,2.931,2.783,0.0
2025-02-21 09:00:00,0.0,2.464,7.0,0.0,0.68,9.416,2.483,2.771,2.777,0.0
2025-02-21 10:00:00,0.0,2.664,7.0,0.0,0.0,9.416,2.558,2.661,2.786,0.0
2025-02-21 11:00:00,0.0,2.521,7.0,0.0,0.0,9.416,2.55,2.521,2.785,0.0
2025-02-21 12:00:00,0.0,2.647,7.0,0.0,0.0,9.416,2.611,2.547,2.791,0.0
2025-02-21 13:00:00,0.0,2.57,7.0,0.0,0.0,9.416,2.579,2.569,2.784,0.0
2025-02-21 14:00:00,10.133,2.528,7.0,10.133,10.133,19.549,2.582,2.566,2.776,0.0
2025-02-21 15:00:00,0.0,2.476,7.0,10.133,10.133,19.549,2.525,2.568,2.762,0.0
2025-02-21 16:00:00,0.0,2.51,7.0,10.133,10.133,19.549,2.505,2.542,2.751,0.0
2025-02-21 17:00:00,0.0,2.533,7.0,0.0,10.133,19.549,2.506,2.544,2.743,0.0
2025-02-21 18:00:00,0.0,3.547,7.0,0.0,10.133,19.549,2.863,2.694,2.778,0.0
2025-02-21 19:00:00,0.0,3.552,7.0,0.0,10.133,19.549,3.21,2.858,2.824,0.0
2025-02-21 20:00:00,0.0,3.495,7.0,0.0,0.0,10.813,3.531,3.019,2.865,0.0
2025-02-21 21:00:00,0.0,3.489,7.0,0.0,0.0,10.813,3.512,3.188,2.906,0.0
2025-02-21 22:00:00,0.0,3.434,7.0,0.0,0.0,10.813,3.473,3.341,2.946,0.0
2025-02-21 23:00:00,0.0,3.539,7.0,0.0,0.0,10.813,3.487,3.509,2.989,0.0
2025-02-22 00:00:00,0.0,2.554,7.0,0.0,0.0,10.813,3.176,3.344,2.953,0.0
2025-02-22 01:00:00,0.0,2.581,7.0,0.0,0.0,10.813,2.891,3.182,2.919,0.0
2025-02-22 02:00:00,0.0,2.515,7.0,0.0,0.0,10.813,2.55,3.019,2.883,0.0
2025-02-22 03:00:00,0.0,2.462,7.0,0.0,0.0,10.813,2.519,2.847,2.843,0.0
2025-02-22 04:00:00,0.0,2.415,7.0,0.0,0.0,10.133,2.464,2.678,2.806,0.0
2025-02-22 05:00:00,0.0,2.552,7.0,0.0,0.0,10.133,2.476,2.513,2.772,0.0
2025-02-22 06:00:00,0.0,2.41,7.0,0.0,0.0,10.133,2.459,2.489,2.768,0.0
2025-02-22 07:00:00,0.0,2.483,7.0,0.0,0.0,10.133,2.482,2.473,2.77,0.0
2025-02-22 08:00:00,0.0,2.489,7.0,0.0,0.0,10.133,2.461,2.468,2.768,0.0
2025-02-22 09:00:00,0.0,2.497,7.0,0.0,0.0,10.133,2.489,2.474,2.769,0.0
2025-02-22 10:00:00,0.0,2.502,7.0,0.0,0.0,10.133,2.496,2.489,2.763,0.0
2025-02-22 11:00:00,0.0,2.507,7.0,0.0,0.0,10.133,2.502,2.481,2.762,0.0
2025-02-22 12:00:00,0.0,2.379,7.0,0.0,0.0,10.133,2.463,2.476,2.751,0.0
2025-02-22 13:00:00,0.0,2.501,7.0,0.0,0.0,10.133,2.462,2.479,2.748,0.0
2025-02-22 14:00:00,0.0,2.389,7.0,0.0,0.0,0.0,2.423,2.462,2.742,0.0
2025-02-22 15:00:00,0.0,2.537,7.0,0.0,0.0,0.0,2.475,2.469,2.745,0.0
2025-02-22 16:00:00,0.0,2.472,7.0,0.0,0.0,0.0,2.466,2.464,2.743,0.0
2025-02-22 17:00:00,0.0,2.392,7.0,0.0,0.0,0.0,2.467,2.445,2.737,0.0
2025-02-22 18:00:00,0.0,2.459,7.0,0.0,0.0,0.0,2.441,2.458,2.692,0.0
2025-02-22 19:00:00,0.0,2.471,7.0,0.0,0.0,0.0,2.441,2.453,2.647,0.0
2025-02-22 20:00:00,0.0,2.56,7.0,0.0,0.0,0.0,2.497,2.482,2.608,0.0
2025-02-22 21:00:00,0.0,2.51,7.0,0.0,0.0,0.0,2.514,2.477,2.567,0.0
2025-02-22 22:00:00,0.0,2.517,7.0,0.0,0.0,0.0,2.529,2.485,2.529,0.0
2025-02-22 23:00:00,0.0,2.559,7.0,0.0,0.0,0.0,2.529,2.513,2.488,0.0
2025-02-23 00:00:00,0.0,2.495,7.0,0.0,0.0,0.0,2.524,2.519,2.486,0.0
2025-02-23 01:00:00,0.0,2.538,7.0,0.0,0.0,0.0,2.531,2.53,2.484,0.0
2025-02-23 02:00:00,0.0,2.534,7.0,0.0,0.0,0.0,2.522,2.526,2.485,0.0
2025-02-23 03:00:00,0.0,2.436,7.0,0.0,0.0,0.0,2.503,2.513,2.483,0.0
2025-02-23 04:00:00,0.0,2.574,7.0,0.0,0.0,0.0,2.515,2.523,2.49,0.0
2025-02-23 05:00:00,6.893,2.429,7.0,6.893,6.893,6.893,2.479,2.501,2.485,0.0
2025-02-23 06:00:00,0.0,2.546,7.0,6.893,6.893,6.893,2.516,2.509,2.491,0.0
2025-02-23 07:00:00,0.0,2.424,7.0,6.893,6.893,6.893,2.466,2.49,2.488,0.0
2025-02-23 08:00:00,0.0,2.53,7.0,0.0,6.893,6.893,2.5,2.49,2.49,0.0
2025-02-23 09:00:00,0.0,3.282,7.0,0.0,6.893,6.893,2.746,2.631,2.523,0.0
2025-02-23 10:00:00,0.0,3.179,7.0,0.0,6.893,6.893,2.997,2.732,2.551,0.0
2025-02-23 11:00:00,0.0,3.176,7.0,0.0,0.0,6.893,3.212,2.856,2.579,0.0
2025-02-23 12:00:00,0.0,3.22,7.0,0.0,0.0,6.893,3.192,2.969,2.614,0.0
2025-02-23 13:00:00,0.0,3.173,7.0,0.0,0.0,6.893,3.19,3.093,2.642,0.0
2025-02-23 14:00:00,0.0,3.28,7.0,0.0,0.0,6.893,3.224,3.218,2.679,0.0
2025-02-23 15:00:00,0.0,2.51,7.0,0.0,0.0,6.893,2.988,3.09,2.678,0.0
2025-02-23 16:00:00,0.0,2.484,7.0,0.0,0.0,6.893,2.758,2.974,2.678,0.0
2025-02-23 17:00:00,0.0,2.473,7.0,0.0,0.0,6.893,2.489,2.857,2.682,0.0
2025-02-23 18:00:00,0.0,2.453,7.0,0.0,0.0,6.893,2.47,2.729,2.681,0.0
2025-02-23 19:00:00,0.0,2.469,7.0,0.0,0.0,6.893,2.465,2.611,2.681,0.0
2025-02-23 20:00:00,0.0,2.482,7.0,0.0,0.0,6.893,2.468,2.479,2.678,0.0
2025-02-23 21:00:00,0.0,2.476,7.0,0.0,0.0,6.893,2.476,2.473,2.677,0.0
2025-02-23 22:00:00,0.0,2.467,7.0,0.0,0.0,6.893,2.475,2.47,2.675,0.0
2025-02-23 23:00:00,0.0,2.605,7.0,0.0,0.0,6.893,2.516,2.492,2.676,0.0
2025-02-24 00:00:00,0.0,2.448,7.0,0.0,0.0,6.893,2.507,2.491,2.674,0.0
2025-02-24 01:00:00,0.0,2.507,7.0,0.0,0.0,6.893,2.52,2.498,2.673,0.0
2025-02-24 02:00:00,0.0,2.53,7.0,0.0,0.0,6.893,2.495,2.506,2.673,0.0
2025-02-24 03:00:00,0.0,2.532,7.0,0.0,0.0,6.893,2.523,2.515,2.677,0.0
2025-02-24 04:00:00,0.0,2.497,7.0,0.0,0.0,6.893,2.519,2.52,2.674,0.0
2025-02-24 05:00:00,0.0,2.488,7.0,0.0,0.0,0.0,2.506,2.5,2.676,0.0
2025-02-24 06:00:00,0.0,2.523,7.0,0.0,0.0,0.0,2.503,2.513,2.675,0.0
2025-02-24 07:00:00,0.0,2.513,7.0,0.0,0.0,0.0,2.508,2.514,2.679,0.0
2025-02-24 08:00:00,0.0,2.487,7.0,0.0,0.0,0.0,2.508,2.507,2.677,0.0
2025-02-24 09:00:00,0.0,2.422,7.0,0.0,0.0,0.0,2.474,2.488,2.641,0.0
2025-02-24 10:00:00,0.0,2.477,7.0,0.0,0.0,0.0,2.462,2.485,2.612,0.0
2025-02-24 11:00:00,0.0,2.443,7.0,0.0,0.0,0.0,2.447,2.477,2.582,0.0
2025-02-24 12:00:00,0.0,2.467,7.0,0.0,0.0,0.0,2.462,2.468,2.55,0.0
2025-02-24 13:00:00,0.0,2.502,7.0,0.0,0.0,0.0,2.47,2.466,2.522,0.0
2025-02-24 14:00:00,0.0,2.518,7.0,0.0,0.0,0.0,2.495,2.471,2.49,0.0
2025-02-24 15:00:00,0.0,2.589,7.0,0.0,0.0,0.0,2.536,2.499,2.494,0.0
2025-02-24 16:00:00,0.0,2.473,7.0,0.0,0.0,0.0,2.527,2.499,2.493,0.0
2025-02-24 17:00:00,0.0,2.539,7.0,0.0,0.0,0.0,2.534,2.515,2.496,0.0
2025-02-24 18:00:00,0.0,2.515,7.0,0.0,0.0,0.0,2.509,2.523,2.499,0.0
2025-02-24 19:00:00,0.0,2.565,7.0,0.0,0.0,0.0,2.54,2.533,2.503,0.0
2025-02-24 20:00:00,0.0,2.529,7.0,0.0,0.0,0.0,2.536,2.535,2.505,0.0
2025-02-24 21:00:00,0.0,2.45,7.0,0.0,0.0,0.0,2.514,2.512,2.503,0.0
2025-02-24 22:00:00,0.0,2.414,7.0,0.0,0.0,0.0,2.464,2.502,2.501,0.0
2025-02-24 23:00:00,0.0,2.516,7.0,0.0,0.0,0.0,2.46,2.498,2.498,0.0
2025-02-25 00:00:00,0.0,2.474,7.0,0.0,0.0,0.0,2.468,2.491,2.499,0.0
2025-02-25 01:00:00,0.0,2.451,7.0,0.0,0.0,0.0,2.48,2.472,2.496,0.0
2025-02-25 02:00:00,0.0,2.437,7.0,0.0,0.0,0.0,2.454,2.457,2.492,0.0
2025-02-25 03:00:00,0.0,2.508,7.0,0.0,0.0,0.0,2.465,2.466,2.491,0.0
2025-02-25 04:00:00,0.652,2.575,7.0,0.652,0.652,0.652,2.507,2.493,2.495,0.0
2025-02-25 05:00:00,0.0,2.48,7.0,0.652,0.652,0.652,2.521,2.487,2.494,0.0
2025-02-25 06:00:00,0.0,2.53,7.0,0.652,0.652,0.652,2.528,2.497,2.495,0.0
2025-02-25 07:00:00,0.0,2.495,7.0,0.0,0.652,0.652,2.501,2.504,2.494,0.0
2025-02-25 08:00:00,0.0,2.501,7.0,0.0,0.652,0.652,2.508,2.515,2.494,0.0
2025-02-25 09:00:00,0.0,2.602,7.0,0.0,0.652,0.652,2.533,2.53,2.502,0.0
2025-02-25 10:00:00,0.0,2.51,7.0,0.0,0.0,0.652,2.538,2.52,2.503,0.0
2025-02-25 11:00:00,0.0,2.566,7.0,0.0,0.0,0.652,2.56,2.534,2.508,0.0
2025-02-25 12:00:00,0.0,2.548,7.0,0.0,0.0,0.652,2.542,2.537,2.512,0.0
2025-02-25 13:00:00,37.548,2.61,7.0,37.548,37.548,38.2,2.575,2.556,2.516,0.0
2025-02-25 14:00:00,35.195,2.447,7.0,72.743,72.743,73.395,2.535,2.547,2.513,0.0
2025-02-25 15:00:00,0.0,2.52,7.0,72.743,72.743,73.395,2.525,2.534,2.511,0.0
2025-02-25 16:00:00,0.0,2.458,7.0,35.195,72.743,73.395,2.475,2.525,2.51,0.0
2025-02-25 17:00:00,0.0,6.229,7.0,0.0,72.743,73.395,3.736,3.135,2.664,0.0
2025-02-25 18:00:00,0.0,9.593,7.0,0.0,72.743,73.395,6.093,4.309,2.959,2.593
2025-02-25 19:00:00,0.0,9.879,7.0,0.0,35.195,73.395,8.567,5.521,3.263,2.879
2025-02-25 20:00:00,0.0,9.802,7.0,0.0,0.0,73.395,9.758,6.747,3.566,2.802
2025-02-25 21:00:00,0.0,9.736,7.0,0.0,0.0,73.395,9.806,7.949,3.87,2.736
2025-02-25 22:00:00,0.0,9.718,7.0,0.0,0.0,73.395,9.752,9.159,4.174,2.718
2025-02-25 23:00:00,0.0,5.995,7.0,0.0,0.0,73.395,8.483,9.12,4.319,0.0
2025-02-26 00:00:00,0.0,2.536,7.0,0.0,0.0,73.395,6.083,7.944,4.322,0.0
2025-02-26 01:00:00,0.0,2.405,7.0,0.0,0.0,73.395,3.645,6.699,4.32,0.0
2025-02-26 02:00:00,0.0,2.493,7.0,0.0,0.0,73.395,2.478,5.48,4.322,0.0
2025-02-26 03:00:00,0.0,2.589,7.0,0.0,0.0,73.395,2.496,4.289,4.326,0.0
2025-02-26 04:00:00,7.702,2.443,7.0,7.702,7.702,80.445,2.508,3.077,4.32,0.0
2025-02-26 05:00:00,0.0,2.504,7.0,7.702,7.702,80.445,2.512,2.495,4.321,0.0
2025-02-26 06:00:00,0.0,2.61,7.0,7.702,7.702,80.445,2.519,2.507,4.325,0.0
2025-02-26 07:00:00,0.0,2.532,7.0,0.0,7.702,80.445,2.549,2.528,4.326,0.0
2025-02-26 08:00:00,0.0,3.276,7.0,0.0,7.702,80.445,2.806,2.659,4.358,0.0
2025-02-26 09:00:00,0.0,3.296,7.0,0.0,7.702,80.445,3.035,2.777,4.387,0.0
2025-02-26 10:00:00,0.0,3.25,7.0,0.0,0.0,80.445,3.274,2.911,4.418,0.0
2025-02-26 11:00:00,0.0,3.335,7.0,0.0,0.0,80.445,3.294,3.05,4.45,0.0
2025-02-26 12:00:00,0.0,3.25,7.0,0.0,0.0,80.445,3.279,3.157,4.479,0.0
2025-02-26 13:00:00,0.0,3.172,7.0,0.0,0.0,42.897,3.253,3.263,4.503,0.0
2025-02-26 14:00:00,0.0,2.48,7.0,0.0,0.0,7.702,2.968,3.131,4.504,0.0
2025-02-26 15:00:00,0.0,2.452,7.0,0.0,0.0,7.702,2.701,2.99,4.501,0.0
2025-02-26 16:00:00,0.0,2.486,7.0,0.0,0.0,7.702,2.473,2.863,4.503,0.0
2025-02-26 17:00:00,0.0,2.487,7.0,0.0,0.0,7.702,2.475,2.721,4.347,0.0
2025-02-26 18:00:00,0.0,2.56,7.0,0.0,0.0,7.702,2.511,2.606,4.054,0.0
2025-02-26 19:00:00,0.0,2.535,7.0,0.0,0.0,7.702,2.527,2.5,3.748,0.0
2025-02-26 20:00:00,0.0,2.513,7.0,0.0,0.0,7.702,2.536,2.505,3.444,0.0
2025-02-26 21:00:00,0.0,2.5,7.0,0.0,0.0,7.702,2.516,2.513,3.142,0.0
2025-02-26 22:00:00,0.0,2.447,7.0,0.0,0.0,7.702,2.487,2.507,2.839,0.0
2025-02-26 23:00:00,0.0,2.391,7.0,0.0,0.0,7.702,2.446,2.491,2.689,0.0
2025-02-27 00:00:00,0.0,2.506,7.0,0.0,0.0,7.702,2.448,2.482,2.688,0.0
2025-02-27 01:00:00,0.0,2.54,7.0,0.0,0.0,7.702,2.479,2.483,2.694,0.0
2025-02-27 02:00:00,100.724,2.495,7.0,100.724,100.724,108.426,2.513,2.48,2.694,0.0
2025-02-27 03:00:00,0.0,2.473,7.0,100.724,100.724,108.426,2.503,2.475,2.689,0.0
2025-02-27 04:00:00,0.0,2.523,7.0,100.724,100.724,100.724,2.497,2.488,2.692,0.0
2025-02-27 05:00:00,0.0,2.496,7.0,0.0,100.724,100.724,2.497,2.505,2.692,0.0
2025-02-27 06:00:00,0.0,12.657,7.0,0.0,100.724,100.724,5.892,4.197,3.11,5.657
2025-02-27 07:00:00,0.0,12.634,7.0,0.0,100.724,100.724,9.262,5.88,3.531,5.634
2025-02-27 08:00:00,0.0,12.62,7.0,0.0,0.0,100.724,12.637,7.567,3.921,5.62
2025-02-27 09:00:00,0.0,12.61,7.0,0.0,0.0,100.724,12.622,9.257,4.309,5.61
2025-02-27 10:00:00,0.0,12.508,7.0,0.0,0.0,100.724,12.58,10.921,4.695,5.508
2025-02-27 11:00:00,0.0,12.606,7.0,0.0,0.0,100.724,12.575,12.606,5.081,5.606
2025-02-27 12:00:00,0.0,2.519,7.0,0.0,0.0,100.724,9.211,10.916,5.05,0.0
2025-02-27 13:00:00,0.0,2.53,7.0,0.0,0.0,100.724,5.885,9.232,5.024,0.0
2025-02-27 14:00:00,51.705,2.525,7.0,51.705,51.705,152.429,2.525,7.55,5.025,0.0
2025-02-27 15:00:00,0.0,2.523,7.0,51.705,51.705,152.429,2.526,5.868,5.028,0.0
2025-02-27 16:00:00,0.0,2.635,7.0,51.705,51.705,152.429,2.561,4.223,5.035,0.0
2025-02-27 17:00:00,0.0,2.496,7.0,0.0,51.705,152.429,2.551,2.538,5.035,0.0
2025-02-27 18:00:00,0.0,7.717,7.0,0.0,51.705,152.429,4.283,3.404,5.25,0.717
2025-02-27 19:00:00,0.0,7.647,7.0,0.0,51.705,152.429,5.953,4.257,5.463,0.647
2025-02-27 20:00:00,39.032,7.71,7.0,39.032,39.032,191.461,7.691,5.121,5.679,0.71
2025-02-27 21:00:00,0.0,7.717,7.0,39.032,39.032,191.461,7.691,5.987,5.897,0.717
2025-02-27 22:00:00,0.0,7.689,7.0,39.032,39.032,191.461,7.705,6.829,6.115,0.689
2025-02-27 23:00:00,0.0,7.754,7.0,0.0,39.032,191.461,7.72,7.706,6.339,0.754
2025-02-28 00:00:00,0.0,6.359,7.0,0.0,39.032,191.461,7.267,7.479,6.499,0.0
2025-02-28 01:00:00,0.0,6.379,7.0,0.0,39.032,191.461,6.831,7.268,6.659,0.0
2025-02-28 02:00:00,0.0,6.414,7.0,0.0,0.0,90.737,6.384,7.052,6.823,0.0
2025-02-28 03:00:00,0.0,6.447,7.0,0.0,0.0,90.737,6.413,6.84,6.988,0.0
2025-02-28 04:00:00,0.0,6.412,7.0,0.0,0.0,90.737,6.424,6.627,7.15,0.0
2025-02-28 05:00:00,0.0,6.467,7.0,0.0,0.0,90.737,6.442,6.413,7.316,0.0
2025-02-28 06:00:00,0.0,2.467,7.0,0.0,0.0,90.737,5.116,5.764,6.891,0.0
2025-02-28 07:00:00,0.0,2.443,7.0,0.0,0.0,90.737,3.792,5.108,6.466,0.0
2025-02-28 08:00:00,0.0,2.515,7.0,0.0,0.0,90.737,2.475,4.459,6.045,0.0
2025-02-28 09:00:00,0.0,2.496,7.0,0.0,0.0,90.737,2.485,3.8,5.624,0.0
2025-02-28 10:00:00,0.0,2.527,7.0,0.0,0.0,90.737,2.513,3.153,5.208,0.0
2025-02-28 11:00:00,0.0,2.499,7.0,0.0,0.0,90.737,2.507,2.491,4.787,0.0
2025-02-28 12:00:00,0.0,2.483,7.0,0.0,0.0,90.737,2.503,2.494,4.785,0.0
2025-02-28 13:00:00,0.0,2.496,7.0,0.0,0.0,90.737,2.493,2.503,4.784,0.0
2025-02-28 14:00:00,0.0,2.501,7.0,0.0,0.0,39.032,2.494,2.5,4.783,0.0
2025-02-28 15:00:00,0.0,2.485,7.0,0.0,0.0,39.032,2.494,2.499,4.782,0.0
2025-02-28 16:00:00,0.0,2.49,7.0,0.0,0.0,39.032,2.492,2.492,4.775,0.0
2025-02-28 17:00:00,0.0,2.48,7.0,0.0,0.0,39.032,2.485,2.489,4.775,0.0
2025-02-28 18:00:00,0.0,2.543,7.0,0.0,0.0,39.032,2.504,2.499,4.559,0.0
2025-02-28 19:00:00,0.0,2.51,7.0,0.0,0.0,39.032,2.511,2.501,4.345,0.0
2025-02-28 20:00:00,0.0,2.613,7.0,0.0,0.0,0.0,2.555,2.52,4.133,0.0
2025-02-28 21:00:00,0.0,2.508,7.0,0.0,0.0,0.0,2.544,2.524,3.916,0.0
2025-02-28 22:00:00,0.0,2.472,7.0,0.0,0.0,0.0,2.531,2.521,3.698,0.0
2025-02-28 23:00:00,0.0,2.634,7.0,0.0,0.0,0.0,2.538,2.547,3.485,0.0
2025-03-01 00:00:00,0.0,2.521,7.0,0.0,0.0,0.0,2.542,2.543,3.325,0.0
2025-03-01 01:00:00,0.0,2.55,7.0,0.0,0.0,0.0,2.568,2.55,3.166,0.0
2025-03-01 02:00:00,0.0,2.53,7.0,0.0,0.0,0.0,2.533,2.536,3.004,0.0
2025-03-01 03:00:00,0.0,2.531,7.0,0.0,0.0,0.0,2.537,2.539,2.841,0.0
2025-03-01 04:00:00,0.0,2.527,7.0,0.0,0.0,0.0,2.529,2.549,2.679,0.0
2025-03-01 05:00:00,0.0,2.445,7.0,0.0,0.0,0.0,2.501,2.517,2.511,0.0
2025-03-01 06:00:00,0.0,2.518,7.0,0.0,0.0,0.0,2.497,2.517,2.513,0.0
2025-03-01 07:00:00,0.0,2.434,7.0,0.0,0.0,0.0,2.466,2.497,2.513,0.0
2025-03-01 08:00:00,20.436,2.491,7.0,20.436,20.436,20.436,2.481,2.491,2.512,0.0
2025-03-01 09:00:00,13.656,2.464,7.0,34.092,34.092,34.092,2.463,2.48,2.51,0.0
2025-03-01 10:00:00,0.0,2.518,7.0,34.092,34.092,34.092,2.491,2.478,2.51,0.0
2025-03-01 11:00:00,41.541,2.517,7.0,55.197,75.633,75.633,2.499,2.49,2.511,0.0
2025-03-01 12:00:00,0.0,4.568,7.0,41.541,75.633,75.633,3.201,2.832,2.598,0.0
2025-03-01 13:00:00,0.0,5.924,7.0,41.541,75.633,75.633,4.336,3.413,2.74,0.0
2025-03-01 14:00:00,0.0,5.879,7.0,0.0,55.197,75.633,5.457,3.978,2.881,0.0
2025-03-01 15:00:00,0.0,10.05,7.0,0.0,41.541,75.633,7.284,5.242,3.196,3.05
2025-03-01 16:00:00,0.0,10.109,7.0,0.0,41.541,75.633,8.679,6.508,3.514,3.109
2025-03-01 17:00:00,0.0,10.117,7.0,0.0,0.0,75.633,10.092,7.774,3.832,3.117
2025-03-01 18:00:00,0.0,7.962,7.0,0.0,0.0,75.633,9.396,8.34,4.058,0.962
2025-03-01 19:00:00,0.0,6.578,7.0,0.0,0.0,75.633,8.219,8.449,4.227,0.0
2025-03-01 20:00:00,0.0,6.618,7.0,0.0,0.0,75.633,7.053,8.572,4.394,0.0
2025-03-01 21:00:00,0.0,2.552,7.0,0.0,0.0,75.633,5.249,7.323,4.396,0.0
2025-03-01 22:00:00,0.0,2.561,7.0,0.0,0.0,75.633,3.91,6.065,4.4,0.0
2025-03-01 23:00:00,0.0,2.454,7.0,0.0,0.0,75.633,2.522,4.787,4.392,0.0
2025-03-02 00:00:00,14.732,2.515,7.0,14.732,14.732,90.365,2.51,3.88,4.392,0.0
2025-03-02 01:00:00,0.0,2.592,7.0,14.732,14.732,90.365,2.52,3.215,4.394,0.0
2025-03-02 02:00:00,0.0,2.521,7.0,14.732,14.732,90.365,2.543,2.532,4.393,0.0
2025-03-02 03:00:00,0.0,2.571,7.0,0.0,14.732,90.365,2.561,2.536,4.395,0.0
2025-03-02 04:00:00,0.0,4.023,7.0,0.0,14.732,90.365,3.038,2.779,4.457,0.0
2025-03-02 05:00:00,0.0,3.928,7.0,0.0,14.732,90.365,3.507,3.025,4.519,0.0
2025-03-02 06:00:00,0.0,3.964,7.0,0.0,0.0,90.365,3.972,3.266,4.579,0.0
2025-03-02 07:00:00,0.0,3.975,7.0,0.0,0.0,90.365,3.955,3.497,4.644,0.0
2025-03-02 08:00:00,0.0,3.978,7.0,0.0,0.0,69.929,3.972,3.74,4.706,0.0
2025-03-02 09:00:00,0.0,4.019,7.0,0.0,0.0,56.273,3.991,3.981,4.77,0.0
2025-03-02 10:00:00,0.0,2.52,7.0,0.0,0.0,56.273,3.506,3.731,4.771,0.0
2025-03-02 11:00:00,0.0,2.353,7.0,0.0,0.0,14.732,2.964,3.468,4.764,0.0
2025-03-02 12:00:00,0.0,2.434,7.0,0.0,0.0,14.732,2.436,3.213,4.675,0.0
2025-03-02 13:00:00,0.0,2.391,7.0,0.0,0.0,14.732,2.393,2.949,4.528,0.0
2025-03-02 14:00:00,0.0,2.509,7.0,0.0,0.0,14.732,2.445,2.704,4.387,0.0
2025-03-02 15:00:00,0.0,2.512,7.0,0.0,0.0,14.732,2.47,2.453,4.073,0.0
2025-03-02 16:00:00,0.0,2.514,7.0,0.0,0.0,14.732,2.512,2.452,3.757,0.0
2025-03-02 17:00:00,0.0,2.452,7.0,0.0,0.0,14.732,2.493,2.469,3.437,0.0
2025-03-02 18:00:00,0.0,2.534,7.0,0.0,0.0,14.732,2.5,2.485,3.211,0.0
2025-03-02 19:00:00,0.0,2.536,7.0,0.0,0.0,14.732,2.507,2.509,3.043,0.0
2025-03-02 20:00:00,0.0,2.437,7.0,0.0,0.0,14.732,2.502,2.498,2.869,0.0
2025-03-02 21:00:00,0.0,2.427,7.0,0.0,0.0,14.732,2.467,2.483,2.863,0.0
2025-03-02 22:00:00,0.0,2.5,7.0,0.0,0.0,14.732,2.455,2.481,2.861,0.0
2025-03-02 23:00:00,0.0,2.59,7.0,0.0,0.0,14.732,2.505,2.504,2.866,0.0
2025-03-03 00:00:00,0.373,2.585,7.0,0.373,0.373,0.373,2.558,2.512,2.869,0.0
2025-03-03 01:00:00,0.0,2.528,7.0,0.373,0.373,0.373,2.568,2.511,2.867,0.0
2025-03-03 02:00:00,24.537,2.464,7.0,24.91,24.91,24.91,2.526,2.515,2.864,0.0
2025-03-03 03:00:00,0.0,2.544,7.0,24.537,24.91,24.91,2.512,2.535,2.863,0.0
2025-03-03 04:00:00,0.0,2.515,7.0,24.537,24.91,24.91,2.507,2.538,2.8,0.0
2025-03-03 05:00:00,0.0,2.499,7.0,0.0,24.91,24.91,2.519,2.522,2.741,0.0
2025-03-03 06:00:00,0.0,4.884,7.0,0.0,24.537,24.91,3.299,2.906,2.779,0.0
2025-03-03 07:00:00,0.0,4.996,7.0,0.0,24.537,24.91,4.126,3.317,2.822,0.0
2025-03-03 08:00:00,0.0,4.96,7.0,0.0,0.0,24.91,4.946,3.733,2.863,0.0
2025-03-03 09:00:00,0.0,4.996,7.0,0.0,0.0,24.91,4.984,4.141,2.903,0.0
2025-03-03 10:00:00,0.0,4.839,7.0,0.0,0.0,24.91,4.931,4.529,3.0,0.0
2025-03-03 11:00:00,0.0,4.962,7.0,0.0,0.0,24.91,4.932,4.939,3.109,0.0
2025-03-03 12:00:00,0.0,2.378,7.0,0.0,0.0,24.91,4.06,4.522,3.106,0.0
2025-03-03 13:00:00,0.0,2.554,7.0,0.0,0.0,24.91,3.298,4.115,3.113,0.0
2025-03-03 14:00:00,0.0,2.526,7.0,0.0,0.0,24.91,2.486,3.709,3.114,0.0
2025-03-03 15:00:00,0.0,2.486,7.0,0.0,0.0,24.91,2.522,3.291,3.113,0.0
2025-03-03 16:00:00,0.0,2.528,7.0,0.0,0.0,24.91,2.513,2.906,3.113,0.0
2025-03-03 17:00:00,0.0,2.451,7.0,0.0,0.0,24.91,2.488,2.487,3.113,0.0
2025-03-03 18:00:00,0.0,2.504,7.0,0.0,0.0,24.91,2.494,2.508,3.112,0.0
2025-03-03 19:00:00,0.0,2.54,7.0,0.0,0.0,24.91,2.498,2.506,3.112,0.0
2025-03-03 20:00:00,0.0,2.345,7.0,0.0,0.0,24.91,2.463,2.476,3.108,0.0
2025-03-03 21:00:00,0.0,2.478,7.0,0.0,0.0,24.91,2.454,2.474,3.11,0.0
2025-03-03 22:00:00,0.0,2.499,7.0,0.0,0.0,24.91,2.441,2.469,3.11,0.0
2025-03-03 23:00:00,0.0,2.49,7.0,0.0,0.0,24.91,2.489,2.476,3.106,0.0
2025-03-04 00:00:00,0.0,2.573,7.0,0.0,0.0,24.537,2.521,2.487,3.106,0.0
2025-03-04 01:00:00,0.0,2.444,7.0,0.0,0.0,24.537,2.502,2.471,3.102,0.0
2025-03-04 02:00:00,0.0,2.469,7.0,0.0,0.0,0.0,2.495,2.492,3.102,0.0
2025-03-04 03:00:00,0.0,2.404,7.0,0.0,0.0,0.0,2.439,2.48,3.097,0.0
2025-03-04 04:00:00,0.0,2.576,7.0,0.0,0.0,0.0,2.483,2.493,3.099,0.0
2025-03-04 05:00:00,0.0,2.488,7.0,0.0,0.0,0.0,2.489,2.492,3.099,0.0
2025-03-04 06:00:00,0.0,2.478,7.0,0.0,0.0,0.0,2.514,2.476,2.998,0.0
2025-03-04 07:00:00,0.0,2.497,7.0,0.0,0.0,0.0,2.488,2.485,2.894,0.0
2025-03-04 08:00:00,0.0,2.532,7.0,0.0,0.0,0.0,2.502,2.496,2.793,0.0
2025-03-04 09:00:00,0.0,2.517,7.0,0.0,0.0,0.0,2.516,2.515,2.69,0.0
2025-03-04 10:00:00,0.0,2.632,7.0,0.0,0.0,0.0,2.561,2.524,2.598,0.0
2025-03-04 11:00:00,0.0,2.523,7.0,0.0,0.0,0.0,2.557,2.53,2.496,0.0
2025-03-04 12:00:00,0.0,2.477,7.0,0.0,0.0,0.0,2.544,2.53,2.5,0.0
2025-03-04 13:00:00,0.0,2.472,7.0,0.0,0.0,0.0,2.49,2.525,2.497,0.0
2025-03-04 14:00:00,0.0,2.48,7.0,0.0,0.0,0.0,2.476,2.517,2.495,0.0
2025-03-04 15:00:00,0.0,2.425,7.0,0.0,0.0,0.0,2.459,2.502,2.493,0.0
2025-03-04 16:00:00,0.0,2.502,7.0,0.0,0.0,0.0,2.469,2.48,2.491,0.0
2025-03-04 17:00:00,0.0,2.539,7.0,0.0,0.0,0.0,2.489,2.483,2.495,0.0
2025-03-04 18:00:00,0.0,2.469,7.0,0.0,0.0,0.0,2.503,2.481,2.494,0.0
2025-03-04 19:00:00,0.0,2.46,7.0,0.0,0.0,0.0,2.489,2.479,2.49,0.0
2025-03-04 20:00:00,0.0,2.576,7.0,0.0,0.0,0.0,2.502,2.495,2.5,0.0
2025-03-04 21:00:00,0.0,2.429,7.0,0.0,0.0,0.0,2.488,2.496,2.498,0.0
2025-03-04 22:00:00,0.0,2.397,7.0,0.0,0.0,0.0,2.467,2.478,2.494,0.0
2025-03-04 23:00:00,0.0,2.442,7.0,0.0,0.0,0.0,2.423,2.462,2.492,0.0
2025-03-05 00:00:00,77.516,2.423,7.0,77.516,77.516,77.516,2.421,2.454,2.485,0.0
2025-03-05 01:00:00,0.0,2.519,7.0,77.516,77.516,77.516,2.462,2.464,2.489,0.0
2025-03-05 02:00:00,0.0,2.482,7.0,77.516,77.516,77.516,2.475,2.449,2.489,0.0
2025-03-05 03:00:00,0.0,2.489,7.0,0.0,77.516,77.516,2.497,2.459,2.493,0.0
2025-03-05 04:00:00,0.0,10.309,7.0,0.0,77.516,77.516,5.093,3.777,2.815,3.309
2025-03-05 05:00:00,0.0,10.217,7.0,0.0,77.516,77.516,7.672,5.073,3.137,3.217
2025-03-05 06:00:00,0.0,10.29,7.0,0.0,0.0,77.516,10.272,6.384,3.462,3.29
2025-03-05 07:00:00,0.0,10.327,7.0,0.0,0.0,77.516,10.278,7.686,3.789,3.327
2025-03-05 08:00:00,0.0,10.229,7.0,0.0,0.0,77.516,10.282,8.977,4.109,3.229
2025-03-05 09:00:00,0.0,10.288,7.0,0.0,0.0,77.516,10.281,10.277,4.433,3.288
2025-03-05 10:00:00,0.0,2.488,7.0,0.0,0.0,77.516,7.668,8.973,4.427,0.0
2025-03-05 11:00:00,0.0,2.546,7.0,0.0,0.0,77.516,5.108,7.695,4.428,0.0
2025-03-05 12:00:00,0.0,2.421,7.0,0.0,0.0,77.516,2.485,6.383,4.426,0.0
2025-03-05 13:00:00,0.0,2.418,7.0,0.0,0.0,77.516,2.462,5.065,4.424,0.0
2025-03-05 14:00:00,0.0,2.48,7.0,0.0,0.0,77.516,2.44,3.774,4.424,0.0
2025-03-05 15:00:00,0.0,2.456,7.0,0.0,0.0,77.516,2.451,2.468,4.425,0.0
2025-03-05 16:00:00,0.0,2.474,7.0,0.0,0.0,77.516,2.47,2.466,4.424,0.0
2025-03-05 17:00:00,0.0,2.489,7.0,0.0,0.0,77.516,2.473,2.456,4.422,0.0
2025-03-05 18:00:00,0.0,2.536,7.0,0.0,0.0,77.516,2.5,2.475,4.424,0.0
2025-03-05 19:00:00,0.0,2.48,7.0,0.0,0.0,77.516,2.502,2.486,4.425,0.0
2025-03-05 20:00:00,0.0,2.459,7.0,0.0,0.0,77.516,2.491,2.482,4.42,0.0
2025-03-05 21:00:00,0.0,2.482,7.0,0.0,0.0,77.516,2.474,2.487,4.423,0.0
2025-03-05 22:00:00,0.0,2.462,7.0,0.0,0.0,77.516,2.468,2.485,4.425,0.0
2025-03-05 23:00:00,0.0,2.453,7.0,0.0,0.0,77.516,2.466,2.479,4.426,0.0
2025-03-06 00:00:00,0.0,2.419,7.0,0.0,0.0,0.0,2.445,2.459,4.426,0.0
2025-03-06 01:00:00,0.0,2.503,7.0,0.0,0.0,0.0,2.459,2.463,4.425,0.0
2025-03-06 02:00:00,0.0,2.472,7.0,0.0,0.0,0.0,2.465,2.465,4.425,0.0
2025-03-06 03:00:00,0.0,2.548,7.0,0.0,0.0,0.0,2.508,2.476,4.427,0.0
2025-03-06 04:00:00,0.0,2.428,7.0,0.0,0.0,0.0,2.483,2.471,4.099,0.0
2025-03-06 05:00:00,0.0,2.473,7.0,0.0,0.0,0.0,2.483,2.474,3.776,0.0
2025-03-06 06:00:00,0.0,2.591,7.0,0.0,0.0,0.0,2.497,2.502,3.455,0.0
2025-03-06 07:00:00,0.0,2.453,7.0,0.0,0.0,0.0,2.506,2.494,3.127,0.0
2025-03-06 08:00:00,5.984,2.488,7.0,5.984,5.984,5.984,2.511,2.497,2.804,0.0
2025-03-06 09:00:00,0.0,2.439,7.0,5.984,5.984,5.984,2.46,2.479,2.477,0.0
2025-03-06 10:00:00,0.0,2.433,7.0,5.984,5.984,5.984,2.453,2.479,2.475,0.0
2025-03-06 11:00:00,0.0,2.577,7.0,0.0,5.984,5.984,2.483,2.497,2.476,0.0
2025-03-06 12:00:00,0.0,3.107,7.0,0.0,5.984,5.984,2.706,2.583,2.505,0.0
2025-03-06 13:00:00,0.0,3.105,7.0,0.0,5.984,5.984,2.93,2.692,2.534,0.0
2025-03-06 14:00:00,74.941,3.014,7.0,74.941,74.941,80.925,3.075,2.779,2.556,0.0
2025-03-06 15:00:00,0.0,3.116,7.0,74.941,74.941,80.925,3.078,2.892,2.583,0.0
2025-03-06 16:00:00,0.0,3.156,7.0,74.941,74.941,80.925,3.095,3.013,2.612,0.0
2025-03-06 17:00:00,0.0,3.156,7.0,0.0,74.941,80.925,3.143,3.109,2.64,0.0
2025-03-06 18:00:00,0.0,10.028,7.0,0.0,74.941,80.925,5.447,4.262,2.952,3.028
2025-03-06 19:00:00,0.0,9.938,7.0,0.0,74.941,80.925,7.707,5.401,3.262,2.938
2025-03-06 20:00:00,0.0,10.01,7.0,0.0,0.0,80.925,9.992,6.567,3.577,3.01
2025-03-06 21:00:00,0.0,10.028,7.0,0.0,0.0,80.925,9.992,7.719,3.891,3.028
2025-03-06 22:00:00,0.0,9.904,7.0,0.0,0.0,80.925,9.981,8.844,4.202,2.904
2025-03-06 23:00:00,0.0,9.938,7.0,0.0,0.0,80.925,9.957,9.974,4.513,2.938
2025-03-07 00:00:00,0.0,2.544,7.0,0.0,0.0,80.925,7.462,8.727,4.519,0.0
2025-03-07 01:00:00,0.0,2.544,7.0,0.0,0.0,80.925,5.009,7.495,4.52,0.0
2025-03-07 02:00:00,0.0,2.423,7.0,0.0,0.0,80.925,2.504,6.23,4.518,0.0
2025-03-07 03:00:00,0.0,2.54,7.0,0.0,0.0,80.925,2.502,4.982,4.518,0.0
2025-03-07 04:00:00,0.0,2.505,7.0,0.0,0.0,80.925,2.489,3.749,4.521,0.0
2025-03-07 05:00:00,0.0,2.539,7.0,0.0,0.0,80.925,2.528,2.516,4.524,0.0
2025-03-07 06:00:00,0.0,2.468,7.0,0.0,0.0,80.925,2.504,2.503,4.519,0.0
2025-03-07 07:00:00,0.0,2.532,7.0,0.0,0.0,80.925,2.513,2.501,4.522,0.0
2025-03-07 08:00:00,0.0,2.542,7.0,0.0,0.0,74.941,2.514,2.521,4.524,0.0
2025-03-07 09:00:00,0.0,2.482,7.0,0.0,0.0,74.941,2.519,2.511,4.526,0.0
2025-03-07 10:00:00,0.0,2.501,7.0,0.0,0.0,74.941,2.509,2.511,4.529,0.0
2025-03-07 11:00:00,0.0,2.468,7.0,0.0,0.0,74.941,2.484,2.499,4.524,0.0
2025-03-07 12:00:00,0.0,2.583,7.0,0.0,0.0,74.941,2.517,2.518,4.503,0.0
2025-03-07 13:00:00,0.0,2.494,7.0,0.0,0.0,74.941,2.515,2.512,4.477,0.0
2025-03-07 14:00:00,0.0,2.454,7.0,0.0,0.0,0.0,2.51,2.497,4.454,0.0
2025-03-07 15:00:00,0.0,2.464,7.0,0.0,0.0,0.0,2.471,2.494,4.427,0.0
2025-03-07 16:00:00,0.0,2.506,7.0,0.0,0.0,0.0,2.475,2.495,4.4,0.0
2025-03-07 17:00:00,0.0,2.538,7.0,0.0,0.0,0.0,2.503,2.506,4.374,0.0
2025-03-07 18:00:00,0.0,2.433,7.0,0.0,0.0,0.0,2.492,2.482,4.057,0.0
2025-03-07 19:00:00,0.0,2.592,7.0,0.0,0.0,0.0,2.521,2.498,3.751,0.0
2025-03-07 20:00:00,0.0,2.515,7.0,0.0,0.0,0.0,2.514,2.508,3.439,0.0
2025-03-07 21:00:00,0.0,2.523,7.0,0.0,0.0,0.0,2.544,2.518,3.126,0.0
2025-03-07 22:00:00,0.0,2.495,7.0,0.0,0.0,0.0,2.511,2.516,2.818,0.0
2025-03-07 23:00:00,0.0,2.501,7.0,0.0,0.0,0.0,2.506,2.51,2.508,0.0
2025-03-08 00:00:00,47.094,2.493,7.0,47.094,47.094,47.094,2.496,2.52,2.506,0.0
2025-03-08 01:00:00,0.0,2.551,7.0,47.094,47.094,47.094,2.515,2.513,2.506,0.0
2025-03-08 02:00:00,0.0,2.5,7.0,47.094,47.094,47.094,2.514,2.51,2.509,0.0
2025-03-08 03:00:00,0.0,2.538,7.0,0.0,47.094,47.094,2.53,2.513,2.509,0.0
2025-03-08 04:00:00,0.0,7.188,7.0,0.0,47.094,47.094,4.075,3.295,2.704,0.188
2025-03-08 05:00:00,0.0,7.219,7.0,0.0,47.094,47.094,5.648,4.081,2.899,0.219
2025-03-08 06:00:00,0.0,7.169,7.0,0.0,0.0,47.094,7.192,4.861,3.095,0.169
2025-03-08 07:00:00,23.374,7.27,7.0,23.374,23.374,70.468,7.22,5.647,3.292,0.27
2025-03-08 08:00:00,0.0,7.168,7.0,23.374,23.374,70.468,7.202,6.425,3.485,0.168
2025-03-08 09:00:00,0.0,7.193,7.0,23.374,23.374,70.468,7.21,7.201,3.682,0.193
2025-03-08 10:00:00,0.0,2.484,7.0,0.0,23.374,70.468,5.615,6.417,3.681,0.0
2025-03-08 11:00:00,0.0,4.82,7.0,0.0,23.374,70.468,4.832,6.017,3.779,0.0
2025-03-08 12:00:00,0.0,4.874,7.0,0.0,23.374,70.468,4.059,5.635,3.874,0.0
2025-03-08 13:00:00,0.0,4.822,7.0,0.0,0.0,70.468,4.838,5.227,3.971,0.0
2025-03-08 14:00:00,0.0,4.907,7.0,0.0,0.0,70.468,4.867,4.85,4.073,0.0
2025-03-08 15:00:00,0.0,4.796,7.0,0.0,0.0,70.468,4.842,4.45,4.171,0.0
2025-03-08 16:00:00,0.0,4.846,7.0,0.0,0.0,70.468,4.85,4.844,4.268,0.0
2025-03-08 17:00:00,0.0,2.461,7.0,0.0,0.0,70.468,4.035,4.451,4.265,0.0
2025-03-08 18:00:00,0.0,2.521,7.0,0.0,0.0,70.468,3.276,4.059,4.269,0.0
2025-03-08 19:00:00,0.0,2.499,7.0,0.0,0.0,70.468,2.494,3.672,4.265,0.0
2025-03-08 20:00:00,0.0,2.492,7.0,0.0,0.0,70.468,2.504,3.269,4.264,0.0
2025-03-08 21:00:00,0.0,2.559,7.0,0.0,0.0,70.468,2.517,2.897,4.265,0.0
2025-03-08 22:00:00,0.0,2.467,7.0,0.0,0.0,70.468,2.506,2.5,4.264,0.0
2025-03-08 23:00:00,0.0,2.529,7.0,0.0,0.0,70.468,2.519,2.511,4.265,0.0
2025-03-09 00:00:00,0.0,2.462,7.0,0.0,0.0,23.374,2.486,2.502,4.264,0.0
2025-03-09 01:00:00,0.0,2.506,7.0,0.0,0.0,23.374,2.499,2.503,4.262,0.0
2025-03-09 02:00:00,0.0,2.44,7.0,0.0,0.0,23.374,2.469,2.494,4.26,0.0
2025-03-09 03:00:00,0.0,2.467,7.0,0.0,0.0,23.374,2.471,2.478,4.257,0.0
2025-03-09 04:00:00,0.0,2.496,7.0,0.0,0.0,23.374,2.468,2.483,4.061,0.0
2025-03-09 05:00:00,0.0,2.591,7.0,0.0,0.0,23.374,2.518,2.493,3.868,0.0
2025-03-09 06:00:00,0.0,2.505,7.0,0.0,0.0,23.374,2.531,2.501,3.674,0.0
2025-03-09 07:00:00,0.0,2.583,7.0,0.0,0.0,0.0,2.56,2.514,3.479,0.0
2025-03-09 08:00:00,3.93,2.511,7.0,3.93,3.93,3.93,2.533,2.525,3.285,0.0
2025-03-09 09:00:00,0.0,2.481,7.0,3.93,3.93,3.93,2.525,2.528,3.088,0.0
2025-03-09 10:00:00,0.0,2.577,7.0,3.93,3.93,3.93,2.523,2.541,3.092,0.0
2025-03-09 11:00:00,0.0,2.522,7.0,0.0,3.93,3.93,2.526,2.53,2.996,0.0
2025-03-09 12:00:00,0.0,2.861,7.0,0.0,3.93,3.93,2.653,2.589,2.913,0.0
2025-03-09 13:00:00,0.0,2.917,7.0,0.0,3.93,3.93,2.766,2.645,2.833,0.0
2025-03-09 14:00:00,0.0,2.878,7.0,0.0,0.0,3.93,2.885,2.706,2.749,0.0
2025-03-09 15:00:00,39.622,2.794,7.0,39.622,39.622,43.552,2.863,2.758,2.665,0.0
2025-03-09 16:00:00,0.0,2.94,7.0,39.622,39.622,43.552,2.871,2.818,2.586,0.0
2025-03-09 17:00:00,0.0,2.948,7.0,39.622,39.622,43.552,2.894,2.889,2.606,0.0
2025-03-09 18:00:00,0.0,2.592,7.0,0.0,39.622,43.552,2.826,2.845,2.609,0.0
2025-03-09 19:00:00,0.0,6.483,7.0,0.0,39.622,43.552,4.008,3.439,2.775,0.0
2025-03-09 20:00:00,0.0,6.45,7.0,0.0,39.622,43.552,5.175,4.034,2.94,0.0
2025-03-09 21:00:00,0.0,6.504,7.0,0.0,0.0,43.552,6.479,4.653,3.104,0.0
2025-03-09 22:00:00,0.0,6.505,7.0,0.0,0.0,43.552,6.486,5.247,3.272,0.0
2025-03-09 23:00:00,0.0,6.544,7.0,0.0,0.0,43.552,6.518,5.846,3.44,0.0
2025-03-10 00:00:00,0.0,6.46,7.0,0.0,0.0,43.552,6.503,6.491,3.606,0.0
2025-03-10 01:00:00,0.0,2.492,7.0,0.0,0.0,43.552,5.165,5.826,3.606,0.0
2025-03-10 02:00:00,0.0,2.464,7.0,0.0,0.0,43.552,3.805,5.161,3.607,0.0
2025-03-10 03:00:00,0.0,2.527,7.0,0.0,0.0,43.552,2.494,4.499,3.609,0.0
2025-03-10 04:00:00,0.0,2.423,7.0,0.0,0.0,43.552,2.471,3.818,3.606,0.0
2025-03-10 05:00:00,0.0,2.539,7.0,0.0,0.0,43.552,2.496,3.151,3.604,0.0
2025-03-10 06:00:00,13.969,2.529,7.0,13.969,13.969,57.521,2.497,2.496,3.605,0.0
2025-03-10 07:00:00,0.0,2.529,7.0,13.969,13.969,57.521,2.532,2.502,3.603,0.0
2025-03-10 08:00:00,0.0,2.507,7.0,13.969,13.969,53.591,2.522,2.509,3.603,0.0
2025-03-10 09:00:00,0.0,2.577,7.0,0.0,13.969,53.591,2.538,2.517,3.607,0.0
2025-03-10 10:00:00,0.0,3.94,7.0,0.0,13.969,53.591,3.008,2.77,3.663,0.0
2025-03-10 11:00:00,0.0,3.867,7.0,0.0,13.969,53.591,3.461,2.992,3.72,0.0
2025-03-10 12:00:00,0.0,3.867,7.0,0.0,0.0,53.591,3.891,3.215,3.761,0.0
2025-03-10 13:00:00,0.0,3.853,7.0,0.0,0.0,53.591,3.862,3.435,3.8,0.0
2025-03-10 14:00:00,0.0,3.924,7.0,0.0,0.0,53.591,3.882,3.671,3.844,0.0
2025-03-10 15:00:00,0.0,3.847,7.0,0.0,0.0,13.969,3.875,3.883,3.888,0.0
2025-03-10 16:00:00,0.0,2.554,7.0,0.0,0.0,13.969,3.442,3.652,3.872,0.0
2025-03-10 17:00:00,0.0,2.566,7.0,0.0,0.0,13.969,2.989,3.435,3.856,0.0
2025-03-10 18:00:00,0.0,2.456,7.0,0.0,0.0,13.969,2.525,3.2,3.85,0.0
2025-03-10 19:00:00,0.0,2.491,7.0,0.0,0.0,13.969,2.504,2.973,3.684,0.0
2025-03-10 20:00:00,0.0,2.501,7.0,0.0,0.0,13.969,2.483,2.736,3.519,0.0
2025-03-10 21:00:00,0.0,2.544,7.0,0.0,0.0,13.969,2.512,2.519,3.354,0.0
2025-03-10 22:00:00,0.0,2.58,7.0,0.0,0.0,13.969,2.542,2.523,3.191,0.0
2025-03-10 23:00:00,0.0,2.416,7.0,0.0,0.0,13.969,2.513,2.498,3.019,0.0
2025-03-11 00:00:00,0.0,2.484,7.0,0.0,0.0,13.969,2.493,2.503,2.853,0.0
2025-03-11 01:00:00,0.0,2.487,7.0,0.0,0.0,13.969,2.462,2.502,2.853,0.0
2025-03-11 02:00:00,0.0,2.43,7.0,0.0,0.0,13.969,2.467,2.49,2.852,0.0
2025-03-11 03:00:00,0.0,2.476,7.0,0.0,0.0,13.969,2.464,2.479,2.849,0.0
2025-03-11 04:00:00,0.0,2.521,7.0,0.0,0.0,13.969,2.476,2.469,2.854,0.0
2025-03-11 05:00:00,0.0,2.486,7.0,0.0,0.0,13.969,2.494,2.481,2.851,0.0
2025-03-11 06:00:00,0.0,2.423,7.0,0.0,0.0,0.0,2.477,2.47,2.847,0.0
2025-03-11 07:00:00,0.0,2.644,7.0,0.0,0.0,0.0,2.518,2.497,2.852,0.0
2025-03-11 08:00:00,30.369,2.513,7.0,30.369,30.369,30.369,2.527,2.51,2.852,0.0
2025-03-11 09:00:00,0.0,2.506,7.0,30.369,30.369,30.369,2.554,2.515,2.849,0.0
2025-03-11 10:00:00,0.0,2.445,7.0,30.369,30.369,30.369,2.488,2.503,2.787,0.0
2025-03-11 11:00:00,0.0,2.513,7.0,0.0,30.369,30.369,2.488,2.507,2.73,0.0
2025-03-11 12:00:00,0.0,5.529,7.0,0.0,30.369,30.369,3.496,3.025,2.8,0.0
2025-03-11 13:00:00,0.0,5.442,7.0,0.0,30.369,30.369,4.495,3.491,2.866,0.0
2025-03-11 14:00:00,0.0,5.483,7.0,0.0,0.0,30.369,5.485,3.986,2.931,0.0
2025-03-11 15:00:00,0.0,5.577,7.0,0.0,0.0,30.369,5.501,4.498,3.003,0.0
2025-03-11 16:00:00,0.0,5.634,7.0,0.0,0.0,30.369,5.565,5.03,3.131,0.0
2025-03-11 17:00:00,0.0,5.555,7.0,0.0,0.0,30.369,5.589,5.537,3.256,0.0
2025-03-11 18:00:00,0.0,2.555,7.0,0.0,0.0,30.369,4.581,5.041,3.26,0.0
2025-03-11 19:00:00,0.0,2.492,7.0,0.0,0.0,30.369,3.534,4.549,3.26,0.0
2025-03-11 20:00:00,0.0,2.496,7.0,0.0,0.0,30.369,2.514,4.051,3.26,0.0
2025-03-11 21:00:00,0.0,2.555,7.0,0.0,0.0,30.369,2.514,3.548,3.26,0.0
2025-03-11 22:00:00,0.0,2.583,7.0,0.0,0.0,30.369,2.544,3.039,3.26,0.0
2025-03-11 23:00:00,0.0,2.565,7.0,0.0,0.0,30.369,2.568,2.541,3.266,0.0
2025-03-12 00:00:00,0.0,2.447,7.0,0.0,0.0,30.369,2.532,2.523,3.265,0.0
2025-03-12 01:00:00,28.506,2.497,7.0,28.506,28.506,58.874,2.503,2.524,3.265,0.0
2025-03-12 02:00:00,0.0,2.514,7.0,28.506,28.506,58.874,2.486,2.527,3.269,0.0
2025-03-12 03:00:00,0.0,2.487,7.0,28.506,28.506,58.874,2.499,2.515,3.269,0.0
2025-03-12 04:00:00,0.0,2.519,7.0,0.0,28.506,58.874,2.507,2.505,3.269,0.0
2025-03-12 05:00:00,0.0,5.392,7.0,0.0,28.506,58.874,3.466,2.976,3.39,0.0
2025-03-12 06:00:00,0.0,5.401,7.0,0.0,28.506,58.874,4.437,3.468,3.514,0.0
2025-03-12 07:00:00,0.0,5.435,7.0,0.0,0.0,58.874,5.409,3.958,3.631,0.0
2025-03-12 08:00:00,0.0,5.334,7.0,0.0,0.0,28.506,5.39,4.428,3.748,0.0
2025-03-12 09:00:00,0.0,5.282,7.0,0.0,0.0,28.506,5.35,4.894,3.864,0.0
2025-03-12 10:00:00,0.0,5.368,7.0,0.0,0.0,28.506,5.328,5.369,3.986,0.0
2025-03-12 11:00:00,0.0,2.594,7.0,0.0,0.0,28.506,4.415,4.902,3.989,0.0
2025-03-12 12:00:00,0.0,2.476,7.0,0.0,0.0,28.506,3.48,4.415,3.862,0.0
2025-03-12 13:00:00,0.0,2.534,7.0,0.0,0.0,28.506,2.535,3.932,3.741,0.0
2025-03-12 14:00:00,0.0,2.535,7.0,0.0,0.0,28.506,2.515,3.465,3.618,0.0
2025-03-12 15:00:00,0.0,2.51,7.0,0.0,0.0,28.506,2.526,3.003,3.49,0.0
2025-03-12 16:00:00,0.0,2.5,7.0,0.0,0.0,28.506,2.515,2.525,3.359,0.0
2025-03-12 17:00:00,0.0,2.454,7.0,0.0,0.0,28.506,2.488,2.502,3.23,0.0
2025-03-12 18:00:00,0.409,2.386,7.0,0.409,0.409,28.915,2.447,2.486,3.223,0.0
2025-03-12 19:00:00,0.0,2.444,7.0,0.409,0.409,28.915,2.428,2.471,3.221,0.0
2025-03-12 20:00:00,14.066,2.48,7.0,14.475,14.475,42.981,2.437,2.462,3.221,0.0
2025-03-12 21:00:00,0.0,2.555,7.0,14.066,14.475,42.981,2.493,2.47,3.221,0.0
2025-03-12 22:00:00,0.0,2.536,7.0,14.066,14.475,42.981,2.524,2.476,3.219,0.0
2025-03-12 23:00:00,0.0,2.515,7.0,0.0,14.475,42.981,2.535,2.486,3.216,0.0
2025-03-13 00:00:00,0.0,3.903,7.0,0.0,14.066,42.981,2.985,2.739,3.277,0.0
2025-03-13 01:00:00,0.0,3.98,7.0,0.0,14.066,14.475,3.466,2.995,3.339,0.0
2025-03-13 02:00:00,0.0,4.015,7.0,0.0,0.0,14.475,3.966,3.251,3.402,0.0
2025-03-13 03:00:00,0.0,4.001,7.0,0.0,0.0,14.475,3.999,3.492,3.465,0.0
2025-03-13 04:00:00,0.0,3.937,7.0,0.0,0.0,14.475,3.984,3.725,3.524,0.0
2025-03-13 05:00:00,0.0,3.833,7.0,0.0,0.0,14.475,3.923,3.945,3.459,0.0
2025-03-13 06:00:00,0.0,2.482,7.0,0.0,0.0,14.475,3.417,3.708,3.337,0.0
2025-03-13 07:00:00,0.0,2.597,7.0,0.0,0.0,14.475,2.971,3.478,3.219,0.0
2025-03-13 08:00:00,0.0,2.556,7.0,0.0,0.0,14.475,2.545,3.234,3.103,0.0
2025-03-13 09:00:00,0.0,2.423,7.0,0.0,0.0,14.475,2.526,2.971,2.984,0.0
2025-03-13 10:00:00,0.0,2.497,7.0,0.0,0.0,14.475,2.492,2.732,2.864,0.0
2025-03-13 11:00:00,11.434,2.518,7.0,11.434,11.434,25.909,2.48,2.512,2.861,0.0
2025-03-13 12:00:00,0.0,2.462,7.0,11.434,11.434,25.909,2.492,2.509,2.861,0.0
2025-03-13 13:00:00,0.0,2.385,7.0,11.434,11.434,25.909,2.455,2.474,2.854,0.0
2025-03-13 14:00:00,13.359,2.505,7.0,13.359,24.793,39.269,2.45,2.465,2.853,0.0
2025-03-13 15:00:00,0.0,3.604,7.0,13.359,24.793,39.269,2.831,2.662,2.899,0.0
2025-03-13 16:00:00,0.0,3.604,7.0,13.359,24.793,39.269,3.238,2.846,2.945,0.0
2025-03-13 17:00:00,0.0,3.626,7.0,0.0,13.359,39.269,3.611,3.031,2.994,0.0
2025-03-13 18:00:00,0.0,4.973,7.0,0.0,13.359,38.86,4.068,3.449,3.101,0.0
2025-03-13 19:00:00,0.0,4.979,7.0,0.0,13.359,38.86,4.526,3.882,3.207,0.0
2025-03-13 20:00:00,0.0,4.935,7.0,0.0,0.0,24.793,4.962,4.287,3.309,0.0
2025-03-13 21:00:00,0.0,3.825,7.0,0.0,0.0,24.793,4.58,4.324,3.362,0.0
2025-03-13 22:00:00,0.0,3.748,7.0,0.0,0.0,24.793,4.169,4.348,3.413,0.0
2025-03-13 23:00:00,55.328,3.851,7.0,55.328,55.328,80.122,3.808,4.385,3.468,0.0
2025-03-14 00:00:00,0.0,2.357,7.0,55.328,55.328,80.122,3.319,3.949,3.404,0.0
2025-03-14 01:00:00,0.0,2.486,7.0,55.328,55.328,80.122,2.898,3.534,3.342,0.0
2025-03-14 02:00:00,0.0,2.546,7.0,0.0,55.328,80.122,2.463,3.136,3.28,0.0
2025-03-14 03:00:00,0.0,7.98,7.0,0.0,55.328,80.122,4.337,3.828,3.446,0.98
2025-03-14 04:00:00,0.0,8.069,7.0,0.0,55.328,80.122,6.198,4.548,3.618,1.069
2025-03-14 05:00:00,0.0,8.091,7.0,0.0,0.0,80.122,8.046,5.255,3.796,1.091
2025-03-14 06:00:00,0.0,7.867,7.0,0.0,0.0,80.122,8.009,6.173,4.02,0.867
2025-03-14 07:00:00,0.0,8.025,7.0,0.0,0.0,80.122,7.994,7.096,4.246,1.025
2025-03-14 08:00:00,0.0,7.889,7.0,0.0,0.0,80.122,7.927,7.987,4.469,0.889
2025-03-14 09:00:00,0.0,2.494,7.0,0.0,0.0,80.122,6.136,7.073,4.471,0.0
2025-03-14 10:00:00,0.0,2.5,7.0,0.0,0.0,80.122,4.294,6.144,4.472,0.0
2025-03-14 11:00:00,0.0,2.376,7.0,0.0,0.0,68.687,2.457,5.192,4.466,0.0
2025-03-14 12:00:00,0.0,2.596,7.0,0.0,0.0,68.687,2.491,4.313,4.471,0.0
2025-03-14 13:00:00,0.0,2.514,7.0,0.0,0.0,68.687,2.495,3.395,4.477,0.0
2025-03-14 14:00:00,0.0,2.458,7.0,0.0,0.0,55.328,2.523,2.49,4.475,0.0
2025-03-14 15:00:00,0.0,2.573,7.0,0.0,0.0,55.328,2.515,2.503,4.432,0.0
2025-03-14 16:00:00,0.0,2.41,7.0,0.0,0.0,55.328,2.48,2.488,4.382,0.0
2025-03-14 17:00:00,0.0,2.439,7.0,0.0,0.0,55.328,2.474,2.498,4.333,0.0
2025-03-14 18:00:00,0.0,2.385,7.0,0.0,0.0,55.328,2.411,2.463,4.225,0.0
2025-03-14 19:00:00,0.0,2.59,7.0,0.0,0.0,55.328,2.471,2.476,4.125,0.0
2025-03-14 20:00:00,0.0,2.517,7.0,0.0,0.0,55.328,2.497,2.486,4.024,0.0
2025-03-14 21:00:00,0.0,2.533,7.0,0.0,0.0,55.328,2.547,2.479,3.971,0.0
2025-03-14 22:00:00,0.0,2.515,7.0,0.0,0.0,55.328,2.522,2.496,3.919,0.0
2025-03-14 23:00:00,0.0,2.529,7.0,0.0,0.0,0.0,2.526,2.511,3.864,0.0
2025-03-15 00:00:00,0.0,2.504,7.0,0.0,0.0,0.0,2.516,2.531,3.87,0.0
2025-03-15 01:00:00,0.0,2.514,7.0,0.0,0.0,0.0,2.515,2.518,3.871,0.0
2025-03-15 02:00:00,20.823,2.505,7.0,20.823,20.823,20.823,2.508,2.517,3.87,0.0
2025-03-15 03:00:00,0.0,2.47,7.0,20.823,20.823,20.823,2.496,2.506,3.64,0.0
2025-03-15 04:00:00,19.366,2.498,7.0,40.189,40.189,40.189,2.491,2.503,3.408,0.0
2025-03-15 05:00:00,0.0,2.514,7.0,19.366,40.189,40.189,2.494,2.501,3.176,0.0
2025-03-15 06:00:00,0.0,4.588,7.0,19.366,40.189,40.189,3.2,2.848,3.039,0.0
2025-03-15 07:00:00,0.0,4.508,7.0,0.0,40.189,40.189,3.87,3.18,2.892,0.0
2025-03-15 08:00:00,0.0,6.452,7.0,0.0,19.366,40.189,5.183,3.838,2.832,0.0
2025-03-15 09:00:00,0.0,6.573,7.0,0.0,19.366,40.189,5.844,4.522,3.002,0.0
2025-03-15 10:00:00,0.0,6.504,7.0,0.0,0.0,40.189,6.509,5.19,3.169,0.0
2025-03-15 11:00:00,0.0,6.548,7.0,0.0,0.0,40.189,6.542,5.862,3.343,0.0
2025-03-15 12:00:00,0.0,4.382,7.0,0.0,0.0,40.189,5.811,5.828,3.418,0.0
2025-03-15 13:00:00,0.0,4.363,7.0,0.0,0.0,40.189,5.098,5.804,3.495,0.0
2025-03-15 14:00:00,0.0,2.458,7.0,0.0,0.0,40.189,3.734,5.138,3.495,0.0
2025-03-15 15:00:00,0.0,2.489,7.0,0.0,0.0,40.189,3.103,4.457,3.491,0.0
2025-03-15 16:00:00,0.0,2.467,7.0,0.0,0.0,40.189,2.471,3.784,3.493,0.0
2025-03-15 17:00:00,0.0,2.565,7.0,0.0,0.0,40.189,2.507,3.121,3.499,0.0
2025-03-15 18:00:00,0.0,2.509,7.0,0.0,0.0,40.189,2.513,2.808,3.504,0.0
2025-03-15 19:00:00,0.0,2.592,7.0,0.0,0.0,40.189,2.555,2.513,3.504,0.0
2025-03-15 20:00:00,0.0,2.52,7.0,0.0,0.0,40.189,2.541,2.524,3.504,0.0
2025-03-15 21:00:00,1.113,2.379,7.0,1.113,1.113,41.302,2.497,2.505,3.498,0.0
2025-03-15 22:00:00,0.0,2.553,7.0,1.113,1.113,41.302,2.484,2.52,3.499,0.0
2025-03-15 23:00:00,0.0,2.425,7.0,1.113,1.113,41.302,2.452,2.496,3.495,0.0
2025-03-16 00:00:00,0.0,2.512,7.0,0.0,1.113,41.302,2.496,2.497,3.495,0.0
2025-03-16 01:00:00,0.0,2.573,7.0,0.0,1.113,41.302,2.503,2.494,3.498,0.0
2025-03-16 02:00:00,0.0,2.718,7.0,0.0,1.113,20.479,2.601,2.527,3.507,0.0
2025-03-16 03:00:00,0.0,2.683,7.0,0.0,0.0,20.479,2.658,2.577,3.515,0.0
2025-03-16 04:00:00,0.0,2.574,7.0,0.0,0.0,1.113,2.659,2.581,3.519,0.0
2025-03-16 05:00:00,0.0,2.605,7.0,0.0,0.0,1.113,2.621,2.611,3.522,0.0
2025-03-16 06:00:00,0.0,2.624,7.0,0.0,0.0,1.113,2.601,2.63,3.441,0.0
2025-03-16 07:00:00,0.0,2.543,7.0,0.0,0.0,1.113,2.591,2.625,3.359,0.0
2025-03-16 08:00:00,0.0,2.501,7.0,0.0,0.0,1.113,2.556,2.588,3.194,0.0
2025-03-16 09:00:00,0.0,2.449,7.0,0.0,0.0,1.113,2.498,2.549,3.022,0.0
2025-03-16 10:00:00,0.0,2.464,7.0,0.0,0.0,1.113,2.471,2.531,2.854,0.0
2025-03-16 11:00:00,0.0,2.5,7.0,0.0,0.0,1.113,2.471,2.513,2.685,0.0
2025-03-16 12:00:00,0.0,2.562,7.0,0.0,0.0,1.113,2.509,2.503,2.609,0.0
2025-03-16 13:00:00,0.0,2.521,7.0,0.0,0.0,1.113,2.528,2.5,2.533,0.0
2025-03-16 14:00:00,0.0,2.461,7.0,0.0,0.0,1.113,2.515,2.493,2.533,0.0
2025-03-16 15:00:00,0.0,2.532,7.0,0.0,0.0,1.113,2.505,2.507,2.535,0.0
2025-03-16 16:00:00,0.0,2.481,7.0,0.0,0.0,1.113,2.491,2.51,2.535,0.0
2025-03-16 17:00:00,0.0,2.545,7.0,0.0,0.0,1.113,2.519,2.517,2.534,0.0
2025-03-16 18:00:00,0.0,2.626,7.0,0.0,0.0,1.113,2.551,2.528,2.539,0.0
2025-03-16 19:00:00,0.0,2.482,7.0,0.0,0.0,1.113,2.551,2.521,2.535,0.0
2025-03-16 20:00:00,0.0,2.54,7.0,0.0,0.0,1.113,2.549,2.534,2.536,0.0
2025-03-16 21:00:00,0.0,2.463,7.0,0.0,0.0,0.0,2.495,2.523,2.539,0.0
2025-03-16 22:00:00,0.0,2.494,7.0,0.0,0.0,0.0,2.499,2.525,2.537,0.0
2025-03-16 23:00:00,0.0,2.501,7.0,0.0,0.0,0.0,2.486,2.518,2.54,0.0
2025-03-17 00:00:00,2.508,2.49,7.0,2.508,2.508,2.508,2.495,2.495,2.539,0.0
2025-03-17 01:00:00,0.0,2.623,7.0,2.508,2.508,2.508,2.538,2.519,2.541,0.0
2025-03-17 02:00:00,0.0,2.485,7.0,2.508,2.508,2.508,2.533,2.509,2.531,0.0
2025-03-17 03:00:00,0.0,2.529,7.0,0.0,2.508,2.508,2.546,2.521,2.525,0.0
2025-03-17 04:00:00,0.0,2.654,7.0,0.0,2.508,2.508,2.556,2.547,2.528,0.0
2025-03-17 05:00:00,0.0,2.772,7.0,0.0,2.508,2.508,2.652,2.592,2.535,0.0
2025-03-17 06:00:00,0.0,2.808,7.0,0.0,0.0,2.508,2.745,2.645,2.543,0.0
2025-03-17 07:00:00,0.0,2.724,7.0,0.0,0.0,2.508,2.768,2.662,2.55,0.0
2025-03-17 08:00:00,0.0,2.625,7.0,0.0,0.0,2.508,2.719,2.686,2.556,0.0
2025-03-17 09:00:00,0.0,2.749,7.0,0.0,0.0,2.508,2.7,2.722,2.568,0.0
2025-03-17 10:00:00,0.0,2.501,7.0,0.0,0.0,2.508,2.625,2.697,2.57,0.0
2025-03-17 11:00:00,0.0,2.536,7.0,0.0,0.0,2.508,2.595,2.657,2.571,0.0
2025-03-17 12:00:00,0.0,2.601,7.0,0.0,0.0,2.508,2.546,2.623,2.573,0.0
2025-03-17 13:00:00,0.0,2.481,7.0,0.0,0.0,2.508,2.539,2.582,2.571,0.0
2025-03-17 14:00:00,0.0,2.457,7.0,0.0,0.0,2.508,2.513,2.554,2.571,0.0
2025-03-17 15:00:00,46.245,2.442,7.0,46.245,46.245,48.753,2.46,2.503,2.567,0.0
2025-03-17 16:00:00,0.0,2.51,7.0,46.245,46.245,48.753,2.47,2.504,2.568,0.0
2025-03-17 17:00:00,0.0,2.524,7.0,46.245,46.245,48.753,2.492,2.502,2.567,0.0
2025-03-17 18:00:00,0.0,2.473,7.0,0.0,46.245,48.753,2.502,2.481,2.561,0.0
2025-03-17 19:00:00,0.0,7.163,7.0,0.0,46.245,48.753,4.053,3.261,2.756,0.163
2025-03-17 20:00:00,0.0,7.148,7.0,0.0,46.245,48.753,5.595,4.043,2.948,0.148
2025-03-17 21:00:00,0.0,7.127,7.0,0.0,0.0,48.753,7.146,4.824,3.142,0.127
2025-03-17 22:00:00,0.0,7.079,7.0,0.0,0.0,48.753,7.118,5.586,3.333,0.079
2025-03-17 23:00:00,0.0,7.1,7.0,0.0,0.0,48.753,7.102,6.348,3.525,0.1
2025-03-18 00:00:00,0.0,7.003,7.0,0.0,0.0,46.245,7.061,7.103,3.713,0.003
2025-03-18 01:00:00,0.0,2.512,7.0,0.0,0.0,46.245,5.538,6.328,3.708,0.0
2025-03-18 02:00:00,0.0,2.501,7.0,0.0,0.0,46.245,4.005,5.554,3.709,0.0
2025-03-18 03:00:00,45.2,2.509,7.0,45.2,45.2,91.446,2.508,4.784,3.708,0.0
2025-03-18 04:00:00,0.0,2.525,7.0,45.2,45.2,91.446,2.512,4.025,3.703,0.0
2025-03-18 05:00:00,0.0,2.519,7.0,45.2,45.2,91.446,2.518,3.262,3.692,0.0
2025-03-18 06:00:00,29.991,2.494,7.0,29.991,75.191,121.437,2.513,2.51,3.679,0.0
2025-03-18 07:00:00,0.0,7.022,7.0,29.991,75.191,121.437,4.012,3.262,3.858,0.022
2025-03-18 08:00:00,0.0,6.95,7.0,29.991,75.191,121.437,5.489,4.003,4.039,0.0
2025-03-18 09:00:00,0.0,6.991,7.0,0.0,29.991,121.437,6.988,4.75,4.215,0.0
2025-03-18 10:00:00,0.0,10.022,7.0,0.0,29.991,121.437,7.987,6.0,4.529,3.022
2025-03-18 11:00:00,0.0,9.982,7.0,0.0,29.991,121.437,8.998,7.244,4.839,2.982
2025-03-18 12:00:00,0.0,10.062,7.0,0.0,0.0,121.437,10.022,8.505,5.15,3.062
2025-03-18 13:00:00,0.0,5.466,7.0,0.0,0.0,121.437,8.504,8.245,5.274,0.0
2025-03-18 14:00:00,0.0,5.51,7.0,0.0,0.0,121.437,7.013,8.006,5.401,0.0
2025-03-18 15:00:00,0.0,5.505,7.0,0.0,0.0,75.191,5.494,7.758,5.529,0.0
2025-03-18 16:00:00,0.0,2.537,7.0,0.0,0.0,75.191,4.517,6.51,5.53,0.0
2025-03-18 17:00:00,0.0,2.545,7.0,0.0,0.0,75.191,3.529,5.271,5.531,0.0
2025-03-18 18:00:00,0.0,2.535,7.0,0.0,0.0,75.191,2.539,4.016,5.534,0.0
2025-03-18 19:00:00,0.0,2.395,7.0,0.0,0.0,75.191,2.491,3.504,5.335,0.0
2025-03-18 20:00:00,0.0,2.56,7.0,0.0,0.0,75.191,2.496,3.013,5.144,0.0
2025-03-18 21:00:00,0.0,2.576,7.0,0.0,0.0,75.191,2.51,2.525,4.954,0.0
2025-03-18 22:00:00,0.0,2.476,7.0,0.0,0.0,75.191,2.537,2.514,4.762,0.0
2025-03-18 23:00:00,0.0,2.512,7.0,0.0,0.0,75.191,2.521,2.509,4.571,0.0
2025-03-19 00:00:00,0.0,2.455,7.0,0.0,0.0,75.191,2.481,2.496,4.382,0.0
2025-03-19 01:00:00,0.0,2.403,7.0,0.0,0.0,75.191,2.457,2.497,4.377,0.0
2025-03-19 02:00:00,0.0,2.463,7.0,0.0,0.0,75.191,2.44,2.481,4.376,0.0
2025-03-19 03:00:00,0.0,2.473,7.0,0.0,0.0,29.991,2.446,2.464,4.374,0.0
2025-03-19 04:00:00,0.0,2.482,7.0,0.0,0.0,29.991,2.473,2.465,4.372,0.0
2025-03-19 05:00:00,0.0,2.452,7.0,0.0,0.0,29.991,2.469,2.455,4.37,0.0
2025-03-19 06:00:00,0.0,2.463,7.0,0.0,0.0,0.0,2.466,2.456,4.368,0.0
2025-03-19 07:00:00,0.0,2.499,7.0,0.0,0.0,0.0,2.472,2.472,4.18,0.0
2025-03-19 08:00:00,0.0,2.461,7.0,0.0,0.0,0.0,2.475,2.472,3.993,0.0
2025-03-19 09:00:00,0.0,2.527,7.0,0.0,0.0,0.0,2.496,2.481,3.807,0.0
2025-03-19 10:00:00,0.0,2.534,7.0,0.0,0.0,0.0,2.508,2.49,3.495,0.0
2025-03-19 11:00:00,0.0,2.619,7.0,0.0,0.0,0.0,2.56,2.517,3.188,0.0
2025-03-19 12:00:00,0.0,2.556,7.0,0.0,0.0,0.0,2.57,2.533,2.875,0.0
2025-03-19 13:00:00,0.0,2.512,7.0,0.0,0.0,0.0,2.562,2.535,2.752,0.0
2025-03-19 14:00:00,0.0,2.469,7.0,0.0,0.0,0.0,2.512,2.536,2.625,0.0
2025-03-19 15:00:00,0.0,2.515,7.0,0.0,0.0,0.0,2.499,2.534,2.501,0.0
2025-03-19 16:00:00,65.557,2.516,7.0,65.557,65.557,65.557,2.5,2.531,2.5,0.0
2025-03-19 17:00:00,0.0,2.474,7.0,65.557,65.557,65.557,2.502,2.507,2.497,0.0
2025-03-19 18:00:00,0.0,2.539,7.0,65.557,65.557,65.557,2.51,2.504,2.497,0.0
2025-03-19 19:00:00,0.0,2.43,7.0,0.0,65.557,65.557,2.481,2.491,2.499,0.0
2025-03-19 20:00:00,0.0,9.044,7.0,0.0,65.557,65.557,4.671,3.586,2.769,2.044
2025-03-19 21:00:00,0.0,9.084,7.0,0.0,65.557,65.557,6.852,4.681,3.04,2.084
2025-03-19 22:00:00,0.0,9.041,7.0,0.0,0.0,65.557,9.056,5.769,3.314,2.041
2025-03-19 23:00:00,0.0,9.045,7.0,0.0,0.0,65.557,9.057,6.864,3.586,2.045
2025-03-20 00:00:00,0.0,9.049,7.0,0.0,0.0,65.557,9.045,7.949,3.861,2.049
2025-03-20 01:00:00,0.0,9.014,7.0,0.0,0.0,65.557,9.036,9.046,4.136,2.014
2025-03-20 02:00:00,0.0,2.559,7.0,0.0,0.0,65.557,6.874,7.965,4.14,0.0
2025-03-20 03:00:00,0.0,2.449,7.0,0.0,0.0,65.557,4.674,6.86,4.139,0.0
2025-03-20 04:00:00,0.0,2.516,7.0,0.0,0.0,65.557,2.508,5.772,4.14,0.0
2025-03-20 05:00:00,0.0,2.521,7.0,0.0,0.0,65.557,2.495,4.685,4.143,0.0
2025-03-20 06:00:00,0.0,2.453,7.0,0.0,0.0,65.557,2.496,3.585,4.143,0.0
2025-03-20 07:00:00,0.0,2.504,7.0,0.0,0.0,65.557,2.492,2.5,4.143,0.0
2025-03-20 08:00:00,0.0,2.455,7.0,0.0,0.0,65.557,2.47,2.483,4.143,0.0
2025-03-20 09:00:00,0.0,2.57,7.0,0.0,0.0,65.557,2.509,2.503,4.144,0.0
2025-03-20 10:00:00,0.0,2.443,7.0,0.0,0.0,65.557,2.489,2.491,4.141,0.0
2025-03-20 11:00:00,0.0,2.467,7.0,0.0,0.0,65.557,2.493,2.482,4.134,0.0
2025-03-20 12:00:00,0.0,2.439,7.0,0.0,0.0,65.557,2.45,2.479,4.129,0.0
2025-03-20 13:00:00,0.0,2.432,7.0,0.0,0.0,65.557,2.446,2.468,4.126,0.0
2025-03-20 14:00:00,0.0,2.58,7.0,0.0,0.0,65.557,2.483,2.488,4.131,0.0
2025-03-20 15:00:00,0.0,2.527,7.0,0.0,0.0,65.557,2.513,2.481,4.131,0.0
2025-03-20 16:00:00,0.0,2.507,7.0,0.0,0.0,0.0,2.538,2.492,4.131,0.0
2025-03-20 17:00:00,22.751,2.467,7.0,22.751,22.751,22.751,2.5,2.492,4.131,0.0
2025-03-20 18:00:00,0.0,2.545,7.0,22.751,22.751,22.751,2.507,2.51,4.131,0.0
2025-03-20 19:00:00,0.0,2.459,7.0,22.751,22.751,22.751,2.49,2.514,4.132,0.0
2025-03-20 20:00:00,0.0,2.54,7.0,0.0,22.751,22.751,2.515,2.508,3.861,0.0
2025-03-20 21:00:00,0.0,4.731,7.0,0.0,22.751,22.751,3.243,2.875,3.68,0.0
2025-03-20 22:00:00,0.0,4.743,7.0,0.0,22.751,22.751,4.005,3.248,3.501,0.0
2025-03-20 23:00:00,0.0,4.813,7.0,0.0,0.0,22.751,4.762,3.639,3.324,0.0
2025-03-21 00:00:00,0.0,4.818,7.0,0.0,0.0,22.751,4.791,4.017,3.148,0.0
2025-03-21 01:00:00,0.0,4.805,7.0,0.0,0.0,22.751,4.812,4.408,2.973,0.0
2025-03-21 02:00:00,0.0,4.723,7.0,0.0,0.0,22.751,4.782,4.772,3.063,0.0
2025-03-21 03:00:00,0.0,2.478,7.0,0.0,0.0,22.751,4.002,4.397,3.064,0.0
2025-03-21 04:00:00,0.0,2.508,7.0,0.0,0.0,22.751,3.236,4.024,3.064,0.0
2025-03-21 05:00:00,0.0,2.458,7.0,0.0,0.0,22.751,2.481,3.631,3.061,0.0
2025-03-21 06:00:00,0.0,2.569,7.0,0.0,0.0,22.751,2.511,3.257,3.066,0.0
2025-03-21 07:00:00,0.0,2.38,7.0,0.0,0.0,22.751,2.469,2.852,3.061,0.0
2025-03-21 08:00:00,0.0,2.461,7.0,0.0,0.0,22.751,2.47,2.475,3.061,0.0
2025-03-21 09:00:00,0.0,2.475,7.0,0.0,0.0,22.751,2.438,2.475,3.057,0.0
2025-03-21 10:00:00,0.068,2.358,7.0,0.068,0.068,22.819,2.431,2.45,3.053,0.0
2025-03-21 11:00:00,0.0,2.43,7.0,0.068,0.068,22.819,2.421,2.445,3.052,0.0
2025-03-21 12:00:00,0.0,2.531,7.0,0.068,0.068,22.819,2.44,2.439,3.056,0.0
2025-03-21 13:00:00,0.0,2.502,7.0,0.0,0.068,22.819,2.488,2.459,3.059,0.0
2025-03-21 14:00:00,0.0,2.585,7.0,0.0,0.068,22.819,2.539,2.48,3.059,0.0
2025-03-21 15:00:00,0.0,2.584,7.0,0.0,0.068,22.819,2.557,2.498,3.061,0.0
2025-03-21 16:00:00,4.578,2.528,7.0,4.578,4.578,27.397,2.566,2.527,3.062,0.0
2025-03-21 17:00:00,0.0,2.522,7.0,4.578,4.578,4.646,2.545,2.542,3.064,0.0
2025-03-21 18:00:00,0.0,2.51,7.0,4.578,4.578,4.646,2.52,2.539,3.063,0.0
2025-03-21 19:00:00,0.0,2.374,7.0,0.0,4.578,4.646,2.469,2.517,3.059,0.0
2025-03-21 20:00:00,0.0,2.888,7.0,0.0,4.578,4.646,2.591,2.568,3.074,0.0
2025-03-21 21:00:00,0.0,2.963,7.0,0.0,4.578,4.646,2.742,2.631,3.0,0.0
2025-03-21 22:00:00,0.0,2.989,7.0,0.0,0.0,4.646,2.947,2.708,2.927,0.0
2025-03-21 23:00:00,0.0,2.972,7.0,0.0,0.0,4.646,2.975,2.783,2.85,0.0
2025-03-22 00:00:00,0.0,2.913,7.0,0.0,0.0,4.646,2.958,2.85,2.771,0.0
2025-03-22 01:00:00,0.0,3.005,7.0,0.0,0.0,4.646,2.963,2.955,2.696,0.0
2025-03-22 02:00:00,0.0,2.574,7.0,0.0,0.0,4.646,2.831,2.903,2.607,0.0
2025-03-22 03:00:00,0.0,2.547,7.0,0.0,0.0,4.646,2.709,2.833,2.609,0.0
2025-03-22 04:00:00,0.0,2.549,7.0,0.0,0.0,4.646,2.557,2.76,2.611,0.0
2025-03-22 05:00:00,0.0,2.472,7.0,0.0,0.0,4.646,2.523,2.677,2.612,0.0
2025-03-22 06:00:00,0.0,2.554,7.0,0.0,0.0,4.646,2.525,2.617,2.611,0.0
2025-03-22 07:00:00,0.0,2.507,7.0,0.0,0.0,4.646,2.511,2.534,2.616,0.0
2025-03-22 08:00:00,0.0,2.526,7.0,0.0,0.0,4.646,2.529,2.526,2.619,0.0
2025-03-22 09:00:00,0.0,2.518,7.0,0.0,0.0,4.646,2.517,2.521,2.621,0.0
2025-03-22 10:00:00,0.0,2.494,7.0,0.0,0.0,4.578,2.513,2.512,2.627,0.0
2025-03-22 11:00:00,0.0,2.457,7.0,0.0,0.0,4.578,2.49,2.509,2.628,0.0
2025-03-22 12:00:00,0.0,2.496,7.0,0.0,0.0,4.578,2.482,2.5,2.626,0.0
2025-03-22 13:00:00,0.0,2.549,7.0,0.0,0.0,4.578,2.501,2.507,2.628,0.0
2025-03-22 14:00:00,0.0,2.478,7.0,0.0,0.0,4.578,2.508,2.499,2.624,0.0
2025-03-22 15:00:00,0.0,2.545,7.0,0.0,0.0,4.578,2.524,2.503,2.622,0.0
2025-03-22 16:00:00,0.0,2.537,7.0,0.0,0.0,0.0,2.52,2.51,2.622,0.0
2025-03-22 17:00:00,0.0,2.485,7.0,0.0,0.0,0.0,2.522,2.515,2.621,0.0
2025-03-22 18:00:00,0.0,2.569,7.0,0.0,0.0,0.0,2.53,2.527,2.623,0.0
2025-03-22 19:00:00,0.0,2.482,7.0,0.0,0.0,0.0,2.512,2.516,2.628,0.0
2025-03-22 20:00:00,0.0,2.575,7.0,0.0,0.0,0.0,2.542,2.532,2.615,0.0
2025-03-22 21:00:00,0.0,2.522,7.0,0.0,0.0,0.0,2.526,2.528,2.596,0.0
2025-03-22 22:00:00,0.0,2.499,7.0,0.0,0.0,0.0,2.532,2.522,2.576,0.0
2025-03-22 23:00:00,0.0,2.456,7.0,0.0,0.0,0.0,2.492,2.517,2.555,0.0
2025-03-23 00:00:00,0.0,2.496,7.0,0.0,0.0,0.0,2.483,2.505,2.537,0.0
2025-03-23 01:00:00,0.0,2.49,7.0,0.0,0.0,0.0,2.48,2.506,2.516,0.0
2025-03-23 02:00:00,0.0,2.437,7.0,0.0,0.0,0.0,2.474,2.483,2.51,0.0
2025-03-23 03:00:00,0.0,2.489,7.0,0.0,0.0,0.0,2.472,2.478,2.508,0.0
2025-03-23 04:00:00,0.0,2.46,7.0,0.0,0.0,0.0,2.462,2.471,2.504,0.0
2025-03-23 05:00:00,0.0,2.529,7.0,0.0,0.0,0.0,2.493,2.483,2.506,0.0
2025-03-23 06:00:00,0.0,2.565,7.0,0.0,0.0,0.0,2.518,2.495,2.507,0.0
2025-03-23 07:00:00,0.0,2.439,7.0,0.0,0.0,0.0,2.511,2.487,2.504,0.0
2025-03-23 08:00:00,0.0,2.586,7.0,0.0,0.0,0.0,2.53,2.511,2.506,0.0
2025-03-23 09:00:00,0.0,2.494,7.0,0.0,0.0,0.0,2.506,2.512,2.505,0.0
2025-03-23 10:00:00,71.882,2.451,7.0,71.882,71.882,71.882,2.51,2.511,2.504,0.0
2025-03-23 11:00:00,0.0,2.538,7.0,71.882,71.882,71.882,2.494,2.512,2.507,0.0
2025-03-23 12:00:00,0.0,2.478,7.0,71.882,71.882,71.882,2.489,2.497,2.506,0.0
2025-03-23 13:00:00,0.0,2.496,7.0,0.0,71.882,71.882,2.504,2.507,2.504,0.0
2025-03-23 14:00:00,0.0,9.668,7.0,0.0,71.882,71.882,4.881,3.687,2.804,2.668
2025-03-23 15:00:00,0.0,9.647,7.0,0.0,71.882,71.882,7.27,4.88,3.099,2.647
2025-03-23 16:00:00,0.0,9.724,7.0,0.0,0.0,71.882,9.68,6.092,3.399,2.724
2025-03-23 17:00:00,0.0,9.674,7.0,0.0,0.0,71.882,9.682,7.281,3.698,2.674
2025-03-23 18:00:00,0.0,9.616,7.0,0.0,0.0,71.882,9.672,8.471,3.992,2.616
2025-03-23 19:00:00,0.0,9.716,7.0,0.0,0.0,71.882,9.669,9.674,4.294,2.716
2025-03-23 20:00:00,0.0,2.44,7.0,0.0,0.0,71.882,7.257,8.47,4.288,0.0
2025-03-23 21:00:00,0.0,2.442,7.0,0.0,0.0,71.882,4.866,7.269,4.285,0.0
2025-03-23 22:00:00,0.0,2.56,7.0,0.0,0.0,71.882,2.481,6.075,4.287,0.0
2025-03-23 23:00:00,0.0,2.44,7.0,0.0,0.0,71.882,2.481,4.869,4.286,0.0
2025-03-24 00:00:00,0.0,2.384,7.0,0.0,0.0,71.882,2.461,3.664,4.282,0.0
2025-03-24 01:00:00,0.0,2.531,7.0,0.0,0.0,71.882,2.452,2.466,4.284,0.0
2025-03-24 02:00:00,0.0,2.485,7.0,0.0,0.0,71.882,2.467,2.474,4.285,0.0
2025-03-24 03:00:00,0.0,2.489,7.0,0.0,0.0,71.882,2.502,2.482,4.285,0.0
2025-03-24 04:00:00,0.0,2.484,7.0,0.0,0.0,71.882,2.486,2.469,4.287,0.0
2025-03-24 05:00:00,0.0,2.512,7.0,0.0,0.0,71.882,2.495,2.481,4.286,0.0
2025-03-24 06:00:00,0.0,2.462,7.0,0.0,0.0,71.882,2.486,2.494,4.281,0.0
2025-03-24 07:00:00,0.0,2.574,7.0,0.0,0.0,71.882,2.516,2.501,4.287,0.0
2025-03-24 08:00:00,0.0,2.426,7.0,0.0,0.0,71.882,2.487,2.491,4.28,0.0
2025-03-24 09:00:00,0.0,2.522,7.0,0.0,0.0,71.882,2.507,2.497,4.282,0.0
2025-03-24 10:00:00,0.0,2.532,7.0,0.0,0.0,0.0,2.494,2.505,4.285,0.0
2025-03-24 11:00:00,0.0,2.462,7.0,0.0,0.0,0.0,2.505,2.496,4.282,0.0
2025-03-24 12:00:00,0.0,2.449,7.0,0.0,0.0,0.0,2.481,2.494,4.281,0.0
2025-03-24 13:00:00,0.0,2.551,7.0,0.0,0.0,0.0,2.487,2.49,4.283,0.0
2025-03-24 14:00:00,0.0,2.45,7.0,0.0,0.0,0.0,2.483,2.494,3.982,0.0
2025-03-24 15:00:00,0.0,2.47,7.0,0.0,0.0,0.0,2.49,2.486,3.683,0.0
2025-03-24 16:00:00,0.0,2.544,7.0,0.0,0.0,0.0,2.488,2.488,3.384,0.0
2025-03-24 17:00:00,0.0,2.502,7.0,0.0,0.0,0.0,2.505,2.494,3.085,0.0
2025-03-24 18:00:00,0.0,2.41,7.0,0.0,0.0,0.0,2.485,2.488,2.785,0.0
2025-03-24 19:00:00,0.0,2.587,7.0,0.0,0.0,0.0,2.5,2.494,2.488,0.0
2025-03-24 20:00:00,0.0,2.473,7.0,0.0,0.0,0.0,2.49,2.498,2.489,0.0
2025-03-24 21:00:00,0.0,2.48,7.0,0.0,0.0,0.0,2.514,2.499,2.491,0.0
2025-03-24 22:00:00,0.0,2.513,7.0,0.0,0.0,0.0,2.489,2.494,2.489,0.0
2025-03-24 23:00:00,0.0,2.531,7.0,0.0,0.0,0.0,2.508,2.499,2.493,0.0
2025-03-25 00:00:00,0.0,2.598,7.0,0.0,0.0,0.0,2.547,2.53,2.502,0.0
2025-03-25 01:00:00,0.0,2.417,7.0,0.0,0.0,0.0,2.515,2.502,2.497,0.0
2025-03-25 02:00:00,0.0,2.541,7.0,0.0,0.0,0.0,2.519,2.513,2.499,0.0
2025-03-25 03:00:00,0.0,2.537,7.0,0.0,0.0,0.0,2.498,2.523,2.501,0.0
2025-03-25 04:00:00,4.034,2.493,7.0,4.034,4.034,4.034,2.524,2.52,2.502,0.0
2025-03-25 05:00:00,0.0,2.539,7.0,4.034,4.034,4.034,2.523,2.521,2.503,0.0
2025-03-25 06:00:00,0.0,2.547,7.0,4.034,4.034,4.034,2.526,2.512,2.506,0.0
2025-03-25 07:00:00,0.0,2.431,7.0,0.0,4.034,4.034,2.506,2.515,2.5,0.0
2025-03-25 08:00:00,0.0,2.991,7.0,0.0,4.034,4.034,2.656,2.59,2.524,0.0
2025-03-25 09:00:00,0.0,2.825,7.0,0.0,4.034,4.034,2.749,2.638,2.536,0.0
2025-03-25 10:00:00,0.0,2.847,7.0,0.0,0.0,4.034,2.888,2.697,2.55,0.0
2025-03-25 11:00:00,0.0,2.89,7.0,0.0,0.0,4.034,2.854,2.755,2.567,0.0
2025-03-25 12:00:00,0.0,3.0,7.0,0.0,0.0,4.034,2.912,2.831,2.59,0.0
2025-03-25 13:00:00,0.0,2.888,7.0,0.0,0.0,4.034,2.926,2.907,2.604,0.0
2025-03-25 14:00:00,0.0,2.498,7.0,0.0,0.0,4.034,2.795,2.825,2.606,0.0
2025-03-25 15:00:00,0.0,2.572,7.0,0.0,0.0,4.034,2.653,2.782,2.611,0.0
2025-03-25 16:00:00,0.0,2.485,7.0,0.0,0.0,4.034,2.518,2.722,2.608,0.0
2025-03-25 17:00:00,0.0,2.441,7.0,0.0,0.0,4.034,2.499,2.647,2.606,0.0
2025-03-25 18:00:00,0.0,2.479,7.0,0.0,0.0,4.034,2.468,2.561,2.609,0.0
2025-03-25 19:00:00,0.0,2.569,7.0,0.0,0.0,4.034,2.496,2.507,2.608,0.0
2025-03-25 20:00:00,0.0,2.504,7.0,0.0,0.0,4.034,2.517,2.508,2.609,0.0
2025-03-25 21:00:00,0.0,2.597,7.0,0.0,0.0,4.034,2.556,2.512,2.614,0.0
2025-03-25 22:00:00,0.0,2.537,7.0,0.0,0.0,4.034,2.546,2.521,2.615,0.0
2025-03-25 23:00:00,0.0,2.468,7.0,0.0,0.0,4.034,2.534,2.525,2.612,0.0
2025-03-26 00:00:00,0.0,2.503,7.0,0.0,0.0,4.034,2.502,2.529,2.608,0.0
2025-03-26 01:00:00,0.0,2.457,7.0,0.0,0.0,4.034,2.476,2.511,2.61,0.0
2025-03-26 02:00:00,0.0,2.467,7.0,0.0,0.0,4.034,2.475,2.505,2.607,0.0
2025-03-26 03:00:00,0.0,2.724,7.0,0.0,0.0,4.034,2.549,2.526,2.615,0.0
2025-03-26 04:00:00,63.905,2.551,7.0,63.905,63.905,63.905,2.58,2.528,2.617,0.0
2025-03-26 05:00:00,0.0,2.543,7.0,63.905,63.905,63.905,2.606,2.541,2.617,0.0
2025-03-26 06:00:00,0.0,2.469,7.0,63.905,63.905,63.905,2.521,2.535,2.614,0.0
2025-03-26 07:00:00,0.0,2.578,7.0,0.0,63.905,63.905,2.53,2.555,2.62,0.0
2025-03-26 08:00:00,0.0,8.945,7.0,0.0,63.905,63.905,4.664,3.635,2.868,1.945
2025-03-26 09:00:00,0.0,8.985,7.0,0.0,63.905,63.905,6.836,4.679,3.125,1.985
2025-03-26 10:00:00,0.0,8.982,7.0,0.0,0.0,63.905,8.971,5.75,3.38,1.982
2025-03-26 11:00:00,0.177,8.817,7.0,0.177,0.177,64.082,8.928,6.796,3.627,1.817
2025-03-26 12:00:00,0.0,8.835,7.0,0.177,0.177,64.082,8.878,7.857,3.871,1.835
2025-03-26 13:00:00,0.0,8.84,7.0,0.177,0.177,64.082,8.831,8.901,4.119,1.84
2025-03-26 14:00:00,0.0,2.453,7.0,0.0,0.177,64.082,6.709,7.819,4.117,0.0
2025-03-26 15:00:00,0.0,2.534,7.0,0.0,0.177,64.082,4.609,6.743,4.115,0.0
2025-03-26 16:00:00,0.0,2.489,7.0,0.0,0.177,64.082,2.492,5.661,4.115,0.0
2025-03-26 17:00:00,2.801,2.621,7.0,2.801,2.801,66.884,2.548,4.629,4.123,0.0
2025-03-26 18:00:00,0.0,2.613,7.0,2.801,2.801,66.884,2.575,3.592,4.128,0.0
2025-03-26 19:00:00,0.0,2.517,7.0,2.801,2.801,66.884,2.584,2.538,4.126,0.0
2025-03-26 20:00:00,0.0,2.615,7.0,0.0,2.801,66.884,2.582,2.565,4.131,0.0
2025-03-26 21:00:00,0.0,2.855,7.0,0.0,2.801,66.884,2.662,2.619,4.142,0.0
2025-03-26 22:00:00,0.0,2.758,7.0,0.0,2.801,66.884,2.743,2.663,4.151,0.0
2025-03-26 23:00:00,0.0,2.68,7.0,0.0,0.0,66.884,2.764,2.673,4.16,0.0
2025-03-27 00:00:00,0.0,2.769,7.0,0.0,0.0,66.884,2.735,2.699,4.171,0.0
2025-03-27 01:00:00,0.0,2.748,7.0,0.0,0.0,66.884,2.732,2.737,4.183,0.0
2025-03-27 02:00:00,0.0,2.79,7.0,0.0,0.0,66.884,2.769,2.767,4.196,0.0
2025-03-27 03:00:00,0.0,2.504,7.0,0.0,0.0,66.884,2.681,2.708,4.187,0.0
2025-03-27 04:00:00,0.0,2.503,7.0,0.0,0.0,2.978,2.599,2.666,4.185,0.0
2025-03-27 05:00:00,0.0,2.526,7.0,0.0,0.0,2.978,2.511,2.64,4.184,0.0
2025-03-27 06:00:00,0.0,2.439,7.0,0.0,0.0,2.978,2.49,2.585,4.183,0.0
2025-03-27 07:00:00,0.0,2.521,7.0,0.0,0.0,2.978,2.495,2.547,4.181,0.0
2025-03-27 08:00:00,0.0,2.478,7.0,0.0,0.0,2.978,2.479,2.495,3.911,0.0
2025-03-27 09:00:00,0.0,2.51,7.0,0.0,0.0,2.978,2.503,2.496,3.642,0.0
2025-03-27 10:00:00,0.0,2.548,7.0,0.0,0.0,2.978,2.512,2.504,3.374,0.0
2025-03-27 11:00:00,0.0,2.439,7.0,0.0,0.0,2.801,2.499,2.489,3.108,0.0
2025-03-27 12:00:00,0.0,2.486,7.0,0.0,0.0,2.801,2.491,2.497,2.843,0.0
2025-03-27 13:00:00,0.0,2.494,7.0,0.0,0.0,2.801,2.473,2.492,2.579,0.0
2025-03-27 14:00:00,0.0,2.474,7.0,0.0,0.0,2.801,2.485,2.492,2.58,0.0
2025-03-27 15:00:00,0.0,2.545,7.0,0.0,0.0,2.801,2.504,2.498,2.58,0.0
2025-03-27 16:00:00,0.0,2.464,7.0,0.0,0.0,2.801,2.494,2.484,2.579,0.0
2025-03-27 17:00:00,0.0,2.472,7.0,0.0,0.0,0.0,2.494,2.489,2.573,0.0
2025-03-27 18:00:00,0.0,2.465,7.0,0.0,0.0,0.0,2.467,2.486,2.567,0.0
2025-03-27 19:00:00,0.0,2.555,7.0,0.0,0.0,0.0,2.497,2.496,2.568,0.0
2025-03-27 20:00:00,0.0,2.475,7.0,0.0,0.0,0.0,2.498,2.496,2.562,0.0
2025-03-27 21:00:00,0.0,2.523,7.0,0.0,0.0,0.0,2.518,2.492,2.549,0.0
2025-03-27 22:00:00,0.0,2.599,7.0,0.0,0.0,0.0,2.532,2.515,2.542,0.0
2025-03-27 23:00:00,0.0,2.496,7.0,0.0,0.0,0.0,2.539,2.519,2.534,0.0
2025-03-28 00:00:00,0.0,2.556,7.0,0.0,0.0,0.0,2.55,2.534,2.525,0.0
2025-03-28 01:00:00,0.0,2.584,7.0,0.0,0.0,0.0,2.545,2.539,2.519,0.0
2025-03-28 02:00:00,0.0,2.551,7.0,0.0,0.0,0.0,2.564,2.551,2.509,0.0
2025-03-28 03:00:00,0.0,2.499,7.0,0.0,0.0,0.0,2.545,2.547,2.508,0.0
2025-03-28 04:00:00,0.0,2.532,7.0,0.0,0.0,0.0,2.528,2.536,2.51,0.0
2025-03-28 05:00:00,0.0,2.436,7.0,0.0,0.0,0.0,2.489,2.526,2.506,0.0
2025-03-28 06:00:00,0.0,2.461,7.0,0.0,0.0,0.0,2.476,2.51,2.507,0.0
2025-03-28 07:00:00,0.0,2.47,7.0,0.0,0.0,0.0,2.455,2.492,2.505,0.0
2025-03-28 08:00:00,0.0,2.612,7.0,0.0,0.0,0.0,2.514,2.502,2.51,0.0
2025-03-28 09:00:00,0.0,2.459,7.0,0.0,0.0,0.0,2.514,2.495,2.508,0.0
2025-03-28 10:00:00,0.0,2.459,7.0,0.0,0.0,0.0,2.51,2.483,2.504,0.0
2025-03-28 11:00:00,0.0,2.448,7.0,0.0,0.0,0.0,2.455,2.485,2.505,0.0
2025-03-28 12:00:00,0.0,2.528,7.0,0.0,0.0,0.0,2.478,2.496,2.507,0.0
2025-03-28 13:00:00,0.0,2.507,7.0,0.0,0.0,0.0,2.494,2.502,2.507,0.0
2025-03-28 14:00:00,21.047,2.554,7.0,21.047,21.047,21.047,2.53,2.493,2.51,0.0
2025-03-28 15:00:00,0.0,2.534,7.0,21.047,21.047,21.047,2.532,2.505,2.51,0.0
2025-03-28 16:00:00,0.0,2.431,7.0,21.047,21.047,21.047,2.506,2.5,2.509,0.0
2025-03-28 17:00:00,0.0,2.46,7.0,0.0,21.047,21.047,2.475,2.502,2.508,0.0
2025-03-28 18:00:00,0.0,4.673,7.0,0.0,21.047,21.047,3.188,2.86,2.6,0.0
2025-03-28 19:00:00,0.0,4.595,7.0,0.0,21.047,21.047,3.909,3.208,2.685,0.0
2025-03-28 20:00:00,0.0,4.664,7.0,0.0,0.0,21.047,4.644,3.559,2.776,0.0
2025-03-28 21:00:00,0.0,4.597,7.0,0.0,0.0,21.047,4.619,3.903,2.863,0.0
2025-03-28 22:00:00,0.0,4.556,7.0,0.0,0.0,21.047,4.606,4.257,2.944,0.0
2025-03-28 23:00:00,0.0,4.59,7.0,0.0,0.0,21.047,4.581,4.612,3.031,0.0
2025-03-29 00:00:00,0.0,2.452,7.0,0.0,0.0,21.047,3.866,4.242,3.027,0.0
2025-03-29 01:00:00,0.0,2.472,7.0,0.0,0.0,21.047,3.171,3.888,3.022,0.0
2025-03-29 02:00:00,0.0,2.51,7.0,0.0,0.0,21.047,2.478,3.529,3.021,0.0
2025-03-29 03:00:00,9.399,2.526,7.0,9.399,9.399,30.446,2.502,3.184,3.022,0.0
2025-03-29 04:00:00,0.0,2.42,7.0,9.399,9.399,30.446,2.485,2.828,3.017,0.0
2025-03-29 05:00:00,0.0,2.499,7.0,9.399,9.399,30.446,2.482,2.48,3.02,0.0
2025-03-29 06:00:00,0.0,2.471,7.0,0.0,9.399,30.446,2.463,2.483,3.02,0.0
2025-03-29 07:00:00,0.0,3.407,7.0,0.0,9.399,30.446,2.792,2.639,3.059,0.0
2025-03-29 08:00:00,0.0,3.447,7.0,0.0,9.399,30.446,3.108,2.795,3.094,0.0
2025-03-29 09:00:00,0.0,3.412,7.0,0.0,0.0,30.446,3.422,2.943,3.134,0.0
2025-03-29 10:00:00,0.0,3.509,7.0,0.0,0.0,30.446,3.456,3.124,3.178,0.0
2025-03-29 11:00:00,0.0,3.499,7.0,0.0,0.0,30.446,3.474,3.291,3.221,0.0
2025-03-29 12:00:00,0.0,3.499,7.0,0.0,0.0,30.446,3.502,3.462,3.262,0.0
2025-03-29 13:00:00,0.0,2.475,7.0,0.0,0.0,30.446,3.158,3.307,3.26,0.0
2025-03-29 14:00:00,0.0,2.452,7.0,0.0,0.0,9.399,2.809,3.141,3.256,0.0
2025-03-29 15:00:00,0.0,2.504,7.0,0.0,0.0,9.399,2.477,2.99,3.255,0.0
2025-03-29 16:00:00,0.0,2.492,7.0,0.0,0.0,9.399,2.483,2.82,3.258,0.0
2025-03-29 17:00:00,0.0,2.47,7.0,0.0,0.0,9.399,2.489,2.649,3.258,0.0
2025-03-29 18:00:00,0.0,2.441,7.0,0.0,0.0,9.399,2.468,2.472,3.165,0.0
2025-03-29 19:00:00,0.0,2.498,7.0,0.0,0.0,9.399,2.47,2.476,3.078,0.0
2025-03-29 20:00:00,0.0,2.48,7.0,0.0,0.0,9.399,2.473,2.481,2.987,0.0
2025-03-29 21:00:00,9.197,2.534,7.0,9.197,9.197,18.596,2.504,2.486,2.901,0.0
2025-03-29 22:00:00,0.0,2.533,7.0,9.197,9.197,18.596,2.516,2.493,2.816,0.0
2025-03-29 23:00:00,0.0,2.555,7.0,9.197,9.197,18.596,2.541,2.507,2.732,0.0
2025-03-30 00:00:00,0.0,2.437,7.0,0.0,9.197,18.596,2.508,2.506,2.731,0.0
2025-03-30 01:00:00,0.0,3.44,7.0,0.0,9.197,18.596,2.811,2.663,2.771,0.0
2025-03-30 02:00:00,0.0,3.383,7.0,0.0,9.197,18.596,3.087,2.814,2.808,0.0
2025-03-30 03:00:00,0.0,3.359,7.0,0.0,0.0,9.197,3.394,2.951,2.842,0.0
2025-03-30 04:00:00,0.0,3.398,7.0,0.0,0.0,9.197,3.38,3.095,2.883,0.0
2025-03-30 05:00:00,0.0,3.473,7.0,0.0,0.0,9.197,3.41,3.248,2.924,0.0
2025-03-30 06:00:00,0.0,3.401,7.0,0.0,0.0,9.197,3.424,3.409,2.962,0.0
2025-03-30 07:00:00,0.0,2.578,7.0,0.0,0.0,9.197,3.151,3.265,2.928,0.0
2025-03-30 08:00:00,0.0,2.527,7.0,0.0,0.0,9.197,2.836,3.123,2.89,0.0
2025-03-30 09:00:00,0.0,2.48,7.0,0.0,0.0,9.197,2.529,2.976,2.851,0.0
2025-03-30 10:00:00,9.797,2.558,7.0,9.797,9.797,18.994,2.522,2.836,2.811,0.0
2025-03-30 11:00:00,0.0,2.522,7.0,9.797,9.797,18.994,2.52,2.678,2.77,0.0
2025-03-30 12:00:00,14.417,2.453,7.0,24.214,24.214,33.411,2.511,2.52,2.727,0.0
2025-03-30 13:00:00,0.0,2.593,7.0,14.417,24.214,33.411,2.523,2.522,2.732,0.0
2025-03-30 14:00:00,0.0,3.493,7.0,14.417,24.214,33.411,2.846,2.683,2.775,0.0
2025-03-30 15:00:00,0.0,3.481,7.0,0.0,24.214,33.411,3.189,2.85,2.816,0.0
2025-03-30 16:00:00,0.0,4.879,7.0,0.0,14.417,33.411,3.951,3.237,2.915,0.0
2025-03-30 17:00:00,0.0,4.98,7.0,0.0,14.417,33.411,4.447,3.646,3.02,0.0
2025-03-30 18:00:00,0.0,4.947,7.0,0.0,0.0,33.411,4.935,4.062,3.124,0.0
2025-03-30 19:00:00,0.0,4.953,7.0,0.0,0.0,33.411,4.96,4.455,3.227,0.0
2025-03-30 20:00:00,0.0,3.916,7.0,0.0,0.0,33.411,4.605,4.526,3.286,0.0
2025-03-30 21:00:00,0.0,3.983,7.0,0.0,0.0,24.214,4.284,4.61,3.347,0.0
2025-03-30 22:00:00,0.0,2.546,7.0,0.0,0.0,24.214,3.482,4.221,3.347,0.0
2025-03-30 23:00:00,0.0,2.467,7.0,0.0,0.0,24.214,2.999,3.802,3.344,0.0
2025-03-31 00:00:00,0.0,2.429,7.0,0.0,0.0,24.214,2.48,3.382,3.343,0.0
2025-03-31 01:00:00,0.0,2.529,7.0,0.0,0.0,24.214,2.475,2.978,3.305,0.0
2025-03-31 02:00:00,0.0,2.421,7.0,0.0,0.0,24.214,2.46,2.729,3.265,0.0
2025-03-31 03:00:00,0.0,2.508,7.0,0.0,0.0,24.214,2.486,2.483,3.23,0.0
2025-03-31 04:00:00,0.0,2.478,7.0,0.0,0.0,24.214,2.469,2.472,3.191,0.0
2025-03-31 05:00:00,0.0,2.561,7.0,0.0,0.0,24.214,2.515,2.488,3.153,0.0
2025-03-31 06:00:00,0.0,2.48,7.0,0.0,0.0,24.214,2.506,2.496,3.115,0.0
2025-03-31 07:00:00,0.0,2.555,7.0,0.0,0.0,24.214,2.532,2.501,3.114,0.0
2025-03-31 08:00:00,0.0,2.474,7.0,0.0,0.0,24.214,2.503,2.509,3.112,0.0
2025-03-31 09:00:00,0.0,2.55,7.0,0.0,0.0,24.214,2.527,2.516,3.115,0.0
2025-03-31 10:00:00,0.0,2.603,7.0,0.0,0.0,14.417,2.542,2.537,3.117,0.0
2025-03-31 11:00:00,0.0,2.447,7.0,0.0,0.0,14.417,2.533,2.518,3.114,0.0
2025-03-31 12:00:00,0.0,2.515,7.0,0.0,0.0,0.0,2.521,2.524,3.116,0.0
2025-03-31 13:00:00,0.0,2.637,7.0,0.0,0.0,0.0,2.533,2.538,3.118,0.0
2025-03-31 14:00:00,0.0,2.503,7.0,0.0,0.0,0.0,2.552,2.542,3.077,0.0
2025-03-31 15:00:00,0.0,2.503,7.0,0.0,0.0,0.0,2.548,2.535,3.036,0.0
2025-03-31 16:00:00,0.0,2.539,7.0,0.0,0.0,0.0,2.515,2.524,2.939,0.0
2025-03-31 17:00:00,0.0,2.502,7.0,0.0,0.0,0.0,2.515,2.533,2.835,0.0
2025-03-31 18:00:00,0.0,2.415,7.0,0.0,0.0,0.0,2.485,2.517,2.73,0.0
2025-03-31 19:00:00,0.0,2.557,7.0,0.0,0.0,0.0,2.491,2.503,2.63,0.0
2025-03-31 20:00:00,0.0,2.4,7.0,0.0,0.0,0.0,2.457,2.486,2.567,0.0
2025-03-31 21:00:00,0.0,2.479,7.0,0.0,0.0,0.0,2.479,2.482,2.504,0.0
2025-03-31 22:00:00,0.0,2.56,7.0,0.0,0.0,0.0,2.48,2.485,2.505,0.0
2025-03-31 23:00:00,0.0,2.482,7.0,0.0,0.0,0.0,2.507,2.482,2.505,0.0
2025-04-01 00:00:00,0.0,2.465,7.0,0.0,0.0,0.0,2.503,2.491,2.507,0.0
2025-04-01 01:00:00,0.0,2.544,7.0,0.0,0.0,0.0,2.497,2.488,2.507,0.0
2025-04-01 02:00:00,0.0,2.457,7.0,0.0,0.0,0.0,2.489,2.498,2.509,0.0
2025-04-01 03:00:00,0.0,2.439,7.0,0.0,0.0,0.0,2.48,2.491,2.506,0.0
2025-04-01 04:00:00,0.0,2.514,7.0,0.0,0.0,0.0,2.47,2.484,2.508,0.0
2025-04-01 05:00:00,4.835,2.491,7.0,4.835,4.835,4.835,2.481,2.485,2.505,0.0
2025-04-01 06:00:00,0.0,2.438,7.0,4.835,4.835,4.835,2.481,2.48,2.503,0.0
2025-04-01 07:00:00,0.0,2.532,7.0,4.835,4.835,4.835,2.487,2.478,2.502,0.0
2025-04-01 08:00:00,0.0,2.523,7.0,0.0,4.835,4.835,2.498,2.489,2.504,0.0
2025-04-01 09:00:00,0.0,2.966,7.0,0.0,4.835,4.835,2.674,2.577,2.521,0.0
2025-04-01 10:00:00,0.0,2.969,7.0,0.0,4.835,4.835,2.819,2.653,2.537,0.0
2025-04-01 11:00:00,0.0,3.007,7.0,0.0,0.0,4.835,2.981,2.739,2.56,0.0
2025-04-01 12:00:00,0.0,3.043,7.0,0.0,0.0,4.835,3.006,2.84,2.582,0.0
2025-04-01 13:00:00,0.0,2.969,7.0,0.0,0.0,4.835,3.006,2.913,2.596,0.0
2025-04-01 14:00:00,0.0,3.016,7.0,0.0,0.0,4.835,3.01,2.995,2.617,0.0
2025-04-01 15:00:00,0.0,2.528,7.0,0.0,0.0,4.835,2.838,2.922,2.618,0.0
2025-04-01 16:00:00,0.0,2.544,7.0,0.0,0.0,4.835,2.696,2.851,2.618,0.0
2025-04-01 17:00:00,0.0,2.502,7.0,0.0,0.0,4.835,2.525,2.767,2.618,0.0
2025-04-01 18:00:00,0.0,2.454,7.0,0.0,0.0,4.835,2.5,2.669,2.62,0.0
2025-04-01 19:00:00,0.0,2.477,7.0,0.0,0.0,4.835,2.478,2.587,2.617,0.0
2025-04-01 20:00:00,0.0,2.517,7.0,0.0,0.0,4.835,2.483,2.504,2.622,0.0
2025-04-01 21:00:00,0.0,2.591,7.0,0.0,0.0,4.835,2.528,2.514,2.626,0.0
2025-04-01 22:00:00,0.0,2.476,7.0,0.0,0.0,4.835,2.528,2.503,2.623,0.0
2025-04-01 23:00:00,0.0,2.54,7.0,0.0,0.0,4.835,2.536,2.509,2.625,0.0
2025-04-02 00:00:00,0.0,2.484,7.0,0.0,0.0,4.835,2.5,2.514,2.626,0.0
2025-04-02 01:00:00,0.0,2.506,7.0,0.0,0.0,4.835,2.51,2.519,2.624,0.0
2025-04-02 02:00:00,0.0,2.576,7.0,0.0,0.0,4.835,2.522,2.529,2.629,0.0
2025-04-02 03:00:00,0.0,2.538,7.0,0.0,0.0,4.835,2.54,2.52,2.633,0.0
2025-04-02 04:00:00,0.0,2.438,7.0,0.0,0.0,4.835,2.517,2.514,2.63,0.0
2025-04-02 05:00:00,0.0,2.471,7.0,0.0,0.0,0.0,2.483,2.502,2.629,0.0
2025-04-02 06:00:00,0.0,2.563,7.0,0.0,0.0,0.0,2.491,2.515,2.635,0.0
2025-04-02 07:00:00,0.0,2.507,7.0,0.0,0.0,0.0,2.514,2.516,2.634,0.0
2025-04-02 08:00:00,0.0,2.443,7.0,0.0,0.0,0.0,2.504,2.493,2.63,0.0
2025-04-02 09:00:00,0.0,2.459,7.0,0.0,0.0,0.0,2.47,2.48,2.609,0.0
2025-04-02 10:00:00,0.0,2.535,7.0,0.0,0.0,0.0,2.479,2.496,2.591,0.0
2025-04-02 11:00:00,0.0,2.55,7.0,0.0,0.0,0.0,2.515,2.509,2.572,0.0
2025-04-02 12:00:00,0.0,2.501,7.0,0.0,0.0,0.0,2.529,2.499,2.549,0.0
2025-04-02 13:00:00,0.0,2.624,7.0,0.0,0.0,0.0,2.558,2.519,2.535,0.0
2025-04-02 14:00:00,0.0,2.541,7.0,0.0,0.0,0.0,2.555,2.535,2.515,0.0
2025-04-02 15:00:00,0.0,2.488,7.0,0.0,0.0,0.0,2.551,2.54,2.513,0.0
2025-04-02 16:00:00,7.568,2.459,7.0,7.568,7.568,7.568,2.496,2.527,2.51,0.0
2025-04-02 17:00:00,0.0,2.451,7.0,7.568,7.568,7.568,2.466,2.511,2.508,0.0
2025-04-02 18:00:00,0.0,2.517,7.0,7.568,7.568,7.568,2.476,2.513,2.51,0.0
2025-04-02 19:00:00,0.0,2.476,7.0,0.0,7.568,7.568,2.481,2.489,2.51,0.0
2025-04-02 20:00:00,0.0,3.341,7.0,0.0,7.568,7.568,2.778,2.622,2.545,0.0
2025-04-02 21:00:00,0.0,3.33,7.0,0.0,7.568,7.568,3.049,2.762,2.576,0.0
2025-04-02 22:00:00,0.0,3.288,7.0,0.0,0.0,7.568,3.32,2.9,2.609,0.0
2025-04-02 23:00:00,0.0,3.198,7.0,0.0,0.0,7.568,3.272,3.025,2.637,0.0
2025-04-03 00:00:00,0.0,3.223,7.0,0.0,0.0,7.568,3.237,3.143,2.668,0.0
2025-04-03 01:00:00,0.0,3.32,7.0,0.0,0.0,7.568,3.247,3.283,2.702,0.0
2025-04-03 02:00:00,0.0,2.472,7.0,0.0,0.0,7.568,3.005,3.139,2.697,0.0
2025-04-03 03:00:00,0.0,2.556,7.0,0.0,0.0,7.568,2.783,3.01,2.698,0.0
2025-04-03 04:00:00,0.0,2.524,7.0,0.0,0.0,7.568,2.517,2.882,2.701,0.0
2025-04-03 05:00:00,22.074,2.503,7.0,22.074,22.074,29.643,2.527,2.766,2.703,0.0
2025-04-03 06:00:00,0.0,2.465,7.0,22.074,22.074,29.643,2.497,2.64,2.699,0.0
2025-04-03 07:00:00,0.0,2.495,7.0,22.074,22.074,29.643,2.488,2.502,2.698,0.0
2025-04-03 08:00:00,0.0,2.509,7.0,0.0,22.074,29.643,2.49,2.509,2.701,0.0
2025-04-03 09:00:00,0.0,4.759,7.0,0.0,22.074,29.643,3.255,2.876,2.797,0.0
2025-04-03 10:00:00,0.0,4.663,7.0,0.0,22.074,29.643,3.977,3.232,2.886,0.0
2025-04-03 11:00:00,0.0,4.694,7.0,0.0,0.0,29.643,4.705,3.598,2.975,0.0
2025-04-03 12:00:00,0.0,4.71,7.0,0.0,0.0,29.643,4.689,3.972,3.067,0.0
2025-04-03 13:00:00,0.0,4.741,7.0,0.0,0.0,29.643,4.715,4.346,3.155,0.0
2025-04-03 14:00:00,0.0,4.662,7.0,0.0,0.0,29.643,4.704,4.705,3.243,0.0
2025-04-03 15:00:00,0.0,2.434,7.0,0.0,0.0,29.643,3.946,4.317,3.241,0.0
2025-04-03 16:00:00,0.0,2.534,7.0,0.0,0.0,22.074,3.21,3.962,3.244,0.0
2025-04-03 17:00:00,0.0,2.424,7.0,0.0,0.0,22.074,2.464,3.584,3.243,0.0
2025-04-03 18:00:00,0.0,2.564,7.0,0.0,0.0,22.074,2.507,3.226,3.245,0.0
2025-04-03 19:00:00,0.0,2.492,7.0,0.0,0.0,22.074,2.494,2.852,3.246,0.0
2025-04-03 20:00:00,0.0,2.423,7.0,0.0,0.0,22.074,2.493,2.479,3.208,0.0
2025-04-03 21:00:00,0.0,2.476,7.0,0.0,0.0,22.074,2.464,2.485,3.172,0.0
2025-04-03 22:00:00,0.0,2.519,7.0,0.0,0.0,22.074,2.473,2.483,3.14,0.0
2025-04-03 23:00:00,0.0,2.473,7.0,0.0,0.0,22.074,2.489,2.491,3.11,0.0
2025-04-04 00:00:00,0.0,2.501,7.0,0.0,0.0,22.074,2.498,2.481,3.08,0.0
2025-04-04 01:00:00,0.0,2.537,7.0,0.0,0.0,22.074,2.504,2.488,3.047,0.0
2025-04-04 02:00:00,0.0,2.49,7.0,0.0,0.0,22.074,2.509,2.499,3.048,0.0
2025-04-04 03:00:00,0.0,2.453,7.0,0.0,0.0,22.074,2.493,2.496,3.044,0.0
2025-04-04 04:00:00,0.0,2.485,7.0,0.0,0.0,22.074,2.476,2.49,3.042,0.0
2025-04-04 05:00:00,0.0,2.571,7.0,0.0,0.0,0.0,2.503,2.506,3.045,0.0
2025-04-04 06:00:00,0.0,2.584,7.0,0.0,0.0,0.0,2.547,2.52,3.05,0.0
2025-04-04 07:00:00,0.0,2.399,7.0,0.0,0.0,0.0,2.518,2.497,3.046,0.0
2025-04-04 08:00:00,0.0,2.555,7.0,0.0,0.0,0.0,2.513,2.508,3.048,0.0
2025-04-04 09:00:00,0.0,2.513,7.0,0.0,0.0,0.0,2.489,2.518,2.954,0.0
2025-04-04 10:00:00,0.0,2.546,7.0,0.0,0.0,0.0,2.538,2.528,2.866,0.0
2025-04-04 11:00:00,7.56,2.472,7.0,7.56,7.56,7.56,2.51,2.511,2.773,0.0
2025-04-04 12:00:00,0.0,2.412,7.0,7.56,7.56,7.56,2.477,2.483,2.677,0.0
2025-04-04 13:00:00,0.0,2.529,7.0,7.56,7.56,7.56,2.471,2.504,2.585,0.0
2025-04-04 14:00:00,0.0,2.453,7.0,0.0,7.56,7.56,2.465,2.487,2.493,0.0
2025-04-04 15:00:00,0.0,3.187,7.0,0.0,7.56,7.56,2.723,2.6,2.525,0.0
2025-04-04 16:00:00,0.0,3.19,7.0,0.0,7.56,7.56,2.943,2.707,2.552,0.0
2025-04-04 17:00:00,0.0,3.286,7.0,0.0,0.0,7.56,3.221,2.843,2.588,0.0
2025-04-04 18:00:00,0.0,3.263,7.0,0.0,0.0,7.56,3.246,2.985,2.617,0.0
2025-04-04 19:00:00,0.0,3.295,7.0,0.0,0.0,7.56,3.281,3.112,2.65,0.0
2025-04-04 20:00:00,0.0,3.29,7.0,0.0,0.0,7.56,3.283,3.252,2.687,0.0
2025-04-04 21:00:00,0.0,2.479,7.0,0.0,0.0,7.56,3.021,3.134,2.687,0.0
2025-04-04 22:00:00,0.0,2.496,7.0,0.0,0.0,7.56,2.755,3.018,2.686,0.0
2025-04-04 23:00:00,0.0,2.474,7.0,0.0,0.0,7.56,2.483,2.883,2.686,0.0
2025-04-05 00:00:00,0.0,2.489,7.0,0.0,0.0,7.56,2.487,2.754,2.685,0.0
2025-04-05 01:00:00,0.0,2.452,7.0,0.0,0.0,7.56,2.472,2.613,2.682,0.0
2025-04-05 02:00:00,0.0,2.52,7.0,0.0,0.0,7.56,2.487,2.485,2.683,0.0
2025-04-05 03:00:00,0.0,2.554,7.0,0.0,0.0,7.56,2.508,2.498,2.687,0.0
2025-04-05 04:00:00,0.0,2.459,7.0,0.0,0.0,7.56,2.511,2.491,2.686,0.0
2025-04-05 05:00:00,0.0,2.564,7.0,0.0,0.0,7.56,2.526,2.506,2.686,0.0
2025-04-05 06:00:00,0.0,2.506,7.0,0.0,0.0,7.56,2.51,2.509,2.683,0.0
2025-04-05 07:00:00,0.0,2.512,7.0,0.0,0.0,7.56,2.527,2.519,2.687,0.0
2025-04-05 08:00:00,0.0,2.415,7.0,0.0,0.0,7.56,2.478,2.502,2.681,0.0
2025-04-05 09:00:00,0.0,2.41,7.0,0.0,0.0,7.56,2.446,2.478,2.677,0.0
2025-04-05 10:00:00,0.0,2.507,7.0,0.0,0.0,7.56,2.444,2.486,2.676,0.0
2025-04-05 11:00:00,0.0,2.539,7.0,0.0,0.0,0.0,2.485,2.482,2.678,0.0
2025-04-05 12:00:00,0.0,2.466,7.0,0.0,0.0,0.0,2.504,2.475,2.681,0.0
2025-04-05 13:00:00,0.0,2.584,7.0,0.0,0.0,0.0,2.53,2.487,2.683,0.0
2025-04-05 14:00:00,0.0,2.537,7.0,0.0,0.0,0.0,2.529,2.507,2.686,0.0
2025-04-05 15:00:00,0.0,2.455,7.0,0.0,0.0,0.0,2.525,2.515,2.656,0.0
2025-04-05 16:00:00,0.0,2.502,7.0,0.0,0.0,0.0,2.498,2.514,2.627,0.0
2025-04-05 17:00:00,0.0,2.624,7.0,0.0,0.0,0.0,2.527,2.528,2.6,0.0
2025-04-05 18:00:00,32.066,2.438,7.0,32.066,32.066,32.066,2.521,2.523,2.565,0.0
2025-04-05 19:00:00,0.0,2.526,7.0,32.066,32.066,32.066,2.529,2.514,2.533,0.0
2025-04-05 20:00:00,0.0,2.484,7.0,32.066,32.066,32.066,2.483,2.505,2.5,0.0
2025-04-05 21:00:00,0.0,2.535,7.0,0.0,32.066,32.066,2.515,2.518,2.502,0.0
2025-04-05 22:00:00,0.0,5.77,7.0,0.0,32.066,32.066,3.596,3.063,2.638,0.0
2025-04-05 23:00:00,0.0,5.687,7.0,0.0,32.066,32.066,4.664,3.573,2.772,0.0
2025-04-06 00:00:00,0.0,5.763,7.0,0.0,0.0,32.066,5.74,4.128,2.909,0.0
2025-04-06 01:00:00,0.0,5.818,7.0,0.0,0.0,32.066,5.756,4.676,3.049,0.0
2025-04-06 02:00:00,0.0,5.71,7.0,0.0,0.0,32.066,5.763,5.214,3.182,0.0
2025-04-06 03:00:00,0.0,5.746,7.0,0.0,0.0,32.066,5.758,5.749,3.315,0.0
2025-04-06 04:00:00,0.0,2.47,7.0,0.0,0.0,32.066,4.642,5.199,3.315,0.0
2025-04-06 05:00:00,0.0,2.501,7.0,0.0,0.0,32.066,3.572,4.668,3.313,0.0
2025-04-06 06:00:00,0.822,2.491,7.0,0.822,0.822,32.889,2.488,4.123,3.312,0.0
2025-04-06 07:00:00,0.0,2.54,7.0,0.822,0.822,32.889,2.511,3.576,3.313,0.0
2025-04-06 08:00:00,0.0,2.56,7.0,0.822,0.822,32.889,2.53,3.051,3.319,0.0
2025-04-06 09:00:00,0.0,2.495,7.0,0.0,0.822,32.889,2.532,2.51,3.323,0.0
2025-04-06 10:00:00,0.0,2.659,7.0,0.0,0.822,32.889,2.571,2.541,3.329,0.0
2025-04-06 11:00:00,0.0,2.659,7.0,0.0,0.822,32.889,2.604,2.567,3.334,0.0
2025-04-06 12:00:00,0.0,2.625,7.0,0.0,0.0,32.889,2.647,2.589,3.341,0.0
2025-04-06 13:00:00,0.0,2.556,7.0,0.0,0.0,32.889,2.613,2.592,3.34,0.0
2025-04-06 14:00:00,0.0,2.552,7.0,0.0,0.0,32.889,2.578,2.591,3.34,0.0
2025-04-06 15:00:00,0.0,2.542,7.0,0.0,0.0,32.889,2.55,2.599,3.344,0.0
2025-04-06 16:00:00,0.0,2.547,7.0,0.0,0.0,32.889,2.547,2.58,3.346,0.0
2025-04-06 17:00:00,0.0,2.439,7.0,0.0,0.0,32.889,2.509,2.544,3.338,0.0
2025-04-06 18:00:00,0.0,2.534,7.0,0.0,0.0,0.822,2.507,2.528,3.342,0.0
2025-04-06 19:00:00,0.0,2.446,7.0,0.0,0.0,0.822,2.473,2.51,3.339,0.0
2025-04-06 20:00:00,0.0,2.541,7.0,0.0,0.0,0.822,2.507,2.508,3.341,0.0
2025-04-06 21:00:00,0.0,2.501,7.0,0.0,0.0,0.822,2.496,2.501,3.34,0.0
2025-04-06 22:00:00,0.0,2.567,7.0,0.0,0.0,0.822,2.536,2.505,3.206,0.0
2025-04-06 23:00:00,0.0,2.557,7.0,0.0,0.0,0.822,2.542,2.524,3.076,0.0
2025-04-07 00:00:00,0.0,2.572,7.0,0.0,0.0,0.822,2.565,2.531,2.943,0.0
2025-04-07 01:00:00,0.0,2.573,7.0,0.0,0.0,0.822,2.567,2.552,2.808,0.0
2025-04-07 02:00:00,0.0,2.507,7.0,0.0,0.0,0.822,2.551,2.546,2.674,0.0
2025-04-07 03:00:00,0.0,2.442,7.0,0.0,0.0,0.822,2.507,2.536,2.536,0.0
2025-04-07 04:00:00,0.0,2.447,7.0,0.0,0.0,0.822,2.466,2.516,2.536,0.0
2025-04-07 05:00:00,0.0,2.396,7.0,0.0,0.0,0.822,2.428,2.49,2.531,0.0
2025-04-07 06:00:00,0.0,2.446,7.0,0.0,0.0,0.0,2.43,2.469,2.529,0.0
2025-04-07 07:00:00,0.0,2.503,7.0,0.0,0.0,0.0,2.448,2.457,2.528,0.0
2025-04-07 08:00:00,0.0,2.472,7.0,0.0,0.0,0.0,2.474,2.451,2.524,0.0
2025-04-07 09:00:00,0.0,2.491,7.0,0.0,0.0,0.0,2.489,2.459,2.524,0.0
2025-04-07 10:00:00,7.14,2.525,7.0,7.14,7.14,7.14,2.496,2.472,2.518,0.0
2025-04-07 11:00:00,0.0,2.485,7.0,7.14,7.14,7.14,2.5,2.487,2.511,0.0
2025-04-07 12:00:00,0.0,2.444,7.0,7.14,7.14,7.14,2.484,2.487,2.504,0.0
2025-04-07 13:00:00,0.0,2.497,7.0,0.0,7.14,7.14,2.475,2.486,2.501,0.0
2025-04-07 14:00:00,0.0,3.169,7.0,0.0,7.14,7.14,2.703,2.602,2.527,0.0
2025-04-07 15:00:00,0.0,3.2,7.0,0.0,7.14,7.14,2.956,2.72,2.554,0.0
2025-04-07 16:00:00,0.0,3.281,7.0,0.0,0.0,7.14,3.217,2.846,2.585,0.0
2025-04-07 17:00:00,0.0,3.2,7.0,0.0,0.0,7.14,3.227,2.965,2.617,0.0
2025-04-07 18:00:00,0.0,3.303,7.0,0.0,0.0,7.14,3.261,3.109,2.649,0.0
2025-04-07 19:00:00,0.0,3.286,7.0,0.0,0.0,7.14,3.263,3.24,2.684,0.0
2025-04-07 20:00:00,0.0,2.471,7.0,0.0,0.0,7.14,3.02,3.124,2.681,0.0
2025-04-07 21:00:00,9.953,2.444,7.0,9.953,9.953,17.093,2.734,2.998,2.678,0.0
2025-04-07 22:00:00,0.0,2.497,7.0,9.953,9.953,17.093,2.471,2.867,2.675,0.0
2025-04-07 23:00:00,0.0,2.558,7.0,9.953,9.953,17.093,2.5,2.76,2.675,0.0
2025-04-08 00:00:00,0.0,2.475,7.0,0.0,9.953,17.093,2.51,2.622,2.671,0.0
2025-04-08 01:00:00,0.0,3.541,7.0,0.0,9.953,17.093,2.858,2.664,2.712,0.0
2025-04-08 02:00:00,0.0,3.556,7.0,0.0,9.953,17.093,3.191,2.845,2.755,0.0
2025-04-08 03:00:00,0.0,3.457,7.0,0.0,0.0,17.093,3.518,3.014,2.798,0.0
2025-04-08 04:00:00,0.0,3.461,7.0,0.0,0.0,17.093,3.491,3.175,2.84,0.0
2025-04-08 05:00:00,0.0,3.531,7.0,0.0,0.0,17.093,3.483,3.337,2.887,0.0
2025-04-08 06:00:00,0.0,3.503,7.0,0.0,0.0,17.093,3.498,3.508,2.931,0.0
2025-04-08 07:00:00,0.0,2.466,7.0,0.0,0.0,17.093,3.166,3.329,2.93,0.0
2025-04-08 08:00:00,0.0,2.482,7.0,0.0,0.0,17.093,2.817,3.15,2.93,0.0
2025-04-08 09:00:00,0.0,2.496,7.0,0.0,0.0,17.093,2.482,2.99,2.93,0.0
2025-04-08 10:00:00,0.0,2.422,7.0,0.0,0.0,9.953,2.467,2.817,2.926,0.0
2025-04-08 11:00:00,0.0,2.538,7.0,0.0,0.0,9.953,2.486,2.651,2.928,0.0
2025-04-08 12:00:00,0.0,2.476,7.0,0.0,0.0,9.953,2.479,2.48,2.93,0.0
2025-04-08 13:00:00,0.0,2.361,7.0,0.0,0.0,9.953,2.458,2.463,2.924,0.0
2025-04-08 14:00:00,0.0,2.499,7.0,0.0,0.0,9.953,2.445,2.465,2.896,0.0
2025-04-08 15:00:00,0.0,2.463,7.0,0.0,0.0,9.953,2.441,2.46,2.865,0.0
2025-04-08 16:00:00,0.0,2.584,7.0,0.0,0.0,9.953,2.515,2.487,2.836,0.0
2025-04-08 17:00:00,0.0,2.471,7.0,0.0,0.0,9.953,2.506,2.476,2.806,0.0
2025-04-08 18:00:00,0.0,2.445,7.0,0.0,0.0,9.953,2.5,2.47,2.77,0.0
2025-04-08 19:00:00,0.0,2.525,7.0,0.0,0.0,9.953,2.48,2.498,2.738,0.0
2025-04-08 20:00:00,0.0,2.467,7.0,0.0,0.0,9.953,2.479,2.493,2.738,0.0
2025-04-08 21:00:00,0.0,2.461,7.0,0.0,0.0,0.0,2.484,2.492,2.739,0.0
2025-04-08 22:00:00,0.0,2.525,7.0,0.0,0.0,0.0,2.484,2.482,2.74,0.0
2025-04-08 23:00:00,0.0,2.448,7.0,0.0,0.0,0.0,2.478,2.479,2.736,0.0
2025-04-09 00:00:00,0.0,2.427,7.0,0.0,0.0,0.0,2.467,2.476,2.734,0.0
2025-04-09 01:00:00,0.0,2.586,7.0,0.0,0.0,0.0,2.487,2.486,2.694,0.0
2025-04-09 02:00:00,0.0,2.529,7.0,0.0,0.0,0.0,2.514,2.496,2.651,0.0
2025-04-09 03:00:00,0.0,2.487,7.0,0.0,0.0,0.0,2.534,2.5,2.611,0.0
2025-04-09 04:00:00,0.0,2.5,7.0,0.0,0.0,0.0,2.505,2.496,2.571,0.0
2025-04-09 05:00:00,0.0,2.525,7.0,0.0,0.0,0.0,2.504,2.509,2.529,0.0
2025-04-09 06:00:00,0.0,2.549,7.0,0.0,0.0,0.0,2.525,2.529,2.489,0.0
2025-04-09 07:00:00,0.0,2.462,7.0,0.0,0.0,0.0,2.512,2.509,2.489,0.0
2025-04-09 08:00:00,0.0,2.518,7.0,0.0,0.0,0.0,2.51,2.507,2.49,0.0
2025-04-09 09:00:00,0.0,2.475,7.0,0.0,0.0,0.0,2.485,2.505,2.489,0.0
2025-04-09 10:00:00,0.0,2.491,7.0,0.0,0.0,0.0,2.495,2.503,2.492,0.0
2025-04-09 11:00:00,0.0,2.508,7.0,0.0,0.0,0.0,2.491,2.5,2.491,0.0
2025-04-09 12:00:00,0.0,2.5,7.0,0.0,0.0,0.0,2.499,2.492,2.492,0.0
2025-04-09 13:00:00,0.0,2.537,7.0,0.0,0.0,0.0,2.515,2.505,2.499,0.0
2025-04-09 14:00:00,0.0,2.524,7.0,0.0,0.0,0.0,2.52,2.506,2.5,0.0
2025-04-09 15:00:00,0.0,2.425,7.0,0.0,0.0,0.0,2.495,2.497,2.499,0.0
2025-04-09 16:00:00,0.0,2.432,7.0,0.0,0.0,0.0,2.46,2.488,2.492,0.0
2025-04-09 17:00:00,0.0,2.482,7.0,0.0,0.0,0.0,2.446,2.483,2.493,0.0
2025-04-09 18:00:00,0.0,2.591,7.0,0.0,0.0,0.0,2.502,2.498,2.499,0.0
2025-04-09 19:00:00,0.0,2.457,7.0,0.0,0.0,0.0,2.51,2.485,2.496,0.0
2025-04-09 20:00:00,0.0,2.49,7.0,0.0,0.0,0.0,2.513,2.479,2.497,0.0
2025-04-09 21:00:00,0.0,2.473,7.0,0.0,0.0,0.0,2.473,2.488,2.498,0.0
2025-04-09 22:00:00,0.0,2.472,7.0,0.0,0.0,0.0,2.478,2.494,2.495,0.0
2025-04-09 23:00:00,0.0,2.509,7.0,0.0,0.0,0.0,2.485,2.499,2.498,0.0
2025-04-10 00:00:00,0.0,2.57,7.0,0.0,0.0,0.0,2.517,2.495,2.504,0.0
2025-04-10 01:00:00,0.0,2.523,7.0,0.0,0.0,0.0,2.534,2.506,2.501,0.0
2025-04-10 02:00:00,0.0,2.46,7.0,0.0,0.0,0.0,2.518,2.501,2.498,0.0
2025-04-10 03:00:00,0.0,2.638,7.0,0.0,0.0,0.0,2.54,2.529,2.505,0.0
2025-04-10 04:00:00,0.0,2.504,7.0,0.0,0.0,0.0,2.534,2.534,2.505,0.0
2025-04-10 05:00:00,0.0,2.471,7.0,0.0,0.0,0.0,2.538,2.528,2.502,0.0
2025-04-10 06:00:00,0.0,2.571,7.0,0.0,0.0,0.0,2.515,2.528,2.503,0.0
2025-04-10 07:00:00,0.0,2.477,7.0,0.0,0.0,0.0,2.506,2.52,2.504,0.0
2025-04-10 08:00:00,0.0,2.583,7.0,0.0,0.0,0.0,2.543,2.541,2.507,0.0
2025-04-10 09:00:00,0.0,2.456,7.0,0.0,0.0,0.0,2.505,2.51,2.506,0.0
2025-04-10 10:00:00,0.0,2.572,7.0,0.0,0.0,0.0,2.537,2.522,2.509,0.0
2025-04-10 11:00:00,0.0,2.51,7.0,0.0,0.0,0.0,2.513,2.528,2.509,0.0
2025-04-10 12:00:00,0.0,2.565,7.0,0.0,0.0,0.0,2.549,2.527,2.512,0.0
2025-04-10 13:00:00,0.0,2.595,7.0,0.0,0.0,0.0,2.557,2.547,2.515,0.0
2025-04-10 14:00:00,0.0,2.443,7.0,0.0,0.0,0.0,2.534,2.524,2.511,0.0
2025-04-10 15:00:00,0.0,2.564,7.0,0.0,0.0,0.0,2.534,2.541,2.517,0.0
2025-04-10 16:00:00,0.0,2.43,7.0,0.0,0.0,0.0,2.479,2.518,2.517,0.0
2025-04-10 17:00:00,0.0,2.448,7.0,0.0,0.0,0.0,2.48,2.507,2.515,0.0
2025-04-10 18:00:00,0.0,2.46,7.0,0.0,0.0,0.0,2.446,2.49,2.51,0.0
2025-04-10 19:00:00,0.0,2.525,7.0,0.0,0.0,0.0,2.478,2.478,2.513,0.0
2025-04-10 20:00:00,0.0,2.502,7.0,0.0,0.0,0.0,2.496,2.488,2.513,0.0
2025-04-10 21:00:00,0.0,2.492,7.0,0.0,0.0,0.0,2.506,2.476,2.514,0.0
2025-04-10 22:00:00,0.0,2.507,7.0,0.0,0.0,0.0,2.5,2.489,2.516,0.0
2025-04-10 23:00:00,0.0,2.53,7.0,0.0,0.0,0.0,2.51,2.503,2.516,0.0
2025-04-11 00:00:00,0.0,2.533,7.0,0.0,0.0,0.0,2.523,2.515,2.515,0.0
2025-04-11 01:00:00,0.0,2.555,7.0,0.0,0.0,0.0,2.539,2.52,2.516,0.0
2025-04-11 02:00:00,0.0,2.591,7.0,0.0,0.0,0.0,2.56,2.535,2.522,0.0
2025-04-11 03:00:00,0.0,2.499,7.0,0.0,0.0,0.0,2.548,2.536,2.516,0.0
2025-04-11 04:00:00,0.0,2.474,7.0,0.0,0.0,0.0,2.521,2.53,2.515,0.0
2025-04-11 05:00:00,0.0,2.531,7.0,0.0,0.0,0.0,2.501,2.53,2.517,0.0
2025-04-11 06:00:00,0.0,2.443,7.0,0.0,0.0,0.0,2.482,2.515,2.512,0.0
2025-04-11 07:00:00,0.0,2.466,7.0,0.0,0.0,0.0,2.48,2.501,2.511,0.0
2025-04-11 08:00:00,13.304,2.55,7.0,13.304,13.304,13.304,2.486,2.494,2.51,0.0
2025-04-11 09:00:00,0.0,2.494,7.0,13.304,13.304,13.304,2.503,2.493,2.512,0.0
2025-04-11 10:00:00,0.0,2.44,7.0,13.304,13.304,13.304,2.494,2.487,2.506,0.0
2025-04-11 11:00:00,0.0,2.426,7.0,0.0,13.304,13.304,2.453,2.47,2.502,0.0
2025-04-11 12:00:00,0.0,3.833,7.0,0.0,13.304,13.304,2.899,2.701,2.555,0.0
2025-04-11 13:00:00,0.0,3.887,7.0,0.0,13.304,13.304,3.382,2.938,2.609,0.0
2025-04-11 14:00:00,0.0,3.887,7.0,0.0,0.0,13.304,3.869,3.161,2.669,0.0
2025-04-11 15:00:00,16.172,3.836,7.0,16.172,16.172,29.475,3.87,3.385,2.722,0.0
2025-04-11 16:00:00,0.0,3.931,7.0,16.172,16.172,29.475,3.885,3.633,2.785,0.0
2025-04-11 17:00:00,0.0,3.825,7.0,16.172,16.172,29.475,3.864,3.866,2.842,0.0
2025-04-11 18:00:00,0.0,2.493,7.0,0.0,16.172,29.475,3.416,3.643,2.844,0.0
2025-04-11 19:00:00,0.0,3.989,7.0,0.0,16.172,29.475,3.436,3.66,2.905,0.0
2025-04-11 20:00:00,0.0,4.095,7.0,0.0,16.172,29.475,3.526,3.695,2.971,0.0
2025-04-11 21:00:00,0.0,4.16,7.0,0.0,0.0,29.475,4.081,3.749,3.041,0.0
2025-04-11 22:00:00,0.0,4.195,7.0,0.0,0.0,29.475,4.15,3.793,3.111,0.0
2025-04-11 23:00:00,0.0,4.076,7.0,0.0,0.0,29.475,4.144,3.835,3.175,0.0
2025-04-12 00:00:00,0.0,4.14,7.0,0.0,0.0,29.475,4.137,4.109,3.242,0.0
2025-04-12 01:00:00,0.0,2.552,7.0,0.0,0.0,29.475,3.589,3.87,3.242,0.0
2025-04-12 02:00:00,0.0,2.501,7.0,0.0,0.0,29.475,3.064,3.604,3.238,0.0
2025-04-12 03:00:00,22.007,2.386,7.0,22.007,22.007,51.482,2.48,3.308,3.234,0.0
2025-04-12 04:00:00,0.0,2.512,7.0,22.007,22.007,51.482,2.466,3.028,3.235,0.0
2025-04-12 05:00:00,0.0,2.538,7.0,22.007,22.007,51.482,2.479,2.772,3.236,0.0
2025-04-12 06:00:00,0.0,2.453,7.0,0.0,22.007,51.482,2.501,2.49,3.236,0.0
2025-04-12 07:00:00,0.0,4.688,7.0,0.0,22.007,51.482,3.226,2.846,3.329,0.0
2025-04-12 08:00:00,4.632,4.643,7.0,4.632,26.639,42.811,3.928,3.203,3.416,0.0
2025-04-12 09:00:00,0.0,4.572,7.0,4.632,4.632,42.811,4.634,3.568,3.502,0.0
2025-04-12 10:00:00,2.745,4.752,7.0,7.377,7.377,45.556,4.656,3.941,3.599,0.0
2025-04-12 11:00:00,0.0,4.701,7.0,2.745,7.377,45.556,4.675,4.301,3.694,0.0
2025-04-12 12:00:00,0.0,5.244,7.0,2.745,7.377,45.556,4.899,4.767,3.752,0.0
2025-04-12 13:00:00,0.0,3.006,7.0,0.0,7.377,45.556,4.317,4.486,3.716,0.0
2025-04-12 14:00:00,0.0,3.22,7.0,0.0,2.745,45.556,3.823,4.249,3.688,0.0
2025-04-12 15:00:00,0.0,3.234,7.0,0.0,2.745,29.384,3.153,4.026,3.663,0.0
2025-04-12 16:00:00,0.0,3.266,7.0,0.0,0.0,29.384,3.24,3.778,3.635,0.0
2025-04-12 17:00:00,0.0,3.286,7.0,0.0,0.0,29.384,3.262,3.543,3.613,0.0
2025-04-12 18:00:00,0.0,2.791,7.0,0.0,0.0,29.384,3.114,3.134,3.625,0.0
2025-04-12 19:00:00,0.0,2.83,7.0,0.0,0.0,29.384,2.969,3.104,3.577,0.0
2025-04-12 20:00:00,0.0,2.485,7.0,0.0,0.0,29.384,2.702,2.982,3.51,0.0
2025-04-12 21:00:00,0.0,2.45,7.0,0.0,0.0,29.384,2.588,2.851,3.438,0.0
2025-04-12 22:00:00,0.0,2.497,7.0,0.0,0.0,29.384,2.477,2.723,3.368,0.0
2025-04-12 23:00:00,0.0,2.51,7.0,0.0,0.0,29.384,2.486,2.594,3.302,0.0
2025-04-13 00:00:00,0.0,2.44,7.0,0.0,0.0,29.384,2.482,2.535,3.231,0.0
2025-04-13 01:00:00,0.0,2.433,7.0,0.0,0.0,29.384,2.461,2.469,3.227,0.0
2025-04-13 02:00:00,0.0,2.522,7.0,0.0,0.0,29.384,2.465,2.475,3.227,0.0
2025-04-13 03:00:00,24.784,2.48,7.0,24.784,24.784,32.161,2.478,2.48,3.231,0.0
2025-04-13 04:00:00,0.0,2.492,7.0,24.784,24.784,32.161,2.498,2.48,3.23,0.0
2025-04-13 05:00:00,0.0,2.482,7.0,24.784,24.784,32.161,2.484,2.475,3.228,0.0
2025-04-13 06:00:00,0.0,2.576,7.0,0.0,24.784,32.161,2.517,2.497,3.233,0.0
2025-04-13 07:00:00,0.0,5.042,7.0,0.0,24.784,32.161,3.367,2.932,3.248,0.0
2025-04-13 08:00:00,0.0,4.917,7.0,0.0,24.784,27.529,4.178,3.331,3.259,0.0
2025-04-13 09:00:00,0.0,4.952,7.0,0.0,0.0,27.529,4.97,3.743,3.275,0.0
2025-04-13 10:00:00,0.0,5.021,7.0,0.0,0.0,24.784,4.963,4.165,3.286,0.0
2025-04-13 11:00:00,0.0,5.009,7.0,0.0,0.0,24.784,4.994,4.586,3.299,0.0
2025-04-13 12:00:00,1.358,4.976,7.0,1.358,1.358,26.142,5.002,4.986,3.288,0.0
2025-04-13 13:00:00,0.0,2.443,7.0,1.358,1.358,26.142,4.143,4.553,3.265,0.0
2025-04-13 14:00:00,0.0,2.466,7.0,1.358,1.358,26.142,3.295,4.144,3.233,0.0
2025-04-13 15:00:00,0.0,2.474,7.0,0.0,1.358,26.142,2.461,3.731,3.202,0.0
2025-04-13 16:00:00,0.0,2.65,7.0,0.0,1.358,26.142,2.53,3.336,3.176,0.0
2025-04-13 17:00:00,0.0,2.721,7.0,0.0,1.358,26.142,2.615,2.955,3.152,0.0
2025-04-13 18:00:00,0.0,2.601,7.0,0.0,0.0,26.142,2.657,2.559,3.144,0.0
2025-04-13 19:00:00,0.0,2.584,7.0,0.0,0.0,26.142,2.636,2.583,3.134,0.0
2025-04-13 20:00:00,0.0,2.63,7.0,0.0,0.0,26.142,2.605,2.61,3.14,0.0
2025-04-13 21:00:00,0.0,2.687,7.0,0.0,0.0,26.142,2.634,2.646,3.15,0.0
2025-04-13 22:00:00,0.0,2.428,7.0,0.0,0.0,26.142,2.582,2.609,3.147,0.0
2025-04-13 23:00:00,18.816,2.573,7.0,18.816,18.816,44.958,2.563,2.584,3.15,0.0
2025-04-14 00:00:00,0.0,2.491,7.0,18.816,18.816,44.958,2.497,2.566,3.152,0.0
2025-04-14 01:00:00,0.0,2.463,7.0,18.816,18.816,44.958,2.509,2.545,3.153,0.0
2025-04-14 02:00:00,0.0,2.42,7.0,0.0,18.816,44.958,2.458,2.51,3.149,0.0
2025-04-14 03:00:00,0.0,4.417,7.0,0.0,18.816,20.174,3.1,2.799,3.23,0.0
2025-04-14 04:00:00,0.0,4.373,7.0,0.0,18.816,20.174,3.737,3.123,3.308,0.0
2025-04-14 05:00:00,0.0,4.39,7.0,0.0,0.0,20.174,4.393,3.426,3.388,0.0
2025-04-14 06:00:00,0.0,4.337,7.0,0.0,0.0,20.174,4.367,3.733,3.461,0.0
2025-04-14 07:00:00,0.0,4.366,7.0,0.0,0.0,20.174,4.364,4.05,3.433,0.0
2025-04-14 08:00:00,0.0,4.357,7.0,0.0,0.0,20.174,4.353,4.373,3.41,0.0
2025-04-14 09:00:00,0.0,2.495,7.0,0.0,0.0,20.174,3.739,4.053,3.307,0.0
2025-04-14 10:00:00,0.0,2.467,7.0,0.0,0.0,20.174,3.106,3.735,3.201,0.0
2025-04-14 11:00:00,0.0,2.423,7.0,0.0,0.0,20.174,2.462,3.407,3.093,0.0
2025-04-14 12:00:00,0.0,2.636,7.0,0.0,0.0,18.816,2.509,3.124,2.996,0.0
2025-04-14 13:00:00,29.683,2.432,7.0,29.683,29.683,48.499,2.497,2.802,2.995,0.0
2025-04-14 14:00:00,0.0,2.509,7.0,29.683,29.683,48.499,2.526,2.494,2.997,0.0
2025-04-14 15:00:00,0.0,2.411,7.0,29.683,29.683,48.499,2.451,2.48,2.994,0.0
2025-04-14 16:00:00,0.0,2.4,7.0,0.0,29.683,48.499,2.44,2.469,2.984,0.0
2025-04-14 17:00:00,0.0,5.473,7.0,0.0,29.683,48.499,3.428,2.977,3.099,0.0
2025-04-14 18:00:00,0.0,5.477,7.0,0.0,29.683,48.499,4.45,3.45,3.218,0.0
2025-04-14 19:00:00,0.0,5.531,7.0,0.0,0.0,48.499,5.494,3.967,3.341,0.0
2025-04-14 20:00:00,0.0,5.488,7.0,0.0,0.0,48.499,5.499,4.464,3.46,0.0
2025-04-14 21:00:00,0.0,5.461,7.0,0.0,0.0,48.499,5.493,4.972,3.576,0.0
2025-04-14 22:00:00,0.0,5.421,7.0,0.0,0.0,48.499,5.457,5.475,3.701,0.0
2025-04-14 23:00:00,0.0,2.575,7.0,0.0,0.0,29.683,4.486,4.992,3.701,0.0
2025-04-15 00:00:00,0.0,2.546,7.0,0.0,0.0,29.683,3.514,4.504,3.703,0.0
2025-04-15 01:00:00,0.0,2.438,7.0,0.0,0.0,29.683,2.52,3.988,3.702,0.0
2025-04-15 02:00:00,45.229,2.502,7.0,45.229,45.229,74.912,2.495,3.49,3.705,0.0
2025-04-15 03:00:00,0.0,2.507,7.0,45.229,45.229,74.912,2.482,2.998,3.626,0.0
2025-04-15 04:00:00,0.0,2.483,7.0,45.229,45.229,74.912,2.497,2.508,3.547,0.0
2025-04-15 05:00:00,0.0,2.539,7.0,0.0,45.229,74.912,2.51,2.502,3.47,0.0
2025-04-15 06:00:00,0.0,7.064,7.0,0.0,45.229,74.912,4.029,3.255,3.583,0.064
2025-04-15 07:00:00,11.537,7.013,7.0,11.537,56.766,86.448,5.539,4.018,3.694,0.013
2025-04-15 08:00:00,0.0,7.009,7.0,11.537,11.537,86.448,7.029,4.769,3.804,0.009
2025-04-15 09:00:00,0.0,7.098,7.0,11.537,11.537,86.448,7.04,5.534,3.996,0.098
2025-04-15 10:00:00,0.0,7.07,7.0,0.0,11.537,86.448,7.059,6.299,4.188,0.07
2025-04-15 11:00:00,0.0,8.18,7.0,0.0,11.537,86.448,7.449,7.239,4.428,1.18
2025-04-15 12:00:00,0.0,3.572,7.0,0.0,11.537,86.448,6.274,6.657,4.467,0.0
2025-04-15 13:00:00,0.0,3.671,7.0,0.0,0.0,56.766,5.141,6.1,4.518,0.0
2025-04-15 14:00:00,0.0,3.689,7.0,0.0,0.0,56.766,3.644,5.547,4.567,0.0
2025-04-15 15:00:00,0.0,3.516,7.0,0.0,0.0,56.766,3.625,4.95,4.613,0.0
2025-04-15 16:00:00,0.0,3.666,7.0,0.0,0.0,56.766,3.624,4.382,4.666,0.0
2025-04-15 17:00:00,0.0,2.479,7.0,0.0,0.0,56.766,3.22,3.432,4.541,0.0
2025-04-15 18:00:00,0.0,2.489,7.0,0.0,0.0,56.766,2.878,3.252,4.417,0.0
2025-04-15 19:00:00,0.0,2.455,7.0,0.0,0.0,56.766,2.474,3.049,4.289,0.0
2025-04-15 20:00:00,0.0,2.493,7.0,0.0,0.0,56.766,2.479,2.85,4.164,0.0
2025-04-15 21:00:00,0.0,2.57,7.0,0.0,0.0,56.766,2.506,2.692,4.043,0.0
2025-04-15 22:00:00,0.0,2.478,7.0,0.0,0.0,56.766,2.513,2.494,3.921,0.0
2025-04-15 23:00:00,0.0,2.548,7.0,0.0,0.0,56.766,2.532,2.505,3.92,0.0
2025-04-16 00:00:00,0.0,2.46,7.0,0.0,0.0,56.766,2.495,2.5,3.916,0.0
2025-04-16 01:00:00,0.0,2.538,7.0,0.0,0.0,56.766,2.515,2.514,3.92,0.0
2025-04-16 02:00:00,0.0,2.5,7.0,0.0,0.0,11.537,2.499,2.516,3.92,0.0
2025-04-16 03:00:00,0.0,2.518,7.0,0.0,0.0,11.537,2.519,2.507,3.921,0.0
2025-04-16 04:00:00,0.0,2.5,7.0,0.0,0.0,11.537,2.506,2.511,3.921,0.0
2025-04-16 05:00:00,0.0,2.532,7.0,0.0,0.0,11.537,2.517,2.508,3.921,0.0
2025-04-16 06:00:00,0.0,2.372,7.0,0.0,0.0,11.537,2.468,2.493,3.726,0.0
2025-04-16 07:00:00,8.38,2.429,7.0,8.38,8.38,8.38,2.444,2.475,3.535,0.0
2025-04-16 08:00:00,0.0,2.521,7.0,8.38,8.38,8.38,2.44,2.479,3.348,0.0
2025-04-16 09:00:00,24.56,2.398,7.0,32.94,32.94,32.94,2.449,2.459,3.152,0.0
2025-04-16 10:00:00,0.0,2.473,7.0,24.56,32.94,32.94,2.464,2.454,2.96,0.0
2025-04-16 11:00:00,0.0,3.335,7.0,24.56,32.94,32.94,2.736,2.588,2.758,0.0
2025-04-16 12:00:00,0.0,3.297,7.0,0.0,32.94,32.94,3.035,2.742,2.747,0.0
2025-04-16 13:00:00,0.0,5.759,7.0,0.0,24.56,32.94,4.13,3.297,2.834,0.0
2025-04-16 14:00:00,0.0,5.808,7.0,0.0,24.56,32.94,4.955,3.845,2.922,0.0
2025-04-16 15:00:00,0.0,5.844,7.0,0.0,0.0,32.94,5.804,4.419,3.019,0.0
2025-04-16 16:00:00,0.0,5.746,7.0,0.0,0.0,32.94,5.799,4.965,3.106,0.0
2025-04-16 17:00:00,0.0,4.927,7.0,0.0,0.0,32.94,5.506,5.23,3.208,0.0
2025-04-16 18:00:00,0.0,4.919,7.0,0.0,0.0,32.94,5.198,5.501,3.309,0.0
2025-04-16 19:00:00,0.0,2.379,7.0,0.0,0.0,32.94,4.075,4.937,3.306,0.0
2025-04-16 20:00:00,0.0,2.507,7.0,0.0,0.0,32.94,3.268,4.387,3.307,0.0
2025-04-16 21:00:00,0.0,2.547,7.0,0.0,0.0,32.94,2.478,3.838,3.306,0.0
2025-04-16 22:00:00,0.0,2.551,7.0,0.0,0.0,32.94,2.535,3.305,3.309,0.0
2025-04-16 23:00:00,0.0,2.456,7.0,0.0,0.0,32.94,2.518,2.893,3.305,0.0
2025-04-17 00:00:00,0.0,2.437,7.0,0.0,0.0,32.94,2.482,2.48,3.304,0.0
2025-04-17 01:00:00,0.0,2.501,7.0,0.0,0.0,32.94,2.465,2.5,3.302,0.0
2025-04-17 02:00:00,0.0,2.541,7.0,0.0,0.0,32.94,2.493,2.506,3.304,0.0
2025-04-17 03:00:00,0.0,2.508,7.0,0.0,0.0,32.94,2.517,2.499,3.304,0.0
2025-04-17 04:00:00,0.0,2.514,7.0,0.0,0.0,32.94,2.521,2.493,3.304,0.0
2025-04-17 05:00:00,0.0,2.557,7.0,0.0,0.0,32.94,2.526,2.51,3.305,0.0
2025-04-17 06:00:00,0.0,2.463,7.0,0.0,0.0,32.94,2.512,2.514,3.309,0.0
2025-04-17 07:00:00,0.0,2.489,7.0,0.0,0.0,24.56,2.503,2.512,3.312,0.0
2025-04-17 08:00:00,0.0,2.582,7.0,0.0,0.0,24.56,2.511,2.519,3.314,0.0
2025-04-17 09:00:00,0.0,2.49,7.0,0.0,0.0,0.0,2.52,2.516,3.318,0.0
2025-04-17 10:00:00,0.0,2.437,7.0,0.0,0.0,0.0,2.503,2.503,3.317,0.0
2025-04-17 11:00:00,30.247,2.467,7.0,30.247,30.247,30.247,2.464,2.488,3.28,0.0
2025-04-17 12:00:00,0.0,2.453,7.0,30.247,30.247,30.247,2.452,2.486,3.245,0.0
2025-04-17 13:00:00,0.0,2.518,7.0,30.247,30.247,30.247,2.479,2.491,3.11,0.0
2025-04-17 14:00:00,0.0,2.455,7.0,0.0,30.247,30.247,2.475,2.47,2.97,0.0
2025-04-17 15:00:00,0.0,5.538,7.0,0.0,30.247,30.247,3.504,2.978,2.958,0.0
2025-04-17 16:00:00,0.0,5.488,7.0,0.0,30.247,30.247,4.494,3.486,2.947,0.0
2025-04-17 17:00:00,0.0,5.419,7.0,0.0,0.0,30.247,5.482,3.978,2.967,0.0
2025-04-17 18:00:00,0.0,5.54,7.0,0.0,0.0,30.247,5.482,4.493,2.993,0.0
2025-04-17 19:00:00,0.0,5.532,7.0,0.0,0.0,30.247,5.497,4.995,3.125,0.0
2025-04-17 20:00:00,0.0,5.551,7.0,0.0,0.0,30.247,5.541,5.511,3.251,0.0
2025-04-17 21:00:00,0.0,2.466,7.0,0.0,0.0,30.247,4.516,4.999,3.248,0.0
2025-04-17 22:00:00,0.0,2.461,7.0,0.0,0.0,30.247,3.493,4.495,3.244,0.0
2025-04-17 23:00:00,0.0,2.52,7.0,0.0,0.0,30.247,2.482,4.012,3.247,0.0
2025-04-18 00:00:00,0.0,2.576,7.0,0.0,0.0,30.247,2.519,3.518,3.253,0.0
2025-04-18 01:00:00,0.0,2.501,7.0,0.0,0.0,30.247,2.532,3.012,3.253,0.0
2025-04-18 02:00:00,0.0,2.521,7.0,0.0,0.0,30.247,2.533,2.508,3.252,0.0
2025-04-18 03:00:00,0.0,2.484,7.0,0.0,0.0,30.247,2.502,2.51,3.251,0.0
2025-04-18 04:00:00,0.0,2.423,7.0,0.0,0.0,30.247,2.476,2.504,3.247,0.0
2025-04-18 05:00:00,0.0,2.548,7.0,0.0,0.0,30.247,2.485,2.509,3.247,0.0
2025-04-18 06:00:00,0.0,2.545,7.0,0.0,0.0,30.247,2.506,2.504,3.25,0.0
2025-04-18 07:00:00,0.0,2.536,7.0,0.0,0.0,30.247,2.543,2.51,3.252,0.0
2025-04-18 08:00:00,7.498,2.491,7.0,7.498,7.498,37.745,2.524,2.504,3.248,0.0
2025-04-18 09:00:00,0.0,2.53,7.0,7.498,7.498,37.745,2.519,2.512,3.25,0.0
2025-04-18 10:00:00,0.0,2.545,7.0,7.498,7.498,37.745,2.522,2.532,3.254,0.0
2025-04-18 11:00:00,0.0,2.581,7.0,0.0,7.498,7.498,2.552,2.538,3.259,0.0
2025-04-18 12:00:00,0.0,3.299,7.0,0.0,7.498,7.498,2.808,2.664,3.294,0.0
2025-04-18 13:00:00,0.0,3.253,7.0,0.0,7.498,7.498,3.044,2.783,3.325,0.0
2025-04-18 14:00:00,0.0,3.184,7.0,0.0,0.0,7.498,3.246,2.899,3.355,0.0
2025-04-18 15:00:00,0.0,3.258,7.0,0.0,0.0,7.498,3.232,3.02,3.26,0.0
2025-04-18 16:00:00,0.0,3.263,7.0,0.0,0.0,7.498,3.235,3.14,3.168,0.0
2025-04-18 17:00:00,0.0,3.285,7.0,0.0,0.0,7.498,3.269,3.257,3.079,0.0
2025-04-18 18:00:00,0.0,2.568,7.0,0.0,0.0,7.498,3.039,3.135,2.955,0.0
2025-04-18 19:00:00,0.0,2.495,7.0,0.0,0.0,7.498,2.783,3.009,2.828,0.0
2025-04-18 20:00:00,0.0,2.605,7.0,0.0,0.0,7.498,2.556,2.912,2.706,0.0
2025-04-18 21:00:00,0.0,2.412,7.0,0.0,0.0,7.498,2.504,2.771,2.703,0.0
2025-04-18 22:00:00,0.0,2.521,7.0,0.0,0.0,7.498,2.513,2.648,2.706,0.0
2025-04-18 23:00:00,0.0,2.46,7.0,0.0,0.0,7.498,2.464,2.51,2.703,0.0
2025-04-19 00:00:00,0.0,2.405,7.0,0.0,0.0,7.498,2.462,2.483,2.696,0.0
2025-04-19 01:00:00,0.0,2.49,7.0,0.0,0.0,7.498,2.452,2.482,2.696,0.0
2025-04-19 02:00:00,0.0,2.427,7.0,0.0,0.0,7.498,2.441,2.452,2.692,0.0
2025-04-19 03:00:00,0.0,2.492,7.0,0.0,0.0,7.498,2.47,2.466,2.692,0.0
2025-04-19 04:00:00,0.0,2.502,7.0,0.0,0.0,7.498,2.474,2.463,2.696,0.0
2025-04-19 05:00:00,0.0,2.556,7.0,0.0,0.0,7.498,2.517,2.479,2.696,0.0
2025-04-19 06:00:00,0.0,2.425,7.0,0.0,0.0,7.498,2.494,2.482,2.691,0.0
2025-04-19 07:00:00,0.0,2.545,7.0,0.0,0.0,7.498,2.509,2.491,2.691,0.0
2025-04-19 08:00:00,0.0,2.505,7.0,0.0,0.0,0.0,2.492,2.504,2.692,0.0
2025-04-19 09:00:00,0.0,2.551,7.0,0.0,0.0,0.0,2.534,2.514,2.693,0.0
2025-04-19 10:00:00,0.0,2.478,7.0,0.0,0.0,0.0,2.512,2.51,2.69,0.0
2025-04-19 11:00:00,0.0,2.433,7.0,0.0,0.0,0.0,2.488,2.49,2.684,0.0
2025-04-19 12:00:00,0.0,2.439,7.0,0.0,0.0,0.0,2.45,2.492,2.648,0.0
2025-04-19 13:00:00,0.0,2.435,7.0,0.0,0.0,0.0,2.436,2.474,2.614,0.0
2025-04-19 14:00:00,0.0,2.524,7.0,0.0,0.0,0.0,2.466,2.477,2.586,0.0
2025-04-19 15:00:00,0.0,2.574,7.0,0.0,0.0,0.0,2.511,2.481,2.558,0.0
2025-04-19 16:00:00,0.0,2.472,7.0,0.0,0.0,0.0,2.523,2.48,2.525,0.0
2025-04-19 17:00:00,0.0,2.531,7.0,0.0,0.0,0.0,2.526,2.496,2.494,0.0
2025-04-19 18:00:00,0.0,2.424,7.0,0.0,0.0,0.0,2.476,2.493,2.488,0.0
2025-04-19 19:00:00,0.0,2.509,7.0,0.0,0.0,0.0,2.488,2.506,2.488,0.0
2025-04-19 20:00:00,0.0,2.533,7.0,0.0,0.0,0.0,2.489,2.507,2.485,0.0
2025-04-19 21:00:00,0.0,2.428,7.0,0.0,0.0,0.0,2.49,2.483,2.486,0.0
2025-04-19 22:00:00,0.0,2.49,7.0,0.0,0.0,0.0,2.484,2.486,2.485,0.0
2025-04-19 23:00:00,0.0,2.536,7.0,0.0,0.0,0.0,2.484,2.487,2.488,0.0
2025-04-20 00:00:00,0.0,2.353,7.0,0.0,0.0,0.0,2.46,2.475,2.486,0.0
2025-04-20 01:00:00,0.0,2.567,7.0,0.0,0.0,0.0,2.485,2.484,2.489,0.0
2025-04-20 02:00:00,0.0,2.518,7.0,0.0,0.0,0.0,2.479,2.482,2.493,0.0
2025-04-20 03:00:00,0.0,2.536,7.0,0.0,0.0,0.0,2.54,2.5,2.494,0.0
2025-04-20 04:00:00,0.0,2.479,7.0,0.0,0.0,0.0,2.511,2.498,2.493,0.0
2025-04-20 05:00:00,0.0,2.414,7.0,0.0,0.0,0.0,2.476,2.478,2.487,0.0
2025-04-20 06:00:00,0.0,2.527,7.0,0.0,0.0,0.0,2.473,2.507,2.492,0.0
2025-04-20 07:00:00,0.0,2.496,7.0,0.0,0.0,0.0,2.479,2.495,2.49,0.0
2025-04-20 08:00:00,0.0,2.502,7.0,0.0,0.0,0.0,2.508,2.492,2.49,0.0
2025-04-20 09:00:00,13.134,2.554,7.0,13.134,13.134,13.134,2.517,2.495,2.49,0.0
2025-04-20 10:00:00,0.0,2.538,7.0,13.134,13.134,13.134,2.531,2.505,2.492,0.0
2025-04-20 11:00:00,0.0,2.596,7.0,13.134,13.134,13.134,2.563,2.535,2.499,0.0
2025-04-20 12:00:00,0.0,2.508,7.0,0.0,13.134,13.134,2.547,2.532,2.502,0.0
2025-04-20 13:00:00,0.0,3.779,7.0,0.0,13.134,13.134,2.961,2.746,2.558,0.0
2025-04-20 14:00:00,0.0,3.804,7.0,0.0,13.134,13.134,3.363,2.963,2.611,0.0
2025-04-20 15:00:00,0.0,3.834,7.0,0.0,0.0,13.134,3.806,3.176,2.664,0.0
2025-04-20 16:00:00,0.0,3.864,7.0,0.0,0.0,13.134,3.834,3.397,2.722,0.0
2025-04-20 17:00:00,0.0,3.74,7.0,0.0,0.0,13.134,3.813,3.588,2.772,0.0
2025-04-20 18:00:00,0.0,3.814,7.0,0.0,0.0,13.134,3.806,3.806,2.83,0.0
2025-04-20 19:00:00,0.0,2.58,7.0,0.0,0.0,13.134,3.378,3.606,2.833,0.0
2025-04-20 20:00:00,28.847,2.488,7.0,28.847,28.847,41.981,2.961,3.387,2.831,0.0
2025-04-20 21:00:00,0.0,2.547,7.0,28.847,28.847,41.981,2.538,3.172,2.836,0.0
2025-04-20 22:00:00,7.796,2.525,7.0,36.644,36.644,49.777,2.52,2.949,2.837,0.0
2025-04-20 23:00:00,0.0,2.548,7.0,7.796,36.644,49.777,2.54,2.75,2.838,0.0
2025-04-21 00:00:00,0.0,5.344,7.0,7.796,36.644,49.777,3.472,3.005,2.963,0.0
2025-04-21 01:00:00,0.0,5.344,7.0,0.0,36.644,49.777,4.412,3.466,3.078,0.0
2025-04-21 02:00:00,0.0,6.165,7.0,0.0,7.796,49.777,5.618,4.079,3.23,0.0
2025-04-21 03:00:00,0.0,6.088,7.0,0.0,7.796,49.777,5.866,4.669,3.378,0.0
2025-04-21 04:00:00,0.0,6.151,7.0,0.0,0.0,49.777,6.135,5.273,3.531,0.0
2025-04-21 05:00:00,0.0,6.177,7.0,0.0,0.0,49.777,6.139,5.878,3.688,0.0
2025-04-21 06:00:00,4.261,3.369,7.0,4.261,4.261,54.038,5.232,5.549,3.723,0.0
2025-04-21 07:00:00,0.0,3.3,7.0,4.261,4.261,54.038,4.282,5.208,3.757,0.0
2025-04-21 08:00:00,0.0,2.531,7.0,4.261,4.261,54.038,3.067,4.603,3.758,0.0
2025-04-21 09:00:00,0.0,2.558,7.0,0.0,4.261,40.904,2.796,4.014,3.758,0.0
2025-04-21 10:00:00,0.0,2.878,7.0,0.0,4.261,40.904,2.656,3.469,3.772,0.0
2025-04-21 11:00:00,0.0,2.918,7.0,0.0,4.261,40.904,2.785,2.926,3.786,0.0
2025-04-21 12:00:00,0.0,3.047,7.0,0.0,0.0,40.904,2.948,2.872,3.808,0.0
2025-04-21 13:00:00,0.0,2.922,7.0,0.0,0.0,40.904,2.962,2.809,3.772,0.0
2025-04-21 14:00:00,0.0,2.982,7.0,0.0,0.0,40.904,2.984,2.884,3.738,0.0
2025-04-21 15:00:00,0.0,2.974,7.0,0.0,0.0,40.904,2.959,2.954,3.702,0.0
2025-04-21 16:00:00,0.0,2.426,7.0,0.0,0.0,40.904,2.794,2.878,3.642,0.0
2025-04-21 17:00:00,0.0,2.516,7.0,0.0,0.0,40.904,2.639,2.811,3.591,0.0
2025-04-21 18:00:00,0.0,2.507,7.0,0.0,0.0,40.904,2.483,2.721,3.537,0.0
2025-04-21 19:00:00,0.0,2.516,7.0,0.0,0.0,40.904,2.513,2.654,3.534,0.0
2025-04-21 20:00:00,0.0,2.462,7.0,0.0,0.0,12.057,2.495,2.567,3.533,0.0
2025-04-21 21:00:00,0.0,2.444,7.0,0.0,0.0,12.057,2.474,2.479,3.529,0.0
2025-04-21 22:00:00,0.0,2.476,7.0,0.0,0.0,4.261,2.461,2.487,3.527,0.0
2025-04-21 23:00:00,0.0,2.495,7.0,0.0,0.0,4.261,2.472,2.484,3.525,0.0
2025-04-22 00:00:00,0.0,2.559,7.0,0.0,0.0,4.261,2.51,2.492,3.409,0.0
2025-04-22 01:00:00,0.0,2.591,7.0,0.0,0.0,4.261,2.548,2.505,3.294,0.0
2025-04-22 02:00:00,0.0,2.57,7.0,0.0,0.0,4.261,2.573,2.523,3.144,0.0
2025-04-22 03:00:00,0.0,2.543,7.0,0.0,0.0,4.261,2.568,2.539,2.996,0.0
2025-04-22 04:00:00,0.0,2.45,7.0,0.0,0.0,4.261,2.521,2.535,2.842,0.0
2025-04-22 05:00:00,0.0,2.48,7.0,0.0,0.0,4.261,2.491,2.532,2.688,0.0
2025-04-22 06:00:00,0.0,2.51,7.0,0.0,0.0,0.0,2.48,2.524,2.652,0.0
2025-04-22 07:00:00,0.0,2.468,7.0,0.0,0.0,0.0,2.486,2.504,2.618,0.0
2025-04-22 08:00:00,0.0,2.529,7.0,0.0,0.0,0.0,2.503,2.497,2.618,0.0
2025-04-22 09:00:00,0.0,2.536,7.0,0.0,0.0,0.0,2.511,2.496,2.617,0.0
2025-04-22 10:00:00,0.0,2.527,7.0,0.0,0.0,0.0,2.531,2.508,2.602,0.0
2025-04-22 11:00:00,0.0,2.551,7.0,0.0,0.0,0.0,2.538,2.52,2.587,0.0
2025-04-22 12:00:00,0.0,2.455,7.0,0.0,0.0,0.0,2.511,2.511,2.562,0.0
2025-04-22 13:00:00,0.0,2.547,7.0,0.0,0.0,0.0,2.518,2.524,2.546,0.0
2025-04-22 14:00:00,0.0,2.465,7.0,0.0,0.0,0.0,2.489,2.513,2.525,0.0
2025-04-22 15:00:00,0.0,2.453,7.0,0.0,0.0,0.0,2.488,2.5,2.503,0.0
2025-04-22 16:00:00,0.0,2.527,7.0,0.0,0.0,0.0,2.482,2.5,2.507,0.0
2025-04-22 17:00:00,0.0,2.561,7.0,0.0,0.0,0.0,2.513,2.501,2.509,0.0
2025-04-22 18:00:00,0.0,2.524,7.0,0.0,0.0,0.0,2.537,2.513,2.51,0.0
2025-04-22 19:00:00,0.0,2.501,7.0,0.0,0.0,0.0,2.529,2.505,2.509,0.0
2025-04-22 20:00:00,0.0,2.516,7.0,0.0,0.0,0.0,2.514,2.514,2.512,0.0
2025-04-22 21:00:00,0.0,2.507,7.0,0.0,0.0,0.0,2.508,2.523,2.514,0.0
2025-04-22 22:00:00,0.0,2.444,7.0,0.0,0.0,0.0,2.489,2.509,2.513,0.0
2025-04-22 23:00:00,0.0,2.438,7.0,0.0,0.0,0.0,2.463,2.488,2.51,0.0
2025-04-23 00:00:00,0.0,2.496,7.0,0.0,0.0,0.0,2.459,2.483,2.508,0.0
2025-04-23 01:00:00,0.0,2.504,7.0,0.0,0.0,0.0,2.479,2.484,2.504,0.0
2025-04-23 02:00:00,0.0,2.501,7.0,0.0,0.0,0.0,2.5,2.482,2.501,0.0
2025-04-23 03:00:00,0.0,2.534,7.0,0.0,0.0,0.0,2.513,2.486,2.501,0.0
2025-04-23 04:00:00,0.0,2.489,7.0,0.0,0.0,0.0,2.508,2.494,2.503,0.0
2025-04-23 05:00:00,0.0,2.528,7.0,0.0,0.0,0.0,2.517,2.509,2.505,0.0
2025-04-23 06:00:00,85.317,2.493,7.0,85.317,85.317,85.317,2.503,2.508,2.504,0.0
2025-04-23 07:00:00,0.0,2.591,7.0,85.317,85.317,85.317,2.537,2.523,2.509,0.0
2025-04-23 08:00:00,0.0,2.504,7.0,85.317,85.317,85.317,2.529,2.523,2.508,0.0
2025-04-23 09:00:00,0.0,2.617,7.0,0.0,85.317,85.317,2.571,2.537,2.511,0.0
2025-04-23 10:00:00,0.0,11.049,7.0,0.0,85.317,85.317,5.39,3.964,2.866,4.049
2025-04-23 11:00:00,0.0,11.021,7.0,0.0,85.317,85.317,8.229,5.379,3.219,4.021
2025-04-23 12:00:00,0.0,10.987,7.0,0.0,0.0,85.317,11.019,6.795,3.575,3.987
2025-04-23 13:00:00,1.693,10.96,7.0,1.693,1.693,87.011,10.989,8.19,3.925,3.96
2025-04-23 14:00:00,0.0,10.982,7.0,1.693,1.693,87.011,10.976,9.603,4.28,3.982
2025-04-23 15:00:00,0.0,10.988,7.0,1.693,1.693,87.011,10.977,10.998,4.636,3.988
2025-04-23 16:00:00,0.0,2.52,7.0,0.0,1.693,87.011,8.163,9.576,4.636,0.0
2025-04-23 17:00:00,0.0,2.643,7.0,0.0,1.693,87.011,5.384,8.18,4.639,0.0
2025-04-23 18:00:00,0.0,2.679,7.0,0.0,1.693,87.011,2.614,6.795,4.645,0.0
2025-04-23 19:00:00,0.0,2.733,7.0,0.0,0.0,87.011,2.685,5.424,4.655,0.0
2025-04-23 20:00:00,0.0,2.665,7.0,0.0,0.0,87.011,2.692,4.038,4.661,0.0
2025-04-23 21:00:00,0.0,2.773,7.0,0.0,0.0,87.011,2.724,2.669,4.672,0.0
2025-04-23 22:00:00,0.0,2.611,7.0,0.0,0.0,87.011,2.683,2.684,4.679,0.0
2025-04-23 23:00:00,0.0,2.492,7.0,0.0,0.0,87.011,2.625,2.659,4.682,0.0
2025-04-24 00:00:00,0.0,2.473,7.0,0.0,0.0,87.011,2.525,2.625,4.681,0.0
2025-04-24 01:00:00,0.0,2.547,7.0,0.0,0.0,87.011,2.504,2.594,4.682,0.0
2025-04-24 02:00:00,0.0,2.388,7.0,0.0,0.0,87.011,2.469,2.547,4.678,0.0
2025-04-24 03:00:00,0.0,2.428,7.0,0.0,0.0,87.011,2.454,2.49,4.673,0.0
2025-04-24 04:00:00,0.0,2.495,7.0,0.0,0.0,87.011,2.437,2.47,4.674,0.0
2025-04-24 05:00:00,25.9,2.578,7.0,25.9,25.9,112.911,2.5,2.485,4.676,0.0
2025-04-24 06:00:00,0.0,2.511,7.0,25.9,25.9,27.594,2.528,2.491,4.676,0.0
2025-04-24 07:00:00,0.0,2.432,7.0,25.9,25.9,27.594,2.507,2.472,4.67,0.0
2025-04-24 08:00:00,0.0,2.44,7.0,0.0,25.9,27.594,2.461,2.481,4.667,0.0
2025-04-24 09:00:00,0.0,5.174,7.0,0.0,25.9,27.594,3.349,2.938,4.774,0.0
2025-04-24 10:00:00,0.0,5.059,7.0,0.0,25.9,27.594,4.224,3.366,4.524,0.0
2025-04-24 11:00:00,0.0,5.043,7.0,0.0,0.0,27.594,5.092,3.777,4.275,0.0
2025-04-24 12:00:00,0.0,5.164,7.0,0.0,0.0,27.594,5.089,4.219,4.032,0.0
2025-04-24 13:00:00,0.0,5.141,7.0,0.0,0.0,25.9,5.116,4.67,3.79,0.0
2025-04-24 14:00:00,0.0,5.154,7.0,0.0,0.0,25.9,5.153,5.122,3.547,0.0
2025-04-24 15:00:00,0.0,2.452,7.0,0.0,0.0,25.9,4.249,4.669,3.191,0.0
2025-04-24 16:00:00,0.0,2.424,7.0,0.0,0.0,25.9,3.343,4.23,3.187,0.0
2025-04-24 17:00:00,0.0,2.507,7.0,0.0,0.0,25.9,2.461,3.807,3.182,0.0
2025-04-24 18:00:00,0.0,2.517,7.0,0.0,0.0,25.9,2.482,3.366,3.175,0.0
2025-04-24 19:00:00,0.0,2.518,7.0,0.0,0.0,25.9,2.514,2.929,3.166,0.0
2025-04-24 20:00:00,0.0,2.574,7.0,0.0,0.0,25.9,2.536,2.499,3.162,0.0
2025-04-24 21:00:00,30.925,2.413,7.0,30.925,30.925,56.825,2.502,2.492,3.147,0.0
2025-04-24 22:00:00,0.0,2.543,7.0,30.925,30.925,56.825,2.51,2.512,3.144,0.0
2025-04-24 23:00:00,0.0,2.445,7.0,30.925,30.925,56.825,2.467,2.502,3.142,0.0
2025-04-25 00:00:00,1.096,2.543,7.0,1.096,32.022,57.922,2.51,2.506,3.145,0.0
2025-04-25 01:00:00,0.0,5.569,7.0,1.096,32.022,57.922,3.519,3.014,3.271,0.0
2025-04-25 02:00:00,6.314,5.552,7.0,7.411,38.336,64.236,4.554,3.511,3.403,0.0
2025-04-25 03:00:00,0.0,5.562,7.0,6.314,7.411,64.236,5.561,4.036,3.534,0.0
2025-04-25 04:00:00,0.0,5.63,7.0,6.314,7.411,64.236,5.581,4.55,3.664,0.0
2025-04-25 05:00:00,0.0,5.704,7.0,0.0,7.411,38.336,5.632,5.093,3.795,0.0
2025-04-25 06:00:00,0.0,6.295,7.0,0.0,6.314,38.336,5.876,5.719,3.952,0.0
2025-04-25 07:00:00,0.0,3.28,7.0,0.0,6.314,38.336,5.093,5.337,3.988,0.0
2025-04-25 08:00:00,0.0,3.273,7.0,0.0,0.0,38.336,4.283,4.957,4.022,0.0
2025-04-25 09:00:00,0.0,3.325,7.0,0.0,0.0,38.336,3.293,4.585,3.945,0.0
2025-04-25 10:00:00,0.0,3.15,7.0,0.0,0.0,38.336,3.249,4.171,3.866,0.0
2025-04-25 11:00:00,0.0,3.157,7.0,0.0,0.0,38.336,3.211,3.747,3.787,0.0
2025-04-25 12:00:00,0.0,2.57,7.0,0.0,0.0,38.336,2.959,3.126,3.679,0.0
2025-04-25 13:00:00,0.0,2.469,7.0,0.0,0.0,38.336,2.732,2.991,3.568,0.0
2025-04-25 14:00:00,0.0,2.426,7.0,0.0,0.0,38.336,2.488,2.849,3.454,0.0
2025-04-25 15:00:00,0.0,2.51,7.0,0.0,0.0,38.336,2.468,2.714,3.456,0.0
2025-04-25 16:00:00,0.0,2.429,7.0,0.0,0.0,38.336,2.455,2.593,3.457,0.0
2025-04-25 17:00:00,0.0,2.623,7.0,0.0,0.0,38.336,2.521,2.504,3.462,0.0
2025-04-25 18:00:00,0.0,2.573,7.0,0.0,0.0,38.336,2.541,2.505,3.464,0.0
2025-04-25 19:00:00,0.0,2.608,7.0,0.0,0.0,38.336,2.601,2.528,3.468,0.0
2025-04-25 20:00:00,0.0,2.503,7.0,0.0,0.0,38.336,2.561,2.541,3.465,0.0
2025-04-25 21:00:00,0.0,2.528,7.0,0.0,0.0,7.411,2.546,2.544,3.469,0.0
2025-04-25 22:00:00,0.0,2.477,7.0,0.0,0.0,7.411,2.503,2.552,3.467,0.0
2025-04-25 23:00:00,0.0,2.544,7.0,0.0,0.0,7.411,2.516,2.539,3.471,0.0
2025-04-26 00:00:00,0.0,2.439,7.0,0.0,0.0,6.314,2.487,2.517,3.466,0.0
2025-04-26 01:00:00,0.0,2.373,7.0,0.0,0.0,6.314,2.452,2.477,3.333,0.0
2025-04-26 02:00:00,0.0,2.46,7.0,0.0,0.0,0.0,2.424,2.47,3.205,0.0
2025-04-26 03:00:00,0.0,2.427,7.0,0.0,0.0,0.0,2.42,2.453,3.074,0.0
2025-04-26 04:00:00,0.0,2.574,7.0,0.0,0.0,0.0,2.487,2.47,2.947,0.0
2025-04-26 05:00:00,28.251,2.591,7.0,28.251,28.251,28.251,2.531,2.477,2.817,0.0
2025-04-26 06:00:00,0.0,2.43,7.0,28.251,28.251,28.251,2.532,2.476,2.656,0.0
2025-04-26 07:00:00,0.0,2.565,7.0,28.251,28.251,28.251,2.528,2.508,2.626,0.0
2025-04-26 08:00:00,0.0,2.548,7.0,0.0,28.251,28.251,2.514,2.522,2.596,0.0
2025-04-26 09:00:00,0.0,5.247,7.0,0.0,28.251,28.251,3.453,2.992,2.676,0.0
2025-04-26 10:00:00,0.0,5.306,7.0,0.0,28.251,28.251,4.367,3.447,2.766,0.0
2025-04-26 11:00:00,0.0,5.296,7.0,0.0,0.0,28.251,5.283,3.898,2.855,0.0
2025-04-26 12:00:00,0.0,5.362,7.0,0.0,0.0,28.251,5.321,4.387,2.971,0.0
2025-04-26 13:00:00,0.0,5.264,7.0,0.0,0.0,28.251,5.307,4.837,3.088,0.0
2025-04-26 14:00:00,0.0,5.32,7.0,0.0,0.0,28.251,5.315,5.299,3.208,0.0
2025-04-26 15:00:00,0.0,2.466,7.0,0.0,0.0,28.251,4.35,4.836,3.206,0.0
2025-04-26 16:00:00,0.0,2.524,7.0,0.0,0.0,28.251,3.437,4.372,3.21,0.0
2025-04-26 17:00:00,0.0,2.489,7.0,0.0,0.0,28.251,2.493,3.904,3.205,0.0
2025-04-26 18:00:00,0.0,2.473,7.0,0.0,0.0,28.251,2.495,3.423,3.201,0.0
2025-04-26 19:00:00,0.0,2.489,7.0,0.0,0.0,28.251,2.484,2.96,3.196,0.0
2025-04-26 20:00:00,0.0,2.602,7.0,0.0,0.0,28.251,2.521,2.507,3.2,0.0
2025-04-26 21:00:00,0.0,2.479,7.0,0.0,0.0,28.251,2.523,2.509,3.198,0.0
2025-04-26 22:00:00,33.222,2.448,7.0,33.222,33.222,61.473,2.51,2.497,3.196,0.0
2025-04-26 23:00:00,0.0,2.529,7.0,33.222,33.222,61.473,2.485,2.503,3.196,0.0
2025-04-27 00:00:00,0.0,2.493,7.0,33.222,33.222,61.473,2.49,2.507,3.198,0.0
2025-04-27 01:00:00,0.0,2.429,7.0,0.0,33.222,61.473,2.484,2.497,3.2,0.0
2025-04-27 02:00:00,14.235,5.934,7.0,14.235,47.457,75.708,3.619,3.052,3.345,0.0
2025-04-27 03:00:00,0.0,5.805,7.0,14.235,47.457,75.708,4.723,3.606,3.486,0.0
2025-04-27 04:00:00,15.89,5.803,7.0,30.125,30.125,91.598,5.847,4.165,3.62,0.0
2025-04-27 05:00:00,61.228,5.83,7.0,77.118,91.353,124.575,5.813,4.716,3.755,0.0
2025-04-27 06:00:00,0.0,7.332,7.0,77.118,91.353,124.575,6.322,5.522,3.96,0.332
2025-04-27 07:00:00,25.757,7.162,7.0,86.985,117.11,150.332,6.775,6.311,4.151,0.162
2025-04-27 08:00:00,0.0,5.526,7.0,25.757,102.875,150.332,6.673,6.243,4.275,0.0
2025-04-27 09:00:00,0.0,11.74,7.0,25.757,102.875,150.332,8.143,7.232,4.546,4.74
2025-04-27 10:00:00,0.0,11.642,7.0,0.0,86.985,150.332,9.636,8.205,4.81,4.642
2025-04-27 11:00:00,0.0,14.149,7.0,0.0,25.757,150.332,12.51,9.592,5.179,7.149
2025-04-27 12:00:00,0.0,12.757,7.0,0.0,25.757,150.332,12.849,10.496,5.487,5.757
2025-04-27 13:00:00,0.0,12.798,7.0,0.0,0.0,150.332,13.235,11.435,5.801,5.798
2025-04-27 14:00:00,2.609,11.265,7.0,2.609,2.609,152.941,12.273,12.392,6.048,4.265
2025-04-27 15:00:00,0.0,5.059,7.0,2.609,2.609,152.941,9.707,11.278,6.157,0.0
2025-04-27 16:00:00,0.0,5.117,7.0,2.609,2.609,152.941,7.147,10.191,6.265,0.0
2025-04-27 17:00:00,0.0,2.428,7.0,0.0,2.609,152.941,4.201,8.237,6.262,0.0
2025-04-27 18:00:00,0.0,2.689,7.0,0.0,2.609,152.941,3.411,6.559,6.271,0.0
2025-04-27 19:00:00,11.314,2.737,7.0,11.314,13.922,164.254,2.618,4.882,6.281,0.0
2025-04-27 20:00:00,0.0,2.833,7.0,11.314,11.314,164.254,2.753,3.477,6.291,0.0
2025-04-27 21:00:00,6.114,2.764,7.0,17.428,17.428,170.369,2.778,3.095,6.303,0.0
2025-04-27 22:00:00,0.0,2.775,7.0,6.114,17.428,137.147,2.791,2.704,6.316,0.0
2025-04-27 23:00:00,0.0,3.906,7.0,6.114,17.428,137.147,3.149,2.951,6.374,0.0
2025-04-28 00:00:00,0.0,3.687,7.0,0.0,17.428,137.147,3.456,3.117,6.424,0.0
2025-04-28 01:00:00,0.0,4.212,7.0,0.0,6.114,137.147,3.935,3.363,6.498,0.0
2025-04-28 02:00:00,0.0,4.277,7.0,0.0,6.114,122.912,4.059,3.604,6.429,0.0
2025-04-28 03:00:00,0.0,4.201,7.0,0.0,0.0,122.912,4.23,3.843,6.362,0.0
2025-04-28 04:00:00,0.0,4.342,7.0,0.0,0.0,107.021,4.273,4.104,6.301,0.0
2025-04-28 05:00:00,0.0,3.071,7.0,0.0,0.0,45.794,3.872,3.965,6.186,0.0
2025-04-28 06:00:00,0.0,3.067,7.0,0.0,0.0,45.794,3.494,3.862,6.009,0.0
2025-04-28 07:00:00,0.0,2.527,7.0,0.0,0.0,20.037,2.889,3.581,5.815,0.0
2025-04-28 08:00:00,0.0,2.504,7.0,0.0,0.0,20.037,2.7,3.286,5.689,0.0
2025-04-28 09:00:00,0.0,2.516,7.0,0.0,0.0,20.037,2.516,3.005,5.305,0.0
2025-04-28 10:00:00,0.0,2.511,7.0,0.0,0.0,20.037,2.511,2.7,4.925,0.0
2025-04-28 11:00:00,0.0,2.445,7.0,0.0,0.0,20.037,2.491,2.595,4.437,0.0
2025-04-28 12:00:00,0.0,2.581,7.0,0.0,0.0,20.037,2.513,2.514,4.013,0.0
2025-04-28 13:00:00,0.0,2.545,7.0,0.0,0.0,20.037,2.524,2.517,3.586,0.0
2025-04-28 14:00:00,0.0,2.568,7.0,0.0,0.0,17.428,2.564,2.528,3.224,0.0
2025-04-28 15:00:00,0.0,2.474,7.0,0.0,0.0,17.428,2.529,2.521,3.116,0.0
2025-04-28 16:00:00,0.0,2.521,7.0,0.0,0.0,17.428,2.521,2.522,3.008,0.0
2025-04-28 17:00:00,0.0,2.51,7.0,0.0,0.0,17.428,2.501,2.533,3.011,0.0
2025-04-28 18:00:00,0.0,2.556,7.0,0.0,0.0,17.428,2.529,2.529,3.006,0.0
2025-04-28 19:00:00,0.0,2.558,7.0,0.0,0.0,6.114,2.541,2.531,2.998,0.0
2025-04-28 20:00:00,0.0,2.51,7.0,0.0,0.0,6.114,2.541,2.521,2.985,0.0
2025-04-28 21:00:00,0.0,2.424,7.0,0.0,0.0,0.0,2.497,2.513,2.97,0.0
2025-04-28 22:00:00,0.0,2.589,7.0,0.0,0.0,0.0,2.508,2.525,2.963,0.0
2025-04-28 23:00:00,0.0,2.528,7.0,0.0,0.0,0.0,2.514,2.527,2.905,0.0
2025-04-29 00:00:00,0.0,2.47,7.0,0.0,0.0,0.0,2.529,2.513,2.855,0.0
2025-04-29 01:00:00,0.0,2.52,7.0,0.0,0.0,0.0,2.506,2.507,2.784,0.0
2025-04-29 02:00:00,0.0,2.424,7.0,0.0,0.0,0.0,2.471,2.493,2.707,0.0
2025-04-29 03:00:00,0.0,2.553,7.0,0.0,0.0,0.0,2.499,2.514,2.638,0.0
2025-04-29 04:00:00,14.471,2.426,7.0,14.471,14.471,14.471,2.468,2.487,2.558,0.0
2025-04-29 05:00:00,0.0,2.489,7.0,14.471,14.471,14.471,2.489,2.48,2.534,0.0
2025-04-29 06:00:00,0.0,2.512,7.0,14.471,14.471,14.471,2.476,2.488,2.511,0.0
2025-04-29 07:00:00,0.0,2.552,7.0,0.0,14.471,14.471,2.518,2.493,2.512,0.0
2025-04-29 08:00:00,0.0,3.952,7.0,0.0,14.471,14.471,3.006,2.747,2.572,0.0
2025-04-29 09:00:00,0.0,3.979,7.0,0.0,14.471,14.471,3.494,2.985,2.633,0.0
2025-04-29 10:00:00,0.0,3.946,7.0,0.0,0.0,14.471,3.959,3.238,2.693,0.0
2025-04-29 11:00:00,32.761,3.946,7.0,32.761,32.761,47.232,3.957,3.481,2.755,0.0
2025-04-29 12:00:00,0.0,3.951,7.0,32.761,32.761,47.232,3.948,3.721,2.813,0.0
2025-04-29 13:00:00,0.0,3.938,7.0,32.761,32.761,47.232,3.945,3.952,2.871,0.0
2025-04-29 14:00:00,0.0,2.416,7.0,0.0,32.761,47.232,3.435,3.696,2.864,0.0
2025-04-29 15:00:00,0.0,5.738,7.0,0.0,32.761,47.232,4.03,3.989,3.0,0.0
2025-04-29 16:00:00,0.0,5.788,7.0,0.0,32.761,47.232,4.647,4.296,3.136,0.0
2025-04-29 17:00:00,0.0,5.764,7.0,0.0,0.0,47.232,5.763,4.599,3.272,0.0
2025-04-29 18:00:00,0.0,5.768,7.0,0.0,0.0,47.232,5.773,4.902,3.406,0.0
2025-04-29 19:00:00,0.0,5.76,7.0,0.0,0.0,47.232,5.764,5.206,3.539,0.0
2025-04-29 20:00:00,0.0,5.733,7.0,0.0,0.0,47.232,5.754,5.758,3.674,0.0
2025-04-29 21:00:00,0.0,2.475,7.0,0.0,0.0,47.232,4.656,5.215,3.676,0.0
2025-04-29 22:00:00,0.0,2.485,7.0,0.0,0.0,47.232,3.564,4.664,3.671,0.0
2025-04-29 23:00:00,0.0,2.5,7.0,0.0,0.0,47.232,2.487,4.12,3.67,0.0
2025-04-30 00:00:00,0.0,2.52,7.0,0.0,0.0,47.232,2.502,3.579,3.672,0.0
2025-04-30 01:00:00,0.0,2.491,7.0,0.0,0.0,47.232,2.504,3.034,3.671,0.0
2025-04-30 02:00:00,0.0,2.449,7.0,0.0,0.0,47.232,2.486,2.487,3.672,0.0
2025-04-30 03:00:00,0.0,2.43,7.0,0.0,0.0,47.232,2.457,2.479,3.667,0.0
2025-04-30 04:00:00,0.0,2.63,7.0,0.0,0.0,32.761,2.503,2.503,3.675,0.0
2025-04-30 05:00:00,0.0,2.444,7.0,0.0,0.0,32.761,2.501,2.494,3.674,0.0
2025-04-30 06:00:00,1.348,2.474,7.0,1.348,1.348,34.109,2.516,2.486,3.672,0.0
2025-04-30 07:00:00,0.0,2.526,7.0,1.348,1.348,34.109,2.481,2.492,3.671,0.0
2025-04-30 08:00:00,0.0,2.518,7.0,1.348,1.348,34.109,2.506,2.504,3.611,0.0
2025-04-30 09:00:00,0.0,2.526,7.0,0.0,1.348,34.109,2.523,2.52,3.551,0.0
2025-04-30 10:00:00,0.0,2.613,7.0,0.0,1.348,34.109,2.552,2.517,3.495,0.0
2025-04-30 11:00:00,0.0,2.647,7.0,0.0,1.348,1.348,2.595,2.551,3.441,0.0
2025-04-30 12:00:00,0.0,2.638,7.0,0.0,0.0,1.348,2.632,2.578,3.386,0.0
2025-04-30 13:00:00,0.0,2.619,7.0,0.0,0.0,1.348,2.635,2.593,3.331,0.0
2025-04-30 14:00:00,0.0,2.647,7.0,0.0,0.0,1.348,2.635,2.615,3.341,0.0
2025-04-30 15:00:00,0.0,2.688,7.0,0.0,0.0,1.348,2.651,2.642,3.214,0.0
2025-04-30 16:00:00,0.0,2.499,7.0,0.0,0.0,1.348,2.611,2.623,3.077,0.0
2025-04-30 17:00:00,0.0,2.499,7.0,0.0,0.0,1.348,2.562,2.598,2.941,0.0
2025-04-30 18:00:00,0.0,2.553,7.0,0.0,0.0,1.348,2.517,2.584,2.807,0.0
2025-04-30 19:00:00,0.0,2.548,7.0,0.0,0.0,1.348,2.534,2.572,2.673,0.0
2025-04-30 20:00:00,0.0,2.579,7.0,0.0,0.0,1.348,2.56,2.561,2.542,0.0
2025-04-30 21:00:00,0.0,2.412,7.0,0.0,0.0,1.348,2.513,2.515,2.539,0.0
2025-04-30 22:00:00,0.0,2.545,7.0,0.0,0.0,1.348,2.512,2.523,2.541,0.0
2025-04-30 23:00:00,0.0,2.53,7.0,0.0,0.0,1.348,2.496,2.528,2.543,0.0
2025-05-01 00:00:00,0.0,2.456,7.0,0.0,0.0,1.348,2.51,2.512,2.54,0.0
2025-05-01 01:00:00,0.0,2.513,7.0,0.0,0.0,1.348,2.499,2.506,2.541,0.0
2025-05-01 02:00:00,0.0,2.553,7.0,0.0,0.0,1.348,2.507,2.501,2.545,0.0
2025-05-01 03:00:00,0.0,2.459,7.0,0.0,0.0,1.348,2.508,2.509,2.546,0.0
2025-05-01 04:00:00,0.0,2.522,7.0,0.0,0.0,1.348,2.511,2.505,2.542,0.0
2025-05-01 05:00:00,0.0,2.544,7.0,0.0,0.0,1.348,2.508,2.508,2.546,0.0
2025-05-01 06:00:00,0.0,2.446,7.0,0.0,0.0,0.0,2.504,2.506,2.545,0.0
2025-05-01 07:00:00,0.0,2.493,7.0,0.0,0.0,0.0,2.494,2.503,2.544,0.0
2025-05-01 08:00:00,0.0,2.515,7.0,0.0,0.0,0.0,2.485,2.496,2.543,0.0
2025-05-01 09:00:00,0.0,2.46,7.0,0.0,0.0,0.0,2.489,2.497,2.541,0.0
2025-05-01 10:00:00,0.0,2.456,7.0,0.0,0.0,0.0,2.477,2.486,2.534,0.0
2025-05-01 11:00:00,0.0,2.493,7.0,0.0,0.0,0.0,2.47,2.477,2.528,0.0
2025-05-01 12:00:00,0.0,2.54,7.0,0.0,0.0,0.0,2.496,2.493,2.524,0.0
2025-05-01 13:00:00,0.0,2.532,7.0,0.0,0.0,0.0,2.522,2.499,2.52,0.0
2025-05-01 14:00:00,0.0,2.457,7.0,0.0,0.0,0.0,2.51,2.49,2.512,0.0
2025-05-01 15:00:00,0.0,2.533,7.0,0.0,0.0,0.0,2.507,2.502,2.506,0.0
2025-05-01 16:00:00,0.0,2.458,7.0,0.0,0.0,0.0,2.483,2.502,2.504,0.0
2025-05-01 17:00:00,0.0,2.419,7.0,0.0,0.0,0.0,2.47,2.49,2.501,0.0
2025-05-01 18:00:00,0.0,2.482,7.0,0.0,0.0,0.0,2.453,2.48,2.498,0.0
2025-05-01 19:00:00,0.0,2.556,7.0,0.0,0.0,0.0,2.486,2.484,2.498,0.0
2025-05-01 20:00:00,0.0,2.533,7.0,0.0,0.0,0.0,2.524,2.497,2.496,0.0
2025-05-01 21:00:00,0.0,2.5,7.0,0.0,0.0,0.0,2.53,2.491,2.5,0.0
2025-05-01 22:00:00,0.0,2.479,7.0,0.0,0.0,0.0,2.504,2.495,2.497,0.0
2025-05-01 23:00:00,0.0,2.481,7.0,0.0,0.0,0.0,2.487,2.505,2.495,0.0
2025-05-02 00:00:00,0.0,2.505,7.0,0.0,0.0,0.0,2.488,2.509,2.497,0.0
2025-05-02 01:00:00,0.0,2.447,7.0,0.0,0.0,0.0,2.478,2.491,2.494,0.0
2025-05-02 02:00:00,17.079,2.483,7.0,17.079,17.079,17.079,2.478,2.482,2.491,0.0
2025-05-02 03:00:00,0.0,2.489,7.0,17.079,17.079,17.079,2.473,2.481,2.493,0.0
2025-05-02 04:00:00,0.0,2.432,7.0,17.079,17.079,17.079,2.468,2.473,2.489,0.0
2025-05-02 05:00:00,0.0,2.458,7.0,0.0,17.079,17.079,2.46,2.469,2.485,0.0
2025-05-02 06:00:00,0.0,4.228,7.0,0.0,17.079,17.079,3.04,2.756,2.56,0.0
2025-05-02 07:00:00,0.0,4.208,7.0,0.0,17.079,17.079,3.632,3.05,2.631,0.0
2025-05-02 08:00:00,0.0,4.192,7.0,0.0,0.0,17.079,4.21,3.335,2.701,0.0
2025-05-02 09:00:00,47.181,4.162,7.0,47.181,47.181,64.26,4.188,3.614,2.772,0.0
2025-05-02 10:00:00,0.0,4.287,7.0,47.181,47.181,64.26,4.214,3.923,2.848,0.0
2025-05-02 11:00:00,0.0,4.166,7.0,47.181,47.181,64.26,4.205,4.207,2.918,0.0
2025-05-02 12:00:00,0.0,2.513,7.0,0.0,47.181,64.26,3.655,3.921,2.917,0.0
2025-05-02 13:00:00,0.0,7.194,7.0,0.0,47.181,64.26,4.624,4.419,3.111,0.194
2025-05-02 14:00:00,0.0,7.22,7.0,0.0,47.181,64.26,5.642,4.924,3.309,0.22
2025-05-02 15:00:00,0.0,7.241,7.0,0.0,0.0,64.26,7.218,5.437,3.506,0.241
2025-05-02 16:00:00,0.0,7.15,7.0,0.0,0.0,64.26,7.203,5.914,3.701,0.15
2025-05-02 17:00:00,0.0,7.218,7.0,0.0,0.0,64.26,7.203,6.422,3.901,0.218
2025-05-02 18:00:00,0.0,7.278,7.0,0.0,0.0,64.26,7.215,7.217,4.101,0.278
2025-05-02 19:00:00,0.0,2.588,7.0,0.0,0.0,64.26,5.694,6.449,4.102,0.0
2025-05-02 20:00:00,0.0,2.493,7.0,0.0,0.0,64.26,4.12,5.661,4.1,0.0
2025-05-02 21:00:00,0.0,2.502,7.0,0.0,0.0,64.26,2.528,4.871,4.101,0.0
2025-05-02 22:00:00,0.0,2.611,7.0,0.0,0.0,64.26,2.535,4.115,4.106,0.0
2025-05-02 23:00:00,26.132,2.557,7.0,26.132,26.132,90.392,2.556,3.338,4.109,0.0
2025-05-03 00:00:00,0.0,2.469,7.0,26.132,26.132,90.392,2.545,2.537,4.108,0.0
2025-05-03 01:00:00,0.0,2.469,7.0,26.132,26.132,90.392,2.498,2.517,4.109,0.0
2025-05-03 02:00:00,0.0,2.548,7.0,0.0,26.132,73.313,2.495,2.526,4.111,0.0
2025-05-03 03:00:00,0.0,5.063,7.0,0.0,26.132,73.313,3.36,2.953,4.219,0.0
2025-05-03 04:00:00,0.0,5.168,7.0,0.0,26.132,73.313,4.259,3.379,4.333,0.0
2025-05-03 05:00:00,0.0,5.13,7.0,0.0,0.0,73.313,5.12,3.808,4.444,0.0
2025-05-03 06:00:00,0.0,5.139,7.0,0.0,0.0,73.313,5.146,4.253,4.482,0.0
2025-05-03 07:00:00,0.0,5.1,7.0,0.0,0.0,73.313,5.123,4.691,4.519,0.0
2025-05-03 08:00:00,0.0,5.082,7.0,0.0,0.0,73.313,5.107,5.114,4.556,0.0
2025-05-03 09:00:00,0.0,2.573,7.0,0.0,0.0,26.132,4.252,4.699,4.49,0.0
2025-05-03 10:00:00,46.331,2.488,7.0,46.331,46.331,72.463,3.381,4.252,4.415,0.0
2025-05-03 11:00:00,0.0,2.479,7.0,46.331,46.331,72.463,2.513,3.81,4.345,0.0
2025-05-03 12:00:00,0.0,2.496,7.0,46.331,46.331,72.463,2.488,3.37,4.344,0.0
2025-05-03 13:00:00,0.0,2.51,7.0,0.0,46.331,72.463,2.495,2.938,4.149,0.0
2025-05-03 14:00:00,0.0,7.082,7.0,0.0,46.331,72.463,4.029,3.271,4.143,0.082
2025-05-03 15:00:00,0.0,7.105,7.0,0.0,46.331,72.463,5.565,4.027,4.137,0.105
2025-05-03 16:00:00,0.0,7.102,7.0,0.0,0.0,72.463,7.096,4.796,4.135,0.102
2025-05-03 17:00:00,0.0,7.175,7.0,0.0,0.0,72.463,7.127,5.578,4.134,0.175
2025-05-03 18:00:00,0.0,7.089,7.0,0.0,0.0,72.463,7.122,6.344,4.126,0.089
2025-05-03 19:00:00,0.0,7.045,7.0,0.0,0.0,72.463,7.103,7.1,4.311,0.045
2025-05-03 20:00:00,0.0,2.402,7.0,0.0,0.0,72.463,5.512,6.32,4.308,0.0
2025-05-03 21:00:00,0.0,2.426,7.0,0.0,0.0,72.463,3.958,5.54,4.304,0.0
2025-05-03 22:00:00,0.0,2.568,7.0,0.0,0.0,72.463,2.465,4.784,4.303,0.0
2025-05-03 23:00:00,0.0,2.501,7.0,0.0,0.0,46.331,2.498,4.005,4.3,0.0
2025-05-04 00:00:00,0.0,2.525,7.0,0.0,0.0,46.331,2.531,3.245,4.303,0.0
2025-05-04 01:00:00,0.0,2.527,7.0,0.0,0.0,46.331,2.518,2.491,4.305,0.0
2025-05-04 02:00:00,0.0,2.503,7.0,0.0,0.0,46.331,2.518,2.508,4.303,0.0
2025-05-04 03:00:00,0.0,2.496,7.0,0.0,0.0,46.331,2.509,2.52,4.196,0.0
2025-05-04 04:00:00,0.0,2.552,7.0,0.0,0.0,46.331,2.517,2.517,4.087,0.0
2025-05-04 05:00:00,0.0,2.507,7.0,0.0,0.0,46.331,2.519,2.518,3.978,0.0
2025-05-04 06:00:00,0.0,2.57,7.0,0.0,0.0,46.331,2.543,2.526,3.871,0.0
2025-05-04 07:00:00,0.0,2.531,7.0,0.0,0.0,46.331,2.536,2.527,3.764,0.0
2025-05-04 08:00:00,0.0,2.469,7.0,0.0,0.0,46.331,2.523,2.521,3.655,0.0
2025-05-04 09:00:00,0.0,2.475,7.0,0.0,0.0,46.331,2.492,2.517,3.651,0.0
2025-05-04 10:00:00,0.0,2.464,7.0,0.0,0.0,0.0,2.469,2.503,3.65,0.0
2025-05-04 11:00:00,16.98,2.561,7.0,16.98,16.98,16.98,2.5,2.512,3.653,0.0
2025-05-04 12:00:00,0.0,2.48,7.0,16.98,16.98,16.98,2.501,2.497,3.653,0.0
2025-05-04 13:00:00,0.0,2.46,7.0,16.98,16.98,16.98,2.5,2.485,3.651,0.0
2025-05-04 14:00:00,0.0,2.516,7.0,0.0,16.98,16.98,2.485,2.493,3.46,0.0
2025-05-04 15:00:00,0.0,4.193,7.0,0.0,16.98,16.98,3.056,2.779,3.339,0.0
2025-05-04 16:00:00,0.0,4.213,7.0,0.0,16.98,16.98,3.641,3.07,3.219,0.0
2025-05-04 17:00:00,0.0,4.292,7.0,0.0,0.0,16.98,4.233,3.359,3.099,0.0
2025-05-04 18:00:00,0.0,4.244,7.0,0.0,0.0,16.98,4.25,3.653,2.98,0.0
2025-05-04 19:00:00,0.0,4.199,7.0,0.0,0.0,16.98,4.245,3.943,2.861,0.0
2025-05-04 20:00:00,0.0,4.128,7.0,0.0,0.0,16.98,4.19,4.211,2.933,0.0
2025-05-04 21:00:00,0.0,2.475,7.0,0.0,0.0,16.98,3.601,3.925,2.935,0.0
2025-05-04 22:00:00,0.0,2.536,7.0,0.0,0.0,16.98,3.046,3.646,2.934,0.0
2025-05-04 23:00:00,0.0,2.441,7.0,0.0,0.0,16.98,2.484,3.337,2.932,0.0
2025-05-05 00:00:00,0.0,2.607,7.0,0.0,0.0,16.98,2.528,3.064,2.935,0.0
2025-05-05 01:00:00,0.0,2.501,7.0,0.0,0.0,16.98,2.516,2.781,2.934,0.0
2025-05-05 02:00:00,0.0,2.502,7.0,0.0,0.0,16.98,2.537,2.51,2.934,0.0
2025-05-05 03:00:00,6.924,2.467,7.0,6.924,6.924,23.903,2.49,2.509,2.933,0.0
2025-05-05 04:00:00,0.0,2.525,7.0,6.924,6.924,23.903,2.498,2.507,2.931,0.0
2025-05-05 05:00:00,0.0,2.442,7.0,6.924,6.924,23.903,2.478,2.507,2.929,0.0
2025-05-05 06:00:00,0.0,2.608,7.0,0.0,6.924,23.903,2.525,2.508,2.93,0.0
2025-05-05 07:00:00,0.0,3.258,7.0,0.0,6.924,23.903,2.77,2.634,2.961,0.0
2025-05-05 08:00:00,0.0,3.242,7.0,0.0,6.924,23.903,3.036,2.757,2.993,0.0
2025-05-05 09:00:00,3.598,3.123,7.0,3.598,3.598,27.501,3.208,2.866,3.02,0.0
2025-05-05 10:00:00,0.0,3.203,7.0,3.598,3.598,27.501,3.189,2.979,3.051,0.0
2025-05-05 11:00:00,0.0,3.253,7.0,3.598,3.598,10.522,3.193,3.114,3.079,0.0
2025-05-05 12:00:00,0.0,3.222,7.0,0.0,3.598,10.522,3.226,3.217,3.11,0.0
2025-05-05 13:00:00,0.0,2.81,7.0,0.0,3.598,10.522,3.095,3.142,3.125,0.0
2025-05-05 14:00:00,0.0,2.827,7.0,0.0,3.598,10.522,2.953,3.073,3.138,0.0
2025-05-05 15:00:00,0.0,2.837,7.0,0.0,0.0,10.522,2.825,3.025,3.081,0.0
2025-05-05 16:00:00,0.0,2.83,7.0,0.0,0.0,10.522,2.831,2.963,3.024,0.0
2025-05-05 17:00:00,0.0,2.936,7.0,0.0,0.0,10.522,2.868,2.91,2.967,0.0
2025-05-05 18:00:00,0.0,2.764,7.0,0.0,0.0,10.522,2.843,2.834,2.906,0.0
2025-05-05 19:00:00,0.0,2.533,7.0,0.0,0.0,10.522,2.744,2.788,2.836,0.0
2025-05-05 20:00:00,0.0,2.435,7.0,0.0,0.0,10.522,2.577,2.723,2.766,0.0
2025-05-05 21:00:00,0.0,2.452,7.0,0.0,0.0,10.522,2.473,2.658,2.765,0.0
2025-05-05 22:00:00,0.0,2.4,7.0,0.0,0.0,10.522,2.429,2.587,2.759,0.0
2025-05-05 23:00:00,0.0,2.473,7.0,0.0,0.0,10.522,2.441,2.509,2.76,0.0
2025-05-06 00:00:00,0.0,2.576,7.0,0.0,0.0,10.522,2.483,2.478,2.759,0.0
2025-05-06 01:00:00,0.0,2.513,7.0,0.0,0.0,10.522,2.52,2.475,2.76,0.0
2025-05-06 02:00:00,0.0,2.44,7.0,0.0,0.0,10.522,2.51,2.475,2.757,0.0
2025-05-06 03:00:00,0.0,2.551,7.0,0.0,0.0,3.598,2.501,2.492,2.76,0.0
2025-05-06 04:00:00,0.0,2.562,7.0,0.0,0.0,3.598,2.518,2.519,2.762,0.0
2025-05-06 05:00:00,0.0,2.505,7.0,0.0,0.0,3.598,2.539,2.524,2.765,0.0
2025-05-06 06:00:00,0.0,2.602,7.0,0.0,0.0,3.598,2.556,2.529,2.764,0.0
2025-05-06 07:00:00,0.0,2.541,7.0,0.0,0.0,3.598,2.549,2.533,2.734,0.0
2025-05-06 08:00:00,0.0,2.534,7.0,0.0,0.0,3.598,2.559,2.549,2.705,0.0
2025-05-06 09:00:00,0.0,2.46,7.0,0.0,0.0,0.0,2.512,2.534,2.677,0.0
2025-05-06 10:00:00,0.0,2.531,7.0,0.0,0.0,0.0,2.508,2.529,2.649,0.0
2025-05-06 11:00:00,0.0,2.511,7.0,0.0,0.0,0.0,2.501,2.53,2.618,0.0
2025-05-06 12:00:00,0.0,2.526,7.0,0.0,0.0,0.0,2.523,2.517,2.589,0.0
2025-05-06 13:00:00,0.0,2.466,7.0,0.0,0.0,0.0,2.501,2.505,2.575,0.0
2025-05-06 14:00:00,0.0,2.506,7.0,0.0,0.0,0.0,2.499,2.5,2.562,0.0
2025-05-06 15:00:00,0.0,2.459,7.0,0.0,0.0,0.0,2.477,2.5,2.546,0.0
2025-05-06 16:00:00,0.0,2.393,7.0,0.0,0.0,0.0,2.453,2.477,2.528,0.0
2025-05-06 17:00:00,0.0,2.55,7.0,0.0,0.0,0.0,2.467,2.483,2.512,0.0
2025-05-06 18:00:00,0.0,2.425,7.0,0.0,0.0,0.0,2.456,2.466,2.498,0.0
2025-05-06 19:00:00,0.0,2.505,7.0,0.0,0.0,0.0,2.493,2.473,2.496,0.0
2025-05-06 20:00:00,0.0,2.517,7.0,0.0,0.0,0.0,2.482,2.475,2.5,0.0
2025-05-06 21:00:00,0.0,2.516,7.0,0.0,0.0,0.0,2.513,2.484,2.503,0.0
2025-05-06 22:00:00,0.0,2.486,7.0,0.0,0.0,0.0,2.506,2.5,2.506,0.0
2025-05-06 23:00:00,0.0,2.514,7.0,0.0,0.0,0.0,2.505,2.494,2.508,0.0
2025-05-07 00:00:00,0.0,2.524,7.0,0.0,0.0,0.0,2.508,2.51,2.506,0.0
2025-05-07 01:00:00,0.0,2.537,7.0,0.0,0.0,0.0,2.525,2.515,2.507,0.0
2025-05-07 02:00:00,0.0,2.587,7.0,0.0,0.0,0.0,2.549,2.527,2.513,0.0
2025-05-07 03:00:00,0.0,2.512,7.0,0.0,0.0,0.0,2.545,2.526,2.511,0.0
2025-05-07 04:00:00,0.0,2.503,7.0,0.0,0.0,0.0,2.534,2.529,2.509,0.0
2025-05-07 05:00:00,0.0,2.455,7.0,0.0,0.0,0.0,2.49,2.519,2.507,0.0
2025-05-07 06:00:00,0.0,2.522,7.0,0.0,0.0,0.0,2.493,2.519,2.503,0.0
2025-05-07 07:00:00,0.0,2.533,7.0,0.0,0.0,0.0,2.503,2.519,2.503,0.0
2025-05-07 08:00:00,0.0,2.49,7.0,0.0,0.0,0.0,2.515,2.503,2.501,0.0
2025-05-07 09:00:00,0.0,2.527,7.0,0.0,0.0,0.0,2.517,2.505,2.504,0.0
2025-05-07 10:00:00,0.0,2.485,7.0,0.0,0.0,0.0,2.501,2.502,2.502,0.0
2025-05-07 11:00:00,0.0,2.534,7.0,0.0,0.0,0.0,2.515,2.515,2.503,0.0
2025-05-07 12:00:00,0.0,2.546,7.0,0.0,0.0,0.0,2.522,2.519,2.504,0.0
2025-05-07 13:00:00,12.956,2.545,7.0,12.956,12.956,12.956,2.541,2.521,2.507,0.0
2025-05-07 14:00:00,0.0,2.506,7.0,12.956,12.956,12.956,2.532,2.524,2.507,0.0
2025-05-07 15:00:00,0.0,2.448,7.0,12.956,12.956,12.956,2.5,2.511,2.507,0.0
2025-05-07 16:00:00,0.0,2.469,7.0,0.0,12.956,12.956,2.474,2.508,2.51,0.0
2025-05-07 17:00:00,9.039,3.825,7.0,9.039,21.995,21.995,2.914,2.723,2.563,0.0
2025-05-07 18:00:00,0.0,3.918,7.0,9.039,21.995,21.995,3.404,2.952,2.625,0.0
2025-05-07 19:00:00,0.0,3.779,7.0,9.039,9.039,21.995,3.841,3.158,2.678,0.0
2025-05-07 20:00:00,0.0,3.818,7.0,0.0,9.039,21.995,3.838,3.376,2.732,0.0
2025-05-07 21:00:00,0.0,4.672,7.0,0.0,9.039,21.995,4.09,3.747,2.822,0.0
2025-05-07 22:00:00,0.0,4.651,7.0,0.0,9.039,21.995,4.38,4.11,2.912,0.0
2025-05-07 23:00:00,0.0,3.37,7.0,0.0,0.0,21.995,4.231,4.035,2.948,0.0
2025-05-08 00:00:00,0.0,3.3,7.0,0.0,0.0,21.995,3.774,3.932,2.98,0.0
2025-05-08 01:00:00,0.0,3.472,7.0,0.0,0.0,21.995,3.381,3.88,3.019,0.0
2025-05-08 02:00:00,0.0,3.292,7.0,0.0,0.0,21.995,3.355,3.793,3.049,0.0
2025-05-08 03:00:00,0.0,2.487,7.0,0.0,0.0,21.995,3.084,3.429,3.048,0.0
2025-05-08 04:00:00,0.0,2.441,7.0,0.0,0.0,21.995,2.74,3.06,3.045,0.0
2025-05-08 05:00:00,0.0,2.456,7.0,0.0,0.0,21.995,2.461,2.908,3.045,0.0
2025-05-08 06:00:00,0.0,2.569,7.0,0.0,0.0,21.995,2.489,2.786,3.047,0.0
2025-05-08 07:00:00,14.495,2.51,7.0,14.495,14.495,36.49,2.512,2.626,3.046,0.0
2025-05-08 08:00:00,0.0,2.452,7.0,14.495,14.495,36.49,2.51,2.486,3.045,0.0
2025-05-08 09:00:00,0.0,2.471,7.0,14.495,14.495,36.49,2.477,2.483,3.042,0.0
2025-05-08 10:00:00,0.0,2.462,7.0,0.0,14.495,36.49,2.461,2.486,3.041,0.0
2025-05-08 11:00:00,7.408,3.947,7.0,7.408,21.903,43.898,2.96,2.735,3.1,0.0
2025-05-08 12:00:00,0.0,3.958,7.0,7.408,21.903,43.898,3.456,2.967,3.159,0.0
2025-05-08 13:00:00,0.0,4.044,7.0,7.408,7.408,30.942,3.983,3.222,3.222,0.0
2025-05-08 14:00:00,0.0,3.854,7.0,0.0,7.408,30.942,3.952,3.456,3.278,0.0
2025-05-08 15:00:00,0.0,4.689,7.0,0.0,7.408,30.942,4.195,3.826,3.371,0.0
2025-05-08 16:00:00,0.0,4.675,7.0,0.0,7.408,30.942,4.406,4.194,3.463,0.0
2025-05-08 17:00:00,0.0,3.288,7.0,0.0,0.0,21.903,4.217,4.085,3.441,0.0
2025-05-08 18:00:00,0.0,3.259,7.0,0.0,0.0,21.903,3.74,3.968,3.413,0.0
2025-05-08 19:00:00,54.963,3.27,7.0,54.963,54.963,76.866,3.272,3.839,3.392,0.0
2025-05-08 20:00:00,0.0,3.258,7.0,54.963,54.963,76.866,3.262,3.74,3.369,0.0
2025-05-08 21:00:00,0.0,2.453,7.0,54.963,54.963,76.866,2.994,3.367,3.276,0.0
2025-05-08 22:00:00,0.0,2.561,7.0,0.0,54.963,76.866,2.757,3.015,3.189,0.0
2025-05-08 23:00:00,0.0,8.036,7.0,0.0,54.963,76.866,4.35,3.806,3.383,1.036
2025-05-09 00:00:00,0.0,8.042,7.0,0.0,54.963,76.866,6.213,4.603,3.581,1.042
2025-05-09 01:00:00,0.0,8.06,7.0,0.0,0.0,76.866,8.046,5.402,3.772,1.06
2025-05-09 02:00:00,0.0,8.017,7.0,0.0,0.0,76.866,8.04,6.195,3.969,1.017
2025-05-09 03:00:00,0.0,8.07,7.0,0.0,0.0,76.866,8.049,7.131,4.202,1.07
2025-05-09 04:00:00,0.0,8.015,7.0,0.0,0.0,76.866,8.034,8.04,4.434,1.015
2025-05-09 05:00:00,0.0,2.489,7.0,0.0,0.0,76.866,6.192,7.116,4.435,0.0
2025-05-09 06:00:00,0.0,2.5,7.0,0.0,0.0,76.866,4.335,6.192,4.432,0.0
2025-05-09 07:00:00,0.0,2.499,7.0,0.0,0.0,62.372,2.496,5.265,4.432,0.0
2025-05-09 08:00:00,0.0,2.474,7.0,0.0,0.0,62.372,2.491,4.341,4.433,0.0
2025-05-09 09:00:00,0.0,2.582,7.0,0.0,0.0,62.372,2.518,3.426,4.438,0.0
2025-05-09 10:00:00,0.0,2.515,7.0,0.0,0.0,62.372,2.523,2.51,4.44,0.0
2025-05-09 11:00:00,0.0,2.505,7.0,0.0,0.0,54.963,2.534,2.512,4.38,0.0
2025-05-09 12:00:00,0.0,2.519,7.0,0.0,0.0,54.963,2.513,2.516,4.32,0.0
2025-05-09 13:00:00,0.0,2.649,7.0,0.0,0.0,54.963,2.558,2.541,4.262,0.0
2025-05-09 14:00:00,0.0,2.443,7.0,0.0,0.0,54.963,2.537,2.535,4.203,0.0
2025-05-09 15:00:00,0.0,2.458,7.0,0.0,0.0,54.963,2.517,2.515,4.11,0.0
2025-05-09 16:00:00,0.0,2.431,7.0,0.0,0.0,54.963,2.444,2.501,4.016,0.0
2025-05-09 17:00:00,0.0,2.488,7.0,0.0,0.0,54.963,2.459,2.498,3.983,0.0
2025-05-09 18:00:00,0.0,2.512,7.0,0.0,0.0,54.963,2.477,2.497,3.952,0.0
2025-05-09 19:00:00,44.019,2.477,7.0,44.019,44.019,44.019,2.492,2.468,3.919,0.0
2025-05-09 20:00:00,0.0,2.473,7.0,44.019,44.019,44.019,2.487,2.473,3.886,0.0
2025-05-09 21:00:00,0.0,2.507,7.0,44.019,44.019,44.019,2.486,2.481,3.888,0.0
2025-05-09 22:00:00,0.0,2.475,7.0,0.0,44.019,44.019,2.485,2.489,3.885,0.0
2025-05-09 23:00:00,0.0,6.917,7.0,0.0,44.019,44.019,3.966,3.227,3.838,0.0
2025-05-10 00:00:00,15.185,6.958,7.0,15.185,59.204,59.204,5.45,3.968,3.793,0.0
2025-05-10 01:00:00,0.0,6.936,7.0,15.185,15.185,59.204,6.937,4.711,3.746,0.0
2025-05-10 02:00:00,0.0,6.946,7.0,15.185,15.185,59.204,6.946,5.456,3.702,0.0
2025-05-10 03:00:00,0.0,6.956,7.0,0.0,15.185,59.204,6.946,6.198,3.655,0.0
2025-05-10 04:00:00,0.0,8.435,7.0,0.0,15.185,59.204,7.446,7.191,3.673,1.435
2025-05-10 05:00:00,0.0,4.011,7.0,0.0,15.185,59.204,6.467,6.707,3.736,0.0
2025-05-10 06:00:00,0.0,3.98,7.0,0.0,0.0,59.204,5.475,6.21,3.798,0.0
2025-05-10 07:00:00,0.0,3.999,7.0,0.0,0.0,59.204,3.996,5.721,3.86,0.0
2025-05-10 08:00:00,0.0,3.992,7.0,0.0,0.0,59.204,3.99,5.229,3.923,0.0
2025-05-10 09:00:00,0.0,4.055,7.0,0.0,0.0,59.204,4.015,4.745,3.985,0.0
2025-05-10 10:00:00,0.0,2.517,7.0,0.0,0.0,59.204,3.522,3.759,3.985,0.0
2025-05-10 11:00:00,0.0,2.535,7.0,0.0,0.0,59.204,3.036,3.513,3.986,0.0
2025-05-10 12:00:00,0.0,2.442,7.0,0.0,0.0,59.204,2.498,3.257,3.983,0.0
2025-05-10 13:00:00,0.0,2.572,7.0,0.0,0.0,59.204,2.516,3.019,3.98,0.0
2025-05-10 14:00:00,0.0,2.479,7.0,0.0,0.0,59.204,2.497,2.767,3.981,0.0
2025-05-10 15:00:00,0.0,2.445,7.0,0.0,0.0,59.204,2.498,2.498,3.981,0.0
2025-05-10 16:00:00,0.0,2.478,7.0,0.0,0.0,59.204,2.467,2.492,3.983,0.0
2025-05-10 17:00:00,0.0,2.624,7.0,0.0,0.0,59.204,2.516,2.507,3.988,0.0
2025-05-10 18:00:00,0.0,2.481,7.0,0.0,0.0,59.204,2.528,2.513,3.987,0.0
2025-05-10 19:00:00,0.0,2.484,7.0,0.0,0.0,15.185,2.53,2.498,3.987,0.0
2025-05-10 20:00:00,0.0,2.49,7.0,0.0,0.0,15.185,2.485,2.5,3.988,0.0
2025-05-10 21:00:00,0.0,2.493,7.0,0.0,0.0,15.185,2.489,2.508,3.987,0.0
2025-05-10 22:00:00,0.0,2.461,7.0,0.0,0.0,15.185,2.481,2.505,3.987,0.0
2025-05-10 23:00:00,0.0,2.507,7.0,0.0,0.0,15.185,2.487,2.486,3.803,0.0
2025-05-11 00:00:00,0.0,2.554,7.0,0.0,0.0,0.0,2.507,2.498,3.62,0.0
2025-05-11 01:00:00,0.0,2.516,7.0,0.0,0.0,0.0,2.526,2.503,3.435,0.0
2025-05-11 02:00:00,0.0,2.444,7.0,0.0,0.0,0.0,2.505,2.496,3.248,0.0
2025-05-11 03:00:00,0.0,2.483,7.0,0.0,0.0,0.0,2.481,2.494,3.061,0.0
2025-05-11 04:00:00,0.0,2.472,7.0,0.0,0.0,0.0,2.467,2.496,2.813,0.0
2025-05-11 05:00:00,0.0,2.503,7.0,0.0,0.0,0.0,2.486,2.495,2.75,0.0
2025-05-11 06:00:00,0.0,2.567,7.0,0.0,0.0,0.0,2.514,2.497,2.691,0.0
2025-05-11 07:00:00,0.0,2.493,7.0,0.0,0.0,0.0,2.521,2.494,2.629,0.0
2025-05-11 08:00:00,16.437,2.496,7.0,16.437,16.437,16.437,2.518,2.502,2.566,0.0
2025-05-11 09:00:00,0.0,2.589,7.0,16.437,16.437,16.437,2.526,2.52,2.505,0.0
2025-05-11 10:00:00,0.0,2.544,7.0,16.437,16.437,16.437,2.543,2.532,2.506,0.0
2025-05-11 11:00:00,0.0,2.529,7.0,0.0,16.437,16.437,2.554,2.536,2.506,0.0
2025-05-11 12:00:00,0.0,4.242,7.0,0.0,16.437,16.437,3.105,2.815,2.581,0.0
2025-05-11 13:00:00,0.0,4.168,7.0,0.0,16.437,16.437,3.646,3.094,2.647,0.0
2025-05-11 14:00:00,0.0,4.044,7.0,0.0,0.0,16.437,4.151,3.353,2.713,0.0
2025-05-11 15:00:00,0.0,4.185,7.0,0.0,0.0,16.437,4.133,3.619,2.785,0.0
2025-05-11 16:00:00,0.0,4.064,7.0,0.0,0.0,16.437,4.098,3.872,2.851,0.0
2025-05-11 17:00:00,0.0,4.166,7.0,0.0,0.0,16.437,4.139,4.145,2.916,0.0
2025-05-11 18:00:00,0.0,2.414,7.0,0.0,0.0,16.437,3.548,3.84,2.913,0.0
2025-05-11 19:00:00,0.0,2.477,7.0,0.0,0.0,16.437,3.019,3.559,2.912,0.0
2025-05-11 20:00:00,0.0,2.482,7.0,0.0,0.0,16.437,2.458,3.298,2.912,0.0
2025-05-11 21:00:00,0.0,2.461,7.0,0.0,0.0,16.437,2.473,3.011,2.911,0.0
2025-05-11 22:00:00,0.0,2.483,7.0,0.0,0.0,16.437,2.475,2.747,2.912,0.0
2025-05-11 23:00:00,0.0,2.552,7.0,0.0,0.0,16.437,2.499,2.478,2.914,0.0
2025-05-12 00:00:00,0.0,2.464,7.0,0.0,0.0,16.437,2.499,2.486,2.91,0.0
2025-05-12 01:00:00,0.0,2.527,7.0,0.0,0.0,16.437,2.514,2.495,2.91,0.0
2025-05-12 02:00:00,0.0,2.452,7.0,0.0,0.0,16.437,2.481,2.49,2.911,0.0
2025-05-12 03:00:00,0.0,2.491,7.0,0.0,0.0,16.437,2.49,2.495,2.911,0.0
2025-05-12 04:00:00,0.0,2.516,7.0,0.0,0.0,16.437,2.486,2.5,2.913,0.0
2025-05-12 05:00:00,0.0,2.45,7.0,0.0,0.0,16.437,2.486,2.483,2.911,0.0
2025-05-12 06:00:00,0.0,2.434,7.0,0.0,0.0,16.437,2.467,2.478,2.905,0.0
2025-05-12 07:00:00,0.0,2.525,7.0,0.0,0.0,16.437,2.47,2.478,2.906,0.0
2025-05-12 08:00:00,0.0,2.556,7.0,0.0,0.0,0.0,2.505,2.495,2.909,0.0
2025-05-12 09:00:00,0.0,2.496,7.0,0.0,0.0,0.0,2.526,2.496,2.905,0.0
2025-05-12 10:00:00,0.0,2.477,7.0,0.0,0.0,0.0,2.51,2.49,2.902,0.0
2025-05-12 11:00:00,0.0,2.508,7.0,0.0,0.0,0.0,2.494,2.499,2.901,0.0
2025-05-12 12:00:00,0.0,2.503,7.0,0.0,0.0,0.0,2.496,2.511,2.829,0.0
2025-05-12 13:00:00,0.0,2.512,7.0,0.0,0.0,0.0,2.508,2.509,2.76,0.0
2025-05-12 14:00:00,0.0,2.374,7.0,0.0,0.0,0.0,2.463,2.478,2.69,0.0
2025-05-12 15:00:00,0.0,2.447,7.0,0.0,0.0,0.0,2.444,2.47,2.618,0.0
2025-05-12 16:00:00,0.0,2.458,7.0,0.0,0.0,0.0,2.426,2.467,2.551,0.0
2025-05-12 17:00:00,0.0,2.508,7.0,0.0,0.0,0.0,2.471,2.467,2.482,0.0
2025-05-12 18:00:00,0.0,2.509,7.0,0.0,0.0,0.0,2.492,2.468,2.486,0.0
2025-05-12 19:00:00,0.0,2.532,7.0,0.0,0.0,0.0,2.516,2.471,2.488,0.0
2025-05-12 20:00:00,0.0,2.513,7.0,0.0,0.0,0.0,2.518,2.494,2.489,0.0
2025-05-12 21:00:00,0.0,2.435,7.0,0.0,0.0,0.0,2.493,2.492,2.488,0.0
2025-05-12 22:00:00,0.0,2.572,7.0,0.0,0.0,0.0,2.507,2.511,2.492,0.0
2025-05-12 23:00:00,0.0,2.564,7.0,0.0,0.0,0.0,2.524,2.521,2.493,0.0
2025-05-13 00:00:00,0.0,2.437,7.0,0.0,0.0,0.0,2.524,2.509,2.491,0.0
2025-05-13 01:00:00,0.0,2.517,7.0,0.0,0.0,0.0,2.506,2.506,2.491,0.0
2025-05-13 02:00:00,0.0,2.47,7.0,0.0,0.0,0.0,2.475,2.499,2.492,0.0
2025-05-13 03:00:00,0.0,2.507,7.0,0.0,0.0,0.0,2.498,2.511,2.492,0.0
2025-05-13 04:00:00,0.0,2.553,7.0,0.0,0.0,0.0,2.51,2.508,2.494,0.0
2025-05-13 05:00:00,0.0,2.607,7.0,0.0,0.0,0.0,2.555,2.515,2.5,0.0
2025-05-13 06:00:00,0.0,2.538,7.0,0.0,0.0,0.0,2.566,2.532,2.505,0.0
2025-05-13 07:00:00,0.0,2.515,7.0,0.0,0.0,0.0,2.553,2.531,2.504,0.0
2025-05-13 08:00:00,0.0,2.483,7.0,0.0,0.0,0.0,2.512,2.534,2.501,0.0
2025-05-13 09:00:00,0.0,2.509,7.0,0.0,0.0,0.0,2.502,2.534,2.502,0.0
2025-05-13 10:00:00,0.0,2.568,7.0,0.0,0.0,0.0,2.52,2.536,2.506,0.0
2025-05-13 11:00:00,0.0,2.498,7.0,0.0,0.0,0.0,2.525,2.518,2.505,0.0
2025-05-13 12:00:00,0.0,2.456,7.0,0.0,0.0,0.0,2.507,2.505,2.503,0.0
2025-05-13 13:00:00,0.0,2.419,7.0,0.0,0.0,0.0,2.457,2.489,2.499,0.0
2025-05-13 14:00:00,0.0,2.526,7.0,0.0,0.0,0.0,2.467,2.496,2.506,0.0
2025-05-13 15:00:00,0.0,2.512,7.0,0.0,0.0,0.0,2.486,2.496,2.508,0.0
2025-05-13 16:00:00,0.0,2.468,7.0,0.0,0.0,0.0,2.502,2.48,2.509,0.0
2025-05-13 17:00:00,0.0,2.551,7.0,0.0,0.0,0.0,2.51,2.489,2.511,0.0
2025-05-13 18:00:00,0.0,2.479,7.0,0.0,0.0,0.0,2.499,2.492,2.509,0.0
2025-05-13 19:00:00,0.0,2.493,7.0,0.0,0.0,0.0,2.508,2.505,2.508,0.0
2025-05-13 20:00:00,0.0,2.499,7.0,0.0,0.0,0.0,2.49,2.5,2.507,0.0
2025-05-13 21:00:00,0.0,2.482,7.0,0.0,0.0,0.0,2.492,2.495,2.509,0.0
2025-05-13 22:00:00,0.0,2.512,7.0,0.0,0.0,0.0,2.498,2.503,2.507,0.0
2025-05-13 23:00:00,0.0,2.558,7.0,0.0,0.0,0.0,2.517,2.504,2.506,0.0
2025-05-14 00:00:00,1.011,2.443,7.0,1.011,1.011,1.011,2.504,2.498,2.507,0.0
2025-05-14 01:00:00,0.0,2.524,7.0,1.011,1.011,1.011,2.508,2.503,2.507,0.0
2025-05-14 02:00:00,0.0,2.509,7.0,1.011,1.011,1.011,2.492,2.505,2.509,0.0
2025-05-14 03:00:00,0.0,2.508,7.0,0.0,1.011,1.011,2.514,2.509,2.509,0.0
2025-05-14 04:00:00,0.0,2.645,7.0,0.0,1.011,1.011,2.554,2.531,2.512,0.0
2025-05-14 05:00:00,0.0,2.604,7.0,0.0,1.011,1.011,2.585,2.539,2.512,0.0
2025-05-14 06:00:00,0.0,2.625,7.0,0.0,0.0,1.011,2.624,2.569,2.516,0.0
2025-05-14 07:00:00,0.0,2.637,7.0,0.0,0.0,1.011,2.622,2.588,2.521,0.0
2025-05-14 08:00:00,0.0,2.576,7.0,0.0,0.0,1.011,2.613,2.599,2.525,0.0
2025-05-14 09:00:00,0.0,2.616,7.0,0.0,0.0,1.011,2.61,2.617,2.529,0.0
2025-05-14 10:00:00,0.0,2.487,7.0,0.0,0.0,1.011,2.56,2.591,2.526,0.0
2025-05-14 11:00:00,0.0,2.493,7.0,0.0,0.0,1.011,2.532,2.572,2.526,0.0
2025-05-14 12:00:00,0.0,2.484,7.0,0.0,0.0,1.011,2.488,2.549,2.527,0.0
2025-05-14 13:00:00,0.0,2.524,7.0,0.0,0.0,1.011,2.5,2.53,2.531,0.0
2025-05-14 14:00:00,0.0,2.504,7.0,0.0,0.0,1.011,2.504,2.518,2.531,0.0
2025-05-14 15:00:00,0.0,2.52,7.0,0.0,0.0,1.011,2.516,2.502,2.531,0.0
2025-05-14 16:00:00,0.0,2.499,7.0,0.0,0.0,1.011,2.508,2.504,2.532,0.0
2025-05-14 17:00:00,0.0,2.42,7.0,0.0,0.0,1.011,2.48,2.492,2.527,0.0
2025-05-14 18:00:00,0.0,2.502,7.0,0.0,0.0,1.011,2.473,2.495,2.528,0.0
2025-05-14 19:00:00,0.0,2.503,7.0,0.0,0.0,1.011,2.475,2.491,2.528,0.0
2025-05-14 20:00:00,0.0,2.512,7.0,0.0,0.0,1.011,2.506,2.493,2.529,0.0
2025-05-14 21:00:00,0.0,2.47,7.0,0.0,0.0,1.011,2.495,2.484,2.528,0.0
2025-05-14 22:00:00,0.0,2.44,7.0,0.0,0.0,1.011,2.474,2.475,2.525,0.0
2025-05-14 23:00:00,0.0,2.531,7.0,0.0,0.0,1.011,2.481,2.493,2.524,0.0
2025-05-15 00:00:00,0.0,2.486,7.0,0.0,0.0,0.0,2.486,2.491,2.526,0.0
2025-05-15 01:00:00,0.0,2.509,7.0,0.0,0.0,0.0,2.509,2.491,2.525,0.0
2025-05-15 02:00:00,0.0,2.486,7.0,0.0,0.0,0.0,2.494,2.487,2.524,0.0
2025-05-15 03:00:00,0.0,2.5,7.0,0.0,0.0,0.0,2.498,2.492,2.524,0.0
2025-05-15 04:00:00,0.0,2.478,7.0,0.0,0.0,0.0,2.488,2.498,2.517,0.0
2025-05-15 05:00:00,0.0,2.452,7.0,0.0,0.0,0.0,2.476,2.485,2.511,0.0
2025-05-15 06:00:00,0.0,2.524,7.0,0.0,0.0,0.0,2.484,2.491,2.506,0.0
2025-05-15 07:00:00,0.0,2.47,7.0,0.0,0.0,0.0,2.482,2.485,2.499,0.0
2025-05-15 08:00:00,0.0,2.508,7.0,0.0,0.0,0.0,2.501,2.488,2.497,0.0
2025-05-15 09:00:00,0.0,2.521,7.0,0.0,0.0,0.0,2.5,2.492,2.493,0.0
2025-05-15 10:00:00,0.0,2.471,7.0,0.0,0.0,0.0,2.5,2.491,2.492,0.0
2025-05-15 11:00:00,0.0,2.44,7.0,0.0,0.0,0.0,2.477,2.489,2.49,0.0
2025-05-15 12:00:00,0.0,2.621,7.0,0.0,0.0,0.0,2.511,2.505,2.495,0.0
2025-05-15 13:00:00,0.0,2.474,7.0,0.0,0.0,0.0,2.512,2.506,2.493,0.0
2025-05-15 14:00:00,0.0,2.531,7.0,0.0,0.0,0.0,2.542,2.51,2.494,0.0
2025-05-15 15:00:00,0.0,2.597,7.0,0.0,0.0,0.0,2.534,2.522,2.498,0.0
2025-05-15 16:00:00,0.0,2.539,7.0,0.0,0.0,0.0,2.556,2.534,2.499,0.0
2025-05-15 17:00:00,0.0,2.485,7.0,0.0,0.0,0.0,2.54,2.541,2.502,0.0
2025-05-15 18:00:00,0.0,2.497,7.0,0.0,0.0,0.0,2.507,2.52,2.502,0.0
2025-05-15 19:00:00,0.0,2.458,7.0,0.0,0.0,0.0,2.48,2.518,2.5,0.0
2025-05-15 20:00:00,0.0,2.544,7.0,0.0,0.0,0.0,2.5,2.52,2.501,0.0
2025-05-15 21:00:00,7.344,2.528,7.0,7.344,7.344,7.344,2.51,2.509,2.504,0.0
2025-05-15 22:00:00,0.0,2.474,7.0,7.344,7.344,7.344,2.516,2.498,2.505,0.0
2025-05-15 23:00:00,0.0,2.448,7.0,7.344,7.344,7.344,2.483,2.492,2.502,0.0
2025-05-16 00:00:00,0.0,2.434,7.0,0.0,7.344,7.344,2.452,2.481,2.499,0.0
2025-05-16 01:00:00,0.0,3.284,7.0,0.0,7.344,7.344,2.722,2.619,2.532,0.0
2025-05-16 02:00:00,0.0,3.24,7.0,0.0,7.344,7.344,2.986,2.735,2.563,0.0
2025-05-16 03:00:00,0.0,3.245,7.0,0.0,0.0,7.344,3.256,2.854,2.594,0.0
2025-05-16 04:00:00,0.0,3.193,7.0,0.0,0.0,7.344,3.226,2.974,2.624,0.0
2025-05-16 05:00:00,0.0,3.161,7.0,0.0,0.0,7.344,3.2,3.093,2.654,0.0
2025-05-16 06:00:00,0.0,3.283,7.0,0.0,0.0,7.344,3.212,3.234,2.685,0.0
2025-05-16 07:00:00,0.0,2.502,7.0,0.0,0.0,7.344,2.982,3.104,2.687,0.0
2025-05-16 08:00:00,0.0,2.545,7.0,0.0,0.0,7.344,2.777,2.988,2.688,0.0
2025-05-16 09:00:00,0.0,2.481,7.0,0.0,0.0,7.344,2.509,2.861,2.686,0.0
2025-05-16 10:00:00,0.0,2.488,7.0,0.0,0.0,7.344,2.505,2.743,2.687,0.0
2025-05-16 11:00:00,0.0,2.536,7.0,0.0,0.0,7.344,2.502,2.639,2.691,0.0
2025-05-16 12:00:00,0.0,2.537,7.0,0.0,0.0,7.344,2.52,2.515,2.688,0.0
2025-05-16 13:00:00,0.0,2.54,7.0,0.0,0.0,7.344,2.537,2.521,2.69,0.0
2025-05-16 14:00:00,0.0,2.485,7.0,0.0,0.0,7.344,2.521,2.511,2.689,0.0
2025-05-16 15:00:00,0.0,2.531,7.0,0.0,0.0,7.344,2.519,2.519,2.686,0.0
2025-05-16 16:00:00,0.0,2.555,7.0,0.0,0.0,7.344,2.524,2.531,2.686,0.0
2025-05-16 17:00:00,0.0,2.495,7.0,0.0,0.0,7.344,2.527,2.524,2.687,0.0
2025-05-16 18:00:00,0.0,2.474,7.0,0.0,0.0,7.344,2.508,2.513,2.686,0.0
2025-05-16 19:00:00,0.0,2.567,7.0,0.0,0.0,7.344,2.512,2.518,2.69,0.0
2025-05-16 20:00:00,0.0,2.467,7.0,0.0,0.0,7.344,2.503,2.515,2.687,0.0
2025-05-16 21:00:00,0.0,2.531,7.0,0.0,0.0,0.0,2.522,2.515,2.687,0.0
2025-05-16 22:00:00,0.0,2.497,7.0,0.0,0.0,0.0,2.499,2.505,2.688,0.0
2025-05-16 23:00:00,0.0,2.408,7.0,0.0,0.0,0.0,2.479,2.491,2.687,0.0
2025-05-17 00:00:00,0.0,2.556,7.0,0.0,0.0,0.0,2.487,2.505,2.692,0.0
2025-05-17 01:00:00,0.0,2.362,7.0,0.0,0.0,0.0,2.442,2.47,2.653,0.0
2025-05-17 02:00:00,0.0,2.401,7.0,0.0,0.0,0.0,2.44,2.459,2.618,0.0
2025-05-17 03:00:00,0.0,2.526,7.0,0.0,0.0,0.0,2.43,2.458,2.588,0.0
2025-05-17 04:00:00,0.0,2.526,7.0,0.0,0.0,0.0,2.485,2.463,2.561,0.0
2025-05-17 05:00:00,0.0,2.468,7.0,0.0,0.0,0.0,2.507,2.473,2.532,0.0
2025-05-17 06:00:00,0.0,2.507,7.0,0.0,0.0,0.0,2.501,2.465,2.499,0.0
2025-05-17 07:00:00,0.0,2.373,7.0,0.0,0.0,0.0,2.45,2.467,2.494,0.0
2025-05-17 08:00:00,0.0,2.535,7.0,0.0,0.0,0.0,2.472,2.49,2.494,0.0
2025-05-17 09:00:00,0.0,2.512,7.0,0.0,0.0,0.0,2.474,2.487,2.495,0.0
2025-05-17 10:00:00,0.0,2.498,7.0,0.0,0.0,0.0,2.515,2.482,2.495,0.0
2025-05-17 11:00:00,0.0,2.501,7.0,0.0,0.0,0.0,2.504,2.488,2.494,0.0
2025-05-17 12:00:00,0.0,2.525,7.0,0.0,0.0,0.0,2.508,2.491,2.493,0.0
2025-05-17 13:00:00,0.0,2.499,7.0,0.0,0.0,0.0,2.508,2.512,2.492,0.0
2025-05-17 14:00:00,0.0,2.406,7.0,0.0,0.0,0.0,2.477,2.49,2.488,0.0
2025-05-17 15:00:00,0.0,2.61,7.0,0.0,0.0,0.0,2.505,2.506,2.492,0.0
2025-05-17 16:00:00,0.0,2.56,7.0,0.0,0.0,0.0,2.525,2.517,2.492,0.0
2025-05-17 17:00:00,0.0,2.436,7.0,0.0,0.0,0.0,2.535,2.506,2.489,0.0
2025-05-17 18:00:00,0.0,2.483,7.0,0.0,0.0,0.0,2.493,2.499,2.49,0.0
2025-05-17 19:00:00,0.0,2.488,7.0,0.0,0.0,0.0,2.469,2.497,2.487,0.0
2025-05-17 20:00:00,0.0,2.554,7.0,0.0,0.0,0.0,2.508,2.522,2.49,0.0
2025-05-17 21:00:00,0.0,2.392,7.0,0.0,0.0,0.0,2.478,2.485,2.484,0.0
2025-05-17 22:00:00,0.0,2.475,7.0,0.0,0.0,0.0,2.474,2.471,2.483,0.0
2025-05-17 23:00:00,0.0,2.412,7.0,0.0,0.0,0.0,2.426,2.467,2.484,0.0
2025-05-18 00:00:00,0.0,2.486,7.0,0.0,0.0,0.0,2.458,2.468,2.481,0.0
2025-05-18 01:00:00,0.0,2.476,7.0,0.0,0.0,0.0,2.458,2.466,2.485,0.0
2025-05-18 02:00:00,0.0,2.504,7.0,0.0,0.0,0.0,2.489,2.458,2.49,0.0
2025-05-18 03:00:00,0.0,2.47,7.0,0.0,0.0,0.0,2.483,2.47,2.487,0.0
2025-05-18 04:00:00,0.0,2.462,7.0,0.0,0.0,0.0,2.479,2.468,2.485,0.0
2025-05-18 05:00:00,0.0,2.531,7.0,0.0,0.0,0.0,2.488,2.488,2.487,0.0
2025-05-18 06:00:00,27.688,2.523,7.0,27.688,27.688,27.688,2.505,2.494,2.488,0.0
2025-05-18 07:00:00,0.0,2.528,7.0,27.688,27.688,27.688,2.527,2.503,2.494,0.0
2025-05-18 08:00:00,0.0,2.491,7.0,27.688,27.688,27.688,2.514,2.501,2.493,0.0
2025-05-18 09:00:00,0.0,2.471,7.0,0.0,27.688,27.688,2.497,2.501,2.491,0.0
2025-05-18 10:00:00,0.0,5.263,7.0,0.0,27.688,27.688,3.408,2.968,2.606,0.0
2025-05-18 11:00:00,0.0,5.294,7.0,0.0,27.688,27.688,4.343,3.428,2.722,0.0
2025-05-18 12:00:00,0.0,5.16,7.0,0.0,0.0,27.688,5.239,3.868,2.832,0.0
2025-05-18 13:00:00,31.5,5.289,7.0,31.5,31.5,59.188,5.247,4.328,2.948,0.0
2025-05-18 14:00:00,0.0,5.284,7.0,31.5,31.5,59.188,5.244,4.793,3.068,0.0
2025-05-18 15:00:00,0.0,5.272,7.0,31.5,31.5,59.188,5.282,5.26,3.179,0.0
2025-05-18 16:00:00,0.0,2.493,7.0,0.0,31.5,59.188,4.35,4.799,3.176,0.0
2025-05-18 17:00:00,0.0,5.522,7.0,0.0,31.5,59.188,4.429,4.836,3.305,0.0
2025-05-18 18:00:00,0.0,5.628,7.0,0.0,31.5,59.188,4.547,4.914,3.436,0.0
2025-05-18 19:00:00,0.0,5.739,7.0,0.0,0.0,59.188,5.63,4.99,3.572,0.0
2025-05-18 20:00:00,0.0,5.651,7.0,0.0,0.0,59.188,5.673,5.051,3.701,0.0
2025-05-18 21:00:00,0.0,5.635,7.0,0.0,0.0,59.188,5.675,5.111,3.836,0.0
2025-05-18 22:00:00,0.0,5.651,7.0,0.0,0.0,59.188,5.645,5.638,3.968,0.0
2025-05-18 23:00:00,0.0,2.518,7.0,0.0,0.0,59.188,4.601,5.137,3.972,0.0
2025-05-19 00:00:00,0.0,2.533,7.0,0.0,0.0,59.188,3.567,4.621,3.974,0.0
2025-05-19 01:00:00,0.0,2.489,7.0,0.0,0.0,59.188,2.513,4.079,3.975,0.0
2025-05-19 02:00:00,0.0,2.521,7.0,0.0,0.0,59.188,2.514,3.558,3.976,0.0
2025-05-19 03:00:00,0.0,2.584,7.0,0.0,0.0,59.188,2.531,3.049,3.98,0.0
2025-05-19 04:00:00,0.0,2.55,7.0,0.0,0.0,59.188,2.552,2.532,3.984,0.0
2025-05-19 05:00:00,0.0,2.617,7.0,0.0,0.0,59.188,2.584,2.549,3.988,0.0
2025-05-19 06:00:00,0.0,2.467,7.0,0.0,0.0,31.5,2.545,2.538,3.985,0.0
2025-05-19 07:00:00,0.0,2.584,7.0,0.0,0.0,31.5,2.556,2.554,3.988,0.0
2025-05-19 08:00:00,0.0,2.46,7.0,0.0,0.0,31.5,2.504,2.544,3.986,0.0
2025-05-19 09:00:00,0.0,2.518,7.0,0.0,0.0,31.5,2.521,2.533,3.988,0.0
2025-05-19 10:00:00,0.0,2.537,7.0,0.0,0.0,31.5,2.505,2.53,3.875,0.0
2025-05-19 11:00:00,0.0,2.474,7.0,0.0,0.0,31.5,2.51,2.507,3.757,0.0
2025-05-19 12:00:00,0.0,2.504,7.0,0.0,0.0,31.5,2.505,2.513,3.647,0.0
2025-05-19 13:00:00,0.0,2.546,7.0,0.0,0.0,0.0,2.508,2.507,3.532,0.0
2025-05-19 14:00:00,0.0,2.464,7.0,0.0,0.0,0.0,2.505,2.507,3.415,0.0
2025-05-19 15:00:00,0.0,2.583,7.0,0.0,0.0,0.0,2.531,2.518,3.303,0.0
2025-05-19 16:00:00,0.0,2.431,7.0,0.0,0.0,0.0,2.493,2.501,3.3,0.0
2025-05-19 17:00:00,0.0,2.597,7.0,0.0,0.0,0.0,2.537,2.521,3.178,0.0
2025-05-19 18:00:00,0.0,2.55,7.0,0.0,0.0,0.0,2.526,2.529,3.05,0.0
2025-05-19 19:00:00,0.0,2.496,7.0,0.0,0.0,0.0,2.548,2.52,2.915,0.0
2025-05-19 20:00:00,0.0,2.48,7.0,0.0,0.0,0.0,2.508,2.523,2.783,0.0
2025-05-19 21:00:00,0.0,2.475,7.0,0.0,0.0,0.0,2.483,2.505,2.651,0.0
2025-05-19 22:00:00,0.0,2.493,7.0,0.0,0.0,0.0,2.483,2.515,2.52,0.0
2025-05-19 23:00:00,0.0,2.498,7.0,0.0,0.0,0.0,2.488,2.498,2.519,0.0
2025-05-20 00:00:00,0.0,2.563,7.0,0.0,0.0,0.0,2.518,2.501,2.52,0.0
2025-05-20 01:00:00,0.0,2.598,7.0,0.0,0.0,0.0,2.553,2.518,2.525,0.0
2025-05-20 02:00:00,0.0,2.51,7.0,0.0,0.0,0.0,2.557,2.523,2.524,0.0
2025-05-20 03:00:00,0.0,2.458,7.0,0.0,0.0,0.0,2.522,2.52,2.519,0.0
2025-05-20 04:00:00,0.0,2.473,7.0,0.0,0.0,0.0,2.48,2.517,2.516,0.0
2025-05-20 05:00:00,0.0,2.491,7.0,0.0,0.0,0.0,2.474,2.515,2.51,0.0
2025-05-20 06:00:00,0.0,2.448,7.0,0.0,0.0,0.0,2.471,2.496,2.51,0.0
2025-05-20 07:00:00,0.0,2.441,7.0,0.0,0.0,0.0,2.46,2.47,2.504,0.0
2025-05-20 08:00:00,0.0,2.605,7.0,0.0,0.0,0.0,2.498,2.486,2.51,0.0
2025-05-20 09:00:00,0.0,2.515,7.0,0.0,0.0,0.0,2.52,2.496,2.51,0.0
2025-05-20 10:00:00,0.0,2.458,7.0,0.0,0.0,0.0,2.526,2.493,2.506,0.0
2025-05-20 11:00:00,0.0,2.541,7.0,0.0,0.0,0.0,2.505,2.501,2.509,0.0
2025-05-20 12:00:00,0.0,2.441,7.0,0.0,0.0,0.0,2.48,2.5,2.506,0.0
2025-05-20 13:00:00,0.0,2.445,7.0,0.0,0.0,0.0,2.476,2.501,2.502,0.0
2025-05-20 14:00:00,0.0,2.46,7.0,0.0,0.0,0.0,2.449,2.477,2.502,0.0
2025-05-20 15:00:00,0.0,2.583,7.0,0.0,0.0,0.0,2.496,2.488,2.502,0.0
2025-05-20 16:00:00,0.0,2.487,7.0,0.0,0.0,0.0,2.51,2.493,2.504,0.0
2025-05-20 17:00:00,0.0,2.378,7.0,0.0,0.0,0.0,2.483,2.466,2.495,0.0
2025-05-20 18:00:00,0.0,2.561,7.0,0.0,0.0,0.0,2.475,2.486,2.496,0.0
2025-05-20 19:00:00,0.0,2.485,7.0,0.0,0.0,0.0,2.474,2.492,2.495,0.0
2025-05-20 20:00:00,0.0,2.408,7.0,0.0,0.0,0.0,2.484,2.483,2.492,0.0
2025-05-20 21:00:00,0.0,2.484,7.0,0.0,0.0,0.0,2.459,2.467,2.493,0.0
2025-05-20 22:00:00,0.0,2.526,7.0,0.0,0.0,0.0,2.473,2.473,2.494,0.0
2025-05-20 23:00:00,0.0,2.52,7.0,0.0,0.0,0.0,2.51,2.497,2.495,0.0
2025-05-21 00:00:00,0.0,2.59,7.0,0.0,0.0,0.0,2.545,2.502,2.496,0.0
2025-05-21 01:00:00,0.0,2.457,7.0,0.0,0.0,0.0,2.522,2.498,2.49,0.0
2025-05-21 02:00:00,0.0,2.502,7.0,0.0,0.0,0.0,2.517,2.513,2.49,0.0
2025-05-21 03:00:00,0.0,2.465,7.0,0.0,0.0,0.0,2.475,2.51,2.49,0.0
2025-05-21 04:00:00,0.0,2.423,7.0,0.0,0.0,0.0,2.463,2.493,2.488,0.0
2025-05-21 05:00:00,0.0,2.544,7.0,0.0,0.0,0.0,2.477,2.497,2.49,0.0
2025-05-21 06:00:00,0.0,2.523,7.0,0.0,0.0,0.0,2.497,2.486,2.493,0.0
2025-05-21 07:00:00,0.0,2.514,7.0,0.0,0.0,0.0,2.527,2.495,2.496,0.0
2025-05-21 08:00:00,0.0,2.521,7.0,0.0,0.0,0.0,2.52,2.498,2.493,0.0
2025-05-21 09:00:00,0.0,2.466,7.0,0.0,0.0,0.0,2.5,2.499,2.491,0.0
2025-05-21 10:00:00,0.0,2.45,7.0,0.0,0.0,0.0,2.479,2.503,2.491,0.0
2025-05-21 11:00:00,0.0,2.502,7.0,0.0,0.0,0.0,2.472,2.496,2.489,0.0
2025-05-21 12:00:00,0.0,2.558,7.0,0.0,0.0,0.0,2.503,2.502,2.494,0.0
2025-05-21 13:00:00,0.0,2.58,7.0,0.0,0.0,0.0,2.547,2.513,2.499,0.0
2025-05-21 14:00:00,0.0,2.54,7.0,0.0,0.0,0.0,2.559,2.516,2.503,0.0
2025-05-21 15:00:00,0.0,2.501,7.0,0.0,0.0,0.0,2.541,2.522,2.499,0.0
2025-05-21 16:00:00,0.0,2.513,7.0,0.0,0.0,0.0,2.518,2.533,2.501,0.0
2025-05-21 17:00:00,0.0,2.501,7.0,0.0,0.0,0.0,2.505,2.532,2.506,0.0
2025-05-21 18:00:00,0.0,2.449,7.0,0.0,0.0,0.0,2.488,2.514,2.501,0.0
2025-05-21 19:00:00,0.0,2.501,7.0,0.0,0.0,0.0,2.484,2.501,2.502,0.0
2025-05-21 20:00:00,0.0,2.433,7.0,0.0,0.0,0.0,2.461,2.483,2.503,0.0
2025-05-21 21:00:00,0.0,2.494,7.0,0.0,0.0,0.0,2.476,2.482,2.503,0.0
2025-05-21 22:00:00,0.0,2.582,7.0,0.0,0.0,0.0,2.503,2.493,2.505,0.0
2025-05-21 23:00:00,0.0,2.541,7.0,0.0,0.0,0.0,2.539,2.5,2.506,0.0
2025-05-22 00:00:00,0.0,2.454,7.0,0.0,0.0,0.0,2.526,2.501,2.501,0.0
2025-05-22 01:00:00,0.0,2.496,7.0,0.0,0.0,0.0,2.497,2.5,2.502,0.0
2025-05-22 02:00:00,0.0,2.458,7.0,0.0,0.0,0.0,2.47,2.504,2.5,0.0
2025-05-22 03:00:00,0.0,2.497,7.0,0.0,0.0,0.0,2.484,2.505,2.502,0.0
2025-05-22 04:00:00,0.0,2.552,7.0,0.0,0.0,0.0,2.502,2.5,2.507,0.0
2025-05-22 05:00:00,0.0,2.533,7.0,0.0,0.0,0.0,2.527,2.498,2.507,0.0
2025-05-22 06:00:00,0.0,2.624,7.0,0.0,0.0,0.0,2.57,2.527,2.511,0.0
2025-05-22 07:00:00,0.0,2.56,7.0,0.0,0.0,0.0,2.572,2.537,2.513,0.0
2025-05-22 08:00:00,0.0,2.51,7.0,0.0,0.0,0.0,2.565,2.546,2.512,0.0
2025-05-22 09:00:00,0.0,2.534,7.0,0.0,0.0,0.0,2.535,2.552,2.515,0.0
2025-05-22 10:00:00,0.0,2.49,7.0,0.0,0.0,0.0,2.511,2.542,2.517,0.0
2025-05-22 11:00:00,6.976,2.444,7.0,6.976,6.976,6.976,2.489,2.527,2.514,0.0
2025-05-22 12:00:00,0.0,2.565,7.0,6.976,6.976,6.976,2.5,2.517,2.515,0.0
2025-05-22 13:00:00,0.0,2.55,7.0,6.976,6.976,6.976,2.52,2.516,2.513,0.0
2025-05-22 14:00:00,0.0,2.488,7.0,0.0,6.976,6.976,2.535,2.512,2.511,0.0
2025-05-22 15:00:00,0.0,3.211,7.0,0.0,6.976,6.976,2.75,2.625,2.541,0.0
2025-05-22 16:00:00,0.0,3.26,7.0,0.0,6.976,6.976,2.986,2.753,2.572,0.0
2025-05-22 17:00:00,0.0,3.24,7.0,0.0,0.0,6.976,3.237,2.886,2.603,0.0
2025-05-22 18:00:00,15.848,3.124,7.0,15.848,15.848,22.824,3.208,2.979,2.631,0.0
2025-05-22 19:00:00,0.0,3.21,7.0,15.848,15.848,22.824,3.191,3.089,2.66,0.0
2025-05-22 20:00:00,0.0,3.189,7.0,15.848,15.848,22.824,3.174,3.206,2.692,0.0
2025-05-22 21:00:00,0.0,2.556,7.0,0.0,15.848,22.824,2.985,3.096,2.695,0.0
2025-05-22 22:00:00,0.0,4.136,7.0,0.0,15.848,22.824,3.294,3.243,2.759,0.0
2025-05-22 23:00:00,27.985,4.151,7.0,27.985,43.832,50.808,3.614,3.394,2.826,0.0
2025-05-23 00:00:00,0.0,4.029,7.0,27.985,27.985,50.808,4.105,3.545,2.892,0.0
2025-05-23 01:00:00,0.0,4.046,7.0,27.985,27.985,50.808,4.075,3.684,2.957,0.0
2025-05-23 02:00:00,0.0,4.14,7.0,0.0,27.985,50.808,4.072,3.843,3.027,0.0
2025-05-23 03:00:00,0.0,6.854,7.0,0.0,27.985,50.808,5.013,4.559,3.208,0.0
2025-05-23 04:00:00,0.0,5.222,7.0,0.0,27.985,50.808,5.406,4.74,3.319,0.0
2025-05-23 05:00:00,0.0,5.325,7.0,0.0,0.0,50.808,5.8,4.936,3.436,0.0
2025-05-23 06:00:00,0.0,5.271,7.0,0.0,0.0,50.808,5.273,5.143,3.546,0.0
2025-05-23 07:00:00,0.0,5.388,7.0,0.0,0.0,50.808,5.328,5.367,3.664,0.0
2025-05-23 08:00:00,0.0,5.313,7.0,0.0,0.0,50.808,5.324,5.562,3.781,0.0
2025-05-23 09:00:00,0.0,2.508,7.0,0.0,0.0,50.808,4.403,4.838,3.78,0.0
2025-05-23 10:00:00,0.0,2.482,7.0,0.0,0.0,50.808,3.434,4.381,3.779,0.0
2025-05-23 11:00:00,0.0,2.58,7.0,0.0,0.0,43.832,2.523,3.924,3.785,0.0
2025-05-23 12:00:00,0.0,2.518,7.0,0.0,0.0,43.832,2.526,3.465,3.783,0.0
2025-05-23 13:00:00,0.0,2.48,7.0,0.0,0.0,43.832,2.526,2.98,3.78,0.0
2025-05-23 14:00:00,0.0,2.46,7.0,0.0,0.0,43.832,2.486,2.504,3.779,0.0
2025-05-23 15:00:00,0.0,2.496,7.0,0.0,0.0,43.832,2.479,2.503,3.749,0.0
2025-05-23 16:00:00,0.0,2.451,7.0,0.0,0.0,43.832,2.469,2.497,3.715,0.0
2025-05-23 17:00:00,0.0,2.551,7.0,0.0,0.0,43.832,2.5,2.493,3.687,0.0
2025-05-23 18:00:00,0.0,2.41,7.0,0.0,0.0,27.985,2.471,2.475,3.657,0.0
2025-05-23 19:00:00,0.0,2.493,7.0,0.0,0.0,27.985,2.485,2.477,3.627,0.0
2025-05-23 20:00:00,0.0,2.531,7.0,0.0,0.0,27.985,2.478,2.489,3.6,0.0
2025-05-23 21:00:00,0.0,2.517,7.0,0.0,0.0,27.985,2.514,2.492,3.598,0.0
2025-05-23 22:00:00,0.0,2.464,7.0,0.0,0.0,27.985,2.504,2.494,3.528,0.0
2025-05-23 23:00:00,5.316,2.533,7.0,5.316,5.316,5.316,2.505,2.491,3.461,0.0
2025-05-24 00:00:00,0.0,2.456,7.0,5.316,5.316,5.316,2.484,2.499,3.395,0.0
2025-05-24 01:00:00,0.0,2.499,7.0,5.316,5.316,5.316,2.496,2.5,3.331,0.0
2025-05-24 02:00:00,0.0,2.533,7.0,0.0,5.316,5.316,2.496,2.5,3.264,0.0
2025-05-24 03:00:00,0.0,3.055,7.0,0.0,5.316,5.316,2.695,2.59,3.106,0.0
2025-05-24 04:00:00,0.0,2.998,7.0,0.0,5.316,5.316,2.862,2.679,3.013,0.0
2025-05-24 05:00:00,0.0,3.091,7.0,0.0,0.0,5.316,3.048,2.772,2.92,0.0
2025-05-24 06:00:00,0.0,3.036,7.0,0.0,0.0,5.316,3.042,2.869,2.827,0.0
2025-05-24 07:00:00,0.0,3.069,7.0,0.0,0.0,5.316,3.065,2.964,2.73,0.0
2025-05-24 08:00:00,0.0,3.108,7.0,0.0,0.0,5.316,3.071,3.059,2.638,0.0
2025-05-24 09:00:00,0.0,2.556,7.0,0.0,0.0,5.316,2.911,2.976,2.64,0.0
2025-05-24 10:00:00,0.0,2.556,7.0,0.0,0.0,5.316,2.74,2.903,2.643,0.0
2025-05-24 11:00:00,28.767,2.51,7.0,28.767,28.767,34.083,2.541,2.806,2.64,0.0
2025-05-24 12:00:00,1.416,2.54,7.0,30.183,30.183,35.499,2.535,2.723,2.641,0.0
2025-05-24 13:00:00,0.0,2.511,7.0,30.183,30.183,35.499,2.52,2.63,2.643,0.0
2025-05-24 14:00:00,0.0,2.44,7.0,1.416,30.183,35.499,2.497,2.519,2.642,0.0
2025-05-24 15:00:00,0.0,5.392,7.0,0.0,30.183,35.499,3.447,2.991,2.762,0.0
2025-05-24 16:00:00,0.0,5.531,7.0,0.0,30.183,35.499,4.454,3.487,2.891,0.0
2025-05-24 17:00:00,0.0,5.548,7.0,0.0,1.416,35.499,5.49,3.993,3.016,0.0
2025-05-24 18:00:00,0.0,5.512,7.0,0.0,0.0,35.499,5.53,4.489,3.145,0.0
2025-05-24 19:00:00,0.0,5.48,7.0,0.0,0.0,35.499,5.513,4.984,3.269,0.0
2025-05-24 20:00:00,0.0,5.551,7.0,0.0,0.0,35.499,5.514,5.502,3.395,0.0
2025-05-24 21:00:00,0.0,2.576,7.0,0.0,0.0,35.499,4.536,5.033,3.398,0.0
2025-05-24 22:00:00,0.0,2.573,7.0,0.0,0.0,35.499,3.567,4.54,3.402,0.0
2025-05-24 23:00:00,0.0,2.488,7.0,0.0,0.0,30.183,2.546,4.03,3.4,0.0
2025-05-25 00:00:00,0.0,2.512,7.0,0.0,0.0,30.183,2.525,3.53,3.403,0.0
2025-05-25 01:00:00,0.0,2.528,7.0,0.0,0.0,30.183,2.51,3.038,3.404,0.0
2025-05-25 02:00:00,0.0,2.53,7.0,0.0,0.0,30.183,2.523,2.535,3.404,0.0
2025-05-25 03:00:00,0.0,2.43,7.0,0.0,0.0,30.183,2.496,2.51,3.378,0.0
2025-05-25 04:00:00,0.0,2.541,7.0,0.0,0.0,30.183,2.5,2.505,3.359,0.0
2025-05-25 05:00:00,0.0,2.515,7.0,0.0,0.0,30.183,2.495,2.509,3.335,0.0
2025-05-25 06:00:00,0.0,2.468,7.0,0.0,0.0,30.183,2.508,2.502,3.311,0.0
2025-05-25 07:00:00,0.0,2.463,7.0,0.0,0.0,30.183,2.482,2.491,3.286,0.0
2025-05-25 08:00:00,0.0,2.483,7.0,0.0,0.0,30.183,2.471,2.483,3.26,0.0
2025-05-25 09:00:00,0.0,2.435,7.0,0.0,0.0,30.183,2.46,2.484,3.255,0.0
2025-05-25 10:00:00,0.0,2.586,7.0,0.0,0.0,30.183,2.501,2.492,3.256,0.0
2025-05-25 11:00:00,0.0,2.574,7.0,0.0,0.0,1.416,2.532,2.502,3.259,0.0
2025-05-25 12:00:00,0.0,2.523,7.0,0.0,0.0,0.0,2.561,2.511,3.258,0.0
2025-05-25 13:00:00,0.0,2.489,7.0,0.0,0.0,0.0,2.529,2.515,3.257,0.0
2025-05-25 14:00:00,0.0,2.49,7.0,0.0,0.0,0.0,2.501,2.516,3.259,0.0
2025-05-25 15:00:00,0.0,2.538,7.0,0.0,0.0,0.0,2.506,2.533,3.14,0.0
2025-05-25 16:00:00,0.0,2.588,7.0,0.0,0.0,0.0,2.539,2.534,3.018,0.0
2025-05-25 17:00:00,0.0,2.471,7.0,0.0,0.0,0.0,2.532,2.516,2.889,0.0
2025-05-25 18:00:00,0.0,2.444,7.0,0.0,0.0,0.0,2.501,2.503,2.762,0.0
2025-05-25 19:00:00,0.0,2.577,7.0,0.0,0.0,0.0,2.498,2.518,2.641,0.0
2025-05-25 20:00:00,29.552,2.411,7.0,29.552,29.552,29.552,2.477,2.505,2.51,0.0
2025-05-25 21:00:00,0.0,2.45,7.0,29.552,29.552,29.552,2.479,2.49,2.504,0.0
2025-05-25 22:00:00,0.0,2.488,7.0,29.552,29.552,29.552,2.449,2.473,2.501,0.0
2025-05-25 23:00:00,0.0,2.422,7.0,0.0,29.552,29.552,2.453,2.465,2.498,0.0
2025-05-26 00:00:00,0.0,5.511,7.0,0.0,29.552,29.552,3.473,2.976,2.623,0.0
2025-05-26 01:00:00,0.0,5.498,7.0,0.0,29.552,29.552,4.477,3.463,2.747,0.0
2025-05-26 02:00:00,0.0,5.426,7.0,0.0,0.0,29.552,5.478,3.966,2.868,0.0
2025-05-26 03:00:00,0.0,5.519,7.0,0.0,0.0,29.552,5.481,4.477,2.996,0.0
2025-05-26 04:00:00,0.0,5.528,7.0,0.0,0.0,29.552,5.491,4.984,3.121,0.0
2025-05-26 05:00:00,0.0,5.449,7.0,0.0,0.0,29.552,5.499,5.489,3.243,0.0
2025-05-26 06:00:00,0.0,2.477,7.0,0.0,0.0,29.552,4.485,4.983,3.243,0.0
2025-05-26 07:00:00,0.0,2.613,7.0,0.0,0.0,29.552,3.513,4.502,3.25,0.0
2025-05-26 08:00:00,0.0,2.536,7.0,0.0,0.0,29.552,2.542,4.02,3.252,0.0
2025-05-26 09:00:00,0.0,2.513,7.0,0.0,0.0,29.552,2.554,3.519,3.255,0.0
2025-05-26 10:00:00,0.0,2.568,7.0,0.0,0.0,29.552,2.539,3.026,3.254,0.0
2025-05-26 11:00:00,0.0,2.515,7.0,0.0,0.0,29.552,2.532,2.537,3.252,0.0
2025-05-26 12:00:00,0.0,2.475,7.0,0.0,0.0,29.552,2.519,2.537,3.25,0.0
2025-05-26 13:00:00,0.0,2.504,7.0,0.0,0.0,29.552,2.498,2.518,3.25,0.0
2025-05-26 14:00:00,0.0,2.552,7.0,0.0,0.0,29.552,2.51,2.521,3.253,0.0
2025-05-26 15:00:00,0.0,2.4,7.0,0.0,0.0,29.552,2.485,2.502,3.247,0.0
2025-05-26 16:00:00,0.0,2.486,7.0,0.0,0.0,29.552,2.479,2.489,3.243,0.0
2025-05-26 17:00:00,0.0,2.569,7.0,0.0,0.0,29.552,2.485,2.498,3.247,0.0
2025-05-26 18:00:00,0.0,2.474,7.0,0.0,0.0,29.552,2.51,2.498,3.248,0.0
2025-05-26 19:00:00,0.0,2.577,7.0,0.0,0.0,29.552,2.54,2.51,3.248,0.0
2025-05-26 20:00:00,0.0,2.571,7.0,0.0,0.0,0.0,2.541,2.513,3.255,0.0
2025-05-26 21:00:00,0.0,2.497,7.0,0.0,0.0,0.0,2.548,2.529,3.257,0.0
2025-05-26 22:00:00,28.827,2.472,7.0,28.827,28.827,28.827,2.513,2.527,3.256,0.0
2025-05-26 23:00:00,0.0,2.486,7.0,28.827,28.827,28.827,2.485,2.513,3.259,0.0
2025-05-27 00:00:00,0.0,2.633,7.0,28.827,28.827,28.827,2.53,2.539,3.139,0.0
2025-05-27 01:00:00,0.0,2.594,7.0,0.0,28.827,28.827,2.571,2.542,3.018,0.0
2025-05-27 02:00:00,0.804,5.389,7.0,0.804,29.631,29.631,3.539,3.012,3.017,0.0
2025-05-27 03:00:00,0.0,5.352,7.0,0.804,29.631,29.631,4.445,3.488,3.01,0.0
2025-05-27 04:00:00,0.0,5.389,7.0,0.804,0.804,29.631,5.377,3.974,3.004,0.0
2025-05-27 05:00:00,0.0,5.395,7.0,0.0,0.804,29.631,5.379,4.459,3.002,0.0
2025-05-27 06:00:00,0.0,5.401,7.0,0.0,0.804,29.631,5.395,4.92,3.123,0.0
2025-05-27 07:00:00,0.0,5.467,7.0,0.0,0.804,29.631,5.421,5.399,3.242,0.0
2025-05-27 08:00:00,53.187,2.646,7.0,53.187,53.187,82.818,4.505,4.942,3.247,0.0
2025-05-27 09:00:00,0.0,2.49,7.0,53.187,53.187,82.818,3.535,4.465,3.246,0.0
2025-05-27 10:00:00,0.0,2.622,7.0,53.187,53.187,82.818,2.586,4.004,3.248,0.0
2025-05-27 11:00:00,0.0,2.649,7.0,0.0,53.187,82.818,2.587,3.546,3.254,0.0
2025-05-27 12:00:00,0.0,7.791,7.0,0.0,53.187,82.818,4.354,3.944,3.475,0.791
2025-05-27 13:00:00,0.0,7.903,7.0,0.0,53.187,82.818,6.114,4.35,3.7,0.903
2025-05-27 14:00:00,0.0,7.784,7.0,0.0,0.0,82.818,7.826,5.207,3.918,0.784
2025-05-27 15:00:00,0.0,7.841,7.0,0.0,0.0,82.818,7.843,6.098,4.145,0.841
2025-05-27 16:00:00,0.0,7.803,7.0,0.0,0.0,82.818,7.809,6.962,4.366,0.803
2025-05-27 17:00:00,0.0,7.803,7.0,0.0,0.0,82.818,7.816,7.821,4.585,0.803
2025-05-27 18:00:00,0.0,2.469,7.0,0.0,0.0,82.818,6.025,6.934,4.584,0.0
2025-05-27 19:00:00,0.0,2.535,7.0,0.0,0.0,82.818,4.269,6.039,4.583,0.0
2025-05-27 20:00:00,0.0,2.542,7.0,0.0,0.0,82.818,2.516,5.166,4.581,0.0
2025-05-27 21:00:00,0.0,2.497,7.0,0.0,0.0,82.818,2.525,4.275,4.581,0.0
2025-05-27 22:00:00,28.88,2.432,7.0,28.88,28.88,82.87,2.49,3.38,4.58,0.0
2025-05-27 23:00:00,0.0,2.52,7.0,28.88,28.88,82.87,2.483,2.499,4.581,0.0
2025-05-28 00:00:00,1.698,2.521,7.0,30.577,30.577,84.568,2.491,2.508,4.577,0.0
2025-05-28 01:00:00,0.0,2.489,7.0,1.698,30.577,84.568,2.51,2.5,4.572,0.0
2025-05-28 02:00:00,0.0,5.481,7.0,1.698,30.577,83.765,3.497,2.99,4.576,0.0
2025-05-28 03:00:00,0.0,5.31,7.0,0.0,30.577,83.765,4.427,3.459,4.574,0.0
2025-05-28 04:00:00,0.0,5.447,7.0,0.0,1.698,83.765,5.413,3.961,4.577,0.0
2025-05-28 05:00:00,0.0,5.521,7.0,0.0,1.698,83.765,5.426,4.462,4.582,0.0
2025-05-28 06:00:00,0.0,5.593,7.0,0.0,0.0,83.765,5.52,4.974,4.59,0.0
2025-05-28 07:00:00,0.0,5.505,7.0,0.0,0.0,83.765,5.54,5.476,4.592,0.0
2025-05-28 08:00:00,0.0,2.621,7.0,0.0,0.0,30.577,4.573,4.999,4.59,0.0
2025-05-28 09:00:00,0.0,2.717,7.0,0.0,0.0,30.577,3.614,4.567,4.6,0.0
2025-05-28 10:00:00,0.0,2.523,7.0,0.0,0.0,30.577,2.62,4.08,4.596,0.0
2025-05-28 11:00:00,0.0,2.519,7.0,0.0,0.0,30.577,2.586,3.58,4.59,0.0
2025-05-28 12:00:00,0.0,2.539,7.0,0.0,0.0,30.577,2.527,3.071,4.372,0.0
2025-05-28 13:00:00,0.0,2.479,7.0,0.0,0.0,30.577,2.512,2.566,4.146,0.0
2025-05-28 14:00:00,0.0,2.481,7.0,0.0,0.0,30.577,2.5,2.543,3.925,0.0
2025-05-28 15:00:00,0.0,2.54,7.0,0.0,0.0,30.577,2.5,2.514,3.704,0.0
2025-05-28 16:00:00,0.0,2.433,7.0,0.0,0.0,30.577,2.485,2.498,3.48,0.0
2025-05-28 17:00:00,0.0,2.393,7.0,0.0,0.0,30.577,2.455,2.477,3.255,0.0
2025-05-28 18:00:00,0.0,2.478,7.0,0.0,0.0,30.577,2.435,2.467,3.255,0.0
2025-05-28 19:00:00,0.0,2.547,7.0,0.0,0.0,30.577,2.473,2.479,3.255,0.0
2025-05-28 20:00:00,0.0,2.513,7.0,0.0,0.0,30.577,2.513,2.484,3.254,0.0
2025-05-28 21:00:00,0.0,2.543,7.0,0.0,0.0,30.577,2.534,2.484,3.256,0.0
2025-05-28 22:00:00,0.0,2.399,7.0,0.0,0.0,1.698,2.485,2.479,3.255,0.0
2025-05-28 23:00:00,0.0,2.516,7.0,0.0,0.0,1.698,2.486,2.499,3.255,0.0
2025-05-29 00:00:00,0.0,2.533,7.0,0.0,0.0,0.0,2.483,2.508,3.255,0.0
2025-05-29 01:00:00,0.0,2.432,7.0,0.0,0.0,0.0,2.494,2.489,3.253,0.0
2025-05-29 02:00:00,0.0,2.543,7.0,0.0,0.0,0.0,2.503,2.494,3.13,0.0
2025-05-29 03:00:00,0.0,2.494,7.0,0.0,0.0,0.0,2.49,2.486,3.013,0.0
2025-05-29 04:00:00,0.0,2.654,7.0,0.0,0.0,0.0,2.564,2.529,2.897,0.0
2025-05-29 05:00:00,0.0,2.391,7.0,0.0,0.0,0.0,2.513,2.508,2.766,0.0
2025-05-29 06:00:00,0.0,2.568,7.0,0.0,0.0,0.0,2.538,2.514,2.64,0.0
2025-05-29 07:00:00,0.0,2.48,7.0,0.0,0.0,0.0,2.48,2.522,2.514,0.0
2025-05-29 08:00:00,0.0,2.419,7.0,0.0,0.0,0.0,2.489,2.501,2.506,0.0
2025-05-29 09:00:00,0.0,2.474,7.0,0.0,0.0,0.0,2.458,2.498,2.495,0.0
2025-05-29 10:00:00,0.0,2.514,7.0,0.0,0.0,0.0,2.469,2.474,2.495,0.0
2025-05-29 11:00:00,0.0,2.552,7.0,0.0,0.0,0.0,2.513,2.501,2.496,0.0
2025-05-29 12:00:00,0.0,2.586,7.0,0.0,0.0,0.0,2.551,2.504,2.498,0.0
2025-05-29 13:00:00,0.0,2.571,7.0,0.0,0.0,0.0,2.57,2.519,2.502,0.0
2025-05-29 14:00:00,0.0,2.452,7.0,0.0,0.0,0.0,2.536,2.525,2.501,0.0
2025-05-29 15:00:00,0.0,2.557,7.0,0.0,0.0,0.0,2.526,2.539,2.502,0.0
2025-05-29 16:00:00,0.0,2.52,7.0,0.0,0.0,0.0,2.509,2.539,2.505,0.0
2025-05-29 17:00:00,0.0,2.467,7.0,0.0,0.0,0.0,2.514,2.525,2.508,0.0
2025-05-29 18:00:00,0.0,2.489,7.0,0.0,0.0,0.0,2.492,2.509,2.509,0.0
2025-05-29 19:00:00,0.0,2.465,7.0,0.0,0.0,0.0,2.474,2.491,2.505,0.0
2025-05-29 20:00:00,0.0,2.502,7.0,0.0,0.0,0.0,2.485,2.5,2.505,0.0
2025-05-29 21:00:00,62.729,2.464,7.0,62.729,62.729,62.729,2.477,2.484,2.502,0.0
2025-05-29 22:00:00,0.0,2.449,7.0,62.729,62.729,62.729,2.471,2.473,2.504,0.0
2025-05-29 23:00:00,0.0,2.524,7.0,62.729,62.729,62.729,2.479,2.482,2.504,0.0
2025-05-30 00:00:00,0.0,2.531,7.0,0.0,62.729,62.729,2.501,2.489,2.504,0.0
2025-05-30 01:00:00,0.0,8.764,7.0,0.0,62.729,62.729,4.606,3.539,2.768,1.764
2025-05-30 02:00:00,0.0,8.841,7.0,0.0,62.729,62.729,6.712,4.595,3.03,1.841
2025-05-30 03:00:00,0.0,8.76,7.0,0.0,0.0,62.729,8.788,5.645,3.291,1.76
2025-05-30 04:00:00,0.0,8.758,7.0,0.0,0.0,62.729,8.786,6.696,3.546,1.758
2025-05-30 05:00:00,0.0,8.806,7.0,0.0,0.0,62.729,8.775,7.743,3.813,1.806
2025-05-30 06:00:00,0.0,8.766,7.0,0.0,0.0,62.729,8.777,8.782,4.071,1.766
2025-05-30 07:00:00,0.0,2.504,7.0,0.0,0.0,62.729,6.692,7.739,4.072,0.0
2025-05-30 08:00:00,0.0,2.374,7.0,0.0,0.0,62.729,4.548,6.661,4.07,0.0
2025-05-30 09:00:00,0.0,2.501,7.0,0.0,0.0,62.729,2.46,5.618,4.071,0.0
2025-05-30 10:00:00,0.0,2.409,7.0,0.0,0.0,62.729,2.428,4.56,4.067,0.0
2025-05-30 11:00:00,0.0,2.439,7.0,0.0,0.0,62.729,2.449,3.499,4.062,0.0
2025-05-30 12:00:00,0.0,2.433,7.0,0.0,0.0,62.729,2.427,2.443,4.056,0.0
2025-05-30 13:00:00,0.0,2.448,7.0,0.0,0.0,62.729,2.44,2.434,4.051,0.0
2025-05-30 14:00:00,21.351,2.473,7.0,21.351,21.351,84.08,2.451,2.45,4.052,0.0
2025-05-30 15:00:00,0.0,2.476,7.0,21.351,21.351,84.08,2.465,2.446,4.048,0.0
2025-05-30 16:00:00,0.0,2.533,7.0,21.351,21.351,84.08,2.494,2.467,4.049,0.0
2025-05-30 17:00:00,0.0,2.511,7.0,0.0,21.351,84.08,2.507,2.479,4.051,0.0
2025-05-30 18:00:00,0.0,4.54,7.0,0.0,21.351,84.08,3.195,2.83,4.136,0.0
2025-05-30 19:00:00,0.0,4.639,7.0,0.0,21.351,84.08,3.897,3.195,4.227,0.0
2025-05-30 20:00:00,0.0,4.651,7.0,0.0,0.0,84.08,4.61,3.558,4.316,0.0
2025-05-30 21:00:00,0.0,4.619,7.0,0.0,0.0,21.351,4.636,3.916,4.406,0.0
2025-05-30 22:00:00,0.0,4.632,7.0,0.0,0.0,21.351,4.634,4.265,4.497,0.0
2025-05-30 23:00:00,0.0,4.645,7.0,0.0,0.0,21.351,4.632,4.621,4.586,0.0
2025-05-31 00:00:00,0.0,2.538,7.0,0.0,0.0,21.351,3.938,4.287,4.586,0.0
2025-05-31 01:00:00,0.0,2.421,7.0,0.0,0.0,21.351,3.201,3.918,4.322,0.0
2025-05-31 02:00:00,0.0,2.488,7.0,0.0,0.0,21.351,2.482,3.557,4.057,0.0
2025-05-31 03:00:00,0.0,2.575,7.0,0.0,0.0,21.351,2.495,3.217,3.799,0.0
2025-05-31 04:00:00,0.0,2.571,7.0,0.0,0.0,21.351,2.545,2.873,3.541,0.0
2025-05-31 05:00:00,0.0,2.543,7.0,0.0,0.0,21.351,2.563,2.523,3.28,0.0
2025-05-31 06:00:00,0.0,2.527,7.0,0.0,0.0,21.351,2.547,2.521,3.02,0.0
2025-05-31 07:00:00,0.0,2.583,7.0,0.0,0.0,21.351,2.551,2.548,3.024,0.0
2025-05-31 08:00:00,0.0,2.596,7.0,0.0,0.0,21.351,2.568,2.566,3.033,0.0
2025-05-31 09:00:00,36.763,2.494,7.0,36.763,36.763,58.114,2.557,2.552,3.033,0.0
2025-05-31 10:00:00,0.0,2.452,7.0,36.763,36.763,58.114,2.514,2.532,3.034,0.0
2025-05-31 11:00:00,0.0,2.486,7.0,36.763,36.763,58.114,2.477,2.523,3.036,0.0
2025-05-31 12:00:00,0.0,2.655,7.0,0.0,36.763,58.114,2.531,2.544,3.046,0.0
2025-05-31 13:00:00,0.0,6.098,7.0,0.0,36.763,58.114,3.746,3.13,3.198,0.0
2025-05-31 14:00:00,0.0,6.153,7.0,0.0,36.763,36.763,4.968,3.723,3.351,0.0
2025-05-31 15:00:00,0.0,6.106,7.0,0.0,0.0,36.763,6.119,4.325,3.502,0.0
2025-05-31 16:00:00,0.0,6.183,7.0,0.0,0.0,36.763,6.147,4.947,3.654,0.0
2025-05-31 17:00:00,0.0,6.116,7.0,0.0,0.0,36.763,6.135,5.552,3.805,0.0
2025-05-31 18:00:00,0.0,6.171,7.0,0.0,0.0,36.763,6.157,6.138,3.872,0.0
2025-05-31 19:00:00,0.0,2.402,7.0,0.0,0.0,36.763,4.897,5.522,3.779,0.0
2025-05-31 20:00:00,0.0,2.531,7.0,0.0,0.0,36.763,3.701,4.918,3.691,0.0
2025-05-31 21:00:00,0.0,2.561,7.0,0.0,0.0,36.763,2.498,4.327,3.605,0.0
2025-05-31 22:00:00,0.0,2.481,7.0,0.0,0.0,36.763,2.524,3.71,3.516,0.0
2025-05-31 23:00:00,0.0,2.493,7.0,0.0,0.0,36.763,2.512,3.107,3.426,0.0
2025-06-01 00:00:00,0.0,2.492,7.0,0.0,0.0,36.763,2.489,2.493,3.424,0.0
2025-06-01 01:00:00,0.0,2.509,7.0,0.0,0.0,36.763,2.498,2.511,3.428,0.0
2025-06-01 02:00:00,0.0,2.498,7.0,0.0,0.0,36.763,2.5,2.506,3.428,0.0
2025-06-01 03:00:00,0.0,2.538,7.0,0.0,0.0,36.763,2.515,2.502,3.427,0.0
2025-06-01 04:00:00,0.0,2.562,7.0,0.0,0.0,36.763,2.533,2.515,3.426,0.0
2025-06-01 05:00:00,0.0,2.459,7.0,0.0,0.0,36.763,2.52,2.51,3.423,0.0
2025-06-01 06:00:00,0.0,2.485,7.0,0.0,0.0,36.763,2.502,2.509,3.421,0.0
2025-06-01 07:00:00,0.0,2.545,7.0,0.0,0.0,36.763,2.496,2.515,3.419,0.0
2025-06-01 08:00:00,0.0,2.429,7.0,0.0,0.0,36.763,2.486,2.503,3.412,0.0
2025-06-01 09:00:00,0.0,2.401,7.0,0.0,0.0,0.0,2.458,2.48,3.409,0.0
2025-06-01 10:00:00,0.0,2.511,7.0,0.0,0.0,0.0,2.447,2.472,3.411,0.0
2025-06-01 11:00:00,0.0,2.525,7.0,0.0,0.0,0.0,2.479,2.483,3.413,0.0
2025-06-01 12:00:00,0.0,2.464,7.0,0.0,0.0,0.0,2.5,2.479,3.405,0.0
2025-06-01 13:00:00,0.0,2.471,7.0,0.0,0.0,0.0,2.487,2.467,3.254,0.0
2025-06-01 14:00:00,0.0,2.462,7.0,0.0,0.0,0.0,2.466,2.472,3.1,0.0
2025-06-01 15:00:00,0.0,2.457,7.0,0.0,0.0,0.0,2.463,2.482,2.948,0.0
2025-06-01 16:00:00,0.0,2.535,7.0,0.0,0.0,0.0,2.484,2.486,2.796,0.0
2025-06-01 17:00:00,0.0,2.441,7.0,0.0,0.0,0.0,2.477,2.472,2.643,0.0
2025-06-01 18:00:00,0.0,2.487,7.0,0.0,0.0,0.0,2.487,2.475,2.489,0.0
2025-06-01 19:00:00,0.0,2.455,7.0,0.0,0.0,0.0,2.461,2.473,2.491,0.0
2025-06-01 20:00:00,0.0,2.427,7.0,0.0,0.0,0.0,2.456,2.467,2.487,0.0
2025-06-01 21:00:00,0.0,2.544,7.0,0.0,0.0,0.0,2.475,2.481,2.486,0.0
2025-06-01 22:00:00,0.0,2.474,7.0,0.0,0.0,0.0,2.482,2.471,2.486,0.0
2025-06-01 23:00:00,0.0,2.509,7.0,0.0,0.0,0.0,2.509,2.483,2.487,0.0
2025-06-02 00:00:00,0.0,2.425,7.0,0.0,0.0,0.0,2.469,2.472,2.484,0.0
2025-06-02 01:00:00,77.493,2.463,7.0,77.493,77.493,77.493,2.466,2.474,2.482,0.0
2025-06-02 02:00:00,0.0,2.538,7.0,77.493,77.493,77.493,2.475,2.492,2.484,0.0
2025-06-02 03:00:00,0.0,2.629,7.0,77.493,77.493,77.493,2.543,2.506,2.487,0.0
2025-06-02 04:00:00,0.0,2.401,7.0,0.0,77.493,77.493,2.523,2.494,2.481,0.0
2025-06-02 05:00:00,0.0,10.239,7.0,0.0,77.493,77.493,5.09,3.783,2.805,3.239
2025-06-02 06:00:00,0.0,10.27,7.0,0.0,77.493,77.493,7.637,5.09,3.129,3.27
2025-06-02 07:00:00,0.0,10.218,7.0,0.0,0.0,77.493,10.243,6.383,3.449,3.218
2025-06-02 08:00:00,0.0,10.292,7.0,0.0,0.0,77.493,10.26,7.675,3.777,3.292
2025-06-02 09:00:00,0.0,10.206,7.0,0.0,0.0,77.493,10.239,8.938,4.102,3.206
2025-06-02 10:00:00,0.0,10.257,7.0,0.0,0.0,77.493,10.252,10.247,4.424,3.257
2025-06-02 11:00:00,0.0,2.474,7.0,0.0,0.0,77.493,7.646,8.953,4.422,0.0
2025-06-02 12:00:00,0.0,2.561,7.0,0.0,0.0,77.493,5.097,7.668,4.426,0.0
2025-06-02 13:00:00,0.0,2.466,7.0,0.0,0.0,77.493,2.5,6.376,4.426,0.0
2025-06-02 14:00:00,0.0,2.482,7.0,0.0,0.0,77.493,2.503,5.074,4.427,0.0
2025-06-02 15:00:00,0.0,2.547,7.0,0.0,0.0,77.493,2.499,3.798,4.431,0.0
2025-06-02 16:00:00,0.0,2.449,7.0,0.0,0.0,77.493,2.493,2.497,4.427,0.0
2025-06-02 17:00:00,0.0,2.503,7.0,0.0,0.0,77.493,2.5,2.501,4.43,0.0
2025-06-02 18:00:00,0.0,2.409,7.0,0.0,0.0,77.493,2.454,2.476,4.427,0.0
2025-06-02 19:00:00,0.0,2.446,7.0,0.0,0.0,77.493,2.453,2.473,4.426,0.0
2025-06-02 20:00:00,0.0,2.519,7.0,0.0,0.0,77.493,2.458,2.479,4.43,0.0
2025-06-02 21:00:00,0.0,2.45,7.0,0.0,0.0,77.493,2.472,2.463,4.426,0.0
2025-06-02 22:00:00,0.0,2.473,7.0,0.0,0.0,77.493,2.481,2.467,4.426,0.0
2025-06-02 23:00:00,0.0,2.525,7.0,0.0,0.0,77.493,2.483,2.47,4.427,0.0
2025-06-03 00:00:00,0.0,2.471,7.0,0.0,0.0,77.493,2.489,2.481,4.429,0.0
2025-06-03 01:00:00,0.0,2.541,7.0,0.0,0.0,0.0,2.512,2.497,4.432,0.0
2025-06-03 02:00:00,0.0,2.511,7.0,0.0,0.0,0.0,2.508,2.495,4.431,0.0
2025-06-03 03:00:00,0.0,2.522,7.0,0.0,0.0,0.0,2.525,2.507,4.426,0.0
2025-06-03 04:00:00,0.0,2.562,7.0,0.0,0.0,0.0,2.532,2.522,4.433,0.0
2025-06-03 05:00:00,0.0,2.516,7.0,0.0,0.0,0.0,2.533,2.52,4.111,0.0
2025-06-03 06:00:00,0.0,2.577,7.0,0.0,0.0,0.0,2.552,2.538,3.791,0.0
2025-06-03 07:00:00,0.0,2.546,7.0,0.0,0.0,0.0,2.546,2.539,3.471,0.0
2025-06-03 08:00:00,0.0,2.474,7.0,0.0,0.0,0.0,2.532,2.533,3.145,0.0
2025-06-03 09:00:00,0.0,2.565,7.0,0.0,0.0,0.0,2.528,2.54,2.827,0.0
2025-06-03 10:00:00,0.0,2.513,7.0,0.0,0.0,0.0,2.517,2.532,2.504,0.0
2025-06-03 11:00:00,0.0,2.48,7.0,0.0,0.0,0.0,2.519,2.526,2.504,0.0
2025-06-03 12:00:00,0.0,2.514,7.0,0.0,0.0,0.0,2.502,2.515,2.503,0.0
2025-06-03 13:00:00,0.0,2.556,7.0,0.0,0.0,0.0,2.517,2.517,2.506,0.0
2025-06-03 14:00:00,0.0,2.523,7.0,0.0,0.0,0.0,2.531,2.525,2.508,0.0
2025-06-03 15:00:00,0.0,2.591,7.0,0.0,0.0,0.0,2.556,2.529,2.51,0.0
2025-06-03 16:00:00,0.0,2.554,7.0,0.0,0.0,0.0,2.556,2.536,2.514,0.0
2025-06-03 17:00:00,0.0,2.526,7.0,0.0,0.0,0.0,2.557,2.544,2.515,0.0
2025-06-03 18:00:00,0.0,2.449,7.0,0.0,0.0,0.0,2.51,2.533,2.517,0.0
2025-06-03 19:00:00,0.0,2.491,7.0,0.0,0.0,0.0,2.489,2.522,2.519,0.0
2025-06-03 20:00:00,0.0,2.504,7.0,0.0,0.0,0.0,2.481,2.519,2.518,0.0
2025-06-03 21:00:00,0.0,2.535,7.0,0.0,0.0,0.0,2.51,2.51,2.522,0.0
2025-06-03 22:00:00,0.0,2.532,7.0,0.0,0.0,0.0,2.523,2.506,2.524,0.0
2025-06-03 23:00:00,0.0,2.508,7.0,0.0,0.0,0.0,2.525,2.503,2.523,0.0
2025-06-04 00:00:00,5.132,2.506,7.0,5.132,5.132,5.132,2.515,2.513,2.525,0.0
2025-06-04 01:00:00,0.0,2.536,7.0,5.132,5.132,5.132,2.517,2.52,2.525,0.0
2025-06-04 02:00:00,0.0,2.457,7.0,5.132,5.132,5.132,2.5,2.512,2.522,0.0
2025-06-04 03:00:00,0.0,2.585,7.0,0.0,5.132,5.132,2.526,2.521,2.525,0.0
2025-06-04 04:00:00,0.0,2.911,7.0,0.0,5.132,5.132,2.651,2.584,2.539,0.0
2025-06-04 05:00:00,0.0,3.086,7.0,0.0,5.132,5.132,2.861,2.68,2.563,0.0
2025-06-04 06:00:00,0.0,3.011,7.0,0.0,0.0,5.132,3.003,2.764,2.581,0.0
2025-06-04 07:00:00,0.0,3.063,7.0,0.0,0.0,5.132,3.053,2.852,2.603,0.0
2025-06-04 08:00:00,0.0,3.031,7.0,0.0,0.0,5.132,3.035,2.948,2.626,0.0
2025-06-04 09:00:00,0.0,3.031,7.0,0.0,0.0,5.132,3.042,3.022,2.646,0.0
2025-06-04 10:00:00,0.0,2.528,7.0,0.0,0.0,5.132,2.863,2.958,2.646,0.0
2025-06-04 11:00:00,0.0,2.54,7.0,0.0,0.0,5.132,2.7,2.867,2.649,0.0
2025-06-04 12:00:00,0.0,2.484,7.0,0.0,0.0,5.132,2.517,2.78,2.647,0.0
2025-06-04 13:00:00,18.598,2.552,7.0,18.598,18.598,23.73,2.525,2.694,2.647,0.0
2025-06-04 14:00:00,0.0,2.446,7.0,18.598,18.598,23.73,2.494,2.597,2.644,0.0
2025-06-04 15:00:00,0.0,2.5,7.0,18.598,18.598,23.73,2.499,2.508,2.64,0.0
2025-06-04 16:00:00,0.0,2.542,7.0,0.0,18.598,23.73,2.496,2.511,2.64,0.0
2025-06-04 17:00:00,0.0,4.41,7.0,0.0,18.598,23.73,3.15,2.822,2.718,0.0
2025-06-04 18:00:00,22.884,4.383,7.0,22.884,41.481,46.613,3.778,3.139,2.799,0.0
2025-06-04 19:00:00,0.0,4.34,7.0,22.884,22.884,46.613,4.377,3.437,2.876,0.0
2025-06-04 20:00:00,0.0,4.405,7.0,22.884,22.884,46.613,4.376,3.763,2.955,0.0
2025-06-04 21:00:00,0.0,4.326,7.0,0.0,22.884,46.613,4.357,4.068,3.03,0.0
2025-06-04 22:00:00,0.0,6.736,7.0,0.0,22.884,46.613,5.156,4.767,3.205,0.0
2025-06-04 23:00:00,0.0,4.784,7.0,0.0,22.884,46.613,5.282,4.829,3.3,0.0
2025-06-05 00:00:00,0.0,4.711,7.0,0.0,0.0,41.481,5.41,4.884,3.392,0.0
2025-06-05 01:00:00,0.0,4.729,7.0,0.0,0.0,41.481,4.741,4.948,3.483,0.0
2025-06-05 02:00:00,0.0,4.791,7.0,0.0,0.0,41.481,4.744,5.013,3.58,0.0
2025-06-05 03:00:00,0.0,4.795,7.0,0.0,0.0,41.481,4.772,5.091,3.672,0.0
2025-06-05 04:00:00,0.0,2.598,7.0,0.0,0.0,41.481,4.061,4.401,3.659,0.0
2025-06-05 05:00:00,0.0,2.448,7.0,0.0,0.0,41.481,3.281,4.012,3.633,0.0
2025-06-05 06:00:00,0.0,2.502,7.0,0.0,0.0,41.481,2.516,3.644,3.611,0.0
2025-06-05 07:00:00,0.0,2.447,7.0,0.0,0.0,41.481,2.466,3.264,3.586,0.0
2025-06-05 08:00:00,0.0,2.475,7.0,0.0,0.0,41.481,2.475,2.878,3.563,0.0
2025-06-05 09:00:00,0.0,2.584,7.0,0.0,0.0,41.481,2.502,2.509,3.544,0.0
2025-06-05 10:00:00,0.0,2.443,7.0,0.0,0.0,41.481,2.501,2.483,3.54,0.0
2025-06-05 11:00:00,4.641,2.529,7.0,4.641,4.641,46.122,2.519,2.497,3.54,0.0
2025-06-05 12:00:00,0.0,2.52,7.0,4.641,4.641,46.122,2.497,2.5,3.541,0.0
2025-06-05 13:00:00,0.0,2.499,7.0,4.641,4.641,27.524,2.516,2.508,3.539,0.0
2025-06-05 14:00:00,0.0,2.526,7.0,0.0,4.641,27.524,2.515,2.517,3.543,0.0
2025-06-05 15:00:00,0.0,2.906,7.0,0.0,4.641,27.524,2.644,2.571,3.56,0.0
2025-06-05 16:00:00,0.0,3.047,7.0,0.0,4.641,27.524,2.826,2.671,3.581,0.0
2025-06-05 17:00:00,0.0,3.06,7.0,0.0,0.0,27.524,3.004,2.76,3.524,0.0
2025-06-05 18:00:00,0.0,2.966,7.0,0.0,0.0,4.641,3.025,2.834,3.465,0.0
2025-06-05 19:00:00,0.0,3.085,7.0,0.0,0.0,4.641,3.037,2.932,3.413,0.0
2025-06-05 20:00:00,0.0,2.944,7.0,0.0,0.0,4.641,2.999,3.002,3.352,0.0
2025-06-05 21:00:00,0.0,2.52,7.0,0.0,0.0,4.641,2.85,2.937,3.277,0.0
2025-06-05 22:00:00,0.0,2.572,7.0,0.0,0.0,4.641,2.679,2.858,3.103,0.0
2025-06-05 23:00:00,0.0,2.477,7.0,0.0,0.0,4.641,2.523,2.761,3.007,0.0
2025-06-06 00:00:00,0.0,2.431,7.0,0.0,0.0,4.641,2.493,2.671,2.912,0.0
2025-06-06 01:00:00,0.0,2.419,7.0,0.0,0.0,4.641,2.442,2.561,2.816,0.0
2025-06-06 02:00:00,0.0,2.603,7.0,0.0,0.0,4.641,2.484,2.504,2.725,0.0
2025-06-06 03:00:00,0.0,2.474,7.0,0.0,0.0,4.641,2.499,2.496,2.628,0.0
2025-06-06 04:00:00,0.0,2.491,7.0,0.0,0.0,4.641,2.522,2.482,2.624,0.0
2025-06-06 05:00:00,0.0,2.444,7.0,0.0,0.0,4.641,2.47,2.477,2.624,0.0
2025-06-06 06:00:00,0.0,2.547,7.0,0.0,0.0,4.641,2.494,2.496,2.625,0.0
2025-06-06 07:00:00,0.0,2.461,7.0,0.0,0.0,4.641,2.484,2.503,2.626,0.0
2025-06-06 08:00:00,0.0,2.475,7.0,0.0,0.0,4.641,2.495,2.482,2.626,0.0
2025-06-06 09:00:00,0.0,2.515,7.0,0.0,0.0,4.641,2.484,2.489,2.623,0.0
2025-06-06 10:00:00,0.0,2.447,7.0,0.0,0.0,4.641,2.479,2.482,2.623,0.0
2025-06-06 11:00:00,0.0,2.491,7.0,0.0,0.0,0.0,2.484,2.489,2.622,0.0
2025-06-06 12:00:00,0.0,2.57,7.0,0.0,0.0,0.0,2.503,2.493,2.624,0.0
2025-06-06 13:00:00,0.0,2.521,7.0,0.0,0.0,0.0,2.528,2.503,2.625,0.0
2025-06-06 14:00:00,0.0,2.507,7.0,0.0,0.0,0.0,2.533,2.508,2.624,0.0
2025-06-06 15:00:00,0.0,2.511,7.0,0.0,0.0,0.0,2.513,2.508,2.607,0.0
2025-06-06 16:00:00,0.0,2.481,7.0,0.0,0.0,0.0,2.499,2.513,2.584,0.0
2025-06-06 17:00:00,0.0,2.6,7.0,0.0,0.0,0.0,2.53,2.532,2.565,0.0
2025-06-06 18:00:00,0.0,2.459,7.0,0.0,0.0,0.0,2.513,2.513,2.544,0.0
2025-06-06 19:00:00,0.0,2.511,7.0,0.0,0.0,0.0,2.523,2.511,2.52,0.0
2025-06-06 20:00:00,0.0,2.506,7.0,0.0,0.0,0.0,2.492,2.511,2.501,0.0
2025-06-06 21:00:00,0.0,2.55,7.0,0.0,0.0,0.0,2.522,2.518,2.503,0.0
2025-06-06 22:00:00,0.0,2.555,7.0,0.0,0.0,0.0,2.537,2.53,2.502,0.0
2025-06-06 23:00:00,0.0,2.498,7.0,0.0,0.0,0.0,2.535,2.513,2.503,0.0
2025-06-07 00:00:00,0.0,2.515,7.0,0.0,0.0,0.0,2.523,2.522,2.506,0.0
2025-06-07 01:00:00,0.0,2.516,7.0,0.0,0.0,0.0,2.51,2.523,2.51,0.0
2025-06-07 02:00:00,0.0,2.386,7.0,0.0,0.0,0.0,2.472,2.504,2.501,0.0
2025-06-07 03:00:00,0.0,2.421,7.0,0.0,0.0,0.0,2.441,2.482,2.499,0.0
2025-06-07 04:00:00,0.0,2.47,7.0,0.0,0.0,0.0,2.426,2.468,2.498,0.0
2025-06-07 05:00:00,0.0,2.472,7.0,0.0,0.0,0.0,2.454,2.463,2.499,0.0
2025-06-07 06:00:00,0.0,2.44,7.0,0.0,0.0,0.0,2.461,2.451,2.495,0.0
2025-06-07 07:00:00,0.0,2.537,7.0,0.0,0.0,0.0,2.483,2.454,2.498,0.0
2025-06-07 08:00:00,0.0,2.5,7.0,0.0,0.0,0.0,2.493,2.473,2.499,0.0
2025-06-07 09:00:00,0.0,2.489,7.0,0.0,0.0,0.0,2.509,2.485,2.498,0.0
2025-06-07 10:00:00,0.0,2.437,7.0,0.0,0.0,0.0,2.476,2.479,2.498,0.0
2025-06-07 11:00:00,0.0,2.498,7.0,0.0,0.0,0.0,2.475,2.484,2.498,0.0
2025-06-07 12:00:00,0.0,2.369,7.0,0.0,0.0,0.0,2.435,2.472,2.49,0.0
2025-06-07 13:00:00,0.0,2.492,7.0,0.0,0.0,0.0,2.453,2.464,2.488,0.0
2025-06-07 14:00:00,0.0,2.503,7.0,0.0,0.0,0.0,2.455,2.465,2.488,0.0
2025-06-07 15:00:00,0.0,2.512,7.0,0.0,0.0,0.0,2.502,2.468,2.488,0.0
2025-06-07 16:00:00,0.0,2.422,7.0,0.0,0.0,0.0,2.479,2.466,2.486,0.0
2025-06-07 17:00:00,0.0,2.511,7.0,0.0,0.0,0.0,2.482,2.468,2.482,0.0
2025-06-07 18:00:00,0.0,2.448,7.0,0.0,0.0,0.0,2.46,2.481,2.482,0.0
2025-06-07 19:00:00,0.0,2.459,7.0,0.0,0.0,0.0,2.473,2.476,2.479,0.0
2025-06-07 20:00:00,0.0,2.536,7.0,0.0,0.0,0.0,2.481,2.481,2.481,0.0
2025-06-07 21:00:00,39.484,2.601,7.0,39.484,39.484,39.484,2.532,2.496,2.483,0.0
2025-06-07 22:00:00,0.0,2.503,7.0,39.484,39.484,39.484,2.546,2.51,2.481,0.0
2025-06-07 23:00:00,0.0,2.459,7.0,39.484,39.484,39.484,2.521,2.501,2.479,0.0
2025-06-08 00:00:00,0.0,2.509,7.0,0.0,39.484,39.484,2.49,2.511,2.479,0.0
2025-06-08 01:00:00,0.0,6.495,7.0,0.0,39.484,39.484,3.821,3.184,2.645,0.0
2025-06-08 02:00:00,0.0,6.479,7.0,0.0,39.484,39.484,5.161,3.841,2.815,0.0
2025-06-08 03:00:00,0.0,6.586,7.0,0.0,0.0,39.484,6.52,4.505,2.989,0.0
2025-06-08 04:00:00,0.0,6.413,7.0,0.0,0.0,39.484,6.493,5.157,3.153,0.0
2025-06-08 05:00:00,0.0,6.461,7.0,0.0,0.0,39.484,6.486,5.824,3.319,0.0
2025-06-08 06:00:00,0.0,6.526,7.0,0.0,0.0,39.484,6.467,6.493,3.489,0.0
2025-06-08 07:00:00,0.0,2.574,7.0,0.0,0.0,39.484,5.187,5.84,3.491,0.0
2025-06-08 08:00:00,0.0,2.402,7.0,0.0,0.0,39.484,3.834,5.16,3.487,0.0
2025-06-08 09:00:00,0.0,2.5,7.0,0.0,0.0,39.484,2.492,4.479,3.487,0.0
2025-06-08 10:00:00,0.0,2.574,7.0,0.0,0.0,39.484,2.492,3.84,3.493,0.0
2025-06-08 11:00:00,46.495,2.645,7.0,46.495,46.495,85.98,2.573,3.204,3.499,0.0
2025-06-08 12:00:00,0.0,2.535,7.0,46.495,46.495,85.98,2.585,2.538,3.506,0.0
2025-06-08 13:00:00,30.201,2.482,7.0,76.697,76.697,116.181,2.554,2.523,3.506,0.0
2025-06-08 14:00:00,0.0,2.45,7.0,30.201,76.697,116.181,2.489,2.531,3.503,0.0
2025-06-08 15:00:00,0.0,7.26,7.0,30.201,76.697,116.181,4.064,3.324,3.701,0.26
2025-06-08 16:00:00,0.0,7.186,7.0,0.0,76.697,116.181,5.632,4.093,3.9,0.186
2025-06-08 17:00:00,0.0,10.127,7.0,0.0,30.201,116.181,8.191,5.34,4.217,3.127
2025-06-08 18:00:00,0.0,10.16,7.0,0.0,30.201,116.181,9.158,6.611,4.538,3.16
2025-06-08 19:00:00,0.0,10.185,7.0,0.0,0.0,116.181,10.157,7.895,4.86,3.185
2025-06-08 20:00:00,0.0,10.197,7.0,0.0,0.0,116.181,10.181,9.186,5.18,3.197
2025-06-08 21:00:00,0.0,5.475,7.0,0.0,0.0,76.697,8.619,8.888,5.299,0.0
2025-06-08 22:00:00,0.0,5.489,7.0,0.0,0.0,76.697,7.054,8.606,5.424,0.0
2025-06-08 23:00:00,0.0,2.417,7.0,0.0,0.0,76.697,4.461,7.321,5.422,0.0
2025-06-09 00:00:00,0.0,2.552,7.0,0.0,0.0,76.697,3.486,6.053,5.424,0.0
2025-06-09 01:00:00,0.0,2.483,7.0,0.0,0.0,76.697,2.484,4.769,5.257,0.0
2025-06-09 02:00:00,0.0,2.523,7.0,0.0,0.0,76.697,2.519,3.49,5.092,0.0
2025-06-09 03:00:00,0.0,2.571,7.0,0.0,0.0,76.697,2.526,3.006,4.924,0.0
2025-06-09 04:00:00,0.0,2.511,7.0,0.0,0.0,76.697,2.535,2.51,4.762,0.0
2025-06-09 05:00:00,0.0,2.494,7.0,0.0,0.0,76.697,2.525,2.522,4.597,0.0
2025-06-09 06:00:00,0.0,2.51,7.0,0.0,0.0,76.697,2.505,2.515,4.429,0.0
2025-06-09 07:00:00,0.0,2.503,7.0,0.0,0.0,76.697,2.502,2.519,4.426,0.0
2025-06-09 08:00:00,0.0,2.562,7.0,0.0,0.0,76.697,2.525,2.525,4.433,0.0
2025-06-09 09:00:00,0.0,2.516,7.0,0.0,0.0,76.697,2.527,2.516,4.434,0.0
2025-06-09 10:00:00,0.0,2.473,7.0,0.0,0.0,76.697,2.517,2.51,4.429,0.0
2025-06-09 11:00:00,0.0,2.552,7.0,0.0,0.0,30.201,2.514,2.519,4.426,0.0
2025-06-09 12:00:00,0.0,2.562,7.0,0.0,0.0,30.201,2.529,2.528,4.427,0.0
2025-06-09 13:00:00,0.0,2.433,7.0,0.0,0.0,0.0,2.516,2.516,4.425,0.0
2025-06-09 14:00:00,0.0,2.577,7.0,0.0,0.0,0.0,2.524,2.519,4.43,0.0
2025-06-09 15:00:00,0.0,2.518,7.0,0.0,0.0,0.0,2.509,2.519,4.232,0.0
2025-06-09 16:00:00,0.0,2.514,7.0,0.0,0.0,0.0,2.536,2.526,4.038,0.0
2025-06-09 17:00:00,0.0,2.55,7.0,0.0,0.0,0.0,2.528,2.526,3.722,0.0
2025-06-09 18:00:00,0.0,2.472,7.0,0.0,0.0,0.0,2.512,2.511,3.402,0.0
2025-06-09 19:00:00,0.0,2.548,7.0,0.0,0.0,0.0,2.523,2.53,3.083,0.0
2025-06-09 20:00:00,0.0,2.481,7.0,0.0,0.0,0.0,2.5,2.514,2.762,0.0
2025-06-09 21:00:00,0.0,2.426,7.0,0.0,0.0,0.0,2.485,2.499,2.635,0.0
2025-06-09 22:00:00,0.0,2.45,7.0,0.0,0.0,0.0,2.453,2.488,2.508,0.0
2025-06-09 23:00:00,0.0,2.528,7.0,0.0,0.0,0.0,2.468,2.484,2.513,0.0
2025-06-10 00:00:00,0.0,2.453,7.0,0.0,0.0,0.0,2.477,2.481,2.509,0.0
2025-06-10 01:00:00,0.0,2.581,7.0,0.0,0.0,0.0,2.521,2.487,2.513,0.0
2025-06-10 02:00:00,0.0,2.559,7.0,0.0,0.0,0.0,2.531,2.5,2.514,0.0
2025-06-10 03:00:00,0.0,2.567,7.0,0.0,0.0,0.0,2.569,2.523,2.514,0.0
2025-06-10 04:00:00,0.0,2.506,7.0,0.0,0.0,0.0,2.544,2.532,2.514,0.0
2025-06-10 05:00:00,0.0,2.513,7.0,0.0,0.0,0.0,2.529,2.53,2.515,0.0
2025-06-10 06:00:00,18.509,2.44,7.0,18.509,18.509,18.509,2.486,2.528,2.512,0.0
2025-06-10 07:00:00,0.0,2.55,7.0,18.509,18.509,18.509,2.501,2.523,2.514,0.0
2025-06-10 08:00:00,0.0,2.519,7.0,18.509,18.509,18.509,2.503,2.516,2.512,0.0
2025-06-10 09:00:00,0.0,2.528,7.0,0.0,18.509,18.509,2.532,2.509,2.513,0.0
2025-06-10 10:00:00,0.0,4.435,7.0,0.0,18.509,18.509,3.161,2.831,2.594,0.0
2025-06-10 11:00:00,0.0,4.321,7.0,0.0,18.509,18.509,3.761,3.132,2.668,0.0
2025-06-10 12:00:00,0.0,4.345,7.0,0.0,0.0,18.509,4.367,3.45,2.742,0.0
2025-06-10 13:00:00,0.0,4.367,7.0,0.0,0.0,18.509,4.344,3.753,2.823,0.0
2025-06-10 14:00:00,0.0,4.304,7.0,0.0,0.0,18.509,4.339,4.05,2.895,0.0
2025-06-10 15:00:00,0.0,4.342,7.0,0.0,0.0,18.509,4.338,4.352,2.971,0.0
2025-06-10 16:00:00,0.0,2.525,7.0,0.0,0.0,18.509,3.723,4.034,2.971,0.0
2025-06-10 17:00:00,0.0,2.484,7.0,0.0,0.0,18.509,3.117,3.728,2.968,0.0
2025-06-10 18:00:00,0.0,2.565,7.0,0.0,0.0,18.509,2.525,3.431,2.972,0.0
2025-06-10 19:00:00,0.0,2.424,7.0,0.0,0.0,18.509,2.491,3.107,2.967,0.0
2025-06-10 20:00:00,0.0,2.556,7.0,0.0,0.0,18.509,2.515,2.816,2.97,0.0
2025-06-10 21:00:00,0.0,2.533,7.0,0.0,0.0,18.509,2.505,2.515,2.975,0.0
2025-06-10 22:00:00,0.0,2.472,7.0,0.0,0.0,18.509,2.52,2.506,2.976,0.0
2025-06-10 23:00:00,0.0,2.454,7.0,0.0,0.0,18.509,2.486,2.501,2.973,0.0
2025-06-11 00:00:00,0.0,2.396,7.0,0.0,0.0,18.509,2.44,2.472,2.97,0.0
2025-06-11 01:00:00,0.0,2.46,7.0,0.0,0.0,18.509,2.437,2.478,2.965,0.0
2025-06-11 02:00:00,0.0,2.552,7.0,0.0,0.0,18.509,2.47,2.478,2.965,0.0
2025-06-11 03:00:00,0.0,2.497,7.0,0.0,0.0,18.509,2.503,2.472,2.962,0.0
2025-06-11 04:00:00,0.0,2.558,7.0,0.0,0.0,18.509,2.536,2.486,2.964,0.0
2025-06-11 05:00:00,0.0,2.469,7.0,0.0,0.0,18.509,2.508,2.489,2.962,0.0
2025-06-11 06:00:00,0.0,2.535,7.0,0.0,0.0,0.0,2.521,2.512,2.966,0.0
2025-06-11 07:00:00,0.0,2.464,7.0,0.0,0.0,0.0,2.489,2.513,2.963,0.0
2025-06-11 08:00:00,0.0,2.452,7.0,0.0,0.0,0.0,2.484,2.496,2.96,0.0
2025-06-11 09:00:00,0.0,2.495,7.0,0.0,0.0,0.0,2.47,2.496,2.959,0.0
2025-06-11 10:00:00,0.0,2.467,7.0,0.0,0.0,0.0,2.471,2.48,2.877,0.0
2025-06-11 11:00:00,0.0,2.423,7.0,0.0,0.0,0.0,2.461,2.473,2.797,0.0
2025-06-11 12:00:00,0.0,2.491,7.0,0.0,0.0,0.0,2.46,2.465,2.72,0.0
2025-06-11 13:00:00,0.0,2.505,7.0,0.0,0.0,0.0,2.473,2.472,2.643,0.0
2025-06-11 14:00:00,0.0,2.563,7.0,0.0,0.0,0.0,2.52,2.491,2.57,0.0
2025-06-11 15:00:00,0.0,2.547,7.0,0.0,0.0,0.0,2.539,2.499,2.495,0.0
2025-06-11 16:00:00,0.0,2.561,7.0,0.0,0.0,0.0,2.557,2.515,2.497,0.0
2025-06-11 17:00:00,0.0,2.536,7.0,0.0,0.0,0.0,2.548,2.534,2.499,0.0
2025-06-11 18:00:00,28.878,2.517,7.0,28.878,28.878,28.878,2.538,2.538,2.497,0.0
2025-06-11 19:00:00,0.0,2.439,7.0,28.878,28.878,28.878,2.497,2.527,2.498,0.0
2025-06-11 20:00:00,0.0,2.507,7.0,28.878,28.878,28.878,2.488,2.518,2.496,0.0
2025-06-11 21:00:00,0.0,2.53,7.0,0.0,28.878,28.878,2.492,2.515,2.495,0.0
2025-06-11 22:00:00,0.0,5.461,7.0,0.0,28.878,28.878,3.499,2.998,2.62,0.0
2025-06-11 23:00:00,0.0,5.422,7.0,0.0,28.878,28.878,4.471,3.479,2.744,0.0
2025-06-12 00:00:00,0.0,5.45,7.0,0.0,0.0,28.878,5.444,3.968,2.871,0.0
2025-06-12 01:00:00,0.0,5.336,7.0,0.0,0.0,28.878,5.403,4.451,2.991,0.0
2025-06-12 02:00:00,0.0,5.372,7.0,0.0,0.0,28.878,5.386,4.928,3.108,0.0
2025-06-12 03:00:00,0.0,5.409,7.0,0.0,0.0,28.878,5.372,5.408,3.23,0.0
2025-06-12 04:00:00,0.0,2.558,7.0,0.0,0.0,28.878,4.446,4.925,3.23,0.0
2025-06-12 05:00:00,0.0,2.493,7.0,0.0,0.0,28.878,3.487,4.436,3.23,0.0
2025-06-12 06:00:00,0.0,2.496,7.0,0.0,0.0,28.878,2.516,3.944,3.229,0.0
2025-06-12 07:00:00,0.0,2.534,7.0,0.0,0.0,28.878,2.508,3.477,3.232,0.0
2025-06-12 08:00:00,0.0,2.444,7.0,0.0,0.0,28.878,2.491,2.989,3.231,0.0
2025-06-12 09:00:00,0.0,2.58,7.0,0.0,0.0,28.878,2.519,2.518,3.235,0.0
2025-06-12 10:00:00,0.0,2.456,7.0,0.0,0.0,28.878,2.493,2.501,3.235,0.0
2025-06-12 11:00:00,0.0,2.404,7.0,0.0,0.0,28.878,2.48,2.486,3.234,0.0
2025-06-12 12:00:00,0.0,2.501,7.0,0.0,0.0,28.878,2.454,2.487,3.234,0.0
2025-06-12 13:00:00,0.0,2.585,7.0,0.0,0.0,28.878,2.496,2.495,3.238,0.0
2025-06-12 14:00:00,0.0,2.529,7.0,0.0,0.0,28.878,2.538,2.509,3.236,0.0
2025-06-12 15:00:00,0.0,2.538,7.0,0.0,0.0,28.878,2.551,2.502,3.236,0.0
2025-06-12 16:00:00,0.0,2.502,7.0,0.0,0.0,28.878,2.523,2.51,3.233,0.0
2025-06-12 17:00:00,0.0,2.492,7.0,0.0,0.0,28.878,2.511,2.524,3.231,0.0
2025-06-12 18:00:00,0.0,2.423,7.0,0.0,0.0,0.0,2.472,2.512,3.228,0.0
2025-06-12 19:00:00,0.0,2.387,7.0,0.0,0.0,0.0,2.434,2.479,3.225,0.0
2025-06-12 20:00:00,0.0,2.51,7.0,0.0,0.0,0.0,2.44,2.475,3.225,0.0
2025-06-12 21:00:00,0.0,2.566,7.0,0.0,0.0,0.0,2.487,2.48,3.227,0.0
2025-06-12 22:00:00,0.0,2.517,7.0,0.0,0.0,0.0,2.531,2.482,3.104,0.0
2025-06-12 23:00:00,0.0,2.531,7.0,0.0,0.0,0.0,2.538,2.489,2.984,0.0
2025-06-13 00:00:00,0.0,2.579,7.0,0.0,0.0,0.0,2.543,2.515,2.864,0.0
2025-06-13 01:00:00,1.061,2.516,7.0,1.061,1.061,1.061,2.542,2.537,2.747,0.0
2025-06-13 02:00:00,8.217,2.494,7.0,9.278,9.278,9.278,2.53,2.534,2.627,0.0
2025-06-13 03:00:00,0.0,2.459,7.0,9.278,9.278,9.278,2.49,2.516,2.504,0.0
2025-06-13 04:00:00,0.0,2.601,7.0,8.217,9.278,9.278,2.518,2.53,2.506,0.0
2025-06-13 05:00:00,0.0,2.632,7.0,0.0,9.278,9.278,2.564,2.547,2.512,0.0
2025-06-13 06:00:00,0.0,3.381,7.0,0.0,9.278,9.278,2.871,2.681,2.548,0.0
2025-06-13 07:00:00,0.0,3.369,7.0,0.0,8.217,9.278,3.127,2.823,2.583,0.0
2025-06-13 08:00:00,0.0,3.49,7.0,0.0,0.0,9.278,3.413,2.989,2.627,0.0
2025-06-13 09:00:00,0.0,3.376,7.0,0.0,0.0,9.278,3.412,3.142,2.66,0.0
2025-06-13 10:00:00,0.0,3.521,7.0,0.0,0.0,9.278,3.462,3.295,2.704,0.0
2025-06-13 11:00:00,0.0,3.184,7.0,0.0,0.0,9.278,3.36,3.387,2.737,0.0
2025-06-13 12:00:00,14.732,2.571,7.0,14.732,14.732,24.011,3.092,3.252,2.74,0.0
2025-06-13 13:00:00,0.0,2.524,7.0,14.732,14.732,24.011,2.76,3.111,2.737,0.0
2025-06-13 14:00:00,0.0,2.506,7.0,14.732,14.732,24.011,2.534,2.947,2.736,0.0
2025-06-13 15:00:00,0.0,2.491,7.0,0.0,14.732,24.011,2.507,2.8,2.734,0.0
2025-06-13 16:00:00,0.0,4.068,7.0,0.0,14.732,24.011,3.022,2.891,2.8,0.0
2025-06-13 17:00:00,0.0,4.009,7.0,0.0,14.732,24.011,3.523,3.028,2.863,0.0
2025-06-13 18:00:00,0.0,3.928,7.0,0.0,0.0,24.011,4.001,3.254,2.925,0.0
2025-06-13 19:00:00,0.0,3.887,7.0,0.0,0.0,24.011,3.941,3.481,2.988,0.0
2025-06-13 20:00:00,0.0,3.982,7.0,0.0,0.0,24.011,3.932,3.728,3.049,0.0
2025-06-13 21:00:00,0.0,3.973,7.0,0.0,0.0,24.011,3.948,3.975,3.108,0.0
2025-06-13 22:00:00,0.0,2.424,7.0,0.0,0.0,24.011,3.46,3.701,3.104,0.0
2025-06-13 23:00:00,0.0,2.497,7.0,0.0,0.0,24.011,2.965,3.449,3.103,0.0
2025-06-14 00:00:00,0.0,2.471,7.0,0.0,0.0,24.011,2.464,3.206,3.098,0.0
2025-06-14 01:00:00,0.0,2.5,7.0,0.0,0.0,22.95,2.49,2.975,3.097,0.0
2025-06-14 02:00:00,0.0,2.536,7.0,0.0,0.0,14.732,2.503,2.734,3.099,0.0
2025-06-14 03:00:00,0.0,2.575,7.0,0.0,0.0,14.732,2.537,2.501,3.104,0.0
2025-06-14 04:00:00,0.0,2.545,7.0,0.0,0.0,14.732,2.552,2.521,3.102,0.0
2025-06-14 05:00:00,0.0,2.464,7.0,0.0,0.0,14.732,2.528,2.515,3.095,0.0
2025-06-14 06:00:00,0.0,2.518,7.0,0.0,0.0,14.732,2.509,2.523,3.059,0.0
2025-06-14 07:00:00,0.0,2.503,7.0,0.0,0.0,14.732,2.495,2.524,3.023,0.0
2025-06-14 08:00:00,0.0,2.433,7.0,0.0,0.0,14.732,2.485,2.506,2.979,0.0
2025-06-14 09:00:00,0.0,2.52,7.0,0.0,0.0,14.732,2.485,2.497,2.943,0.0
2025-06-14 10:00:00,0.0,2.593,7.0,0.0,0.0,14.732,2.515,2.505,2.904,0.0
2025-06-14 11:00:00,0.0,2.502,7.0,0.0,0.0,14.732,2.538,2.512,2.876,0.0
2025-06-14 12:00:00,0.0,2.42,7.0,0.0,0.0,0.0,2.505,2.495,2.87,0.0
2025-06-14 13:00:00,0.0,2.502,7.0,0.0,0.0,0.0,2.474,2.495,2.869,0.0
2025-06-14 14:00:00,0.0,2.439,7.0,0.0,0.0,0.0,2.454,2.496,2.866,0.0
2025-06-14 15:00:00,0.0,2.543,7.0,0.0,0.0,0.0,2.495,2.5,2.868,0.0
2025-06-14 16:00:00,21.688,2.526,7.0,21.688,21.688,21.688,2.503,2.489,2.804,0.0
2025-06-14 17:00:00,0.0,2.491,7.0,21.688,21.688,21.688,2.52,2.487,2.741,0.0
2025-06-14 18:00:00,0.0,2.483,7.0,21.688,21.688,21.688,2.5,2.498,2.68,0.0
2025-06-14 19:00:00,0.0,2.489,7.0,0.0,21.688,21.688,2.488,2.496,2.622,0.0
2025-06-14 20:00:00,0.0,4.669,7.0,0.0,21.688,21.688,3.214,2.867,2.651,0.0
2025-06-14 21:00:00,0.0,4.63,7.0,0.0,21.688,21.688,3.93,3.215,2.678,0.0
2025-06-14 22:00:00,0.0,4.599,7.0,0.0,0.0,21.688,4.633,3.561,2.769,0.0
2025-06-14 23:00:00,0.0,4.726,7.0,0.0,0.0,21.688,4.652,3.933,2.862,0.0
2025-06-15 00:00:00,0.0,4.65,7.0,0.0,0.0,21.688,4.658,4.294,2.952,0.0
2025-06-15 01:00:00,0.0,4.677,7.0,0.0,0.0,21.688,4.684,4.659,3.043,0.0
2025-06-15 02:00:00,0.0,2.514,7.0,0.0,0.0,21.688,3.947,4.299,3.042,0.0
2025-06-15 03:00:00,0.0,2.516,7.0,0.0,0.0,21.688,3.236,3.947,3.04,0.0
2025-06-15 04:00:00,0.0,2.441,7.0,0.0,0.0,21.688,2.491,3.587,3.035,0.0
2025-06-15 05:00:00,0.0,2.416,7.0,0.0,0.0,21.688,2.458,3.202,3.033,0.0
2025-06-15 06:00:00,0.0,2.471,7.0,0.0,0.0,21.688,2.443,2.839,3.031,0.0
2025-06-15 07:00:00,0.0,2.52,7.0,0.0,0.0,21.688,2.469,2.48,3.032,0.0
2025-06-15 08:00:00,0.0,2.464,7.0,0.0,0.0,21.688,2.485,2.471,3.033,0.0
2025-06-15 09:00:00,0.0,2.482,7.0,0.0,0.0,21.688,2.489,2.466,3.032,0.0
2025-06-15 10:00:00,4.913,2.606,7.0,4.913,4.913,26.601,2.517,2.493,3.032,0.0
2025-06-15 11:00:00,0.0,2.408,7.0,4.913,4.913,26.601,2.499,2.492,3.029,0.0
2025-06-15 12:00:00,0.0,2.462,7.0,4.913,4.913,26.601,2.492,2.49,3.03,0.0
2025-06-15 13:00:00,0.0,2.595,7.0,0.0,4.913,26.601,2.488,2.503,3.034,0.0
2025-06-15 14:00:00,0.0,2.989,7.0,0.0,4.913,26.601,2.682,2.59,3.057,0.0
2025-06-15 15:00:00,0.0,2.956,7.0,0.0,4.913,26.601,2.847,2.669,3.074,0.0
2025-06-15 16:00:00,0.0,3.05,7.0,0.0,0.0,4.913,2.998,2.743,3.096,0.0
2025-06-15 17:00:00,0.0,2.994,7.0,0.0,0.0,4.913,3.0,2.841,3.117,0.0
2025-06-15 18:00:00,0.0,2.974,7.0,0.0,0.0,4.913,3.006,2.926,3.137,0.0
2025-06-15 19:00:00,0.0,3.001,7.0,0.0,0.0,4.913,2.99,2.994,3.159,0.0
2025-06-15 20:00:00,0.0,2.467,7.0,0.0,0.0,4.913,2.814,2.907,3.067,0.0
2025-06-15 21:00:00,0.0,2.449,7.0,0.0,0.0,4.913,2.639,2.822,2.976,0.0
2025-06-15 22:00:00,0.0,2.494,7.0,0.0,0.0,4.913,2.47,2.73,2.888,0.0
2025-06-15 23:00:00,0.0,2.449,7.0,0.0,0.0,4.913,2.464,2.639,2.794,0.0
2025-06-16 00:00:00,0.0,2.501,7.0,0.0,0.0,4.913,2.481,2.56,2.704,0.0
2025-06-16 01:00:00,0.0,2.518,7.0,0.0,0.0,4.913,2.489,2.48,2.614,0.0
2025-06-16 02:00:00,0.0,2.543,7.0,0.0,0.0,4.913,2.52,2.492,2.615,0.0
2025-06-16 03:00:00,0.0,2.556,7.0,0.0,0.0,4.913,2.539,2.51,2.617,0.0
2025-06-16 04:00:00,0.0,2.48,7.0,0.0,0.0,4.913,2.526,2.508,2.619,0.0
2025-06-16 05:00:00,0.0,2.525,7.0,0.0,0.0,4.913,2.52,2.52,2.623,0.0
2025-06-16 06:00:00,0.0,2.525,7.0,0.0,0.0,4.913,2.51,2.524,2.625,0.0
2025-06-16 07:00:00,0.0,2.516,7.0,0.0,0.0,4.913,2.522,2.524,2.625,0.0
2025-06-16 08:00:00,0.0,2.476,7.0,0.0,0.0,4.913,2.506,2.513,2.626,0.0
2025-06-16 09:00:00,0.0,2.449,7.0,0.0,0.0,4.913,2.48,2.495,2.624,0.0
2025-06-16 10:00:00,0.0,2.525,7.0,0.0,0.0,0.0,2.483,2.503,2.621,0.0
2025-06-16 11:00:00,0.0,2.415,7.0,0.0,0.0,0.0,2.463,2.484,2.621,0.0
2025-06-16 12:00:00,0.0,2.487,7.0,0.0,0.0,0.0,2.475,2.478,2.622,0.0
2025-06-16 13:00:00,0.0,2.372,7.0,0.0,0.0,0.0,2.425,2.454,2.613,0.0
2025-06-16 14:00:00,0.0,2.433,7.0,0.0,0.0,0.0,2.431,2.447,2.59,0.0
2025-06-16 15:00:00,0.0,2.456,7.0,0.0,0.0,0.0,2.421,2.448,2.569,0.0
2025-06-16 16:00:00,0.0,2.555,7.0,0.0,0.0,0.0,2.481,2.453,2.548,0.0
2025-06-16 17:00:00,0.0,2.534,7.0,0.0,0.0,0.0,2.515,2.473,2.529,0.0
2025-06-16 18:00:00,0.0,2.472,7.0,0.0,0.0,0.0,2.521,2.471,2.508,0.0
2025-06-16 19:00:00,0.0,2.536,7.0,0.0,0.0,0.0,2.514,2.498,2.489,0.0
2025-06-16 20:00:00,0.0,2.544,7.0,0.0,0.0,0.0,2.518,2.516,2.492,0.0
2025-06-16 21:00:00,0.0,2.492,7.0,0.0,0.0,0.0,2.524,2.522,2.494,0.0
2025-06-16 22:00:00,0.0,2.431,7.0,0.0,0.0,0.0,2.489,2.502,2.491,0.0
2025-06-16 23:00:00,0.0,2.49,7.0,0.0,0.0,0.0,2.471,2.494,2.493,0.0
2025-06-17 00:00:00,0.0,2.495,7.0,0.0,0.0,0.0,2.472,2.498,2.493,0.0
2025-06-17 01:00:00,0.0,2.438,7.0,0.0,0.0,0.0,2.474,2.482,2.489,0.0
2025-06-17 02:00:00,0.0,2.518,7.0,0.0,0.0,0.0,2.484,2.477,2.488,0.0
2025-06-17 03:00:00,0.0,2.514,7.0,0.0,0.0,0.0,2.49,2.481,2.487,0.0
2025-06-17 04:00:00,0.0,2.522,7.0,0.0,0.0,0.0,2.518,2.496,2.488,0.0
2025-06-17 05:00:00,0.0,2.514,7.0,0.0,0.0,0.0,2.517,2.5,2.488,0.0
2025-06-17 06:00:00,0.0,2.536,7.0,0.0,0.0,0.0,2.524,2.507,2.488,0.0
2025-06-17 07:00:00,0.0,2.491,7.0,0.0,0.0,0.0,2.514,2.516,2.487,0.0
2025-06-17 08:00:00,0.0,2.51,7.0,0.0,0.0,0.0,2.513,2.515,2.489,0.0
2025-06-17 09:00:00,0.0,2.48,7.0,0.0,0.0,0.0,2.494,2.509,2.49,0.0
2025-06-17 10:00:00,0.0,2.471,7.0,0.0,0.0,0.0,2.487,2.5,2.488,0.0
2025-06-17 11:00:00,0.0,2.567,7.0,0.0,0.0,0.0,2.506,2.509,2.494,0.0
2025-06-17 12:00:00,0.0,2.398,7.0,0.0,0.0,0.0,2.478,2.486,2.49,0.0
2025-06-17 13:00:00,0.0,2.544,7.0,0.0,0.0,0.0,2.503,2.495,2.498,0.0
2025-06-17 14:00:00,0.0,2.469,7.0,0.0,0.0,0.0,2.47,2.488,2.499,0.0
2025-06-17 15:00:00,0.0,2.462,7.0,0.0,0.0,0.0,2.492,2.485,2.499,0.0
2025-06-17 16:00:00,0.0,2.513,7.0,0.0,0.0,0.0,2.482,2.492,2.498,0.0
2025-06-17 17:00:00,0.0,2.426,7.0,0.0,0.0,0.0,2.467,2.469,2.493,0.0
2025-06-17 18:00:00,0.0,2.459,7.0,0.0,0.0,0.0,2.466,2.479,2.493,0.0
2025-06-17 19:00:00,0.0,2.458,7.0,0.0,0.0,0.0,2.447,2.464,2.489,0.0
2025-06-17 20:00:00,0.0,2.489,7.0,0.0,0.0,0.0,2.469,2.468,2.487,0.0
2025-06-17 21:00:00,0.0,2.46,7.0,0.0,0.0,0.0,2.469,2.467,2.486,0.0
2025-06-17 22:00:00,0.0,2.58,7.0,0.0,0.0,0.0,2.51,2.479,2.492,0.0
2025-06-17 23:00:00,0.0,2.59,7.0,0.0,0.0,0.0,2.543,2.506,2.496,0.0
2025-06-18 00:00:00,0.0,2.399,7.0,0.0,0.0,0.0,2.523,2.496,2.492,0.0
2025-06-18 01:00:00,62.207,2.527,7.0,62.207,62.207,62.207,2.505,2.507,2.496,0.0
2025-06-18 02:00:00,0.0,2.543,7.0,62.207,62.207,62.207,2.49,2.516,2.497,0.0
2025-06-18 03:00:00,60.907,2.527,7.0,123.114,123.114,123.114,2.532,2.528,2.497,0.0
2025-06-18 04:00:00,34.722,2.467,7.0,95.63,157.836,157.836,2.512,2.509,2.495,0.0
2025-06-18 05:00:00,0.0,8.708,7.0,95.63,157.836,157.836,4.568,3.529,2.753,1.708
2025-06-18 06:00:00,0.0,8.683,7.0,34.722,157.836,157.836,6.62,4.576,3.009,1.683
2025-06-18 07:00:00,0.0,14.79,7.0,0.0,95.63,157.836,10.727,6.62,3.522,7.79
2025-06-18 08:00:00,0.0,18.223,7.0,0.0,95.63,157.836,13.899,9.233,4.176,11.223
2025-06-18 09:00:00,0.0,18.278,7.0,0.0,34.722,157.836,17.097,11.858,4.835,11.278
2025-06-18 10:00:00,0.0,18.208,7.0,0.0,0.0,157.836,18.237,14.482,5.49,11.208
2025-06-18 11:00:00,0.0,12.053,7.0,0.0,0.0,157.836,16.18,15.039,5.886,5.053
2025-06-18 12:00:00,0.0,12.001,7.0,0.0,0.0,157.836,14.087,15.592,6.286,5.001
2025-06-18 13:00:00,0.0,5.983,7.0,0.0,0.0,157.836,10.012,14.124,6.429,0.0
2025-06-18 14:00:00,0.0,2.466,7.0,0.0,0.0,157.836,6.816,11.498,6.429,0.0
2025-06-18 15:00:00,0.0,2.515,7.0,0.0,0.0,157.836,3.654,8.871,6.431,0.0
2025-06-18 16:00:00,0.0,2.554,7.0,0.0,0.0,157.836,2.512,6.262,6.433,0.0
2025-06-18 17:00:00,0.0,2.579,7.0,0.0,0.0,157.836,2.549,4.683,6.439,0.0
2025-06-18 18:00:00,0.0,2.374,7.0,0.0,0.0,157.836,2.502,3.078,6.436,0.0
2025-06-18 19:00:00,0.0,2.458,7.0,0.0,0.0,157.836,2.47,2.491,6.436,0.0
2025-06-18 20:00:00,0.0,2.485,7.0,0.0,0.0,157.836,2.439,2.494,6.435,0.0
2025-06-18 21:00:00,0.0,2.523,7.0,0.0,0.0,157.836,2.489,2.496,6.438,0.0
2025-06-18 22:00:00,0.0,2.417,7.0,0.0,0.0,157.836,2.475,2.473,6.431,0.0
2025-06-18 23:00:00,0.0,2.451,7.0,0.0,0.0,157.836,2.464,2.451,6.426,0.0
2025-06-19 00:00:00,0.0,2.507,7.0,0.0,0.0,157.836,2.458,2.474,6.43,0.0
2025-06-19 01:00:00,0.0,2.504,7.0,0.0,0.0,95.63,2.487,2.481,6.429,0.0
2025-06-19 02:00:00,0.0,2.519,7.0,0.0,0.0,95.63,2.51,2.487,6.428,0.0
2025-06-19 03:00:00,14.377,2.522,7.0,14.377,14.377,49.099,2.515,2.487,6.428,0.0
2025-06-19 04:00:00,0.0,2.517,7.0,14.377,14.377,14.377,2.519,2.503,6.43,0.0
2025-06-19 05:00:00,0.0,2.51,7.0,14.377,14.377,14.377,2.516,2.513,6.172,0.0
2025-06-19 06:00:00,0.0,2.503,7.0,0.0,14.377,14.377,2.51,2.512,5.914,0.0
2025-06-19 07:00:00,0.0,3.971,7.0,0.0,14.377,14.377,2.994,2.757,5.463,0.0
2025-06-19 08:00:00,0.0,3.826,7.0,0.0,14.377,14.377,3.433,2.975,4.863,0.0
2025-06-19 09:00:00,0.0,4.015,7.0,0.0,0.0,14.377,3.937,3.223,4.269,0.0
2025-06-19 10:00:00,0.0,3.827,7.0,0.0,0.0,14.377,3.889,3.442,3.67,0.0
2025-06-19 11:00:00,0.476,3.884,7.0,0.476,0.476,14.853,3.909,3.671,3.33,0.0
2025-06-19 12:00:00,0.0,3.926,7.0,0.476,0.476,14.853,3.879,3.908,2.993,0.0
2025-06-19 13:00:00,0.0,2.534,7.0,0.476,0.476,14.853,3.448,3.669,2.849,0.0
2025-06-19 14:00:00,0.0,2.35,7.0,0.0,0.476,14.853,2.937,3.423,2.845,0.0
2025-06-19 15:00:00,0.0,2.546,7.0,0.0,0.476,14.853,2.477,3.178,2.846,0.0
2025-06-19 16:00:00,0.0,2.587,7.0,0.0,0.476,14.853,2.495,2.971,2.847,0.0
2025-06-19 17:00:00,0.0,2.597,7.0,0.0,0.0,14.853,2.577,2.757,2.848,0.0
2025-06-19 18:00:00,0.0,2.513,7.0,0.0,0.0,14.853,2.566,2.521,2.854,0.0
2025-06-19 19:00:00,0.0,2.533,7.0,0.0,0.0,14.853,2.548,2.521,2.857,0.0
2025-06-19 20:00:00,0.0,2.517,7.0,0.0,0.0,14.853,2.521,2.549,2.858,0.0
2025-06-19 21:00:00,0.0,2.48,7.0,0.0,0.0,14.853,2.51,2.538,2.856,0.0
2025-06-19 22:00:00,0.0,2.448,7.0,0.0,0.0,14.853,2.482,2.515,2.858,0.0
2025-06-19 23:00:00,0.0,2.456,7.0,0.0,0.0,14.853,2.461,2.491,2.858,0.0
2025-06-20 00:00:00,0.0,2.522,7.0,0.0,0.0,14.853,2.475,2.493,2.859,0.0
2025-06-20 01:00:00,0.0,2.507,7.0,0.0,0.0,14.853,2.495,2.488,2.859,0.0
2025-06-20 02:00:00,0.0,2.525,7.0,0.0,0.0,14.853,2.518,2.49,2.859,0.0
2025-06-20 03:00:00,0.0,2.511,7.0,0.0,0.0,0.476,2.514,2.495,2.858,0.0
2025-06-20 04:00:00,0.0,2.535,7.0,0.0,0.0,0.476,2.523,2.509,2.859,0.0
2025-06-20 05:00:00,0.0,2.544,7.0,0.0,0.0,0.476,2.53,2.524,2.861,0.0
2025-06-20 06:00:00,0.0,2.413,7.0,0.0,0.0,0.476,2.497,2.506,2.857,0.0
2025-06-20 07:00:00,0.0,2.457,7.0,0.0,0.0,0.476,2.471,2.497,2.794,0.0
2025-06-20 08:00:00,0.0,2.488,7.0,0.0,0.0,0.476,2.453,2.491,2.738,0.0
2025-06-20 09:00:00,0.0,2.499,7.0,0.0,0.0,0.476,2.482,2.489,2.675,0.0
2025-06-20 10:00:00,0.0,2.466,7.0,0.0,0.0,0.476,2.485,2.478,2.618,0.0
2025-06-20 11:00:00,0.0,2.546,7.0,0.0,0.0,0.0,2.504,2.478,2.562,0.0
2025-06-20 12:00:00,0.0,2.599,7.0,0.0,0.0,0.0,2.537,2.509,2.507,0.0
2025-06-20 13:00:00,0.0,2.509,7.0,0.0,0.0,0.0,2.551,2.518,2.506,0.0
2025-06-20 14:00:00,0.0,2.504,7.0,0.0,0.0,0.0,2.538,2.521,2.513,0.0
2025-06-20 15:00:00,0.0,2.542,7.0,0.0,0.0,0.0,2.519,2.528,2.512,0.0
2025-06-20 16:00:00,0.0,2.407,7.0,0.0,0.0,0.0,2.484,2.518,2.505,0.0
2025-06-20 17:00:00,0.0,2.501,7.0,0.0,0.0,0.0,2.484,2.511,2.501,0.0
2025-06-20 18:00:00,0.0,2.549,7.0,0.0,0.0,0.0,2.486,2.502,2.502,0.0
2025-06-20 19:00:00,0.0,2.468,7.0,0.0,0.0,0.0,2.506,2.495,2.5,0.0
2025-06-20 20:00:00,0.0,2.439,7.0,0.0,0.0,0.0,2.485,2.484,2.496,0.0
2025-06-20 21:00:00,0.0,2.491,7.0,0.0,0.0,0.0,2.466,2.476,2.497,0.0
2025-06-20 22:00:00,0.0,2.497,7.0,0.0,0.0,0.0,2.475,2.491,2.499,0.0
2025-06-20 23:00:00,0.0,2.455,7.0,0.0,0.0,0.0,2.481,2.483,2.499,0.0
2025-06-21 00:00:00,0.0,2.605,7.0,0.0,0.0,0.0,2.519,2.492,2.502,0.0
2025-06-21 01:00:00,0.0,2.476,7.0,0.0,0.0,0.0,2.512,2.494,2.501,0.0
2025-06-21 02:00:00,8.314,2.442,7.0,8.314,8.314,8.314,2.508,2.494,2.498,0.0
2025-06-21 03:00:00,0.0,2.495,7.0,8.314,8.314,8.314,2.471,2.495,2.497,0.0
2025-06-21 04:00:00,0.0,2.545,7.0,8.314,8.314,8.314,2.494,2.503,2.497,0.0
2025-06-21 05:00:00,0.0,2.501,7.0,0.0,8.314,8.314,2.514,2.511,2.496,0.0
2025-06-21 06:00:00,0.0,3.356,7.0,0.0,8.314,8.314,2.801,2.636,2.535,0.0
2025-06-21 07:00:00,0.0,3.288,7.0,0.0,8.314,8.314,3.048,2.771,2.57,0.0
2025-06-21 08:00:00,0.0,3.406,7.0,0.0,0.0,8.314,3.35,2.932,2.608,0.0
2025-06-21 09:00:00,0.0,3.359,7.0,0.0,0.0,8.314,3.351,3.076,2.644,0.0
2025-06-21 10:00:00,0.0,3.384,7.0,0.0,0.0,8.314,3.383,3.216,2.682,0.0
2025-06-21 11:00:00,0.0,3.35,7.0,0.0,0.0,8.314,3.364,3.357,2.715,0.0
2025-06-21 12:00:00,0.0,2.541,7.0,0.0,0.0,8.314,3.092,3.221,2.713,0.0
2025-06-21 13:00:00,0.0,2.456,7.0,0.0,0.0,8.314,2.782,3.083,2.711,0.0
2025-06-21 14:00:00,0.0,2.475,7.0,0.0,0.0,8.314,2.491,2.928,2.71,0.0
2025-06-21 15:00:00,0.0,2.567,7.0,0.0,0.0,8.314,2.5,2.796,2.711,0.0
2025-06-21 16:00:00,0.0,2.578,7.0,0.0,0.0,8.314,2.54,2.661,2.718,0.0
2025-06-21 17:00:00,0.0,2.443,7.0,0.0,0.0,8.314,2.529,2.51,2.715,0.0
2025-06-21 18:00:00,0.0,2.512,7.0,0.0,0.0,8.314,2.511,2.505,2.714,0.0
2025-06-21 19:00:00,0.0,2.478,7.0,0.0,0.0,8.314,2.478,2.509,2.714,0.0
2025-06-21 20:00:00,0.0,2.465,7.0,0.0,0.0,8.314,2.485,2.507,2.715,0.0
2025-06-21 21:00:00,0.0,2.514,7.0,0.0,0.0,8.314,2.486,2.498,2.716,0.0
2025-06-21 22:00:00,0.0,2.557,7.0,0.0,0.0,8.314,2.512,2.495,2.719,0.0
2025-06-21 23:00:00,0.0,2.523,7.0,0.0,0.0,8.314,2.531,2.508,2.722,0.0
2025-06-22 00:00:00,0.0,2.484,7.0,0.0,0.0,8.314,2.521,2.504,2.717,0.0
2025-06-22 01:00:00,0.0,2.526,7.0,0.0,0.0,8.314,2.511,2.511,2.719,0.0
2025-06-22 02:00:00,0.0,2.482,7.0,0.0,0.0,0.0,2.497,2.514,2.72,0.0
2025-06-22 03:00:00,0.0,2.521,7.0,0.0,0.0,0.0,2.509,2.515,2.721,0.0
2025-06-22 04:00:00,0.0,2.57,7.0,0.0,0.0,0.0,2.524,2.517,2.722,0.0
2025-06-22 05:00:00,0.0,2.396,7.0,0.0,0.0,0.0,2.496,2.496,2.718,0.0
2025-06-22 06:00:00,0.0,2.54,7.0,0.0,0.0,0.0,2.502,2.506,2.684,0.0
2025-06-22 07:00:00,0.0,2.423,7.0,0.0,0.0,0.0,2.453,2.489,2.648,0.0
2025-06-22 08:00:00,0.0,2.561,7.0,0.0,0.0,0.0,2.508,2.502,2.613,0.0
2025-06-22 09:00:00,0.0,2.468,7.0,0.0,0.0,0.0,2.484,2.493,2.576,0.0
2025-06-22 10:00:00,0.0,2.439,7.0,0.0,0.0,0.0,2.49,2.471,2.536,0.0
2025-06-22 11:00:00,0.0,2.535,7.0,0.0,0.0,0.0,2.481,2.494,2.502,0.0
2025-06-22 12:00:00,0.0,2.518,7.0,0.0,0.0,0.0,2.497,2.491,2.501,0.0
2025-06-22 13:00:00,0.0,2.45,7.0,0.0,0.0,0.0,2.501,2.495,2.501,0.0
2025-06-22 14:00:00,0.0,2.437,7.0,0.0,0.0,0.0,2.469,2.475,2.5,0.0
2025-06-22 15:00:00,0.0,2.491,7.0,0.0,0.0,0.0,2.459,2.478,2.496,0.0
2025-06-22 16:00:00,0.0,2.44,7.0,0.0,0.0,0.0,2.456,2.478,2.491,0.0
2025-06-22 17:00:00,0.0,2.447,7.0,0.0,0.0,0.0,2.459,2.464,2.491,0.0
2025-06-22 18:00:00,0.0,2.506,7.0,0.0,0.0,0.0,2.464,2.462,2.49,0.0
2025-06-22 19:00:00,0.0,2.452,7.0,0.0,0.0,0.0,2.468,2.462,2.489,0.0
2025-06-22 20:00:00,0.0,2.521,7.0,0.0,0.0,0.0,2.493,2.476,2.492,0.0
2025-06-22 21:00:00,0.0,2.575,7.0,0.0,0.0,0.0,2.516,2.49,2.494,0.0
2025-06-22 22:00:00,0.0,2.493,7.0,0.0,0.0,0.0,2.529,2.499,2.492,0.0
2025-06-22 23:00:00,0.0,2.507,7.0,0.0,0.0,0.0,2.525,2.509,2.491,0.0
2025-06-23 00:00:00,0.0,2.601,7.0,0.0,0.0,0.0,2.533,2.525,2.496,0.0
2025-06-23 01:00:00,0.0,2.441,7.0,0.0,0.0,0.0,2.516,2.523,2.492,0.0
2025-06-23 02:00:00,0.0,2.56,7.0,0.0,0.0,0.0,2.534,2.529,2.495,0.0
2025-06-23 03:00:00,0.0,2.554,7.0,0.0,0.0,0.0,2.518,2.526,2.497,0.0
2025-06-23 04:00:00,0.0,2.543,7.0,0.0,0.0,0.0,2.552,2.534,2.496,0.0
2025-06-23 05:00:00,0.0,2.565,7.0,0.0,0.0,0.0,2.554,2.544,2.503,0.0
2025-06-23 06:00:00,1.152,2.514,7.0,1.152,1.152,1.152,2.54,2.529,2.502,0.0
2025-06-23 07:00:00,0.0,2.471,7.0,1.152,1.152,1.152,2.516,2.534,2.504,0.0
2025-06-23 08:00:00,0.0,2.555,7.0,1.152,1.152,1.152,2.513,2.533,2.503,0.0
2025-06-23 09:00:00,0.0,2.557,7.0,0.0,1.152,1.152,2.527,2.534,2.507,0.0
2025-06-23 10:00:00,0.0,2.67,7.0,0.0,1.152,1.152,2.594,2.555,2.517,0.0
2025-06-23 11:00:00,0.0,2.617,7.0,0.0,1.152,1.152,2.615,2.564,2.52,0.0
2025-06-23 12:00:00,0.0,2.579,7.0,0.0,0.0,1.152,2.622,2.575,2.523,0.0
2025-06-23 13:00:00,0.0,2.625,7.0,0.0,0.0,1.152,2.607,2.601,2.53,0.0
2025-06-23 14:00:00,0.0,2.662,7.0,0.0,0.0,1.152,2.622,2.618,2.539,0.0
2025-06-23 15:00:00,0.0,2.666,7.0,0.0,0.0,1.152,2.651,2.637,2.547,0.0
2025-06-23 16:00:00,0.0,2.479,7.0,0.0,0.0,1.152,2.602,2.605,2.548,0.0
2025-06-23 17:00:00,0.0,2.516,7.0,0.0,0.0,1.152,2.554,2.588,2.551,0.0
2025-06-23 18:00:00,0.0,2.435,7.0,0.0,0.0,1.152,2.476,2.564,2.548,0.0
2025-06-23 19:00:00,34.018,2.549,7.0,34.018,34.018,35.17,2.5,2.551,2.552,0.0
2025-06-23 20:00:00,0.0,2.461,7.0,34.018,34.018,35.17,2.482,2.518,2.55,0.0
2025-06-23 21:00:00,0.0,2.539,7.0,34.018,34.018,35.17,2.516,2.496,2.548,0.0
2025-06-23 22:00:00,0.0,2.443,7.0,0.0,34.018,35.17,2.481,2.49,2.546,0.0
2025-06-23 23:00:00,25.297,5.953,7.0,25.297,59.315,60.467,3.645,3.063,2.69,0.0
2025-06-24 00:00:00,0.0,5.918,7.0,25.297,59.315,60.467,4.771,3.644,2.828,0.0
2025-06-24 01:00:00,0.0,5.863,7.0,25.297,25.297,60.467,5.911,4.196,2.971,0.0
2025-06-24 02:00:00,0.0,5.936,7.0,0.0,25.297,60.467,5.906,4.775,3.111,0.0
2025-06-24 03:00:00,0.0,8.402,7.0,0.0,25.297,60.467,6.734,5.752,3.355,1.402
2025-06-24 04:00:00,0.0,8.469,7.0,0.0,25.297,60.467,7.602,6.757,3.602,1.469
2025-06-24 05:00:00,0.0,5.016,7.0,0.0,0.0,60.467,7.296,6.601,3.704,0.0
2025-06-24 06:00:00,0.0,4.944,7.0,0.0,0.0,59.315,6.143,6.438,3.805,0.0
2025-06-24 07:00:00,0.0,4.981,7.0,0.0,0.0,59.315,4.98,6.291,3.91,0.0
2025-06-24 08:00:00,0.0,5.008,7.0,0.0,0.0,59.315,4.977,6.137,4.012,0.0
2025-06-24 09:00:00,0.0,2.568,7.0,0.0,0.0,59.315,4.186,5.164,4.012,0.0
2025-06-24 10:00:00,0.0,2.545,7.0,0.0,0.0,59.315,3.374,4.177,4.007,0.0
2025-06-24 11:00:00,0.0,2.581,7.0,0.0,0.0,59.315,2.565,3.771,4.006,0.0
2025-06-24 12:00:00,0.0,2.583,7.0,0.0,0.0,59.315,2.57,3.378,4.006,0.0
2025-06-24 13:00:00,0.0,2.473,7.0,0.0,0.0,59.315,2.546,2.96,4.0,0.0
2025-06-24 14:00:00,0.0,2.491,7.0,0.0,0.0,59.315,2.516,2.54,3.992,0.0
2025-06-24 15:00:00,0.0,2.479,7.0,0.0,0.0,59.315,2.481,2.525,3.985,0.0
2025-06-24 16:00:00,0.0,2.466,7.0,0.0,0.0,59.315,2.479,2.512,3.984,0.0
2025-06-24 17:00:00,0.0,2.408,7.0,0.0,0.0,59.315,2.451,2.483,3.98,0.0
2025-06-24 18:00:00,0.0,2.499,7.0,0.0,0.0,59.315,2.458,2.469,3.982,0.0
2025-06-24 19:00:00,0.0,2.436,7.0,0.0,0.0,25.297,2.448,2.463,3.978,0.0
2025-06-24 20:00:00,0.0,2.498,7.0,0.0,0.0,25.297,2.478,2.465,3.979,0.0
2025-06-24 21:00:00,0.0,2.606,7.0,0.0,0.0,25.297,2.513,2.486,3.982,0.0
2025-06-24 22:00:00,0.0,2.475,7.0,0.0,0.0,25.297,2.526,2.487,3.983,0.0
2025-06-24 23:00:00,0.0,2.51,7.0,0.0,0.0,0.0,2.53,2.504,3.84,0.0
2025-06-25 00:00:00,0.0,2.545,7.0,0.0,0.0,0.0,2.51,2.512,3.699,0.0
2025-06-25 01:00:00,0.0,2.514,7.0,0.0,0.0,0.0,2.523,2.525,3.56,0.0
2025-06-25 02:00:00,0.0,2.515,7.0,0.0,0.0,0.0,2.525,2.527,3.417,0.0
2025-06-25 03:00:00,4.449,2.482,7.0,4.449,4.449,4.449,2.504,2.507,3.17,0.0
2025-06-25 04:00:00,0.0,2.488,7.0,4.449,4.449,4.449,2.495,2.509,2.921,0.0
2025-06-25 05:00:00,0.0,2.452,7.0,4.449,4.449,4.449,2.474,2.499,2.814,0.0
2025-06-25 06:00:00,0.0,2.542,7.0,0.0,4.449,4.449,2.494,2.499,2.714,0.0
2025-06-25 07:00:00,0.0,2.858,7.0,0.0,4.449,4.449,2.617,2.556,2.626,0.0
2025-06-25 08:00:00,0.0,2.993,7.0,0.0,4.449,4.449,2.798,2.636,2.542,0.0
2025-06-25 09:00:00,0.0,2.875,7.0,0.0,0.0,4.449,2.909,2.701,2.555,0.0
2025-06-25 10:00:00,0.0,2.993,7.0,0.0,0.0,4.449,2.954,2.786,2.573,0.0
2025-06-25 11:00:00,0.0,2.927,7.0,0.0,0.0,4.449,2.932,2.865,2.588,0.0
2025-06-25 12:00:00,0.0,2.883,7.0,0.0,0.0,4.449,2.935,2.922,2.6,0.0
2025-06-25 13:00:00,0.0,2.529,7.0,0.0,0.0,4.449,2.78,2.867,2.603,0.0
2025-06-25 14:00:00,0.0,2.546,7.0,0.0,0.0,4.449,2.653,2.792,2.605,0.0
2025-06-25 15:00:00,0.0,2.478,7.0,0.0,0.0,4.449,2.518,2.726,2.605,0.0
2025-06-25 16:00:00,0.0,2.536,7.0,0.0,0.0,4.449,2.52,2.65,2.608,0.0
2025-06-25 17:00:00,0.0,2.386,7.0,0.0,0.0,4.449,2.467,2.56,2.607,0.0
2025-06-25 18:00:00,0.0,2.434,7.0,0.0,0.0,4.449,2.452,2.485,2.604,0.0
2025-06-25 19:00:00,0.0,2.565,7.0,0.0,0.0,4.449,2.461,2.491,2.61,0.0
2025-06-25 20:00:00,0.0,2.489,7.0,0.0,0.0,4.449,2.496,2.481,2.609,0.0
2025-06-25 21:00:00,0.0,2.407,7.0,0.0,0.0,4.449,2.487,2.469,2.601,0.0
2025-06-25 22:00:00,0.0,2.465,7.0,0.0,0.0,4.449,2.454,2.458,2.601,0.0
2025-06-25 23:00:00,0.0,2.454,7.0,0.0,0.0,4.449,2.442,2.469,2.598,0.0
2025-06-26 00:00:00,0.0,2.492,7.0,0.0,0.0,4.449,2.47,2.478,2.596,0.0
2025-06-26 01:00:00,0.0,2.481,7.0,0.0,0.0,4.449,2.476,2.465,2.595,0.0
2025-06-26 02:00:00,0.0,2.509,7.0,0.0,0.0,4.449,2.494,2.468,2.594,0.0
2025-06-26 03:00:00,0.0,2.497,7.0,0.0,0.0,0.0,2.496,2.483,2.595,0.0
2025-06-26 04:00:00,0.0,2.568,7.0,0.0,0.0,0.0,2.524,2.5,2.598,0.0
2025-06-26 05:00:00,0.0,2.521,7.0,0.0,0.0,0.0,2.529,2.511,2.601,0.0
2025-06-26 06:00:00,0.0,2.523,7.0,0.0,0.0,0.0,2.537,2.517,2.6,0.0
2025-06-26 07:00:00,0.0,2.558,7.0,0.0,0.0,0.0,2.534,2.529,2.588,0.0
2025-06-26 08:00:00,0.0,2.481,7.0,0.0,0.0,0.0,2.521,2.525,2.567,0.0
2025-06-26 09:00:00,0.0,2.437,7.0,0.0,0.0,0.0,2.492,2.515,2.548,0.0
2025-06-26 10:00:00,0.0,2.56,7.0,0.0,0.0,0.0,2.493,2.513,2.53,0.0
2025-06-26 11:00:00,0.0,2.507,7.0,0.0,0.0,0.0,2.501,2.511,2.513,0.0
2025-06-26 12:00:00,0.0,2.507,7.0,0.0,0.0,0.0,2.525,2.508,2.497,0.0
2025-06-26 13:00:00,0.0,2.468,7.0,0.0,0.0,0.0,2.494,2.493,2.495,0.0
2025-06-26 14:00:00,0.0,2.469,7.0,0.0,0.0,0.0,2.481,2.491,2.491,0.0
2025-06-26 15:00:00,0.0,2.542,7.0,0.0,0.0,0.0,2.493,2.509,2.494,0.0
2025-06-26 16:00:00,0.0,2.549,7.0,0.0,0.0,0.0,2.52,2.507,2.495,0.0
2025-06-26 17:00:00,0.0,2.539,7.0,0.0,0.0,0.0,2.544,2.513,2.501,0.0
2025-06-26 18:00:00,0.0,2.54,7.0,0.0,0.0,0.0,2.543,2.518,2.505,0.0
2025-06-26 19:00:00,0.0,2.528,7.0,0.0,0.0,0.0,2.536,2.528,2.504,0.0
2025-06-26 20:00:00,0.0,2.507,7.0,0.0,0.0,0.0,2.525,2.534,2.505,0.0
2025-06-26 21:00:00,0.0,2.491,7.0,0.0,0.0,0.0,2.509,2.526,2.508,0.0
2025-06-26 22:00:00,0.0,2.561,7.0,0.0,0.0,0.0,2.519,2.528,2.512,0.0
2025-06-26 23:00:00,0.0,2.481,7.0,0.0,0.0,0.0,2.511,2.518,2.513,0.0
2025-06-27 00:00:00,0.0,2.518,7.0,0.0,0.0,0.0,2.52,2.514,2.514,0.0
2025-06-27 01:00:00,3.999,2.46,7.0,3.999,3.999,3.999,2.487,2.503,2.513,0.0
2025-06-27 02:00:00,0.0,2.467,7.0,3.999,3.999,3.999,2.482,2.496,2.512,0.0
2025-06-27 03:00:00,0.0,2.488,7.0,3.999,3.999,3.999,2.472,2.496,2.511,0.0
2025-06-27 04:00:00,0.0,2.46,7.0,0.0,3.999,3.999,2.472,2.479,2.507,0.0
2025-06-27 05:00:00,0.0,2.94,7.0,0.0,3.999,3.999,2.629,2.556,2.524,0.0
2025-06-27 06:00:00,0.0,2.833,7.0,0.0,3.999,3.999,2.744,2.608,2.537,0.0
2025-06-27 07:00:00,0.0,2.905,7.0,0.0,0.0,3.999,2.892,2.682,2.552,0.0
2025-06-27 08:00:00,37.552,2.907,7.0,37.552,37.552,41.552,2.881,2.755,2.569,0.0
2025-06-27 09:00:00,0.0,2.809,7.0,37.552,37.552,41.552,2.874,2.809,2.585,0.0
2025-06-27 10:00:00,0.0,2.878,7.0,37.552,37.552,41.552,2.865,2.879,2.598,0.0
2025-06-27 11:00:00,0.0,2.513,7.0,0.0,37.552,41.552,2.733,2.807,2.598,0.0
2025-06-27 12:00:00,0.0,6.277,7.0,0.0,37.552,41.552,3.889,3.381,2.755,0.0
2025-06-27 13:00:00,0.0,6.245,7.0,0.0,37.552,41.552,5.012,3.938,2.913,0.0
2025-06-27 14:00:00,0.0,6.289,7.0,0.0,0.0,41.552,6.27,4.502,3.072,0.0
2025-06-27 15:00:00,0.0,6.25,7.0,0.0,0.0,41.552,6.261,5.075,3.226,0.0
2025-06-27 16:00:00,0.0,6.256,7.0,0.0,0.0,41.552,6.265,5.638,3.381,0.0
2025-06-27 17:00:00,0.0,6.268,7.0,0.0,0.0,41.552,6.258,6.264,3.536,0.0
2025-06-27 18:00:00,0.0,2.546,7.0,0.0,0.0,41.552,5.023,5.642,3.537,0.0
2025-06-27 19:00:00,0.0,2.466,7.0,0.0,0.0,41.552,3.76,5.013,3.534,0.0
2025-06-27 20:00:00,0.0,2.476,7.0,0.0,0.0,41.552,2.496,4.377,3.533,0.0
2025-06-27 21:00:00,0.0,2.467,7.0,0.0,0.0,41.552,2.469,3.746,3.532,0.0
2025-06-27 22:00:00,0.0,2.483,7.0,0.0,0.0,41.552,2.475,3.118,3.528,0.0
2025-06-27 23:00:00,8.928,2.571,7.0,8.928,8.928,50.48,2.507,2.502,3.532,0.0
2025-06-28 00:00:00,0.0,2.529,7.0,8.928,8.928,50.48,2.528,2.499,3.533,0.0
2025-06-28 01:00:00,0.0,2.443,7.0,8.928,8.928,46.48,2.514,2.495,3.532,0.0
2025-06-28 02:00:00,0.0,2.47,7.0,0.0,8.928,46.48,2.481,2.494,3.532,0.0
2025-06-28 03:00:00,0.0,3.411,7.0,0.0,8.928,46.48,2.775,2.651,3.57,0.0
2025-06-28 04:00:00,0.0,3.347,7.0,0.0,8.928,46.48,3.076,2.795,3.607,0.0
2025-06-28 05:00:00,0.0,3.357,7.0,0.0,0.0,46.48,3.372,2.926,3.625,0.0
2025-06-28 06:00:00,0.0,3.46,7.0,0.0,0.0,46.48,3.388,3.081,3.651,0.0
2025-06-28 07:00:00,0.0,3.362,7.0,0.0,0.0,46.48,3.393,3.235,3.67,0.0
2025-06-28 08:00:00,0.0,3.441,7.0,0.0,0.0,8.928,3.421,3.396,3.692,0.0
2025-06-28 09:00:00,0.0,2.563,7.0,0.0,0.0,8.928,3.122,3.255,3.682,0.0
2025-06-28 10:00:00,0.0,2.463,7.0,0.0,0.0,8.928,2.822,3.108,3.665,0.0
2025-06-28 11:00:00,0.0,2.456,7.0,0.0,0.0,8.928,2.494,2.957,3.662,0.0
2025-06-28 12:00:00,0.0,2.486,7.0,0.0,0.0,8.928,2.468,2.795,3.504,0.0
2025-06-28 13:00:00,0.0,2.446,7.0,0.0,0.0,8.928,2.462,2.642,3.346,0.0
2025-06-28 14:00:00,0.0,2.506,7.0,0.0,0.0,8.928,2.479,2.487,3.188,0.0
2025-06-28 15:00:00,0.0,2.49,7.0,0.0,0.0,8.928,2.48,2.474,3.032,0.0
2025-06-28 16:00:00,0.0,2.518,7.0,0.0,0.0,8.928,2.505,2.484,2.876,0.0
2025-06-28 17:00:00,0.0,2.57,7.0,0.0,0.0,8.928,2.526,2.503,2.722,0.0
2025-06-28 18:00:00,0.0,2.541,7.0,0.0,0.0,8.928,2.543,2.512,2.722,0.0
2025-06-28 19:00:00,0.0,2.524,7.0,0.0,0.0,8.928,2.545,2.525,2.724,0.0
2025-06-28 20:00:00,0.0,2.402,7.0,0.0,0.0,8.928,2.489,2.507,2.721,0.0
2025-06-28 21:00:00,0.0,2.522,7.0,0.0,0.0,8.928,2.483,2.513,2.723,0.0
2025-06-28 22:00:00,0.0,2.586,7.0,0.0,0.0,8.928,2.503,2.524,2.728,0.0
2025-06-28 23:00:00,0.0,2.349,7.0,0.0,0.0,0.0,2.486,2.487,2.718,0.0
2025-06-29 00:00:00,0.0,2.534,7.0,0.0,0.0,0.0,2.49,2.486,2.719,0.0
2025-06-29 01:00:00,0.0,2.492,7.0,0.0,0.0,0.0,2.459,2.481,2.721,0.0
2025-06-29 02:00:00,0.0,2.458,7.0,0.0,0.0,0.0,2.495,2.49,2.72,0.0
2025-06-29 03:00:00,0.0,2.54,7.0,0.0,0.0,0.0,2.497,2.493,2.684,0.0
2025-06-29 04:00:00,0.0,2.585,7.0,0.0,0.0,0.0,2.528,2.493,2.652,0.0
2025-06-29 05:00:00,0.0,2.539,7.0,0.0,0.0,0.0,2.555,2.525,2.618,0.0
2025-06-29 06:00:00,0.0,2.481,7.0,0.0,0.0,0.0,2.535,2.516,2.577,0.0
2025-06-29 07:00:00,0.0,2.453,7.0,0.0,0.0,0.0,2.491,2.509,2.539,0.0
2025-06-29 08:00:00,0.0,2.507,7.0,0.0,0.0,0.0,2.48,2.518,2.5,0.0
2025-06-29 09:00:00,0.0,2.544,7.0,0.0,0.0,0.0,2.501,2.518,2.5,0.0
2025-06-29 10:00:00,0.0,2.481,7.0,0.0,0.0,0.0,2.511,2.501,2.5,0.0
2025-06-29 11:00:00,0.0,2.485,7.0,0.0,0.0,0.0,2.503,2.492,2.502,0.0
2025-06-29 12:00:00,0.0,2.641,7.0,0.0,0.0,0.0,2.536,2.518,2.508,0.0
2025-06-29 13:00:00,0.0,2.554,7.0,0.0,0.0,0.0,2.56,2.535,2.513,0.0
2025-06-29 14:00:00,0.0,2.558,7.0,0.0,0.0,0.0,2.584,2.544,2.515,0.0
2025-06-29 15:00:00,0.0,2.427,7.0,0.0,0.0,0.0,2.513,2.524,2.512,0.0
2025-06-29 16:00:00,0.0,2.465,7.0,0.0,0.0,0.0,2.483,2.522,2.51,0.0
2025-06-29 17:00:00,0.0,2.504,7.0,0.0,0.0,0.0,2.465,2.525,2.507,0.0
2025-06-29 18:00:00,60.136,2.45,7.0,60.136,60.136,60.136,2.473,2.493,2.503,0.0
2025-06-29 19:00:00,0.0,2.58,7.0,60.136,60.136,60.136,2.511,2.497,2.506,0.0
2025-06-29 20:00:00,0.0,2.571,7.0,60.136,60.136,60.136,2.533,2.499,2.513,0.0
2025-06-29 21:00:00,0.0,2.473,7.0,0.0,60.136,60.136,2.541,2.507,2.511,0.0
2025-06-29 22:00:00,0.0,8.603,7.0,0.0,60.136,60.136,4.549,3.53,2.761,1.603
2025-06-29 23:00:00,0.0,8.513,7.0,0.0,60.136,60.136,6.53,4.532,3.018,1.513
2025-06-30 00:00:00,0.0,8.643,7.0,0.0,0.0,60.136,8.586,5.564,3.273,1.643
2025-06-30 01:00:00,0.0,8.521,7.0,0.0,0.0,60.136,8.559,6.554,3.524,1.521
2025-06-30 02:00:00,0.0,8.542,7.0,0.0,0.0,60.136,8.569,7.549,3.777,1.542
2025-06-30 03:00:00,0.0,8.584,7.0,0.0,0.0,60.136,8.549,8.568,4.029,1.584
2025-06-30 04:00:00,0.0,2.564,7.0,0.0,0.0,60.136,6.563,7.561,4.028,0.0
2025-06-30 05:00:00,0.082,2.526,7.0,0.082,0.082,60.218,4.558,6.563,4.028,0.0
2025-06-30 06:00:00,0.0,2.493,7.0,0.082,0.082,60.218,2.527,5.538,4.028,0.0
2025-06-30 07:00:00,69.385,2.526,7.0,69.467,69.467,129.603,2.515,4.539,4.031,0.0
2025-06-30 08:00:00,0.0,2.459,7.0,69.385,69.467,129.603,2.493,3.525,4.029,0.0
2025-06-30 09:00:00,0.0,2.516,7.0,69.385,69.467,129.603,2.5,2.514,4.028,0.0
2025-06-30 10:00:00,0.0,2.453,7.0,0.0,69.467,129.603,2.476,2.495,4.027,0.0
2025-06-30 11:00:00,0.0,9.358,7.0,0.0,69.385,129.603,4.775,3.634,4.313,2.358
2025-06-30 12:00:00,0.0,9.449,7.0,0.0,69.385,129.603,7.087,4.793,4.597,2.449
2025-06-30 13:00:00,0.0,9.51,7.0,0.0,0.0,129.603,9.439,5.957,4.887,2.51
2025-06-30 14:00:00,0.0,9.493,7.0,0.0,0.0,129.603,9.484,7.13,5.176,2.493
2025-06-30 15:00:00,0.0,9.434,7.0,0.0,0.0,129.603,9.479,8.283,5.468,2.434
2025-06-30 16:00:00,0.0,9.526,7.0,0.0,0.0,129.603,9.484,9.462,5.762,2.526
2025-06-30 17:00:00,0.0,2.472,7.0,0.0,0.0,129.603,7.144,8.314,5.761,0.0
2025-06-30 18:00:00,0.0,2.404,7.0,0.0,0.0,69.467,4.8,7.14,5.759,0.0
2025-06-30 19:00:00,0.0,2.391,7.0,0.0,0.0,69.467,2.422,5.953,5.751,0.0
2025-06-30 20:00:00,0.0,2.441,7.0,0.0,0.0,69.467,2.412,4.778,5.746,0.0
2025-06-30 21:00:00,0.0,2.541,7.0,0.0,0.0,69.467,2.458,3.629,5.748,0.0
2025-06-30 22:00:00,0.0,2.468,7.0,0.0,0.0,69.467,2.483,2.453,5.493,0.0
2025-06-30 23:00:00,0.0,2.523,7.0,0.0,0.0,69.467,2.511,2.461,5.243,0.0
2025-07-01 00:00:00,0.0,2.582,7.0,0.0,0.0,69.467,2.525,2.491,4.991,0.0
2025-07-01 01:00:00,0.0,2.445,7.0,0.0,0.0,69.467,2.517,2.5,4.737,0.0
2025-07-01 02:00:00,0.0,2.524,7.0,0.0,0.0,69.467,2.517,2.514,4.487,0.0
2025-07-01 03:00:00,0.0,2.527,7.0,0.0,0.0,69.467,2.499,2.512,4.234,0.0
2025-07-01 04:00:00,0.0,2.457,7.0,0.0,0.0,69.467,2.503,2.51,4.23,0.0
2025-07-01 05:00:00,0.0,2.568,7.0,0.0,0.0,69.385,2.517,2.517,4.232,0.0
2025-07-01 06:00:00,0.0,2.486,7.0,0.0,0.0,69.385,2.503,2.501,4.231,0.0
2025-07-01 07:00:00,0.0,2.481,7.0,0.0,0.0,0.0,2.511,2.507,4.229,0.0
2025-07-01 08:00:00,0.0,2.606,7.0,0.0,0.0,0.0,2.524,2.521,4.236,0.0
2025-07-01 09:00:00,11.47,2.526,7.0,11.47,11.47,11.47,2.538,2.52,4.236,0.0
2025-07-01 10:00:00,0.0,2.546,7.0,11.47,11.47,11.47,2.559,2.535,4.24,0.0
2025-07-01 11:00:00,0.0,2.568,7.0,11.47,11.47,11.47,2.547,2.535,3.957,0.0
2025-07-01 12:00:00,0.0,2.467,7.0,0.0,11.47,11.47,2.527,2.532,3.666,0.0
2025-07-01 13:00:00,0.0,3.709,7.0,0.0,11.47,11.47,2.915,2.737,3.424,0.0
2025-07-01 14:00:00,0.0,3.622,7.0,0.0,11.47,11.47,3.266,2.907,3.18,0.0
2025-07-01 15:00:00,0.0,3.62,7.0,0.0,0.0,11.47,3.65,3.089,2.937,0.0
2025-07-01 16:00:00,0.0,3.633,7.0,0.0,0.0,11.47,3.625,3.27,2.692,0.0
2025-07-01 17:00:00,0.0,3.616,7.0,0.0,0.0,11.47,3.623,3.445,2.74,0.0
2025-07-01 18:00:00,0.0,3.688,7.0,0.0,0.0,11.47,3.646,3.648,2.793,0.0
2025-07-01 19:00:00,0.0,2.513,7.0,0.0,0.0,11.47,3.272,3.449,2.798,0.0
2025-07-01 20:00:00,0.0,2.475,7.0,0.0,0.0,11.47,2.892,3.258,2.8,0.0
2025-07-01 21:00:00,0.0,2.534,7.0,0.0,0.0,11.47,2.508,3.077,2.799,0.0
2025-07-01 22:00:00,0.0,2.486,7.0,0.0,0.0,11.47,2.498,2.885,2.8,0.0
2025-07-01 23:00:00,0.0,2.484,7.0,0.0,0.0,11.47,2.501,2.697,2.798,0.0
2025-07-02 00:00:00,0.0,2.502,7.0,0.0,0.0,11.47,2.491,2.499,2.795,0.0
2025-07-02 01:00:00,0.0,2.523,7.0,0.0,0.0,11.47,2.503,2.501,2.798,0.0
2025-07-02 02:00:00,0.0,2.519,7.0,0.0,0.0,11.47,2.515,2.508,2.798,0.0
2025-07-02 03:00:00,0.0,2.482,7.0,0.0,0.0,11.47,2.508,2.499,2.796,0.0
2025-07-02 04:00:00,0.0,2.542,7.0,0.0,0.0,11.47,2.515,2.509,2.8,0.0
2025-07-02 05:00:00,0.0,2.489,7.0,0.0,0.0,11.47,2.504,2.51,2.797,0.0
2025-07-02 06:00:00,0.0,2.467,7.0,0.0,0.0,11.47,2.499,2.504,2.796,0.0
2025-07-02 07:00:00,0.0,2.427,7.0,0.0,0.0,11.47,2.461,2.488,2.794,0.0
2025-07-02 08:00:00,0.0,2.549,7.0,0.0,0.0,11.47,2.481,2.493,2.791,0.0
2025-07-02 09:00:00,0.0,2.501,7.0,0.0,0.0,0.0,2.492,2.496,2.79,0.0
2025-07-02 10:00:00,0.0,2.511,7.0,0.0,0.0,0.0,2.52,2.491,2.789,0.0
2025-07-02 11:00:00,0.0,2.552,7.0,0.0,0.0,0.0,2.521,2.501,2.788,0.0
2025-07-02 12:00:00,0.0,2.476,7.0,0.0,0.0,0.0,2.513,2.503,2.788,0.0
2025-07-02 13:00:00,0.0,2.431,7.0,0.0,0.0,0.0,2.487,2.503,2.735,0.0
2025-07-02 14:00:00,0.0,2.503,7.0,0.0,0.0,0.0,2.47,2.496,2.689,0.0
2025-07-02 15:00:00,0.0,2.515,7.0,0.0,0.0,0.0,2.483,2.498,2.643,0.0
2025-07-02 16:00:00,0.0,2.487,7.0,0.0,0.0,0.0,2.502,2.494,2.595,0.0
2025-07-02 17:00:00,0.0,2.574,7.0,0.0,0.0,0.0,2.525,2.498,2.551,0.0
2025-07-02 18:00:00,57.767,2.376,7.0,57.767,57.767,57.767,2.479,2.481,2.497,0.0
2025-07-02 19:00:00,0.0,2.556,7.0,57.767,57.767,57.767,2.502,2.502,2.498,0.0
2025-07-02 20:00:00,0.0,2.54,7.0,57.767,57.767,57.767,2.49,2.508,2.501,0.0
2025-07-02 21:00:00,0.0,2.523,7.0,0.0,57.767,57.767,2.539,2.509,2.501,0.0
2025-07-02 22:00:00,0.0,8.11,7.0,0.0,57.767,57.767,4.391,3.446,2.735,1.11
2025-07-02 23:00:00,0.0,8.341,7.0,0.0,57.767,57.767,6.325,4.407,2.979,1.341
2025-07-03 00:00:00,0.0,8.225,7.0,0.0,0.0,57.767,8.225,5.382,3.217,1.225
2025-07-03 01:00:00,0.0,8.251,7.0,0.0,0.0,57.767,8.273,6.332,3.456,1.251
2025-07-03 02:00:00,0.0,8.268,7.0,0.0,0.0,57.767,8.248,7.286,3.696,1.268
2025-07-03 03:00:00,0.0,8.297,7.0,0.0,0.0,57.767,8.272,8.249,3.938,1.297
2025-07-03 04:00:00,0.0,2.532,7.0,0.0,0.0,57.767,6.366,7.319,3.938,0.0
2025-07-03 05:00:00,0.0,2.545,7.0,0.0,0.0,57.767,4.458,6.353,3.94,0.0
2025-07-03 06:00:00,0.0,2.541,7.0,0.0,0.0,57.767,2.539,5.406,3.943,0.0
2025-07-03 07:00:00,0.0,2.513,7.0,0.0,0.0,57.767,2.533,4.449,3.947,0.0
2025-07-03 08:00:00,0.0,2.521,7.0,0.0,0.0,57.767,2.525,3.491,3.945,0.0
2025-07-03 09:00:00,0.0,2.445,7.0,0.0,0.0,57.767,2.493,2.516,3.943,0.0
2025-07-03 10:00:00,0.0,2.462,7.0,0.0,0.0,57.767,2.476,2.504,3.941,0.0
2025-07-03 11:00:00,0.0,2.545,7.0,0.0,0.0,57.767,2.484,2.504,3.941,0.0
2025-07-03 12:00:00,7.678,2.542,7.0,7.678,7.678,65.445,2.516,2.505,3.943,0.0
2025-07-03 13:00:00,0.0,2.536,7.0,7.678,7.678,65.445,2.541,2.509,3.948,0.0
2025-07-03 14:00:00,0.0,2.474,7.0,7.678,7.678,65.445,2.517,2.501,3.947,0.0
2025-07-03 15:00:00,0.0,2.546,7.0,0.0,7.678,65.445,2.519,2.518,3.948,0.0
2025-07-03 16:00:00,0.0,3.21,7.0,0.0,7.678,65.445,2.743,2.642,3.978,0.0
2025-07-03 17:00:00,0.0,3.322,7.0,0.0,7.678,65.445,3.026,2.772,4.009,0.0
2025-07-03 18:00:00,0.0,3.255,7.0,0.0,0.0,7.678,3.262,2.89,4.046,0.0
2025-07-03 19:00:00,0.0,3.352,7.0,0.0,0.0,7.678,3.309,3.026,4.079,0.0
2025-07-03 20:00:00,0.0,3.192,7.0,0.0,0.0,7.678,3.266,3.146,4.106,0.0
2025-07-03 21:00:00,0.0,3.356,7.0,0.0,0.0,7.678,3.3,3.281,4.141,0.0
2025-07-03 22:00:00,0.0,2.482,7.0,0.0,0.0,7.678,3.01,3.16,3.906,0.0
2025-07-03 23:00:00,0.0,2.481,7.0,0.0,0.0,7.678,2.773,3.02,3.662,0.0
2025-07-04 00:00:00,0.0,2.51,7.0,0.0,0.0,7.678,2.491,2.895,3.424,0.0
2025-07-04 01:00:00,0.0,2.465,7.0,0.0,0.0,7.678,2.485,2.748,3.183,0.0
2025-07-04 02:00:00,0.0,2.496,7.0,0.0,0.0,7.678,2.49,2.632,2.942,0.0
2025-07-04 03:00:00,0.0,2.463,7.0,0.0,0.0,7.678,2.475,2.483,2.699,0.0
2025-07-04 04:00:00,0.0,2.465,7.0,0.0,0.0,7.678,2.475,2.48,2.697,0.0
2025-07-04 05:00:00,0.94,2.524,7.0,0.94,0.94,8.618,2.484,2.487,2.696,0.0
2025-07-04 06:00:00,0.0,2.455,7.0,0.94,0.94,8.618,2.481,2.478,2.692,0.0
2025-07-04 07:00:00,0.0,2.462,7.0,0.94,0.94,8.618,2.48,2.478,2.69,0.0
2025-07-04 08:00:00,0.0,2.431,7.0,0.0,0.94,8.618,2.449,2.467,2.686,0.0
2025-07-04 09:00:00,0.0,2.569,7.0,0.0,0.94,8.618,2.487,2.484,2.691,0.0
2025-07-04 10:00:00,0.0,2.66,7.0,0.0,0.94,8.618,2.553,2.517,2.7,0.0
2025-07-04 11:00:00,0.0,2.552,7.0,0.0,0.0,8.618,2.593,2.521,2.7,0.0
2025-07-04 12:00:00,0.0,2.557,7.0,0.0,0.0,0.94,2.59,2.538,2.701,0.0
2025-07-04 13:00:00,0.0,2.604,7.0,0.0,0.0,0.94,2.571,2.562,2.703,0.0
2025-07-04 14:00:00,0.0,2.575,7.0,0.0,0.0,0.94,2.579,2.586,2.708,0.0
2025-07-04 15:00:00,0.0,2.611,7.0,0.0,0.0,0.94,2.597,2.593,2.71,0.0
2025-07-04 16:00:00,0.0,2.492,7.0,0.0,0.0,0.94,2.56,2.565,2.68,0.0
2025-07-04 17:00:00,0.0,2.517,7.0,0.0,0.0,0.94,2.54,2.559,2.647,0.0
2025-07-04 18:00:00,0.0,2.547,7.0,0.0,0.0,0.94,2.519,2.558,2.617,0.0
2025-07-04 19:00:00,0.0,2.546,7.0,0.0,0.0,0.94,2.537,2.548,2.584,0.0
2025-07-04 20:00:00,0.0,2.512,7.0,0.0,0.0,0.94,2.535,2.538,2.556,0.0
2025-07-04 21:00:00,0.0,2.492,7.0,0.0,0.0,0.94,2.517,2.518,2.52,0.0
2025-07-04 22:00:00,8.469,2.601,7.0,8.469,8.469,9.409,2.535,2.536,2.524,0.0
2025-07-04 23:00:00,0.0,2.495,7.0,8.469,8.469,9.409,2.529,2.532,2.525,0.0
2025-07-05 00:00:00,0.0,2.478,7.0,8.469,8.469,9.409,2.525,2.521,2.524,0.0
2025-07-05 01:00:00,0.0,2.468,7.0,0.0,8.469,9.409,2.48,2.508,2.524,0.0
2025-07-05 02:00:00,0.0,3.261,7.0,0.0,8.469,9.409,2.735,2.632,2.556,0.0
2025-07-05 03:00:00,0.0,3.388,7.0,0.0,8.469,9.409,3.039,2.782,2.594,0.0
2025-07-05 04:00:00,0.0,3.229,7.0,0.0,0.0,9.409,3.293,2.886,2.626,0.0
2025-07-05 05:00:00,49.651,3.347,7.0,49.651,49.651,58.119,3.321,3.028,2.66,0.0
2025-07-05 06:00:00,0.0,3.337,7.0,49.651,49.651,58.119,3.304,3.171,2.697,0.0
2025-07-05 07:00:00,0.0,3.459,7.0,49.651,49.651,58.119,3.381,3.337,2.739,0.0
2025-07-05 08:00:00,0.0,2.408,7.0,0.0,49.651,58.119,3.068,3.195,2.738,0.0
2025-07-05 09:00:00,0.0,7.42,7.0,0.0,49.651,58.119,4.429,3.867,2.94,0.42
2025-07-05 10:00:00,0.0,7.458,7.0,0.0,49.651,58.119,5.762,4.571,3.14,0.458
2025-07-05 11:00:00,0.0,7.455,7.0,0.0,0.0,58.119,7.444,5.256,3.344,0.455
2025-07-05 12:00:00,0.0,7.438,7.0,0.0,0.0,58.119,7.45,5.94,3.547,0.438
2025-07-05 13:00:00,0.0,7.461,7.0,0.0,0.0,58.119,7.451,6.607,3.75,0.461
2025-07-05 14:00:00,0.0,7.402,7.0,0.0,0.0,58.119,7.434,7.439,3.951,0.402
2025-07-05 15:00:00,0.0,2.518,7.0,0.0,0.0,58.119,5.794,6.622,3.947,0.0
2025-07-05 16:00:00,0.0,2.384,7.0,0.0,0.0,58.119,4.101,5.776,3.942,0.0
2025-07-05 17:00:00,0.0,2.499,7.0,0.0,0.0,58.119,2.467,4.95,3.942,0.0
2025-07-05 18:00:00,0.0,2.47,7.0,0.0,0.0,58.119,2.451,4.122,3.939,0.0
2025-07-05 19:00:00,0.0,2.551,7.0,0.0,0.0,58.119,2.507,3.304,3.939,0.0
2025-07-05 20:00:00,0.0,2.588,7.0,0.0,0.0,58.119,2.536,2.502,3.942,0.0
2025-07-05 21:00:00,0.0,2.483,7.0,0.0,0.0,58.119,2.541,2.496,3.942,0.0
2025-07-05 22:00:00,30.642,2.57,7.0,30.642,30.642,80.292,2.547,2.527,3.94,0.0
2025-07-05 23:00:00,0.0,2.484,7.0,30.642,30.642,80.292,2.512,2.524,3.94,0.0
2025-07-06 00:00:00,0.0,2.452,7.0,30.642,30.642,80.292,2.502,2.521,3.939,0.0
2025-07-06 01:00:00,0.0,2.587,7.0,0.0,30.642,80.292,2.508,2.527,3.944,0.0
2025-07-06 02:00:00,0.0,5.59,7.0,0.0,30.642,80.292,3.543,3.028,4.041,0.0
2025-07-06 03:00:00,0.0,5.564,7.0,0.0,30.642,80.292,4.581,3.541,4.131,0.0
2025-07-06 04:00:00,0.0,5.599,7.0,0.0,0.0,80.292,5.584,4.046,4.23,0.0
2025-07-06 05:00:00,0.0,5.578,7.0,0.0,0.0,30.642,5.58,4.562,4.323,0.0
2025-07-06 06:00:00,0.0,5.561,7.0,0.0,0.0,30.642,5.579,5.08,4.416,0.0
2025-07-06 07:00:00,11.325,5.498,7.0,11.325,11.325,41.967,5.545,5.565,4.501,0.0
2025-07-06 08:00:00,0.0,2.486,7.0,11.325,11.325,41.967,4.515,5.048,4.504,0.0
2025-07-06 09:00:00,0.0,2.531,7.0,11.325,11.325,41.967,3.505,4.542,4.3,0.0
2025-07-06 10:00:00,0.0,2.494,7.0,0.0,11.325,41.967,2.504,4.025,4.093,0.0
2025-07-06 11:00:00,0.0,3.678,7.0,0.0,11.325,41.967,2.901,3.708,3.936,0.0
2025-07-06 12:00:00,0.0,3.652,7.0,0.0,11.325,41.967,3.274,3.39,3.778,0.0
2025-07-06 13:00:00,0.0,3.589,7.0,0.0,0.0,41.967,3.639,3.072,3.617,0.0
2025-07-06 14:00:00,0.0,3.567,7.0,0.0,0.0,41.967,3.602,3.252,3.457,0.0
2025-07-06 15:00:00,0.0,3.625,7.0,0.0,0.0,41.967,3.593,3.434,3.503,0.0
2025-07-06 16:00:00,0.0,3.606,7.0,0.0,0.0,41.967,3.599,3.619,3.554,0.0
2025-07-06 17:00:00,0.0,2.517,7.0,0.0,0.0,41.967,3.249,3.426,3.555,0.0
2025-07-06 18:00:00,0.0,2.464,7.0,0.0,0.0,41.967,2.862,3.228,3.555,0.0
2025-07-06 19:00:00,0.0,2.469,7.0,0.0,0.0,41.967,2.483,3.041,3.551,0.0
2025-07-06 20:00:00,0.0,2.553,7.0,0.0,0.0,41.967,2.495,2.872,3.55,0.0
2025-07-06 21:00:00,0.0,2.507,7.0,0.0,0.0,41.967,2.51,2.686,3.551,0.0
2025-07-06 22:00:00,0.0,2.465,7.0,0.0,0.0,11.325,2.508,2.496,3.546,0.0
2025-07-06 23:00:00,0.0,2.501,7.0,0.0,0.0,11.325,2.491,2.493,3.547,0.0
2025-07-07 00:00:00,0.0,2.569,7.0,0.0,0.0,11.325,2.512,2.511,3.552,0.0
2025-07-07 01:00:00,0.0,2.515,7.0,0.0,0.0,11.325,2.528,2.518,3.549,0.0
2025-07-07 02:00:00,0.0,2.53,7.0,0.0,0.0,11.325,2.538,2.514,3.421,0.0
2025-07-07 03:00:00,0.0,2.462,7.0,0.0,0.0,11.325,2.502,2.507,3.292,0.0
2025-07-07 04:00:00,0.0,2.551,7.0,0.0,0.0,11.325,2.514,2.521,3.165,0.0
2025-07-07 05:00:00,0.0,2.616,7.0,0.0,0.0,11.325,2.543,2.54,3.042,0.0
2025-07-07 06:00:00,0.0,2.46,7.0,0.0,0.0,11.325,2.543,2.522,2.913,0.0
2025-07-07 07:00:00,0.0,2.441,7.0,0.0,0.0,0.0,2.506,2.51,2.785,0.0
2025-07-07 08:00:00,0.0,2.509,7.0,0.0,0.0,0.0,2.47,2.507,2.786,0.0
2025-07-07 09:00:00,0.0,2.544,7.0,0.0,0.0,0.0,2.498,2.52,2.787,0.0
2025-07-07 10:00:00,0.0,2.495,7.0,0.0,0.0,0.0,2.516,2.511,2.787,0.0
2025-07-07 11:00:00,0.0,2.447,7.0,0.0,0.0,0.0,2.496,2.483,2.736,0.0
2025-07-07 12:00:00,0.0,2.495,7.0,0.0,0.0,0.0,2.479,2.488,2.687,0.0
2025-07-07 13:00:00,0.0,2.53,7.0,0.0,0.0,0.0,2.491,2.503,2.643,0.0
2025-07-07 14:00:00,0.0,2.48,7.0,0.0,0.0,0.0,2.501,2.498,2.598,0.0
2025-07-07 15:00:00,0.0,2.53,7.0,0.0,0.0,0.0,2.513,2.496,2.552,0.0
2025-07-07 16:00:00,0.0,2.558,7.0,0.0,0.0,0.0,2.523,2.507,2.509,0.0
2025-07-07 17:00:00,0.0,2.512,7.0,0.0,0.0,0.0,2.534,2.517,2.508,0.0
2025-07-07 18:00:00,0.0,2.499,7.0,0.0,0.0,0.0,2.523,2.518,2.51,0.0
2025-07-07 19:00:00,0.0,2.541,7.0,0.0,0.0,0.0,2.517,2.52,2.513,0.0
2025-07-07 20:00:00,0.0,2.457,7.0,0.0,0.0,0.0,2.499,2.516,2.509,0.0
2025-07-07 21:00:00,0.0,2.452,7.0,0.0,0.0,0.0,2.484,2.503,2.507,0.0
2025-07-07 22:00:00,0.0,2.487,7.0,0.0,0.0,0.0,2.465,2.491,2.508,0.0
2025-07-07 23:00:00,0.0,2.475,7.0,0.0,0.0,0.0,2.471,2.485,2.506,0.0
2025-07-08 00:00:00,0.0,2.46,7.0,0.0,0.0,0.0,2.474,2.479,2.502,0.0
2025-07-08 01:00:00,0.0,2.592,7.0,0.0,0.0,0.0,2.509,2.487,2.505,0.0
2025-07-08 02:00:00,0.0,2.609,7.0,0.0,0.0,0.0,2.553,2.512,2.508,0.0
2025-07-08 03:00:00,0.0,2.482,7.0,0.0,0.0,0.0,2.561,2.517,2.509,0.0
2025-07-08 04:00:00,0.0,2.505,7.0,0.0,0.0,0.0,2.532,2.52,2.507,0.0
2025-07-08 05:00:00,0.0,2.491,7.0,0.0,0.0,0.0,2.493,2.523,2.502,0.0
2025-07-08 06:00:00,0.0,2.555,7.0,0.0,0.0,0.0,2.517,2.539,2.506,0.0
2025-07-08 07:00:00,0.0,2.565,7.0,0.0,0.0,0.0,2.537,2.534,2.511,0.0
2025-07-08 08:00:00,0.0,2.411,7.0,0.0,0.0,0.0,2.511,2.502,2.507,0.0
2025-07-08 09:00:00,0.0,2.524,7.0,0.0,0.0,0.0,2.5,2.508,2.506,0.0
2025-07-08 10:00:00,0.0,2.435,7.0,0.0,0.0,0.0,2.457,2.497,2.504,0.0
2025-07-08 11:00:00,0.0,2.588,7.0,0.0,0.0,0.0,2.515,2.513,2.51,0.0
2025-07-08 12:00:00,0.0,2.522,7.0,0.0,0.0,0.0,2.515,2.507,2.511,0.0
2025-07-08 13:00:00,0.0,2.459,7.0,0.0,0.0,0.0,2.523,2.49,2.508,0.0
2025-07-08 14:00:00,0.0,2.488,7.0,0.0,0.0,0.0,2.49,2.503,2.508,0.0
2025-07-08 15:00:00,0.0,2.486,7.0,0.0,0.0,0.0,2.477,2.496,2.506,0.0
2025-07-08 16:00:00,0.0,2.526,7.0,0.0,0.0,0.0,2.5,2.511,2.505,0.0
2025-07-08 17:00:00,0.0,2.552,7.0,0.0,0.0,0.0,2.521,2.505,2.507,0.0
2025-07-08 18:00:00,0.0,2.443,7.0,0.0,0.0,0.0,2.507,2.492,2.504,0.0
2025-07-08 19:00:00,0.0,2.592,7.0,0.0,0.0,0.0,2.529,2.514,2.506,0.0
2025-07-08 20:00:00,0.0,2.58,7.0,0.0,0.0,0.0,2.538,2.53,2.512,0.0
2025-07-08 21:00:00,0.0,2.456,7.0,0.0,0.0,0.0,2.543,2.525,2.512,0.0
2025-07-08 22:00:00,0.0,2.504,7.0,0.0,0.0,0.0,2.513,2.521,2.512,0.0
2025-07-08 23:00:00,0.0,2.586,7.0,0.0,0.0,0.0,2.515,2.527,2.517,0.0
2025-07-09 00:00:00,0.0,2.562,7.0,0.0,0.0,0.0,2.55,2.547,2.521,0.0
2025-07-09 01:00:00,0.0,2.483,7.0,0.0,0.0,0.0,2.543,2.528,2.517,0.0
2025-07-09 02:00:00,0.0,2.541,7.0,0.0,0.0,0.0,2.529,2.522,2.514,0.0
2025-07-09 03:00:00,0.0,2.65,7.0,0.0,0.0,0.0,2.558,2.554,2.521,0.0
2025-07-09 04:00:00,0.0,2.505,7.0,0.0,0.0,0.0,2.565,2.554,2.521,0.0
2025-07-09 05:00:00,0.0,2.468,7.0,0.0,0.0,0.0,2.541,2.535,2.52,0.0
2025-07-09 06:00:00,0.0,2.509,7.0,0.0,0.0,0.0,2.494,2.526,2.518,0.0
2025-07-09 07:00:00,0.0,2.512,7.0,0.0,0.0,0.0,2.496,2.531,2.516,0.0
2025-07-09 08:00:00,0.0,2.474,7.0,0.0,0.0,0.0,2.498,2.52,2.518,0.0
2025-07-09 09:00:00,0.0,2.522,7.0,0.0,0.0,0.0,2.503,2.498,2.518,0.0
2025-07-09 10:00:00,0.0,2.437,7.0,0.0,0.0,0.0,2.478,2.487,2.518,0.0
2025-07-09 11:00:00,0.0,2.467,7.0,0.0,0.0,0.0,2.475,2.487,2.513,0.0
2025-07-09 12:00:00,0.0,2.538,7.0,0.0,0.0,0.0,2.481,2.492,2.514,0.0
2025-07-09 13:00:00,0.0,2.412,7.0,0.0,0.0,0.0,2.472,2.475,2.512,0.0
2025-07-09 14:00:00,0.0,2.545,7.0,0.0,0.0,0.0,2.498,2.487,2.515,0.0
2025-07-09 15:00:00,0.0,2.399,7.0,0.0,0.0,0.0,2.452,2.466,2.511,0.0
2025-07-09 16:00:00,0.0,2.413,7.0,0.0,0.0,0.0,2.453,2.462,2.506,0.0
2025-07-09 17:00:00,0.0,2.475,7.0,0.0,0.0,0.0,2.429,2.464,2.503,0.0
2025-07-09 18:00:00,0.0,2.514,7.0,0.0,0.0,0.0,2.468,2.46,2.506,0.0
2025-07-09 19:00:00,0.0,2.566,7.0,0.0,0.0,0.0,2.519,2.486,2.505,0.0
2025-07-09 20:00:00,0.0,2.503,7.0,0.0,0.0,0.0,2.528,2.479,2.502,0.0
2025-07-09 21:00:00,0.0,2.488,7.0,0.0,0.0,0.0,2.519,2.493,2.503,0.0
2025-07-09 22:00:00,0.0,2.529,7.0,0.0,0.0,0.0,2.507,2.513,2.504,0.0
2025-07-09 23:00:00,16.712,2.456,7.0,16.712,16.712,16.712,2.491,2.509,2.499,0.0
2025-07-10 00:00:00,0.0,2.507,7.0,16.712,16.712,16.712,2.497,2.508,2.496,0.0
2025-07-10 01:00:00,0.0,2.44,7.0,16.712,16.712,16.712,2.468,2.487,2.495,0.0
2025-07-10 02:00:00,0.0,2.504,7.0,0.0,16.712,16.712,2.484,2.487,2.493,0.0
2025-07-10 03:00:00,0.0,4.165,7.0,0.0,16.712,16.712,3.036,2.767,2.556,0.0
2025-07-10 04:00:00,0.0,4.131,7.0,0.0,16.712,16.712,3.6,3.034,2.624,0.0
2025-07-10 05:00:00,0.0,4.179,7.0,0.0,0.0,16.712,4.158,3.321,2.695,0.0
2025-07-10 06:00:00,0.0,4.179,7.0,0.0,0.0,16.712,4.163,3.6,2.765,0.0
2025-07-10 07:00:00,0.0,4.23,7.0,0.0,0.0,16.712,4.196,3.898,2.836,0.0
2025-07-10 08:00:00,0.0,4.091,7.0,0.0,0.0,16.712,4.167,4.163,2.904,0.0
2025-07-10 09:00:00,0.0,2.496,7.0,0.0,0.0,16.712,3.606,3.884,2.903,0.0
2025-07-10 10:00:00,0.0,2.462,7.0,0.0,0.0,16.712,3.016,3.606,2.904,0.0
2025-07-10 11:00:00,0.0,2.543,7.0,0.0,0.0,16.712,2.501,3.334,2.907,0.0
2025-07-10 12:00:00,0.0,2.538,7.0,0.0,0.0,16.712,2.514,3.06,2.907,0.0
2025-07-10 13:00:00,0.0,2.525,7.0,0.0,0.0,16.712,2.536,2.776,2.912,0.0
2025-07-10 14:00:00,0.0,2.465,7.0,0.0,0.0,16.712,2.509,2.505,2.908,0.0
2025-07-10 15:00:00,0.0,2.544,7.0,0.0,0.0,16.712,2.511,2.513,2.914,0.0
2025-07-10 16:00:00,0.0,2.423,7.0,0.0,0.0,16.712,2.478,2.507,2.915,0.0
2025-07-10 17:00:00,0.0,2.413,7.0,0.0,0.0,16.712,2.46,2.485,2.912,0.0
2025-07-10 18:00:00,9.976,2.436,7.0,9.976,9.976,26.689,2.424,2.468,2.909,0.0
2025-07-10 19:00:00,0.0,2.498,7.0,9.976,9.976,26.689,2.449,2.463,2.906,0.0
2025-07-10 20:00:00,0.0,2.534,7.0,9.976,9.976,26.689,2.489,2.475,2.907,0.0
2025-07-10 21:00:00,0.0,2.351,7.0,0.0,9.976,26.689,2.461,2.443,2.902,0.0
2025-07-10 22:00:00,0.0,3.564,7.0,0.0,9.976,26.689,2.816,2.633,2.945,0.0
2025-07-10 23:00:00,0.0,3.504,7.0,0.0,9.976,9.976,3.14,2.815,2.989,0.0
2025-07-11 00:00:00,0.0,3.419,7.0,0.0,0.0,9.976,3.496,2.978,3.027,0.0
2025-07-11 01:00:00,11.464,3.503,7.0,11.464,11.464,21.441,3.475,3.146,3.071,0.0
2025-07-11 02:00:00,0.0,3.552,7.0,11.464,11.464,21.441,3.491,3.316,3.114,0.0
2025-07-11 03:00:00,0.0,3.528,7.0,11.464,11.464,21.441,3.528,3.512,3.088,0.0
2025-07-11 04:00:00,0.0,2.555,7.0,0.0,11.464,21.441,3.212,3.343,3.022,0.0
2025-07-11 05:00:00,0.0,3.578,7.0,0.0,11.464,21.441,3.22,3.356,2.997,0.0
2025-07-11 06:00:00,0.0,3.626,7.0,0.0,11.464,21.441,3.253,3.39,2.974,0.0
2025-07-11 07:00:00,0.0,3.6,7.0,0.0,0.0,21.441,3.601,3.406,2.948,0.0
2025-07-11 08:00:00,0.0,3.732,7.0,0.0,0.0,21.441,3.653,3.436,2.933,0.0
2025-07-11 09:00:00,0.0,3.678,7.0,0.0,0.0,21.441,3.67,3.462,2.982,0.0
2025-07-11 10:00:00,0.0,3.789,7.0,0.0,0.0,21.441,3.733,3.667,3.038,0.0
2025-07-11 11:00:00,0.0,2.477,7.0,0.0,0.0,21.441,3.315,3.484,3.035,0.0
2025-07-11 12:00:00,0.0,2.464,7.0,0.0,0.0,21.441,2.91,3.29,3.032,0.0
2025-07-11 13:00:00,0.0,2.493,7.0,0.0,0.0,21.441,2.478,3.105,3.03,0.0
2025-07-11 14:00:00,0.0,2.569,7.0,0.0,0.0,21.441,2.509,2.912,3.035,0.0
2025-07-11 15:00:00,0.0,2.482,7.0,0.0,0.0,21.441,2.514,2.712,3.032,0.0
2025-07-11 16:00:00,0.0,2.506,7.0,0.0,0.0,21.441,2.519,2.498,3.035,0.0
2025-07-11 17:00:00,0.0,2.505,7.0,0.0,0.0,21.441,2.498,2.503,3.039,0.0
2025-07-11 18:00:00,0.0,2.502,7.0,0.0,0.0,11.464,2.504,2.509,3.042,0.0
2025-07-11 19:00:00,0.0,2.467,7.0,0.0,0.0,11.464,2.491,2.505,3.041,0.0
2025-07-11 20:00:00,0.0,2.493,7.0,0.0,0.0,11.464,2.487,2.493,3.039,0.0
2025-07-11 21:00:00,0.0,2.491,7.0,0.0,0.0,11.464,2.484,2.494,3.045,0.0
2025-07-11 22:00:00,0.0,2.5,7.0,0.0,0.0,11.464,2.495,2.493,3.001,0.0
2025-07-11 23:00:00,0.0,2.547,7.0,0.0,0.0,11.464,2.513,2.5,2.961,0.0
2025-07-12 00:00:00,33.469,2.588,7.0,33.469,33.469,44.933,2.545,2.514,2.926,0.0
2025-07-12 01:00:00,0.0,2.458,7.0,33.469,33.469,33.469,2.531,2.513,2.882,0.0
2025-07-12 02:00:00,0.0,2.48,7.0,33.469,33.469,33.469,2.509,2.511,2.838,0.0
2025-07-12 03:00:00,0.0,2.459,7.0,0.0,33.469,33.469,2.466,2.505,2.793,0.0
2025-07-12 04:00:00,0.0,5.856,7.0,0.0,33.469,33.469,3.598,3.065,2.931,0.0
2025-07-12 05:00:00,0.0,5.82,7.0,0.0,33.469,33.469,4.712,3.61,3.024,0.0
2025-07-12 06:00:00,0.0,5.859,7.0,0.0,0.0,33.469,5.845,4.155,3.117,0.0
2025-07-12 07:00:00,0.0,5.902,7.0,0.0,0.0,33.469,5.86,4.729,3.213,0.0
2025-07-12 08:00:00,0.0,5.721,7.0,0.0,0.0,33.469,5.827,5.269,3.296,0.0
2025-07-12 09:00:00,0.0,5.872,7.0,0.0,0.0,33.469,5.831,5.838,3.387,0.0
2025-07-12 10:00:00,0.0,2.477,7.0,0.0,0.0,33.469,4.69,5.275,3.333,0.0
2025-07-12 11:00:00,0.0,2.523,7.0,0.0,0.0,33.469,3.624,4.726,3.335,0.0
2025-07-12 12:00:00,0.0,2.455,7.0,0.0,0.0,33.469,2.485,4.158,3.334,0.0
2025-07-12 13:00:00,0.0,2.56,7.0,0.0,0.0,33.469,2.513,3.601,3.337,0.0
2025-07-12 14:00:00,0.0,2.546,7.0,0.0,0.0,33.469,2.52,3.072,3.336,0.0
2025-07-12 15:00:00,0.0,2.528,7.0,0.0,0.0,33.469,2.545,2.515,3.338,0.0
2025-07-12 16:00:00,0.0,2.54,7.0,0.0,0.0,33.469,2.538,2.525,3.34,0.0
2025-07-12 17:00:00,0.0,2.463,7.0,0.0,0.0,33.469,2.51,2.515,3.338,0.0
2025-07-12 18:00:00,0.0,2.469,7.0,0.0,0.0,33.469,2.49,2.518,3.336,0.0
2025-07-12 19:00:00,0.0,2.538,7.0,0.0,0.0,33.469,2.49,2.514,3.339,0.0
2025-07-12 20:00:00,0.0,2.462,7.0,0.0,0.0,33.469,2.489,2.5,3.338,0.0
2025-07-12 21:00:00,0.0,2.572,7.0,0.0,0.0,33.469,2.524,2.507,3.341,0.0
2025-07-12 22:00:00,0.0,2.484,7.0,0.0,0.0,33.469,2.506,2.498,3.341,0.0
2025-07-12 23:00:00,0.0,2.525,7.0,0.0,0.0,33.469,2.527,2.508,3.34,0.0
2025-07-13 00:00:00,0.0,2.605,7.0,0.0,0.0,0.0,2.538,2.531,3.341,0.0
2025-07-13 01:00:00,0.0,2.465,7.0,0.0,0.0,0.0,2.532,2.519,3.341,0.0
2025-07-13 02:00:00,0.0,2.503,7.0,0.0,0.0,0.0,2.524,2.526,3.342,0.0
2025-07-13 03:00:00,3.887,2.553,7.0,3.887,3.887,3.887,2.507,2.522,3.346,0.0
2025-07-13 04:00:00,0.0,2.548,7.0,3.887,3.887,3.887,2.535,2.533,3.208,0.0
2025-07-13 05:00:00,0.0,2.484,7.0,3.887,3.887,3.887,2.528,2.526,3.069,0.0
2025-07-13 06:00:00,0.0,2.474,7.0,0.0,3.887,3.887,2.502,2.504,2.928,0.0
2025-07-13 07:00:00,0.0,2.877,7.0,0.0,3.887,3.887,2.612,2.573,2.802,0.0
2025-07-13 08:00:00,0.0,2.961,7.0,0.0,3.887,3.887,2.771,2.649,2.687,0.0
2025-07-13 09:00:00,0.0,2.875,7.0,0.0,0.0,3.887,2.904,2.703,2.562,0.0
2025-07-13 10:00:00,0.0,2.893,7.0,0.0,0.0,3.887,2.909,2.761,2.579,0.0
2025-07-13 11:00:00,0.0,2.867,7.0,0.0,0.0,3.887,2.878,2.824,2.594,0.0
2025-07-13 12:00:00,0.0,2.924,7.0,0.0,0.0,3.887,2.895,2.899,2.613,0.0
2025-07-13 13:00:00,0.0,2.508,7.0,0.0,0.0,3.887,2.766,2.838,2.611,0.0
2025-07-13 14:00:00,0.0,2.45,7.0,0.0,0.0,3.887,2.627,2.753,2.607,0.0
2025-07-13 15:00:00,0.0,2.452,7.0,0.0,0.0,3.887,2.47,2.682,2.604,0.0
2025-07-13 16:00:00,0.0,2.4,7.0,0.0,0.0,3.887,2.434,2.6,2.598,0.0
2025-07-13 17:00:00,0.0,2.458,7.0,0.0,0.0,3.887,2.437,2.532,2.598,0.0
2025-07-13 18:00:00,0.0,2.54,7.0,0.0,0.0,3.887,2.466,2.468,2.601,0.0
2025-07-13 19:00:00,0.0,2.566,7.0,0.0,0.0,3.887,2.521,2.478,2.602,0.0
2025-07-13 20:00:00,0.0,2.534,7.0,0.0,0.0,3.887,2.547,2.492,2.605,0.0
2025-07-13 21:00:00,0.0,2.528,7.0,0.0,0.0,3.887,2.543,2.504,2.603,0.0
2025-07-13 22:00:00,0.0,2.494,7.0,0.0,0.0,3.887,2.519,2.52,2.603,0.0
2025-07-13 23:00:00,0.0,2.539,7.0,0.0,0.0,3.887,2.52,2.533,2.604,0.0
2025-07-14 00:00:00,0.0,2.514,7.0,0.0,0.0,3.887,2.516,2.529,2.6,0.0
2025-07-14 01:00:00,0.0,2.59,7.0,0.0,0.0,3.887,2.548,2.533,2.605,0.0
2025-07-14 02:00:00,0.0,2.495,7.0,0.0,0.0,3.887,2.533,2.527,2.605,0.0
2025-07-14 03:00:00,0.0,2.567,7.0,0.0,0.0,0.0,2.551,2.533,2.606,0.0
2025-07-14 04:00:00,0.0,2.544,7.0,0.0,0.0,0.0,2.535,2.542,2.606,0.0
2025-07-14 05:00:00,0.0,2.537,7.0,0.0,0.0,0.0,2.549,2.541,2.608,0.0
2025-07-14 06:00:00,0.0,2.399,7.0,0.0,0.0,0.0,2.493,2.522,2.605,0.0
2025-07-14 07:00:00,0.0,2.546,7.0,0.0,0.0,0.0,2.494,2.515,2.591,0.0
2025-07-14 08:00:00,0.0,2.494,7.0,0.0,0.0,0.0,2.48,2.515,2.571,0.0
2025-07-14 09:00:00,0.0,2.478,7.0,0.0,0.0,0.0,2.506,2.5,2.555,0.0
2025-07-14 10:00:00,0.0,2.426,7.0,0.0,0.0,0.0,2.466,2.48,2.535,0.0
2025-07-14 11:00:00,0.0,2.5,7.0,0.0,0.0,0.0,2.468,2.474,2.52,0.0
2025-07-14 12:00:00,0.0,2.502,7.0,0.0,0.0,0.0,2.476,2.491,2.502,0.0
2025-07-14 13:00:00,0.0,2.435,7.0,0.0,0.0,0.0,2.479,2.472,2.499,0.0
2025-07-14 14:00:00,0.0,2.426,7.0,0.0,0.0,0.0,2.454,2.461,2.498,0.0
2025-07-14 15:00:00,0.0,2.524,7.0,0.0,0.0,0.0,2.462,2.469,2.502,0.0
2025-07-14 16:00:00,0.0,2.544,7.0,0.0,0.0,0.0,2.498,2.488,2.507,0.0
2025-07-14 17:00:00,0.0,2.51,7.0,0.0,0.0,0.0,2.526,2.49,2.51,0.0
2025-07-14 18:00:00,0.0,2.558,7.0,0.0,0.0,0.0,2.537,2.499,2.51,0.0
2025-07-14 19:00:00,0.0,2.496,7.0,0.0,0.0,0.0,2.521,2.509,2.507,0.0
2025-07-14 20:00:00,0.0,2.497,7.0,0.0,0.0,0.0,2.517,2.521,2.506,0.0
2025-07-14 21:00:00,30.151,2.454,7.0,30.151,30.151,30.151,2.482,2.51,2.503,0.0
2025-07-14 22:00:00,0.0,2.422,7.0,30.151,30.151,30.151,2.458,2.489,2.5,0.0
2025-07-14 23:00:00,0.0,2.593,7.0,30.151,30.151,30.151,2.49,2.503,2.502,0.0
2025-07-15 00:00:00,0.0,2.557,7.0,0.0,30.151,30.151,2.524,2.503,2.504,0.0
2025-07-15 01:00:00,0.0,5.445,7.0,0.0,30.151,30.151,3.532,2.995,2.623,0.0
2025-07-15 02:00:00,0.0,5.523,7.0,0.0,30.151,30.151,4.508,3.499,2.749,0.0
2025-07-15 03:00:00,0.0,5.51,7.0,0.0,0.0,30.151,5.493,4.008,2.872,0.0
2025-07-15 04:00:00,0.0,5.501,7.0,0.0,0.0,30.151,5.511,4.522,2.995,0.0
2025-07-15 05:00:00,0.0,5.495,7.0,0.0,0.0,30.151,5.502,5.005,3.118,0.0
2025-07-15 06:00:00,0.0,5.534,7.0,0.0,0.0,30.151,5.51,5.501,3.249,0.0
2025-07-15 07:00:00,0.0,2.541,7.0,0.0,0.0,30.151,4.523,5.017,3.248,0.0
2025-07-15 08:00:00,0.0,2.52,7.0,0.0,0.0,30.151,3.532,4.517,3.25,0.0
2025-07-15 09:00:00,4.175,2.494,7.0,4.175,4.175,34.326,2.518,4.014,3.25,0.0
2025-07-15 10:00:00,0.0,2.492,7.0,4.175,4.175,34.326,2.502,3.513,3.253,0.0
2025-07-15 11:00:00,0.0,2.547,7.0,4.175,4.175,34.326,2.511,3.021,3.255,0.0
2025-07-15 12:00:00,0.0,2.523,7.0,0.0,4.175,34.326,2.521,2.52,3.256,0.0
2025-07-15 13:00:00,0.0,2.921,7.0,0.0,4.175,34.326,2.664,2.583,3.276,0.0
2025-07-15 14:00:00,0.0,2.916,7.0,0.0,4.175,34.326,2.787,2.649,3.296,0.0
2025-07-15 15:00:00,0.0,2.935,7.0,0.0,0.0,34.326,2.924,2.722,3.314,0.0
2025-07-15 16:00:00,0.0,2.894,7.0,0.0,0.0,34.326,2.915,2.789,3.328,0.0
2025-07-15 17:00:00,0.0,2.959,7.0,0.0,0.0,34.326,2.929,2.858,3.347,0.0
2025-07-15 18:00:00,0.0,2.864,7.0,0.0,0.0,34.326,2.905,2.915,3.36,0.0
2025-07-15 19:00:00,6.581,2.479,7.0,6.581,6.581,40.907,2.767,2.841,3.359,0.0
2025-07-15 20:00:00,0.0,2.531,7.0,6.581,6.581,40.907,2.625,2.777,3.36,0.0
2025-07-15 21:00:00,0.0,2.443,7.0,6.581,6.581,10.756,2.484,2.695,3.36,0.0
2025-07-15 22:00:00,0.0,2.421,7.0,0.0,6.581,10.756,2.465,2.616,3.36,0.0
2025-07-15 23:00:00,0.0,3.161,7.0,0.0,6.581,10.756,2.675,2.65,3.384,0.0
2025-07-16 00:00:00,0.0,3.073,7.0,0.0,6.581,10.756,2.885,2.685,3.405,0.0
2025-07-16 01:00:00,0.0,3.093,7.0,0.0,0.0,10.756,3.109,2.787,3.307,0.0
2025-07-16 02:00:00,0.0,3.196,7.0,0.0,0.0,10.756,3.121,2.898,3.21,0.0
2025-07-16 03:00:00,0.0,3.148,7.0,0.0,0.0,10.756,3.146,3.015,3.112,0.0
2025-07-16 04:00:00,0.0,3.222,7.0,0.0,0.0,10.756,3.189,3.149,3.017,0.0
2025-07-16 05:00:00,0.0,2.44,7.0,0.0,0.0,10.756,2.937,3.029,2.889,0.0
2025-07-16 06:00:00,0.0,2.495,7.0,0.0,0.0,10.756,2.719,2.932,2.763,0.0
2025-07-16 07:00:00,0.0,2.52,7.0,0.0,0.0,10.756,2.485,2.837,2.762,0.0
2025-07-16 08:00:00,0.0,2.441,7.0,0.0,0.0,10.756,2.486,2.711,2.759,0.0
2025-07-16 09:00:00,0.0,2.552,7.0,0.0,0.0,6.581,2.504,2.612,2.761,0.0
2025-07-16 10:00:00,0.0,2.526,7.0,0.0,0.0,6.581,2.506,2.496,2.763,0.0
2025-07-16 11:00:00,0.0,2.42,7.0,0.0,0.0,6.581,2.499,2.492,2.757,0.0
2025-07-16 12:00:00,0.0,2.498,7.0,0.0,0.0,6.581,2.481,2.493,2.756,0.0
2025-07-16 13:00:00,23.163,2.519,7.0,23.163,23.163,29.744,2.479,2.493,2.739,0.0
2025-07-16 14:00:00,0.0,2.47,7.0,23.163,23.163,29.744,2.496,2.497,2.721,0.0
2025-07-16 15:00:00,0.0,2.426,7.0,23.163,23.163,29.744,2.472,2.476,2.7,0.0
2025-07-16 16:00:00,0.0,2.514,7.0,0.0,23.163,29.744,2.47,2.475,2.684,0.0
2025-07-16 17:00:00,0.0,4.927,7.0,0.0,23.163,29.744,3.289,2.892,2.766,0.0
2025-07-16 18:00:00,0.0,4.797,7.0,0.0,23.163,29.744,4.079,3.276,2.846,0.0
2025-07-16 19:00:00,0.0,4.895,7.0,0.0,0.0,23.163,4.873,3.671,2.947,0.0
2025-07-16 20:00:00,0.0,4.779,7.0,0.0,0.0,23.163,4.823,4.056,3.041,0.0
2025-07-16 21:00:00,0.0,4.827,7.0,0.0,0.0,23.163,4.833,4.456,3.14,0.0
2025-07-16 22:00:00,0.0,4.855,7.0,0.0,0.0,23.163,4.82,4.847,3.241,0.0
2025-07-16 23:00:00,0.0,2.5,7.0,0.0,0.0,23.163,4.06,4.442,3.214,0.0
2025-07-17 00:00:00,0.0,2.485,7.0,0.0,0.0,23.163,3.28,4.057,3.189,0.0
2025-07-17 01:00:00,0.0,2.536,7.0,0.0,0.0,23.163,2.507,3.664,3.166,0.0
2025-07-17 02:00:00,0.0,2.595,7.0,0.0,0.0,23.163,2.539,3.3,3.141,0.0
2025-07-17 03:00:00,0.0,2.515,7.0,0.0,0.0,23.163,2.549,2.914,3.115,0.0
2025-07-17 04:00:00,0.0,2.474,7.0,0.0,0.0,23.163,2.528,2.517,3.084,0.0
2025-07-17 05:00:00,0.0,2.491,7.0,0.0,0.0,23.163,2.493,2.516,3.086,0.0
2025-07-17 06:00:00,0.0,2.626,7.0,0.0,0.0,23.163,2.53,2.539,3.091,0.0
2025-07-17 07:00:00,0.0,2.507,7.0,0.0,0.0,23.163,2.541,2.535,3.091,0.0
2025-07-17 08:00:00,0.0,2.47,7.0,0.0,0.0,23.163,2.534,2.514,3.092,0.0
2025-07-17 09:00:00,0.0,2.443,7.0,0.0,0.0,23.163,2.473,2.502,3.087,0.0
2025-07-17 10:00:00,0.0,2.409,7.0,0.0,0.0,23.163,2.441,2.491,3.082,0.0
2025-07-17 11:00:00,0.0,2.518,7.0,0.0,0.0,23.163,2.457,2.495,3.086,0.0
2025-07-17 12:00:00,0.0,2.533,7.0,0.0,0.0,23.163,2.487,2.48,3.088,0.0
2025-07-17 13:00:00,0.0,2.48,7.0,0.0,0.0,0.0,2.51,2.475,3.086,0.0
2025-07-17 14:00:00,0.0,2.499,7.0,0.0,0.0,0.0,2.504,2.48,3.087,0.0
2025-07-17 15:00:00,1.152,2.441,7.0,1.152,1.152,1.152,2.474,2.48,3.088,0.0
2025-07-17 16:00:00,0.0,2.507,7.0,1.152,1.152,1.152,2.482,2.496,3.088,0.0
2025-07-17 17:00:00,0.0,2.524,7.0,1.152,1.152,1.152,2.491,2.497,2.988,0.0
2025-07-17 18:00:00,0.0,2.473,7.0,0.0,1.152,1.152,2.501,2.487,2.891,0.0
2025-07-17 19:00:00,0.0,2.7,7.0,0.0,1.152,1.152,2.566,2.524,2.799,0.0
2025-07-17 20:00:00,0.0,2.573,7.0,0.0,1.152,1.152,2.582,2.536,2.708,0.0
2025-07-17 21:00:00,0.0,2.629,7.0,0.0,0.0,1.152,2.634,2.568,2.616,0.0
2025-07-17 22:00:00,0.0,2.658,7.0,0.0,0.0,1.152,2.62,2.593,2.524,0.0
2025-07-17 23:00:00,0.0,2.611,7.0,0.0,0.0,1.152,2.633,2.607,2.529,0.0
2025-07-18 00:00:00,0.0,2.606,7.0,0.0,0.0,1.152,2.625,2.63,2.534,0.0
2025-07-18 01:00:00,0.0,2.429,7.0,0.0,0.0,1.152,2.549,2.584,2.53,0.0
2025-07-18 02:00:00,0.0,2.568,7.0,0.0,0.0,1.152,2.534,2.583,2.528,0.0
2025-07-18 03:00:00,0.0,2.492,7.0,0.0,0.0,1.152,2.496,2.56,2.528,0.0
2025-07-18 04:00:00,0.0,2.527,7.0,0.0,0.0,1.152,2.529,2.539,2.53,0.0
2025-07-18 05:00:00,0.0,2.534,7.0,0.0,0.0,1.152,2.517,2.526,2.531,0.0
2025-07-18 06:00:00,0.0,2.469,7.0,0.0,0.0,1.152,2.51,2.503,2.525,0.0
2025-07-18 07:00:00,6.29,2.49,7.0,6.29,6.29,7.442,2.497,2.513,2.524,0.0
2025-07-18 08:00:00,0.0,2.567,7.0,6.29,6.29,7.442,2.508,2.513,2.528,0.0
2025-07-18 09:00:00,5.578,2.444,7.0,11.867,11.867,13.019,2.5,2.505,2.528,0.0
2025-07-18 10:00:00,0.0,2.606,7.0,5.578,11.867,13.019,2.539,2.518,2.537,0.0
2025-07-18 11:00:00,0.0,3.092,7.0,5.578,11.867,13.019,2.714,2.611,2.56,0.0
2025-07-18 12:00:00,0.0,3.07,7.0,0.0,11.867,13.019,2.923,2.712,2.583,0.0
2025-07-18 13:00:00,39.518,3.693,7.0,39.518,45.095,52.537,3.285,2.912,2.633,0.0
2025-07-18 14:00:00,0.0,3.797,7.0,39.518,45.095,52.537,3.52,3.117,2.687,0.0
2025-07-18 15:00:00,0.0,3.591,7.0,39.518,39.518,51.385,3.694,3.308,2.735,0.0
2025-07-18 16:00:00,0.0,3.68,7.0,0.0,39.518,51.385,3.689,3.487,2.784,0.0
2025-07-18 17:00:00,0.0,7.033,7.0,0.0,39.518,51.385,4.768,4.144,2.972,0.033
2025-07-18 18:00:00,0.0,7.011,7.0,0.0,39.518,51.385,5.908,4.801,3.161,0.011
2025-07-18 19:00:00,0.0,6.471,7.0,0.0,0.0,51.385,6.838,5.264,3.318,0.0
2025-07-18 20:00:00,0.0,6.416,7.0,0.0,0.0,51.385,6.633,5.7,3.478,0.0
2025-07-18 21:00:00,0.0,6.422,7.0,0.0,0.0,51.385,6.436,6.172,3.636,0.0
2025-07-18 22:00:00,0.0,6.444,7.0,0.0,0.0,51.385,6.427,6.633,3.794,0.0
2025-07-18 23:00:00,0.0,2.444,7.0,0.0,0.0,51.385,5.103,5.868,3.787,0.0
2025-07-19 00:00:00,0.0,2.498,7.0,0.0,0.0,51.385,3.795,5.116,3.783,0.0
2025-07-19 01:00:00,0.0,2.481,7.0,0.0,0.0,51.385,2.474,4.451,3.785,0.0
2025-07-19 02:00:00,0.0,2.476,7.0,0.0,0.0,51.385,2.485,3.794,3.781,0.0
2025-07-19 03:00:00,0.0,2.516,7.0,0.0,0.0,51.385,2.491,3.143,3.782,0.0
2025-07-19 04:00:00,0.0,2.409,7.0,0.0,0.0,51.385,2.467,2.471,3.777,0.0
2025-07-19 05:00:00,0.0,2.489,7.0,0.0,0.0,51.385,2.471,2.478,3.775,0.0
2025-07-19 06:00:00,0.0,2.616,7.0,0.0,0.0,51.385,2.504,2.498,3.781,0.0
2025-07-19 07:00:00,0.0,2.446,7.0,0.0,0.0,45.095,2.517,2.492,3.78,0.0
2025-07-19 08:00:00,0.0,2.564,7.0,0.0,0.0,45.095,2.542,2.507,3.78,0.0
2025-07-19 09:00:00,0.0,2.503,7.0,0.0,0.0,39.518,2.504,2.504,3.782,0.0
2025-07-19 10:00:00,0.0,2.47,7.0,0.0,0.0,39.518,2.512,2.514,3.776,0.0
2025-07-19 11:00:00,0.0,2.434,7.0,0.0,0.0,39.518,2.469,2.505,3.749,0.0
2025-07-19 12:00:00,0.0,2.507,7.0,0.0,0.0,39.518,2.47,2.487,3.725,0.0
2025-07-19 13:00:00,0.0,2.573,7.0,0.0,0.0,0.0,2.505,2.508,3.679,0.0
2025-07-19 14:00:00,0.0,2.481,7.0,0.0,0.0,0.0,2.52,2.494,3.624,0.0
2025-07-19 15:00:00,15.455,2.496,7.0,15.455,15.455,15.455,2.516,2.493,3.578,0.0
2025-07-19 16:00:00,0.0,2.551,7.0,15.455,15.455,15.455,2.509,2.507,3.531,0.0
2025-07-19 17:00:00,0.0,2.517,7.0,15.455,15.455,15.455,2.521,2.521,3.343,0.0
2025-07-19 18:00:00,0.0,2.421,7.0,0.0,15.455,15.455,2.496,2.506,3.152,0.0
2025-07-19 19:00:00,0.0,4.05,7.0,0.0,15.455,15.455,2.996,2.753,3.051,0.0
2025-07-19 20:00:00,0.0,4.121,7.0,0.0,15.455,15.455,3.531,3.026,2.955,0.0
2025-07-19 21:00:00,0.0,4.044,7.0,0.0,0.0,15.455,4.072,3.284,2.856,0.0
2025-07-19 22:00:00,0.0,3.908,7.0,0.0,0.0,15.455,4.024,3.51,2.751,0.0
2025-07-19 23:00:00,0.0,4.065,7.0,0.0,0.0,15.455,4.006,3.768,2.818,0.0
2025-07-20 00:00:00,0.0,4.036,7.0,0.0,0.0,15.455,4.003,4.037,2.882,0.0
2025-07-20 01:00:00,0.0,2.409,7.0,0.0,0.0,15.455,3.503,3.764,2.879,0.0
2025-07-20 02:00:00,0.0,2.416,7.0,0.0,0.0,15.455,2.953,3.48,2.877,0.0
2025-07-20 03:00:00,0.0,2.549,7.0,0.0,0.0,15.455,2.458,3.23,2.878,0.0
2025-07-20 04:00:00,0.0,2.463,7.0,0.0,0.0,15.455,2.476,2.99,2.88,0.0
2025-07-20 05:00:00,0.0,2.455,7.0,0.0,0.0,15.455,2.489,2.721,2.879,0.0
2025-07-20 06:00:00,0.0,2.498,7.0,0.0,0.0,15.455,2.472,2.465,2.874,0.0
2025-07-20 07:00:00,12.172,2.468,7.0,12.172,12.172,27.627,2.474,2.475,2.875,0.0
2025-07-20 08:00:00,0.0,2.505,7.0,12.172,12.172,27.627,2.49,2.49,2.872,0.0
2025-07-20 09:00:00,0.0,2.49,7.0,12.172,12.172,27.627,2.488,2.48,2.872,0.0
2025-07-20 10:00:00,0.0,2.44,7.0,0.0,12.172,27.627,2.478,2.476,2.871,0.0
2025-07-20 11:00:00,0.0,3.692,7.0,0.0,12.172,27.627,2.874,2.682,2.923,0.0
2025-07-20 12:00:00,0.0,3.739,7.0,0.0,12.172,27.627,3.29,2.889,2.974,0.0
2025-07-20 13:00:00,0.0,3.719,7.0,0.0,0.0,27.627,3.717,3.098,3.022,0.0
2025-07-20 14:00:00,0.0,3.713,7.0,0.0,0.0,27.627,3.724,3.299,3.074,0.0
2025-07-20 15:00:00,0.0,3.814,7.0,0.0,0.0,12.172,3.749,3.52,3.128,0.0
2025-07-20 16:00:00,0.0,3.754,7.0,0.0,0.0,12.172,3.76,3.739,3.179,0.0
2025-07-20 17:00:00,0.0,2.543,7.0,0.0,0.0,12.172,3.37,3.547,3.18,0.0
2025-07-20 18:00:00,0.0,2.492,7.0,0.0,0.0,12.172,2.929,3.339,3.183,0.0
2025-07-20 19:00:00,0.0,2.511,7.0,0.0,0.0,12.172,2.515,3.138,3.118,0.0
2025-07-20 20:00:00,0.0,2.478,7.0,0.0,0.0,12.172,2.494,2.932,3.05,0.0
2025-07-20 21:00:00,0.0,2.539,7.0,0.0,0.0,12.172,2.509,2.719,2.987,0.0
2025-07-20 22:00:00,0.0,2.494,7.0,0.0,0.0,12.172,2.504,2.51,2.928,0.0
2025-07-20 23:00:00,0.0,2.511,7.0,0.0,0.0,12.172,2.515,2.504,2.864,0.0
2025-07-21 00:00:00,0.0,2.508,7.0,0.0,0.0,12.172,2.505,2.507,2.8,0.0
2025-07-21 01:00:00,0.0,2.499,7.0,0.0,0.0,12.172,2.506,2.505,2.804,0.0
2025-07-21 02:00:00,0.0,2.647,7.0,0.0,0.0,12.172,2.551,2.533,2.813,0.0
2025-07-21 03:00:00,0.0,2.467,7.0,0.0,0.0,12.172,2.538,2.521,2.81,0.0
2025-07-21 04:00:00,0.0,2.466,7.0,0.0,0.0,12.172,2.527,2.516,2.81,0.0
2025-07-21 05:00:00,0.0,2.535,7.0,0.0,0.0,12.172,2.489,2.52,2.813,0.0
2025-07-21 06:00:00,0.0,2.47,7.0,0.0,0.0,12.172,2.49,2.514,2.812,0.0
2025-07-21 07:00:00,0.0,2.485,7.0,0.0,0.0,0.0,2.497,2.512,2.813,0.0
2025-07-21 08:00:00,0.0,2.446,7.0,0.0,0.0,0.0,2.467,2.478,2.811,0.0
2025-07-21 09:00:00,0.0,2.525,7.0,0.0,0.0,0.0,2.485,2.488,2.812,0.0
2025-07-21 10:00:00,0.0,2.525,7.0,0.0,0.0,0.0,2.498,2.498,2.816,0.0
2025-07-21 11:00:00,0.0,2.484,7.0,0.0,0.0,0.0,2.511,2.489,2.765,0.0
2025-07-21 12:00:00,0.0,2.536,7.0,0.0,0.0,0.0,2.515,2.5,2.715,0.0
2025-07-21 13:00:00,0.0,2.407,7.0,0.0,0.0,0.0,2.476,2.487,2.66,0.0
2025-07-21 14:00:00,0.0,2.465,7.0,0.0,0.0,0.0,2.469,2.49,2.608,0.0
2025-07-21 15:00:00,0.0,2.492,7.0,0.0,0.0,0.0,2.454,2.485,2.553,0.0
2025-07-21 16:00:00,4.133,2.441,7.0,4.133,4.133,4.133,2.466,2.471,2.499,0.0
2025-07-21 17:00:00,4.423,2.413,7.0,8.556,8.556,8.556,2.448,2.459,2.493,0.0
2025-07-21 18:00:00,0.0,2.485,7.0,8.556,8.556,8.556,2.446,2.45,2.493,0.0
2025-07-21 19:00:00,0.0,2.535,7.0,4.423,8.556,8.556,2.477,2.472,2.494,0.0
2025-07-21 20:00:00,0.0,2.977,7.0,0.0,8.556,8.556,2.666,2.557,2.515,0.0
2025-07-21 21:00:00,0.0,3.328,7.0,0.0,8.556,8.556,2.947,2.696,2.548,0.0
2025-07-21 22:00:00,0.0,3.392,7.0,0.0,4.423,8.556,3.233,2.855,2.585,0.0
2025-07-21 23:00:00,0.0,3.387,7.0,0.0,0.0,8.556,3.369,3.017,2.621,0.0
2025-07-22 00:00:00,0.0,3.417,7.0,0.0,0.0,8.556,3.399,3.173,2.659,0.0
2025-07-22 01:00:00,0.0,3.338,7.0,0.0,0.0,8.556,3.381,3.307,2.694,0.0
2025-07-22 02:00:00,16.299,2.852,7.0,16.299,16.299,24.855,3.202,3.286,2.703,0.0
2025-07-22 03:00:00,0.0,2.504,7.0,16.299,16.299,24.855,2.898,3.148,2.704,0.0
2025-07-22 04:00:00,0.0,2.449,7.0,16.299,16.299,24.855,2.602,2.991,2.704,0.0
2025-07-22 05:00:00,0.0,2.464,7.0,0.0,16.299,24.855,2.472,2.837,2.701,0.0
2025-07-22 06:00:00,0.0,4.115,7.0,0.0,16.299,24.855,3.009,2.954,2.769,0.0
2025-07-22 07:00:00,0.0,4.113,7.0,0.0,16.299,24.855,3.564,3.083,2.837,0.0
2025-07-22 08:00:00,0.0,4.137,7.0,0.0,0.0,24.855,4.122,3.297,2.908,0.0
2025-07-22 09:00:00,0.0,4.165,7.0,0.0,0.0,24.855,4.138,3.574,2.976,0.0
2025-07-22 10:00:00,0.0,4.112,7.0,0.0,0.0,24.855,4.138,3.851,3.042,0.0
2025-07-22 11:00:00,0.0,4.15,7.0,0.0,0.0,24.855,4.142,4.132,3.111,0.0
2025-07-22 12:00:00,0.0,2.501,7.0,0.0,0.0,24.855,3.587,3.863,3.11,0.0
2025-07-22 13:00:00,0.0,2.547,7.0,0.0,0.0,24.855,3.066,3.602,3.116,0.0
2025-07-22 14:00:00,0.0,2.491,7.0,0.0,0.0,24.855,2.513,3.327,3.117,0.0
2025-07-22 15:00:00,0.0,2.496,7.0,0.0,0.0,24.855,2.511,3.049,3.117,0.0
2025-07-22 16:00:00,0.0,2.481,7.0,0.0,0.0,20.722,2.489,2.778,3.119,0.0
2025-07-22 17:00:00,0.0,2.492,7.0,0.0,0.0,16.299,2.49,2.501,3.122,0.0
2025-07-22 18:00:00,0.0,2.461,7.0,0.0,0.0,16.299,2.478,2.495,3.121,0.0
2025-07-22 19:00:00,0.0,2.456,7.0,0.0,0.0,16.299,2.47,2.479,3.118,0.0
2025-07-22 20:00:00,0.0,2.539,7.0,0.0,0.0,16.299,2.485,2.487,3.099,0.0
2025-07-22 21:00:00,0.0,2.446,7.0,0.0,0.0,16.299,2.48,2.479,3.063,0.0
2025-07-22 22:00:00,0.0,2.484,7.0,0.0,0.0,16.299,2.49,2.48,3.025,0.0
2025-07-22 23:00:00,0.0,2.551,7.0,0.0,0.0,16.299,2.494,2.489,2.99,0.0
2025-07-23 00:00:00,0.0,2.482,7.0,0.0,0.0,16.299,2.506,2.493,2.951,0.0
2025-07-23 01:00:00,0.0,2.541,7.0,0.0,0.0,16.299,2.525,2.507,2.918,0.0
2025-07-23 02:00:00,0.0,2.47,7.0,0.0,0.0,0.0,2.498,2.496,2.902,0.0
2025-07-23 03:00:00,0.0,2.447,7.0,0.0,0.0,0.0,2.486,2.496,2.9,0.0
2025-07-23 04:00:00,0.0,2.42,7.0,0.0,0.0,0.0,2.446,2.485,2.898,0.0
2025-07-23 05:00:00,0.0,2.566,7.0,0.0,0.0,0.0,2.478,2.488,2.903,0.0
2025-07-23 06:00:00,0.0,2.443,7.0,0.0,0.0,0.0,2.476,2.481,2.833,0.0
2025-07-23 07:00:00,0.0,2.537,7.0,0.0,0.0,0.0,2.515,2.481,2.767,0.0
2025-07-23 08:00:00,0.0,2.45,7.0,0.0,0.0,0.0,2.477,2.477,2.697,0.0
2025-07-23 09:00:00,0.0,2.566,7.0,0.0,0.0,0.0,2.518,2.497,2.63,0.0
2025-07-23 10:00:00,0.0,2.61,7.0,0.0,0.0,0.0,2.542,2.529,2.568,0.0
2025-07-23 11:00:00,0.0,2.416,7.0,0.0,0.0,0.0,2.531,2.504,2.496,0.0
2025-07-23 12:00:00,0.0,2.446,7.0,0.0,0.0,0.0,2.491,2.504,2.493,0.0
2025-07-23 13:00:00,0.0,2.539,7.0,0.0,0.0,0.0,2.467,2.504,2.493,0.0
2025-07-23 14:00:00,0.0,2.526,7.0,0.0,0.0,0.0,2.503,2.517,2.494,0.0
2025-07-23 15:00:00,0.0,2.539,7.0,0.0,0.0,0.0,2.534,2.512,2.496,0.0
2025-07-23 16:00:00,0.0,2.471,7.0,0.0,0.0,0.0,2.512,2.489,2.496,0.0
2025-07-23 17:00:00,0.0,2.599,7.0,0.0,0.0,0.0,2.537,2.52,2.5,0.0
2025-07-23 18:00:00,0.0,2.506,7.0,0.0,0.0,0.0,2.526,2.53,2.502,0.0
2025-07-23 19:00:00,0.0,2.439,7.0,0.0,0.0,0.0,2.515,2.513,2.501,0.0
2025-07-23 20:00:00,0.0,2.487,7.0,0.0,0.0,0.0,2.477,2.507,2.499,0.0
2025-07-23 21:00:00,0.0,2.44,7.0,0.0,0.0,0.0,2.455,2.49,2.499,0.0
2025-07-23 22:00:00,0.0,2.58,7.0,0.0,0.0,0.0,2.502,2.509,2.503,0.0
2025-07-23 23:00:00,0.0,2.467,7.0,0.0,0.0,0.0,2.495,2.486,2.5,0.0
2025-07-24 00:00:00,0.0,2.525,7.0,0.0,0.0,0.0,2.524,2.49,2.501,0.0
2025-07-24 01:00:00,0.0,2.476,7.0,0.0,0.0,0.0,2.489,2.496,2.499,0.0
2025-07-24 02:00:00,0.0,2.469,7.0,0.0,0.0,0.0,2.49,2.493,2.499,0.0
2025-07-24 03:00:00,0.0,2.404,7.0,0.0,0.0,0.0,2.45,2.487,2.497,0.0
2025-07-24 04:00:00,0.0,2.53,7.0,0.0,0.0,0.0,2.468,2.479,2.501,0.0
2025-07-24 05:00:00,0.0,2.565,7.0,0.0,0.0,0.0,2.5,2.495,2.501,0.0
2025-07-24 06:00:00,0.0,2.454,7.0,0.0,0.0,0.0,2.516,2.483,2.502,0.0
2025-07-24 07:00:00,0.0,2.423,7.0,0.0,0.0,0.0,2.481,2.474,2.497,0.0
2025-07-24 08:00:00,0.0,2.54,7.0,0.0,0.0,0.0,2.472,2.486,2.501,0.0
2025-07-24 09:00:00,0.0,2.418,7.0,0.0,0.0,0.0,2.46,2.488,2.495,0.0
2025-07-24 10:00:00,11.732,2.561,7.0,11.732,11.732,11.732,2.506,2.493,2.492,0.0
2025-07-24 11:00:00,0.0,2.455,7.0,11.732,11.732,11.732,2.478,2.475,2.494,0.0
2025-07-24 12:00:00,0.0,2.445,7.0,11.732,11.732,11.732,2.487,2.474,2.494,0.0
2025-07-24 13:00:00,0.0,2.512,7.0,0.0,11.732,11.732,2.471,2.488,2.493,0.0
2025-07-24 14:00:00,0.0,3.621,7.0,0.0,11.732,11.732,2.86,2.669,2.539,0.0
2025-07-24 15:00:00,0.0,3.638,7.0,0.0,11.732,11.732,3.257,2.872,2.584,0.0
2025-07-24 16:00:00,0.0,3.691,7.0,0.0,0.0,11.732,3.65,3.06,2.635,0.0
2025-07-24 17:00:00,0.0,3.552,7.0,0.0,0.0,11.732,3.627,3.243,2.675,0.0
2025-07-24 18:00:00,0.0,3.755,7.0,0.0,0.0,11.732,3.666,3.462,2.727,0.0
2025-07-24 19:00:00,0.0,3.675,7.0,0.0,0.0,11.732,3.661,3.655,2.778,0.0
2025-07-24 20:00:00,0.0,2.435,7.0,0.0,0.0,11.732,3.289,3.458,2.776,0.0
2025-07-24 21:00:00,0.0,2.449,7.0,0.0,0.0,11.732,2.853,3.26,2.777,0.0
2025-07-24 22:00:00,0.0,2.55,7.0,0.0,0.0,11.732,2.478,3.069,2.775,0.0
2025-07-24 23:00:00,0.0,2.53,7.0,0.0,0.0,11.732,2.51,2.899,2.778,0.0
2025-07-25 00:00:00,56.679,2.569,7.0,56.679,56.679,68.411,2.55,2.701,2.78,0.0
2025-07-25 01:00:00,0.0,2.466,7.0,56.679,56.679,68.411,2.522,2.5,2.78,0.0
2025-07-25 02:00:00,0.0,2.515,7.0,56.679,56.679,68.411,2.517,2.513,2.781,0.0
2025-07-25 03:00:00,0.0,2.521,7.0,0.0,56.679,68.411,2.501,2.525,2.786,0.0
2025-07-25 04:00:00,0.0,8.203,7.0,0.0,56.679,68.411,4.413,3.467,3.023,1.203
2025-07-25 05:00:00,0.0,8.224,7.0,0.0,56.679,68.411,6.316,4.416,3.258,1.224
2025-07-25 06:00:00,0.0,8.132,7.0,0.0,0.0,68.411,8.186,5.343,3.495,1.132
2025-07-25 07:00:00,0.0,8.162,7.0,0.0,0.0,68.411,8.173,6.293,3.734,1.162
2025-07-25 08:00:00,0.0,8.137,7.0,0.0,0.0,68.411,8.144,7.23,3.967,1.137
2025-07-25 09:00:00,0.0,8.165,7.0,0.0,0.0,68.411,8.155,8.171,4.207,1.165
2025-07-25 10:00:00,0.0,2.535,7.0,0.0,0.0,56.679,6.279,7.226,4.206,0.0
2025-07-25 11:00:00,0.0,2.417,7.0,0.0,0.0,56.679,4.372,6.258,4.204,0.0
2025-07-25 12:00:00,28.796,2.555,7.0,28.796,28.796,85.474,2.503,5.329,4.209,0.0
2025-07-25 13:00:00,0.0,2.443,7.0,28.796,28.796,85.474,2.472,4.376,4.206,0.0
2025-07-25 14:00:00,0.0,2.485,7.0,28.796,28.796,85.474,2.494,3.433,4.159,0.0
2025-07-25 15:00:00,0.0,2.562,7.0,0.0,28.796,85.474,2.497,2.5,4.114,0.0
2025-07-25 16:00:00,0.0,5.396,7.0,0.0,28.796,85.474,3.481,2.976,4.185,0.0
2025-07-25 17:00:00,0.0,5.397,7.0,0.0,28.796,85.474,4.452,3.473,4.262,0.0
2025-07-25 18:00:00,0.0,5.321,7.0,0.0,0.0,85.474,5.371,3.934,4.327,0.0
2025-07-25 19:00:00,0.0,5.327,7.0,0.0,0.0,85.474,5.348,4.415,4.396,0.0
2025-07-25 20:00:00,0.0,5.427,7.0,0.0,0.0,85.474,5.358,4.905,4.52,0.0
2025-07-25 21:00:00,0.0,5.35,7.0,0.0,0.0,85.474,5.368,5.37,4.641,0.0
2025-07-25 22:00:00,0.0,2.475,7.0,0.0,0.0,85.474,4.417,4.883,4.638,0.0
2025-07-25 23:00:00,0.0,2.548,7.0,0.0,0.0,85.474,3.458,4.408,4.639,0.0
2025-07-26 00:00:00,0.0,2.448,7.0,0.0,0.0,28.796,2.49,3.929,4.634,0.0
2025-07-26 01:00:00,0.0,2.513,7.0,0.0,0.0,28.796,2.503,3.46,4.636,0.0
2025-07-26 02:00:00,0.0,2.502,7.0,0.0,0.0,28.796,2.488,2.973,4.635,0.0
2025-07-26 03:00:00,0.0,2.5,7.0,0.0,0.0,28.796,2.505,2.498,4.634,0.0
2025-07-26 04:00:00,0.0,2.474,7.0,0.0,0.0,28.796,2.492,2.498,4.396,0.0
2025-07-26 05:00:00,0.0,2.471,7.0,0.0,0.0,28.796,2.482,2.485,4.156,0.0
2025-07-26 06:00:00,0.0,2.446,7.0,0.0,0.0,28.796,2.464,2.484,3.919,0.0
2025-07-26 07:00:00,0.0,2.524,7.0,0.0,0.0,28.796,2.48,2.486,3.684,0.0
2025-07-26 08:00:00,0.0,2.467,7.0,0.0,0.0,28.796,2.479,2.48,3.448,0.0
2025-07-26 09:00:00,0.0,2.548,7.0,0.0,0.0,28.796,2.513,2.488,3.214,0.0
2025-07-26 10:00:00,0.0,2.489,7.0,0.0,0.0,28.796,2.501,2.491,3.212,0.0
2025-07-26 11:00:00,0.0,2.447,7.0,0.0,0.0,28.796,2.495,2.487,3.213,0.0
2025-07-26 12:00:00,0.0,2.488,7.0,0.0,0.0,0.0,2.475,2.494,3.21,0.0
2025-07-26 13:00:00,0.0,2.479,7.0,0.0,0.0,0.0,2.472,2.486,3.212,0.0
2025-07-26 14:00:00,0.0,2.55,7.0,0.0,0.0,0.0,2.506,2.5,3.215,0.0
2025-07-26 15:00:00,0.0,2.482,7.0,0.0,0.0,0.0,2.504,2.489,3.211,0.0
2025-07-26 16:00:00,0.0,2.486,7.0,0.0,0.0,0.0,2.506,2.489,3.09,0.0
2025-07-26 17:00:00,0.0,2.571,7.0,0.0,0.0,0.0,2.513,2.509,2.972,0.0
2025-07-26 18:00:00,0.0,2.525,7.0,0.0,0.0,0.0,2.527,2.516,2.856,0.0
2025-07-26 19:00:00,0.0,2.583,7.0,0.0,0.0,0.0,2.56,2.533,2.741,0.0
2025-07-26 20:00:00,0.0,2.563,7.0,0.0,0.0,0.0,2.557,2.535,2.622,0.0
2025-07-26 21:00:00,0.0,2.456,7.0,0.0,0.0,0.0,2.534,2.531,2.502,0.0
2025-07-26 22:00:00,93.057,2.549,7.0,93.057,93.057,93.057,2.523,2.541,2.505,0.0
2025-07-26 23:00:00,0.0,2.576,7.0,93.057,93.057,93.057,2.527,2.542,2.506,0.0
2025-07-27 00:00:00,4.17,2.577,7.0,97.227,97.227,97.227,2.567,2.551,2.511,0.0
2025-07-27 01:00:00,0.0,2.549,7.0,4.17,97.227,97.227,2.567,2.545,2.513,0.0
2025-07-27 02:00:00,0.0,11.854,7.0,4.17,97.227,97.227,5.66,4.094,2.902,4.854
2025-07-27 03:00:00,0.0,11.791,7.0,0.0,97.227,97.227,8.731,5.649,3.289,4.791
2025-07-27 04:00:00,0.0,12.181,7.0,0.0,4.17,97.227,11.942,7.255,3.694,5.181
2025-07-27 05:00:00,0.0,12.205,7.0,0.0,4.17,97.227,12.059,8.859,4.099,5.205
2025-07-27 06:00:00,0.0,12.139,7.0,0.0,0.0,97.227,12.175,10.453,4.503,5.139
2025-07-27 07:00:00,0.0,12.29,7.0,0.0,0.0,97.227,12.211,12.077,4.91,5.29
2025-07-27 08:00:00,0.0,2.903,7.0,0.0,0.0,97.227,9.111,10.585,4.928,0.0
2025-07-27 09:00:00,0.0,2.982,7.0,0.0,0.0,97.227,6.058,9.117,4.946,0.0
2025-07-27 10:00:00,0.0,2.438,7.0,0.0,0.0,97.227,2.774,7.493,4.944,0.0
2025-07-27 11:00:00,0.0,2.554,7.0,0.0,0.0,97.227,2.658,5.884,4.949,0.0
2025-07-27 12:00:00,6.356,2.475,7.0,6.356,6.356,103.583,2.489,4.274,4.948,0.0
2025-07-27 13:00:00,0.0,2.436,7.0,6.356,6.356,103.583,2.488,2.631,4.946,0.0
2025-07-27 14:00:00,0.0,2.581,7.0,6.356,6.356,103.583,2.497,2.578,4.948,0.0
2025-07-27 15:00:00,0.0,2.555,7.0,0.0,6.356,103.583,2.524,2.507,4.951,0.0
2025-07-27 16:00:00,0.0,3.146,7.0,0.0,6.356,103.583,2.761,2.625,4.978,0.0
2025-07-27 17:00:00,0.0,3.137,7.0,0.0,6.356,103.583,2.946,2.722,5.002,0.0
2025-07-27 18:00:00,0.0,3.158,7.0,0.0,0.0,103.583,3.147,2.836,5.028,0.0
2025-07-27 19:00:00,0.0,3.145,7.0,0.0,0.0,103.583,3.147,2.954,5.052,0.0
2025-07-27 20:00:00,0.0,3.096,7.0,0.0,0.0,103.583,3.133,3.04,5.074,0.0
2025-07-27 21:00:00,0.0,3.115,7.0,0.0,0.0,103.583,3.119,3.133,5.101,0.0
2025-07-27 22:00:00,1.641,2.598,7.0,1.641,1.641,12.167,2.936,3.042,5.103,0.0
2025-07-27 23:00:00,0.0,2.634,7.0,1.641,1.641,12.167,2.782,2.958,5.106,0.0
2025-07-28 00:00:00,0.0,2.578,7.0,1.641,1.641,7.997,2.603,2.861,5.106,0.0
2025-07-28 01:00:00,0.0,2.524,7.0,0.0,1.641,7.997,2.579,2.757,5.105,0.0
2025-07-28 02:00:00,0.0,2.647,7.0,0.0,1.641,7.997,2.583,2.683,4.721,0.0
2025-07-28 03:00:00,0.0,2.624,7.0,0.0,1.641,7.997,2.598,2.601,4.339,0.0
2025-07-28 04:00:00,0.0,2.628,7.0,0.0,0.0,7.997,2.633,2.606,3.941,0.0
2025-07-28 05:00:00,0.0,2.636,7.0,0.0,0.0,7.997,2.629,2.606,3.543,0.0
2025-07-28 06:00:00,0.0,2.772,7.0,0.0,0.0,7.997,2.679,2.638,3.152,0.0
2025-07-28 07:00:00,0.0,2.754,7.0,0.0,0.0,7.997,2.721,2.677,2.755,0.0
2025-07-28 08:00:00,0.0,2.537,7.0,0.0,0.0,7.997,2.688,2.659,2.74,0.0
2025-07-28 09:00:00,0.0,2.452,7.0,0.0,0.0,7.997,2.581,2.63,2.718,0.0
2025-07-28 10:00:00,0.0,2.545,7.0,0.0,0.0,7.997,2.511,2.616,2.722,0.0
2025-07-28 11:00:00,0.0,2.488,7.0,0.0,0.0,7.997,2.495,2.591,2.719,0.0
2025-07-28 12:00:00,0.0,2.392,7.0,0.0,0.0,1.641,2.475,2.528,2.716,0.0
2025-07-28 13:00:00,0.0,2.514,7.0,0.0,0.0,1.641,2.465,2.488,2.719,0.0
2025-07-28 14:00:00,0.0,2.458,7.0,0.0,0.0,1.641,2.455,2.475,2.714,0.0
2025-07-28 15:00:00,0.0,2.46,7.0,0.0,0.0,1.641,2.477,2.476,2.71,0.0
2025-07-28 16:00:00,0.0,2.487,7.0,0.0,0.0,1.641,2.468,2.467,2.683,0.0
2025-07-28 17:00:00,0.0,2.475,7.0,0.0,0.0,1.641,2.474,2.464,2.655,0.0
2025-07-28 18:00:00,0.0,2.498,7.0,0.0,0.0,1.641,2.487,2.482,2.627,0.0
2025-07-28 19:00:00,0.0,2.496,7.0,0.0,0.0,1.641,2.49,2.479,2.6,0.0
2025-07-28 20:00:00,0.0,2.406,7.0,0.0,0.0,1.641,2.467,2.47,2.572,0.0
2025-07-28 21:00:00,0.0,2.576,7.0,0.0,0.0,1.641,2.493,2.49,2.549,0.0
2025-07-28 22:00:00,0.0,2.451,7.0,0.0,0.0,0.0,2.478,2.484,2.543,0.0
2025-07-28 23:00:00,0.0,2.452,7.0,0.0,0.0,0.0,2.493,2.48,2.535,0.0
2025-07-29 00:00:00,0.0,2.484,7.0,0.0,0.0,0.0,2.462,2.477,2.532,0.0
2025-07-29 01:00:00,0.0,2.495,7.0,0.0,0.0,0.0,2.477,2.477,2.53,0.0
2025-07-29 02:00:00,0.0,2.573,7.0,0.0,0.0,0.0,2.517,2.505,2.527,0.0
2025-07-29 03:00:00,0.0,2.513,7.0,0.0,0.0,0.0,2.527,2.495,2.523,0.0
2025-07-29 04:00:00,0.0,2.528,7.0,0.0,0.0,0.0,2.538,2.508,2.518,0.0
2025-07-29 05:00:00,0.0,2.514,7.0,0.0,0.0,0.0,2.519,2.518,2.513,0.0
2025-07-29 06:00:00,8.774,2.512,7.0,8.774,8.774,8.774,2.518,2.522,2.503,0.0
2025-07-29 07:00:00,0.0,2.515,7.0,8.774,8.774,8.774,2.514,2.526,2.493,0.0
2025-07-29 08:00:00,0.0,2.403,7.0,8.774,8.774,8.774,2.477,2.498,2.487,0.0
2025-07-29 09:00:00,0.0,2.488,7.0,0.0,8.774,8.774,2.469,2.493,2.488,0.0
2025-07-29 10:00:00,0.0,3.436,7.0,0.0,8.774,8.774,2.775,2.645,2.526,0.0
2025-07-29 11:00:00,0.0,3.575,7.0,0.0,8.774,8.774,3.166,2.821,2.571,0.0
2025-07-29 12:00:00,0.0,3.317,7.0,0.0,0.0,8.774,3.442,2.956,2.609,0.0
2025-07-29 13:00:00,0.0,3.399,7.0,0.0,0.0,8.774,3.43,3.103,2.646,0.0
2025-07-29 14:00:00,0.0,3.349,7.0,0.0,0.0,8.774,3.355,3.26,2.683,0.0
2025-07-29 15:00:00,0.0,3.48,7.0,0.0,0.0,8.774,3.409,3.426,2.726,0.0
2025-07-29 16:00:00,0.0,2.432,7.0,0.0,0.0,8.774,3.087,3.259,2.724,0.0
2025-07-29 17:00:00,0.0,2.531,7.0,0.0,0.0,8.774,2.814,3.085,2.726,0.0
2025-07-29 18:00:00,0.0,2.43,7.0,0.0,0.0,8.774,2.464,2.937,2.723,0.0
2025-07-29 19:00:00,0.0,2.484,7.0,0.0,0.0,8.774,2.482,2.784,2.723,0.0
2025-07-29 20:00:00,0.0,2.498,7.0,0.0,0.0,8.774,2.471,2.643,2.726,0.0
2025-07-29 21:00:00,17.416,2.553,7.0,17.416,17.416,26.19,2.512,2.488,2.725,0.0
2025-07-29 22:00:00,0.0,2.446,7.0,17.416,17.416,26.19,2.499,2.49,2.725,0.0
2025-07-29 23:00:00,0.0,2.533,7.0,17.416,17.416,26.19,2.511,2.491,2.729,0.0
2025-07-30 00:00:00,0.0,2.501,7.0,0.0,17.416,26.19,2.493,2.503,2.729,0.0
2025-07-30 01:00:00,0.0,4.255,7.0,0.0,17.416,26.19,3.096,2.798,2.803,0.0
2025-07-30 02:00:00,0.0,4.29,7.0,0.0,17.416,26.19,3.682,3.096,2.874,0.0
2025-07-30 03:00:00,0.0,4.177,7.0,0.0,0.0,26.19,4.241,3.367,2.944,0.0
2025-07-30 04:00:00,0.0,4.282,7.0,0.0,0.0,26.19,4.25,3.673,3.017,0.0
2025-07-30 05:00:00,0.0,4.213,7.0,0.0,0.0,26.19,4.224,3.953,3.087,0.0
2025-07-30 06:00:00,0.0,4.296,7.0,0.0,0.0,17.416,4.264,4.252,3.162,0.0
2025-07-30 07:00:00,0.0,2.517,7.0,0.0,0.0,17.416,3.675,3.963,3.162,0.0
2025-07-30 08:00:00,0.0,2.49,7.0,0.0,0.0,17.416,3.101,3.663,3.165,0.0
2025-07-30 09:00:00,0.0,2.47,7.0,0.0,0.0,17.416,2.492,3.378,3.165,0.0
2025-07-30 10:00:00,0.0,2.541,7.0,0.0,0.0,17.416,2.5,3.088,3.128,0.0
2025-07-30 11:00:00,0.0,2.563,7.0,0.0,0.0,17.416,2.525,2.813,3.085,0.0
2025-07-30 12:00:00,0.0,2.473,7.0,0.0,0.0,17.416,2.526,2.509,3.05,0.0
2025-07-30 13:00:00,0.0,2.443,7.0,0.0,0.0,17.416,2.493,2.497,3.01,0.0
2025-07-30 14:00:00,0.0,2.535,7.0,0.0,0.0,17.416,2.484,2.504,2.976,0.0
2025-07-30 15:00:00,0.0,2.428,7.0,0.0,0.0,17.416,2.469,2.497,2.933,0.0
2025-07-30 16:00:00,0.0,2.435,7.0,0.0,0.0,17.416,2.466,2.479,2.933,0.0
2025-07-30 17:00:00,0.0,2.447,7.0,0.0,0.0,17.416,2.436,2.46,2.929,0.0
2025-07-30 18:00:00,0.0,2.479,7.0,0.0,0.0,17.416,2.454,2.461,2.931,0.0
2025-07-30 19:00:00,0.0,2.433,7.0,0.0,0.0,17.416,2.453,2.459,2.929,0.0
2025-07-30 20:00:00,0.0,2.403,7.0,0.0,0.0,17.416,2.438,2.437,2.925,0.0
2025-07-30 21:00:00,0.0,2.443,7.0,0.0,0.0,0.0,2.426,2.44,2.921,0.0
2025-07-30 22:00:00,0.0,2.532,7.0,0.0,0.0,0.0,2.459,2.456,2.924,0.0
2025-07-30 23:00:00,0.0,2.436,7.0,0.0,0.0,0.0,2.471,2.455,2.92,0.0
2025-07-31 00:00:00,0.0,2.483,7.0,0.0,0.0,0.0,2.484,2.455,2.919,0.0
2025-07-31 01:00:00,0.0,2.597,7.0,0.0,0.0,0.0,2.506,2.483,2.85,0.0
2025-07-31 02:00:00,0.0,2.498,7.0,0.0,0.0,0.0,2.526,2.498,2.776,0.0
2025-07-31 03:00:00,0.0,2.517,7.0,0.0,0.0,0.0,2.537,2.511,2.706,0.0
2025-07-31 04:00:00,0.0,2.453,7.0,0.0,0.0,0.0,2.489,2.497,2.63,0.0
2025-07-31 05:00:00,0.0,2.608,7.0,0.0,0.0,0.0,2.526,2.526,2.563,0.0
2025-07-31 06:00:00,0.0,2.473,7.0,0.0,0.0,0.0,2.511,2.524,2.487,0.0
2025-07-31 07:00:00,0.0,2.489,7.0,0.0,0.0,0.0,2.523,2.506,2.486,0.0
2025-07-31 08:00:00,0.0,2.566,7.0,0.0,0.0,0.0,2.509,2.518,2.489,0.0
2025-07-31 09:00:00,0.0,2.491,7.0,0.0,0.0,0.0,2.515,2.513,2.49,0.0
2025-07-31 10:00:00,10.072,2.502,7.0,10.072,10.072,10.072,2.52,2.521,2.489,0.0
2025-07-31 11:00:00,0.0,2.486,7.0,10.072,10.072,10.072,2.493,2.501,2.485,0.0
2025-07-31 12:00:00,0.0,2.486,7.0,10.072,10.072,10.072,2.492,2.503,2.486,0.0
2025-07-31 13:00:00,0.0,2.519,7.0,0.0,10.072,10.072,2.497,2.508,2.489,0.0
2025-07-31 14:00:00,0.0,3.535,7.0,0.0,10.072,10.072,2.847,2.67,2.531,0.0
2025-07-31 15:00:00,0.0,3.475,7.0,0.0,10.072,10.072,3.176,2.834,2.574,0.0
2025-07-31 16:00:00,0.0,3.469,7.0,0.0,0.0,10.072,3.493,2.995,2.618,0.0
2025-07-31 17:00:00,0.0,3.477,7.0,0.0,0.0,10.072,3.474,3.16,2.66,0.0
2025-07-31 18:00:00,0.0,3.437,7.0,0.0,0.0,10.072,3.461,3.319,2.7,0.0
2025-07-31 19:00:00,0.0,3.428,7.0,0.0,0.0,10.072,3.447,3.47,2.742,0.0
2025-07-31 20:00:00,0.0,2.515,7.0,0.0,0.0,10.072,3.127,3.3,2.746,0.0
2025-07-31 21:00:00,0.0,2.547,7.0,0.0,0.0,10.072,2.83,3.145,2.751,0.0
2025-07-31 22:00:00,0.0,2.544,7.0,0.0,0.0,10.072,2.535,2.991,2.751,0.0
2025-07-31 23:00:00,0.0,2.381,7.0,0.0,0.0,10.072,2.49,2.809,2.749,0.0
2025-08-01 00:00:00,0.0,2.488,7.0,0.0,0.0,10.072,2.471,2.65,2.749,0.0
2025-08-01 01:00:00,0.0,2.445,7.0,0.0,0.0,10.072,2.438,2.486,2.743,0.0
2025-08-01 02:00:00,0.0,2.507,7.0,0.0,0.0,10.072,2.48,2.485,2.743,0.0
2025-08-01 03:00:00,0.0,2.479,7.0,0.0,0.0,10.072,2.477,2.474,2.742,0.0
2025-08-01 04:00:00,0.0,2.53,7.0,0.0,0.0,10.072,2.505,2.472,2.745,0.0
2025-08-01 05:00:00,0.0,2.499,7.0,0.0,0.0,10.072,2.503,2.491,2.74,0.0
2025-08-01 06:00:00,0.0,2.405,7.0,0.0,0.0,10.072,2.478,2.478,2.737,0.0
2025-08-01 07:00:00,0.0,2.452,7.0,0.0,0.0,10.072,2.452,2.479,2.736,0.0
2025-08-01 08:00:00,0.0,2.5,7.0,0.0,0.0,10.072,2.452,2.477,2.733,0.0
2025-08-01 09:00:00,0.0,2.505,7.0,0.0,0.0,10.072,2.485,2.482,2.734,0.0
2025-08-01 10:00:00,0.0,2.43,7.0,0.0,0.0,0.0,2.478,2.465,2.731,0.0
2025-08-01 11:00:00,0.0,2.423,7.0,0.0,0.0,0.0,2.452,2.452,2.728,0.0
2025-08-01 12:00:00,0.0,2.503,7.0,0.0,0.0,0.0,2.452,2.469,2.729,0.0
2025-08-01 13:00:00,0.0,2.43,7.0,0.0,0.0,0.0,2.452,2.465,2.725,0.0
2025-08-01 14:00:00,0.0,2.417,7.0,0.0,0.0,0.0,2.45,2.451,2.678,0.0
2025-08-01 15:00:00,0.0,2.478,7.0,0.0,0.0,0.0,2.441,2.447,2.637,0.0
2025-08-01 16:00:00,0.0,2.476,7.0,0.0,0.0,0.0,2.457,2.454,2.596,0.0
2025-08-01 17:00:00,0.0,2.456,7.0,0.0,0.0,0.0,2.47,2.46,2.553,0.0
2025-08-01 18:00:00,0.0,2.465,7.0,0.0,0.0,0.0,2.465,2.453,2.512,0.0
2025-08-01 19:00:00,0.0,2.501,7.0,0.0,0.0,0.0,2.474,2.465,2.474,0.0
2025-08-01 20:00:00,0.0,2.464,7.0,0.0,0.0,0.0,2.476,2.473,2.472,0.0
2025-08-01 21:00:00,12.326,2.504,7.0,12.326,12.326,12.326,2.489,2.477,2.47,0.0
2025-08-01 22:00:00,30.506,2.481,7.0,42.832,42.832,42.832,2.483,2.478,2.467,0.0
2025-08-01 23:00:00,0.0,2.508,7.0,42.832,42.832,42.832,2.498,2.487,2.473,0.0
2025-08-02 00:00:00,0.0,2.544,7.0,30.506,42.832,42.832,2.511,2.5,2.475,0.0
2025-08-02 01:00:00,0.0,3.775,7.0,0.0,42.832,42.832,2.942,2.713,2.53,0.0
2025-08-02 02:00:00,0.0,6.848,7.0,0.0,42.832,42.832,4.389,3.443,2.711,0.0
2025-08-02 03:00:00,0.0,6.825,7.0,0.0,30.506,42.832,5.816,4.163,2.892,0.0
2025-08-02 04:00:00,0.0,6.795,7.0,0.0,0.0,42.832,6.823,4.882,3.07,0.0
2025-08-02 05:00:00,0.0,6.762,7.0,0.0,0.0,42.832,6.794,5.591,3.248,0.0
2025-08-02 06:00:00,0.0,6.764,7.0,0.0,0.0,42.832,6.773,6.295,3.429,0.0
2025-08-02 07:00:00,0.0,5.507,7.0,0.0,0.0,42.832,6.344,6.583,3.557,0.0
2025-08-02 08:00:00,0.0,2.5,7.0,0.0,0.0,42.832,4.924,5.859,3.557,0.0
2025-08-02 09:00:00,0.0,2.535,7.0,0.0,0.0,42.832,3.514,5.144,3.558,0.0
2025-08-02 10:00:00,0.0,2.464,7.0,0.0,0.0,42.832,2.5,4.422,3.559,0.0
2025-08-02 11:00:00,0.0,2.498,7.0,0.0,0.0,42.832,2.499,3.711,3.562,0.0
2025-08-02 12:00:00,0.0,2.466,7.0,0.0,0.0,42.832,2.476,2.995,3.561,0.0
2025-08-02 13:00:00,0.0,2.51,7.0,0.0,0.0,42.832,2.492,2.496,3.564,0.0
2025-08-02 14:00:00,0.0,2.473,7.0,0.0,0.0,42.832,2.483,2.491,3.567,0.0
2025-08-02 15:00:00,0.0,2.463,7.0,0.0,0.0,42.832,2.482,2.479,3.566,0.0
2025-08-02 16:00:00,0.0,2.466,7.0,0.0,0.0,42.832,2.467,2.479,3.565,0.0
2025-08-02 17:00:00,0.0,2.525,7.0,0.0,0.0,42.832,2.485,2.484,3.568,0.0
2025-08-02 18:00:00,0.0,2.495,7.0,0.0,0.0,42.832,2.495,2.489,3.57,0.0
2025-08-02 19:00:00,0.0,2.479,7.0,0.0,0.0,42.832,2.5,2.483,3.569,0.0
2025-08-02 20:00:00,0.0,2.513,7.0,0.0,0.0,42.832,2.496,2.49,3.571,0.0
2025-08-02 21:00:00,0.0,2.479,7.0,0.0,0.0,30.506,2.49,2.493,3.57,0.0
2025-08-02 22:00:00,16.102,2.556,7.0,16.102,16.102,16.102,2.516,2.508,3.573,0.0
2025-08-02 23:00:00,0.0,2.451,7.0,16.102,16.102,16.102,2.496,2.496,3.571,0.0
2025-08-03 00:00:00,0.0,2.491,7.0,16.102,16.102,16.102,2.499,2.495,3.568,0.0
2025-08-03 01:00:00,0.0,2.43,7.0,0.0,16.102,16.102,2.457,2.487,3.512,0.0
2025-08-03 02:00:00,0.0,4.093,7.0,0.0,16.102,16.102,3.004,2.75,3.397,0.0
2025-08-03 03:00:00,0.0,4.026,7.0,0.0,16.102,16.102,3.516,3.008,3.281,0.0
2025-08-03 04:00:00,0.0,4.147,7.0,0.0,0.0,16.102,4.089,3.273,3.171,0.0
2025-08-03 05:00:00,0.0,4.148,7.0,0.0,0.0,16.102,4.107,3.556,3.062,0.0
2025-08-03 06:00:00,0.0,4.149,7.0,0.0,0.0,16.102,4.148,3.832,2.953,0.0
2025-08-03 07:00:00,0.0,4.112,7.0,0.0,0.0,16.102,4.136,4.113,2.895,0.0
2025-08-03 08:00:00,0.0,2.456,7.0,0.0,0.0,16.102,3.572,3.84,2.893,0.0
2025-08-03 09:00:00,0.0,2.46,7.0,0.0,0.0,16.102,3.009,3.579,2.89,0.0
2025-08-03 10:00:00,0.0,2.577,7.0,0.0,0.0,16.102,2.497,3.317,2.894,0.0
2025-08-03 11:00:00,0.0,2.572,7.0,0.0,0.0,16.102,2.536,3.054,2.897,0.0
2025-08-03 12:00:00,0.0,2.506,7.0,0.0,0.0,16.102,2.551,2.78,2.899,0.0
2025-08-03 13:00:00,0.0,2.474,7.0,0.0,0.0,16.102,2.517,2.507,2.898,0.0
2025-08-03 14:00:00,0.0,2.568,7.0,0.0,0.0,16.102,2.516,2.526,2.902,0.0
2025-08-03 15:00:00,0.0,2.465,7.0,0.0,0.0,16.102,2.503,2.527,2.902,0.0
2025-08-03 16:00:00,0.0,2.511,7.0,0.0,0.0,16.102,2.515,2.516,2.904,0.0
2025-08-03 17:00:00,0.0,2.568,7.0,0.0,0.0,16.102,2.515,2.516,2.905,0.0
2025-08-03 18:00:00,0.0,2.458,7.0,0.0,0.0,16.102,2.512,2.508,2.904,0.0
2025-08-03 19:00:00,0.0,2.541,7.0,0.0,0.0,16.102,2.522,2.519,2.906,0.0
2025-08-03 20:00:00,0.0,2.526,7.0,0.0,0.0,16.102,2.509,2.512,2.907,0.0
2025-08-03 21:00:00,0.0,2.498,7.0,0.0,0.0,16.102,2.522,2.517,2.908,0.0
2025-08-03 22:00:00,0.0,2.45,7.0,0.0,0.0,0.0,2.491,2.507,2.903,0.0
2025-08-03 23:00:00,0.0,2.464,7.0,0.0,0.0,0.0,2.471,2.49,2.904,0.0
2025-08-04 00:00:00,0.0,2.514,7.0,0.0,0.0,0.0,2.476,2.499,2.905,0.0
2025-08-04 01:00:00,0.0,2.429,7.0,0.0,0.0,0.0,2.469,2.48,2.905,0.0
2025-08-04 02:00:00,0.0,2.507,7.0,0.0,0.0,0.0,2.483,2.477,2.839,0.0
2025-08-04 03:00:00,0.0,2.527,7.0,0.0,0.0,0.0,2.487,2.482,2.776,0.0
2025-08-04 04:00:00,0.0,2.549,7.0,0.0,0.0,0.0,2.528,2.498,2.71,0.0
2025-08-04 05:00:00,4.09,2.43,7.0,4.09,4.09,4.09,2.502,2.493,2.638,0.0
2025-08-04 06:00:00,0.0,2.566,7.0,4.09,4.09,4.09,2.515,2.501,2.572,0.0
2025-08-04 07:00:00,0.0,2.585,7.0,4.09,4.09,4.09,2.527,2.527,2.508,0.0
2025-08-04 08:00:00,0.0,2.521,7.0,0.0,4.09,4.09,2.557,2.53,2.511,0.0
2025-08-04 09:00:00,0.0,2.857,7.0,0.0,4.09,4.09,2.654,2.585,2.528,0.0
2025-08-04 10:00:00,0.0,2.893,7.0,0.0,4.09,4.09,2.757,2.642,2.541,0.0
2025-08-04 11:00:00,0.0,2.907,7.0,0.0,0.0,4.09,2.885,2.721,2.555,0.0
2025-08-04 12:00:00,0.0,2.923,7.0,0.0,0.0,4.09,2.907,2.781,2.572,0.0
2025-08-04 13:00:00,0.0,2.91,7.0,0.0,0.0,4.09,2.913,2.835,2.59,0.0
2025-08-04 14:00:00,0.0,2.923,7.0,0.0,0.0,4.09,2.919,2.902,2.605,0.0
2025-08-04 15:00:00,0.0,2.495,7.0,0.0,0.0,4.09,2.776,2.842,2.606,0.0
2025-08-04 16:00:00,0.0,2.513,7.0,0.0,0.0,4.09,2.644,2.779,2.606,0.0
2025-08-04 17:00:00,0.0,2.477,7.0,0.0,0.0,4.09,2.495,2.707,2.603,0.0
2025-08-04 18:00:00,0.0,2.483,7.0,0.0,0.0,4.09,2.491,2.634,2.604,0.0
2025-08-04 19:00:00,0.0,2.471,7.0,0.0,0.0,4.09,2.477,2.561,2.601,0.0
2025-08-04 20:00:00,0.0,2.596,7.0,0.0,0.0,4.09,2.517,2.506,2.604,0.0
2025-08-04 21:00:00,0.0,2.573,7.0,0.0,0.0,4.09,2.547,2.519,2.607,0.0
2025-08-04 22:00:00,0.0,2.528,7.0,0.0,0.0,4.09,2.566,2.521,2.61,0.0
2025-08-04 23:00:00,0.0,2.566,7.0,0.0,0.0,4.09,2.556,2.536,2.614,0.0
2025-08-05 00:00:00,0.0,2.54,7.0,0.0,0.0,4.09,2.545,2.546,2.615,0.0
2025-08-05 01:00:00,0.0,2.509,7.0,0.0,0.0,4.09,2.538,2.552,2.619,0.0
2025-08-05 02:00:00,0.0,2.425,7.0,0.0,0.0,4.09,2.491,2.523,2.615,0.0
2025-08-05 03:00:00,0.0,2.487,7.0,0.0,0.0,4.09,2.474,2.509,2.614,0.0
2025-08-05 04:00:00,0.0,2.483,7.0,0.0,0.0,4.09,2.465,2.502,2.611,0.0
2025-08-05 05:00:00,0.0,2.443,7.0,0.0,0.0,0.0,2.471,2.481,2.611,0.0
2025-08-05 06:00:00,0.0,2.426,7.0,0.0,0.0,0.0,2.451,2.462,2.606,0.0
2025-08-05 07:00:00,0.0,2.525,7.0,0.0,0.0,0.0,2.465,2.465,2.603,0.0
2025-08-05 08:00:00,0.0,2.516,7.0,0.0,0.0,0.0,2.489,2.48,2.603,0.0
2025-08-05 09:00:00,0.0,2.442,7.0,0.0,0.0,0.0,2.494,2.472,2.586,0.0
2025-08-05 10:00:00,0.0,2.463,7.0,0.0,0.0,0.0,2.474,2.469,2.568,0.0
2025-08-05 11:00:00,0.0,2.558,7.0,0.0,0.0,0.0,2.487,2.488,2.553,0.0
2025-08-05 12:00:00,0.0,2.456,7.0,0.0,0.0,0.0,2.492,2.493,2.534,0.0
2025-08-05 13:00:00,0.0,2.509,7.0,0.0,0.0,0.0,2.508,2.491,2.517,0.0
2025-08-05 14:00:00,0.0,2.491,7.0,0.0,0.0,0.0,2.485,2.486,2.499,0.0
2025-08-05 15:00:00,0.0,2.525,7.0,0.0,0.0,0.0,2.508,2.5,2.5,0.0
2025-08-05 16:00:00,0.0,2.457,7.0,0.0,0.0,0.0,2.491,2.499,2.498,0.0
2025-08-05 17:00:00,17.227,2.505,7.0,17.227,17.227,17.227,2.496,2.49,2.499,0.0
2025-08-05 18:00:00,0.0,2.508,7.0,17.227,17.227,17.227,2.49,2.499,2.5,0.0
2025-08-05 19:00:00,0.0,2.512,7.0,17.227,17.227,17.227,2.508,2.5,2.502,0.0
2025-08-05 20:00:00,29.327,2.504,7.0,29.327,46.553,46.553,2.508,2.502,2.498,0.0
2025-08-05 21:00:00,0.0,4.24,7.0,29.327,46.553,46.553,3.085,2.788,2.567,0.0
2025-08-05 22:00:00,0.0,4.332,7.0,29.327,46.553,46.553,3.692,3.1,2.643,0.0
2025-08-05 23:00:00,0.0,4.351,7.0,0.0,29.327,46.553,4.308,3.408,2.717,0.0
2025-08-06 00:00:00,0.0,7.123,7.0,0.0,29.327,46.553,5.269,4.177,2.908,0.123
2025-08-06 01:00:00,0.0,7.039,7.0,0.0,29.327,46.553,6.171,4.932,3.097,0.039
2025-08-06 02:00:00,0.0,7.185,7.0,0.0,0.0,46.553,7.116,5.712,3.295,0.185
2025-08-06 03:00:00,0.0,5.442,7.0,0.0,0.0,46.553,6.556,5.912,3.418,0.0
2025-08-06 04:00:00,0.0,5.486,7.0,0.0,0.0,46.553,6.038,6.104,3.543,0.0
2025-08-06 05:00:00,0.0,5.447,7.0,0.0,0.0,46.553,5.458,6.287,3.668,0.0
2025-08-06 06:00:00,0.0,2.503,7.0,0.0,0.0,46.553,4.479,5.517,3.672,0.0
2025-08-06 07:00:00,0.0,2.556,7.0,0.0,0.0,46.553,3.502,4.77,3.673,0.0
2025-08-06 08:00:00,0.0,2.563,7.0,0.0,0.0,46.553,2.541,4.0,3.675,0.0
2025-08-06 09:00:00,0.0,2.431,7.0,0.0,0.0,46.553,2.517,3.498,3.674,0.0
2025-08-06 10:00:00,0.0,2.459,7.0,0.0,0.0,46.553,2.484,2.993,3.674,0.0
2025-08-06 11:00:00,0.0,2.495,7.0,0.0,0.0,46.553,2.462,2.501,3.672,0.0
2025-08-06 12:00:00,0.0,2.505,7.0,0.0,0.0,46.553,2.486,2.502,3.674,0.0
2025-08-06 13:00:00,0.0,2.489,7.0,0.0,0.0,46.553,2.496,2.49,3.673,0.0
2025-08-06 14:00:00,0.0,2.522,7.0,0.0,0.0,46.553,2.505,2.483,3.674,0.0
2025-08-06 15:00:00,0.0,2.55,7.0,0.0,0.0,46.553,2.52,2.503,3.675,0.0
2025-08-06 16:00:00,0.0,2.586,7.0,0.0,0.0,46.553,2.553,2.524,3.681,0.0
2025-08-06 17:00:00,0.0,2.529,7.0,0.0,0.0,29.327,2.555,2.53,3.682,0.0
2025-08-06 18:00:00,0.0,2.457,7.0,0.0,0.0,29.327,2.524,2.522,3.679,0.0
2025-08-06 19:00:00,0.0,2.493,7.0,0.0,0.0,29.327,2.493,2.523,3.679,0.0
2025-08-06 20:00:00,0.0,2.496,7.0,0.0,0.0,0.0,2.482,2.519,3.678,0.0
2025-08-06 21:00:00,0.0,2.526,7.0,0.0,0.0,0.0,2.505,2.515,3.607,0.0
2025-08-06 22:00:00,0.0,2.519,7.0,0.0,0.0,0.0,2.514,2.503,3.531,0.0
2025-08-06 23:00:00,0.0,2.603,7.0,0.0,0.0,0.0,2.549,2.516,3.459,0.0
2025-08-07 00:00:00,0.0,2.477,7.0,0.0,0.0,0.0,2.533,2.519,3.265,0.0
2025-08-07 01:00:00,0.0,2.519,7.0,0.0,0.0,0.0,2.533,2.523,3.077,0.0
2025-08-07 02:00:00,0.0,2.618,7.0,0.0,0.0,0.0,2.538,2.544,2.886,0.0
2025-08-07 03:00:00,0.0,2.471,7.0,0.0,0.0,0.0,2.536,2.534,2.762,0.0
2025-08-07 04:00:00,0.0,2.507,7.0,0.0,0.0,0.0,2.532,2.532,2.638,0.0
2025-08-07 05:00:00,0.0,2.453,7.0,0.0,0.0,0.0,2.477,2.507,2.514,0.0
2025-08-07 06:00:00,0.0,2.504,7.0,0.0,0.0,0.0,2.488,2.512,2.514,0.0
2025-08-07 07:00:00,0.0,2.461,7.0,0.0,0.0,0.0,2.473,2.502,2.51,0.0
2025-08-07 08:00:00,1.52,2.552,7.0,1.52,1.52,1.52,2.506,2.491,2.509,0.0
2025-08-07 09:00:00,0.0,2.507,7.0,1.52,1.52,1.52,2.507,2.497,2.512,0.0
2025-08-07 10:00:00,0.0,2.453,7.0,1.52,1.52,1.52,2.504,2.488,2.512,0.0
2025-08-07 11:00:00,0.0,2.542,7.0,0.0,1.52,1.52,2.501,2.503,2.514,0.0
2025-08-07 12:00:00,0.0,2.661,7.0,0.0,1.52,1.52,2.552,2.529,2.521,0.0
2025-08-07 13:00:00,0.0,2.7,7.0,0.0,1.52,1.52,2.634,2.569,2.529,0.0
2025-08-07 14:00:00,0.0,2.595,7.0,0.0,0.0,1.52,2.652,2.576,2.532,0.0
2025-08-07 15:00:00,0.0,2.67,7.0,0.0,0.0,1.52,2.655,2.603,2.537,0.0
2025-08-07 16:00:00,0.0,2.691,7.0,0.0,0.0,1.52,2.652,2.643,2.542,0.0
2025-08-07 17:00:00,0.0,2.631,7.0,0.0,0.0,1.52,2.664,2.658,2.546,0.0
2025-08-07 18:00:00,0.0,2.437,7.0,0.0,0.0,1.52,2.586,2.621,2.545,0.0
2025-08-07 19:00:00,48.549,2.498,7.0,48.549,48.549,50.069,2.522,2.587,2.545,0.0
2025-08-07 20:00:00,0.0,2.561,7.0,48.549,48.549,50.069,2.499,2.581,2.548,0.0
2025-08-07 21:00:00,0.0,2.556,7.0,48.549,48.549,50.069,2.539,2.562,2.549,0.0
2025-08-07 22:00:00,0.0,2.479,7.0,0.0,48.549,50.069,2.532,2.527,2.548,0.0
2025-08-07 23:00:00,0.0,7.291,7.0,0.0,48.549,50.069,4.109,3.304,2.743,0.291
2025-08-08 00:00:00,0.0,7.333,7.0,0.0,48.549,50.069,5.701,4.12,2.945,0.333
2025-08-08 01:00:00,0.0,7.331,7.0,0.0,0.0,50.069,7.319,4.925,3.146,0.331
2025-08-08 02:00:00,0.0,7.377,7.0,0.0,0.0,50.069,7.347,5.728,3.344,0.377
2025-08-08 03:00:00,0.0,7.35,7.0,0.0,0.0,50.069,7.353,6.527,3.548,0.35
2025-08-08 04:00:00,0.0,7.317,7.0,0.0,0.0,50.069,7.348,7.333,3.748,0.317
2025-08-08 05:00:00,0.0,2.555,7.0,0.0,0.0,50.069,5.741,6.544,3.752,0.0
2025-08-08 06:00:00,0.0,2.507,7.0,0.0,0.0,50.069,4.126,5.74,3.752,0.0
2025-08-08 07:00:00,0.0,2.522,7.0,0.0,0.0,50.069,2.528,4.938,3.755,0.0
2025-08-08 08:00:00,17.614,2.414,7.0,17.614,17.614,66.163,2.481,4.111,3.749,0.0
2025-08-08 09:00:00,0.0,2.379,7.0,17.614,17.614,66.163,2.438,3.282,3.744,0.0
2025-08-08 10:00:00,0.0,2.428,7.0,17.614,17.614,66.163,2.407,2.467,3.743,0.0
2025-08-08 11:00:00,0.0,2.476,7.0,0.0,17.614,66.163,2.428,2.454,3.74,0.0
2025-08-08 12:00:00,0.0,4.29,7.0,0.0,17.614,66.163,3.065,2.751,3.808,0.0
2025-08-08 13:00:00,0.0,4.144,7.0,0.0,17.614,66.163,3.637,3.022,3.868,0.0
2025-08-08 14:00:00,0.0,4.341,7.0,0.0,0.0,66.163,4.259,3.343,3.941,0.0
2025-08-08 15:00:00,0.0,4.27,7.0,0.0,0.0,66.163,4.252,3.658,4.007,0.0
2025-08-08 16:00:00,0.0,4.329,7.0,0.0,0.0,66.163,4.313,3.975,4.076,0.0
2025-08-08 17:00:00,0.0,4.217,7.0,0.0,0.0,66.163,4.272,4.265,4.142,0.0
2025-08-08 18:00:00,0.0,2.525,7.0,0.0,0.0,66.163,3.691,3.971,4.145,0.0
2025-08-08 19:00:00,0.0,2.504,7.0,0.0,0.0,17.614,3.082,3.698,4.146,0.0
2025-08-08 20:00:00,0.0,2.541,7.0,0.0,0.0,17.614,2.523,3.398,4.145,0.0
2025-08-08 21:00:00,0.0,2.488,7.0,0.0,0.0,17.614,2.511,3.101,4.142,0.0
2025-08-08 22:00:00,0.0,2.524,7.0,0.0,0.0,17.614,2.518,2.8,4.144,0.0
2025-08-08 23:00:00,0.0,2.555,7.0,0.0,0.0,17.614,2.522,2.523,3.947,0.0
2025-08-09 00:00:00,0.527,2.467,7.0,0.527,0.527,18.141,2.515,2.513,3.744,0.0
2025-08-09 01:00:00,0.0,2.512,7.0,0.527,0.527,18.141,2.512,2.515,3.543,0.0
2025-08-09 02:00:00,0.0,2.406,7.0,0.527,0.527,18.141,2.462,2.492,3.336,0.0
2025-08-09 03:00:00,0.0,2.535,7.0,0.0,0.527,18.141,2.484,2.5,3.135,0.0
2025-08-09 04:00:00,0.0,2.65,7.0,0.0,0.527,18.141,2.53,2.521,2.941,0.0
2025-08-09 05:00:00,0.0,2.49,7.0,0.0,0.527,18.141,2.559,2.51,2.938,0.0
2025-08-09 06:00:00,1.621,2.548,7.0,1.621,1.621,19.762,2.563,2.524,2.94,0.0
2025-08-09 07:00:00,0.0,2.597,7.0,1.621,1.621,19.762,2.545,2.538,2.943,0.0
2025-08-09 08:00:00,0.0,2.554,7.0,1.621,1.621,2.148,2.566,2.562,2.949,0.0
2025-08-09 09:00:00,0.0,2.561,7.0,0.0,1.621,2.148,2.571,2.567,2.956,0.0
2025-08-09 10:00:00,0.0,2.643,7.0,0.0,1.621,2.148,2.586,2.565,2.965,0.0
2025-08-09 11:00:00,0.0,2.641,7.0,0.0,1.621,2.148,2.615,2.591,2.972,0.0
2025-08-09 12:00:00,0.0,2.658,7.0,0.0,0.0,2.148,2.647,2.609,2.904,0.0
2025-08-09 13:00:00,0.0,2.664,7.0,0.0,0.0,2.148,2.654,2.62,2.843,0.0
2025-08-09 14:00:00,0.0,2.603,7.0,0.0,0.0,2.148,2.642,2.628,2.77,0.0
2025-08-09 15:00:00,0.0,2.659,7.0,0.0,0.0,2.148,2.642,2.645,2.703,0.0
2025-08-09 16:00:00,0.0,2.578,7.0,0.0,0.0,2.148,2.613,2.634,2.63,0.0
2025-08-09 17:00:00,0.0,2.479,7.0,0.0,0.0,2.148,2.572,2.607,2.558,0.0
2025-08-09 18:00:00,0.0,2.438,7.0,0.0,0.0,2.148,2.499,2.57,2.554,0.0
2025-08-09 19:00:00,0.0,2.492,7.0,0.0,0.0,2.148,2.47,2.542,2.554,0.0
2025-08-09 20:00:00,0.0,2.464,7.0,0.0,0.0,2.148,2.465,2.519,2.55,0.0
2025-08-09 21:00:00,0.0,2.433,7.0,0.0,0.0,2.148,2.463,2.481,2.548,0.0
2025-08-09 22:00:00,0.0,2.507,7.0,0.0,0.0,2.148,2.468,2.469,2.547,0.0
2025-08-09 23:00:00,0.0,2.464,7.0,0.0,0.0,2.148,2.468,2.467,2.544,0.0
2025-08-10 00:00:00,0.0,2.469,7.0,0.0,0.0,1.621,2.48,2.472,2.544,0.0
2025-08-10 01:00:00,0.0,2.508,7.0,0.0,0.0,1.621,2.48,2.474,2.543,0.0
2025-08-10 02:00:00,0.0,2.423,7.0,0.0,0.0,1.621,2.467,2.467,2.544,0.0
2025-08-10 03:00:00,0.0,2.413,7.0,0.0,0.0,1.621,2.448,2.464,2.539,0.0
2025-08-10 04:00:00,0.0,2.534,7.0,0.0,0.0,1.621,2.457,2.468,2.534,0.0
2025-08-10 05:00:00,0.0,2.403,7.0,0.0,0.0,1.621,2.45,2.458,2.531,0.0
2025-08-10 06:00:00,0.0,2.451,7.0,0.0,0.0,0.0,2.463,2.455,2.527,0.0
2025-08-10 07:00:00,0.0,2.41,7.0,0.0,0.0,0.0,2.422,2.439,2.519,0.0
2025-08-10 08:00:00,0.0,2.476,7.0,0.0,0.0,0.0,2.446,2.448,2.515,0.0
2025-08-10 09:00:00,53.577,2.521,7.0,53.577,53.577,53.577,2.469,2.466,2.514,0.0
2025-08-10 10:00:00,0.0,2.506,7.0,53.577,53.577,53.577,2.501,2.461,2.508,0.0
2025-08-10 11:00:00,0.0,2.62,7.0,53.577,53.577,53.577,2.549,2.497,2.507,0.0
2025-08-10 12:00:00,0.0,2.554,7.0,0.0,53.577,53.577,2.56,2.514,2.503,0.0
2025-08-10 13:00:00,2.573,7.811,7.0,2.573,56.151,56.151,4.328,3.415,2.717,0.811
2025-08-10 14:00:00,0.0,7.798,7.0,2.573,56.151,56.151,6.054,4.302,2.934,0.798
2025-08-10 15:00:00,0.0,7.993,7.0,2.573,2.573,56.151,7.867,5.214,3.156,0.993
2025-08-10 16:00:00,0.0,7.911,7.0,0.0,2.573,56.151,7.901,6.114,3.378,0.911
2025-08-10 17:00:00,0.0,8.145,7.0,0.0,2.573,56.151,8.016,7.035,3.614,1.145
2025-08-10 18:00:00,0.0,8.119,7.0,0.0,2.573,56.151,8.058,7.963,3.851,1.119
2025-08-10 19:00:00,4.835,2.771,7.0,4.835,4.835,60.986,6.345,7.123,3.863,0.0
2025-08-10 20:00:00,0.0,2.683,7.0,4.835,4.835,60.986,4.524,6.27,3.872,0.0
2025-08-10 21:00:00,0.0,2.765,7.0,4.835,4.835,60.986,2.74,5.399,3.886,0.0
2025-08-10 22:00:00,0.0,2.761,7.0,0.0,4.835,60.986,2.736,4.541,3.896,0.0
2025-08-10 23:00:00,0.0,2.938,7.0,0.0,4.835,60.986,2.821,3.673,3.916,0.0
2025-08-11 00:00:00,0.0,2.957,7.0,0.0,4.835,60.986,2.885,2.813,3.936,0.0
2025-08-11 01:00:00,0.0,3.059,7.0,0.0,0.0,60.986,2.985,2.861,3.959,0.0
2025-08-11 02:00:00,0.0,2.977,7.0,0.0,0.0,60.986,2.998,2.91,3.982,0.0
2025-08-11 03:00:00,0.0,3.087,7.0,0.0,0.0,60.986,3.041,2.963,4.01,0.0
2025-08-11 04:00:00,0.0,2.896,7.0,0.0,0.0,60.986,2.987,2.986,4.026,0.0
2025-08-11 05:00:00,0.0,2.474,7.0,0.0,0.0,60.986,2.819,2.908,4.028,0.0
2025-08-11 06:00:00,23.723,2.423,7.0,23.723,23.723,84.709,2.598,2.819,4.027,0.0
2025-08-11 07:00:00,0.0,2.44,7.0,23.723,23.723,84.709,2.445,2.716,4.029,0.0
2025-08-11 08:00:00,0.0,2.459,7.0,23.723,23.723,84.709,2.44,2.63,4.028,0.0
2025-08-11 09:00:00,0.0,2.516,7.0,0.0,23.723,31.132,2.471,2.534,4.028,0.0
2025-08-11 10:00:00,0.0,4.886,7.0,0.0,23.723,31.132,3.287,2.866,4.127,0.0
2025-08-11 11:00:00,0.0,4.838,7.0,0.0,23.723,31.132,4.08,3.26,4.219,0.0
2025-08-11 12:00:00,0.0,4.761,7.0,0.0,0.0,31.132,4.828,3.65,4.311,0.0
2025-08-11 13:00:00,0.0,4.946,7.0,0.0,0.0,28.558,4.848,4.068,4.192,0.0
2025-08-11 14:00:00,0.0,4.858,7.0,0.0,0.0,28.558,4.855,4.467,4.069,0.0
2025-08-11 15:00:00,0.0,4.817,7.0,0.0,0.0,28.558,4.874,4.851,3.937,0.0
2025-08-11 16:00:00,30.556,2.514,7.0,30.556,30.556,59.114,4.063,4.456,3.712,0.0
2025-08-11 17:00:00,0.0,2.51,7.0,30.556,30.556,59.114,3.28,4.068,3.477,0.0
2025-08-11 18:00:00,0.0,2.484,7.0,30.556,30.556,59.114,2.503,3.688,3.242,0.0
2025-08-11 19:00:00,0.0,2.507,7.0,0.0,30.556,54.279,2.501,3.282,3.231,0.0
2025-08-11 20:00:00,0.0,5.498,7.0,0.0,30.556,54.279,3.496,3.388,3.349,0.0
2025-08-11 21:00:00,0.0,5.594,7.0,0.0,30.556,54.279,4.533,3.518,3.467,0.0
2025-08-11 22:00:00,0.0,5.506,7.0,0.0,0.0,54.279,5.532,4.016,3.581,0.0
2025-08-11 23:00:00,18.463,5.525,7.0,18.463,18.463,72.742,5.542,4.519,3.689,0.0
2025-08-12 00:00:00,0.0,5.588,7.0,18.463,18.463,72.742,5.54,5.036,3.798,0.0
2025-08-12 01:00:00,0.0,5.616,7.0,18.463,18.463,72.742,5.576,5.554,3.905,0.0
2025-08-12 02:00:00,0.0,2.579,7.0,0.0,18.463,72.742,4.594,5.068,3.888,0.0
2025-08-12 03:00:00,0.0,4.399,7.0,0.0,18.463,72.742,4.198,4.869,3.943,0.0
2025-08-12 04:00:00,0.0,4.33,7.0,0.0,18.463,72.742,3.769,4.673,4.003,0.0
2025-08-12 05:00:00,1.308,4.269,7.0,1.308,1.308,74.05,4.333,4.464,4.078,0.0
2025-08-12 06:00:00,0.0,4.417,7.0,1.308,1.308,50.327,4.339,4.268,4.161,0.0
2025-08-12 07:00:00,0.0,4.415,7.0,1.308,1.308,50.327,4.367,4.068,4.243,0.0
2025-08-12 08:00:00,0.0,4.313,7.0,0.0,1.308,50.327,4.381,4.357,4.32,0.0
2025-08-12 09:00:00,0.0,2.677,7.0,0.0,1.308,50.327,3.801,4.07,4.327,0.0
2025-08-12 10:00:00,0.0,2.614,7.0,0.0,1.308,50.327,3.201,3.784,4.232,0.0
2025-08-12 11:00:00,0.0,2.706,7.0,0.0,0.0,50.327,2.666,3.524,4.143,0.0
2025-08-12 12:00:00,0.0,2.605,7.0,0.0,0.0,50.327,2.642,3.222,4.054,0.0
2025-08-12 13:00:00,26.13,2.73,7.0,26.13,26.13,76.457,2.68,2.941,3.961,0.0
2025-08-12 14:00:00,0.0,2.67,7.0,26.13,26.13,76.457,2.668,2.667,3.87,0.0
2025-08-12 15:00:00,0.0,2.59,7.0,26.13,26.13,76.457,2.663,2.652,3.777,0.0
2025-08-12 16:00:00,0.0,2.477,7.0,0.0,26.13,45.901,2.579,2.63,3.776,0.0
2025-08-12 17:00:00,0.0,5.133,7.0,0.0,26.13,45.901,3.4,3.034,3.885,0.0
2025-08-12 18:00:00,0.0,5.065,7.0,0.0,26.13,45.901,4.225,3.444,3.993,0.0
2025-08-12 19:00:00,0.0,5.155,7.0,0.0,0.0,45.901,5.118,3.848,4.103,0.0
2025-08-12 20:00:00,0.0,5.158,7.0,0.0,0.0,45.901,5.126,4.263,4.089,0.0
2025-08-12 21:00:00,0.0,5.233,7.0,0.0,0.0,45.901,5.182,4.703,4.074,0.0
2025-08-12 22:00:00,0.0,5.137,7.0,0.0,0.0,45.901,5.176,5.147,4.058,0.0
2025-08-12 23:00:00,0.0,2.536,7.0,0.0,0.0,27.438,4.302,4.714,3.934,0.0
2025-08-13 00:00:00,0.0,2.476,7.0,0.0,0.0,27.438,3.383,4.283,3.804,0.0
2025-08-13 01:00:00,0.0,2.527,7.0,0.0,0.0,27.438,2.513,3.845,3.675,0.0
2025-08-13 02:00:00,0.0,2.481,7.0,0.0,0.0,27.438,2.495,3.398,3.671,0.0
2025-08-13 03:00:00,0.0,2.506,7.0,0.0,0.0,27.438,2.505,2.944,3.592,0.0
2025-08-13 04:00:00,0.0,2.509,7.0,0.0,0.0,27.438,2.499,2.506,3.517,0.0
2025-08-13 05:00:00,0.0,2.482,7.0,0.0,0.0,26.13,2.499,2.497,3.442,0.0
2025-08-13 06:00:00,0.0,2.503,7.0,0.0,0.0,26.13,2.498,2.501,3.362,0.0
2025-08-13 07:00:00,0.0,2.481,7.0,0.0,0.0,26.13,2.489,2.494,3.282,0.0
2025-08-13 08:00:00,0.0,2.481,7.0,0.0,0.0,26.13,2.488,2.494,3.206,0.0
2025-08-13 09:00:00,0.0,2.554,7.0,0.0,0.0,26.13,2.505,2.502,3.2,0.0
2025-08-13 10:00:00,0.0,2.509,7.0,0.0,0.0,26.13,2.515,2.502,3.196,0.0
2025-08-13 11:00:00,6.82,2.517,7.0,6.82,6.82,32.951,2.527,2.508,3.188,0.0
2025-08-13 12:00:00,0.0,2.427,7.0,6.82,6.82,32.951,2.484,2.495,3.181,0.0
2025-08-13 13:00:00,0.0,2.521,7.0,6.82,6.82,6.82,2.489,2.502,3.172,0.0
2025-08-13 14:00:00,0.0,2.527,7.0,0.0,6.82,6.82,2.492,2.509,3.166,0.0
2025-08-13 15:00:00,0.0,3.162,7.0,0.0,6.82,6.82,2.737,2.611,3.19,0.0
2025-08-13 16:00:00,0.0,3.286,7.0,0.0,6.82,6.82,2.992,2.74,3.224,0.0
2025-08-13 17:00:00,0.0,3.068,7.0,0.0,0.0,6.82,3.172,2.832,3.138,0.0
2025-08-13 18:00:00,0.0,3.221,7.0,0.0,0.0,6.82,3.192,2.964,3.061,0.0
2025-08-13 19:00:00,0.0,3.218,7.0,0.0,0.0,6.82,3.169,3.08,2.98,0.0
2025-08-13 20:00:00,0.0,3.209,7.0,0.0,0.0,6.82,3.216,3.194,2.899,0.0
2025-08-13 21:00:00,0.0,2.509,7.0,0.0,0.0,6.82,2.979,3.085,2.785,0.0
2025-08-13 22:00:00,0.0,2.528,7.0,0.0,0.0,6.82,2.748,2.959,2.677,0.0
2025-08-13 23:00:00,0.0,2.543,7.0,0.0,0.0,6.82,2.527,2.871,2.677,0.0
2025-08-14 00:00:00,0.0,2.464,7.0,0.0,0.0,6.82,2.512,2.745,2.676,0.0
2025-08-14 01:00:00,1.943,2.515,7.0,1.943,1.943,8.763,2.507,2.628,2.676,0.0
2025-08-14 02:00:00,24.938,2.491,7.0,26.881,26.881,33.701,2.49,2.508,2.676,0.0
2025-08-14 03:00:00,0.0,2.445,7.0,26.881,26.881,33.701,2.484,2.498,2.674,0.0
2025-08-14 04:00:00,0.0,2.536,7.0,24.938,26.881,33.701,2.491,2.499,2.675,0.0
2025-08-14 05:00:00,0.0,2.666,7.0,0.0,26.881,33.701,2.549,2.519,2.683,0.0
2025-08-14 06:00:00,7.442,5.113,7.0,7.442,34.323,41.143,3.438,2.961,2.791,0.0
2025-08-14 07:00:00,0.0,5.161,7.0,7.442,32.38,41.143,4.313,3.402,2.903,0.0
2025-08-14 08:00:00,0.0,5.148,7.0,7.442,7.442,41.143,5.141,3.845,3.014,0.0
2025-08-14 09:00:00,0.0,5.24,7.0,0.0,7.442,41.143,5.183,4.311,3.126,0.0
2025-08-14 10:00:00,0.0,5.94,7.0,0.0,7.442,41.143,5.443,4.878,3.269,0.0
2025-08-14 11:00:00,0.0,5.807,7.0,0.0,7.442,34.323,5.662,5.401,3.406,0.0
2025-08-14 12:00:00,0.0,3.211,7.0,0.0,0.0,34.323,4.986,5.084,3.439,0.0
2025-08-14 13:00:00,0.0,3.288,7.0,0.0,0.0,34.323,4.102,4.772,3.471,0.0
2025-08-14 14:00:00,0.0,3.386,7.0,0.0,0.0,34.323,3.295,4.479,3.506,0.0
2025-08-14 15:00:00,0.0,3.262,7.0,0.0,0.0,34.323,3.312,4.149,3.511,0.0
2025-08-14 16:00:00,0.0,2.543,7.0,0.0,0.0,34.323,3.064,3.583,3.48,0.0
2025-08-14 17:00:00,0.0,2.535,7.0,0.0,0.0,34.323,2.78,3.037,3.457,0.0
2025-08-14 18:00:00,0.0,2.429,7.0,0.0,0.0,34.323,2.502,2.907,3.424,0.0
2025-08-14 19:00:00,0.0,2.529,7.0,0.0,0.0,34.323,2.498,2.781,3.396,0.0
2025-08-14 20:00:00,0.0,2.515,7.0,0.0,0.0,34.323,2.491,2.636,3.367,0.0
2025-08-14 21:00:00,0.0,2.487,7.0,0.0,0.0,34.323,2.511,2.506,3.366,0.0
2025-08-14 22:00:00,41.619,2.456,7.0,41.619,41.619,75.941,2.486,2.492,3.363,0.0
2025-08-14 23:00:00,0.0,2.535,7.0,41.619,41.619,75.941,2.493,2.492,3.363,0.0
2025-08-15 00:00:00,0.0,2.451,7.0,41.619,41.619,75.941,2.481,2.496,3.362,0.0
2025-08-15 01:00:00,0.0,2.607,7.0,0.0,41.619,73.998,2.531,2.508,3.366,0.0
2025-08-15 02:00:00,12.284,6.668,7.0,12.284,53.902,61.344,3.909,3.201,3.54,0.0
2025-08-15 03:00:00,0.0,6.601,7.0,12.284,53.902,61.344,5.292,3.886,3.713,0.0
2025-08-15 04:00:00,0.0,6.636,7.0,12.284,12.284,61.344,6.635,4.583,3.884,0.0
2025-08-15 05:00:00,0.0,6.648,7.0,0.0,12.284,61.344,6.628,5.268,4.05,0.0
2025-08-15 06:00:00,0.0,8.011,7.0,0.0,12.284,53.902,7.098,6.195,4.171,1.011
2025-08-15 07:00:00,0.0,7.846,7.0,0.0,12.284,53.902,7.502,7.068,4.282,0.846
2025-08-15 08:00:00,0.0,3.723,7.0,0.0,0.0,53.902,6.526,6.577,4.223,0.0
2025-08-15 09:00:00,0.0,3.701,7.0,0.0,0.0,53.902,5.09,6.094,4.159,0.0
2025-08-15 10:00:00,0.0,3.753,7.0,0.0,0.0,53.902,3.726,5.614,4.068,0.0
2025-08-15 11:00:00,0.0,3.702,7.0,0.0,0.0,53.902,3.719,5.123,3.98,0.0
2025-08-15 12:00:00,0.0,2.443,7.0,0.0,0.0,53.902,3.3,4.195,3.948,0.0
2025-08-15 13:00:00,0.0,2.49,7.0,0.0,0.0,53.902,2.879,3.302,3.915,0.0
2025-08-15 14:00:00,0.0,2.485,7.0,0.0,0.0,53.902,2.473,3.096,3.877,0.0
2025-08-15 15:00:00,0.0,2.47,7.0,0.0,0.0,53.902,2.482,2.891,3.844,0.0
2025-08-15 16:00:00,0.0,2.473,7.0,0.0,0.0,53.902,2.476,2.677,3.841,0.0
2025-08-15 17:00:00,0.0,2.559,7.0,0.0,0.0,53.902,2.501,2.487,3.842,0.0
2025-08-15 18:00:00,0.0,2.484,7.0,0.0,0.0,53.902,2.505,2.494,3.845,0.0
2025-08-15 19:00:00,33.42,2.443,7.0,33.42,33.42,87.323,2.496,2.486,3.841,0.0
2025-08-15 20:00:00,0.0,2.477,7.0,33.42,33.42,87.323,2.468,2.484,3.84,0.0
2025-08-15 21:00:00,0.0,2.503,7.0,33.42,33.42,87.323,2.474,2.49,3.84,0.0
2025-08-15 22:00:00,0.0,2.433,7.0,0.0,33.42,45.704,2.471,2.483,3.839,0.0
2025-08-15 23:00:00,0.0,5.923,7.0,0.0,33.42,45.704,3.62,3.044,3.98,0.0
2025-08-16 00:00:00,0.0,5.885,7.0,0.0,33.42,45.704,4.747,3.611,4.124,0.0
2025-08-16 01:00:00,0.0,5.914,7.0,0.0,0.0,45.704,5.907,4.189,4.261,0.0
2025-08-16 02:00:00,0.0,5.862,7.0,0.0,0.0,33.42,5.887,4.753,4.228,0.0
2025-08-16 03:00:00,0.0,5.737,7.0,0.0,0.0,33.42,5.837,5.292,4.192,0.0
2025-08-16 04:00:00,0.0,5.919,7.0,0.0,0.0,33.42,5.839,5.873,4.162,0.0
2025-08-16 05:00:00,0.0,2.457,7.0,0.0,0.0,33.42,4.704,5.296,3.987,0.0
2025-08-16 06:00:00,0.0,2.461,7.0,0.0,0.0,33.42,3.612,4.725,3.756,0.0
2025-08-16 07:00:00,0.0,2.508,7.0,0.0,0.0,33.42,2.475,4.157,3.534,0.0
2025-08-16 08:00:00,0.0,2.569,7.0,0.0,0.0,33.42,2.513,3.608,3.486,0.0
2025-08-16 09:00:00,0.0,2.553,7.0,0.0,0.0,33.42,2.543,3.078,3.438,0.0
2025-08-16 10:00:00,5.751,2.545,7.0,5.751,5.751,39.171,2.556,2.515,3.387,0.0
2025-08-16 11:00:00,13.409,2.484,7.0,19.16,19.16,52.58,2.527,2.52,3.337,0.0
2025-08-16 12:00:00,0.0,2.484,7.0,19.16,19.16,52.58,2.504,2.524,3.338,0.0
2025-08-16 13:00:00,0.0,2.517,7.0,13.409,19.16,52.58,2.495,2.525,3.339,0.0
2025-08-16 14:00:00,0.0,3.069,7.0,0.0,19.16,52.58,2.69,2.609,3.364,0.0
2025-08-16 15:00:00,0.0,4.46,7.0,0.0,19.16,52.58,3.349,2.927,3.447,0.0
2025-08-16 16:00:00,0.0,4.457,7.0,0.0,13.409,52.58,3.995,3.245,3.529,0.0
2025-08-16 17:00:00,0.0,4.446,7.0,0.0,0.0,52.58,4.454,3.572,3.608,0.0
2025-08-16 18:00:00,0.0,4.29,7.0,0.0,0.0,52.58,4.398,3.873,3.683,0.0
2025-08-16 19:00:00,0.0,4.422,7.0,0.0,0.0,19.16,4.386,4.191,3.766,0.0
2025-08-16 20:00:00,0.0,3.835,7.0,0.0,0.0,19.16,4.182,4.318,3.822,0.0
2025-08-16 21:00:00,0.0,2.508,7.0,0.0,0.0,19.16,3.589,3.993,3.822,0.0
2025-08-16 22:00:00,0.0,2.462,7.0,0.0,0.0,19.16,2.935,3.661,3.824,0.0
2025-08-16 23:00:00,0.0,2.434,7.0,0.0,0.0,19.16,2.468,3.325,3.678,0.0
2025-08-17 00:00:00,0.0,2.523,7.0,0.0,0.0,19.16,2.473,3.031,3.538,0.0
2025-08-17 01:00:00,0.0,2.482,7.0,0.0,0.0,19.16,2.48,2.708,3.395,0.0
2025-08-17 02:00:00,0.0,2.529,7.0,0.0,0.0,19.16,2.511,2.49,3.256,0.0
2025-08-17 03:00:00,0.0,2.466,7.0,0.0,0.0,19.16,2.492,2.483,3.12,0.0
2025-08-17 04:00:00,0.0,2.571,7.0,0.0,0.0,19.16,2.522,2.501,2.981,0.0
2025-08-17 05:00:00,0.0,2.55,7.0,0.0,0.0,19.16,2.529,2.52,2.984,0.0
2025-08-17 06:00:00,0.0,2.515,7.0,0.0,0.0,19.16,2.545,2.519,2.987,0.0
2025-08-17 07:00:00,0.0,2.489,7.0,0.0,0.0,19.16,2.518,2.52,2.986,0.0
2025-08-17 08:00:00,0.0,2.543,7.0,0.0,0.0,19.16,2.516,2.522,2.985,0.0
2025-08-17 09:00:00,0.0,2.52,7.0,0.0,0.0,19.16,2.517,2.531,2.983,0.0
2025-08-17 10:00:00,0.0,2.512,7.0,0.0,0.0,13.409,2.525,2.521,2.982,0.0
2025-08-17 11:00:00,0.0,2.552,7.0,0.0,0.0,0.0,2.528,2.522,2.985,0.0
2025-08-17 12:00:00,0.0,2.571,7.0,0.0,0.0,0.0,2.545,2.531,2.989,0.0
2025-08-17 13:00:00,2.053,2.437,7.0,2.053,2.053,2.053,2.52,2.523,2.985,0.0
2025-08-17 14:00:00,0.0,2.447,7.0,2.053,2.053,2.053,2.485,2.507,2.959,0.0
2025-08-17 15:00:00,0.0,2.461,7.0,2.053,2.053,2.053,2.449,2.497,2.876,0.0
2025-08-17 16:00:00,0.0,2.425,7.0,0.0,2.053,2.053,2.444,2.482,2.791,0.0
2025-08-17 17:00:00,0.0,2.702,7.0,0.0,2.053,2.053,2.529,2.507,2.719,0.0
2025-08-17 18:00:00,0.0,2.735,7.0,0.0,2.053,2.053,2.621,2.535,2.654,0.0
2025-08-17 19:00:00,0.0,2.704,7.0,0.0,0.0,2.053,2.714,2.579,2.582,0.0
2025-08-17 20:00:00,0.0,2.679,7.0,0.0,0.0,2.053,2.706,2.618,2.534,0.0
2025-08-17 21:00:00,0.0,2.762,7.0,0.0,0.0,2.053,2.715,2.668,2.545,0.0
2025-08-17 22:00:00,0.0,2.712,7.0,0.0,0.0,2.053,2.718,2.716,2.555,0.0
2025-08-17 23:00:00,0.0,2.517,7.0,0.0,0.0,2.053,2.664,2.685,2.559,0.0
2025-08-18 00:00:00,0.0,2.558,7.0,0.0,0.0,2.053,2.596,2.655,2.56,0.0
2025-08-18 01:00:00,0.0,2.494,7.0,0.0,0.0,2.053,2.523,2.62,2.56,0.0
2025-08-18 02:00:00,0.0,2.603,7.0,0.0,0.0,2.053,2.552,2.608,2.564,0.0
2025-08-18 03:00:00,0.0,2.478,7.0,0.0,0.0,2.053,2.525,2.56,2.564,0.0
2025-08-18 04:00:00,0.0,2.6,7.0,0.0,0.0,2.053,2.56,2.542,2.565,0.0
2025-08-18 05:00:00,0.0,2.451,7.0,0.0,0.0,2.053,2.51,2.531,2.561,0.0
2025-08-18 06:00:00,0.0,2.526,7.0,0.0,0.0,2.053,2.526,2.525,2.562,0.0
2025-08-18 07:00:00,0.0,2.468,7.0,0.0,0.0,2.053,2.482,2.521,2.561,0.0
2025-08-18 08:00:00,0.0,2.556,7.0,0.0,0.0,2.053,2.517,2.513,2.561,0.0
2025-08-18 09:00:00,0.0,2.476,7.0,0.0,0.0,2.053,2.5,2.513,2.559,0.0
2025-08-18 10:00:00,0.0,2.515,7.0,0.0,0.0,2.053,2.516,2.499,2.56,0.0
2025-08-18 11:00:00,0.0,2.467,7.0,0.0,0.0,2.053,2.486,2.501,2.556,0.0
2025-08-18 12:00:00,0.0,2.547,7.0,0.0,0.0,2.053,2.51,2.505,2.555,0.0
2025-08-18 13:00:00,0.0,2.467,7.0,0.0,0.0,0.0,2.494,2.505,2.556,0.0
2025-08-18 14:00:00,0.0,2.584,7.0,0.0,0.0,0.0,2.533,2.509,2.562,0.0
2025-08-18 15:00:00,0.0,2.45,7.0,0.0,0.0,0.0,2.501,2.505,2.562,0.0
2025-08-18 16:00:00,0.0,2.433,7.0,0.0,0.0,0.0,2.489,2.491,2.562,0.0
2025-08-18 17:00:00,0.0,2.548,7.0,0.0,0.0,0.0,2.477,2.505,2.555,0.0
2025-08-18 18:00:00,0.0,2.47,7.0,0.0,0.0,0.0,2.484,2.492,2.544,0.0
2025-08-18 19:00:00,0.0,2.5,7.0,0.0,0.0,0.0,2.506,2.497,2.536,0.0
2025-08-18 20:00:00,0.0,2.484,7.0,0.0,0.0,0.0,2.485,2.481,2.528,0.0
2025-08-18 21:00:00,0.0,2.434,7.0,0.0,0.0,0.0,2.473,2.478,2.514,0.0
2025-08-18 22:00:00,0.0,2.496,7.0,0.0,0.0,0.0,2.471,2.489,2.505,0.0
2025-08-18 23:00:00,0.0,2.563,7.0,0.0,0.0,0.0,2.498,2.491,2.507,0.0
2025-08-19 00:00:00,0.0,2.55,7.0,0.0,0.0,0.0,2.537,2.505,2.507,0.0
2025-08-19 01:00:00,0.0,2.512,7.0,0.0,0.0,0.0,2.542,2.507,2.507,0.0
2025-08-19 02:00:00,0.0,2.556,7.0,0.0,0.0,0.0,2.539,2.519,2.505,0.0
2025-08-19 03:00:00,0.0,2.447,7.0,0.0,0.0,0.0,2.505,2.521,2.504,0.0
2025-08-19 04:00:00,0.0,2.484,7.0,0.0,0.0,0.0,2.495,2.519,2.499,0.0
2025-08-19 05:00:00,0.0,2.52,7.0,0.0,0.0,0.0,2.484,2.511,2.502,0.0
2025-08-19 06:00:00,0.0,2.493,7.0,0.0,0.0,0.0,2.499,2.502,2.501,0.0
2025-08-19 07:00:00,0.0,2.488,7.0,0.0,0.0,0.0,2.5,2.498,2.502,0.0
2025-08-19 08:00:00,0.0,2.44,7.0,0.0,0.0,0.0,2.474,2.479,2.497,0.0
2025-08-19 09:00:00,0.0,2.396,7.0,0.0,0.0,0.0,2.441,2.47,2.493,0.0
2025-08-19 10:00:00,0.0,2.541,7.0,0.0,0.0,0.0,2.459,2.48,2.495,0.0
2025-08-19 11:00:00,0.0,2.512,7.0,0.0,0.0,0.0,2.483,2.478,2.496,0.0
2025-08-19 12:00:00,0.0,2.545,7.0,0.0,0.0,0.0,2.533,2.487,2.496,0.0
2025-08-19 13:00:00,0.0,2.478,7.0,0.0,0.0,0.0,2.512,2.485,2.497,0.0
2025-08-19 14:00:00,0.0,2.464,7.0,0.0,0.0,0.0,2.496,2.489,2.492,0.0
2025-08-19 15:00:00,0.0,2.5,7.0,0.0,0.0,0.0,2.481,2.507,2.494,0.0
2025-08-19 16:00:00,0.0,2.543,7.0,0.0,0.0,0.0,2.502,2.507,2.498,0.0
2025-08-19 17:00:00,0.0,2.488,7.0,0.0,0.0,0.0,2.51,2.503,2.496,0.0
2025-08-19 18:00:00,0.0,2.54,7.0,0.0,0.0,0.0,2.524,2.502,2.499,0.0
2025-08-19 19:00:00,0.0,2.45,7.0,0.0,0.0,0.0,2.493,2.498,2.497,0.0
2025-08-19 20:00:00,0.0,2.492,7.0,0.0,0.0,0.0,2.494,2.502,2.497,0.0
2025-08-19 21:00:00,0.0,2.496,7.0,0.0,0.0,0.0,2.479,2.502,2.5,0.0
2025-08-19 22:00:00,0.0,2.561,7.0,0.0,0.0,0.0,2.517,2.505,2.502,0.0
2025-08-19 23:00:00,0.0,2.51,7.0,0.0,0.0,0.0,2.523,2.508,2.5,0.0
2025-08-20 00:00:00,0.0,2.587,7.0,0.0,0.0,0.0,2.553,2.516,2.502,0.0
2025-08-20 01:00:00,0.0,2.433,7.0,0.0,0.0,0.0,2.51,2.513,2.499,0.0
2025-08-20 02:00:00,0.0,2.506,7.0,0.0,0.0,0.0,2.509,2.516,2.497,0.0
2025-08-20 03:00:00,0.0,2.509,7.0,0.0,0.0,0.0,2.483,2.518,2.499,0.0
2025-08-20 04:00:00,0.0,2.531,7.0,0.0,0.0,0.0,2.515,2.513,2.501,0.0
2025-08-20 05:00:00,0.0,2.459,7.0,0.0,0.0,0.0,2.5,2.504,2.499,0.0
2025-08-20 06:00:00,0.0,2.584,7.0,0.0,0.0,0.0,2.525,2.504,2.502,0.0
2025-08-20 07:00:00,0.0,2.501,7.0,0.0,0.0,0.0,2.515,2.515,2.503,0.0
2025-08-20 08:00:00,0.0,2.446,7.0,0.0,0.0,0.0,2.51,2.505,2.503,0.0
2025-08-20 09:00:00,0.0,2.499,7.0,0.0,0.0,0.0,2.482,2.503,2.507,0.0
2025-08-20 10:00:00,0.0,2.484,7.0,0.0,0.0,0.0,2.476,2.496,2.505,0.0
2025-08-20 11:00:00,0.0,2.639,7.0,0.0,0.0,0.0,2.541,2.526,2.51,0.0
2025-08-20 12:00:00,0.0,2.552,7.0,0.0,0.0,0.0,2.559,2.52,2.511,0.0
2025-08-20 13:00:00,0.0,2.502,7.0,0.0,0.0,0.0,2.565,2.521,2.512,0.0
2025-08-20 14:00:00,0.0,2.494,7.0,0.0,0.0,0.0,2.516,2.529,2.513,0.0
2025-08-20 15:00:00,0.0,2.548,7.0,0.0,0.0,0.0,2.515,2.537,2.515,0.0
2025-08-20 16:00:00,0.0,2.55,7.0,0.0,0.0,0.0,2.531,2.548,2.515,0.0
2025-08-20 17:00:00,0.448,2.354,7.0,0.448,0.448,0.448,2.484,2.5,2.51,0.0
2025-08-20 18:00:00,0.0,2.532,7.0,0.448,0.448,0.448,2.479,2.497,2.509,0.0
2025-08-20 19:00:00,0.0,2.501,7.0,0.448,0.448,0.448,2.463,2.497,2.511,0.0
2025-08-20 20:00:00,0.0,2.434,7.0,0.0,0.448,0.448,2.489,2.487,2.509,0.0
2025-08-20 21:00:00,0.0,2.589,7.0,0.0,0.448,0.448,2.508,2.494,2.513,0.0
2025-08-20 22:00:00,0.0,2.657,7.0,0.0,0.448,0.448,2.56,2.511,2.517,0.0
2025-08-20 23:00:00,0.0,2.573,7.0,0.0,0.0,0.448,2.606,2.548,2.519,0.0
2025-08-21 00:00:00,0.0,2.6,7.0,0.0,0.0,0.448,2.61,2.559,2.52,0.0
2025-08-21 01:00:00,3.307,2.635,7.0,3.307,3.307,3.755,2.602,2.581,2.528,0.0
2025-08-21 02:00:00,2.972,2.503,7.0,6.279,6.279,6.727,2.579,2.593,2.528,0.0
2025-08-21 03:00:00,0.0,2.407,7.0,6.279,6.279,6.727,2.515,2.562,2.524,0.0
2025-08-21 04:00:00,0.0,2.533,7.0,2.972,6.279,6.727,2.481,2.542,2.524,0.0
2025-08-21 05:00:00,0.0,2.818,7.0,0.0,6.279,6.727,2.586,2.583,2.539,0.0
2025-08-21 06:00:00,0.0,3.059,7.0,0.0,6.279,6.727,2.803,2.659,2.559,0.0
2025-08-21 07:00:00,0.0,3.124,7.0,0.0,2.972,6.727,3.001,2.741,2.585,0.0
2025-08-21 08:00:00,0.0,3.164,7.0,0.0,0.0,6.727,3.116,2.851,2.615,0.0
2025-08-21 09:00:00,87.794,3.12,7.0,87.794,87.794,94.521,3.136,2.97,2.641,0.0
2025-08-21 10:00:00,0.0,3.089,7.0,87.794,87.794,94.521,3.124,3.062,2.666,0.0
2025-08-21 11:00:00,0.0,2.786,7.0,87.794,87.794,94.521,2.998,3.057,2.672,0.0
2025-08-21 12:00:00,0.0,2.499,7.0,0.0,87.794,94.521,2.791,2.964,2.67,0.0
2025-08-21 13:00:00,0.0,11.183,7.0,0.0,87.794,94.521,5.489,4.307,3.031,4.183
2025-08-21 14:00:00,0.0,11.272,7.0,0.0,87.794,94.521,8.318,5.658,3.397,4.272
2025-08-21 15:00:00,0.0,11.212,7.0,0.0,0.0,94.521,11.222,7.007,3.758,4.212
2025-08-21 16:00:00,0.0,11.312,7.0,0.0,0.0,94.521,11.266,8.377,4.123,4.312
2025-08-21 17:00:00,0.0,11.201,7.0,0.0,0.0,94.073,11.242,9.78,4.492,4.201
2025-08-21 18:00:00,0.0,11.33,7.0,0.0,0.0,94.073,11.281,11.252,4.858,4.33
2025-08-21 19:00:00,0.0,2.48,7.0,0.0,0.0,94.073,8.337,9.801,4.858,0.0
2025-08-21 20:00:00,0.0,2.473,7.0,0.0,0.0,94.073,5.427,8.335,4.859,0.0
2025-08-21 21:00:00,0.0,2.515,7.0,0.0,0.0,94.073,2.489,6.885,4.856,0.0
2025-08-21 22:00:00,0.0,2.457,7.0,0.0,0.0,94.073,2.481,5.409,4.848,0.0
2025-08-21 23:00:00,0.0,2.514,7.0,0.0,0.0,94.073,2.495,3.961,4.845,0.0
2025-08-22 00:00:00,0.0,2.463,7.0,0.0,0.0,94.073,2.478,2.484,4.84,0.0
2025-08-22 01:00:00,8.674,2.472,7.0,8.674,8.674,99.441,2.483,2.482,4.833,0.0
2025-08-22 02:00:00,0.0,2.52,7.0,8.674,8.674,96.469,2.485,2.49,4.834,0.0
2025-08-22 03:00:00,0.0,2.443,7.0,8.674,8.674,96.469,2.479,2.478,4.835,0.0
2025-08-22 04:00:00,0.0,2.437,7.0,0.0,8.674,96.469,2.467,2.475,4.831,0.0
2025-08-22 05:00:00,0.0,3.38,7.0,0.0,8.674,96.469,2.753,2.619,4.854,0.0
2025-08-22 06:00:00,0.0,3.366,7.0,0.0,8.674,96.469,3.061,2.77,4.867,0.0
2025-08-22 07:00:00,0.0,3.376,7.0,0.0,0.0,96.469,3.374,2.92,4.878,0.0
2025-08-22 08:00:00,0.0,3.384,7.0,0.0,0.0,96.469,3.375,3.064,4.887,0.0
2025-08-22 09:00:00,0.0,3.37,7.0,0.0,0.0,8.674,3.377,3.219,4.897,0.0
2025-08-22 10:00:00,0.0,3.398,7.0,0.0,0.0,8.674,3.384,3.379,4.91,0.0
2025-08-22 11:00:00,0.0,2.505,7.0,0.0,0.0,8.674,3.091,3.233,4.898,0.0
2025-08-22 12:00:00,0.0,2.4,7.0,0.0,0.0,8.674,2.767,3.072,4.894,0.0
2025-08-22 13:00:00,0.0,2.413,7.0,0.0,0.0,8.674,2.439,2.912,4.529,0.0
2025-08-22 14:00:00,0.0,2.596,7.0,0.0,0.0,8.674,2.47,2.78,4.167,0.0
2025-08-22 15:00:00,0.0,2.5,7.0,0.0,0.0,8.674,2.503,2.635,3.804,0.0
2025-08-22 16:00:00,0.0,2.548,7.0,0.0,0.0,8.674,2.548,2.494,3.439,0.0
2025-08-22 17:00:00,0.0,2.483,7.0,0.0,0.0,8.674,2.51,2.49,3.076,0.0
2025-08-22 18:00:00,0.0,2.497,7.0,0.0,0.0,8.674,2.509,2.506,2.708,0.0
2025-08-22 19:00:00,0.0,2.477,7.0,0.0,0.0,8.674,2.486,2.517,2.708,0.0
2025-08-22 20:00:00,0.0,2.623,7.0,0.0,0.0,8.674,2.533,2.521,2.714,0.0
2025-08-22 21:00:00,0.0,2.513,7.0,0.0,0.0,8.674,2.538,2.523,2.714,0.0
2025-08-22 22:00:00,0.0,2.473,7.0,0.0,0.0,8.674,2.536,2.511,2.715,0.0
2025-08-22 23:00:00,0.0,2.417,7.0,0.0,0.0,8.674,2.468,2.5,2.711,0.0
2025-08-23 00:00:00,0.0,2.599,7.0,0.0,0.0,8.674,2.496,2.517,2.716,0.0
2025-08-23 01:00:00,0.0,2.492,7.0,0.0,0.0,0.0,2.503,2.52,2.717,0.0
2025-08-23 02:00:00,0.0,2.537,7.0,0.0,0.0,0.0,2.543,2.505,2.718,0.0
2025-08-23 03:00:00,0.0,2.543,7.0,0.0,0.0,0.0,2.524,2.51,2.722,0.0
2025-08-23 04:00:00,0.0,2.477,7.0,0.0,0.0,0.0,2.519,2.511,2.724,0.0
2025-08-23 05:00:00,0.0,2.534,7.0,0.0,0.0,0.0,2.518,2.53,2.688,0.0
2025-08-23 06:00:00,0.0,2.47,7.0,0.0,0.0,0.0,2.493,2.509,2.651,0.0
2025-08-23 07:00:00,0.0,2.45,7.0,0.0,0.0,0.0,2.485,2.502,2.612,0.0
2025-08-23 08:00:00,0.0,2.558,7.0,0.0,0.0,0.0,2.493,2.505,2.578,0.0
2025-08-23 09:00:00,0.0,2.492,7.0,0.0,0.0,0.0,2.5,2.497,2.541,0.0
2025-08-23 10:00:00,0.0,2.526,7.0,0.0,0.0,0.0,2.525,2.505,2.505,0.0
2025-08-23 11:00:00,0.0,2.521,7.0,0.0,0.0,0.0,2.513,2.503,2.506,0.0
2025-08-23 12:00:00,0.0,2.532,7.0,0.0,0.0,0.0,2.526,2.513,2.511,0.0
2025-08-23 13:00:00,0.0,2.422,7.0,0.0,0.0,0.0,2.492,2.508,2.512,0.0
2025-08-23 14:00:00,0.0,2.471,7.0,0.0,0.0,0.0,2.475,2.494,2.506,0.0
2025-08-23 15:00:00,0.0,2.484,7.0,0.0,0.0,0.0,2.459,2.493,2.506,0.0
2025-08-23 16:00:00,0.0,2.458,7.0,0.0,0.0,0.0,2.471,2.481,2.502,0.0
2025-08-23 17:00:00,0.0,2.521,7.0,0.0,0.0,0.0,2.488,2.481,2.504,0.0
2025-08-23 18:00:00,0.0,2.559,7.0,0.0,0.0,0.0,2.513,2.486,2.506,0.0
2025-08-23 19:00:00,0.0,2.567,7.0,0.0,0.0,0.0,2.549,2.51,2.51,0.0
2025-08-23 20:00:00,0.0,2.483,7.0,0.0,0.0,0.0,2.537,2.512,2.504,0.0
2025-08-23 21:00:00,0.0,2.515,7.0,0.0,0.0,0.0,2.522,2.517,2.504,0.0
2025-08-23 22:00:00,0.0,2.522,7.0,0.0,0.0,0.0,2.507,2.528,2.506,0.0
2025-08-23 23:00:00,0.0,2.531,7.0,0.0,0.0,0.0,2.523,2.53,2.511,0.0
2025-08-24 00:00:00,0.0,2.456,7.0,0.0,0.0,0.0,2.503,2.512,2.505,0.0
2025-08-24 01:00:00,0.0,2.591,7.0,0.0,0.0,0.0,2.526,2.516,2.509,0.0
2025-08-24 02:00:00,0.0,2.546,7.0,0.0,0.0,0.0,2.531,2.527,2.51,0.0
2025-08-24 03:00:00,0.0,2.548,7.0,0.0,0.0,0.0,2.562,2.532,2.51,0.0
2025-08-24 04:00:00,0.0,2.56,7.0,0.0,0.0,0.0,2.551,2.539,2.513,0.0
2025-08-24 05:00:00,0.0,2.527,7.0,0.0,0.0,0.0,2.545,2.538,2.513,0.0
2025-08-24 06:00:00,0.0,2.449,7.0,0.0,0.0,0.0,2.512,2.537,2.512,0.0
2025-08-24 07:00:00,0.0,2.493,7.0,0.0,0.0,0.0,2.489,2.52,2.514,0.0
2025-08-24 08:00:00,0.0,2.417,7.0,0.0,0.0,0.0,2.453,2.499,2.508,0.0
2025-08-24 09:00:00,0.0,2.521,7.0,0.0,0.0,0.0,2.477,2.494,2.509,0.0
2025-08-24 10:00:00,0.0,2.492,7.0,0.0,0.0,0.0,2.477,2.483,2.508,0.0
2025-08-24 11:00:00,0.0,2.498,7.0,0.0,0.0,0.0,2.503,2.478,2.507,0.0
2025-08-24 12:00:00,0.0,2.56,7.0,0.0,0.0,0.0,2.517,2.497,2.508,0.0
2025-08-24 13:00:00,0.0,2.477,7.0,0.0,0.0,0.0,2.512,2.494,2.51,0.0
2025-08-24 14:00:00,0.0,2.487,7.0,0.0,0.0,0.0,2.508,2.506,2.511,0.0
2025-08-24 15:00:00,0.0,2.501,7.0,0.0,0.0,0.0,2.489,2.503,2.512,0.0
2025-08-24 16:00:00,0.0,2.408,7.0,0.0,0.0,0.0,2.465,2.489,2.51,0.0
2025-08-24 17:00:00,0.0,2.487,7.0,0.0,0.0,0.0,2.465,2.487,2.508,0.0
2025-08-24 18:00:00,69.632,2.376,7.0,69.632,69.632,69.632,2.423,2.456,2.5,0.0
2025-08-24 19:00:00,0.0,2.471,7.0,69.632,69.632,69.632,2.444,2.455,2.496,0.0
2025-08-24 20:00:00,0.0,2.543,7.0,69.632,69.632,69.632,2.463,2.464,2.499,0.0
2025-08-24 21:00:00,0.0,2.522,7.0,0.0,69.632,69.632,2.512,2.468,2.499,0.0
2025-08-24 22:00:00,0.0,9.433,7.0,0.0,69.632,69.632,4.833,3.639,2.787,2.433
2025-08-24 23:00:00,0.0,9.465,7.0,0.0,69.632,69.632,7.14,4.802,3.076,2.465
2025-08-25 00:00:00,0.0,9.409,7.0,0.0,0.0,69.632,9.436,5.974,3.366,2.409
2025-08-25 01:00:00,0.0,9.463,7.0,0.0,0.0,69.632,9.446,7.139,3.652,2.463
2025-08-25 02:00:00,0.0,9.61,7.0,0.0,0.0,69.632,9.494,8.317,3.947,2.61
2025-08-25 03:00:00,0.0,9.556,7.0,0.0,0.0,69.632,9.543,9.489,4.239,2.556
2025-08-25 04:00:00,0.0,2.503,7.0,0.0,0.0,69.632,7.223,8.334,4.236,0.0
2025-08-25 05:00:00,0.0,2.508,7.0,0.0,0.0,69.632,4.855,7.175,4.235,0.0
2025-08-25 06:00:00,0.0,2.451,7.0,0.0,0.0,69.632,2.487,6.015,4.235,0.0
2025-08-25 07:00:00,0.0,2.46,7.0,0.0,0.0,69.632,2.473,4.848,4.234,0.0
2025-08-25 08:00:00,0.0,2.518,7.0,0.0,0.0,69.632,2.476,3.666,4.238,0.0
2025-08-25 09:00:00,0.0,2.474,7.0,0.0,0.0,69.632,2.484,2.486,4.236,0.0
2025-08-25 10:00:00,50.372,2.545,7.0,50.372,50.372,120.005,2.512,2.493,4.239,0.0
2025-08-25 11:00:00,0.0,2.578,7.0,50.372,50.372,120.005,2.532,2.504,4.242,0.0
2025-08-25 12:00:00,0.0,2.517,7.0,50.372,50.372,120.005,2.547,2.515,4.24,0.0
2025-08-25 13:00:00,0.0,2.505,7.0,0.0,50.372,120.005,2.533,2.523,4.241,0.0
2025-08-25 14:00:00,0.0,7.453,7.0,0.0,50.372,120.005,4.158,3.345,4.448,0.453
2025-08-25 15:00:00,0.0,7.575,7.0,0.0,50.372,120.005,5.844,4.196,4.66,0.575
2025-08-25 16:00:00,0.0,7.48,7.0,0.0,0.0,120.005,7.503,5.018,4.871,0.48
2025-08-25 17:00:00,0.0,7.516,7.0,0.0,0.0,120.005,7.524,5.841,5.08,0.516
2025-08-25 18:00:00,0.0,7.585,7.0,0.0,0.0,50.372,7.527,6.686,5.298,0.585
2025-08-25 19:00:00,0.0,7.589,7.0,0.0,0.0,50.372,7.563,7.533,5.511,0.589
2025-08-25 20:00:00,0.0,2.477,7.0,0.0,0.0,50.372,5.884,6.704,5.508,0.0
2025-08-25 21:00:00,0.0,2.48,7.0,0.0,0.0,50.372,4.182,5.854,5.506,0.0
2025-08-25 22:00:00,0.0,2.465,7.0,0.0,0.0,50.372,2.474,5.019,5.216,0.0
2025-08-25 23:00:00,0.0,2.44,7.0,0.0,0.0,50.372,2.462,4.173,4.923,0.0
2025-08-26 00:00:00,0.0,2.468,7.0,0.0,0.0,50.372,2.458,3.32,4.634,0.0
2025-08-26 01:00:00,0.0,2.419,7.0,0.0,0.0,50.372,2.443,2.458,4.34,0.0
2025-08-26 02:00:00,0.0,2.534,7.0,0.0,0.0,50.372,2.474,2.468,4.046,0.0
2025-08-26 03:00:00,0.0,2.52,7.0,0.0,0.0,50.372,2.491,2.474,3.752,0.0
2025-08-26 04:00:00,0.0,2.528,7.0,0.0,0.0,50.372,2.527,2.485,3.754,0.0
2025-08-26 05:00:00,0.0,2.452,7.0,0.0,0.0,50.372,2.5,2.487,3.751,0.0
2025-08-26 06:00:00,0.0,2.44,7.0,0.0,0.0,50.372,2.474,2.482,3.751,0.0
2025-08-26 07:00:00,0.0,2.503,7.0,0.0,0.0,50.372,2.465,2.496,3.753,0.0
2025-08-26 08:00:00,0.0,2.503,7.0,0.0,0.0,50.372,2.482,2.491,3.752,0.0
2025-08-26 09:00:00,0.0,2.493,7.0,0.0,0.0,50.372,2.5,2.487,3.753,0.0
2025-08-26 10:00:00,26.965,2.486,7.0,26.965,26.965,26.965,2.494,2.479,3.75,0.0
2025-08-26 11:00:00,0.0,2.586,7.0,26.965,26.965,26.965,2.521,2.502,3.751,0.0
2025-08-26 12:00:00,0.0,2.521,7.0,26.965,26.965,26.965,2.531,2.515,3.751,0.0
2025-08-26 13:00:00,0.0,2.599,7.0,0.0,26.965,26.965,2.568,2.531,3.755,0.0
2025-08-26 14:00:00,0.0,5.26,7.0,0.0,26.965,26.965,3.46,2.991,3.663,0.0
2025-08-26 15:00:00,0.0,5.282,7.0,0.0,26.965,26.965,4.38,3.455,3.568,0.0
2025-08-26 16:00:00,0.0,5.143,7.0,0.0,0.0,26.965,5.228,3.898,3.47,0.0
2025-08-26 17:00:00,0.0,5.226,7.0,0.0,0.0,26.965,5.217,4.338,3.375,0.0
2025-08-26 18:00:00,0.0,5.175,7.0,0.0,0.0,26.965,5.181,4.781,3.274,0.0
2025-08-26 19:00:00,0.0,5.113,7.0,0.0,0.0,26.965,5.171,5.2,3.171,0.0
2025-08-26 20:00:00,0.0,2.575,7.0,0.0,0.0,26.965,4.288,4.752,3.175,0.0
2025-08-26 21:00:00,0.0,2.485,7.0,0.0,0.0,26.965,3.391,4.286,3.176,0.0
2025-08-26 22:00:00,0.0,2.447,7.0,0.0,0.0,26.965,2.502,3.837,3.175,0.0
2025-08-26 23:00:00,100.295,2.479,7.0,100.295,100.295,127.26,2.471,3.379,3.177,0.0
2025-08-27 00:00:00,0.0,2.46,7.0,100.295,100.295,127.26,2.462,2.927,3.176,0.0
2025-08-27 01:00:00,0.0,2.465,7.0,100.295,100.295,127.26,2.468,2.485,3.178,0.0
2025-08-27 02:00:00,0.0,2.489,7.0,0.0,100.295,127.26,2.471,2.471,3.176,0.0
2025-08-27 03:00:00,0.0,12.616,7.0,0.0,100.295,127.26,5.857,4.16,3.597,5.616
2025-08-27 04:00:00,0.0,12.496,7.0,0.0,100.295,127.26,9.2,5.834,4.012,5.496
2025-08-27 05:00:00,0.0,12.613,7.0,0.0,0.0,127.26,12.575,7.523,4.436,5.613
2025-08-27 06:00:00,0.0,12.572,7.0,0.0,0.0,127.26,12.56,9.209,4.858,5.572
2025-08-27 07:00:00,0.0,12.549,7.0,0.0,0.0,127.26,12.578,10.889,5.276,5.549
2025-08-27 08:00:00,0.0,12.567,7.0,0.0,0.0,127.26,12.563,12.569,5.696,5.567
2025-08-27 09:00:00,0.0,2.501,7.0,0.0,0.0,127.26,9.206,10.883,5.696,0.0
2025-08-27 10:00:00,0.0,2.564,7.0,0.0,0.0,100.295,5.877,9.228,5.699,0.0
2025-08-27 11:00:00,0.0,2.528,7.0,0.0,0.0,100.295,2.531,7.547,5.697,0.0
2025-08-27 12:00:00,0.0,2.417,7.0,0.0,0.0,100.295,2.503,5.854,5.693,0.0
2025-08-27 13:00:00,0.0,2.515,7.0,0.0,0.0,100.295,2.487,4.182,5.689,0.0
2025-08-27 14:00:00,0.0,2.539,7.0,0.0,0.0,100.295,2.49,2.511,5.576,0.0
2025-08-27 15:00:00,0.0,2.486,7.0,0.0,0.0,100.295,2.513,2.508,5.459,0.0
2025-08-27 16:00:00,0.0,2.506,7.0,0.0,0.0,100.295,2.51,2.498,5.349,0.0
2025-08-27 17:00:00,0.0,2.469,7.0,0.0,0.0,100.295,2.487,2.489,5.234,0.0
2025-08-27 18:00:00,0.0,2.431,7.0,0.0,0.0,100.295,2.469,2.491,5.12,0.0
2025-08-27 19:00:00,0.0,2.422,7.0,0.0,0.0,100.295,2.441,2.476,5.008,0.0
2025-08-27 20:00:00,0.0,2.423,7.0,0.0,0.0,100.295,2.426,2.456,5.002,0.0
2025-08-27 21:00:00,0.0,2.533,7.0,0.0,0.0,100.295,2.46,2.464,5.004,0.0
2025-08-27 22:00:00,0.0,2.375,7.0,0.0,0.0,100.295,2.444,2.443,5.001,0.0
2025-08-27 23:00:00,0.0,2.467,7.0,0.0,0.0,0.0,2.459,2.442,5.0,0.0
2025-08-28 00:00:00,0.0,2.462,7.0,0.0,0.0,0.0,2.435,2.447,5.0,0.0
2025-08-28 01:00:00,0.0,2.486,7.0,0.0,0.0,0.0,2.471,2.458,5.001,0.0
2025-08-28 02:00:00,0.0,2.407,7.0,0.0,0.0,0.0,2.452,2.455,4.998,0.0
2025-08-28 03:00:00,0.0,2.52,7.0,0.0,0.0,0.0,2.471,2.453,4.577,0.0
2025-08-28 04:00:00,0.0,2.436,7.0,0.0,0.0,0.0,2.455,2.463,4.158,0.0
2025-08-28 05:00:00,0.0,2.557,7.0,0.0,0.0,0.0,2.504,2.478,3.739,0.0
2025-08-28 06:00:00,0.0,2.469,7.0,0.0,0.0,0.0,2.487,2.479,3.318,0.0
2025-08-28 07:00:00,14.851,2.495,7.0,14.851,14.851,14.851,2.507,2.481,2.899,0.0
2025-08-28 08:00:00,0.0,2.5,7.0,14.851,14.851,14.851,2.488,2.496,2.48,0.0
2025-08-28 09:00:00,0.0,2.512,7.0,14.851,14.851,14.851,2.503,2.495,2.48,0.0
2025-08-28 10:00:00,0.0,2.502,7.0,0.0,14.851,14.851,2.505,2.506,2.477,0.0
2025-08-28 11:00:00,8.975,3.964,7.0,8.975,23.827,23.827,2.993,2.74,2.537,0.0
2025-08-28 12:00:00,53.898,4.002,7.0,62.873,77.725,77.725,3.489,2.996,2.603,0.0
2025-08-28 13:00:00,0.0,4.008,7.0,62.873,62.873,77.725,3.992,3.248,2.666,0.0
2025-08-28 14:00:00,0.0,3.947,7.0,53.898,62.873,77.725,3.986,3.489,2.724,0.0
2025-08-28 15:00:00,0.0,4.904,7.0,0.0,62.873,77.725,4.286,3.888,2.825,0.0
2025-08-28 16:00:00,0.0,10.332,7.0,0.0,62.873,77.725,6.394,5.193,3.151,3.332
2025-08-28 17:00:00,0.0,8.823,7.0,0.0,53.898,77.725,8.02,6.003,3.416,1.823
2025-08-28 18:00:00,0.0,8.834,7.0,0.0,0.0,77.725,9.33,6.808,3.683,1.834
2025-08-28 19:00:00,0.0,8.796,7.0,0.0,0.0,77.725,8.818,7.606,3.948,1.796
2025-08-28 20:00:00,0.0,8.741,7.0,0.0,0.0,77.725,8.79,8.405,4.211,1.741
2025-08-28 21:00:00,0.0,7.849,7.0,0.0,0.0,77.725,8.462,8.896,4.433,0.849
2025-08-28 22:00:00,0.0,2.516,7.0,0.0,0.0,77.725,6.369,7.593,4.439,0.0
2025-08-28 23:00:00,0.0,2.547,7.0,0.0,0.0,77.725,4.304,6.547,4.442,0.0
2025-08-29 00:00:00,0.0,2.639,7.0,0.0,0.0,77.725,2.567,5.515,4.449,0.0
2025-08-29 01:00:00,0.0,2.549,7.0,0.0,0.0,77.725,2.579,4.474,4.452,0.0
2025-08-29 02:00:00,0.0,2.441,7.0,0.0,0.0,77.725,2.543,3.424,4.454,0.0
2025-08-29 03:00:00,0.0,2.462,7.0,0.0,0.0,77.725,2.484,2.526,4.451,0.0
2025-08-29 04:00:00,0.0,2.614,7.0,0.0,0.0,77.725,2.506,2.542,4.458,0.0
2025-08-29 05:00:00,0.0,2.489,7.0,0.0,0.0,77.725,2.522,2.532,4.456,0.0
2025-08-29 06:00:00,0.0,2.502,7.0,0.0,0.0,77.725,2.535,2.51,4.457,0.0
2025-08-29 07:00:00,0.0,2.452,7.0,0.0,0.0,62.873,2.481,2.493,4.455,0.0
2025-08-29 08:00:00,0.0,2.578,7.0,0.0,0.0,62.873,2.511,2.516,4.459,0.0
2025-08-29 09:00:00,0.0,2.525,7.0,0.0,0.0,62.873,2.518,2.527,4.459,0.0
2025-08-29 10:00:00,0.0,2.461,7.0,0.0,0.0,62.873,2.522,2.501,4.457,0.0
2025-08-29 11:00:00,0.0,2.45,7.0,0.0,0.0,53.898,2.479,2.495,4.394,0.0
2025-08-29 12:00:00,0.0,2.515,7.0,0.0,0.0,0.0,2.476,2.497,4.332,0.0
2025-08-29 13:00:00,0.0,2.502,7.0,0.0,0.0,0.0,2.489,2.505,4.27,0.0
2025-08-29 14:00:00,0.0,2.542,7.0,0.0,0.0,0.0,2.52,2.499,4.211,0.0
2025-08-29 15:00:00,0.0,2.527,7.0,0.0,0.0,0.0,2.524,2.5,4.112,0.0
2025-08-29 16:00:00,0.0,2.487,7.0,0.0,0.0,0.0,2.519,2.504,3.785,0.0
2025-08-29 17:00:00,0.0,2.473,7.0,0.0,0.0,0.0,2.496,2.508,3.521,0.0
2025-08-29 18:00:00,0.0,2.492,7.0,0.0,0.0,0.0,2.484,2.504,3.256,0.0
2025-08-29 19:00:00,0.0,2.472,7.0,0.0,0.0,0.0,2.479,2.499,2.993,0.0
2025-08-29 20:00:00,0.0,2.493,7.0,0.0,0.0,0.0,2.486,2.491,2.733,0.0
2025-08-29 21:00:00,0.0,2.501,7.0,0.0,0.0,0.0,2.489,2.486,2.51,0.0
2025-08-29 22:00:00,0.0,2.455,7.0,0.0,0.0,0.0,2.483,2.481,2.507,0.0
2025-08-29 23:00:00,0.0,2.532,7.0,0.0,0.0,0.0,2.496,2.491,2.506,0.0
2025-08-30 00:00:00,0.0,2.481,7.0,0.0,0.0,0.0,2.489,2.489,2.5,0.0
2025-08-30 01:00:00,0.0,2.458,7.0,0.0,0.0,0.0,2.49,2.487,2.496,0.0
2025-08-30 02:00:00,0.0,2.482,7.0,0.0,0.0,0.0,2.474,2.485,2.498,0.0
2025-08-30 03:00:00,0.0,2.512,7.0,0.0,0.0,0.0,2.484,2.487,2.5,0.0
2025-08-30 04:00:00,16.725,2.504,7.0,16.725,16.725,16.725,2.5,2.495,2.495,0.0
2025-08-30 05:00:00,0.0,2.521,7.0,16.725,16.725,16.725,2.512,2.493,2.497,0.0
2025-08-30 06:00:00,0.0,2.545,7.0,16.725,16.725,16.725,2.523,2.504,2.498,0.0
2025-08-30 07:00:00,0.0,2.565,7.0,0.0,16.725,16.725,2.544,2.522,2.503,0.0
2025-08-30 08:00:00,28.61,4.187,7.0,28.61,45.335,45.335,3.099,2.806,2.57,0.0
2025-08-30 09:00:00,0.0,4.119,7.0,28.61,45.335,45.335,3.624,3.074,2.637,0.0
2025-08-30 10:00:00,0.0,4.159,7.0,28.61,28.61,45.335,4.155,3.349,2.707,0.0
2025-08-30 11:00:00,0.0,4.122,7.0,0.0,28.61,45.335,4.133,3.616,2.777,0.0
2025-08-30 12:00:00,0.0,7.118,7.0,0.0,28.61,45.335,5.133,4.378,2.969,0.118
2025-08-30 13:00:00,15.243,7.133,7.0,15.243,43.852,60.577,6.124,5.14,3.162,0.133
2025-08-30 14:00:00,21.546,5.393,7.0,36.789,36.789,82.123,6.548,5.341,3.281,0.0
2025-08-30 15:00:00,0.0,5.404,7.0,36.789,36.789,82.123,5.977,5.555,3.4,0.0
2025-08-30 16:00:00,0.0,5.374,7.0,21.546,36.789,82.123,5.39,5.757,3.521,0.0
2025-08-30 17:00:00,0.0,6.904,7.0,0.0,36.789,82.123,5.894,6.221,3.705,0.0
2025-08-30 18:00:00,0.0,6.099,7.0,0.0,36.789,82.123,6.125,6.051,3.856,0.0
2025-08-30 19:00:00,0.0,6.175,7.0,0.0,21.546,82.123,6.393,5.891,4.01,0.0
2025-08-30 20:00:00,0.0,6.135,7.0,0.0,0.0,82.123,6.136,6.015,4.162,0.0
2025-08-30 21:00:00,0.0,6.193,7.0,0.0,0.0,82.123,6.168,6.146,4.315,0.0
2025-08-30 22:00:00,0.0,6.176,7.0,0.0,0.0,82.123,6.168,6.28,4.47,0.0
2025-08-30 23:00:00,44.016,4.752,7.0,44.016,44.016,126.139,5.707,5.922,4.563,0.0
2025-08-31 00:00:00,0.0,2.546,7.0,44.016,44.016,126.139,4.491,5.329,4.566,0.0
2025-08-31 01:00:00,0.0,2.514,7.0,44.016,44.016,126.139,3.271,4.719,4.568,0.0
2025-08-31 02:00:00,0.0,2.487,7.0,0.0,44.016,126.139,2.516,4.111,4.568,0.0
2025-08-31 03:00:00,56.744,6.985,7.0,56.744,100.76,182.884,3.995,4.243,4.755,0.0
2025-08-31 04:00:00,0.0,6.9,7.0,56.744,100.76,166.159,5.457,4.364,4.938,0.0
2025-08-31 05:00:00,0.0,6.918,7.0,56.744,56.744,166.159,6.935,4.725,5.121,0.0
2025-08-31 06:00:00,0.0,6.904,7.0,0.0,56.744,166.159,6.907,5.451,5.303,0.0
2025-08-31 07:00:00,0.0,12.556,7.0,0.0,56.744,166.159,8.793,7.125,5.719,5.556
2025-08-31 08:00:00,0.0,12.578,7.0,0.0,56.744,137.549,10.679,8.807,6.068,5.578
2025-08-31 09:00:00,0.0,8.076,7.0,0.0,0.0,137.549,11.07,8.989,6.233,1.076
2025-08-31 10:00:00,0.0,8.097,7.0,0.0,0.0,137.549,9.584,9.188,6.397,1.097
2025-08-31 11:00:00,0.0,8.192,7.0,0.0,0.0,137.549,8.122,9.4,6.567,1.192
2025-08-31 12:00:00,0.0,8.253,7.0,0.0,0.0,137.549,8.181,9.625,6.614,1.253
2025-08-31 13:00:00,0.0,2.517,7.0,0.0,0.0,122.306,6.321,7.952,6.422,0.0
2025-08-31 14:00:00,0.0,2.464,7.0,0.0,0.0,100.76,4.411,6.267,6.3,0.0
2025-08-31 15:00:00,0.0,2.428,7.0,0.0,0.0,100.76,2.47,5.325,6.176,0.0
2025-08-31 16:00:00,0.0,2.539,7.0,0.0,0.0,100.76,2.477,4.399,6.058,0.0
2025-08-31 17:00:00,0.0,2.472,7.0,0.0,0.0,100.76,2.48,3.445,5.873,0.0
2025-08-31 18:00:00,0.0,2.532,7.0,0.0,0.0,100.76,2.514,2.492,5.725,0.0
2025-08-31 19:00:00,0.0,2.519,7.0,0.0,0.0,100.76,2.508,2.492,5.572,0.0
2025-08-31 20:00:00,0.0,2.524,7.0,0.0,0.0,100.76,2.525,2.502,5.422,0.0
2025-08-31 21:00:00,0.0,2.502,7.0,0.0,0.0,100.76,2.515,2.515,5.268,0.0
2025-08-31 22:00:00,26.475,2.519,7.0,26.475,26.475,127.235,2.515,2.511,5.116,0.0
2025-08-31 23:00:00,0.0,2.494,7.0,26.475,26.475,83.219,2.505,2.515,5.022,0.0
2025-09-01 00:00:00,0.0,2.468,7.0,26.475,26.475,83.219,2.494,2.504,5.018,0.0
2025-09-01 01:00:00,0.0,2.452,7.0,0.0,26.475,83.219,2.471,2.493,5.016,0.0
2025-09-01 02:00:00,0.0,5.028,7.0,0.0,26.475,83.219,3.316,2.911,5.122,0.0
2025-09-01 03:00:00,0.0,5.138,7.0,0.0,26.475,26.475,4.206,3.35,5.045,0.0
2025-09-01 04:00:00,0.0,5.223,7.0,0.0,0.0,26.475,5.13,3.801,4.975,0.0
2025-09-01 05:00:00,0.0,5.184,7.0,0.0,0.0,26.475,5.182,4.249,4.903,0.0
2025-09-01 06:00:00,0.0,5.159,7.0,0.0,0.0,26.475,5.189,4.697,4.83,0.0
2025-09-01 07:00:00,0.0,5.111,7.0,0.0,0.0,26.475,5.151,5.141,4.52,0.0
2025-09-01 08:00:00,0.0,2.55,7.0,0.0,0.0,26.475,4.273,4.728,4.102,0.0
2025-09-01 09:00:00,0.0,2.494,7.0,0.0,0.0,26.475,3.385,4.287,3.869,0.0
2025-09-01 10:00:00,0.0,2.579,7.0,0.0,0.0,26.475,2.541,3.846,3.639,0.0
2025-09-01 11:00:00,0.0,2.451,7.0,0.0,0.0,26.475,2.508,3.391,3.4,0.0
2025-09-01 12:00:00,0.0,2.463,7.0,0.0,0.0,26.475,2.497,2.941,3.159,0.0
2025-09-01 13:00:00,0.0,2.458,7.0,0.0,0.0,26.475,2.457,2.499,3.156,0.0
2025-09-01 14:00:00,0.0,2.426,7.0,0.0,0.0,26.475,2.449,2.478,3.155,0.0
2025-09-01 15:00:00,0.0,2.453,7.0,0.0,0.0,26.475,2.446,2.471,3.156,0.0
2025-09-01 16:00:00,0.0,2.505,7.0,0.0,0.0,26.475,2.461,2.459,3.154,0.0
2025-09-01 17:00:00,0.0,2.464,7.0,0.0,0.0,26.475,2.474,2.461,3.154,0.0
2025-09-01 18:00:00,0.0,2.307,7.0,0.0,0.0,26.475,2.426,2.436,3.145,0.0
2025-09-01 19:00:00,36.816,2.554,7.0,36.816,36.816,63.291,2.442,2.452,3.146,0.0
2025-09-01 20:00:00,0.0,2.416,7.0,36.816,36.816,63.291,2.426,2.45,3.142,0.0
2025-09-01 21:00:00,0.0,2.529,7.0,36.816,36.816,63.291,2.5,2.463,3.143,0.0
2025-09-01 22:00:00,0.0,2.502,7.0,0.0,36.816,36.816,2.482,2.462,3.142,0.0
2025-09-01 23:00:00,0.0,6.287,7.0,0.0,36.816,36.816,3.773,3.099,3.3,0.0
2025-09-02 00:00:00,0.0,6.231,7.0,0.0,36.816,36.816,5.007,3.753,3.457,0.0
2025-09-02 01:00:00,0.0,6.156,7.0,0.0,0.0,36.816,6.225,4.354,3.611,0.0
2025-09-02 02:00:00,0.0,6.146,7.0,0.0,0.0,36.816,6.178,4.975,3.658,0.0
2025-09-02 03:00:00,0.0,6.257,7.0,0.0,0.0,36.816,6.187,5.597,3.704,0.0
2025-09-02 04:00:00,0.0,6.108,7.0,0.0,0.0,36.816,6.17,6.198,3.741,0.0
2025-09-02 05:00:00,0.0,2.51,7.0,0.0,0.0,36.816,4.958,5.568,3.63,0.0
2025-09-02 06:00:00,0.0,2.493,7.0,0.0,0.0,36.816,3.704,4.945,3.519,0.0
2025-09-02 07:00:00,0.0,2.483,7.0,0.0,0.0,36.816,2.495,4.333,3.409,0.0
2025-09-02 08:00:00,0.0,2.518,7.0,0.0,0.0,36.816,2.498,3.728,3.408,0.0
2025-09-02 09:00:00,0.0,2.509,7.0,0.0,0.0,36.816,2.503,3.103,3.409,0.0
2025-09-02 10:00:00,0.0,2.523,7.0,0.0,0.0,36.816,2.517,2.506,3.406,0.0
2025-09-02 11:00:00,0.0,2.507,7.0,0.0,0.0,36.816,2.513,2.506,3.409,0.0
2025-09-02 12:00:00,0.0,2.521,7.0,0.0,0.0,36.816,2.517,2.51,3.411,0.0
2025-09-02 13:00:00,0.0,2.505,7.0,0.0,0.0,36.816,2.511,2.514,3.413,0.0
2025-09-02 14:00:00,0.0,2.467,7.0,0.0,0.0,36.816,2.498,2.505,3.415,0.0
2025-09-02 15:00:00,0.0,2.5,7.0,0.0,0.0,36.816,2.491,2.504,3.417,0.0
2025-09-02 16:00:00,0.0,2.464,7.0,0.0,0.0,36.816,2.477,2.494,3.415,0.0
2025-09-02 17:00:00,0.0,2.461,7.0,0.0,0.0,36.816,2.475,2.486,3.415,0.0
2025-09-02 18:00:00,0.0,2.483,7.0,0.0,0.0,36.816,2.469,2.48,3.422,0.0
2025-09-02 19:00:00,0.0,2.494,7.0,0.0,0.0,0.0,2.479,2.478,3.42,0.0
2025-09-02 20:00:00,0.0,2.502,7.0,0.0,0.0,0.0,2.493,2.484,3.423,0.0
2025-09-02 21:00:00,0.0,2.546,7.0,0.0,0.0,0.0,2.514,2.492,3.424,0.0
2025-09-02 22:00:00,0.0,2.475,7.0,0.0,0.0,0.0,2.508,2.493,3.423,0.0
2025-09-02 23:00:00,0.0,2.51,7.0,0.0,0.0,0.0,2.51,2.502,3.265,0.0
2025-09-03 00:00:00,0.0,2.506,7.0,0.0,0.0,0.0,2.497,2.505,3.11,0.0
2025-09-03 01:00:00,0.0,2.47,7.0,0.0,0.0,0.0,2.495,2.501,2.957,0.0
2025-09-03 02:00:00,0.0,2.504,7.0,0.0,0.0,0.0,2.493,2.502,2.805,0.0
2025-09-03 03:00:00,19.239,2.55,7.0,19.239,19.239,19.239,2.508,2.502,2.65,0.0
2025-09-03 04:00:00,0.0,2.509,7.0,19.239,19.239,19.239,2.521,2.508,2.5,0.0
2025-09-03 05:00:00,0.0,2.511,7.0,19.239,19.239,19.239,2.524,2.508,2.5,0.0
2025-09-03 06:00:00,0.0,2.465,7.0,0.0,19.239,19.239,2.495,2.501,2.499,0.0
2025-09-03 07:00:00,0.0,4.522,7.0,0.0,19.239,19.239,3.166,2.844,2.584,0.0
2025-09-03 08:00:00,0.0,4.392,7.0,0.0,19.239,19.239,3.793,3.158,2.662,0.0
2025-09-03 09:00:00,0.0,4.341,7.0,0.0,0.0,19.239,4.418,3.457,2.739,0.0
2025-09-03 10:00:00,0.0,4.467,7.0,0.0,0.0,19.239,4.4,3.783,2.82,0.0
2025-09-03 11:00:00,0.0,4.418,7.0,0.0,0.0,19.239,4.409,4.101,2.899,0.0
2025-09-03 12:00:00,0.0,4.409,7.0,0.0,0.0,19.239,4.431,4.425,2.978,0.0
2025-09-03 13:00:00,0.0,2.473,7.0,0.0,0.0,19.239,3.767,4.083,2.977,0.0
2025-09-03 14:00:00,0.0,2.594,7.0,0.0,0.0,19.239,3.158,3.783,2.982,0.0
2025-09-03 15:00:00,0.0,2.518,7.0,0.0,0.0,19.239,2.528,3.48,2.983,0.0
2025-09-03 16:00:00,0.0,2.527,7.0,0.0,0.0,19.239,2.546,3.156,2.985,0.0
2025-09-03 17:00:00,0.0,2.508,7.0,0.0,0.0,19.239,2.518,2.838,2.987,0.0
2025-09-03 18:00:00,4.896,2.514,7.0,4.896,4.896,24.136,2.516,2.522,2.988,0.0
2025-09-03 19:00:00,0.0,2.57,7.0,4.896,4.896,24.136,2.531,2.538,2.992,0.0
2025-09-03 20:00:00,0.0,2.487,7.0,4.896,4.896,24.136,2.524,2.521,2.991,0.0
2025-09-03 21:00:00,0.0,2.427,7.0,0.0,4.896,24.136,2.495,2.506,2.986,0.0
2025-09-03 22:00:00,0.0,3.033,7.0,0.0,4.896,24.136,2.649,2.59,3.009,0.0
2025-09-03 23:00:00,0.0,3.014,7.0,0.0,4.896,24.136,2.825,2.674,3.03,0.0
2025-09-04 00:00:00,0.0,2.995,7.0,0.0,0.0,24.136,3.014,2.755,3.051,0.0
2025-09-04 01:00:00,0.0,3.013,7.0,0.0,0.0,24.136,3.008,2.828,3.073,0.0
2025-09-04 02:00:00,0.0,2.971,7.0,0.0,0.0,24.136,2.993,2.909,3.093,0.0
2025-09-04 03:00:00,0.0,2.991,7.0,0.0,0.0,4.896,2.992,3.003,3.111,0.0
2025-09-04 04:00:00,0.0,2.493,7.0,0.0,0.0,4.896,2.818,2.913,3.111,0.0
2025-09-04 05:00:00,0.0,2.47,7.0,0.0,0.0,4.896,2.652,2.822,3.109,0.0
2025-09-04 06:00:00,0.0,2.559,7.0,0.0,0.0,4.896,2.508,2.75,3.113,0.0
2025-09-04 07:00:00,0.0,2.429,7.0,0.0,0.0,4.896,2.486,2.652,3.026,0.0
2025-09-04 08:00:00,0.0,2.618,7.0,0.0,0.0,4.896,2.536,2.594,2.952,0.0
2025-09-04 09:00:00,0.0,2.544,7.0,0.0,0.0,4.896,2.53,2.519,2.877,0.0
2025-09-04 10:00:00,0.0,2.411,7.0,0.0,0.0,4.896,2.524,2.505,2.791,0.0
2025-09-04 11:00:00,0.0,2.489,7.0,0.0,0.0,4.896,2.481,2.508,2.711,0.0
2025-09-04 12:00:00,4.105,2.492,7.0,4.105,4.105,9.002,2.464,2.497,2.631,0.0
2025-09-04 13:00:00,0.0,2.52,7.0,4.105,4.105,9.002,2.5,2.512,2.633,0.0
2025-09-04 14:00:00,0.0,2.451,7.0,4.105,4.105,9.002,2.487,2.484,2.627,0.0
2025-09-04 15:00:00,0.0,2.502,7.0,0.0,4.105,9.002,2.491,2.477,2.626,0.0
2025-09-04 16:00:00,0.0,2.904,7.0,0.0,4.105,9.002,2.619,2.559,2.642,0.0
2025-09-04 17:00:00,0.45,2.874,7.0,0.45,4.555,9.452,2.76,2.624,2.657,0.0
2025-09-04 18:00:00,0.0,2.867,7.0,0.45,0.45,4.555,2.882,2.686,2.672,0.0
2025-09-04 19:00:00,0.0,2.956,7.0,0.45,0.45,4.555,2.899,2.759,2.688,0.0
2025-09-04 20:00:00,0.0,2.826,7.0,0.0,0.45,4.555,2.883,2.821,2.702,0.0
2025-09-04 21:00:00,0.0,2.979,7.0,0.0,0.45,4.555,2.921,2.901,2.725,0.0
2025-09-04 22:00:00,0.0,2.585,7.0,0.0,0.45,4.555,2.797,2.848,2.706,0.0
2025-09-04 23:00:00,0.0,2.534,7.0,0.0,0.0,4.555,2.699,2.791,2.686,0.0
2025-09-05 00:00:00,0.0,2.548,7.0,0.0,0.0,4.555,2.556,2.738,2.668,0.0
2025-09-05 01:00:00,0.0,2.603,7.0,0.0,0.0,4.555,2.562,2.679,2.651,0.0
2025-09-05 02:00:00,0.0,2.51,7.0,0.0,0.0,4.555,2.554,2.626,2.631,0.0
2025-09-05 03:00:00,0.0,2.47,7.0,0.0,0.0,4.555,2.528,2.542,2.61,0.0
2025-09-05 04:00:00,0.0,2.475,7.0,0.0,0.0,4.555,2.485,2.523,2.609,0.0
2025-09-05 05:00:00,21.429,2.558,7.0,21.429,21.429,25.985,2.501,2.527,2.613,0.0
2025-09-05 06:00:00,0.0,2.565,7.0,21.429,21.429,25.985,2.533,2.53,2.613,0.0
2025-09-05 07:00:00,0.0,2.43,7.0,21.429,21.429,25.985,2.518,2.501,2.613,0.0
2025-09-05 08:00:00,0.0,2.55,7.0,0.0,21.429,25.985,2.515,2.508,2.61,0.0
2025-09-05 09:00:00,0.0,4.684,7.0,0.0,21.429,25.985,3.221,2.877,2.699,0.0
2025-09-05 10:00:00,0.0,4.721,7.0,0.0,21.429,25.985,3.985,3.251,2.795,0.0
2025-09-05 11:00:00,0.0,4.662,7.0,0.0,0.0,25.985,4.689,3.602,2.886,0.0
2025-09-05 12:00:00,0.0,4.641,7.0,0.0,0.0,21.879,4.675,3.948,2.976,0.0
2025-09-05 13:00:00,0.0,4.7,7.0,0.0,0.0,21.879,4.668,4.326,3.066,0.0
2025-09-05 14:00:00,0.0,4.678,7.0,0.0,0.0,21.879,4.673,4.681,3.159,0.0
2025-09-05 15:00:00,0.0,2.612,7.0,0.0,0.0,21.879,3.997,4.336,3.164,0.0
2025-09-05 16:00:00,49.117,2.548,7.0,49.117,49.117,70.996,3.279,3.974,3.149,0.0
2025-09-05 17:00:00,0.0,2.508,7.0,49.117,49.117,70.546,2.556,3.614,3.134,0.0
2025-09-05 18:00:00,0.0,2.441,7.0,49.117,49.117,70.546,2.499,3.248,3.116,0.0
2025-09-05 19:00:00,0.0,2.471,7.0,0.0,49.117,70.546,2.473,2.876,3.096,0.0
2025-09-05 20:00:00,0.0,7.34,7.0,0.0,49.117,70.546,4.084,3.32,3.284,0.34
2025-09-05 21:00:00,0.0,7.401,7.0,0.0,49.117,70.546,5.737,4.118,3.468,0.401
2025-09-05 22:00:00,0.0,7.458,7.0,0.0,0.0,70.546,7.4,4.936,3.671,0.458
2025-09-05 23:00:00,0.0,7.411,7.0,0.0,0.0,70.546,7.423,5.754,3.874,0.411
2025-09-06 00:00:00,0.0,7.463,7.0,0.0,0.0,70.546,7.444,6.591,4.079,0.463
2025-09-06 01:00:00,0.0,7.429,7.0,0.0,0.0,70.546,7.434,7.417,4.28,0.429
2025-09-06 02:00:00,0.0,2.48,7.0,0.0,0.0,70.546,5.79,6.607,4.279,0.0
2025-09-06 03:00:00,0.0,2.504,7.0,0.0,0.0,70.546,4.138,5.791,4.28,0.0
2025-09-06 04:00:00,0.0,2.524,7.0,0.0,0.0,70.546,2.503,4.968,4.282,0.0
2025-09-06 05:00:00,0.0,2.507,7.0,0.0,0.0,49.117,2.512,4.151,4.28,0.0
2025-09-06 06:00:00,0.0,2.508,7.0,0.0,0.0,49.117,2.513,3.325,4.278,0.0
2025-09-06 07:00:00,0.0,2.462,7.0,0.0,0.0,49.117,2.492,2.497,4.279,0.0
2025-09-06 08:00:00,0.0,2.478,7.0,0.0,0.0,49.117,2.482,2.497,4.276,0.0
2025-09-06 09:00:00,0.0,2.613,7.0,0.0,0.0,49.117,2.518,2.515,4.19,0.0
2025-09-06 10:00:00,0.0,2.561,7.0,0.0,0.0,49.117,2.551,2.521,4.1,0.0
2025-09-06 11:00:00,0.0,2.426,7.0,0.0,0.0,49.117,2.534,2.508,4.007,0.0
2025-09-06 12:00:00,0.0,2.382,7.0,0.0,0.0,49.117,2.456,2.487,3.913,0.0
2025-09-06 13:00:00,0.0,2.504,7.0,0.0,0.0,49.117,2.437,2.494,3.821,0.0
2025-09-06 14:00:00,0.0,2.545,7.0,0.0,0.0,49.117,2.477,2.505,3.732,0.0
2025-09-06 15:00:00,0.0,2.474,7.0,0.0,0.0,49.117,2.507,2.482,3.727,0.0
2025-09-06 16:00:00,0.0,2.551,7.0,0.0,0.0,0.0,2.523,2.48,3.727,0.0
2025-09-06 17:00:00,0.0,2.503,7.0,0.0,0.0,0.0,2.509,2.493,3.726,0.0
2025-09-06 18:00:00,0.0,2.492,7.0,0.0,0.0,0.0,2.515,2.511,3.729,0.0
2025-09-06 19:00:00,0.0,2.538,7.0,0.0,0.0,0.0,2.511,2.517,3.731,0.0
2025-09-06 20:00:00,0.0,2.473,7.0,0.0,0.0,0.0,2.501,2.505,3.529,0.0
2025-09-06 21:00:00,0.0,2.486,7.0,0.0,0.0,0.0,2.499,2.507,3.324,0.0
2025-09-06 22:00:00,0.0,2.534,7.0,0.0,0.0,0.0,2.498,2.504,3.119,0.0
2025-09-06 23:00:00,0.373,2.498,7.0,0.373,0.373,0.373,2.506,2.503,2.914,0.0
2025-09-07 00:00:00,0.0,2.595,7.0,0.373,0.373,0.373,2.542,2.521,2.711,0.0
2025-09-07 01:00:00,0.0,2.535,7.0,0.373,0.373,0.373,2.543,2.52,2.507,0.0
2025-09-07 02:00:00,0.0,2.531,7.0,0.0,0.373,0.373,2.554,2.53,2.509,0.0
2025-09-07 03:00:00,0.0,2.535,7.0,0.0,0.373,0.373,2.534,2.538,2.511,0.0
2025-09-07 04:00:00,0.0,2.581,7.0,0.0,0.373,0.373,2.549,2.546,2.513,0.0
2025-09-07 05:00:00,0.0,2.521,7.0,0.0,0.0,0.373,2.546,2.55,2.514,0.0
2025-09-07 06:00:00,32.788,2.551,7.0,32.788,32.788,33.161,2.551,2.542,2.515,0.0
2025-09-07 07:00:00,0.0,2.491,7.0,32.788,32.788,33.161,2.521,2.535,2.517,0.0
2025-09-07 08:00:00,0.0,2.589,7.0,32.788,32.788,33.161,2.544,2.545,2.521,0.0
2025-09-07 09:00:00,0.0,2.515,7.0,0.0,32.788,33.161,2.532,2.541,2.517,0.0
2025-09-07 10:00:00,0.0,5.878,7.0,0.0,32.788,33.161,3.661,3.091,2.655,0.0
2025-09-07 11:00:00,0.0,5.898,7.0,0.0,32.788,33.161,4.764,3.654,2.8,0.0
2025-09-07 12:00:00,0.0,5.817,7.0,0.0,0.0,33.161,5.864,4.198,2.943,0.0
2025-09-07 13:00:00,0.0,5.782,7.0,0.0,0.0,33.161,5.833,4.747,3.08,0.0
2025-09-07 14:00:00,0.0,5.732,7.0,0.0,0.0,33.161,5.777,5.27,3.213,0.0
2025-09-07 15:00:00,0.0,5.824,7.0,0.0,0.0,33.161,5.779,5.822,3.352,0.0
2025-09-07 16:00:00,0.0,2.511,7.0,0.0,0.0,33.161,4.689,5.261,3.35,0.0
2025-09-07 17:00:00,0.0,2.527,7.0,0.0,0.0,33.161,3.62,4.699,3.351,0.0
2025-09-07 18:00:00,0.0,2.586,7.0,0.0,0.0,33.161,2.541,4.16,3.355,0.0
2025-09-07 19:00:00,0.0,2.459,7.0,0.0,0.0,33.161,2.524,3.606,3.352,0.0
2025-09-07 20:00:00,0.0,2.454,7.0,0.0,0.0,33.161,2.5,3.06,3.351,0.0
2025-09-07 21:00:00,0.0,2.488,7.0,0.0,0.0,33.161,2.467,2.504,3.351,0.0
2025-09-07 22:00:00,0.0,2.541,7.0,0.0,0.0,33.161,2.494,2.509,3.352,0.0
2025-09-07 23:00:00,0.0,2.528,7.0,0.0,0.0,32.788,2.519,2.509,3.353,0.0
2025-09-08 00:00:00,0.0,2.455,7.0,0.0,0.0,32.788,2.508,2.487,3.347,0.0
2025-09-08 01:00:00,0.0,2.538,7.0,0.0,0.0,32.788,2.507,2.501,3.347,0.0
2025-09-08 02:00:00,0.0,2.44,7.0,0.0,0.0,32.788,2.478,2.498,3.343,0.0
2025-09-08 03:00:00,0.0,2.458,7.0,0.0,0.0,32.788,2.479,2.493,3.34,0.0
2025-09-08 04:00:00,0.0,2.494,7.0,0.0,0.0,32.788,2.464,2.486,3.337,0.0
2025-09-08 05:00:00,8.713,2.472,7.0,8.713,8.713,41.501,2.475,2.476,3.335,0.0
2025-09-08 06:00:00,0.0,2.544,7.0,8.713,8.713,8.713,2.504,2.491,3.334,0.0
2025-09-08 07:00:00,0.0,2.514,7.0,8.713,8.713,8.713,2.51,2.487,3.335,0.0
2025-09-08 08:00:00,0.0,2.588,7.0,0.0,8.713,8.713,2.549,2.512,3.335,0.0
2025-09-08 09:00:00,0.0,3.359,7.0,0.0,8.713,8.713,2.821,2.662,3.37,0.0
2025-09-08 10:00:00,0.0,3.365,7.0,0.0,8.713,8.713,3.104,2.807,3.266,0.0
2025-09-08 11:00:00,0.0,3.432,7.0,0.0,0.0,8.713,3.385,2.967,3.163,0.0
2025-09-08 12:00:00,12.776,3.367,7.0,12.776,12.776,21.489,3.388,3.104,3.061,0.0
2025-09-08 13:00:00,0.0,3.446,7.0,12.776,12.776,21.489,3.415,3.259,2.963,0.0
2025-09-08 14:00:00,0.0,3.398,7.0,12.776,12.776,21.489,3.404,3.395,2.866,0.0
2025-09-08 15:00:00,0.0,2.382,7.0,0.0,12.776,21.489,3.076,3.232,2.723,0.0
2025-09-08 16:00:00,0.0,3.836,7.0,0.0,12.776,21.489,3.206,3.31,2.778,0.0
2025-09-08 17:00:00,0.0,3.823,7.0,0.0,12.776,21.489,3.347,3.376,2.832,0.0
2025-09-08 18:00:00,0.0,3.825,7.0,0.0,0.0,21.489,3.828,3.452,2.884,0.0
2025-09-08 19:00:00,0.0,3.682,7.0,0.0,0.0,21.489,3.777,3.491,2.935,0.0
2025-09-08 20:00:00,0.0,3.744,7.0,0.0,0.0,21.489,3.751,3.549,2.988,0.0
2025-09-08 21:00:00,0.0,3.748,7.0,0.0,0.0,21.489,3.725,3.777,3.041,0.0
2025-09-08 22:00:00,0.0,2.458,7.0,0.0,0.0,21.489,3.317,3.547,3.037,0.0
2025-09-08 23:00:00,0.0,2.587,7.0,0.0,0.0,21.489,2.931,3.341,3.04,0.0
2025-09-09 00:00:00,0.0,2.499,7.0,0.0,0.0,21.489,2.515,3.12,3.042,0.0
2025-09-09 01:00:00,0.0,2.498,7.0,0.0,0.0,21.489,2.528,2.923,3.04,0.0
2025-09-09 02:00:00,0.0,2.528,7.0,0.0,0.0,21.489,2.508,2.72,3.044,0.0
2025-09-09 03:00:00,0.0,2.528,7.0,0.0,0.0,21.489,2.518,2.516,3.047,0.0
2025-09-09 04:00:00,0.0,2.333,7.0,0.0,0.0,21.489,2.463,2.496,3.04,0.0
2025-09-09 05:00:00,0.0,2.468,7.0,0.0,0.0,12.776,2.443,2.476,3.04,0.0
2025-09-09 06:00:00,0.0,2.429,7.0,0.0,0.0,12.776,2.41,2.464,3.035,0.0
2025-09-09 07:00:00,0.0,2.52,7.0,0.0,0.0,12.776,2.472,2.468,3.035,0.0
2025-09-09 08:00:00,0.0,2.486,7.0,0.0,0.0,12.776,2.478,2.461,3.031,0.0
2025-09-09 09:00:00,0.0,2.501,7.0,0.0,0.0,12.776,2.502,2.456,2.995,0.0
2025-09-09 10:00:00,0.0,2.396,7.0,0.0,0.0,12.776,2.461,2.467,2.955,0.0
2025-09-09 11:00:00,0.0,2.485,7.0,0.0,0.0,12.776,2.46,2.469,2.915,0.0
2025-09-09 12:00:00,0.0,2.556,7.0,0.0,0.0,0.0,2.479,2.49,2.882,0.0
2025-09-09 13:00:00,0.0,2.57,7.0,0.0,0.0,0.0,2.537,2.499,2.845,0.0
2025-09-09 14:00:00,0.0,2.536,7.0,0.0,0.0,0.0,2.554,2.507,2.809,0.0
2025-09-09 15:00:00,0.0,2.433,7.0,0.0,0.0,0.0,2.513,2.496,2.811,0.0
2025-09-09 16:00:00,0.0,2.563,7.0,0.0,0.0,0.0,2.511,2.524,2.758,0.0
2025-09-09 17:00:00,0.0,2.536,7.0,0.0,0.0,0.0,2.511,2.532,2.705,0.0
2025-09-09 18:00:00,0.0,2.494,7.0,0.0,0.0,0.0,2.531,2.522,2.649,0.0
2025-09-09 19:00:00,0.0,2.399,7.0,0.0,0.0,0.0,2.476,2.494,2.596,0.0
2025-09-09 20:00:00,0.0,2.548,7.0,0.0,0.0,0.0,2.48,2.495,2.546,0.0
2025-09-09 21:00:00,0.0,2.47,7.0,0.0,0.0,0.0,2.472,2.502,2.493,0.0
2025-09-09 22:00:00,0.0,2.517,7.0,0.0,0.0,0.0,2.512,2.494,2.495,0.0
2025-09-09 23:00:00,0.0,2.503,7.0,0.0,0.0,0.0,2.497,2.489,2.492,0.0
2025-09-10 00:00:00,0.0,2.577,7.0,0.0,0.0,0.0,2.533,2.502,2.495,0.0
2025-09-10 01:00:00,0.0,2.494,7.0,0.0,0.0,0.0,2.525,2.518,2.495,0.0
2025-09-10 02:00:00,0.0,2.499,7.0,0.0,0.0,0.0,2.523,2.51,2.493,0.0
2025-09-10 03:00:00,13.302,2.579,7.0,13.302,13.302,13.302,2.524,2.528,2.496,0.0
2025-09-10 04:00:00,0.0,2.467,7.0,13.302,13.302,13.302,2.515,2.52,2.501,0.0
2025-09-10 05:00:00,0.0,2.541,7.0,13.302,13.302,13.302,2.529,2.526,2.504,0.0
2025-09-10 06:00:00,0.0,2.49,7.0,0.0,13.302,13.302,2.499,2.512,2.507,0.0
2025-09-10 07:00:00,0.0,3.78,7.0,0.0,13.302,13.302,2.937,2.726,2.559,0.0
2025-09-10 08:00:00,0.0,3.83,7.0,0.0,13.302,13.302,3.367,2.948,2.615,0.0
2025-09-10 09:00:00,0.0,3.865,7.0,0.0,0.0,13.302,3.825,3.162,2.672,0.0
2025-09-10 10:00:00,0.0,3.898,7.0,0.0,0.0,13.302,3.864,3.401,2.735,0.0
2025-09-10 11:00:00,0.0,3.904,7.0,0.0,0.0,13.302,3.889,3.628,2.794,0.0
2025-09-10 12:00:00,0.0,3.815,7.0,0.0,0.0,13.302,3.872,3.849,2.846,0.0
2025-09-10 13:00:00,0.0,2.451,7.0,0.0,0.0,13.302,3.39,3.627,2.841,0.0
2025-09-10 14:00:00,0.0,2.484,7.0,0.0,0.0,13.302,2.917,3.403,2.839,0.0
2025-09-10 15:00:00,0.0,2.441,7.0,0.0,0.0,13.302,2.459,3.165,2.839,0.0
2025-09-10 16:00:00,0.0,2.489,7.0,0.0,0.0,13.302,2.471,2.931,2.836,0.0
2025-09-10 17:00:00,0.0,2.483,7.0,0.0,0.0,13.302,2.471,2.694,2.834,0.0
2025-09-10 18:00:00,0.0,2.536,7.0,0.0,0.0,13.302,2.503,2.481,2.836,0.0
2025-09-10 19:00:00,0.0,2.39,7.0,0.0,0.0,13.302,2.47,2.471,2.835,0.0
2025-09-10 20:00:00,0.0,2.463,7.0,0.0,0.0,13.302,2.463,2.467,2.832,0.0
2025-09-10 21:00:00,0.0,2.464,7.0,0.0,0.0,13.302,2.439,2.471,2.832,0.0
2025-09-10 22:00:00,0.0,2.559,7.0,0.0,0.0,13.302,2.495,2.483,2.833,0.0
2025-09-10 23:00:00,0.0,2.444,7.0,0.0,0.0,13.302,2.489,2.476,2.831,0.0
2025-09-11 00:00:00,0.0,2.511,7.0,0.0,0.0,13.302,2.505,2.472,2.828,0.0
2025-09-11 01:00:00,0.0,2.494,7.0,0.0,0.0,13.302,2.483,2.489,2.828,0.0
2025-09-11 02:00:00,0.0,2.552,7.0,0.0,0.0,13.302,2.519,2.504,2.83,0.0
2025-09-11 03:00:00,0.0,2.53,7.0,0.0,0.0,0.0,2.525,2.515,2.828,0.0
2025-09-11 04:00:00,0.0,2.506,7.0,0.0,0.0,0.0,2.529,2.506,2.83,0.0
2025-09-11 05:00:00,0.0,2.472,7.0,0.0,0.0,0.0,2.503,2.511,2.827,0.0
2025-09-11 06:00:00,0.0,2.407,7.0,0.0,0.0,0.0,2.462,2.494,2.824,0.0
2025-09-11 07:00:00,0.0,2.512,7.0,0.0,0.0,0.0,2.464,2.497,2.771,0.0
2025-09-11 08:00:00,0.0,2.527,7.0,0.0,0.0,0.0,2.482,2.492,2.717,0.0
2025-09-11 09:00:00,8.898,2.421,7.0,8.898,8.898,8.898,2.487,2.474,2.656,0.0
2025-09-11 10:00:00,0.0,2.438,7.0,8.898,8.898,8.898,2.462,2.463,2.596,0.0
2025-09-11 11:00:00,0.0,2.513,7.0,8.898,8.898,8.898,2.457,2.47,2.538,0.0
2025-09-11 12:00:00,0.0,2.517,7.0,0.0,8.898,8.898,2.489,2.488,2.484,0.0
2025-09-11 13:00:00,0.0,3.34,7.0,0.0,8.898,8.898,2.79,2.626,2.521,0.0
2025-09-11 14:00:00,0.0,3.361,7.0,0.0,8.898,8.898,3.073,2.765,2.557,0.0
2025-09-11 15:00:00,0.0,3.298,7.0,0.0,0.0,8.898,3.333,2.911,2.593,0.0
2025-09-11 16:00:00,0.0,3.459,7.0,0.0,0.0,8.898,3.373,3.081,2.633,0.0
2025-09-11 17:00:00,0.0,3.325,7.0,0.0,0.0,8.898,3.36,3.217,2.668,0.0
2025-09-11 18:00:00,0.0,3.417,7.0,0.0,0.0,8.898,3.4,3.367,2.705,0.0
2025-09-11 19:00:00,0.0,2.498,7.0,0.0,0.0,8.898,3.08,3.226,2.71,0.0
2025-09-11 20:00:00,0.0,2.564,7.0,0.0,0.0,8.898,2.827,3.094,2.714,0.0
2025-09-11 21:00:00,0.0,2.46,7.0,0.0,0.0,8.898,2.508,2.954,2.714,0.0
2025-09-11 22:00:00,0.0,2.503,7.0,0.0,0.0,8.898,2.509,2.795,2.711,0.0
2025-09-11 23:00:00,0.0,2.415,7.0,0.0,0.0,8.898,2.46,2.643,2.71,0.0
2025-09-12 00:00:00,0.0,2.403,7.0,0.0,0.0,8.898,2.44,2.474,2.706,0.0
2025-09-12 01:00:00,0.0,2.53,7.0,0.0,0.0,8.898,2.449,2.479,2.707,0.0
2025-09-12 02:00:00,0.0,2.411,7.0,0.0,0.0,8.898,2.448,2.454,2.701,0.0
2025-09-12 03:00:00,0.0,2.489,7.0,0.0,0.0,8.898,2.476,2.458,2.699,0.0
2025-09-12 04:00:00,0.0,2.551,7.0,0.0,0.0,8.898,2.483,2.466,2.701,0.0
2025-09-12 05:00:00,0.0,2.537,7.0,0.0,0.0,8.898,2.525,2.487,2.704,0.0
2025-09-12 06:00:00,0.0,2.467,7.0,0.0,0.0,8.898,2.518,2.497,2.706,0.0
2025-09-12 07:00:00,0.0,2.421,7.0,0.0,0.0,8.898,2.475,2.479,2.703,0.0
2025-09-12 08:00:00,0.0,2.525,7.0,0.0,0.0,8.898,2.471,2.498,2.703,0.0
2025-09-12 09:00:00,0.0,2.567,7.0,0.0,0.0,0.0,2.504,2.511,2.709,0.0
2025-09-12 10:00:00,0.0,2.467,7.0,0.0,0.0,0.0,2.52,2.497,2.71,0.0
2025-09-12 11:00:00,0.0,2.46,7.0,0.0,0.0,0.0,2.498,2.484,2.708,0.0
2025-09-12 12:00:00,0.0,2.474,7.0,0.0,0.0,0.0,2.467,2.486,2.706,0.0
2025-09-12 13:00:00,0.0,2.529,7.0,0.0,0.0,0.0,2.487,2.504,2.672,0.0
2025-09-12 14:00:00,4.319,2.561,7.0,4.319,4.319,4.319,2.521,2.51,2.639,0.0
2025-09-12 15:00:00,0.0,2.438,7.0,4.319,4.319,4.319,2.509,2.488,2.603,0.0
2025-09-12 16:00:00,0.0,2.425,7.0,4.319,4.319,4.319,2.475,2.481,2.56,0.0
2025-09-12 17:00:00,0.0,2.617,7.0,0.0,4.319,4.319,2.493,2.507,2.53,0.0
2025-09-12 18:00:00,0.0,2.923,7.0,0.0,4.319,4.319,2.655,2.582,2.51,0.0
2025-09-12 19:00:00,0.0,2.945,7.0,0.0,4.319,4.319,2.828,2.652,2.528,0.0
2025-09-12 20:00:00,0.0,2.897,7.0,0.0,0.0,4.319,2.922,2.708,2.542,0.0
2025-09-12 21:00:00,53.479,2.956,7.0,53.479,53.479,57.799,2.933,2.794,2.563,0.0
2025-09-12 22:00:00,0.0,2.98,7.0,53.479,53.479,57.799,2.945,2.886,2.583,0.0
2025-09-12 23:00:00,0.0,2.947,7.0,53.479,53.479,57.799,2.961,2.941,2.605,0.0
2025-09-13 00:00:00,0.0,2.587,7.0,0.0,53.479,57.799,2.838,2.885,2.613,0.0
2025-09-13 01:00:00,0.0,7.832,7.0,0.0,53.479,57.799,4.455,3.7,2.834,0.832
2025-09-13 02:00:00,0.0,7.835,7.0,0.0,53.479,57.799,6.084,4.523,3.06,0.835
2025-09-13 03:00:00,12.571,7.86,7.0,12.571,12.571,70.37,7.842,5.34,3.283,0.86
2025-09-13 04:00:00,0.0,7.871,7.0,12.571,12.571,70.37,7.855,6.155,3.505,0.871
2025-09-13 05:00:00,0.0,7.859,7.0,12.571,12.571,70.37,7.863,6.974,3.727,0.859
2025-09-13 06:00:00,0.0,7.784,7.0,0.0,12.571,70.37,7.838,7.84,3.948,0.784
2025-09-13 07:00:00,0.0,3.773,7.0,0.0,12.571,70.37,6.472,7.164,4.005,0.0
2025-09-13 08:00:00,0.0,3.738,7.0,0.0,12.571,70.37,5.098,6.481,4.055,0.0
2025-09-13 09:00:00,0.0,3.728,7.0,0.0,0.0,70.37,3.746,5.792,4.104,0.0
2025-09-13 10:00:00,0.0,3.759,7.0,0.0,0.0,70.37,3.742,5.107,4.157,0.0
2025-09-13 11:00:00,0.0,3.709,7.0,0.0,0.0,70.37,3.732,4.415,4.209,0.0
2025-09-13 12:00:00,0.0,3.7,7.0,0.0,0.0,70.37,3.723,3.735,4.261,0.0
2025-09-13 13:00:00,0.0,2.369,7.0,0.0,0.0,70.37,3.26,3.501,4.254,0.0
2025-09-13 14:00:00,0.0,2.587,7.0,0.0,0.0,66.05,2.886,3.309,4.255,0.0
2025-09-13 15:00:00,0.0,2.528,7.0,0.0,0.0,66.05,2.495,3.109,4.259,0.0
2025-09-13 16:00:00,0.0,2.494,7.0,0.0,0.0,66.05,2.536,2.898,4.262,0.0
2025-09-13 17:00:00,0.0,2.467,7.0,0.0,0.0,66.05,2.496,2.691,4.255,0.0
2025-09-13 18:00:00,0.0,2.356,7.0,0.0,0.0,66.05,2.439,2.467,4.232,0.0
2025-09-13 19:00:00,0.0,2.464,7.0,0.0,0.0,66.05,2.429,2.483,4.212,0.0
2025-09-13 20:00:00,0.0,2.536,7.0,0.0,0.0,66.05,2.452,2.474,4.197,0.0
2025-09-13 21:00:00,0.0,2.547,7.0,0.0,0.0,12.571,2.515,2.477,4.18,0.0
2025-09-13 22:00:00,0.0,2.532,7.0,0.0,0.0,12.571,2.538,2.484,4.161,0.0
2025-09-13 23:00:00,0.0,2.508,7.0,0.0,0.0,12.571,2.529,2.49,4.143,0.0
2025-09-14 00:00:00,0.0,2.565,7.0,0.0,0.0,12.571,2.535,2.525,4.142,0.0
2025-09-14 01:00:00,0.0,2.484,7.0,0.0,0.0,12.571,2.519,2.529,3.919,0.0
2025-09-14 02:00:00,0.0,2.554,7.0,0.0,0.0,12.571,2.534,2.532,3.699,0.0
2025-09-14 03:00:00,0.0,2.481,7.0,0.0,0.0,0.0,2.506,2.521,3.475,0.0
2025-09-14 04:00:00,0.0,2.456,7.0,0.0,0.0,0.0,2.497,2.508,3.249,0.0
2025-09-14 05:00:00,0.0,2.45,7.0,0.0,0.0,0.0,2.462,2.498,3.024,0.0
2025-09-14 06:00:00,0.0,2.447,7.0,0.0,0.0,0.0,2.451,2.479,2.801,0.0
2025-09-14 07:00:00,0.0,2.533,7.0,0.0,0.0,0.0,2.476,2.487,2.75,0.0
2025-09-14 08:00:00,0.0,2.463,7.0,0.0,0.0,0.0,2.481,2.472,2.697,0.0
2025-09-14 09:00:00,0.0,2.448,7.0,0.0,0.0,0.0,2.481,2.466,2.643,0.0
2025-09-14 10:00:00,0.0,2.536,7.0,0.0,0.0,0.0,2.482,2.479,2.592,0.0
2025-09-14 11:00:00,0.0,2.516,7.0,0.0,0.0,0.0,2.5,2.491,2.543,0.0
2025-09-14 12:00:00,0.0,2.548,7.0,0.0,0.0,0.0,2.533,2.507,2.495,0.0
2025-09-14 13:00:00,0.0,2.526,7.0,0.0,0.0,0.0,2.53,2.506,2.501,0.0
2025-09-14 14:00:00,0.0,2.462,7.0,0.0,0.0,0.0,2.512,2.506,2.496,0.0
2025-09-14 15:00:00,0.0,2.504,7.0,0.0,0.0,0.0,2.497,2.515,2.495,0.0
2025-09-14 16:00:00,0.0,2.506,7.0,0.0,0.0,0.0,2.491,2.51,2.495,0.0
2025-09-14 17:00:00,0.0,2.454,7.0,0.0,0.0,0.0,2.488,2.5,2.495,0.0
2025-09-14 18:00:00,0.0,2.445,7.0,0.0,0.0,0.0,2.468,2.483,2.498,0.0
2025-09-14 19:00:00,0.0,2.466,7.0,0.0,0.0,0.0,2.455,2.473,2.499,0.0
2025-09-14 20:00:00,0.0,2.602,7.0,0.0,0.0,0.0,2.504,2.496,2.501,0.0
2025-09-14 21:00:00,0.0,2.479,7.0,0.0,0.0,0.0,2.516,2.492,2.499,0.0
2025-09-14 22:00:00,0.0,2.562,7.0,0.0,0.0,0.0,2.548,2.501,2.5,0.0
2025-09-14 23:00:00,12.247,2.477,7.0,12.247,12.247,12.247,2.506,2.505,2.498,0.0
2025-09-15 00:00:00,0.0,2.544,7.0,12.247,12.247,12.247,2.528,2.522,2.498,0.0
2025-09-15 01:00:00,0.0,2.545,7.0,12.247,12.247,12.247,2.522,2.535,2.5,0.0
2025-09-15 02:00:00,0.0,2.548,7.0,0.0,12.247,12.247,2.546,2.526,2.5,0.0
2025-09-15 03:00:00,0.0,3.744,7.0,0.0,12.247,12.247,2.946,2.737,2.553,0.0
2025-09-15 04:00:00,0.0,3.794,7.0,0.0,12.247,12.247,3.362,2.942,2.608,0.0
2025-09-15 05:00:00,0.0,3.744,7.0,0.0,0.0,12.247,3.76,3.153,2.662,0.0
2025-09-15 06:00:00,0.0,3.81,7.0,0.0,0.0,12.247,3.783,3.364,2.719,0.0
2025-09-15 07:00:00,0.0,3.644,7.0,0.0,0.0,12.247,3.733,3.547,2.765,0.0
2025-09-15 08:00:00,0.0,3.742,7.0,0.0,0.0,12.247,3.732,3.746,2.819,0.0
2025-09-15 09:00:00,0.0,2.514,7.0,0.0,0.0,12.247,3.3,3.541,2.821,0.0
2025-09-15 10:00:00,0.0,2.453,7.0,0.0,0.0,12.247,2.903,3.318,2.818,0.0
2025-09-15 11:00:00,0.0,2.529,7.0,0.0,0.0,12.247,2.499,3.115,2.818,0.0
2025-09-15 12:00:00,0.0,2.425,7.0,0.0,0.0,12.247,2.469,2.885,2.813,0.0
2025-09-15 13:00:00,0.0,2.467,7.0,0.0,0.0,12.247,2.474,2.689,2.811,0.0
2025-09-15 14:00:00,0.0,2.4,7.0,0.0,0.0,12.247,2.431,2.465,2.808,0.0
2025-09-15 15:00:00,8.464,2.578,7.0,8.464,8.464,20.711,2.482,2.475,2.811,0.0
2025-09-15 16:00:00,0.0,2.488,7.0,8.464,8.464,20.711,2.489,2.481,2.811,0.0
2025-09-15 17:00:00,0.0,2.608,7.0,8.464,8.464,20.711,2.558,2.495,2.817,0.0
2025-09-15 18:00:00,0.0,2.54,7.0,0.0,8.464,20.711,2.546,2.514,2.821,0.0
2025-09-15 19:00:00,0.0,3.369,7.0,0.0,8.464,20.711,2.839,2.664,2.859,0.0
2025-09-15 20:00:00,0.0,3.317,7.0,0.0,8.464,20.711,3.075,2.817,2.888,0.0
2025-09-15 21:00:00,0.0,3.294,7.0,0.0,0.0,20.711,3.327,2.936,2.922,0.0
2025-09-15 22:00:00,0.0,3.373,7.0,0.0,0.0,20.711,3.328,3.083,2.956,0.0
2025-09-15 23:00:00,0.0,3.343,7.0,0.0,0.0,8.464,3.336,3.206,2.992,0.0
2025-09-16 00:00:00,0.0,3.279,7.0,0.0,0.0,8.464,3.332,3.329,3.023,0.0
2025-09-16 01:00:00,0.0,2.424,7.0,0.0,0.0,8.464,3.015,3.172,3.018,0.0
2025-09-16 02:00:00,0.0,2.452,7.0,0.0,0.0,8.464,2.719,3.028,3.014,0.0
2025-09-16 03:00:00,0.0,2.591,7.0,0.0,0.0,8.464,2.489,2.91,2.966,0.0
2025-09-16 04:00:00,0.0,2.611,7.0,0.0,0.0,8.464,2.551,2.783,2.917,0.0
2025-09-16 05:00:00,0.0,2.51,7.0,0.0,0.0,8.464,2.571,2.645,2.865,0.0
2025-09-16 06:00:00,0.0,2.507,7.0,0.0,0.0,8.464,2.543,2.516,2.811,0.0
2025-09-16 07:00:00,0.0,2.483,7.0,0.0,0.0,8.464,2.5,2.526,2.762,0.0
2025-09-16 08:00:00,0.0,2.453,7.0,0.0,0.0,8.464,2.481,2.526,2.709,0.0
2025-09-16 09:00:00,0.0,2.569,7.0,0.0,0.0,8.464,2.502,2.522,2.711,0.0
2025-09-16 10:00:00,0.0,2.594,7.0,0.0,0.0,8.464,2.539,2.519,2.717,0.0
2025-09-16 11:00:00,0.0,2.455,7.0,0.0,0.0,8.464,2.539,2.51,2.714,0.0
2025-09-16 12:00:00,0.0,2.496,7.0,0.0,0.0,8.464,2.515,2.508,2.717,0.0
2025-09-16 13:00:00,0.0,2.478,7.0,0.0,0.0,8.464,2.476,2.507,2.717,0.0
2025-09-16 14:00:00,0.0,2.479,7.0,0.0,0.0,8.464,2.484,2.512,2.72,0.0
2025-09-16 15:00:00,0.0,2.559,7.0,0.0,0.0,0.0,2.505,2.51,2.72,0.0
2025-09-16 16:00:00,0.0,2.434,7.0,0.0,0.0,0.0,2.491,2.484,2.717,0.0
2025-09-16 17:00:00,0.0,2.523,7.0,0.0,0.0,0.0,2.506,2.495,2.714,0.0
2025-09-16 18:00:00,0.0,2.536,7.0,0.0,0.0,0.0,2.498,2.502,2.714,0.0
2025-09-16 19:00:00,0.0,2.493,7.0,0.0,0.0,0.0,2.518,2.504,2.677,0.0
2025-09-16 20:00:00,0.0,2.545,7.0,0.0,0.0,0.0,2.525,2.515,2.645,0.0
2025-09-16 21:00:00,0.0,2.507,7.0,0.0,0.0,0.0,2.515,2.507,2.612,0.0
2025-09-16 22:00:00,0.0,2.561,7.0,0.0,0.0,0.0,2.538,2.528,2.578,0.0
2025-09-16 23:00:00,0.0,2.424,7.0,0.0,0.0,0.0,2.497,2.511,2.54,0.0
2025-09-17 00:00:00,0.0,2.483,7.0,0.0,0.0,0.0,2.489,2.502,2.507,0.0
2025-09-17 01:00:00,0.0,2.496,7.0,0.0,0.0,0.0,2.468,2.503,2.51,0.0
2025-09-17 02:00:00,0.0,2.366,7.0,0.0,0.0,0.0,2.448,2.473,2.506,0.0
2025-09-17 03:00:00,0.0,2.446,7.0,0.0,0.0,0.0,2.436,2.463,2.5,0.0
2025-09-17 04:00:00,0.0,2.459,7.0,0.0,0.0,0.0,2.424,2.446,2.494,0.0
2025-09-17 05:00:00,0.0,2.547,7.0,0.0,0.0,0.0,2.484,2.466,2.496,0.0
2025-09-17 06:00:00,0.0,2.465,7.0,0.0,0.0,0.0,2.49,2.463,2.494,0.0
2025-09-17 07:00:00,0.0,2.459,7.0,0.0,0.0,0.0,2.49,2.457,2.493,0.0
2025-09-17 08:00:00,0.0,2.541,7.0,0.0,0.0,0.0,2.488,2.486,2.496,0.0
2025-09-17 09:00:00,0.0,2.419,7.0,0.0,0.0,0.0,2.473,2.482,2.49,0.0
2025-09-17 10:00:00,0.0,2.396,7.0,0.0,0.0,0.0,2.452,2.471,2.482,0.0
2025-09-17 11:00:00,29.309,2.482,7.0,29.309,29.309,29.309,2.432,2.46,2.483,0.0
2025-09-17 12:00:00,0.0,2.428,7.0,29.309,29.309,29.309,2.435,2.454,2.48,0.0
2025-09-17 13:00:00,0.0,2.43,7.0,29.309,29.309,29.309,2.446,2.449,2.478,0.0
2025-09-17 14:00:00,0.0,2.529,7.0,0.0,29.309,29.309,2.462,2.447,2.48,0.0
2025-09-17 15:00:00,0.0,5.475,7.0,0.0,29.309,29.309,3.478,2.956,2.602,0.0
2025-09-17 16:00:00,0.0,5.47,7.0,0.0,29.309,29.309,4.491,3.469,2.728,0.0
2025-09-17 17:00:00,0.0,5.486,7.0,0.0,0.0,29.309,5.477,3.97,2.852,0.0
2025-09-17 18:00:00,0.0,5.493,7.0,0.0,0.0,29.309,5.483,4.48,2.975,0.0
2025-09-17 19:00:00,0.0,5.324,7.0,0.0,0.0,29.309,5.435,4.963,3.093,0.0
2025-09-17 20:00:00,0.0,5.453,7.0,0.0,0.0,29.309,5.424,5.45,3.214,0.0
2025-09-17 21:00:00,0.0,2.474,7.0,0.0,0.0,29.309,4.417,4.95,3.213,0.0
2025-09-17 22:00:00,0.0,2.463,7.0,0.0,0.0,29.309,3.463,4.449,3.209,0.0
2025-09-17 23:00:00,0.0,2.528,7.0,0.0,0.0,29.309,2.488,3.956,3.213,0.0
2025-09-18 00:00:00,0.0,2.413,7.0,0.0,0.0,29.309,2.468,3.443,3.21,0.0
2025-09-18 01:00:00,0.0,2.412,7.0,0.0,0.0,29.309,2.451,2.957,3.207,0.0
2025-09-18 02:00:00,0.0,2.532,7.0,0.0,0.0,29.309,2.453,2.47,3.214,0.0
2025-09-18 03:00:00,0.0,2.524,7.0,0.0,0.0,29.309,2.49,2.479,3.217,0.0
2025-09-18 04:00:00,0.0,2.507,7.0,0.0,0.0,29.309,2.521,2.486,3.219,0.0
2025-09-18 05:00:00,0.0,2.456,7.0,0.0,0.0,29.309,2.496,2.474,3.215,0.0
2025-09-18 06:00:00,0.0,2.537,7.0,0.0,0.0,29.309,2.5,2.495,3.218,0.0
2025-09-18 07:00:00,0.0,2.534,7.0,0.0,0.0,29.309,2.509,2.515,3.221,0.0
2025-09-18 08:00:00,0.0,2.504,7.0,0.0,0.0,29.309,2.525,2.51,3.22,0.0
2025-09-18 09:00:00,0.0,2.441,7.0,0.0,0.0,29.309,2.493,2.497,3.22,0.0
2025-09-18 10:00:00,0.0,2.479,7.0,0.0,0.0,29.309,2.475,2.492,3.224,0.0
2025-09-18 11:00:00,0.0,2.542,7.0,0.0,0.0,0.0,2.487,2.506,3.226,0.0
2025-09-18 12:00:00,0.0,2.566,7.0,0.0,0.0,0.0,2.529,2.511,3.232,0.0
2025-09-18 13:00:00,0.0,2.484,7.0,0.0,0.0,0.0,2.531,2.503,3.234,0.0
2025-09-18 14:00:00,0.0,2.488,7.0,0.0,0.0,0.0,2.513,2.5,3.233,0.0
2025-09-18 15:00:00,0.0,2.492,7.0,0.0,0.0,0.0,2.488,2.508,3.108,0.0
2025-09-18 16:00:00,0.0,2.514,7.0,0.0,0.0,0.0,2.498,2.514,2.985,0.0
2025-09-18 17:00:00,0.0,2.471,7.0,0.0,0.0,0.0,2.492,2.502,2.86,0.0
2025-09-18 18:00:00,0.0,2.355,7.0,0.0,0.0,0.0,2.447,2.467,2.729,0.0
2025-09-18 19:00:00,0.0,2.56,7.0,0.0,0.0,0.0,2.462,2.48,2.614,0.0
2025-09-18 20:00:00,0.0,2.59,7.0,0.0,0.0,0.0,2.502,2.497,2.494,0.0
2025-09-18 21:00:00,0.0,2.469,7.0,0.0,0.0,0.0,2.54,2.493,2.494,0.0
2025-09-18 22:00:00,0.0,2.447,7.0,0.0,0.0,0.0,2.502,2.482,2.494,0.0
2025-09-18 23:00:00,29.668,2.493,7.0,29.668,29.668,29.668,2.47,2.486,2.492,0.0
2025-09-19 00:00:00,0.0,2.491,7.0,29.668,29.668,29.668,2.477,2.508,2.495,0.0
2025-09-19 01:00:00,0.0,2.55,7.0,29.668,29.668,29.668,2.511,2.507,2.501,0.0
2025-09-19 02:00:00,7.254,2.503,7.0,7.254,36.922,36.922,2.514,2.492,2.5,0.0
2025-09-19 03:00:00,0.0,5.427,7.0,7.254,36.922,36.922,3.493,2.985,2.621,0.0
2025-09-19 04:00:00,0.0,5.401,7.0,7.254,36.922,36.922,4.444,3.477,2.741,0.0
2025-09-19 05:00:00,0.0,5.51,7.0,0.0,7.254,36.922,5.446,3.98,2.869,0.0
2025-09-19 06:00:00,0.0,6.222,7.0,0.0,7.254,36.922,5.711,4.602,3.022,0.0
2025-09-19 07:00:00,0.0,6.245,7.0,0.0,7.254,36.922,5.993,5.218,3.177,0.0
2025-09-19 08:00:00,0.0,6.144,7.0,0.0,0.0,36.922,6.204,5.825,3.328,0.0
2025-09-19 09:00:00,0.0,3.317,7.0,0.0,0.0,36.922,5.235,5.473,3.365,0.0
2025-09-19 10:00:00,0.0,3.138,7.0,0.0,0.0,36.922,4.2,5.096,3.392,0.0
2025-09-19 11:00:00,0.0,3.261,7.0,0.0,0.0,36.922,3.239,4.721,3.422,0.0
2025-09-19 12:00:00,0.0,2.405,7.0,0.0,0.0,36.922,2.935,4.085,3.416,0.0
2025-09-19 13:00:00,0.0,2.46,7.0,0.0,0.0,36.922,2.709,3.454,3.415,0.0
2025-09-19 14:00:00,0.0,2.578,7.0,0.0,0.0,36.922,2.481,2.86,3.418,0.0
2025-09-19 15:00:00,0.0,2.542,7.0,0.0,0.0,36.922,2.527,2.731,3.421,0.0
2025-09-19 16:00:00,0.0,2.473,7.0,0.0,0.0,36.922,2.531,2.62,3.419,0.0
2025-09-19 17:00:00,0.0,2.474,7.0,0.0,0.0,36.922,2.496,2.489,3.419,0.0
2025-09-19 18:00:00,0.0,2.505,7.0,0.0,0.0,36.922,2.484,2.505,3.425,0.0
2025-09-19 19:00:00,0.0,2.526,7.0,0.0,0.0,36.922,2.502,2.516,3.424,0.0
2025-09-19 20:00:00,0.0,2.563,7.0,0.0,0.0,36.922,2.531,2.514,3.423,0.0
2025-09-19 21:00:00,0.0,2.477,7.0,0.0,0.0,36.922,2.522,2.503,3.423,0.0
2025-09-19 22:00:00,0.0,2.419,7.0,0.0,0.0,36.922,2.486,2.494,3.422,0.0
2025-09-19 23:00:00,0.0,2.508,7.0,0.0,0.0,7.254,2.468,2.5,3.422,0.0
2025-09-20 00:00:00,8.773,2.477,7.0,8.773,8.773,16.027,2.468,2.495,3.422,0.0
2025-09-20 01:00:00,0.0,2.435,7.0,8.773,8.773,16.027,2.473,2.48,3.417,0.0
2025-09-20 02:00:00,0.0,2.515,7.0,8.773,8.773,8.773,2.476,2.472,3.418,0.0
2025-09-20 03:00:00,0.0,2.489,7.0,0.0,8.773,8.773,2.48,2.474,3.295,0.0
2025-09-20 04:00:00,1.755,3.393,7.0,1.755,10.528,10.528,2.799,2.636,3.211,0.0
2025-09-20 05:00:00,0.0,3.333,7.0,1.755,10.528,10.528,3.072,2.774,3.121,0.0
2025-09-20 06:00:00,0.0,3.402,7.0,1.755,1.755,10.528,3.376,2.928,3.003,0.0
2025-09-20 07:00:00,0.0,3.311,7.0,0.0,1.755,10.528,3.349,3.074,2.881,0.0
2025-09-20 08:00:00,0.0,3.511,7.0,0.0,1.755,10.528,3.408,3.24,2.771,0.0
2025-09-20 09:00:00,0.0,3.541,7.0,0.0,1.755,10.528,3.454,3.415,2.781,0.0
2025-09-20 10:00:00,0.0,2.763,7.0,0.0,0.0,10.528,3.272,3.31,2.765,0.0
2025-09-20 11:00:00,0.0,2.715,7.0,0.0,0.0,10.528,3.006,3.207,2.742,0.0
2025-09-20 12:00:00,0.0,2.729,7.0,0.0,0.0,10.528,2.736,3.095,2.756,0.0
2025-09-20 13:00:00,0.0,2.746,7.0,0.0,0.0,10.528,2.73,3.001,2.768,0.0
2025-09-20 14:00:00,0.0,2.68,7.0,0.0,0.0,10.528,2.719,2.862,2.772,0.0
2025-09-20 15:00:00,0.0,2.502,7.0,0.0,0.0,10.528,2.643,2.689,2.77,0.0
2025-09-20 16:00:00,0.0,2.571,7.0,0.0,0.0,10.528,2.584,2.657,2.774,0.0
2025-09-20 17:00:00,0.0,2.551,7.0,0.0,0.0,10.528,2.541,2.63,2.778,0.0
2025-09-20 18:00:00,0.0,2.55,7.0,0.0,0.0,10.528,2.557,2.6,2.779,0.0
2025-09-20 19:00:00,0.0,2.589,7.0,0.0,0.0,10.528,2.563,2.574,2.782,0.0
2025-09-20 20:00:00,0.0,2.479,7.0,0.0,0.0,10.528,2.539,2.54,2.779,0.0
2025-09-20 21:00:00,0.0,2.475,7.0,0.0,0.0,10.528,2.514,2.536,2.778,0.0
2025-09-20 22:00:00,0.0,2.516,7.0,0.0,0.0,10.528,2.49,2.527,2.782,0.0
2025-09-20 23:00:00,0.0,2.491,7.0,0.0,0.0,10.528,2.494,2.517,2.782,0.0
2025-09-21 00:00:00,0.0,2.516,7.0,0.0,0.0,1.755,2.508,2.511,2.783,0.0
2025-09-21 01:00:00,0.0,2.578,7.0,0.0,0.0,1.755,2.528,2.509,2.789,0.0
2025-09-21 02:00:00,0.0,2.476,7.0,0.0,0.0,1.755,2.523,2.509,2.788,0.0
2025-09-21 03:00:00,0.0,2.485,7.0,0.0,0.0,1.755,2.513,2.51,2.788,0.0
2025-09-21 04:00:00,0.0,2.509,7.0,0.0,0.0,0.0,2.49,2.509,2.751,0.0
2025-09-21 05:00:00,0.0,2.489,7.0,0.0,0.0,0.0,2.494,2.509,2.716,0.0
2025-09-21 06:00:00,0.0,2.404,7.0,0.0,0.0,0.0,2.467,2.49,2.674,0.0
2025-09-21 07:00:00,0.0,2.471,7.0,0.0,0.0,0.0,2.455,2.472,2.639,0.0
2025-09-21 08:00:00,0.0,2.534,7.0,0.0,0.0,0.0,2.47,2.482,2.598,0.0
2025-09-21 09:00:00,0.0,2.572,7.0,0.0,0.0,0.0,2.526,2.496,2.558,0.0
2025-09-21 10:00:00,0.0,2.442,7.0,0.0,0.0,0.0,2.516,2.485,2.545,0.0
2025-09-21 11:00:00,0.0,2.442,7.0,0.0,0.0,0.0,2.485,2.478,2.533,0.0
2025-09-21 12:00:00,0.0,2.502,7.0,0.0,0.0,0.0,2.462,2.494,2.524,0.0
2025-09-21 13:00:00,0.0,2.396,7.0,0.0,0.0,0.0,2.447,2.481,2.509,0.0
2025-09-21 14:00:00,32.953,2.478,7.0,32.953,32.953,32.953,2.458,2.472,2.501,0.0
2025-09-21 15:00:00,0.0,2.413,7.0,32.953,32.953,32.953,2.429,2.445,2.497,0.0
2025-09-21 16:00:00,0.0,2.568,7.0,32.953,32.953,32.953,2.486,2.467,2.497,0.0
2025-09-21 17:00:00,0.0,2.462,7.0,0.0,32.953,32.953,2.481,2.47,2.493,0.0
2025-09-21 18:00:00,0.0,5.878,7.0,0.0,32.953,32.953,3.636,3.033,2.632,0.0
2025-09-21 19:00:00,0.0,5.851,7.0,0.0,32.953,32.953,4.73,3.608,2.768,0.0
2025-09-21 20:00:00,0.0,5.763,7.0,0.0,0.0,32.953,5.831,4.156,2.905,0.0
2025-09-21 21:00:00,0.0,5.742,7.0,0.0,0.0,32.953,5.785,4.711,3.041,0.0
2025-09-21 22:00:00,0.0,5.786,7.0,0.0,0.0,32.953,5.763,5.247,3.177,0.0
2025-09-21 23:00:00,0.0,5.79,7.0,0.0,0.0,32.953,5.772,5.802,3.314,0.0
2025-09-22 00:00:00,0.0,2.517,7.0,0.0,0.0,32.953,4.698,5.241,3.314,0.0
2025-09-22 01:00:00,0.0,2.461,7.0,0.0,0.0,32.953,3.59,4.676,3.31,0.0
2025-09-22 02:00:00,0.0,2.537,7.0,0.0,0.0,32.953,2.505,4.139,3.312,0.0
2025-09-22 03:00:00,0.0,2.513,7.0,0.0,0.0,32.953,2.504,3.601,3.313,0.0
2025-09-22 04:00:00,0.0,2.483,7.0,0.0,0.0,32.953,2.511,3.05,3.312,0.0
2025-09-22 05:00:00,0.0,2.464,7.0,0.0,0.0,32.953,2.487,2.496,3.311,0.0
2025-09-22 06:00:00,0.0,2.491,7.0,0.0,0.0,32.953,2.479,2.492,3.315,0.0
2025-09-22 07:00:00,0.0,2.459,7.0,0.0,0.0,32.953,2.471,2.491,3.314,0.0
2025-09-22 08:00:00,0.0,2.503,7.0,0.0,0.0,32.953,2.484,2.486,3.313,0.0
2025-09-22 09:00:00,0.0,2.504,7.0,0.0,0.0,32.953,2.489,2.484,3.31,0.0
2025-09-22 10:00:00,0.0,2.513,7.0,0.0,0.0,32.953,2.507,2.489,3.313,0.0
2025-09-22 11:00:00,10.864,2.588,7.0,10.864,10.864,43.817,2.535,2.51,3.319,0.0
2025-09-22 12:00:00,0.0,2.493,7.0,10.864,10.864,43.817,2.532,2.51,3.319,0.0
2025-09-22 13:00:00,0.0,2.55,7.0,10.864,10.864,43.817,2.544,2.525,3.325,0.0
2025-09-22 14:00:00,0.0,2.511,7.0,0.0,10.864,10.864,2.518,2.527,3.327,0.0
2025-09-22 15:00:00,0.0,3.574,7.0,0.0,10.864,10.864,2.879,2.705,3.375,0.0
2025-09-22 16:00:00,0.0,3.58,7.0,0.0,10.864,10.864,3.222,2.883,3.417,0.0
2025-09-22 17:00:00,0.0,3.583,7.0,0.0,0.0,10.864,3.579,3.049,3.464,0.0
2025-09-22 18:00:00,0.0,3.6,7.0,0.0,0.0,10.864,3.588,3.233,3.369,0.0
2025-09-22 19:00:00,35.111,3.538,7.0,35.111,35.111,45.975,3.574,3.398,3.273,0.0
2025-09-22 20:00:00,0.0,3.513,7.0,35.111,35.111,45.975,3.551,3.565,3.179,0.0
2025-09-22 21:00:00,0.0,2.533,7.0,35.111,35.111,45.975,3.195,3.391,3.045,0.0
2025-09-22 22:00:00,0.0,2.545,7.0,0.0,35.111,45.975,2.864,3.219,2.91,0.0
2025-09-22 23:00:00,0.0,6.048,7.0,0.0,35.111,45.975,3.709,3.63,2.921,0.0
2025-09-23 00:00:00,0.0,6.019,7.0,0.0,35.111,45.975,4.871,4.033,3.067,0.0
2025-09-23 01:00:00,0.0,6.049,7.0,0.0,0.0,45.975,6.039,4.451,3.216,0.0
2025-09-23 02:00:00,0.0,6.047,7.0,0.0,0.0,45.975,6.038,4.874,3.363,0.0
2025-09-23 03:00:00,0.0,6.05,7.0,0.0,0.0,45.975,6.049,5.46,3.51,0.0
2025-09-23 04:00:00,0.0,5.968,7.0,0.0,0.0,45.975,6.022,6.03,3.655,0.0
2025-09-23 05:00:00,0.0,2.445,7.0,0.0,0.0,45.975,4.821,5.43,3.655,0.0
2025-09-23 06:00:00,0.0,2.481,7.0,0.0,0.0,45.975,3.631,4.84,3.654,0.0
2025-09-23 07:00:00,0.0,2.499,7.0,0.0,0.0,45.975,2.475,4.248,3.656,0.0
2025-09-23 08:00:00,0.0,2.488,7.0,0.0,0.0,45.975,2.489,3.655,3.655,0.0
2025-09-23 09:00:00,0.0,2.406,7.0,0.0,0.0,45.975,2.464,3.048,3.651,0.0
2025-09-23 10:00:00,0.0,2.586,7.0,0.0,0.0,45.975,2.493,2.484,3.654,0.0
2025-09-23 11:00:00,0.0,2.486,7.0,0.0,0.0,35.111,2.493,2.491,3.65,0.0
2025-09-23 12:00:00,0.0,2.509,7.0,0.0,0.0,35.111,2.527,2.496,3.65,0.0
2025-09-23 13:00:00,0.0,2.562,7.0,0.0,0.0,35.111,2.519,2.506,3.651,0.0
2025-09-23 14:00:00,0.0,2.383,7.0,0.0,0.0,35.111,2.485,2.489,3.646,0.0
2025-09-23 15:00:00,0.0,2.474,7.0,0.0,0.0,35.111,2.473,2.5,3.6,0.0
2025-09-23 16:00:00,0.0,2.481,7.0,0.0,0.0,35.111,2.446,2.482,3.554,0.0
2025-09-23 17:00:00,0.0,2.483,7.0,0.0,0.0,35.111,2.479,2.482,3.508,0.0
2025-09-23 18:00:00,6.276,2.491,7.0,6.276,6.276,41.387,2.485,2.479,3.462,0.0
2025-09-23 19:00:00,0.0,2.572,7.0,6.276,6.276,6.276,2.516,2.481,3.422,0.0
2025-09-23 20:00:00,0.0,2.534,7.0,6.276,6.276,6.276,2.532,2.506,3.381,0.0
2025-09-23 21:00:00,0.0,2.548,7.0,0.0,6.276,6.276,2.551,2.518,3.381,0.0
2025-09-23 22:00:00,0.0,3.13,7.0,0.0,6.276,6.276,2.737,2.626,3.406,0.0
2025-09-23 23:00:00,0.0,3.058,7.0,0.0,6.276,6.276,2.912,2.722,3.281,0.0
2025-09-24 00:00:00,0.0,3.024,7.0,0.0,0.0,6.276,3.07,2.811,3.156,0.0
2025-09-24 01:00:00,0.0,3.051,7.0,0.0,0.0,6.276,3.044,2.891,3.032,0.0
2025-09-24 02:00:00,0.0,3.146,7.0,0.0,0.0,6.276,3.073,2.993,2.911,0.0
2025-09-24 03:00:00,0.0,3.129,7.0,0.0,0.0,6.276,3.109,3.09,2.789,0.0
2025-09-24 04:00:00,0.0,2.489,7.0,0.0,0.0,6.276,2.921,2.983,2.644,0.0
2025-09-24 05:00:00,0.0,2.482,7.0,0.0,0.0,6.276,2.7,2.887,2.645,0.0
2025-09-24 06:00:00,0.0,2.601,7.0,0.0,0.0,6.276,2.524,2.816,2.65,0.0
2025-09-24 07:00:00,0.0,2.459,7.0,0.0,0.0,6.276,2.514,2.718,2.649,0.0
2025-09-24 08:00:00,0.0,2.546,7.0,0.0,0.0,6.276,2.535,2.618,2.651,0.0
2025-09-24 09:00:00,0.0,2.5,7.0,0.0,0.0,6.276,2.502,2.513,2.655,0.0
2025-09-24 10:00:00,14.021,2.497,7.0,14.021,14.021,20.297,2.514,2.514,2.651,0.0
2025-09-24 11:00:00,0.0,2.559,7.0,14.021,14.021,20.297,2.519,2.527,2.654,0.0
2025-09-24 12:00:00,0.0,2.573,7.0,14.021,14.021,20.297,2.543,2.522,2.657,0.0
2025-09-24 13:00:00,0.0,2.488,7.0,0.0,14.021,20.297,2.54,2.527,2.654,0.0
2025-09-24 14:00:00,0.0,3.942,7.0,0.0,14.021,20.297,3.001,2.76,2.719,0.0
2025-09-24 15:00:00,0.0,3.92,7.0,0.0,14.021,20.297,3.45,2.997,2.779,0.0
2025-09-24 16:00:00,0.0,3.902,7.0,0.0,0.0,20.297,3.922,3.231,2.839,0.0
2025-09-24 17:00:00,0.0,3.912,7.0,0.0,0.0,20.297,3.912,3.456,2.898,0.0
2025-09-24 18:00:00,0.0,3.868,7.0,0.0,0.0,14.021,3.894,3.672,2.955,0.0
2025-09-24 19:00:00,0.0,3.887,7.0,0.0,0.0,14.021,3.889,3.905,3.01,0.0
2025-09-24 20:00:00,0.0,2.471,7.0,0.0,0.0,14.021,3.408,3.66,3.008,0.0
2025-09-24 21:00:00,0.0,2.545,7.0,0.0,0.0,14.021,2.968,3.431,3.007,0.0
2025-09-24 22:00:00,0.0,2.495,7.0,0.0,0.0,14.021,2.504,3.196,2.981,0.0
2025-09-24 23:00:00,0.0,2.435,7.0,0.0,0.0,14.021,2.492,2.95,2.955,0.0
2025-09-25 00:00:00,0.0,2.464,7.0,0.0,0.0,14.021,2.465,2.716,2.932,0.0
2025-09-25 01:00:00,0.0,2.34,7.0,0.0,0.0,14.021,2.413,2.458,2.902,0.0
2025-09-25 02:00:00,0.0,2.475,7.0,0.0,0.0,14.021,2.426,2.459,2.874,0.0
2025-09-25 03:00:00,0.0,2.502,7.0,0.0,0.0,14.021,2.439,2.452,2.848,0.0
2025-09-25 04:00:00,0.0,2.493,7.0,0.0,0.0,14.021,2.49,2.452,2.848,0.0
2025-09-25 05:00:00,0.0,2.599,7.0,0.0,0.0,14.021,2.531,2.479,2.853,0.0
2025-09-25 06:00:00,0.0,2.529,7.0,0.0,0.0,14.021,2.54,2.49,2.85,0.0
2025-09-25 07:00:00,0.0,2.527,7.0,0.0,0.0,14.021,2.551,2.521,2.853,0.0
2025-09-25 08:00:00,0.0,2.418,7.0,0.0,0.0,14.021,2.491,2.511,2.848,0.0
2025-09-25 09:00:00,0.0,2.482,7.0,0.0,0.0,14.021,2.475,2.508,2.847,0.0
2025-09-25 10:00:00,0.0,2.476,7.0,0.0,0.0,0.0,2.458,2.505,2.846,0.0
2025-09-25 11:00:00,0.0,2.461,7.0,0.0,0.0,0.0,2.473,2.482,2.842,0.0
2025-09-25 12:00:00,2.504,2.46,7.0,2.504,2.504,2.504,2.465,2.47,2.837,0.0
2025-09-25 13:00:00,0.0,2.41,7.0,2.504,2.504,2.504,2.443,2.451,2.834,0.0
2025-09-25 14:00:00,0.0,2.436,7.0,2.504,2.504,2.504,2.435,2.454,2.771,0.0
2025-09-25 15:00:00,0.0,2.544,7.0,0.0,2.504,2.504,2.463,2.464,2.714,0.0
2025-09-25 16:00:00,0.0,2.743,7.0,0.0,2.504,2.504,2.574,2.509,2.665,0.0
2025-09-25 17:00:00,0.0,2.725,7.0,0.0,2.504,2.504,2.671,2.553,2.616,0.0
2025-09-25 18:00:00,0.0,2.75,7.0,0.0,0.0,2.504,2.739,2.601,2.569,0.0
2025-09-25 19:00:00,0.0,2.809,7.0,0.0,0.0,2.504,2.761,2.668,2.524,0.0
2025-09-25 20:00:00,0.0,2.751,7.0,0.0,0.0,2.504,2.77,2.72,2.536,0.0
2025-09-25 21:00:00,0.0,2.777,7.0,0.0,0.0,2.504,2.779,2.759,2.546,0.0
2025-09-25 22:00:00,0.0,2.458,7.0,0.0,0.0,2.504,2.662,2.712,2.544,0.0
2025-09-25 23:00:00,0.0,2.469,7.0,0.0,0.0,2.504,2.568,2.669,2.546,0.0
2025-09-26 00:00:00,0.0,2.518,7.0,0.0,0.0,2.504,2.481,2.63,2.548,0.0
2025-09-26 01:00:00,0.0,2.595,7.0,0.0,0.0,2.504,2.527,2.595,2.559,0.0
2025-09-26 02:00:00,0.0,2.571,7.0,0.0,0.0,2.504,2.561,2.565,2.563,0.0
2025-09-26 03:00:00,0.0,2.529,7.0,0.0,0.0,2.504,2.565,2.523,2.564,0.0
2025-09-26 04:00:00,0.0,2.508,7.0,0.0,0.0,2.504,2.536,2.532,2.564,0.0
2025-09-26 05:00:00,0.0,2.57,7.0,0.0,0.0,2.504,2.536,2.548,2.563,0.0
2025-09-26 06:00:00,0.0,2.54,7.0,0.0,0.0,2.504,2.539,2.552,2.564,0.0
2025-09-26 07:00:00,0.0,2.385,7.0,0.0,0.0,2.504,2.498,2.517,2.558,0.0
2025-09-26 08:00:00,0.0,2.447,7.0,0.0,0.0,2.504,2.457,2.497,2.559,0.0
2025-09-26 09:00:00,0.0,2.517,7.0,0.0,0.0,2.504,2.45,2.494,2.56,0.0
2025-09-26 10:00:00,0.0,2.411,7.0,0.0,0.0,2.504,2.458,2.478,2.558,0.0
2025-09-26 11:00:00,0.0,2.455,7.0,0.0,0.0,2.504,2.461,2.459,2.557,0.0
2025-09-26 12:00:00,0.0,2.465,7.0,0.0,0.0,0.0,2.444,2.447,2.558,0.0
2025-09-26 13:00:00,0.0,2.487,7.0,0.0,0.0,0.0,2.469,2.464,2.561,0.0
2025-09-26 14:00:00,31.75,2.486,7.0,31.75,31.75,31.75,2.479,2.47,2.563,0.0
2025-09-26 15:00:00,0.0,2.486,7.0,31.75,31.75,31.75,2.486,2.465,2.56,0.0
2025-09-26 16:00:00,0.0,2.541,7.0,31.75,31.75,31.75,2.504,2.487,2.552,0.0
2025-09-26 17:00:00,0.0,2.487,7.0,0.0,31.75,31.75,2.505,2.492,2.542,0.0
2025-09-26 18:00:00,0.0,5.656,7.0,0.0,31.75,31.75,3.561,3.024,2.663,0.0
2025-09-26 19:00:00,15.336,5.608,7.0,15.336,47.086,47.086,4.583,3.544,2.78,0.0
2025-09-26 20:00:00,0.0,5.726,7.0,15.336,15.336,47.086,5.663,4.084,2.904,0.0
2025-09-26 21:00:00,0.0,5.641,7.0,15.336,15.336,47.086,5.658,4.61,3.023,0.0
2025-09-26 22:00:00,0.0,5.621,7.0,0.0,15.336,47.086,5.663,5.123,3.155,0.0
2025-09-26 23:00:00,0.0,7.219,7.0,0.0,15.336,47.086,6.16,5.912,3.353,0.219
2025-09-27 00:00:00,0.0,3.995,7.0,0.0,15.336,47.086,5.612,5.635,3.414,0.0
2025-09-27 01:00:00,0.0,4.007,7.0,0.0,0.0,47.086,5.074,5.368,3.473,0.0
2025-09-27 02:00:00,0.0,4.047,7.0,0.0,0.0,47.086,4.016,5.088,3.535,0.0
2025-09-27 03:00:00,0.0,4.017,7.0,0.0,0.0,47.086,4.024,4.818,3.597,0.0
2025-09-27 04:00:00,0.0,4.149,7.0,0.0,0.0,47.086,4.071,4.572,3.665,0.0
2025-09-27 05:00:00,0.0,2.496,7.0,0.0,0.0,47.086,3.554,3.785,3.662,0.0
2025-09-27 06:00:00,0.0,2.531,7.0,0.0,0.0,47.086,3.059,3.541,3.662,0.0
2025-09-27 07:00:00,0.0,2.403,7.0,0.0,0.0,47.086,2.477,3.274,3.662,0.0
2025-09-27 08:00:00,0.0,2.457,7.0,0.0,0.0,47.086,2.464,3.009,3.663,0.0
2025-09-27 09:00:00,0.0,2.446,7.0,0.0,0.0,47.086,2.435,2.747,3.66,0.0
2025-09-27 10:00:00,0.0,2.452,7.0,0.0,0.0,47.086,2.452,2.464,3.662,0.0
2025-09-27 11:00:00,0.0,2.521,7.0,0.0,0.0,47.086,2.473,2.468,3.664,0.0
2025-09-27 12:00:00,0.0,2.552,7.0,0.0,0.0,47.086,2.508,2.472,3.668,0.0
2025-09-27 13:00:00,0.0,2.517,7.0,0.0,0.0,47.086,2.53,2.491,3.669,0.0
2025-09-27 14:00:00,0.0,2.489,7.0,0.0,0.0,15.336,2.519,2.496,3.669,0.0
2025-09-27 15:00:00,0.0,2.468,7.0,0.0,0.0,15.336,2.491,2.5,3.669,0.0
2025-09-27 16:00:00,0.0,2.556,7.0,0.0,0.0,15.336,2.504,2.517,3.669,0.0
2025-09-27 17:00:00,12.462,2.604,7.0,12.462,12.462,27.799,2.543,2.531,3.674,0.0
2025-09-27 18:00:00,0.0,2.507,7.0,12.462,12.462,27.799,2.555,2.523,3.543,0.0
2025-09-27 19:00:00,0.0,2.547,7.0,12.462,12.462,12.462,2.552,2.528,3.415,0.0
2025-09-27 20:00:00,0.0,2.517,7.0,0.0,12.462,12.462,2.524,2.533,3.282,0.0
2025-09-27 21:00:00,0.0,3.784,7.0,0.0,12.462,12.462,2.949,2.752,3.204,0.0
2025-09-27 22:00:00,0.0,3.688,7.0,0.0,12.462,12.462,3.33,2.941,3.124,0.0
2025-09-27 23:00:00,0.0,3.722,7.0,0.0,0.0,12.462,3.731,3.127,2.978,0.0
2025-09-28 00:00:00,0.0,3.766,7.0,0.0,0.0,12.462,3.725,3.337,2.968,0.0
2025-09-28 01:00:00,0.0,3.807,7.0,0.0,0.0,12.462,3.765,3.547,2.96,0.0
2025-09-28 02:00:00,0.0,3.705,7.0,0.0,0.0,12.462,3.759,3.745,2.946,0.0
2025-09-28 03:00:00,0.0,2.398,7.0,0.0,0.0,12.462,3.304,3.514,2.878,0.0
2025-09-28 04:00:00,0.0,2.475,7.0,0.0,0.0,12.462,2.86,3.312,2.809,0.0
2025-09-28 05:00:00,0.0,2.551,7.0,0.0,0.0,12.462,2.475,3.117,2.811,0.0
2025-09-28 06:00:00,33.007,2.421,7.0,33.007,33.007,45.469,2.482,2.893,2.806,0.0
2025-09-28 07:00:00,0.0,2.441,7.0,33.007,33.007,45.469,2.471,2.665,2.808,0.0
2025-09-28 08:00:00,0.0,2.508,7.0,33.007,33.007,45.469,2.457,2.466,2.81,0.0
2025-09-28 09:00:00,0.0,2.494,7.0,0.0,33.007,45.469,2.481,2.482,2.812,0.0
2025-09-28 10:00:00,0.0,5.83,7.0,0.0,33.007,45.469,3.611,3.041,2.953,0.0
2025-09-28 11:00:00,0.0,5.739,7.0,0.0,33.007,45.469,4.688,3.572,3.087,0.0
2025-09-28 12:00:00,0.0,5.784,7.0,0.0,0.0,45.469,5.785,4.133,3.222,0.0
2025-09-28 13:00:00,0.0,5.86,7.0,0.0,0.0,45.469,5.795,4.703,3.361,0.0
2025-09-28 14:00:00,20.5,5.741,7.0,20.5,20.5,65.969,5.795,5.242,3.496,0.0
2025-09-28 15:00:00,0.0,5.875,7.0,20.5,20.5,65.969,5.825,5.805,3.638,0.0
2025-09-28 16:00:00,0.0,2.447,7.0,20.5,20.5,65.969,4.687,5.241,3.634,0.0
2025-09-28 17:00:00,0.0,2.542,7.0,0.0,20.5,53.507,3.621,4.708,3.631,0.0
2025-09-28 18:00:00,0.0,4.531,7.0,0.0,20.5,53.507,3.173,4.499,3.716,0.0
2025-09-28 19:00:00,0.0,4.493,7.0,0.0,20.5,53.507,3.856,4.271,3.797,0.0
2025-09-28 20:00:00,0.0,4.525,7.0,0.0,0.0,53.507,4.516,4.069,3.88,0.0
2025-09-28 21:00:00,0.0,4.577,7.0,0.0,0.0,53.507,4.532,3.853,3.913,0.0
2025-09-28 22:00:00,0.0,4.55,7.0,0.0,0.0,53.507,4.551,4.203,3.949,0.0
2025-09-28 23:00:00,0.0,4.606,7.0,0.0,0.0,53.507,4.578,4.547,3.986,0.0
2025-09-29 00:00:00,0.0,2.572,7.0,0.0,0.0,53.507,3.909,4.22,3.936,0.0
2025-09-29 01:00:00,0.0,2.441,7.0,0.0,0.0,53.507,3.206,3.878,3.879,0.0
2025-09-29 02:00:00,0.0,2.437,7.0,0.0,0.0,53.507,2.483,3.53,3.827,0.0
2025-09-29 03:00:00,0.0,2.435,7.0,0.0,0.0,53.507,2.438,3.173,3.828,0.0
2025-09-29 04:00:00,0.0,2.455,7.0,0.0,0.0,53.507,2.442,2.824,3.827,0.0
2025-09-29 05:00:00,0.0,2.555,7.0,0.0,0.0,53.507,2.482,2.482,3.827,0.0
2025-09-29 06:00:00,0.0,2.528,7.0,0.0,0.0,20.5,2.513,2.475,3.832,0.0
2025-09-29 07:00:00,0.0,2.473,7.0,0.0,0.0,20.5,2.519,2.48,3.833,0.0
2025-09-29 08:00:00,0.0,2.499,7.0,0.0,0.0,20.5,2.5,2.491,3.833,0.0
2025-09-29 09:00:00,0.0,2.57,7.0,0.0,0.0,20.5,2.514,2.513,3.836,0.0
2025-09-29 10:00:00,0.0,2.595,7.0,0.0,0.0,20.5,2.555,2.537,3.701,0.0
2025-09-29 11:00:00,0.0,2.513,7.0,0.0,0.0,20.5,2.56,2.53,3.567,0.0
2025-09-29 12:00:00,0.0,2.367,7.0,0.0,0.0,20.5,2.492,2.503,3.424,0.0
2025-09-29 13:00:00,0.0,2.515,7.0,0.0,0.0,20.5,2.465,2.51,3.285,0.0
2025-09-29 14:00:00,8.805,2.547,7.0,8.805,8.805,8.805,2.476,2.518,3.152,0.0
2025-09-29 15:00:00,0.0,2.511,7.0,8.805,8.805,8.805,2.524,2.508,3.012,0.0
2025-09-29 16:00:00,0.0,2.536,7.0,8.805,8.805,8.805,2.531,2.498,3.016,0.0
2025-09-29 17:00:00,0.0,2.518,7.0,0.0,8.805,8.805,2.522,2.499,3.015,0.0
2025-09-29 18:00:00,0.0,3.319,7.0,0.0,8.805,8.805,2.791,2.658,2.964,0.0
2025-09-29 19:00:00,0.0,3.336,7.0,0.0,8.805,8.805,3.058,2.795,2.916,0.0
2025-09-29 20:00:00,0.0,3.364,7.0,0.0,0.0,8.805,3.34,2.931,2.867,0.0
2025-09-29 21:00:00,27.103,3.434,7.0,27.103,27.103,35.909,3.378,3.085,2.82,0.0
2025-09-29 22:00:00,0.0,3.342,7.0,27.103,27.103,35.909,3.38,3.219,2.77,0.0
2025-09-29 23:00:00,0.0,3.403,7.0,27.103,27.103,35.909,3.393,3.366,2.719,0.0
2025-09-30 00:00:00,0.0,2.515,7.0,0.0,27.103,35.909,3.087,3.233,2.717,0.0
2025-09-30 01:00:00,0.0,5.29,7.0,0.0,27.103,35.909,3.736,3.558,2.836,0.0
2025-09-30 02:00:00,0.0,5.208,7.0,0.0,27.103,35.909,4.338,3.865,2.951,0.0
2025-09-30 03:00:00,0.0,5.123,7.0,0.0,0.0,35.909,5.207,4.147,3.063,0.0
2025-09-30 04:00:00,0.0,5.243,7.0,0.0,0.0,35.909,5.191,4.464,3.179,0.0
2025-09-30 05:00:00,0.0,5.317,7.0,0.0,0.0,35.909,5.227,4.783,3.294,0.0
2025-09-30 06:00:00,0.0,5.246,7.0,0.0,0.0,35.909,5.269,5.238,3.408,0.0
2025-09-30 07:00:00,0.0,2.461,7.0,0.0,0.0,35.909,4.341,4.766,3.407,0.0
2025-09-30 08:00:00,0.0,2.446,7.0,0.0,0.0,35.909,3.384,4.306,3.405,0.0
2025-09-30 09:00:00,0.0,2.452,7.0,0.0,0.0,35.909,2.453,3.861,3.4,0.0
2025-09-30 10:00:00,0.0,2.6,7.0,0.0,0.0,35.909,2.499,3.42,3.4,0.0
2025-09-30 11:00:00,0.0,2.484,7.0,0.0,0.0,35.909,2.512,2.948,3.399,0.0
2025-09-30 12:00:00,0.0,2.467,7.0,0.0,0.0,35.909,2.517,2.485,3.403,0.0
2025-09-30 13:00:00,0.0,2.492,7.0,0.0,0.0,35.909,2.481,2.49,3.402,0.0
2025-09-30 14:00:00,5.184,2.484,7.0,5.184,5.184,32.287,2.481,2.497,3.4,0.0
2025-09-30 15:00:00,0.0,2.578,7.0,5.184,5.184,32.287,2.518,2.518,3.402,0.0
2025-09-30 16:00:00,0.0,2.449,7.0,5.184,5.184,32.287,2.504,2.492,3.399,0.0
2025-09-30 17:00:00,0.0,2.559,7.0,0.0,5.184,32.287,2.529,2.505,3.401,0.0
2025-09-30 18:00:00,0.0,3.024,7.0,0.0,5.184,32.287,2.678,2.598,3.388,0.0
2025-09-30 19:00:00,0.0,3.079,7.0,0.0,5.184,32.287,2.887,2.696,3.378,0.0
2025-09-30 20:00:00,0.0,3.098,7.0,0.0,0.0,32.287,3.067,2.798,3.366,0.0
2025-09-30 21:00:00,0.0,3.023,7.0,0.0,0.0,5.184,3.066,2.872,3.349,0.0
2025-09-30 22:00:00,0.0,3.003,7.0,0.0,0.0,5.184,3.041,2.964,3.335,0.0
2025-09-30 23:00:00,0.0,3.022,7.0,0.0,0.0,5.184,3.016,3.041,3.319,0.0
2025-10-01 00:00:00,0.0,2.495,7.0,0.0,0.0,5.184,2.84,2.953,3.318,0.0
2025-10-01 01:00:00,0.0,2.417,7.0,0.0,0.0,5.184,2.645,2.843,3.199,0.0
2025-10-01 02:00:00,0.0,2.578,7.0,0.0,0.0,5.184,2.497,2.756,3.089,0.0
2025-10-01 03:00:00,0.0,2.512,7.0,0.0,0.0,5.184,2.502,2.671,2.98,0.0
2025-10-01 04:00:00,0.0,2.442,7.0,0.0,0.0,5.184,2.511,2.578,2.864,0.0
2025-10-01 05:00:00,0.0,2.397,7.0,0.0,0.0,5.184,2.45,2.473,2.742,0.0
2025-10-01 06:00:00,0.0,2.384,7.0,0.0,0.0,5.184,2.407,2.455,2.623,0.0
2025-10-01 07:00:00,17.643,2.539,7.0,17.643,17.643,22.827,2.44,2.475,2.626,0.0
2025-10-01 08:00:00,0.0,2.469,7.0,17.643,17.643,22.827,2.464,2.457,2.627,0.0
2025-10-01 09:00:00,0.0,2.477,7.0,17.643,17.643,22.827,2.495,2.451,2.628,0.0
2025-10-01 10:00:00,0.0,2.524,7.0,0.0,17.643,22.827,2.49,2.465,2.625,0.0
2025-10-01 11:00:00,0.0,4.239,7.0,0.0,17.643,22.827,3.08,2.772,2.698,0.0
2025-10-01 12:00:00,0.0,4.292,7.0,0.0,17.643,22.827,3.685,3.09,2.774,0.0
2025-10-01 13:00:00,0.0,4.269,7.0,0.0,0.0,22.827,4.266,3.378,2.848,0.0
2025-10-01 14:00:00,0.0,4.26,7.0,0.0,0.0,17.643,4.274,3.677,2.922,0.0
2025-10-01 15:00:00,0.0,4.186,7.0,0.0,0.0,17.643,4.238,3.962,2.989,0.0
2025-10-01 16:00:00,0.0,4.223,7.0,0.0,0.0,17.643,4.223,4.245,3.063,0.0
2025-10-01 17:00:00,0.0,2.53,7.0,0.0,0.0,17.643,3.646,3.96,3.062,0.0
2025-10-01 18:00:00,0.0,2.466,7.0,0.0,0.0,17.643,3.073,3.656,3.038,0.0
2025-10-01 19:00:00,0.0,2.56,7.0,0.0,0.0,17.643,2.519,3.371,3.017,0.0
2025-10-01 20:00:00,0.0,2.617,7.0,0.0,0.0,17.643,2.548,3.097,2.997,0.0
2025-10-01 21:00:00,0.0,2.533,7.0,0.0,0.0,17.643,2.57,2.822,2.976,0.0
2025-10-01 22:00:00,0.0,2.575,7.0,0.0,0.0,17.643,2.575,2.547,2.959,0.0
2025-10-01 23:00:00,0.0,2.536,7.0,0.0,0.0,17.643,2.548,2.548,2.938,0.0
2025-10-02 00:00:00,0.0,2.473,7.0,0.0,0.0,17.643,2.528,2.549,2.937,0.0
2025-10-02 01:00:00,0.0,2.51,7.0,0.0,0.0,17.643,2.506,2.541,2.941,0.0
2025-10-02 02:00:00,0.0,2.601,7.0,0.0,0.0,17.643,2.528,2.538,2.942,0.0
2025-10-02 03:00:00,0.0,2.474,7.0,0.0,0.0,17.643,2.528,2.528,2.941,0.0
2025-10-02 04:00:00,0.0,2.448,7.0,0.0,0.0,17.643,2.508,2.507,2.941,0.0
2025-10-02 05:00:00,0.0,2.443,7.0,0.0,0.0,17.643,2.455,2.492,2.943,0.0
2025-10-02 06:00:00,0.0,2.489,7.0,0.0,0.0,17.643,2.46,2.494,2.947,0.0
2025-10-02 07:00:00,0.0,2.45,7.0,0.0,0.0,0.0,2.461,2.484,2.944,0.0
2025-10-02 08:00:00,0.0,2.584,7.0,0.0,0.0,0.0,2.508,2.481,2.948,0.0
2025-10-02 09:00:00,0.0,2.511,7.0,0.0,0.0,0.0,2.515,2.487,2.95,0.0
2025-10-02 10:00:00,0.0,2.549,7.0,0.0,0.0,0.0,2.548,2.504,2.951,0.0
2025-10-02 11:00:00,0.0,2.485,7.0,0.0,0.0,0.0,2.515,2.511,2.878,0.0
2025-10-02 12:00:00,0.0,2.443,7.0,0.0,0.0,0.0,2.492,2.503,2.801,0.0
2025-10-02 13:00:00,0.0,2.435,7.0,0.0,0.0,0.0,2.454,2.501,2.724,0.0
2025-10-02 14:00:00,0.0,2.455,7.0,0.0,0.0,0.0,2.444,2.479,2.649,0.0
2025-10-02 15:00:00,0.0,2.517,7.0,0.0,0.0,0.0,2.469,2.481,2.579,0.0
2025-10-02 16:00:00,0.0,2.526,7.0,0.0,0.0,0.0,2.499,2.477,2.509,0.0
2025-10-02 17:00:00,0.0,2.53,7.0,0.0,0.0,0.0,2.525,2.484,2.509,0.0
2025-10-02 18:00:00,0.0,2.426,7.0,0.0,0.0,0.0,2.494,2.481,2.507,0.0
2025-10-02 19:00:00,0.0,2.5,7.0,0.0,0.0,0.0,2.485,2.492,2.505,0.0
2025-10-02 20:00:00,0.0,2.449,7.0,0.0,0.0,0.0,2.458,2.491,2.497,0.0
2025-10-02 21:00:00,0.0,2.52,7.0,0.0,0.0,0.0,2.49,2.492,2.497,0.0
2025-10-02 22:00:00,0.0,2.524,7.0,0.0,0.0,0.0,2.498,2.491,2.495,0.0
2025-10-02 23:00:00,0.0,2.441,7.0,0.0,0.0,0.0,2.495,2.477,2.491,0.0
2025-10-03 00:00:00,0.0,2.548,7.0,0.0,0.0,0.0,2.505,2.497,2.494,0.0
2025-10-03 01:00:00,0.0,2.617,7.0,0.0,0.0,0.0,2.536,2.517,2.498,0.0
2025-10-03 02:00:00,0.0,2.542,7.0,0.0,0.0,0.0,2.569,2.532,2.496,0.0
2025-10-03 03:00:00,0.0,2.492,7.0,0.0,0.0,0.0,2.55,2.527,2.497,0.0
2025-10-03 04:00:00,0.0,2.484,7.0,0.0,0.0,0.0,2.506,2.521,2.498,0.0
2025-10-03 05:00:00,0.0,2.49,7.0,0.0,0.0,0.0,2.489,2.529,2.5,0.0
2025-10-03 06:00:00,0.0,2.462,7.0,0.0,0.0,0.0,2.479,2.514,2.499,0.0
2025-10-03 07:00:00,0.0,2.513,7.0,0.0,0.0,0.0,2.488,2.497,2.502,0.0
2025-10-03 08:00:00,0.0,2.443,7.0,0.0,0.0,0.0,2.473,2.481,2.496,0.0
2025-10-03 09:00:00,0.0,2.406,7.0,0.0,0.0,0.0,2.454,2.466,2.491,0.0
2025-10-03 10:00:00,0.0,2.511,7.0,0.0,0.0,0.0,2.453,2.471,2.49,0.0
2025-10-03 11:00:00,0.0,2.501,7.0,0.0,0.0,0.0,2.473,2.473,2.491,0.0
2025-10-03 12:00:00,0.0,2.471,7.0,0.0,0.0,0.0,2.494,2.474,2.492,0.0
2025-10-03 13:00:00,0.0,2.436,7.0,0.0,0.0,0.0,2.469,2.461,2.492,0.0
2025-10-03 14:00:00,0.0,2.514,7.0,0.0,0.0,0.0,2.474,2.473,2.494,0.0
2025-10-03 15:00:00,0.0,2.45,7.0,0.0,0.0,0.0,2.467,2.481,2.491,0.0
2025-10-03 16:00:00,0.0,2.493,7.0,0.0,0.0,0.0,2.486,2.478,2.49,0.0
2025-10-03 17:00:00,0.0,2.588,7.0,0.0,0.0,0.0,2.511,2.492,2.493,0.0
2025-10-03 18:00:00,0.0,2.533,7.0,0.0,0.0,0.0,2.538,2.502,2.497,0.0
2025-10-03 19:00:00,0.0,2.432,7.0,0.0,0.0,0.0,2.517,2.502,2.494,0.0
2025-10-03 20:00:00,0.0,2.436,7.0,0.0,0.0,0.0,2.467,2.489,2.494,0.0
2025-10-03 21:00:00,0.0,2.508,7.0,0.0,0.0,0.0,2.458,2.498,2.493,0.0
2025-10-03 22:00:00,0.0,2.431,7.0,0.0,0.0,0.0,2.458,2.488,2.489,0.0
2025-10-03 23:00:00,0.0,2.4,7.0,0.0,0.0,0.0,2.446,2.457,2.488,0.0
2025-10-04 00:00:00,0.0,2.527,7.0,0.0,0.0,0.0,2.453,2.456,2.487,0.0
2025-10-04 01:00:00,0.0,2.516,7.0,0.0,0.0,0.0,2.481,2.47,2.482,0.0
2025-10-04 02:00:00,0.0,2.523,7.0,0.0,0.0,0.0,2.522,2.484,2.482,0.0
2025-10-04 03:00:00,0.0,2.513,7.0,0.0,0.0,0.0,2.517,2.485,2.482,0.0
2025-10-04 04:00:00,0.0,2.497,7.0,0.0,0.0,0.0,2.511,2.496,2.483,0.0
2025-10-04 05:00:00,0.0,2.467,7.0,0.0,0.0,0.0,2.492,2.507,2.482,0.0
2025-10-04 06:00:00,0.0,2.526,7.0,0.0,0.0,0.0,2.496,2.507,2.485,0.0
2025-10-04 07:00:00,0.0,2.576,7.0,0.0,0.0,0.0,2.523,2.517,2.487,0.0
2025-10-04 08:00:00,0.0,2.475,7.0,0.0,0.0,0.0,2.526,2.509,2.489,0.0
2025-10-04 09:00:00,0.0,2.449,7.0,0.0,0.0,0.0,2.5,2.498,2.491,0.0
2025-10-04 10:00:00,0.0,2.443,7.0,0.0,0.0,0.0,2.456,2.489,2.488,0.0
2025-10-04 11:00:00,0.0,2.457,7.0,0.0,0.0,0.0,2.45,2.488,2.486,0.0
2025-10-04 12:00:00,0.0,2.51,7.0,0.0,0.0,0.0,2.47,2.485,2.487,0.0
2025-10-04 13:00:00,0.0,2.393,7.0,0.0,0.0,0.0,2.453,2.454,2.486,0.0
2025-10-04 14:00:00,0.0,2.522,7.0,0.0,0.0,0.0,2.475,2.462,2.486,0.0
2025-10-04 15:00:00,0.0,2.532,7.0,0.0,0.0,0.0,2.482,2.476,2.489,0.0
2025-10-04 16:00:00,0.0,2.41,7.0,0.0,0.0,0.0,2.488,2.471,2.486,0.0
2025-10-04 17:00:00,0.0,2.451,7.0,0.0,0.0,0.0,2.464,2.47,2.48,0.0
2025-10-04 18:00:00,0.0,2.504,7.0,0.0,0.0,0.0,2.455,2.469,2.479,0.0
2025-10-04 19:00:00,0.0,2.493,7.0,0.0,0.0,0.0,2.483,2.485,2.482,0.0
2025-10-04 20:00:00,0.0,2.526,7.0,0.0,0.0,0.0,2.508,2.486,2.485,0.0
2025-10-04 21:00:00,0.0,2.493,7.0,0.0,0.0,0.0,2.504,2.479,2.485,0.0
2025-10-04 22:00:00,0.0,2.563,7.0,0.0,0.0,0.0,2.527,2.505,2.49,0.0
2025-10-04 23:00:00,0.0,2.484,7.0,0.0,0.0,0.0,2.513,2.51,2.494,0.0
2025-10-05 00:00:00,0.0,2.451,7.0,0.0,0.0,0.0,2.499,2.502,2.491,0.0
2025-10-05 01:00:00,0.0,2.447,7.0,0.0,0.0,0.0,2.461,2.494,2.488,0.0
2025-10-05 02:00:00,0.0,2.537,7.0,0.0,0.0,0.0,2.478,2.496,2.488,0.0
2025-10-05 03:00:00,0.0,2.501,7.0,0.0,0.0,0.0,2.495,2.497,2.488,0.0
2025-10-05 04:00:00,0.0,2.532,7.0,0.0,0.0,0.0,2.523,2.492,2.489,0.0
2025-10-05 05:00:00,0.0,2.531,7.0,0.0,0.0,0.0,2.521,2.5,2.492,0.0
2025-10-05 06:00:00,0.0,2.399,7.0,0.0,0.0,0.0,2.487,2.491,2.487,0.0
2025-10-05 07:00:00,0.0,2.443,7.0,0.0,0.0,0.0,2.458,2.49,2.481,0.0
2025-10-05 08:00:00,0.0,2.449,7.0,0.0,0.0,0.0,2.43,2.476,2.48,0.0
2025-10-05 09:00:00,0.0,2.459,7.0,0.0,0.0,0.0,2.45,2.469,2.48,0.0
2025-10-05 10:00:00,0.0,2.479,7.0,0.0,0.0,0.0,2.462,2.46,2.482,0.0
2025-10-05 11:00:00,0.0,2.55,7.0,0.0,0.0,0.0,2.496,2.463,2.486,0.0
2025-10-05 12:00:00,0.0,2.56,7.0,0.0,0.0,0.0,2.53,2.49,2.488,0.0
2025-10-05 13:00:00,0.0,2.485,7.0,0.0,0.0,0.0,2.532,2.497,2.492,0.0
2025-10-05 14:00:00,0.0,2.487,7.0,0.0,0.0,0.0,2.511,2.503,2.49,0.0
2025-10-05 15:00:00,0.0,2.465,7.0,0.0,0.0,0.0,2.479,2.504,2.487,0.0
2025-10-05 16:00:00,0.0,2.504,7.0,0.0,0.0,0.0,2.486,2.509,2.491,0.0
2025-10-05 17:00:00,0.0,2.51,7.0,0.0,0.0,0.0,2.493,2.502,2.494,0.0
2025-10-05 18:00:00,0.0,2.54,7.0,0.0,0.0,0.0,2.518,2.499,2.495,0.0
2025-10-05 19:00:00,0.0,2.54,7.0,0.0,0.0,0.0,2.53,2.508,2.497,0.0
2025-10-05 20:00:00,0.0,2.385,7.0,0.0,0.0,0.0,2.488,2.491,2.491,0.0
2025-10-05 21:00:00,0.0,2.492,7.0,0.0,0.0,0.0,2.472,2.495,2.491,0.0
2025-10-05 22:00:00,0.0,2.569,7.0,0.0,0.0,0.0,2.482,2.506,2.492,0.0
2025-10-05 23:00:00,0.0,2.478,7.0,0.0,0.0,0.0,2.513,2.501,2.491,0.0
2025-10-06 00:00:00,0.0,2.557,7.0,0.0,0.0,0.0,2.535,2.504,2.496,0.0
2025-10-06 01:00:00,0.0,2.485,7.0,0.0,0.0,0.0,2.507,2.494,2.497,0.0
2025-10-06 02:00:00,0.0,2.509,7.0,0.0,0.0,0.0,2.517,2.515,2.496,0.0
2025-10-06 03:00:00,0.0,2.443,7.0,0.0,0.0,0.0,2.479,2.507,2.494,0.0
2025-10-06 04:00:00,0.0,2.445,7.0,0.0,0.0,0.0,2.466,2.486,2.49,0.0
2025-10-06 05:00:00,0.0,2.536,7.0,0.0,0.0,0.0,2.475,2.496,2.49,0.0
2025-10-06 06:00:00,0.0,2.544,7.0,0.0,0.0,0.0,2.508,2.494,2.496,0.0
2025-10-06 07:00:00,0.0,2.501,7.0,0.0,0.0,0.0,2.527,2.496,2.499,0.0
2025-10-06 08:00:00,0.0,2.439,7.0,0.0,0.0,0.0,2.495,2.485,2.498,0.0
2025-10-06 09:00:00,0.0,2.502,7.0,0.0,0.0,0.0,2.481,2.495,2.5,0.0
2025-10-06 10:00:00,0.0,2.563,7.0,0.0,0.0,0.0,2.501,2.514,2.504,0.0
2025-10-06 11:00:00,0.0,2.587,7.0,0.0,0.0,0.0,2.551,2.523,2.505,0.0
2025-10-06 12:00:00,0.0,2.484,7.0,0.0,0.0,0.0,2.545,2.513,2.502,0.0
2025-10-06 13:00:00,0.0,2.417,7.0,0.0,0.0,0.0,2.496,2.499,2.499,0.0
2025-10-06 14:00:00,0.0,2.542,7.0,0.0,0.0,0.0,2.481,2.516,2.502,0.0
2025-10-06 15:00:00,0.0,2.486,7.0,0.0,0.0,0.0,2.482,2.513,2.502,0.0
2025-10-06 16:00:00,0.0,2.547,7.0,0.0,0.0,0.0,2.525,2.511,2.504,0.0
2025-10-06 17:00:00,0.0,2.514,7.0,0.0,0.0,0.0,2.516,2.498,2.504,0.0
2025-10-06 18:00:00,0.0,2.456,7.0,0.0,0.0,0.0,2.506,2.494,2.501,0.0
2025-10-06 19:00:00,0.0,2.503,7.0,0.0,0.0,0.0,2.491,2.508,2.499,0.0
2025-10-06 20:00:00,0.0,2.565,7.0,0.0,0.0,0.0,2.508,2.512,2.507,0.0
2025-10-06 21:00:00,0.0,2.493,7.0,0.0,0.0,0.0,2.52,2.513,2.507,0.0
2025-10-06 22:00:00,0.0,2.448,7.0,0.0,0.0,0.0,2.502,2.497,2.502,0.0
2025-10-06 23:00:00,0.0,2.421,7.0,0.0,0.0,0.0,2.454,2.481,2.499,0.0
2025-10-07 00:00:00,0.0,2.461,7.0,0.0,0.0,0.0,2.443,2.482,2.495,0.0
2025-10-07 01:00:00,0.0,2.479,7.0,0.0,0.0,0.0,2.454,2.478,2.495,0.0
2025-10-07 02:00:00,0.0,2.541,7.0,0.0,0.0,0.0,2.494,2.474,2.497,0.0
2025-10-07 03:00:00,0.0,2.444,7.0,0.0,0.0,0.0,2.488,2.466,2.497,0.0
2025-10-07 04:00:00,0.0,2.578,7.0,0.0,0.0,0.0,2.521,2.487,2.502,0.0
2025-10-07 05:00:00,0.0,2.433,7.0,0.0,0.0,0.0,2.485,2.489,2.498,0.0
2025-10-07 06:00:00,0.0,2.617,7.0,0.0,0.0,0.0,2.542,2.515,2.501,0.0
2025-10-07 07:00:00,0.0,2.586,7.0,0.0,0.0,0.0,2.545,2.533,2.504,0.0
2025-10-07 08:00:00,0.0,2.507,7.0,0.0,0.0,0.0,2.57,2.527,2.507,0.0
2025-10-07 09:00:00,0.0,2.418,7.0,0.0,0.0,0.0,2.504,2.523,2.504,0.0
2025-10-07 10:00:00,0.0,2.497,7.0,0.0,0.0,0.0,2.474,2.51,2.501,0.0
2025-10-07 11:00:00,0.0,2.481,7.0,0.0,0.0,0.0,2.465,2.518,2.497,0.0
2025-10-07 12:00:00,0.0,2.436,7.0,0.0,0.0,0.0,2.471,2.488,2.495,0.0
2025-10-07 13:00:00,0.0,2.515,7.0,0.0,0.0,0.0,2.477,2.476,2.499,0.0
2025-10-07 14:00:00,0.0,2.459,7.0,0.0,0.0,0.0,2.47,2.468,2.495,0.0
2025-10-07 15:00:00,0.0,2.464,7.0,0.0,0.0,0.0,2.479,2.475,2.494,0.0
2025-10-07 16:00:00,0.0,2.49,7.0,0.0,0.0,0.0,2.471,2.474,2.492,0.0
2025-10-07 17:00:00,0.0,2.471,7.0,0.0,0.0,0.0,2.475,2.472,2.49,0.0
2025-10-07 18:00:00,0.0,2.604,7.0,0.0,0.0,0.0,2.522,2.5,2.496,0.0
2025-10-07 19:00:00,0.0,2.473,7.0,0.0,0.0,0.0,2.516,2.494,2.495,0.0
2025-10-07 20:00:00,0.0,2.522,7.0,0.0,0.0,0.0,2.533,2.504,2.493,0.0
2025-10-07 21:00:00,0.0,2.507,7.0,0.0,0.0,0.0,2.501,2.511,2.494,0.0
2025-10-07 22:00:00,0.0,2.518,7.0,0.0,0.0,0.0,2.516,2.516,2.497,0.0
2025-10-07 23:00:00,0.0,2.521,7.0,0.0,0.0,0.0,2.515,2.524,2.501,0.0
2025-10-08 00:00:00,0.0,2.544,7.0,0.0,0.0,0.0,2.528,2.514,2.504,0.0
2025-10-08 01:00:00,0.0,2.513,7.0,0.0,0.0,0.0,2.526,2.521,2.506,0.0
2025-10-08 02:00:00,0.0,2.511,7.0,0.0,0.0,0.0,2.523,2.519,2.505,0.0
2025-10-08 03:00:00,0.0,2.503,7.0,0.0,0.0,0.0,2.509,2.518,2.507,0.0
2025-10-08 04:00:00,0.0,2.493,7.0,0.0,0.0,0.0,2.502,2.514,2.503,0.0
2025-10-08 05:00:00,0.0,2.454,7.0,0.0,0.0,0.0,2.483,2.503,2.504,0.0
2025-10-08 06:00:00,0.0,2.497,7.0,0.0,0.0,0.0,2.481,2.495,2.499,0.0
2025-10-08 07:00:00,0.0,2.512,7.0,0.0,0.0,0.0,2.488,2.495,2.496,0.0
2025-10-08 08:00:00,8.41,2.52,7.0,8.41,8.41,8.41,2.51,2.497,2.497,0.0
2025-10-08 09:00:00,0.0,2.509,7.0,8.41,8.41,8.41,2.514,2.498,2.501,0.0
2025-10-08 10:00:00,0.0,2.488,7.0,8.41,8.41,8.41,2.506,2.497,2.5,0.0
2025-10-08 11:00:00,0.0,2.497,7.0,0.0,8.41,8.41,2.498,2.504,2.501,0.0
2025-10-08 12:00:00,0.0,3.313,7.0,0.0,8.41,8.41,2.766,2.64,2.538,0.0
2025-10-08 13:00:00,0.0,3.357,7.0,0.0,8.41,8.41,3.056,2.781,2.573,0.0
2025-10-08 14:00:00,0.0,3.33,7.0,0.0,0.0,8.41,3.333,2.916,2.609,0.0
2025-10-08 15:00:00,0.0,3.35,7.0,0.0,0.0,8.41,3.346,3.056,2.646,0.0
2025-10-08 16:00:00,0.0,3.391,7.0,0.0,0.0,8.41,3.357,3.206,2.683,0.0
2025-10-08 17:00:00,0.0,3.305,7.0,0.0,0.0,8.41,3.349,3.341,2.718,0.0
2025-10-08 18:00:00,0.0,2.53,7.0,0.0,0.0,8.41,3.075,3.21,2.715,0.0
2025-10-08 19:00:00,0.0,2.502,7.0,0.0,0.0,8.41,2.779,3.068,2.716,0.0
2025-10-08 20:00:00,0.0,2.601,7.0,0.0,0.0,8.41,2.544,2.947,2.719,0.0
2025-10-08 21:00:00,0.0,2.489,7.0,0.0,0.0,8.41,2.531,2.803,2.719,0.0
2025-10-08 22:00:00,0.0,2.535,7.0,0.0,0.0,8.41,2.542,2.66,2.719,0.0
2025-10-08 23:00:00,0.0,2.501,7.0,0.0,0.0,8.41,2.508,2.526,2.719,0.0
2025-10-09 00:00:00,0.0,2.431,7.0,0.0,0.0,8.41,2.489,2.51,2.714,0.0
2025-10-09 01:00:00,37.201,2.474,7.0,37.201,37.201,45.61,2.468,2.505,2.712,0.0
2025-10-09 02:00:00,0.0,2.544,7.0,37.201,37.201,45.61,2.483,2.496,2.714,0.0
2025-10-09 03:00:00,0.0,2.478,7.0,37.201,37.201,45.61,2.499,2.494,2.713,0.0
2025-10-09 04:00:00,13.029,2.389,7.0,13.029,50.229,58.639,2.47,2.469,2.708,0.0
2025-10-09 05:00:00,0.0,6.219,7.0,13.029,50.229,58.639,3.695,3.089,2.865,0.0
2025-10-09 06:00:00,0.0,6.165,7.0,13.029,50.229,58.639,4.924,3.712,3.018,0.0
2025-10-09 07:00:00,0.0,6.227,7.0,0.0,13.029,58.639,6.204,4.337,3.173,0.0
2025-10-09 08:00:00,0.0,7.601,7.0,0.0,13.029,50.229,6.664,5.18,3.384,0.601
2025-10-09 09:00:00,0.0,7.561,7.0,0.0,13.029,50.229,7.13,6.027,3.595,0.561
2025-10-09 10:00:00,0.0,7.6,7.0,0.0,0.0,50.229,7.587,6.895,3.808,0.6
2025-10-09 11:00:00,0.0,3.775,7.0,0.0,0.0,50.229,6.312,6.488,3.861,0.0
2025-10-09 12:00:00,0.0,3.796,7.0,0.0,0.0,50.229,5.057,6.093,3.881,0.0
2025-10-09 13:00:00,0.0,3.751,7.0,0.0,0.0,50.229,3.774,5.68,3.898,0.0
2025-10-09 14:00:00,12.466,2.466,7.0,12.466,12.466,62.695,3.337,4.825,3.862,0.0
2025-10-09 15:00:00,0.0,2.454,7.0,12.466,12.466,62.695,2.89,3.973,3.824,0.0
2025-10-09 16:00:00,0.0,2.435,7.0,12.466,12.466,62.695,2.451,3.113,3.784,0.0
2025-10-09 17:00:00,0.0,2.568,7.0,0.0,12.466,62.695,2.486,2.911,3.754,0.0
2025-10-09 18:00:00,0.0,3.642,7.0,0.0,12.466,62.695,2.882,2.886,3.8,0.0
2025-10-09 19:00:00,0.0,3.815,7.0,0.0,12.466,62.695,3.342,2.897,3.855,0.0
2025-10-09 20:00:00,0.0,3.809,7.0,0.0,0.0,62.695,3.755,3.12,3.905,0.0
2025-10-09 21:00:00,0.0,3.772,7.0,0.0,0.0,62.695,3.799,3.34,3.959,0.0
2025-10-09 22:00:00,31.947,3.691,7.0,31.947,31.947,94.642,3.757,3.549,4.007,0.0
2025-10-09 23:00:00,0.0,3.667,7.0,31.947,31.947,94.642,3.71,3.733,4.055,0.0
2025-10-10 00:00:00,0.0,2.473,7.0,31.947,31.947,94.642,3.277,3.538,4.057,0.0
2025-10-10 01:00:00,0.0,2.531,7.0,0.0,31.947,57.441,2.89,3.324,4.059,0.0
2025-10-10 02:00:00,0.0,5.695,7.0,0.0,31.947,57.441,3.566,3.638,4.191,0.0
2025-10-10 03:00:00,0.0,5.643,7.0,0.0,31.947,57.441,4.623,3.95,4.323,0.0
2025-10-10 04:00:00,0.0,5.752,7.0,0.0,0.0,44.413,5.696,4.293,4.463,0.0
2025-10-10 05:00:00,0.0,5.779,7.0,0.0,0.0,44.413,5.724,4.645,4.444,0.0
2025-10-10 06:00:00,0.0,5.683,7.0,0.0,0.0,44.413,5.738,5.18,4.424,0.0
2025-10-10 07:00:00,0.0,5.7,7.0,0.0,0.0,44.413,5.721,5.709,4.402,0.0
2025-10-10 08:00:00,0.0,2.425,7.0,0.0,0.0,44.413,4.603,5.164,4.187,0.0
2025-10-10 09:00:00,0.0,2.479,7.0,0.0,0.0,44.413,3.535,4.636,3.975,0.0
2025-10-10 10:00:00,15.307,2.526,7.0,15.307,15.307,59.719,2.476,4.099,3.764,0.0
2025-10-10 11:00:00,0.0,2.518,7.0,15.307,15.307,59.719,2.508,3.555,3.711,0.0
2025-10-10 12:00:00,0.0,2.475,7.0,15.307,15.307,59.719,2.506,3.02,3.656,0.0
2025-10-10 13:00:00,0.0,2.486,7.0,0.0,15.307,59.719,2.493,2.485,3.603,0.0
2025-10-10 14:00:00,0.0,4.008,7.0,0.0,15.307,47.253,2.99,2.749,3.668,0.0
2025-10-10 15:00:00,0.0,4.017,7.0,0.0,15.307,47.253,3.504,3.005,3.733,0.0
2025-10-10 16:00:00,0.0,4.052,7.0,0.0,0.0,47.253,4.026,3.259,3.8,0.0
2025-10-10 17:00:00,0.0,3.932,7.0,0.0,0.0,47.253,4.0,3.495,3.857,0.0
2025-10-10 18:00:00,0.0,4.027,7.0,0.0,0.0,47.253,4.004,3.754,3.873,0.0
2025-10-10 19:00:00,0.0,4.048,7.0,0.0,0.0,47.253,4.002,4.014,3.883,0.0
2025-10-10 20:00:00,0.0,2.471,7.0,0.0,0.0,47.253,3.516,3.758,3.827,0.0
2025-10-10 21:00:00,0.0,2.476,7.0,0.0,0.0,47.253,2.999,3.501,3.773,0.0
2025-10-10 22:00:00,0.0,2.477,7.0,0.0,0.0,15.307,2.475,3.239,3.723,0.0
2025-10-10 23:00:00,0.0,2.476,7.0,0.0,0.0,15.307,2.477,2.996,3.673,0.0
2025-10-11 00:00:00,0.0,2.5,7.0,0.0,0.0,15.307,2.485,2.742,3.674,0.0
2025-10-11 01:00:00,0.0,2.506,7.0,0.0,0.0,15.307,2.494,2.485,3.673,0.0
2025-10-11 02:00:00,0.0,2.395,7.0,0.0,0.0,15.307,2.467,2.472,3.535,0.0
2025-10-11 03:00:00,0.0,2.533,7.0,0.0,0.0,15.307,2.478,2.481,3.406,0.0
2025-10-11 04:00:00,50.198,2.486,7.0,50.198,50.198,65.505,2.471,2.483,3.27,0.0
2025-10-11 05:00:00,0.0,2.597,7.0,50.198,50.198,65.505,2.538,2.503,3.137,0.0
2025-10-11 06:00:00,0.0,2.44,7.0,50.198,50.198,65.505,2.508,2.493,3.002,0.0
2025-10-11 07:00:00,0.0,2.457,7.0,0.0,50.198,65.505,2.498,2.484,2.867,0.0
2025-10-11 08:00:00,0.0,7.51,7.0,0.0,50.198,65.505,4.136,3.337,3.079,0.51
2025-10-11 09:00:00,0.0,7.54,7.0,0.0,50.198,65.505,5.836,4.172,3.29,0.54
2025-10-11 10:00:00,0.0,7.422,7.0,0.0,0.0,50.198,7.491,4.994,3.494,0.422
2025-10-11 11:00:00,0.0,7.478,7.0,0.0,0.0,50.198,7.48,5.808,3.7,0.478
2025-10-11 12:00:00,0.0,7.549,7.0,0.0,0.0,50.198,7.483,6.659,3.912,0.549
2025-10-11 13:00:00,0.0,7.472,7.0,0.0,0.0,50.198,7.5,7.495,4.12,0.472
2025-10-11 14:00:00,0.0,2.569,7.0,0.0,0.0,50.198,5.863,6.672,4.06,0.0
2025-10-11 15:00:00,0.0,2.477,7.0,0.0,0.0,50.198,4.173,5.828,3.996,0.0
2025-10-11 16:00:00,0.0,2.455,7.0,0.0,0.0,50.198,2.5,5.0,3.929,0.0
2025-10-11 17:00:00,0.0,2.531,7.0,0.0,0.0,50.198,2.488,4.176,3.871,0.0
2025-10-11 18:00:00,0.0,2.58,7.0,0.0,0.0,50.198,2.522,3.347,3.81,0.0
2025-10-11 19:00:00,0.0,2.521,7.0,0.0,0.0,50.198,2.544,2.522,3.747,0.0
2025-10-11 20:00:00,0.0,2.563,7.0,0.0,0.0,50.198,2.555,2.521,3.75,0.0
2025-10-11 21:00:00,0.0,2.584,7.0,0.0,0.0,50.198,2.556,2.539,3.755,0.0
2025-10-11 22:00:00,0.0,2.454,7.0,0.0,0.0,50.198,2.534,2.539,3.754,0.0
2025-10-11 23:00:00,0.0,2.547,7.0,0.0,0.0,50.198,2.528,2.541,3.757,0.0
2025-10-12 00:00:00,0.0,2.424,7.0,0.0,0.0,50.198,2.475,2.515,3.754,0.0
2025-10-12 01:00:00,0.0,2.521,7.0,0.0,0.0,50.198,2.497,2.515,3.754,0.0
2025-10-12 02:00:00,0.0,2.496,7.0,0.0,0.0,50.198,2.481,2.504,3.759,0.0
2025-10-12 03:00:00,0.0,2.562,7.0,0.0,0.0,50.198,2.527,2.501,3.76,0.0
2025-10-12 04:00:00,0.0,2.559,7.0,0.0,0.0,0.0,2.539,2.518,3.763,0.0
2025-10-12 05:00:00,0.0,2.528,7.0,0.0,0.0,0.0,2.55,2.515,3.76,0.0
2025-10-12 06:00:00,4.623,2.515,7.0,4.623,4.623,4.623,2.534,2.53,3.763,0.0
2025-10-12 07:00:00,16.011,2.525,7.0,20.634,20.634,20.634,2.523,2.531,3.766,0.0
2025-10-12 08:00:00,0.0,2.503,7.0,20.634,20.634,20.634,2.514,2.532,3.557,0.0
2025-10-12 09:00:00,0.0,2.497,7.0,16.011,20.634,20.634,2.508,2.521,3.347,0.0
2025-10-12 10:00:00,0.0,3.034,7.0,0.0,20.634,20.634,2.678,2.601,3.164,0.0
2025-10-12 11:00:00,0.0,4.642,7.0,0.0,20.634,20.634,3.391,2.953,3.046,0.0
2025-10-12 12:00:00,0.0,4.556,7.0,0.0,16.011,20.634,4.077,3.293,2.922,0.0
2025-10-12 13:00:00,0.0,4.575,7.0,0.0,0.0,20.634,4.591,3.635,2.801,0.0
2025-10-12 14:00:00,0.0,4.567,7.0,0.0,0.0,20.634,4.566,3.979,2.884,0.0
2025-10-12 15:00:00,0.0,4.483,7.0,0.0,0.0,20.634,4.542,4.31,2.968,0.0
2025-10-12 16:00:00,0.0,4.084,7.0,0.0,0.0,20.634,4.378,4.485,3.036,0.0
2025-10-12 17:00:00,0.0,2.58,7.0,0.0,0.0,20.634,3.716,4.141,3.038,0.0
2025-10-12 18:00:00,0.0,2.463,7.0,0.0,0.0,20.634,3.042,3.792,3.033,0.0
2025-10-12 19:00:00,0.0,2.606,7.0,0.0,0.0,20.634,2.549,3.464,3.036,0.0
2025-10-12 20:00:00,0.0,2.559,7.0,0.0,0.0,20.634,2.542,3.129,3.036,0.0
2025-10-12 21:00:00,0.0,2.52,7.0,0.0,0.0,20.634,2.561,2.802,3.033,0.0
2025-10-12 22:00:00,0.0,2.528,7.0,0.0,0.0,20.634,2.536,2.542,3.036,0.0
2025-10-12 23:00:00,4.501,2.454,7.0,4.501,4.501,25.135,2.501,2.522,3.033,0.0
2025-10-13 00:00:00,0.0,2.487,7.0,4.501,4.501,25.135,2.49,2.526,3.035,0.0
2025-10-13 01:00:00,0.0,2.572,7.0,4.501,4.501,25.135,2.504,2.52,3.037,0.0
2025-10-13 02:00:00,0.0,2.469,7.0,0.0,4.501,25.135,2.509,2.505,3.036,0.0
2025-10-13 03:00:00,0.0,3.003,7.0,0.0,4.501,25.135,2.682,2.586,3.055,0.0
2025-10-13 04:00:00,0.0,2.881,7.0,0.0,4.501,25.135,2.785,2.644,3.068,0.0
2025-10-13 05:00:00,0.0,2.89,7.0,0.0,0.0,25.135,2.925,2.717,3.083,0.0
2025-10-13 06:00:00,0.0,3.045,7.0,0.0,0.0,20.512,2.939,2.81,3.105,0.0
2025-10-13 07:00:00,0.0,2.95,7.0,0.0,0.0,4.501,2.962,2.873,3.123,0.0
2025-10-13 08:00:00,0.0,2.923,7.0,0.0,0.0,4.501,2.973,2.949,3.14,0.0
2025-10-13 09:00:00,0.0,2.568,7.0,0.0,0.0,4.501,2.814,2.876,3.143,0.0
2025-10-13 10:00:00,0.0,2.562,7.0,0.0,0.0,4.501,2.685,2.823,3.124,0.0
2025-10-13 11:00:00,0.0,2.546,7.0,0.0,0.0,4.501,2.559,2.766,3.036,0.0
2025-10-13 12:00:00,0.0,2.472,7.0,0.0,0.0,4.501,2.527,2.67,2.949,0.0
2025-10-13 13:00:00,0.0,2.486,7.0,0.0,0.0,4.501,2.501,2.593,2.862,0.0
2025-10-13 14:00:00,0.0,2.516,7.0,0.0,0.0,4.501,2.491,2.525,2.777,0.0
2025-10-13 15:00:00,0.0,2.535,7.0,0.0,0.0,4.501,2.512,2.519,2.696,0.0
2025-10-13 16:00:00,0.0,2.475,7.0,0.0,0.0,4.501,2.508,2.505,2.629,0.0
2025-10-13 17:00:00,0.0,2.509,7.0,0.0,0.0,4.501,2.506,2.498,2.626,0.0
2025-10-13 18:00:00,0.0,2.513,7.0,0.0,0.0,4.501,2.499,2.505,2.628,0.0
2025-10-13 19:00:00,0.0,2.564,7.0,0.0,0.0,4.501,2.529,2.519,2.626,0.0
2025-10-13 20:00:00,0.0,2.538,7.0,0.0,0.0,4.501,2.538,2.522,2.625,0.0
2025-10-13 21:00:00,0.0,2.425,7.0,0.0,0.0,4.501,2.509,2.504,2.621,0.0
2025-10-13 22:00:00,32.747,2.489,7.0,32.747,32.747,37.248,2.484,2.506,2.62,0.0
2025-10-13 23:00:00,0.0,2.454,7.0,32.747,32.747,32.747,2.456,2.497,2.62,0.0
2025-10-14 00:00:00,0.0,2.528,7.0,32.747,32.747,32.747,2.49,2.5,2.621,0.0
2025-10-14 01:00:00,0.0,2.546,7.0,0.0,32.747,32.747,2.509,2.497,2.62,0.0
2025-10-14 02:00:00,0.0,5.78,7.0,0.0,32.747,32.747,3.618,3.037,2.758,0.0
2025-10-14 03:00:00,0.0,5.761,7.0,0.0,32.747,32.747,4.696,3.593,2.873,0.0
2025-10-14 04:00:00,0.0,5.778,7.0,0.0,0.0,32.747,5.773,4.141,2.994,0.0
2025-10-14 05:00:00,2.297,5.785,7.0,2.297,2.297,35.044,5.775,4.696,3.114,0.0
2025-10-14 06:00:00,0.0,5.743,7.0,2.297,2.297,35.044,5.769,5.232,3.227,0.0
2025-10-14 07:00:00,0.0,5.714,7.0,2.297,2.297,35.044,5.747,5.76,3.342,0.0
2025-10-14 08:00:00,0.0,2.397,7.0,0.0,2.297,35.044,4.618,5.196,3.32,0.0
2025-10-14 09:00:00,0.0,2.793,7.0,0.0,2.297,35.044,3.635,4.702,3.329,0.0
2025-10-14 10:00:00,0.0,2.755,7.0,0.0,2.297,35.044,2.648,4.198,3.337,0.0
2025-10-14 11:00:00,0.0,2.748,7.0,0.0,0.0,35.044,2.765,3.692,3.346,0.0
2025-10-14 12:00:00,0.0,2.793,7.0,0.0,0.0,35.044,2.765,3.2,3.359,0.0
2025-10-14 13:00:00,0.0,2.667,7.0,0.0,0.0,35.044,2.736,2.692,3.367,0.0
2025-10-14 14:00:00,0.0,2.643,7.0,0.0,0.0,35.044,2.701,2.733,3.372,0.0
2025-10-14 15:00:00,0.0,2.519,7.0,0.0,0.0,35.044,2.61,2.687,3.372,0.0
2025-10-14 16:00:00,0.0,2.515,7.0,0.0,0.0,35.044,2.559,2.647,3.373,0.0
2025-10-14 17:00:00,0.0,2.413,7.0,0.0,0.0,35.044,2.482,2.592,3.369,0.0
2025-10-14 18:00:00,0.0,2.518,7.0,0.0,0.0,35.044,2.482,2.546,3.369,0.0
2025-10-14 19:00:00,0.0,2.48,7.0,0.0,0.0,35.044,2.47,2.515,3.366,0.0
2025-10-14 20:00:00,0.0,2.46,7.0,0.0,0.0,35.044,2.486,2.484,3.363,0.0
2025-10-14 21:00:00,0.0,2.483,7.0,0.0,0.0,35.044,2.474,2.478,3.365,0.0
2025-10-14 22:00:00,0.0,2.378,7.0,0.0,0.0,2.297,2.44,2.455,3.36,0.0
2025-10-14 23:00:00,0.0,2.47,7.0,0.0,0.0,2.297,2.444,2.465,3.361,0.0
2025-10-15 00:00:00,0.0,2.465,7.0,0.0,0.0,2.297,2.438,2.456,3.358,0.0
2025-10-15 01:00:00,0.0,2.528,7.0,0.0,0.0,2.297,2.488,2.464,3.358,0.0
2025-10-15 02:00:00,0.0,2.492,7.0,0.0,0.0,2.297,2.495,2.469,3.221,0.0
2025-10-15 03:00:00,0.0,2.532,7.0,0.0,0.0,2.297,2.517,2.478,3.086,0.0
2025-10-15 04:00:00,0.0,2.373,7.0,0.0,0.0,2.297,2.466,2.477,2.944,0.0
2025-10-15 05:00:00,0.0,2.458,7.0,0.0,0.0,0.0,2.454,2.475,2.806,0.0
2025-10-15 06:00:00,0.0,2.528,7.0,0.0,0.0,0.0,2.453,2.485,2.672,0.0
2025-10-15 07:00:00,0.0,2.485,7.0,0.0,0.0,0.0,2.49,2.478,2.537,0.0
2025-10-15 08:00:00,0.0,2.542,7.0,0.0,0.0,0.0,2.518,2.486,2.543,0.0
2025-10-15 09:00:00,0.0,2.41,7.0,0.0,0.0,0.0,2.479,2.466,2.527,0.0
2025-10-15 10:00:00,0.0,2.537,7.0,0.0,0.0,0.0,2.496,2.493,2.518,0.0
2025-10-15 11:00:00,0.0,2.468,7.0,0.0,0.0,0.0,2.471,2.495,2.506,0.0
2025-10-15 12:00:00,0.0,2.463,7.0,0.0,0.0,0.0,2.489,2.484,2.493,0.0
2025-10-15 13:00:00,0.0,2.55,7.0,0.0,0.0,0.0,2.494,2.495,2.488,0.0
2025-10-15 14:00:00,0.0,2.558,7.0,0.0,0.0,0.0,2.524,2.498,2.484,0.0
2025-10-15 15:00:00,0.0,2.552,7.0,0.0,0.0,0.0,2.553,2.521,2.486,0.0
2025-10-15 16:00:00,0.0,2.602,7.0,0.0,0.0,0.0,2.571,2.532,2.489,0.0
2025-10-15 17:00:00,0.0,2.563,7.0,0.0,0.0,0.0,2.572,2.548,2.496,0.0
2025-10-15 18:00:00,0.0,2.46,7.0,0.0,0.0,0.0,2.542,2.547,2.493,0.0
2025-10-15 19:00:00,0.0,2.507,7.0,0.0,0.0,0.0,2.51,2.54,2.494,0.0
2025-10-15 20:00:00,0.0,2.482,7.0,0.0,0.0,0.0,2.483,2.528,2.495,0.0
2025-10-15 21:00:00,0.0,2.601,7.0,0.0,0.0,0.0,2.53,2.536,2.5,0.0
2025-10-15 22:00:00,0.0,2.555,7.0,0.0,0.0,0.0,2.546,2.528,2.508,0.0
2025-10-15 23:00:00,23.106,2.491,7.0,23.106,23.106,23.106,2.549,2.516,2.508,0.0
2025-10-16 00:00:00,0.0,2.544,7.0,23.106,23.106,23.106,2.53,2.53,2.512,0.0
2025-10-16 01:00:00,0.0,2.438,7.0,23.106,23.106,23.106,2.491,2.519,2.508,0.0
2025-10-16 02:00:00,0.0,2.513,7.0,0.0,23.106,23.106,2.498,2.524,2.509,0.0
2025-10-16 03:00:00,0.0,4.764,7.0,0.0,23.106,23.106,3.238,2.884,2.602,0.0
2025-10-16 04:00:00,0.0,4.726,7.0,0.0,23.106,23.106,4.001,3.246,2.7,0.0
2025-10-16 05:00:00,0.0,4.85,7.0,0.0,0.0,23.106,4.78,3.639,2.799,0.0
2025-10-16 06:00:00,0.0,4.856,7.0,0.0,0.0,23.106,4.811,4.024,2.896,0.0
2025-10-16 07:00:00,0.0,4.833,7.0,0.0,0.0,23.106,4.846,4.424,2.994,0.0
2025-10-16 08:00:00,0.0,4.801,7.0,0.0,0.0,23.106,4.83,4.805,3.088,0.0
2025-10-16 09:00:00,0.0,2.437,7.0,0.0,0.0,23.106,4.024,4.417,3.09,0.0
2025-10-16 10:00:00,0.0,2.442,7.0,0.0,0.0,23.106,3.227,4.037,3.086,0.0
2025-10-16 11:00:00,0.0,2.452,7.0,0.0,0.0,23.106,2.443,3.637,3.085,0.0
2025-10-16 12:00:00,0.0,2.488,7.0,0.0,0.0,23.106,2.461,3.242,3.086,0.0
2025-10-16 13:00:00,0.0,2.554,7.0,0.0,0.0,23.106,2.498,2.862,3.086,0.0
2025-10-16 14:00:00,0.0,2.553,7.0,0.0,0.0,23.106,2.532,2.488,3.086,0.0
2025-10-16 15:00:00,0.0,2.418,7.0,0.0,0.0,23.106,2.508,2.484,3.08,0.0
2025-10-16 16:00:00,0.0,2.465,7.0,0.0,0.0,23.106,2.479,2.488,3.075,0.0
2025-10-16 17:00:00,0.0,2.464,7.0,0.0,0.0,23.106,2.449,2.49,3.071,0.0
2025-10-16 18:00:00,0.0,2.373,7.0,0.0,0.0,23.106,2.434,2.471,3.067,0.0
2025-10-16 19:00:00,0.0,2.528,7.0,0.0,0.0,23.106,2.455,2.467,3.068,0.0
2025-10-16 20:00:00,0.0,2.488,7.0,0.0,0.0,23.106,2.463,2.456,3.068,0.0
2025-10-16 21:00:00,0.0,2.494,7.0,0.0,0.0,23.106,2.503,2.469,3.064,0.0
2025-10-16 22:00:00,0.0,2.567,7.0,0.0,0.0,23.106,2.516,2.486,3.064,0.0
2025-10-16 23:00:00,0.0,2.504,7.0,0.0,0.0,0.0,2.522,2.493,3.065,0.0
2025-10-17 00:00:00,0.0,2.478,7.0,0.0,0.0,0.0,2.517,2.51,3.062,0.0
2025-10-17 01:00:00,0.0,2.529,7.0,0.0,0.0,0.0,2.504,2.51,3.066,0.0
2025-10-17 02:00:00,0.0,2.553,7.0,0.0,0.0,0.0,2.52,2.521,3.067,0.0
2025-10-17 03:00:00,0.0,2.515,7.0,0.0,0.0,0.0,2.532,2.524,2.974,0.0
2025-10-17 04:00:00,0.0,2.534,7.0,0.0,0.0,0.0,2.534,2.519,2.882,0.0
2025-10-17 05:00:00,0.0,2.493,7.0,0.0,0.0,0.0,2.514,2.517,2.784,0.0
2025-10-17 06:00:00,0.0,2.496,7.0,0.0,0.0,0.0,2.508,2.52,2.686,0.0
2025-10-17 07:00:00,0.0,2.506,7.0,0.0,0.0,0.0,2.498,2.516,2.589,0.0
2025-10-17 08:00:00,0.0,2.462,7.0,0.0,0.0,0.0,2.488,2.501,2.491,0.0
2025-10-17 09:00:00,0.0,2.472,7.0,0.0,0.0,0.0,2.48,2.494,2.493,0.0
2025-10-17 10:00:00,0.0,2.569,7.0,0.0,0.0,0.0,2.501,2.5,2.498,0.0
2025-10-17 11:00:00,0.0,2.6,7.0,0.0,0.0,0.0,2.547,2.517,2.504,0.0
2025-10-17 12:00:00,0.0,2.58,7.0,0.0,0.0,0.0,2.583,2.531,2.508,0.0
2025-10-17 13:00:00,0.0,2.434,7.0,0.0,0.0,0.0,2.538,2.519,2.503,0.0
2025-10-17 14:00:00,0.0,2.429,7.0,0.0,0.0,0.0,2.481,2.514,2.498,0.0
2025-10-17 15:00:00,0.0,2.44,7.0,0.0,0.0,0.0,2.434,2.509,2.499,0.0
2025-10-17 16:00:00,0.0,2.507,7.0,0.0,0.0,0.0,2.459,2.498,2.501,0.0
2025-10-17 17:00:00,0.0,2.36,7.0,0.0,0.0,0.0,2.436,2.458,2.496,0.0
2025-10-17 18:00:00,0.0,2.471,7.0,0.0,0.0,0.0,2.446,2.44,2.5,0.0
2025-10-17 19:00:00,0.0,2.57,7.0,0.0,0.0,0.0,2.467,2.463,2.502,0.0
2025-10-17 20:00:00,0.0,2.549,7.0,0.0,0.0,0.0,2.53,2.483,2.505,0.0
2025-10-17 21:00:00,0.0,2.475,7.0,0.0,0.0,0.0,2.531,2.488,2.504,0.0
2025-10-17 22:00:00,0.0,2.478,7.0,0.0,0.0,0.0,2.501,2.484,2.5,0.0
2025-10-17 23:00:00,26.805,2.528,7.0,26.805,26.805,26.805,2.494,2.512,2.501,0.0
2025-10-18 00:00:00,0.0,2.547,7.0,26.805,26.805,26.805,2.518,2.525,2.504,0.0
2025-10-18 01:00:00,0.0,2.473,7.0,26.805,26.805,26.805,2.516,2.508,2.502,0.0
2025-10-18 02:00:00,29.178,2.488,7.0,29.178,55.983,55.983,2.503,2.498,2.499,0.0
2025-10-18 03:00:00,0.0,5.152,7.0,29.178,55.983,55.983,3.371,2.945,2.609,0.0
2025-10-18 04:00:00,0.0,5.114,7.0,29.178,55.983,55.983,4.251,3.384,2.716,0.0
2025-10-18 05:00:00,0.0,5.169,7.0,0.0,29.178,55.983,5.145,3.824,2.828,0.0
2025-10-18 06:00:00,0.0,8.083,7.0,0.0,29.178,55.983,6.122,4.747,3.061,1.083
2025-10-18 07:00:00,0.0,8.035,7.0,0.0,29.178,55.983,7.096,5.674,3.291,1.035
2025-10-18 08:00:00,0.0,8.131,7.0,0.0,0.0,55.983,8.083,6.614,3.527,1.131
2025-10-18 09:00:00,0.0,5.442,7.0,0.0,0.0,55.983,7.203,6.662,3.651,0.0
2025-10-18 10:00:00,0.0,5.453,7.0,0.0,0.0,55.983,6.342,6.719,3.771,0.0
2025-10-18 11:00:00,0.0,5.379,7.0,0.0,0.0,55.983,5.425,6.754,3.887,0.0
2025-10-18 12:00:00,0.0,2.401,7.0,0.0,0.0,55.983,4.411,5.807,3.88,0.0
2025-10-18 13:00:00,0.0,2.523,7.0,0.0,0.0,55.983,3.435,4.888,3.883,0.0
2025-10-18 14:00:00,0.0,2.467,7.0,0.0,0.0,55.983,2.464,3.944,3.885,0.0
2025-10-18 15:00:00,0.0,2.455,7.0,0.0,0.0,55.983,2.482,3.446,3.885,0.0
2025-10-18 16:00:00,0.0,2.437,7.0,0.0,0.0,55.983,2.453,2.944,3.883,0.0
2025-10-18 17:00:00,0.0,2.486,7.0,0.0,0.0,55.983,2.46,2.462,3.888,0.0
2025-10-18 18:00:00,0.0,2.579,7.0,0.0,0.0,55.983,2.501,2.491,3.892,0.0
2025-10-18 19:00:00,0.0,2.475,7.0,0.0,0.0,55.983,2.513,2.483,3.888,0.0
2025-10-18 20:00:00,0.0,2.446,7.0,0.0,0.0,55.983,2.5,2.48,3.884,0.0
2025-10-18 21:00:00,0.0,2.533,7.0,0.0,0.0,55.983,2.484,2.493,3.886,0.0
2025-10-18 22:00:00,0.0,2.509,7.0,0.0,0.0,55.983,2.496,2.504,3.888,0.0
2025-10-18 23:00:00,0.0,2.394,7.0,0.0,0.0,29.178,2.478,2.489,3.882,0.0
2025-10-19 00:00:00,0.0,2.533,7.0,0.0,0.0,29.178,2.479,2.481,3.882,0.0
2025-10-19 01:00:00,0.0,2.606,7.0,0.0,0.0,29.178,2.511,2.503,3.887,0.0
2025-10-19 02:00:00,0.0,2.37,7.0,0.0,0.0,0.0,2.503,2.491,3.882,0.0
2025-10-19 03:00:00,0.0,2.438,7.0,0.0,0.0,0.0,2.472,2.475,3.769,0.0
2025-10-19 04:00:00,0.0,2.358,7.0,0.0,0.0,0.0,2.389,2.45,3.654,0.0
2025-10-19 05:00:00,0.0,2.496,7.0,0.0,0.0,0.0,2.431,2.467,3.543,0.0
2025-10-19 06:00:00,0.0,2.55,7.0,0.0,0.0,0.0,2.468,2.47,3.312,0.0
2025-10-19 07:00:00,0.0,2.505,7.0,0.0,0.0,0.0,2.517,2.453,3.082,0.0
2025-10-19 08:00:00,0.0,2.57,7.0,0.0,0.0,0.0,2.541,2.486,2.85,0.0
2025-10-19 09:00:00,0.0,2.542,7.0,0.0,0.0,0.0,2.539,2.503,2.729,0.0
2025-10-19 10:00:00,0.0,2.585,7.0,0.0,0.0,0.0,2.565,2.541,2.61,0.0
2025-10-19 11:00:00,0.0,2.558,7.0,0.0,0.0,0.0,2.562,2.552,2.492,0.0
2025-10-19 12:00:00,0.0,2.48,7.0,0.0,0.0,0.0,2.541,2.54,2.496,0.0
2025-10-19 13:00:00,0.0,2.503,7.0,0.0,0.0,0.0,2.514,2.54,2.495,0.0
2025-10-19 14:00:00,0.0,2.457,7.0,0.0,0.0,0.0,2.48,2.521,2.494,0.0
2025-10-19 15:00:00,0.0,2.488,7.0,0.0,0.0,0.0,2.483,2.512,2.496,0.0
2025-10-19 16:00:00,0.0,2.503,7.0,0.0,0.0,0.0,2.483,2.498,2.498,0.0
2025-10-19 17:00:00,0.0,2.496,7.0,0.0,0.0,0.0,2.496,2.488,2.499,0.0
2025-10-19 18:00:00,0.0,2.567,7.0,0.0,0.0,0.0,2.522,2.502,2.498,0.0
2025-10-19 19:00:00,0.0,2.483,7.0,0.0,0.0,0.0,2.515,2.499,2.499,0.0
2025-10-19 20:00:00,0.0,2.453,7.0,0.0,0.0,0.0,2.501,2.499,2.499,0.0
2025-10-19 21:00:00,0.0,2.457,7.0,0.0,0.0,0.0,2.464,2.493,2.496,0.0
2025-10-19 22:00:00,0.0,2.533,7.0,0.0,0.0,0.0,2.481,2.498,2.497,0.0
2025-10-19 23:00:00,0.0,2.43,7.0,0.0,0.0,0.0,2.473,2.487,2.498,0.0
2025-10-20 00:00:00,0.0,2.49,7.0,0.0,0.0,0.0,2.484,2.474,2.497,0.0
2025-10-20 01:00:00,0.0,2.566,7.0,0.0,0.0,0.0,2.495,2.488,2.495,0.0
2025-10-20 02:00:00,0.0,2.515,7.0,0.0,0.0,0.0,2.524,2.498,2.501,0.0
2025-10-20 03:00:00,0.0,2.496,7.0,0.0,0.0,0.0,2.526,2.505,2.503,0.0
2025-10-20 04:00:00,0.0,2.498,7.0,0.0,0.0,0.0,2.503,2.499,2.509,0.0
2025-10-20 05:00:00,0.0,2.449,7.0,0.0,0.0,0.0,2.481,2.502,2.507,0.0
2025-10-20 06:00:00,0.0,2.457,7.0,0.0,0.0,0.0,2.468,2.497,2.503,0.0
2025-10-20 07:00:00,0.0,2.49,7.0,0.0,0.0,0.0,2.465,2.484,2.503,0.0
2025-10-20 08:00:00,0.0,2.514,7.0,0.0,0.0,0.0,2.487,2.484,2.5,0.0
2025-10-20 09:00:00,0.0,2.547,7.0,0.0,0.0,0.0,2.517,2.493,2.501,0.0
2025-10-20 10:00:00,0.0,2.505,7.0,0.0,0.0,0.0,2.522,2.494,2.497,0.0
2025-10-20 11:00:00,0.0,2.568,7.0,0.0,0.0,0.0,2.54,2.513,2.498,0.0
2025-10-20 12:00:00,0.0,2.58,7.0,0.0,0.0,0.0,2.551,2.534,2.502,0.0
2025-10-20 13:00:00,0.0,2.54,7.0,0.0,0.0,0.0,2.563,2.542,2.503,0.0
2025-10-20 14:00:00,5.829,2.561,7.0,5.829,5.829,5.829,2.56,2.55,2.508,0.0
2025-10-20 15:00:00,0.0,2.45,7.0,5.829,5.829,5.829,2.517,2.534,2.506,0.0
2025-10-20 16:00:00,0.0,2.443,7.0,5.829,5.829,5.829,2.485,2.524,2.504,0.0
2025-10-20 17:00:00,0.0,2.526,7.0,0.0,5.829,5.829,2.473,2.517,2.505,0.0
2025-10-20 18:00:00,0.0,3.016,7.0,0.0,5.829,5.829,2.661,2.589,2.524,0.0
2025-10-20 19:00:00,8.143,3.068,7.0,8.143,13.972,13.972,2.87,2.677,2.548,0.0
2025-10-20 20:00:00,0.0,3.122,7.0,8.143,8.143,13.972,3.069,2.771,2.576,0.0
2025-10-20 21:00:00,0.0,3.154,7.0,8.143,8.143,13.972,3.115,2.888,2.605,0.0
2025-10-20 22:00:00,0.0,3.07,7.0,0.0,8.143,13.972,3.115,2.993,2.627,0.0
2025-10-20 23:00:00,0.0,3.865,7.0,0.0,8.143,13.972,3.363,3.216,2.687,0.0
2025-10-21 00:00:00,0.0,3.33,7.0,0.0,8.143,13.972,3.422,3.268,2.722,0.0
2025-10-21 01:00:00,0.0,3.261,7.0,0.0,0.0,13.972,3.485,3.3,2.751,0.0
2025-10-21 02:00:00,0.0,3.306,7.0,0.0,0.0,13.972,3.299,3.331,2.784,0.0
2025-10-21 03:00:00,0.0,3.314,7.0,0.0,0.0,13.972,3.293,3.358,2.818,0.0
2025-10-21 04:00:00,0.0,3.313,7.0,0.0,0.0,13.972,3.311,3.398,2.852,0.0
2025-10-21 05:00:00,0.0,2.504,7.0,0.0,0.0,13.972,3.044,3.171,2.854,0.0
2025-10-21 06:00:00,0.0,2.458,7.0,0.0,0.0,13.972,2.759,3.026,2.854,0.0
2025-10-21 07:00:00,0.0,2.464,7.0,0.0,0.0,13.972,2.475,2.893,2.853,0.0
2025-10-21 08:00:00,0.0,2.463,7.0,0.0,0.0,13.972,2.462,2.753,2.851,0.0
2025-10-21 09:00:00,0.0,2.419,7.0,0.0,0.0,13.972,2.448,2.603,2.846,0.0
2025-10-21 10:00:00,0.0,2.517,7.0,0.0,0.0,13.972,2.466,2.471,2.846,0.0
2025-10-21 11:00:00,0.0,2.545,7.0,0.0,0.0,13.972,2.494,2.478,2.845,0.0
2025-10-21 12:00:00,0.0,2.54,7.0,0.0,0.0,13.972,2.534,2.491,2.844,0.0
2025-10-21 13:00:00,0.0,2.487,7.0,0.0,0.0,13.972,2.524,2.495,2.841,0.0
2025-10-21 14:00:00,0.0,2.459,7.0,0.0,0.0,8.143,2.495,2.494,2.837,0.0
2025-10-21 15:00:00,0.0,2.537,7.0,0.0,0.0,8.143,2.495,2.514,2.841,0.0
2025-10-21 16:00:00,0.0,2.532,7.0,0.0,0.0,8.143,2.51,2.517,2.845,0.0
2025-10-21 17:00:00,0.0,2.511,7.0,0.0,0.0,8.143,2.527,2.511,2.844,0.0
2025-10-21 18:00:00,0.0,2.587,7.0,0.0,0.0,8.143,2.543,2.519,2.826,0.0
2025-10-21 19:00:00,0.0,2.499,7.0,0.0,0.0,0.0,2.532,2.521,2.802,0.0
2025-10-21 20:00:00,0.0,2.487,7.0,0.0,0.0,0.0,2.524,2.526,2.776,0.0
2025-10-21 21:00:00,0.0,2.48,7.0,0.0,0.0,0.0,2.489,2.516,2.748,0.0
2025-10-21 22:00:00,0.0,2.422,7.0,0.0,0.0,0.0,2.463,2.498,2.721,0.0
2025-10-21 23:00:00,0.0,2.533,7.0,0.0,0.0,0.0,2.478,2.501,2.665,0.0
2025-10-22 00:00:00,0.0,2.495,7.0,0.0,0.0,0.0,2.483,2.486,2.63,0.0
2025-10-22 01:00:00,0.0,2.525,7.0,0.0,0.0,0.0,2.518,2.49,2.6,0.0
2025-10-22 02:00:00,0.0,2.592,7.0,0.0,0.0,0.0,2.537,2.508,2.57,0.0
2025-10-22 03:00:00,0.0,2.48,7.0,0.0,0.0,0.0,2.533,2.508,2.535,0.0
2025-10-22 04:00:00,0.0,2.383,7.0,0.0,0.0,0.0,2.485,2.501,2.497,0.0
2025-10-22 05:00:00,0.0,2.524,7.0,0.0,0.0,0.0,2.463,2.5,2.497,0.0
2025-10-22 06:00:00,0.0,2.508,7.0,0.0,0.0,0.0,2.472,2.502,2.5,0.0
2025-10-22 07:00:00,0.0,2.463,7.0,0.0,0.0,0.0,2.499,2.492,2.5,0.0
2025-10-22 08:00:00,0.0,2.52,7.0,0.0,0.0,0.0,2.497,2.48,2.502,0.0
2025-10-22 09:00:00,0.0,2.539,7.0,0.0,0.0,0.0,2.508,2.49,2.507,0.0
2025-10-22 10:00:00,0.0,2.453,7.0,0.0,0.0,0.0,2.504,2.501,2.504,0.0
2025-10-22 11:00:00,0.0,2.485,7.0,0.0,0.0,0.0,2.492,2.495,2.502,0.0
2025-10-22 12:00:00,0.0,2.574,7.0,0.0,0.0,0.0,2.504,2.506,2.503,0.0
2025-10-22 13:00:00,0.0,2.464,7.0,0.0,0.0,0.0,2.508,2.506,2.502,0.0
2025-10-22 14:00:00,0.0,2.503,7.0,0.0,0.0,0.0,2.514,2.503,2.504,0.0
2025-10-22 15:00:00,0.0,2.369,7.0,0.0,0.0,0.0,2.445,2.475,2.497,0.0
2025-10-22 16:00:00,0.0,2.426,7.0,0.0,0.0,0.0,2.433,2.47,2.493,0.0
2025-10-22 17:00:00,0.0,2.508,7.0,0.0,0.0,0.0,2.434,2.474,2.493,0.0
2025-10-22 18:00:00,0.0,2.561,7.0,0.0,0.0,0.0,2.498,2.472,2.491,0.0
2025-10-22 19:00:00,0.0,2.432,7.0,0.0,0.0,0.0,2.5,2.467,2.489,0.0
2025-10-22 20:00:00,0.0,2.504,7.0,0.0,0.0,0.0,2.499,2.467,2.489,0.0
2025-10-22 21:00:00,0.0,2.481,7.0,0.0,0.0,0.0,2.472,2.485,2.489,0.0
2025-10-22 22:00:00,0.0,2.548,7.0,0.0,0.0,0.0,2.511,2.506,2.495,0.0
2025-10-22 23:00:00,0.0,2.439,7.0,0.0,0.0,0.0,2.489,2.494,2.491,0.0
2025-10-23 00:00:00,0.0,2.522,7.0,0.0,0.0,0.0,2.503,2.488,2.492,0.0
2025-10-23 01:00:00,0.0,2.467,7.0,0.0,0.0,0.0,2.476,2.493,2.489,0.0
2025-10-23 02:00:00,0.0,2.511,7.0,0.0,0.0,0.0,2.5,2.495,2.486,0.0
2025-10-23 03:00:00,0.0,2.503,7.0,0.0,0.0,0.0,2.494,2.498,2.487,0.0
2025-10-23 04:00:00,0.0,2.487,7.0,0.0,0.0,0.0,2.501,2.488,2.491,0.0
2025-10-23 05:00:00,0.0,2.524,7.0,0.0,0.0,0.0,2.505,2.502,2.491,0.0
2025-10-23 06:00:00,0.0,2.502,7.0,0.0,0.0,0.0,2.504,2.499,2.491,0.0
2025-10-23 07:00:00,0.0,2.493,7.0,0.0,0.0,0.0,2.506,2.504,2.492,0.0
2025-10-23 08:00:00,0.0,2.482,7.0,0.0,0.0,0.0,2.493,2.499,2.491,0.0
2025-10-23 09:00:00,0.0,2.504,7.0,0.0,0.0,0.0,2.493,2.499,2.489,0.0
2025-10-23 10:00:00,0.0,2.511,7.0,0.0,0.0,0.0,2.499,2.503,2.492,0.0
2025-10-23 11:00:00,0.0,2.451,7.0,0.0,0.0,0.0,2.489,2.491,2.49,0.0
2025-10-23 12:00:00,0.0,2.483,7.0,0.0,0.0,0.0,2.481,2.487,2.486,0.0
2025-10-23 13:00:00,0.0,2.447,7.0,0.0,0.0,0.0,2.46,2.48,2.486,0.0
2025-10-23 14:00:00,0.0,2.498,7.0,0.0,0.0,0.0,2.476,2.482,2.486,0.0
2025-10-23 15:00:00,0.0,2.47,7.0,0.0,0.0,0.0,2.472,2.477,2.49,0.0
2025-10-23 16:00:00,0.0,2.539,7.0,0.0,0.0,0.0,2.502,2.481,2.494,0.0
2025-10-23 17:00:00,0.0,2.534,7.0,0.0,0.0,0.0,2.514,2.495,2.496,0.0
2025-10-23 18:00:00,0.0,2.454,7.0,0.0,0.0,0.0,2.509,2.49,2.491,0.0
2025-10-23 19:00:00,0.0,2.5,7.0,0.0,0.0,0.0,2.496,2.499,2.494,0.0
2025-10-23 20:00:00,0.0,2.532,7.0,0.0,0.0,0.0,2.495,2.505,2.495,0.0
2025-10-23 21:00:00,0.0,2.491,7.0,0.0,0.0,0.0,2.508,2.508,2.495,0.0
2025-10-23 22:00:00,17.74,2.464,7.0,17.74,17.74,17.74,2.496,2.496,2.492,0.0
2025-10-23 23:00:00,0.0,2.445,7.0,17.74,17.74,17.74,2.467,2.481,2.492,0.0
2025-10-24 00:00:00,0.0,2.543,7.0,17.74,17.74,17.74,2.484,2.496,2.493,0.0
2025-10-24 01:00:00,0.0,2.545,7.0,0.0,17.74,17.74,2.511,2.503,2.496,0.0
2025-10-24 02:00:00,0.0,4.264,7.0,0.0,17.74,17.74,3.117,2.792,2.569,0.0
2025-10-24 03:00:00,0.0,4.312,7.0,0.0,17.74,17.74,3.707,3.095,2.645,0.0
2025-10-24 04:00:00,0.0,4.126,7.0,0.0,0.0,17.74,4.234,3.372,2.713,0.0
2025-10-24 05:00:00,0.0,4.34,7.0,0.0,0.0,17.74,4.259,3.688,2.789,0.0
2025-10-24 06:00:00,0.0,4.266,7.0,0.0,0.0,17.74,4.244,3.976,2.862,0.0
2025-10-24 07:00:00,0.0,4.281,7.0,0.0,0.0,17.74,4.296,4.265,2.937,0.0
2025-10-24 08:00:00,0.0,2.484,7.0,0.0,0.0,17.74,3.677,3.968,2.937,0.0
2025-10-24 09:00:00,0.0,2.57,7.0,0.0,0.0,17.74,3.112,3.678,2.94,0.0
2025-10-24 10:00:00,0.0,2.447,7.0,0.0,0.0,17.74,2.5,3.398,2.937,0.0
2025-10-24 11:00:00,0.0,2.574,7.0,0.0,0.0,17.74,2.53,3.104,2.942,0.0
2025-10-24 12:00:00,0.0,2.52,7.0,0.0,0.0,17.74,2.513,2.813,2.944,0.0
2025-10-24 13:00:00,0.0,2.531,7.0,0.0,0.0,17.74,2.542,2.521,2.947,0.0
2025-10-24 14:00:00,0.0,2.484,7.0,0.0,0.0,17.74,2.511,2.521,2.946,0.0
2025-10-24 15:00:00,0.0,2.435,7.0,0.0,0.0,17.74,2.483,2.498,2.945,0.0
2025-10-24 16:00:00,0.0,2.547,7.0,0.0,0.0,17.74,2.488,2.515,2.945,0.0
2025-10-24 17:00:00,0.0,2.516,7.0,0.0,0.0,17.74,2.499,2.505,2.945,0.0
2025-10-24 18:00:00,0.0,2.568,7.0,0.0,0.0,17.74,2.543,2.513,2.949,0.0
2025-10-24 19:00:00,0.0,2.49,7.0,0.0,0.0,17.74,2.525,2.506,2.949,0.0
2025-10-24 20:00:00,0.0,2.479,7.0,0.0,0.0,17.74,2.512,2.506,2.947,0.0
2025-10-24 21:00:00,0.0,2.569,7.0,0.0,0.0,17.74,2.513,2.528,2.95,0.0
2025-10-24 22:00:00,0.0,2.596,7.0,0.0,0.0,0.0,2.548,2.536,2.955,0.0
2025-10-24 23:00:00,0.0,2.5,7.0,0.0,0.0,0.0,2.555,2.534,2.958,0.0
2025-10-25 00:00:00,0.0,2.462,7.0,0.0,0.0,0.0,2.519,2.516,2.954,0.0
2025-10-25 01:00:00,0.0,2.541,7.0,0.0,0.0,0.0,2.501,2.525,2.954,0.0
2025-10-25 02:00:00,0.0,2.487,7.0,0.0,0.0,0.0,2.497,2.526,2.88,0.0
2025-10-25 03:00:00,0.0,2.53,7.0,0.0,0.0,0.0,2.519,2.519,2.806,0.0
2025-10-25 04:00:00,0.0,2.487,7.0,0.0,0.0,0.0,2.501,2.501,2.738,0.0
2025-10-25 05:00:00,0.0,2.578,7.0,0.0,0.0,0.0,2.532,2.514,2.664,0.0
2025-10-25 06:00:00,0.0,2.465,7.0,0.0,0.0,0.0,2.51,2.515,2.589,0.0
2025-10-25 07:00:00,0.0,2.524,7.0,0.0,0.0,0.0,2.522,2.512,2.516,0.0
2025-10-25 08:00:00,0.0,2.476,7.0,0.0,0.0,0.0,2.488,2.51,2.516,0.0
2025-10-25 09:00:00,0.0,2.486,7.0,0.0,0.0,0.0,2.495,2.503,2.512,0.0
2025-10-25 10:00:00,0.0,2.479,7.0,0.0,0.0,0.0,2.48,2.501,2.513,0.0
2025-10-25 11:00:00,0.0,2.537,7.0,0.0,0.0,0.0,2.501,2.494,2.512,0.0
2025-10-25 12:00:00,0.0,2.546,7.0,0.0,0.0,0.0,2.521,2.508,2.513,0.0
2025-10-25 13:00:00,0.0,2.528,7.0,0.0,0.0,0.0,2.537,2.509,2.513,0.0
2025-10-25 14:00:00,0.0,2.495,7.0,0.0,0.0,0.0,2.523,2.512,2.513,0.0
2025-10-25 15:00:00,0.0,2.507,7.0,0.0,0.0,0.0,2.51,2.515,2.516,0.0
2025-10-25 16:00:00,0.0,2.545,7.0,0.0,0.0,0.0,2.515,2.526,2.516,0.0
2025-10-25 17:00:00,0.0,2.546,7.0,0.0,0.0,0.0,2.533,2.528,2.518,0.0
2025-10-25 18:00:00,0.0,2.365,7.0,0.0,0.0,0.0,2.486,2.498,2.509,0.0
2025-10-25 19:00:00,0.0,2.486,7.0,0.0,0.0,0.0,2.466,2.491,2.509,0.0
2025-10-25 20:00:00,0.0,2.489,7.0,0.0,0.0,0.0,2.447,2.49,2.509,0.0
2025-10-25 21:00:00,0.0,2.533,7.0,0.0,0.0,0.0,2.503,2.494,2.508,0.0
2025-10-25 22:00:00,0.0,2.497,7.0,0.0,0.0,0.0,2.506,2.486,2.504,0.0
2025-10-25 23:00:00,0.0,2.536,7.0,0.0,0.0,0.0,2.522,2.484,2.505,0.0
2025-10-26 00:00:00,31.184,2.446,7.0,31.184,31.184,31.184,2.493,2.498,2.505,0.0
2025-10-26 01:00:00,0.0,2.513,7.0,31.184,31.184,31.184,2.498,2.502,2.503,0.0
2025-10-26 02:00:00,0.0,2.545,7.0,31.184,31.184,31.184,2.501,2.512,2.506,0.0
2025-10-26 03:00:00,0.0,2.426,7.0,0.0,31.184,31.184,2.495,2.494,2.501,0.0
2025-10-26 04:00:00,0.0,5.744,7.0,0.0,31.184,31.184,3.572,3.035,2.637,0.0
2025-10-26 05:00:00,0.0,5.678,7.0,0.0,31.184,31.184,4.616,3.559,2.766,0.0
2025-10-26 06:00:00,0.0,5.619,7.0,0.0,0.0,31.184,5.68,4.087,2.898,0.0
2025-10-26 07:00:00,0.0,5.577,7.0,0.0,0.0,31.184,5.624,4.598,3.025,0.0
2025-10-26 08:00:00,0.0,5.61,7.0,0.0,0.0,31.184,5.602,5.109,3.156,0.0
2025-10-26 09:00:00,0.0,5.623,7.0,0.0,0.0,31.184,5.603,5.642,3.286,0.0
2025-10-26 10:00:00,0.0,2.522,7.0,0.0,0.0,31.184,4.585,5.105,3.288,0.0
2025-10-26 11:00:00,0.0,2.575,7.0,0.0,0.0,31.184,3.573,4.587,3.29,0.0
2025-10-26 12:00:00,0.0,2.476,7.0,0.0,0.0,31.184,2.524,4.064,3.287,0.0
2025-10-26 13:00:00,0.0,2.528,7.0,0.0,0.0,31.184,2.526,3.556,3.287,0.0
2025-10-26 14:00:00,0.0,2.435,7.0,0.0,0.0,31.184,2.48,3.027,3.284,0.0
2025-10-26 15:00:00,0.0,2.479,7.0,0.0,0.0,31.184,2.481,2.503,3.283,0.0
2025-10-26 16:00:00,0.0,2.519,7.0,0.0,0.0,31.184,2.478,2.502,3.282,0.0
2025-10-26 17:00:00,0.0,2.535,7.0,0.0,0.0,31.184,2.511,2.495,3.282,0.0
2025-10-26 18:00:00,0.0,2.462,7.0,0.0,0.0,31.184,2.505,2.493,3.286,0.0
2025-10-26 19:00:00,0.0,2.478,7.0,0.0,0.0,31.184,2.492,2.485,3.285,0.0
2025-10-26 20:00:00,0.0,2.573,7.0,0.0,0.0,31.184,2.504,2.508,3.289,0.0
2025-10-26 21:00:00,0.0,2.558,7.0,0.0,0.0,31.184,2.536,2.521,3.29,0.0
2025-10-26 22:00:00,0.0,2.51,7.0,0.0,0.0,31.184,2.547,2.519,3.29,0.0
2025-10-26 23:00:00,0.0,2.388,7.0,0.0,0.0,31.184,2.486,2.495,3.284,0.0
2025-10-27 00:00:00,9.27,2.626,7.0,9.27,9.27,9.27,2.508,2.522,3.292,0.0
2025-10-27 01:00:00,0.0,2.499,7.0,9.27,9.27,9.27,2.504,2.526,3.291,0.0
2025-10-27 02:00:00,0.0,2.484,7.0,9.27,9.27,9.27,2.536,2.511,3.289,0.0
2025-10-27 03:00:00,0.0,2.474,7.0,0.0,9.27,9.27,2.486,2.497,3.291,0.0
2025-10-27 04:00:00,0.0,3.446,7.0,0.0,9.27,9.27,2.801,2.653,3.195,0.0
2025-10-27 05:00:00,0.0,3.446,7.0,0.0,9.27,9.27,3.122,2.829,3.102,0.0
2025-10-27 06:00:00,0.0,3.475,7.0,0.0,0.0,9.27,3.456,2.971,3.012,0.0
2025-10-27 07:00:00,0.0,3.381,7.0,0.0,0.0,9.27,3.434,3.118,2.921,0.0
2025-10-27 08:00:00,0.0,3.411,7.0,0.0,0.0,9.27,3.422,3.272,2.829,0.0
2025-10-27 09:00:00,0.0,3.529,7.0,0.0,0.0,9.27,3.44,3.448,2.742,0.0
2025-10-27 10:00:00,0.0,2.511,7.0,0.0,0.0,9.27,3.15,3.292,2.742,0.0
2025-10-27 11:00:00,0.0,2.491,7.0,0.0,0.0,9.27,2.844,3.133,2.738,0.0
2025-10-27 12:00:00,0.0,2.453,7.0,0.0,0.0,9.27,2.485,2.963,2.737,0.0
2025-10-27 13:00:00,0.0,2.525,7.0,0.0,0.0,9.27,2.49,2.82,2.737,0.0
2025-10-27 14:00:00,0.0,2.552,7.0,0.0,0.0,9.27,2.51,2.677,2.742,0.0
2025-10-27 15:00:00,0.0,2.544,7.0,0.0,0.0,9.27,2.54,2.513,2.745,0.0
2025-10-27 16:00:00,0.0,2.487,7.0,0.0,0.0,9.27,2.527,2.509,2.743,0.0
2025-10-27 17:00:00,0.0,2.518,7.0,0.0,0.0,9.27,2.516,2.513,2.743,0.0
2025-10-27 18:00:00,0.0,2.584,7.0,0.0,0.0,9.27,2.53,2.535,2.748,0.0
2025-10-27 19:00:00,0.0,2.554,7.0,0.0,0.0,9.27,2.552,2.54,2.751,0.0
2025-10-27 20:00:00,0.0,2.461,7.0,0.0,0.0,9.27,2.533,2.524,2.746,0.0
2025-10-27 21:00:00,0.0,2.373,7.0,0.0,0.0,9.27,2.462,2.496,2.738,0.0
2025-10-27 22:00:00,0.0,2.515,7.0,0.0,0.0,9.27,2.449,2.501,2.739,0.0
2025-10-27 23:00:00,0.0,2.54,7.0,0.0,0.0,9.27,2.476,2.504,2.745,0.0
2025-10-28 00:00:00,0.0,2.446,7.0,0.0,0.0,0.0,2.5,2.481,2.737,0.0
2025-10-28 01:00:00,0.0,2.5,7.0,0.0,0.0,0.0,2.495,2.472,2.737,0.0
2025-10-28 02:00:00,0.0,2.487,7.0,0.0,0.0,0.0,2.477,2.477,2.737,0.0
2025-10-28 03:00:00,0.0,2.505,7.0,0.0,0.0,0.0,2.497,2.499,2.739,0.0
2025-10-28 04:00:00,0.0,2.473,7.0,0.0,0.0,0.0,2.488,2.492,2.698,0.0
2025-10-28 05:00:00,0.0,2.565,7.0,0.0,0.0,0.0,2.514,2.496,2.662,0.0
2025-10-28 06:00:00,0.0,2.507,7.0,0.0,0.0,0.0,2.515,2.506,2.621,0.0
2025-10-28 07:00:00,0.0,2.456,7.0,0.0,0.0,0.0,2.509,2.499,2.583,0.0
2025-10-28 08:00:00,0.0,2.546,7.0,0.0,0.0,0.0,2.503,2.509,2.547,0.0
2025-10-28 09:00:00,0.0,2.437,7.0,0.0,0.0,0.0,2.48,2.497,2.501,0.0
2025-10-28 10:00:00,0.0,2.564,7.0,0.0,0.0,0.0,2.516,2.512,2.503,0.0
2025-10-28 11:00:00,0.0,2.55,7.0,0.0,0.0,0.0,2.517,2.51,2.506,0.0
2025-10-28 12:00:00,0.0,2.569,7.0,0.0,0.0,0.0,2.561,2.52,2.511,0.0
2025-10-28 13:00:00,0.0,2.492,7.0,0.0,0.0,0.0,2.537,2.526,2.509,0.0
2025-10-28 14:00:00,0.0,2.475,7.0,0.0,0.0,0.0,2.512,2.515,2.506,0.0
2025-10-28 15:00:00,0.0,2.504,7.0,0.0,0.0,0.0,2.49,2.526,2.504,0.0
2025-10-28 16:00:00,0.0,2.496,7.0,0.0,0.0,0.0,2.492,2.514,2.505,0.0
2025-10-28 17:00:00,0.0,2.467,7.0,0.0,0.0,0.0,2.489,2.501,2.503,0.0
2025-10-28 18:00:00,0.0,2.472,7.0,0.0,0.0,0.0,2.478,2.484,2.498,0.0
2025-10-28 19:00:00,0.0,2.482,7.0,0.0,0.0,0.0,2.474,2.483,2.495,0.0
2025-10-28 20:00:00,0.0,2.441,7.0,0.0,0.0,0.0,2.465,2.477,2.494,0.0
2025-10-28 21:00:00,0.0,2.534,7.0,0.0,0.0,0.0,2.486,2.482,2.501,0.0
2025-10-28 22:00:00,0.0,2.497,7.0,0.0,0.0,0.0,2.491,2.482,2.5,0.0
2025-10-28 23:00:00,0.0,2.485,7.0,0.0,0.0,0.0,2.505,2.485,2.498,0.0
2025-10-29 00:00:00,0.0,2.444,7.0,0.0,0.0,0.0,2.475,2.481,2.498,0.0
2025-10-29 01:00:00,8.051,2.442,7.0,8.051,8.051,8.051,2.457,2.474,2.495,0.0
2025-10-29 02:00:00,0.0,2.597,7.0,8.051,8.051,8.051,2.494,2.5,2.5,0.0
2025-10-29 03:00:00,0.0,2.469,7.0,8.051,8.051,8.051,2.502,2.489,2.499,0.0
2025-10-29 04:00:00,0.0,2.531,7.0,0.0,8.051,8.051,2.532,2.495,2.501,0.0
2025-10-29 05:00:00,0.0,3.313,7.0,0.0,8.051,8.051,2.771,2.633,2.532,0.0
2025-10-29 06:00:00,0.0,3.166,7.0,0.0,8.051,8.051,3.003,2.753,2.56,0.0
2025-10-29 07:00:00,0.0,3.395,7.0,0.0,0.0,8.051,3.291,2.912,2.599,0.0
2025-10-29 08:00:00,0.0,3.339,7.0,0.0,0.0,8.051,3.3,3.035,2.632,0.0
2025-10-29 09:00:00,0.0,3.267,7.0,0.0,0.0,8.051,3.334,3.168,2.666,0.0
2025-10-29 10:00:00,0.0,3.304,7.0,0.0,0.0,8.051,3.303,3.297,2.697,0.0
2025-10-29 11:00:00,0.0,2.443,7.0,0.0,0.0,8.051,3.004,3.152,2.693,0.0
2025-10-29 12:00:00,0.0,2.591,7.0,0.0,0.0,8.051,2.779,3.056,2.694,0.0
2025-10-29 13:00:00,0.0,2.455,7.0,0.0,0.0,8.051,2.496,2.9,2.692,0.0
2025-10-29 14:00:00,0.0,2.474,7.0,0.0,0.0,8.051,2.507,2.755,2.692,0.0
2025-10-29 15:00:00,0.0,2.464,7.0,0.0,0.0,8.051,2.464,2.622,2.69,0.0
2025-10-29 16:00:00,0.0,2.504,7.0,0.0,0.0,8.051,2.48,2.488,2.691,0.0
2025-10-29 17:00:00,0.0,2.569,7.0,0.0,0.0,8.051,2.512,2.509,2.695,0.0
2025-10-29 18:00:00,0.0,2.589,7.0,0.0,0.0,8.051,2.554,2.509,2.7,0.0
2025-10-29 19:00:00,0.0,2.48,7.0,0.0,0.0,8.051,2.546,2.513,2.7,0.0
2025-10-29 20:00:00,0.0,2.519,7.0,0.0,0.0,8.051,2.529,2.521,2.703,0.0
2025-10-29 21:00:00,0.0,2.504,7.0,0.0,0.0,8.051,2.501,2.528,2.702,0.0
2025-10-29 22:00:00,0.0,2.451,7.0,0.0,0.0,8.051,2.491,2.519,2.7,0.0
2025-10-29 23:00:00,0.0,2.621,7.0,0.0,0.0,8.051,2.525,2.527,2.705,0.0
2025-10-30 00:00:00,0.0,2.568,7.0,0.0,0.0,8.051,2.547,2.524,2.711,0.0
2025-10-30 01:00:00,0.0,2.509,7.0,0.0,0.0,0.0,2.566,2.529,2.713,0.0
2025-10-30 02:00:00,0.0,2.579,7.0,0.0,0.0,0.0,2.552,2.539,2.713,0.0
2025-10-30 03:00:00,0.0,2.561,7.0,0.0,0.0,0.0,2.55,2.548,2.716,0.0
2025-10-30 04:00:00,0.0,2.504,7.0,0.0,0.0,0.0,2.548,2.557,2.715,0.0
2025-10-30 05:00:00,0.0,2.516,7.0,0.0,0.0,0.0,2.527,2.54,2.682,0.0
2025-10-30 06:00:00,0.0,2.576,7.0,0.0,0.0,0.0,2.532,2.541,2.658,0.0
2025-10-30 07:00:00,0.0,2.453,7.0,0.0,0.0,0.0,2.515,2.531,2.618,0.0
2025-10-30 08:00:00,0.0,2.584,7.0,0.0,0.0,0.0,2.537,2.532,2.587,0.0
2025-10-30 09:00:00,0.0,2.489,7.0,0.0,0.0,0.0,2.508,2.52,2.554,0.0
2025-10-30 10:00:00,0.0,2.576,7.0,0.0,0.0,0.0,2.55,2.532,2.524,0.0
2025-10-30 11:00:00,0.0,2.5,7.0,0.0,0.0,0.0,2.522,2.529,2.526,0.0
2025-10-30 12:00:00,0.0,2.517,7.0,0.0,0.0,0.0,2.531,2.52,2.523,0.0
2025-10-30 13:00:00,0.0,2.498,7.0,0.0,0.0,0.0,2.505,2.527,2.525,0.0
2025-10-30 14:00:00,0.0,2.473,7.0,0.0,0.0,0.0,2.496,2.509,2.525,0.0
2025-10-30 15:00:00,0.0,2.486,7.0,0.0,0.0,0.0,2.486,2.509,2.526,0.0
2025-10-30 16:00:00,0.0,2.569,7.0,0.0,0.0,0.0,2.51,2.507,2.529,0.0
2025-10-30 17:00:00,0.0,2.384,7.0,0.0,0.0,0.0,2.48,2.488,2.521,0.0
2025-10-30 18:00:00,0.0,2.438,7.0,0.0,0.0,0.0,2.464,2.475,2.515,0.0
2025-10-30 19:00:00,0.0,2.464,7.0,0.0,0.0,0.0,2.429,2.469,2.514,0.0
2025-10-30 20:00:00,0.0,2.446,7.0,0.0,0.0,0.0,2.449,2.465,2.511,0.0
2025-10-30 21:00:00,0.0,2.575,7.0,0.0,0.0,0.0,2.495,2.479,2.514,0.0
2025-10-30 22:00:00,0.0,2.563,7.0,0.0,0.0,0.0,2.528,2.478,2.519,0.0
2025-10-30 23:00:00,4.719,2.53,7.0,4.719,4.719,4.719,2.556,2.503,2.515,0.0
2025-10-31 00:00:00,0.0,2.468,7.0,4.719,4.719,4.719,2.52,2.508,2.511,0.0
2025-10-31 01:00:00,0.0,2.567,7.0,4.719,4.719,4.719,2.521,2.525,2.513,0.0
2025-10-31 02:00:00,0.0,2.421,7.0,0.0,4.719,4.719,2.485,2.521,2.507,0.0
2025-10-31 03:00:00,0.0,3.079,7.0,0.0,4.719,4.719,2.689,2.604,2.528,0.0
2025-10-31 04:00:00,0.0,2.938,7.0,0.0,4.719,4.719,2.812,2.667,2.546,0.0
2025-10-31 05:00:00,0.0,2.959,7.0,0.0,0.0,4.719,2.992,2.738,2.565,0.0
2025-10-31 06:00:00,0.0,2.95,7.0,0.0,0.0,4.719,2.949,2.819,2.58,0.0
2025-10-31 07:00:00,0.0,2.918,7.0,0.0,0.0,4.719,2.943,2.877,2.6,0.0
2025-10-31 08:00:00,0.0,3.068,7.0,0.0,0.0,4.719,2.979,2.985,2.62,0.0
2025-10-31 09:00:00,0.0,2.539,7.0,0.0,0.0,4.719,2.842,2.895,2.622,0.0
2025-10-31 10:00:00,0.0,2.561,7.0,0.0,0.0,4.719,2.723,2.833,2.621,0.0
2025-10-31 11:00:00,0.0,2.439,7.0,0.0,0.0,4.719,2.513,2.746,2.619,0.0
2025-10-31 12:00:00,0.0,2.509,7.0,0.0,0.0,4.719,2.503,2.672,2.618,0.0
2025-10-31 13:00:00,0.0,2.526,7.0,0.0,0.0,4.719,2.491,2.607,2.62,0.0
2025-10-31 14:00:00,0.0,2.514,7.0,0.0,0.0,4.719,2.516,2.515,2.621,0.0
2025-10-31 15:00:00,0.0,2.442,7.0,0.0,0.0,4.719,2.494,2.498,2.619,0.0
2025-10-31 16:00:00,0.0,2.554,7.0,0.0,0.0,4.719,2.503,2.497,2.619,0.0
2025-10-31 17:00:00,0.0,2.506,7.0,0.0,0.0,4.719,2.501,2.508,2.624,0.0
2025-10-31 18:00:00,0.0,2.452,7.0,0.0,0.0,4.719,2.504,2.499,2.624,0.0
2025-10-31 19:00:00,0.0,2.407,7.0,0.0,0.0,4.719,2.455,2.479,2.622,0.0
2025-10-31 20:00:00,0.0,2.53,7.0,0.0,0.0,4.719,2.463,2.482,2.626,0.0
2025-10-31 21:00:00,0.0,2.623,7.0,0.0,0.0,4.719,2.52,2.512,2.628,0.0
2025-10-31 22:00:00,0.0,2.449,7.0,0.0,0.0,4.719,2.534,2.495,2.623,0.0
2025-10-31 23:00:00,28.694,2.509,7.0,28.694,28.694,28.694,2.527,2.495,2.622,0.0
2025-11-01 00:00:00,0.0,2.556,7.0,28.694,28.694,28.694,2.504,2.512,2.626,0.0
2025-11-01 01:00:00,0.0,2.437,7.0,28.694,28.694,28.694,2.5,2.517,2.62,0.0
2025-11-01 02:00:00,0.0,2.476,7.0,0.0,28.694,28.694,2.489,2.508,2.623,0.0
2025-11-01 03:00:00,0.0,5.326,7.0,0.0,28.694,28.694,3.413,2.959,2.716,0.0
2025-11-01 04:00:00,0.0,5.419,7.0,0.0,28.694,28.694,4.407,3.454,2.82,0.0
2025-11-01 05:00:00,0.0,5.436,7.0,0.0,0.0,28.694,5.394,3.941,2.923,0.0
2025-11-01 06:00:00,0.0,5.377,7.0,0.0,0.0,28.694,5.411,4.412,3.024,0.0
2025-11-01 07:00:00,0.0,5.327,7.0,0.0,0.0,28.694,5.38,4.894,3.124,0.0
2025-11-01 08:00:00,0.0,5.347,7.0,0.0,0.0,28.694,5.351,5.372,3.219,0.0
2025-11-01 09:00:00,0.0,2.468,7.0,0.0,0.0,28.694,4.381,4.896,3.216,0.0
2025-11-01 10:00:00,0.0,2.451,7.0,0.0,0.0,28.694,3.422,4.401,3.212,0.0
2025-11-01 11:00:00,0.0,2.495,7.0,0.0,0.0,28.694,2.472,3.911,3.214,0.0
2025-11-01 12:00:00,0.0,2.529,7.0,0.0,0.0,28.694,2.492,3.436,3.215,0.0
2025-11-01 13:00:00,0.0,2.525,7.0,0.0,0.0,28.694,2.516,2.969,3.215,0.0
2025-11-01 14:00:00,6.233,2.5,7.0,6.233,6.233,34.927,2.518,2.495,3.214,0.0
2025-11-01 15:00:00,0.0,2.503,7.0,6.233,6.233,34.927,2.509,2.5,3.217,0.0
2025-11-01 16:00:00,0.0,2.496,7.0,6.233,6.233,34.927,2.499,2.508,3.214,0.0
2025-11-01 17:00:00,0.0,2.435,7.0,0.0,6.233,34.927,2.478,2.498,3.211,0.0
2025-11-01 18:00:00,0.0,3.131,7.0,0.0,6.233,34.927,2.687,2.598,3.24,0.0
2025-11-01 19:00:00,3.873,3.094,7.0,3.873,10.106,38.8,2.887,2.693,3.268,0.0
2025-11-01 20:00:00,0.0,3.056,7.0,3.873,3.873,38.8,3.094,2.786,3.29,0.0
2025-11-01 21:00:00,0.0,3.142,7.0,3.873,3.873,38.8,3.097,2.892,3.312,0.0
2025-11-01 22:00:00,0.0,3.093,7.0,0.0,3.873,38.8,3.097,2.992,3.339,0.0
2025-11-01 23:00:00,0.0,3.522,7.0,0.0,3.873,10.106,3.252,3.173,3.381,0.0
2025-11-02 00:00:00,0.0,2.93,7.0,0.0,3.873,10.106,3.181,3.139,3.396,0.0
2025-11-02 01:00:00,0.0,2.84,7.0,0.0,0.0,10.106,3.097,3.097,3.413,0.0
2025-11-02 02:00:00,0.0,2.892,7.0,0.0,0.0,10.106,2.887,3.07,3.431,0.0
2025-11-02 03:00:00,0.0,2.797,7.0,0.0,0.0,10.106,2.843,3.012,3.325,0.0
2025-11-02 04:00:00,0.0,2.964,7.0,0.0,0.0,10.106,2.884,2.991,3.223,0.0
2025-11-02 05:00:00,0.0,2.432,7.0,0.0,0.0,10.106,2.731,2.809,3.098,0.0
2025-11-02 06:00:00,0.0,2.474,7.0,0.0,0.0,10.106,2.623,2.733,2.977,0.0
2025-11-02 07:00:00,0.0,2.567,7.0,0.0,0.0,10.106,2.491,2.688,2.862,0.0
2025-11-02 08:00:00,0.0,2.488,7.0,0.0,0.0,10.106,2.51,2.62,2.743,0.0
2025-11-02 09:00:00,0.0,2.44,7.0,0.0,0.0,10.106,2.498,2.561,2.741,0.0
2025-11-02 10:00:00,0.0,2.536,7.0,0.0,0.0,10.106,2.488,2.49,2.745,0.0
2025-11-02 11:00:00,0.0,2.535,7.0,0.0,0.0,10.106,2.503,2.507,2.747,0.0
2025-11-02 12:00:00,0.0,2.468,7.0,0.0,0.0,10.106,2.513,2.506,2.744,0.0
2025-11-02 13:00:00,0.0,2.474,7.0,0.0,0.0,10.106,2.492,2.49,2.742,0.0
2025-11-02 14:00:00,0.0,2.478,7.0,0.0,0.0,3.873,2.473,2.488,2.741,0.0
2025-11-02 15:00:00,0.0,2.49,7.0,0.0,0.0,3.873,2.481,2.497,2.741,0.0
2025-11-02 16:00:00,0.0,2.405,7.0,0.0,0.0,3.873,2.458,2.475,2.737,0.0
2025-11-02 17:00:00,0.0,2.491,7.0,0.0,0.0,3.873,2.462,2.468,2.739,0.0
2025-11-02 18:00:00,0.0,2.589,7.0,0.0,0.0,3.873,2.495,2.488,2.716,0.0
2025-11-02 19:00:00,0.0,2.455,7.0,0.0,0.0,0.0,2.512,2.485,2.69,0.0
2025-11-02 20:00:00,0.0,2.471,7.0,0.0,0.0,0.0,2.505,2.484,2.666,0.0
2025-11-02 21:00:00,0.0,2.441,7.0,0.0,0.0,0.0,2.456,2.475,2.636,0.0
2025-11-02 22:00:00,0.0,2.531,7.0,0.0,0.0,0.0,2.481,2.496,2.613,0.0
2025-11-02 23:00:00,0.0,2.56,7.0,0.0,0.0,0.0,2.511,2.508,2.573,0.0
2025-11-03 00:00:00,0.0,2.559,7.0,0.0,0.0,0.0,2.55,2.503,2.557,0.0
2025-11-03 01:00:00,0.0,2.438,7.0,0.0,0.0,0.0,2.519,2.5,2.541,0.0
2025-11-03 02:00:00,0.0,2.525,7.0,0.0,0.0,0.0,2.507,2.509,2.525,0.0
2025-11-03 03:00:00,0.0,2.572,7.0,0.0,0.0,0.0,2.511,2.531,2.516,0.0
2025-11-03 04:00:00,0.0,2.525,7.0,0.0,0.0,0.0,2.541,2.53,2.498,0.0
2025-11-03 05:00:00,0.0,2.524,7.0,0.0,0.0,0.0,2.54,2.524,2.501,0.0
2025-11-03 06:00:00,0.0,2.476,7.0,0.0,0.0,0.0,2.509,2.51,2.502,0.0
2025-11-03 07:00:00,0.0,2.511,7.0,0.0,0.0,0.0,2.504,2.522,2.499,0.0
2025-11-03 08:00:00,0.0,2.562,7.0,0.0,0.0,0.0,2.516,2.528,2.502,0.0
2025-11-03 09:00:00,0.0,2.516,7.0,0.0,0.0,0.0,2.53,2.519,2.505,0.0
2025-11-03 10:00:00,0.0,2.438,7.0,0.0,0.0,0.0,2.505,2.505,2.501,0.0
2025-11-03 11:00:00,0.0,2.477,7.0,0.0,0.0,0.0,2.477,2.497,2.499,0.0
2025-11-03 12:00:00,55.31,2.56,7.0,55.31,55.31,55.31,2.492,2.511,2.503,0.0
2025-11-03 13:00:00,0.0,2.516,7.0,55.31,55.31,55.31,2.518,2.512,2.505,0.0
2025-11-03 14:00:00,0.0,2.506,7.0,55.31,55.31,55.31,2.528,2.502,2.506,0.0
2025-11-03 15:00:00,0.0,2.472,7.0,0.0,55.31,55.31,2.498,2.495,2.505,0.0
2025-11-03 16:00:00,0.0,8.09,7.0,0.0,55.31,55.31,4.356,3.437,2.742,1.09
2025-11-03 17:00:00,0.0,8.114,7.0,0.0,55.31,55.31,6.226,4.377,2.976,1.114
2025-11-03 18:00:00,0.0,8.094,7.0,0.0,0.0,55.31,8.1,5.299,3.206,1.094
2025-11-03 19:00:00,0.0,8.103,7.0,0.0,0.0,55.31,8.104,6.23,3.441,1.103
2025-11-03 20:00:00,0.0,8.013,7.0,0.0,0.0,55.31,8.07,7.148,3.672,1.013
2025-11-03 21:00:00,0.0,8.006,7.0,0.0,0.0,55.31,8.041,8.07,3.904,1.006
2025-11-03 22:00:00,0.0,2.492,7.0,0.0,0.0,55.31,6.17,7.137,3.902,0.0
2025-11-03 23:00:00,0.0,2.502,7.0,0.0,0.0,55.31,4.333,6.202,3.9,0.0
2025-11-04 00:00:00,0.0,2.572,7.0,0.0,0.0,55.31,2.522,5.281,3.9,0.0
2025-11-04 01:00:00,0.0,2.558,7.0,0.0,0.0,55.31,2.544,4.357,3.905,0.0
2025-11-04 02:00:00,0.0,2.527,7.0,0.0,0.0,55.31,2.552,3.443,3.905,0.0
2025-11-04 03:00:00,0.0,2.428,7.0,0.0,0.0,55.31,2.505,2.513,3.899,0.0
2025-11-04 04:00:00,0.0,2.416,7.0,0.0,0.0,55.31,2.457,2.5,3.895,0.0
2025-11-04 05:00:00,0.0,2.512,7.0,0.0,0.0,55.31,2.452,2.502,3.894,0.0
2025-11-04 06:00:00,0.0,2.544,7.0,0.0,0.0,55.31,2.491,2.498,3.897,0.0
2025-11-04 07:00:00,0.0,2.496,7.0,0.0,0.0,55.31,2.517,2.487,3.896,0.0
2025-11-04 08:00:00,0.0,2.596,7.0,0.0,0.0,55.31,2.545,2.499,3.898,0.0
2025-11-04 09:00:00,0.0,2.446,7.0,0.0,0.0,55.31,2.513,2.502,3.895,0.0
2025-11-04 10:00:00,0.0,2.44,7.0,0.0,0.0,55.31,2.494,2.506,3.895,0.0
2025-11-04 11:00:00,0.0,2.467,7.0,0.0,0.0,55.31,2.451,2.498,3.895,0.0
2025-11-04 12:00:00,0.0,2.465,7.0,0.0,0.0,0.0,2.457,2.485,3.891,0.0
2025-11-04 13:00:00,0.0,2.526,7.0,0.0,0.0,0.0,2.486,2.49,3.891,0.0
2025-11-04 14:00:00,44.907,2.479,7.0,44.907,44.907,44.907,2.49,2.47,3.89,0.0
2025-11-04 15:00:00,0.0,2.423,7.0,44.907,44.907,44.907,2.476,2.467,3.888,0.0
2025-11-04 16:00:00,0.0,2.545,7.0,44.907,44.907,44.907,2.482,2.484,3.657,0.0
2025-11-04 17:00:00,0.0,2.412,7.0,0.0,44.907,44.907,2.46,2.475,3.419,0.0
2025-11-04 18:00:00,0.0,6.937,7.0,0.0,44.907,44.907,3.965,3.22,3.371,0.0
2025-11-04 19:00:00,23.89,6.91,7.0,23.89,68.796,68.796,5.42,3.951,3.321,0.0
2025-11-04 20:00:00,0.0,7.001,7.0,23.89,23.89,68.796,6.949,4.704,3.279,0.001
2025-11-04 21:00:00,0.0,7.0,7.0,23.89,23.89,68.796,6.97,5.467,3.237,0.0
2025-11-04 22:00:00,0.0,7.086,7.0,0.0,23.89,68.796,7.029,6.224,3.429,0.086
2025-11-04 23:00:00,0.0,9.425,7.0,0.0,23.89,68.796,7.837,7.393,3.717,2.425
2025-11-05 00:00:00,0.0,4.961,7.0,0.0,23.89,68.796,7.158,7.064,3.817,0.0
2025-11-05 01:00:00,0.0,4.903,7.0,0.0,0.0,68.796,6.43,6.73,3.914,0.0
2025-11-05 02:00:00,0.0,4.84,7.0,0.0,0.0,68.796,4.902,6.369,4.011,0.0
2025-11-05 03:00:00,0.0,4.895,7.0,0.0,0.0,68.796,4.88,6.019,4.114,0.0
2025-11-05 04:00:00,0.0,4.919,7.0,0.0,0.0,68.796,4.885,5.657,4.218,0.0
2025-11-05 05:00:00,0.0,2.535,7.0,0.0,0.0,68.796,4.116,4.509,4.219,0.0
2025-11-05 06:00:00,0.0,2.476,7.0,0.0,0.0,68.796,3.31,4.095,4.216,0.0
2025-11-05 07:00:00,0.0,2.524,7.0,0.0,0.0,68.796,2.512,3.698,4.217,0.0
2025-11-05 08:00:00,0.0,2.453,7.0,0.0,0.0,68.796,2.485,3.301,4.211,0.0
2025-11-05 09:00:00,0.0,2.448,7.0,0.0,0.0,68.796,2.475,2.893,4.211,0.0
2025-11-05 10:00:00,0.0,2.444,7.0,0.0,0.0,68.796,2.448,2.48,4.211,0.0
2025-11-05 11:00:00,0.0,2.501,7.0,0.0,0.0,68.796,2.464,2.475,4.213,0.0
2025-11-05 12:00:00,0.0,2.441,7.0,0.0,0.0,68.796,2.462,2.469,4.212,0.0
2025-11-05 13:00:00,0.0,2.479,7.0,0.0,0.0,68.796,2.474,2.461,4.21,0.0
2025-11-05 14:00:00,0.0,2.545,7.0,0.0,0.0,23.89,2.488,2.476,4.213,0.0
2025-11-05 15:00:00,88.083,2.449,7.0,88.083,88.083,111.972,2.491,2.477,4.214,0.0
2025-11-05 16:00:00,0.0,2.475,7.0,88.083,88.083,111.972,2.489,2.482,4.211,0.0
2025-11-05 17:00:00,0.0,2.504,7.0,88.083,88.083,111.972,2.476,2.482,4.215,0.0
2025-11-05 18:00:00,0.0,2.512,7.0,0.0,88.083,111.972,2.497,2.494,4.03,0.0
2025-11-05 19:00:00,0.0,11.283,7.0,0.0,88.083,88.083,5.433,3.961,4.213,4.283
2025-11-05 20:00:00,0.0,11.348,7.0,0.0,88.083,88.083,8.381,5.428,4.394,4.348
2025-11-05 21:00:00,0.0,11.338,7.0,0.0,0.0,88.083,11.323,6.91,4.574,4.338
2025-11-05 22:00:00,0.0,11.365,7.0,0.0,0.0,88.083,11.35,8.392,4.753,4.365
2025-11-05 23:00:00,0.0,11.304,7.0,0.0,0.0,88.083,11.336,9.858,4.831,4.304
2025-11-06 00:00:00,0.0,11.283,7.0,0.0,0.0,88.083,11.317,11.32,5.094,4.283
2025-11-06 01:00:00,0.0,2.466,7.0,0.0,0.0,88.083,8.351,9.851,4.993,0.0
2025-11-06 02:00:00,0.0,2.515,7.0,0.0,0.0,88.083,5.421,8.379,4.896,0.0
2025-11-06 03:00:00,0.0,2.481,7.0,0.0,0.0,88.083,2.487,6.902,4.795,0.0
2025-11-06 04:00:00,0.0,2.472,7.0,0.0,0.0,88.083,2.489,5.42,4.693,0.0
2025-11-06 05:00:00,0.0,2.478,7.0,0.0,0.0,88.083,2.477,3.949,4.691,0.0
2025-11-06 06:00:00,0.0,2.466,7.0,0.0,0.0,88.083,2.472,2.48,4.691,0.0
2025-11-06 07:00:00,0.0,2.51,7.0,0.0,0.0,88.083,2.484,2.487,4.69,0.0
2025-11-06 08:00:00,0.0,2.429,7.0,0.0,0.0,88.083,2.468,2.473,4.689,0.0
2025-11-06 09:00:00,0.0,2.515,7.0,0.0,0.0,88.083,2.485,2.478,4.692,0.0
2025-11-06 10:00:00,0.0,2.534,7.0,0.0,0.0,88.083,2.493,2.489,4.695,0.0
2025-11-06 11:00:00,0.0,2.471,7.0,0.0,0.0,88.083,2.507,2.488,4.694,0.0
2025-11-06 12:00:00,0.0,2.596,7.0,0.0,0.0,88.083,2.534,2.509,4.701,0.0
2025-11-06 13:00:00,0.0,2.501,7.0,0.0,0.0,88.083,2.523,2.508,4.702,0.0
2025-11-06 14:00:00,0.0,2.422,7.0,0.0,0.0,88.083,2.506,2.506,4.696,0.0
2025-11-06 15:00:00,0.0,2.486,7.0,0.0,0.0,0.0,2.47,2.502,4.698,0.0
2025-11-06 16:00:00,0.0,2.503,7.0,0.0,0.0,0.0,2.47,2.496,4.699,0.0
2025-11-06 17:00:00,0.0,2.522,7.0,0.0,0.0,0.0,2.504,2.505,4.7,0.0
2025-11-06 18:00:00,0.0,2.487,7.0,0.0,0.0,0.0,2.504,2.487,4.699,0.0
2025-11-06 19:00:00,0.0,2.449,7.0,0.0,0.0,0.0,2.486,2.478,4.331,0.0
2025-11-06 20:00:00,0.0,2.445,7.0,0.0,0.0,0.0,2.461,2.482,3.96,0.0
2025-11-06 21:00:00,0.0,2.467,7.0,0.0,0.0,0.0,2.454,2.479,3.59,0.0
2025-11-06 22:00:00,0.0,2.472,7.0,0.0,0.0,0.0,2.462,2.474,3.22,0.0
2025-11-06 23:00:00,0.0,2.443,7.0,0.0,0.0,0.0,2.461,2.461,2.851,0.0
2025-11-07 00:00:00,0.0,2.463,7.0,0.0,0.0,0.0,2.46,2.457,2.483,0.0
2025-11-07 01:00:00,0.0,2.533,7.0,0.0,0.0,0.0,2.48,2.471,2.486,0.0
2025-11-07 02:00:00,0.0,2.582,7.0,0.0,0.0,0.0,2.526,2.494,2.489,0.0
2025-11-07 03:00:00,0.0,2.538,7.0,0.0,0.0,0.0,2.551,2.505,2.491,0.0
2025-11-07 04:00:00,0.0,2.565,7.0,0.0,0.0,0.0,2.562,2.521,2.495,0.0
2025-11-07 05:00:00,0.0,2.549,7.0,0.0,0.0,0.0,2.551,2.538,2.498,0.0
2025-11-07 06:00:00,0.0,2.542,7.0,0.0,0.0,0.0,2.552,2.551,2.501,0.0
2025-11-07 07:00:00,0.0,2.483,7.0,0.0,0.0,0.0,2.524,2.543,2.5,0.0
2025-11-07 08:00:00,0.0,2.507,7.0,0.0,0.0,0.0,2.511,2.531,2.503,0.0
2025-11-07 09:00:00,0.0,2.479,7.0,0.0,0.0,0.0,2.49,2.521,2.502,0.0
2025-11-07 10:00:00,0.0,2.489,7.0,0.0,0.0,0.0,2.492,2.508,2.5,0.0
2025-11-07 11:00:00,0.0,2.503,7.0,0.0,0.0,0.0,2.49,2.501,2.501,0.0
2025-11-07 12:00:00,0.0,2.536,7.0,0.0,0.0,0.0,2.509,2.5,2.499,0.0
2025-11-07 13:00:00,0.0,2.521,7.0,0.0,0.0,0.0,2.52,2.506,2.5,0.0
2025-11-07 14:00:00,0.0,2.492,7.0,0.0,0.0,0.0,2.516,2.503,2.502,0.0
2025-11-07 15:00:00,20.743,2.503,7.0,20.743,20.743,20.743,2.505,2.507,2.503,0.0
2025-11-07 16:00:00,0.0,2.522,7.0,20.743,20.743,20.743,2.505,2.513,2.504,0.0
2025-11-07 17:00:00,0.0,2.533,7.0,20.743,20.743,20.743,2.519,2.518,2.504,0.0
2025-11-07 18:00:00,0.0,2.424,7.0,0.0,20.743,20.743,2.493,2.499,2.502,0.0
2025-11-07 19:00:00,0.0,4.52,7.0,0.0,20.743,20.743,3.159,2.832,2.588,0.0
2025-11-07 20:00:00,0.0,4.63,7.0,0.0,20.743,20.743,3.858,3.189,2.679,0.0
2025-11-07 21:00:00,0.0,4.571,7.0,0.0,0.0,20.743,4.574,3.533,2.767,0.0
2025-11-07 22:00:00,0.0,4.553,7.0,0.0,0.0,20.743,4.585,3.872,2.853,0.0
2025-11-07 23:00:00,0.0,4.561,7.0,0.0,0.0,20.743,4.562,4.21,2.942,0.0
2025-11-08 00:00:00,0.0,4.561,7.0,0.0,0.0,20.743,4.558,4.566,3.029,0.0
2025-11-08 01:00:00,0.0,2.528,7.0,0.0,0.0,20.743,3.883,4.234,3.029,0.0
2025-11-08 02:00:00,0.0,2.445,7.0,0.0,0.0,20.743,3.178,3.87,3.023,0.0
2025-11-08 03:00:00,0.0,2.501,7.0,0.0,0.0,20.743,2.491,3.525,3.022,0.0
2025-11-08 04:00:00,0.0,2.512,7.0,0.0,0.0,20.743,2.486,3.185,3.019,0.0
2025-11-08 05:00:00,0.0,2.52,7.0,0.0,0.0,20.743,2.511,2.844,3.018,0.0
2025-11-08 06:00:00,0.0,2.511,7.0,0.0,0.0,20.743,2.514,2.503,3.017,0.0
2025-11-08 07:00:00,0.0,2.526,7.0,0.0,0.0,20.743,2.519,2.502,3.019,0.0
2025-11-08 08:00:00,0.0,2.471,7.0,0.0,0.0,20.743,2.503,2.507,3.017,0.0
2025-11-08 09:00:00,0.0,2.453,7.0,0.0,0.0,20.743,2.483,2.499,3.016,0.0
2025-11-08 10:00:00,0.0,2.623,7.0,0.0,0.0,20.743,2.516,2.517,3.022,0.0
2025-11-08 11:00:00,0.0,2.485,7.0,0.0,0.0,20.743,2.52,2.512,3.021,0.0
2025-11-08 12:00:00,0.0,2.491,7.0,0.0,0.0,20.743,2.533,2.508,3.019,0.0
2025-11-08 13:00:00,0.0,2.534,7.0,0.0,0.0,20.743,2.503,2.509,3.02,0.0
2025-11-08 14:00:00,0.0,2.58,7.0,0.0,0.0,20.743,2.535,2.528,3.023,0.0
2025-11-08 15:00:00,0.0,2.473,7.0,0.0,0.0,0.0,2.529,2.531,3.022,0.0
2025-11-08 16:00:00,0.0,2.45,7.0,0.0,0.0,0.0,2.501,2.502,3.019,0.0
2025-11-08 17:00:00,0.0,2.438,7.0,0.0,0.0,0.0,2.454,2.494,3.015,0.0
2025-11-08 18:00:00,0.0,2.58,7.0,0.0,0.0,0.0,2.489,2.509,3.022,0.0
2025-11-08 19:00:00,0.0,2.448,7.0,0.0,0.0,0.0,2.489,2.495,2.935,0.0
2025-11-08 20:00:00,0.0,2.499,7.0,0.0,0.0,0.0,2.509,2.481,2.846,0.0
2025-11-08 21:00:00,0.0,2.451,7.0,0.0,0.0,0.0,2.466,2.478,2.758,0.0
2025-11-08 22:00:00,0.0,2.428,7.0,0.0,0.0,0.0,2.459,2.474,2.669,0.0
2025-11-08 23:00:00,22.329,2.485,7.0,22.329,22.329,22.329,2.455,2.482,2.583,0.0
2025-11-09 00:00:00,0.0,2.453,7.0,22.329,22.329,22.329,2.455,2.461,2.495,0.0
2025-11-09 01:00:00,0.0,2.465,7.0,22.329,22.329,22.329,2.468,2.464,2.493,0.0
2025-11-09 02:00:00,0.0,2.6,7.0,0.0,22.329,22.329,2.506,2.48,2.499,0.0
2025-11-09 03:00:00,0.0,4.754,7.0,0.0,22.329,22.329,3.273,2.864,2.593,0.0
2025-11-09 04:00:00,0.0,4.78,7.0,0.0,22.329,22.329,4.045,3.256,2.687,0.0
2025-11-09 05:00:00,0.0,4.774,7.0,0.0,0.0,22.329,4.769,3.638,2.781,0.0
2025-11-09 06:00:00,0.0,4.728,7.0,0.0,0.0,22.329,4.761,4.017,2.874,0.0
2025-11-09 07:00:00,0.0,4.711,7.0,0.0,0.0,22.329,4.738,4.391,2.965,0.0
2025-11-09 08:00:00,0.0,4.745,7.0,0.0,0.0,22.329,4.728,4.749,3.059,0.0
2025-11-09 09:00:00,0.0,2.508,7.0,0.0,0.0,22.329,3.988,4.374,3.062,0.0
2025-11-09 10:00:00,0.0,2.472,7.0,0.0,0.0,22.329,3.242,3.99,3.055,0.0
2025-11-09 11:00:00,0.0,2.506,7.0,0.0,0.0,22.329,2.495,3.612,3.056,0.0
2025-11-09 12:00:00,0.0,2.465,7.0,0.0,0.0,22.329,2.481,3.235,3.055,0.0
2025-11-09 13:00:00,0.0,2.491,7.0,0.0,0.0,22.329,2.488,2.865,3.054,0.0
2025-11-09 14:00:00,0.0,2.483,7.0,0.0,0.0,22.329,2.48,2.488,3.049,0.0
2025-11-09 15:00:00,0.0,2.437,7.0,0.0,0.0,22.329,2.47,2.476,3.048,0.0
2025-11-09 16:00:00,0.0,2.382,7.0,0.0,0.0,22.329,2.434,2.461,3.045,0.0
2025-11-09 17:00:00,0.0,2.453,7.0,0.0,0.0,22.329,2.424,2.452,3.046,0.0
2025-11-09 18:00:00,0.0,2.59,7.0,0.0,0.0,22.329,2.475,2.473,3.046,0.0
2025-11-09 19:00:00,0.0,2.485,7.0,0.0,0.0,22.329,2.509,2.472,3.048,0.0
2025-11-09 20:00:00,0.0,2.539,7.0,0.0,0.0,22.329,2.538,2.481,3.049,0.0
2025-11-09 21:00:00,0.0,2.394,7.0,0.0,0.0,22.329,2.472,2.474,3.047,0.0
2025-11-09 22:00:00,0.0,2.45,7.0,0.0,0.0,22.329,2.461,2.485,3.048,0.0
2025-11-09 23:00:00,26.534,2.432,7.0,26.534,26.534,26.534,2.425,2.482,3.046,0.0
2025-11-10 00:00:00,0.0,2.49,7.0,26.534,26.534,26.534,2.457,2.465,3.047,0.0
2025-11-10 01:00:00,0.0,2.621,7.0,26.534,26.534,26.534,2.514,2.488,3.054,0.0
2025-11-10 02:00:00,0.0,2.523,7.0,0.0,26.534,26.534,2.545,2.485,3.051,0.0
2025-11-10 03:00:00,0.0,5.238,7.0,0.0,26.534,26.534,3.461,2.959,3.071,0.0
2025-11-10 04:00:00,0.0,5.141,7.0,0.0,26.534,26.534,4.301,3.408,3.086,0.0
2025-11-10 05:00:00,0.0,5.222,7.0,0.0,0.0,26.534,5.2,3.872,3.104,0.0
2025-11-10 06:00:00,0.0,5.257,7.0,0.0,0.0,26.534,5.207,4.334,3.126,0.0
2025-11-10 07:00:00,0.0,5.148,7.0,0.0,0.0,26.534,5.209,4.755,3.145,0.0
2025-11-10 08:00:00,0.0,5.126,7.0,0.0,0.0,26.534,5.177,5.189,3.161,0.0
2025-11-10 09:00:00,0.0,2.434,7.0,0.0,0.0,26.534,4.236,4.721,3.157,0.0
2025-11-10 10:00:00,0.0,2.485,7.0,0.0,0.0,26.534,3.348,4.279,3.158,0.0
2025-11-10 11:00:00,0.0,2.504,7.0,0.0,0.0,26.534,2.474,3.826,3.158,0.0
2025-11-10 12:00:00,0.0,2.602,7.0,0.0,0.0,26.534,2.53,3.383,3.164,0.0
2025-11-10 13:00:00,0.0,2.435,7.0,0.0,0.0,26.534,2.514,2.931,3.161,0.0
2025-11-10 14:00:00,0.0,2.503,7.0,0.0,0.0,26.534,2.513,2.494,3.162,0.0
2025-11-10 15:00:00,0.0,2.409,7.0,0.0,0.0,26.534,2.449,2.49,3.161,0.0
2025-11-10 16:00:00,0.0,2.479,7.0,0.0,0.0,26.534,2.464,2.489,3.165,0.0
2025-11-10 17:00:00,0.0,2.516,7.0,0.0,0.0,26.534,2.468,2.491,3.168,0.0
2025-11-10 18:00:00,0.0,2.526,7.0,0.0,0.0,26.534,2.507,2.478,3.165,0.0
2025-11-10 19:00:00,0.0,2.529,7.0,0.0,0.0,26.534,2.524,2.494,3.167,0.0
2025-11-10 20:00:00,0.0,2.52,7.0,0.0,0.0,26.534,2.525,2.496,3.166,0.0
2025-11-10 21:00:00,0.0,2.529,7.0,0.0,0.0,26.534,2.526,2.516,3.172,0.0
2025-11-10 22:00:00,0.0,2.502,7.0,0.0,0.0,26.534,2.517,2.52,3.174,0.0
2025-11-10 23:00:00,0.0,2.448,7.0,0.0,0.0,0.0,2.493,2.509,3.174,0.0
2025-11-11 00:00:00,0.0,2.407,7.0,0.0,0.0,0.0,2.452,2.489,3.171,0.0
2025-11-11 01:00:00,0.0,2.473,7.0,0.0,0.0,0.0,2.443,2.48,3.165,0.0
2025-11-11 02:00:00,0.0,2.493,7.0,0.0,0.0,0.0,2.458,2.475,3.164,0.0
2025-11-11 03:00:00,0.0,2.563,7.0,0.0,0.0,0.0,2.51,2.481,3.052,0.0
2025-11-11 04:00:00,0.0,2.495,7.0,0.0,0.0,0.0,2.517,2.48,2.942,0.0
2025-11-11 05:00:00,0.0,2.49,7.0,0.0,0.0,0.0,2.516,2.487,2.828,0.0
2025-11-11 06:00:00,0.0,2.519,7.0,0.0,0.0,0.0,2.501,2.506,2.714,0.0
2025-11-11 07:00:00,8.301,2.486,7.0,8.301,8.301,8.301,2.499,2.508,2.603,0.0
2025-11-11 08:00:00,0.0,2.541,7.0,8.301,8.301,8.301,2.515,2.516,2.495,0.0
2025-11-11 09:00:00,0.0,2.599,7.0,8.301,8.301,8.301,2.542,2.522,2.502,0.0
2025-11-11 10:00:00,0.0,2.61,7.0,0.0,8.301,8.301,2.583,2.541,2.507,0.0
2025-11-11 11:00:00,0.0,3.335,7.0,0.0,8.301,8.301,2.848,2.682,2.542,0.0
2025-11-11 12:00:00,0.0,3.347,7.0,0.0,8.301,8.301,3.097,2.82,2.573,0.0
2025-11-11 13:00:00,0.0,3.409,7.0,0.0,0.0,8.301,3.364,2.973,2.614,0.0
2025-11-11 14:00:00,0.0,3.323,7.0,0.0,0.0,8.301,3.359,3.104,2.648,0.0
2025-11-11 15:00:00,0.0,3.364,7.0,0.0,0.0,8.301,3.365,3.231,2.688,0.0
2025-11-11 16:00:00,0.0,3.273,7.0,0.0,0.0,8.301,3.32,3.342,2.721,0.0
2025-11-11 17:00:00,0.0,2.484,7.0,0.0,0.0,8.301,3.041,3.2,2.719,0.0
2025-11-11 18:00:00,0.0,2.558,7.0,0.0,0.0,8.301,2.772,3.069,2.721,0.0
2025-11-11 19:00:00,0.0,2.464,7.0,0.0,0.0,8.301,2.502,2.911,2.718,0.0
2025-11-11 20:00:00,0.0,2.494,7.0,0.0,0.0,8.301,2.505,2.773,2.717,0.0
2025-11-11 21:00:00,0.0,2.421,7.0,0.0,0.0,8.301,2.46,2.616,2.712,0.0
2025-11-11 22:00:00,0.0,2.6,7.0,0.0,0.0,8.301,2.505,2.504,2.716,0.0
2025-11-11 23:00:00,0.0,2.563,7.0,0.0,0.0,8.301,2.528,2.517,2.721,0.0
2025-11-12 00:00:00,0.0,2.509,7.0,0.0,0.0,8.301,2.558,2.509,2.726,0.0
2025-11-12 01:00:00,0.0,2.525,7.0,0.0,0.0,8.301,2.533,2.519,2.728,0.0
2025-11-12 02:00:00,0.0,2.52,7.0,0.0,0.0,8.301,2.518,2.523,2.729,0.0
2025-11-12 03:00:00,0.0,2.569,7.0,0.0,0.0,8.301,2.538,2.548,2.729,0.0
2025-11-12 04:00:00,0.0,2.474,7.0,0.0,0.0,8.301,2.521,2.527,2.728,0.0
2025-11-12 05:00:00,0.0,2.537,7.0,0.0,0.0,8.301,2.527,2.522,2.73,0.0
2025-11-12 06:00:00,0.0,2.554,7.0,0.0,0.0,8.301,2.522,2.53,2.732,0.0
2025-11-12 07:00:00,0.0,2.561,7.0,0.0,0.0,0.0,2.55,2.536,2.735,0.0
2025-11-12 08:00:00,0.0,2.387,7.0,0.0,0.0,0.0,2.501,2.514,2.728,0.0
2025-11-12 09:00:00,0.0,2.47,7.0,0.0,0.0,0.0,2.473,2.497,2.723,0.0
2025-11-12 10:00:00,0.0,2.449,7.0,0.0,0.0,0.0,2.435,2.493,2.716,0.0
2025-11-12 11:00:00,0.0,2.507,7.0,0.0,0.0,0.0,2.476,2.488,2.682,0.0
2025-11-12 12:00:00,0.0,2.399,7.0,0.0,0.0,0.0,2.452,2.462,2.642,0.0
2025-11-12 13:00:00,0.0,2.398,7.0,0.0,0.0,0.0,2.435,2.435,2.6,0.0
2025-11-12 14:00:00,0.0,2.609,7.0,0.0,0.0,0.0,2.468,2.472,2.57,0.0
2025-11-12 15:00:00,0.0,2.531,7.0,0.0,0.0,0.0,2.512,2.482,2.536,0.0
2025-11-12 16:00:00,0.0,2.506,7.0,0.0,0.0,0.0,2.548,2.492,2.504,0.0
2025-11-12 17:00:00,0.0,2.518,7.0,0.0,0.0,0.0,2.518,2.493,2.505,0.0
2025-11-12 18:00:00,0.0,2.507,7.0,0.0,0.0,0.0,2.511,2.511,2.503,0.0
2025-11-12 19:00:00,0.0,2.55,7.0,0.0,0.0,0.0,2.525,2.537,2.507,0.0
2025-11-12 20:00:00,0.0,2.468,7.0,0.0,0.0,0.0,2.509,2.513,2.506,0.0
2025-11-12 21:00:00,0.0,2.509,7.0,0.0,0.0,0.0,2.509,2.51,2.509,0.0
2025-11-12 22:00:00,0.0,2.511,7.0,0.0,0.0,0.0,2.496,2.511,2.506,0.0
2025-11-12 23:00:00,0.0,2.448,7.0,0.0,0.0,0.0,2.489,2.499,2.501,0.0
2025-11-13 00:00:00,0.0,2.564,7.0,0.0,0.0,0.0,2.508,2.508,2.503,0.0
2025-11-13 01:00:00,0.0,2.478,7.0,0.0,0.0,0.0,2.496,2.496,2.501,0.0
2025-11-13 02:00:00,0.0,2.551,7.0,0.0,0.0,0.0,2.531,2.51,2.502,0.0
2025-11-13 03:00:00,0.0,2.506,7.0,0.0,0.0,0.0,2.511,2.51,2.5,0.0
2025-11-13 04:00:00,0.0,2.582,7.0,0.0,0.0,0.0,2.546,2.521,2.504,0.0
2025-11-13 05:00:00,0.0,2.448,7.0,0.0,0.0,0.0,2.512,2.521,2.5,0.0
2025-11-13 06:00:00,0.0,2.446,7.0,0.0,0.0,0.0,2.492,2.502,2.496,0.0
2025-11-13 07:00:00,0.0,2.455,7.0,0.0,0.0,0.0,2.449,2.498,2.492,0.0
2025-11-13 08:00:00,0.0,2.507,7.0,0.0,0.0,0.0,2.469,2.49,2.496,0.0
2025-11-13 09:00:00,0.0,2.577,7.0,0.0,0.0,0.0,2.513,2.502,2.501,0.0
2025-11-13 10:00:00,0.0,2.58,7.0,0.0,0.0,0.0,2.554,2.502,2.506,0.0
2025-11-13 11:00:00,81.51,2.385,7.0,81.51,81.51,81.51,2.514,2.491,2.501,0.0
2025-11-13 12:00:00,0.0,2.512,7.0,81.51,81.51,81.51,2.492,2.503,2.506,0.0
2025-11-13 13:00:00,0.0,2.339,7.0,81.51,81.51,81.51,2.412,2.483,2.504,0.0
2025-11-13 14:00:00,8.595,2.54,7.0,8.595,90.105,90.105,2.464,2.489,2.501,0.0
2025-11-13 15:00:00,0.0,10.707,7.0,8.595,90.105,90.105,5.195,3.844,2.841,3.707
2025-11-13 16:00:00,0.0,10.649,7.0,8.595,90.105,90.105,7.965,5.189,3.181,3.649
2025-11-13 17:00:00,0.0,10.655,7.0,0.0,8.595,90.105,10.67,6.567,3.52,3.655
2025-11-13 18:00:00,0.0,11.514,7.0,0.0,8.595,90.105,10.939,8.067,3.895,4.514
2025-11-13 19:00:00,0.0,11.471,7.0,0.0,8.595,90.105,11.214,9.589,4.267,4.471
2025-11-13 20:00:00,0.0,11.532,7.0,0.0,0.0,90.105,11.506,11.088,4.644,4.532
2025-11-13 21:00:00,0.0,3.348,7.0,0.0,0.0,90.105,8.784,9.862,4.679,0.0
2025-11-13 22:00:00,0.0,3.406,7.0,0.0,0.0,90.105,6.095,8.654,4.717,0.0
2025-11-13 23:00:00,0.0,3.354,7.0,0.0,0.0,90.105,3.369,7.438,4.754,0.0
2025-11-14 00:00:00,0.0,2.457,7.0,0.0,0.0,90.105,3.072,5.928,4.75,0.0
2025-11-14 01:00:00,0.0,2.423,7.0,0.0,0.0,90.105,2.745,4.42,4.748,0.0
2025-11-14 02:00:00,0.0,2.407,7.0,0.0,0.0,90.105,2.429,2.899,4.742,0.0
2025-11-14 03:00:00,0.0,2.566,7.0,0.0,0.0,90.105,2.465,2.769,4.744,0.0
2025-11-14 04:00:00,0.0,2.477,7.0,0.0,0.0,90.105,2.483,2.614,4.74,0.0
2025-11-14 05:00:00,0.0,2.517,7.0,0.0,0.0,90.105,2.52,2.474,4.743,0.0
2025-11-14 06:00:00,0.0,2.589,7.0,0.0,0.0,90.105,2.528,2.496,4.749,0.0
2025-11-14 07:00:00,0.0,2.472,7.0,0.0,0.0,90.105,2.526,2.505,4.749,0.0
2025-11-14 08:00:00,0.0,2.469,7.0,0.0,0.0,90.105,2.51,2.515,4.748,0.0
2025-11-14 09:00:00,0.0,2.493,7.0,0.0,0.0,90.105,2.478,2.503,4.744,0.0
2025-11-14 10:00:00,15.069,2.501,7.0,15.069,15.069,105.174,2.488,2.507,4.741,0.0
2025-11-14 11:00:00,0.0,2.594,7.0,15.069,15.069,23.664,2.53,2.52,4.75,0.0
2025-11-14 12:00:00,0.0,2.578,7.0,15.069,15.069,23.664,2.558,2.518,4.752,0.0
2025-11-14 13:00:00,0.0,2.531,7.0,0.0,15.069,23.664,2.568,2.528,4.76,0.0
2025-11-14 14:00:00,0.0,4.079,7.0,0.0,15.069,15.069,3.063,2.796,4.825,0.0
2025-11-14 15:00:00,0.0,3.998,7.0,0.0,15.069,15.069,3.536,3.047,4.545,0.0
2025-11-14 16:00:00,0.0,4.022,7.0,0.0,0.0,15.069,4.033,3.3,4.269,0.0
2025-11-14 17:00:00,0.0,3.992,7.0,0.0,0.0,15.069,4.004,3.533,3.991,0.0
2025-11-14 18:00:00,0.0,3.942,7.0,0.0,0.0,15.069,3.985,3.761,3.676,0.0
2025-11-14 19:00:00,0.0,4.067,7.0,0.0,0.0,15.069,4.0,4.017,3.367,0.0
2025-11-14 20:00:00,0.0,2.527,7.0,0.0,0.0,15.069,3.512,3.758,2.992,0.0
2025-11-14 21:00:00,0.0,2.501,7.0,0.0,0.0,15.069,3.032,3.508,2.957,0.0
2025-11-14 22:00:00,0.0,2.5,7.0,0.0,0.0,15.069,2.509,3.255,2.919,0.0
2025-11-14 23:00:00,0.0,2.425,7.0,0.0,0.0,15.069,2.475,2.994,2.88,0.0
2025-11-15 00:00:00,0.0,2.451,7.0,0.0,0.0,15.069,2.459,2.745,2.88,0.0
2025-11-15 01:00:00,3.789,2.517,7.0,3.789,3.789,18.858,2.464,2.487,2.884,0.0
2025-11-15 02:00:00,0.0,2.474,7.0,3.789,3.789,18.858,2.48,2.478,2.887,0.0
2025-11-15 03:00:00,0.0,2.489,7.0,3.789,3.789,18.858,2.493,2.476,2.884,0.0
2025-11-15 04:00:00,0.0,2.495,7.0,0.0,3.789,18.858,2.486,2.475,2.884,0.0
2025-11-15 05:00:00,0.0,2.845,7.0,0.0,3.789,18.858,2.61,2.545,2.898,0.0
2025-11-15 06:00:00,0.0,2.831,7.0,0.0,3.789,18.858,2.723,2.608,2.908,0.0
2025-11-15 07:00:00,0.0,2.798,7.0,0.0,0.0,18.858,2.825,2.655,2.922,0.0
2025-11-15 08:00:00,0.0,2.872,7.0,0.0,0.0,18.858,2.833,2.722,2.938,0.0
2025-11-15 09:00:00,0.0,2.91,7.0,0.0,0.0,18.858,2.86,2.792,2.956,0.0
2025-11-15 10:00:00,0.0,2.797,7.0,0.0,0.0,3.789,2.859,2.842,2.968,0.0
2025-11-15 11:00:00,0.0,2.499,7.0,0.0,0.0,3.789,2.735,2.784,2.964,0.0
2025-11-15 12:00:00,0.0,2.514,7.0,0.0,0.0,3.789,2.603,2.732,2.961,0.0
2025-11-15 13:00:00,0.0,2.451,7.0,0.0,0.0,3.789,2.488,2.674,2.958,0.0
2025-11-15 14:00:00,0.0,2.571,7.0,0.0,0.0,3.789,2.512,2.624,2.895,0.0
2025-11-15 15:00:00,0.0,2.481,7.0,0.0,0.0,3.789,2.501,2.552,2.832,0.0
2025-11-15 16:00:00,0.0,2.495,7.0,0.0,0.0,3.789,2.516,2.502,2.768,0.0
2025-11-15 17:00:00,0.0,2.492,7.0,0.0,0.0,3.789,2.489,2.501,2.706,0.0
2025-11-15 18:00:00,0.0,2.411,7.0,0.0,0.0,3.789,2.466,2.483,2.642,0.0
2025-11-15 19:00:00,0.0,2.55,7.0,0.0,0.0,3.789,2.485,2.5,2.579,0.0
2025-11-15 20:00:00,0.0,2.452,7.0,0.0,0.0,3.789,2.471,2.48,2.576,0.0
2025-11-15 21:00:00,0.0,2.488,7.0,0.0,0.0,3.789,2.497,2.482,2.575,0.0
2025-11-15 22:00:00,0.0,2.53,7.0,0.0,0.0,3.789,2.49,2.487,2.576,0.0
2025-11-15 23:00:00,0.0,2.573,7.0,0.0,0.0,3.789,2.53,2.501,2.583,0.0
2025-11-16 00:00:00,0.0,2.446,7.0,0.0,0.0,3.789,2.516,2.507,2.582,0.0
2025-11-16 01:00:00,0.0,2.478,7.0,0.0,0.0,0.0,2.499,2.495,2.581,0.0
2025-11-16 02:00:00,0.0,2.569,7.0,0.0,0.0,0.0,2.498,2.514,2.585,0.0
2025-11-16 03:00:00,0.0,2.523,7.0,0.0,0.0,0.0,2.523,2.52,2.586,0.0
2025-11-16 04:00:00,0.0,2.534,7.0,0.0,0.0,0.0,2.542,2.52,2.588,0.0
2025-11-16 05:00:00,0.0,2.447,7.0,0.0,0.0,0.0,2.501,2.499,2.571,0.0
2025-11-16 06:00:00,0.0,2.481,7.0,0.0,0.0,0.0,2.487,2.505,2.557,0.0
2025-11-16 07:00:00,0.0,2.492,7.0,0.0,0.0,0.0,2.473,2.508,2.544,0.0
2025-11-16 08:00:00,0.0,2.457,7.0,0.0,0.0,0.0,2.477,2.489,2.527,0.0
2025-11-16 09:00:00,0.0,2.416,7.0,0.0,0.0,0.0,2.455,2.471,2.506,0.0
2025-11-16 10:00:00,0.0,2.474,7.0,0.0,0.0,0.0,2.449,2.461,2.493,0.0
2025-11-16 11:00:00,0.0,2.568,7.0,0.0,0.0,0.0,2.486,2.481,2.496,0.0
2025-11-16 12:00:00,0.0,2.503,7.0,0.0,0.0,0.0,2.515,2.485,2.495,0.0
2025-11-16 13:00:00,0.0,2.569,7.0,0.0,0.0,0.0,2.546,2.498,2.5,0.0
2025-11-16 14:00:00,0.0,2.509,7.0,0.0,0.0,0.0,2.527,2.507,2.497,0.0
2025-11-16 15:00:00,0.0,2.462,7.0,0.0,0.0,0.0,2.513,2.514,2.497,0.0
2025-11-16 16:00:00,0.0,2.564,7.0,0.0,0.0,0.0,2.512,2.529,2.5,0.0
2025-11-16 17:00:00,0.0,2.511,7.0,0.0,0.0,0.0,2.512,2.519,2.5,0.0
2025-11-16 18:00:00,0.0,2.548,7.0,0.0,0.0,0.0,2.541,2.527,2.506,0.0
2025-11-16 19:00:00,0.0,2.447,7.0,0.0,0.0,0.0,2.502,2.507,2.502,0.0
2025-11-16 20:00:00,0.0,2.552,7.0,0.0,0.0,0.0,2.516,2.514,2.506,0.0
2025-11-16 21:00:00,24.355,2.553,7.0,24.355,24.355,24.355,2.517,2.529,2.509,0.0
2025-11-16 22:00:00,0.0,2.514,7.0,24.355,24.355,24.355,2.54,2.521,2.508,0.0
2025-11-16 23:00:00,0.0,2.46,7.0,24.355,24.355,24.355,2.509,2.512,2.503,0.0
2025-11-17 00:00:00,0.0,2.498,7.0,0.0,24.355,24.355,2.491,2.504,2.505,0.0
2025-11-17 01:00:00,0.0,4.966,7.0,0.0,24.355,24.355,3.308,2.924,2.609,0.0
2025-11-17 02:00:00,0.0,4.947,7.0,0.0,24.355,24.355,4.137,3.323,2.708,0.0
2025-11-17 03:00:00,0.0,4.966,7.0,0.0,0.0,24.355,4.96,3.725,2.81,0.0
2025-11-17 04:00:00,0.0,4.986,7.0,0.0,0.0,24.355,4.966,4.137,2.912,0.0
2025-11-17 05:00:00,0.0,4.903,7.0,0.0,0.0,24.355,4.952,4.544,3.014,0.0
2025-11-17 06:00:00,0.0,4.878,7.0,0.0,0.0,24.355,4.922,4.941,3.114,0.0
2025-11-17 07:00:00,0.0,2.498,7.0,0.0,0.0,24.355,4.093,4.53,3.115,0.0
2025-11-17 08:00:00,0.0,2.484,7.0,0.0,0.0,24.355,3.286,4.119,3.116,0.0
2025-11-17 09:00:00,0.0,2.539,7.0,0.0,0.0,24.355,2.507,3.715,3.121,0.0
2025-11-17 10:00:00,0.0,2.446,7.0,0.0,0.0,24.355,2.49,3.291,3.12,0.0
2025-11-17 11:00:00,0.0,2.551,7.0,0.0,0.0,24.355,2.512,2.899,3.119,0.0
2025-11-17 12:00:00,0.0,2.568,7.0,0.0,0.0,24.355,2.522,2.514,3.122,0.0
2025-11-17 13:00:00,0.0,2.5,7.0,0.0,0.0,24.355,2.54,2.515,3.119,0.0
2025-11-17 14:00:00,0.0,2.503,7.0,0.0,0.0,24.355,2.524,2.518,3.118,0.0
2025-11-17 15:00:00,0.0,2.462,7.0,0.0,0.0,24.355,2.488,2.505,3.118,0.0
2025-11-17 16:00:00,0.0,2.473,7.0,0.0,0.0,24.355,2.479,2.509,3.115,0.0
2025-11-17 17:00:00,0.0,2.48,7.0,0.0,0.0,24.355,2.471,2.497,3.113,0.0
2025-11-17 18:00:00,0.0,2.572,7.0,0.0,0.0,24.355,2.508,2.498,3.114,0.0
2025-11-17 19:00:00,0.0,2.496,7.0,0.0,0.0,24.355,2.516,2.498,3.116,0.0
2025-11-17 20:00:00,0.884,2.434,7.0,0.884,0.884,25.238,2.501,2.486,3.112,0.0
2025-11-17 21:00:00,0.0,2.513,7.0,0.884,0.884,0.884,2.481,2.495,3.11,0.0
2025-11-17 22:00:00,0.0,2.541,7.0,0.884,0.884,0.884,2.496,2.506,3.111,0.0
2025-11-17 23:00:00,0.0,2.499,7.0,0.0,0.884,0.884,2.518,2.509,3.113,0.0
2025-11-18 00:00:00,0.0,2.662,7.0,0.0,0.884,0.884,2.567,2.524,3.119,0.0
2025-11-18 01:00:00,0.0,2.627,7.0,0.0,0.884,0.884,2.596,2.546,3.022,0.0
2025-11-18 02:00:00,0.0,2.536,7.0,0.0,0.0,0.884,2.608,2.563,2.921,0.0
2025-11-18 03:00:00,0.0,2.561,7.0,0.0,0.0,0.884,2.575,2.571,2.821,0.0
2025-11-18 04:00:00,0.0,2.6,7.0,0.0,0.0,0.884,2.565,2.581,2.722,0.0
2025-11-18 05:00:00,0.0,2.505,7.0,0.0,0.0,0.884,2.555,2.582,2.622,0.0
2025-11-18 06:00:00,0.0,2.517,7.0,0.0,0.0,0.884,2.541,2.558,2.524,0.0
2025-11-18 07:00:00,0.0,2.412,7.0,0.0,0.0,0.884,2.478,2.522,2.52,0.0
2025-11-18 08:00:00,0.0,2.551,7.0,0.0,0.0,0.884,2.493,2.524,2.523,0.0
2025-11-18 09:00:00,0.0,2.545,7.0,0.0,0.0,0.884,2.503,2.522,2.523,0.0
2025-11-18 10:00:00,0.0,2.525,7.0,0.0,0.0,0.884,2.541,2.509,2.526,0.0
2025-11-18 11:00:00,3.95,2.466,7.0,3.95,3.95,4.833,2.512,2.503,2.523,0.0
2025-11-18 12:00:00,0.0,2.509,7.0,3.95,3.95,4.833,2.5,2.501,2.52,0.0
2025-11-18 13:00:00,0.0,2.474,7.0,3.95,3.95,4.833,2.483,2.512,2.519,0.0
2025-11-18 14:00:00,0.0,2.448,7.0,0.0,3.95,4.833,2.477,2.495,2.517,0.0
2025-11-18 15:00:00,15.647,2.878,7.0,15.647,19.596,20.48,2.6,2.55,2.534,0.0
2025-11-18 16:00:00,0.0,2.93,7.0,15.647,19.596,20.48,2.752,2.618,2.553,0.0
2025-11-18 17:00:00,0.0,2.897,7.0,15.647,15.647,20.48,2.902,2.689,2.571,0.0
2025-11-18 18:00:00,0.0,2.968,7.0,0.0,15.647,20.48,2.932,2.766,2.587,0.0
2025-11-18 19:00:00,0.0,4.498,7.0,0.0,15.647,20.48,3.454,3.103,2.671,0.0
2025-11-18 20:00:00,0.0,4.493,7.0,0.0,15.647,19.596,3.986,3.444,2.756,0.0
2025-11-18 21:00:00,0.0,3.984,7.0,0.0,0.0,19.596,4.325,3.628,2.818,0.0
2025-11-18 22:00:00,0.0,4.05,7.0,0.0,0.0,19.596,4.176,3.815,2.881,0.0
2025-11-18 23:00:00,0.0,4.011,7.0,0.0,0.0,19.596,4.015,4.001,2.944,0.0
2025-11-19 00:00:00,0.0,4.056,7.0,0.0,0.0,19.596,4.039,4.182,3.002,0.0
2025-11-19 01:00:00,0.0,2.465,7.0,0.0,0.0,19.596,3.511,3.843,2.995,0.0
2025-11-19 02:00:00,0.0,2.481,7.0,0.0,0.0,19.596,3.001,3.508,2.993,0.0
2025-11-19 03:00:00,0.0,2.553,7.0,0.0,0.0,19.596,2.5,3.269,2.992,0.0
2025-11-19 04:00:00,0.0,2.524,7.0,0.0,0.0,19.596,2.519,3.015,2.989,0.0
2025-11-19 05:00:00,0.0,2.55,7.0,0.0,0.0,19.596,2.542,2.772,2.991,0.0
2025-11-19 06:00:00,0.0,2.42,7.0,0.0,0.0,19.596,2.498,2.499,2.987,0.0
2025-11-19 07:00:00,0.0,2.503,7.0,0.0,0.0,19.596,2.491,2.505,2.991,0.0
2025-11-19 08:00:00,0.0,2.548,7.0,0.0,0.0,19.596,2.49,2.516,2.991,0.0
2025-11-19 09:00:00,0.0,2.575,7.0,0.0,0.0,19.596,2.542,2.52,2.992,0.0
2025-11-19 10:00:00,0.0,2.423,7.0,0.0,0.0,19.596,2.515,2.503,2.988,0.0
2025-11-19 11:00:00,0.0,2.482,7.0,0.0,0.0,15.647,2.493,2.492,2.988,0.0
2025-11-19 12:00:00,0.0,2.552,7.0,0.0,0.0,15.647,2.486,2.514,2.99,0.0
2025-11-19 13:00:00,0.0,2.49,7.0,0.0,0.0,15.647,2.508,2.512,2.991,0.0
2025-11-19 14:00:00,0.0,2.454,7.0,0.0,0.0,15.647,2.499,2.496,2.991,0.0
2025-11-19 15:00:00,0.0,2.423,7.0,0.0,0.0,0.0,2.456,2.471,2.972,0.0
2025-11-19 16:00:00,0.0,2.453,7.0,0.0,0.0,0.0,2.443,2.476,2.952,0.0
2025-11-19 17:00:00,0.0,2.416,7.0,0.0,0.0,0.0,2.43,2.465,2.932,0.0
2025-11-19 18:00:00,0.0,2.503,7.0,0.0,0.0,0.0,2.457,2.456,2.913,0.0
2025-11-19 19:00:00,0.0,2.545,7.0,0.0,0.0,0.0,2.488,2.465,2.831,0.0
2025-11-19 20:00:00,0.0,2.437,7.0,0.0,0.0,0.0,2.495,2.463,2.746,0.0
2025-11-19 21:00:00,0.0,2.513,7.0,0.0,0.0,0.0,2.498,2.478,2.684,0.0
2025-11-19 22:00:00,0.0,2.542,7.0,0.0,0.0,0.0,2.497,2.493,2.622,0.0
2025-11-19 23:00:00,0.0,2.5,7.0,0.0,0.0,0.0,2.518,2.507,2.559,0.0
2025-11-20 00:00:00,0.0,2.419,7.0,0.0,0.0,0.0,2.487,2.493,2.49,0.0
2025-11-20 01:00:00,0.0,2.519,7.0,0.0,0.0,0.0,2.48,2.488,2.493,0.0
2025-11-20 02:00:00,0.0,2.497,7.0,0.0,0.0,0.0,2.479,2.499,2.493,0.0
2025-11-20 03:00:00,0.0,2.492,7.0,0.0,0.0,0.0,2.503,2.495,2.491,0.0
2025-11-20 04:00:00,0.0,2.473,7.0,0.0,0.0,0.0,2.487,2.483,2.489,0.0
2025-11-20 05:00:00,0.0,2.504,7.0,0.0,0.0,0.0,2.49,2.484,2.487,0.0
2025-11-20 06:00:00,0.0,2.525,7.0,0.0,0.0,0.0,2.501,2.502,2.491,0.0
2025-11-20 07:00:00,0.0,2.62,7.0,0.0,0.0,0.0,2.55,2.519,2.496,0.0
2025-11-20 08:00:00,0.0,2.506,7.0,0.0,0.0,0.0,2.55,2.52,2.494,0.0
2025-11-20 09:00:00,0.0,2.576,7.0,0.0,0.0,0.0,2.567,2.534,2.494,0.0
2025-11-20 10:00:00,0.0,2.518,7.0,0.0,0.0,0.0,2.533,2.541,2.498,0.0
2025-11-20 11:00:00,0.0,2.495,7.0,0.0,0.0,0.0,2.529,2.54,2.499,0.0
2025-11-20 12:00:00,0.0,2.507,7.0,0.0,0.0,0.0,2.507,2.537,2.497,0.0
2025-11-20 13:00:00,0.0,2.439,7.0,0.0,0.0,0.0,2.48,2.507,2.495,0.0
2025-11-20 14:00:00,0.0,2.515,7.0,0.0,0.0,0.0,2.487,2.508,2.497,0.0
2025-11-20 15:00:00,0.0,2.4,7.0,0.0,0.0,0.0,2.452,2.479,2.496,0.0
2025-11-20 16:00:00,0.0,2.457,7.0,0.0,0.0,0.0,2.458,2.469,2.497,0.0
2025-11-20 17:00:00,0.0,2.505,7.0,0.0,0.0,0.0,2.454,2.471,2.5,0.0
2025-11-20 18:00:00,0.0,2.56,7.0,0.0,0.0,0.0,2.507,2.479,2.503,0.0
2025-11-20 19:00:00,0.0,2.572,7.0,0.0,0.0,0.0,2.546,2.502,2.504,0.0
2025-11-20 20:00:00,0.0,2.488,7.0,0.0,0.0,0.0,2.54,2.497,2.506,0.0
2025-11-20 21:00:00,0.0,2.508,7.0,0.0,0.0,0.0,2.522,2.515,2.506,0.0
2025-11-20 22:00:00,0.0,2.549,7.0,0.0,0.0,0.0,2.515,2.53,2.506,0.0
2025-11-20 23:00:00,0.0,2.434,7.0,0.0,0.0,0.0,2.497,2.518,2.503,0.0
2025-11-21 00:00:00,0.0,2.52,7.0,0.0,0.0,0.0,2.501,2.512,2.507,0.0
2025-11-21 01:00:00,0.0,2.459,7.0,0.0,0.0,0.0,2.471,2.493,2.505,0.0
2025-11-21 02:00:00,0.0,2.491,7.0,0.0,0.0,0.0,2.49,2.493,2.505,0.0
2025-11-21 03:00:00,0.0,2.477,7.0,0.0,0.0,0.0,2.476,2.488,2.504,0.0
2025-11-21 04:00:00,0.0,2.522,7.0,0.0,0.0,0.0,2.497,2.484,2.506,0.0
2025-11-21 05:00:00,0.0,2.528,7.0,0.0,0.0,0.0,2.509,2.499,2.507,0.0
2025-11-21 06:00:00,0.0,2.545,7.0,0.0,0.0,0.0,2.531,2.503,2.508,0.0
2025-11-21 07:00:00,0.0,2.517,7.0,0.0,0.0,0.0,2.53,2.513,2.504,0.0
2025-11-21 08:00:00,0.0,2.509,7.0,0.0,0.0,0.0,2.524,2.516,2.504,0.0
2025-11-21 09:00:00,0.0,2.593,7.0,0.0,0.0,0.0,2.54,2.535,2.504,0.0
2025-11-21 10:00:00,0.0,2.424,7.0,0.0,0.0,0.0,2.508,2.519,2.501,0.0
2025-11-21 11:00:00,0.0,2.585,7.0,0.0,0.0,0.0,2.534,2.529,2.504,0.0
2025-11-21 12:00:00,0.0,2.486,7.0,0.0,0.0,0.0,2.498,2.519,2.503,0.0
2025-11-21 13:00:00,0.0,2.529,7.0,0.0,0.0,0.0,2.533,2.521,2.507,0.0
2025-11-21 14:00:00,0.0,2.484,7.0,0.0,0.0,0.0,2.499,2.517,2.506,0.0
2025-11-21 15:00:00,0.0,2.465,7.0,0.0,0.0,0.0,2.492,2.495,2.508,0.0
2025-11-21 16:00:00,0.0,2.524,7.0,0.0,0.0,0.0,2.491,2.512,2.511,0.0
2025-11-21 17:00:00,0.0,2.552,7.0,0.0,0.0,0.0,2.514,2.506,2.513,0.0
2025-11-21 18:00:00,0.0,2.524,7.0,0.0,0.0,0.0,2.533,2.513,2.512,0.0
2025-11-21 19:00:00,0.0,2.473,7.0,0.0,0.0,0.0,2.516,2.504,2.508,0.0
2025-11-21 20:00:00,0.0,2.681,7.0,0.0,0.0,0.0,2.559,2.536,2.516,0.0
2025-11-21 21:00:00,0.0,2.56,7.0,0.0,0.0,0.0,2.571,2.552,2.518,0.0
2025-11-21 22:00:00,0.0,2.547,7.0,0.0,0.0,0.0,2.596,2.556,2.518,0.0
2025-11-21 23:00:00,0.0,2.482,7.0,0.0,0.0,0.0,2.53,2.544,2.52,0.0
2025-11-22 00:00:00,0.0,2.469,7.0,0.0,0.0,0.0,2.499,2.535,2.518,0.0
2025-11-22 01:00:00,0.0,2.486,7.0,0.0,0.0,0.0,2.479,2.537,2.519,0.0
2025-11-22 02:00:00,27.475,2.554,7.0,27.475,27.475,27.475,2.503,2.516,2.521,0.0
2025-11-22 03:00:00,0.0,2.45,7.0,27.475,27.475,27.475,2.497,2.498,2.52,0.0
2025-11-22 04:00:00,0.0,2.447,7.0,27.475,27.475,27.475,2.484,2.481,2.517,0.0
2025-11-22 05:00:00,0.0,2.527,7.0,0.0,27.475,27.475,2.475,2.489,2.517,0.0
2025-11-22 06:00:00,0.0,5.263,7.0,0.0,27.475,27.475,3.412,2.955,2.63,0.0
2025-11-22 07:00:00,0.0,5.209,7.0,0.0,27.475,27.475,4.333,3.408,2.743,0.0
2025-11-22 08:00:00,0.0,5.193,7.0,0.0,0.0,27.475,5.222,3.848,2.854,0.0
2025-11-22 09:00:00,0.0,5.319,7.0,0.0,0.0,27.475,5.24,4.326,2.968,0.0
2025-11-22 10:00:00,0.0,5.265,7.0,0.0,0.0,27.475,5.259,4.796,3.086,0.0
2025-11-22 11:00:00,0.0,5.179,7.0,0.0,0.0,27.475,5.255,5.238,3.194,0.0
2025-11-22 12:00:00,0.0,2.435,7.0,0.0,0.0,27.475,4.293,4.767,3.192,0.0
2025-11-22 13:00:00,0.0,2.482,7.0,0.0,0.0,27.475,3.366,4.312,3.19,0.0
2025-11-22 14:00:00,0.0,2.537,7.0,0.0,0.0,27.475,2.485,3.87,3.193,0.0
2025-11-22 15:00:00,0.0,2.53,7.0,0.0,0.0,27.475,2.516,3.405,3.195,0.0
2025-11-22 16:00:00,0.0,2.557,7.0,0.0,0.0,27.475,2.541,2.953,3.197,0.0
2025-11-22 17:00:00,0.0,2.425,7.0,0.0,0.0,27.475,2.504,2.494,3.191,0.0
2025-11-22 18:00:00,0.0,2.511,7.0,0.0,0.0,27.475,2.498,2.507,3.191,0.0
2025-11-22 19:00:00,0.0,2.571,7.0,0.0,0.0,27.475,2.503,2.522,3.195,0.0
2025-11-22 20:00:00,0.0,2.567,7.0,0.0,0.0,27.475,2.55,2.527,3.19,0.0
2025-11-22 21:00:00,0.0,2.518,7.0,0.0,0.0,27.475,2.552,2.525,3.189,0.0
2025-11-22 22:00:00,0.0,2.617,7.0,0.0,0.0,27.475,2.567,2.535,3.191,0.0
2025-11-22 23:00:00,0.0,2.53,7.0,0.0,0.0,27.475,2.555,2.552,3.193,0.0
2025-11-23 00:00:00,0.0,2.552,7.0,0.0,0.0,27.475,2.567,2.559,3.197,0.0
2025-11-23 01:00:00,0.0,2.502,7.0,0.0,0.0,27.475,2.528,2.548,3.198,0.0
2025-11-23 02:00:00,0.0,2.461,7.0,0.0,0.0,0.0,2.505,2.53,3.194,0.0
2025-11-23 03:00:00,0.0,2.456,7.0,0.0,0.0,0.0,2.473,2.52,3.194,0.0
2025-11-23 04:00:00,0.0,2.509,7.0,0.0,0.0,0.0,2.475,2.502,3.197,0.0
2025-11-23 05:00:00,0.0,2.489,7.0,0.0,0.0,0.0,2.485,2.495,3.195,0.0
2025-11-23 06:00:00,0.0,2.412,7.0,0.0,0.0,0.0,2.47,2.472,3.076,0.0
2025-11-23 07:00:00,0.0,2.449,7.0,0.0,0.0,0.0,2.45,2.463,2.961,0.0
2025-11-23 08:00:00,0.0,2.484,7.0,0.0,0.0,0.0,2.448,2.467,2.848,0.0
2025-11-23 09:00:00,0.0,2.536,7.0,0.0,0.0,0.0,2.49,2.48,2.732,0.0
2025-11-23 10:00:00,0.0,2.499,7.0,0.0,0.0,0.0,2.507,2.478,2.617,0.0
2025-11-23 11:00:00,0.0,2.496,7.0,0.0,0.0,0.0,2.511,2.479,2.505,0.0
2025-11-23 12:00:00,0.0,2.451,7.0,0.0,0.0,0.0,2.482,2.486,2.506,0.0
2025-11-23 13:00:00,0.0,2.501,7.0,0.0,0.0,0.0,2.483,2.495,2.507,0.0
2025-11-23 14:00:00,0.0,2.566,7.0,0.0,0.0,0.0,2.506,2.508,2.508,0.0
2025-11-23 15:00:00,0.0,2.508,7.0,0.0,0.0,0.0,2.525,2.504,2.507,0.0
2025-11-23 16:00:00,0.0,2.425,7.0,0.0,0.0,0.0,2.499,2.491,2.502,0.0
2025-11-23 17:00:00,0.0,2.437,7.0,0.0,0.0,0.0,2.457,2.481,2.502,0.0
2025-11-23 18:00:00,0.0,2.529,7.0,0.0,0.0,0.0,2.464,2.494,2.503,0.0
2025-11-23 19:00:00,0.0,2.489,7.0,0.0,0.0,0.0,2.485,2.492,2.499,0.0
2025-11-23 20:00:00,0.0,2.496,7.0,0.0,0.0,0.0,2.505,2.481,2.496,0.0
2025-11-23 21:00:00,0.0,2.469,7.0,0.0,0.0,0.0,2.485,2.474,2.494,0.0
2025-11-23 22:00:00,0.0,2.525,7.0,0.0,0.0,0.0,2.497,2.491,2.491,0.0
2025-11-23 23:00:00,0.0,2.485,7.0,0.0,0.0,0.0,2.493,2.499,2.489,0.0
2025-11-24 00:00:00,0.0,2.491,7.0,0.0,0.0,0.0,2.5,2.493,2.486,0.0
2025-11-24 01:00:00,0.0,2.457,7.0,0.0,0.0,0.0,2.478,2.487,2.484,0.0
2025-11-24 02:00:00,0.0,2.546,7.0,0.0,0.0,0.0,2.498,2.496,2.488,0.0
2025-11-24 03:00:00,0.0,2.489,7.0,0.0,0.0,0.0,2.497,2.499,2.489,0.0
2025-11-24 04:00:00,0.0,2.53,7.0,0.0,0.0,0.0,2.522,2.5,2.49,0.0
2025-11-24 05:00:00,0.0,2.44,7.0,0.0,0.0,0.0,2.487,2.492,2.488,0.0
2025-11-24 06:00:00,0.0,2.587,7.0,0.0,0.0,0.0,2.519,2.508,2.495,0.0
2025-11-24 07:00:00,0.0,2.564,7.0,0.0,0.0,0.0,2.53,2.526,2.5,0.0
2025-11-24 08:00:00,0.0,2.405,7.0,0.0,0.0,0.0,2.518,2.502,2.497,0.0
2025-11-24 09:00:00,0.0,2.46,7.0,0.0,0.0,0.0,2.476,2.498,2.494,0.0
2025-11-24 10:00:00,0.0,2.524,7.0,0.0,0.0,0.0,2.463,2.497,2.495,0.0
2025-11-24 11:00:00,0.0,2.434,7.0,0.0,0.0,0.0,2.473,2.495,2.492,0.0
2025-11-24 12:00:00,0.0,2.493,7.0,0.0,0.0,0.0,2.484,2.48,2.494,0.0
2025-11-24 13:00:00,0.0,2.521,7.0,0.0,0.0,0.0,2.483,2.473,2.495,0.0
2025-11-24 14:00:00,0.0,2.491,7.0,0.0,0.0,0.0,2.502,2.487,2.492,0.0
2025-11-24 15:00:00,0.0,2.527,7.0,0.0,0.0,0.0,2.513,2.498,2.492,0.0
2025-11-24 16:00:00,0.0,2.465,7.0,0.0,0.0,0.0,2.494,2.489,2.494,0.0
2025-11-24 17:00:00,17.064,2.388,7.0,17.064,17.064,17.064,2.46,2.481,2.492,0.0
2025-11-24 18:00:00,0.0,2.549,7.0,17.064,17.064,17.064,2.467,2.49,2.493,0.0
2025-11-24 19:00:00,0.0,2.549,7.0,17.064,17.064,17.064,2.495,2.495,2.495,0.0
2025-11-24 20:00:00,0.0,2.625,7.0,0.0,17.064,17.064,2.574,2.517,2.501,0.0
2025-11-24 21:00:00,0.0,4.096,7.0,0.0,17.064,17.064,3.09,2.779,2.568,0.0
2025-11-24 22:00:00,0.0,4.244,7.0,0.0,17.064,17.064,3.655,3.075,2.64,0.0
2025-11-24 23:00:00,0.0,4.108,7.0,0.0,0.0,17.064,4.149,3.362,2.708,0.0
2025-11-25 00:00:00,0.0,4.294,7.0,0.0,0.0,17.064,4.215,3.653,2.783,0.0
2025-11-25 01:00:00,0.0,4.231,7.0,0.0,0.0,17.064,4.211,3.933,2.857,0.0
2025-11-25 02:00:00,0.0,4.159,7.0,0.0,0.0,17.064,4.228,4.189,2.924,0.0
2025-11-25 03:00:00,0.0,2.539,7.0,0.0,0.0,17.064,3.643,3.929,2.926,0.0
2025-11-25 04:00:00,0.0,2.472,7.0,0.0,0.0,17.064,3.057,3.634,2.924,0.0
2025-11-25 05:00:00,0.0,2.515,7.0,0.0,0.0,17.064,2.509,3.368,2.927,0.0
2025-11-25 06:00:00,0.0,2.51,7.0,0.0,0.0,17.064,2.499,3.071,2.923,0.0
2025-11-25 07:00:00,0.0,2.587,7.0,0.0,0.0,17.064,2.538,2.797,2.924,0.0
2025-11-25 08:00:00,0.0,2.591,7.0,0.0,0.0,17.064,2.563,2.536,2.932,0.0
2025-11-25 09:00:00,0.0,2.47,7.0,0.0,0.0,17.064,2.549,2.524,2.933,0.0
2025-11-25 10:00:00,0.0,2.553,7.0,0.0,0.0,17.064,2.538,2.538,2.934,0.0
2025-11-25 11:00:00,0.0,2.518,7.0,0.0,0.0,17.064,2.514,2.538,2.937,0.0
2025-11-25 12:00:00,0.0,2.429,7.0,0.0,0.0,17.064,2.5,2.525,2.935,0.0
2025-11-25 13:00:00,0.0,2.465,7.0,0.0,0.0,17.064,2.471,2.504,2.932,0.0
2025-11-25 14:00:00,0.0,2.617,7.0,0.0,0.0,17.064,2.504,2.509,2.938,0.0
2025-11-25 15:00:00,0.0,2.518,7.0,0.0,0.0,17.064,2.533,2.517,2.937,0.0
2025-11-25 16:00:00,0.0,2.55,7.0,0.0,0.0,17.064,2.562,2.516,2.941,0.0
2025-11-25 17:00:00,0.0,2.489,7.0,0.0,0.0,0.0,2.519,2.511,2.945,0.0
2025-11-25 18:00:00,0.0,2.473,7.0,0.0,0.0,0.0,2.504,2.519,2.942,0.0
2025-11-25 19:00:00,0.0,2.501,7.0,0.0,0.0,0.0,2.488,2.525,2.94,0.0
2025-11-25 20:00:00,0.0,2.487,7.0,0.0,0.0,0.0,2.487,2.503,2.934,0.0
2025-11-25 21:00:00,0.0,2.425,7.0,0.0,0.0,0.0,2.471,2.488,2.864,0.0
2025-11-25 22:00:00,0.0,2.45,7.0,0.0,0.0,0.0,2.454,2.471,2.79,0.0
2025-11-25 23:00:00,0.0,2.535,7.0,0.0,0.0,0.0,2.47,2.479,2.724,0.0
2025-11-26 00:00:00,0.0,2.481,7.0,0.0,0.0,0.0,2.489,2.48,2.649,0.0
2025-11-26 01:00:00,0.0,2.501,7.0,0.0,0.0,0.0,2.506,2.48,2.577,0.0
2025-11-26 02:00:00,0.0,2.512,7.0,0.0,0.0,0.0,2.498,2.484,2.508,0.0
2025-11-26 03:00:00,0.0,2.516,7.0,0.0,0.0,0.0,2.51,2.499,2.507,0.0
2025-11-26 04:00:00,0.0,2.557,7.0,0.0,0.0,0.0,2.528,2.517,2.51,0.0
2025-11-26 05:00:00,0.0,2.445,7.0,0.0,0.0,0.0,2.506,2.502,2.508,0.0
2025-11-26 06:00:00,0.0,2.529,7.0,0.0,0.0,0.0,2.51,2.51,2.508,0.0
2025-11-26 07:00:00,0.0,2.538,7.0,0.0,0.0,0.0,2.504,2.516,2.506,0.0
2025-11-26 08:00:00,0.0,2.549,7.0,0.0,0.0,0.0,2.539,2.522,2.505,0.0
2025-11-26 09:00:00,3.433,2.429,7.0,3.433,3.433,3.433,2.505,2.508,2.503,0.0
2025-11-26 10:00:00,0.0,2.513,7.0,3.433,3.433,3.433,2.497,2.5,2.501,0.0
2025-11-26 11:00:00,0.0,2.586,7.0,3.433,3.433,3.433,2.509,2.524,2.504,0.0
2025-11-26 12:00:00,0.0,2.495,7.0,0.0,3.433,3.433,2.531,2.518,2.507,0.0
2025-11-26 13:00:00,0.0,2.867,7.0,0.0,3.433,3.433,2.649,2.573,2.523,0.0
2025-11-26 14:00:00,0.0,2.882,7.0,0.0,3.433,3.433,2.748,2.629,2.535,0.0
2025-11-26 15:00:00,0.0,2.792,7.0,0.0,0.0,3.433,2.847,2.689,2.546,0.0
2025-11-26 16:00:00,0.0,2.935,7.0,0.0,0.0,3.433,2.87,2.76,2.562,0.0
2025-11-26 17:00:00,0.0,2.868,7.0,0.0,0.0,3.433,2.865,2.807,2.578,0.0
2025-11-26 18:00:00,0.0,2.869,7.0,0.0,0.0,3.433,2.891,2.869,2.594,0.0
2025-11-26 19:00:00,0.0,2.417,7.0,0.0,0.0,3.433,2.718,2.794,2.591,0.0
2025-11-26 20:00:00,0.0,2.54,7.0,0.0,0.0,3.433,2.609,2.737,2.593,0.0
2025-11-26 21:00:00,0.0,2.525,7.0,0.0,0.0,3.433,2.494,2.692,2.597,0.0
2025-11-26 22:00:00,0.0,2.581,7.0,0.0,0.0,3.433,2.549,2.633,2.603,0.0
2025-11-26 23:00:00,0.0,2.484,7.0,0.0,0.0,3.433,2.53,2.569,2.601,0.0
2025-11-27 00:00:00,0.0,2.451,7.0,0.0,0.0,3.433,2.505,2.5,2.599,0.0
2025-11-27 01:00:00,0.0,2.466,7.0,0.0,0.0,3.433,2.467,2.508,2.598,0.0
2025-11-27 02:00:00,0.0,2.475,7.0,0.0,0.0,3.433,2.464,2.497,2.596,0.0
2025-11-27 03:00:00,0.0,2.444,7.0,0.0,0.0,3.433,2.462,2.483,2.593,0.0
2025-11-27 04:00:00,0.0,2.565,7.0,0.0,0.0,3.433,2.494,2.481,2.594,0.0
2025-11-27 05:00:00,0.0,2.566,7.0,0.0,0.0,3.433,2.525,2.494,2.599,0.0
2025-11-27 06:00:00,0.0,2.49,7.0,0.0,0.0,3.433,2.54,2.501,2.597,0.0
2025-11-27 07:00:00,0.0,2.48,7.0,0.0,0.0,3.433,2.512,2.503,2.595,0.0
2025-11-27 08:00:00,0.0,2.409,7.0,0.0,0.0,3.433,2.46,2.492,2.589,0.0
2025-11-27 09:00:00,0.0,2.535,7.0,0.0,0.0,0.0,2.475,2.508,2.593,0.0
2025-11-27 10:00:00,0.0,2.583,7.0,0.0,0.0,0.0,2.509,2.511,2.596,0.0
2025-11-27 11:00:00,0.0,2.468,7.0,0.0,0.0,0.0,2.529,2.494,2.591,0.0
2025-11-27 12:00:00,0.0,2.494,7.0,0.0,0.0,0.0,2.515,2.495,2.591,0.0
2025-11-27 13:00:00,0.0,2.522,7.0,0.0,0.0,0.0,2.495,2.502,2.577,0.0
2025-11-27 14:00:00,0.0,2.586,7.0,0.0,0.0,0.0,2.534,2.531,2.564,0.0
2025-11-27 15:00:00,0.0,2.51,7.0,0.0,0.0,0.0,2.539,2.527,2.553,0.0
2025-11-27 16:00:00,0.0,2.51,7.0,0.0,0.0,0.0,2.535,2.515,2.535,0.0
2025-11-27 17:00:00,0.0,2.509,7.0,0.0,0.0,0.0,2.51,2.522,2.52,0.0
2025-11-27 18:00:00,0.0,2.429,7.0,0.0,0.0,0.0,2.482,2.511,2.502,0.0
2025-11-27 19:00:00,0.0,2.428,7.0,0.0,0.0,0.0,2.455,2.495,2.502,0.0
2025-11-27 20:00:00,0.0,2.46,7.0,0.0,0.0,0.0,2.439,2.474,2.499,0.0
2025-11-27 21:00:00,0.0,2.551,7.0,0.0,0.0,0.0,2.479,2.481,2.5,0.0
2025-11-27 22:00:00,0.0,2.483,7.0,0.0,0.0,0.0,2.498,2.476,2.496,0.0
2025-11-27 23:00:00,0.0,2.474,7.0,0.0,0.0,0.0,2.502,2.471,2.495,0.0
2025-11-28 00:00:00,0.0,2.473,7.0,0.0,0.0,0.0,2.476,2.478,2.496,0.0
2025-11-28 01:00:00,0.0,2.493,7.0,0.0,0.0,0.0,2.48,2.489,2.497,0.0
2025-11-28 02:00:00,0.0,2.585,7.0,0.0,0.0,0.0,2.517,2.51,2.502,0.0
2025-11-28 03:00:00,0.0,2.492,7.0,0.0,0.0,0.0,2.524,2.5,2.504,0.0
2025-11-28 04:00:00,0.0,2.461,7.0,0.0,0.0,0.0,2.513,2.496,2.5,0.0
2025-11-28 05:00:00,0.0,2.501,7.0,0.0,0.0,0.0,2.485,2.501,2.497,0.0
2025-11-28 06:00:00,27.049,2.588,7.0,27.049,27.049,27.049,2.517,2.52,2.501,0.0
2025-11-28 07:00:00,0.0,2.475,7.0,27.049,27.049,27.049,2.521,2.517,2.501,0.0
2025-11-28 08:00:00,0.0,2.441,7.0,27.049,27.049,27.049,2.501,2.493,2.502,0.0
2025-11-28 09:00:00,0.0,2.475,7.0,0.0,27.049,27.049,2.464,2.49,2.5,0.0
2025-11-28 10:00:00,0.0,5.211,7.0,0.0,27.049,27.049,3.376,2.949,2.609,0.0
2025-11-28 11:00:00,0.0,5.239,7.0,0.0,27.049,27.049,4.309,3.405,2.725,0.0
2025-11-28 12:00:00,0.0,5.255,7.0,0.0,0.0,27.049,5.235,3.849,2.84,0.0
2025-11-28 13:00:00,0.0,5.153,7.0,0.0,0.0,27.049,5.216,4.296,2.949,0.0
2025-11-28 14:00:00,0.0,5.157,7.0,0.0,0.0,27.049,5.188,4.748,3.056,0.0
2025-11-28 15:00:00,0.0,5.189,7.0,0.0,0.0,27.049,5.166,5.201,3.168,0.0
2025-11-28 16:00:00,0.0,2.534,7.0,0.0,0.0,27.049,4.293,4.755,3.169,0.0
2025-11-28 17:00:00,0.0,2.437,7.0,0.0,0.0,27.049,3.387,4.288,3.166,0.0
2025-11-28 18:00:00,0.0,2.47,7.0,0.0,0.0,27.049,2.48,3.823,3.168,0.0
2025-11-28 19:00:00,0.0,2.47,7.0,0.0,0.0,27.049,2.459,3.376,3.169,0.0
2025-11-28 20:00:00,0.0,2.547,7.0,0.0,0.0,27.049,2.496,2.941,3.173,0.0
2025-11-28 21:00:00,0.0,2.526,7.0,0.0,0.0,27.049,2.515,2.497,3.172,0.0
2025-11-28 22:00:00,0.0,2.545,7.0,0.0,0.0,27.049,2.54,2.499,3.175,0.0
2025-11-28 23:00:00,0.0,2.567,7.0,0.0,0.0,27.049,2.546,2.521,3.179,0.0
2025-11-29 00:00:00,0.0,2.485,7.0,0.0,0.0,27.049,2.532,2.523,3.179,0.0
2025-11-29 01:00:00,0.0,2.441,7.0,0.0,0.0,27.049,2.497,2.518,3.177,0.0
2025-11-29 02:00:00,17.262,2.441,7.0,17.262,17.262,44.311,2.455,2.501,3.171,0.0
2025-11-29 03:00:00,0.0,2.408,7.0,17.262,17.262,44.311,2.43,2.481,3.167,0.0
2025-11-29 04:00:00,0.0,2.477,7.0,17.262,17.262,44.311,2.442,2.47,3.168,0.0
2025-11-29 05:00:00,0.0,2.481,7.0,0.0,17.262,44.311,2.455,2.455,3.167,0.0
2025-11-29 06:00:00,0.0,4.266,7.0,0.0,17.262,17.262,3.074,2.752,3.237,0.0
2025-11-29 07:00:00,0.0,4.227,7.0,0.0,17.262,17.262,3.658,3.05,3.31,0.0
2025-11-29 08:00:00,0.0,4.202,7.0,0.0,0.0,17.262,4.231,3.343,3.383,0.0
2025-11-29 09:00:00,0.0,4.22,7.0,0.0,0.0,17.262,4.216,3.645,3.456,0.0
2025-11-29 10:00:00,0.0,4.174,7.0,0.0,0.0,17.262,4.199,3.928,3.413,0.0
2025-11-29 11:00:00,0.0,4.277,7.0,0.0,0.0,17.262,4.224,4.228,3.373,0.0
2025-11-29 12:00:00,0.0,2.461,7.0,0.0,0.0,17.262,3.637,3.927,3.256,0.0
2025-11-29 13:00:00,0.0,2.443,7.0,0.0,0.0,17.262,3.06,3.63,3.144,0.0
2025-11-29 14:00:00,0.0,2.541,7.0,0.0,0.0,17.262,2.482,3.353,3.035,0.0
2025-11-29 15:00:00,0.0,2.529,7.0,0.0,0.0,17.262,2.504,3.071,2.924,0.0
2025-11-29 16:00:00,0.0,2.414,7.0,0.0,0.0,17.262,2.494,2.777,2.919,0.0
2025-11-29 17:00:00,0.0,2.543,7.0,0.0,0.0,17.262,2.495,2.488,2.923,0.0
2025-11-29 18:00:00,0.0,2.463,7.0,0.0,0.0,17.262,2.473,2.489,2.923,0.0
2025-11-29 19:00:00,0.0,2.481,7.0,0.0,0.0,17.262,2.496,2.495,2.923,0.0
2025-11-29 20:00:00,0.0,2.509,7.0,0.0,0.0,17.262,2.485,2.49,2.922,0.0
2025-11-29 21:00:00,0.0,2.529,7.0,0.0,0.0,17.262,2.507,2.49,2.922,0.0
2025-11-29 22:00:00,0.0,2.522,7.0,0.0,0.0,17.262,2.52,2.508,2.921,0.0
2025-11-29 23:00:00,0.0,2.498,7.0,0.0,0.0,17.262,2.516,2.5,2.918,0.0
2025-11-30 00:00:00,0.0,2.479,7.0,0.0,0.0,17.262,2.5,2.503,2.918,0.0
2025-11-30 01:00:00,0.0,2.521,7.0,0.0,0.0,17.262,2.499,2.51,2.921,0.0
2025-11-30 02:00:00,0.0,2.494,7.0,0.0,0.0,0.0,2.498,2.507,2.923,0.0
2025-11-30 03:00:00,0.0,2.59,7.0,0.0,0.0,0.0,2.535,2.517,2.931,0.0
2025-11-30 04:00:00,0.0,2.529,7.0,0.0,0.0,0.0,2.538,2.518,2.933,0.0
2025-11-30 05:00:00,0.0,2.454,7.0,0.0,0.0,0.0,2.524,2.511,2.932,0.0
2025-11-30 06:00:00,0.0,2.476,7.0,0.0,0.0,0.0,2.486,2.511,2.857,0.0
2025-11-30 07:00:00,0.0,2.502,7.0,0.0,0.0,0.0,2.477,2.508,2.785,0.0
2025-11-30 08:00:00,0.0,2.565,7.0,0.0,0.0,0.0,2.515,2.519,2.717,0.0
2025-11-30 09:00:00,0.0,2.571,7.0,0.0,0.0,0.0,2.546,2.516,2.649,0.0
2025-11-30 10:00:00,0.0,2.48,7.0,0.0,0.0,0.0,2.539,2.508,2.578,0.0
2025-11-30 11:00:00,0.0,2.453,7.0,0.0,0.0,0.0,2.501,2.508,2.502,0.0
2025-11-30 12:00:00,0.0,2.447,7.0,0.0,0.0,0.0,2.46,2.503,2.501,0.0
2025-11-30 13:00:00,0.0,2.513,7.0,0.0,0.0,0.0,2.471,2.505,2.504,0.0
2025-11-30 14:00:00,0.0,2.615,7.0,0.0,0.0,0.0,2.525,2.513,2.507,0.0
2025-11-30 15:00:00,0.0,2.527,7.0,0.0,0.0,0.0,2.552,2.506,2.507,0.0
2025-11-30 16:00:00,0.0,2.42,7.0,0.0,0.0,0.0,2.521,2.496,2.508,0.0
2025-11-30 17:00:00,0.0,2.464,7.0,0.0,0.0,0.0,2.47,2.498,2.504,0.0
2025-11-30 18:00:00,0.0,2.469,7.0,0.0,0.0,0.0,2.451,2.501,2.505,0.0
2025-11-30 19:00:00,0.0,2.459,7.0,0.0,0.0,0.0,2.464,2.492,2.504,0.0
2025-11-30 20:00:00,0.0,2.481,7.0,0.0,0.0,0.0,2.469,2.47,2.502,0.0
2025-11-30 21:00:00,0.0,2.518,7.0,0.0,0.0,0.0,2.486,2.468,2.502,0.0
2025-11-30 22:00:00,0.0,2.534,7.0,0.0,0.0,0.0,2.511,2.487,2.502,0.0
2025-11-30 23:00:00,0.0,2.555,7.0,0.0,0.0,0.0,2.536,2.503,2.505,0.0
2025-12-01 00:00:00,0.0,2.526,7.0,0.0,0.0,0.0,2.538,2.512,2.507,0.0
2025-12-01 01:00:00,0.0,2.402,7.0,0.0,0.0,0.0,2.494,2.503,2.502,0.0
2025-12-01 02:00:00,0.0,2.447,7.0,0.0,0.0,0.0,2.459,2.497,2.5,0.0
2025-12-01 03:00:00,0.0,2.492,7.0,0.0,0.0,0.0,2.447,2.493,2.496,0.0
2025-12-01 04:00:00,0.0,2.507,7.0,0.0,0.0,0.0,2.482,2.488,2.495,0.0
2025-12-01 05:00:00,0.0,2.543,7.0,0.0,0.0,0.0,2.514,2.486,2.499,0.0
2025-12-01 06:00:00,0.0,2.502,7.0,0.0,0.0,0.0,2.518,2.482,2.5,0.0
2025-12-01 07:00:00,0.0,2.503,7.0,0.0,0.0,0.0,2.516,2.499,2.5,0.0
2025-12-01 08:00:00,0.0,2.512,7.0,0.0,0.0,0.0,2.506,2.51,2.497,0.0
2025-12-01 09:00:00,0.0,2.487,7.0,0.0,0.0,0.0,2.501,2.509,2.494,0.0
2025-12-01 10:00:00,0.0,2.504,7.0,0.0,0.0,0.0,2.501,2.509,2.495,0.0
2025-12-01 11:00:00,0.0,2.556,7.0,0.0,0.0,0.0,2.516,2.511,2.499,0.0
2025-12-01 12:00:00,0.0,2.496,7.0,0.0,0.0,0.0,2.519,2.51,2.501,0.0
2025-12-01 13:00:00,0.0,2.498,7.0,0.0,0.0,0.0,2.517,2.509,2.501,0.0
2025-12-01 14:00:00,0.0,2.498,7.0,0.0,0.0,0.0,2.498,2.507,2.496,0.0
2025-12-01 15:00:00,0.0,2.565,7.0,0.0,0.0,0.0,2.521,2.52,2.497,0.0
2025-12-01 16:00:00,0.0,2.445,7.0,0.0,0.0,0.0,2.503,2.51,2.498,0.0
2025-12-01 17:00:00,0.0,2.589,7.0,0.0,0.0,0.0,2.533,2.515,2.504,0.0
2025-12-01 18:00:00,0.0,2.441,7.0,0.0,0.0,0.0,2.492,2.506,2.503,0.0
2025-12-01 19:00:00,0.0,2.467,7.0,0.0,0.0,0.0,2.499,2.501,2.503,0.0
2025-12-01 20:00:00,0.0,2.537,7.0,0.0,0.0,0.0,2.482,2.507,2.505,0.0
2025-12-01 21:00:00,0.0,2.552,7.0,0.0,0.0,0.0,2.519,2.505,2.507,0.0
2025-12-01 22:00:00,0.0,2.43,7.0,0.0,0.0,0.0,2.506,2.503,2.502,0.0
2025-12-01 23:00:00,46.487,2.445,7.0,46.487,46.487,46.487,2.476,2.479,2.498,0.0
2025-12-02 00:00:00,15.564,2.514,7.0,62.051,62.051,62.051,2.463,2.491,2.497,0.0
2025-12-02 01:00:00,0.0,2.617,7.0,62.051,62.051,62.051,2.525,2.516,2.506,0.0
2025-12-02 02:00:00,0.0,2.562,7.0,15.564,62.051,62.051,2.564,2.52,2.511,0.0
2025-12-02 03:00:00,0.0,7.136,7.0,0.0,62.051,62.051,4.105,3.284,2.704,0.136
2025-12-02 04:00:00,0.0,8.584,7.0,0.0,62.051,62.051,6.094,4.31,2.958,1.584
2025-12-02 05:00:00,0.0,8.709,7.0,0.0,15.564,62.051,8.143,5.354,3.215,1.709
2025-12-02 06:00:00,0.0,8.723,7.0,0.0,0.0,62.051,8.672,6.389,3.474,1.723
2025-12-02 07:00:00,0.0,8.686,7.0,0.0,0.0,62.051,8.706,7.4,3.731,1.686
2025-12-02 08:00:00,0.0,8.663,7.0,0.0,0.0,62.051,8.691,8.417,3.988,1.663
2025-12-02 09:00:00,0.0,4.064,7.0,0.0,0.0,62.051,7.138,7.905,4.053,0.0
2025-12-02 10:00:00,0.0,2.453,7.0,0.0,0.0,62.051,5.06,6.883,4.051,0.0
2025-12-02 11:00:00,0.0,2.594,7.0,0.0,0.0,62.051,3.037,5.864,4.053,0.0
2025-12-02 12:00:00,47.26,2.576,7.0,47.26,47.26,109.311,2.541,4.839,4.056,0.0
2025-12-02 13:00:00,0.0,2.533,7.0,47.26,47.26,109.311,2.567,3.814,4.058,0.0
2025-12-02 14:00:00,0.0,2.504,7.0,47.26,47.26,109.311,2.538,2.787,4.058,0.0
2025-12-02 15:00:00,0.0,2.467,7.0,0.0,47.26,109.311,2.501,2.521,4.054,0.0
2025-12-02 16:00:00,0.0,7.225,7.0,0.0,47.26,109.311,4.065,3.316,4.253,0.225
2025-12-02 17:00:00,0.0,7.308,7.0,0.0,47.26,109.311,5.667,4.102,4.45,0.308
2025-12-02 18:00:00,0.0,7.269,7.0,0.0,0.0,109.311,7.267,4.884,4.651,0.269
2025-12-02 19:00:00,0.0,7.236,7.0,0.0,0.0,109.311,7.271,5.668,4.85,0.236
2025-12-02 20:00:00,0.0,7.272,7.0,0.0,0.0,109.311,7.259,6.463,5.047,0.272
2025-12-02 21:00:00,0.0,7.253,7.0,0.0,0.0,109.311,7.254,7.261,5.243,0.253
2025-12-02 22:00:00,0.0,2.52,7.0,0.0,0.0,109.311,5.682,6.476,5.246,0.0
2025-12-02 23:00:00,0.0,2.549,7.0,0.0,0.0,62.824,4.107,5.683,5.251,0.0
2025-12-03 00:00:00,14.308,2.526,7.0,14.308,14.308,61.567,2.532,4.893,5.251,0.0
2025-12-03 01:00:00,0.0,2.543,7.0,14.308,14.308,61.567,2.539,4.111,5.248,0.0
2025-12-03 02:00:00,0.0,2.508,7.0,14.308,14.308,61.567,2.526,3.316,5.246,0.0
2025-12-03 03:00:00,0.0,2.487,7.0,0.0,14.308,61.567,2.513,2.522,5.052,0.0
2025-12-03 04:00:00,0.0,3.903,7.0,0.0,14.308,61.567,2.966,2.753,4.857,0.0
2025-12-03 05:00:00,0.0,3.897,7.0,0.0,14.308,61.567,3.429,2.977,4.657,0.0
2025-12-03 06:00:00,0.0,3.851,7.0,0.0,0.0,61.567,3.884,3.198,4.454,0.0
2025-12-03 07:00:00,0.0,3.885,7.0,0.0,0.0,61.567,3.878,3.422,4.254,0.0
2025-12-03 08:00:00,0.0,3.884,7.0,0.0,0.0,61.567,3.873,3.651,4.055,0.0
2025-12-03 09:00:00,0.0,3.905,7.0,0.0,0.0,61.567,3.891,3.888,4.048,0.0
2025-12-03 10:00:00,0.0,2.578,7.0,0.0,0.0,61.567,3.456,3.667,4.053,0.0
2025-12-03 11:00:00,0.0,2.492,7.0,0.0,0.0,61.567,2.992,3.433,4.049,0.0
2025-12-03 12:00:00,0.0,2.512,7.0,0.0,0.0,14.308,2.527,3.209,4.046,0.0
2025-12-03 13:00:00,0.0,2.514,7.0,0.0,0.0,14.308,2.506,2.981,4.045,0.0
2025-12-03 14:00:00,0.0,2.579,7.0,0.0,0.0,14.308,2.535,2.763,4.049,0.0
2025-12-03 15:00:00,0.0,2.471,7.0,0.0,0.0,14.308,2.521,2.524,4.049,0.0
2025-12-03 16:00:00,0.0,2.489,7.0,0.0,0.0,14.308,2.513,2.51,3.851,0.0
2025-12-03 17:00:00,0.0,2.495,7.0,0.0,0.0,14.308,2.485,2.51,3.651,0.0
2025-12-03 18:00:00,0.0,2.557,7.0,0.0,0.0,14.308,2.513,2.517,3.454,0.0
2025-12-03 19:00:00,0.0,2.567,7.0,0.0,0.0,14.308,2.54,2.526,3.26,0.0
2025-12-03 20:00:00,0.0,2.524,7.0,0.0,0.0,14.308,2.549,2.517,3.062,0.0
2025-12-03 21:00:00,0.0,2.562,7.0,0.0,0.0,14.308,2.551,2.532,2.867,0.0
2025-12-03 22:00:00,32.839,2.509,7.0,32.839,32.839,47.146,2.531,2.535,2.866,0.0
2025-12-03 23:00:00,0.0,2.491,7.0,32.839,32.839,47.146,2.521,2.535,2.864,0.0
2025-12-04 00:00:00,0.0,2.559,7.0,32.839,32.839,32.839,2.52,2.535,2.865,0.0
2025-12-04 01:00:00,0.0,2.524,7.0,0.0,32.839,32.839,2.525,2.528,2.864,0.0
2025-12-04 02:00:00,0.0,5.747,7.0,0.0,32.839,32.839,3.61,3.065,2.999,0.0
2025-12-04 03:00:00,0.0,5.834,7.0,0.0,32.839,32.839,4.702,3.611,3.139,0.0
2025-12-04 04:00:00,0.0,5.773,7.0,0.0,0.0,32.839,5.785,4.155,3.217,0.0
2025-12-04 05:00:00,61.923,5.767,7.0,61.923,61.923,94.762,5.792,4.701,3.295,0.0
2025-12-04 06:00:00,0.0,5.829,7.0,61.923,61.923,94.762,5.79,5.246,3.377,0.0
2025-12-04 07:00:00,0.0,5.779,7.0,61.923,61.923,94.762,5.792,5.788,3.456,0.0
2025-12-04 08:00:00,0.0,2.519,7.0,0.0,61.923,94.762,4.709,5.25,3.399,0.0
2025-12-04 09:00:00,0.0,8.725,7.0,0.0,61.923,94.762,5.675,5.732,3.6,1.725
2025-12-04 10:00:00,0.0,8.653,7.0,0.0,61.923,94.762,6.633,6.212,3.853,1.653
2025-12-04 11:00:00,0.0,8.712,7.0,0.0,0.0,94.762,8.697,6.703,4.112,1.712
2025-12-04 12:00:00,0.0,8.76,7.0,0.0,0.0,94.762,8.708,7.191,4.372,1.76
2025-12-04 13:00:00,7.482,8.645,7.0,7.482,7.482,102.244,8.705,7.669,4.628,1.645
2025-12-04 14:00:00,0.0,8.715,7.0,7.482,7.482,102.244,8.706,8.702,4.884,1.715
2025-12-04 15:00:00,0.0,2.459,7.0,7.482,7.482,102.244,6.606,7.657,4.883,0.0
2025-12-04 16:00:00,0.0,2.551,7.0,0.0,7.482,102.244,4.575,6.64,4.886,0.0
2025-12-04 17:00:00,0.0,3.299,7.0,0.0,7.482,102.244,2.769,5.738,4.919,0.0
2025-12-04 18:00:00,0.0,3.23,7.0,0.0,7.482,102.244,3.027,4.816,4.947,0.0
2025-12-04 19:00:00,0.0,3.359,7.0,0.0,0.0,102.244,3.296,3.935,4.98,0.0
2025-12-04 20:00:00,0.0,3.304,7.0,0.0,0.0,102.244,3.298,3.034,5.013,0.0
2025-12-04 21:00:00,0.0,3.284,7.0,0.0,0.0,102.244,3.315,3.171,5.043,0.0
2025-12-04 22:00:00,0.0,3.281,7.0,0.0,0.0,69.405,3.289,3.293,5.075,0.0
2025-12-04 23:00:00,0.0,2.549,7.0,0.0,0.0,69.405,3.038,3.168,5.077,0.0
2025-12-05 00:00:00,0.321,2.45,7.0,0.321,0.321,69.727,2.76,3.038,5.073,0.0
2025-12-05 01:00:00,0.0,2.51,7.0,0.321,0.321,69.727,2.503,2.896,5.072,0.0
2025-12-05 02:00:00,0.0,2.519,7.0,0.321,0.321,69.727,2.493,2.765,4.938,0.0
2025-12-05 03:00:00,0.0,2.48,7.0,0.0,0.321,69.727,2.503,2.632,4.798,0.0
2025-12-05 04:00:00,0.0,2.555,7.0,0.0,0.321,69.727,2.518,2.511,4.664,0.0
2025-12-05 05:00:00,0.0,2.594,7.0,0.0,0.321,7.803,2.543,2.518,4.532,0.0
2025-12-05 06:00:00,0.0,2.511,7.0,0.0,0.0,7.803,2.553,2.528,4.393,0.0
2025-12-05 07:00:00,0.0,2.529,7.0,0.0,0.0,7.803,2.545,2.531,4.258,0.0
2025-12-05 08:00:00,0.0,2.491,7.0,0.0,0.0,7.803,2.511,2.527,4.257,0.0
2025-12-05 09:00:00,0.0,2.443,7.0,0.0,0.0,7.803,2.488,2.521,3.995,0.0
2025-12-05 10:00:00,0.0,2.539,7.0,0.0,0.0,7.803,2.491,2.518,3.74,0.0
2025-12-05 11:00:00,0.0,2.499,7.0,0.0,0.0,7.803,2.493,2.502,3.481,0.0
2025-12-05 12:00:00,0.0,2.502,7.0,0.0,0.0,7.803,2.513,2.501,3.221,0.0
2025-12-05 13:00:00,0.0,2.451,7.0,0.0,0.0,0.321,2.484,2.487,2.963,0.0
2025-12-05 14:00:00,0.0,2.491,7.0,0.0,0.0,0.321,2.481,2.487,2.703,0.0
2025-12-05 15:00:00,0.0,2.555,7.0,0.0,0.0,0.321,2.499,2.506,2.707,0.0
2025-12-05 16:00:00,0.0,2.5,7.0,0.0,0.0,0.321,2.515,2.5,2.705,0.0
2025-12-05 17:00:00,0.0,2.501,7.0,0.0,0.0,0.321,2.519,2.5,2.672,0.0
2025-12-05 18:00:00,0.0,2.51,7.0,0.0,0.0,0.321,2.504,2.501,2.642,0.0
2025-12-05 19:00:00,0.0,2.438,7.0,0.0,0.0,0.321,2.483,2.499,2.604,0.0
2025-12-05 20:00:00,0.155,2.531,7.0,0.155,0.155,0.476,2.493,2.506,2.571,0.0
2025-12-05 21:00:00,0.0,2.437,7.0,0.155,0.155,0.476,2.469,2.486,2.536,0.0
2025-12-05 22:00:00,0.0,2.453,7.0,0.155,0.155,0.476,2.474,2.479,2.502,0.0
2025-12-05 23:00:00,0.0,2.448,7.0,0.0,0.155,0.476,2.446,2.47,2.497,0.0
2025-12-06 00:00:00,0.0,2.507,7.0,0.0,0.155,0.155,2.469,2.469,2.5,0.0
2025-12-06 01:00:00,8.99,2.498,7.0,8.99,9.145,9.145,2.484,2.479,2.499,0.0
2025-12-06 02:00:00,0.0,2.515,7.0,8.99,8.99,9.145,2.507,2.476,2.499,0.0
2025-12-06 03:00:00,0.0,2.47,7.0,8.99,8.99,9.145,2.494,2.482,2.499,0.0
2025-12-06 04:00:00,0.0,2.566,7.0,0.0,8.99,9.145,2.517,2.501,2.499,0.0
2025-12-06 05:00:00,0.0,3.456,7.0,0.0,8.99,9.145,2.831,2.669,2.535,0.0
2025-12-06 06:00:00,0.0,3.39,7.0,0.0,8.99,9.145,3.137,2.816,2.572,0.0
2025-12-06 07:00:00,0.0,3.375,7.0,0.0,0.0,9.145,3.407,2.962,2.607,0.0
2025-12-06 08:00:00,22.928,3.37,7.0,22.928,22.928,32.073,3.378,3.105,2.644,0.0
2025-12-06 09:00:00,0.0,3.384,7.0,22.928,22.928,32.073,3.376,3.257,2.683,0.0
2025-12-06 10:00:00,0.0,3.329,7.0,22.928,22.928,32.073,3.361,3.384,2.716,0.0
2025-12-06 11:00:00,0.0,2.452,7.0,0.0,22.928,32.073,3.055,3.217,2.714,0.0
2025-12-06 12:00:00,0.0,4.836,7.0,0.0,22.928,32.073,3.539,3.458,2.811,0.0
2025-12-06 13:00:00,0.0,4.808,7.0,0.0,22.928,32.073,4.032,3.696,2.909,0.0
2025-12-06 14:00:00,0.0,4.875,7.0,0.0,0.0,32.073,4.839,3.947,3.009,0.0
2025-12-06 15:00:00,0.0,4.778,7.0,0.0,0.0,32.073,4.82,4.18,3.101,0.0
2025-12-06 16:00:00,0.0,4.775,7.0,0.0,0.0,32.073,4.809,4.42,3.196,0.0
2025-12-06 17:00:00,0.0,4.772,7.0,0.0,0.0,32.073,4.775,4.807,3.291,0.0
2025-12-06 18:00:00,0.0,2.484,7.0,0.0,0.0,32.073,4.01,4.415,3.289,0.0
2025-12-06 19:00:00,0.0,2.467,7.0,0.0,0.0,32.073,3.241,4.025,3.291,0.0
2025-12-06 20:00:00,0.0,2.514,7.0,0.0,0.0,31.918,2.488,3.632,3.29,0.0
2025-12-06 21:00:00,0.0,2.501,7.0,0.0,0.0,31.918,2.494,3.252,3.293,0.0
2025-12-06 22:00:00,0.0,2.475,7.0,0.0,0.0,31.918,2.497,2.869,3.293,0.0
2025-12-06 23:00:00,0.0,2.563,7.0,0.0,0.0,31.918,2.513,2.501,3.298,0.0
2025-12-07 00:00:00,21.669,2.595,7.0,21.669,21.669,53.588,2.544,2.519,3.302,0.0
2025-12-07 01:00:00,0.0,2.558,7.0,21.669,21.669,44.598,2.572,2.534,3.304,0.0
2025-12-07 02:00:00,0.0,2.528,7.0,21.669,21.669,44.598,2.56,2.537,3.305,0.0
2025-12-07 03:00:00,0.0,2.538,7.0,0.0,21.669,44.598,2.541,2.543,3.308,0.0
2025-12-07 04:00:00,0.0,4.76,7.0,0.0,21.669,44.598,3.275,2.924,3.399,0.0
2025-12-07 05:00:00,0.0,4.705,7.0,0.0,21.669,44.598,4.001,3.281,3.451,0.0
2025-12-07 06:00:00,0.0,4.638,7.0,0.0,0.0,44.598,4.701,3.621,3.503,0.0
2025-12-07 07:00:00,0.0,4.687,7.0,0.0,0.0,44.598,4.676,3.976,3.558,0.0
2025-12-07 08:00:00,0.0,4.698,7.0,0.0,0.0,21.669,4.674,4.338,3.613,0.0
2025-12-07 09:00:00,0.0,4.617,7.0,0.0,0.0,21.669,4.667,4.684,3.665,0.0
2025-12-07 10:00:00,0.0,2.486,7.0,0.0,0.0,21.669,3.934,4.305,3.629,0.0
2025-12-07 11:00:00,0.0,2.555,7.0,0.0,0.0,21.669,3.219,3.947,3.634,0.0
2025-12-07 12:00:00,0.0,2.409,7.0,0.0,0.0,21.669,2.483,3.575,3.533,0.0
2025-12-07 13:00:00,0.0,2.437,7.0,0.0,0.0,21.669,2.467,3.2,3.434,0.0
2025-12-07 14:00:00,0.0,2.491,7.0,0.0,0.0,21.669,2.446,2.833,3.335,0.0
2025-12-07 15:00:00,0.0,2.518,7.0,0.0,0.0,21.669,2.482,2.483,3.24,0.0
2025-12-07 16:00:00,0.0,2.432,7.0,0.0,0.0,21.669,2.48,2.474,3.143,0.0
2025-12-07 17:00:00,0.0,2.494,7.0,0.0,0.0,21.669,2.481,2.463,3.048,0.0
2025-12-07 18:00:00,0.0,2.558,7.0,0.0,0.0,21.669,2.494,2.488,3.051,0.0
2025-12-07 19:00:00,0.0,2.503,7.0,0.0,0.0,21.669,2.518,2.499,3.052,0.0
2025-12-07 20:00:00,0.0,2.547,7.0,0.0,0.0,21.669,2.536,2.509,3.054,0.0
2025-12-07 21:00:00,0.0,2.47,7.0,0.0,0.0,21.669,2.507,2.501,3.053,0.0
2025-12-07 22:00:00,0.0,2.46,7.0,0.0,0.0,21.669,2.492,2.505,3.052,0.0
2025-12-07 23:00:00,13.047,2.542,7.0,13.047,13.047,34.716,2.491,2.513,3.051,0.0
2025-12-08 00:00:00,0.0,2.518,7.0,13.047,13.047,13.047,2.507,2.507,3.048,0.0
2025-12-08 01:00:00,0.0,2.441,7.0,13.047,13.047,13.047,2.501,2.496,3.043,0.0
2025-12-08 02:00:00,0.0,2.46,7.0,0.0,13.047,13.047,2.473,2.482,3.04,0.0
2025-12-08 03:00:00,0.0,3.883,7.0,0.0,13.047,13.047,2.928,2.717,3.096,0.0
2025-12-08 04:00:00,0.0,3.758,7.0,0.0,13.047,13.047,3.367,2.934,3.054,0.0
2025-12-08 05:00:00,0.0,3.851,7.0,0.0,0.0,13.047,3.831,3.152,3.019,0.0
2025-12-08 06:00:00,0.0,3.781,7.0,0.0,0.0,13.047,3.797,3.362,2.983,0.0
2025-12-08 07:00:00,0.0,3.805,7.0,0.0,0.0,13.047,3.812,3.59,2.946,0.0
2025-12-08 08:00:00,0.0,3.819,7.0,0.0,0.0,13.047,3.802,3.816,2.91,0.0
2025-12-08 09:00:00,0.0,2.395,7.0,0.0,0.0,13.047,3.34,3.568,2.817,0.0
2025-12-08 10:00:00,0.0,2.427,7.0,0.0,0.0,13.047,2.88,3.346,2.815,0.0
2025-12-08 11:00:00,0.0,2.504,7.0,0.0,0.0,13.047,2.442,3.122,2.813,0.0
2025-12-08 12:00:00,0.0,2.464,7.0,0.0,0.0,13.047,2.465,2.902,2.815,0.0
2025-12-08 13:00:00,0.0,2.55,7.0,0.0,0.0,13.047,2.506,2.693,2.82,0.0
2025-12-08 14:00:00,0.0,2.42,7.0,0.0,0.0,13.047,2.478,2.46,2.817,0.0
2025-12-08 15:00:00,0.0,2.528,7.0,0.0,0.0,13.047,2.499,2.482,2.817,0.0
2025-12-08 16:00:00,0.0,2.431,7.0,0.0,0.0,13.047,2.46,2.483,2.817,0.0
2025-12-08 17:00:00,0.0,2.482,7.0,0.0,0.0,13.047,2.481,2.479,2.817,0.0
2025-12-08 18:00:00,0.0,2.447,7.0,0.0,0.0,13.047,2.453,2.476,2.812,0.0
2025-12-08 19:00:00,0.0,2.595,7.0,0.0,0.0,13.047,2.508,2.484,2.816,0.0
2025-12-08 20:00:00,0.0,2.433,7.0,0.0,0.0,13.047,2.492,2.486,2.811,0.0
2025-12-08 21:00:00,0.0,2.494,7.0,0.0,0.0,13.047,2.507,2.48,2.812,0.0
2025-12-08 22:00:00,0.0,2.414,7.0,0.0,0.0,13.047,2.447,2.477,2.81,0.0
2025-12-08 23:00:00,0.0,2.58,7.0,0.0,0.0,0.0,2.496,2.494,2.812,0.0
2025-12-09 00:00:00,0.0,2.52,7.0,0.0,0.0,0.0,2.505,2.506,2.812,0.0
2025-12-09 01:00:00,0.0,2.507,7.0,0.0,0.0,0.0,2.536,2.491,2.814,0.0
2025-12-09 02:00:00,0.0,2.574,7.0,0.0,0.0,0.0,2.534,2.515,2.819,0.0
2025-12-09 03:00:00,0.0,2.507,7.0,0.0,0.0,0.0,2.529,2.517,2.762,0.0
2025-12-09 04:00:00,0.0,2.511,7.0,0.0,0.0,0.0,2.531,2.533,2.71,0.0
2025-12-09 05:00:00,0.0,2.507,7.0,0.0,0.0,0.0,2.508,2.521,2.654,0.0
2025-12-09 06:00:00,0.0,2.528,7.0,0.0,0.0,0.0,2.515,2.522,2.602,0.0
2025-12-09 07:00:00,0.0,2.475,7.0,0.0,0.0,0.0,2.503,2.517,2.546,0.0
2025-12-09 08:00:00,0.0,2.489,7.0,0.0,0.0,0.0,2.498,2.503,2.491,0.0
2025-12-09 09:00:00,0.0,2.541,7.0,0.0,0.0,0.0,2.502,2.508,2.497,0.0
2025-12-09 10:00:00,0.0,2.514,7.0,0.0,0.0,0.0,2.515,2.509,2.501,0.0
2025-12-09 11:00:00,0.0,2.494,7.0,0.0,0.0,0.0,2.516,2.507,2.5,0.0
2025-12-09 12:00:00,0.0,2.43,7.0,0.0,0.0,0.0,2.479,2.491,2.499,0.0
2025-12-09 13:00:00,0.0,2.575,7.0,0.0,0.0,0.0,2.5,2.507,2.5,0.0
2025-12-09 14:00:00,0.0,2.467,7.0,0.0,0.0,0.0,2.491,2.503,2.502,0.0
2025-12-09 15:00:00,0.0,2.549,7.0,0.0,0.0,0.0,2.53,2.505,2.503,0.0
2025-12-09 16:00:00,0.0,2.509,7.0,0.0,0.0,0.0,2.508,2.504,2.506,0.0
2025-12-09 17:00:00,0.0,2.435,7.0,0.0,0.0,0.0,2.498,2.494,2.504,0.0
2025-12-09 18:00:00,0.0,2.563,7.0,0.0,0.0,0.0,2.502,2.516,2.509,0.0
2025-12-09 19:00:00,0.0,2.513,7.0,0.0,0.0,0.0,2.504,2.506,2.505,0.0
2025-12-09 20:00:00,0.0,2.567,7.0,0.0,0.0,0.0,2.547,2.523,2.511,0.0
2025-12-09 21:00:00,0.0,2.491,7.0,0.0,0.0,0.0,2.523,2.513,2.511,0.0
2025-12-09 22:00:00,0.0,2.535,7.0,0.0,0.0,0.0,2.531,2.517,2.516,0.0
2025-12-09 23:00:00,0.0,2.412,7.0,0.0,0.0,0.0,2.479,2.513,2.509,0.0
2025-12-10 00:00:00,0.0,2.475,7.0,0.0,0.0,0.0,2.474,2.499,2.507,0.0
2025-12-10 01:00:00,0.0,2.436,7.0,0.0,0.0,0.0,2.441,2.486,2.504,0.0
2025-12-10 02:00:00,0.0,2.481,7.0,0.0,0.0,0.0,2.464,2.472,2.5,0.0
2025-12-10 03:00:00,0.0,2.524,7.0,0.0,0.0,0.0,2.48,2.477,2.501,0.0
2025-12-10 04:00:00,0.0,2.47,7.0,0.0,0.0,0.0,2.492,2.466,2.499,0.0
2025-12-10 05:00:00,0.0,2.543,7.0,0.0,0.0,0.0,2.512,2.488,2.501,0.0
2025-12-10 06:00:00,0.0,2.457,7.0,0.0,0.0,0.0,2.49,2.485,2.498,0.0
2025-12-10 07:00:00,0.0,2.544,7.0,0.0,0.0,0.0,2.515,2.503,2.501,0.0
2025-12-10 08:00:00,0.0,2.565,7.0,0.0,0.0,0.0,2.522,2.517,2.504,0.0
2025-12-10 09:00:00,0.0,2.551,7.0,0.0,0.0,0.0,2.553,2.522,2.504,0.0
2025-12-10 10:00:00,0.0,2.483,7.0,0.0,0.0,0.0,2.533,2.524,2.503,0.0
2025-12-10 11:00:00,0.0,2.394,7.0,0.0,0.0,0.0,2.476,2.499,2.499,0.0
2025-12-10 12:00:00,0.0,2.529,7.0,0.0,0.0,0.0,2.469,2.511,2.503,0.0
2025-12-10 13:00:00,0.0,2.494,7.0,0.0,0.0,0.0,2.472,2.503,2.499,0.0
2025-12-10 14:00:00,0.0,2.451,7.0,0.0,0.0,0.0,2.491,2.484,2.499,0.0
2025-12-10 15:00:00,0.0,2.472,7.0,0.0,0.0,0.0,2.472,2.47,2.496,0.0
2025-12-10 16:00:00,0.0,2.572,7.0,0.0,0.0,0.0,2.498,2.485,2.498,0.0
2025-12-10 17:00:00,0.0,2.443,7.0,0.0,0.0,0.0,2.496,2.493,2.499,0.0
2025-12-10 18:00:00,0.0,2.523,7.0,0.0,0.0,0.0,2.513,2.493,2.497,0.0
2025-12-10 19:00:00,31.889,2.511,7.0,31.889,31.889,31.889,2.492,2.495,2.497,0.0
2025-12-10 20:00:00,0.0,2.482,7.0,31.889,31.889,31.889,2.505,2.501,2.493,0.0
2025-12-10 21:00:00,0.0,2.532,7.0,31.889,31.889,31.889,2.508,2.511,2.495,0.0
2025-12-10 22:00:00,0.0,2.582,7.0,0.0,31.889,31.889,2.532,2.512,2.497,0.0
2025-12-10 23:00:00,0.0,5.674,7.0,0.0,31.889,31.889,3.596,3.051,2.633,0.0
2025-12-11 00:00:00,0.0,5.677,7.0,0.0,31.889,31.889,4.644,3.576,2.766,0.0
2025-12-11 01:00:00,1.958,5.72,7.0,1.958,1.958,33.846,5.69,4.111,2.903,0.0
2025-12-11 02:00:00,0.0,5.735,7.0,1.958,1.958,33.846,5.71,4.653,3.039,0.0
2025-12-11 03:00:00,0.0,5.682,7.0,1.958,1.958,33.846,5.712,5.178,3.17,0.0
2025-12-11 04:00:00,0.0,5.674,7.0,0.0,1.958,33.846,5.697,5.694,3.304,0.0
2025-12-11 05:00:00,0.0,2.585,7.0,0.0,1.958,33.846,4.647,5.179,3.305,0.0
2025-12-11 06:00:00,0.0,2.657,7.0,0.0,1.958,33.846,3.638,4.675,3.314,0.0
2025-12-11 07:00:00,0.0,2.639,7.0,0.0,0.0,33.846,2.627,4.162,3.318,0.0
2025-12-11 08:00:00,0.0,2.73,7.0,0.0,0.0,33.846,2.675,3.661,3.325,0.0
2025-12-11 09:00:00,0.0,2.684,7.0,0.0,0.0,33.846,2.684,3.161,3.33,0.0
2025-12-11 10:00:00,0.0,2.682,7.0,0.0,0.0,33.846,2.698,2.663,3.338,0.0
2025-12-11 11:00:00,0.0,2.5,7.0,0.0,0.0,33.846,2.622,2.648,3.343,0.0
2025-12-11 12:00:00,0.0,2.456,7.0,0.0,0.0,33.846,2.546,2.615,3.34,0.0
2025-12-11 13:00:00,0.0,2.578,7.0,0.0,0.0,33.846,2.511,2.605,3.343,0.0
2025-12-11 14:00:00,0.0,2.565,7.0,0.0,0.0,33.846,2.533,2.577,3.348,0.0
2025-12-11 15:00:00,0.0,2.581,7.0,0.0,0.0,33.846,2.574,2.56,3.353,0.0
2025-12-11 16:00:00,0.0,2.534,7.0,0.0,0.0,33.846,2.56,2.536,3.351,0.0
2025-12-11 17:00:00,0.0,2.499,7.0,0.0,0.0,33.846,2.538,2.535,3.353,0.0
2025-12-11 18:00:00,0.0,2.581,7.0,0.0,0.0,33.846,2.538,2.556,3.356,0.0
2025-12-11 19:00:00,0.0,2.466,7.0,0.0,0.0,1.958,2.515,2.538,3.354,0.0
2025-12-11 20:00:00,0.0,2.456,7.0,0.0,0.0,1.958,2.501,2.519,3.353,0.0
2025-12-11 21:00:00,0.0,2.47,7.0,0.0,0.0,1.958,2.464,2.501,3.35,0.0
2025-12-11 22:00:00,0.0,2.526,7.0,0.0,0.0,1.958,2.484,2.5,3.348,0.0
2025-12-11 23:00:00,0.0,2.462,7.0,0.0,0.0,1.958,2.486,2.494,3.214,0.0
2025-12-12 00:00:00,0.0,2.492,7.0,0.0,0.0,1.958,2.493,2.479,3.081,0.0
2025-12-12 01:00:00,14.811,2.42,7.0,14.811,14.811,14.811,2.458,2.471,2.944,0.0
2025-12-12 02:00:00,0.0,2.524,7.0,14.811,14.811,14.811,2.479,2.482,2.81,0.0
2025-12-12 03:00:00,0.0,2.424,7.0,14.811,14.811,14.811,2.456,2.475,2.674,0.0
2025-12-12 04:00:00,0.0,2.453,7.0,0.0,14.811,14.811,2.467,2.463,2.54,0.0
2025-12-12 05:00:00,0.0,4.042,7.0,0.0,14.811,14.811,2.973,2.726,2.601,0.0
2025-12-12 06:00:00,0.0,4.04,7.0,0.0,14.811,14.811,3.512,2.984,2.658,0.0
2025-12-12 07:00:00,0.0,4.0,7.0,0.0,0.0,14.811,4.027,3.247,2.715,0.0
2025-12-12 08:00:00,0.0,3.995,7.0,0.0,0.0,14.811,4.012,3.492,2.768,0.0
2025-12-12 09:00:00,0.0,3.955,7.0,0.0,0.0,14.811,3.983,3.747,2.821,0.0
2025-12-12 10:00:00,17.008,3.942,7.0,17.008,17.008,31.819,3.964,3.996,2.873,0.0
2025-12-12 11:00:00,0.0,2.482,7.0,17.008,17.008,31.819,3.46,3.736,2.873,0.0
2025-12-12 12:00:00,0.0,2.424,7.0,17.008,17.008,31.819,2.95,3.466,2.871,0.0
2025-12-12 13:00:00,0.0,2.513,7.0,0.0,17.008,31.819,2.473,3.218,2.869,0.0
2025-12-12 14:00:00,0.0,4.203,7.0,0.0,17.008,31.819,3.047,3.253,2.937,0.0
2025-12-12 15:00:00,0.0,4.154,7.0,0.0,17.008,31.819,3.623,3.286,3.002,0.0
2025-12-12 16:00:00,0.0,4.279,7.0,0.0,0.0,31.819,4.212,3.343,3.075,0.0
2025-12-12 17:00:00,0.0,4.231,7.0,0.0,0.0,31.819,4.221,3.634,3.147,0.0
2025-12-12 18:00:00,0.0,4.235,7.0,0.0,0.0,31.819,4.249,3.936,3.216,0.0
2025-12-12 19:00:00,0.0,4.176,7.0,0.0,0.0,31.819,4.214,4.213,3.288,0.0
2025-12-12 20:00:00,0.0,2.5,7.0,0.0,0.0,31.819,3.637,3.929,3.289,0.0
2025-12-12 21:00:00,0.0,2.531,7.0,0.0,0.0,31.819,3.069,3.659,3.292,0.0
2025-12-12 22:00:00,0.0,2.508,7.0,0.0,0.0,31.819,2.513,3.364,3.291,0.0
2025-12-12 23:00:00,0.0,2.58,7.0,0.0,0.0,31.819,2.54,3.088,3.296,0.0
2025-12-13 00:00:00,0.0,2.49,7.0,0.0,0.0,31.819,2.526,2.798,3.296,0.0
2025-12-13 01:00:00,0.0,2.475,7.0,0.0,0.0,17.008,2.515,2.514,3.298,0.0
2025-12-13 02:00:00,0.0,2.532,7.0,0.0,0.0,17.008,2.499,2.519,3.299,0.0
2025-12-13 03:00:00,0.0,2.437,7.0,0.0,0.0,17.008,2.481,2.503,3.299,0.0
2025-12-13 04:00:00,0.0,2.546,7.0,0.0,0.0,17.008,2.505,2.51,3.303,0.0
2025-12-13 05:00:00,0.0,2.435,7.0,0.0,0.0,17.008,2.473,2.486,3.236,0.0
2025-12-13 06:00:00,0.0,2.532,7.0,0.0,0.0,17.008,2.504,2.493,3.173,0.0
2025-12-13 07:00:00,0.0,2.468,7.0,0.0,0.0,17.008,2.478,2.492,3.109,0.0
2025-12-13 08:00:00,0.0,2.524,7.0,0.0,0.0,17.008,2.508,2.49,3.048,0.0
2025-12-13 09:00:00,0.0,2.545,7.0,0.0,0.0,17.008,2.512,2.508,2.989,0.0
2025-12-13 10:00:00,0.0,2.508,7.0,0.0,0.0,0.0,2.526,2.502,2.929,0.0
2025-12-13 11:00:00,0.0,2.44,7.0,0.0,0.0,0.0,2.498,2.503,2.928,0.0
2025-12-13 12:00:00,0.0,2.455,7.0,0.0,0.0,0.0,2.468,2.49,2.929,0.0
2025-12-13 13:00:00,0.0,2.464,7.0,0.0,0.0,0.0,2.453,2.489,2.927,0.0
2025-12-13 14:00:00,0.0,2.405,7.0,0.0,0.0,0.0,2.441,2.47,2.852,0.0
2025-12-13 15:00:00,0.0,2.556,7.0,0.0,0.0,0.0,2.475,2.471,2.786,0.0
2025-12-13 16:00:00,0.0,2.506,7.0,0.0,0.0,0.0,2.489,2.471,2.712,0.0
2025-12-13 17:00:00,0.0,2.443,7.0,0.0,0.0,0.0,2.502,2.472,2.637,0.0
2025-12-13 18:00:00,0.0,2.573,7.0,0.0,0.0,0.0,2.507,2.491,2.568,0.0
2025-12-13 19:00:00,0.0,2.465,7.0,0.0,0.0,0.0,2.494,2.491,2.497,0.0
2025-12-13 20:00:00,0.0,2.513,7.0,0.0,0.0,0.0,2.517,2.509,2.497,0.0
2025-12-13 21:00:00,0.0,2.459,7.0,0.0,0.0,0.0,2.479,2.493,2.494,0.0
2025-12-13 22:00:00,0.0,2.399,7.0,0.0,0.0,0.0,2.457,2.475,2.489,0.0
2025-12-13 23:00:00,0.0,2.432,7.0,0.0,0.0,0.0,2.43,2.473,2.483,0.0
2025-12-14 00:00:00,0.0,2.478,7.0,0.0,0.0,0.0,2.436,2.457,2.483,0.0
2025-12-14 01:00:00,0.0,2.545,7.0,0.0,0.0,0.0,2.485,2.471,2.486,0.0
2025-12-14 02:00:00,0.0,2.517,7.0,0.0,0.0,0.0,2.513,2.472,2.485,0.0
2025-12-14 03:00:00,0.0,2.507,7.0,0.0,0.0,0.0,2.523,2.48,2.488,0.0
2025-12-14 04:00:00,0.0,2.399,7.0,0.0,0.0,0.0,2.475,2.48,2.482,0.0
2025-12-14 05:00:00,0.0,2.564,7.0,0.0,0.0,0.0,2.49,2.502,2.487,0.0
2025-12-14 06:00:00,0.0,2.511,7.0,0.0,0.0,0.0,2.491,2.507,2.486,0.0
2025-12-14 07:00:00,0.0,2.494,7.0,0.0,0.0,0.0,2.523,2.499,2.488,0.0
2025-12-14 08:00:00,0.0,2.557,7.0,0.0,0.0,0.0,2.521,2.505,2.489,0.0
2025-12-14 09:00:00,0.0,2.562,7.0,0.0,0.0,0.0,2.538,2.515,2.49,0.0
2025-12-14 10:00:00,0.0,2.558,7.0,0.0,0.0,0.0,2.559,2.541,2.492,0.0
2025-12-14 11:00:00,0.0,2.488,7.0,0.0,0.0,0.0,2.536,2.528,2.494,0.0
2025-12-14 12:00:00,0.0,2.45,7.0,0.0,0.0,0.0,2.498,2.518,2.493,0.0
2025-12-14 13:00:00,0.0,2.549,7.0,0.0,0.0,0.0,2.496,2.527,2.497,0.0
2025-12-14 14:00:00,0.0,2.432,7.0,0.0,0.0,0.0,2.477,2.506,2.498,0.0
2025-12-14 15:00:00,0.0,2.597,7.0,0.0,0.0,0.0,2.526,2.512,2.5,0.0
2025-12-14 16:00:00,1.598,2.501,7.0,1.598,1.598,1.598,2.51,2.503,2.5,0.0
2025-12-14 17:00:00,0.0,2.447,7.0,1.598,1.598,1.598,2.515,2.496,2.5,0.0
2025-12-14 18:00:00,0.0,2.438,7.0,1.598,1.598,1.598,2.462,2.494,2.494,0.0
2025-12-14 19:00:00,0.0,2.436,7.0,0.0,1.598,1.598,2.44,2.475,2.493,0.0
2025-12-14 20:00:00,0.0,2.667,7.0,0.0,1.598,1.598,2.514,2.515,2.499,0.0
2025-12-14 21:00:00,0.0,2.66,7.0,0.0,1.598,1.598,2.588,2.525,2.508,0.0
2025-12-14 22:00:00,0.0,2.598,7.0,0.0,0.0,1.598,2.641,2.541,2.516,0.0
2025-12-14 23:00:00,0.0,2.642,7.0,0.0,0.0,1.598,2.633,2.573,2.525,0.0
2025-12-15 00:00:00,0.0,2.591,7.0,0.0,0.0,1.598,2.611,2.599,2.53,0.0
2025-12-15 01:00:00,0.0,2.689,7.0,0.0,0.0,1.598,2.641,2.641,2.536,0.0
2025-12-15 02:00:00,0.0,2.497,7.0,0.0,0.0,1.598,2.593,2.613,2.535,0.0
2025-12-15 03:00:00,0.0,2.481,7.0,0.0,0.0,1.598,2.556,2.583,2.534,0.0
2025-12-15 04:00:00,0.0,2.436,7.0,0.0,0.0,1.598,2.471,2.556,2.535,0.0
2025-12-15 05:00:00,0.0,2.485,7.0,0.0,0.0,1.598,2.467,2.53,2.532,0.0
2025-12-15 06:00:00,0.0,2.479,7.0,0.0,0.0,1.598,2.467,2.511,2.531,0.0
2025-12-15 07:00:00,0.0,2.516,7.0,0.0,0.0,1.598,2.493,2.482,2.532,0.0
2025-12-15 08:00:00,0.0,2.508,7.0,0.0,0.0,1.598,2.501,2.484,2.53,0.0
2025-12-15 09:00:00,0.0,2.54,7.0,0.0,0.0,1.598,2.521,2.494,2.529,0.0
2025-12-15 10:00:00,0.0,2.476,7.0,0.0,0.0,1.598,2.508,2.501,2.525,0.0
2025-12-15 11:00:00,0.0,2.407,7.0,0.0,0.0,1.598,2.474,2.488,2.522,0.0
2025-12-15 12:00:00,0.0,2.55,7.0,0.0,0.0,1.598,2.477,2.499,2.526,0.0
2025-12-15 13:00:00,0.0,2.453,7.0,0.0,0.0,1.598,2.47,2.489,2.522,0.0
2025-12-15 14:00:00,0.0,2.445,7.0,0.0,0.0,1.598,2.482,2.478,2.522,0.0
2025-12-15 15:00:00,0.0,2.498,7.0,0.0,0.0,1.598,2.465,2.471,2.518,0.0
2025-12-15 16:00:00,0.0,2.515,7.0,0.0,0.0,0.0,2.486,2.478,2.519,0.0
2025-12-15 17:00:00,0.0,2.473,7.0,0.0,0.0,0.0,2.495,2.489,2.52,0.0
2025-12-15 18:00:00,0.0,2.473,7.0,0.0,0.0,0.0,2.487,2.476,2.521,0.0
2025-12-15 19:00:00,0.0,2.48,7.0,0.0,0.0,0.0,2.476,2.481,2.523,0.0
2025-12-15 20:00:00,0.0,2.571,7.0,0.0,0.0,0.0,2.508,2.502,2.519,0.0
2025-12-15 21:00:00,0.0,2.5,7.0,0.0,0.0,0.0,2.517,2.502,2.513,0.0
2025-12-15 22:00:00,0.0,2.452,7.0,0.0,0.0,0.0,2.507,2.492,2.507,0.0
2025-12-15 23:00:00,0.0,2.452,7.0,0.0,0.0,0.0,2.468,2.488,2.499,0.0
2025-12-16 00:00:00,0.0,2.487,7.0,0.0,0.0,0.0,2.464,2.49,2.494,0.0
2025-12-16 01:00:00,0.0,2.512,7.0,0.0,0.0,0.0,2.484,2.496,2.487,0.0
2025-12-16 02:00:00,0.0,2.524,7.0,0.0,0.0,0.0,2.508,2.488,2.488,0.0
2025-12-16 03:00:00,0.0,2.506,7.0,0.0,0.0,0.0,2.514,2.489,2.489,0.0
2025-12-16 04:00:00,0.0,2.458,7.0,0.0,0.0,0.0,2.496,2.49,2.49,0.0
2025-12-16 05:00:00,0.0,2.479,7.0,0.0,0.0,0.0,2.481,2.494,2.49,0.0
2025-12-16 06:00:00,0.0,2.537,7.0,0.0,0.0,0.0,2.491,2.503,2.492,0.0
2025-12-16 07:00:00,0.0,2.443,7.0,0.0,0.0,0.0,2.486,2.491,2.489,0.0
2025-12-16 08:00:00,0.0,2.477,7.0,0.0,0.0,0.0,2.485,2.483,2.488,0.0
2025-12-16 09:00:00,0.0,2.53,7.0,0.0,0.0,0.0,2.483,2.487,2.487,0.0
2025-12-16 10:00:00,26.405,2.544,7.0,26.405,26.405,26.405,2.517,2.501,2.49,0.0
2025-12-16 11:00:00,0.0,2.49,7.0,26.405,26.405,26.405,2.521,2.503,2.494,0.0
2025-12-16 12:00:00,0.0,2.479,7.0,26.405,26.405,26.405,2.505,2.494,2.491,0.0
2025-12-16 13:00:00,0.0,2.434,7.0,0.0,26.405,26.405,2.468,2.492,2.49,0.0
2025-12-16 14:00:00,0.0,5.167,7.0,0.0,26.405,26.405,3.36,2.941,2.603,0.0
2025-12-16 15:00:00,0.0,5.206,7.0,0.0,26.405,26.405,4.269,3.387,2.716,0.0
2025-12-16 16:00:00,117.299,5.269,7.0,117.299,117.299,143.704,5.214,3.841,2.831,0.0
2025-12-16 17:00:00,0.0,5.16,7.0,117.299,117.299,143.704,5.212,4.286,2.943,0.0
2025-12-16 18:00:00,0.0,5.138,7.0,117.299,117.299,143.704,5.189,4.729,3.054,0.0
2025-12-16 19:00:00,0.0,5.095,7.0,0.0,117.299,143.704,5.131,5.172,3.163,0.0
2025-12-16 20:00:00,0.0,14.136,7.0,0.0,117.299,143.704,8.123,6.667,3.645,7.136
2025-12-16 21:00:00,0.0,14.239,7.0,0.0,117.299,143.704,11.156,8.173,4.134,7.239
2025-12-16 22:00:00,0.0,14.347,7.0,0.0,0.0,143.704,14.241,9.686,4.63,7.347
2025-12-16 23:00:00,6.975,14.293,7.0,6.975,6.975,150.679,14.293,11.208,5.123,7.293
2025-12-17 00:00:00,0.0,14.286,7.0,6.975,6.975,150.679,14.309,12.733,5.614,7.286
2025-12-17 01:00:00,0.0,14.242,7.0,6.975,6.975,150.679,14.274,14.257,6.103,7.242
2025-12-17 02:00:00,0.0,2.518,7.0,0.0,6.975,150.679,10.349,12.321,6.103,0.0
2025-12-17 03:00:00,0.0,3.076,7.0,0.0,6.975,150.679,6.612,10.46,6.127,0.0
2025-12-17 04:00:00,0.0,3.236,7.0,0.0,6.975,150.679,2.943,8.609,6.159,0.0
2025-12-17 05:00:00,0.0,3.169,7.0,0.0,0.0,150.679,3.16,6.754,6.188,0.0
2025-12-17 06:00:00,0.0,3.162,7.0,0.0,0.0,150.679,3.189,4.901,6.214,0.0
2025-12-17 07:00:00,0.0,3.181,7.0,0.0,0.0,150.679,3.171,3.057,6.245,0.0
2025-12-17 08:00:00,0.0,3.18,7.0,0.0,0.0,150.679,3.174,3.167,6.274,0.0
2025-12-17 09:00:00,0.0,2.464,7.0,0.0,0.0,150.679,2.942,3.065,6.271,0.0
2025-12-17 10:00:00,0.0,2.501,7.0,0.0,0.0,124.274,2.715,2.943,6.27,0.0
2025-12-17 11:00:00,5.446,2.472,7.0,5.446,5.446,129.72,2.479,2.827,6.269,0.0
2025-12-17 12:00:00,0.0,2.505,7.0,5.446,5.446,129.72,2.493,2.717,6.27,0.0
2025-12-17 13:00:00,0.0,2.426,7.0,5.446,5.446,129.72,2.468,2.591,6.269,0.0
2025-12-17 14:00:00,0.0,2.489,7.0,0.0,5.446,129.72,2.473,2.476,6.158,0.0
2025-12-17 15:00:00,0.0,2.99,7.0,0.0,5.446,129.72,2.635,2.564,6.066,0.0
2025-12-17 16:00:00,0.0,3.013,7.0,0.0,5.446,12.421,2.831,2.649,5.972,0.0
2025-12-17 17:00:00,0.0,3.052,7.0,0.0,0.0,12.421,3.018,2.746,5.884,0.0
2025-12-17 18:00:00,0.0,2.964,7.0,0.0,0.0,12.421,3.01,2.822,5.793,0.0
2025-12-17 19:00:00,0.0,3.004,7.0,0.0,0.0,12.421,3.007,2.919,5.706,0.0
2025-12-17 20:00:00,0.0,3.073,7.0,0.0,0.0,12.421,3.014,3.016,5.245,0.0
2025-12-17 21:00:00,0.0,2.429,7.0,0.0,0.0,12.421,2.835,2.922,4.753,0.0
2025-12-17 22:00:00,0.0,2.589,7.0,0.0,0.0,12.421,2.697,2.852,4.263,0.0
2025-12-17 23:00:00,0.0,2.56,7.0,0.0,0.0,5.446,2.526,2.77,3.774,0.0
2025-12-18 00:00:00,0.0,2.475,7.0,0.0,0.0,5.446,2.541,2.688,3.282,0.0
2025-12-18 01:00:00,0.0,2.461,7.0,0.0,0.0,5.446,2.499,2.598,2.791,0.0
2025-12-18 02:00:00,0.0,2.51,7.0,0.0,0.0,5.446,2.482,2.504,2.791,0.0
2025-12-18 03:00:00,96.039,2.428,7.0,96.039,96.039,101.486,2.466,2.504,2.764,0.0
2025-12-18 04:00:00,0.0,2.4,7.0,96.039,96.039,101.486,2.446,2.472,2.729,0.0
2025-12-18 05:00:00,0.0,2.477,7.0,96.039,96.039,101.486,2.435,2.458,2.7,0.0
2025-12-18 06:00:00,0.0,2.493,7.0,0.0,96.039,101.486,2.457,2.461,2.672,0.0
2025-12-18 07:00:00,0.0,12.109,7.0,0.0,96.039,101.486,5.693,4.069,3.044,5.109
2025-12-18 08:00:00,0.0,12.073,7.0,0.0,96.039,101.486,8.892,5.663,3.415,5.073
2025-12-18 09:00:00,0.0,12.168,7.0,0.0,0.0,101.486,12.116,7.287,3.819,5.168
2025-12-18 10:00:00,3.218,12.029,7.0,3.218,3.218,104.704,12.09,8.891,4.216,5.029
2025-12-18 11:00:00,0.0,12.047,7.0,3.218,3.218,99.257,12.081,10.486,4.615,5.047
2025-12-18 12:00:00,0.0,12.128,7.0,3.218,3.218,99.257,12.068,12.092,5.016,5.128
2025-12-18 13:00:00,0.0,2.442,7.0,0.0,3.218,99.257,8.872,10.481,5.017,0.0
2025-12-18 14:00:00,0.0,2.762,7.0,0.0,3.218,99.257,5.777,8.929,5.028,0.0
2025-12-18 15:00:00,0.0,2.828,7.0,0.0,3.218,99.257,2.677,7.373,5.021,0.0
2025-12-18 16:00:00,0.0,2.769,7.0,0.0,0.0,99.257,2.786,5.829,5.011,0.0
2025-12-18 17:00:00,0.0,2.815,7.0,0.0,0.0,99.257,2.804,4.291,5.001,0.0
2025-12-18 18:00:00,0.0,2.787,7.0,0.0,0.0,99.257,2.79,2.734,4.994,0.0
2025-12-18 19:00:00,0.0,2.779,7.0,0.0,0.0,99.257,2.794,2.79,4.985,0.0
2025-12-18 20:00:00,0.0,2.395,7.0,0.0,0.0,99.257,2.653,2.729,4.956,0.0
2025-12-18 21:00:00,0.0,2.507,7.0,0.0,0.0,99.257,2.56,2.675,4.96,0.0
2025-12-18 22:00:00,0.0,2.438,7.0,0.0,0.0,99.257,2.447,2.62,4.953,0.0
2025-12-18 23:00:00,0.0,2.492,7.0,0.0,0.0,99.257,2.479,2.566,4.95,0.0
2025-12-19 00:00:00,0.0,2.474,7.0,0.0,0.0,99.257,2.468,2.514,4.95,0.0
2025-12-19 01:00:00,0.0,2.49,7.0,0.0,0.0,99.257,2.485,2.466,4.952,0.0
2025-12-19 02:00:00,0.0,2.493,7.0,0.0,0.0,99.257,2.486,2.482,4.951,0.0
2025-12-19 03:00:00,0.0,2.51,7.0,0.0,0.0,3.218,2.497,2.483,4.954,0.0
2025-12-19 04:00:00,0.0,2.464,7.0,0.0,0.0,3.218,2.489,2.487,4.957,0.0
2025-12-19 05:00:00,0.0,2.562,7.0,0.0,0.0,3.218,2.512,2.499,4.96,0.0
2025-12-19 06:00:00,0.0,2.408,7.0,0.0,0.0,3.218,2.478,2.488,4.957,0.0
2025-12-19 07:00:00,0.0,2.489,7.0,0.0,0.0,3.218,2.486,2.487,4.556,0.0
2025-12-19 08:00:00,0.0,2.542,7.0,0.0,0.0,3.218,2.479,2.496,4.159,0.0
2025-12-19 09:00:00,0.0,2.524,7.0,0.0,0.0,3.218,2.518,2.498,3.757,0.0
2025-12-19 10:00:00,19.039,2.451,7.0,19.039,19.039,19.039,2.506,2.496,3.358,0.0
2025-12-19 11:00:00,0.0,2.46,7.0,19.039,19.039,19.039,2.478,2.479,2.959,0.0
2025-12-19 12:00:00,0.624,2.45,7.0,19.663,19.663,19.663,2.454,2.486,2.555,0.0
2025-12-19 13:00:00,0.0,2.53,7.0,0.624,19.663,19.663,2.48,2.493,2.559,0.0
2025-12-19 14:00:00,0.0,4.367,7.0,0.624,19.663,19.663,3.116,2.797,2.626,0.0
2025-12-19 15:00:00,0.0,4.417,7.0,0.0,19.663,19.663,3.771,3.112,2.692,0.0
2025-12-19 16:00:00,71.263,4.48,7.0,71.263,71.887,90.926,4.421,3.45,2.763,0.0
2025-12-19 17:00:00,0.0,4.585,7.0,71.263,71.887,90.926,4.494,3.805,2.837,0.0
2025-12-19 18:00:00,0.0,4.482,7.0,71.263,71.263,90.926,4.515,4.143,2.908,0.0
2025-12-19 19:00:00,0.0,4.426,7.0,0.0,71.263,90.926,4.497,4.459,2.976,0.0
2025-12-19 20:00:00,0.0,9.616,7.0,0.0,71.263,90.926,6.174,5.334,3.277,2.616
2025-12-19 21:00:00,0.0,9.675,7.0,0.0,71.263,90.926,7.905,6.21,3.576,2.675
2025-12-19 22:00:00,0.0,9.62,7.0,0.0,0.0,90.926,9.637,7.067,3.875,2.62
2025-12-19 23:00:00,0.0,9.516,7.0,0.0,0.0,90.926,9.604,7.889,4.168,2.516
2025-12-20 00:00:00,0.0,9.591,7.0,0.0,0.0,90.926,9.576,8.741,4.464,2.591
2025-12-20 01:00:00,0.0,9.641,7.0,0.0,0.0,90.926,9.583,9.61,4.762,2.641
2025-12-20 02:00:00,0.0,2.473,7.0,0.0,0.0,90.926,7.235,8.419,4.761,0.0
2025-12-20 03:00:00,0.0,2.548,7.0,0.0,0.0,90.926,4.888,7.232,4.763,0.0
2025-12-20 04:00:00,0.0,2.422,7.0,0.0,0.0,90.926,2.481,6.032,4.761,0.0
2025-12-20 05:00:00,0.0,2.534,7.0,0.0,0.0,90.926,2.501,4.868,4.76,0.0
2025-12-20 06:00:00,0.0,2.546,7.0,0.0,0.0,90.926,2.501,3.694,4.766,0.0
2025-12-20 07:00:00,61.335,2.548,7.0,61.335,61.335,152.261,2.542,2.512,4.768,0.0
2025-12-20 08:00:00,0.0,2.422,7.0,61.335,61.335,152.261,2.505,2.503,4.763,0.0
2025-12-20 09:00:00,0.0,2.516,7.0,61.335,61.335,152.261,2.495,2.498,4.763,0.0
2025-12-20 10:00:00,0.0,2.467,7.0,0.0,61.335,133.222,2.468,2.505,4.764,0.0
2025-12-20 11:00:00,0.0,8.563,7.0,0.0,61.335,133.222,4.515,3.51,5.018,1.563
2025-12-20 12:00:00,0.0,8.613,7.0,0.0,61.335,132.598,6.547,4.521,5.275,1.613
2025-12-20 13:00:00,0.0,8.588,7.0,0.0,0.0,132.598,8.588,5.528,5.527,1.588
2025-12-20 14:00:00,0.0,8.68,7.0,0.0,0.0,132.598,8.627,6.571,5.707,1.68
2025-12-20 15:00:00,0.0,8.659,7.0,0.0,0.0,132.598,8.642,7.595,5.884,1.659
2025-12-20 16:00:00,0.0,8.576,7.0,0.0,0.0,61.335,8.638,8.613,6.054,1.576
2025-12-20 17:00:00,0.0,2.464,7.0,0.0,0.0,61.335,6.566,7.597,5.966,0.0
2025-12-20 18:00:00,0.0,2.481,7.0,0.0,0.0,61.335,4.507,6.575,5.883,0.0
2025-12-20 19:00:00,0.0,2.496,7.0,0.0,0.0,61.335,2.48,5.559,5.802,0.0
2025-12-20 20:00:00,0.0,2.55,7.0,0.0,0.0,61.335,2.509,4.538,5.508,0.0
2025-12-20 21:00:00,0.0,2.535,7.0,0.0,0.0,61.335,2.527,3.517,5.21,0.0
2025-12-20 22:00:00,0.0,2.503,7.0,0.0,0.0,61.335,2.529,2.505,4.914,0.0
2025-12-20 23:00:00,30.5,2.487,7.0,30.5,30.5,91.835,2.508,2.509,4.621,0.0
2025-12-21 00:00:00,0.466,2.411,7.0,30.967,30.967,92.302,2.467,2.497,4.322,0.0
2025-12-21 01:00:00,0.0,2.565,7.0,30.967,30.967,92.302,2.488,2.508,4.027,0.0
2025-12-21 02:00:00,0.0,2.478,7.0,0.466,30.967,92.302,2.485,2.496,4.027,0.0
2025-12-21 03:00:00,0.0,5.628,7.0,0.0,30.967,92.302,3.557,3.012,4.155,0.0
2025-12-21 04:00:00,0.0,5.606,7.0,0.0,30.967,92.302,4.571,3.529,4.288,0.0
2025-12-21 05:00:00,0.0,5.698,7.0,0.0,0.466,92.302,5.644,4.064,4.42,0.0
2025-12-21 06:00:00,0.0,5.627,7.0,0.0,0.0,92.302,5.644,4.6,4.548,0.0
2025-12-21 07:00:00,9.78,5.525,7.0,9.78,9.78,40.747,5.617,5.094,4.672,0.0
2025-12-21 08:00:00,0.0,5.566,7.0,9.78,9.78,40.747,5.573,5.608,4.803,0.0
2025-12-21 09:00:00,0.0,2.538,7.0,9.78,9.78,40.747,4.543,5.093,4.804,0.0
2025-12-21 10:00:00,0.0,2.456,7.0,0.0,9.78,40.747,3.52,4.568,4.804,0.0
2025-12-21 11:00:00,0.0,3.459,7.0,0.0,9.78,40.747,2.818,4.195,4.591,0.0
2025-12-21 12:00:00,0.0,3.41,7.0,0.0,9.78,40.747,3.108,3.826,4.374,0.0
2025-12-21 13:00:00,0.0,3.478,7.0,0.0,0.0,40.747,3.449,3.485,4.161,0.0
2025-12-21 14:00:00,0.0,3.49,7.0,0.0,0.0,40.747,3.459,3.139,3.945,0.0
2025-12-21 15:00:00,0.0,3.428,7.0,0.0,0.0,40.747,3.465,3.287,3.727,0.0
2025-12-21 16:00:00,0.0,3.575,7.0,0.0,0.0,40.747,3.498,3.473,3.519,0.0
2025-12-21 17:00:00,0.0,2.503,7.0,0.0,0.0,40.747,3.169,3.314,3.521,0.0
2025-12-21 18:00:00,0.0,2.459,7.0,0.0,0.0,40.747,2.846,3.156,3.52,0.0
2025-12-21 19:00:00,0.0,2.419,7.0,0.0,0.0,40.747,2.46,2.979,3.516,0.0
2025-12-21 20:00:00,14.503,2.503,7.0,14.503,14.503,55.25,2.46,2.814,3.514,0.0
2025-12-21 21:00:00,0.0,2.487,7.0,14.503,14.503,55.25,2.469,2.658,3.512,0.0
2025-12-21 22:00:00,0.0,2.539,7.0,14.503,14.503,55.25,2.51,2.485,3.514,0.0
2025-12-21 23:00:00,0.0,2.493,7.0,0.0,14.503,24.749,2.506,2.483,3.514,0.0
2025-12-22 00:00:00,0.0,3.891,7.0,0.0,14.503,24.283,2.974,2.722,3.576,0.0
2025-12-22 01:00:00,0.0,4.034,7.0,0.0,14.503,24.283,3.472,2.991,3.637,0.0
2025-12-22 02:00:00,0.0,3.972,7.0,0.0,0.0,24.283,3.965,3.236,3.699,0.0
2025-12-22 03:00:00,0.0,3.938,7.0,0.0,0.0,24.283,3.981,3.478,3.629,0.0
2025-12-22 04:00:00,0.0,3.958,7.0,0.0,0.0,24.283,3.956,3.714,3.56,0.0
2025-12-22 05:00:00,0.0,3.974,7.0,0.0,0.0,24.283,3.957,3.961,3.488,0.0
2025-12-22 06:00:00,0.0,2.429,7.0,0.0,0.0,24.283,3.454,3.717,3.355,0.0
2025-12-22 07:00:00,0.0,2.508,7.0,0.0,0.0,14.503,2.97,3.463,3.229,0.0
2025-12-22 08:00:00,0.0,2.477,7.0,0.0,0.0,14.503,2.471,3.214,3.101,0.0
2025-12-22 09:00:00,0.0,2.525,7.0,0.0,0.0,14.503,2.504,2.979,3.1,0.0
2025-12-22 10:00:00,0.0,2.463,7.0,0.0,0.0,14.503,2.489,2.729,3.1,0.0
2025-12-22 11:00:00,0.0,2.47,7.0,0.0,0.0,14.503,2.486,2.479,3.059,0.0
2025-12-22 12:00:00,0.0,2.583,7.0,0.0,0.0,14.503,2.505,2.504,3.025,0.0
2025-12-22 13:00:00,0.0,2.562,7.0,0.0,0.0,14.503,2.538,2.513,2.987,0.0
2025-12-22 14:00:00,0.0,2.335,7.0,0.0,0.0,14.503,2.493,2.49,2.939,0.0
2025-12-22 15:00:00,0.0,2.558,7.0,0.0,0.0,14.503,2.485,2.495,2.902,0.0
2025-12-22 16:00:00,0.0,2.496,7.0,0.0,0.0,14.503,2.463,2.501,2.857,0.0
2025-12-22 17:00:00,0.0,2.465,7.0,0.0,0.0,14.503,2.506,2.5,2.856,0.0
2025-12-22 18:00:00,0.0,2.45,7.0,0.0,0.0,14.503,2.47,2.478,2.855,0.0
2025-12-22 19:00:00,0.0,2.453,7.0,0.0,0.0,14.503,2.456,2.459,2.857,0.0
2025-12-22 20:00:00,0.0,2.466,7.0,0.0,0.0,0.0,2.456,2.481,2.855,0.0
2025-12-22 21:00:00,0.0,2.444,7.0,0.0,0.0,0.0,2.454,2.462,2.853,0.0
2025-12-22 22:00:00,0.0,2.432,7.0,0.0,0.0,0.0,2.447,2.451,2.849,0.0
2025-12-22 23:00:00,0.0,2.448,7.0,0.0,0.0,0.0,2.441,2.449,2.847,0.0
2025-12-23 00:00:00,0.0,2.516,7.0,0.0,0.0,0.0,2.465,2.46,2.79,0.0
2025-12-23 01:00:00,0.0,2.503,7.0,0.0,0.0,0.0,2.489,2.468,2.726,0.0
2025-12-23 02:00:00,0.0,2.528,7.0,0.0,0.0,0.0,2.515,2.478,2.666,0.0
2025-12-23 03:00:00,0.0,2.497,7.0,0.0,0.0,0.0,2.509,2.487,2.606,0.0
2025-12-23 04:00:00,0.0,2.435,7.0,0.0,0.0,0.0,2.486,2.488,2.542,0.0
2025-12-23 05:00:00,0.0,2.525,7.0,0.0,0.0,0.0,2.485,2.5,2.482,0.0
2025-12-23 06:00:00,0.0,2.45,7.0,0.0,0.0,0.0,2.47,2.489,2.483,0.0
2025-12-23 07:00:00,0.0,2.532,7.0,0.0,0.0,0.0,2.502,2.494,2.484,0.0
2025-12-23 08:00:00,0.0,2.442,7.0,0.0,0.0,0.0,2.475,2.48,2.482,0.0
2025-12-23 09:00:00,0.0,2.466,7.0,0.0,0.0,0.0,2.48,2.475,2.48,0.0
2025-12-23 10:00:00,0.0,2.482,7.0,0.0,0.0,0.0,2.463,2.483,2.481,0.0
2025-12-23 11:00:00,0.0,2.534,7.0,0.0,0.0,0.0,2.494,2.484,2.483,0.0
2025-12-23 12:00:00,0.0,2.509,7.0,0.0,0.0,0.0,2.508,2.494,2.48,0.0
2025-12-23 13:00:00,0.0,2.501,7.0,0.0,0.0,0.0,2.515,2.489,2.478,0.0
2025-12-23 14:00:00,0.0,2.594,7.0,0.0,0.0,0.0,2.535,2.514,2.488,0.0
2025-12-23 15:00:00,0.0,2.408,7.0,0.0,0.0,0.0,2.501,2.505,2.482,0.0
2025-12-23 16:00:00,0.0,2.448,7.0,0.0,0.0,0.0,2.484,2.499,2.48,0.0
2025-12-23 17:00:00,0.0,2.446,7.0,0.0,0.0,0.0,2.434,2.484,2.479,0.0
2025-12-23 18:00:00,0.0,2.411,7.0,0.0,0.0,0.0,2.435,2.468,2.478,0.0
2025-12-23 19:00:00,0.0,2.464,7.0,0.0,0.0,0.0,2.44,2.462,2.478,0.0
2025-12-23 20:00:00,0.0,2.534,7.0,0.0,0.0,0.0,2.47,2.452,2.481,0.0
2025-12-23 21:00:00,0.0,2.47,7.0,0.0,0.0,0.0,2.49,2.462,2.482,0.0
2025-12-23 22:00:00,0.0,2.483,7.0,0.0,0.0,0.0,2.496,2.468,2.484,0.0
2025-12-23 23:00:00,0.0,2.414,7.0,0.0,0.0,0.0,2.456,2.463,2.483,0.0
2025-12-24 00:00:00,0.0,2.46,7.0,0.0,0.0,0.0,2.452,2.471,2.481,0.0
2025-12-24 01:00:00,0.0,2.477,7.0,0.0,0.0,0.0,2.45,2.473,2.48,0.0
2025-12-24 02:00:00,0.0,2.532,7.0,0.0,0.0,0.0,2.49,2.473,2.48,0.0
2025-12-24 03:00:00,0.0,2.416,7.0,0.0,0.0,0.0,2.475,2.464,2.476,0.0
2025-12-24 04:00:00,0.0,2.477,7.0,0.0,0.0,0.0,2.475,2.463,2.478,0.0
2025-12-24 05:00:00,0.0,2.554,7.0,0.0,0.0,0.0,2.483,2.486,2.479,0.0
2025-12-24 06:00:00,0.0,2.478,7.0,0.0,0.0,0.0,2.503,2.489,2.481,0.0
2025-12-24 07:00:00,0.0,2.394,7.0,0.0,0.0,0.0,2.475,2.475,2.475,0.0
2025-12-24 08:00:00,0.0,2.564,7.0,0.0,0.0,0.0,2.479,2.481,2.48,0.0
2025-12-24 09:00:00,0.0,2.537,7.0,0.0,0.0,0.0,2.498,2.501,2.483,0.0
2025-12-24 10:00:00,0.0,2.543,7.0,0.0,0.0,0.0,2.548,2.512,2.485,0.0
2025-12-24 11:00:00,0.0,2.413,7.0,0.0,0.0,0.0,2.498,2.488,2.48,0.0
2025-12-24 12:00:00,0.0,2.576,7.0,0.0,0.0,0.0,2.511,2.504,2.483,0.0
2025-12-24 13:00:00,0.0,2.461,7.0,0.0,0.0,0.0,2.483,2.516,2.482,0.0
2025-12-24 14:00:00,0.0,2.475,7.0,0.0,0.0,0.0,2.504,2.501,2.477,0.0
2025-12-24 15:00:00,0.0,2.465,7.0,0.0,0.0,0.0,2.467,2.489,2.479,0.0
2025-12-24 16:00:00,0.0,2.547,7.0,0.0,0.0,0.0,2.496,2.489,2.483,0.0
2025-12-24 17:00:00,0.0,2.491,7.0,0.0,0.0,0.0,2.501,2.502,2.485,0.0
2025-12-24 18:00:00,0.0,2.524,7.0,0.0,0.0,0.0,2.521,2.494,2.49,0.0
2025-12-24 19:00:00,0.0,2.504,7.0,0.0,0.0,0.0,2.506,2.501,2.491,0.0
2025-12-24 20:00:00,0.0,2.495,7.0,0.0,0.0,0.0,2.508,2.504,2.49,0.0
2025-12-24 21:00:00,0.0,2.453,7.0,0.0,0.0,0.0,2.484,2.502,2.489,0.0
2025-12-24 22:00:00,0.0,2.591,7.0,0.0,0.0,0.0,2.513,2.51,2.493,0.0
2025-12-24 23:00:00,0.0,2.427,7.0,0.0,0.0,0.0,2.49,2.499,2.494,0.0
2025-12-25 00:00:00,0.0,2.521,7.0,0.0,0.0,0.0,2.513,2.498,2.496,0.0
2025-12-25 01:00:00,0.0,2.519,7.0,0.0,0.0,0.0,2.489,2.501,2.498,0.0
2025-12-25 02:00:00,0.0,2.558,7.0,0.0,0.0,0.0,2.532,2.511,2.499,0.0
2025-12-25 03:00:00,0.0,2.569,7.0,0.0,0.0,0.0,2.549,2.531,2.506,0.0
2025-12-25 04:00:00,0.0,2.493,7.0,0.0,0.0,0.0,2.54,2.514,2.506,0.0
2025-12-25 05:00:00,0.0,2.527,7.0,0.0,0.0,0.0,2.53,2.531,2.505,0.0
2025-12-25 06:00:00,0.0,2.588,7.0,0.0,0.0,0.0,2.536,2.542,2.51,0.0
2025-12-25 07:00:00,0.0,2.497,7.0,0.0,0.0,0.0,2.537,2.539,2.514,0.0
2025-12-25 08:00:00,0.0,2.447,7.0,0.0,0.0,0.0,2.511,2.52,2.509,0.0
2025-12-25 09:00:00,0.0,2.481,7.0,0.0,0.0,0.0,2.475,2.505,2.507,0.0
2025-12-25 10:00:00,0.0,2.435,7.0,0.0,0.0,0.0,2.454,2.496,2.502,0.0
2025-12-25 11:00:00,0.0,2.519,7.0,0.0,0.0,0.0,2.478,2.494,2.507,0.0
2025-12-25 12:00:00,0.0,2.553,7.0,0.0,0.0,0.0,2.502,2.488,2.506,0.0
2025-12-25 13:00:00,0.0,2.494,7.0,0.0,0.0,0.0,2.522,2.488,2.507,0.0
2025-12-25 14:00:00,0.0,2.419,7.0,0.0,0.0,0.0,2.489,2.483,2.505,0.0
2025-12-25 15:00:00,0.0,2.551,7.0,0.0,0.0,0.0,2.488,2.495,2.508,0.0
2025-12-25 16:00:00,0.0,2.411,7.0,0.0,0.0,0.0,2.46,2.491,2.503,0.0
2025-12-25 17:00:00,0.0,2.423,7.0,0.0,0.0,0.0,2.462,2.475,2.5,0.0
2025-12-25 18:00:00,0.0,2.491,7.0,0.0,0.0,0.0,2.442,2.465,2.498,0.0
2025-12-25 19:00:00,0.0,2.513,7.0,0.0,0.0,0.0,2.475,2.468,2.499,0.0
2025-12-25 20:00:00,0.143,2.521,7.0,0.143,0.143,0.143,2.508,2.485,2.5,0.0
2025-12-25 21:00:00,0.0,2.497,7.0,0.143,0.143,0.143,2.51,2.476,2.502,0.0
2025-12-25 22:00:00,0.0,2.588,7.0,0.143,0.143,0.143,2.535,2.505,2.502,0.0
2025-12-25 23:00:00,33.768,2.503,7.0,33.768,33.911,33.911,2.529,2.519,2.505,0.0
2025-12-26 00:00:00,8.9,2.566,7.0,42.668,42.811,42.811,2.552,2.531,2.507,0.0
2025-12-26 01:00:00,0.0,2.554,7.0,42.668,42.811,42.811,2.541,2.538,2.508,0.0
2025-12-26 02:00:00,0.0,2.45,7.0,8.9,42.668,42.811,2.523,2.526,2.504,0.0
2025-12-26 03:00:00,0.0,5.883,7.0,0.0,42.668,42.811,3.629,3.091,2.642,0.0
2025-12-26 04:00:00,25.549,6.887,7.0,25.549,68.217,68.36,5.073,3.807,2.825,0.0
2025-12-26 05:00:00,0.0,6.756,7.0,25.549,34.449,68.36,6.509,4.516,3.001,0.0
2025-12-26 06:00:00,0.0,6.733,7.0,25.549,25.549,68.36,6.792,5.21,3.174,0.0
2025-12-26 07:00:00,0.0,6.775,7.0,0.0,25.549,68.36,6.755,5.914,3.352,0.0
2025-12-26 08:00:00,0.0,9.298,7.0,0.0,25.549,68.36,7.602,7.055,3.637,2.298
2025-12-26 09:00:00,0.0,5.905,7.0,0.0,25.549,68.36,7.326,7.059,3.78,0.0
2025-12-26 10:00:00,0.0,5.031,7.0,0.0,0.0,68.36,6.745,6.75,3.888,0.0
2025-12-26 11:00:00,0.0,5.127,7.0,0.0,0.0,68.36,5.354,6.478,3.997,0.0
2025-12-26 12:00:00,0.0,5.048,7.0,0.0,0.0,68.36,5.068,6.197,4.101,0.0
2025-12-26 13:00:00,0.0,4.989,7.0,0.0,0.0,68.36,5.054,5.9,4.205,0.0
2025-12-26 14:00:00,0.0,2.424,7.0,0.0,0.0,68.36,4.154,4.754,4.205,0.0
2025-12-26 15:00:00,0.0,2.61,7.0,0.0,0.0,68.36,3.341,4.205,4.208,0.0
2025-12-26 16:00:00,0.0,2.489,7.0,0.0,0.0,68.36,2.508,3.781,4.211,0.0
2025-12-26 17:00:00,0.0,2.522,7.0,0.0,0.0,68.36,2.54,3.347,4.215,0.0
2025-12-26 18:00:00,0.0,2.461,7.0,0.0,0.0,68.36,2.491,2.916,4.214,0.0
2025-12-26 19:00:00,0.0,2.516,7.0,0.0,0.0,68.36,2.5,2.504,4.214,0.0
2025-12-26 20:00:00,0.0,2.573,7.0,0.0,0.0,68.217,2.517,2.529,4.216,0.0
2025-12-26 21:00:00,0.0,2.467,7.0,0.0,0.0,68.217,2.519,2.505,4.215,0.0
2025-12-26 22:00:00,0.0,2.523,7.0,0.0,0.0,68.217,2.521,2.51,4.212,0.0
2025-12-26 23:00:00,0.0,2.43,7.0,0.0,0.0,34.449,2.473,2.495,4.209,0.0
2025-12-27 00:00:00,0.0,2.601,7.0,0.0,0.0,25.549,2.518,2.518,4.21,0.0
2025-12-27 01:00:00,0.0,2.513,7.0,0.0,0.0,25.549,2.515,2.518,4.209,0.0
2025-12-27 02:00:00,0.0,2.479,7.0,0.0,0.0,25.549,2.531,2.502,4.21,0.0
2025-12-27 03:00:00,0.0,2.485,7.0,0.0,0.0,25.549,2.493,2.505,4.068,0.0
2025-12-27 04:00:00,0.0,2.474,7.0,0.0,0.0,0.0,2.48,2.497,3.885,0.0
2025-12-27 05:00:00,0.0,2.477,7.0,0.0,0.0,0.0,2.479,2.505,3.706,0.0
2025-12-27 06:00:00,0.0,2.378,7.0,0.0,0.0,0.0,2.443,2.468,3.525,0.0
2025-12-27 07:00:00,0.0,2.495,7.0,0.0,0.0,0.0,2.45,2.465,3.347,0.0
2025-12-27 08:00:00,0.0,2.493,7.0,0.0,0.0,0.0,2.455,2.467,3.063,0.0
2025-12-27 09:00:00,0.0,2.524,7.0,0.0,0.0,0.0,2.504,2.474,2.922,0.0
2025-12-27 10:00:00,0.0,2.474,7.0,0.0,0.0,0.0,2.497,2.474,2.816,0.0
2025-12-27 11:00:00,0.0,2.461,7.0,0.0,0.0,0.0,2.487,2.471,2.705,0.0
2025-12-27 12:00:00,0.0,2.5,7.0,0.0,0.0,0.0,2.478,2.491,2.598,0.0
2025-12-27 13:00:00,0.0,2.419,7.0,0.0,0.0,0.0,2.46,2.479,2.491,0.0
2025-12-27 14:00:00,0.0,2.507,7.0,0.0,0.0,0.0,2.475,2.481,2.495,0.0
2025-12-27 15:00:00,0.0,2.407,7.0,0.0,0.0,0.0,2.444,2.461,2.486,0.0
2025-12-27 16:00:00,0.0,2.556,7.0,0.0,0.0,0.0,2.49,2.475,2.489,0.0
2025-12-27 17:00:00,0.0,2.534,7.0,0.0,0.0,0.0,2.499,2.487,2.49,0.0
2025-12-27 18:00:00,0.0,2.454,7.0,0.0,0.0,0.0,2.515,2.48,2.489,0.0
2025-12-27 19:00:00,0.0,2.533,7.0,0.0,0.0,0.0,2.507,2.499,2.49,0.0
2025-12-27 20:00:00,0.0,2.506,7.0,0.0,0.0,0.0,2.497,2.498,2.487,0.0
2025-12-27 21:00:00,0.0,2.45,7.0,0.0,0.0,0.0,2.496,2.505,2.486,0.0
2025-12-27 22:00:00,0.0,2.399,7.0,0.0,0.0,0.0,2.451,2.479,2.481,0.0
2025-12-27 23:00:00,0.0,2.516,7.0,0.0,0.0,0.0,2.455,2.476,2.485,0.0
2025-12-28 00:00:00,0.0,2.46,7.0,0.0,0.0,0.0,2.458,2.477,2.479,0.0
2025-12-28 01:00:00,0.0,2.555,7.0,0.0,0.0,0.0,2.51,2.481,2.481,0.0
2025-12-28 02:00:00,0.0,2.501,7.0,0.0,0.0,0.0,2.505,2.48,2.482,0.0
2025-12-28 03:00:00,0.0,2.465,7.0,0.0,0.0,0.0,2.507,2.483,2.481,0.0
2025-12-28 04:00:00,0.0,2.59,7.0,0.0,0.0,0.0,2.519,2.514,2.486,0.0
2025-12-28 05:00:00,0.0,2.529,7.0,0.0,0.0,0.0,2.528,2.517,2.488,0.0
2025-12-28 06:00:00,0.0,2.317,7.0,0.0,0.0,0.0,2.479,2.493,2.485,0.0
2025-12-28 07:00:00,0.0,2.476,7.0,0.0,0.0,0.0,2.441,2.48,2.484,0.0
2025-12-28 08:00:00,0.0,2.431,7.0,0.0,0.0,0.0,2.408,2.468,2.482,0.0
2025-12-28 09:00:00,0.0,2.46,7.0,0.0,0.0,0.0,2.455,2.467,2.479,0.0
2025-12-28 10:00:00,0.0,2.493,7.0,0.0,0.0,0.0,2.461,2.451,2.48,0.0
2025-12-28 11:00:00,0.0,2.518,7.0,0.0,0.0,0.0,2.49,2.449,2.482,0.0
2025-12-28 12:00:00,0.0,2.513,7.0,0.0,0.0,0.0,2.508,2.482,2.483,0.0
2025-12-28 13:00:00,0.0,2.554,7.0,0.0,0.0,0.0,2.528,2.495,2.488,0.0
2025-12-28 14:00:00,0.0,2.532,7.0,0.0,0.0,0.0,2.533,2.512,2.489,0.0
2025-12-28 15:00:00,0.0,2.529,7.0,0.0,0.0,0.0,2.538,2.523,2.495,0.0
2025-12-28 16:00:00,0.0,2.51,7.0,0.0,0.0,0.0,2.524,2.526,2.493,0.0
2025-12-28 17:00:00,0.0,2.564,7.0,0.0,0.0,0.0,2.534,2.534,2.494,0.0
2025-12-28 18:00:00,0.0,2.484,7.0,0.0,0.0,0.0,2.52,2.529,2.495,0.0
2025-12-28 19:00:00,0.0,2.485,7.0,0.0,0.0,0.0,2.511,2.517,2.493,0.0
2025-12-28 20:00:00,0.0,2.405,7.0,0.0,0.0,0.0,2.458,2.496,2.489,0.0
2025-12-28 21:00:00,0.0,2.553,7.0,0.0,0.0,0.0,2.481,2.5,2.493,0.0
2025-12-28 22:00:00,0.0,2.496,7.0,0.0,0.0,0.0,2.485,2.498,2.497,0.0
2025-12-28 23:00:00,0.0,2.647,7.0,0.0,0.0,0.0,2.565,2.512,2.503,0.0
2025-12-29 00:00:00,0.0,2.48,7.0,0.0,0.0,0.0,2.541,2.511,2.504,0.0
2025-12-29 01:00:00,0.0,2.504,7.0,0.0,0.0,0.0,2.544,2.514,2.501,0.0
2025-12-29 02:00:00,0.0,2.527,7.0,0.0,0.0,0.0,2.504,2.535,2.503,0.0
2025-12-29 03:00:00,0.0,2.445,7.0,0.0,0.0,0.0,2.492,2.517,2.502,0.0
2025-12-29 04:00:00,0.0,2.518,7.0,0.0,0.0,0.0,2.497,2.52,2.499,0.0
2025-12-29 05:00:00,0.0,2.502,7.0,0.0,0.0,0.0,2.488,2.496,2.498,0.0
2025-12-29 06:00:00,0.0,2.485,7.0,0.0,0.0,0.0,2.501,2.497,2.505,0.0
2025-12-29 07:00:00,0.0,2.559,7.0,0.0,0.0,0.0,2.515,2.506,2.508,0.0
2025-12-29 08:00:00,58.611,2.455,7.0,58.611,58.611,58.611,2.499,2.494,2.509,0.0
2025-12-29 09:00:00,0.0,2.514,7.0,58.611,58.611,58.611,2.509,2.505,2.511,0.0
2025-12-29 10:00:00,0.0,2.573,7.0,58.611,58.611,58.611,2.514,2.514,2.515,0.0
2025-12-29 11:00:00,0.0,2.465,7.0,0.0,58.611,58.611,2.517,2.508,2.512,0.0
2025-12-29 12:00:00,0.0,8.346,7.0,0.0,58.611,58.611,4.461,3.485,2.755,1.346
2025-12-29 13:00:00,0.0,8.478,7.0,0.0,58.611,58.611,6.43,4.472,3.002,1.478
2025-12-29 14:00:00,0.0,8.385,7.0,0.0,0.0,58.611,8.403,5.46,3.246,1.385
2025-12-29 15:00:00,0.0,8.336,7.0,0.0,0.0,58.611,8.4,6.43,3.488,1.336
2025-12-29 16:00:00,0.0,8.401,7.0,0.0,0.0,58.611,8.374,7.402,3.734,1.401
2025-12-29 17:00:00,0.0,8.333,7.0,0.0,0.0,58.611,8.357,8.38,3.974,1.333
2025-12-29 18:00:00,0.0,2.422,7.0,0.0,0.0,58.611,6.385,7.392,3.971,0.0
2025-12-29 19:00:00,0.0,2.569,7.0,0.0,0.0,58.611,4.441,6.407,3.975,0.0
2025-12-29 20:00:00,0.0,2.445,7.0,0.0,0.0,58.611,2.478,5.417,3.976,0.0
2025-12-29 21:00:00,0.0,2.623,7.0,0.0,0.0,58.611,2.545,4.465,3.979,0.0
2025-12-29 22:00:00,0.0,2.476,7.0,0.0,0.0,58.611,2.514,3.478,3.979,0.0
2025-12-29 23:00:00,0.0,2.607,7.0,0.0,0.0,58.611,2.568,2.523,3.977,0.0
2025-12-30 00:00:00,0.0,2.432,7.0,0.0,0.0,58.611,2.505,2.525,3.975,0.0
2025-12-30 01:00:00,0.0,2.551,7.0,0.0,0.0,58.611,2.53,2.522,3.977,0.0
2025-12-30 02:00:00,0.0,2.525,7.0,0.0,0.0,58.611,2.503,2.535,3.977,0.0
2025-12-30 03:00:00,0.0,2.542,7.0,0.0,0.0,58.611,2.539,2.522,3.981,0.0
2025-12-30 04:00:00,0.0,2.548,7.0,0.0,0.0,58.611,2.538,2.534,3.982,0.0
2025-12-30 05:00:00,0.0,2.475,7.0,0.0,0.0,58.611,2.522,2.512,3.981,0.0
2025-12-30 06:00:00,0.0,2.435,7.0,0.0,0.0,58.611,2.486,2.513,3.979,0.0
2025-12-30 07:00:00,0.0,2.497,7.0,0.0,0.0,58.611,2.469,2.504,3.976,0.0
2025-12-30 08:00:00,0.0,2.511,7.0,0.0,0.0,0.0,2.481,2.501,3.979,0.0
2025-12-30 09:00:00,0.0,2.476,7.0,0.0,0.0,0.0,2.495,2.491,3.977,0.0
2025-12-30 10:00:00,0.0,2.514,7.0,0.0,0.0,0.0,2.5,2.485,3.975,0.0
2025-12-30 11:00:00,0.0,2.516,7.0,0.0,0.0,0.0,2.502,2.492,3.977,0.0
2025-12-30 12:00:00,0.0,2.454,7.0,0.0,0.0,0.0,2.495,2.495,3.731,0.0
2025-12-30 13:00:00,0.0,2.52,7.0,0.0,0.0,0.0,2.497,2.499,3.483,0.0
2025-12-30 14:00:00,0.0,2.487,7.0,0.0,0.0,0.0,2.487,2.495,3.237,0.0
2025-12-30 15:00:00,0.0,2.465,7.0,0.0,0.0,0.0,2.49,2.493,2.993,0.0
2025-12-30 16:00:00,0.0,2.539,7.0,0.0,0.0,0.0,2.497,2.497,2.748,0.0
2025-12-30 17:00:00,0.0,2.461,7.0,0.0,0.0,0.0,2.489,2.488,2.504,0.0
2025-12-30 18:00:00,0.0,2.477,7.0,0.0,0.0,0.0,2.493,2.492,2.506,0.0
2025-12-30 19:00:00,0.0,2.504,7.0,0.0,0.0,0.0,2.481,2.489,2.503,0.0
2025-12-30 20:00:00,0.0,2.569,7.0,0.0,0.0,0.0,2.516,2.503,2.508,0.0
2025-12-30 21:00:00,0.0,2.51,7.0,0.0,0.0,0.0,2.527,2.51,2.504,0.0
2025-12-30 22:00:00,0.0,2.526,7.0,0.0,0.0,0.0,2.535,2.508,2.506,0.0
2025-12-30 23:00:00,14.472,2.485,7.0,14.472,14.472,14.472,2.507,2.512,2.501,0.0
2025-12-31 00:00:00,0.0,2.496,7.0,14.472,14.472,14.472,2.503,2.515,2.504,0.0
2025-12-31 01:00:00,0.0,2.498,7.0,14.472,14.472,14.472,2.493,2.514,2.501,0.0
2025-12-31 02:00:00,0.0,2.515,7.0,0.0,14.472,14.472,2.503,2.505,2.501,0.0
2025-12-31 03:00:00,0.0,3.932,7.0,0.0,14.472,14.472,2.982,2.742,2.559,0.0
2025-12-31 04:00:00,0.0,4.014,7.0,0.0,14.472,14.472,3.487,2.99,2.62,0.0
2025-12-31 05:00:00,0.0,3.929,7.0,0.0,0.0,14.472,3.958,3.231,2.68,0.0
2025-12-31 06:00:00,0.0,3.862,7.0,0.0,0.0,14.472,3.935,3.458,2.74,0.0
2025-12-31 07:00:00,0.0,4.084,7.0,0.0,0.0,14.472,3.958,3.723,2.806,0.0
2025-12-31 08:00:00,0.0,3.931,7.0,0.0,0.0,14.472,3.959,3.959,2.865,0.0
2025-12-31 09:00:00,0.0,2.566,7.0,0.0,0.0,14.472,3.527,3.731,2.869,0.0
2025-12-31 10:00:00,0.0,2.57,7.0,0.0,0.0,14.472,3.022,3.49,2.871,0.0
2025-12-31 11:00:00,0.0,2.547,7.0,0.0,0.0,14.472,2.561,3.26,2.873,0.0
2025-12-31 12:00:00,0.0,2.49,7.0,0.0,0.0,14.472,2.536,3.031,2.874,0.0
2025-12-31 13:00:00,0.0,2.514,7.0,0.0,0.0,14.472,2.517,2.77,2.874,0.0
2025-12-31 14:00:00,0.0,2.436,7.0,0.0,0.0,14.472,2.48,2.521,2.872,0.0
2025-12-31 15:00:00,0.0,2.6,7.0,0.0,0.0,14.472,2.517,2.526,2.877,0.0
2025-12-31 16:00:00,0.0,2.457,7.0,0.0,0.0,14.472,2.498,2.507,2.874,0.0
2025-12-31 17:00:00,0.0,2.487,7.0,0.0,0.0,14.472,2.515,2.497,2.875,0.0
2025-12-31 18:00:00,22.158,2.505,7.0,22.158,22.158,36.629,2.483,2.5,2.876,0.0
2025-12-31 19:00:00,0.0,2.495,7.0,22.158,22.158,36.629,2.496,2.497,2.876,0.0
2025-12-31 20:00:00,0.0,2.467,7.0,22.158,22.158,36.629,2.489,2.502,2.872,0.0
2025-12-31 21:00:00,0.0,2.57,7.0,0.0,22.158,36.629,2.511,2.497,2.874,0.0
2025-12-31 22:00:00,0.0,4.763,7.0,0.0,22.158,36.629,3.267,2.881,2.967,0.0
2025-12-31 23:00:00,0.0,4.732,7.0,0.0,22.158,22.158,4.022,3.255,3.061,0.0
