timestamp,state,district,river_level_m,river_level_threshold_m,water_level_change_m
18-09-2025 12:00,West Bengal,Murshidabad,7.28,6.04,0.02
15-07-2025 04:00,Kerala,Kottayam,4.61,6.92,0.09
14-03-2025 03:00,Odisha,Cuttack,6.98,6.11,0.22
17-07-2025 14:00,Maharashtra,Mumbai,3.53,6.98,0.4
08-07-2025 09:00,West Bengal,Murshidabad,4.69,5.21,1.25
22-09-2025 04:00,West Bengal,Kolkata,6.89,4.11,-0.18
25-01-2025 00:00,Tamil Nadu,Madurai,2.22,4.96,0.47
05-08-2025 18:00,Bihar,Patna,3.33,4.78,0.03
23-09-2025 03:00,Kerala,Kochi,5.9,6.39,0.56
19-01-2025 07:00,Bihar,Gaya,2.92,4.98,-0.11
25-04-2025 14:00,Bihar,Muzaffarpur,8.47,4.94,0.46
08-11-2025 23:00,Karnataka,Mangaluru,3.3,5.77,0.59
08-08-2025 16:00,Bihar,Patna,2.19,5.14,0.04
24-08-2025 13:00,Bihar,Darbhanga,5.47,6.27,0.5
16-06-2025 15:00,Maharashtra,Kolhapur,4.51,4.86,0.63
09-09-2025 09:00,Kerala,Alappuzha,3.38,6.93,-0.05
25-01-2025 06:00,Tamil Nadu,Madurai,3.29,4.19,0.78
18-02-2026 18:00,Tamil Nadu,Chennai,4.38,4.51,1.31
21-10-2025 19:00,West Bengal,Murshidabad,3.45,6.36,0.51
06-12-2025 22:00,Tamil Nadu,Coimbatore,2.75,5.77,0.23
17-02-2026 08:00,Bihar,Bhagalpur,5.51,4.33,0.02
04-04-2025 17:00,Tamil Nadu,Thanjavur,3.44,5.67,0.3
13-07-2025 08:00,Odisha,Puri,8.84,4.03,-0.47
31-01-2026 05:00,Karnataka,Mysuru,5.43,5.59,-0.47
26-07-2025 03:00,Uttar Pradesh,Kanpur,5.21,5.85,0.15
18-02-2026 08:00,Odisha,Balasore,2.97,5.85,0.53
23-03-2025 19:00,Maharashtra,Pune,4.68,4.85,0.58
10-12-2025 11:00,Maharashtra,Mumbai,3.68,4.16,0.87
02-10-2025 14:00,Odisha,Cuttack,8.7,5.26,0.26
04-01-2026 15:00,Uttar Pradesh,Gorakhpur,3.12,5.19,-0.03
14-01-2025 09:00,Odisha,Kendrapara,7.92,4.14,0.25
22-04-2025 14:00,Bihar,Gaya,5.03,5.66,0.13
12-07-2025 17:00,Assam,Guwahati,8.08,4.58,-0.55
26-07-2025 05:00,Maharashtra,Nagpur,7.74,4.64,0.32
14-12-2025 00:00,West Bengal,Kolkata,1.56,5.35,0.51
20-05-2025 01:00,Uttar Pradesh,Lucknow,1.3,6.28,-0.05
21-08-2025 21:00,Karnataka,Mysuru,5.74,6.31,-0.13
11-01-2025 11:00,Maharashtra,Nashik,4.21,6.83,0.14
15-06-2025 13:00,Gujarat,Vadodara,8.07,4.12,0.09
04-10-2025 06:00,Assam,Dibrugarh,7.25,5.12,1.24
20-08-2025 03:00,Kerala,Kochi,3.23,6.46,0.26
02-01-2025 11:00,Assam,Dibrugarh,1.42,4.03,0.31
15-12-2025 10:00,Kerala,Thrissur,1.28,4.52,1.33
05-03-2025 01:00,Gujarat,Rajkot,2.95,6.97,0.02
24-01-2026 05:00,Bihar,Darbhanga,8.79,4.72,0.54
02-01-2025 15:00,Maharashtra,Mumbai,1.56,6.07,-0.01
20-07-2025 19:00,West Bengal,Kolkata,1.45,6.84,0.46
25-05-2025 09:00,Kerala,Thrissur,3.76,6.95,-0.54
15-03-2025 08:00,Uttar Pradesh,Prayagraj,2.76,6.24,0.92
07-04-2025 00:00,Karnataka,Bengaluru,5.59,6.62,0.37
05-06-2025 03:00,Uttar Pradesh,Lucknow,6.23,6.1,0.24
12-12-2025 04:00,West Bengal,Malda,4.78,5.61,0.2
28-07-2025 01:00,Odisha,Cuttack,6.91,5.31,1.01
05-12-2025 15:00,Odisha,Kendrapara,1.75,5.45,0.93
07-05-2025 08:00,Bihar,Bhagalpur,2.91,5.01,-0.22
27-11-2025 18:00,West Bengal,Howrah,6.31,6.34,1.02
07-05-2025 15:00,Karnataka,Udupi,1.64,4.66,0.36
07-02-2026 07:00,Tamil Nadu,Chennai,1.29,5.3,0.2
17-04-2025 01:00,Uttar Pradesh,Varanasi,4.99,5.99,0.64
19-04-2025 00:00,Gujarat,Vadodara,7.69,5.37,0.51
19-02-2025 12:00,Odisha,Balasore,3.46,5.11,0.02
28-11-2025 22:00,Maharashtra,Nagpur,4.91,6.19,-0.13
11-09-2025 05:00,Gujarat,Ahmedabad,8.06,4.95,0.49
05-01-2025 11:00,Bihar,Bhagalpur,6.01,6.68,0.49
24-02-2025 19:00,Odisha,Bhubaneswar,4.71,6.07,0.21
08-12-2025 03:00,Odisha,Balasore,6.74,6.0,0.18
25-04-2025 17:00,West Bengal,Darjeeling,1.58,5.27,0.42
11-02-2026 09:00,West Bengal,Darjeeling,2.47,6.78,0.67
17-09-2025 15:00,Kerala,Kozhikode,1.19,4.44,0.99
30-04-2025 20:00,Karnataka,Udupi,8.17,6.84,-0.17
10-08-2025 19:00,West Bengal,Murshidabad,8.49,4.65,0.21
03-02-2025 07:00,Uttar Pradesh,Kanpur,3.07,4.56,0.69
29-05-2025 18:00,Uttar Pradesh,Lucknow,3.22,4.98,0.5
01-05-2025 14:00,Bihar,Darbhanga,1.7,6.68,1.38
02-05-2025 23:00,Assam,Guwahati,7.07,5.04,0.79
07-12-2025 18:00,Uttar Pradesh,Varanasi,8.94,4.91,1.09
10-02-2025 11:00,Tamil Nadu,Madurai,4.03,4.44,0.34
06-10-2025 15:00,Bihar,Gaya,5.31,4.03,1.05
24-12-2025 07:00,Maharashtra,Mumbai,8.0,5.59,1.28
26-03-2025 04:00,Bihar,Bhagalpur,3.12,5.86,0.85
13-01-2026 06:00,Odisha,Bhubaneswar,1.52,4.4,0.56
09-02-2025 16:00,Bihar,Patna,8.13,4.49,0.71
12-08-2025 07:00,Kerala,Kottayam,1.22,5.9,0.0
10-06-2025 17:00,Assam,Guwahati,2.26,4.03,0.13
02-09-2025 05:00,Uttar Pradesh,Varanasi,8.82,4.76,0.38
12-05-2025 01:00,Maharashtra,Nashik,8.03,5.7,-0.74
18-05-2025 17:00,Tamil Nadu,Chennai,8.32,5.79,0.45
06-05-2025 06:00,Maharashtra,Nagpur,8.32,5.42,-0.25
11-01-2026 01:00,Karnataka,Udupi,1.24,4.22,0.67
20-11-2025 18:00,West Bengal,Murshidabad,6.15,6.49,0.0
06-11-2025 22:00,West Bengal,Murshidabad,1.88,4.23,-0.17
27-11-2025 22:00,Assam,Barpeta,5.28,4.73,0.39
20-01-2026 22:00,Kerala,Kochi,3.2,5.63,1.0
14-02-2025 00:00,Maharashtra,Nashik,5.7,5.67,0.68
12-05-2025 10:00,Uttar Pradesh,Varanasi,3.24,5.42,0.38
07-06-2025 19:00,Karnataka,Bengaluru,7.65,5.23,0.7
18-01-2026 21:00,Uttar Pradesh,Gorakhpur,4.3,6.04,-0.1
23-11-2025 01:00,Assam,Jorhat,2.09,4.17,0.14
11-11-2025 03:00,West Bengal,Murshidabad,6.45,5.75,1.06
29-10-2025 07:00,Maharashtra,Mumbai,2.14,6.92,0.06
01-02-2025 20:00,Gujarat,Bharuch,1.92,5.31,-0.21
29-07-2025 03:00,Kerala,Kochi,3.71,6.15,-0.19
24-07-2025 07:00,Bihar,Darbhanga,6.6,4.99,0.07
04-12-2025 05:00,Bihar,Patna,5.05,4.08,0.56
13-10-2025 03:00,Karnataka,Udupi,3.92,5.32,0.25
01-04-2025 05:00,Kerala,Kottayam,6.84,4.74,0.04
19-03-2025 14:00,Karnataka,Bengaluru,4.92,6.54,0.08
24-11-2025 02:00,Odisha,Puri,3.79,4.58,0.45
16-01-2026 03:00,Gujarat,Surat,8.37,4.99,0.89
08-04-2025 12:00,Assam,Dhemaji,7.92,6.33,0.33
19-08-2025 07:00,Kerala,Kozhikode,7.61,4.18,0.56
08-10-2025 23:00,Tamil Nadu,Thanjavur,2.15,6.91,0.39
16-06-2025 19:00,Kerala,Thrissur,8.81,4.41,0.6
16-02-2025 19:00,Karnataka,Mysuru,7.46,6.06,0.65
29-12-2025 21:00,Assam,Guwahati,8.34,6.56,0.82
18-06-2025 17:00,Maharashtra,Nagpur,8.15,6.53,0.78
15-11-2025 08:00,Uttar Pradesh,Gorakhpur,1.83,4.75,-0.35
01-02-2025 21:00,Uttar Pradesh,Gorakhpur,8.0,5.1,0.2
08-04-2025 16:00,Odisha,Kendrapara,5.74,5.06,0.08
19-06-2025 15:00,Karnataka,Udupi,4.37,4.86,-0.58
28-10-2025 16:00,Kerala,Kozhikode,5.21,4.47,-0.55
25-06-2025 16:00,Tamil Nadu,Tiruppur,1.21,5.48,0.06
28-11-2025 08:00,Maharashtra,Mumbai,8.86,6.83,0.88
06-09-2025 18:00,Tamil Nadu,Tiruppur,1.95,6.97,0.54
20-05-2025 14:00,Kerala,Kochi,3.2,5.49,0.76
15-07-2025 15:00,Karnataka,Bengaluru,5.45,6.53,0.13
22-05-2025 15:00,Maharashtra,Pune,3.12,6.18,0.78
20-06-2025 01:00,Bihar,Bhagalpur,3.12,6.09,0.61
17-01-2026 05:00,Assam,Guwahati,3.85,4.51,0.26
21-02-2025 00:00,Assam,Barpeta,1.54,4.28,0.02
20-09-2025 04:00,Odisha,Cuttack,5.48,5.18,0.06
11-05-2025 02:00,Tamil Nadu,Thanjavur,2.36,6.76,-0.02
22-01-2025 06:00,Karnataka,Mangaluru,6.87,5.59,0.06
30-08-2025 10:00,West Bengal,Howrah,2.14,4.86,0.54
07-12-2025 21:00,Gujarat,Surat,7.94,6.09,1.37
28-01-2026 09:00,Kerala,Kozhikode,8.27,5.84,0.69
05-01-2025 00:00,Uttar Pradesh,Varanasi,2.88,4.21,-0.03
06-10-2025 09:00,West Bengal,Murshidabad,6.35,6.53,0.55
05-03-2025 00:00,West Bengal,Murshidabad,3.02,6.16,0.25
02-01-2026 07:00,Gujarat,Surat,6.58,5.38,0.52
05-01-2025 23:00,Uttar Pradesh,Varanasi,2.53,6.73,-0.25
21-11-2025 15:00,West Bengal,Howrah,2.69,4.3,0.71
29-09-2025 13:00,Bihar,Gaya,5.02,4.06,0.33
02-01-2025 09:00,Karnataka,Bengaluru,7.65,6.6,0.61
25-11-2025 15:00,Kerala,Alappuzha,1.33,4.01,1.02
12-10-2025 14:00,Bihar,Gaya,2.07,5.19,0.29
14-08-2025 21:00,Kerala,Kottayam,4.69,6.4,-0.07
14-02-2025 12:00,Tamil Nadu,Chennai,7.1,5.94,-0.77
26-02-2025 03:00,Odisha,Kendrapara,7.49,5.55,0.06
17-07-2025 19:00,Bihar,Darbhanga,8.94,6.79,-0.41
08-09-2025 05:00,Tamil Nadu,Thanjavur,4.48,4.85,1.05
09-09-2025 15:00,Maharashtra,Mumbai,6.18,5.43,1.11
09-06-2025 01:00,West Bengal,Darjeeling,8.83,5.24,1.08
18-12-2025 22:00,Maharashtra,Nashik,2.29,5.47,0.93
08-08-2025 13:00,Tamil Nadu,Coimbatore,3.31,4.58,0.58
15-10-2025 09:00,Assam,Dhemaji,5.51,5.06,0.89
10-08-2025 05:00,Maharashtra,Mumbai,1.1,6.69,0.23
02-01-2025 07:00,Karnataka,Mysuru,1.16,5.96,-0.54
25-08-2025 10:00,Uttar Pradesh,Gorakhpur,3.96,5.13,0.39
02-07-2025 18:00,Gujarat,Surat,2.34,5.49,0.29
02-01-2025 05:00,Maharashtra,Kolhapur,3.88,5.79,1.3
25-06-2025 02:00,Gujarat,Ahmedabad,6.16,4.57,0.36
09-11-2025 19:00,Odisha,Kendrapara,3.25,4.24,-0.4
31-01-2025 15:00,Odisha,Puri,4.53,5.2,0.25
28-03-2025 03:00,Assam,Jorhat,4.76,6.76,0.25
05-01-2025 10:00,Karnataka,Kodagu,6.97,5.31,-0.27
06-02-2026 20:00,Odisha,Cuttack,8.89,4.96,0.3
06-01-2026 14:00,Maharashtra,Kolhapur,2.44,6.84,0.17
01-12-2025 04:00,West Bengal,Murshidabad,6.02,4.95,0.45
04-04-2025 00:00,Kerala,Kozhikode,3.34,6.03,-0.05
11-02-2025 09:00,Bihar,Muzaffarpur,1.07,4.48,0.53
28-01-2026 04:00,Assam,Dhemaji,6.42,4.14,-0.33
22-10-2025 02:00,Uttar Pradesh,Gorakhpur,2.97,5.06,0.35
10-10-2025 21:00,Tamil Nadu,Tiruppur,2.01,6.29,0.27
16-01-2025 00:00,Maharashtra,Pune,8.81,4.8,0.2
13-01-2025 16:00,Karnataka,Udupi,1.21,5.04,0.17
20-04-2025 11:00,Maharashtra,Nagpur,4.64,6.33,0.21
09-01-2026 13:00,Karnataka,Mangaluru,5.58,5.56,-0.22
08-07-2025 01:00,Karnataka,Udupi,6.49,6.42,0.79
04-09-2025 06:00,Bihar,Darbhanga,5.8,6.51,0.31
13-12-2025 09:00,Uttar Pradesh,Prayagraj,1.65,6.93,0.58
10-05-2025 04:00,Maharashtra,Nagpur,2.11,5.97,0.95
26-08-2025 15:00,Bihar,Darbhanga,8.27,6.79,0.58
12-06-2025 10:00,Kerala,Kottayam,1.42,6.78,0.16
15-08-2025 16:00,Gujarat,Surat,4.57,5.91,0.57
27-11-2025 10:00,Bihar,Bhagalpur,3.8,6.1,-0.53
26-01-2025 21:00,West Bengal,Malda,8.0,5.18,0.12
29-10-2025 11:00,Assam,Jorhat,5.9,5.77,-0.71
15-04-2025 02:00,Karnataka,Kodagu,3.23,4.75,-0.08
30-01-2025 17:00,Bihar,Muzaffarpur,3.2,4.38,-0.3
17-12-2025 03:00,West Bengal,Kolkata,6.22,6.22,-0.35
29-04-2025 23:00,Bihar,Patna,4.24,4.17,0.22
27-06-2025 21:00,Tamil Nadu,Tiruppur,6.77,4.91,0.76
02-05-2025 04:00,Tamil Nadu,Madurai,6.86,4.42,0.1
03-12-2025 16:00,West Bengal,Darjeeling,3.93,4.81,0.42
08-07-2025 04:00,West Bengal,Howrah,3.68,4.79,0.35
22-02-2025 13:00,Uttar Pradesh,Varanasi,5.03,4.35,0.51
12-05-2025 16:00,Kerala,Kochi,7.32,4.42,0.17
10-02-2025 10:00,Gujarat,Bharuch,6.64,5.95,-0.07
13-06-2025 00:00,Kerala,Kochi,2.37,6.08,0.28
05-08-2025 14:00,West Bengal,Howrah,1.38,5.3,1.45
04-01-2026 14:00,Kerala,Alappuzha,2.51,6.58,0.61
11-01-2025 19:00,Kerala,Alappuzha,7.66,6.12,-0.1
07-06-2025 22:00,Uttar Pradesh,Kanpur,5.91,6.62,0.72
19-01-2026 10:00,Odisha,Balasore,7.1,6.69,0.3
21-01-2025 07:00,Karnataka,Mysuru,4.66,6.76,0.76
26-11-2025 11:00,Gujarat,Rajkot,1.98,4.38,-0.24
22-01-2025 14:00,Karnataka,Mysuru,3.85,6.0,1.06
14-12-2025 14:00,Tamil Nadu,Thanjavur,5.27,5.25,0.48
13-01-2025 23:00,Kerala,Thrissur,8.71,4.93,0.96
15-05-2025 15:00,Odisha,Cuttack,1.73,4.55,-0.27
27-11-2025 12:00,Assam,Dhemaji,5.48,4.79,0.83
07-11-2025 17:00,Kerala,Alappuzha,8.48,6.37,0.31
12-02-2026 15:00,Karnataka,Udupi,1.41,6.02,-0.11
04-08-2025 23:00,Bihar,Darbhanga,4.97,6.93,0.79
03-12-2025 12:00,Bihar,Patna,2.24,6.07,0.47
28-09-2025 21:00,Bihar,Muzaffarpur,6.5,5.71,0.85
10-10-2025 22:00,Odisha,Bhubaneswar,3.46,6.02,0.23
20-11-2025 20:00,Maharashtra,Mumbai,5.96,4.86,-0.23
25-04-2025 01:00,Kerala,Kochi,8.15,4.77,0.05
23-11-2025 17:00,Karnataka,Bengaluru,1.59,5.87,-0.24
18-09-2025 21:00,Odisha,Balasore,7.73,6.62,0.35
08-12-2025 21:00,Uttar Pradesh,Gorakhpur,8.23,4.96,0.18
21-02-2025 23:00,Karnataka,Bengaluru,3.13,6.7,0.57
24-01-2026 23:00,Tamil Nadu,Chennai,8.49,5.41,0.42
24-06-2025 18:00,Tamil Nadu,Tiruppur,5.51,6.79,-0.4
30-11-2025 08:00,Odisha,Balasore,7.22,6.93,0.56
04-11-2025 09:00,Assam,Dibrugarh,3.3,6.19,0.93
24-05-2025 02:00,Maharashtra,Mumbai,5.14,4.02,0.6
13-08-2025 05:00,Gujarat,Bharuch,3.03,4.45,-0.43
09-02-2025 22:00,Maharashtra,Nagpur,6.32,4.34,0.68
18-01-2025 08:00,Gujarat,Bharuch,1.28,5.67,-0.11
28-08-2025 05:00,Karnataka,Bengaluru,3.43,6.83,0.28
08-10-2025 07:00,Bihar,Muzaffarpur,4.02,4.02,0.02
02-07-2025 13:00,Tamil Nadu,Chennai,1.53,5.49,0.33
05-08-2025 12:00,West Bengal,Darjeeling,6.48,5.29,0.71
16-02-2025 08:00,Tamil Nadu,Thanjavur,8.29,5.4,-0.19
23-04-2025 00:00,West Bengal,Kolkata,4.36,6.52,0.73
27-09-2025 16:00,Bihar,Patna,5.68,4.95,0.46
03-01-2026 11:00,Maharashtra,Mumbai,5.79,5.33,0.17
22-11-2025 07:00,Kerala,Kozhikode,7.27,4.21,1.34
23-05-2025 02:00,Maharashtra,Kolhapur,6.98,5.41,1.43
04-01-2025 08:00,Odisha,Kendrapara,4.1,4.71,-0.04
12-07-2025 05:00,Tamil Nadu,Madurai,1.88,6.97,1.08
27-02-2025 05:00,Bihar,Darbhanga,7.03,4.45,0.05
04-03-2025 21:00,Gujarat,Bharuch,1.89,6.3,0.16
26-09-2025 10:00,Odisha,Kendrapara,1.5,6.94,0.48
08-05-2025 22:00,Assam,Jorhat,7.31,5.92,0.43
06-05-2025 15:00,Karnataka,Udupi,8.99,5.11,0.82
20-07-2025 22:00,Odisha,Bhubaneswar,4.57,4.71,0.12
22-11-2025 21:00,Bihar,Muzaffarpur,7.05,5.27,0.18
04-01-2025 20:00,Assam,Dibrugarh,2.69,6.79,0.53
28-01-2026 12:00,Tamil Nadu,Coimbatore,5.63,6.53,0.5
02-10-2025 23:00,Assam,Jorhat,5.62,6.58,-0.59
05-07-2025 02:00,Odisha,Kendrapara,1.13,4.4,0.95
13-11-2025 17:00,Gujarat,Ahmedabad,5.23,5.6,-0.13
09-06-2025 18:00,Maharashtra,Nagpur,8.37,5.21,0.08
09-02-2026 05:00,West Bengal,Darjeeling,2.99,4.76,0.0
30-06-2025 01:00,Kerala,Kozhikode,1.44,6.54,0.54
22-05-2025 09:00,Assam,Jorhat,6.84,6.58,0.35
17-07-2025 23:00,Kerala,Kottayam,1.33,5.68,0.91
29-10-2025 04:00,Karnataka,Udupi,8.65,4.93,-0.21
18-01-2026 22:00,West Bengal,Malda,3.45,5.39,-0.15
09-04-2025 08:00,Assam,Dibrugarh,8.21,6.62,-0.51
17-02-2025 19:00,Kerala,Kozhikode,1.73,5.45,0.36
25-08-2025 01:00,Gujarat,Bharuch,7.06,4.29,0.38
03-12-2025 10:00,Assam,Dhemaji,5.09,5.23,-0.44
25-07-2025 22:00,Gujarat,Bharuch,1.59,5.88,0.28
02-06-2025 14:00,Uttar Pradesh,Lucknow,7.08,4.66,0.68
07-03-2025 02:00,Assam,Guwahati,8.97,5.3,0.23
21-06-2025 08:00,Gujarat,Vadodara,8.05,4.21,0.89
13-01-2026 01:00,Odisha,Kendrapara,3.05,4.8,-0.27
22-01-2026 11:00,Uttar Pradesh,Varanasi,4.28,6.83,0.42
22-12-2025 17:00,Gujarat,Rajkot,8.81,5.04,-0.16
03-02-2025 02:00,Uttar Pradesh,Gorakhpur,7.3,6.26,-0.44
01-09-2025 21:00,Odisha,Balasore,5.15,5.51,0.45
14-11-2025 10:00,Maharashtra,Kolhapur,6.38,6.08,0.79
08-03-2025 09:00,West Bengal,Malda,5.03,4.78,0.14
06-11-2025 01:00,West Bengal,Murshidabad,4.62,5.92,0.44
08-08-2025 10:00,West Bengal,Murshidabad,2.43,5.39,-0.1
25-10-2025 18:00,Karnataka,Mysuru,8.79,6.59,-0.31
04-01-2025 16:00,Bihar,Patna,2.86,6.38,1.42
29-12-2025 06:00,Tamil Nadu,Chennai,8.48,5.35,-0.07
10-02-2026 11:00,Gujarat,Ahmedabad,2.63,6.87,0.66
29-01-2026 13:00,Karnataka,Udupi,7.11,6.85,1.02
09-10-2025 09:00,Tamil Nadu,Thanjavur,2.76,6.01,0.49
26-05-2025 21:00,West Bengal,Kolkata,1.25,6.15,0.39
04-04-2025 01:00,Bihar,Muzaffarpur,2.91,4.75,0.82
27-04-2025 18:00,Gujarat,Bharuch,6.24,6.67,-0.03
04-07-2025 07:00,Kerala,Kozhikode,2.24,4.07,0.07
24-08-2025 22:00,Uttar Pradesh,Lucknow,4.36,4.4,0.96
26-10-2025 17:00,Maharashtra,Pune,5.85,5.98,0.16
14-12-2025 08:00,Gujarat,Bharuch,2.3,4.06,0.24
31-03-2025 11:00,Bihar,Gaya,3.28,6.94,0.42
29-11-2025 00:00,Assam,Guwahati,2.23,5.46,0.26
30-09-2025 22:00,Gujarat,Vadodara,4.4,5.03,0.59
15-11-2025 10:00,Gujarat,Rajkot,7.55,5.34,0.94
14-09-2025 19:00,Uttar Pradesh,Varanasi,3.5,5.28,0.62
04-03-2025 06:00,Karnataka,Kodagu,1.5,5.63,0.23
17-11-2025 15:00,Assam,Guwahati,8.66,5.21,0.51
23-10-2025 13:00,Uttar Pradesh,Gorakhpur,7.43,4.35,1.1
28-02-2025 16:00,Karnataka,Mysuru,3.91,4.82,-0.7
06-10-2025 18:00,West Bengal,Kolkata,7.82,4.85,0.18
22-05-2025 16:00,Gujarat,Ahmedabad,3.31,6.26,0.69
05-01-2025 12:00,West Bengal,Kolkata,2.47,5.75,0.77
23-08-2025 19:00,Maharashtra,Nashik,4.6,5.49,-0.02
20-12-2025 09:00,Kerala,Alappuzha,3.39,5.15,0.08
03-10-2025 03:00,Maharashtra,Kolhapur,1.8,4.08,0.72
15-02-2025 10:00,Kerala,Kottayam,4.27,4.58,0.27
20-08-2025 15:00,West Bengal,Howrah,4.84,6.44,0.45
28-01-2026 03:00,Kerala,Kochi,4.25,4.79,0.41
06-12-2025 06:00,Karnataka,Udupi,4.01,5.97,-0.71
27-12-2025 23:00,Uttar Pradesh,Varanasi,3.69,4.06,0.09
02-10-2025 19:00,Assam,Barpeta,1.98,5.89,0.34
26-01-2025 23:00,Uttar Pradesh,Varanasi,3.92,4.36,0.56
14-10-2025 06:00,Uttar Pradesh,Varanasi,6.75,6.96,1.28
20-07-2025 13:00,Tamil Nadu,Thanjavur,6.05,6.9,0.35
01-10-2025 00:00,West Bengal,Murshidabad,8.38,5.14,0.42
10-11-2025 17:00,Karnataka,Bengaluru,7.65,6.83,0.72
30-08-2025 11:00,Odisha,Kendrapara,1.59,4.76,-0.45
06-11-2025 20:00,Kerala,Kottayam,1.96,4.86,0.17
25-06-2025 17:00,Odisha,Kendrapara,5.15,4.38,0.25
05-09-2025 12:00,Kerala,Thrissur,7.7,4.93,0.4
21-12-2025 04:00,Gujarat,Vadodara,5.5,6.51,0.25
25-09-2025 20:00,Gujarat,Surat,4.11,5.0,0.76
12-10-2025 10:00,Karnataka,Bengaluru,2.81,6.92,0.67
22-06-2025 02:00,Gujarat,Rajkot,7.84,5.3,0.05
22-11-2025 01:00,Kerala,Alappuzha,7.37,6.2,1.11
20-11-2025 01:00,Maharashtra,Nagpur,1.86,5.73,0.48
16-07-2025 17:00,Uttar Pradesh,Varanasi,7.17,5.13,-0.08
10-03-2025 18:00,West Bengal,Darjeeling,7.97,4.94,1.08
22-06-2025 12:00,Tamil Nadu,Thanjavur,7.97,5.42,0.15
09-03-2025 09:00,Tamil Nadu,Coimbatore,1.15,6.87,-0.12
26-03-2025 13:00,Assam,Dhemaji,5.02,6.7,1.56
21-12-2025 21:00,Assam,Dhemaji,2.82,5.51,1.12
10-07-2025 15:00,West Bengal,Darjeeling,5.48,5.71,0.61
16-06-2025 08:00,Bihar,Patna,5.25,6.75,0.83
04-11-2025 08:00,Gujarat,Vadodara,4.21,6.54,1.5750000000000002
14-09-2025 05:00,Uttar Pradesh,Prayagraj,6.46,6.28,1.03
24-07-2025 12:00,Maharashtra,Mumbai,3.92,5.63,0.19
29-07-2025 10:00,Uttar Pradesh,Gorakhpur,3.16,4.24,0.76
11-12-2025 04:00,Assam,Dhemaji,2.16,6.15,1.1
17-07-2025 03:00,Gujarat,Surat,4.43,7.0,-0.17
11-11-2025 12:00,Uttar Pradesh,Gorakhpur,2.85,4.87,0.09
05-12-2025 22:00,Assam,Guwahati,3.42,5.28,-0.46
08-03-2025 22:00,West Bengal,Darjeeling,3.6,6.55,-0.83
18-07-2025 21:00,Bihar,Muzaffarpur,8.03,4.79,0.37
04-12-2025 21:00,West Bengal,Howrah,7.21,5.19,0.67
17-10-2025 15:00,Karnataka,Mangaluru,4.76,4.6,0.74
08-09-2025 04:00,Kerala,Kochi,5.1,5.25,-0.46
19-11-2025 00:00,Bihar,Patna,5.16,6.22,-0.03
28-05-2025 13:00,Kerala,Kozhikode,2.89,4.84,0.46
17-01-2025 04:00,Assam,Dibrugarh,4.95,6.89,0.17
16-03-2025 18:00,Kerala,Kochi,5.21,5.08,-0.11
30-12-2025 19:00,Uttar Pradesh,Varanasi,4.26,6.09,-0.56
24-07-2025 23:00,Maharashtra,Nagpur,2.95,6.76,0.21
19-08-2025 17:00,Bihar,Muzaffarpur,6.82,5.15,0.49
11-06-2025 08:00,Gujarat,Rajkot,4.29,5.76,0.29
05-01-2026 12:00,Gujarat,Bharuch,3.26,5.21,0.08
04-04-2025 22:00,Assam,Jorhat,1.33,6.11,1.09
23-05-2025 04:00,Gujarat,Surat,8.48,4.63,0.87
16-08-2025 11:00,Bihar,Gaya,3.22,5.55,0.12
26-07-2025 11:00,West Bengal,Murshidabad,7.88,4.28,0.1
05-11-2025 04:00,Kerala,Alappuzha,5.3,4.91,0.58
14-08-2025 14:00,Kerala,Kottayam,2.97,4.0,0.17
05-11-2025 07:00,Kerala,Thrissur,6.62,6.74,0.93
05-11-2025 22:00,Gujarat,Rajkot,3.62,4.73,0.21
15-01-2026 04:00,Bihar,Gaya,3.62,4.2,0.16
22-07-2025 03:00,Kerala,Kochi,7.12,4.83,0.47
26-03-2025 09:00,Maharashtra,Pune,5.81,5.69,-0.54
19-04-2025 23:00,Bihar,Muzaffarpur,8.55,6.82,1.26
04-11-2025 20:00,Assam,Dibrugarh,1.93,4.45,0.24
02-05-2025 22:00,Bihar,Darbhanga,4.31,6.23,0.66
16-02-2025 17:00,Assam,Guwahati,3.63,6.54,0.26
02-05-2025 06:00,Maharashtra,Nashik,8.72,5.27,0.45
06-12-2025 10:00,Karnataka,Mysuru,6.36,4.21,0.47
04-11-2025 15:00,Tamil Nadu,Thanjavur,8.69,5.95,0.78
26-05-2025 02:00,Tamil Nadu,Madurai,6.2,5.77,-0.05
03-02-2025 03:00,Odisha,Puri,6.01,5.18,0.33
07-03-2025 15:00,Tamil Nadu,Thanjavur,8.16,5.94,0.02
15-09-2025 08:00,Tamil Nadu,Tiruppur,5.09,4.27,1.05
19-09-2025 02:00,West Bengal,Howrah,5.39,5.81,0.5
13-04-2025 10:00,Gujarat,Surat,6.66,6.96,-0.08
19-05-2025 00:00,Karnataka,Mysuru,1.41,6.82,0.51
22-02-2025 05:00,Gujarat,Bharuch,4.38,4.39,0.75
12-10-2025 18:00,Odisha,Puri,4.08,4.64,0.25
02-01-2026 10:00,Tamil Nadu,Tiruppur,3.2,6.32,0.84
09-06-2025 21:00,Odisha,Kendrapara,7.8,6.21,0.67
03-07-2025 06:00,Odisha,Puri,5.25,5.94,0.69
30-05-2025 19:00,Maharashtra,Nagpur,7.85,5.66,0.56
03-10-2025 21:00,Gujarat,Bharuch,6.14,5.89,-0.82
16-12-2025 06:00,Tamil Nadu,Chennai,3.62,6.88,0.54
30-03-2025 12:00,Kerala,Thrissur,4.3,6.41,0.5
15-05-2025 22:00,Bihar,Patna,8.44,6.61,-0.06
14-08-2025 03:00,Odisha,Cuttack,4.4,4.57,0.53
07-09-2025 22:00,Bihar,Bhagalpur,7.72,4.5,0.15
05-09-2025 10:00,Karnataka,Udupi,1.84,5.2,-0.1
27-03-2025 05:00,Karnataka,Mysuru,2.9,4.28,-0.2
07-03-2025 18:00,Uttar Pradesh,Prayagraj,8.41,5.56,0.37
01-01-2025 14:00,West Bengal,Murshidabad,5.78,5.16,-0.33
22-04-2025 09:00,Kerala,Kottayam,1.47,4.94,0.27
20-10-2025 08:00,West Bengal,Darjeeling,2.03,6.89,0.44
30-12-2025 08:00,Gujarat,Ahmedabad,3.56,6.92,0.12
04-01-2026 17:00,Maharashtra,Nashik,8.67,5.94,0.42
20-07-2025 12:00,West Bengal,Howrah,2.93,5.45,0.25
15-02-2025 04:00,Bihar,Patna,4.32,5.8,-0.05
27-07-2025 15:00,Tamil Nadu,Thanjavur,8.32,4.98,-0.56
26-10-2025 03:00,Gujarat,Rajkot,6.03,6.57,-0.05
01-05-2025 04:00,Bihar,Gaya,3.69,4.14,0.4
14-01-2025 21:00,Odisha,Kendrapara,4.94,4.95,0.78
28-10-2025 04:00,Assam,Guwahati,3.04,6.87,-0.22
01-07-2025 23:00,Kerala,Thrissur,7.95,5.87,0.38
09-05-2025 07:00,Tamil Nadu,Tiruppur,2.44,5.79,0.13
28-10-2025 03:00,Kerala,Alappuzha,6.05,4.55,0.36
17-02-2026 21:00,Odisha,Bhubaneswar,5.37,4.76,0.79
05-01-2026 08:00,Tamil Nadu,Thanjavur,5.74,6.59,0.31
11-01-2025 23:00,Karnataka,Bengaluru,6.81,6.81,-0.09
30-06-2025 17:00,Tamil Nadu,Madurai,8.44,4.97,0.22
06-01-2026 15:00,Kerala,Kozhikode,6.9,6.14,-0.865
18-12-2025 23:00,Uttar Pradesh,Kanpur,7.09,5.42,0.01
03-09-2025 23:00,West Bengal,Malda,2.19,5.52,0.9
04-03-2025 10:00,Kerala,Alappuzha,1.36,6.05,0.9
24-06-2025 14:00,Maharashtra,Nashik,7.63,5.58,0.27
08-11-2025 21:00,Tamil Nadu,Chennai,6.58,4.29,0.37
06-02-2026 19:00,Tamil Nadu,Coimbatore,7.19,4.91,1.07
13-12-2025 06:00,Odisha,Balasore,1.72,4.59,0.05
13-11-2025 06:00,Tamil Nadu,Chennai,2.03,6.13,-0.48
21-01-2025 20:00,Uttar Pradesh,Kanpur,3.06,5.64,0.81
17-01-2026 11:00,Tamil Nadu,Tiruppur,3.19,4.45,0.55
28-01-2026 06:00,Uttar Pradesh,Lucknow,1.87,4.3,0.61
09-05-2025 23:00,Gujarat,Bharuch,1.44,5.19,0.07
12-07-2025 23:00,Karnataka,Mysuru,8.99,4.28,0.36
16-01-2025 07:00,Assam,Dhemaji,4.64,6.75,0.57
19-06-2025 02:00,Uttar Pradesh,Kanpur,6.99,4.13,0.09
07-12-2025 14:00,Uttar Pradesh,Kanpur,8.75,5.27,0.9
12-07-2025 22:00,Tamil Nadu,Madurai,1.44,6.04,-0.21
10-09-2025 22:00,Kerala,Thrissur,4.86,5.99,-0.31
22-04-2025 00:00,Assam,Barpeta,1.02,4.65,1.5
12-02-2025 18:00,Tamil Nadu,Madurai,1.2,4.82,-0.06
04-09-2025 04:00,Tamil Nadu,Thanjavur,4.9,6.38,1.08
30-07-2025 10:00,Odisha,Puri,4.83,4.35,0.27
21-09-2025 16:00,Assam,Barpeta,8.35,5.59,1.0
10-02-2026 13:00,Maharashtra,Pune,7.06,4.42,0.16
12-03-2025 11:00,Maharashtra,Kolhapur,1.75,5.35,-0.04
29-01-2025 01:00,Uttar Pradesh,Gorakhpur,7.85,5.79,0.4
21-08-2025 04:00,Uttar Pradesh,Varanasi,8.84,4.38,0.78
29-08-2025 06:00,Odisha,Bhubaneswar,5.98,5.33,0.49
03-08-2025 20:00,Maharashtra,Nashik,5.49,4.67,-0.15
31-01-2025 13:00,Uttar Pradesh,Kanpur,7.35,5.51,-0.15
27-05-2025 22:00,Kerala,Alappuzha,6.78,5.62,0.45
24-01-2025 16:00,Odisha,Kendrapara,6.61,4.55,-0.16
18-01-2026 19:00,Bihar,Patna,1.55,5.97,0.22
02-05-2025 18:00,Assam,Barpeta,8.39,4.96,-0.32
26-11-2025 15:00,Odisha,Puri,3.06,4.29,0.28
06-03-2025 22:00,Kerala,Kozhikode,2.3,4.21,0.42
05-01-2025 05:00,Tamil Nadu,Madurai,1.07,5.51,-0.2
06-05-2025 07:00,Karnataka,Mangaluru,3.4,4.5,0.23
28-10-2025 01:00,Kerala,Alappuzha,2.49,6.45,-0.31
13-01-2025 15:00,Assam,Dhemaji,2.0,6.24,0.25
04-01-2025 04:00,Uttar Pradesh,Lucknow,7.62,4.55,-0.27
09-10-2025 10:00,Gujarat,Surat,1.64,4.7,0.22
26-12-2025 13:00,Karnataka,Mangaluru,5.46,5.67,0.01
20-02-2025 08:00,Uttar Pradesh,Varanasi,7.31,6.3,0.4
19-11-2025 14:00,Odisha,Bhubaneswar,7.51,4.56,0.55
09-12-2025 06:00,Odisha,Puri,1.15,6.27,0.6
08-01-2026 16:00,Tamil Nadu,Coimbatore,3.86,6.64,0.77
17-12-2025 13:00,Gujarat,Rajkot,6.13,6.02,0.29
15-03-2025 23:00,Uttar Pradesh,Lucknow,2.33,6.5,1.16
25-05-2025 17:00,Gujarat,Surat,5.41,6.65,0.44
21-01-2025 03:00,Uttar Pradesh,Varanasi,8.67,6.28,0.15
02-04-2025 05:00,Odisha,Bhubaneswar,6.39,5.25,0.57
15-01-2025 10:00,Karnataka,Mangaluru,5.69,5.85,0.17
17-08-2025 09:00,Tamil Nadu,Madurai,2.33,4.62,0.26
15-12-2025 09:00,Uttar Pradesh,Gorakhpur,6.87,5.64,1.18
03-03-2025 08:00,Assam,Jorhat,4.01,6.01,0.76
01-08-2025 12:00,West Bengal,Murshidabad,8.6,4.22,0.87
09-10-2025 21:00,Odisha,Puri,6.51,6.18,0.98
29-12-2025 18:00,Maharashtra,Mumbai,5.08,5.06,0.34
25-07-2025 09:00,Uttar Pradesh,Varanasi,7.34,6.92,1.11
21-09-2025 17:00,Kerala,Kozhikode,4.41,6.12,-0.12
19-04-2025 17:00,Kerala,Alappuzha,5.07,4.13,-0.07
01-01-2025 03:00,Assam,Jorhat,5.75,4.35,0.61
03-04-2025 05:00,Assam,Guwahati,7.73,4.53,0.18
21-07-2025 03:00,Gujarat,Bharuch,4.62,5.72,0.83
05-02-2025 16:00,Bihar,Bhagalpur,1.84,4.32,0.48
18-10-2025 17:00,Odisha,Puri,8.89,4.81,0.57
03-09-2025 05:00,Assam,Dhemaji,7.19,6.07,0.79
27-01-2025 00:00,Tamil Nadu,Chennai,3.77,5.44,0.75
13-01-2025 02:00,Assam,Guwahati,4.73,6.61,0.06
26-03-2025 02:00,Karnataka,Mysuru,5.51,5.89,-0.04
28-01-2025 20:00,Gujarat,Vadodara,2.61,4.16,0.08
07-01-2026 17:00,Uttar Pradesh,Gorakhpur,8.08,5.35,0.42
11-12-2025 08:00,Odisha,Bhubaneswar,6.16,6.48,0.03
09-02-2026 00:00,Tamil Nadu,Tiruppur,4.58,4.42,0.0
09-03-2025 23:00,Tamil Nadu,Thanjavur,8.9,4.35,0.47
04-08-2025 10:00,Karnataka,Mysuru,2.04,6.67,1.29
28-10-2025 05:00,Maharashtra,Mumbai,4.09,5.34,0.53
16-04-2025 02:00,Maharashtra,Kolhapur,2.4,5.88,0.6
03-04-2025 07:00,Kerala,Kozhikode,8.68,6.69,0.07
18-10-2025 08:00,Odisha,Bhubaneswar,8.02,6.39,0.1
28-09-2025 16:00,West Bengal,Howrah,5.68,6.57,-0.04
16-09-2025 21:00,Maharashtra,Mumbai,3.77,4.47,0.18
21-10-2025 00:00,Bihar,Darbhanga,7.2,5.63,0.14
06-11-2025 04:00,Odisha,Puri,7.48,4.06,0.43
16-02-2025 03:00,Odisha,Bhubaneswar,1.03,4.69,0.54
19-01-2025 18:00,Assam,Jorhat,3.52,6.89,0.11
20-09-2025 01:00,Karnataka,Mysuru,7.7,6.18,0.55
20-02-2026 06:00,West Bengal,Darjeeling,7.58,6.1,0.84
06-01-2025 15:00,Gujarat,Vadodara,8.9,6.67,0.3
16-03-2025 09:00,Assam,Jorhat,6.4,5.14,0.2
22-05-2025 20:00,West Bengal,Darjeeling,3.2,4.03,-0.26
02-05-2025 02:00,West Bengal,Darjeeling,2.62,6.02,0.11
13-12-2025 00:00,Kerala,Alappuzha,5.26,6.55,0.75
09-11-2025 04:00,West Bengal,Kolkata,3.65,4.35,0.07
12-09-2025 04:00,Kerala,Kottayam,1.65,6.98,0.35
07-07-2025 16:00,Odisha,Puri,7.58,6.85,0.77
30-07-2025 13:00,Gujarat,Vadodara,2.1,5.05,0.97
05-08-2025 21:00,Maharashtra,Nagpur,1.93,4.07,0.22
20-06-2025 00:00,Odisha,Balasore,5.12,6.66,0.77
16-10-2025 06:00,Odisha,Cuttack,2.66,6.32,0.78
11-10-2025 10:00,Tamil Nadu,Tiruppur,1.14,5.04,0.27
05-08-2025 22:00,Odisha,Balasore,4.83,5.05,0.02
23-01-2025 04:00,Assam,Dibrugarh,2.51,5.24,0.23
21-07-2025 06:00,West Bengal,Malda,8.27,5.19,0.16
18-06-2025 06:00,Gujarat,Vadodara,2.39,4.86,0.07
20-06-2025 04:00,Assam,Jorhat,8.18,6.14,-0.5
14-05-2025 12:00,Uttar Pradesh,Gorakhpur,7.56,4.21,0.23
24-10-2025 06:00,Gujarat,Vadodara,7.55,4.78,0.48
14-01-2025 18:00,West Bengal,Darjeeling,3.12,6.99,0.48
26-07-2025 13:00,Odisha,Balasore,4.53,6.19,0.4
07-05-2025 09:00,Tamil Nadu,Coimbatore,6.44,5.8,0.65
17-11-2025 04:00,Gujarat,Surat,2.63,5.42,0.44
08-03-2025 13:00,Uttar Pradesh,Prayagraj,7.3,6.9,0.43
18-02-2026 07:00,Odisha,Cuttack,8.94,4.29,1.16
30-05-2025 21:00,Assam,Dibrugarh,4.75,6.82,-0.12
12-01-2026 14:00,Kerala,Kochi,8.25,4.91,0.5
30-11-2025 09:00,Maharashtra,Kolhapur,1.8,4.81,0.53
25-01-2025 14:00,Assam,Jorhat,3.9,5.04,0.48
27-01-2025 23:00,Uttar Pradesh,Gorakhpur,2.14,6.37,0.15
15-01-2026 06:00,Uttar Pradesh,Prayagraj,3.17,5.69,0.26
30-11-2025 23:00,Uttar Pradesh,Prayagraj,1.59,6.21,0.79
07-06-2025 03:00,Kerala,Kozhikode,4.62,6.68,-0.09
12-01-2026 15:00,Karnataka,Udupi,1.04,4.86,0.08
31-07-2025 18:00,Kerala,Kochi,2.91,4.35,0.4
25-11-2025 10:00,West Bengal,Murshidabad,2.54,4.1,0.94
26-01-2026 02:00,West Bengal,Murshidabad,3.49,4.02,0.41
25-06-2025 10:00,Assam,Dhemaji,5.53,4.4,1.02
04-01-2026 02:00,Uttar Pradesh,Prayagraj,5.91,5.41,0.44
29-12-2025 11:00,Assam,Barpeta,6.58,6.73,0.42
16-03-2025 19:00,Uttar Pradesh,Gorakhpur,2.15,6.65,0.25
18-04-2025 18:00,West Bengal,Kolkata,8.46,6.99,-0.08
15-12-2025 03:00,West Bengal,Howrah,2.84,5.79,-0.27
07-04-2025 12:00,Maharashtra,Pune,1.79,4.32,0.32
24-06-2025 09:00,Karnataka,Udupi,6.47,5.35,-0.07
03-01-2026 19:00,Bihar,Gaya,8.42,4.53,0.84
22-10-2025 16:00,West Bengal,Malda,6.06,5.96,0.15
07-08-2025 02:00,Karnataka,Udupi,8.96,5.71,0.39
31-12-2025 07:00,Assam,Dhemaji,7.81,4.27,0.64
28-12-2025 06:00,Gujarat,Rajkot,6.17,4.31,0.45
18-07-2025 16:00,Tamil Nadu,Tiruppur,8.99,6.35,-0.12
20-02-2026 12:00,Bihar,Patna,6.62,5.51,-0.11
25-10-2025 16:00,Tamil Nadu,Coimbatore,3.7,5.75,1.17
02-05-2025 09:00,Odisha,Cuttack,3.58,6.87,-0.28
16-02-2026 07:00,Gujarat,Rajkot,8.38,6.14,-0.45
17-02-2026 05:00,Gujarat,Rajkot,5.5,4.72,0.12
28-03-2025 11:00,West Bengal,Howrah,6.63,5.95,-0.18
29-06-2025 06:00,Assam,Jorhat,8.02,5.77,0.55
31-08-2025 14:00,Karnataka,Bengaluru,5.41,5.27,0.78
31-03-2025 13:00,Kerala,Alappuzha,8.45,4.71,1.17
07-01-2025 00:00,Tamil Nadu,Madurai,1.58,5.9,0.04
26-07-2025 19:00,West Bengal,Howrah,5.21,4.64,0.91
06-12-2025 23:00,Maharashtra,Pune,2.76,4.64,-0.78
12-01-2026 06:00,Karnataka,Mangaluru,3.61,6.2,1.55
18-07-2025 23:00,Gujarat,Rajkot,2.79,6.44,0.69
08-01-2026 05:00,Maharashtra,Nashik,3.16,5.79,-0.32
19-11-2025 21:00,Maharashtra,Mumbai,7.09,5.95,-0.39
14-02-2026 12:00,Uttar Pradesh,Gorakhpur,4.02,4.29,0.25
19-01-2026 22:00,Uttar Pradesh,Varanasi,4.74,4.68,0.45
10-09-2025 12:00,Odisha,Kendrapara,3.28,4.82,-0.09
30-01-2026 19:00,Uttar Pradesh,Kanpur,4.79,5.0,-0.3
25-09-2025 01:00,Uttar Pradesh,Prayagraj,7.52,4.19,-0.23
19-05-2025 05:00,Karnataka,Kodagu,3.67,5.84,-0.47
08-11-2025 00:00,Maharashtra,Nagpur,8.92,6.06,0.6
08-05-2025 13:00,Karnataka,Mangaluru,2.88,5.01,0.49
26-02-2025 11:00,Uttar Pradesh,Lucknow,1.08,4.38,-0.29
08-07-2025 02:00,Uttar Pradesh,Varanasi,3.78,5.31,0.73
18-08-2025 09:00,Uttar Pradesh,Kanpur,8.98,4.22,0.53
07-08-2025 18:00,Gujarat,Bharuch,3.61,6.55,-0.05
07-07-2025 23:00,Assam,Barpeta,8.84,5.94,1.13
14-03-2025 02:00,Bihar,Patna,7.96,5.95,0.35
15-03-2025 06:00,Bihar,Muzaffarpur,2.21,6.42,0.04
05-10-2025 02:00,Gujarat,Surat,7.79,6.98,0.06
04-10-2025 22:00,Tamil Nadu,Chennai,5.79,4.34,0.52
15-02-2026 20:00,Kerala,Alappuzha,8.08,6.09,-0.14
22-06-2025 11:00,Tamil Nadu,Madurai,1.08,5.04,-0.44
27-01-2026 09:00,Bihar,Gaya,6.32,5.34,-0.34
02-08-2025 11:00,Gujarat,Surat,1.3,6.86,0.37
01-01-2025 00:00,Odisha,Puri,1.18,4.43,0.07
19-03-2025 16:00,Bihar,Muzaffarpur,5.09,4.04,0.17
23-01-2025 15:00,Gujarat,Rajkot,8.77,4.22,-0.19
15-01-2025 13:00,Kerala,Kochi,2.07,4.55,0.83
15-10-2025 18:00,Karnataka,Mysuru,8.52,5.11,0.38
11-02-2026 21:00,Gujarat,Ahmedabad,8.9,4.34,-0.14
16-04-2025 03:00,Bihar,Patna,6.2,5.89,0.34
25-05-2025 08:00,Maharashtra,Mumbai,4.24,5.57,0.09
20-01-2025 01:00,Karnataka,Mysuru,2.86,4.07,0.0
06-05-2025 23:00,Tamil Nadu,Chennai,1.68,4.64,0.74
30-10-2025 13:00,Odisha,Bhubaneswar,3.72,5.56,0.57
01-02-2026 11:00,Gujarat,Surat,3.57,5.84,1.14
25-11-2025 00:00,Assam,Jorhat,3.1,5.2,0.15
04-10-2025 01:00,Assam,Jorhat,4.37,4.5,-0.62
16-04-2025 14:00,Gujarat,Ahmedabad,7.43,5.42,0.4
06-01-2025 11:00,Odisha,Bhubaneswar,2.88,6.81,-0.04
04-06-2025 08:00,Bihar,Bhagalpur,7.34,5.29,0.85
27-02-2025 04:00,Uttar Pradesh,Prayagraj,8.8,4.33,0.55
16-09-2025 08:00,West Bengal,Darjeeling,5.66,6.39,1.21
22-07-2025 08:00,Gujarat,Ahmedabad,7.09,4.67,-0.16
16-07-2025 08:00,Odisha,Puri,6.76,4.03,1.08
20-08-2025 00:00,Bihar,Muzaffarpur,8.46,5.55,0.33
28-02-2025 21:00,Karnataka,Bengaluru,3.14,4.7,0.88
21-06-2025 09:00,Bihar,Gaya,4.27,5.69,0.54
28-01-2025 07:00,Assam,Jorhat,2.5,5.24,-0.11
06-12-2025 01:00,Bihar,Darbhanga,8.47,5.43,0.96
20-06-2025 18:00,Uttar Pradesh,Prayagraj,3.7,5.34,0.09
25-01-2025 16:00,Karnataka,Kodagu,2.5,4.3,0.3
29-12-2025 20:00,West Bengal,Murshidabad,3.11,5.28,-0.09
11-05-2025 03:00,Assam,Jorhat,6.72,4.24,-0.16
07-05-2025 23:00,Bihar,Gaya,2.94,6.48,0.09
11-06-2025 23:00,Assam,Dhemaji,5.67,4.89,-0.11
27-08-2025 23:00,Kerala,Kozhikode,4.29,5.6,0.57
02-04-2025 00:00,Odisha,Kendrapara,5.52,4.41,0.61
31-03-2025 09:00,Assam,Dhemaji,2.58,5.97,-0.36
21-10-2025 15:00,West Bengal,Kolkata,4.05,6.41,0.67
10-05-2025 09:00,Kerala,Kottayam,2.25,5.78,0.33
20-01-2026 17:00,Gujarat,Surat,2.42,5.46,-0.26
15-01-2026 00:00,West Bengal,Kolkata,2.25,4.2,0.52
26-04-2025 09:00,Assam,Jorhat,8.03,5.41,0.07
06-08-2025 13:00,Maharashtra,Nagpur,7.98,5.59,1.24
01-09-2025 01:00,Kerala,Alappuzha,7.72,4.65,-0.26
14-03-2025 04:00,Uttar Pradesh,Kanpur,3.76,6.68,0.15
12-01-2025 01:00,Maharashtra,Nashik,2.84,6.74,-0.32
03-08-2025 08:00,Gujarat,Surat,4.86,5.99,0.45
11-12-2025 11:00,Tamil Nadu,Thanjavur,6.38,6.16,0.55
14-06-2025 01:00,Uttar Pradesh,Lucknow,1.73,4.02,0.34
01-02-2025 17:00,Tamil Nadu,Thanjavur,3.51,4.8,1.0
28-10-2025 20:00,Gujarat,Bharuch,6.52,4.49,0.31
18-12-2025 15:00,Tamil Nadu,Tiruppur,8.55,6.55,1.5750000000000002
16-05-2025 17:00,Karnataka,Bengaluru,1.56,4.48,0.96
30-06-2025 18:00,Gujarat,Vadodara,4.89,5.92,0.79
01-07-2025 18:00,Bihar,Darbhanga,2.96,6.65,0.63
14-01-2025 04:00,Karnataka,Bengaluru,5.86,4.17,0.33
03-12-2025 05:00,Kerala,Kozhikode,1.59,4.15,-0.31
19-03-2025 03:00,Maharashtra,Pune,7.49,5.48,0.43
14-04-2025 12:00,Maharashtra,Nashik,5.32,5.77,0.68
16-02-2026 09:00,Kerala,Kottayam,1.03,4.62,0.31
03-02-2026 22:00,Tamil Nadu,Coimbatore,5.3,6.95,0.72
14-02-2025 22:00,Tamil Nadu,Chennai,5.71,4.66,0.04
15-12-2025 06:00,Maharashtra,Pune,5.26,6.02,-0.18
02-11-2025 13:00,Maharashtra,Pune,8.19,6.33,0.34
14-02-2025 15:00,Tamil Nadu,Thanjavur,2.16,4.1,0.55
05-01-2025 07:00,Odisha,Kendrapara,1.92,6.32,0.85
28-08-2025 12:00,Odisha,Balasore,5.27,4.01,0.56
01-03-2025 02:00,Karnataka,Mangaluru,7.67,6.82,0.63
11-03-2025 02:00,Uttar Pradesh,Varanasi,5.36,5.53,-0.23
09-08-2025 04:00,Assam,Guwahati,8.66,5.18,0.13
17-02-2025 21:00,Assam,Dhemaji,6.43,6.89,1.23
25-10-2025 22:00,Gujarat,Ahmedabad,3.95,6.65,0.38
07-03-2025 08:00,Assam,Jorhat,7.99,6.65,-0.02
15-02-2025 07:00,Tamil Nadu,Madurai,8.67,4.64,-0.12
11-09-2025 13:00,Gujarat,Rajkot,1.75,6.3,-0.56
28-12-2025 10:00,Kerala,Thrissur,4.11,6.04,0.05
14-12-2025 13:00,Maharashtra,Pune,2.95,6.36,0.12
22-11-2025 11:00,Gujarat,Vadodara,3.31,6.6,0.96
11-09-2025 12:00,Odisha,Balasore,8.73,4.68,0.58
01-01-2026 13:00,Uttar Pradesh,Varanasi,4.51,4.59,0.42
31-12-2025 21:00,Uttar Pradesh,Kanpur,5.13,4.24,1.06
12-03-2025 12:00,Bihar,Gaya,7.28,5.84,0.94
17-07-2025 06:00,Assam,Guwahati,1.93,5.47,1.23
22-05-2025 03:00,West Bengal,Malda,4.91,5.58,-0.1
01-06-2025 22:00,Maharashtra,Nagpur,5.95,6.32,0.26
12-03-2025 03:00,Odisha,Cuttack,8.05,4.56,0.07
01-01-2025 08:00,Bihar,Patna,5.88,5.86,0.44
10-09-2025 14:00,Tamil Nadu,Thanjavur,7.2,5.81,0.53
29-09-2025 12:00,Kerala,Alappuzha,5.8,5.8,0.5
21-06-2025 19:00,Assam,Dibrugarh,2.51,5.35,0.23
30-12-2025 17:00,West Bengal,Malda,7.06,5.73,-0.57
09-09-2025 21:00,Karnataka,Udupi,4.51,6.66,0.43
24-01-2025 15:00,Karnataka,Kodagu,6.83,4.04,0.4
17-01-2026 17:00,Kerala,Thrissur,1.37,5.89,0.61
17-03-2025 03:00,Maharashtra,Mumbai,8.43,6.59,0.22
21-12-2025 05:00,West Bengal,Malda,2.33,6.43,0.8
24-07-2025 04:00,Gujarat,Rajkot,8.7,5.1,0.53
08-03-2025 15:00,West Bengal,Darjeeling,8.8,5.4,0.64
27-11-2025 11:00,West Bengal,Darjeeling,3.77,5.32,0.77
02-02-2026 19:00,Odisha,Puri,6.63,6.53,0.31
28-04-2025 15:00,Assam,Dibrugarh,4.09,6.53,-0.28
16-08-2025 19:00,Karnataka,Bengaluru,4.43,4.1,0.92
28-05-2025 01:00,Odisha,Puri,1.34,5.37,0.4
28-12-2025 19:00,Bihar,Darbhanga,2.15,5.41,0.84
18-02-2025 03:00,Odisha,Cuttack,1.9,5.72,-0.27
30-09-2025 19:00,Gujarat,Rajkot,3.78,6.87,-0.27
14-01-2026 16:00,Uttar Pradesh,Varanasi,2.55,5.43,0.47
14-11-2025 12:00,Assam,Barpeta,1.69,6.39,1.1
12-12-2025 16:00,Bihar,Gaya,5.57,4.84,-0.37
09-07-2025 04:00,Assam,Jorhat,3.38,4.21,-0.08
16-01-2026 14:00,Tamil Nadu,Chennai,5.9,5.81,0.15
28-09-2025 02:00,Uttar Pradesh,Varanasi,1.85,6.78,0.07
31-08-2025 18:00,Tamil Nadu,Thanjavur,3.39,6.64,0.3
19-02-2025 14:00,West Bengal,Howrah,5.47,6.88,0.18
07-11-2025 04:00,Tamil Nadu,Coimbatore,1.68,4.3,0.44
22-12-2025 00:00,Gujarat,Surat,4.99,5.88,0.28
10-02-2025 00:00,Uttar Pradesh,Kanpur,4.2,5.05,0.11
07-11-2025 14:00,Maharashtra,Pune,5.29,5.53,0.87
02-01-2025 12:00,Uttar Pradesh,Prayagraj,4.97,5.15,0.45
10-11-2025 04:00,Karnataka,Bengaluru,3.1,6.51,-0.11
15-11-2025 12:00,Bihar,Patna,6.64,6.89,0.71
04-07-2025 22:00,Bihar,Muzaffarpur,8.89,6.93,0.68
14-09-2025 17:00,Maharashtra,Nagpur,7.49,4.48,0.91
19-11-2025 16:00,Assam,Jorhat,2.29,6.01,0.38
04-02-2026 11:00,Kerala,Kottayam,5.57,5.13,-0.37
05-12-2025 07:00,Tamil Nadu,Tiruppur,3.23,4.3,0.53
18-10-2025 07:00,Assam,Guwahati,3.49,5.23,-0.28
27-08-2025 06:00,Assam,Dhemaji,2.46,5.47,0.88
25-01-2025 01:00,Karnataka,Mangaluru,8.32,4.67,0.41
14-02-2026 17:00,Maharashtra,Nashik,4.99,5.27,0.35
20-06-2025 22:00,West Bengal,Howrah,4.26,6.82,0.53
15-11-2025 14:00,Gujarat,Surat,3.21,6.37,0.39
22-06-2025 23:00,Uttar Pradesh,Lucknow,3.72,5.98,1.04
11-05-2025 10:00,West Bengal,Howrah,7.07,4.53,0.05
23-07-2025 18:00,Gujarat,Bharuch,2.73,6.86,0.6
20-02-2026 15:00,Karnataka,Udupi,8.17,4.09,1.32
08-11-2025 07:00,Gujarat,Bharuch,2.31,4.22,0.43
18-03-2025 09:00,Maharashtra,Nagpur,3.87,6.1,0.33
17-01-2026 04:00,Tamil Nadu,Tiruppur,3.25,5.97,0.31
23-07-2025 19:00,Maharashtra,Nashik,1.13,6.73,1.23
06-04-2025 07:00,Odisha,Cuttack,7.8,4.98,0.1
25-02-2025 10:00,Odisha,Balasore,4.08,4.16,0.25
26-04-2025 11:00,Maharashtra,Nashik,6.99,5.61,0.23
03-06-2025 14:00,Karnataka,Kodagu,5.57,5.89,0.64
12-12-2025 03:00,Kerala,Kozhikode,8.47,6.1,-0.13
05-09-2025 00:00,Kerala,Kochi,4.63,5.33,0.64
27-01-2025 13:00,Assam,Barpeta,1.44,5.52,0.08
02-01-2025 23:00,Maharashtra,Mumbai,8.24,6.44,0.25
19-04-2025 10:00,Tamil Nadu,Thanjavur,3.2,5.07,1.08
23-03-2025 21:00,Bihar,Darbhanga,5.37,5.37,0.45
01-04-2025 08:00,Uttar Pradesh,Gorakhpur,4.74,4.99,-0.29
30-07-2025 09:00,Gujarat,Vadodara,5.37,5.11,0.8
19-05-2025 22:00,Tamil Nadu,Madurai,6.82,4.18,0.31
06-05-2025 19:00,Gujarat,Rajkot,3.64,5.55,0.82
01-01-2026 04:00,Karnataka,Mangaluru,7.66,4.72,0.36
18-01-2026 08:00,Kerala,Kottayam,4.01,4.89,-0.25
26-02-2025 16:00,Tamil Nadu,Coimbatore,7.38,4.12,0.15
30-08-2025 14:00,Bihar,Patna,3.0,5.83,0.39
27-01-2026 16:00,Odisha,Balasore,7.74,5.81,-0.32
16-05-2025 11:00,Tamil Nadu,Madurai,8.83,4.49,0.63
20-09-2025 12:00,Maharashtra,Kolhapur,2.24,5.57,-0.52
04-04-2025 19:00,Kerala,Kottayam,3.42,7.0,1.05
09-09-2025 03:00,Kerala,Thrissur,8.28,5.07,0.87
18-02-2025 23:00,Tamil Nadu,Chennai,2.75,4.51,-0.3
02-01-2026 15:00,Karnataka,Udupi,1.78,4.53,0.03
17-05-2025 15:00,Bihar,Bhagalpur,7.33,5.3,-0.06
04-05-2025 21:00,Gujarat,Vadodara,6.86,6.74,1.08
22-05-2025 12:00,Kerala,Kottayam,7.51,5.18,-0.16
17-10-2025 03:00,West Bengal,Malda,2.64,6.28,1.43
10-02-2025 05:00,Maharashtra,Nashik,3.41,6.66,0.47
24-12-2025 06:00,Tamil Nadu,Coimbatore,3.75,5.14,0.28
31-01-2025 22:00,Uttar Pradesh,Gorakhpur,4.39,5.73,0.27
10-11-2025 02:00,Assam,Jorhat,3.4,6.01,0.23
19-05-2025 02:00,Tamil Nadu,Chennai,1.77,6.61,0.7
24-07-2025 02:00,Uttar Pradesh,Prayagraj,8.89,5.01,1.11
25-01-2026 04:00,Odisha,Balasore,4.56,6.15,0.0
14-07-2025 16:00,Bihar,Darbhanga,1.55,5.6,0.08
26-12-2025 02:00,Gujarat,Bharuch,5.56,5.64,-0.12
20-02-2025 17:00,Gujarat,Surat,8.42,4.53,-0.13
03-07-2025 05:00,Odisha,Balasore,4.65,6.07,0.66
11-09-2025 08:00,Uttar Pradesh,Kanpur,7.82,6.58,-0.865
19-04-2025 22:00,West Bengal,Howrah,8.02,4.33,0.95
20-04-2025 04:00,Karnataka,Udupi,3.6,6.0,0.54
30-12-2025 02:00,Maharashtra,Mumbai,4.84,5.26,0.33
31-10-2025 10:00,Assam,Jorhat,5.04,5.2,-0.13
21-05-2025 19:00,West Bengal,Darjeeling,2.07,5.62,0.34
01-11-2025 05:00,Karnataka,Udupi,6.94,6.41,1.04
15-02-2026 17:00,Bihar,Darbhanga,1.87,4.29,0.71
22-08-2025 13:00,Maharashtra,Kolhapur,3.45,4.78,0.62
13-02-2026 21:00,Bihar,Darbhanga,8.88,6.01,-0.15
30-08-2025 02:00,Gujarat,Surat,3.36,5.0,-0.12
21-12-2025 22:00,Kerala,Thrissur,8.66,4.4,0.4
13-10-2025 10:00,Karnataka,Udupi,7.52,6.29,0.83
05-03-2025 04:00,Kerala,Thrissur,3.88,5.12,0.26
01-08-2025 10:00,West Bengal,Howrah,2.11,5.65,0.28
15-11-2025 04:00,Bihar,Muzaffarpur,2.45,6.39,0.06
14-01-2026 13:00,West Bengal,Darjeeling,6.95,5.98,0.93
01-12-2025 07:00,Karnataka,Udupi,6.22,6.98,0.3
10-04-2025 16:00,Assam,Dibrugarh,2.64,5.78,0.06
25-01-2025 10:00,Gujarat,Bharuch,3.62,5.21,0.57
27-05-2025 15:00,Maharashtra,Nashik,6.05,4.0,0.48
15-11-2025 21:00,Tamil Nadu,Coimbatore,8.27,6.22,0.1
08-01-2026 18:00,Tamil Nadu,Coimbatore,1.27,6.04,0.91
05-02-2025 10:00,Kerala,Kottayam,1.57,5.6,1.16
14-01-2025 23:00,Karnataka,Udupi,5.27,6.85,0.48
04-10-2025 10:00,Tamil Nadu,Chennai,7.37,4.61,-0.03
09-01-2026 20:00,Bihar,Darbhanga,2.77,6.88,-0.14
09-11-2025 05:00,Odisha,Kendrapara,1.08,4.03,0.12
30-04-2025 12:00,Maharashtra,Pune,6.26,5.55,-0.32
23-07-2025 00:00,Bihar,Muzaffarpur,1.39,6.82,0.56
28-05-2025 22:00,Maharashtra,Nagpur,5.83,6.33,1.05
10-06-2025 02:00,Maharashtra,Mumbai,2.47,5.91,0.32
30-10-2025 14:00,Karnataka,Kodagu,4.61,4.12,0.74
31-08-2025 16:00,Karnataka,Mysuru,5.72,4.4,0.06
01-01-2025 23:00,West Bengal,Murshidabad,3.14,5.49,0.64
02-03-2025 13:00,Gujarat,Rajkot,2.37,6.69,-0.4
12-03-2025 04:00,Tamil Nadu,Madurai,4.62,4.82,0.61
07-04-2025 06:00,Uttar Pradesh,Lucknow,7.08,4.03,0.12
13-01-2026 15:00,Maharashtra,Pune,7.75,5.25,0.18
27-01-2026 22:00,Assam,Dibrugarh,4.03,5.87,0.88
16-01-2025 21:00,Bihar,Patna,6.27,4.32,0.69
31-08-2025 06:00,Tamil Nadu,Tiruppur,6.35,5.44,0.57
20-08-2025 06:00,Karnataka,Bengaluru,8.04,6.39,-0.66
23-01-2026 20:00,Assam,Guwahati,5.69,4.1,0.67
09-03-2025 10:00,Maharashtra,Kolhapur,3.13,6.19,0.78
02-02-2025 21:00,Kerala,Kochi,1.92,6.88,0.12
07-09-2025 07:00,Karnataka,Bengaluru,3.53,5.03,0.05
28-12-2025 08:00,Tamil Nadu,Chennai,7.89,6.45,0.65
06-07-2025 11:00,Odisha,Balasore,7.42,6.23,-0.41
22-08-2025 14:00,Assam,Dibrugarh,3.0,5.76,-0.12
24-01-2026 00:00,Maharashtra,Mumbai,7.63,4.42,0.32
24-08-2025 08:00,Tamil Nadu,Coimbatore,3.11,4.5,0.06
17-09-2025 00:00,Tamil Nadu,Chennai,2.62,5.78,0.19
06-04-2025 06:00,Karnataka,Udupi,2.4,6.23,0.92
21-02-2026 09:00,Maharashtra,Kolhapur,6.44,4.97,-0.34
12-11-2025 18:00,Maharashtra,Kolhapur,1.23,4.53,1.37
19-02-2025 07:00,West Bengal,Darjeeling,8.59,4.92,-0.36
08-09-2025 01:00,Uttar Pradesh,Gorakhpur,1.24,4.53,0.79
01-08-2025 02:00,Karnataka,Kodagu,7.09,5.59,0.58
15-04-2025 20:00,Uttar Pradesh,Prayagraj,4.68,6.53,0.48
21-06-2025 18:00,Tamil Nadu,Madurai,3.21,5.48,0.99
19-08-2025 01:00,West Bengal,Kolkata,6.55,5.94,1.19
23-08-2025 11:00,Bihar,Darbhanga,3.93,6.8,0.57
15-12-2025 08:00,West Bengal,Howrah,2.62,5.12,0.71
02-09-2025 16:00,Tamil Nadu,Thanjavur,3.83,6.47,0.6
25-12-2025 20:00,Assam,Barpeta,5.81,5.56,-0.41
18-11-2025 23:00,Kerala,Thrissur,5.77,5.9,0.86
06-09-2025 16:00,West Bengal,Kolkata,8.44,5.1,0.71
19-02-2025 04:00,Odisha,Kendrapara,8.21,5.36,0.55
01-01-2026 02:00,Bihar,Gaya,8.99,5.24,1.14
10-12-2025 03:00,Maharashtra,Nashik,6.77,6.32,-0.05
28-04-2025 10:00,Uttar Pradesh,Kanpur,8.73,5.59,0.45
20-02-2026 04:00,Odisha,Bhubaneswar,4.99,6.87,1.25
29-12-2025 15:00,Assam,Guwahati,6.19,4.56,0.16
03-10-2025 08:00,Uttar Pradesh,Lucknow,1.26,5.98,0.51
28-04-2025 12:00,Bihar,Muzaffarpur,5.45,6.15,0.28
10-11-2025 23:00,Assam,Jorhat,2.38,4.66,0.13
05-04-2025 04:00,Tamil Nadu,Coimbatore,8.43,5.61,0.04
04-04-2025 07:00,Assam,Guwahati,1.37,4.2,0.34
08-09-2025 21:00,Tamil Nadu,Madurai,6.52,6.94,0.46
02-02-2025 14:00,Kerala,Kozhikode,5.12,6.05,0.12
08-02-2025 20:00,West Bengal,Darjeeling,1.97,4.69,-0.1
16-09-2025 10:00,Odisha,Kendrapara,6.19,6.46,1.5750000000000002
11-04-2025 12:00,West Bengal,Murshidabad,4.99,5.17,0.79
19-10-2025 13:00,Uttar Pradesh,Gorakhpur,8.39,6.07,0.22
15-01-2026 19:00,West Bengal,Howrah,8.72,6.62,0.27
18-02-2025 04:00,Maharashtra,Nagpur,4.3,4.58,0.18
04-12-2025 19:00,Gujarat,Surat,4.94,5.41,0.76
30-08-2025 21:00,Bihar,Bhagalpur,6.62,5.17,0.94
23-07-2025 07:00,West Bengal,Murshidabad,1.48,4.94,-0.39
18-05-2025 21:00,Maharashtra,Kolhapur,2.47,4.93,0.66
09-01-2026 09:00,Odisha,Puri,4.69,6.42,0.66
12-03-2025 22:00,Kerala,Kochi,5.61,4.07,1.1
14-04-2025 20:00,Karnataka,Udupi,7.98,4.5,0.33
04-06-2025 10:00,Assam,Barpeta,4.32,5.79,-0.58
11-12-2025 20:00,Karnataka,Kodagu,8.39,5.91,0.52
12-01-2025 22:00,Kerala,Thrissur,7.96,5.38,0.13
09-03-2025 00:00,Tamil Nadu,Thanjavur,1.36,6.43,0.74
04-10-2025 07:00,Assam,Dhemaji,3.67,5.77,-0.29
11-12-2025 22:00,Karnataka,Udupi,2.53,4.33,0.19
01-11-2025 19:00,Uttar Pradesh,Prayagraj,3.19,5.31,-0.15
04-04-2025 20:00,Gujarat,Surat,6.05,4.86,0.41
05-11-2025 23:00,Odisha,Bhubaneswar,1.74,5.91,0.93
15-12-2025 13:00,Kerala,Kochi,1.16,5.9,0.28
20-03-2025 19:00,West Bengal,Malda,7.12,5.28,0.54
30-07-2025 22:00,Kerala,Kottayam,4.65,4.86,-0.24
13-09-2025 00:00,Tamil Nadu,Chennai,4.66,5.91,0.62
24-01-2025 11:00,West Bengal,Murshidabad,5.08,4.37,0.84
13-01-2025 03:00,Karnataka,Udupi,2.98,4.11,0.13
16-07-2025 12:00,Uttar Pradesh,Varanasi,6.8,5.68,0.52
18-11-2025 04:00,Odisha,Puri,4.25,4.13,0.86
22-09-2025 13:00,West Bengal,Howrah,1.41,6.94,0.22
08-01-2025 01:00,Kerala,Alappuzha,1.3,6.19,0.04
12-01-2025 03:00,Maharashtra,Nashik,3.03,5.59,0.37
13-07-2025 06:00,Bihar,Muzaffarpur,6.38,6.74,1.24
22-10-2025 21:00,Uttar Pradesh,Lucknow,8.46,4.26,-0.21
20-05-2025 19:00,Kerala,Kozhikode,8.73,6.12,0.89
11-12-2025 23:00,Tamil Nadu,Coimbatore,2.06,6.26,0.78
14-01-2025 03:00,Gujarat,Ahmedabad,7.38,5.69,0.48
08-10-2025 08:00,Uttar Pradesh,Kanpur,6.06,4.93,0.48
31-01-2026 15:00,Maharashtra,Nashik,2.71,6.3,-0.22
19-06-2025 11:00,Gujarat,Vadodara,8.05,5.05,0.43
11-01-2025 05:00,Bihar,Gaya,8.36,4.48,0.0
11-01-2025 12:00,West Bengal,Howrah,5.93,7.0,0.67
16-02-2025 07:00,Bihar,Muzaffarpur,2.91,4.52,-0.72
20-07-2025 01:00,Bihar,Patna,6.34,4.85,1.22
13-03-2025 09:00,Kerala,Kottayam,5.39,5.12,1.4
03-01-2025 02:00,Karnataka,Kodagu,5.68,6.85,0.93
18-03-2025 11:00,Tamil Nadu,Madurai,3.45,6.63,0.62
26-11-2025 00:00,West Bengal,Darjeeling,1.34,5.92,0.08
21-05-2025 23:00,Assam,Barpeta,4.76,4.99,-0.44
25-09-2025 02:00,Maharashtra,Kolhapur,2.05,5.89,0.36
29-06-2025 17:00,Karnataka,Udupi,4.15,4.91,0.54
06-02-2025 08:00,Maharashtra,Nagpur,3.16,6.25,1.27
22-02-2025 06:00,Kerala,Kochi,3.83,4.46,-0.48
06-01-2026 01:00,Bihar,Darbhanga,3.4,6.53,0.02
01-09-2025 19:00,West Bengal,Kolkata,3.76,6.85,-0.61
26-08-2025 14:00,Gujarat,Vadodara,6.01,4.39,0.32
04-12-2025 15:00,West Bengal,Malda,7.96,6.75,0.45
29-03-2025 10:00,Odisha,Kendrapara,6.36,5.15,0.6
02-08-2025 16:00,Maharashtra,Mumbai,4.91,4.03,0.36
11-01-2025 08:00,Maharashtra,Nashik,4.08,6.46,1.45
01-10-2025 09:00,Kerala,Alappuzha,3.69,6.43,0.57
25-02-2025 19:00,Kerala,Kozhikode,8.32,5.33,-0.06
20-10-2025 09:00,Tamil Nadu,Coimbatore,6.44,4.9,0.28
29-03-2025 22:00,Tamil Nadu,Thanjavur,7.09,6.25,0.66
07-03-2025 09:00,Bihar,Darbhanga,2.41,5.52,0.71
13-03-2025 22:00,Assam,Dhemaji,3.41,5.85,0.06
16-12-2025 08:00,Kerala,Kottayam,4.08,4.78,0.45
17-10-2025 04:00,West Bengal,Kolkata,4.92,4.22,1.5750000000000002
03-07-2025 03:00,Maharashtra,Nagpur,1.23,5.0,0.62
11-04-2025 20:00,Gujarat,Ahmedabad,8.0,4.56,-0.35
07-05-2025 21:00,Kerala,Kozhikode,1.17,5.24,0.55
18-08-2025 07:00,Karnataka,Mangaluru,3.64,6.59,0.27
04-06-2025 07:00,Odisha,Cuttack,5.7,5.38,0.48
08-12-2025 07:00,Kerala,Kochi,6.14,4.72,0.53
11-08-2025 03:00,Tamil Nadu,Coimbatore,5.72,6.37,-0.39
13-02-2026 16:00,Tamil Nadu,Madurai,3.91,4.22,0.44
19-01-2025 15:00,Tamil Nadu,Tiruppur,8.36,6.42,-0.47
25-11-2025 22:00,West Bengal,Malda,8.41,4.89,1.02
30-12-2025 16:00,Gujarat,Ahmedabad,3.63,5.89,-0.46
23-11-2025 04:00,Bihar,Patna,7.09,6.59,0.32
15-03-2025 16:00,Tamil Nadu,Chennai,3.22,4.93,0.58
11-10-2025 16:00,Odisha,Puri,1.41,5.58,0.54
16-07-2025 00:00,Assam,Guwahati,2.58,4.57,0.55
11-06-2025 05:00,Karnataka,Bengaluru,4.04,4.87,-0.2
10-03-2025 23:00,Kerala,Thrissur,4.3,4.73,0.61
13-05-2025 19:00,Uttar Pradesh,Gorakhpur,6.36,4.99,-0.13
29-01-2025 11:00,Gujarat,Vadodara,3.16,4.38,0.0
23-06-2025 18:00,Bihar,Bhagalpur,5.47,5.11,0.43
06-07-2025 13:00,Assam,Dibrugarh,1.28,4.85,0.02
20-01-2025 05:00,Tamil Nadu,Tiruppur,5.17,5.08,-0.12
29-08-2025 04:00,Gujarat,Rajkot,1.83,6.13,-0.04
10-11-2025 10:00,Assam,Guwahati,3.67,5.22,0.53
07-07-2025 14:00,Karnataka,Udupi,5.38,4.05,0.87
09-02-2026 13:00,Bihar,Bhagalpur,6.23,5.52,0.79
14-01-2025 06:00,Bihar,Gaya,4.59,4.98,0.22
17-02-2025 17:00,Maharashtra,Nashik,1.56,4.48,0.38
01-08-2025 06:00,West Bengal,Howrah,2.01,5.12,0.54
28-02-2025 01:00,Kerala,Alappuzha,7.66,4.99,0.29
03-10-2025 23:00,West Bengal,Darjeeling,6.92,6.31,0.12
04-03-2025 13:00,Maharashtra,Kolhapur,1.72,4.75,0.32
25-09-2025 00:00,Bihar,Patna,6.51,5.33,-0.3
16-01-2025 16:00,Maharashtra,Kolhapur,6.05,5.88,1.24
18-01-2025 02:00,West Bengal,Malda,3.65,6.36,1.14
11-03-2025 04:00,Gujarat,Ahmedabad,2.21,6.53,0.92
12-05-2025 07:00,Tamil Nadu,Madurai,5.16,6.95,0.81
09-03-2025 15:00,West Bengal,Murshidabad,2.7,5.95,-0.39
22-08-2025 17:00,Tamil Nadu,Chennai,2.78,4.43,-0.22
22-12-2025 12:00,West Bengal,Darjeeling,2.19,4.85,1.06
30-08-2025 18:00,Karnataka,Mysuru,8.64,5.96,0.59
10-08-2025 02:00,West Bengal,Kolkata,1.19,6.55,0.24
23-10-2025 06:00,Gujarat,Surat,1.31,6.66,0.49
06-01-2026 17:00,Bihar,Gaya,4.08,5.27,0.07
09-11-2025 00:00,West Bengal,Howrah,6.63,5.94,0.66
05-02-2026 15:00,Bihar,Bhagalpur,5.63,5.87,-0.23
20-01-2026 01:00,Assam,Guwahati,5.13,5.03,0.05
11-03-2025 16:00,Karnataka,Udupi,7.06,4.5,0.76
09-04-2025 06:00,Kerala,Kottayam,8.75,6.16,0.89
19-12-2025 19:00,West Bengal,Kolkata,7.01,5.48,0.13
12-01-2025 10:00,Karnataka,Kodagu,5.78,6.13,-0.12
14-04-2025 01:00,Tamil Nadu,Madurai,6.73,5.89,0.45
17-08-2025 17:00,Kerala,Kottayam,1.3,5.32,0.92
18-07-2025 19:00,Odisha,Balasore,5.35,4.58,0.25
29-03-2025 19:00,Assam,Dibrugarh,1.41,6.74,-0.36
09-11-2025 12:00,Odisha,Kendrapara,2.77,5.55,-0.65
03-07-2025 22:00,Maharashtra,Kolhapur,8.64,4.53,0.53
06-12-2025 02:00,West Bengal,Kolkata,7.24,5.78,-0.41
27-12-2025 20:00,Bihar,Muzaffarpur,4.69,6.73,0.14
10-12-2025 07:00,Kerala,Kochi,6.85,5.29,1.01
11-04-2025 17:00,Maharashtra,Nagpur,7.28,6.85,0.91
01-01-2026 11:00,Uttar Pradesh,Varanasi,6.3,4.82,0.37
04-04-2025 04:00,Maharashtra,Mumbai,8.63,6.73,0.36
06-06-2025 23:00,Karnataka,Mangaluru,6.76,6.37,0.35
12-02-2026 23:00,West Bengal,Howrah,3.3,6.35,0.63
21-02-2026 05:00,Maharashtra,Mumbai,7.94,4.71,0.46
20-02-2026 05:00,Gujarat,Surat,1.68,6.66,0.02
02-11-2025 03:00,Karnataka,Mangaluru,7.13,6.31,0.2
27-02-2025 15:00,Uttar Pradesh,Gorakhpur,8.19,4.97,-0.47
10-05-2025 05:00,Karnataka,Udupi,3.28,6.26,0.6
13-06-2025 09:00,Karnataka,Kodagu,3.89,6.22,-0.14
06-10-2025 13:00,Kerala,Alappuzha,7.26,4.57,1.38
14-05-2025 02:00,Kerala,Kozhikode,4.1,5.73,0.26
22-03-2025 21:00,West Bengal,Howrah,3.79,5.93,0.1
18-11-2025 09:00,Assam,Jorhat,3.93,4.92,0.4
24-07-2025 00:00,Bihar,Muzaffarpur,8.24,6.1,0.13
19-07-2025 06:00,Odisha,Balasore,4.74,6.38,-0.01
04-03-2025 08:00,Gujarat,Surat,2.71,5.83,0.29
23-03-2025 13:00,Gujarat,Vadodara,5.99,5.48,0.51
18-01-2026 03:00,Karnataka,Mysuru,4.1,5.92,0.0
11-02-2026 01:00,Kerala,Alappuzha,5.84,6.18,0.05
02-11-2025 12:00,Tamil Nadu,Chennai,1.11,6.84,0.3
28-11-2025 05:00,Karnataka,Bengaluru,5.34,4.23,-0.04
06-05-2025 17:00,Odisha,Kendrapara,3.78,5.13,0.18
09-10-2025 02:00,Karnataka,Udupi,6.0,4.86,0.09
22-01-2025 09:00,Maharashtra,Mumbai,4.46,4.32,0.68
13-06-2025 22:00,Karnataka,Mysuru,2.54,4.26,0.07
07-05-2025 01:00,Odisha,Bhubaneswar,5.31,4.75,-0.42
19-02-2025 23:00,Assam,Dhemaji,5.92,6.64,0.46
29-07-2025 12:00,Karnataka,Mangaluru,5.94,5.21,0.57
12-02-2026 16:00,Tamil Nadu,Thanjavur,5.73,4.15,0.5
08-02-2025 09:00,Gujarat,Bharuch,3.09,4.89,0.29
13-07-2025 17:00,Assam,Dhemaji,3.61,4.51,0.5
11-08-2025 04:00,Uttar Pradesh,Lucknow,2.48,6.39,1.06
14-02-2025 20:00,Tamil Nadu,Madurai,5.21,4.86,-0.8
10-10-2025 00:00,West Bengal,Howrah,2.25,6.31,0.51
28-01-2026 02:00,Maharashtra,Nashik,1.86,6.63,0.41
11-03-2025 15:00,Kerala,Kottayam,2.2,4.76,0.83
20-01-2025 18:00,Kerala,Kozhikode,8.15,4.93,0.52
18-01-2026 18:00,Tamil Nadu,Tiruppur,2.48,4.98,1.12
04-01-2026 07:00,Kerala,Alappuzha,7.92,6.48,0.45
28-08-2025 22:00,Bihar,Gaya,5.94,5.23,0.46
20-09-2025 09:00,Assam,Jorhat,1.47,5.52,0.64
14-04-2025 06:00,West Bengal,Malda,8.9,5.05,0.02
17-08-2025 21:00,Uttar Pradesh,Kanpur,6.3,5.54,0.0
13-06-2025 02:00,Tamil Nadu,Thanjavur,5.86,6.89,1.21
31-03-2025 02:00,West Bengal,Howrah,3.37,5.37,0.56
16-08-2025 06:00,Karnataka,Mysuru,4.65,5.38,-0.49
13-08-2025 03:00,Tamil Nadu,Coimbatore,8.59,5.75,1.06
10-01-2026 09:00,Uttar Pradesh,Kanpur,8.08,5.17,0.36
17-06-2025 15:00,Assam,Dhemaji,4.08,4.62,0.1
26-05-2025 05:00,Bihar,Gaya,5.5,5.64,-0.11
13-04-2025 07:00,Karnataka,Kodagu,3.58,4.54,0.4
13-04-2025 16:00,Odisha,Bhubaneswar,2.7,5.34,0.42
29-12-2025 08:00,Tamil Nadu,Tiruppur,8.65,5.01,0.19
27-02-2025 01:00,Assam,Guwahati,5.64,5.87,0.07
06-10-2025 16:00,Odisha,Bhubaneswar,8.29,4.59,0.29
07-11-2025 16:00,Tamil Nadu,Thanjavur,7.3,5.93,0.76
20-02-2026 14:00,Odisha,Balasore,1.33,4.03,0.24
21-03-2025 05:00,Kerala,Thrissur,4.49,6.8,0.52
22-07-2025 23:00,Odisha,Puri,4.39,5.39,0.72
16-07-2025 06:00,Odisha,Puri,4.7,5.31,-0.02
25-11-2025 14:00,Uttar Pradesh,Gorakhpur,1.04,5.88,1.22
16-03-2025 17:00,Bihar,Patna,8.03,4.48,-0.18
30-04-2025 18:00,Maharashtra,Nagpur,5.53,5.24,1.57
17-09-2025 01:00,Gujarat,Ahmedabad,5.71,6.32,-0.14
06-08-2025 05:00,Maharashtra,Pune,7.37,5.57,1.18
04-04-2025 13:00,Uttar Pradesh,Varanasi,3.4,4.31,0.91
14-03-2025 13:00,Karnataka,Mysuru,4.89,6.42,0.77
12-02-2025 12:00,Assam,Jorhat,4.87,5.08,0.31
30-01-2025 09:00,Kerala,Kottayam,8.01,5.2,1.11
28-06-2025 22:00,Karnataka,Mysuru,3.15,6.01,0.75
21-08-2025 08:00,Odisha,Balasore,8.2,4.33,0.76
26-10-2025 14:00,Kerala,Kozhikode,2.73,5.01,0.24
07-12-2025 17:00,Maharashtra,Kolhapur,6.45,4.66,0.15
07-02-2025 20:00,Karnataka,Mysuru,5.76,5.98,-0.33
05-08-2025 09:00,Karnataka,Udupi,3.2,4.91,0.33
09-05-2025 05:00,Tamil Nadu,Thanjavur,4.3,6.15,0.4
26-01-2026 06:00,West Bengal,Darjeeling,2.13,5.48,0.71
25-01-2025 18:00,Maharashtra,Nashik,7.37,6.57,0.36
10-08-2025 00:00,Gujarat,Ahmedabad,3.72,4.86,0.33
19-01-2025 08:00,Odisha,Bhubaneswar,8.16,4.84,0.73
13-11-2025 22:00,Kerala,Kozhikode,4.9,5.97,0.54
20-06-2025 12:00,Karnataka,Udupi,1.95,4.06,0.97
13-09-2025 14:00,Bihar,Gaya,1.54,5.95,0.25
01-01-2025 10:00,Maharashtra,Mumbai,2.64,6.91,0.52
07-06-2025 08:00,West Bengal,Howrah,3.93,6.13,0.27
10-01-2026 23:00,Bihar,Bhagalpur,5.29,4.43,-0.51
04-06-2025 12:00,Assam,Guwahati,2.15,5.21,0.72
07-06-2025 12:00,Bihar,Gaya,1.85,5.41,-0.14
04-01-2025 21:00,Gujarat,Vadodara,5.5,5.71,1.04
20-01-2026 23:00,Tamil Nadu,Coimbatore,8.92,6.55,1.07
14-06-2025 13:00,Bihar,Gaya,3.21,5.21,0.55
30-08-2025 01:00,Karnataka,Mysuru,6.99,4.69,-0.1
22-07-2025 22:00,Bihar,Muzaffarpur,4.97,5.57,0.48
20-07-2025 02:00,Tamil Nadu,Coimbatore,5.26,4.12,0.26
22-07-2025 19:00,Uttar Pradesh,Gorakhpur,5.66,4.17,0.76
13-01-2025 04:00,Maharashtra,Nagpur,1.03,5.84,0.58
25-11-2025 16:00,Tamil Nadu,Tiruppur,7.14,5.4,0.78
05-11-2025 13:00,Bihar,Darbhanga,3.34,4.12,0.68
22-08-2025 03:00,Maharashtra,Nashik,6.23,5.12,0.77
01-05-2025 06:00,West Bengal,Kolkata,7.66,4.47,1.32
26-09-2025 22:00,Assam,Barpeta,4.15,6.71,0.15
16-04-2025 22:00,Maharashtra,Nashik,7.56,5.96,1.49
15-03-2025 13:00,Assam,Guwahati,1.95,4.18,-0.13
11-10-2025 08:00,Gujarat,Bharuch,5.42,5.79,0.03
20-03-2025 05:00,Tamil Nadu,Madurai,1.82,5.73,0.92
24-03-2025 13:00,Kerala,Alappuzha,8.61,4.04,1.5750000000000002
10-02-2026 09:00,Maharashtra,Pune,1.72,4.97,1.11
05-02-2026 08:00,Uttar Pradesh,Prayagraj,2.92,5.69,0.19
22-04-2025 21:00,Assam,Jorhat,7.34,6.36,-0.05
08-01-2026 02:00,Maharashtra,Mumbai,2.23,6.72,1.13
25-05-2025 02:00,Gujarat,Vadodara,7.62,4.56,0.53
09-07-2025 05:00,Maharashtra,Pune,1.97,4.66,0.72
01-04-2025 18:00,Maharashtra,Pune,6.56,6.51,0.69
05-07-2025 10:00,Maharashtra,Mumbai,4.03,6.72,0.44
10-06-2025 19:00,Gujarat,Rajkot,5.66,4.22,0.54
14-11-2025 15:00,Kerala,Kochi,1.43,6.42,0.43
15-11-2025 22:00,Assam,Dhemaji,7.02,4.58,0.21
08-07-2025 07:00,Bihar,Muzaffarpur,2.38,6.52,0.5
15-04-2025 21:00,Maharashtra,Pune,6.09,4.82,0.37
21-07-2025 12:00,Odisha,Balasore,6.99,4.3,-0.1
01-05-2025 05:00,Odisha,Kendrapara,4.81,4.21,0.25
31-10-2025 09:00,Kerala,Thrissur,2.74,5.45,0.82
18-09-2025 15:00,Assam,Jorhat,2.12,6.45,-0.36
09-07-2025 03:00,Tamil Nadu,Chennai,5.58,5.67,0.23
23-08-2025 23:00,Uttar Pradesh,Gorakhpur,6.42,5.17,-0.1
30-01-2026 03:00,West Bengal,Darjeeling,3.78,4.67,0.4
26-05-2025 01:00,Tamil Nadu,Thanjavur,4.41,4.45,0.01
23-02-2025 05:00,Gujarat,Rajkot,8.88,5.2,0.84
12-05-2025 02:00,West Bengal,Kolkata,5.77,5.04,0.59
11-12-2025 06:00,Uttar Pradesh,Gorakhpur,5.67,4.23,0.76
14-05-2025 13:00,Assam,Guwahati,6.76,6.12,-0.04
17-02-2026 04:00,West Bengal,Kolkata,8.13,4.78,-0.29
25-04-2025 06:00,Tamil Nadu,Coimbatore,1.59,5.05,-0.26
11-09-2025 04:00,Karnataka,Bengaluru,7.36,6.03,-0.55
18-06-2025 15:00,Odisha,Puri,6.29,6.24,0.14
27-08-2025 19:00,West Bengal,Malda,2.95,6.25,1.06
03-05-2025 17:00,Bihar,Darbhanga,1.47,5.82,0.71
30-08-2025 06:00,Odisha,Bhubaneswar,2.34,4.51,-0.65
11-10-2025 02:00,Kerala,Alappuzha,1.39,6.98,0.41
30-09-2025 15:00,Gujarat,Vadodara,5.95,4.01,0.22
30-01-2025 04:00,Odisha,Cuttack,8.26,5.96,0.21
29-05-2025 22:00,Uttar Pradesh,Varanasi,1.54,5.92,0.08
17-11-2025 19:00,Bihar,Patna,7.1,6.48,0.42
15-04-2025 19:00,Bihar,Gaya,3.45,4.38,0.18
06-05-2025 00:00,Bihar,Gaya,7.42,5.79,1.25
31-08-2025 12:00,Karnataka,Udupi,3.87,4.22,0.53
24-12-2025 13:00,Maharashtra,Pune,8.26,4.55,0.51
03-06-2025 12:00,Maharashtra,Pune,3.94,4.09,-0.48
05-05-2025 19:00,Assam,Dhemaji,6.93,6.59,0.65
27-06-2025 04:00,Maharashtra,Nashik,2.05,5.47,0.95
23-05-2025 03:00,Gujarat,Surat,2.63,5.19,-0.53
28-11-2025 18:00,Tamil Nadu,Madurai,6.68,6.5,0.55
20-09-2025 21:00,Bihar,Gaya,5.93,5.3,0.43
25-12-2025 19:00,Maharashtra,Kolhapur,8.02,5.28,-0.39
28-07-2025 20:00,West Bengal,Malda,5.45,4.64,-0.01
19-11-2025 22:00,Kerala,Kottayam,7.44,6.56,0.0
07-09-2025 03:00,Odisha,Kendrapara,4.42,6.35,-0.27
18-06-2025 16:00,Assam,Jorhat,8.98,6.32,0.74
24-07-2025 03:00,Assam,Dhemaji,5.32,4.46,-0.12
24-02-2025 22:00,Gujarat,Ahmedabad,7.74,5.79,0.01
12-02-2026 04:00,West Bengal,Darjeeling,4.16,4.58,0.56
16-01-2026 17:00,West Bengal,Howrah,6.69,6.73,0.52
25-10-2025 14:00,Uttar Pradesh,Kanpur,5.86,4.75,-0.19
21-03-2025 01:00,Assam,Dhemaji,6.78,6.78,0.5
08-11-2025 01:00,Odisha,Balasore,5.62,4.04,0.53
26-01-2025 03:00,Karnataka,Udupi,1.94,5.85,0.38
29-04-2025 14:00,Assam,Dhemaji,2.05,4.63,1.09
08-12-2025 23:00,West Bengal,Murshidabad,4.04,6.16,0.23
17-01-2025 09:00,Gujarat,Rajkot,8.49,5.09,0.23
04-07-2025 20:00,Assam,Dhemaji,2.1,4.15,0.96
29-01-2026 15:00,Kerala,Alappuzha,5.81,5.69,-0.08
29-10-2025 10:00,Karnataka,Udupi,8.48,5.38,0.19
13-08-2025 22:00,West Bengal,Darjeeling,8.63,6.35,0.36
04-01-2025 23:00,Gujarat,Ahmedabad,3.28,6.61,0.42
11-03-2025 06:00,Odisha,Kendrapara,1.23,5.18,0.87
09-01-2026 18:00,Uttar Pradesh,Gorakhpur,8.51,6.17,0.63
02-08-2025 18:00,Kerala,Kottayam,6.99,5.25,0.34
04-03-2025 00:00,Tamil Nadu,Tiruppur,2.8,6.45,0.94
13-12-2025 12:00,Tamil Nadu,Tiruppur,5.98,6.42,1.07
23-04-2025 19:00,Maharashtra,Pune,8.19,6.08,1.28
08-03-2025 11:00,Tamil Nadu,Tiruppur,1.6,6.13,0.52
22-01-2026 13:00,Tamil Nadu,Coimbatore,6.69,4.91,0.11
10-04-2025 01:00,Bihar,Darbhanga,2.97,4.64,1.26
03-08-2025 04:00,Maharashtra,Kolhapur,6.15,4.01,0.98
14-09-2025 03:00,Kerala,Kottayam,7.47,4.47,0.66
10-12-2025 09:00,Tamil Nadu,Tiruppur,2.8,4.7,0.04
14-06-2025 12:00,Maharashtra,Mumbai,5.18,6.49,0.33
13-06-2025 21:00,Kerala,Kochi,3.21,6.56,0.05
19-07-2025 21:00,Tamil Nadu,Thanjavur,3.09,6.91,-0.18
02-07-2025 04:00,Bihar,Gaya,4.61,5.41,1.47
15-02-2026 22:00,Odisha,Cuttack,1.5,4.26,0.43
10-12-2025 10:00,Odisha,Kendrapara,8.7,6.43,1.19
24-05-2025 16:00,West Bengal,Howrah,6.62,4.8,0.18
03-05-2025 15:00,Gujarat,Ahmedabad,5.41,5.8,1.19
13-04-2025 17:00,Tamil Nadu,Madurai,1.23,4.72,-0.29
24-12-2025 14:00,West Bengal,Murshidabad,2.73,5.57,-0.59
18-08-2025 10:00,Bihar,Muzaffarpur,7.2,5.82,0.14
23-04-2025 10:00,West Bengal,Darjeeling,8.12,5.88,0.48
12-04-2025 23:00,Maharashtra,Pune,2.18,4.7,0.69
01-01-2025 19:00,Kerala,Kottayam,4.95,6.63,0.52
25-04-2025 12:00,Kerala,Kozhikode,7.41,5.79,0.59
13-08-2025 23:00,Odisha,Bhubaneswar,1.87,6.75,-0.47
03-12-2025 14:00,Gujarat,Bharuch,8.29,4.84,0.71
14-10-2025 07:00,Maharashtra,Nashik,3.12,5.93,0.28
16-07-2025 04:00,Kerala,Kozhikode,1.01,5.69,0.64
30-01-2026 20:00,Gujarat,Rajkot,1.76,6.47,0.37
03-02-2025 17:00,Gujarat,Ahmedabad,7.62,5.76,-0.12
08-11-2025 13:00,Kerala,Alappuzha,7.24,5.14,-0.51
05-04-2025 17:00,Tamil Nadu,Chennai,1.83,6.32,0.61
22-03-2025 03:00,Tamil Nadu,Tiruppur,8.88,6.32,-0.02
03-03-2025 06:00,West Bengal,Howrah,1.48,4.63,0.13
27-11-2025 14:00,Kerala,Kottayam,4.68,6.74,-0.14
05-11-2025 15:00,Tamil Nadu,Thanjavur,1.41,4.83,0.17
11-04-2025 06:00,Kerala,Kottayam,6.35,6.93,-0.02
17-02-2025 14:00,Assam,Dhemaji,7.76,5.9,0.74
14-03-2025 19:00,Maharashtra,Kolhapur,8.16,4.07,0.59
26-08-2025 21:00,Bihar,Bhagalpur,5.93,6.73,0.11
27-07-2025 07:00,West Bengal,Murshidabad,7.33,6.28,0.35
01-11-2025 04:00,Odisha,Kendrapara,5.15,4.01,-0.02
06-12-2025 12:00,Bihar,Darbhanga,8.74,5.69,0.12
29-04-2025 01:00,Uttar Pradesh,Prayagraj,2.23,5.31,-0.01
11-05-2025 11:00,Assam,Dhemaji,6.3,6.07,0.17
24-02-2025 14:00,Bihar,Patna,7.04,4.94,0.15
27-12-2025 10:00,Karnataka,Kodagu,7.32,6.55,0.1
10-10-2025 06:00,Kerala,Alappuzha,4.62,6.0,-0.36
09-10-2025 12:00,West Bengal,Malda,1.85,5.07,0.03
26-01-2025 20:00,Maharashtra,Mumbai,1.27,4.64,0.67
23-04-2025 13:00,Assam,Dhemaji,4.52,4.8,0.11
02-04-2025 15:00,Assam,Barpeta,8.28,6.05,0.76
16-09-2025 04:00,West Bengal,Kolkata,3.92,4.76,0.6
03-01-2026 16:00,Kerala,Kozhikode,8.7,5.12,0.52
13-02-2025 14:00,Kerala,Alappuzha,8.32,4.72,0.2
29-08-2025 08:00,Kerala,Kochi,8.47,6.25,1.38
19-02-2026 11:00,Karnataka,Udupi,2.18,4.93,0.53
11-01-2026 19:00,Uttar Pradesh,Kanpur,2.92,4.4,0.17
31-01-2025 23:00,Karnataka,Mangaluru,2.49,6.11,0.33
10-01-2025 06:00,Uttar Pradesh,Kanpur,3.97,6.73,0.55
12-05-2025 05:00,Maharashtra,Mumbai,6.33,5.54,0.13
27-01-2025 01:00,Assam,Dibrugarh,5.76,4.82,0.24
24-01-2026 22:00,Maharashtra,Kolhapur,1.56,4.87,0.26
12-11-2025 06:00,Assam,Barpeta,8.45,5.42,-0.27
10-07-2025 22:00,Assam,Guwahati,4.09,4.54,-0.14
26-08-2025 23:00,Odisha,Bhubaneswar,1.26,6.41,0.68
17-05-2025 20:00,Bihar,Muzaffarpur,4.15,5.87,0.72
13-11-2025 01:00,Kerala,Thrissur,7.98,6.09,1.08
06-02-2026 22:00,Karnataka,Bengaluru,3.76,6.73,0.54
05-03-2025 18:00,Tamil Nadu,Chennai,7.82,4.97,0.27
08-02-2026 13:00,Odisha,Bhubaneswar,4.34,5.54,-0.07
15-01-2025 17:00,Uttar Pradesh,Prayagraj,6.26,6.23,0.63
14-04-2025 02:00,Tamil Nadu,Coimbatore,6.83,4.95,-0.28
30-11-2025 21:00,Odisha,Puri,2.12,4.34,0.14
27-09-2025 19:00,Bihar,Muzaffarpur,6.99,6.88,0.37
26-09-2025 17:00,Assam,Dhemaji,1.43,6.94,-0.18
10-01-2025 23:00,Karnataka,Mysuru,3.83,5.83,0.01
20-04-2025 09:00,Gujarat,Vadodara,1.06,5.24,-0.4
12-02-2026 18:00,Gujarat,Bharuch,1.63,5.44,-0.24
27-10-2025 22:00,Kerala,Alappuzha,7.54,5.83,0.0
17-11-2025 12:00,Maharashtra,Kolhapur,5.13,5.71,0.46
05-05-2025 21:00,Tamil Nadu,Coimbatore,1.69,6.95,0.26
26-09-2025 08:00,Kerala,Kottayam,2.2,5.13,0.06
10-07-2025 02:00,Gujarat,Ahmedabad,2.35,5.79,0.62
25-12-2025 22:00,Uttar Pradesh,Varanasi,7.63,6.68,0.16
03-03-2025 15:00,Assam,Dibrugarh,3.75,5.09,-0.03
12-02-2025 10:00,Tamil Nadu,Chennai,1.41,5.16,0.45
09-05-2025 22:00,Karnataka,Udupi,8.61,6.25,0.49
15-09-2025 14:00,Karnataka,Bengaluru,7.54,5.88,0.37
26-07-2025 16:00,Uttar Pradesh,Lucknow,3.13,6.78,0.36
20-12-2025 20:00,Tamil Nadu,Chennai,8.09,4.88,0.23
15-02-2025 23:00,Gujarat,Bharuch,6.18,4.45,0.73
11-09-2025 09:00,Tamil Nadu,Tiruppur,8.93,4.83,0.55
01-02-2026 21:00,Tamil Nadu,Chennai,4.48,5.27,-0.7
05-08-2025 06:00,Odisha,Bhubaneswar,2.01,4.22,0.76
24-06-2025 05:00,West Bengal,Darjeeling,2.04,6.17,0.71
06-07-2025 03:00,Bihar,Bhagalpur,5.68,4.41,0.46
09-03-2025 18:00,Gujarat,Surat,5.03,6.49,0.68
07-10-2025 21:00,Odisha,Kendrapara,8.72,6.24,0.96
08-06-2025 06:00,Uttar Pradesh,Kanpur,2.59,6.33,-0.38
08-05-2025 05:00,Assam,Jorhat,5.48,6.08,0.98
30-04-2025 11:00,West Bengal,Howrah,6.54,6.45,-0.12
01-03-2025 16:00,Uttar Pradesh,Varanasi,5.56,4.56,0.17
29-11-2025 15:00,Maharashtra,Nagpur,5.87,4.76,0.42
25-01-2026 10:00,Assam,Jorhat,2.36,6.17,0.09
28-01-2026 11:00,Gujarat,Ahmedabad,8.86,6.12,0.39
19-06-2025 20:00,Odisha,Kendrapara,4.25,6.61,0.8
10-01-2025 01:00,Odisha,Bhubaneswar,7.13,5.74,0.4
29-05-2025 03:00,Uttar Pradesh,Prayagraj,2.58,6.76,0.13
27-11-2025 16:00,Tamil Nadu,Coimbatore,4.32,4.97,0.34
17-12-2025 21:00,Gujarat,Vadodara,3.64,5.1,1.24
13-02-2025 02:00,Uttar Pradesh,Gorakhpur,5.07,4.04,-0.33
07-06-2025 05:00,Maharashtra,Pune,1.54,4.13,1.12
22-06-2025 04:00,Karnataka,Udupi,7.61,4.43,0.65
08-04-2025 07:00,Maharashtra,Mumbai,6.63,5.94,0.42
28-09-2025 12:00,Odisha,Cuttack,5.65,4.77,-0.21
03-03-2025 18:00,Maharashtra,Pune,4.55,5.15,0.64
07-02-2025 18:00,Uttar Pradesh,Kanpur,7.74,4.82,0.78
11-09-2025 16:00,Kerala,Alappuzha,5.85,6.84,-0.09
27-09-2025 10:00,Gujarat,Vadodara,6.6,4.37,0.87
25-08-2025 12:00,Gujarat,Surat,8.52,4.19,0.79
26-04-2025 10:00,Maharashtra,Nashik,3.37,5.12,0.69
17-03-2025 05:00,Maharashtra,Nagpur,3.02,4.52,0.3
04-11-2025 06:00,Bihar,Darbhanga,7.34,4.97,0.33
30-03-2025 02:00,Karnataka,Mangaluru,5.91,4.14,0.28
08-07-2025 22:00,Uttar Pradesh,Varanasi,3.68,5.9,1.09
16-04-2025 11:00,Karnataka,Kodagu,8.18,4.88,0.73
22-12-2025 05:00,Gujarat,Ahmedabad,2.54,5.5,0.68
25-05-2025 14:00,Odisha,Bhubaneswar,6.32,4.46,0.35
28-02-2025 10:00,Assam,Barpeta,3.67,6.78,0.16
05-02-2025 12:00,Maharashtra,Nagpur,7.57,6.95,-0.45
09-05-2025 10:00,Assam,Jorhat,5.41,4.69,0.12
01-12-2025 08:00,Karnataka,Udupi,2.43,5.85,0.91
12-11-2025 05:00,Karnataka,Udupi,2.73,6.91,0.23
19-08-2025 09:00,Uttar Pradesh,Lucknow,1.28,4.52,-0.12
24-11-2025 06:00,Karnataka,Udupi,2.22,5.94,0.44
25-07-2025 12:00,Gujarat,Rajkot,4.11,5.99,0.46
03-08-2025 23:00,Tamil Nadu,Thanjavur,7.15,4.78,-0.13
09-02-2026 19:00,Assam,Jorhat,3.76,6.84,0.97
10-06-2025 06:00,Uttar Pradesh,Varanasi,2.05,5.52,0.39
28-09-2025 03:00,Assam,Guwahati,3.17,4.66,0.92
01-02-2025 03:00,Karnataka,Kodagu,2.91,4.73,-0.16
07-05-2025 10:00,Tamil Nadu,Madurai,5.87,6.62,0.72
15-01-2025 11:00,Odisha,Balasore,4.58,6.13,0.34
20-05-2025 15:00,Karnataka,Bengaluru,1.32,5.57,-0.38
30-04-2025 08:00,Bihar,Muzaffarpur,8.11,5.28,-0.4
01-04-2025 07:00,Bihar,Patna,3.56,6.65,0.16
17-10-2025 18:00,Uttar Pradesh,Prayagraj,1.03,6.31,-0.1
16-09-2025 17:00,Uttar Pradesh,Lucknow,5.52,6.84,0.76
26-04-2025 17:00,Karnataka,Mangaluru,4.86,4.34,0.9
02-03-2025 01:00,West Bengal,Murshidabad,4.54,6.81,0.08
24-08-2025 17:00,Uttar Pradesh,Kanpur,1.68,5.92,0.83
07-02-2026 09:00,Bihar,Gaya,1.14,4.28,-0.17
07-05-2025 03:00,Bihar,Patna,1.01,5.76,-0.08
12-09-2025 21:00,Bihar,Darbhanga,6.34,6.46,0.38
14-04-2025 11:00,Uttar Pradesh,Kanpur,5.33,4.17,0.2
01-05-2025 02:00,Uttar Pradesh,Kanpur,6.2,4.28,0.18
20-08-2025 17:00,West Bengal,Darjeeling,2.17,6.14,0.11
01-02-2025 19:00,Uttar Pradesh,Kanpur,1.53,4.33,-0.1
28-09-2025 01:00,Tamil Nadu,Chennai,7.1,6.18,0.95
09-03-2025 08:00,Uttar Pradesh,Prayagraj,2.33,6.69,1.1
20-02-2025 22:00,Tamil Nadu,Madurai,7.18,4.13,1.02
28-12-2025 00:00,Tamil Nadu,Tiruppur,1.38,5.57,0.17
17-09-2025 05:00,Gujarat,Surat,8.42,4.23,0.27
07-03-2025 16:00,Maharashtra,Kolhapur,5.42,5.92,-0.66
27-01-2026 07:00,Kerala,Kottayam,7.07,4.16,0.4
22-09-2025 14:00,Bihar,Patna,8.4,4.33,-0.29
07-06-2025 14:00,Assam,Jorhat,5.22,4.15,-0.31
02-07-2025 06:00,Maharashtra,Kolhapur,2.14,5.98,-0.15
30-01-2025 12:00,Kerala,Thrissur,2.93,6.41,0.81
22-01-2025 05:00,Uttar Pradesh,Gorakhpur,3.92,5.22,-0.32
04-05-2025 02:00,Maharashtra,Pune,1.24,6.01,0.59
11-11-2025 01:00,Assam,Jorhat,6.92,4.13,0.67
22-09-2025 02:00,West Bengal,Murshidabad,1.46,5.17,-0.11
07-01-2026 18:00,Gujarat,Rajkot,6.42,4.39,0.94
22-10-2025 07:00,Maharashtra,Nashik,6.37,5.8,-0.23
26-10-2025 10:00,Tamil Nadu,Tiruppur,3.32,6.39,0.45
04-11-2025 03:00,Odisha,Balasore,6.79,5.91,-0.19
12-10-2025 12:00,Tamil Nadu,Madurai,1.94,4.78,-0.16
31-05-2025 15:00,West Bengal,Malda,6.15,5.58,0.35
14-07-2025 00:00,Maharashtra,Nashik,8.66,6.89,0.74
18-10-2025 15:00,Gujarat,Ahmedabad,4.5,5.87,0.84
01-07-2025 06:00,Odisha,Balasore,4.24,6.86,0.42
30-01-2025 15:00,West Bengal,Kolkata,8.61,4.58,0.62
27-09-2025 22:00,Uttar Pradesh,Kanpur,3.11,6.61,0.12
16-01-2026 09:00,Gujarat,Vadodara,1.7,5.28,0.05
08-12-2025 20:00,Kerala,Kottayam,5.06,5.26,0.33
19-01-2026 11:00,Maharashtra,Pune,2.9,6.04,0.85
30-01-2025 16:00,Tamil Nadu,Tiruppur,1.49,6.29,1.15
15-01-2026 16:00,Uttar Pradesh,Lucknow,2.83,6.68,-0.01
21-02-2025 21:00,Maharashtra,Kolhapur,5.01,5.06,0.23
12-02-2026 17:00,Maharashtra,Nashik,4.27,5.59,0.96
13-10-2025 08:00,Bihar,Muzaffarpur,5.4,5.34,0.94
02-08-2025 21:00,Maharashtra,Kolhapur,4.12,6.48,0.41
30-01-2025 19:00,Gujarat,Bharuch,4.84,5.88,0.49
25-05-2025 07:00,Bihar,Darbhanga,5.51,6.82,0.52
03-07-2025 02:00,Tamil Nadu,Tiruppur,4.03,4.12,0.61
10-07-2025 08:00,Gujarat,Surat,3.3,4.46,-0.08
02-01-2026 19:00,Assam,Dhemaji,1.5,5.87,-0.24
20-12-2025 17:00,Uttar Pradesh,Prayagraj,3.7,5.5,0.24
17-11-2025 21:00,West Bengal,Kolkata,6.12,4.85,0.83
09-01-2025 20:00,Odisha,Bhubaneswar,2.54,5.15,-0.62
11-02-2026 23:00,Assam,Dhemaji,7.22,5.97,0.97
12-10-2025 22:00,West Bengal,Malda,8.32,4.9,0.46
12-02-2025 02:00,Gujarat,Vadodara,8.15,4.6,-0.21
14-01-2025 11:00,Gujarat,Rajkot,5.34,5.69,-0.02
13-08-2025 20:00,Gujarat,Rajkot,5.86,6.84,0.23
07-09-2025 14:00,Gujarat,Ahmedabad,8.71,4.87,0.38
13-05-2025 04:00,Bihar,Bhagalpur,1.84,5.61,0.03
14-01-2025 22:00,Gujarat,Surat,7.67,4.28,0.19
13-12-2025 01:00,Gujarat,Ahmedabad,5.91,5.2,0.63
03-04-2025 02:00,Odisha,Cuttack,2.53,6.89,-0.57
27-06-2025 23:00,West Bengal,Howrah,3.35,6.44,-0.32
08-10-2025 20:00,Karnataka,Udupi,8.12,6.52,-0.28
10-01-2025 17:00,Tamil Nadu,Coimbatore,4.84,5.73,0.73
05-09-2025 22:00,West Bengal,Malda,1.81,5.28,0.5
28-08-2025 01:00,Maharashtra,Mumbai,2.48,6.38,0.7
27-11-2025 01:00,Odisha,Cuttack,2.89,6.96,0.4
08-04-2025 20:00,Assam,Dibrugarh,4.94,5.87,0.49
26-03-2025 20:00,Gujarat,Bharuch,3.31,6.86,-0.59
08-11-2025 20:00,Uttar Pradesh,Gorakhpur,7.32,4.24,0.78
08-09-2025 06:00,Maharashtra,Nagpur,3.51,4.88,-0.05
09-07-2025 17:00,Maharashtra,Nagpur,3.07,4.24,0.54
03-12-2025 08:00,West Bengal,Malda,1.32,5.07,0.45
02-03-2025 18:00,Bihar,Bhagalpur,4.23,4.51,0.37
18-05-2025 00:00,Uttar Pradesh,Kanpur,6.88,6.1,0.17
08-05-2025 16:00,Assam,Dhemaji,2.22,5.02,0.34
29-01-2026 04:00,Gujarat,Ahmedabad,2.02,4.64,-0.27
02-02-2025 06:00,Tamil Nadu,Thanjavur,8.53,6.77,0.74
12-10-2025 16:00,Maharashtra,Nashik,6.24,5.06,-0.15
06-02-2025 07:00,Tamil Nadu,Coimbatore,7.12,4.68,0.19
31-12-2025 13:00,Kerala,Kozhikode,5.55,6.68,-0.62
22-02-2025 15:00,Gujarat,Rajkot,5.9,4.29,0.09
21-07-2025 09:00,Maharashtra,Pune,8.41,4.11,-0.19
12-06-2025 06:00,Tamil Nadu,Madurai,1.09,5.19,0.04
21-09-2025 11:00,Gujarat,Bharuch,6.26,6.56,0.45
19-01-2026 20:00,Tamil Nadu,Tiruppur,5.61,5.98,-0.55
20-10-2025 11:00,Gujarat,Rajkot,2.61,5.9,0.9
20-02-2025 20:00,Kerala,Kochi,2.78,4.11,-0.02
02-03-2025 06:00,West Bengal,Malda,5.77,5.09,-0.51
13-05-2025 16:00,Gujarat,Rajkot,8.86,5.04,0.33
18-01-2025 00:00,Karnataka,Udupi,1.94,5.88,0.56
01-07-2025 00:00,West Bengal,Howrah,2.06,4.51,0.86
06-05-2025 21:00,West Bengal,Howrah,1.62,4.81,0.3
06-04-2025 23:00,Kerala,Kozhikode,2.72,4.5,0.05
19-09-2025 07:00,Assam,Dhemaji,8.99,5.58,0.29
12-12-2025 00:00,Kerala,Alappuzha,7.89,4.95,-0.68
04-10-2025 17:00,Karnataka,Bengaluru,8.68,4.24,0.28
17-10-2025 19:00,Assam,Dibrugarh,7.85,4.7,0.24
29-03-2025 21:00,Gujarat,Surat,4.67,4.49,0.7
11-08-2025 23:00,Odisha,Bhubaneswar,1.69,5.48,0.47
08-02-2026 11:00,Uttar Pradesh,Kanpur,8.58,6.21,0.05
14-12-2025 15:00,Kerala,Kochi,3.23,5.09,0.52
09-07-2025 13:00,Maharashtra,Pune,4.84,5.34,0.2
20-03-2025 08:00,Gujarat,Vadodara,8.24,6.53,0.45
05-09-2025 17:00,Bihar,Muzaffarpur,5.84,6.9,-0.51
14-03-2025 09:00,Tamil Nadu,Tiruppur,3.32,4.91,-0.17
21-11-2025 17:00,Bihar,Gaya,5.05,6.95,0.69
06-08-2025 04:00,Karnataka,Bengaluru,3.24,6.87,0.98
14-05-2025 16:00,Bihar,Muzaffarpur,6.69,4.81,-0.49
23-10-2025 02:00,Tamil Nadu,Coimbatore,6.67,4.9,0.07
27-03-2025 15:00,Odisha,Bhubaneswar,2.25,5.21,0.62
12-03-2025 08:00,Maharashtra,Nashik,3.03,6.72,-0.15
19-07-2025 03:00,Assam,Guwahati,2.13,5.76,0.31
08-11-2025 11:00,Bihar,Gaya,7.98,6.01,0.19
25-11-2025 04:00,West Bengal,Howrah,3.5,4.48,0.23
09-10-2025 05:00,Maharashtra,Mumbai,2.06,5.32,0.44
23-12-2025 11:00,Maharashtra,Nagpur,3.64,4.95,0.52
05-12-2025 10:00,Karnataka,Udupi,7.79,5.59,0.55
19-10-2025 06:00,Maharashtra,Nagpur,1.25,6.94,0.04
11-12-2025 10:00,Maharashtra,Nagpur,3.34,5.99,1.27
22-12-2025 19:00,Kerala,Alappuzha,7.24,6.97,-0.27
22-05-2025 08:00,Gujarat,Surat,1.12,4.94,0.54
21-09-2025 13:00,Kerala,Alappuzha,1.15,5.93,1.02
28-05-2025 00:00,Odisha,Puri,8.15,5.02,0.61
11-07-2025 20:00,Uttar Pradesh,Lucknow,3.82,6.03,-0.26
20-10-2025 15:00,Gujarat,Rajkot,6.03,6.26,0.4
21-09-2025 09:00,Bihar,Gaya,1.83,5.16,1.07
01-02-2025 01:00,Kerala,Thrissur,2.77,4.82,-0.17
30-01-2025 14:00,Uttar Pradesh,Lucknow,3.06,5.49,-0.17
16-01-2025 19:00,Karnataka,Mysuru,4.79,5.02,0.2
01-01-2026 22:00,West Bengal,Darjeeling,5.9,5.29,-0.05
06-05-2025 11:00,West Bengal,Darjeeling,4.81,6.13,0.34
05-01-2026 02:00,Karnataka,Mangaluru,4.68,4.26,0.42
26-10-2025 00:00,Kerala,Kozhikode,5.01,5.02,0.46
23-12-2025 22:00,Tamil Nadu,Madurai,7.13,5.44,0.02
26-05-2025 17:00,Bihar,Bhagalpur,2.86,4.75,0.1
12-06-2025 01:00,West Bengal,Malda,6.34,5.23,0.21
06-07-2025 20:00,Karnataka,Mangaluru,2.66,4.04,0.18
17-06-2025 03:00,Bihar,Gaya,8.28,4.59,0.47
20-04-2025 03:00,Karnataka,Udupi,3.15,4.97,0.35
05-10-2025 22:00,Karnataka,Mysuru,5.86,5.5,0.16
29-09-2025 08:00,Karnataka,Mysuru,2.82,4.58,-0.25
25-05-2025 11:00,Uttar Pradesh,Prayagraj,7.84,4.39,0.42
24-02-2025 17:00,Kerala,Kochi,8.97,6.98,0.94
25-12-2025 13:00,Assam,Jorhat,5.87,4.06,0.84
28-03-2025 05:00,Bihar,Bhagalpur,3.85,6.05,-0.83
05-05-2025 06:00,West Bengal,Kolkata,5.5,6.06,0.41
04-09-2025 10:00,Tamil Nadu,Chennai,5.57,4.54,0.44
18-01-2026 02:00,Kerala,Kottayam,5.07,4.63,-0.865
23-02-2025 13:00,Tamil Nadu,Chennai,5.91,5.48,0.18
10-01-2026 14:00,Gujarat,Bharuch,3.84,4.7,-0.08
18-12-2025 05:00,Kerala,Thrissur,3.14,4.79,0.08
26-02-2025 05:00,Tamil Nadu,Chennai,6.98,6.4,0.18
19-04-2025 19:00,Kerala,Kochi,6.89,5.26,-0.19
31-01-2026 14:00,Tamil Nadu,Chennai,8.49,4.88,0.33
02-06-2025 20:00,Odisha,Balasore,1.67,4.47,0.35
03-04-2025 13:00,Tamil Nadu,Thanjavur,8.17,5.85,1.18
18-01-2025 19:00,Assam,Dhemaji,3.09,4.82,-0.04
28-01-2025 05:00,Karnataka,Kodagu,4.7,6.56,0.18
18-02-2026 01:00,Maharashtra,Nagpur,6.02,4.01,-0.05
28-05-2025 07:00,Maharashtra,Kolhapur,3.17,4.77,0.32
19-11-2025 08:00,Uttar Pradesh,Gorakhpur,1.6,6.64,0.65
16-05-2025 05:00,Odisha,Kendrapara,3.95,5.46,0.46
17-07-2025 12:00,Tamil Nadu,Thanjavur,5.86,5.4,0.37
13-01-2026 20:00,Odisha,Puri,3.35,6.39,0.16
20-06-2025 19:00,Gujarat,Rajkot,2.8,5.38,0.41
20-06-2025 20:00,Odisha,Kendrapara,7.81,6.64,-0.06
17-10-2025 23:00,Maharashtra,Pune,1.02,6.33,0.82
26-01-2025 11:00,Bihar,Patna,1.59,4.08,-0.15
28-06-2025 16:00,Bihar,Darbhanga,7.35,5.2,-0.5
24-12-2025 02:00,Assam,Barpeta,2.34,4.61,0.83
09-02-2026 16:00,Kerala,Thrissur,4.77,4.45,0.9
06-03-2025 07:00,Assam,Guwahati,2.3,5.48,-0.03
02-02-2026 07:00,Kerala,Kottayam,4.4,4.04,0.43
10-06-2025 13:00,West Bengal,Murshidabad,4.42,6.19,0.11
24-01-2025 02:00,West Bengal,Malda,8.75,4.82,0.18
23-09-2025 05:00,Uttar Pradesh,Prayagraj,8.53,4.26,-0.05
22-01-2025 07:00,Uttar Pradesh,Varanasi,3.42,6.17,1.37
14-05-2025 14:00,Tamil Nadu,Tiruppur,6.15,6.74,0.74
03-12-2025 20:00,Assam,Guwahati,7.45,5.56,0.47
10-02-2025 07:00,Kerala,Kottayam,2.76,6.5,-0.13
09-09-2025 19:00,Gujarat,Vadodara,7.99,5.15,-0.37
14-10-2025 15:00,Gujarat,Surat,3.79,5.32,0.05
10-10-2025 07:00,Assam,Guwahati,3.6,5.66,0.05
18-05-2025 07:00,Tamil Nadu,Madurai,8.18,6.96,-0.17
29-12-2025 13:00,Maharashtra,Mumbai,6.47,6.97,1.03
23-05-2025 21:00,Uttar Pradesh,Prayagraj,7.58,5.95,-0.11
05-01-2026 14:00,Gujarat,Vadodara,5.61,6.15,0.82
18-10-2025 02:00,Gujarat,Surat,7.77,5.1,0.51
29-03-2025 00:00,Kerala,Alappuzha,2.25,5.98,-0.01
21-12-2025 03:00,Uttar Pradesh,Gorakhpur,3.08,4.53,0.31
14-09-2025 18:00,Gujarat,Rajkot,3.78,4.14,0.15
14-05-2025 18:00,Assam,Jorhat,1.38,5.68,0.42
19-01-2026 08:00,Assam,Dhemaji,3.5,5.0,0.19
03-10-2025 05:00,Maharashtra,Nagpur,5.08,5.03,0.7
16-02-2025 05:00,Kerala,Thrissur,8.97,4.96,0.51
27-08-2025 16:00,Odisha,Bhubaneswar,5.31,4.18,-0.54
23-11-2025 05:00,Odisha,Bhubaneswar,4.68,6.9,0.57
13-02-2025 06:00,Assam,Dhemaji,3.22,4.45,-0.09
19-02-2025 18:00,Maharashtra,Mumbai,4.41,4.29,0.2
06-07-2025 10:00,Uttar Pradesh,Prayagraj,8.03,5.54,0.15
16-02-2026 10:00,Maharashtra,Pune,6.12,4.86,0.77
30-03-2025 10:00,Assam,Guwahati,4.58,6.32,1.07
27-07-2025 14:00,Tamil Nadu,Thanjavur,2.93,6.48,0.44
09-01-2026 21:00,West Bengal,Murshidabad,3.66,4.12,0.09
26-08-2025 12:00,Bihar,Darbhanga,8.36,4.01,0.15
08-02-2025 22:00,Odisha,Bhubaneswar,3.4,5.14,0.44
12-09-2025 05:00,Gujarat,Ahmedabad,6.71,6.19,0.91
15-07-2025 09:00,Gujarat,Vadodara,7.36,6.88,-0.4
17-01-2025 10:00,Gujarat,Surat,8.37,5.81,0.59
15-07-2025 05:00,Karnataka,Kodagu,2.34,5.45,0.31
01-01-2026 16:00,Odisha,Bhubaneswar,6.46,4.21,0.22
17-01-2026 21:00,Tamil Nadu,Thanjavur,4.93,4.6,0.56
07-09-2025 04:00,Karnataka,Bengaluru,4.64,4.91,1.09
19-02-2026 06:00,Maharashtra,Mumbai,4.38,5.9,0.56
02-04-2025 07:00,Assam,Barpeta,8.75,6.14,0.77
24-02-2025 01:00,Gujarat,Rajkot,6.67,5.7,1.53
30-07-2025 04:00,Gujarat,Surat,4.99,4.14,0.41
18-02-2025 10:00,Assam,Guwahati,5.27,5.44,-0.15
27-06-2025 06:00,West Bengal,Murshidabad,2.01,4.86,0.44
23-09-2025 12:00,Gujarat,Vadodara,1.31,6.37,0.39
05-03-2025 15:00,Kerala,Alappuzha,5.06,5.52,0.96
30-06-2025 22:00,Kerala,Kozhikode,1.39,6.26,0.52
26-03-2025 14:00,Bihar,Gaya,5.41,5.87,0.93
08-05-2025 12:00,Gujarat,Vadodara,7.88,4.37,-0.35
03-01-2025 10:00,West Bengal,Kolkata,5.8,5.81,0.03
11-04-2025 05:00,Uttar Pradesh,Lucknow,2.42,5.87,0.95
28-07-2025 14:00,Maharashtra,Pune,6.56,5.69,0.8
14-09-2025 13:00,Assam,Jorhat,2.74,6.12,-0.52
04-11-2025 07:00,Assam,Dhemaji,3.87,5.35,0.45
07-07-2025 18:00,Maharashtra,Nagpur,8.78,6.6,0.35
06-08-2025 06:00,Karnataka,Mangaluru,7.8,6.55,-0.42
09-09-2025 05:00,Odisha,Balasore,3.83,5.42,0.06
16-03-2025 04:00,Odisha,Puri,2.44,6.81,-0.02
15-08-2025 23:00,Gujarat,Bharuch,4.18,5.5,0.73
11-07-2025 22:00,Bihar,Patna,7.41,6.42,-0.1
16-10-2025 02:00,Kerala,Thrissur,2.21,5.22,0.29
29-01-2025 04:00,Maharashtra,Mumbai,5.87,4.25,0.0
30-05-2025 06:00,Odisha,Balasore,7.93,4.06,0.24
02-06-2025 05:00,Bihar,Bhagalpur,5.97,6.21,0.77
27-11-2025 00:00,Karnataka,Mangaluru,7.13,4.34,0.96
31-01-2026 19:00,Karnataka,Mangaluru,4.71,4.25,0.7
24-04-2025 20:00,Karnataka,Bengaluru,3.58,4.4,-0.2
19-07-2025 11:00,West Bengal,Murshidabad,3.92,5.53,0.78
25-04-2025 18:00,Uttar Pradesh,Varanasi,5.49,4.45,0.44
08-04-2025 09:00,Karnataka,Mysuru,7.67,4.35,0.51
01-06-2025 19:00,Karnataka,Kodagu,4.87,5.01,0.83
19-11-2025 09:00,Karnataka,Udupi,9.0,4.92,0.14
18-08-2025 20:00,Bihar,Darbhanga,2.78,4.27,-0.36
07-08-2025 14:00,Bihar,Bhagalpur,3.04,5.48,0.4
06-02-2025 02:00,Gujarat,Rajkot,5.49,5.2,0.66
05-07-2025 07:00,Odisha,Kendrapara,2.76,6.48,-0.13
31-07-2025 07:00,Assam,Dibrugarh,1.35,4.79,0.49
23-07-2025 09:00,Kerala,Alappuzha,3.55,4.99,0.95
01-02-2026 06:00,Karnataka,Mangaluru,3.83,6.32,0.62
06-05-2025 02:00,West Bengal,Malda,6.64,6.74,0.31
03-04-2025 17:00,Maharashtra,Pune,8.83,4.59,-0.08
13-01-2026 08:00,Kerala,Thrissur,7.58,5.25,1.04
21-07-2025 02:00,Assam,Dibrugarh,4.78,6.2,0.0
14-11-2025 13:00,Odisha,Kendrapara,8.91,4.32,0.5
08-02-2026 17:00,Odisha,Cuttack,1.78,4.23,0.11
18-08-2025 04:00,Kerala,Thrissur,1.08,4.27,-0.15
09-02-2026 04:00,Bihar,Darbhanga,3.55,5.56,0.73
20-12-2025 06:00,Assam,Guwahati,1.73,6.43,-0.52
18-08-2025 06:00,Uttar Pradesh,Kanpur,4.94,6.79,0.44
20-02-2025 10:00,Bihar,Patna,4.97,5.3,-0.64
14-01-2026 11:00,Uttar Pradesh,Lucknow,6.18,4.85,-0.38
06-04-2025 08:00,Karnataka,Udupi,7.55,4.1,-0.25
01-04-2025 23:00,Assam,Dibrugarh,6.23,4.21,0.77
30-04-2025 06:00,Maharashtra,Kolhapur,7.2,5.39,0.24
13-10-2025 21:00,West Bengal,Darjeeling,5.13,6.69,-0.17
09-04-2025 10:00,Kerala,Kochi,5.52,6.84,0.74
19-12-2025 15:00,West Bengal,Malda,1.06,5.02,0.77
21-09-2025 20:00,Bihar,Gaya,5.24,6.7,0.54
19-06-2025 08:00,Uttar Pradesh,Gorakhpur,6.51,6.41,-0.06
02-02-2026 18:00,Assam,Dibrugarh,7.79,5.13,-0.38
26-01-2025 17:00,Kerala,Kochi,4.39,4.67,0.01
17-05-2025 17:00,Odisha,Kendrapara,4.78,6.85,0.31
06-08-2025 18:00,Karnataka,Bengaluru,2.42,5.81,-0.45
22-05-2025 13:00,West Bengal,Kolkata,4.39,5.86,0.53
08-05-2025 17:00,Gujarat,Rajkot,8.93,4.86,0.6
01-02-2025 22:00,Uttar Pradesh,Prayagraj,1.09,5.91,-0.16
22-10-2025 22:00,Uttar Pradesh,Kanpur,8.51,6.4,-0.14
08-08-2025 23:00,Uttar Pradesh,Varanasi,6.35,6.58,0.78
22-06-2025 21:00,Bihar,Patna,8.68,5.34,0.37
17-02-2025 16:00,Karnataka,Mysuru,2.28,6.86,1.46
27-06-2025 00:00,Karnataka,Udupi,5.19,5.17,-0.05
21-06-2025 06:00,Karnataka,Mysuru,6.22,5.0,0.19
20-01-2025 06:00,Gujarat,Surat,6.72,6.11,1.1
03-05-2025 04:00,Odisha,Kendrapara,1.89,4.58,0.47
12-07-2025 15:00,Kerala,Kozhikode,8.49,5.53,0.29
08-06-2025 21:00,Tamil Nadu,Madurai,5.86,5.87,1.23
20-09-2025 20:00,West Bengal,Kolkata,4.79,4.57,0.46
30-06-2025 21:00,Uttar Pradesh,Varanasi,8.5,5.64,0.54
09-08-2025 20:00,Odisha,Bhubaneswar,1.89,5.79,0.69
11-10-2025 12:00,Odisha,Bhubaneswar,4.23,6.14,1.28
17-05-2025 18:00,Kerala,Thrissur,8.98,6.28,0.35
18-04-2025 06:00,Karnataka,Mysuru,2.95,6.86,0.65
28-11-2025 17:00,Uttar Pradesh,Prayagraj,2.22,6.91,1.18
25-11-2025 07:00,Uttar Pradesh,Kanpur,6.53,6.85,0.5
04-02-2025 12:00,West Bengal,Malda,3.69,4.91,0.17
28-09-2025 06:00,West Bengal,Howrah,6.28,4.77,0.23
13-11-2025 15:00,Odisha,Kendrapara,7.07,4.8,0.65
16-04-2025 20:00,Maharashtra,Pune,6.23,6.62,0.5
28-08-2025 10:00,Odisha,Puri,1.74,6.85,0.07
22-12-2025 06:00,Maharashtra,Nashik,7.98,6.87,0.57
03-02-2026 14:00,Assam,Barpeta,6.62,4.94,0.66
05-06-2025 22:00,Odisha,Balasore,2.61,5.94,0.58
09-11-2025 10:00,Gujarat,Surat,7.77,6.78,0.33
27-05-2025 20:00,Assam,Dhemaji,6.08,4.84,0.54
01-01-2025 20:00,Assam,Barpeta,8.39,6.89,0.88
21-03-2025 19:00,Assam,Dhemaji,5.58,5.85,-0.14
01-10-2025 19:00,Tamil Nadu,Coimbatore,8.09,4.91,-0.26
11-01-2026 18:00,Uttar Pradesh,Varanasi,1.07,6.26,-0.47
25-03-2025 20:00,Odisha,Puri,6.22,6.96,0.65
14-08-2025 05:00,Assam,Dhemaji,6.32,5.07,0.35
23-02-2025 23:00,Uttar Pradesh,Varanasi,7.17,5.49,0.33
06-06-2025 01:00,Kerala,Alappuzha,6.75,5.48,0.15
25-01-2025 15:00,Maharashtra,Pune,8.93,5.69,0.33
28-02-2025 14:00,Tamil Nadu,Coimbatore,2.55,5.88,0.65
10-01-2025 05:00,Uttar Pradesh,Gorakhpur,2.13,6.22,0.24
23-08-2025 01:00,Uttar Pradesh,Lucknow,6.63,6.01,0.1
18-09-2025 08:00,Karnataka,Mangaluru,1.68,5.79,0.24
04-07-2025 02:00,Tamil Nadu,Coimbatore,2.06,6.55,-0.25
05-02-2025 18:00,Karnataka,Mangaluru,1.06,6.59,-0.03
16-03-2025 07:00,Assam,Guwahati,3.95,5.75,0.4
30-10-2025 11:00,Uttar Pradesh,Kanpur,8.15,5.22,-0.07
13-10-2025 16:00,Karnataka,Mysuru,2.32,4.92,0.14
23-03-2025 10:00,Bihar,Bhagalpur,8.21,6.04,0.3
14-03-2025 18:00,Bihar,Muzaffarpur,4.97,4.48,0.07
11-05-2025 12:00,West Bengal,Howrah,7.71,5.64,1.28
01-12-2025 20:00,Maharashtra,Nagpur,7.19,5.99,1.55
04-01-2026 18:00,Tamil Nadu,Coimbatore,2.65,6.67,0.39
11-02-2025 10:00,Odisha,Bhubaneswar,8.67,4.65,-0.53
12-09-2025 12:00,West Bengal,Malda,3.87,6.05,0.35
31-01-2025 10:00,Assam,Dibrugarh,7.65,6.81,-0.42
18-10-2025 14:00,West Bengal,Kolkata,2.16,6.95,0.58
19-09-2025 09:00,West Bengal,Kolkata,5.96,4.42,-0.1
09-10-2025 07:00,Assam,Jorhat,5.52,5.47,1.16
27-05-2025 05:00,Kerala,Alappuzha,3.59,5.71,-0.15
28-05-2025 05:00,Gujarat,Bharuch,1.33,4.59,-0.13
15-04-2025 17:00,Karnataka,Udupi,6.62,5.66,0.63
15-08-2025 12:00,Karnataka,Kodagu,6.07,4.02,-0.56
01-06-2025 01:00,Gujarat,Bharuch,8.81,6.48,0.06
20-01-2025 09:00,Gujarat,Rajkot,7.76,5.11,0.3
09-10-2025 11:00,Odisha,Bhubaneswar,1.21,5.81,0.43
09-10-2025 15:00,Odisha,Balasore,1.22,6.9,0.66
29-11-2025 23:00,Odisha,Puri,3.34,6.13,0.21
07-01-2025 13:00,Karnataka,Mangaluru,8.81,4.04,-0.09
15-06-2025 00:00,Kerala,Thrissur,7.05,4.35,-0.04
04-01-2026 00:00,Maharashtra,Nagpur,5.71,4.9,0.35
16-08-2025 22:00,Karnataka,Kodagu,3.72,5.63,1.09
08-01-2025 17:00,Kerala,Alappuzha,3.78,5.59,0.26
11-02-2025 18:00,Maharashtra,Nashik,4.78,6.52,0.49
01-02-2026 04:00,West Bengal,Murshidabad,4.97,4.11,0.37
23-08-2025 07:00,Odisha,Puri,4.2,4.99,0.11
17-01-2025 16:00,Assam,Barpeta,1.2,6.11,-0.1
18-09-2025 00:00,Kerala,Alappuzha,1.28,5.57,0.01
08-01-2026 12:00,Bihar,Muzaffarpur,3.89,6.49,0.02
18-02-2026 20:00,Tamil Nadu,Madurai,7.17,4.96,-0.08
02-11-2025 22:00,Maharashtra,Mumbai,3.73,4.14,-0.15
14-02-2026 16:00,Kerala,Alappuzha,3.17,4.06,0.0
19-12-2025 18:00,Gujarat,Rajkot,2.2,5.15,-0.23
31-12-2025 20:00,Bihar,Gaya,2.81,5.79,-0.08
28-11-2025 14:00,Uttar Pradesh,Kanpur,8.64,4.88,-0.29
22-02-2025 02:00,Tamil Nadu,Thanjavur,5.99,4.31,0.12
11-05-2025 23:00,Karnataka,Mysuru,7.29,6.68,0.63
06-11-2025 14:00,Maharashtra,Pune,1.79,6.61,0.09
03-01-2025 11:00,Gujarat,Bharuch,2.35,5.67,-0.17
24-11-2025 07:00,Gujarat,Vadodara,8.46,5.86,0.8
16-02-2025 09:00,Uttar Pradesh,Varanasi,8.38,6.63,0.06
08-05-2025 09:00,Maharashtra,Mumbai,5.91,4.52,0.07
03-02-2026 17:00,Bihar,Muzaffarpur,8.69,4.89,0.45
25-02-2025 08:00,Odisha,Balasore,1.31,4.44,0.69
28-07-2025 03:00,Odisha,Cuttack,4.25,6.32,0.51
06-10-2025 10:00,Odisha,Cuttack,2.26,4.4,0.9
28-03-2025 08:00,Uttar Pradesh,Prayagraj,1.65,4.82,0.02
19-07-2025 17:00,Gujarat,Surat,1.92,5.44,0.46
12-10-2025 13:00,Odisha,Cuttack,1.72,5.26,1.06
06-02-2026 05:00,Uttar Pradesh,Prayagraj,4.99,4.67,0.97
09-12-2025 10:00,Gujarat,Rajkot,2.52,5.99,0.21
12-11-2025 07:00,Maharashtra,Pune,6.58,6.08,0.32
04-09-2025 18:00,Kerala,Kochi,8.48,5.55,1.5750000000000002
06-03-2025 14:00,Tamil Nadu,Madurai,8.37,6.05,0.75
12-02-2025 01:00,Tamil Nadu,Madurai,8.78,4.15,0.48
06-06-2025 11:00,Tamil Nadu,Chennai,8.12,4.07,0.22
28-12-2025 17:00,West Bengal,Darjeeling,1.14,5.47,0.38
25-01-2026 06:00,Uttar Pradesh,Lucknow,3.64,4.0,0.25
30-11-2025 17:00,Maharashtra,Mumbai,3.13,4.97,0.81
10-06-2025 20:00,Maharashtra,Kolhapur,1.19,4.44,0.2
12-05-2025 04:00,Gujarat,Vadodara,8.31,4.43,0.55
15-04-2025 23:00,Uttar Pradesh,Prayagraj,5.45,6.62,-0.01
11-05-2025 07:00,Assam,Dibrugarh,5.59,4.13,0.82
14-01-2026 12:00,Karnataka,Bengaluru,3.91,6.71,0.46
10-08-2025 12:00,Karnataka,Kodagu,2.39,6.54,1.13
19-02-2025 19:00,Uttar Pradesh,Varanasi,3.19,4.47,0.28
13-01-2026 02:00,Odisha,Puri,8.37,4.33,0.71
06-02-2025 15:00,Karnataka,Kodagu,2.63,5.26,0.21
19-10-2025 05:00,Kerala,Kochi,3.16,6.96,0.24
14-04-2025 15:00,Karnataka,Udupi,5.35,5.57,0.37
29-04-2025 08:00,Assam,Dhemaji,8.14,6.49,0.77
30-06-2025 09:00,Odisha,Balasore,6.99,4.28,-0.53
03-05-2025 02:00,Odisha,Cuttack,2.93,6.61,0.41
25-09-2025 16:00,Bihar,Darbhanga,3.65,6.12,-0.47
14-04-2025 13:00,Gujarat,Surat,2.76,6.41,-0.23
28-08-2025 11:00,Karnataka,Bengaluru,6.64,5.17,0.56
06-02-2025 19:00,Bihar,Muzaffarpur,5.08,5.12,0.37
24-07-2025 18:00,Bihar,Bhagalpur,2.2,5.86,0.09
16-09-2025 18:00,Maharashtra,Nashik,7.97,5.27,0.57
04-02-2026 02:00,Bihar,Bhagalpur,3.28,6.83,-0.26
09-01-2025 19:00,Maharashtra,Pune,6.03,5.66,0.76
05-04-2025 19:00,Bihar,Gaya,7.84,5.64,1.47
08-04-2025 00:00,Uttar Pradesh,Prayagraj,8.77,4.68,0.84
26-07-2025 06:00,Kerala,Thrissur,7.64,5.86,0.18
19-05-2025 07:00,Tamil Nadu,Chennai,1.82,5.81,1.16
14-02-2026 18:00,West Bengal,Kolkata,7.08,6.25,0.01
11-07-2025 23:00,Bihar,Patna,2.21,6.43,0.5
01-03-2025 22:00,Assam,Dibrugarh,7.82,5.26,-0.08
20-01-2025 11:00,Kerala,Kochi,4.68,6.84,0.13
16-08-2025 18:00,Assam,Guwahati,4.48,6.65,0.42
19-05-2025 17:00,Assam,Dibrugarh,4.71,4.58,-0.33
31-08-2025 20:00,Maharashtra,Pune,6.34,6.68,0.42
25-12-2025 15:00,Karnataka,Kodagu,2.95,4.73,0.53
30-01-2025 00:00,Assam,Barpeta,1.44,4.09,0.1
30-10-2025 19:00,Gujarat,Surat,8.48,5.38,0.46
17-01-2026 00:00,Tamil Nadu,Coimbatore,8.1,5.56,0.51
07-12-2025 20:00,Karnataka,Mangaluru,1.9,5.27,0.16
19-02-2026 02:00,West Bengal,Howrah,4.85,4.27,0.0
24-02-2025 18:00,Maharashtra,Mumbai,6.87,6.88,0.5
06-04-2025 21:00,Uttar Pradesh,Lucknow,8.15,5.99,0.11
26-03-2025 23:00,West Bengal,Kolkata,5.53,4.5,1.16
24-10-2025 04:00,Kerala,Kozhikode,5.58,5.51,0.01
02-06-2025 18:00,Bihar,Gaya,5.25,5.26,0.18
08-02-2025 02:00,Uttar Pradesh,Kanpur,4.65,5.34,0.05
01-01-2025 12:00,Bihar,Patna,2.79,6.6,0.82
24-12-2025 15:00,Gujarat,Surat,8.87,6.34,-0.2
25-09-2025 19:00,Assam,Dibrugarh,1.35,5.31,1.16
06-03-2025 00:00,Kerala,Kochi,2.2,4.54,0.72
31-01-2025 16:00,West Bengal,Darjeeling,3.0,4.94,0.26
08-12-2025 17:00,West Bengal,Malda,8.84,6.62,0.25
27-12-2025 12:00,Assam,Dibrugarh,8.87,6.74,0.18
19-01-2025 21:00,Tamil Nadu,Thanjavur,1.19,5.18,-0.2
01-07-2025 01:00,Kerala,Kozhikode,1.68,5.29,0.79
08-02-2025 15:00,Bihar,Bhagalpur,8.76,4.77,0.0
20-09-2025 03:00,Tamil Nadu,Thanjavur,3.17,5.18,0.96
12-12-2025 01:00,West Bengal,Malda,5.29,5.82,-0.17
30-12-2025 10:00,Bihar,Darbhanga,8.35,5.76,0.35
27-09-2025 17:00,Odisha,Cuttack,6.22,4.48,0.22
02-01-2025 13:00,Odisha,Puri,8.81,6.6,0.87
29-08-2025 10:00,Uttar Pradesh,Prayagraj,3.82,5.43,-0.11
17-04-2025 10:00,Maharashtra,Nashik,3.48,4.15,0.26
15-11-2025 00:00,Tamil Nadu,Tiruppur,7.16,5.63,0.82
21-02-2026 14:00,Gujarat,Rajkot,5.79,4.51,0.61
03-10-2025 20:00,Gujarat,Surat,4.91,5.99,0.48
09-02-2025 04:00,Kerala,Kochi,8.21,4.53,0.5
05-11-2025 06:00,West Bengal,Malda,8.49,6.24,0.47
13-09-2025 08:00,Uttar Pradesh,Varanasi,2.0,6.37,0.45
14-02-2026 13:00,Maharashtra,Nagpur,4.46,5.76,-0.07
22-04-2025 16:00,Tamil Nadu,Thanjavur,6.19,6.76,0.99
01-07-2025 10:00,West Bengal,Murshidabad,3.06,5.22,0.74
08-05-2025 10:00,Gujarat,Bharuch,2.62,6.2,-0.08
25-11-2025 08:00,Kerala,Thrissur,7.63,4.74,0.51
31-01-2025 18:00,Maharashtra,Kolhapur,2.44,6.46,0.46
23-01-2025 10:00,Gujarat,Bharuch,8.34,4.48,0.26
19-05-2025 13:00,Bihar,Darbhanga,1.49,6.9,0.24
26-06-2025 15:00,Karnataka,Kodagu,7.37,7.0,0.26
28-02-2025 08:00,Bihar,Darbhanga,8.94,5.38,0.37
18-06-2025 14:00,Odisha,Kendrapara,7.84,4.77,-0.33
03-08-2025 01:00,Uttar Pradesh,Lucknow,7.88,4.91,0.28
26-06-2025 05:00,Bihar,Gaya,7.45,4.82,-0.44
24-06-2025 15:00,Maharashtra,Nashik,7.7,4.1,1.45
16-01-2026 22:00,Uttar Pradesh,Prayagraj,7.84,6.28,0.24
19-08-2025 18:00,Uttar Pradesh,Kanpur,5.28,5.17,0.06
23-04-2025 04:00,Tamil Nadu,Madurai,4.82,4.4,0.11
11-08-2025 12:00,Tamil Nadu,Tiruppur,8.23,5.35,0.78
18-02-2026 05:00,Karnataka,Bengaluru,4.66,6.9,0.62
16-11-2025 14:00,Odisha,Bhubaneswar,2.43,4.46,-0.27
18-01-2026 05:00,Kerala,Thrissur,3.56,5.87,0.76
17-03-2025 07:00,Gujarat,Bharuch,8.16,5.72,-0.01
01-08-2025 23:00,West Bengal,Murshidabad,8.32,6.8,0.81
16-06-2025 05:00,Assam,Dibrugarh,7.59,5.6,0.46
24-05-2025 23:00,Odisha,Cuttack,6.7,5.62,0.15
02-05-2025 03:00,Tamil Nadu,Chennai,4.31,4.64,1.1
05-10-2025 03:00,West Bengal,Malda,4.3,5.72,-0.55
12-12-2025 07:00,Assam,Dibrugarh,7.58,6.0,0.9
18-09-2025 04:00,Kerala,Kochi,4.31,6.62,1.21
23-04-2025 09:00,Maharashtra,Mumbai,1.31,4.8,0.0
17-06-2025 08:00,West Bengal,Darjeeling,2.86,4.16,0.8
30-06-2025 19:00,Maharashtra,Kolhapur,4.24,6.05,-0.4
13-07-2025 13:00,West Bengal,Howrah,7.57,5.34,0.13
19-11-2025 11:00,Assam,Dibrugarh,8.09,4.98,0.29
23-10-2025 11:00,Gujarat,Surat,3.82,4.75,-0.3
15-07-2025 12:00,Maharashtra,Mumbai,5.6,5.09,0.09
14-03-2025 11:00,Uttar Pradesh,Lucknow,3.01,4.6,-0.04
14-08-2025 06:00,Kerala,Kochi,1.18,5.78,-0.21
11-07-2025 04:00,Uttar Pradesh,Lucknow,5.16,6.96,-0.29
11-05-2025 05:00,West Bengal,Kolkata,8.1,5.52,0.25
31-03-2025 21:00,Odisha,Cuttack,1.23,5.69,0.07
11-08-2025 05:00,Gujarat,Ahmedabad,4.73,4.69,0.0
26-12-2025 20:00,Gujarat,Ahmedabad,5.62,6.99,-0.47
18-03-2025 01:00,Kerala,Alappuzha,6.41,6.9,-0.04
26-06-2025 06:00,Bihar,Darbhanga,7.25,4.07,-0.21
26-05-2025 07:00,Uttar Pradesh,Gorakhpur,7.71,4.74,0.46
13-01-2026 05:00,Gujarat,Ahmedabad,2.52,5.85,0.16
12-02-2026 00:00,Odisha,Balasore,1.52,4.34,0.35
01-06-2025 23:00,Gujarat,Ahmedabad,4.3,6.76,0.58
03-09-2025 22:00,Odisha,Bhubaneswar,6.09,6.63,0.15
24-09-2025 01:00,Kerala,Kochi,7.31,4.91,0.45
23-08-2025 22:00,Kerala,Kozhikode,2.63,6.07,-0.03
25-09-2025 15:00,Uttar Pradesh,Varanasi,2.76,4.98,0.84
23-11-2025 02:00,Kerala,Kottayam,3.88,5.18,1.03
19-11-2025 15:00,Uttar Pradesh,Kanpur,2.21,4.04,0.0
06-05-2025 12:00,Gujarat,Rajkot,1.4,6.66,0.01
16-11-2025 15:00,Tamil Nadu,Tiruppur,7.9,4.2,0.03
02-02-2026 20:00,Bihar,Bhagalpur,2.94,4.3,-0.03
20-02-2026 17:00,Maharashtra,Nashik,7.63,5.66,0.38
09-05-2025 08:00,West Bengal,Howrah,2.16,4.12,0.77
27-05-2025 16:00,Karnataka,Kodagu,6.42,5.92,0.6
27-07-2025 10:00,Bihar,Muzaffarpur,1.68,6.07,0.27
14-11-2025 11:00,Karnataka,Mangaluru,8.06,4.9,0.34
01-07-2025 03:00,Odisha,Bhubaneswar,2.83,5.26,0.4
18-12-2025 16:00,Uttar Pradesh,Varanasi,8.18,5.1,-0.01
26-02-2025 02:00,Karnataka,Mysuru,8.45,6.01,0.09
23-10-2025 07:00,Odisha,Puri,3.26,4.81,0.11
08-01-2026 19:00,Uttar Pradesh,Kanpur,8.41,5.72,-0.52
24-08-2025 11:00,Tamil Nadu,Madurai,3.69,6.9,0.24
03-12-2025 17:00,Gujarat,Surat,2.65,6.08,0.11
16-03-2025 15:00,Assam,Guwahati,7.73,6.87,0.48
06-11-2025 12:00,Odisha,Balasore,3.01,6.35,-0.07
04-02-2026 03:00,Uttar Pradesh,Lucknow,2.61,6.0,0.19
19-02-2026 23:00,Tamil Nadu,Tiruppur,2.49,5.0,-0.3
05-04-2025 14:00,Bihar,Gaya,5.19,6.12,0.21
11-02-2026 22:00,Karnataka,Udupi,6.28,4.78,0.63
04-05-2025 03:00,Tamil Nadu,Madurai,2.52,6.17,-0.03
24-05-2025 11:00,Tamil Nadu,Madurai,3.48,6.38,0.37
19-11-2025 07:00,Karnataka,Mangaluru,2.85,5.79,0.19
04-02-2025 17:00,West Bengal,Murshidabad,4.77,6.04,-0.69
28-09-2025 18:00,Assam,Dibrugarh,8.01,4.02,-0.48
05-05-2025 15:00,Karnataka,Mangaluru,6.37,5.66,0.75
21-11-2025 16:00,West Bengal,Malda,7.29,6.43,0.42
31-03-2025 14:00,Maharashtra,Nashik,7.78,6.78,-0.1
17-06-2025 14:00,Assam,Dhemaji,4.6,6.24,0.07
14-11-2025 06:00,Odisha,Cuttack,5.19,5.13,0.03
13-09-2025 03:00,Assam,Guwahati,2.83,4.03,0.08
20-05-2025 02:00,Assam,Dhemaji,4.53,4.07,-0.32
30-06-2025 23:00,Odisha,Kendrapara,2.23,5.15,0.58
05-07-2025 23:00,Assam,Dibrugarh,5.6,4.1,0.6
09-04-2025 23:00,Uttar Pradesh,Lucknow,6.02,6.29,0.37
12-01-2026 19:00,Gujarat,Surat,2.92,5.56,0.25
21-08-2025 02:00,Bihar,Bhagalpur,8.52,4.52,0.4
25-12-2025 06:00,Tamil Nadu,Madurai,7.01,4.69,-0.32
21-12-2025 07:00,Odisha,Puri,1.08,4.06,0.57
05-01-2026 23:00,Odisha,Kendrapara,6.92,4.82,0.03
20-03-2025 14:00,Karnataka,Mangaluru,5.38,6.21,0.98
19-02-2025 21:00,Kerala,Kozhikode,8.76,4.51,0.31
25-09-2025 18:00,Uttar Pradesh,Lucknow,3.9,6.89,-0.13
07-01-2026 06:00,Odisha,Kendrapara,7.97,6.95,0.58
03-05-2025 07:00,Bihar,Darbhanga,8.63,6.32,-0.11
22-09-2025 05:00,West Bengal,Darjeeling,2.64,5.92,0.53
01-03-2025 13:00,Karnataka,Udupi,5.23,4.24,-0.44
20-09-2025 18:00,Gujarat,Bharuch,4.99,5.19,0.17
02-06-2025 01:00,Assam,Dhemaji,8.98,5.71,0.08
22-03-2025 17:00,Maharashtra,Nagpur,8.57,5.32,0.68
04-08-2025 11:00,Odisha,Kendrapara,4.95,6.5,0.23
20-11-2025 11:00,Tamil Nadu,Coimbatore,7.17,5.39,0.55
24-09-2025 08:00,Karnataka,Mysuru,5.31,4.9,0.75
18-02-2025 01:00,Karnataka,Mangaluru,8.22,5.29,-0.22
18-09-2025 09:00,Bihar,Muzaffarpur,4.53,4.84,1.43
21-10-2025 04:00,West Bengal,Howrah,3.8,6.16,1.21
26-06-2025 04:00,West Bengal,Malda,8.13,5.84,1.4
27-07-2025 06:00,Odisha,Balasore,8.68,6.42,0.65
24-09-2025 16:00,Odisha,Kendrapara,4.33,5.43,0.44
01-06-2025 15:00,Kerala,Kottayam,2.46,5.26,0.52
15-06-2025 11:00,Bihar,Patna,2.54,4.85,0.41
04-02-2026 17:00,Kerala,Alappuzha,6.62,6.9,0.57
21-05-2025 15:00,Karnataka,Mysuru,1.55,5.88,0.65
14-04-2025 14:00,Kerala,Alappuzha,1.94,5.36,-0.02
17-10-2025 17:00,Kerala,Kottayam,6.83,5.75,0.48
26-01-2025 05:00,Uttar Pradesh,Kanpur,5.74,4.2,0.42
07-11-2025 03:00,Odisha,Puri,1.17,5.58,-0.53
04-09-2025 23:00,Bihar,Muzaffarpur,2.7,4.73,1.2
13-04-2025 05:00,Karnataka,Bengaluru,1.14,6.53,0.68
31-05-2025 08:00,Gujarat,Rajkot,1.68,6.06,0.69
03-03-2025 19:00,Kerala,Kozhikode,2.57,6.6,0.2
08-07-2025 06:00,Odisha,Bhubaneswar,3.28,5.85,0.44
07-05-2025 13:00,Gujarat,Ahmedabad,8.9,4.15,0.31
25-01-2026 15:00,Karnataka,Mysuru,4.23,5.74,-0.21
17-11-2025 11:00,Uttar Pradesh,Gorakhpur,5.41,4.51,0.58
21-06-2025 11:00,Tamil Nadu,Chennai,3.06,4.53,0.0
01-03-2025 10:00,Kerala,Thrissur,4.97,5.83,0.29
21-01-2025 16:00,Odisha,Cuttack,2.87,6.47,0.02
20-05-2025 16:00,Uttar Pradesh,Prayagraj,3.09,6.47,-0.29
02-01-2026 09:00,Odisha,Balasore,6.27,5.24,0.14
01-02-2025 14:00,Uttar Pradesh,Kanpur,3.82,4.23,0.54
04-02-2025 21:00,Odisha,Puri,2.16,5.6,0.6
30-06-2025 06:00,Odisha,Balasore,6.85,6.3,0.36
30-03-2025 15:00,Kerala,Thrissur,4.09,5.33,0.35
12-02-2025 14:00,Maharashtra,Nashik,7.52,5.81,0.52
01-01-2026 01:00,West Bengal,Kolkata,1.12,5.45,0.23
22-08-2025 21:00,Gujarat,Vadodara,2.32,4.72,0.35
21-08-2025 12:00,Kerala,Thrissur,8.3,5.55,0.24
14-02-2025 01:00,West Bengal,Murshidabad,1.13,6.66,0.38
02-02-2026 13:00,Bihar,Patna,4.08,6.86,0.94
13-10-2025 15:00,West Bengal,Darjeeling,3.35,5.99,1.32
03-11-2025 04:00,Uttar Pradesh,Kanpur,8.2,5.75,0.42
12-01-2026 20:00,West Bengal,Darjeeling,4.51,4.05,0.48
30-03-2025 16:00,Maharashtra,Nashik,6.53,5.11,0.42
26-04-2025 06:00,Karnataka,Udupi,6.25,5.95,0.87
29-03-2025 20:00,Maharashtra,Nashik,5.7,6.1,0.45
31-05-2025 16:00,Kerala,Kozhikode,3.44,5.87,0.33
06-03-2025 08:00,Maharashtra,Nashik,6.89,6.56,-0.3
16-10-2025 01:00,Uttar Pradesh,Kanpur,5.07,5.73,0.69
13-03-2025 14:00,Gujarat,Ahmedabad,2.56,5.25,0.01
06-11-2025 18:00,Karnataka,Mysuru,7.88,6.23,1.05
03-11-2025 20:00,Odisha,Puri,2.81,5.65,-0.11
17-09-2025 18:00,Karnataka,Bengaluru,2.39,4.35,-0.01
31-01-2025 04:00,Tamil Nadu,Coimbatore,2.89,5.68,0.05
06-10-2025 00:00,Tamil Nadu,Coimbatore,7.58,5.71,0.36
01-12-2025 12:00,Karnataka,Bengaluru,2.03,6.4,0.39
17-08-2025 19:00,Tamil Nadu,Coimbatore,8.31,5.09,0.03
16-02-2025 23:00,Karnataka,Bengaluru,3.1,4.76,0.24
04-05-2025 04:00,Maharashtra,Kolhapur,3.25,6.62,0.02
03-08-2025 19:00,West Bengal,Darjeeling,3.86,4.07,1.16
20-07-2025 16:00,Karnataka,Bengaluru,5.18,5.05,0.32
16-09-2025 09:00,Maharashtra,Nagpur,2.48,6.55,0.48
17-09-2025 07:00,Maharashtra,Nashik,3.11,6.48,0.0
28-12-2025 21:00,Gujarat,Rajkot,4.33,6.9,0.51
24-10-2025 09:00,Kerala,Kochi,1.97,6.29,0.21
08-08-2025 18:00,West Bengal,Kolkata,8.39,4.67,-0.27
22-12-2025 15:00,Kerala,Kottayam,3.35,6.63,-0.04
07-05-2025 19:00,Assam,Barpeta,7.1,4.49,0.22
15-10-2025 23:00,Uttar Pradesh,Lucknow,4.9,5.81,0.43
07-01-2025 05:00,Uttar Pradesh,Prayagraj,2.3,6.42,0.18
12-11-2025 13:00,Bihar,Patna,2.58,4.63,0.66
25-06-2025 05:00,Odisha,Bhubaneswar,8.69,5.72,0.41
17-08-2025 20:00,Gujarat,Rajkot,2.78,5.84,-0.13
23-04-2025 01:00,Karnataka,Kodagu,1.73,6.58,1.39
25-06-2025 20:00,Gujarat,Surat,5.12,5.65,0.01
15-01-2026 05:00,Maharashtra,Mumbai,6.58,6.08,0.6
05-02-2025 01:00,Uttar Pradesh,Prayagraj,7.8,6.65,0.21
06-12-2025 00:00,Bihar,Bhagalpur,1.94,4.44,1.5750000000000002
26-09-2025 05:00,Kerala,Kochi,5.13,5.55,-0.35
09-02-2026 03:00,Kerala,Thrissur,4.36,6.35,-0.29
16-09-2025 07:00,Odisha,Kendrapara,8.4,5.55,0.73
27-04-2025 10:00,Gujarat,Bharuch,2.16,6.67,-0.33
14-11-2025 17:00,Tamil Nadu,Thanjavur,8.09,6.09,0.74
20-12-2025 02:00,Gujarat,Surat,3.81,6.16,0.54
25-11-2025 17:00,Gujarat,Surat,1.67,6.16,1.39
03-10-2025 07:00,Odisha,Bhubaneswar,2.5,4.04,0.65
19-01-2026 02:00,West Bengal,Howrah,8.6,4.92,1.14
10-12-2025 15:00,Tamil Nadu,Thanjavur,1.73,5.4,0.62
28-02-2025 00:00,Gujarat,Bharuch,4.93,5.77,-0.27
22-03-2025 01:00,Kerala,Kochi,1.19,4.93,0.9
20-10-2025 10:00,Karnataka,Mysuru,7.75,4.29,-0.12
31-05-2025 21:00,Bihar,Bhagalpur,1.63,5.83,1.0
22-07-2025 00:00,Bihar,Darbhanga,5.0,6.0,0.4
06-04-2025 11:00,Assam,Barpeta,4.06,6.58,1.17
30-03-2025 21:00,Uttar Pradesh,Kanpur,6.34,6.19,-0.04
23-01-2025 22:00,West Bengal,Murshidabad,6.06,4.33,-0.865
14-03-2025 12:00,Kerala,Kochi,8.54,4.53,0.32
09-08-2025 09:00,West Bengal,Murshidabad,7.12,5.01,-0.79
17-03-2025 17:00,West Bengal,Darjeeling,6.68,4.67,-0.15
15-07-2025 18:00,Assam,Dhemaji,1.65,5.43,0.53
04-08-2025 21:00,Maharashtra,Pune,6.7,6.13,0.18
06-05-2025 18:00,Bihar,Muzaffarpur,8.32,4.28,0.72
01-01-2025 17:00,Bihar,Bhagalpur,5.95,5.44,0.59
15-03-2025 18:00,Bihar,Gaya,7.16,4.43,0.75
20-03-2025 16:00,Gujarat,Surat,8.97,6.6,0.71
31-03-2025 16:00,Maharashtra,Pune,5.62,6.88,1.27
10-03-2025 10:00,Bihar,Darbhanga,7.63,6.81,0.53
23-11-2025 22:00,Bihar,Bhagalpur,4.97,4.07,0.43
24-06-2025 17:00,Kerala,Kozhikode,7.5,6.56,0.59
29-01-2026 00:00,Gujarat,Ahmedabad,3.77,6.25,-0.47
06-01-2026 18:00,Bihar,Bhagalpur,1.39,6.9,0.44
23-01-2025 05:00,Karnataka,Mangaluru,6.63,4.8,0.77
06-01-2025 12:00,Karnataka,Kodagu,1.21,6.13,0.36
18-11-2025 18:00,West Bengal,Darjeeling,8.4,5.27,-0.08
19-12-2025 10:00,Tamil Nadu,Madurai,7.5,5.61,-0.15
10-02-2025 04:00,Tamil Nadu,Thanjavur,6.79,6.59,0.56
30-12-2025 07:00,Odisha,Kendrapara,7.87,6.98,-0.14
25-09-2025 04:00,Karnataka,Udupi,6.13,6.04,0.41
12-12-2025 05:00,Tamil Nadu,Coimbatore,3.41,5.89,-0.51
24-11-2025 05:00,Gujarat,Surat,5.05,6.4,1.04
15-02-2025 15:00,Karnataka,Udupi,1.65,6.88,0.24
16-10-2025 17:00,Bihar,Bhagalpur,5.71,5.37,0.16
21-01-2026 14:00,Karnataka,Bengaluru,2.3,5.12,-0.27
07-03-2025 01:00,Tamil Nadu,Chennai,5.81,6.89,0.47
11-03-2025 14:00,West Bengal,Malda,4.1,4.53,-0.31
11-09-2025 15:00,Gujarat,Surat,5.05,5.81,0.53
05-10-2025 21:00,Uttar Pradesh,Prayagraj,5.91,6.16,-0.28
05-09-2025 05:00,Gujarat,Surat,2.08,5.48,1.13
03-01-2026 21:00,Maharashtra,Nagpur,3.11,6.06,0.28
28-11-2025 01:00,Assam,Guwahati,1.08,4.03,0.39
27-05-2025 04:00,West Bengal,Kolkata,7.94,6.89,0.38
25-03-2025 10:00,Odisha,Cuttack,6.48,5.63,1.13
02-09-2025 10:00,West Bengal,Howrah,8.93,6.86,0.61
08-01-2025 00:00,Odisha,Balasore,3.31,4.31,-0.34
18-04-2025 20:00,Tamil Nadu,Chennai,5.12,5.08,0.4
04-09-2025 01:00,Kerala,Kozhikode,8.19,4.71,0.28
02-02-2026 01:00,Tamil Nadu,Chennai,8.04,6.34,-0.865
24-09-2025 00:00,Assam,Guwahati,6.15,6.45,-0.06
23-11-2025 00:00,Uttar Pradesh,Kanpur,2.59,6.3,0.25
12-02-2026 11:00,Karnataka,Udupi,6.37,6.55,-0.08
12-07-2025 21:00,Uttar Pradesh,Kanpur,4.9,6.72,0.28
23-12-2025 16:00,Odisha,Balasore,6.38,6.41,0.0
23-01-2026 03:00,Gujarat,Bharuch,1.15,5.79,-0.73
14-10-2025 10:00,Gujarat,Ahmedabad,6.53,5.84,-0.23
29-09-2025 17:00,Kerala,Kozhikode,5.51,6.33,0.09
10-01-2026 03:00,Assam,Dhemaji,8.51,6.64,0.32
04-10-2025 23:00,Tamil Nadu,Chennai,2.96,6.58,0.55
14-02-2026 09:00,Assam,Jorhat,3.77,6.49,0.18
09-01-2025 18:00,Karnataka,Mangaluru,6.32,4.58,0.72
08-08-2025 22:00,Maharashtra,Mumbai,6.14,5.04,0.36
21-03-2025 23:00,Gujarat,Surat,6.32,4.11,-0.06
30-01-2025 22:00,Assam,Jorhat,1.57,4.58,-0.09
22-07-2025 20:00,Odisha,Puri,3.9,4.12,0.16
23-11-2025 10:00,Maharashtra,Mumbai,7.42,5.46,0.96
24-02-2025 02:00,Odisha,Cuttack,4.22,6.64,-0.01
19-01-2026 01:00,Karnataka,Bengaluru,2.97,6.33,0.05
12-07-2025 09:00,Assam,Dhemaji,1.88,5.7,0.2
11-05-2025 08:00,Kerala,Alappuzha,5.96,5.51,0.65
13-02-2026 03:00,Odisha,Balasore,8.66,5.1,1.0
15-06-2025 19:00,Karnataka,Mysuru,5.0,6.87,0.59
18-02-2026 12:00,Uttar Pradesh,Varanasi,2.63,4.78,0.64
13-12-2025 13:00,West Bengal,Murshidabad,5.42,6.85,0.83
03-07-2025 01:00,Gujarat,Surat,4.49,6.68,0.32
23-02-2025 15:00,Assam,Jorhat,8.76,4.97,-0.36
01-07-2025 11:00,Gujarat,Vadodara,5.39,5.07,1.24
20-10-2025 05:00,West Bengal,Kolkata,3.64,6.97,0.29
11-06-2025 21:00,Karnataka,Bengaluru,5.22,6.73,-0.14
28-08-2025 13:00,Tamil Nadu,Coimbatore,2.94,4.06,0.46
18-01-2026 01:00,Maharashtra,Nagpur,1.6,6.48,0.1
11-04-2025 07:00,Assam,Barpeta,3.23,5.3,-0.18
25-03-2025 21:00,Maharashtra,Mumbai,4.06,5.6,0.91
03-08-2025 17:00,Maharashtra,Pune,1.24,6.5,0.1
23-12-2025 07:00,Kerala,Kozhikode,7.05,5.88,0.43
02-07-2025 08:00,Karnataka,Mangaluru,2.03,5.95,0.39
03-01-2026 14:00,Maharashtra,Pune,2.84,5.49,0.09
28-06-2025 01:00,Assam,Dhemaji,7.15,5.72,1.01
31-08-2025 17:00,Maharashtra,Mumbai,8.64,6.92,-0.4
07-10-2025 03:00,Karnataka,Mysuru,6.53,5.11,0.52
29-10-2025 19:00,Uttar Pradesh,Kanpur,5.54,4.4,0.3
19-01-2025 17:00,Karnataka,Mysuru,6.64,5.89,0.54
03-04-2025 19:00,Assam,Dibrugarh,2.68,6.6,0.94
28-08-2025 20:00,Uttar Pradesh,Kanpur,3.64,6.48,1.48
03-02-2025 18:00,Karnataka,Mangaluru,4.91,6.71,0.29
24-06-2025 04:00,Kerala,Kottayam,1.63,4.89,0.25
11-01-2026 00:00,Karnataka,Kodagu,3.79,5.3,0.25
15-08-2025 14:00,Tamil Nadu,Chennai,6.37,6.58,0.38
10-11-2025 21:00,Assam,Dibrugarh,5.72,5.04,0.47
23-09-2025 09:00,Uttar Pradesh,Varanasi,7.51,6.8,0.3
17-12-2025 16:00,Gujarat,Vadodara,4.48,5.53,0.53
03-03-2025 13:00,Gujarat,Surat,5.14,6.64,-0.01
16-03-2025 14:00,Maharashtra,Kolhapur,6.38,6.98,0.17
25-03-2025 16:00,Maharashtra,Pune,4.54,4.8,1.16
29-01-2025 10:00,Odisha,Puri,1.77,6.6,0.64
28-04-2025 08:00,Bihar,Bhagalpur,5.63,4.54,0.17
28-01-2026 23:00,Bihar,Darbhanga,3.32,5.53,1.41
07-06-2025 06:00,Bihar,Bhagalpur,3.98,5.6,-0.865
28-09-2025 15:00,Gujarat,Bharuch,2.54,6.03,0.54
05-01-2026 22:00,Karnataka,Udupi,5.93,5.71,-0.34
03-11-2025 17:00,Karnataka,Mysuru,2.41,5.41,-0.72
15-12-2025 14:00,Kerala,Thrissur,1.76,4.97,0.92
08-11-2025 10:00,Kerala,Kochi,7.09,6.26,0.85
02-01-2025 22:00,Kerala,Thrissur,5.04,4.87,0.26
02-01-2025 06:00,Uttar Pradesh,Prayagraj,6.74,6.7,0.26
10-12-2025 18:00,Kerala,Alappuzha,2.79,7.0,1.5750000000000002
16-10-2025 23:00,Kerala,Thrissur,5.76,5.99,0.0
03-03-2025 04:00,Gujarat,Bharuch,5.76,4.65,-0.17
11-03-2025 09:00,Odisha,Balasore,5.59,4.41,0.5
01-03-2025 00:00,Tamil Nadu,Coimbatore,4.65,6.49,-0.19
28-09-2025 00:00,Assam,Jorhat,1.49,6.35,1.09
22-07-2025 04:00,Tamil Nadu,Chennai,1.16,5.92,0.36
13-04-2025 22:00,Tamil Nadu,Thanjavur,4.3,6.84,0.12
02-07-2025 05:00,West Bengal,Kolkata,6.25,4.2,0.59
22-12-2025 04:00,Bihar,Gaya,6.05,6.11,0.05
18-01-2025 21:00,Kerala,Thrissur,8.8,5.44,0.7
07-08-2025 12:00,Bihar,Darbhanga,2.82,5.27,0.57
30-03-2025 07:00,Odisha,Kendrapara,7.18,6.31,-0.18
17-01-2025 01:00,Gujarat,Rajkot,1.23,5.59,0.48
23-03-2025 01:00,Odisha,Cuttack,8.96,5.47,0.3
26-06-2025 00:00,Assam,Jorhat,2.68,6.23,0.52
20-01-2025 17:00,Assam,Dhemaji,5.66,6.27,0.1
30-03-2025 17:00,Kerala,Thrissur,7.31,6.11,-0.43
01-10-2025 04:00,Tamil Nadu,Coimbatore,4.0,4.96,0.37
19-10-2025 14:00,West Bengal,Malda,7.92,6.41,-0.48
13-02-2025 23:00,Odisha,Cuttack,3.43,5.87,0.49
17-05-2025 10:00,Assam,Dibrugarh,2.82,6.75,-0.56
26-07-2025 17:00,Gujarat,Ahmedabad,8.55,4.82,0.22
12-08-2025 11:00,Karnataka,Mysuru,8.86,4.24,0.54
31-08-2025 08:00,Maharashtra,Kolhapur,8.03,4.55,0.61
03-02-2025 19:00,Uttar Pradesh,Lucknow,7.19,4.65,0.49
10-07-2025 13:00,Odisha,Puri,8.64,5.64,0.42
13-09-2025 17:00,Assam,Barpeta,5.36,6.0,0.91
10-04-2025 12:00,Gujarat,Rajkot,5.96,4.92,0.26
07-02-2026 00:00,Odisha,Balasore,8.05,4.98,0.13
17-09-2025 09:00,Kerala,Kozhikode,3.54,6.46,0.28
05-01-2025 15:00,Karnataka,Bengaluru,4.11,4.89,0.58
07-01-2026 05:00,West Bengal,Howrah,8.26,6.96,0.63
14-03-2025 17:00,Bihar,Darbhanga,8.11,6.14,0.43
24-11-2025 03:00,Odisha,Bhubaneswar,4.82,4.43,0.68
02-03-2025 12:00,Karnataka,Udupi,8.6,5.66,-0.66
14-01-2025 07:00,Kerala,Alappuzha,3.97,5.84,0.82
25-12-2025 01:00,West Bengal,Murshidabad,3.52,6.51,0.34
19-05-2025 21:00,Bihar,Muzaffarpur,7.06,4.95,0.01
22-03-2025 02:00,Kerala,Thrissur,5.71,5.65,-0.07
02-09-2025 09:00,Assam,Jorhat,4.38,5.33,0.64
02-02-2026 00:00,Kerala,Kottayam,8.93,4.12,0.61
03-06-2025 13:00,Karnataka,Udupi,4.28,5.9,0.42
28-06-2025 03:00,Assam,Dhemaji,4.73,6.89,0.54
23-07-2025 17:00,Bihar,Darbhanga,2.58,4.79,0.79
06-08-2025 17:00,Tamil Nadu,Thanjavur,6.22,5.02,0.05
08-11-2025 08:00,Tamil Nadu,Coimbatore,5.88,4.87,0.51
31-05-2025 05:00,Maharashtra,Nashik,1.69,4.72,0.36
13-02-2025 20:00,West Bengal,Murshidabad,4.5,5.15,0.34
23-06-2025 04:00,West Bengal,Malda,7.74,5.03,0.53
08-02-2026 04:00,Maharashtra,Mumbai,4.04,5.99,0.85
05-01-2025 03:00,Bihar,Gaya,6.77,6.46,-0.44
09-11-2025 20:00,Kerala,Alappuzha,4.49,4.63,0.05
02-03-2025 16:00,Bihar,Muzaffarpur,4.6,5.97,0.23
17-11-2025 08:00,Gujarat,Ahmedabad,4.83,6.46,0.58
16-06-2025 20:00,West Bengal,Howrah,4.4,4.85,0.22
14-10-2025 02:00,Karnataka,Mangaluru,8.54,6.31,0.47
07-07-2025 21:00,Tamil Nadu,Thanjavur,4.93,4.92,1.26
18-05-2025 11:00,Bihar,Gaya,6.02,4.41,1.5750000000000002
08-06-2025 07:00,Assam,Jorhat,1.24,5.26,0.47
28-06-2025 09:00,Bihar,Darbhanga,3.51,5.06,-0.2
13-01-2026 03:00,Karnataka,Bengaluru,4.12,5.94,0.41
27-09-2025 06:00,Assam,Barpeta,8.77,4.38,0.4
26-11-2025 16:00,Karnataka,Mangaluru,5.98,5.35,0.88
28-02-2025 22:00,Kerala,Kottayam,2.52,5.36,0.04
23-01-2025 12:00,West Bengal,Malda,8.47,4.33,0.79
31-08-2025 07:00,Kerala,Thrissur,7.85,6.57,0.86
08-12-2025 15:00,Karnataka,Kodagu,7.86,5.73,0.61
03-06-2025 08:00,Odisha,Balasore,4.84,6.0,-0.16
01-02-2025 10:00,Assam,Barpeta,8.47,4.84,0.13
24-06-2025 20:00,Kerala,Alappuzha,1.76,6.2,0.73
21-04-2025 10:00,Maharashtra,Nashik,7.19,6.34,0.16
08-07-2025 10:00,West Bengal,Howrah,7.12,6.38,0.73
01-02-2026 15:00,Karnataka,Mysuru,1.37,5.24,0.32
10-05-2025 22:00,Odisha,Bhubaneswar,6.61,5.52,1.11
05-06-2025 08:00,Tamil Nadu,Coimbatore,6.92,4.4,-0.21
11-06-2025 22:00,Kerala,Kozhikode,5.6,5.08,0.43
24-10-2025 03:00,Assam,Dhemaji,8.04,6.84,0.25
03-12-2025 04:00,Karnataka,Mysuru,7.05,4.48,0.74
02-11-2025 05:00,Uttar Pradesh,Prayagraj,3.26,5.93,1.45
20-12-2025 11:00,Kerala,Kozhikode,5.55,5.92,-0.7
01-01-2026 07:00,Maharashtra,Kolhapur,7.38,5.94,0.37
28-09-2025 20:00,Odisha,Bhubaneswar,3.98,5.49,0.41
18-12-2025 02:00,Bihar,Gaya,8.97,4.87,-0.36
28-11-2025 19:00,Tamil Nadu,Thanjavur,4.06,6.05,-0.49
26-01-2025 01:00,West Bengal,Kolkata,8.14,4.52,1.33
21-01-2026 09:00,Tamil Nadu,Chennai,5.22,4.51,0.5
07-01-2026 15:00,Odisha,Bhubaneswar,7.57,4.71,0.56
11-10-2025 22:00,Gujarat,Rajkot,1.51,5.9,0.23
14-08-2025 11:00,Kerala,Kottayam,6.21,4.2,0.53
31-12-2025 11:00,West Bengal,Darjeeling,7.31,5.46,0.29
19-08-2025 02:00,Kerala,Thrissur,2.71,5.8,0.89
13-02-2025 12:00,Gujarat,Ahmedabad,1.46,6.89,-0.09
02-11-2025 14:00,Kerala,Kozhikode,2.08,5.85,-0.16
06-03-2025 21:00,Bihar,Bhagalpur,3.01,6.1,1.13
05-06-2025 19:00,Tamil Nadu,Coimbatore,6.98,5.84,0.28
27-05-2025 18:00,Gujarat,Surat,8.49,6.53,0.69
08-01-2025 12:00,Odisha,Balasore,8.31,4.66,-0.18
30-03-2025 03:00,Bihar,Bhagalpur,7.78,5.39,0.41
12-03-2025 19:00,Assam,Guwahati,7.09,6.67,0.39
27-02-2025 11:00,Odisha,Bhubaneswar,7.51,6.45,-0.55
29-10-2025 05:00,Assam,Guwahati,7.55,6.33,1.02
16-01-2026 23:00,Uttar Pradesh,Gorakhpur,1.16,5.8,0.34
26-01-2025 18:00,Assam,Guwahati,8.75,5.51,0.18
13-05-2025 13:00,Karnataka,Udupi,7.1,4.32,0.56
15-02-2026 11:00,Odisha,Bhubaneswar,3.04,6.75,0.86
08-03-2025 16:00,Karnataka,Mysuru,1.79,6.24,0.46
06-09-2025 11:00,Bihar,Darbhanga,7.19,4.63,0.53
09-03-2025 07:00,Tamil Nadu,Thanjavur,1.72,6.45,0.14
04-09-2025 16:00,Kerala,Kochi,5.81,6.99,0.53
04-02-2026 15:00,Odisha,Cuttack,8.48,6.48,0.2
12-06-2025 03:00,West Bengal,Murshidabad,8.58,4.28,0.04
28-03-2025 19:00,Maharashtra,Pune,5.32,4.86,0.43
10-07-2025 14:00,Kerala,Kozhikode,8.61,4.6,0.22
22-08-2025 02:00,Kerala,Alappuzha,3.85,6.13,0.52
02-08-2025 09:00,Bihar,Patna,4.05,5.19,0.59
11-07-2025 03:00,Maharashtra,Pune,3.1,5.01,0.55
24-07-2025 06:00,West Bengal,Murshidabad,3.32,6.43,0.39
10-12-2025 20:00,West Bengal,Darjeeling,1.8,5.7,0.06
04-09-2025 12:00,Uttar Pradesh,Varanasi,5.0,5.76,0.68
02-08-2025 17:00,Odisha,Cuttack,8.36,4.89,0.73
14-12-2025 06:00,Gujarat,Vadodara,8.06,5.88,0.67
21-03-2025 22:00,Bihar,Darbhanga,4.56,4.85,-0.3
14-12-2025 02:00,Karnataka,Bengaluru,8.17,6.77,-0.3
26-08-2025 19:00,Kerala,Alappuzha,4.65,4.44,0.71
13-08-2025 08:00,West Bengal,Howrah,3.88,6.47,-0.01
22-09-2025 00:00,Tamil Nadu,Tiruppur,2.79,6.67,0.44
27-03-2025 14:00,Uttar Pradesh,Lucknow,6.33,5.47,0.14
14-11-2025 04:00,Assam,Dibrugarh,2.8,6.1,-0.45
19-01-2026 17:00,West Bengal,Howrah,8.06,4.57,0.7
15-06-2025 03:00,Tamil Nadu,Coimbatore,4.22,6.97,0.1
16-02-2025 22:00,Kerala,Thrissur,2.85,6.39,0.96
23-05-2025 20:00,Assam,Guwahati,2.25,4.53,0.45
11-07-2025 17:00,Kerala,Thrissur,7.6,4.59,0.39
05-06-2025 01:00,Maharashtra,Kolhapur,7.2,4.37,-0.02
10-04-2025 13:00,Kerala,Thrissur,1.63,5.52,0.28
25-02-2025 02:00,Karnataka,Bengaluru,1.58,5.84,-0.2
08-03-2025 19:00,Tamil Nadu,Madurai,5.17,4.17,0.82
29-10-2025 00:00,Maharashtra,Pune,7.11,6.27,0.06
06-11-2025 09:00,Uttar Pradesh,Lucknow,6.47,6.97,-0.15
30-06-2025 16:00,West Bengal,Howrah,4.88,5.28,0.65
22-08-2025 01:00,Odisha,Puri,7.48,6.87,-0.26
03-07-2025 19:00,Uttar Pradesh,Prayagraj,7.3,4.27,0.13
02-09-2025 02:00,Kerala,Kochi,6.41,4.07,0.5
25-01-2026 07:00,Odisha,Kendrapara,3.81,4.4,0.15
16-06-2025 07:00,Kerala,Alappuzha,8.61,5.55,-0.15
11-09-2025 07:00,Odisha,Balasore,7.18,6.4,1.31
06-03-2025 23:00,Bihar,Darbhanga,3.7,6.5,0.4
15-07-2025 02:00,Odisha,Bhubaneswar,1.76,4.45,0.17
11-11-2025 21:00,Karnataka,Mangaluru,6.92,5.3,0.84
07-06-2025 04:00,Odisha,Bhubaneswar,6.68,4.46,1.0
01-01-2026 19:00,West Bengal,Murshidabad,6.77,4.11,0.52
25-05-2025 01:00,Maharashtra,Nagpur,8.74,5.24,-0.02
16-12-2025 07:00,Karnataka,Kodagu,8.89,5.27,0.4
26-02-2025 10:00,Gujarat,Bharuch,6.24,4.33,0.5
02-01-2025 21:00,Assam,Jorhat,6.75,5.65,0.46
16-02-2026 08:00,Kerala,Kochi,4.13,6.59,0.07
01-02-2025 04:00,Karnataka,Mysuru,7.94,5.77,0.03
26-11-2025 21:00,Maharashtra,Kolhapur,6.24,5.77,0.32
26-06-2025 17:00,Odisha,Kendrapara,8.53,4.8,0.7
23-08-2025 12:00,Karnataka,Mangaluru,4.67,5.91,0.08
14-07-2025 01:00,Gujarat,Rajkot,6.83,6.83,0.17
26-06-2025 14:00,Kerala,Thrissur,5.21,5.2,0.56
25-05-2025 04:00,Uttar Pradesh,Gorakhpur,1.89,4.98,0.89
04-11-2025 13:00,Assam,Dibrugarh,4.65,5.44,0.56
20-08-2025 05:00,Tamil Nadu,Madurai,6.46,4.07,-0.17
22-10-2025 19:00,Tamil Nadu,Madurai,3.89,6.1,0.57
01-09-2025 06:00,Bihar,Muzaffarpur,2.41,4.42,0.34
04-12-2025 03:00,West Bengal,Howrah,1.83,5.43,0.13
17-08-2025 02:00,Odisha,Puri,5.73,4.95,-0.21
31-05-2025 14:00,Tamil Nadu,Thanjavur,4.46,6.13,0.03
09-11-2025 13:00,Maharashtra,Nagpur,4.93,6.97,0.54
21-10-2025 21:00,Bihar,Darbhanga,4.73,4.54,0.33
03-11-2025 23:00,Karnataka,Bengaluru,6.81,6.49,0.01
01-12-2025 03:00,Gujarat,Vadodara,2.33,4.08,0.71
06-02-2026 14:00,Maharashtra,Mumbai,1.69,4.51,0.22
13-01-2026 07:00,Bihar,Patna,5.43,6.83,-0.06
28-01-2025 16:00,Odisha,Kendrapara,6.02,6.59,0.59
07-04-2025 15:00,West Bengal,Kolkata,1.83,4.33,-0.02
28-05-2025 14:00,Odisha,Balasore,8.97,6.46,0.59
03-06-2025 05:00,Uttar Pradesh,Prayagraj,4.45,6.22,-0.4
04-02-2026 23:00,Kerala,Alappuzha,6.36,6.78,0.88
09-05-2025 19:00,Karnataka,Mysuru,4.82,5.19,0.16
29-01-2025 03:00,Karnataka,Bengaluru,6.51,5.8,0.59
28-12-2025 12:00,Karnataka,Mangaluru,2.5,4.98,0.16
23-07-2025 12:00,Odisha,Puri,7.22,5.03,1.04
03-12-2025 15:00,Maharashtra,Nagpur,1.45,6.43,0.48
23-03-2025 18:00,Assam,Barpeta,1.33,4.66,0.41
18-03-2025 16:00,Gujarat,Ahmedabad,3.37,5.39,0.47
26-10-2025 16:00,Odisha,Puri,5.46,5.3,-0.03
17-02-2026 10:00,West Bengal,Darjeeling,7.8,6.62,-0.05
28-05-2025 10:00,Tamil Nadu,Madurai,1.51,6.61,0.25
01-12-2025 10:00,Odisha,Cuttack,6.91,5.32,1.28
22-07-2025 18:00,Bihar,Muzaffarpur,4.82,5.59,-0.09
23-06-2025 22:00,Bihar,Muzaffarpur,2.3,5.97,0.08
04-12-2025 00:00,Odisha,Cuttack,6.09,4.55,-0.28
02-07-2025 09:00,Bihar,Patna,5.27,6.01,0.12
16-09-2025 19:00,Karnataka,Kodagu,1.2,4.95,-0.07
18-07-2025 14:00,Uttar Pradesh,Kanpur,6.69,6.72,0.95
18-01-2025 03:00,Uttar Pradesh,Lucknow,5.13,4.45,0.16
26-01-2025 13:00,Maharashtra,Mumbai,5.31,6.31,0.3
13-09-2025 06:00,Uttar Pradesh,Lucknow,8.02,4.54,0.33
06-08-2025 02:00,West Bengal,Kolkata,1.48,4.9,0.28
01-03-2025 14:00,Uttar Pradesh,Kanpur,2.86,5.83,0.22
12-04-2025 01:00,Assam,Guwahati,3.74,6.35,0.34
04-01-2026 09:00,Maharashtra,Nashik,3.14,5.46,0.5
09-06-2025 17:00,Tamil Nadu,Coimbatore,2.14,6.39,0.44
16-07-2025 14:00,Karnataka,Kodagu,5.47,4.67,1.09
27-10-2025 09:00,Assam,Dibrugarh,8.64,5.27,0.22
01-03-2025 01:00,Bihar,Muzaffarpur,3.6,6.93,0.38
27-10-2025 23:00,Kerala,Kottayam,4.76,4.84,0.3
26-01-2025 04:00,Odisha,Puri,3.91,6.78,0.32
23-02-2025 00:00,Kerala,Kottayam,6.29,4.75,0.05
15-06-2025 04:00,Kerala,Thrissur,1.98,4.85,-0.4
23-09-2025 07:00,Gujarat,Bharuch,8.58,5.6,-0.5
31-12-2025 10:00,Karnataka,Bengaluru,2.12,4.08,0.83
11-01-2025 07:00,Bihar,Muzaffarpur,4.67,4.2,0.8
20-01-2026 10:00,Maharashtra,Mumbai,3.92,6.43,-0.36
24-03-2025 14:00,Tamil Nadu,Thanjavur,3.13,4.84,0.44
29-04-2025 03:00,Odisha,Bhubaneswar,1.89,6.05,0.74
12-08-2025 23:00,Kerala,Kozhikode,8.99,4.78,0.27
09-01-2025 07:00,West Bengal,Darjeeling,7.76,6.15,0.3
21-01-2025 05:00,Karnataka,Udupi,5.31,4.54,0.2
11-09-2025 11:00,West Bengal,Kolkata,3.97,4.25,-0.61
09-01-2026 04:00,Odisha,Balasore,4.89,6.96,-0.1
19-01-2025 23:00,Gujarat,Surat,3.01,4.6,-0.27
13-02-2026 06:00,Assam,Dibrugarh,7.03,5.83,1.16
03-01-2026 18:00,Uttar Pradesh,Gorakhpur,8.8,4.55,-0.21
29-09-2025 11:00,Maharashtra,Nashik,6.47,5.57,-0.43
13-03-2025 17:00,Odisha,Puri,7.14,6.14,0.53
21-10-2025 18:00,Karnataka,Kodagu,8.91,4.16,0.82
23-09-2025 22:00,Bihar,Bhagalpur,2.87,4.57,0.98
07-12-2025 05:00,Uttar Pradesh,Lucknow,3.71,5.02,-0.04
29-08-2025 07:00,Gujarat,Bharuch,7.12,5.27,0.29
31-08-2025 01:00,Odisha,Balasore,2.22,6.63,0.29
12-07-2025 18:00,Karnataka,Mysuru,7.29,5.06,1.11
05-02-2025 22:00,Gujarat,Surat,3.44,5.41,0.63
29-03-2025 06:00,Uttar Pradesh,Varanasi,8.89,4.51,0.68
09-02-2025 11:00,West Bengal,Kolkata,8.54,6.84,0.54
24-08-2025 01:00,Karnataka,Kodagu,1.99,4.4,0.68
02-03-2025 04:00,Gujarat,Vadodara,4.35,6.05,0.65
23-02-2025 08:00,Tamil Nadu,Madurai,6.53,6.25,0.2
10-05-2025 14:00,Kerala,Kottayam,6.52,4.92,0.35
09-01-2026 00:00,Gujarat,Rajkot,2.33,5.15,1.43
14-11-2025 01:00,Tamil Nadu,Tiruppur,2.85,6.64,0.48
02-08-2025 23:00,West Bengal,Malda,7.03,5.04,0.39
06-05-2025 16:00,Uttar Pradesh,Lucknow,4.09,4.04,0.07
06-04-2025 22:00,Kerala,Kochi,2.31,5.81,0.06
25-03-2025 12:00,Tamil Nadu,Madurai,7.57,5.0,0.07
10-07-2025 20:00,Kerala,Kochi,2.77,6.03,0.4
29-12-2025 16:00,Maharashtra,Nashik,5.12,5.53,-0.42
11-02-2025 21:00,Bihar,Bhagalpur,2.82,5.75,0.41
03-08-2025 02:00,Kerala,Kochi,4.66,4.19,0.09
29-06-2025 21:00,Karnataka,Kodagu,6.09,6.59,0.22
01-10-2025 06:00,Maharashtra,Pune,3.37,6.92,0.16
02-07-2025 19:00,Bihar,Patna,8.96,6.59,0.38
30-03-2025 20:00,Kerala,Thrissur,7.69,5.0,-0.85
27-06-2025 17:00,Assam,Guwahati,7.58,4.57,0.98
27-03-2025 17:00,Uttar Pradesh,Lucknow,5.08,5.56,-0.18
13-08-2025 10:00,Bihar,Gaya,6.96,6.16,0.29
10-01-2025 13:00,Uttar Pradesh,Prayagraj,5.5,5.9,-0.08
01-05-2025 09:00,Uttar Pradesh,Lucknow,8.36,6.81,1.19
06-07-2025 08:00,Odisha,Cuttack,8.16,4.42,0.61
10-09-2025 16:00,West Bengal,Malda,7.58,6.87,0.75
27-11-2025 04:00,West Bengal,Malda,7.32,6.35,0.48
15-11-2025 17:00,Karnataka,Kodagu,6.85,4.38,0.48
16-12-2025 05:00,Bihar,Patna,7.73,5.19,0.36
09-01-2025 17:00,Karnataka,Udupi,8.02,5.93,1.19
25-04-2025 22:00,Odisha,Kendrapara,8.03,5.32,0.48
19-12-2025 23:00,Maharashtra,Mumbai,7.82,5.21,0.24
03-05-2025 20:00,Odisha,Cuttack,6.48,6.96,-0.28
24-10-2025 12:00,Maharashtra,Nagpur,3.27,6.21,-0.04
21-09-2025 18:00,Odisha,Cuttack,7.99,5.94,1.5750000000000002
14-03-2025 00:00,Uttar Pradesh,Prayagraj,3.44,4.21,-0.66
24-06-2025 00:00,Maharashtra,Kolhapur,5.19,5.17,0.28
15-01-2025 01:00,Uttar Pradesh,Gorakhpur,1.36,6.98,0.31
27-07-2025 16:00,Bihar,Muzaffarpur,2.77,6.06,0.43
14-10-2025 14:00,Karnataka,Mangaluru,1.08,6.54,1.04
30-10-2025 00:00,Kerala,Alappuzha,6.8,4.73,0.78
19-12-2025 04:00,Odisha,Kendrapara,4.56,5.11,-0.38
21-02-2025 02:00,Karnataka,Mangaluru,3.42,4.51,0.5
14-11-2025 00:00,Assam,Dibrugarh,1.36,4.71,-0.79
12-10-2025 11:00,Karnataka,Kodagu,6.43,6.48,0.24
28-05-2025 12:00,Kerala,Kottayam,8.11,5.76,0.19
02-09-2025 12:00,Assam,Jorhat,2.02,5.49,-0.27
29-03-2025 23:00,Gujarat,Ahmedabad,2.65,4.54,0.28
23-04-2025 03:00,Odisha,Bhubaneswar,8.66,4.83,1.01
26-10-2025 01:00,Odisha,Balasore,7.8,4.24,0.92
04-06-2025 11:00,West Bengal,Darjeeling,6.17,4.76,0.17
12-02-2025 09:00,Odisha,Kendrapara,8.68,5.21,0.83
21-12-2025 15:00,Kerala,Kochi,3.95,5.14,0.41
27-04-2025 23:00,Uttar Pradesh,Lucknow,5.79,6.73,1.16
28-07-2025 23:00,West Bengal,Howrah,8.73,6.32,0.5
22-03-2025 08:00,Gujarat,Ahmedabad,5.88,5.83,0.58
15-01-2025 14:00,Odisha,Kendrapara,4.66,4.92,0.71
04-08-2025 13:00,Tamil Nadu,Coimbatore,7.23,4.28,0.67
24-06-2025 16:00,Gujarat,Rajkot,1.94,4.51,-0.36
22-03-2025 14:00,Gujarat,Bharuch,8.36,4.09,0.52
15-10-2025 13:00,Bihar,Bhagalpur,5.19,6.36,0.6
20-07-2025 23:00,Uttar Pradesh,Prayagraj,8.4,5.53,0.11
24-01-2025 12:00,Odisha,Kendrapara,4.81,6.17,0.14
07-03-2025 22:00,West Bengal,Darjeeling,8.92,6.34,0.61
15-07-2025 14:00,Gujarat,Surat,4.2,6.11,1.0
01-04-2025 15:00,Karnataka,Bengaluru,5.65,4.53,0.88
20-10-2025 20:00,Tamil Nadu,Coimbatore,5.68,5.46,0.59
23-07-2025 08:00,Kerala,Kozhikode,3.55,5.88,-0.17
03-04-2025 20:00,Gujarat,Vadodara,7.33,5.15,0.72
16-02-2025 11:00,Karnataka,Kodagu,5.35,4.91,0.42
11-05-2025 06:00,Karnataka,Mangaluru,5.54,4.46,-0.27
28-05-2025 16:00,Gujarat,Ahmedabad,6.91,6.39,0.59
30-07-2025 08:00,Uttar Pradesh,Prayagraj,1.15,5.12,0.26
08-11-2025 12:00,Odisha,Balasore,2.76,6.82,-0.03
04-02-2025 05:00,Uttar Pradesh,Kanpur,2.09,5.33,0.75
30-09-2025 04:00,Uttar Pradesh,Gorakhpur,6.56,4.97,0.44
05-04-2025 16:00,Odisha,Kendrapara,2.94,4.94,0.48
20-08-2025 01:00,West Bengal,Murshidabad,4.2,5.89,-0.05
04-01-2025 09:00,Uttar Pradesh,Prayagraj,1.36,5.06,1.44
25-02-2025 03:00,Kerala,Kottayam,8.57,4.24,0.39
27-01-2026 21:00,Tamil Nadu,Chennai,2.19,4.09,1.5750000000000002
09-03-2025 06:00,Tamil Nadu,Madurai,1.65,5.79,0.9
04-02-2025 15:00,Tamil Nadu,Tiruppur,7.8,4.68,0.96
11-06-2025 19:00,Karnataka,Bengaluru,6.76,4.05,-0.14
27-12-2025 01:00,Gujarat,Ahmedabad,7.57,6.46,0.89
06-07-2025 00:00,West Bengal,Kolkata,3.41,4.68,0.28
11-08-2025 11:00,Maharashtra,Nashik,2.68,4.77,0.41
03-12-2025 02:00,Gujarat,Ahmedabad,5.21,4.05,0.61
10-03-2025 17:00,Gujarat,Bharuch,5.64,5.6,0.78
19-06-2025 09:00,West Bengal,Malda,2.61,6.27,0.01
07-02-2026 17:00,Uttar Pradesh,Varanasi,6.38,4.92,0.39
07-05-2025 14:00,Kerala,Kozhikode,1.54,4.98,0.72
19-05-2025 08:00,Gujarat,Rajkot,8.41,4.98,1.05
25-10-2025 15:00,Kerala,Kottayam,2.69,6.33,0.12
15-10-2025 01:00,Gujarat,Vadodara,6.48,5.59,0.59
01-08-2025 04:00,Gujarat,Ahmedabad,5.08,6.07,0.22
05-06-2025 00:00,Tamil Nadu,Coimbatore,8.68,4.67,1.17
11-04-2025 23:00,Karnataka,Udupi,8.13,4.61,-0.26
01-02-2025 05:00,Assam,Barpeta,1.85,5.3,0.19
08-08-2025 15:00,Bihar,Patna,8.65,5.83,0.44
09-04-2025 21:00,Odisha,Bhubaneswar,7.78,6.8,1.07
15-07-2025 13:00,Bihar,Darbhanga,8.57,5.52,1.23
16-02-2026 15:00,Odisha,Balasore,7.79,6.06,0.91
15-12-2025 18:00,Kerala,Kochi,1.53,5.47,0.91
01-11-2025 23:00,West Bengal,Kolkata,7.37,4.78,0.3
02-07-2025 00:00,Maharashtra,Mumbai,2.6,4.45,0.0
10-10-2025 17:00,Odisha,Puri,4.82,6.82,0.44
05-11-2025 09:00,Gujarat,Surat,1.09,5.85,0.45
17-02-2025 11:00,Odisha,Kendrapara,5.33,6.5,0.38
14-11-2025 23:00,West Bengal,Kolkata,8.11,6.84,0.55
03-04-2025 23:00,Maharashtra,Nashik,4.01,5.96,-0.12
01-04-2025 04:00,Uttar Pradesh,Prayagraj,8.43,4.09,0.38
06-08-2025 09:00,Assam,Jorhat,7.78,4.92,0.22
29-01-2026 12:00,Gujarat,Vadodara,6.06,4.47,0.65
20-01-2026 21:00,Assam,Dibrugarh,4.27,6.53,0.13
10-07-2025 01:00,Bihar,Darbhanga,5.78,5.35,0.23
07-03-2025 10:00,Gujarat,Rajkot,3.73,5.59,0.12
08-01-2025 04:00,Assam,Guwahati,7.1,4.41,0.33
26-10-2025 11:00,Gujarat,Surat,4.27,5.25,0.51
28-03-2025 23:00,Odisha,Bhubaneswar,8.59,6.8,0.67
14-07-2025 11:00,Bihar,Patna,5.6,4.72,1.03
10-07-2025 05:00,Odisha,Kendrapara,8.62,4.0,-0.19
23-10-2025 09:00,Maharashtra,Nagpur,2.47,5.87,0.95
01-10-2025 17:00,Odisha,Kendrapara,4.2,5.51,0.51
19-07-2025 07:00,Maharashtra,Nagpur,5.8,4.74,0.01
22-04-2025 20:00,Assam,Guwahati,3.66,4.86,0.55
18-03-2025 08:00,Uttar Pradesh,Gorakhpur,5.49,5.18,0.83
23-12-2025 02:00,Gujarat,Rajkot,1.4,6.16,0.02
31-07-2025 01:00,Tamil Nadu,Madurai,2.62,4.9,0.28
16-01-2026 10:00,Gujarat,Ahmedabad,8.65,5.58,1.11
25-01-2026 19:00,Odisha,Puri,6.76,5.0,0.07
03-07-2025 20:00,Bihar,Patna,6.16,4.59,0.55
28-10-2025 07:00,Odisha,Kendrapara,2.84,6.77,0.3
17-02-2026 02:00,Maharashtra,Nagpur,2.67,6.21,-0.61
04-02-2025 18:00,Assam,Dhemaji,7.01,5.26,0.39
12-10-2025 05:00,Karnataka,Bengaluru,2.71,6.46,0.59
07-06-2025 13:00,Karnataka,Bengaluru,2.12,4.71,0.42
11-01-2026 12:00,Maharashtra,Pune,1.57,4.47,0.53
09-11-2025 11:00,West Bengal,Howrah,7.54,6.63,0.71
23-05-2025 16:00,Kerala,Kozhikode,4.64,5.03,0.54
03-01-2025 17:00,Gujarat,Rajkot,7.69,5.05,0.06
04-05-2025 11:00,Tamil Nadu,Coimbatore,4.2,4.96,0.14
25-08-2025 05:00,Bihar,Muzaffarpur,2.21,5.38,0.22
09-01-2026 10:00,Uttar Pradesh,Prayagraj,2.88,4.86,0.56
15-01-2025 18:00,Gujarat,Bharuch,8.61,4.65,0.24
07-12-2025 11:00,Odisha,Bhubaneswar,8.12,6.28,0.52
17-06-2025 22:00,Maharashtra,Mumbai,8.97,5.54,-0.09
22-12-2025 14:00,Assam,Guwahati,2.73,4.02,0.28
02-06-2025 03:00,Karnataka,Udupi,3.69,4.87,0.57
08-10-2025 19:00,Bihar,Muzaffarpur,3.05,5.66,0.97
18-05-2025 09:00,Bihar,Patna,1.76,4.87,-0.25
21-06-2025 23:00,Tamil Nadu,Chennai,3.65,4.07,0.29
02-12-2025 03:00,Tamil Nadu,Thanjavur,4.05,5.53,0.5
18-07-2025 15:00,Kerala,Thrissur,1.17,4.86,0.27
20-01-2025 16:00,Gujarat,Rajkot,7.77,5.33,0.77
06-06-2025 17:00,Maharashtra,Mumbai,6.7,5.61,0.42
26-12-2025 01:00,Kerala,Kochi,2.11,4.96,0.13
29-05-2025 14:00,Odisha,Puri,2.71,4.77,0.99
26-04-2025 00:00,Karnataka,Kodagu,6.06,6.94,0.41
06-02-2025 04:00,Maharashtra,Mumbai,4.62,4.72,-0.29
26-01-2026 22:00,Uttar Pradesh,Prayagraj,2.7,5.02,0.57
29-12-2025 00:00,Karnataka,Mangaluru,8.97,6.11,0.14
18-06-2025 20:00,Gujarat,Vadodara,2.06,4.29,0.92
13-09-2025 10:00,Tamil Nadu,Chennai,5.65,6.11,-0.09
16-05-2025 04:00,Bihar,Darbhanga,6.34,4.54,-0.16
21-07-2025 18:00,Karnataka,Bengaluru,4.06,4.57,1.03
24-01-2026 18:00,Tamil Nadu,Madurai,7.75,4.82,-0.64
24-08-2025 00:00,Kerala,Alappuzha,2.52,5.41,0.33
29-08-2025 20:00,Gujarat,Ahmedabad,2.28,5.82,0.78
22-12-2025 20:00,Tamil Nadu,Madurai,3.22,6.48,0.59
14-02-2025 19:00,Bihar,Gaya,7.3,4.0,-0.46
04-05-2025 05:00,Kerala,Alappuzha,8.4,4.68,1.1
09-10-2025 08:00,Tamil Nadu,Tiruppur,3.43,4.71,0.41
27-12-2025 17:00,Kerala,Kochi,8.9,6.19,-0.01
31-10-2025 00:00,Uttar Pradesh,Prayagraj,7.05,6.35,0.07
18-07-2025 07:00,Gujarat,Surat,2.46,4.11,1.05
22-07-2025 14:00,Kerala,Kochi,2.88,6.86,-0.11
20-10-2025 17:00,Gujarat,Bharuch,5.34,4.15,0.35
15-11-2025 15:00,Tamil Nadu,Coimbatore,2.82,4.43,0.5
26-10-2025 09:00,Odisha,Bhubaneswar,8.82,6.52,1.1
04-01-2025 01:00,Assam,Guwahati,3.33,5.99,0.45
24-07-2025 05:00,Maharashtra,Pune,2.61,6.78,1.06
02-07-2025 07:00,West Bengal,Murshidabad,7.11,4.38,0.0
07-10-2025 02:00,Karnataka,Bengaluru,2.02,5.64,-0.12
13-02-2026 13:00,Gujarat,Ahmedabad,5.37,5.88,0.14
15-02-2025 21:00,Karnataka,Mysuru,4.69,4.21,0.69
02-02-2026 09:00,Kerala,Kottayam,6.18,6.82,0.51
15-11-2025 23:00,Kerala,Kottayam,4.78,5.77,0.17
07-08-2025 03:00,West Bengal,Kolkata,7.91,5.89,-0.25
04-08-2025 05:00,Odisha,Bhubaneswar,3.09,5.75,0.55
05-01-2025 22:00,Odisha,Kendrapara,7.03,5.13,0.72
26-03-2025 06:00,West Bengal,Murshidabad,8.18,5.97,0.5
16-02-2026 21:00,Kerala,Alappuzha,7.32,6.9,0.52
20-04-2025 22:00,Tamil Nadu,Coimbatore,3.71,6.14,0.33
26-03-2025 18:00,Karnataka,Bengaluru,1.59,5.51,0.19
17-04-2025 20:00,Assam,Dibrugarh,5.69,6.78,0.62
28-12-2025 01:00,Uttar Pradesh,Gorakhpur,5.08,5.24,0.68
28-05-2025 15:00,Bihar,Gaya,3.05,6.38,0.93
20-02-2025 19:00,Gujarat,Bharuch,3.32,6.38,-0.19
09-02-2026 18:00,Assam,Jorhat,6.48,5.91,0.71
07-10-2025 15:00,Tamil Nadu,Tiruppur,1.05,6.43,0.79
01-05-2025 23:00,Maharashtra,Pune,2.98,4.29,0.28
07-05-2025 02:00,Kerala,Kozhikode,1.49,6.48,0.23
15-04-2025 14:00,Odisha,Puri,2.23,4.83,-0.69
25-06-2025 01:00,Uttar Pradesh,Prayagraj,5.25,4.3,0.07
14-05-2025 15:00,Assam,Dhemaji,3.46,6.92,-0.02
07-07-2025 01:00,Odisha,Kendrapara,4.51,4.62,0.92
25-04-2025 19:00,Maharashtra,Mumbai,4.98,6.52,0.75
06-01-2026 09:00,Tamil Nadu,Tiruppur,6.33,5.74,-0.22
08-01-2025 09:00,Kerala,Kozhikode,3.59,4.66,-0.21
10-03-2025 11:00,Kerala,Kozhikode,6.26,4.98,0.44
23-01-2026 04:00,Maharashtra,Nagpur,6.68,5.82,0.78
27-05-2025 14:00,Uttar Pradesh,Kanpur,1.81,4.14,1.05
27-02-2025 06:00,Maharashtra,Kolhapur,4.5,6.6,0.76
13-03-2025 16:00,Maharashtra,Pune,2.39,6.24,1.0
16-06-2025 11:00,Gujarat,Rajkot,2.22,5.04,0.16
03-06-2025 16:00,Maharashtra,Kolhapur,4.15,5.23,0.69
05-04-2025 08:00,Karnataka,Mangaluru,2.24,6.3,1.15
04-01-2025 15:00,Tamil Nadu,Thanjavur,6.18,5.53,0.14
29-04-2025 16:00,Uttar Pradesh,Lucknow,8.47,4.33,0.79
28-12-2025 23:00,Uttar Pradesh,Prayagraj,1.59,6.63,0.85
17-01-2025 19:00,Assam,Guwahati,1.89,5.18,-0.04
17-02-2026 12:00,Kerala,Thrissur,2.34,4.8,0.81
19-06-2025 21:00,Maharashtra,Nashik,1.86,4.4,0.67
12-10-2025 19:00,Bihar,Patna,7.11,4.65,0.22
30-09-2025 09:00,Maharashtra,Pune,3.5,5.45,0.24
13-04-2025 08:00,West Bengal,Kolkata,4.36,6.98,0.69
25-04-2025 15:00,Bihar,Bhagalpur,2.69,6.94,0.19
03-04-2025 06:00,Gujarat,Vadodara,3.22,4.06,0.19
12-02-2025 19:00,West Bengal,Kolkata,2.78,5.54,-0.19
09-02-2026 07:00,Tamil Nadu,Madurai,3.58,6.68,0.54
01-03-2025 05:00,Bihar,Patna,3.37,5.2,0.48
12-04-2025 12:00,Maharashtra,Kolhapur,8.16,6.08,0.86
28-06-2025 05:00,Kerala,Kochi,8.39,4.29,-0.25
05-02-2026 09:00,Maharashtra,Pune,4.92,4.05,0.44
23-02-2025 06:00,Uttar Pradesh,Kanpur,7.62,6.17,0.95
17-09-2025 04:00,Kerala,Kottayam,1.72,4.8,0.26
24-07-2025 11:00,Maharashtra,Pune,1.68,6.28,-0.34
31-07-2025 00:00,Bihar,Patna,7.85,6.39,1.05
24-03-2025 10:00,Assam,Guwahati,2.3,4.89,-0.04
14-02-2025 05:00,Tamil Nadu,Chennai,5.66,6.3,-0.37
28-07-2025 22:00,Assam,Dibrugarh,3.36,6.42,0.33
08-07-2025 23:00,West Bengal,Darjeeling,5.44,5.77,0.23
19-10-2025 09:00,Karnataka,Mysuru,4.94,6.52,0.74
21-01-2026 13:00,Maharashtra,Mumbai,7.58,6.34,0.13
04-03-2025 14:00,Maharashtra,Nashik,8.59,4.53,0.84
24-12-2025 00:00,Gujarat,Rajkot,8.63,5.01,0.12
24-01-2026 02:00,Karnataka,Mysuru,8.02,6.96,0.46
04-01-2026 04:00,Maharashtra,Pune,4.33,5.19,0.07
07-01-2026 16:00,Gujarat,Vadodara,2.26,6.09,0.47
24-07-2025 22:00,Tamil Nadu,Coimbatore,3.88,4.71,0.03
29-01-2025 06:00,Tamil Nadu,Madurai,3.09,5.2,0.81
31-07-2025 12:00,Tamil Nadu,Chennai,7.82,5.34,-0.27
03-12-2025 00:00,Kerala,Kozhikode,5.27,5.99,0.78
12-11-2025 08:00,Assam,Dhemaji,5.48,4.59,0.71
05-01-2025 06:00,Odisha,Bhubaneswar,6.44,5.98,1.15
09-02-2025 21:00,Odisha,Puri,7.34,6.7,0.09
23-12-2025 12:00,Tamil Nadu,Madurai,7.78,5.51,0.99
07-06-2025 17:00,West Bengal,Murshidabad,7.67,5.65,-0.865
06-02-2026 06:00,Karnataka,Kodagu,5.99,5.75,-0.23
26-10-2025 21:00,Maharashtra,Mumbai,8.47,5.77,-0.865
18-06-2025 11:00,Maharashtra,Mumbai,2.44,6.09,1.13
21-04-2025 08:00,West Bengal,Darjeeling,5.38,5.11,0.65
08-09-2025 00:00,Karnataka,Udupi,4.65,6.37,-0.26
27-11-2025 07:00,Karnataka,Mysuru,3.14,4.83,-0.3
28-04-2025 18:00,Uttar Pradesh,Prayagraj,5.68,5.84,0.72
20-06-2025 14:00,Gujarat,Rajkot,7.07,5.5,0.6
20-11-2025 22:00,Kerala,Alappuzha,1.97,5.51,0.12
21-01-2026 18:00,West Bengal,Howrah,1.7,4.76,0.09
05-12-2025 01:00,West Bengal,Malda,3.93,5.56,0.7
18-07-2025 20:00,Gujarat,Vadodara,3.52,6.04,-0.43
23-03-2025 03:00,West Bengal,Darjeeling,5.07,5.64,0.26
12-09-2025 13:00,Gujarat,Surat,2.19,6.4,-0.42
06-04-2025 19:00,Bihar,Patna,1.97,5.77,0.55
23-11-2025 20:00,Maharashtra,Pune,5.07,5.87,-0.13
02-07-2025 14:00,West Bengal,Malda,2.54,6.76,0.56
15-08-2025 01:00,Bihar,Gaya,3.71,6.31,-0.15
10-10-2025 03:00,Bihar,Gaya,1.69,6.34,0.7
24-12-2025 10:00,Assam,Barpeta,3.07,4.1,0.07
28-06-2025 19:00,West Bengal,Darjeeling,5.59,5.77,1.03
23-01-2025 00:00,Gujarat,Surat,1.57,6.6,0.26
21-02-2025 09:00,Bihar,Muzaffarpur,8.15,4.02,0.82
02-02-2025 11:00,Gujarat,Bharuch,4.97,4.05,0.53
02-09-2025 03:00,Tamil Nadu,Tiruppur,2.58,5.15,0.78
08-05-2025 11:00,West Bengal,Darjeeling,1.88,4.55,0.58
24-12-2025 19:00,West Bengal,Kolkata,4.45,5.78,0.48
19-03-2025 12:00,Uttar Pradesh,Gorakhpur,7.51,5.21,0.22
18-12-2025 14:00,Tamil Nadu,Thanjavur,7.22,6.59,0.59
05-11-2025 11:00,Kerala,Kochi,7.35,5.51,0.71
13-07-2025 07:00,Karnataka,Mysuru,7.64,4.3,0.22
27-06-2025 02:00,Assam,Dibrugarh,1.89,4.01,-0.67
25-03-2025 00:00,Uttar Pradesh,Lucknow,5.59,4.3,-0.06
04-11-2025 11:00,Tamil Nadu,Coimbatore,4.36,4.73,0.15
01-11-2025 09:00,Kerala,Thrissur,2.17,6.04,0.07
09-08-2025 23:00,Uttar Pradesh,Varanasi,2.1,5.7,1.09
08-12-2025 08:00,Odisha,Kendrapara,8.66,5.7,0.47
07-11-2025 07:00,Kerala,Kochi,2.83,5.16,-0.08
13-04-2025 23:00,Uttar Pradesh,Kanpur,7.37,5.1,0.29
27-10-2025 21:00,Assam,Guwahati,2.34,4.8,-0.14
10-08-2025 08:00,Karnataka,Bengaluru,5.51,6.03,0.12
12-01-2026 11:00,Karnataka,Udupi,8.67,4.2,0.84
28-02-2025 04:00,Uttar Pradesh,Lucknow,5.7,5.23,-0.02
16-06-2025 18:00,Kerala,Kottayam,1.45,4.97,0.66
12-08-2025 19:00,Maharashtra,Pune,2.01,6.19,0.24
15-05-2025 19:00,Kerala,Kozhikode,5.85,6.63,0.63
13-02-2025 10:00,Maharashtra,Pune,3.0,6.12,0.7
18-05-2025 10:00,Kerala,Kozhikode,3.64,6.22,0.41
30-10-2025 08:00,Maharashtra,Kolhapur,1.6,4.67,1.44
11-01-2025 17:00,Karnataka,Udupi,5.81,4.93,0.0
31-10-2025 14:00,Gujarat,Surat,6.97,4.47,0.43
26-12-2025 00:00,Gujarat,Ahmedabad,3.86,4.25,0.22
22-11-2025 16:00,Maharashtra,Pune,4.01,4.5,-0.2
01-09-2025 11:00,Bihar,Bhagalpur,5.48,5.13,0.92
29-03-2025 01:00,Kerala,Alappuzha,4.11,4.91,0.28
17-11-2025 22:00,Gujarat,Rajkot,8.14,6.4,0.97
21-01-2025 23:00,Maharashtra,Mumbai,1.94,5.84,-0.3
08-08-2025 09:00,Maharashtra,Pune,6.31,5.6,0.27
03-01-2026 06:00,Odisha,Balasore,2.75,5.52,0.79
26-02-2025 01:00,Kerala,Kozhikode,8.11,6.09,0.62
19-12-2025 07:00,Karnataka,Mangaluru,1.24,6.58,-0.46
30-07-2025 06:00,Kerala,Thrissur,5.04,4.74,0.83
04-04-2025 16:00,Kerala,Kottayam,3.33,4.41,0.14
27-07-2025 13:00,Bihar,Bhagalpur,7.42,4.07,1.03
16-01-2025 12:00,Maharashtra,Kolhapur,7.02,5.72,0.06
19-12-2025 06:00,West Bengal,Darjeeling,7.22,5.07,0.85
21-05-2025 10:00,Bihar,Gaya,7.26,5.32,0.52
25-03-2025 14:00,Bihar,Gaya,3.99,5.6,-0.06
02-06-2025 08:00,Bihar,Patna,1.57,4.61,0.32
13-12-2025 23:00,West Bengal,Kolkata,8.02,6.16,0.72
10-11-2025 09:00,Odisha,Bhubaneswar,2.79,5.9,-0.23
16-06-2025 17:00,Assam,Dhemaji,4.49,6.92,0.21
11-09-2025 00:00,Uttar Pradesh,Prayagraj,2.97,4.2,0.09
31-12-2025 00:00,Bihar,Bhagalpur,3.29,6.63,0.02
11-02-2025 13:00,Bihar,Patna,4.32,6.02,-0.16
07-12-2025 19:00,Odisha,Kendrapara,4.28,6.99,0.94
18-05-2025 02:00,Gujarat,Surat,4.38,4.39,0.33
19-02-2025 00:00,Uttar Pradesh,Gorakhpur,6.43,6.84,-0.38
23-01-2025 23:00,Karnataka,Mangaluru,4.59,4.85,0.2
01-02-2025 00:00,Karnataka,Bengaluru,4.22,5.89,0.66
28-10-2025 23:00,Karnataka,Kodagu,8.41,6.74,-0.07
09-07-2025 18:00,Maharashtra,Kolhapur,2.85,5.46,0.21
30-04-2025 03:00,Uttar Pradesh,Gorakhpur,6.26,6.27,-0.13
03-01-2026 12:00,Tamil Nadu,Tiruppur,5.91,5.64,0.24
25-05-2025 03:00,Bihar,Darbhanga,7.14,6.64,0.8
24-04-2025 12:00,West Bengal,Darjeeling,8.14,4.03,0.66
13-10-2025 07:00,Maharashtra,Mumbai,1.37,5.28,0.87
14-11-2025 07:00,Uttar Pradesh,Prayagraj,2.01,4.48,0.18
11-11-2025 11:00,Uttar Pradesh,Varanasi,1.15,4.41,-0.08
18-01-2026 06:00,Maharashtra,Nashik,5.56,6.87,0.28
24-09-2025 09:00,Kerala,Alappuzha,1.08,6.62,0.3
12-08-2025 06:00,Maharashtra,Pune,7.86,5.82,0.76
31-01-2026 08:00,Bihar,Bhagalpur,5.66,4.04,0.92
04-05-2025 16:00,Kerala,Kozhikode,7.21,5.03,0.04
29-01-2025 21:00,Uttar Pradesh,Prayagraj,2.61,4.62,0.59
16-04-2025 13:00,Bihar,Patna,3.88,4.67,0.16
24-09-2025 15:00,Gujarat,Vadodara,1.34,5.82,0.62
10-02-2025 22:00,Karnataka,Kodagu,2.95,5.59,0.0
12-08-2025 12:00,Maharashtra,Nashik,1.93,5.17,0.72
04-01-2025 07:00,Uttar Pradesh,Gorakhpur,4.52,6.3,0.46
18-06-2025 21:00,Gujarat,Vadodara,4.73,6.56,0.13
18-09-2025 18:00,Karnataka,Mysuru,1.18,4.96,-0.11
04-02-2026 00:00,West Bengal,Howrah,5.38,4.41,-0.07
12-01-2026 01:00,Uttar Pradesh,Lucknow,4.79,4.14,0.7
10-05-2025 11:00,Karnataka,Mysuru,3.48,5.28,0.56
31-05-2025 01:00,Kerala,Alappuzha,1.9,5.35,0.23
11-09-2025 01:00,Uttar Pradesh,Prayagraj,7.03,4.59,0.76
05-12-2025 14:00,Maharashtra,Nashik,3.84,6.28,0.41
31-03-2025 06:00,Uttar Pradesh,Varanasi,7.23,4.49,0.27
20-09-2025 22:00,Karnataka,Udupi,2.85,6.09,0.16
05-04-2025 12:00,Assam,Barpeta,7.41,4.44,0.41
19-01-2025 13:00,Kerala,Kottayam,6.96,6.17,0.38
23-07-2025 11:00,Assam,Jorhat,4.59,4.82,0.42
06-07-2025 02:00,Bihar,Muzaffarpur,7.88,4.14,-0.34
12-01-2026 02:00,Kerala,Alappuzha,4.84,4.57,0.79
04-10-2025 08:00,Tamil Nadu,Tiruppur,6.33,4.97,0.84
19-05-2025 04:00,Bihar,Gaya,4.85,4.7,0.34
12-03-2025 21:00,Maharashtra,Pune,3.93,5.46,-0.59
16-04-2025 06:00,Assam,Guwahati,6.59,6.21,0.99
03-01-2025 20:00,Odisha,Cuttack,3.68,4.89,0.02
18-02-2025 16:00,Tamil Nadu,Madurai,6.18,5.83,0.29
03-01-2025 00:00,Odisha,Cuttack,8.78,5.04,0.45
13-02-2025 21:00,Bihar,Bhagalpur,3.01,6.66,0.78
17-06-2025 21:00,Karnataka,Mangaluru,6.49,5.27,0.58
06-02-2025 16:00,Tamil Nadu,Tiruppur,2.94,5.78,-0.81
21-04-2025 11:00,Odisha,Balasore,8.45,6.35,-0.07
20-11-2025 07:00,Assam,Guwahati,6.32,6.5,0.12
12-04-2025 15:00,Odisha,Puri,8.33,4.89,0.45
25-07-2025 04:00,Uttar Pradesh,Varanasi,2.48,6.89,0.2
03-03-2025 03:00,Assam,Dibrugarh,3.34,5.95,0.52
31-10-2025 20:00,Uttar Pradesh,Kanpur,4.82,4.21,0.42
29-07-2025 19:00,Uttar Pradesh,Varanasi,6.89,5.74,0.6
12-04-2025 17:00,Karnataka,Udupi,6.1,6.56,-0.35
01-10-2025 02:00,West Bengal,Darjeeling,3.01,5.53,0.59
10-01-2025 14:00,Maharashtra,Pune,5.63,4.14,0.3
25-02-2025 00:00,Tamil Nadu,Tiruppur,4.93,5.14,0.44
02-01-2025 17:00,Kerala,Kozhikode,3.0,6.24,1.06
02-02-2025 09:00,Bihar,Gaya,2.58,6.3,0.39
08-01-2026 22:00,Odisha,Balasore,7.22,5.79,0.59
17-12-2025 04:00,Gujarat,Surat,3.35,5.59,0.37
14-03-2025 01:00,West Bengal,Howrah,2.66,5.28,0.77
12-06-2025 22:00,West Bengal,Murshidabad,3.64,5.71,0.5
25-01-2025 03:00,Tamil Nadu,Madurai,7.96,6.0,0.2
19-02-2026 05:00,West Bengal,Malda,7.69,4.24,0.35
01-09-2025 07:00,Karnataka,Mangaluru,2.9,6.92,0.72
11-12-2025 15:00,Assam,Barpeta,3.81,6.85,0.99
31-10-2025 03:00,Maharashtra,Nashik,5.02,5.8,0.59
04-03-2025 03:00,Bihar,Darbhanga,5.3,4.64,0.03
15-01-2026 13:00,Bihar,Bhagalpur,3.54,5.7,0.78
22-08-2025 18:00,Uttar Pradesh,Gorakhpur,7.19,4.6,0.58
03-01-2025 13:00,West Bengal,Malda,3.33,4.88,0.46
16-08-2025 23:00,Uttar Pradesh,Varanasi,1.24,6.16,-0.2
12-06-2025 17:00,Assam,Jorhat,4.09,5.34,-0.02
30-09-2025 03:00,Kerala,Kottayam,7.0,4.27,0.1
17-01-2025 18:00,Odisha,Puri,5.45,4.19,-0.2
14-01-2025 20:00,Gujarat,Surat,3.11,6.05,0.7
28-03-2025 20:00,Kerala,Kottayam,3.7,5.76,0.22
03-02-2026 05:00,West Bengal,Howrah,6.73,5.6,1.04
07-01-2025 20:00,Tamil Nadu,Coimbatore,7.36,5.01,0.19
02-07-2025 11:00,Kerala,Thrissur,7.02,6.85,0.37
24-04-2025 03:00,Kerala,Kozhikode,8.36,4.15,0.37
07-01-2026 19:00,Gujarat,Rajkot,6.21,4.95,0.36
03-11-2025 02:00,Bihar,Gaya,5.79,4.26,0.22
16-08-2025 05:00,Gujarat,Ahmedabad,8.84,6.5,0.64
21-10-2025 14:00,Odisha,Cuttack,4.97,4.93,0.37
25-02-2025 14:00,West Bengal,Kolkata,2.88,5.99,0.74
29-12-2025 10:00,Uttar Pradesh,Prayagraj,7.04,4.82,0.19
11-03-2025 03:00,Karnataka,Udupi,5.76,5.15,0.91
30-05-2025 02:00,Kerala,Thrissur,5.34,5.37,0.87
01-02-2025 09:00,West Bengal,Murshidabad,7.85,6.76,0.64
02-10-2025 08:00,Tamil Nadu,Coimbatore,3.16,6.75,0.46
30-01-2025 10:00,Kerala,Kozhikode,4.63,5.51,0.42
06-05-2025 14:00,Karnataka,Bengaluru,4.58,4.83,0.53
23-12-2025 14:00,Assam,Guwahati,4.99,4.66,0.94
16-02-2026 11:00,Uttar Pradesh,Lucknow,7.94,5.32,0.55
04-02-2026 06:00,Kerala,Kochi,7.48,5.82,0.05
08-01-2026 00:00,Kerala,Kozhikode,5.31,4.31,0.23
03-02-2026 04:00,Odisha,Bhubaneswar,1.53,6.53,1.03
10-01-2026 07:00,West Bengal,Kolkata,1.37,5.84,0.71
18-03-2025 10:00,Tamil Nadu,Madurai,1.77,6.85,-0.47
05-05-2025 20:00,Assam,Barpeta,5.33,5.83,0.79
15-08-2025 03:00,Kerala,Kozhikode,4.96,4.86,-0.01
11-06-2025 15:00,Maharashtra,Nashik,5.89,6.77,-0.8
26-10-2025 04:00,Kerala,Kottayam,1.27,5.45,0.27
31-07-2025 17:00,Odisha,Cuttack,2.58,4.57,0.78
15-01-2026 18:00,Tamil Nadu,Tiruppur,6.56,5.56,0.29
29-10-2025 20:00,Tamil Nadu,Madurai,5.02,6.44,0.3
14-08-2025 00:00,Uttar Pradesh,Prayagraj,4.25,6.95,0.19
13-08-2025 19:00,Tamil Nadu,Chennai,5.77,4.02,-0.16
28-01-2026 19:00,Bihar,Gaya,1.2,5.11,0.06
04-04-2025 14:00,Uttar Pradesh,Lucknow,7.23,5.02,0.95
04-02-2025 19:00,West Bengal,Kolkata,1.7,4.08,0.57
16-12-2025 18:00,Tamil Nadu,Madurai,6.18,6.89,0.2
12-01-2026 18:00,Odisha,Puri,1.96,4.44,0.49
19-01-2025 00:00,Gujarat,Surat,4.07,4.81,0.35
21-05-2025 18:00,Bihar,Darbhanga,7.97,4.96,-0.15
12-10-2025 01:00,West Bengal,Darjeeling,8.56,6.91,-0.21
05-12-2025 19:00,Uttar Pradesh,Gorakhpur,5.4,4.78,0.87
05-02-2026 21:00,Odisha,Balasore,7.08,6.18,-0.2
10-09-2025 18:00,Gujarat,Rajkot,5.31,4.24,0.51
19-02-2025 17:00,Gujarat,Surat,8.07,5.08,0.27
16-10-2025 22:00,West Bengal,Kolkata,4.27,6.49,0.3
16-08-2025 13:00,Odisha,Bhubaneswar,8.0,5.43,0.36
08-05-2025 23:00,Karnataka,Udupi,6.17,5.08,0.17
07-05-2025 20:00,Bihar,Muzaffarpur,4.62,5.42,0.11
16-05-2025 23:00,Odisha,Balasore,1.99,4.32,0.37
24-04-2025 17:00,Gujarat,Vadodara,8.57,6.11,-0.16
24-05-2025 01:00,Odisha,Puri,6.78,4.2,0.59
19-01-2025 01:00,Karnataka,Mangaluru,8.74,4.15,0.42
17-05-2025 08:00,Kerala,Thrissur,2.36,6.18,0.42
19-10-2025 17:00,Karnataka,Udupi,1.26,5.6,-0.18
10-02-2026 06:00,Uttar Pradesh,Varanasi,5.0,5.21,0.99
05-01-2025 08:00,Bihar,Bhagalpur,2.97,5.45,0.19
19-05-2025 03:00,West Bengal,Kolkata,1.37,4.32,-0.11
11-03-2025 00:00,West Bengal,Murshidabad,6.53,4.73,0.13
05-03-2025 21:00,Odisha,Kendrapara,6.34,6.29,0.4
15-07-2025 00:00,Bihar,Muzaffarpur,1.97,5.5,0.64
03-01-2026 05:00,Kerala,Alappuzha,3.91,5.19,1.33
11-01-2026 02:00,Assam,Barpeta,6.25,4.11,-0.09
03-10-2025 22:00,Gujarat,Surat,3.66,6.15,1.42
02-03-2025 03:00,Assam,Dhemaji,5.76,5.97,0.3
09-01-2025 22:00,Uttar Pradesh,Kanpur,6.79,6.8,1.17
12-08-2025 04:00,Bihar,Darbhanga,7.98,6.6,0.5
20-01-2026 02:00,Karnataka,Mangaluru,3.23,5.85,1.03
21-09-2025 10:00,Maharashtra,Kolhapur,2.28,5.24,0.79
27-07-2025 21:00,Gujarat,Rajkot,1.83,4.97,0.61
01-03-2025 03:00,Karnataka,Mysuru,5.04,5.87,0.29
01-02-2026 12:00,Maharashtra,Mumbai,8.2,6.96,0.12
25-12-2025 14:00,Kerala,Alappuzha,4.0,5.01,0.31
08-01-2025 13:00,Assam,Barpeta,6.2,5.58,0.74
01-07-2025 08:00,Uttar Pradesh,Kanpur,2.25,5.57,0.69
29-12-2025 12:00,Assam,Barpeta,7.93,5.26,-0.13
12-04-2025 22:00,Maharashtra,Mumbai,6.27,6.62,0.28
10-08-2025 17:00,Maharashtra,Kolhapur,3.88,6.28,0.9
02-12-2025 05:00,Maharashtra,Nashik,6.0,4.96,0.72
25-08-2025 20:00,Assam,Jorhat,8.04,5.41,-0.09
28-05-2025 04:00,Kerala,Kottayam,2.66,5.57,0.31
10-12-2025 12:00,Assam,Guwahati,3.15,4.1,0.05
29-11-2025 08:00,Maharashtra,Nashik,1.85,5.38,0.71
04-06-2025 02:00,Uttar Pradesh,Prayagraj,7.0,6.58,0.43
03-01-2025 22:00,Bihar,Muzaffarpur,3.35,4.79,0.45
23-01-2025 16:00,Uttar Pradesh,Kanpur,2.5,5.38,0.56
20-02-2025 04:00,Assam,Dhemaji,5.44,5.28,-0.02
09-05-2025 06:00,Maharashtra,Pune,2.66,6.97,0.04
15-01-2026 10:00,Gujarat,Surat,3.92,5.02,0.27
16-01-2026 00:00,Assam,Barpeta,7.45,4.2,-0.29
08-02-2026 08:00,West Bengal,Howrah,4.05,6.44,0.55
15-09-2025 12:00,Odisha,Balasore,3.86,5.04,-0.47
14-12-2025 01:00,West Bengal,Darjeeling,2.02,6.69,0.97
28-06-2025 12:00,Bihar,Muzaffarpur,4.69,6.82,-0.02
16-06-2025 23:00,Maharashtra,Kolhapur,7.48,6.8,0.53
30-12-2025 01:00,Uttar Pradesh,Kanpur,1.19,4.65,0.6
06-02-2025 13:00,Assam,Dhemaji,2.01,4.59,0.3
02-12-2025 20:00,Odisha,Kendrapara,7.09,4.73,0.39
09-01-2025 04:00,Assam,Jorhat,5.8,6.22,0.79
11-02-2026 02:00,Maharashtra,Nashik,8.26,5.05,0.71
17-06-2025 02:00,West Bengal,Kolkata,6.29,4.28,0.4
20-02-2026 02:00,West Bengal,Darjeeling,4.34,5.2,0.68
18-04-2025 03:00,Bihar,Darbhanga,3.35,5.81,0.8
06-06-2025 09:00,Karnataka,Mangaluru,6.7,4.28,0.5
21-01-2026 07:00,Gujarat,Ahmedabad,2.14,6.29,0.69
26-12-2025 12:00,Tamil Nadu,Thanjavur,5.16,4.04,0.4
26-01-2026 08:00,Odisha,Kendrapara,3.22,6.46,0.29
14-09-2025 15:00,Karnataka,Kodagu,7.19,4.85,0.86
19-07-2025 15:00,Tamil Nadu,Coimbatore,7.48,5.32,0.73
11-08-2025 09:00,Kerala,Kochi,4.78,6.38,-0.24
07-05-2025 00:00,Bihar,Patna,7.17,4.19,-0.16
24-04-2025 06:00,Uttar Pradesh,Kanpur,3.19,6.37,0.32
27-12-2025 15:00,Bihar,Darbhanga,7.55,6.69,0.23
16-10-2025 04:00,Uttar Pradesh,Prayagraj,1.2,6.61,1.02
16-06-2025 00:00,Uttar Pradesh,Varanasi,7.68,5.43,0.58
01-11-2025 12:00,Kerala,Alappuzha,7.37,4.1,0.07
06-09-2025 01:00,Tamil Nadu,Tiruppur,4.85,4.04,-0.33
10-06-2025 04:00,Kerala,Alappuzha,6.23,6.0,0.35
22-04-2025 18:00,Odisha,Puri,3.64,4.32,-0.24
17-06-2025 16:00,Tamil Nadu,Tiruppur,7.2,4.04,0.04
30-12-2025 03:00,Uttar Pradesh,Lucknow,9.0,5.0,0.04
11-05-2025 19:00,Gujarat,Bharuch,4.21,5.19,0.68
26-06-2025 13:00,Kerala,Kottayam,4.28,4.2,0.06
10-01-2025 02:00,Kerala,Kozhikode,3.68,4.98,0.79
03-10-2025 18:00,Odisha,Puri,8.27,4.93,-0.43
05-02-2026 06:00,Maharashtra,Mumbai,4.84,5.75,0.01
08-08-2025 12:00,Gujarat,Surat,5.25,5.07,1.0
16-04-2025 23:00,Kerala,Kottayam,3.96,5.28,0.15
30-04-2025 14:00,Karnataka,Kodagu,8.0,6.82,0.58
21-02-2025 20:00,Gujarat,Surat,1.03,5.45,0.21
18-01-2025 12:00,Maharashtra,Kolhapur,4.6,4.32,-0.22
17-09-2025 11:00,Uttar Pradesh,Lucknow,3.73,4.6,0.74
27-03-2025 18:00,Odisha,Bhubaneswar,8.05,4.24,-0.06
20-12-2025 21:00,Gujarat,Rajkot,5.15,6.76,-0.19
26-09-2025 02:00,Gujarat,Bharuch,1.7,5.49,1.15
23-05-2025 14:00,Gujarat,Bharuch,5.1,6.9,-0.36
07-07-2025 22:00,Tamil Nadu,Tiruppur,6.37,6.95,0.33
18-02-2025 14:00,West Bengal,Kolkata,4.51,6.4,0.04
11-01-2025 14:00,Maharashtra,Kolhapur,3.49,5.82,0.65
18-01-2025 07:00,Assam,Barpeta,1.71,4.87,-0.17
18-01-2026 07:00,Tamil Nadu,Tiruppur,1.65,6.43,0.01
25-05-2025 13:00,Gujarat,Ahmedabad,5.19,5.41,1.03
08-05-2025 02:00,Maharashtra,Kolhapur,4.81,5.84,0.99
01-02-2025 15:00,Gujarat,Vadodara,6.86,4.25,-0.44
27-02-2025 17:00,Maharashtra,Nashik,7.27,5.82,0.27
28-01-2025 06:00,Tamil Nadu,Thanjavur,7.87,6.05,-0.11
20-02-2025 01:00,West Bengal,Darjeeling,7.48,4.47,-0.18
11-04-2025 13:00,Bihar,Patna,3.38,4.13,0.56
21-08-2025 11:00,Odisha,Kendrapara,2.73,5.53,0.23
07-09-2025 17:00,Odisha,Kendrapara,7.69,5.09,0.39
09-08-2025 14:00,Maharashtra,Mumbai,8.82,6.93,0.38
08-05-2025 07:00,Bihar,Gaya,6.5,6.53,0.84
28-04-2025 22:00,Kerala,Kozhikode,7.95,4.37,-0.01
04-05-2025 18:00,Gujarat,Ahmedabad,4.36,6.37,0.7
14-01-2025 16:00,Tamil Nadu,Tiruppur,6.16,4.33,0.24
27-06-2025 22:00,Assam,Jorhat,4.24,5.93,1.06
07-09-2025 18:00,Uttar Pradesh,Gorakhpur,6.27,5.71,-0.25
03-07-2025 00:00,Bihar,Gaya,4.44,4.04,1.26
27-03-2025 23:00,Odisha,Kendrapara,6.03,6.09,0.71
12-12-2025 21:00,Maharashtra,Pune,1.97,6.65,0.16
11-01-2026 13:00,Maharashtra,Kolhapur,3.88,5.42,1.47
24-01-2026 17:00,Uttar Pradesh,Gorakhpur,2.92,6.8,1.04
04-08-2025 09:00,Bihar,Muzaffarpur,4.65,4.67,0.12
04-07-2025 13:00,West Bengal,Howrah,1.63,6.53,1.26
23-02-2025 09:00,Bihar,Gaya,7.16,5.81,0.31
21-05-2025 21:00,Tamil Nadu,Madurai,4.03,4.14,0.56
20-04-2025 20:00,Gujarat,Ahmedabad,1.98,5.83,1.53
19-05-2025 16:00,Odisha,Puri,2.93,5.75,-0.07
26-09-2025 04:00,Kerala,Thrissur,5.17,6.27,-0.02
29-07-2025 02:00,Odisha,Puri,1.44,6.91,-0.06
02-11-2025 04:00,Gujarat,Rajkot,7.76,6.2,0.31
08-06-2025 03:00,Bihar,Muzaffarpur,3.53,5.94,0.23
21-04-2025 23:00,Assam,Guwahati,7.95,4.91,0.58
12-12-2025 02:00,Gujarat,Ahmedabad,1.16,5.71,0.35
23-02-2025 10:00,Karnataka,Udupi,8.96,5.89,1.09
22-06-2025 20:00,Bihar,Patna,6.12,6.21,-0.48
26-02-2025 18:00,Bihar,Muzaffarpur,4.22,4.94,1.35
01-03-2025 21:00,Uttar Pradesh,Kanpur,3.35,4.08,-0.26
06-02-2026 04:00,West Bengal,Darjeeling,6.13,6.89,0.15
24-05-2025 09:00,Uttar Pradesh,Gorakhpur,6.73,5.85,0.79
03-01-2025 08:00,Kerala,Kochi,1.01,5.16,0.65
11-07-2025 13:00,Uttar Pradesh,Lucknow,6.04,5.64,0.83
20-12-2025 07:00,Maharashtra,Mumbai,7.94,6.37,-0.23
12-08-2025 13:00,Assam,Jorhat,5.21,6.35,1.02
18-03-2025 20:00,Uttar Pradesh,Kanpur,1.3,6.19,0.57
18-08-2025 19:00,West Bengal,Murshidabad,4.77,6.13,0.23
24-12-2025 05:00,West Bengal,Howrah,7.56,5.87,-0.15
18-09-2025 23:00,Assam,Jorhat,4.48,6.16,0.53
01-05-2025 00:00,Kerala,Alappuzha,2.89,5.91,1.27
14-03-2025 15:00,Assam,Jorhat,2.71,4.79,0.4
16-12-2025 22:00,Assam,Dhemaji,3.75,5.47,1.0
23-06-2025 17:00,Kerala,Kottayam,7.3,6.97,0.06
05-08-2025 13:00,Uttar Pradesh,Lucknow,6.76,5.08,0.83
10-01-2026 17:00,Karnataka,Mysuru,6.96,5.44,0.68
31-01-2025 20:00,Maharashtra,Kolhapur,2.2,5.72,0.38
13-01-2026 18:00,Tamil Nadu,Thanjavur,5.53,6.99,0.27
09-03-2025 16:00,Odisha,Puri,4.94,6.43,0.73
22-01-2025 20:00,Odisha,Bhubaneswar,3.99,5.56,-0.11
30-11-2025 07:00,Odisha,Kendrapara,1.77,4.4,-0.04
04-07-2025 03:00,Tamil Nadu,Thanjavur,6.22,6.53,-0.35
15-08-2025 02:00,West Bengal,Howrah,7.81,6.2,1.22
06-10-2025 17:00,Odisha,Cuttack,8.14,4.65,0.29
04-11-2025 14:00,West Bengal,Murshidabad,6.8,5.78,0.34
19-01-2025 03:00,Tamil Nadu,Coimbatore,6.5,4.88,-0.42
04-05-2025 08:00,Bihar,Gaya,4.52,4.88,0.25
13-01-2025 20:00,Odisha,Bhubaneswar,3.31,5.89,0.4
07-03-2025 05:00,Maharashtra,Nashik,2.02,4.67,0.13
20-04-2025 15:00,Assam,Jorhat,5.41,6.33,-0.12
22-08-2025 05:00,Uttar Pradesh,Varanasi,6.14,4.72,0.07
30-01-2026 21:00,West Bengal,Darjeeling,7.81,6.9,0.34
17-01-2025 17:00,Tamil Nadu,Coimbatore,8.37,6.8,1.23
09-06-2025 10:00,Uttar Pradesh,Lucknow,3.32,5.1,0.08
06-02-2025 17:00,West Bengal,Howrah,3.04,4.32,0.9
16-06-2025 13:00,Gujarat,Bharuch,3.83,6.83,0.01
24-10-2025 14:00,Bihar,Patna,3.87,6.14,0.21
17-05-2025 01:00,Gujarat,Surat,4.22,5.33,0.22
17-12-2025 06:00,West Bengal,Kolkata,8.23,4.31,0.89
28-07-2025 17:00,West Bengal,Murshidabad,4.18,4.22,0.51
28-08-2025 00:00,West Bengal,Howrah,8.78,4.3,0.41
20-08-2025 10:00,Gujarat,Rajkot,8.18,6.65,0.77
13-01-2025 00:00,Tamil Nadu,Madurai,3.36,5.71,0.42
20-08-2025 20:00,Bihar,Gaya,3.93,5.41,-0.05
13-12-2025 20:00,Bihar,Patna,4.86,4.89,0.5
20-04-2025 07:00,Assam,Barpeta,1.06,5.95,0.92
05-01-2026 03:00,Karnataka,Bengaluru,3.73,5.12,0.16
20-01-2025 20:00,Maharashtra,Nagpur,4.03,5.23,0.19
24-12-2025 23:00,Gujarat,Bharuch,8.61,5.98,0.88
09-02-2026 17:00,West Bengal,Murshidabad,2.47,5.36,0.33
29-09-2025 18:00,Maharashtra,Pune,1.18,5.29,0.35
10-05-2025 15:00,Bihar,Bhagalpur,8.31,6.1,0.11
30-01-2026 14:00,Tamil Nadu,Thanjavur,7.01,4.19,-0.08
31-01-2025 17:00,Bihar,Muzaffarpur,7.11,4.44,1.26
11-05-2025 13:00,Odisha,Cuttack,7.15,5.07,0.52
02-12-2025 07:00,Karnataka,Udupi,1.33,4.41,-0.39
30-09-2025 23:00,Tamil Nadu,Tiruppur,5.69,4.43,-0.06
14-08-2025 07:00,Maharashtra,Nagpur,4.65,6.57,0.3
20-08-2025 19:00,Karnataka,Bengaluru,6.78,5.05,0.86
11-08-2025 00:00,West Bengal,Howrah,4.43,6.93,0.35
07-10-2025 22:00,Tamil Nadu,Madurai,3.23,4.84,0.42
02-08-2025 06:00,Gujarat,Ahmedabad,6.87,4.75,0.43
12-07-2025 11:00,Odisha,Balasore,8.94,4.71,0.13
03-06-2025 17:00,West Bengal,Murshidabad,6.49,6.7,1.16
18-11-2025 12:00,Kerala,Alappuzha,2.67,4.92,1.18
18-03-2025 15:00,Uttar Pradesh,Kanpur,5.32,5.9,0.8
25-03-2025 03:00,Karnataka,Mysuru,4.33,4.83,0.22
10-04-2025 23:00,West Bengal,Malda,7.83,6.19,0.76
29-09-2025 06:00,Karnataka,Udupi,2.33,6.62,0.43
25-01-2026 20:00,Karnataka,Bengaluru,7.71,6.44,-0.19
21-06-2025 15:00,West Bengal,Kolkata,1.12,5.55,0.67
03-09-2025 14:00,Uttar Pradesh,Lucknow,7.5,6.02,1.21
03-02-2025 08:00,Tamil Nadu,Thanjavur,1.87,4.15,0.64
17-12-2025 23:00,Gujarat,Ahmedabad,1.37,4.76,0.55
17-11-2025 00:00,West Bengal,Malda,3.98,5.32,0.97
28-02-2025 13:00,Odisha,Balasore,4.21,6.16,0.44
15-08-2025 07:00,Odisha,Bhubaneswar,8.09,6.64,0.21
03-01-2025 21:00,Uttar Pradesh,Prayagraj,5.13,6.84,-0.19
02-02-2026 15:00,Gujarat,Vadodara,8.41,6.08,0.7
25-04-2025 23:00,Odisha,Bhubaneswar,7.42,5.31,0.28
12-12-2025 14:00,Karnataka,Mysuru,6.32,4.29,0.98
08-03-2025 02:00,Bihar,Gaya,3.5,5.0,0.43
05-10-2025 18:00,Assam,Barpeta,7.8,6.51,-0.44
30-11-2025 22:00,Bihar,Gaya,6.43,6.55,0.24
14-02-2025 18:00,West Bengal,Darjeeling,2.01,4.78,0.49
08-05-2025 15:00,West Bengal,Darjeeling,6.14,4.53,0.41
28-09-2025 07:00,Bihar,Gaya,8.4,5.96,0.55
16-07-2025 01:00,Gujarat,Surat,6.55,4.13,0.08
13-01-2026 21:00,Uttar Pradesh,Prayagraj,5.02,4.21,1.27
19-04-2025 11:00,Gujarat,Bharuch,7.34,4.71,0.44
19-11-2025 10:00,Karnataka,Bengaluru,6.53,4.09,-0.28
07-03-2025 19:00,West Bengal,Malda,4.69,6.7,-0.24
30-07-2025 18:00,Assam,Jorhat,1.54,4.04,0.31
28-08-2025 17:00,Odisha,Balasore,1.98,6.73,0.47
28-05-2025 20:00,Odisha,Bhubaneswar,6.4,5.82,0.02
18-01-2025 01:00,Assam,Guwahati,4.3,4.02,0.24
20-06-2025 17:00,Kerala,Alappuzha,3.48,5.49,0.99
27-09-2025 05:00,Maharashtra,Mumbai,8.14,4.29,0.76
22-08-2025 09:00,Gujarat,Vadodara,5.04,6.72,-0.24
06-08-2025 23:00,Uttar Pradesh,Varanasi,8.91,4.28,0.97
07-06-2025 09:00,Uttar Pradesh,Prayagraj,4.84,4.92,0.48
24-04-2025 14:00,Gujarat,Surat,1.42,4.48,0.9
20-01-2025 21:00,Uttar Pradesh,Gorakhpur,7.25,5.41,0.61
25-02-2025 09:00,Odisha,Balasore,6.48,6.66,-0.18
18-06-2025 03:00,Tamil Nadu,Madurai,6.64,5.85,-0.15
06-02-2026 18:00,Assam,Dhemaji,6.27,4.92,-0.06
16-03-2025 01:00,Maharashtra,Nagpur,1.14,6.12,0.49
12-09-2025 00:00,Karnataka,Mysuru,8.65,4.31,0.23
01-02-2025 07:00,Kerala,Thrissur,1.04,6.2,0.7
30-08-2025 08:00,Karnataka,Udupi,6.44,5.5,0.99
19-06-2025 04:00,Karnataka,Udupi,1.75,6.59,0.09
12-01-2026 17:00,Gujarat,Ahmedabad,1.29,6.23,0.14
09-09-2025 06:00,Karnataka,Mangaluru,6.75,5.51,-0.02
03-09-2025 18:00,West Bengal,Howrah,2.83,5.72,-0.43
25-01-2026 02:00,West Bengal,Malda,7.59,6.85,0.75
17-01-2026 16:00,Karnataka,Udupi,2.5,6.02,0.48
21-02-2026 12:00,Gujarat,Surat,6.03,4.94,0.72
03-08-2025 15:00,Bihar,Patna,4.04,4.6,0.4
20-01-2025 12:00,Karnataka,Udupi,6.08,6.51,-0.5
06-03-2025 09:00,West Bengal,Darjeeling,5.48,5.95,0.08
20-09-2025 23:00,Uttar Pradesh,Lucknow,2.08,5.81,-0.09
22-04-2025 19:00,Bihar,Gaya,5.95,4.64,0.18
09-01-2026 14:00,Tamil Nadu,Madurai,8.59,6.12,-0.06
15-09-2025 13:00,Gujarat,Rajkot,6.23,4.15,1.31
12-02-2025 17:00,Uttar Pradesh,Gorakhpur,3.05,4.07,0.31
02-08-2025 00:00,West Bengal,Howrah,2.41,6.31,0.45
23-12-2025 18:00,Tamil Nadu,Coimbatore,4.3,5.57,-0.31
12-08-2025 16:00,Gujarat,Vadodara,2.4,5.76,-0.18
09-04-2025 02:00,West Bengal,Kolkata,1.69,6.36,0.33
31-10-2025 06:00,Maharashtra,Nashik,4.7,6.25,0.68
31-05-2025 02:00,Tamil Nadu,Coimbatore,1.17,6.33,-0.18
02-02-2025 05:00,Bihar,Gaya,4.06,5.1,0.18
10-10-2025 05:00,Karnataka,Bengaluru,8.23,6.46,0.56
03-01-2026 01:00,Gujarat,Bharuch,3.83,4.99,-0.56
21-05-2025 22:00,Maharashtra,Mumbai,5.35,5.59,0.63
27-01-2025 17:00,West Bengal,Murshidabad,7.78,5.99,0.45
26-06-2025 09:00,Kerala,Kozhikode,5.85,4.59,0.5
08-06-2025 23:00,Assam,Dhemaji,6.66,4.76,0.55
21-06-2025 00:00,West Bengal,Howrah,1.03,4.84,0.38
18-02-2026 13:00,Odisha,Puri,5.17,4.84,0.5
16-02-2025 04:00,Odisha,Balasore,8.68,6.59,0.41
27-05-2025 23:00,Karnataka,Bengaluru,2.08,5.1,0.96
26-05-2025 15:00,Maharashtra,Mumbai,8.24,6.26,0.95
01-03-2025 04:00,West Bengal,Howrah,1.73,6.94,-0.27
16-10-2025 11:00,West Bengal,Kolkata,6.21,5.7,0.54
11-06-2025 17:00,West Bengal,Malda,3.72,4.32,-0.43
15-12-2025 01:00,West Bengal,Darjeeling,6.51,6.49,1.11
18-09-2025 05:00,Maharashtra,Pune,1.13,4.82,0.77
25-07-2025 18:00,Kerala,Thrissur,6.94,4.1,0.79
11-10-2025 06:00,Kerala,Kozhikode,4.19,5.78,0.46
22-11-2025 12:00,West Bengal,Malda,3.76,6.83,-0.43
12-03-2025 00:00,Karnataka,Mangaluru,8.17,5.9,0.36
07-10-2025 19:00,Assam,Guwahati,2.82,5.0,1.14
27-01-2025 09:00,Kerala,Thrissur,4.59,6.7,-0.66
18-04-2025 01:00,Gujarat,Vadodara,8.81,6.58,1.33
03-11-2025 15:00,Bihar,Patna,2.02,6.51,-0.18
01-04-2025 06:00,Kerala,Kochi,7.08,4.75,0.62
07-12-2025 09:00,Odisha,Balasore,1.76,4.62,0.04
04-01-2026 13:00,Uttar Pradesh,Prayagraj,3.88,4.27,-0.14
28-04-2025 17:00,Uttar Pradesh,Varanasi,6.2,5.16,0.31
20-06-2025 07:00,West Bengal,Murshidabad,1.56,6.3,0.31
18-09-2025 03:00,West Bengal,Malda,6.2,6.27,0.99
15-12-2025 12:00,Odisha,Cuttack,2.72,4.45,-0.865
14-06-2025 05:00,Karnataka,Mysuru,3.32,5.85,0.9
18-01-2026 11:00,Tamil Nadu,Tiruppur,4.19,5.76,0.6
03-12-2025 11:00,Kerala,Kochi,2.51,4.42,0.07
19-01-2026 03:00,Gujarat,Surat,2.0,4.34,-0.01
22-06-2025 00:00,Odisha,Cuttack,8.71,6.68,0.78
18-02-2025 20:00,Tamil Nadu,Madurai,7.23,6.8,-0.54
28-12-2025 04:00,Maharashtra,Mumbai,7.36,6.31,0.18
25-06-2025 22:00,Gujarat,Surat,1.42,6.82,1.26
21-07-2025 10:00,Tamil Nadu,Madurai,8.95,5.18,-0.43
18-04-2025 08:00,Assam,Guwahati,8.61,5.94,0.49
24-03-2025 21:00,Odisha,Kendrapara,3.62,4.41,0.56
18-10-2025 13:00,Uttar Pradesh,Kanpur,6.79,4.49,0.73
01-09-2025 04:00,Maharashtra,Nagpur,1.82,5.47,-0.03
08-07-2025 20:00,Odisha,Kendrapara,1.12,5.68,-0.34
14-05-2025 17:00,Bihar,Bhagalpur,5.84,4.61,-0.08
10-06-2025 15:00,Assam,Dibrugarh,5.59,4.84,1.21
20-04-2025 12:00,West Bengal,Murshidabad,3.59,6.22,0.0
22-11-2025 03:00,Gujarat,Bharuch,1.58,4.28,0.26
28-02-2025 18:00,Gujarat,Ahmedabad,2.17,6.4,0.66
11-12-2025 01:00,Maharashtra,Nashik,1.25,4.69,0.4
04-11-2025 18:00,Kerala,Alappuzha,4.95,6.66,0.54
29-06-2025 07:00,Karnataka,Udupi,6.36,5.24,0.45
09-10-2025 06:00,Tamil Nadu,Thanjavur,4.94,5.07,0.84
01-10-2025 03:00,Maharashtra,Kolhapur,4.05,6.54,0.1
03-02-2025 23:00,Kerala,Kozhikode,8.18,6.97,0.77
11-04-2025 04:00,Tamil Nadu,Madurai,6.78,6.39,0.29
13-08-2025 21:00,Assam,Dibrugarh,4.82,6.17,0.24
19-02-2026 20:00,Odisha,Cuttack,4.71,4.03,-0.865
30-03-2025 19:00,Uttar Pradesh,Lucknow,7.57,4.12,0.37
16-03-2025 21:00,Uttar Pradesh,Gorakhpur,5.16,6.87,0.61
09-05-2025 18:00,Karnataka,Bengaluru,1.47,6.3,1.25
24-06-2025 08:00,Karnataka,Udupi,3.13,5.8,-0.27
10-07-2025 04:00,Kerala,Kozhikode,4.94,4.92,-0.39
29-07-2025 14:00,West Bengal,Darjeeling,8.49,6.35,-0.12
02-12-2025 08:00,Bihar,Darbhanga,6.84,4.65,0.22
06-01-2025 02:00,Karnataka,Kodagu,4.85,6.06,0.26
08-01-2025 11:00,West Bengal,Malda,5.18,6.02,-0.13
21-01-2026 10:00,Odisha,Kendrapara,6.49,4.86,0.72
04-12-2025 07:00,Karnataka,Bengaluru,5.68,6.52,1.16
25-09-2025 21:00,West Bengal,Darjeeling,5.44,6.08,0.93
10-02-2026 17:00,Uttar Pradesh,Prayagraj,1.3,6.86,0.35
28-07-2025 00:00,Assam,Dhemaji,4.83,6.54,0.6
18-02-2025 05:00,Assam,Guwahati,5.75,6.28,0.8
11-01-2026 03:00,Gujarat,Rajkot,8.55,6.59,0.95
05-03-2025 20:00,Uttar Pradesh,Gorakhpur,8.34,5.13,0.4
10-01-2026 16:00,Odisha,Cuttack,1.39,6.36,0.01
24-11-2025 11:00,Uttar Pradesh,Lucknow,8.06,4.57,0.19
15-01-2026 14:00,Gujarat,Surat,7.8,5.93,-0.08
05-03-2025 23:00,Maharashtra,Nagpur,5.37,6.29,0.56
21-01-2026 19:00,Bihar,Gaya,8.84,6.94,0.94
18-08-2025 21:00,Odisha,Bhubaneswar,5.14,6.15,0.54
19-04-2025 13:00,Assam,Barpeta,8.79,4.12,0.55
13-09-2025 07:00,Bihar,Muzaffarpur,7.35,6.95,0.49
16-01-2026 21:00,Assam,Dibrugarh,1.06,6.41,0.15
07-11-2025 18:00,Uttar Pradesh,Varanasi,7.69,5.32,-0.29
01-04-2025 17:00,Tamil Nadu,Thanjavur,8.54,6.36,0.3
29-11-2025 22:00,Odisha,Kendrapara,5.92,4.16,0.4
08-04-2025 23:00,Bihar,Darbhanga,8.07,5.36,0.25
18-01-2026 09:00,Assam,Guwahati,2.9,4.17,0.25
26-05-2025 22:00,Kerala,Thrissur,4.71,5.27,0.59
30-03-2025 22:00,West Bengal,Howrah,4.23,4.35,-0.01
03-03-2025 16:00,Odisha,Balasore,3.12,4.12,0.43
27-04-2025 09:00,Bihar,Patna,2.54,6.68,0.27
21-07-2025 19:00,Maharashtra,Kolhapur,6.33,6.95,0.38
12-02-2026 12:00,West Bengal,Howrah,1.0,4.58,0.55
18-02-2026 22:00,Uttar Pradesh,Gorakhpur,4.41,4.93,0.2
18-07-2025 10:00,Assam,Guwahati,8.64,4.12,0.5
27-10-2025 15:00,Assam,Jorhat,7.43,5.98,-0.34
09-09-2025 17:00,West Bengal,Kolkata,6.89,5.95,0.18
06-02-2026 12:00,Kerala,Kochi,4.59,6.42,0.2
24-05-2025 13:00,Uttar Pradesh,Varanasi,5.9,4.9,0.86
06-12-2025 13:00,Kerala,Kozhikode,6.83,6.07,0.32
20-11-2025 13:00,Karnataka,Bengaluru,1.13,4.02,0.6
31-05-2025 20:00,Assam,Jorhat,2.91,6.35,0.98
23-03-2025 08:00,Uttar Pradesh,Varanasi,1.44,5.77,-0.48
24-01-2025 03:00,Maharashtra,Mumbai,1.4,4.75,0.28
27-06-2025 16:00,Gujarat,Ahmedabad,4.42,6.43,1.12
18-02-2025 11:00,Karnataka,Kodagu,5.7,6.02,-0.39
08-03-2025 00:00,Assam,Guwahati,7.27,5.95,-0.07
14-09-2025 07:00,Maharashtra,Mumbai,5.32,5.67,0.16
10-02-2026 00:00,Assam,Dhemaji,2.33,6.23,0.79
01-09-2025 05:00,Odisha,Bhubaneswar,2.64,4.28,0.55
08-08-2025 05:00,West Bengal,Malda,3.73,6.92,0.5
07-08-2025 07:00,West Bengal,Murshidabad,8.41,5.68,0.1
26-11-2025 17:00,Kerala,Kochi,3.71,4.88,-0.15
17-01-2026 18:00,Kerala,Kochi,8.87,6.79,0.9
08-03-2025 14:00,Bihar,Darbhanga,5.59,6.68,0.33
27-10-2025 06:00,Gujarat,Bharuch,5.43,4.2,0.11
13-01-2025 12:00,Assam,Dibrugarh,2.44,5.7,1.26
07-02-2026 12:00,Uttar Pradesh,Gorakhpur,1.06,5.52,1.38
17-10-2025 11:00,Odisha,Puri,2.35,6.1,0.59
08-06-2025 02:00,Kerala,Alappuzha,1.04,5.24,0.5
10-07-2025 12:00,Uttar Pradesh,Lucknow,3.95,5.34,0.23
30-06-2025 15:00,Maharashtra,Nashik,2.16,6.84,0.2
30-04-2025 02:00,West Bengal,Kolkata,7.65,5.61,0.68
26-08-2025 06:00,Uttar Pradesh,Gorakhpur,3.07,6.3,-0.19
11-05-2025 22:00,Karnataka,Mysuru,7.36,5.92,-0.26
26-02-2025 15:00,Tamil Nadu,Tiruppur,8.21,6.92,0.16
08-07-2025 21:00,Bihar,Muzaffarpur,2.33,6.93,-0.11
11-02-2026 05:00,Uttar Pradesh,Varanasi,6.78,6.49,0.34
25-08-2025 23:00,Kerala,Thrissur,2.53,4.41,0.03
21-01-2025 06:00,Tamil Nadu,Chennai,6.8,6.89,0.16
23-11-2025 12:00,Kerala,Alappuzha,8.31,5.6,0.51
03-02-2026 02:00,Kerala,Kottayam,2.25,4.28,0.0
03-09-2025 20:00,West Bengal,Malda,7.33,5.25,-0.03
05-12-2025 04:00,West Bengal,Murshidabad,4.13,4.01,-0.11
03-11-2025 18:00,Kerala,Kottayam,6.96,6.64,0.69
18-02-2025 00:00,Kerala,Kottayam,4.03,6.35,1.11
13-08-2025 06:00,Odisha,Puri,1.97,5.83,0.8
10-02-2026 21:00,West Bengal,Murshidabad,7.11,4.17,0.12
15-08-2025 00:00,Kerala,Kochi,5.32,4.46,0.88
02-01-2026 23:00,Karnataka,Mangaluru,3.6,5.14,-0.14
05-08-2025 02:00,Karnataka,Udupi,5.17,4.37,0.21
17-12-2025 09:00,Karnataka,Mysuru,1.63,4.15,0.96
15-09-2025 21:00,Maharashtra,Nagpur,8.65,4.4,0.75
09-02-2026 06:00,Odisha,Kendrapara,3.52,4.41,0.06
11-12-2025 13:00,Maharashtra,Kolhapur,1.36,4.77,-0.05
10-08-2025 10:00,Bihar,Muzaffarpur,8.02,5.4,0.73
17-02-2026 15:00,Uttar Pradesh,Gorakhpur,8.56,5.09,0.13
28-01-2025 17:00,Assam,Guwahati,5.55,6.38,0.47
20-05-2025 17:00,Odisha,Kendrapara,1.79,6.15,1.15
04-01-2026 19:00,Tamil Nadu,Tiruppur,4.73,6.58,0.31
02-12-2025 21:00,Gujarat,Surat,1.79,5.03,0.19
27-01-2025 18:00,Tamil Nadu,Tiruppur,6.64,5.54,0.09
21-01-2026 02:00,Assam,Dibrugarh,2.68,4.56,0.38
08-01-2025 08:00,Tamil Nadu,Coimbatore,4.76,6.33,0.28
25-09-2025 23:00,Karnataka,Udupi,7.55,5.85,0.63
17-02-2026 22:00,West Bengal,Murshidabad,4.64,4.25,0.14
24-05-2025 06:00,Odisha,Balasore,3.37,6.31,0.14
02-02-2025 18:00,Odisha,Puri,2.69,5.0,1.15
24-09-2025 07:00,Karnataka,Mysuru,7.63,6.64,0.89
13-01-2026 17:00,Uttar Pradesh,Lucknow,7.87,6.62,0.94
18-02-2026 15:00,Bihar,Darbhanga,1.69,6.34,0.03
14-05-2025 10:00,Tamil Nadu,Coimbatore,2.61,5.35,0.53
20-07-2025 03:00,Tamil Nadu,Chennai,2.18,4.41,1.04
23-11-2025 11:00,Gujarat,Bharuch,2.24,6.5,0.22
27-11-2025 20:00,Tamil Nadu,Tiruppur,4.83,5.72,0.2
04-01-2025 19:00,Tamil Nadu,Coimbatore,7.38,5.5,1.18
29-08-2025 02:00,Maharashtra,Kolhapur,8.25,4.85,0.65
12-01-2026 03:00,West Bengal,Murshidabad,6.16,4.15,-0.03
01-02-2026 00:00,Bihar,Muzaffarpur,4.58,6.33,0.42
10-12-2025 05:00,Maharashtra,Pune,5.24,5.4,0.11
24-03-2025 03:00,Kerala,Kottayam,8.13,6.1,0.06
02-05-2025 01:00,Tamil Nadu,Tiruppur,8.39,5.63,-0.26
23-01-2025 02:00,Odisha,Cuttack,2.48,4.78,0.5
01-06-2025 11:00,Maharashtra,Pune,7.45,5.17,1.14
11-02-2025 12:00,Gujarat,Surat,1.67,4.17,0.57
01-09-2025 20:00,Odisha,Kendrapara,6.16,4.37,0.68
26-06-2025 02:00,Gujarat,Surat,3.49,4.37,0.43
23-08-2025 00:00,West Bengal,Murshidabad,2.47,4.65,0.19
07-04-2025 08:00,Odisha,Bhubaneswar,3.99,4.09,-0.05
31-03-2025 18:00,Kerala,Kottayam,7.23,6.33,-0.17
10-08-2025 13:00,West Bengal,Kolkata,4.43,6.83,1.16
01-03-2025 11:00,Uttar Pradesh,Kanpur,4.85,6.4,-0.25
26-12-2025 14:00,Karnataka,Kodagu,3.93,6.55,0.62
09-09-2025 08:00,Gujarat,Vadodara,3.45,6.09,0.66
03-07-2025 23:00,Odisha,Cuttack,3.44,4.19,0.45
03-01-2026 10:00,Karnataka,Mysuru,2.99,6.36,0.05
09-05-2025 13:00,Tamil Nadu,Chennai,5.39,4.89,-0.33
21-11-2025 22:00,Odisha,Balasore,6.76,5.05,0.87
17-01-2026 09:00,Tamil Nadu,Chennai,8.94,6.36,-0.77
09-12-2025 01:00,Odisha,Bhubaneswar,4.28,6.47,0.19
03-02-2026 21:00,Karnataka,Bengaluru,7.89,6.52,0.75
02-02-2026 06:00,Assam,Jorhat,8.92,6.62,0.42
21-01-2025 15:00,Tamil Nadu,Madurai,6.22,5.82,0.69
06-06-2025 05:00,West Bengal,Darjeeling,2.74,4.71,0.16
07-04-2025 17:00,Kerala,Alappuzha,7.3,5.44,0.39
27-06-2025 19:00,Tamil Nadu,Tiruppur,7.94,6.59,0.58
22-05-2025 21:00,Tamil Nadu,Coimbatore,1.87,6.0,0.22
07-01-2025 07:00,Odisha,Balasore,6.91,4.76,0.1
04-11-2025 01:00,Karnataka,Bengaluru,3.64,5.73,0.31
29-01-2025 22:00,Tamil Nadu,Coimbatore,1.73,4.55,-0.19
04-07-2025 01:00,Odisha,Kendrapara,7.42,6.35,1.2
26-08-2025 09:00,Assam,Jorhat,6.47,5.61,0.7
14-03-2025 10:00,Uttar Pradesh,Kanpur,2.74,4.55,0.62
06-05-2025 01:00,Uttar Pradesh,Varanasi,1.33,4.24,0.17
07-01-2025 23:00,Maharashtra,Nashik,6.61,5.06,-0.08
12-09-2025 15:00,Gujarat,Surat,1.95,5.43,-0.57
12-07-2025 14:00,West Bengal,Murshidabad,7.16,5.68,0.18
30-04-2025 09:00,Assam,Dhemaji,2.04,4.82,0.42
23-12-2025 00:00,Maharashtra,Nagpur,3.28,5.97,0.66
15-07-2025 22:00,Karnataka,Bengaluru,7.41,4.62,1.14
01-05-2025 03:00,Tamil Nadu,Chennai,1.4,4.8,0.68
07-05-2025 07:00,Assam,Dibrugarh,4.51,4.8,-0.01
07-12-2025 23:00,Odisha,Kendrapara,8.9,4.74,1.13
10-01-2026 04:00,West Bengal,Darjeeling,7.42,5.64,0.13
22-12-2025 08:00,Maharashtra,Mumbai,3.4,5.99,0.72
25-08-2025 17:00,Maharashtra,Nagpur,5.57,6.43,-0.38
28-10-2025 09:00,Gujarat,Ahmedabad,8.52,4.13,-0.22
07-09-2025 15:00,Tamil Nadu,Chennai,6.44,4.61,0.77
05-04-2025 20:00,Karnataka,Kodagu,6.65,6.03,0.14
25-10-2025 04:00,Tamil Nadu,Thanjavur,2.72,5.68,0.28
26-08-2025 17:00,Maharashtra,Nashik,4.37,5.49,0.55
30-11-2025 06:00,Kerala,Thrissur,6.0,4.57,0.82
09-08-2025 12:00,Maharashtra,Kolhapur,5.87,4.59,0.07
29-06-2025 08:00,West Bengal,Howrah,3.78,4.16,0.43
07-11-2025 05:00,Karnataka,Kodagu,6.68,6.48,-0.31
18-01-2025 20:00,Maharashtra,Nagpur,5.16,6.31,0.66
22-10-2025 12:00,Odisha,Kendrapara,1.18,5.05,0.08
23-09-2025 04:00,Bihar,Bhagalpur,7.18,5.93,0.78
25-06-2025 15:00,Gujarat,Ahmedabad,2.15,4.61,0.81
18-01-2025 18:00,West Bengal,Darjeeling,6.14,4.21,0.05
03-04-2025 15:00,Tamil Nadu,Madurai,7.68,6.73,-0.35
05-01-2025 04:00,Kerala,Kottayam,2.76,6.38,-0.02
21-01-2026 04:00,Kerala,Kozhikode,5.55,6.81,0.66
18-05-2025 19:00,Uttar Pradesh,Prayagraj,3.13,6.01,0.25
26-04-2025 02:00,Gujarat,Rajkot,6.56,5.45,0.57
02-09-2025 01:00,West Bengal,Malda,2.83,4.5,-0.06
17-07-2025 10:00,Assam,Barpeta,7.85,5.35,0.04
23-10-2025 12:00,Kerala,Alappuzha,3.16,6.15,1.06
06-02-2026 08:00,Kerala,Thrissur,5.25,4.15,0.64
17-05-2025 22:00,Uttar Pradesh,Varanasi,8.04,6.44,0.69
18-11-2025 08:00,Assam,Guwahati,3.35,5.29,0.21
24-11-2025 20:00,Gujarat,Ahmedabad,1.78,6.11,0.33
10-09-2025 19:00,Karnataka,Udupi,2.83,4.89,0.3
20-01-2026 19:00,Tamil Nadu,Coimbatore,1.11,4.34,-0.85
30-05-2025 01:00,Odisha,Kendrapara,1.47,6.17,1.28
03-03-2025 01:00,Uttar Pradesh,Lucknow,1.4,4.54,0.01
16-11-2025 19:00,West Bengal,Malda,4.56,6.29,-0.09
04-04-2025 02:00,Karnataka,Mangaluru,6.27,6.0,0.81
14-03-2025 16:00,Tamil Nadu,Chennai,2.4,4.65,0.15
11-02-2026 10:00,Odisha,Cuttack,5.71,4.1,0.01
11-09-2025 22:00,Karnataka,Mysuru,3.13,4.34,-0.865
01-01-2026 21:00,Tamil Nadu,Coimbatore,1.56,5.84,0.1
27-01-2026 17:00,Kerala,Kochi,2.44,4.75,0.49
15-12-2025 19:00,Bihar,Darbhanga,7.89,4.53,-0.06
29-07-2025 11:00,Odisha,Balasore,5.66,6.74,0.64
20-01-2026 18:00,Bihar,Bhagalpur,1.34,4.84,0.49
14-06-2025 08:00,Uttar Pradesh,Lucknow,5.03,4.29,0.18
13-10-2025 22:00,Tamil Nadu,Madurai,8.3,5.64,0.56
11-08-2025 22:00,Tamil Nadu,Tiruppur,8.21,5.08,-0.54
28-01-2026 14:00,Odisha,Cuttack,3.44,4.96,1.01
30-03-2025 09:00,Uttar Pradesh,Prayagraj,2.75,5.48,0.22
27-07-2025 04:00,Gujarat,Ahmedabad,6.99,5.19,0.05
24-12-2025 08:00,Uttar Pradesh,Kanpur,7.5,4.26,0.23
07-06-2025 16:00,Assam,Dibrugarh,8.12,6.17,1.1
14-10-2025 08:00,Kerala,Alappuzha,1.92,6.13,0.02
08-02-2025 04:00,Karnataka,Kodagu,6.78,6.1,0.11
27-01-2026 10:00,Assam,Guwahati,7.9,6.2,0.75
30-10-2025 04:00,Uttar Pradesh,Gorakhpur,4.59,6.14,1.02
30-11-2025 20:00,Uttar Pradesh,Prayagraj,6.65,5.52,0.04
31-08-2025 13:00,Assam,Dibrugarh,3.22,6.29,0.01
03-07-2025 11:00,Uttar Pradesh,Lucknow,8.24,4.92,0.59
22-07-2025 15:00,Karnataka,Bengaluru,1.96,6.71,-0.09
21-12-2025 19:00,Karnataka,Bengaluru,7.1,5.33,0.36
14-08-2025 22:00,Maharashtra,Mumbai,2.02,6.54,0.25
19-11-2025 05:00,West Bengal,Darjeeling,6.79,5.99,0.38
20-02-2025 03:00,Odisha,Puri,4.09,4.12,0.34
07-06-2025 00:00,Bihar,Bhagalpur,4.99,6.95,-0.14
12-08-2025 05:00,Karnataka,Mysuru,1.32,4.11,-0.34
10-06-2025 12:00,Kerala,Kochi,2.15,6.43,-0.53
22-03-2025 06:00,Uttar Pradesh,Gorakhpur,1.85,6.24,0.21
10-05-2025 18:00,Bihar,Muzaffarpur,8.59,4.15,0.53
21-04-2025 01:00,Bihar,Patna,4.39,4.28,0.26
15-11-2025 07:00,Maharashtra,Mumbai,2.55,5.09,-0.31
03-11-2025 16:00,Gujarat,Vadodara,8.35,5.51,1.47
07-12-2025 22:00,Assam,Dibrugarh,4.81,6.71,0.42
14-11-2025 02:00,Tamil Nadu,Madurai,3.72,6.29,0.04
24-04-2025 16:00,Bihar,Bhagalpur,7.61,5.24,0.34
04-02-2026 21:00,Uttar Pradesh,Gorakhpur,6.56,6.06,-0.27
27-07-2025 17:00,Maharashtra,Nashik,7.93,5.85,0.48
13-10-2025 06:00,West Bengal,Kolkata,6.79,6.28,0.37
17-11-2025 18:00,Karnataka,Udupi,2.98,6.51,1.21
17-06-2025 04:00,Maharashtra,Nagpur,3.57,5.85,-0.45
20-04-2025 10:00,Maharashtra,Nashik,2.9,5.04,0.93
29-10-2025 14:00,Gujarat,Vadodara,8.55,6.92,0.39
10-12-2025 23:00,Maharashtra,Pune,7.08,4.5,0.22
03-02-2026 13:00,Tamil Nadu,Thanjavur,4.11,5.56,-0.21
03-02-2025 13:00,Tamil Nadu,Thanjavur,2.15,4.4,0.38
13-07-2025 02:00,Tamil Nadu,Coimbatore,7.18,5.57,0.32
07-08-2025 15:00,Gujarat,Ahmedabad,7.32,6.37,0.75
20-08-2025 22:00,Odisha,Kendrapara,7.26,4.09,-0.26
28-08-2025 03:00,Karnataka,Bengaluru,6.12,4.03,0.49
03-08-2025 07:00,Assam,Dhemaji,2.7,5.71,0.48
11-12-2025 09:00,Odisha,Balasore,4.34,5.57,1.2
05-07-2025 19:00,Odisha,Puri,3.66,4.05,0.01
21-02-2025 18:00,Bihar,Darbhanga,7.25,6.58,0.84
17-10-2025 09:00,Gujarat,Surat,1.1,5.55,0.14
28-08-2025 04:00,West Bengal,Kolkata,8.82,6.58,1.06
10-08-2025 21:00,Uttar Pradesh,Varanasi,3.85,4.5,-0.53
23-01-2025 19:00,Kerala,Kochi,2.81,5.41,0.0
06-05-2025 22:00,Maharashtra,Nashik,8.64,6.6,1.01
29-08-2025 01:00,Kerala,Kottayam,4.66,5.79,-0.01
17-06-2025 23:00,Karnataka,Udupi,3.68,6.65,0.46
02-01-2025 02:00,Gujarat,Bharuch,5.46,4.48,-0.56
26-07-2025 08:00,Karnataka,Bengaluru,3.63,5.17,0.29
03-08-2025 16:00,West Bengal,Malda,4.94,5.36,0.22
15-04-2025 12:00,Gujarat,Surat,7.48,4.73,-0.07
01-03-2025 17:00,Kerala,Kottayam,8.46,6.21,0.31
18-04-2025 14:00,Maharashtra,Mumbai,6.37,5.05,0.01
24-02-2025 06:00,Assam,Dhemaji,1.26,5.25,0.58
31-08-2025 04:00,Gujarat,Vadodara,3.18,6.87,0.09
03-11-2025 05:00,Uttar Pradesh,Gorakhpur,5.65,6.56,-0.865
09-08-2025 01:00,West Bengal,Kolkata,5.34,5.72,0.43
12-09-2025 18:00,Assam,Jorhat,8.97,5.38,0.28
20-02-2025 21:00,West Bengal,Howrah,8.97,5.3,-0.3
06-11-2025 19:00,Gujarat,Rajkot,8.57,4.55,0.34
17-04-2025 04:00,Kerala,Kozhikode,6.01,6.48,0.74
01-02-2025 06:00,Assam,Jorhat,8.78,4.12,-0.21
19-01-2025 05:00,Assam,Guwahati,5.48,6.66,0.09
02-07-2025 03:00,Odisha,Puri,1.15,4.86,1.32
05-07-2025 08:00,Tamil Nadu,Madurai,4.13,4.27,0.62
29-04-2025 15:00,Uttar Pradesh,Kanpur,2.46,5.88,0.78
18-02-2025 21:00,Kerala,Kochi,3.06,5.32,0.43
09-11-2025 07:00,Uttar Pradesh,Lucknow,1.47,6.15,-0.1
23-04-2025 11:00,Gujarat,Surat,7.37,6.36,1.13
17-02-2026 00:00,Maharashtra,Nagpur,2.22,6.42,0.16
01-02-2026 02:00,Uttar Pradesh,Gorakhpur,6.07,6.08,0.02
24-09-2025 11:00,Kerala,Kochi,7.51,6.33,0.46
14-04-2025 09:00,Gujarat,Surat,7.5,5.11,-0.07
16-08-2025 08:00,West Bengal,Malda,8.1,5.3,0.14
18-12-2025 20:00,Maharashtra,Nashik,2.27,4.44,1.34
23-04-2025 18:00,Uttar Pradesh,Kanpur,8.99,6.47,0.81
14-07-2025 05:00,Uttar Pradesh,Gorakhpur,3.61,6.58,0.24
14-01-2025 14:00,Tamil Nadu,Madurai,8.44,5.66,0.44
13-02-2025 07:00,Gujarat,Vadodara,7.74,6.95,0.28
20-04-2025 21:00,Gujarat,Surat,7.72,6.63,0.95
29-07-2025 06:00,West Bengal,Howrah,6.9,5.99,0.74
15-04-2025 03:00,Assam,Barpeta,3.85,5.46,0.3
11-02-2025 20:00,Assam,Dhemaji,8.77,5.64,0.75
30-04-2025 05:00,Gujarat,Vadodara,1.52,6.08,0.63
15-05-2025 17:00,Gujarat,Bharuch,6.54,6.64,0.19
19-03-2025 22:00,Gujarat,Bharuch,3.36,5.3,0.3
26-06-2025 21:00,Uttar Pradesh,Prayagraj,7.18,6.89,0.61
16-10-2025 15:00,Uttar Pradesh,Kanpur,2.81,6.74,0.78
16-12-2025 09:00,Assam,Barpeta,3.1,5.71,0.37
23-01-2025 06:00,Odisha,Puri,1.64,4.5,0.25
14-02-2026 11:00,Karnataka,Udupi,2.69,5.08,0.48
25-10-2025 20:00,Assam,Dhemaji,6.16,5.59,0.33
03-11-2025 21:00,Uttar Pradesh,Gorakhpur,5.46,5.36,0.9
25-01-2025 09:00,West Bengal,Malda,8.6,4.86,0.22
18-02-2026 02:00,Karnataka,Udupi,1.59,6.57,-0.12
07-05-2025 11:00,Maharashtra,Nashik,6.81,4.54,0.85
04-07-2025 12:00,Kerala,Kozhikode,7.04,6.88,1.28
20-06-2025 09:00,Tamil Nadu,Madurai,4.01,6.18,1.13
12-03-2025 23:00,Kerala,Kottayam,4.68,6.53,0.58
28-06-2025 23:00,Karnataka,Bengaluru,5.86,5.17,0.88
27-08-2025 07:00,Odisha,Puri,6.53,5.31,0.84
21-01-2025 11:00,Odisha,Puri,2.96,5.9,0.02
15-10-2025 11:00,Odisha,Bhubaneswar,1.02,4.5,1.05
01-07-2025 09:00,Uttar Pradesh,Kanpur,4.11,5.68,0.61
29-04-2025 04:00,Tamil Nadu,Madurai,7.54,5.1,0.46
05-04-2025 10:00,Tamil Nadu,Chennai,6.05,4.29,0.37
18-11-2025 14:00,Maharashtra,Nashik,8.41,4.26,-0.18
01-02-2026 19:00,Uttar Pradesh,Varanasi,5.22,5.3,0.89
01-12-2025 06:00,Uttar Pradesh,Lucknow,4.07,6.74,0.08
16-07-2025 03:00,Odisha,Bhubaneswar,4.71,4.07,-0.38
15-02-2026 03:00,Karnataka,Bengaluru,2.41,4.94,0.08
01-05-2025 20:00,Karnataka,Mangaluru,5.37,6.81,-0.13
05-02-2026 18:00,Maharashtra,Nashik,2.31,5.58,1.08
03-05-2025 16:00,Assam,Barpeta,6.65,6.28,0.98
21-03-2025 20:00,Maharashtra,Kolhapur,8.77,4.89,-0.02
13-05-2025 17:00,Assam,Dhemaji,4.95,4.92,-0.19
26-12-2025 10:00,Gujarat,Bharuch,5.14,4.8,-0.21
29-01-2026 02:00,Kerala,Kozhikode,6.29,5.67,0.07
30-10-2025 07:00,Gujarat,Surat,6.46,4.29,1.37
26-06-2025 22:00,Karnataka,Kodagu,1.41,5.82,-0.52
25-12-2025 23:00,Kerala,Kozhikode,5.08,4.36,-0.84
03-08-2025 10:00,Kerala,Alappuzha,8.8,5.7,1.43
23-12-2025 21:00,Karnataka,Udupi,8.13,6.26,0.63
15-04-2025 22:00,West Bengal,Murshidabad,8.03,6.74,0.68
17-01-2025 13:00,West Bengal,Howrah,8.31,6.42,0.09
24-02-2025 21:00,Kerala,Kochi,7.77,4.42,0.49
10-07-2025 00:00,Tamil Nadu,Tiruppur,7.56,4.44,0.49
06-01-2025 01:00,Gujarat,Rajkot,5.35,6.5,1.25
13-04-2025 01:00,Bihar,Bhagalpur,3.41,4.73,-0.06
04-01-2026 23:00,Assam,Barpeta,3.56,5.83,0.47
04-12-2025 20:00,Tamil Nadu,Madurai,4.3,4.3,0.59
07-03-2025 06:00,Odisha,Puri,1.16,4.08,0.43
24-03-2025 16:00,Assam,Dhemaji,8.2,4.96,0.33
30-06-2025 13:00,Assam,Dhemaji,8.56,4.66,-0.59
26-11-2025 14:00,Bihar,Gaya,4.69,5.33,0.38
22-01-2026 22:00,Bihar,Patna,6.94,5.28,0.19
13-06-2025 06:00,Tamil Nadu,Thanjavur,1.79,7.0,0.4
01-04-2025 13:00,Assam,Dhemaji,1.32,6.85,1.31
17-05-2025 19:00,Kerala,Kottayam,3.26,4.88,0.38
20-12-2025 23:00,Uttar Pradesh,Lucknow,6.63,5.32,-0.02
24-12-2025 16:00,Uttar Pradesh,Kanpur,7.53,5.24,-0.23
08-04-2025 05:00,West Bengal,Howrah,7.82,6.28,-0.5
24-01-2025 21:00,Bihar,Patna,7.29,6.1,0.13
02-06-2025 12:00,Karnataka,Kodagu,7.61,6.17,0.98
14-01-2026 03:00,Maharashtra,Nashik,6.02,6.46,0.3
10-02-2025 21:00,Kerala,Kozhikode,3.93,4.95,0.08
26-01-2026 10:00,West Bengal,Howrah,8.76,5.01,0.32
28-02-2025 15:00,Uttar Pradesh,Gorakhpur,2.08,5.26,0.45
23-01-2025 07:00,Kerala,Kottayam,8.63,6.73,0.64
29-06-2025 19:00,Assam,Guwahati,5.56,6.76,0.88
11-07-2025 14:00,West Bengal,Kolkata,6.12,5.7,0.81
26-12-2025 06:00,Odisha,Balasore,4.51,6.25,0.73
31-12-2025 22:00,West Bengal,Malda,7.54,4.18,0.41
01-03-2025 18:00,Gujarat,Rajkot,2.1,6.64,-0.24
19-10-2025 10:00,Karnataka,Mangaluru,3.28,5.9,-0.55
18-04-2025 11:00,Tamil Nadu,Tiruppur,1.74,5.7,0.43
27-01-2026 19:00,Assam,Dibrugarh,2.29,6.53,0.81
17-05-2025 05:00,Maharashtra,Pune,8.11,5.04,0.1
03-02-2026 01:00,Tamil Nadu,Tiruppur,6.0,4.44,0.76
09-06-2025 22:00,Odisha,Cuttack,1.66,6.36,0.44
19-03-2025 19:00,Uttar Pradesh,Varanasi,8.76,4.62,0.29
02-03-2025 14:00,Karnataka,Kodagu,4.34,4.29,0.2
16-03-2025 10:00,Tamil Nadu,Coimbatore,8.49,5.75,0.47
18-02-2026 00:00,Assam,Dhemaji,1.1,5.22,-0.11
23-10-2025 15:00,Assam,Guwahati,3.23,6.76,0.63
16-04-2025 01:00,Uttar Pradesh,Kanpur,1.34,6.69,-0.53
04-07-2025 23:00,Bihar,Gaya,2.29,4.36,0.34
17-03-2025 20:00,Odisha,Balasore,6.63,4.13,0.69
22-08-2025 23:00,Uttar Pradesh,Kanpur,5.82,6.37,0.71
03-05-2025 01:00,Odisha,Puri,2.86,6.8,-0.4
03-01-2025 03:00,Tamil Nadu,Madurai,6.97,5.82,0.32
16-07-2025 22:00,Assam,Jorhat,1.18,5.92,0.25
27-08-2025 04:00,Gujarat,Bharuch,3.61,5.34,0.21
16-08-2025 17:00,Karnataka,Kodagu,2.6,5.14,0.41
20-01-2025 13:00,Uttar Pradesh,Gorakhpur,8.83,4.94,1.15
20-04-2025 13:00,Bihar,Gaya,1.26,6.09,0.39
29-09-2025 09:00,Gujarat,Surat,1.4,4.68,1.41
08-11-2025 03:00,Karnataka,Kodagu,6.6,5.51,0.44
14-06-2025 09:00,Uttar Pradesh,Kanpur,2.64,4.63,0.57
16-09-2025 12:00,Gujarat,Bharuch,8.45,4.43,0.41
27-06-2025 14:00,Bihar,Muzaffarpur,3.94,4.54,0.85
19-03-2025 10:00,Kerala,Alappuzha,4.04,5.29,-0.24
02-02-2026 04:00,Uttar Pradesh,Gorakhpur,5.02,5.33,0.54
06-02-2025 01:00,West Bengal,Murshidabad,2.29,5.6,0.3
24-09-2025 06:00,Maharashtra,Nagpur,6.1,4.04,0.6
28-10-2025 12:00,Karnataka,Bengaluru,8.06,4.54,-0.26
25-07-2025 01:00,Odisha,Cuttack,4.36,5.59,-0.46
04-12-2025 13:00,Bihar,Patna,2.52,5.26,0.74
19-07-2025 16:00,Uttar Pradesh,Lucknow,4.76,5.61,0.25
04-01-2026 22:00,Bihar,Darbhanga,3.82,6.09,1.1
18-09-2025 10:00,Odisha,Kendrapara,2.3,6.68,0.53
05-09-2025 08:00,Odisha,Balasore,4.33,6.71,1.0
18-01-2025 17:00,Gujarat,Rajkot,8.71,6.38,0.27
08-01-2025 20:00,West Bengal,Howrah,8.83,4.21,1.15
23-08-2025 13:00,Kerala,Thrissur,3.55,6.42,0.79
01-07-2025 15:00,Odisha,Balasore,7.84,4.45,0.35
10-01-2025 12:00,Gujarat,Bharuch,7.79,4.64,1.22
20-11-2025 05:00,Karnataka,Mangaluru,4.09,5.73,0.73
16-11-2025 21:00,Gujarat,Rajkot,8.4,4.14,0.38
25-04-2025 05:00,West Bengal,Murshidabad,6.3,4.41,-0.22
13-02-2025 09:00,Karnataka,Udupi,6.19,5.97,0.18
19-06-2025 19:00,Assam,Guwahati,7.92,4.61,0.75
16-01-2026 20:00,Tamil Nadu,Chennai,6.28,6.01,-0.29
12-09-2025 22:00,Bihar,Darbhanga,8.93,4.51,0.23
15-10-2025 14:00,Gujarat,Bharuch,6.06,6.18,-0.09
20-01-2025 15:00,Maharashtra,Nagpur,8.18,4.9,0.31
02-05-2025 17:00,Bihar,Muzaffarpur,4.9,4.71,0.46
21-03-2025 09:00,Assam,Dhemaji,6.57,5.09,-0.25
05-01-2026 20:00,Kerala,Thrissur,4.3,6.82,0.1
03-02-2025 09:00,Odisha,Puri,6.3,5.49,0.32
03-03-2025 23:00,Uttar Pradesh,Kanpur,4.45,5.81,-0.12
18-12-2025 17:00,Maharashtra,Pune,2.96,4.88,0.94
10-01-2025 11:00,Odisha,Bhubaneswar,4.81,4.1,-0.22
25-11-2025 18:00,Kerala,Thrissur,8.42,6.78,0.18
17-02-2025 00:00,Bihar,Patna,6.79,5.74,-0.12
31-07-2025 06:00,Odisha,Puri,6.79,4.79,0.86
17-01-2026 22:00,Maharashtra,Pune,3.33,6.82,0.36
03-04-2025 00:00,Gujarat,Bharuch,8.38,4.72,0.38
30-11-2025 01:00,Gujarat,Ahmedabad,6.62,6.95,0.27
15-02-2026 02:00,Uttar Pradesh,Prayagraj,5.24,6.43,-0.49
01-10-2025 07:00,Odisha,Puri,6.84,4.39,-0.08
18-02-2026 09:00,Tamil Nadu,Coimbatore,5.46,6.45,-0.04
12-05-2025 09:00,Odisha,Kendrapara,8.19,6.4,-0.09
05-07-2025 01:00,Bihar,Patna,6.22,4.83,0.41
09-11-2025 17:00,Maharashtra,Kolhapur,4.68,5.39,0.72
09-01-2026 05:00,West Bengal,Darjeeling,2.27,4.69,-0.03
16-09-2025 23:00,Kerala,Alappuzha,4.59,4.14,0.3
04-02-2026 22:00,Uttar Pradesh,Lucknow,3.6,4.91,0.92
31-03-2025 08:00,Uttar Pradesh,Kanpur,2.06,6.86,0.08
05-11-2025 19:00,West Bengal,Malda,7.74,4.64,-0.24
08-01-2026 01:00,Assam,Dhemaji,6.98,6.45,-0.37
09-04-2025 22:00,Odisha,Balasore,2.17,4.77,0.85
18-04-2025 09:00,Uttar Pradesh,Lucknow,6.84,6.72,-0.41
10-03-2025 00:00,Bihar,Gaya,2.78,4.31,0.42
21-07-2025 08:00,Kerala,Thrissur,5.94,4.64,1.03
06-04-2025 18:00,Bihar,Patna,8.53,6.08,0.71
29-07-2025 17:00,Uttar Pradesh,Prayagraj,5.96,4.78,0.51
07-01-2025 12:00,Tamil Nadu,Madurai,1.22,4.35,0.24
02-12-2025 06:00,Tamil Nadu,Thanjavur,4.19,4.11,0.21
07-10-2025 10:00,Uttar Pradesh,Prayagraj,2.55,6.43,0.3
20-05-2025 13:00,Karnataka,Mysuru,3.94,4.23,0.01
30-04-2025 23:00,Bihar,Muzaffarpur,8.85,5.6,0.23
23-05-2025 05:00,West Bengal,Malda,5.21,6.86,0.07
20-11-2025 16:00,Kerala,Kochi,1.41,6.78,0.07
24-06-2025 13:00,Odisha,Balasore,4.01,6.72,0.72
05-02-2026 10:00,Kerala,Kochi,7.92,5.67,1.45
10-02-2026 14:00,Uttar Pradesh,Varanasi,5.64,4.02,0.71
30-10-2025 03:00,Kerala,Kozhikode,8.77,5.41,0.06
14-11-2025 05:00,Tamil Nadu,Tiruppur,1.67,5.25,0.81
16-10-2025 07:00,Tamil Nadu,Thanjavur,8.5,5.24,0.71
08-02-2026 09:00,Maharashtra,Nagpur,8.1,5.03,-0.13
07-02-2026 23:00,Tamil Nadu,Chennai,5.69,6.66,0.73
19-07-2025 18:00,West Bengal,Howrah,7.71,6.9,0.57
24-08-2025 14:00,Odisha,Kendrapara,3.87,4.61,0.33
14-04-2025 23:00,Gujarat,Vadodara,8.97,4.2,0.52
01-11-2025 08:00,Uttar Pradesh,Gorakhpur,2.69,4.25,-0.12
09-04-2025 20:00,Karnataka,Bengaluru,3.67,5.68,0.27
20-06-2025 11:00,Gujarat,Bharuch,1.71,6.89,0.01
30-01-2026 15:00,Kerala,Kottayam,2.39,4.6,0.28
25-05-2025 05:00,Odisha,Bhubaneswar,7.64,6.32,1.0
19-10-2025 22:00,Uttar Pradesh,Varanasi,6.11,5.03,1.05
13-08-2025 15:00,Kerala,Kottayam,1.63,6.66,1.07
26-10-2025 20:00,Assam,Dhemaji,7.42,6.39,0.34
26-08-2025 08:00,Karnataka,Bengaluru,3.94,6.57,0.2
25-08-2025 00:00,Gujarat,Bharuch,1.74,4.1,1.12
07-07-2025 15:00,Kerala,Kozhikode,2.49,6.16,0.1
17-04-2025 06:00,Odisha,Bhubaneswar,1.59,6.72,0.0
16-07-2025 11:00,West Bengal,Malda,8.45,4.48,-0.02
05-02-2025 07:00,Maharashtra,Mumbai,3.62,5.36,0.78
20-05-2025 08:00,Tamil Nadu,Thanjavur,2.04,4.77,0.58
09-02-2025 02:00,Tamil Nadu,Madurai,6.99,4.26,-0.48
21-07-2025 01:00,Gujarat,Bharuch,8.45,6.18,0.62
08-02-2026 21:00,Karnataka,Kodagu,7.99,6.32,1.0
05-01-2026 07:00,Kerala,Alappuzha,3.31,5.28,0.26
25-12-2025 18:00,Maharashtra,Nashik,2.09,5.48,0.0
12-08-2025 02:00,Karnataka,Mysuru,6.49,4.97,0.6
17-08-2025 05:00,Kerala,Alappuzha,2.55,4.48,1.29
10-02-2026 03:00,Bihar,Bhagalpur,5.36,6.5,-0.21
01-02-2025 12:00,Tamil Nadu,Thanjavur,6.59,5.39,0.71
17-07-2025 22:00,Bihar,Muzaffarpur,1.82,6.01,0.57
21-04-2025 04:00,Tamil Nadu,Tiruppur,1.11,5.34,0.88
23-06-2025 10:00,Uttar Pradesh,Varanasi,7.45,6.15,0.13
27-12-2025 08:00,Kerala,Thrissur,5.76,4.35,1.0
12-05-2025 21:00,Uttar Pradesh,Kanpur,1.23,4.26,0.59
28-09-2025 17:00,Maharashtra,Pune,7.36,4.04,0.76
07-09-2025 11:00,Tamil Nadu,Madurai,2.1,5.95,0.09
11-06-2025 09:00,West Bengal,Malda,3.52,4.33,0.52
19-11-2025 23:00,Odisha,Kendrapara,4.09,5.01,-0.02
29-09-2025 19:00,Assam,Barpeta,4.3,5.89,-0.36
23-05-2025 10:00,Bihar,Patna,6.59,5.91,-0.19
17-02-2026 16:00,Odisha,Kendrapara,3.85,6.3,0.18
27-03-2025 21:00,Maharashtra,Nashik,1.41,6.86,0.03
23-01-2025 21:00,Assam,Jorhat,2.25,5.89,1.22
05-07-2025 13:00,West Bengal,Murshidabad,2.68,5.87,-0.38
28-04-2025 04:00,Bihar,Muzaffarpur,1.33,5.96,0.32
01-01-2026 17:00,Uttar Pradesh,Kanpur,4.11,6.03,0.26
10-01-2026 19:00,Assam,Jorhat,8.56,4.14,0.34
17-04-2025 05:00,Tamil Nadu,Madurai,3.0,6.2,0.67
10-09-2025 21:00,Odisha,Puri,7.44,5.25,0.64
13-05-2025 01:00,Tamil Nadu,Madurai,5.34,4.61,0.59
21-10-2025 22:00,Maharashtra,Pune,8.99,6.11,-0.03
21-07-2025 04:00,Maharashtra,Pune,5.25,5.77,0.68
03-02-2026 18:00,Assam,Barpeta,5.16,6.54,0.34
22-02-2025 11:00,Tamil Nadu,Madurai,3.95,4.23,0.36
30-12-2025 00:00,Maharashtra,Pune,1.45,4.84,0.05
02-06-2025 13:00,Kerala,Alappuzha,6.25,4.71,0.32
27-11-2025 02:00,Bihar,Bhagalpur,2.89,5.22,-0.36
12-02-2025 16:00,Odisha,Bhubaneswar,5.94,4.04,0.86
26-07-2025 21:00,Karnataka,Bengaluru,5.43,6.31,0.08
01-02-2025 08:00,Gujarat,Ahmedabad,6.27,4.82,-0.12
14-06-2025 06:00,Bihar,Gaya,2.03,5.51,-0.08
04-06-2025 14:00,Tamil Nadu,Madurai,6.58,4.62,0.08
20-02-2026 00:00,Odisha,Kendrapara,7.98,6.06,0.38
23-03-2025 07:00,Gujarat,Vadodara,2.33,6.62,0.37
21-09-2025 02:00,Bihar,Darbhanga,1.49,6.26,0.71
15-01-2025 15:00,West Bengal,Murshidabad,1.3,5.97,0.31
04-03-2025 23:00,Tamil Nadu,Madurai,7.64,4.19,-0.26
21-07-2025 05:00,West Bengal,Darjeeling,1.52,6.53,-0.59
05-02-2026 16:00,Tamil Nadu,Tiruppur,2.76,5.59,0.04
06-06-2025 02:00,Uttar Pradesh,Kanpur,6.42,5.19,0.73
30-08-2025 15:00,Bihar,Darbhanga,8.44,6.54,0.07
30-01-2025 05:00,West Bengal,Malda,3.3,4.2,0.31
03-06-2025 21:00,Assam,Jorhat,2.23,5.12,0.53
12-07-2025 06:00,Tamil Nadu,Coimbatore,1.03,5.7,0.54
28-10-2025 13:00,Uttar Pradesh,Lucknow,2.33,5.73,0.03
24-01-2025 09:00,West Bengal,Murshidabad,3.16,6.58,0.3
07-04-2025 14:00,Kerala,Kozhikode,3.98,6.02,0.03
10-05-2025 02:00,Assam,Guwahati,7.14,5.98,0.04
21-07-2025 14:00,Karnataka,Bengaluru,4.69,5.66,0.02
12-05-2025 06:00,West Bengal,Kolkata,2.06,5.57,1.0
22-08-2025 16:00,Assam,Barpeta,7.26,4.16,0.75
29-06-2025 03:00,Assam,Barpeta,2.5,6.96,0.36
12-07-2025 10:00,Bihar,Bhagalpur,6.21,5.44,-0.08
19-06-2025 18:00,Uttar Pradesh,Prayagraj,7.89,6.26,1.02
16-06-2025 10:00,Kerala,Alappuzha,7.12,4.67,1.0
23-09-2025 13:00,Gujarat,Ahmedabad,5.6,4.19,0.85
14-09-2025 23:00,Kerala,Kozhikode,1.07,4.22,0.31
13-02-2025 15:00,Odisha,Balasore,1.77,4.35,0.44
03-05-2025 11:00,Assam,Barpeta,2.57,4.83,0.11
17-03-2025 08:00,Odisha,Puri,5.06,4.32,0.11
12-05-2025 22:00,Bihar,Muzaffarpur,1.71,6.88,0.3
18-01-2025 06:00,Maharashtra,Nagpur,1.01,6.29,0.73
25-02-2025 20:00,Odisha,Cuttack,6.78,6.54,0.56
26-01-2026 11:00,Odisha,Kendrapara,5.12,4.08,0.7
19-11-2025 12:00,Odisha,Puri,2.15,6.88,0.23
30-07-2025 20:00,Maharashtra,Kolhapur,1.02,5.38,-0.5
13-07-2025 01:00,Bihar,Gaya,8.67,5.64,0.41
12-07-2025 01:00,Bihar,Gaya,7.9,5.68,0.23
03-11-2025 22:00,Tamil Nadu,Madurai,7.12,6.49,0.12
03-03-2025 05:00,Maharashtra,Pune,7.48,6.01,0.3
13-03-2025 06:00,Gujarat,Rajkot,7.58,6.78,1.47
19-09-2025 06:00,Bihar,Gaya,2.72,6.38,-0.05
30-12-2025 20:00,Tamil Nadu,Chennai,6.32,5.08,0.24
05-04-2025 15:00,Uttar Pradesh,Kanpur,6.92,5.97,-0.46
07-03-2025 23:00,Assam,Jorhat,3.23,6.5,0.48
28-02-2025 20:00,Gujarat,Rajkot,1.28,5.23,0.77
21-06-2025 07:00,Karnataka,Udupi,8.06,6.33,0.65
15-11-2025 20:00,Karnataka,Mysuru,1.18,4.35,-0.35
06-10-2025 21:00,Tamil Nadu,Chennai,7.44,5.41,0.32
13-03-2025 18:00,Gujarat,Vadodara,5.67,5.97,0.36
26-03-2025 08:00,Odisha,Cuttack,7.31,6.17,0.4
03-04-2025 04:00,Tamil Nadu,Thanjavur,2.17,6.99,0.0
04-03-2025 19:00,West Bengal,Malda,2.21,4.64,-0.61
20-04-2025 06:00,Odisha,Kendrapara,5.1,5.59,0.58
09-08-2025 10:00,West Bengal,Malda,1.84,5.28,0.34
16-01-2026 08:00,Odisha,Bhubaneswar,1.03,4.03,0.22
25-02-2025 01:00,Bihar,Bhagalpur,6.1,5.04,-0.18
05-02-2025 02:00,Odisha,Cuttack,3.68,4.59,1.1
17-02-2025 18:00,Kerala,Thrissur,5.6,6.7,0.44
01-06-2025 00:00,Karnataka,Mysuru,3.69,4.66,-0.46
28-06-2025 08:00,Bihar,Gaya,7.12,6.01,0.61
11-01-2026 10:00,Gujarat,Rajkot,1.07,5.6,-0.17
10-01-2026 10:00,Assam,Jorhat,1.22,4.22,-0.05
15-07-2025 01:00,Bihar,Darbhanga,5.16,5.86,-0.07
20-01-2025 07:00,Bihar,Muzaffarpur,5.45,5.47,0.29
15-03-2025 02:00,Uttar Pradesh,Lucknow,1.38,4.77,0.12
14-06-2025 00:00,Assam,Jorhat,2.51,6.78,0.64
27-11-2025 13:00,Bihar,Darbhanga,4.71,5.28,-0.37
30-01-2026 04:00,Tamil Nadu,Thanjavur,7.73,6.73,0.98
03-07-2025 09:00,Odisha,Kendrapara,7.35,5.59,0.55
15-07-2025 20:00,Gujarat,Bharuch,8.88,5.53,-0.06
10-01-2026 15:00,Kerala,Thrissur,2.56,4.75,0.06
16-01-2025 18:00,Gujarat,Ahmedabad,5.63,6.34,-0.11
10-05-2025 10:00,Maharashtra,Pune,4.98,5.38,0.62
09-12-2025 07:00,Kerala,Alappuzha,7.53,4.34,0.1
25-02-2025 15:00,Uttar Pradesh,Lucknow,6.92,6.41,0.13
20-02-2025 23:00,Karnataka,Kodagu,3.0,4.73,0.64
10-06-2025 08:00,Bihar,Darbhanga,7.09,4.03,0.26
24-04-2025 04:00,West Bengal,Darjeeling,3.73,6.13,0.5
12-10-2025 21:00,Maharashtra,Nashik,8.37,6.77,1.08
04-05-2025 00:00,Kerala,Kozhikode,3.17,6.21,0.63
26-02-2025 06:00,Assam,Dhemaji,7.52,5.71,0.43
15-02-2025 02:00,Karnataka,Mangaluru,7.8,4.77,0.8
26-09-2025 21:00,Uttar Pradesh,Prayagraj,5.68,6.27,0.28
17-03-2025 11:00,Assam,Dhemaji,7.27,5.35,0.39
21-06-2025 17:00,Kerala,Kozhikode,4.09,5.15,0.69
26-02-2025 07:00,Uttar Pradesh,Kanpur,8.02,5.35,0.17
22-11-2025 17:00,Assam,Guwahati,6.5,5.97,1.5750000000000002
02-01-2026 12:00,Tamil Nadu,Coimbatore,2.86,5.23,0.95
20-03-2025 22:00,Uttar Pradesh,Gorakhpur,1.77,5.61,1.21
04-10-2025 15:00,Bihar,Darbhanga,3.97,4.04,0.01
24-01-2025 13:00,Gujarat,Surat,3.75,6.77,0.57
12-06-2025 15:00,Uttar Pradesh,Lucknow,7.62,5.18,0.95
23-10-2025 20:00,Maharashtra,Pune,1.9,4.56,-0.16
03-06-2025 01:00,Uttar Pradesh,Prayagraj,4.87,6.01,0.9
01-07-2025 22:00,Tamil Nadu,Thanjavur,2.84,6.31,-0.1
11-11-2025 09:00,Gujarat,Bharuch,2.69,6.03,0.37
20-02-2025 12:00,Uttar Pradesh,Prayagraj,3.35,5.48,0.39
19-02-2025 13:00,Assam,Guwahati,3.52,4.34,0.5
14-06-2025 19:00,Tamil Nadu,Madurai,6.05,5.62,0.19
07-02-2025 10:00,West Bengal,Murshidabad,5.64,6.01,0.63
19-07-2025 10:00,Odisha,Balasore,6.7,6.78,0.56
04-12-2025 04:00,West Bengal,Murshidabad,7.89,5.57,0.76
11-07-2025 18:00,Uttar Pradesh,Prayagraj,1.88,4.85,1.02
06-01-2026 16:00,Karnataka,Mysuru,8.64,6.12,0.6
24-05-2025 22:00,Kerala,Kochi,6.48,4.28,0.02
31-05-2025 09:00,Uttar Pradesh,Prayagraj,4.91,6.25,0.15
06-12-2025 21:00,Tamil Nadu,Madurai,4.08,6.1,0.18
01-01-2026 05:00,Kerala,Thrissur,3.68,4.72,-0.27
08-02-2026 05:00,Odisha,Puri,3.94,4.9,0.48
12-11-2025 12:00,Tamil Nadu,Madurai,7.63,5.53,1.1
12-06-2025 21:00,Bihar,Bhagalpur,5.37,4.69,0.78
17-06-2025 20:00,Odisha,Cuttack,8.45,5.71,0.58
13-06-2025 19:00,Kerala,Kozhikode,5.93,5.46,0.27
08-04-2025 04:00,Kerala,Alappuzha,3.94,6.92,-0.66
01-11-2025 06:00,Odisha,Cuttack,1.38,6.56,0.81
05-04-2025 06:00,Odisha,Kendrapara,3.92,6.92,0.8
21-01-2026 20:00,West Bengal,Darjeeling,3.17,5.21,0.36
29-08-2025 21:00,Karnataka,Udupi,4.18,4.67,0.12
19-04-2025 03:00,West Bengal,Darjeeling,4.26,5.18,0.66
28-10-2025 00:00,Uttar Pradesh,Prayagraj,5.53,5.44,0.55
30-05-2025 17:00,Tamil Nadu,Tiruppur,5.87,5.03,-0.03
06-08-2025 08:00,Gujarat,Rajkot,1.77,6.82,0.47
12-02-2025 22:00,Bihar,Bhagalpur,3.57,4.67,0.6
06-11-2025 17:00,Kerala,Kochi,8.52,5.29,0.4
25-11-2025 05:00,Karnataka,Udupi,7.69,5.5,-0.75
03-01-2026 15:00,Tamil Nadu,Thanjavur,4.71,5.28,0.42
10-12-2025 04:00,Tamil Nadu,Thanjavur,4.76,4.43,0.49
27-08-2025 21:00,Gujarat,Rajkot,2.39,5.48,0.25
13-08-2025 02:00,Odisha,Cuttack,8.59,5.4,0.39
20-11-2025 10:00,Kerala,Alappuzha,1.23,4.54,0.85
15-03-2025 03:00,Tamil Nadu,Thanjavur,8.9,6.67,0.72
03-11-2025 11:00,Assam,Barpeta,4.54,6.84,-0.18
23-06-2025 09:00,Kerala,Kochi,6.09,5.01,0.41
10-01-2025 15:00,Tamil Nadu,Coimbatore,4.47,4.31,0.03
04-12-2025 16:00,Kerala,Kochi,7.12,6.82,0.22
05-01-2025 14:00,Tamil Nadu,Chennai,6.67,4.01,0.35
16-08-2025 09:00,Karnataka,Bengaluru,2.26,4.52,-0.59
07-10-2025 12:00,Kerala,Kozhikode,8.58,5.19,0.11
15-04-2025 18:00,Tamil Nadu,Madurai,5.05,4.0,0.51
06-09-2025 09:00,Gujarat,Bharuch,2.25,5.77,0.78
28-06-2025 07:00,Uttar Pradesh,Kanpur,4.18,4.81,0.91
16-07-2025 16:00,Assam,Barpeta,5.68,4.61,0.33
02-05-2025 13:00,Gujarat,Vadodara,6.51,5.83,0.03
27-01-2026 06:00,Tamil Nadu,Madurai,4.46,6.11,0.19
05-05-2025 16:00,Tamil Nadu,Tiruppur,1.99,5.01,0.41
07-04-2025 13:00,Bihar,Darbhanga,3.2,6.81,0.2
21-07-2025 23:00,Bihar,Muzaffarpur,2.7,6.18,1.04
28-06-2025 20:00,Maharashtra,Mumbai,7.77,5.98,0.68
19-10-2025 07:00,Kerala,Thrissur,7.25,6.59,0.37
05-03-2025 03:00,Kerala,Kochi,1.78,4.79,-0.21
10-01-2025 00:00,Bihar,Gaya,6.13,4.1,0.12
19-01-2026 21:00,Karnataka,Udupi,3.45,5.43,0.75
13-01-2026 13:00,West Bengal,Murshidabad,6.34,4.43,1.3
17-12-2025 17:00,Karnataka,Mangaluru,6.55,5.91,0.37
05-04-2025 07:00,Bihar,Muzaffarpur,7.09,6.26,0.58
10-08-2025 22:00,Gujarat,Ahmedabad,6.91,6.76,0.48
13-10-2025 00:00,Assam,Dhemaji,6.06,5.55,-0.32
21-12-2025 02:00,Assam,Dhemaji,3.13,4.8,0.44
08-09-2025 10:00,Tamil Nadu,Madurai,1.24,6.96,0.25
07-02-2025 05:00,Assam,Dibrugarh,1.07,5.82,0.88
04-03-2025 02:00,Kerala,Alappuzha,3.64,6.8,-0.18
06-05-2025 03:00,Assam,Dibrugarh,6.24,4.35,0.55
19-03-2025 02:00,Uttar Pradesh,Kanpur,4.19,6.38,0.46
05-08-2025 15:00,Kerala,Alappuzha,5.55,5.4,-0.05
23-09-2025 20:00,Odisha,Puri,2.24,5.22,0.97
14-01-2025 12:00,Kerala,Kozhikode,6.47,4.62,0.32
20-02-2025 15:00,Gujarat,Rajkot,8.94,6.75,-0.26
01-05-2025 19:00,Tamil Nadu,Tiruppur,6.53,5.01,0.26
03-05-2025 05:00,Karnataka,Bengaluru,2.42,6.2,0.87
02-06-2025 10:00,Gujarat,Vadodara,4.82,5.88,0.09
28-12-2025 14:00,Maharashtra,Kolhapur,7.37,6.54,0.52
06-10-2025 01:00,Karnataka,Udupi,7.5,5.89,0.42
29-11-2025 04:00,Bihar,Muzaffarpur,7.21,5.4,0.6
24-12-2025 18:00,Uttar Pradesh,Gorakhpur,2.7,4.43,-0.11
15-09-2025 01:00,Karnataka,Bengaluru,8.27,5.97,0.5
10-02-2026 04:00,Karnataka,Mangaluru,6.22,4.03,0.76
17-02-2025 01:00,Bihar,Muzaffarpur,7.42,5.13,0.6
05-01-2026 00:00,Assam,Guwahati,2.94,4.63,0.27
02-05-2025 14:00,West Bengal,Darjeeling,2.09,4.53,0.53
12-06-2025 14:00,Gujarat,Surat,1.82,6.13,-0.54
28-11-2025 03:00,West Bengal,Murshidabad,5.07,4.51,-0.3
15-01-2026 01:00,Odisha,Kendrapara,3.15,5.66,0.58
09-06-2025 11:00,Karnataka,Bengaluru,8.67,6.11,0.32
25-07-2025 03:00,Karnataka,Mangaluru,4.74,5.12,0.83
09-01-2025 16:00,Gujarat,Ahmedabad,7.05,4.11,0.54
16-05-2025 14:00,Assam,Dhemaji,1.32,4.19,0.36
27-04-2025 11:00,West Bengal,Howrah,2.6,6.68,0.35
01-08-2025 18:00,Bihar,Gaya,1.72,4.12,0.79
11-01-2026 11:00,Tamil Nadu,Tiruppur,2.72,5.65,0.68
03-02-2025 06:00,Odisha,Puri,1.06,6.23,0.35
15-01-2026 09:00,West Bengal,Darjeeling,2.55,6.08,0.65
31-01-2025 14:00,Odisha,Kendrapara,6.08,5.43,0.21
04-04-2025 12:00,Bihar,Muzaffarpur,1.33,6.01,-0.15
08-01-2025 10:00,Kerala,Kochi,6.95,6.42,-0.34
31-08-2025 22:00,Kerala,Kottayam,1.01,5.38,1.15
20-10-2025 00:00,Kerala,Kochi,6.66,4.23,-0.06
18-02-2025 22:00,Karnataka,Bengaluru,2.05,5.5,0.17
04-10-2025 18:00,Maharashtra,Pune,5.52,4.03,0.14
01-09-2025 16:00,Uttar Pradesh,Varanasi,1.4,4.48,0.41
18-03-2025 07:00,Bihar,Patna,1.6,5.25,-0.77
30-11-2025 03:00,Bihar,Darbhanga,3.66,5.51,0.2
22-01-2026 15:00,West Bengal,Kolkata,6.99,4.16,1.03
26-11-2025 01:00,Bihar,Gaya,1.44,4.31,0.27
25-12-2025 05:00,Gujarat,Surat,8.42,4.25,0.71
22-12-2025 02:00,Maharashtra,Nashik,1.72,6.9,0.41
09-01-2025 06:00,Kerala,Kochi,6.05,6.64,-0.12
27-11-2025 08:00,Tamil Nadu,Chennai,7.78,6.29,-0.79
22-10-2025 20:00,Uttar Pradesh,Lucknow,1.86,6.67,0.46
22-01-2026 20:00,Karnataka,Bengaluru,6.03,5.79,0.41
15-02-2025 17:00,Tamil Nadu,Thanjavur,6.65,6.52,0.14
23-01-2025 20:00,Assam,Barpeta,1.67,5.83,0.18
15-10-2025 20:00,Odisha,Puri,8.55,6.67,0.5
09-12-2025 21:00,West Bengal,Murshidabad,2.27,4.28,0.69
16-07-2025 02:00,Kerala,Alappuzha,1.35,5.12,0.56
16-10-2025 00:00,Maharashtra,Nashik,3.25,5.95,0.91
21-05-2025 09:00,Uttar Pradesh,Gorakhpur,1.87,5.78,0.99
12-11-2025 23:00,Uttar Pradesh,Kanpur,1.06,5.99,0.0
16-04-2025 12:00,Odisha,Bhubaneswar,6.54,6.82,0.16
18-06-2025 23:00,Tamil Nadu,Chennai,2.25,5.78,1.24
07-04-2025 10:00,Gujarat,Surat,4.57,6.57,0.54
05-10-2025 05:00,Tamil Nadu,Tiruppur,3.46,5.96,0.07
14-10-2025 21:00,Uttar Pradesh,Lucknow,8.22,5.01,1.04
05-09-2025 09:00,West Bengal,Malda,1.13,4.11,-0.43
28-04-2025 07:00,Maharashtra,Nashik,5.84,6.9,0.61
24-05-2025 05:00,Maharashtra,Nashik,1.98,6.92,0.36
11-06-2025 16:00,Uttar Pradesh,Lucknow,8.67,5.87,-0.33
23-06-2025 05:00,Uttar Pradesh,Varanasi,7.88,6.15,-0.45
03-01-2025 18:00,Maharashtra,Nagpur,4.53,5.81,1.2
24-11-2025 18:00,Odisha,Bhubaneswar,3.57,5.87,0.43
26-01-2025 16:00,Gujarat,Rajkot,1.32,4.39,0.89
16-02-2025 14:00,Bihar,Bhagalpur,8.17,6.15,0.59
16-05-2025 20:00,West Bengal,Malda,4.99,6.64,0.29
22-05-2025 17:00,Karnataka,Mysuru,8.85,4.58,0.16
03-06-2025 20:00,Uttar Pradesh,Varanasi,5.92,4.45,0.77
09-02-2025 01:00,Tamil Nadu,Tiruppur,1.04,6.28,0.15
03-10-2025 04:00,Maharashtra,Nagpur,2.08,5.22,1.19
18-04-2025 04:00,Tamil Nadu,Chennai,7.16,4.47,-0.41
11-11-2025 00:00,Maharashtra,Mumbai,4.38,6.06,0.57
21-09-2025 12:00,West Bengal,Howrah,1.18,4.54,-0.19
26-01-2025 22:00,Tamil Nadu,Thanjavur,4.77,6.1,0.04
12-03-2025 01:00,West Bengal,Kolkata,7.36,5.95,0.02
30-03-2025 14:00,Karnataka,Mangaluru,8.55,6.97,-0.26
02-02-2025 19:00,Karnataka,Bengaluru,6.25,6.08,0.72
19-05-2025 20:00,Tamil Nadu,Thanjavur,4.42,4.99,0.3
29-10-2025 12:00,Tamil Nadu,Coimbatore,5.12,4.84,-0.14
15-02-2025 12:00,Tamil Nadu,Coimbatore,3.15,6.57,0.34
15-01-2026 07:00,Tamil Nadu,Chennai,3.29,4.52,0.11
29-07-2025 04:00,West Bengal,Malda,3.07,4.2,0.33
25-01-2026 17:00,Bihar,Darbhanga,6.04,4.64,0.51
05-09-2025 16:00,Odisha,Puri,1.86,6.27,-0.3
17-05-2025 16:00,Kerala,Kochi,4.47,5.37,0.04
08-12-2025 02:00,Kerala,Thrissur,4.93,6.65,0.53
02-04-2025 17:00,Kerala,Alappuzha,5.65,4.93,0.08
18-02-2025 08:00,Uttar Pradesh,Varanasi,3.46,6.98,0.51
21-08-2025 13:00,Odisha,Cuttack,4.58,5.58,0.94
30-05-2025 16:00,Gujarat,Surat,5.38,5.03,-0.25
14-06-2025 16:00,Assam,Jorhat,1.41,4.64,0.51
08-02-2026 19:00,Gujarat,Ahmedabad,2.07,4.63,0.47
18-09-2025 07:00,Assam,Dhemaji,7.64,4.98,0.49
23-06-2025 01:00,Uttar Pradesh,Prayagraj,4.82,6.8,-0.26
20-01-2025 22:00,Assam,Dibrugarh,2.08,4.37,0.47
26-02-2025 08:00,Bihar,Gaya,8.4,5.99,-0.23
29-06-2025 13:00,Maharashtra,Mumbai,8.36,6.1,-0.05
26-08-2025 10:00,Gujarat,Ahmedabad,7.15,5.24,1.04
21-04-2025 07:00,Karnataka,Kodagu,4.76,4.0,0.52
19-12-2025 12:00,Assam,Barpeta,2.84,4.99,1.49
08-12-2025 14:00,Assam,Dibrugarh,7.08,6.24,0.81
17-11-2025 09:00,Bihar,Gaya,5.34,4.08,0.03
21-01-2026 17:00,Karnataka,Udupi,2.86,6.09,0.4
18-04-2025 21:00,Tamil Nadu,Tiruppur,2.26,5.59,1.25
13-02-2025 01:00,Assam,Dhemaji,3.47,4.94,0.09
15-07-2025 06:00,Gujarat,Vadodara,4.57,6.89,-0.05
28-07-2025 19:00,Kerala,Thrissur,3.34,6.15,0.47
19-04-2025 06:00,Kerala,Kochi,1.46,4.24,0.65
31-08-2025 11:00,Tamil Nadu,Chennai,5.24,6.61,0.71
12-07-2025 00:00,Tamil Nadu,Madurai,6.29,4.82,0.33
19-12-2025 22:00,Kerala,Thrissur,7.38,6.02,0.0
12-01-2026 16:00,Bihar,Muzaffarpur,8.93,4.02,-0.34
07-11-2025 10:00,Maharashtra,Pune,4.75,5.51,-0.47
14-07-2025 15:00,Kerala,Thrissur,2.17,4.99,0.86
21-08-2025 15:00,Assam,Jorhat,7.4,6.91,0.53
04-06-2025 21:00,Gujarat,Bharuch,7.14,5.7,0.14
24-01-2026 15:00,Assam,Guwahati,2.22,4.08,0.09
13-06-2025 16:00,West Bengal,Murshidabad,1.13,5.94,0.15
31-05-2025 17:00,Bihar,Muzaffarpur,4.53,6.17,0.22
01-03-2025 09:00,Assam,Guwahati,2.34,4.54,0.72
26-01-2026 18:00,Maharashtra,Nashik,7.38,4.73,-0.21
02-05-2025 15:00,Uttar Pradesh,Gorakhpur,1.93,5.9,1.49
09-06-2025 03:00,Assam,Barpeta,7.4,4.07,0.13
19-03-2025 23:00,Odisha,Balasore,1.06,6.97,0.48
17-08-2025 15:00,Tamil Nadu,Tiruppur,1.83,4.6,-0.14
21-01-2025 00:00,Maharashtra,Nagpur,5.87,6.76,0.68
06-09-2025 20:00,Tamil Nadu,Tiruppur,7.17,6.76,0.68
05-02-2026 00:00,Odisha,Kendrapara,7.77,4.35,-0.03
01-05-2025 08:00,West Bengal,Howrah,3.48,4.74,-0.28
06-10-2025 14:00,Assam,Barpeta,2.1,6.75,0.4
21-09-2025 03:00,Gujarat,Bharuch,8.69,5.94,-0.17
22-01-2025 23:00,Assam,Guwahati,5.65,6.25,0.63
22-06-2025 01:00,Assam,Guwahati,3.4,6.94,0.1
31-01-2025 02:00,Tamil Nadu,Thanjavur,4.04,5.99,0.03
02-08-2025 08:00,Kerala,Alappuzha,1.36,6.2,0.27
16-07-2025 18:00,Maharashtra,Nashik,2.02,4.51,-0.12
10-01-2025 04:00,Tamil Nadu,Thanjavur,7.55,5.41,0.29
18-01-2026 20:00,Bihar,Gaya,3.12,6.6,0.4
22-03-2025 15:00,Bihar,Gaya,1.11,6.96,0.02
15-01-2025 08:00,Tamil Nadu,Tiruppur,7.22,5.08,0.7
14-12-2025 04:00,Tamil Nadu,Coimbatore,1.67,6.99,1.1
08-02-2026 02:00,Odisha,Balasore,6.82,6.66,0.41
06-07-2025 19:00,Kerala,Kozhikode,5.45,5.09,0.63
09-02-2026 10:00,Bihar,Patna,4.7,6.9,0.68
20-12-2025 14:00,Karnataka,Mangaluru,8.68,6.95,0.04
20-01-2026 00:00,West Bengal,Kolkata,5.17,6.93,1.07
15-10-2025 15:00,Gujarat,Surat,1.74,4.36,0.49
17-01-2026 10:00,Uttar Pradesh,Prayagraj,6.9,5.12,0.55
06-09-2025 08:00,Uttar Pradesh,Gorakhpur,6.76,5.6,0.23
21-10-2025 02:00,Assam,Jorhat,8.78,6.1,0.55
10-09-2025 03:00,Gujarat,Vadodara,2.61,6.81,0.24
10-04-2025 15:00,Gujarat,Rajkot,5.18,4.46,0.4
27-10-2025 05:00,Uttar Pradesh,Gorakhpur,1.92,6.9,0.49
30-06-2025 08:00,Kerala,Kochi,8.89,6.95,0.94
26-09-2025 20:00,Maharashtra,Mumbai,2.01,6.14,0.91
24-03-2025 15:00,Odisha,Cuttack,2.45,5.34,0.5
10-12-2025 14:00,Assam,Dhemaji,3.33,4.84,0.48
06-03-2025 18:00,Karnataka,Mysuru,1.69,6.44,0.01
22-07-2025 02:00,Odisha,Puri,1.29,4.81,0.12
14-01-2026 23:00,Assam,Guwahati,8.39,5.43,0.18
18-02-2026 10:00,Karnataka,Mysuru,7.74,4.52,0.11
10-11-2025 20:00,Assam,Dhemaji,4.03,6.25,-0.27
13-10-2025 13:00,Assam,Guwahati,2.33,6.55,0.3
13-07-2025 09:00,Tamil Nadu,Chennai,2.06,5.31,0.89
01-05-2025 01:00,Odisha,Puri,8.63,4.68,0.22
11-03-2025 21:00,Karnataka,Mangaluru,3.73,6.46,0.73
23-07-2025 13:00,Kerala,Kozhikode,4.08,6.04,0.52
23-03-2025 20:00,Kerala,Kozhikode,4.49,6.0,0.28
07-02-2025 13:00,Tamil Nadu,Coimbatore,3.09,4.96,0.53
25-10-2025 02:00,West Bengal,Darjeeling,4.05,6.43,-0.57
08-05-2025 20:00,Assam,Dhemaji,7.67,5.22,0.72
06-04-2025 16:00,West Bengal,Malda,3.23,6.0,-0.4
17-09-2025 21:00,Kerala,Kozhikode,5.88,5.73,0.11
02-09-2025 06:00,Bihar,Gaya,7.65,4.51,0.12
13-01-2025 08:00,Assam,Barpeta,1.18,5.77,0.19
01-01-2026 18:00,Bihar,Muzaffarpur,1.46,5.98,0.61
03-01-2025 09:00,West Bengal,Darjeeling,7.7,4.59,0.56
29-10-2025 18:00,Gujarat,Surat,8.04,6.95,0.74
02-07-2025 17:00,West Bengal,Darjeeling,4.81,4.46,0.38
05-05-2025 08:00,Kerala,Kozhikode,2.95,5.87,0.03
02-01-2025 03:00,Karnataka,Bengaluru,4.07,6.05,0.06
03-07-2025 15:00,Assam,Dibrugarh,2.85,4.6,0.45
16-02-2026 13:00,Kerala,Kozhikode,3.91,4.76,0.67
22-04-2025 12:00,Karnataka,Mysuru,7.66,4.38,0.45
23-12-2025 01:00,Maharashtra,Kolhapur,2.54,4.52,-0.07
08-08-2025 06:00,Kerala,Kottayam,6.08,5.04,-0.35
01-09-2025 09:00,Kerala,Kozhikode,4.84,6.62,0.43
20-10-2025 13:00,Gujarat,Vadodara,5.96,4.82,0.65
16-05-2025 08:00,Assam,Guwahati,2.13,6.56,0.32
25-08-2025 03:00,Maharashtra,Mumbai,8.65,5.48,1.06
11-06-2025 20:00,Maharashtra,Nagpur,5.62,4.15,0.82
16-11-2025 07:00,Kerala,Kottayam,3.35,6.56,1.55
13-01-2025 07:00,Tamil Nadu,Coimbatore,1.99,5.49,0.74
12-05-2025 17:00,Karnataka,Bengaluru,5.44,5.2,0.97
18-04-2025 12:00,Kerala,Kottayam,7.74,5.46,0.08
11-06-2025 06:00,Kerala,Thrissur,4.72,6.66,0.37
19-01-2026 18:00,West Bengal,Kolkata,2.89,5.1,0.04
03-07-2025 12:00,Karnataka,Kodagu,1.93,6.39,0.77
17-10-2025 16:00,Kerala,Kozhikode,6.15,4.48,0.53
28-01-2025 00:00,West Bengal,Murshidabad,4.14,5.16,0.93
27-02-2025 02:00,Uttar Pradesh,Gorakhpur,8.57,4.79,0.83
15-02-2026 15:00,Uttar Pradesh,Kanpur,7.64,6.33,0.21
19-10-2025 08:00,Tamil Nadu,Tiruppur,7.95,4.27,0.64
19-08-2025 12:00,Karnataka,Udupi,2.44,6.89,0.67
05-02-2026 20:00,Uttar Pradesh,Varanasi,1.64,6.83,0.18
26-08-2025 20:00,West Bengal,Murshidabad,5.05,4.77,0.68
25-06-2025 09:00,Karnataka,Mysuru,4.66,4.52,-0.16
29-01-2025 09:00,Bihar,Darbhanga,4.89,5.65,0.24
19-01-2025 02:00,Gujarat,Bharuch,6.75,6.29,0.8
23-01-2026 21:00,Maharashtra,Mumbai,5.88,4.08,0.16
21-07-2025 00:00,Kerala,Kozhikode,6.62,5.36,0.26
11-02-2026 17:00,Assam,Barpeta,3.77,4.19,0.97
12-05-2025 15:00,Assam,Dhemaji,5.65,6.31,-0.74
04-03-2025 01:00,Bihar,Darbhanga,4.36,4.9,-0.18
05-05-2025 11:00,Bihar,Muzaffarpur,5.88,6.25,0.7
03-02-2025 20:00,Kerala,Thrissur,2.21,5.79,-0.22
20-03-2025 10:00,Bihar,Patna,6.63,5.65,-0.19
22-01-2026 03:00,Tamil Nadu,Madurai,5.39,5.99,-0.09
25-07-2025 16:00,Odisha,Puri,1.33,4.09,-0.01
18-02-2026 23:00,Gujarat,Bharuch,6.64,6.26,0.35
22-03-2025 20:00,Odisha,Balasore,3.98,4.67,0.08
18-05-2025 08:00,Odisha,Cuttack,5.72,6.41,1.5750000000000002
28-05-2025 06:00,West Bengal,Murshidabad,2.11,4.64,0.32
08-07-2025 13:00,Karnataka,Kodagu,2.85,4.32,0.72
05-06-2025 09:00,Uttar Pradesh,Prayagraj,2.12,6.18,-0.04
20-10-2025 07:00,Tamil Nadu,Coimbatore,1.68,6.04,0.6
09-03-2025 04:00,Tamil Nadu,Madurai,2.74,6.15,0.72
19-02-2025 05:00,Uttar Pradesh,Prayagraj,4.61,4.82,0.43
27-02-2025 07:00,Gujarat,Surat,8.57,6.77,1.19
20-01-2026 08:00,Gujarat,Rajkot,3.86,6.43,0.36
14-06-2025 10:00,Gujarat,Ahmedabad,7.0,6.22,-0.62
28-10-2025 10:00,Assam,Dhemaji,4.46,5.09,0.07
06-08-2025 03:00,Gujarat,Surat,2.2,5.43,-0.05
03-01-2025 15:00,Gujarat,Surat,8.47,4.87,0.35
27-01-2025 02:00,Maharashtra,Nashik,5.24,5.14,0.56
04-07-2025 05:00,Karnataka,Mysuru,1.81,6.2,0.62
11-03-2025 13:00,Kerala,Thrissur,8.37,4.57,-0.63
30-03-2025 00:00,West Bengal,Howrah,4.49,5.68,0.18
30-08-2025 20:00,West Bengal,Darjeeling,1.58,4.85,0.78
11-02-2026 19:00,Karnataka,Kodagu,2.08,4.26,0.44
18-06-2025 00:00,Karnataka,Mysuru,7.64,5.43,0.94
30-09-2025 17:00,Bihar,Gaya,4.92,6.7,0.75
28-11-2025 04:00,Bihar,Gaya,2.01,4.77,0.42
04-01-2025 12:00,Bihar,Bhagalpur,7.42,4.38,0.37
18-01-2026 12:00,Odisha,Cuttack,6.05,4.52,0.72
02-03-2025 22:00,Karnataka,Mangaluru,2.91,6.71,0.21
06-04-2025 03:00,Gujarat,Ahmedabad,4.57,6.43,0.91
01-05-2025 07:00,West Bengal,Darjeeling,3.63,4.48,1.04
01-09-2025 02:00,West Bengal,Murshidabad,7.93,4.2,-0.09
29-01-2025 12:00,Gujarat,Bharuch,4.86,6.89,0.73
06-07-2025 05:00,Odisha,Cuttack,7.92,5.25,-0.2
18-01-2025 10:00,Assam,Dibrugarh,3.51,4.62,1.15
06-08-2025 20:00,Assam,Jorhat,7.0,5.29,-0.18
27-06-2025 05:00,Odisha,Balasore,2.54,4.1,-0.35
23-04-2025 21:00,Gujarat,Ahmedabad,6.98,6.43,0.65
09-04-2025 05:00,West Bengal,Kolkata,1.1,6.43,0.68
02-12-2025 19:00,Uttar Pradesh,Lucknow,1.81,6.84,0.91
26-02-2025 22:00,Assam,Dibrugarh,8.1,4.64,0.74
19-09-2025 13:00,Karnataka,Udupi,3.31,4.84,-0.865
13-06-2025 04:00,Maharashtra,Mumbai,4.97,6.95,0.43
13-01-2025 05:00,Karnataka,Mysuru,1.21,6.6,-0.5
20-04-2025 23:00,Kerala,Kochi,4.46,6.31,1.37
30-01-2026 02:00,Uttar Pradesh,Gorakhpur,4.96,6.58,-0.33
04-03-2025 18:00,Tamil Nadu,Tiruppur,1.64,6.51,-0.36
12-01-2026 13:00,West Bengal,Kolkata,2.99,5.13,0.48
05-11-2025 01:00,Tamil Nadu,Chennai,7.19,5.53,0.81
10-03-2025 02:00,West Bengal,Howrah,5.3,4.91,0.24
13-04-2025 09:00,Bihar,Patna,8.45,4.81,-0.17
17-02-2026 03:00,West Bengal,Darjeeling,7.21,6.7,0.26
20-08-2025 14:00,Bihar,Darbhanga,1.38,6.77,0.07
11-02-2026 07:00,Tamil Nadu,Madurai,8.89,4.01,0.14
06-04-2025 20:00,Uttar Pradesh,Kanpur,6.39,5.7,0.2
09-07-2025 01:00,Gujarat,Surat,6.41,5.89,0.51
03-05-2025 10:00,Bihar,Gaya,2.94,5.93,0.01
07-03-2025 03:00,Bihar,Darbhanga,1.42,5.87,1.03
26-08-2025 01:00,Gujarat,Vadodara,4.86,4.94,-0.39
27-12-2025 18:00,West Bengal,Murshidabad,4.97,6.26,0.63
10-11-2025 05:00,Tamil Nadu,Tiruppur,4.84,5.45,0.82
24-03-2025 11:00,Tamil Nadu,Coimbatore,4.03,4.15,-0.34
20-03-2025 11:00,Gujarat,Surat,7.1,6.04,0.79
08-06-2025 11:00,Odisha,Balasore,4.32,6.58,-0.5
19-01-2025 06:00,Maharashtra,Nagpur,3.85,6.15,0.52
13-07-2025 03:00,Assam,Barpeta,4.29,6.97,-0.33
08-07-2025 16:00,Kerala,Alappuzha,8.86,4.25,1.32
30-06-2025 12:00,Karnataka,Udupi,4.81,5.0,0.47
29-05-2025 21:00,Maharashtra,Nagpur,2.37,5.12,0.8
31-12-2025 05:00,Karnataka,Mangaluru,4.47,5.24,0.5
07-01-2026 07:00,Tamil Nadu,Coimbatore,2.78,5.65,0.1
20-07-2025 17:00,West Bengal,Murshidabad,3.47,4.62,-0.21
26-09-2025 03:00,Gujarat,Vadodara,5.82,6.33,0.67
05-05-2025 10:00,Karnataka,Udupi,6.73,4.04,0.63
23-11-2025 14:00,Odisha,Puri,4.69,5.34,0.75
30-01-2025 08:00,Kerala,Thrissur,3.49,6.76,-0.39
06-04-2025 00:00,Maharashtra,Nashik,8.98,6.66,-0.36
30-12-2025 22:00,Tamil Nadu,Tiruppur,1.96,5.1,-0.44
22-06-2025 19:00,Uttar Pradesh,Gorakhpur,6.04,4.39,0.18
14-08-2025 12:00,Karnataka,Mysuru,6.23,5.44,0.06
16-01-2025 13:00,Karnataka,Kodagu,1.1,5.06,0.11
24-09-2025 21:00,Gujarat,Surat,1.91,4.1,1.04
20-01-2026 07:00,Assam,Barpeta,7.31,5.98,-0.23
18-04-2025 17:00,Odisha,Kendrapara,5.82,6.47,0.2
25-02-2025 12:00,Tamil Nadu,Coimbatore,1.55,4.42,0.53
03-02-2026 20:00,Karnataka,Udupi,5.15,5.39,0.22
09-08-2025 02:00,Karnataka,Kodagu,6.97,6.67,0.51
16-01-2026 11:00,Kerala,Alappuzha,7.35,6.29,0.01
13-12-2025 11:00,West Bengal,Darjeeling,4.14,6.95,-0.73
13-02-2026 17:00,Karnataka,Bengaluru,5.85,5.81,0.14
16-03-2025 08:00,Assam,Barpeta,7.65,5.07,-0.63
13-05-2025 14:00,West Bengal,Darjeeling,4.45,6.26,0.59
21-01-2025 14:00,Assam,Guwahati,2.89,4.36,-0.03
03-11-2025 19:00,Gujarat,Ahmedabad,3.46,6.89,1.14
30-04-2025 04:00,Karnataka,Bengaluru,2.76,6.52,0.78
27-11-2025 09:00,West Bengal,Malda,2.14,6.52,-0.07
18-06-2025 09:00,Assam,Jorhat,5.25,5.04,-0.1
27-10-2025 02:00,Maharashtra,Nagpur,8.07,4.74,0.95
01-05-2025 17:00,Tamil Nadu,Thanjavur,4.82,6.82,0.8
16-01-2025 06:00,Bihar,Darbhanga,2.84,6.26,0.9
05-02-2025 09:00,West Bengal,Howrah,3.86,4.53,0.93
07-11-2025 00:00,Gujarat,Surat,2.26,6.26,0.36
29-01-2026 22:00,Kerala,Alappuzha,1.86,4.79,0.13
29-06-2025 05:00,West Bengal,Malda,7.91,6.19,0.56
21-04-2025 13:00,Kerala,Alappuzha,7.4,4.09,0.51
26-05-2025 23:00,Gujarat,Bharuch,8.9,6.39,0.92
06-03-2025 05:00,Bihar,Gaya,3.94,6.27,1.02
23-06-2025 13:00,Uttar Pradesh,Lucknow,6.85,5.49,0.4
05-01-2026 10:00,Tamil Nadu,Coimbatore,6.37,4.32,0.12
14-01-2025 10:00,Kerala,Thrissur,2.1,5.82,0.41
26-03-2025 15:00,West Bengal,Malda,5.2,6.18,-0.12
03-02-2025 21:00,Maharashtra,Pune,2.06,5.97,0.37
08-01-2026 11:00,West Bengal,Malda,4.81,5.77,0.17
26-01-2026 15:00,West Bengal,Darjeeling,1.75,5.35,0.14
14-02-2025 23:00,Odisha,Cuttack,5.18,5.0,0.61
03-04-2025 18:00,Odisha,Balasore,7.06,4.92,0.34
16-01-2026 16:00,Tamil Nadu,Tiruppur,4.43,4.7,0.28
02-02-2026 03:00,West Bengal,Howrah,5.75,4.08,0.16
23-04-2025 17:00,Maharashtra,Kolhapur,7.74,6.55,0.36
12-10-2025 08:00,West Bengal,Murshidabad,4.75,5.73,-0.56
11-11-2025 20:00,Uttar Pradesh,Gorakhpur,2.06,4.45,0.46
18-02-2025 12:00,Maharashtra,Pune,8.56,4.56,0.94
16-05-2025 21:00,Tamil Nadu,Madurai,5.04,6.89,0.27
15-07-2025 07:00,Bihar,Patna,3.74,4.1,0.32
02-03-2025 10:00,Kerala,Kochi,1.3,4.31,0.78
10-06-2025 22:00,Tamil Nadu,Coimbatore,3.8,4.04,1.31
12-09-2025 07:00,Maharashtra,Mumbai,6.92,4.83,-0.08
19-01-2026 23:00,West Bengal,Murshidabad,7.56,4.85,-0.02
24-10-2025 16:00,Tamil Nadu,Tiruppur,5.8,5.47,1.17
24-09-2025 14:00,Assam,Jorhat,5.14,5.92,0.84
04-02-2026 12:00,Karnataka,Kodagu,6.18,5.41,0.23
16-09-2025 22:00,Gujarat,Rajkot,5.95,5.84,0.89
06-02-2026 21:00,Bihar,Gaya,2.39,6.68,-0.865
11-08-2025 08:00,Odisha,Puri,3.1,6.42,0.03
19-06-2025 00:00,Tamil Nadu,Madurai,8.04,4.36,0.91
01-02-2026 07:00,Maharashtra,Pune,8.09,5.6,-0.23
05-05-2025 23:00,Odisha,Balasore,3.9,6.61,0.94
12-01-2026 00:00,Karnataka,Udupi,7.04,5.9,0.72
21-02-2025 07:00,Tamil Nadu,Madurai,8.54,4.98,-0.14
05-03-2025 02:00,Bihar,Bhagalpur,6.41,5.7,0.62
07-04-2025 09:00,Kerala,Kozhikode,1.71,4.03,0.89
02-03-2025 11:00,Bihar,Muzaffarpur,6.17,4.74,0.67
08-08-2025 11:00,Tamil Nadu,Coimbatore,2.77,5.72,0.13
13-09-2025 11:00,Tamil Nadu,Coimbatore,4.75,4.47,0.15
22-12-2025 11:00,Bihar,Patna,6.87,4.08,0.13
27-09-2025 08:00,Tamil Nadu,Chennai,6.42,4.43,0.52
04-02-2025 22:00,Maharashtra,Kolhapur,5.31,6.52,0.35
18-02-2026 03:00,Gujarat,Bharuch,6.9,6.05,0.84
11-12-2025 05:00,Odisha,Cuttack,7.5,4.45,0.25
25-09-2025 06:00,Assam,Dibrugarh,4.81,5.97,0.52
21-12-2025 08:00,Odisha,Bhubaneswar,5.91,5.62,0.39
29-05-2025 15:00,Bihar,Darbhanga,2.85,6.23,0.3
22-01-2026 00:00,Kerala,Kottayam,8.94,6.64,0.83
09-05-2025 15:00,West Bengal,Darjeeling,6.57,5.21,0.87
27-12-2025 03:00,Uttar Pradesh,Lucknow,6.41,6.44,-0.16
13-03-2025 10:00,Bihar,Muzaffarpur,5.77,4.12,-0.45
15-01-2025 03:00,Gujarat,Ahmedabad,4.36,4.51,0.41
03-02-2026 11:00,West Bengal,Malda,6.81,4.94,0.0
05-09-2025 14:00,Maharashtra,Kolhapur,4.29,5.69,0.45
16-02-2026 05:00,Uttar Pradesh,Prayagraj,6.49,5.53,0.57
04-12-2025 14:00,Tamil Nadu,Chennai,1.0,4.18,-0.2
20-12-2025 16:00,Karnataka,Mangaluru,1.03,6.4,0.4
25-01-2025 12:00,West Bengal,Darjeeling,8.13,6.18,0.29
21-05-2025 05:00,Tamil Nadu,Chennai,4.18,6.75,0.45
22-04-2025 06:00,Gujarat,Ahmedabad,6.99,4.2,-0.19
30-05-2025 13:00,Karnataka,Mysuru,3.23,5.04,-0.28
02-01-2025 10:00,Odisha,Cuttack,3.0,4.39,0.37
02-01-2025 04:00,Odisha,Kendrapara,5.83,5.29,0.0
23-12-2025 09:00,Gujarat,Rajkot,2.51,6.53,0.29
05-12-2025 05:00,Maharashtra,Nagpur,3.08,6.78,0.45
01-04-2025 10:00,Karnataka,Kodagu,7.29,6.49,0.14
16-12-2025 01:00,Gujarat,Vadodara,6.36,5.4,1.12
23-08-2025 04:00,Kerala,Thrissur,5.45,6.38,-0.865
07-02-2025 01:00,Bihar,Muzaffarpur,2.31,4.31,-0.865
28-09-2025 09:00,Assam,Barpeta,6.7,5.39,0.29
19-05-2025 10:00,Gujarat,Ahmedabad,5.95,4.41,0.61
27-01-2026 12:00,Karnataka,Udupi,2.63,6.25,0.56
27-05-2025 10:00,Tamil Nadu,Thanjavur,3.76,4.81,0.46
04-07-2025 04:00,Gujarat,Vadodara,1.26,5.14,0.14
14-12-2025 23:00,Gujarat,Bharuch,6.06,6.3,0.6
12-08-2025 09:00,Uttar Pradesh,Varanasi,7.4,6.08,0.91
05-06-2025 13:00,Uttar Pradesh,Lucknow,3.4,5.6,0.5
30-01-2026 07:00,Maharashtra,Nagpur,8.11,6.64,-0.865
23-10-2025 01:00,Karnataka,Mangaluru,8.14,7.0,0.07
10-03-2025 22:00,Gujarat,Surat,1.48,4.64,0.44
29-07-2025 16:00,Maharashtra,Nashik,7.7,5.31,0.63
10-01-2025 07:00,Kerala,Thrissur,6.66,5.09,0.79
26-12-2025 09:00,Maharashtra,Kolhapur,8.47,6.42,0.26
16-09-2025 02:00,Uttar Pradesh,Prayagraj,7.02,6.0,0.57
08-03-2025 06:00,Assam,Barpeta,2.19,6.42,0.33
07-09-2025 06:00,Maharashtra,Nashik,1.27,4.9,0.85
16-05-2025 16:00,Assam,Dibrugarh,6.04,4.19,0.29
06-10-2025 08:00,Uttar Pradesh,Gorakhpur,6.2,5.7,-0.52
18-07-2025 18:00,Karnataka,Udupi,1.96,4.89,-0.07
01-04-2025 21:00,Bihar,Gaya,7.8,6.08,0.66
11-10-2025 11:00,Maharashtra,Kolhapur,7.23,4.95,0.75
24-07-2025 17:00,West Bengal,Murshidabad,7.7,5.52,0.03
10-10-2025 18:00,Maharashtra,Pune,1.04,4.84,0.32
19-07-2025 13:00,Assam,Dhemaji,2.55,4.14,0.79
20-02-2025 09:00,West Bengal,Howrah,4.63,4.4,0.91
18-01-2025 13:00,Tamil Nadu,Thanjavur,7.79,4.02,-0.19
31-12-2025 04:00,Maharashtra,Nagpur,8.22,4.66,-0.02
13-03-2025 02:00,Odisha,Bhubaneswar,3.4,4.06,-0.39
18-02-2025 06:00,Assam,Dhemaji,1.26,6.78,0.25
07-04-2025 02:00,Maharashtra,Nashik,5.17,6.23,0.58
12-01-2025 09:00,Odisha,Puri,6.66,4.01,-0.36
08-01-2025 03:00,Tamil Nadu,Madurai,4.91,4.74,0.02
14-06-2025 20:00,Uttar Pradesh,Prayagraj,6.21,4.57,-0.69
07-10-2025 00:00,Tamil Nadu,Tiruppur,8.5,6.6,-0.49
13-05-2025 20:00,Bihar,Patna,6.91,6.31,0.37
05-12-2025 20:00,Kerala,Kozhikode,8.9,6.3,-0.15
20-07-2025 08:00,Tamil Nadu,Chennai,2.14,5.0,0.86
03-12-2025 19:00,Uttar Pradesh,Prayagraj,6.66,5.28,1.24
07-03-2025 04:00,Kerala,Kottayam,7.23,6.57,0.55
16-03-2025 06:00,West Bengal,Malda,4.15,4.15,-0.22
05-02-2025 03:00,Karnataka,Kodagu,2.53,5.08,0.36
25-01-2026 09:00,Assam,Barpeta,8.81,4.14,0.11
05-07-2025 21:00,Kerala,Kozhikode,1.8,4.56,0.84
07-02-2025 16:00,Assam,Dibrugarh,4.05,4.96,0.67
04-09-2025 07:00,Maharashtra,Nashik,2.86,4.56,0.39
19-02-2026 14:00,Assam,Dhemaji,2.62,6.84,0.19
23-01-2026 09:00,Assam,Jorhat,1.54,5.91,0.37
06-03-2025 11:00,Uttar Pradesh,Prayagraj,8.58,4.98,0.84
28-03-2025 16:00,Tamil Nadu,Thanjavur,2.95,4.55,-0.36
16-02-2026 17:00,Bihar,Patna,6.05,4.33,0.07
16-06-2025 01:00,Odisha,Puri,8.92,4.83,0.3
24-09-2025 05:00,Kerala,Kozhikode,3.02,5.96,-0.43
12-11-2025 19:00,Gujarat,Ahmedabad,3.52,5.17,1.09
21-01-2026 05:00,Gujarat,Rajkot,1.03,6.52,-0.71
01-10-2025 15:00,Karnataka,Mangaluru,4.26,5.87,0.8
08-12-2025 22:00,Bihar,Patna,8.55,6.41,0.14
09-06-2025 04:00,Uttar Pradesh,Prayagraj,8.64,5.69,-0.24
21-04-2025 06:00,Maharashtra,Kolhapur,3.58,5.26,0.05
05-07-2025 14:00,Maharashtra,Pune,4.24,4.88,0.9
26-10-2025 07:00,Odisha,Cuttack,4.78,5.87,0.91
09-12-2025 13:00,Uttar Pradesh,Kanpur,3.4,6.69,0.67
25-12-2025 04:00,Kerala,Thrissur,8.26,6.65,0.03
04-02-2026 13:00,Assam,Dibrugarh,3.24,4.29,0.47
10-09-2025 23:00,Tamil Nadu,Tiruppur,4.11,5.41,0.59
31-03-2025 19:00,West Bengal,Malda,8.63,6.67,0.79
07-10-2025 16:00,Assam,Dhemaji,5.1,5.36,-0.33
04-06-2025 19:00,Uttar Pradesh,Varanasi,1.47,5.35,0.2
19-06-2025 01:00,Assam,Jorhat,5.55,5.81,-0.15
06-09-2025 00:00,Gujarat,Vadodara,3.21,6.84,0.48
10-05-2025 06:00,Tamil Nadu,Chennai,5.18,5.69,0.0
24-01-2025 06:00,Uttar Pradesh,Prayagraj,8.1,5.46,1.06
12-07-2025 02:00,Gujarat,Ahmedabad,3.59,5.05,0.07
18-10-2025 18:00,Maharashtra,Nashik,4.32,5.12,0.57
01-03-2025 20:00,Bihar,Bhagalpur,4.5,5.23,-0.08
22-01-2025 03:00,Tamil Nadu,Chennai,8.42,4.78,0.93
19-03-2025 21:00,Tamil Nadu,Tiruppur,8.92,6.53,0.73
01-02-2025 11:00,West Bengal,Kolkata,2.15,6.99,0.12
14-08-2025 19:00,Gujarat,Ahmedabad,2.73,6.49,0.59
18-06-2025 18:00,Gujarat,Vadodara,2.16,5.47,0.54
04-12-2025 01:00,Uttar Pradesh,Prayagraj,1.92,5.98,0.8
09-06-2025 20:00,Odisha,Bhubaneswar,6.86,4.51,0.62
30-03-2025 06:00,Karnataka,Mysuru,8.77,5.02,0.16
14-09-2025 08:00,Kerala,Kochi,2.49,6.11,0.72
22-11-2025 08:00,Kerala,Kochi,1.92,6.63,0.96
21-01-2025 21:00,Tamil Nadu,Chennai,8.42,5.87,1.22
18-09-2025 19:00,Gujarat,Surat,5.57,5.47,0.38
10-02-2026 23:00,Kerala,Kottayam,6.36,5.93,0.6
06-03-2025 03:00,Karnataka,Kodagu,4.08,5.58,-0.26
13-09-2025 21:00,Gujarat,Bharuch,8.84,5.34,0.9
20-02-2025 11:00,Kerala,Kozhikode,4.48,4.67,1.2
16-01-2026 02:00,Maharashtra,Kolhapur,1.5,5.64,0.14
29-01-2025 00:00,Assam,Barpeta,6.7,6.22,0.58
21-05-2025 17:00,Assam,Dhemaji,8.95,5.4,-0.27
01-01-2026 23:00,Karnataka,Mysuru,3.58,6.7,-0.06
03-03-2025 00:00,Tamil Nadu,Madurai,6.94,6.07,-0.13
19-02-2025 16:00,Assam,Dibrugarh,4.52,4.45,0.47
19-10-2025 00:00,Gujarat,Bharuch,1.29,4.2,0.23
20-03-2025 00:00,Assam,Dhemaji,7.14,5.85,-0.08
30-05-2025 14:00,Tamil Nadu,Madurai,7.11,5.91,0.08
08-10-2025 06:00,Maharashtra,Kolhapur,6.35,5.69,-0.29
22-01-2025 01:00,West Bengal,Malda,2.94,4.54,0.14
05-12-2025 06:00,Kerala,Kozhikode,5.25,5.5,0.23
22-01-2025 02:00,Karnataka,Mangaluru,4.08,4.74,-0.26
29-01-2026 17:00,Kerala,Kochi,3.86,6.76,0.3
25-10-2025 03:00,Gujarat,Rajkot,1.9,6.77,1.5
20-07-2025 07:00,West Bengal,Malda,1.36,4.75,-0.25
01-11-2025 07:00,Odisha,Puri,1.44,6.43,-0.39
15-03-2025 21:00,Kerala,Thrissur,8.31,5.99,1.24
13-10-2025 14:00,Bihar,Bhagalpur,5.47,5.37,0.04
24-07-2025 10:00,Tamil Nadu,Thanjavur,5.43,5.4,0.38
03-02-2025 05:00,Gujarat,Rajkot,4.9,4.01,0.92
02-01-2026 01:00,West Bengal,Kolkata,4.83,4.2,0.5
22-10-2025 14:00,Uttar Pradesh,Gorakhpur,6.73,5.39,1.15
28-04-2025 21:00,Bihar,Darbhanga,8.07,4.09,0.34
24-01-2026 07:00,Kerala,Kottayam,3.96,6.64,-0.16
31-12-2025 01:00,Kerala,Kottayam,6.19,4.45,1.01
14-01-2025 00:00,Uttar Pradesh,Lucknow,5.14,6.81,0.35
01-02-2025 02:00,Gujarat,Surat,2.09,5.66,0.07
29-05-2025 17:00,Assam,Dibrugarh,2.0,5.58,0.29
02-02-2025 22:00,Gujarat,Ahmedabad,1.29,5.07,0.32
14-04-2025 04:00,Maharashtra,Mumbai,3.71,6.68,0.38
24-01-2026 13:00,Karnataka,Mysuru,8.26,5.23,1.09
18-04-2025 02:00,Assam,Guwahati,4.79,6.51,0.82
09-08-2025 06:00,Bihar,Muzaffarpur,1.97,5.16,-0.33
06-08-2025 07:00,Tamil Nadu,Thanjavur,2.76,6.48,0.39
01-04-2025 03:00,Gujarat,Rajkot,7.64,5.9,-0.36
02-10-2025 01:00,West Bengal,Malda,5.28,4.81,0.47
19-12-2025 01:00,West Bengal,Murshidabad,5.59,5.51,0.84
16-01-2025 20:00,Tamil Nadu,Chennai,7.82,6.43,0.6
21-12-2025 12:00,Uttar Pradesh,Varanasi,7.28,4.41,-0.65
23-02-2025 20:00,Kerala,Thrissur,2.95,5.84,0.55
21-03-2025 16:00,Karnataka,Mysuru,7.09,4.09,0.05
25-01-2025 23:00,Tamil Nadu,Tiruppur,3.19,5.36,0.23
12-06-2025 04:00,Gujarat,Vadodara,4.38,4.33,-0.15
22-06-2025 13:00,Uttar Pradesh,Prayagraj,5.69,6.92,0.06
10-03-2025 20:00,Karnataka,Mysuru,7.4,5.61,0.76
06-08-2025 16:00,Karnataka,Mysuru,3.19,6.13,0.73
20-03-2025 21:00,Gujarat,Rajkot,5.26,4.37,0.07
23-03-2025 00:00,Gujarat,Ahmedabad,8.65,5.35,0.2
22-05-2025 11:00,Bihar,Gaya,7.92,5.04,0.77
17-08-2025 07:00,West Bengal,Kolkata,5.17,5.29,0.58
12-02-2026 01:00,Karnataka,Bengaluru,1.12,6.73,0.67
16-01-2025 15:00,Bihar,Gaya,1.15,5.54,0.84
23-03-2025 22:00,Karnataka,Mysuru,6.9,5.21,0.68
14-06-2025 21:00,Assam,Barpeta,2.65,4.5,0.41
25-10-2025 07:00,Karnataka,Bengaluru,5.46,4.33,0.24
08-11-2025 14:00,West Bengal,Malda,3.94,6.36,0.55
07-07-2025 17:00,Odisha,Bhubaneswar,7.26,4.19,-0.865
04-02-2026 04:00,Uttar Pradesh,Prayagraj,3.23,5.81,-0.4
09-08-2025 08:00,Uttar Pradesh,Varanasi,7.64,4.46,0.67
03-03-2025 07:00,Odisha,Kendrapara,3.0,5.78,0.27
20-05-2025 10:00,West Bengal,Murshidabad,1.24,6.74,0.07
18-09-2025 13:00,Maharashtra,Mumbai,6.33,6.91,-0.44
29-04-2025 21:00,Bihar,Bhagalpur,3.93,4.82,0.53
10-01-2026 12:00,Kerala,Thrissur,7.8,5.26,-0.09
12-02-2026 07:00,Uttar Pradesh,Kanpur,2.22,4.99,0.27
27-09-2025 03:00,Bihar,Darbhanga,8.5,6.14,0.68
19-06-2025 06:00,Odisha,Puri,7.71,5.78,0.16
02-09-2025 07:00,Maharashtra,Pune,2.28,6.41,0.11
29-06-2025 10:00,Bihar,Patna,7.91,4.14,0.29
23-07-2025 05:00,Karnataka,Udupi,7.1,6.74,0.05
30-10-2025 01:00,Uttar Pradesh,Kanpur,4.26,6.13,0.15
08-08-2025 17:00,Maharashtra,Pune,5.56,6.65,0.13
16-06-2025 06:00,Uttar Pradesh,Prayagraj,1.16,4.74,-0.21
13-02-2025 17:00,Kerala,Alappuzha,6.58,5.72,0.01
15-09-2025 07:00,Tamil Nadu,Thanjavur,3.6,6.36,0.11
16-10-2025 14:00,Maharashtra,Nagpur,8.99,6.49,0.34
24-11-2025 16:00,Karnataka,Bengaluru,2.87,5.97,1.08
26-03-2025 19:00,West Bengal,Darjeeling,6.75,6.04,0.79
18-06-2025 07:00,Odisha,Kendrapara,6.71,5.51,0.01
14-10-2025 11:00,West Bengal,Howrah,4.26,5.41,0.73
25-01-2026 18:00,Uttar Pradesh,Varanasi,3.9,6.46,0.2
24-03-2025 04:00,Karnataka,Mangaluru,4.82,4.53,0.06
31-07-2025 08:00,Maharashtra,Nashik,5.18,4.03,-0.38
29-03-2025 11:00,Gujarat,Ahmedabad,4.19,4.37,-0.46
04-03-2025 11:00,Assam,Jorhat,3.62,4.87,-0.7
05-02-2026 12:00,Kerala,Kozhikode,4.97,4.13,-0.36
28-01-2025 04:00,Uttar Pradesh,Varanasi,3.56,5.49,-0.54
08-01-2025 02:00,Karnataka,Udupi,5.07,6.38,0.72
20-06-2025 05:00,West Bengal,Murshidabad,8.75,5.8,-0.03
11-01-2025 02:00,Maharashtra,Mumbai,7.3,6.08,-0.21
26-08-2025 22:00,Odisha,Kendrapara,1.51,5.56,-0.04
18-10-2025 12:00,Karnataka,Mangaluru,8.49,4.46,0.62
25-04-2025 20:00,Tamil Nadu,Thanjavur,4.28,4.4,0.85
14-10-2025 20:00,Odisha,Puri,1.73,5.85,0.21
15-08-2025 22:00,Assam,Dhemaji,2.38,5.06,0.77
28-03-2025 12:00,West Bengal,Malda,4.8,4.73,0.45
20-06-2025 23:00,Karnataka,Kodagu,6.98,4.44,0.39
03-02-2026 07:00,Odisha,Puri,6.92,4.96,1.22
12-11-2025 11:00,West Bengal,Darjeeling,8.1,4.59,0.52
30-01-2026 10:00,Assam,Dhemaji,2.3,6.41,0.06
23-07-2025 22:00,Gujarat,Surat,1.18,6.89,0.52
06-10-2025 20:00,Assam,Guwahati,8.53,4.31,0.97
02-12-2025 14:00,Uttar Pradesh,Lucknow,6.83,4.24,0.1
13-08-2025 13:00,Karnataka,Mysuru,2.9,4.55,0.53
26-01-2026 13:00,Tamil Nadu,Madurai,7.63,4.11,0.88
01-12-2025 05:00,Assam,Barpeta,3.7,5.04,-0.21
25-12-2025 12:00,Gujarat,Bharuch,2.4,6.43,0.17
06-07-2025 16:00,Uttar Pradesh,Lucknow,8.13,5.06,0.98
13-12-2025 22:00,Bihar,Patna,4.37,4.19,1.04
19-06-2025 22:00,Odisha,Bhubaneswar,8.98,4.33,0.55
27-01-2025 16:00,Tamil Nadu,Madurai,3.28,5.12,0.68
22-02-2025 22:00,Karnataka,Kodagu,7.89,4.97,0.64
26-04-2025 18:00,Tamil Nadu,Coimbatore,4.91,5.14,0.6
31-01-2026 17:00,Gujarat,Bharuch,8.29,6.39,1.0
10-06-2025 21:00,Uttar Pradesh,Prayagraj,7.95,5.88,0.15
26-05-2025 00:00,Maharashtra,Nashik,2.53,4.54,0.92
05-03-2025 22:00,Odisha,Bhubaneswar,4.37,4.66,0.27
14-01-2025 13:00,Gujarat,Ahmedabad,1.67,5.94,0.04
08-04-2025 10:00,Tamil Nadu,Madurai,5.64,6.66,0.75
15-06-2025 20:00,Gujarat,Rajkot,6.81,6.27,0.06
14-10-2025 13:00,Karnataka,Kodagu,2.58,6.18,-0.33
18-06-2025 22:00,Odisha,Kendrapara,7.21,5.6,0.6
04-04-2025 05:00,West Bengal,Kolkata,3.35,4.39,0.32
24-10-2025 02:00,West Bengal,Malda,7.92,6.19,-0.08
07-02-2026 20:00,Maharashtra,Nagpur,5.53,4.12,-0.39
17-07-2025 17:00,Karnataka,Kodagu,5.35,4.24,0.86
06-02-2025 00:00,Assam,Dhemaji,8.88,6.22,0.55
16-09-2025 11:00,Uttar Pradesh,Varanasi,4.72,6.69,0.41
18-08-2025 12:00,Tamil Nadu,Chennai,3.95,5.98,0.16
06-11-2025 13:00,Uttar Pradesh,Varanasi,3.12,5.31,-0.12
16-01-2025 11:00,West Bengal,Darjeeling,2.67,6.09,-0.37
20-09-2025 08:00,Gujarat,Surat,8.77,5.81,0.48
20-08-2025 07:00,Maharashtra,Kolhapur,1.94,5.83,0.47
27-08-2025 11:00,Odisha,Kendrapara,7.94,4.41,0.42
03-09-2025 19:00,West Bengal,Malda,5.07,4.37,0.19
22-01-2026 23:00,Odisha,Bhubaneswar,6.82,5.79,0.3
24-11-2025 23:00,Karnataka,Kodagu,6.91,4.82,-0.09
09-04-2025 12:00,Odisha,Kendrapara,3.92,6.97,0.55
14-05-2025 21:00,Maharashtra,Kolhapur,5.02,6.51,-0.5
07-02-2025 23:00,Bihar,Bhagalpur,7.64,4.1,0.35
12-01-2026 23:00,Karnataka,Kodagu,1.59,5.89,0.5
12-02-2026 22:00,Karnataka,Mysuru,7.51,5.53,0.28
31-10-2025 17:00,Kerala,Kottayam,8.63,6.34,0.38
19-02-2026 22:00,West Bengal,Malda,3.22,4.86,0.01
30-09-2025 08:00,Gujarat,Vadodara,7.62,5.89,0.59
19-01-2026 00:00,Uttar Pradesh,Kanpur,4.94,6.09,-0.37
01-03-2025 07:00,Uttar Pradesh,Varanasi,8.82,4.77,0.42
13-02-2026 15:00,Odisha,Bhubaneswar,1.01,5.1,0.82
20-01-2025 23:00,Uttar Pradesh,Lucknow,3.45,4.05,0.2
28-01-2025 14:00,Karnataka,Kodagu,5.04,6.8,0.16
06-07-2025 12:00,Gujarat,Surat,3.48,6.08,1.03
10-01-2026 06:00,Karnataka,Mysuru,7.56,6.01,0.76
03-12-2025 13:00,Uttar Pradesh,Varanasi,1.11,6.43,0.41
05-05-2025 12:00,Kerala,Kochi,1.56,4.39,0.31
16-02-2025 15:00,West Bengal,Howrah,8.01,6.53,0.78
26-04-2025 16:00,Kerala,Kozhikode,3.52,4.67,0.96
14-02-2026 19:00,West Bengal,Malda,5.56,6.93,-0.05
28-07-2025 11:00,Assam,Jorhat,6.03,4.55,0.38
05-10-2025 01:00,Gujarat,Rajkot,6.77,5.21,0.25
30-10-2025 06:00,Bihar,Darbhanga,3.49,6.81,0.66
04-07-2025 11:00,Maharashtra,Mumbai,1.62,4.17,0.75
06-11-2025 15:00,Kerala,Kozhikode,2.8,4.09,0.32
15-06-2025 21:00,Tamil Nadu,Thanjavur,3.15,6.47,0.55
22-09-2025 15:00,Karnataka,Udupi,5.37,4.48,0.97
01-05-2025 13:00,Gujarat,Ahmedabad,1.46,4.02,0.71
22-04-2025 05:00,Kerala,Alappuzha,8.49,4.44,-0.55
15-06-2025 17:00,Bihar,Gaya,3.9,6.26,1.02
08-08-2025 03:00,Gujarat,Ahmedabad,3.47,6.42,1.5750000000000002
12-01-2025 15:00,Odisha,Puri,4.83,5.46,0.65
08-10-2025 10:00,Karnataka,Bengaluru,7.48,4.77,-0.5
12-09-2025 08:00,Kerala,Alappuzha,2.13,4.4,0.55
20-10-2025 12:00,Assam,Guwahati,4.35,5.1,0.41
12-03-2025 14:00,Tamil Nadu,Coimbatore,4.58,5.05,0.3
07-01-2026 08:00,West Bengal,Kolkata,6.84,4.95,0.16
25-05-2025 23:00,Bihar,Muzaffarpur,1.87,4.21,0.73
04-07-2025 00:00,Assam,Barpeta,5.86,6.14,-0.15
13-11-2025 08:00,West Bengal,Darjeeling,8.95,6.46,0.11
19-09-2025 18:00,Odisha,Puri,1.54,6.77,0.34
22-08-2025 11:00,Tamil Nadu,Coimbatore,5.81,4.79,0.61
26-12-2025 03:00,Uttar Pradesh,Gorakhpur,5.43,4.3,0.15
21-11-2025 04:00,Karnataka,Kodagu,3.9,6.83,0.06
29-06-2025 00:00,Tamil Nadu,Chennai,6.79,5.38,0.48
11-07-2025 09:00,Maharashtra,Mumbai,2.76,4.51,0.13
21-07-2025 20:00,Maharashtra,Pune,5.25,4.53,0.5
03-04-2025 01:00,Bihar,Bhagalpur,8.93,4.31,0.77
13-11-2025 21:00,Gujarat,Surat,7.32,5.36,0.21
18-08-2025 05:00,Kerala,Kozhikode,1.43,4.95,-0.22
08-01-2025 16:00,Karnataka,Bengaluru,3.98,4.43,0.24
20-07-2025 00:00,Karnataka,Udupi,5.53,4.24,1.03
21-07-2025 21:00,Karnataka,Bengaluru,2.99,6.32,0.05
08-04-2025 22:00,Bihar,Gaya,3.49,4.68,-0.46
24-01-2025 01:00,Tamil Nadu,Madurai,3.66,5.13,-0.09
28-02-2025 05:00,Tamil Nadu,Thanjavur,6.33,4.83,0.46
27-02-2025 16:00,Odisha,Kendrapara,1.38,5.75,0.68
18-01-2026 14:00,West Bengal,Kolkata,4.31,4.13,0.46
14-02-2026 01:00,Odisha,Balasore,1.98,4.2,0.03
13-01-2025 09:00,West Bengal,Kolkata,7.87,4.57,0.32
19-01-2025 11:00,Maharashtra,Mumbai,8.45,6.7,0.14
02-11-2025 18:00,Kerala,Kottayam,8.53,5.3,0.47
28-03-2025 13:00,Kerala,Thrissur,5.89,5.47,0.21
22-11-2025 15:00,Maharashtra,Mumbai,6.74,5.58,0.17
03-04-2025 21:00,Maharashtra,Pune,3.58,5.69,-0.11
29-04-2025 10:00,Maharashtra,Pune,5.52,5.87,0.69
16-04-2025 17:00,Uttar Pradesh,Gorakhpur,6.13,4.54,-0.1
06-12-2025 09:00,Karnataka,Udupi,6.91,6.66,0.03
02-02-2026 08:00,Tamil Nadu,Thanjavur,5.05,6.62,0.86
26-09-2025 11:00,Gujarat,Bharuch,7.86,6.62,0.24
21-05-2025 07:00,Odisha,Cuttack,6.4,5.15,0.02
06-07-2025 22:00,Tamil Nadu,Thanjavur,2.29,4.35,-0.18
18-04-2025 10:00,Uttar Pradesh,Kanpur,2.07,6.61,0.66
17-02-2025 03:00,Maharashtra,Nashik,2.5,6.98,0.21
20-07-2025 18:00,Assam,Guwahati,7.56,6.09,0.15
14-01-2025 08:00,West Bengal,Darjeeling,7.59,6.52,0.61
27-02-2025 03:00,Tamil Nadu,Coimbatore,7.68,4.51,-0.16
18-06-2025 10:00,Gujarat,Ahmedabad,5.01,6.54,0.58
16-01-2026 05:00,Gujarat,Rajkot,6.35,4.9,1.01
03-08-2025 09:00,Assam,Jorhat,4.2,5.96,0.18
07-02-2025 19:00,Kerala,Alappuzha,1.7,6.64,1.08
28-01-2026 18:00,Tamil Nadu,Tiruppur,7.64,4.79,0.6
14-06-2025 14:00,Odisha,Bhubaneswar,5.69,5.24,0.0
14-09-2025 01:00,Maharashtra,Kolhapur,8.68,5.23,0.38
06-01-2026 06:00,Tamil Nadu,Thanjavur,8.25,5.03,0.8
06-10-2025 23:00,Uttar Pradesh,Gorakhpur,8.46,5.87,0.69
27-07-2025 09:00,Gujarat,Ahmedabad,8.61,4.4,0.77
11-09-2025 20:00,Tamil Nadu,Madurai,6.2,4.57,-0.13
17-12-2025 08:00,Tamil Nadu,Madurai,1.91,6.55,0.48
08-02-2025 14:00,Kerala,Kozhikode,1.86,6.07,0.2
13-09-2025 23:00,Kerala,Thrissur,8.89,4.86,-0.01
01-01-2025 15:00,Assam,Dhemaji,5.38,5.05,0.89
06-01-2025 23:00,Odisha,Cuttack,2.37,6.19,0.5
09-04-2025 11:00,Karnataka,Mysuru,1.67,4.61,0.47
06-01-2025 09:00,Odisha,Puri,4.69,4.9,1.09
18-02-2025 09:00,Kerala,Kochi,8.1,5.28,0.25
11-11-2025 15:00,Tamil Nadu,Chennai,7.38,5.7,0.37
13-09-2025 09:00,Maharashtra,Kolhapur,7.19,5.74,0.25
14-07-2025 09:00,Gujarat,Vadodara,3.36,6.61,0.1
24-08-2025 20:00,Gujarat,Bharuch,7.43,5.91,0.68
27-09-2025 04:00,Karnataka,Bengaluru,2.48,6.68,-0.15
20-03-2025 04:00,Tamil Nadu,Chennai,7.33,5.83,-0.52
14-04-2025 16:00,Tamil Nadu,Thanjavur,1.96,4.81,0.58
10-08-2025 23:00,Odisha,Cuttack,5.24,5.57,1.17
26-01-2026 01:00,Tamil Nadu,Tiruppur,4.11,5.14,1.06
19-02-2025 06:00,West Bengal,Darjeeling,5.11,6.22,0.52
13-09-2025 15:00,Gujarat,Vadodara,5.21,6.0,0.44
23-09-2025 17:00,Uttar Pradesh,Varanasi,7.35,5.59,-0.08
18-02-2025 18:00,Bihar,Bhagalpur,1.71,6.04,0.19
01-04-2025 22:00,Tamil Nadu,Thanjavur,4.68,5.17,0.71
21-05-2025 11:00,Bihar,Muzaffarpur,4.52,4.68,0.77
02-12-2025 00:00,Bihar,Darbhanga,6.87,5.17,-0.25
19-03-2025 11:00,Kerala,Alappuzha,1.62,4.31,0.06
22-07-2025 12:00,Maharashtra,Nagpur,5.09,6.89,0.03
21-01-2026 15:00,Odisha,Kendrapara,6.43,4.34,1.16
14-12-2025 17:00,Gujarat,Surat,5.81,6.1,-0.2
03-11-2025 03:00,Kerala,Kochi,2.95,5.92,0.56
22-07-2025 16:00,West Bengal,Kolkata,3.36,4.2,0.38
16-02-2026 22:00,Maharashtra,Pune,5.56,4.42,0.15
24-09-2025 04:00,Assam,Dibrugarh,2.69,5.04,1.01
11-05-2025 01:00,Assam,Jorhat,5.62,4.83,0.02
17-01-2025 03:00,Gujarat,Vadodara,6.34,5.43,0.31
21-11-2025 09:00,Assam,Dibrugarh,3.53,4.12,1.35
13-02-2025 00:00,Uttar Pradesh,Varanasi,4.16,6.85,0.06
24-11-2025 04:00,Kerala,Alappuzha,6.16,4.26,0.56
14-08-2025 18:00,Tamil Nadu,Madurai,5.82,4.9,0.39
08-02-2025 19:00,Karnataka,Bengaluru,7.32,5.43,0.03
17-06-2025 11:00,Tamil Nadu,Madurai,3.38,6.69,0.09
29-01-2025 19:00,West Bengal,Malda,8.28,4.57,-0.53
09-08-2025 18:00,West Bengal,Darjeeling,4.47,5.47,0.69
05-10-2025 10:00,Odisha,Cuttack,5.38,4.09,-0.16
04-02-2025 13:00,Assam,Barpeta,4.3,4.73,0.41
26-05-2025 18:00,West Bengal,Murshidabad,5.16,5.82,-0.09
28-03-2025 17:00,Assam,Jorhat,6.36,5.6,0.4
29-01-2026 08:00,Karnataka,Mysuru,2.3,5.8,0.18
02-01-2025 20:00,Gujarat,Surat,2.59,4.73,-0.16
14-06-2025 03:00,Uttar Pradesh,Gorakhpur,7.15,5.76,0.93
08-08-2025 01:00,Karnataka,Mangaluru,6.54,5.45,0.72
18-12-2025 13:00,Kerala,Kozhikode,2.52,4.5,-0.01
29-06-2025 23:00,Maharashtra,Kolhapur,3.2,4.3,-0.18
04-05-2025 13:00,Karnataka,Mysuru,7.81,6.15,0.48
15-06-2025 09:00,Karnataka,Mangaluru,8.49,4.92,0.12
19-02-2025 11:00,Kerala,Thrissur,5.33,6.42,0.31
12-01-2025 20:00,West Bengal,Malda,5.87,4.76,1.1
05-01-2026 17:00,Karnataka,Bengaluru,1.7,7.0,1.03
23-06-2025 07:00,Karnataka,Kodagu,5.66,5.37,0.94
09-05-2025 20:00,Gujarat,Surat,7.16,6.5,-0.09
09-07-2025 20:00,West Bengal,Howrah,8.89,6.06,-0.14
11-07-2025 00:00,Tamil Nadu,Chennai,8.86,5.28,0.07
30-06-2025 03:00,Uttar Pradesh,Gorakhpur,2.27,5.64,0.73
18-08-2025 08:00,Bihar,Muzaffarpur,4.27,6.01,0.92
22-10-2025 18:00,Assam,Dibrugarh,7.59,6.59,0.21
21-05-2025 04:00,West Bengal,Murshidabad,2.8,6.93,0.84
01-12-2025 09:00,Odisha,Puri,7.82,5.55,0.29
14-05-2025 03:00,Bihar,Muzaffarpur,5.5,6.46,0.52
03-01-2026 02:00,Uttar Pradesh,Lucknow,2.32,6.14,-0.6
10-02-2025 09:00,Assam,Barpeta,1.48,4.48,0.38
05-06-2025 14:00,Bihar,Patna,5.11,5.95,0.09
08-02-2025 13:00,Uttar Pradesh,Lucknow,6.08,5.16,-0.19
31-01-2026 16:00,West Bengal,Kolkata,4.72,5.26,0.85
26-09-2025 19:00,Gujarat,Bharuch,7.79,6.29,-0.01
02-01-2026 13:00,Assam,Jorhat,2.77,4.46,0.32
29-04-2025 19:00,Tamil Nadu,Chennai,2.48,5.65,0.6
04-08-2025 20:00,Assam,Dibrugarh,5.44,6.26,0.12
08-10-2025 03:00,West Bengal,Howrah,8.43,4.89,-0.14
24-01-2026 10:00,Assam,Barpeta,3.89,5.46,0.33
22-11-2025 10:00,Bihar,Bhagalpur,5.94,6.58,1.01
06-07-2025 07:00,Tamil Nadu,Thanjavur,2.82,4.97,1.11
04-08-2025 08:00,Assam,Jorhat,6.44,5.18,1.06
01-07-2025 04:00,Assam,Barpeta,5.39,6.09,0.51
26-11-2025 07:00,Assam,Dibrugarh,7.19,5.99,0.37
01-06-2025 02:00,Karnataka,Mysuru,5.46,5.17,1.39
16-03-2025 13:00,Gujarat,Vadodara,1.98,5.52,0.34
12-12-2025 13:00,Tamil Nadu,Coimbatore,4.2,6.11,-0.1
27-03-2025 19:00,Tamil Nadu,Madurai,1.34,4.82,0.55
17-06-2025 05:00,Tamil Nadu,Tiruppur,1.87,5.3,0.45
21-03-2025 06:00,Assam,Guwahati,4.98,5.1,-0.07
21-08-2025 05:00,Uttar Pradesh,Prayagraj,6.98,4.51,0.59
16-10-2025 13:00,West Bengal,Malda,3.53,5.36,0.75
04-01-2025 03:00,Gujarat,Vadodara,8.73,5.71,-0.14
08-04-2025 17:00,Tamil Nadu,Chennai,1.32,4.06,-0.18
17-08-2025 12:00,Gujarat,Surat,6.82,5.2,0.84
18-01-2025 22:00,Maharashtra,Kolhapur,5.22,4.55,0.88
11-07-2025 02:00,Karnataka,Bengaluru,6.96,6.28,0.6
04-12-2025 11:00,Kerala,Kochi,3.31,4.66,-0.07
19-12-2025 09:00,Assam,Dibrugarh,6.84,4.09,0.61
06-12-2025 20:00,Odisha,Bhubaneswar,3.24,6.87,0.2
25-11-2025 21:00,Assam,Guwahati,2.0,6.41,-0.76
06-03-2025 17:00,Kerala,Thrissur,4.28,5.65,-0.26
11-01-2025 00:00,Karnataka,Mangaluru,5.73,5.82,0.54
02-02-2025 15:00,Gujarat,Surat,6.44,4.03,0.19
08-05-2025 18:00,Assam,Barpeta,7.96,5.07,1.36
10-02-2025 17:00,Bihar,Gaya,6.24,6.81,-0.41
03-05-2025 13:00,Gujarat,Surat,7.79,5.56,0.94
13-08-2025 01:00,Assam,Dhemaji,8.24,4.44,0.09
17-07-2025 02:00,Gujarat,Bharuch,8.88,6.44,0.46
09-03-2025 12:00,West Bengal,Malda,8.96,6.91,1.36
31-03-2025 10:00,Kerala,Kottayam,5.62,6.51,0.76
17-03-2025 01:00,Odisha,Balasore,5.44,5.3,0.15
29-03-2025 07:00,Tamil Nadu,Thanjavur,7.09,4.65,0.43
11-09-2025 02:00,Odisha,Bhubaneswar,6.12,4.52,0.65
07-08-2025 13:00,Maharashtra,Pune,5.91,4.54,-0.19
26-02-2025 13:00,Maharashtra,Kolhapur,4.79,6.62,0.64
02-12-2025 23:00,Odisha,Kendrapara,8.0,6.43,-0.08
10-09-2025 02:00,Odisha,Bhubaneswar,8.2,6.4,0.09
15-12-2025 16:00,Uttar Pradesh,Lucknow,1.74,5.03,0.12
08-09-2025 17:00,Gujarat,Ahmedabad,4.8,4.66,0.39
18-02-2026 19:00,Odisha,Puri,6.6,5.07,0.85
01-01-2026 09:00,Bihar,Gaya,3.67,6.02,0.37
09-11-2025 15:00,Bihar,Bhagalpur,7.08,5.47,-0.03
09-03-2025 01:00,Gujarat,Bharuch,5.71,6.82,0.39
10-05-2025 00:00,Tamil Nadu,Chennai,3.33,6.16,0.41
12-02-2026 03:00,Kerala,Kochi,6.79,6.89,-0.08
11-04-2025 15:00,Assam,Barpeta,1.44,4.01,-0.43
26-03-2025 01:00,Maharashtra,Pune,1.53,6.79,0.31
08-09-2025 18:00,Tamil Nadu,Madurai,8.94,5.28,0.47
21-06-2025 21:00,Bihar,Bhagalpur,8.77,6.74,0.15
13-02-2026 10:00,Assam,Dibrugarh,2.87,4.73,0.18
16-05-2025 06:00,West Bengal,Howrah,4.32,6.88,1.3
06-01-2025 04:00,Tamil Nadu,Tiruppur,6.97,6.6,-0.13
25-09-2025 17:00,Kerala,Thrissur,1.79,5.75,0.39
10-08-2025 04:00,Tamil Nadu,Chennai,8.06,6.69,0.33
07-11-2025 23:00,West Bengal,Malda,7.16,6.3,0.17
17-01-2026 13:00,Gujarat,Vadodara,4.48,6.18,-0.28
20-05-2025 05:00,Karnataka,Mysuru,7.99,5.99,0.27
25-01-2025 22:00,Tamil Nadu,Thanjavur,2.36,6.04,-0.3
30-03-2025 11:00,Karnataka,Kodagu,8.95,4.61,0.76
31-01-2026 18:00,Bihar,Patna,6.13,5.65,0.03
17-11-2025 05:00,Tamil Nadu,Tiruppur,6.44,4.79,0.38
21-10-2025 17:00,Bihar,Patna,7.37,6.71,0.56
07-02-2026 13:00,Karnataka,Mangaluru,3.05,6.3,0.62
02-04-2025 13:00,Assam,Dhemaji,9.0,6.95,0.28
18-06-2025 19:00,Tamil Nadu,Coimbatore,4.19,5.51,0.44
10-09-2025 06:00,Tamil Nadu,Tiruppur,5.95,6.47,0.19
21-05-2025 02:00,West Bengal,Kolkata,1.79,5.76,0.77
13-10-2025 11:00,Maharashtra,Nashik,3.75,4.56,-0.07
31-01-2025 05:00,Maharashtra,Kolhapur,6.86,5.79,0.19
25-07-2025 14:00,Assam,Dibrugarh,4.18,5.04,0.72
10-02-2025 18:00,Bihar,Muzaffarpur,6.85,4.14,0.02
03-02-2025 16:00,Maharashtra,Mumbai,1.68,6.47,-0.23
05-02-2026 03:00,Tamil Nadu,Thanjavur,7.55,5.82,0.49
03-03-2025 11:00,Karnataka,Udupi,4.82,6.84,0.64
05-09-2025 07:00,Kerala,Thrissur,2.77,4.46,0.29
12-01-2026 12:00,Bihar,Patna,2.4,6.19,-0.38
02-11-2025 15:00,Odisha,Cuttack,7.13,5.12,0.64
15-06-2025 02:00,Gujarat,Bharuch,7.64,5.33,0.31
25-09-2025 14:00,Assam,Dibrugarh,8.68,4.25,0.07
24-07-2025 09:00,Gujarat,Rajkot,7.6,5.22,0.8
21-02-2025 11:00,West Bengal,Murshidabad,3.37,5.67,-0.46
21-02-2025 01:00,Maharashtra,Mumbai,6.58,6.88,0.61
02-12-2025 09:00,Bihar,Darbhanga,6.13,5.92,0.7
22-01-2026 14:00,Odisha,Cuttack,2.77,4.57,0.9
28-12-2025 07:00,West Bengal,Malda,1.81,5.25,0.03
06-08-2025 21:00,Maharashtra,Mumbai,5.49,4.58,0.72
17-10-2025 14:00,West Bengal,Darjeeling,4.57,4.06,0.37
15-05-2025 01:00,Odisha,Balasore,8.52,5.69,0.3
12-01-2025 23:00,Assam,Dibrugarh,5.88,5.57,-0.66
29-07-2025 07:00,Maharashtra,Pune,8.08,4.51,-0.27
04-05-2025 14:00,Uttar Pradesh,Kanpur,8.79,4.03,0.39
12-05-2025 20:00,Karnataka,Bengaluru,6.23,5.11,0.7
08-09-2025 03:00,Karnataka,Kodagu,6.83,4.09,0.17
06-01-2026 07:00,Maharashtra,Nashik,4.7,4.96,0.66
11-03-2025 01:00,Odisha,Cuttack,4.38,6.38,0.38
24-03-2025 07:00,Tamil Nadu,Coimbatore,7.95,5.97,1.28
10-04-2025 21:00,Maharashtra,Pune,3.42,5.62,0.6
19-01-2025 20:00,Tamil Nadu,Coimbatore,8.56,4.31,0.26
01-12-2025 14:00,Assam,Guwahati,1.14,5.95,-0.22
15-07-2025 16:00,Karnataka,Kodagu,4.03,4.25,-0.26
03-06-2025 09:00,Odisha,Puri,6.33,5.53,0.12
18-01-2025 14:00,Assam,Dibrugarh,1.11,4.72,0.82
10-02-2026 05:00,Kerala,Alappuzha,4.4,4.93,0.15
28-01-2025 09:00,West Bengal,Murshidabad,4.81,6.9,0.91
18-05-2025 13:00,West Bengal,Murshidabad,6.28,4.18,0.03
24-09-2025 10:00,West Bengal,Murshidabad,6.42,5.36,1.5750000000000002
29-04-2025 13:00,Tamil Nadu,Chennai,2.42,5.62,0.73
12-12-2025 11:00,Karnataka,Udupi,7.72,6.06,0.62
09-11-2025 09:00,Assam,Jorhat,7.88,4.78,0.8
11-02-2025 17:00,Bihar,Muzaffarpur,2.02,5.05,0.2
24-06-2025 22:00,Uttar Pradesh,Kanpur,1.48,4.91,0.48
11-04-2025 18:00,Maharashtra,Nagpur,3.03,4.46,0.4
08-11-2025 18:00,Karnataka,Mysuru,5.81,6.34,0.91
26-08-2025 18:00,Odisha,Puri,1.69,4.54,0.74
10-06-2025 07:00,Uttar Pradesh,Kanpur,1.28,5.72,0.68
10-02-2025 01:00,Tamil Nadu,Madurai,3.99,6.58,0.2
07-03-2025 20:00,Uttar Pradesh,Kanpur,5.66,5.39,0.69
28-07-2025 15:00,Maharashtra,Pune,3.25,4.86,0.48
02-04-2025 22:00,Gujarat,Vadodara,1.39,6.19,-0.31
21-09-2025 00:00,Uttar Pradesh,Prayagraj,8.03,5.64,0.63
03-02-2026 10:00,West Bengal,Malda,1.76,4.08,0.05
26-06-2025 07:00,Uttar Pradesh,Varanasi,2.28,4.77,0.9
01-02-2025 13:00,Assam,Guwahati,1.86,4.08,0.62
06-04-2025 04:00,Maharashtra,Mumbai,8.18,5.37,0.53
05-10-2025 15:00,Uttar Pradesh,Kanpur,4.3,6.31,0.19
18-07-2025 03:00,Tamil Nadu,Madurai,2.25,4.56,0.43
09-12-2025 03:00,Odisha,Bhubaneswar,8.08,6.41,0.54
03-02-2025 15:00,Uttar Pradesh,Varanasi,8.47,5.56,-0.17
01-10-2025 23:00,Maharashtra,Nagpur,2.67,4.18,0.34
18-11-2025 15:00,Maharashtra,Nashik,1.22,4.26,0.77
23-03-2025 12:00,Uttar Pradesh,Varanasi,1.61,5.51,0.18
12-04-2025 21:00,Odisha,Kendrapara,5.88,5.36,0.82
02-09-2025 19:00,Kerala,Kottayam,3.64,4.27,0.3
07-12-2025 03:00,Bihar,Darbhanga,3.3,6.12,0.63
13-09-2025 18:00,Kerala,Kottayam,3.83,5.32,0.47
11-04-2025 02:00,Gujarat,Rajkot,1.5,6.08,0.81
14-02-2025 17:00,West Bengal,Darjeeling,4.61,6.09,0.97
01-10-2025 05:00,Uttar Pradesh,Varanasi,6.72,4.28,0.04
26-06-2025 16:00,Gujarat,Surat,3.15,4.78,0.52
21-12-2025 13:00,West Bengal,Malda,4.33,4.0,0.72
29-03-2025 03:00,Assam,Dibrugarh,1.02,5.8,0.61
08-07-2025 15:00,West Bengal,Howrah,1.73,5.93,0.16
28-10-2025 02:00,West Bengal,Howrah,2.17,4.1,0.03
11-10-2025 03:00,Gujarat,Bharuch,6.09,6.01,-0.34
29-10-2025 13:00,Gujarat,Rajkot,5.95,5.81,0.36
06-11-2025 06:00,Kerala,Kochi,7.85,5.44,1.0
13-10-2025 09:00,Karnataka,Mysuru,3.74,6.37,0.35
12-10-2025 20:00,Tamil Nadu,Madurai,3.29,6.85,1.09
11-02-2025 19:00,Maharashtra,Pune,8.74,6.84,0.33
15-01-2026 03:00,Tamil Nadu,Chennai,3.44,6.67,-0.27
01-10-2025 10:00,Tamil Nadu,Coimbatore,2.08,4.76,-0.03
22-08-2025 22:00,Kerala,Kottayam,8.14,5.04,0.82
13-07-2025 19:00,Maharashtra,Kolhapur,5.02,6.03,0.52
10-08-2025 09:00,Maharashtra,Kolhapur,2.67,4.33,0.62
03-03-2025 21:00,Kerala,Kozhikode,2.21,5.95,-0.32
13-11-2025 23:00,Odisha,Balasore,2.31,5.45,0.65
28-02-2025 19:00,Tamil Nadu,Madurai,1.35,4.37,0.48
23-01-2026 15:00,Gujarat,Rajkot,8.73,4.49,-0.03
30-01-2025 13:00,Maharashtra,Pune,5.02,6.77,-0.1
13-02-2026 14:00,Uttar Pradesh,Lucknow,3.31,6.35,0.26
02-12-2025 02:00,Gujarat,Ahmedabad,7.57,6.65,0.23
28-10-2025 11:00,Tamil Nadu,Tiruppur,8.34,6.74,0.8
09-05-2025 04:00,Uttar Pradesh,Kanpur,6.85,6.8,0.63
13-12-2025 10:00,Assam,Jorhat,8.67,6.55,0.93
20-06-2025 21:00,Odisha,Cuttack,1.52,5.52,0.51
02-08-2025 02:00,Maharashtra,Pune,1.4,6.61,0.03
24-04-2025 10:00,Bihar,Patna,7.24,4.74,0.11
25-01-2026 23:00,West Bengal,Darjeeling,4.34,4.31,-0.13
22-02-2025 20:00,Kerala,Kozhikode,6.89,5.79,1.04
13-04-2025 14:00,Karnataka,Udupi,6.26,6.09,1.27
16-08-2025 16:00,Maharashtra,Mumbai,3.59,5.15,0.14
12-01-2025 04:00,Tamil Nadu,Chennai,8.52,6.03,0.11
30-05-2025 04:00,Tamil Nadu,Thanjavur,5.74,4.37,0.16
11-08-2025 21:00,Maharashtra,Mumbai,5.95,6.36,0.47
31-10-2025 18:00,Karnataka,Bengaluru,6.96,7.0,0.73
03-08-2025 21:00,Bihar,Darbhanga,1.07,5.27,0.26
03-10-2025 01:00,Kerala,Thrissur,3.47,5.32,0.04
28-04-2025 13:00,Maharashtra,Nashik,6.59,5.02,-0.27
30-08-2025 23:00,Tamil Nadu,Thanjavur,5.58,5.61,0.77
25-01-2025 13:00,Assam,Dibrugarh,6.04,6.13,0.59
06-09-2025 03:00,Tamil Nadu,Tiruppur,7.02,6.33,0.13
07-08-2025 22:00,Bihar,Darbhanga,2.92,4.01,-0.59
05-10-2025 13:00,West Bengal,Malda,2.62,4.87,0.72
16-11-2025 00:00,Maharashtra,Mumbai,8.54,6.22,-0.36
30-12-2025 13:00,Gujarat,Vadodara,6.27,4.05,0.16
15-10-2025 08:00,Bihar,Gaya,3.64,6.98,0.46
13-11-2025 10:00,Gujarat,Surat,5.59,5.23,-0.79
26-03-2025 12:00,Assam,Dibrugarh,8.41,4.35,-0.4
12-10-2025 02:00,Kerala,Kottayam,1.25,6.99,1.33
29-01-2025 05:00,Tamil Nadu,Tiruppur,8.88,4.02,-0.44
29-08-2025 03:00,Karnataka,Mysuru,4.66,6.05,0.25
21-02-2025 08:00,Odisha,Cuttack,6.44,5.6,0.59
09-08-2025 16:00,Odisha,Balasore,5.04,4.9,0.18
23-10-2025 23:00,Karnataka,Udupi,3.95,4.75,-0.21
29-07-2025 18:00,Maharashtra,Pune,3.53,5.55,0.14
16-08-2025 04:00,Karnataka,Bengaluru,4.07,4.54,0.52
12-04-2025 08:00,Gujarat,Vadodara,7.88,5.86,0.2
21-09-2025 07:00,Assam,Dibrugarh,3.92,5.86,-0.55
12-09-2025 23:00,Bihar,Gaya,5.84,5.55,-0.06
17-01-2026 14:00,Karnataka,Udupi,7.88,5.01,0.0
19-02-2026 17:00,Maharashtra,Pune,7.04,6.87,0.05
07-02-2025 08:00,Uttar Pradesh,Prayagraj,8.96,6.19,0.39
09-03-2025 03:00,Kerala,Kottayam,3.85,6.81,0.61
27-09-2025 18:00,Maharashtra,Nashik,7.2,4.19,0.71
16-11-2025 05:00,Maharashtra,Pune,7.76,4.6,0.38
07-11-2025 20:00,Assam,Guwahati,2.73,6.75,1.01
08-06-2025 14:00,Odisha,Bhubaneswar,4.84,4.32,0.77
11-12-2025 17:00,Maharashtra,Mumbai,1.91,5.4,0.89
29-01-2026 19:00,Kerala,Kozhikode,3.29,5.09,0.21
15-07-2025 21:00,Tamil Nadu,Chennai,1.53,5.35,0.4
15-06-2025 01:00,Karnataka,Mangaluru,8.47,6.66,0.07
14-08-2025 17:00,Gujarat,Ahmedabad,6.46,6.89,0.41
07-02-2025 02:00,Kerala,Alappuzha,4.42,6.24,-0.22
28-07-2025 07:00,Maharashtra,Nashik,7.5,5.86,0.13
09-11-2025 18:00,Karnataka,Mysuru,1.09,5.41,-0.51
25-11-2025 09:00,Kerala,Alappuzha,6.17,5.4,0.3
01-08-2025 07:00,Kerala,Kochi,6.42,6.3,1.01
16-10-2025 20:00,Maharashtra,Pune,6.61,6.93,0.26
05-02-2026 17:00,Tamil Nadu,Chennai,3.78,6.17,0.88
27-04-2025 15:00,Karnataka,Udupi,1.01,6.49,0.44
25-01-2025 08:00,Assam,Guwahati,4.93,4.65,0.67
17-05-2025 04:00,West Bengal,Howrah,5.48,5.07,0.24
13-06-2025 20:00,West Bengal,Howrah,7.96,6.19,0.19
22-02-2025 12:00,Tamil Nadu,Thanjavur,7.87,4.07,1.22
16-09-2025 13:00,Gujarat,Ahmedabad,2.29,6.82,1.23
13-01-2025 22:00,Karnataka,Udupi,1.03,4.88,0.16
21-11-2025 13:00,Kerala,Kochi,8.61,6.29,-0.39
27-09-2025 02:00,Odisha,Balasore,1.75,6.84,-0.01
16-09-2025 14:00,Odisha,Balasore,6.7,4.03,0.28
03-09-2025 02:00,Odisha,Bhubaneswar,7.29,6.32,0.18
14-07-2025 12:00,Bihar,Bhagalpur,3.83,5.04,1.17
29-06-2025 02:00,Maharashtra,Pune,4.26,5.57,0.59
07-06-2025 15:00,Tamil Nadu,Madurai,2.4,4.75,0.45
12-02-2025 00:00,Gujarat,Rajkot,6.88,5.75,0.79
15-12-2025 02:00,Karnataka,Bengaluru,1.76,5.0,0.02
02-04-2025 01:00,Maharashtra,Nagpur,1.86,5.79,0.66
31-05-2025 23:00,Assam,Guwahati,5.3,4.78,0.31
21-10-2025 07:00,Gujarat,Surat,5.62,5.03,0.58
25-07-2025 02:00,Gujarat,Rajkot,1.91,5.37,-0.2
08-02-2026 01:00,Assam,Dibrugarh,3.7,4.06,0.39
28-11-2025 06:00,Uttar Pradesh,Prayagraj,8.19,5.02,0.44
13-09-2025 05:00,Kerala,Kochi,7.03,5.36,0.31
18-07-2025 04:00,Bihar,Bhagalpur,4.22,4.42,0.32
31-07-2025 10:00,Gujarat,Vadodara,4.06,6.59,0.73
04-01-2025 18:00,Karnataka,Mangaluru,3.51,5.76,-0.79
06-09-2025 22:00,Bihar,Muzaffarpur,7.49,6.6,-0.58
25-09-2025 10:00,West Bengal,Darjeeling,8.54,4.35,0.27
27-12-2025 00:00,Karnataka,Udupi,5.74,4.89,0.45
29-12-2025 02:00,Bihar,Patna,2.05,5.32,0.29
30-03-2025 05:00,West Bengal,Kolkata,8.55,4.92,0.52
03-05-2025 09:00,Bihar,Patna,4.27,4.93,-0.35
13-10-2025 02:00,Uttar Pradesh,Varanasi,3.07,4.81,0.47
10-02-2025 23:00,Karnataka,Mangaluru,8.22,6.1,-0.74
30-10-2025 12:00,Tamil Nadu,Madurai,5.26,5.37,0.52
21-02-2026 01:00,Kerala,Kochi,5.14,5.58,0.05
02-05-2025 21:00,Tamil Nadu,Chennai,7.97,4.38,-0.05
10-09-2025 13:00,Gujarat,Bharuch,3.33,5.28,0.1
14-05-2025 22:00,Karnataka,Mangaluru,5.1,6.43,-0.02
26-09-2025 15:00,Bihar,Gaya,7.02,5.0,0.52
10-10-2025 11:00,Uttar Pradesh,Varanasi,6.36,4.46,0.86
21-10-2025 06:00,Gujarat,Rajkot,3.3,6.95,0.44
24-08-2025 23:00,Odisha,Kendrapara,6.03,6.76,0.82
27-01-2025 03:00,Karnataka,Bengaluru,6.25,6.46,0.35
30-11-2025 16:00,Tamil Nadu,Tiruppur,1.08,4.67,-0.16
02-08-2025 13:00,Gujarat,Surat,2.96,6.96,-0.45
18-07-2025 13:00,Assam,Dhemaji,6.86,6.52,0.5
06-12-2025 07:00,Kerala,Kochi,6.64,6.78,0.06
04-02-2026 18:00,Odisha,Bhubaneswar,1.27,6.13,0.16
22-02-2025 21:00,Assam,Dhemaji,7.7,6.71,-0.04
06-01-2025 08:00,Odisha,Cuttack,6.83,5.61,0.16
12-09-2025 16:00,Uttar Pradesh,Varanasi,4.78,6.81,0.63
13-03-2025 07:00,West Bengal,Murshidabad,4.37,5.92,0.59
24-11-2025 14:00,Maharashtra,Nashik,5.48,6.64,0.55
26-06-2025 11:00,Tamil Nadu,Madurai,8.27,6.12,0.61
05-08-2025 08:00,Maharashtra,Mumbai,7.34,6.13,-0.13
10-04-2025 22:00,Maharashtra,Nagpur,1.95,6.1,-0.01
15-08-2025 10:00,Odisha,Bhubaneswar,4.65,4.7,-0.56
10-09-2025 09:00,Uttar Pradesh,Prayagraj,4.55,5.64,-0.12
24-01-2026 06:00,Odisha,Cuttack,6.67,5.2,0.47
19-02-2025 10:00,Gujarat,Vadodara,8.56,4.69,0.47
08-09-2025 13:00,Assam,Dibrugarh,5.08,5.11,-0.55
13-02-2026 01:00,Odisha,Bhubaneswar,6.95,5.07,0.44
08-09-2025 14:00,Assam,Guwahati,5.85,6.72,0.16
24-03-2025 09:00,Kerala,Thrissur,3.49,5.5,0.19
16-02-2026 23:00,West Bengal,Murshidabad,7.47,5.63,0.08
26-06-2025 23:00,West Bengal,Murshidabad,7.39,5.23,0.69
16-11-2025 16:00,Odisha,Puri,1.41,5.31,0.74
08-02-2025 03:00,Assam,Guwahati,5.02,6.04,-0.04
24-02-2025 09:00,Odisha,Cuttack,2.01,5.37,-0.2
16-08-2025 07:00,West Bengal,Darjeeling,7.89,5.07,0.77
08-05-2025 01:00,Tamil Nadu,Coimbatore,2.8,4.83,0.14
01-02-2026 17:00,West Bengal,Darjeeling,7.29,6.5,-0.06
23-02-2025 01:00,Karnataka,Bengaluru,2.84,5.52,1.29
02-12-2025 15:00,Maharashtra,Kolhapur,7.55,5.62,0.87
27-04-2025 12:00,Odisha,Cuttack,3.14,5.25,0.86
28-02-2025 06:00,Gujarat,Bharuch,1.19,6.61,0.38
20-05-2025 22:00,Kerala,Kottayam,4.63,5.2,0.66
08-01-2025 15:00,Tamil Nadu,Tiruppur,2.32,4.6,0.38
14-10-2025 03:00,Tamil Nadu,Thanjavur,5.94,6.35,0.68
26-08-2025 07:00,Assam,Guwahati,5.95,5.85,0.24
04-01-2026 03:00,Gujarat,Rajkot,5.16,6.5,0.23
06-02-2026 02:00,Tamil Nadu,Coimbatore,7.0,4.8,0.57
15-09-2025 02:00,Kerala,Kottayam,8.19,6.58,0.23
19-10-2025 03:00,Odisha,Bhubaneswar,3.79,4.98,0.34
10-07-2025 07:00,Bihar,Bhagalpur,2.33,4.08,0.92
09-01-2026 03:00,Odisha,Cuttack,7.44,4.23,0.84
21-04-2025 16:00,Karnataka,Bengaluru,8.65,4.37,0.14
13-12-2025 05:00,Bihar,Muzaffarpur,8.48,5.0,0.58
13-10-2025 17:00,Bihar,Darbhanga,5.95,4.18,0.19
23-03-2025 17:00,Gujarat,Rajkot,5.73,5.94,-0.4
23-09-2025 23:00,Tamil Nadu,Coimbatore,2.96,6.64,0.65
04-01-2026 21:00,Uttar Pradesh,Lucknow,8.45,4.26,0.37
20-02-2026 13:00,Gujarat,Bharuch,1.26,5.51,0.56
22-02-2025 03:00,Kerala,Kochi,2.17,4.09,0.18
13-05-2025 08:00,Assam,Jorhat,5.51,4.69,-0.49
20-11-2025 08:00,Assam,Jorhat,6.05,4.04,0.18
28-07-2025 21:00,Kerala,Kochi,8.19,4.9,0.1
09-02-2026 09:00,Karnataka,Kodagu,5.27,5.59,0.24
30-09-2025 11:00,Kerala,Kozhikode,3.0,4.42,0.4
18-05-2025 01:00,Tamil Nadu,Madurai,8.35,4.99,0.09
26-09-2025 16:00,Uttar Pradesh,Gorakhpur,8.86,4.75,0.12
30-12-2025 14:00,Assam,Barpeta,2.27,5.9,0.57
14-11-2025 03:00,Uttar Pradesh,Gorakhpur,2.04,5.8,0.6
19-09-2025 11:00,Gujarat,Ahmedabad,1.16,4.08,0.42
14-10-2025 23:00,Assam,Jorhat,1.42,5.7,0.51
13-02-2025 19:00,Karnataka,Udupi,2.37,5.96,1.31
19-06-2025 13:00,Tamil Nadu,Thanjavur,6.49,5.72,0.67
08-09-2025 22:00,Uttar Pradesh,Kanpur,6.56,6.46,-0.14
20-08-2025 08:00,Tamil Nadu,Thanjavur,4.81,5.6,0.83
12-01-2025 08:00,Bihar,Gaya,6.73,6.08,0.15
27-03-2025 02:00,Kerala,Kozhikode,3.05,4.31,0.04
18-07-2025 11:00,Bihar,Patna,3.22,5.81,0.34
10-01-2026 21:00,West Bengal,Kolkata,7.35,5.46,0.9
05-08-2025 20:00,Tamil Nadu,Madurai,5.56,4.76,1.14
01-02-2026 05:00,Kerala,Kochi,8.43,4.86,0.54
15-02-2025 06:00,Kerala,Kozhikode,6.02,4.26,0.23
15-12-2025 21:00,Kerala,Alappuzha,1.81,6.35,0.7
19-11-2025 04:00,Kerala,Alappuzha,3.24,6.43,0.72
10-11-2025 03:00,Assam,Dhemaji,5.92,6.21,0.52
06-10-2025 06:00,Bihar,Muzaffarpur,4.84,4.78,-0.21
30-06-2025 02:00,Gujarat,Surat,8.57,4.95,0.93
17-10-2025 10:00,Kerala,Kottayam,2.04,4.0,-0.27
19-11-2025 19:00,West Bengal,Malda,8.8,6.9,0.82
10-10-2025 04:00,Karnataka,Mysuru,4.02,5.56,0.17
18-08-2025 22:00,Assam,Dhemaji,8.92,5.84,0.88
02-08-2025 05:00,Kerala,Thrissur,7.57,4.86,-0.14
15-09-2025 11:00,Tamil Nadu,Thanjavur,3.03,4.69,0.91
16-07-2025 05:00,Maharashtra,Nagpur,5.44,4.22,0.46
05-12-2025 09:00,Gujarat,Ahmedabad,8.5,4.14,0.01
06-09-2025 17:00,Bihar,Patna,2.41,6.11,0.59
10-10-2025 16:00,West Bengal,Murshidabad,8.19,4.1,0.97
25-05-2025 22:00,Bihar,Darbhanga,3.44,5.72,0.05
17-12-2025 14:00,West Bengal,Murshidabad,5.22,4.67,0.56
13-06-2025 12:00,Maharashtra,Kolhapur,3.69,5.42,0.54
14-03-2025 20:00,Odisha,Puri,1.5,5.12,0.2
31-01-2025 12:00,Karnataka,Bengaluru,4.29,4.91,-0.31
17-04-2025 09:00,Bihar,Patna,2.32,4.86,0.18
16-08-2025 10:00,Karnataka,Udupi,6.72,4.72,-0.23
02-09-2025 17:00,Gujarat,Surat,3.29,5.95,0.95
21-04-2025 22:00,Maharashtra,Nagpur,6.0,6.77,-0.37
27-01-2026 14:00,Bihar,Patna,6.73,6.32,0.45
26-09-2025 23:00,Kerala,Kottayam,4.49,5.5,-0.07
10-05-2025 17:00,Uttar Pradesh,Varanasi,7.57,4.09,-0.16
18-05-2025 15:00,Uttar Pradesh,Kanpur,4.84,6.94,0.44
26-02-2025 00:00,Odisha,Kendrapara,8.0,5.39,0.32
12-03-2025 10:00,Maharashtra,Nashik,4.89,5.33,0.5
27-10-2025 04:00,Odisha,Balasore,5.39,5.3,0.31
28-09-2025 19:00,Tamil Nadu,Coimbatore,4.43,4.46,0.29
18-05-2025 20:00,Kerala,Kochi,3.4,4.84,0.37
04-03-2025 16:00,Kerala,Alappuzha,7.65,6.56,-0.22
17-03-2025 06:00,Kerala,Thrissur,3.84,6.66,0.49
19-12-2025 21:00,Tamil Nadu,Madurai,8.52,4.3,0.19
12-08-2025 17:00,Odisha,Puri,1.51,4.54,0.03
07-06-2025 23:00,Maharashtra,Nagpur,6.44,4.0,0.94
01-02-2026 16:00,Assam,Jorhat,3.93,4.11,-0.26
02-11-2025 09:00,Gujarat,Surat,2.66,6.25,0.35
04-09-2025 05:00,Tamil Nadu,Tiruppur,2.32,5.48,-0.57
12-10-2025 09:00,Gujarat,Bharuch,7.66,4.12,0.34
30-10-2025 15:00,Karnataka,Bengaluru,7.96,4.66,-0.23
19-03-2025 00:00,Uttar Pradesh,Kanpur,7.83,4.2,-0.49
08-07-2025 00:00,West Bengal,Howrah,5.26,5.88,-0.01
12-04-2025 07:00,Assam,Guwahati,6.0,6.49,0.28
14-07-2025 04:00,Tamil Nadu,Coimbatore,7.47,4.09,-0.39
06-01-2026 05:00,Gujarat,Vadodara,6.23,4.97,-0.24
21-08-2025 16:00,Uttar Pradesh,Kanpur,3.85,4.25,0.51
06-01-2025 22:00,Uttar Pradesh,Lucknow,4.14,5.36,0.37
01-01-2026 00:00,Maharashtra,Pune,8.76,6.95,0.29
19-01-2026 19:00,Odisha,Bhubaneswar,2.1,6.42,-0.11
08-08-2025 08:00,West Bengal,Kolkata,2.28,6.47,-0.72
23-05-2025 01:00,Uttar Pradesh,Gorakhpur,6.54,5.68,1.29
16-02-2025 13:00,Odisha,Kendrapara,1.71,5.79,-0.14
15-03-2025 04:00,Assam,Barpeta,6.58,4.51,0.61
21-01-2025 17:00,Odisha,Balasore,3.12,6.07,0.81
01-12-2025 15:00,Odisha,Puri,7.44,6.43,0.89
06-02-2025 06:00,Maharashtra,Mumbai,7.03,5.87,0.69
20-05-2025 21:00,Maharashtra,Kolhapur,6.66,4.27,-0.79
08-02-2025 00:00,West Bengal,Howrah,8.54,5.73,0.43
31-01-2025 01:00,Bihar,Patna,3.17,4.29,1.05
27-04-2025 21:00,Maharashtra,Mumbai,7.08,5.09,0.73
19-02-2026 07:00,Odisha,Cuttack,6.75,5.53,0.21
06-02-2025 22:00,Odisha,Bhubaneswar,5.43,5.3,0.71
04-02-2026 16:00,Odisha,Puri,1.84,5.2,0.39
02-10-2025 11:00,Bihar,Patna,4.21,5.14,0.31
04-12-2025 12:00,West Bengal,Malda,2.02,4.58,0.29
05-03-2025 08:00,Odisha,Cuttack,6.17,6.73,0.53
29-12-2025 01:00,Bihar,Bhagalpur,8.65,4.05,0.18
25-04-2025 10:00,Maharashtra,Nashik,5.51,5.15,0.02
07-10-2025 04:00,Bihar,Gaya,5.51,4.12,0.83
29-08-2025 15:00,West Bengal,Darjeeling,2.84,4.09,-0.28
14-01-2025 02:00,West Bengal,Howrah,6.33,5.7,0.15
16-03-2025 23:00,Bihar,Patna,4.19,6.59,0.44
14-01-2025 15:00,Bihar,Gaya,5.16,6.3,0.3
24-08-2025 02:00,Odisha,Kendrapara,8.44,5.95,0.66
25-06-2025 04:00,Assam,Dhemaji,6.87,6.71,0.83
11-05-2025 09:00,West Bengal,Darjeeling,3.19,6.21,0.52
13-10-2025 20:00,Maharashtra,Nashik,6.35,5.06,0.96
17-02-2026 17:00,Karnataka,Kodagu,8.39,5.79,0.51
15-06-2025 08:00,West Bengal,Darjeeling,4.41,4.53,0.24
28-08-2025 07:00,Uttar Pradesh,Kanpur,4.69,4.84,0.21
17-09-2025 10:00,Gujarat,Ahmedabad,5.05,5.37,1.09
24-03-2025 05:00,Maharashtra,Pune,5.17,5.51,0.48
15-01-2025 00:00,Kerala,Alappuzha,2.96,4.32,1.13
26-04-2025 04:00,West Bengal,Malda,8.46,6.11,0.08
16-11-2025 04:00,Bihar,Darbhanga,3.52,4.94,0.16
12-01-2025 11:00,Tamil Nadu,Chennai,5.91,5.66,0.24
05-05-2025 09:00,West Bengal,Darjeeling,3.75,6.32,0.45
24-08-2025 06:00,Karnataka,Bengaluru,4.76,5.68,0.05
01-09-2025 17:00,Kerala,Alappuzha,2.92,4.3,0.61
25-05-2025 21:00,Assam,Dhemaji,8.89,6.2,0.1
11-11-2025 22:00,Karnataka,Kodagu,1.69,4.45,0.14
29-05-2025 06:00,Maharashtra,Pune,8.72,4.06,0.26
28-04-2025 01:00,Uttar Pradesh,Varanasi,1.54,6.67,0.35
15-01-2026 17:00,West Bengal,Malda,2.55,5.38,0.59
22-07-2025 13:00,Gujarat,Vadodara,3.66,4.61,0.84
02-10-2025 10:00,Assam,Dhemaji,8.56,4.08,-0.02
23-05-2025 08:00,Odisha,Balasore,5.81,5.89,0.62
13-01-2025 19:00,Assam,Jorhat,4.49,5.03,0.09
12-06-2025 20:00,Assam,Barpeta,7.51,5.24,0.97
15-01-2025 12:00,Kerala,Thrissur,5.57,5.19,0.87
04-02-2025 10:00,Kerala,Alappuzha,6.97,6.12,-0.2
31-01-2026 21:00,Odisha,Puri,3.81,5.0,0.27
06-07-2025 18:00,Uttar Pradesh,Gorakhpur,1.26,6.37,0.29
02-10-2025 00:00,Karnataka,Udupi,2.19,4.33,0.57
03-06-2025 10:00,West Bengal,Malda,5.13,6.22,1.2
02-09-2025 20:00,Maharashtra,Nashik,7.53,4.04,0.04
16-12-2025 11:00,Odisha,Cuttack,5.54,4.07,0.49
27-03-2025 13:00,Assam,Guwahati,5.39,5.13,-0.06
03-01-2025 23:00,Assam,Dibrugarh,1.49,6.14,0.53
18-08-2025 11:00,Maharashtra,Pune,8.02,4.04,1.11
21-12-2025 18:00,Tamil Nadu,Madurai,2.4,4.25,0.45
09-11-2025 22:00,West Bengal,Malda,6.24,5.7,0.16
06-12-2025 15:00,Odisha,Puri,2.94,5.97,-0.04
11-03-2025 10:00,Assam,Guwahati,2.17,5.04,0.61
24-11-2025 13:00,Uttar Pradesh,Gorakhpur,6.24,6.62,0.73
17-01-2026 15:00,Tamil Nadu,Madurai,3.63,6.39,1.22
26-08-2025 00:00,Maharashtra,Mumbai,5.99,6.55,0.52
02-03-2025 05:00,Kerala,Alappuzha,1.69,4.01,0.6
06-08-2025 19:00,Karnataka,Mangaluru,7.53,6.14,-0.04
18-10-2025 22:00,Tamil Nadu,Coimbatore,5.8,6.36,-0.09
12-03-2025 15:00,Karnataka,Udupi,1.01,5.89,-0.04
01-05-2025 12:00,West Bengal,Darjeeling,5.03,5.69,1.24
07-03-2025 14:00,Odisha,Bhubaneswar,4.56,5.68,-0.6
14-05-2025 11:00,Maharashtra,Nashik,6.66,4.31,0.37
03-07-2025 13:00,Karnataka,Udupi,7.29,4.97,0.52
09-03-2025 22:00,Odisha,Kendrapara,7.62,6.05,0.32
16-12-2025 04:00,Kerala,Kottayam,2.4,4.74,0.59
20-03-2025 09:00,Karnataka,Bengaluru,5.35,4.95,0.22
03-01-2026 13:00,West Bengal,Darjeeling,7.47,4.1,0.44
27-09-2025 07:00,West Bengal,Howrah,8.02,4.48,0.15
05-02-2025 08:00,Bihar,Muzaffarpur,6.23,4.16,0.71
18-02-2026 11:00,Bihar,Bhagalpur,1.13,4.38,0.31
15-09-2025 20:00,Odisha,Bhubaneswar,5.72,5.24,0.32
02-09-2025 13:00,Kerala,Kottayam,8.27,5.08,0.83
30-04-2025 21:00,West Bengal,Kolkata,2.88,5.98,0.29
08-01-2025 18:00,Assam,Barpeta,4.26,6.08,0.77
07-06-2025 11:00,Tamil Nadu,Tiruppur,3.95,4.12,1.48
18-03-2025 06:00,Tamil Nadu,Tiruppur,1.49,5.79,0.65
13-12-2025 21:00,Karnataka,Udupi,2.35,5.52,0.94
21-01-2026 01:00,West Bengal,Kolkata,7.31,5.05,0.03
23-09-2025 18:00,Maharashtra,Kolhapur,6.64,6.24,0.38
21-02-2025 10:00,Karnataka,Bengaluru,2.52,5.23,0.53
18-10-2025 04:00,Gujarat,Ahmedabad,4.57,6.06,0.42
13-06-2025 03:00,Tamil Nadu,Madurai,2.9,5.03,0.24
19-01-2025 14:00,Karnataka,Mangaluru,6.22,5.83,1.26
05-02-2025 04:00,Karnataka,Kodagu,4.72,5.7,-0.02
02-12-2025 22:00,Uttar Pradesh,Lucknow,8.86,6.52,0.21
14-08-2025 02:00,Assam,Guwahati,4.09,4.47,-0.28
12-04-2025 16:00,Maharashtra,Pune,7.48,4.97,0.43
10-05-2025 07:00,Bihar,Bhagalpur,8.97,5.93,0.53
24-12-2025 17:00,Karnataka,Bengaluru,8.59,5.1,0.81
10-10-2025 23:00,Uttar Pradesh,Gorakhpur,4.04,4.44,0.24
24-08-2025 10:00,Karnataka,Udupi,4.29,5.15,0.64
23-02-2025 22:00,Gujarat,Bharuch,4.85,4.81,-0.11
31-07-2025 15:00,Assam,Barpeta,4.15,6.34,0.55
11-01-2026 16:00,Karnataka,Mysuru,2.14,4.6,0.78
31-07-2025 03:00,Assam,Jorhat,2.42,6.41,1.46
24-05-2025 10:00,Bihar,Bhagalpur,8.77,4.01,-0.1
19-12-2025 03:00,Gujarat,Surat,2.64,4.74,0.33
31-10-2025 01:00,Uttar Pradesh,Kanpur,6.82,5.06,0.29
12-09-2025 09:00,Odisha,Cuttack,7.66,4.35,0.18
02-02-2025 08:00,Maharashtra,Nagpur,6.21,5.91,-0.08
09-02-2026 20:00,Gujarat,Rajkot,6.99,6.7,-0.47
31-03-2025 17:00,Maharashtra,Mumbai,7.93,5.95,0.54
25-07-2025 00:00,West Bengal,Howrah,8.54,4.74,0.04
12-08-2025 08:00,Maharashtra,Pune,2.23,6.21,0.55
10-02-2026 15:00,Uttar Pradesh,Kanpur,2.77,4.71,0.12
06-09-2025 05:00,Kerala,Alappuzha,1.07,5.1,0.52
17-12-2025 11:00,Assam,Jorhat,7.12,6.81,0.34
18-12-2025 08:00,Odisha,Bhubaneswar,6.31,6.66,-0.55
13-05-2025 15:00,Gujarat,Surat,2.42,4.32,-0.16
11-10-2025 00:00,Gujarat,Surat,7.4,6.31,0.95
14-05-2025 07:00,Odisha,Balasore,3.54,6.96,0.68
26-01-2026 09:00,Karnataka,Kodagu,7.1,4.15,0.66
23-02-2025 17:00,West Bengal,Darjeeling,5.54,5.27,-0.04
10-07-2025 21:00,Assam,Dhemaji,1.05,6.72,0.48
16-09-2025 00:00,Tamil Nadu,Madurai,6.82,5.28,-0.1
08-01-2026 07:00,Odisha,Bhubaneswar,8.12,4.53,-0.29
25-10-2025 21:00,Karnataka,Udupi,2.93,6.24,0.55
15-02-2026 06:00,Kerala,Kochi,6.23,4.97,0.63
21-06-2025 02:00,Bihar,Muzaffarpur,6.65,4.85,0.52
21-06-2025 22:00,Gujarat,Rajkot,8.82,4.9,0.38
12-12-2025 20:00,Odisha,Bhubaneswar,6.98,5.51,0.06
15-06-2025 06:00,Gujarat,Ahmedabad,3.82,4.52,0.53
20-03-2025 07:00,West Bengal,Murshidabad,7.75,5.61,0.25
21-12-2025 00:00,Karnataka,Bengaluru,5.0,6.25,-0.29
23-01-2026 11:00,Kerala,Alappuzha,1.65,6.55,0.5
22-09-2025 12:00,Kerala,Thrissur,8.64,4.92,0.42
30-05-2025 11:00,Assam,Guwahati,7.44,5.49,0.31
04-11-2025 04:00,Odisha,Bhubaneswar,6.7,6.5,0.99
11-06-2025 01:00,Karnataka,Kodagu,8.01,6.36,0.53
20-12-2025 15:00,Uttar Pradesh,Lucknow,8.6,4.94,0.41
22-06-2025 03:00,Tamil Nadu,Thanjavur,2.7,5.37,0.26
13-02-2025 04:00,Maharashtra,Mumbai,8.31,4.7,0.28
27-01-2025 12:00,Kerala,Kochi,3.5,6.91,-0.24
14-09-2025 09:00,Maharashtra,Kolhapur,5.22,5.17,1.21
22-06-2025 06:00,Gujarat,Vadodara,2.57,4.91,-0.18
11-08-2025 10:00,West Bengal,Kolkata,4.57,4.24,0.79
15-02-2025 03:00,Tamil Nadu,Madurai,8.93,5.98,0.54
05-02-2025 21:00,Bihar,Bhagalpur,1.6,5.73,0.15
07-02-2025 15:00,Kerala,Thrissur,7.64,4.34,1.42
08-01-2025 23:00,Odisha,Cuttack,1.1,5.86,0.44
05-01-2025 13:00,Karnataka,Mangaluru,5.78,5.28,0.11
05-07-2025 15:00,Kerala,Kozhikode,8.66,6.8,-0.04
22-03-2025 22:00,Tamil Nadu,Thanjavur,7.07,6.12,0.33
02-09-2025 00:00,Bihar,Bhagalpur,2.05,6.74,0.07
30-06-2025 11:00,Assam,Guwahati,1.85,4.18,-0.36
22-12-2025 21:00,Odisha,Bhubaneswar,1.0,5.72,0.62
27-03-2025 00:00,Kerala,Thrissur,1.78,6.85,-0.08
02-11-2025 11:00,Gujarat,Ahmedabad,3.05,4.39,0.92
01-11-2025 21:00,Assam,Dhemaji,2.43,4.91,0.65
21-11-2025 03:00,West Bengal,Darjeeling,5.97,4.61,0.24
14-07-2025 03:00,Gujarat,Rajkot,6.98,6.66,0.18
01-11-2025 17:00,Gujarat,Bharuch,7.76,6.31,1.43
26-04-2025 15:00,Karnataka,Mangaluru,7.7,6.71,0.7
22-06-2025 17:00,Uttar Pradesh,Lucknow,4.15,4.36,0.69
07-04-2025 19:00,Tamil Nadu,Coimbatore,5.67,6.48,-0.2
01-02-2025 18:00,Gujarat,Surat,1.93,4.97,0.22
20-04-2025 01:00,West Bengal,Howrah,7.45,6.32,0.52
11-04-2025 11:00,Odisha,Cuttack,7.44,5.75,0.21
15-02-2025 14:00,West Bengal,Murshidabad,6.0,6.61,0.1
15-09-2025 05:00,Karnataka,Kodagu,3.42,6.87,0.08
21-10-2025 16:00,Assam,Dhemaji,5.56,4.28,-0.12
22-01-2026 08:00,Gujarat,Surat,3.47,4.57,-0.42
11-05-2025 15:00,Tamil Nadu,Tiruppur,2.29,4.58,0.68
21-11-2025 11:00,Bihar,Bhagalpur,7.25,5.14,0.8
30-07-2025 00:00,Maharashtra,Nashik,4.31,5.69,0.71
08-06-2025 13:00,Kerala,Kochi,7.01,6.05,0.08
06-02-2025 20:00,Gujarat,Surat,3.47,5.0,0.02
21-04-2025 14:00,Karnataka,Bengaluru,2.03,4.1,0.85
04-09-2025 17:00,Odisha,Bhubaneswar,6.04,5.08,0.79
15-09-2025 19:00,West Bengal,Darjeeling,1.71,5.83,0.15
03-12-2025 21:00,West Bengal,Murshidabad,5.93,6.18,-0.27
08-10-2025 22:00,Tamil Nadu,Madurai,1.14,5.26,-0.32
14-11-2025 18:00,Odisha,Cuttack,5.77,5.58,0.01
25-08-2025 16:00,Uttar Pradesh,Varanasi,8.56,6.4,0.34
19-10-2025 23:00,Kerala,Kozhikode,8.9,5.15,-0.3
08-02-2026 14:00,West Bengal,Howrah,6.22,5.26,0.26
02-04-2025 18:00,Assam,Barpeta,1.83,4.23,0.76
12-09-2025 11:00,Odisha,Balasore,4.09,6.72,1.36
25-09-2025 09:00,Odisha,Cuttack,5.96,4.42,0.7
22-02-2025 14:00,Bihar,Darbhanga,2.66,6.83,0.47
16-12-2025 03:00,Tamil Nadu,Tiruppur,5.33,5.05,-0.14
10-02-2025 15:00,Bihar,Patna,5.79,5.2,-0.16
31-08-2025 23:00,Kerala,Thrissur,3.5,6.84,0.02
25-07-2025 05:00,Odisha,Kendrapara,2.73,4.82,0.54
09-02-2025 05:00,Assam,Dibrugarh,6.02,6.94,1.17
16-07-2025 19:00,Tamil Nadu,Thanjavur,8.76,4.85,0.39
10-04-2025 11:00,Karnataka,Mysuru,6.36,6.33,-0.04
10-02-2026 08:00,Uttar Pradesh,Kanpur,5.1,4.92,0.08
29-07-2025 05:00,Maharashtra,Nagpur,7.75,5.43,-0.41
02-07-2025 23:00,Bihar,Bhagalpur,7.98,4.05,1.42
03-08-2025 12:00,Kerala,Kozhikode,7.1,5.32,0.6
15-05-2025 05:00,West Bengal,Howrah,4.9,4.05,-0.08
11-06-2025 18:00,Maharashtra,Kolhapur,4.21,4.05,0.49
29-01-2026 06:00,Gujarat,Ahmedabad,1.29,5.16,0.27
04-10-2025 00:00,Karnataka,Mysuru,6.64,4.29,0.74
04-09-2025 14:00,Maharashtra,Pune,5.97,6.6,0.71
27-04-2025 05:00,Maharashtra,Nagpur,3.11,4.41,0.31
09-02-2025 08:00,Karnataka,Kodagu,8.76,6.96,0.52
07-01-2026 04:00,Kerala,Kochi,8.41,6.98,0.54
19-03-2025 09:00,West Bengal,Howrah,3.83,5.16,0.04
14-01-2026 08:00,Odisha,Balasore,4.83,5.83,0.83
21-06-2025 04:00,Tamil Nadu,Thanjavur,8.16,6.7,-0.2
21-12-2025 17:00,Tamil Nadu,Chennai,6.07,6.62,-0.32
16-05-2025 15:00,Karnataka,Mangaluru,4.45,6.36,0.82
23-04-2025 02:00,Uttar Pradesh,Lucknow,7.93,6.65,-0.4
01-02-2026 08:00,Maharashtra,Mumbai,7.29,5.23,0.66
18-10-2025 01:00,Gujarat,Surat,3.28,4.22,0.05
24-02-2025 23:00,Odisha,Kendrapara,3.6,4.46,0.59
06-01-2026 02:00,Odisha,Cuttack,6.12,4.25,0.24
16-02-2026 16:00,Uttar Pradesh,Kanpur,2.16,5.94,0.91
04-08-2025 02:00,Kerala,Kochi,6.59,5.19,0.13
31-08-2025 21:00,Odisha,Balasore,5.8,6.68,0.35
28-11-2025 09:00,Uttar Pradesh,Varanasi,8.68,5.04,0.33
06-09-2025 06:00,Assam,Dibrugarh,7.3,5.61,1.2
22-01-2026 07:00,Tamil Nadu,Madurai,8.02,4.48,-0.32
25-05-2025 19:00,Gujarat,Vadodara,8.49,4.96,0.14
27-05-2025 01:00,Assam,Guwahati,3.65,4.59,0.44
17-07-2025 21:00,Karnataka,Bengaluru,2.95,5.19,-0.65
14-04-2025 05:00,Maharashtra,Pune,1.09,6.99,0.06
31-01-2026 10:00,Bihar,Gaya,2.23,6.79,0.56
03-10-2025 15:00,Gujarat,Ahmedabad,8.15,5.99,0.02
05-11-2025 21:00,West Bengal,Malda,4.04,6.94,0.42
13-11-2025 02:00,Odisha,Kendrapara,4.75,6.7,0.49
11-08-2025 16:00,Maharashtra,Kolhapur,3.96,6.29,0.51
15-02-2026 23:00,Bihar,Muzaffarpur,7.93,5.46,-0.12
24-10-2025 07:00,Kerala,Kottayam,4.33,5.9,0.78
20-03-2025 02:00,Uttar Pradesh,Gorakhpur,1.42,4.88,0.18
21-12-2025 20:00,West Bengal,Malda,2.52,6.87,0.32
08-08-2025 14:00,Karnataka,Bengaluru,6.29,4.2,0.34
01-08-2025 08:00,Tamil Nadu,Chennai,4.91,6.78,-0.41
02-05-2025 00:00,Bihar,Darbhanga,4.36,6.87,0.29
24-01-2025 18:00,Kerala,Alappuzha,5.68,6.89,0.26
02-03-2025 08:00,Assam,Barpeta,2.67,6.07,0.85
06-09-2025 12:00,Karnataka,Kodagu,8.13,6.48,0.09
18-09-2025 02:00,Maharashtra,Nashik,6.22,5.27,0.81
22-09-2025 11:00,Karnataka,Udupi,1.51,4.44,0.79
25-11-2025 02:00,Gujarat,Rajkot,4.51,4.44,0.08
14-02-2026 00:00,Tamil Nadu,Chennai,5.07,6.5,0.75
15-05-2025 10:00,Karnataka,Bengaluru,4.44,4.64,-0.18
11-02-2026 00:00,West Bengal,Kolkata,6.12,6.69,-0.13
15-06-2025 18:00,Bihar,Gaya,8.35,6.28,0.3
02-07-2025 15:00,Kerala,Kozhikode,8.14,6.57,0.18
24-11-2025 08:00,Uttar Pradesh,Prayagraj,6.2,6.76,1.37
28-05-2025 11:00,Assam,Dibrugarh,3.31,6.68,0.24
25-08-2025 18:00,Assam,Jorhat,2.71,5.43,0.93
28-04-2025 19:00,Maharashtra,Kolhapur,2.64,6.59,-0.63
16-11-2025 02:00,Uttar Pradesh,Prayagraj,6.4,6.98,0.34
28-07-2025 04:00,Maharashtra,Mumbai,8.25,5.49,0.2
25-02-2025 18:00,Gujarat,Surat,7.55,6.43,0.99
16-05-2025 22:00,Odisha,Balasore,7.28,6.65,0.32
24-09-2025 02:00,Kerala,Kozhikode,5.66,5.15,-0.02
28-11-2025 07:00,Tamil Nadu,Chennai,3.72,5.56,0.57
28-01-2025 02:00,Tamil Nadu,Thanjavur,1.4,5.5,0.49
01-05-2025 22:00,Karnataka,Kodagu,2.04,6.86,0.55
05-04-2025 02:00,West Bengal,Malda,1.33,5.57,-0.19
05-11-2025 10:00,Bihar,Bhagalpur,7.92,4.14,0.61
27-05-2025 17:00,Bihar,Bhagalpur,5.46,5.36,0.33
24-04-2025 18:00,Tamil Nadu,Chennai,3.46,4.88,0.38
18-08-2025 00:00,Odisha,Cuttack,5.43,4.37,0.6
06-07-2025 14:00,Bihar,Darbhanga,1.66,5.68,0.2
08-03-2025 12:00,West Bengal,Darjeeling,5.29,6.6,-0.03
22-10-2025 10:00,Assam,Dibrugarh,3.79,6.0,0.78
18-04-2025 16:00,Uttar Pradesh,Gorakhpur,4.84,4.07,0.85
15-08-2025 17:00,West Bengal,Kolkata,1.62,4.21,1.07
14-05-2025 04:00,Gujarat,Vadodara,4.54,4.87,0.63
22-12-2025 03:00,Assam,Barpeta,6.07,5.7,0.47
17-11-2025 02:00,Gujarat,Surat,5.29,6.57,0.28
13-08-2025 00:00,Gujarat,Bharuch,3.78,6.68,-0.12
22-02-2025 10:00,Bihar,Patna,8.03,4.34,0.52
08-08-2025 21:00,Odisha,Balasore,1.99,5.67,0.96
11-02-2025 07:00,West Bengal,Malda,8.38,5.68,0.46
27-05-2025 00:00,Assam,Jorhat,8.82,5.76,0.45
05-01-2025 17:00,Karnataka,Udupi,6.43,5.29,-0.34
08-02-2025 07:00,Assam,Barpeta,1.51,5.48,-0.31
15-04-2025 13:00,Maharashtra,Nashik,4.78,4.21,0.73
27-01-2026 20:00,Odisha,Balasore,6.93,6.61,0.38
07-01-2025 21:00,Tamil Nadu,Tiruppur,6.2,5.4,0.8
08-08-2025 07:00,Karnataka,Mangaluru,6.92,5.78,-0.56
11-07-2025 19:00,Tamil Nadu,Chennai,6.99,5.46,0.54
09-02-2025 13:00,Karnataka,Bengaluru,8.21,4.55,0.72
11-07-2025 10:00,Tamil Nadu,Thanjavur,1.78,6.02,-0.07
27-08-2025 15:00,Gujarat,Surat,8.71,4.63,1.05
07-06-2025 02:00,Tamil Nadu,Chennai,2.45,5.78,0.2
15-04-2025 10:00,Maharashtra,Pune,5.12,4.65,0.5
01-08-2025 19:00,Uttar Pradesh,Gorakhpur,7.42,6.77,1.45
29-04-2025 18:00,Karnataka,Kodagu,6.79,6.16,0.23
28-09-2025 05:00,Maharashtra,Pune,1.41,4.88,-0.06
12-08-2025 10:00,Kerala,Kottayam,7.88,6.63,0.79
07-11-2025 02:00,West Bengal,Malda,2.82,6.19,0.91
05-07-2025 06:00,Gujarat,Surat,5.01,5.11,0.66
05-07-2025 20:00,West Bengal,Kolkata,3.97,4.77,0.44
01-02-2026 09:00,Bihar,Muzaffarpur,8.69,6.69,-0.19
15-04-2025 09:00,Assam,Dhemaji,6.11,5.51,0.65
16-02-2025 10:00,Odisha,Cuttack,7.84,4.15,0.65
16-12-2025 21:00,Maharashtra,Nashik,8.63,6.46,0.23
13-01-2025 10:00,Karnataka,Mysuru,3.19,4.76,0.49
11-03-2025 19:00,Bihar,Muzaffarpur,3.85,5.78,-0.07
20-05-2025 11:00,Odisha,Puri,8.86,6.73,0.75
24-04-2025 23:00,Uttar Pradesh,Lucknow,1.38,4.66,0.77
22-11-2025 19:00,Tamil Nadu,Thanjavur,2.16,4.14,0.48
27-07-2025 20:00,Assam,Barpeta,3.99,6.88,-0.84
17-02-2026 06:00,Gujarat,Surat,8.66,5.08,0.42
31-08-2025 09:00,Assam,Dhemaji,5.49,4.47,1.19
30-06-2025 05:00,Karnataka,Kodagu,4.34,6.96,0.42
07-10-2025 23:00,Odisha,Puri,2.66,6.63,0.22
02-01-2026 02:00,Maharashtra,Nagpur,6.74,6.02,-0.42
09-07-2025 14:00,Gujarat,Vadodara,8.7,4.04,0.62
24-12-2025 04:00,Assam,Jorhat,4.61,5.52,-0.1
23-11-2025 23:00,Karnataka,Mysuru,1.57,6.69,0.48
29-03-2025 15:00,West Bengal,Howrah,5.78,4.97,0.7
31-08-2025 05:00,Assam,Dhemaji,6.55,5.69,0.64
15-01-2026 08:00,Kerala,Thrissur,5.56,4.37,0.99
07-11-2025 13:00,Uttar Pradesh,Prayagraj,2.59,6.46,-0.12
18-03-2025 13:00,Assam,Barpeta,8.04,5.96,0.19
26-11-2025 06:00,Bihar,Muzaffarpur,6.97,5.88,-0.04
13-12-2025 14:00,Kerala,Thrissur,2.71,5.1,0.83
30-12-2025 11:00,Karnataka,Mangaluru,2.75,5.24,0.68
26-01-2025 07:00,Bihar,Muzaffarpur,8.73,6.81,0.35
15-12-2025 22:00,Gujarat,Surat,1.2,5.49,0.26
15-02-2025 13:00,Kerala,Kottayam,4.98,4.53,0.43
24-09-2025 03:00,Tamil Nadu,Coimbatore,8.08,5.32,0.87
29-09-2025 01:00,Karnataka,Mangaluru,5.27,5.39,0.95
09-01-2026 12:00,Karnataka,Kodagu,3.89,6.5,0.15
06-07-2025 23:00,Gujarat,Bharuch,7.1,4.47,-0.24
07-01-2025 16:00,West Bengal,Darjeeling,1.4,6.09,0.35
09-01-2025 11:00,West Bengal,Murshidabad,8.69,4.16,-0.31
21-10-2025 08:00,West Bengal,Darjeeling,4.43,4.43,0.38
03-09-2025 13:00,Gujarat,Surat,2.41,5.67,0.64
25-07-2025 13:00,Karnataka,Udupi,2.31,5.95,-0.27
03-05-2025 06:00,Tamil Nadu,Thanjavur,5.0,5.91,-0.42
02-11-2025 02:00,Karnataka,Mangaluru,6.37,5.76,0.17
12-04-2025 11:00,Uttar Pradesh,Lucknow,1.44,4.28,0.03
21-02-2025 06:00,Maharashtra,Nagpur,4.85,6.27,0.66
28-12-2025 11:00,Uttar Pradesh,Prayagraj,6.04,4.68,0.76
07-05-2025 22:00,Maharashtra,Nagpur,6.21,4.12,0.03
07-02-2026 06:00,Kerala,Alappuzha,3.89,4.57,0.08
17-12-2025 19:00,Gujarat,Ahmedabad,2.72,5.72,1.07
16-11-2025 10:00,West Bengal,Howrah,7.08,5.59,0.71
24-09-2025 23:00,Tamil Nadu,Chennai,1.33,5.95,0.2
27-06-2025 03:00,Gujarat,Ahmedabad,6.93,6.39,0.25
21-08-2025 09:00,Karnataka,Bengaluru,6.46,4.76,0.43
18-05-2025 05:00,West Bengal,Darjeeling,2.97,6.19,0.62
18-06-2025 02:00,Assam,Dibrugarh,3.59,6.4,0.43
05-12-2025 00:00,Odisha,Puri,1.77,4.83,-0.02
28-06-2025 18:00,West Bengal,Darjeeling,3.32,6.8,0.02
30-06-2025 14:00,Kerala,Alappuzha,3.16,4.95,0.81
05-09-2025 03:00,Assam,Dibrugarh,2.69,6.66,0.73
11-06-2025 13:00,Odisha,Balasore,3.01,6.07,0.79
15-08-2025 04:00,West Bengal,Howrah,8.32,5.18,0.63
18-07-2025 01:00,Uttar Pradesh,Prayagraj,6.44,4.68,0.4
23-07-2025 14:00,Odisha,Balasore,2.77,6.77,0.36
05-02-2025 17:00,West Bengal,Malda,6.44,5.81,0.15
10-12-2025 01:00,Tamil Nadu,Thanjavur,7.73,5.27,0.08
15-12-2025 23:00,Odisha,Balasore,1.4,4.62,0.72
17-04-2025 17:00,Uttar Pradesh,Lucknow,8.1,5.61,0.89
08-06-2025 09:00,Odisha,Kendrapara,7.6,5.63,0.11
21-04-2025 00:00,Uttar Pradesh,Kanpur,8.58,6.0,-0.57
07-02-2026 15:00,Maharashtra,Pune,1.6,6.33,1.17
07-07-2025 02:00,Tamil Nadu,Madurai,1.69,6.8,-0.41
08-04-2025 19:00,Kerala,Kottayam,5.45,6.58,0.49
28-01-2025 01:00,Tamil Nadu,Thanjavur,5.53,5.76,-0.41
26-04-2025 21:00,Kerala,Kochi,2.39,4.62,0.17
24-08-2025 12:00,Kerala,Thrissur,5.58,6.38,-0.23
22-12-2025 23:00,Tamil Nadu,Chennai,5.42,6.33,0.11
28-12-2025 13:00,Kerala,Alappuzha,8.88,6.87,0.21
26-09-2025 01:00,Bihar,Bhagalpur,2.83,5.5,0.1
26-01-2025 15:00,Bihar,Darbhanga,3.58,5.15,0.61
19-12-2025 00:00,Uttar Pradesh,Lucknow,3.73,4.38,-0.47
18-04-2025 07:00,Uttar Pradesh,Gorakhpur,3.05,5.26,-0.25
03-01-2025 05:00,Kerala,Alappuzha,2.81,6.49,0.81
20-05-2025 04:00,Karnataka,Mysuru,4.79,4.54,0.3
21-10-2025 05:00,West Bengal,Darjeeling,2.71,6.1,-0.08
13-03-2025 01:00,West Bengal,Murshidabad,3.39,5.43,0.12
13-01-2026 12:00,West Bengal,Darjeeling,1.88,6.67,0.62
25-01-2026 16:00,West Bengal,Howrah,8.6,4.79,0.11
04-03-2025 05:00,West Bengal,Kolkata,4.83,4.08,0.56
20-02-2026 03:00,Bihar,Muzaffarpur,6.77,6.0,0.01
23-08-2025 16:00,Bihar,Muzaffarpur,7.46,5.38,0.25
03-02-2025 11:00,Gujarat,Vadodara,4.6,6.08,0.14
26-07-2025 09:00,Assam,Barpeta,6.91,6.86,0.82
16-10-2025 21:00,Tamil Nadu,Madurai,5.49,5.56,0.74
24-10-2025 00:00,West Bengal,Murshidabad,3.77,5.43,0.35
11-02-2025 06:00,Bihar,Darbhanga,7.24,4.89,-0.06
26-04-2025 14:00,Uttar Pradesh,Prayagraj,4.31,5.49,0.53
08-11-2025 06:00,Uttar Pradesh,Kanpur,3.5,5.1,0.71
25-09-2025 11:00,Tamil Nadu,Madurai,1.46,4.74,0.18
27-05-2025 09:00,Bihar,Gaya,6.78,6.74,-0.45
17-08-2025 06:00,Uttar Pradesh,Kanpur,1.97,6.79,0.33
17-12-2025 00:00,Odisha,Cuttack,1.9,5.57,0.69
10-01-2025 03:00,Bihar,Gaya,1.61,6.33,0.78
18-10-2025 09:00,Kerala,Kottayam,5.54,4.46,0.98
23-02-2025 16:00,West Bengal,Murshidabad,8.2,4.02,0.92
12-05-2025 19:00,Odisha,Kendrapara,5.98,4.37,0.36
14-07-2025 22:00,West Bengal,Murshidabad,2.16,4.43,1.07
20-04-2025 02:00,Gujarat,Vadodara,1.97,4.76,0.89
31-05-2025 12:00,Gujarat,Vadodara,6.25,5.77,0.47
02-01-2025 19:00,Uttar Pradesh,Lucknow,7.64,4.72,0.09
04-12-2025 06:00,Maharashtra,Nashik,5.24,4.21,0.67
15-12-2025 20:00,Maharashtra,Nagpur,7.58,4.61,0.86
08-06-2025 00:00,Maharashtra,Pune,1.67,4.66,0.6
29-05-2025 19:00,Karnataka,Mysuru,6.51,6.62,0.4
20-02-2026 20:00,Gujarat,Vadodara,5.27,5.36,0.46
04-03-2025 15:00,Maharashtra,Nagpur,7.85,6.77,-0.32
20-08-2025 12:00,Kerala,Kozhikode,3.5,4.49,0.61
14-02-2026 14:00,Uttar Pradesh,Gorakhpur,4.27,6.83,0.05
24-05-2025 07:00,Maharashtra,Mumbai,3.07,4.76,-0.15
20-03-2025 20:00,Assam,Guwahati,2.71,6.98,0.4
24-01-2026 11:00,Gujarat,Vadodara,7.61,5.88,1.34
07-08-2025 23:00,Karnataka,Bengaluru,6.05,6.2,1.16
23-03-2025 11:00,Gujarat,Ahmedabad,3.24,6.69,0.9
04-08-2025 07:00,Maharashtra,Nashik,8.53,6.45,1.0
20-07-2025 14:00,Assam,Barpeta,1.47,4.35,0.64
19-09-2025 00:00,Uttar Pradesh,Prayagraj,3.03,4.79,0.87
04-03-2025 17:00,Maharashtra,Mumbai,7.91,4.95,0.06
28-01-2025 22:00,Karnataka,Kodagu,2.6,5.22,-0.27
07-01-2026 03:00,Assam,Guwahati,4.93,5.79,0.49
21-10-2025 23:00,Bihar,Bhagalpur,7.47,6.69,0.28
07-02-2025 09:00,Bihar,Bhagalpur,7.18,5.65,0.02
15-09-2025 10:00,Karnataka,Kodagu,2.68,6.74,-0.36
22-04-2025 02:00,Odisha,Bhubaneswar,1.77,4.57,0.42
14-05-2025 01:00,Karnataka,Udupi,2.29,4.32,0.38
01-05-2025 10:00,Kerala,Kochi,1.63,5.73,0.27
20-11-2025 21:00,Kerala,Kottayam,7.85,4.15,0.7
20-04-2025 05:00,Tamil Nadu,Madurai,8.69,4.88,-0.28
08-09-2025 08:00,West Bengal,Darjeeling,8.73,4.58,0.59
06-09-2025 04:00,Maharashtra,Nagpur,1.42,6.21,0.91
01-01-2025 02:00,Bihar,Darbhanga,6.76,5.45,-0.23
09-04-2025 18:00,Karnataka,Udupi,4.75,6.6,0.5
26-11-2025 18:00,Odisha,Puri,3.93,6.33,0.32
15-03-2025 17:00,Bihar,Patna,6.16,6.94,-0.53
21-12-2025 10:00,Odisha,Cuttack,8.11,5.75,0.4
09-09-2025 01:00,Assam,Dhemaji,4.32,4.15,0.1
23-01-2025 03:00,Gujarat,Surat,4.87,6.41,0.91
30-12-2025 12:00,Tamil Nadu,Tiruppur,6.83,4.94,1.0
27-12-2025 09:00,Uttar Pradesh,Lucknow,8.09,6.15,0.6
25-11-2025 01:00,Tamil Nadu,Madurai,6.72,5.41,0.06
06-01-2026 10:00,Gujarat,Surat,1.25,5.28,0.6
11-05-2025 00:00,Bihar,Patna,4.56,4.01,0.48
11-01-2026 22:00,Gujarat,Ahmedabad,7.51,5.14,0.48
31-01-2025 11:00,Kerala,Kozhikode,3.61,4.56,0.0
22-05-2025 22:00,West Bengal,Howrah,8.91,5.81,0.35
08-04-2025 11:00,Bihar,Patna,4.57,6.47,0.61
06-09-2025 15:00,Bihar,Darbhanga,2.21,5.18,1.23
02-10-2025 04:00,Kerala,Alappuzha,4.62,5.57,-0.25
17-04-2025 21:00,Kerala,Kottayam,2.68,6.75,-0.85
18-11-2025 22:00,Bihar,Darbhanga,3.14,6.97,0.51
22-11-2025 20:00,Kerala,Thrissur,4.99,4.24,-0.6
07-10-2025 17:00,Odisha,Cuttack,7.54,4.35,0.52
19-10-2025 11:00,Odisha,Bhubaneswar,7.18,4.39,-0.1
17-10-2025 06:00,Assam,Barpeta,3.5,6.31,0.63
21-11-2025 18:00,Tamil Nadu,Chennai,3.03,5.98,0.05
09-01-2026 23:00,Tamil Nadu,Tiruppur,5.3,6.14,1.07
22-02-2025 07:00,Assam,Dhemaji,7.46,5.82,-0.07
29-03-2025 16:00,Karnataka,Mysuru,6.11,4.73,0.85
08-10-2025 14:00,Gujarat,Surat,7.02,6.46,0.52
12-02-2026 10:00,Odisha,Kendrapara,3.6,5.37,0.57
17-09-2025 08:00,Bihar,Patna,6.5,5.51,0.56
17-01-2026 06:00,Bihar,Patna,5.08,4.06,-0.52
28-07-2025 02:00,Gujarat,Bharuch,3.82,5.35,0.58
09-01-2026 17:00,Kerala,Alappuzha,2.3,5.48,0.07
12-10-2025 23:00,Karnataka,Bengaluru,5.42,4.01,0.66
30-07-2025 17:00,Karnataka,Mysuru,8.08,4.29,-0.68
01-09-2025 14:00,Tamil Nadu,Madurai,8.61,5.66,0.09
04-07-2025 18:00,Maharashtra,Pune,2.49,5.8,0.05
26-05-2025 04:00,West Bengal,Darjeeling,4.01,4.62,-0.04
31-01-2026 13:00,Uttar Pradesh,Kanpur,8.74,6.15,0.08
10-08-2025 14:00,Gujarat,Bharuch,2.56,4.42,-0.07
09-06-2025 00:00,Tamil Nadu,Madurai,4.13,4.41,0.14
27-08-2025 17:00,Gujarat,Rajkot,2.88,5.96,0.06
06-01-2026 23:00,Maharashtra,Kolhapur,8.24,4.81,0.15
23-11-2025 16:00,Assam,Dhemaji,7.09,4.08,0.14
17-02-2026 01:00,Uttar Pradesh,Kanpur,2.56,5.2,0.41
09-03-2025 13:00,Odisha,Bhubaneswar,8.93,6.88,0.48
28-01-2026 15:00,West Bengal,Howrah,4.37,5.78,-0.09
20-09-2025 19:00,Kerala,Kozhikode,4.51,6.31,0.08
23-01-2026 16:00,Bihar,Patna,3.44,6.12,1.36
06-01-2026 22:00,Uttar Pradesh,Gorakhpur,6.18,6.22,0.23
15-02-2025 16:00,Maharashtra,Mumbai,6.94,4.66,0.14
02-12-2025 17:00,Odisha,Cuttack,7.06,6.73,0.11
31-01-2026 01:00,Maharashtra,Kolhapur,4.2,5.2,-0.08
13-04-2025 15:00,Maharashtra,Nagpur,4.87,6.54,0.24
12-12-2025 09:00,Uttar Pradesh,Kanpur,3.87,5.18,0.51
16-03-2025 12:00,Karnataka,Mangaluru,3.18,5.31,0.21
11-01-2025 10:00,Bihar,Muzaffarpur,6.22,6.91,0.71
18-02-2026 14:00,Odisha,Bhubaneswar,5.42,6.89,0.34
15-09-2025 23:00,West Bengal,Howrah,7.2,5.65,-0.17
07-02-2026 02:00,Karnataka,Mangaluru,7.82,6.95,0.56
09-01-2025 00:00,Bihar,Bhagalpur,4.26,5.93,1.06
04-02-2025 04:00,Gujarat,Surat,3.63,4.11,0.1
06-02-2026 03:00,Uttar Pradesh,Varanasi,3.2,4.06,0.15
27-08-2025 02:00,Assam,Jorhat,7.07,5.83,0.14
27-10-2025 19:00,Maharashtra,Kolhapur,1.92,6.71,0.74
27-08-2025 03:00,Odisha,Puri,6.35,4.09,0.68
03-07-2025 08:00,Assam,Dhemaji,7.27,4.95,0.0
23-01-2026 02:00,Odisha,Kendrapara,3.32,6.39,-0.4
13-08-2025 12:00,West Bengal,Murshidabad,1.14,4.15,1.42
23-06-2025 14:00,Bihar,Gaya,6.76,4.28,-0.03
26-07-2025 07:00,Gujarat,Vadodara,4.14,5.69,0.59
22-04-2025 23:00,West Bengal,Howrah,3.72,4.63,0.45
02-07-2025 22:00,Maharashtra,Nashik,5.41,6.87,-0.04
02-09-2025 04:00,Assam,Dibrugarh,6.43,5.67,-0.21
07-09-2025 05:00,West Bengal,Murshidabad,2.02,5.57,0.07
25-07-2025 07:00,Kerala,Kozhikode,2.0,6.41,0.56
08-10-2025 15:00,Uttar Pradesh,Varanasi,5.01,5.04,-0.26
19-04-2025 15:00,West Bengal,Howrah,1.95,6.46,0.33
08-11-2025 02:00,Gujarat,Vadodara,4.84,5.35,1.04
10-01-2025 22:00,Uttar Pradesh,Gorakhpur,3.05,4.2,-0.14
17-06-2025 07:00,Karnataka,Udupi,3.65,6.92,0.08
21-01-2026 22:00,Odisha,Bhubaneswar,4.87,6.73,0.14
05-05-2025 01:00,Uttar Pradesh,Prayagraj,4.31,4.96,1.3
27-08-2025 00:00,Bihar,Muzaffarpur,4.36,5.52,0.5
15-02-2026 16:00,Odisha,Puri,5.61,5.7,0.88
17-08-2025 01:00,Uttar Pradesh,Prayagraj,6.77,4.75,-0.06
09-02-2025 09:00,Odisha,Balasore,8.05,6.61,-0.16
10-12-2025 19:00,Odisha,Puri,6.18,5.56,0.62
17-11-2025 01:00,Odisha,Bhubaneswar,4.69,5.97,-0.16
01-08-2025 09:00,Kerala,Alappuzha,7.56,6.74,0.21
11-10-2025 13:00,Uttar Pradesh,Prayagraj,5.2,5.73,0.1
30-08-2025 19:00,Karnataka,Mangaluru,5.54,5.81,0.57
29-05-2025 00:00,Kerala,Thrissur,4.59,6.44,0.93
20-02-2026 09:00,Tamil Nadu,Madurai,5.22,6.19,-0.18
21-05-2025 00:00,Uttar Pradesh,Kanpur,8.27,6.49,0.01
10-12-2025 17:00,Uttar Pradesh,Gorakhpur,6.12,6.99,0.36
11-04-2025 10:00,Karnataka,Udupi,5.16,6.84,0.54
07-07-2025 19:00,Uttar Pradesh,Prayagraj,1.75,5.25,-0.59
19-12-2025 14:00,Karnataka,Mysuru,2.2,4.11,1.15
15-06-2025 22:00,Uttar Pradesh,Prayagraj,1.2,5.6,0.65
07-01-2025 02:00,Uttar Pradesh,Lucknow,1.78,4.61,0.34
05-10-2025 00:00,Maharashtra,Mumbai,1.47,6.07,0.69
06-04-2025 14:00,Bihar,Patna,1.43,5.28,0.49
04-04-2025 21:00,Bihar,Patna,8.92,4.14,-0.27
31-05-2025 11:00,Assam,Dhemaji,5.64,5.4,0.39
12-08-2025 01:00,Uttar Pradesh,Lucknow,5.07,4.81,0.21
14-03-2025 08:00,West Bengal,Darjeeling,4.04,5.79,0.18
26-11-2025 19:00,Assam,Dhemaji,1.84,4.29,-0.4
16-11-2025 03:00,West Bengal,Malda,3.44,5.3,0.73
05-01-2025 18:00,Tamil Nadu,Madurai,5.89,5.26,0.27
05-01-2026 04:00,Odisha,Kendrapara,6.96,4.28,0.76
24-08-2025 09:00,Gujarat,Vadodara,5.33,5.59,1.06
15-02-2026 04:00,Gujarat,Ahmedabad,3.1,6.82,0.67
21-01-2025 18:00,Uttar Pradesh,Gorakhpur,7.78,4.54,0.73
22-11-2025 22:00,Odisha,Bhubaneswar,3.38,6.48,1.25
31-01-2025 00:00,Gujarat,Vadodara,8.5,4.54,1.23
30-10-2025 10:00,Kerala,Kottayam,7.92,4.46,0.82
04-01-2026 11:00,Assam,Guwahati,1.01,6.3,0.77
27-08-2025 18:00,Odisha,Bhubaneswar,8.8,6.96,0.7
09-05-2025 17:00,Odisha,Kendrapara,6.51,4.51,-0.865
29-10-2025 02:00,Karnataka,Mysuru,1.7,4.69,-0.04
01-11-2025 10:00,West Bengal,Murshidabad,1.05,6.86,0.26
29-09-2025 04:00,West Bengal,Howrah,5.04,5.94,-0.5
25-01-2025 20:00,Kerala,Thrissur,6.62,4.31,0.48
14-01-2026 20:00,Maharashtra,Mumbai,7.49,4.4,-0.17
11-09-2025 23:00,Gujarat,Ahmedabad,2.51,4.18,1.03
10-09-2025 05:00,Gujarat,Ahmedabad,6.5,4.33,-0.58
04-08-2025 04:00,Karnataka,Mysuru,1.06,4.73,0.59
10-03-2025 15:00,Maharashtra,Mumbai,8.39,6.32,0.48
07-12-2025 07:00,Gujarat,Surat,3.15,6.49,0.71
16-10-2025 08:00,West Bengal,Kolkata,2.16,6.36,0.39
23-04-2025 12:00,Odisha,Kendrapara,7.63,4.81,0.53
08-12-2025 19:00,Assam,Dibrugarh,2.0,4.45,-0.57
12-03-2025 20:00,Kerala,Kottayam,1.5,6.69,0.27
08-01-2026 15:00,Gujarat,Bharuch,3.88,5.7,-0.21
14-08-2025 04:00,Tamil Nadu,Tiruppur,6.35,6.46,0.77
28-10-2025 19:00,Karnataka,Kodagu,4.45,4.76,1.0
09-11-2025 14:00,Tamil Nadu,Thanjavur,8.26,4.9,-0.31
03-05-2025 14:00,Odisha,Bhubaneswar,4.19,5.3,0.68
20-09-2025 13:00,Kerala,Kottayam,1.85,6.21,-0.25
04-01-2025 14:00,Karnataka,Bengaluru,3.82,6.28,0.4
07-04-2025 04:00,Uttar Pradesh,Gorakhpur,8.6,5.98,0.34
22-04-2025 13:00,Kerala,Kochi,4.78,4.91,0.26
09-12-2025 08:00,Karnataka,Mangaluru,4.82,6.05,-0.15
19-11-2025 01:00,Assam,Barpeta,4.51,6.47,-0.03
19-04-2025 02:00,Odisha,Puri,4.34,4.05,0.62
03-09-2025 04:00,Assam,Guwahati,6.11,6.11,1.02
12-02-2025 21:00,Karnataka,Mysuru,8.41,4.07,0.79
06-01-2025 16:00,Uttar Pradesh,Lucknow,7.95,4.81,0.46
12-10-2025 15:00,Kerala,Kottayam,7.47,6.58,0.1
22-11-2025 14:00,Bihar,Bhagalpur,3.02,6.7,0.9
29-04-2025 22:00,Tamil Nadu,Tiruppur,4.3,4.15,0.2
03-07-2025 17:00,Tamil Nadu,Coimbatore,3.41,6.72,0.53
20-02-2025 00:00,Uttar Pradesh,Prayagraj,7.64,5.33,0.43
16-07-2025 13:00,Kerala,Alappuzha,5.75,4.77,0.63
01-02-2026 13:00,Maharashtra,Pune,6.36,5.57,-0.07
02-10-2025 18:00,Odisha,Kendrapara,3.74,5.24,-0.28
24-01-2025 14:00,Gujarat,Bharuch,5.62,4.11,0.48
02-11-2025 08:00,West Bengal,Murshidabad,7.85,4.99,0.53
15-08-2025 06:00,Uttar Pradesh,Lucknow,6.35,6.74,0.47
13-06-2025 15:00,West Bengal,Malda,5.47,5.93,0.43
10-09-2025 07:00,Maharashtra,Nashik,4.38,6.45,1.16
13-11-2025 05:00,Maharashtra,Mumbai,8.12,5.81,0.32
24-10-2025 18:00,Tamil Nadu,Madurai,7.34,4.25,0.54
01-10-2025 20:00,Gujarat,Rajkot,2.09,4.26,0.83
30-09-2025 07:00,Kerala,Kozhikode,2.52,5.42,0.34
07-01-2026 09:00,Bihar,Bhagalpur,4.07,5.68,0.47
11-12-2025 19:00,Bihar,Bhagalpur,5.39,6.67,0.15
08-04-2025 02:00,Gujarat,Rajkot,8.24,5.12,1.54
27-05-2025 11:00,Tamil Nadu,Tiruppur,3.82,4.17,0.4
02-04-2025 03:00,Maharashtra,Kolhapur,4.02,4.02,0.35
09-01-2025 03:00,Bihar,Muzaffarpur,4.98,4.4,0.08
30-10-2025 09:00,Kerala,Kottayam,2.16,4.87,-0.25
25-08-2025 02:00,Uttar Pradesh,Gorakhpur,5.33,6.51,0.33
30-07-2025 19:00,Kerala,Alappuzha,1.24,5.5,0.09
03-02-2025 10:00,West Bengal,Murshidabad,2.99,5.04,0.85
04-01-2026 16:00,Karnataka,Udupi,6.6,4.4,0.16
18-02-2026 16:00,West Bengal,Malda,4.26,4.18,0.22
28-03-2025 04:00,Maharashtra,Mumbai,8.98,5.34,0.03
14-01-2026 10:00,Uttar Pradesh,Kanpur,4.72,6.7,0.69
31-12-2025 08:00,Tamil Nadu,Chennai,5.59,5.27,1.13
27-01-2025 20:00,Tamil Nadu,Coimbatore,6.16,6.56,0.55
26-01-2026 14:00,Assam,Dibrugarh,1.54,5.43,0.6
01-08-2025 15:00,Gujarat,Ahmedabad,6.51,5.49,0.04
16-08-2025 12:00,Bihar,Gaya,1.76,5.08,0.03
10-03-2025 05:00,Uttar Pradesh,Varanasi,8.54,5.24,0.5
06-01-2025 00:00,Gujarat,Rajkot,3.07,5.69,0.14
05-05-2025 05:00,Maharashtra,Pune,6.15,5.14,-0.45
31-07-2025 05:00,Tamil Nadu,Thanjavur,7.06,4.85,0.44
09-05-2025 02:00,Maharashtra,Pune,7.89,5.6,0.25
07-01-2026 23:00,Karnataka,Mangaluru,2.06,6.78,0.23
17-05-2025 14:00,Odisha,Puri,2.51,5.13,-0.71
30-03-2025 23:00,Tamil Nadu,Madurai,6.34,5.91,-0.2
08-01-2026 13:00,Karnataka,Mangaluru,8.3,4.18,-0.04
27-07-2025 02:00,West Bengal,Darjeeling,8.44,6.36,0.73
16-09-2025 03:00,Gujarat,Bharuch,6.02,5.2,0.32
06-01-2025 14:00,Kerala,Alappuzha,3.61,5.8,-0.17
19-11-2025 03:00,Odisha,Balasore,3.34,6.98,0.52
10-08-2025 20:00,Odisha,Balasore,3.79,4.87,-0.22
06-02-2026 16:00,Gujarat,Surat,4.38,6.14,0.83
14-09-2025 16:00,Gujarat,Surat,3.17,4.79,-0.25
17-04-2025 15:00,Gujarat,Bharuch,2.45,6.76,0.32
03-01-2025 14:00,Kerala,Kozhikode,8.42,5.3,0.42
26-02-2025 14:00,Assam,Guwahati,8.7,5.93,0.45
08-10-2025 05:00,Assam,Dibrugarh,7.11,6.89,1.18
13-04-2025 19:00,Tamil Nadu,Madurai,4.66,5.64,-0.58
29-01-2025 07:00,Bihar,Bhagalpur,3.13,6.27,-0.1
11-10-2025 05:00,Odisha,Balasore,7.51,6.2,0.71
31-01-2025 21:00,Bihar,Darbhanga,7.44,5.64,-0.32
10-08-2025 03:00,Karnataka,Mangaluru,2.21,5.75,0.77
14-11-2025 19:00,Bihar,Darbhanga,3.3,5.68,0.68
01-06-2025 17:00,Bihar,Gaya,6.64,6.09,0.83
19-01-2025 12:00,Bihar,Muzaffarpur,2.58,4.37,0.1
06-12-2025 04:00,Bihar,Patna,1.67,6.59,0.19
16-05-2025 18:00,Uttar Pradesh,Varanasi,4.55,5.15,0.33
14-07-2025 07:00,Odisha,Kendrapara,4.48,6.34,-0.25
20-03-2025 01:00,Karnataka,Udupi,2.43,5.47,0.0
23-09-2025 06:00,Maharashtra,Nagpur,3.12,6.65,-0.28
19-04-2025 04:00,Tamil Nadu,Tiruppur,7.93,5.67,-0.15
13-03-2025 13:00,Karnataka,Bengaluru,7.55,5.59,0.9
02-05-2025 08:00,Gujarat,Surat,1.13,4.24,0.29
29-04-2025 11:00,Assam,Dibrugarh,5.79,4.97,0.04
17-06-2025 19:00,Kerala,Thrissur,7.59,5.3,0.62
17-08-2025 16:00,Uttar Pradesh,Varanasi,2.63,6.93,-0.38
26-12-2025 18:00,Bihar,Bhagalpur,1.97,5.48,0.36
01-12-2025 21:00,Tamil Nadu,Chennai,2.9,6.55,0.45
20-01-2026 16:00,Odisha,Balasore,2.25,5.45,-0.33
21-01-2025 09:00,Kerala,Kozhikode,6.98,6.7,0.29
21-01-2025 13:00,Odisha,Kendrapara,5.91,4.65,0.56
29-01-2025 18:00,Tamil Nadu,Thanjavur,8.0,5.89,0.05
09-06-2025 05:00,Assam,Jorhat,2.64,6.64,0.66
26-01-2025 02:00,West Bengal,Darjeeling,2.71,5.65,0.31
21-03-2025 15:00,West Bengal,Murshidabad,2.92,4.19,0.06
12-02-2025 06:00,Bihar,Bhagalpur,7.54,6.79,0.98
14-09-2025 12:00,Uttar Pradesh,Kanpur,5.19,5.75,-0.1
25-03-2025 01:00,Uttar Pradesh,Varanasi,4.26,6.03,0.84
29-08-2025 09:00,Maharashtra,Nagpur,4.54,6.0,-0.1
06-06-2025 13:00,Tamil Nadu,Thanjavur,4.53,5.51,-0.18
09-04-2025 14:00,West Bengal,Murshidabad,5.21,5.88,0.46
09-08-2025 03:00,Assam,Dhemaji,1.29,4.28,-0.24
02-07-2025 02:00,Tamil Nadu,Thanjavur,1.27,6.33,0.16
14-10-2025 19:00,Odisha,Balasore,1.92,4.26,-0.25
20-10-2025 03:00,Kerala,Kozhikode,1.87,6.74,-0.13
26-02-2025 17:00,Karnataka,Udupi,1.46,6.17,-0.11
19-12-2025 13:00,Odisha,Balasore,1.7,5.92,0.85
05-03-2025 14:00,Gujarat,Ahmedabad,5.07,4.65,0.04
25-02-2025 07:00,Gujarat,Vadodara,1.95,5.02,0.68
21-12-2025 11:00,Uttar Pradesh,Gorakhpur,6.65,6.13,0.01
12-01-2026 07:00,Odisha,Bhubaneswar,4.33,5.03,0.57
06-03-2025 15:00,Gujarat,Vadodara,5.52,5.9,0.73
20-11-2025 17:00,West Bengal,Malda,4.34,5.97,-0.38
17-02-2026 20:00,Karnataka,Udupi,7.66,4.63,0.54
25-02-2025 17:00,Tamil Nadu,Thanjavur,4.66,4.07,0.43
12-06-2025 13:00,Karnataka,Kodagu,5.11,5.09,1.3
06-05-2025 10:00,Assam,Dhemaji,2.73,7.0,0.37
30-07-2025 01:00,Odisha,Balasore,3.48,4.87,0.17
03-01-2026 17:00,Karnataka,Udupi,6.82,6.45,-0.14
04-04-2025 18:00,Gujarat,Rajkot,5.44,5.06,-0.22
30-09-2025 05:00,Maharashtra,Mumbai,5.4,6.9,-0.55
29-07-2025 23:00,Assam,Jorhat,2.2,5.43,-0.51
08-04-2025 18:00,Uttar Pradesh,Varanasi,4.69,6.95,0.87
22-01-2026 18:00,Maharashtra,Nashik,4.56,4.53,-0.865
17-08-2025 13:00,Bihar,Darbhanga,6.31,6.7,0.19
27-04-2025 00:00,Maharashtra,Nagpur,3.37,5.49,0.01
02-08-2025 07:00,Uttar Pradesh,Prayagraj,8.79,5.83,0.11
11-11-2025 14:00,Tamil Nadu,Chennai,2.93,5.07,-0.03
20-08-2025 11:00,Karnataka,Mysuru,4.06,5.64,0.25
22-08-2025 07:00,Uttar Pradesh,Gorakhpur,8.82,5.3,0.57
14-11-2025 22:00,Tamil Nadu,Coimbatore,6.88,6.17,-0.07
07-01-2025 06:00,Karnataka,Bengaluru,4.77,6.33,0.89
27-04-2025 20:00,Uttar Pradesh,Varanasi,1.5,6.86,-0.33
02-09-2025 18:00,Odisha,Bhubaneswar,7.83,6.37,-0.69
28-03-2025 22:00,Tamil Nadu,Tiruppur,3.23,6.7,0.71
06-06-2025 07:00,Maharashtra,Pune,2.02,5.17,-0.66
22-08-2025 20:00,Uttar Pradesh,Kanpur,1.58,4.37,0.65
05-04-2025 03:00,Bihar,Bhagalpur,4.82,5.13,0.53
17-06-2025 09:00,Kerala,Thrissur,4.89,4.57,0.19
12-09-2025 17:00,Assam,Barpeta,2.89,6.17,-0.08
10-09-2025 10:00,Assam,Guwahati,4.99,5.46,-0.37
12-04-2025 00:00,Gujarat,Surat,3.79,6.6,0.52
01-12-2025 18:00,Bihar,Muzaffarpur,2.32,5.28,0.46
10-06-2025 16:00,Uttar Pradesh,Prayagraj,5.43,5.33,0.02
05-02-2025 19:00,Uttar Pradesh,Lucknow,1.12,5.76,0.31
07-12-2025 10:00,Tamil Nadu,Tiruppur,8.94,6.87,1.2
13-11-2025 07:00,Assam,Dhemaji,4.8,5.16,0.47
04-12-2025 09:00,Assam,Guwahati,4.83,5.04,0.5
02-11-2025 00:00,West Bengal,Malda,5.51,6.75,0.5
23-12-2025 19:00,Kerala,Alappuzha,1.8,4.88,1.01
17-07-2025 11:00,West Bengal,Kolkata,2.54,6.09,0.31
25-12-2025 02:00,Kerala,Kozhikode,8.64,6.76,0.04
05-07-2025 22:00,Odisha,Kendrapara,1.01,4.41,0.72
19-08-2025 08:00,Kerala,Kochi,2.6,6.7,0.75
26-02-2025 20:00,Maharashtra,Pune,1.24,6.48,0.8
16-03-2025 03:00,Tamil Nadu,Chennai,1.02,5.39,-0.3
20-01-2026 05:00,Karnataka,Bengaluru,2.87,6.83,0.55
19-07-2025 09:00,Tamil Nadu,Tiruppur,3.53,6.15,0.49
21-09-2025 22:00,Odisha,Kendrapara,6.26,5.53,0.23
17-03-2025 18:00,Kerala,Kottayam,2.91,4.68,0.13
21-11-2025 23:00,Odisha,Balasore,4.82,4.66,0.15
25-07-2025 17:00,Uttar Pradesh,Prayagraj,6.24,5.67,-0.11
23-04-2025 16:00,Tamil Nadu,Thanjavur,4.0,6.88,0.42
09-08-2025 05:00,Assam,Jorhat,2.78,6.43,0.04
08-01-2025 07:00,Tamil Nadu,Coimbatore,4.6,5.12,0.94
08-11-2025 17:00,Gujarat,Surat,3.05,5.64,0.17
29-03-2025 05:00,Uttar Pradesh,Prayagraj,1.7,4.86,0.99
31-12-2025 14:00,Odisha,Puri,4.42,5.95,0.55
26-05-2025 11:00,Tamil Nadu,Tiruppur,1.06,6.63,0.62
22-03-2025 00:00,Maharashtra,Mumbai,7.27,6.19,0.74
04-01-2025 10:00,Bihar,Muzaffarpur,5.28,4.01,0.72
04-02-2025 00:00,Bihar,Patna,4.73,5.4,0.12
25-12-2025 09:00,Kerala,Kochi,3.6,5.45,0.52
03-11-2025 10:00,Karnataka,Udupi,5.5,4.23,1.06
03-07-2025 04:00,Maharashtra,Kolhapur,7.32,6.77,0.62
18-01-2026 13:00,Maharashtra,Kolhapur,6.03,5.88,-0.29
21-08-2025 00:00,Assam,Dhemaji,7.23,6.54,0.49
12-01-2025 19:00,Karnataka,Mangaluru,3.91,4.83,1.16
21-06-2025 16:00,Tamil Nadu,Coimbatore,7.58,4.67,0.12
08-11-2025 16:00,Bihar,Bhagalpur,7.8,5.94,0.92
26-01-2025 09:00,Bihar,Darbhanga,5.79,6.44,0.47
02-05-2025 11:00,Assam,Guwahati,5.39,5.55,1.21
17-03-2025 13:00,Odisha,Bhubaneswar,7.31,5.27,0.64
22-02-2025 23:00,West Bengal,Murshidabad,3.16,4.94,0.47
04-09-2025 20:00,Bihar,Bhagalpur,8.97,5.74,0.58
04-02-2026 19:00,West Bengal,Howrah,1.37,5.1,0.44
05-05-2025 18:00,Gujarat,Surat,1.64,4.21,-0.41
24-10-2025 05:00,Gujarat,Ahmedabad,8.62,5.07,0.2
25-12-2025 21:00,Kerala,Kottayam,5.97,6.18,1.21
03-11-2025 12:00,Bihar,Gaya,3.88,4.22,0.14
21-04-2025 02:00,Karnataka,Mysuru,1.03,5.46,1.14
01-10-2025 01:00,Odisha,Cuttack,5.15,4.04,0.58
07-07-2025 20:00,Bihar,Bhagalpur,5.73,6.63,0.91
07-04-2025 01:00,Tamil Nadu,Coimbatore,5.07,4.72,0.28
28-09-2025 22:00,Uttar Pradesh,Prayagraj,7.24,4.34,-0.3
18-09-2025 20:00,Assam,Jorhat,2.97,6.37,0.52
24-06-2025 19:00,Uttar Pradesh,Lucknow,5.03,4.48,-0.03
20-08-2025 18:00,West Bengal,Darjeeling,4.16,4.77,0.43
21-07-2025 16:00,Tamil Nadu,Chennai,7.8,6.28,0.68
13-07-2025 23:00,Tamil Nadu,Madurai,6.15,6.13,0.45
06-12-2025 11:00,West Bengal,Malda,5.58,5.48,0.75
23-06-2025 16:00,Karnataka,Mysuru,2.2,6.61,0.88
10-06-2025 09:00,Gujarat,Bharuch,3.65,4.5,0.5
15-02-2026 07:00,Bihar,Gaya,8.56,5.96,0.76
17-12-2025 01:00,Bihar,Muzaffarpur,3.87,4.46,0.45
07-08-2025 21:00,Maharashtra,Mumbai,6.24,5.32,0.07
25-11-2025 12:00,Bihar,Bhagalpur,5.12,6.08,-0.39
19-08-2025 13:00,Odisha,Balasore,1.74,5.13,-0.15
11-04-2025 14:00,Karnataka,Mysuru,8.07,5.09,0.51
29-05-2025 02:00,West Bengal,Murshidabad,4.3,6.75,-0.53
15-07-2025 11:00,Gujarat,Ahmedabad,5.23,4.57,0.13
07-07-2025 10:00,West Bengal,Malda,3.97,6.48,-0.14
02-04-2025 11:00,West Bengal,Howrah,6.39,4.03,-0.13
30-07-2025 05:00,Maharashtra,Pune,3.77,4.2,1.24
19-04-2025 08:00,West Bengal,Darjeeling,5.41,5.91,0.01
05-03-2025 06:00,Karnataka,Mangaluru,7.78,6.1,0.51
18-07-2025 12:00,West Bengal,Darjeeling,5.7,5.28,0.52
29-06-2025 18:00,Assam,Dibrugarh,7.88,6.66,0.34
21-05-2025 06:00,Maharashtra,Mumbai,3.76,6.55,0.38
10-09-2025 17:00,Odisha,Puri,6.0,6.88,0.62
02-10-2025 06:00,Kerala,Kottayam,3.27,6.5,0.85
20-04-2025 17:00,Maharashtra,Pune,4.24,6.07,1.16
02-11-2025 17:00,Gujarat,Ahmedabad,3.22,4.13,0.4
23-08-2025 17:00,Karnataka,Bengaluru,2.39,5.76,-0.52
18-01-2026 00:00,Tamil Nadu,Madurai,5.93,5.12,0.48
02-01-2026 05:00,Kerala,Kozhikode,4.4,4.69,0.04
12-04-2025 10:00,Maharashtra,Pune,6.17,6.42,0.12
11-12-2025 21:00,Uttar Pradesh,Kanpur,7.54,5.21,-0.5
09-10-2025 14:00,Kerala,Thrissur,3.75,6.09,0.71
03-10-2025 11:00,Kerala,Kochi,1.02,6.94,0.19
08-07-2025 08:00,Uttar Pradesh,Lucknow,4.66,5.5,1.31
21-08-2025 19:00,Kerala,Kottayam,1.28,5.33,0.29
28-05-2025 17:00,Bihar,Gaya,4.34,4.05,0.83
06-09-2025 13:00,West Bengal,Darjeeling,3.73,6.15,0.89
07-09-2025 16:00,West Bengal,Kolkata,7.17,6.24,0.0
02-01-2026 21:00,Maharashtra,Nagpur,1.49,4.13,-0.69
19-08-2025 11:00,Karnataka,Mysuru,4.09,4.83,-0.17
15-08-2025 20:00,Assam,Dhemaji,6.25,4.15,1.15
22-01-2025 13:00,Assam,Barpeta,3.34,4.11,0.6
12-09-2025 14:00,Tamil Nadu,Madurai,8.23,5.52,-0.05
14-10-2025 00:00,Bihar,Muzaffarpur,5.39,6.07,-0.37
28-11-2025 16:00,Gujarat,Bharuch,1.77,4.89,0.03
28-02-2025 23:00,Kerala,Kozhikode,5.31,4.94,-0.42
14-07-2025 08:00,Karnataka,Mangaluru,7.55,4.02,1.08
05-07-2025 16:00,West Bengal,Malda,3.0,5.48,0.86
26-04-2025 01:00,Maharashtra,Pune,5.58,4.38,0.69
22-07-2025 07:00,West Bengal,Darjeeling,7.09,6.93,0.41
06-01-2025 07:00,Assam,Guwahati,2.23,4.72,0.71
25-05-2025 18:00,Uttar Pradesh,Lucknow,5.27,6.48,0.22
29-11-2025 01:00,Gujarat,Ahmedabad,2.54,4.31,1.24
29-06-2025 14:00,Odisha,Puri,7.68,5.78,0.82
12-04-2025 14:00,Odisha,Balasore,6.06,4.12,0.68
06-06-2025 21:00,Karnataka,Mangaluru,2.48,6.23,0.45
14-10-2025 12:00,Odisha,Balasore,4.45,6.95,0.34
03-09-2025 16:00,Uttar Pradesh,Kanpur,1.66,4.26,0.44
01-09-2025 08:00,Uttar Pradesh,Prayagraj,2.88,6.21,-0.11
04-01-2026 10:00,Uttar Pradesh,Varanasi,1.23,5.1,-0.47
12-02-2026 02:00,Gujarat,Vadodara,5.8,5.43,-0.04
03-03-2025 09:00,Gujarat,Ahmedabad,2.47,6.08,0.02
20-07-2025 21:00,Tamil Nadu,Thanjavur,6.79,4.73,-0.43
16-10-2025 03:00,Kerala,Kochi,6.37,5.62,0.53
29-05-2025 08:00,Gujarat,Bharuch,2.29,5.01,0.08
14-06-2025 15:00,Tamil Nadu,Madurai,8.47,6.61,1.1
03-01-2025 01:00,Bihar,Patna,4.88,5.98,0.05
15-08-2025 13:00,Odisha,Balasore,6.15,5.39,-0.27
17-02-2026 09:00,Karnataka,Mysuru,5.89,4.69,1.16
06-02-2025 23:00,Gujarat,Bharuch,7.3,6.03,0.17
20-04-2025 00:00,Bihar,Darbhanga,5.95,6.73,0.32
22-01-2025 12:00,Assam,Dhemaji,1.22,4.78,-0.09
13-05-2025 00:00,Tamil Nadu,Coimbatore,7.1,5.86,0.41
03-05-2025 21:00,Tamil Nadu,Thanjavur,1.43,6.23,0.03
01-03-2025 08:00,Maharashtra,Nagpur,3.04,6.69,1.16
06-01-2025 19:00,Maharashtra,Pune,7.46,5.48,0.9
22-03-2025 04:00,Maharashtra,Kolhapur,8.58,6.11,0.65
10-04-2025 02:00,Gujarat,Bharuch,5.73,6.56,-0.06
14-05-2025 05:00,Tamil Nadu,Madurai,5.75,6.51,1.18
02-08-2025 19:00,Tamil Nadu,Madurai,7.74,5.96,0.0
05-01-2025 16:00,Assam,Barpeta,2.97,6.6,0.87
09-07-2025 23:00,Tamil Nadu,Coimbatore,8.67,6.69,0.25
11-07-2025 11:00,Uttar Pradesh,Lucknow,4.82,4.04,-0.07
30-11-2025 05:00,Uttar Pradesh,Lucknow,4.25,4.81,0.25
16-05-2025 10:00,Tamil Nadu,Tiruppur,1.04,4.26,0.76
15-07-2025 10:00,Uttar Pradesh,Kanpur,8.94,6.1,0.29
05-12-2025 03:00,Karnataka,Kodagu,1.09,5.57,0.13
20-11-2025 15:00,Tamil Nadu,Thanjavur,3.79,6.65,-0.4
09-07-2025 10:00,Maharashtra,Pune,1.82,5.49,0.16
23-10-2025 04:00,Odisha,Puri,1.86,5.24,0.03
17-05-2025 13:00,Maharashtra,Nagpur,5.79,5.98,-0.39
11-11-2025 06:00,Uttar Pradesh,Gorakhpur,1.23,6.63,-0.67
02-10-2025 17:00,Maharashtra,Mumbai,6.59,6.73,0.58
19-06-2025 12:00,Odisha,Bhubaneswar,1.91,4.37,0.17
03-07-2025 16:00,Gujarat,Ahmedabad,2.06,5.23,1.18
27-12-2025 04:00,Maharashtra,Nagpur,7.68,6.06,0.28
24-12-2025 20:00,Odisha,Balasore,1.78,6.48,0.56
04-11-2025 16:00,Odisha,Balasore,1.63,5.68,1.5750000000000002
15-05-2025 06:00,Karnataka,Udupi,8.18,6.39,0.45
09-12-2025 02:00,Uttar Pradesh,Kanpur,1.99,5.23,-0.18
19-01-2025 19:00,Karnataka,Mysuru,4.96,4.28,-0.4
05-06-2025 11:00,Maharashtra,Pune,5.19,4.17,1.14
09-01-2026 01:00,Bihar,Patna,5.29,6.66,0.36
27-07-2025 18:00,Assam,Dhemaji,5.1,5.32,-0.4
02-06-2025 15:00,Tamil Nadu,Madurai,4.32,4.19,1.55
26-04-2025 03:00,Uttar Pradesh,Gorakhpur,2.15,4.6,0.11
28-01-2025 10:00,Tamil Nadu,Thanjavur,3.37,4.24,0.32
16-11-2025 22:00,Uttar Pradesh,Gorakhpur,1.16,5.87,0.33
16-11-2025 20:00,Kerala,Kochi,2.63,5.86,-0.13
12-07-2025 12:00,Bihar,Bhagalpur,8.21,4.25,-0.11
11-02-2025 15:00,Uttar Pradesh,Gorakhpur,8.65,5.07,0.19
17-01-2025 05:00,Odisha,Balasore,7.02,6.26,0.31
22-05-2025 23:00,Maharashtra,Mumbai,8.26,4.38,-0.42
03-03-2025 12:00,Odisha,Cuttack,3.53,6.43,0.42
04-04-2025 08:00,Gujarat,Bharuch,2.97,5.14,0.05
10-04-2025 10:00,Bihar,Bhagalpur,1.12,6.58,0.05
16-01-2026 19:00,Gujarat,Ahmedabad,7.81,4.6,0.33
11-02-2025 08:00,West Bengal,Howrah,8.71,6.65,0.09
28-07-2025 05:00,Assam,Barpeta,7.02,4.8,-0.43
13-06-2025 10:00,Tamil Nadu,Tiruppur,8.59,6.04,-0.05
04-05-2025 20:00,Karnataka,Bengaluru,2.7,6.59,-0.41
22-05-2025 02:00,Tamil Nadu,Coimbatore,2.0,5.92,0.15
25-11-2025 13:00,Kerala,Kochi,3.64,4.34,0.49
03-01-2026 04:00,Gujarat,Bharuch,7.88,5.8,0.81
18-07-2025 17:00,Bihar,Bhagalpur,8.42,4.93,0.34
23-02-2025 21:00,Uttar Pradesh,Gorakhpur,5.64,4.9,0.17
18-03-2025 00:00,Kerala,Thrissur,5.86,4.4,0.46
30-04-2025 17:00,Odisha,Puri,5.83,6.44,0.22
23-06-2025 21:00,Uttar Pradesh,Kanpur,1.24,6.36,0.07
16-04-2025 15:00,West Bengal,Howrah,6.9,5.07,0.59
16-01-2026 12:00,Tamil Nadu,Thanjavur,2.06,5.35,-0.01
21-03-2025 11:00,Maharashtra,Nashik,1.63,6.8,0.53
02-01-2025 18:00,Gujarat,Ahmedabad,4.28,4.49,0.46
31-01-2026 11:00,Tamil Nadu,Tiruppur,7.47,4.29,0.0
16-01-2025 08:00,Assam,Jorhat,7.92,6.14,0.21
17-02-2025 23:00,Gujarat,Surat,8.01,6.2,0.18
20-11-2025 00:00,Assam,Guwahati,6.46,5.67,0.04
22-09-2025 22:00,Assam,Barpeta,7.31,5.89,-0.35
04-09-2025 08:00,Maharashtra,Nashik,7.17,4.34,-0.67
29-09-2025 03:00,Uttar Pradesh,Kanpur,6.65,4.69,1.13
10-11-2025 13:00,Uttar Pradesh,Prayagraj,1.64,4.38,0.23
23-06-2025 08:00,Karnataka,Udupi,4.42,4.55,0.35
28-06-2025 15:00,Kerala,Thrissur,7.7,6.34,1.09
20-11-2025 23:00,Odisha,Balasore,2.68,5.37,0.71
07-10-2025 18:00,Kerala,Alappuzha,6.23,4.12,0.59
08-01-2025 06:00,Bihar,Bhagalpur,3.84,4.62,0.1
21-03-2025 07:00,Odisha,Cuttack,8.93,4.12,-0.28
15-02-2025 19:00,Odisha,Balasore,4.41,6.37,-0.8
05-12-2025 02:00,Uttar Pradesh,Gorakhpur,8.47,4.04,-0.06
23-05-2025 00:00,Bihar,Gaya,5.42,6.88,0.75
06-03-2025 02:00,West Bengal,Darjeeling,3.29,4.34,0.02
06-04-2025 12:00,Assam,Guwahati,1.08,6.51,0.29
23-01-2026 12:00,Maharashtra,Mumbai,5.32,4.0,-0.13
26-02-2025 19:00,Kerala,Kozhikode,6.57,4.07,-0.09
27-10-2025 12:00,Bihar,Muzaffarpur,4.58,5.68,0.78
04-10-2025 03:00,Tamil Nadu,Tiruppur,1.09,5.43,0.83
08-08-2025 04:00,Gujarat,Surat,2.17,6.65,0.66
11-10-2025 23:00,Karnataka,Bengaluru,1.93,4.45,-0.54
30-01-2026 05:00,Assam,Jorhat,8.05,4.68,0.22
29-01-2025 08:00,Kerala,Alappuzha,2.01,6.47,0.71
24-01-2026 03:00,Gujarat,Ahmedabad,8.01,4.68,0.4
23-01-2026 10:00,Maharashtra,Nashik,3.7,5.55,-0.11
02-06-2025 16:00,Odisha,Cuttack,8.54,5.18,1.35
11-03-2025 05:00,Karnataka,Udupi,4.3,4.89,-0.2
22-01-2025 04:00,Maharashtra,Nagpur,2.94,6.82,0.21
07-01-2025 22:00,Gujarat,Bharuch,3.28,6.09,0.05
18-08-2025 01:00,West Bengal,Murshidabad,4.89,4.94,0.21
12-12-2025 19:00,Uttar Pradesh,Kanpur,8.91,4.58,0.7
11-02-2025 22:00,Assam,Barpeta,3.55,4.21,-0.22
10-02-2026 19:00,Tamil Nadu,Thanjavur,4.46,5.94,0.46
21-03-2025 18:00,Maharashtra,Nashik,4.45,4.12,0.88
26-05-2025 14:00,Maharashtra,Pune,5.38,5.11,0.1
06-02-2026 09:00,Gujarat,Rajkot,8.91,4.81,0.28
11-02-2026 06:00,Odisha,Balasore,3.83,5.16,-0.02
26-09-2025 12:00,Gujarat,Rajkot,1.11,4.99,0.35
27-07-2025 22:00,Maharashtra,Nagpur,3.78,6.25,-0.34
16-04-2025 16:00,Gujarat,Ahmedabad,7.33,4.26,0.47
16-02-2025 00:00,Karnataka,Udupi,1.38,6.78,-0.26
11-06-2025 11:00,Gujarat,Ahmedabad,1.3,6.65,0.91
10-11-2025 11:00,Karnataka,Kodagu,6.0,5.36,0.67
15-03-2025 00:00,Gujarat,Surat,6.47,4.04,0.11
10-08-2025 06:00,Karnataka,Udupi,7.19,5.12,0.41
01-11-2025 00:00,Karnataka,Kodagu,6.54,4.07,0.04
02-05-2025 12:00,Tamil Nadu,Coimbatore,8.19,6.23,1.18
09-01-2026 22:00,Assam,Dhemaji,8.32,5.21,-0.29
28-08-2025 18:00,Karnataka,Udupi,1.33,4.69,1.07
07-01-2025 08:00,West Bengal,Kolkata,3.29,4.17,0.85
17-11-2025 10:00,West Bengal,Murshidabad,3.2,6.35,0.56
25-08-2025 15:00,Karnataka,Udupi,6.83,5.61,-0.06
12-06-2025 19:00,Karnataka,Bengaluru,2.49,6.48,0.39
16-01-2026 15:00,Tamil Nadu,Thanjavur,1.0,5.14,0.42
17-04-2025 08:00,Kerala,Kozhikode,8.08,6.93,1.39
26-04-2025 13:00,Odisha,Puri,1.61,6.42,0.51
12-09-2025 02:00,Uttar Pradesh,Varanasi,5.83,5.88,0.49
28-05-2025 23:00,Bihar,Patna,2.64,5.52,0.84
05-06-2025 02:00,Maharashtra,Pune,5.28,6.78,0.03
16-02-2026 06:00,West Bengal,Kolkata,6.5,6.52,0.15
22-01-2025 16:00,Maharashtra,Mumbai,6.44,4.08,0.31
01-12-2025 17:00,West Bengal,Murshidabad,1.94,5.17,0.24
09-07-2025 02:00,Karnataka,Bengaluru,7.75,4.04,-0.56
10-10-2025 10:00,Maharashtra,Nagpur,5.19,6.98,1.09
17-03-2025 22:00,Gujarat,Rajkot,1.6,5.27,0.49
20-06-2025 06:00,Kerala,Thrissur,4.28,6.96,0.02
14-09-2025 04:00,Tamil Nadu,Madurai,2.06,5.42,0.02
31-12-2025 06:00,Maharashtra,Nashik,6.31,5.13,0.38
30-01-2026 16:00,Karnataka,Udupi,2.05,5.93,0.67
19-11-2025 13:00,Bihar,Muzaffarpur,7.41,6.38,1.15
13-01-2025 21:00,Tamil Nadu,Coimbatore,3.56,4.75,0.12
18-11-2025 16:00,West Bengal,Malda,6.44,6.14,0.8
09-12-2025 14:00,Assam,Barpeta,2.02,5.71,0.61
27-12-2025 16:00,Uttar Pradesh,Gorakhpur,8.26,4.5,0.13
30-05-2025 23:00,Maharashtra,Mumbai,6.28,4.91,0.24
31-05-2025 22:00,Karnataka,Kodagu,5.05,6.14,0.07
08-06-2025 19:00,Bihar,Darbhanga,1.24,4.27,0.85
24-05-2025 18:00,Bihar,Gaya,7.01,5.62,0.74
11-07-2025 07:00,Assam,Jorhat,1.71,4.19,0.44
09-01-2025 13:00,Maharashtra,Nashik,6.69,6.03,0.3
15-02-2026 00:00,West Bengal,Howrah,1.83,4.58,-0.09
17-02-2025 07:00,Odisha,Cuttack,5.92,5.38,-0.37
27-01-2026 00:00,Kerala,Alappuzha,8.39,5.25,0.34
25-04-2025 13:00,Karnataka,Bengaluru,1.44,4.23,0.62
31-05-2025 13:00,Tamil Nadu,Coimbatore,6.35,4.22,0.83
13-01-2025 17:00,Tamil Nadu,Tiruppur,5.7,5.47,0.23
19-03-2025 01:00,Assam,Dhemaji,8.29,4.97,1.05
16-11-2025 13:00,West Bengal,Howrah,8.12,5.4,-0.15
24-03-2025 20:00,Karnataka,Kodagu,5.76,4.26,0.22
16-05-2025 00:00,Odisha,Bhubaneswar,1.63,6.61,0.5
27-04-2025 14:00,Uttar Pradesh,Gorakhpur,7.16,4.7,0.59
08-07-2025 03:00,Gujarat,Vadodara,3.39,4.78,0.28
23-08-2025 14:00,Tamil Nadu,Coimbatore,5.9,4.07,-0.33
26-01-2026 12:00,Tamil Nadu,Chennai,3.71,4.15,0.17
10-05-2025 13:00,Karnataka,Mangaluru,4.73,4.93,0.72
25-07-2025 19:00,Bihar,Gaya,7.88,4.92,-0.28
19-06-2025 03:00,West Bengal,Malda,1.36,6.77,1.27
24-03-2025 19:00,Assam,Guwahati,4.51,4.77,0.5
26-10-2025 05:00,Odisha,Cuttack,7.0,4.06,0.26
05-01-2026 18:00,Bihar,Patna,3.7,6.59,0.53
03-10-2025 13:00,Assam,Dhemaji,2.78,5.05,0.54
16-01-2025 23:00,Gujarat,Vadodara,1.92,5.43,0.52
23-08-2025 18:00,Tamil Nadu,Thanjavur,6.07,4.57,0.46
29-06-2025 11:00,Kerala,Kottayam,6.01,6.88,-0.2
22-05-2025 04:00,West Bengal,Kolkata,8.26,4.09,0.18
12-05-2025 12:00,Kerala,Kochi,7.4,4.96,0.84
21-02-2026 11:00,Odisha,Puri,6.99,7.0,-0.26
24-04-2025 15:00,Assam,Barpeta,1.98,6.17,0.5
21-09-2025 21:00,Odisha,Balasore,3.53,5.88,0.39
17-02-2026 11:00,Karnataka,Mysuru,1.72,5.7,-0.04
31-12-2025 15:00,Tamil Nadu,Madurai,3.43,4.17,0.08
12-12-2025 22:00,Uttar Pradesh,Prayagraj,7.37,6.19,0.12
09-09-2025 13:00,West Bengal,Darjeeling,2.46,4.35,-0.07
09-06-2025 16:00,Maharashtra,Mumbai,4.67,5.53,0.76
07-01-2026 13:00,West Bengal,Murshidabad,7.74,5.87,0.82
19-07-2025 00:00,Uttar Pradesh,Kanpur,1.27,6.38,0.18
28-06-2025 04:00,Bihar,Gaya,1.47,5.53,0.83
11-01-2025 13:00,Bihar,Gaya,4.06,4.3,-0.53
25-11-2025 23:00,Tamil Nadu,Chennai,1.27,6.62,0.36
04-02-2026 14:00,Karnataka,Mysuru,8.35,5.01,0.16
31-10-2025 16:00,Karnataka,Udupi,1.76,6.05,-0.28
12-01-2025 14:00,West Bengal,Malda,8.5,5.22,0.8
16-05-2025 12:00,Uttar Pradesh,Kanpur,2.34,4.87,0.03
14-04-2025 08:00,Uttar Pradesh,Kanpur,7.29,4.2,0.0
13-01-2025 01:00,Tamil Nadu,Chennai,3.49,5.39,0.33
11-09-2025 14:00,Odisha,Bhubaneswar,5.19,5.1,0.02
09-05-2025 03:00,Kerala,Kottayam,8.63,6.61,0.47
05-12-2025 11:00,Maharashtra,Nagpur,4.19,4.37,0.29
13-11-2025 14:00,Kerala,Kozhikode,5.7,6.79,0.87
24-09-2025 19:00,Kerala,Kottayam,4.11,4.93,-0.09
01-08-2025 01:00,Kerala,Kozhikode,4.36,4.93,-0.17
31-10-2025 11:00,West Bengal,Kolkata,2.13,4.89,0.79
09-02-2026 21:00,Karnataka,Udupi,2.71,5.6,0.35
17-12-2025 02:00,Bihar,Darbhanga,4.96,5.69,0.78
13-09-2025 01:00,Tamil Nadu,Madurai,3.35,6.23,-0.15
20-11-2025 02:00,Bihar,Muzaffarpur,4.18,6.9,0.82
12-01-2025 06:00,Maharashtra,Kolhapur,3.34,5.92,0.82
08-09-2025 09:00,Assam,Dhemaji,8.21,5.38,0.86
10-07-2025 10:00,Assam,Dhemaji,4.82,5.49,0.53
15-01-2026 20:00,West Bengal,Kolkata,2.46,4.02,0.46
13-02-2026 11:00,Kerala,Thrissur,5.15,6.22,0.44
04-05-2025 19:00,Kerala,Kozhikode,7.27,5.0,0.32
16-09-2025 01:00,Tamil Nadu,Coimbatore,8.18,4.21,0.46
01-01-2026 08:00,Tamil Nadu,Coimbatore,7.09,4.16,0.59
25-06-2025 07:00,Maharashtra,Pune,3.38,6.12,0.32
15-05-2025 02:00,Uttar Pradesh,Lucknow,5.56,6.31,1.36
27-02-2025 23:00,Karnataka,Udupi,8.42,6.67,0.28
15-06-2025 15:00,Tamil Nadu,Chennai,5.47,5.89,0.39
29-06-2025 20:00,Gujarat,Bharuch,1.31,5.93,0.26
28-11-2025 15:00,Karnataka,Bengaluru,3.93,6.76,0.09
03-11-2025 00:00,Assam,Jorhat,3.16,5.27,-0.28
07-11-2025 08:00,Odisha,Puri,4.02,4.15,0.7
04-01-2025 11:00,Tamil Nadu,Coimbatore,1.58,4.27,0.04
06-02-2025 09:00,Tamil Nadu,Chennai,4.47,5.56,-0.11
05-02-2026 05:00,West Bengal,Murshidabad,5.76,4.51,-0.12
15-11-2025 03:00,Karnataka,Kodagu,7.74,7.0,0.73
09-07-2025 21:00,Maharashtra,Nagpur,3.68,6.35,0.26
07-07-2025 12:00,Odisha,Cuttack,5.63,5.16,0.23
13-07-2025 15:00,West Bengal,Murshidabad,5.38,6.16,0.98
26-03-2025 22:00,West Bengal,Murshidabad,8.36,5.93,0.11
08-02-2026 22:00,Kerala,Thrissur,3.05,6.13,1.26
15-10-2025 21:00,Kerala,Kochi,8.73,5.48,0.67
13-04-2025 02:00,Kerala,Kozhikode,4.46,4.12,0.69
14-06-2025 18:00,Maharashtra,Nagpur,3.28,6.96,-0.59
08-04-2025 01:00,Bihar,Darbhanga,8.75,6.64,0.69
16-01-2026 04:00,Assam,Guwahati,3.99,6.65,0.53
21-10-2025 12:00,Tamil Nadu,Madurai,7.68,6.16,0.88
30-07-2025 02:00,Assam,Barpeta,1.9,4.48,0.26
26-01-2026 04:00,Uttar Pradesh,Kanpur,1.1,4.22,0.31
17-07-2025 18:00,West Bengal,Kolkata,3.48,4.42,1.2
26-01-2026 07:00,Tamil Nadu,Thanjavur,2.03,6.07,0.86
27-01-2026 18:00,Bihar,Darbhanga,7.39,6.16,0.51
28-09-2025 11:00,Kerala,Kottayam,2.78,4.39,-0.18
04-10-2025 13:00,Uttar Pradesh,Gorakhpur,4.88,5.74,0.41
29-10-2025 01:00,Kerala,Alappuzha,2.53,5.77,0.83
11-04-2025 01:00,Gujarat,Surat,2.4,4.04,0.34
19-08-2025 00:00,Maharashtra,Nagpur,5.94,6.06,0.26
20-02-2025 16:00,Tamil Nadu,Coimbatore,4.39,5.75,-0.08
29-12-2025 07:00,Maharashtra,Nashik,6.77,4.9,0.01
08-09-2025 20:00,Gujarat,Surat,2.52,4.84,-0.07
14-10-2025 01:00,Tamil Nadu,Tiruppur,5.09,5.59,0.96
14-02-2025 08:00,Kerala,Kozhikode,7.48,4.83,-0.33
07-06-2025 18:00,Bihar,Gaya,3.79,4.07,-0.3
03-07-2025 18:00,Odisha,Cuttack,7.85,5.25,-0.06
13-10-2025 19:00,Bihar,Gaya,8.87,5.21,0.51
09-10-2025 16:00,Tamil Nadu,Thanjavur,5.07,6.61,0.38
19-08-2025 03:00,Kerala,Kottayam,5.71,4.55,0.7
07-09-2025 20:00,West Bengal,Malda,2.25,5.84,0.91
04-01-2026 01:00,Karnataka,Mysuru,6.58,6.27,1.02
03-09-2025 08:00,Uttar Pradesh,Varanasi,1.47,6.67,0.07
01-04-2025 01:00,Karnataka,Mangaluru,4.41,5.1,-0.06
06-05-2025 08:00,Odisha,Kendrapara,1.89,5.12,0.02
16-02-2025 01:00,Kerala,Thrissur,3.99,5.25,-0.44
05-10-2025 06:00,Odisha,Cuttack,4.6,4.67,-0.12
29-01-2025 20:00,Assam,Dibrugarh,6.12,5.45,0.07
19-02-2026 21:00,Bihar,Gaya,3.84,6.48,0.2
26-07-2025 12:00,Odisha,Balasore,4.57,6.89,0.54
02-10-2025 21:00,Tamil Nadu,Coimbatore,4.92,6.36,1.46
20-12-2025 08:00,Uttar Pradesh,Lucknow,3.79,6.07,0.8
02-07-2025 01:00,Kerala,Alappuzha,6.58,6.8,-0.45
26-04-2025 05:00,Assam,Barpeta,3.28,5.18,0.07
13-06-2025 17:00,Tamil Nadu,Chennai,6.23,4.59,-0.72
25-10-2025 06:00,Gujarat,Ahmedabad,8.16,4.81,0.17
30-12-2025 23:00,Tamil Nadu,Coimbatore,4.12,4.07,-0.865
10-11-2025 18:00,Kerala,Kochi,6.41,5.93,0.31
10-11-2025 16:00,Uttar Pradesh,Gorakhpur,6.7,6.88,0.67
27-01-2025 04:00,West Bengal,Murshidabad,5.59,6.79,0.06
13-04-2025 03:00,Kerala,Alappuzha,6.3,4.85,0.05
17-09-2025 23:00,Karnataka,Mysuru,8.23,6.53,0.07
20-10-2025 04:00,Maharashtra,Mumbai,8.3,5.86,0.26
09-06-2025 08:00,Tamil Nadu,Thanjavur,6.8,4.44,-0.07
10-01-2026 01:00,Karnataka,Mangaluru,6.19,4.78,0.63
21-04-2025 12:00,Uttar Pradesh,Varanasi,1.69,6.42,1.41
15-01-2026 11:00,Tamil Nadu,Tiruppur,1.46,7.0,1.16
05-06-2025 23:00,Uttar Pradesh,Kanpur,8.96,6.31,0.25
01-04-2025 16:00,Odisha,Cuttack,5.29,6.46,0.19
17-02-2026 18:00,Maharashtra,Mumbai,5.37,6.05,0.92
21-01-2026 23:00,Kerala,Alappuzha,2.85,4.47,0.75
19-05-2025 06:00,Assam,Dibrugarh,8.48,6.91,0.67
22-09-2025 07:00,Odisha,Kendrapara,8.24,4.61,0.43
27-04-2025 03:00,Karnataka,Mysuru,1.98,6.57,0.08
21-06-2025 01:00,Bihar,Gaya,8.02,5.97,0.27
22-09-2025 19:00,Assam,Barpeta,5.94,4.45,0.41
11-03-2025 20:00,Uttar Pradesh,Varanasi,2.21,6.29,0.38
14-06-2025 11:00,Kerala,Thrissur,7.0,4.72,0.88
05-07-2025 04:00,Bihar,Patna,8.77,6.09,-0.63
03-05-2025 08:00,Karnataka,Bengaluru,5.62,6.61,0.45
11-01-2026 05:00,Bihar,Gaya,3.16,6.34,0.58
20-11-2025 14:00,Tamil Nadu,Tiruppur,5.47,5.46,-0.05
27-08-2025 10:00,Maharashtra,Pune,7.42,5.55,0.31
07-11-2025 01:00,Bihar,Muzaffarpur,5.58,6.63,1.11
15-04-2025 07:00,Assam,Dibrugarh,5.05,6.0,0.42
20-12-2025 10:00,Bihar,Darbhanga,5.99,5.89,0.4
09-04-2025 17:00,Bihar,Darbhanga,8.03,4.38,0.58
26-07-2025 23:00,Karnataka,Mangaluru,8.56,6.24,0.27
03-09-2025 03:00,Uttar Pradesh,Gorakhpur,2.22,6.22,0.76
03-04-2025 09:00,Assam,Barpeta,4.19,5.05,0.24
01-09-2025 15:00,Kerala,Kochi,4.23,4.63,-0.15
03-04-2025 10:00,Kerala,Kochi,3.25,5.54,0.28
19-05-2025 14:00,Odisha,Puri,8.62,4.44,0.99
08-10-2025 13:00,Kerala,Kochi,4.18,6.05,0.22
30-05-2025 07:00,Tamil Nadu,Tiruppur,1.46,5.66,0.59
14-02-2026 08:00,West Bengal,Murshidabad,3.86,4.79,0.94
31-05-2025 19:00,Maharashtra,Kolhapur,3.63,4.29,-0.17
18-11-2025 03:00,Tamil Nadu,Madurai,7.75,4.34,0.46
26-09-2025 00:00,Gujarat,Surat,7.58,6.84,0.44
10-05-2025 19:00,Gujarat,Vadodara,3.99,5.71,0.99
04-01-2025 13:00,Bihar,Gaya,6.53,4.88,-0.31
06-09-2025 21:00,Tamil Nadu,Coimbatore,8.12,5.76,0.13
27-04-2025 17:00,Karnataka,Udupi,1.63,5.39,0.38
02-06-2025 23:00,Uttar Pradesh,Varanasi,8.77,4.71,0.73
02-06-2025 19:00,Maharashtra,Pune,8.47,4.03,0.71
13-02-2026 02:00,Uttar Pradesh,Prayagraj,2.35,5.13,-0.09
03-08-2025 22:00,Uttar Pradesh,Prayagraj,3.57,4.14,0.11
27-08-2025 13:00,Kerala,Alappuzha,8.33,4.1,0.49
11-07-2025 06:00,Gujarat,Ahmedabad,4.98,6.69,-0.1
26-03-2025 03:00,Uttar Pradesh,Kanpur,3.45,5.52,0.45
23-11-2025 07:00,Assam,Barpeta,6.07,6.97,-0.12
16-04-2025 05:00,Maharashtra,Nashik,4.85,5.22,0.61
12-12-2025 06:00,Tamil Nadu,Coimbatore,5.13,4.24,0.7
19-01-2026 14:00,Uttar Pradesh,Kanpur,7.97,5.5,0.4
14-05-2025 20:00,Tamil Nadu,Madurai,1.64,4.89,-0.01
22-01-2025 15:00,Uttar Pradesh,Kanpur,4.67,6.11,-0.11
12-08-2025 14:00,Tamil Nadu,Madurai,1.62,6.54,0.4
09-10-2025 18:00,Bihar,Bhagalpur,4.43,5.36,0.04
01-05-2025 15:00,Karnataka,Bengaluru,4.06,5.6,0.73
11-01-2025 04:00,West Bengal,Malda,7.87,6.04,0.23
05-09-2025 02:00,Tamil Nadu,Madurai,2.78,4.29,0.19
16-07-2025 10:00,Tamil Nadu,Chennai,3.84,6.02,0.92
03-02-2026 15:00,Uttar Pradesh,Varanasi,8.24,6.98,0.56
23-05-2025 17:00,Assam,Jorhat,3.34,4.41,0.74
16-10-2025 19:00,Tamil Nadu,Madurai,8.86,5.47,0.56
08-10-2025 00:00,Maharashtra,Mumbai,3.71,5.85,0.02
05-11-2025 18:00,West Bengal,Kolkata,8.39,6.99,0.74
15-09-2025 09:00,Bihar,Darbhanga,6.85,4.66,0.4
30-10-2025 02:00,Uttar Pradesh,Varanasi,8.53,6.52,0.93
18-08-2025 13:00,Maharashtra,Nashik,2.92,6.19,-0.25
25-03-2025 09:00,West Bengal,Malda,3.19,4.73,0.44
06-02-2025 21:00,Assam,Dibrugarh,8.26,6.94,0.26
06-02-2025 05:00,Karnataka,Bengaluru,8.4,5.28,0.2
08-02-2026 16:00,Assam,Jorhat,5.44,4.1,0.49
27-08-2025 08:00,Uttar Pradesh,Gorakhpur,8.92,5.58,0.45
15-01-2025 20:00,Gujarat,Surat,4.75,4.47,0.42
17-02-2026 19:00,West Bengal,Kolkata,4.79,4.96,0.41
16-08-2025 03:00,Karnataka,Kodagu,4.42,4.39,0.68
08-12-2025 09:00,Maharashtra,Pune,6.0,6.37,0.59
26-09-2025 06:00,Assam,Dhemaji,1.87,4.19,-0.11
18-11-2025 00:00,Karnataka,Mangaluru,3.95,4.62,0.12
23-02-2025 03:00,Tamil Nadu,Coimbatore,8.1,6.17,0.97
20-03-2025 18:00,Kerala,Thrissur,1.71,6.38,-0.06
28-12-2025 22:00,Kerala,Kottayam,3.71,6.63,0.29
01-10-2025 16:00,Kerala,Thrissur,8.4,5.85,0.48
05-02-2026 23:00,Bihar,Bhagalpur,4.2,6.77,1.43
29-05-2025 11:00,Gujarat,Ahmedabad,2.09,4.8,0.02
30-08-2025 03:00,Assam,Dibrugarh,6.65,6.69,0.02
26-07-2025 14:00,Tamil Nadu,Chennai,6.35,5.03,0.52
06-03-2025 10:00,Karnataka,Kodagu,4.52,4.18,-0.61
10-04-2025 04:00,Bihar,Darbhanga,4.95,4.28,0.39
09-06-2025 07:00,Bihar,Muzaffarpur,3.57,4.3,0.27
15-05-2025 16:00,Kerala,Kozhikode,8.06,5.44,0.39
16-12-2025 23:00,Bihar,Darbhanga,8.32,4.02,0.61
18-05-2025 18:00,Karnataka,Bengaluru,1.48,4.21,0.19
21-01-2025 12:00,Bihar,Gaya,7.66,5.59,0.31
26-05-2025 19:00,Tamil Nadu,Coimbatore,6.27,6.24,0.35
05-10-2025 16:00,Assam,Guwahati,4.59,5.26,0.47
16-02-2025 12:00,Bihar,Gaya,1.6,6.73,1.54
23-08-2025 21:00,Tamil Nadu,Thanjavur,7.61,5.04,0.23
01-01-2026 14:00,Odisha,Bhubaneswar,3.82,5.9,0.93
14-09-2025 02:00,Assam,Barpeta,6.13,5.66,0.45
16-02-2026 03:00,Gujarat,Rajkot,2.45,6.17,-0.8
01-01-2026 15:00,Assam,Guwahati,8.16,5.99,0.75
07-10-2025 11:00,Tamil Nadu,Thanjavur,6.75,6.28,1.16
19-02-2026 12:00,Tamil Nadu,Chennai,4.19,5.02,0.48
28-11-2025 21:00,West Bengal,Darjeeling,7.51,4.67,0.74
01-06-2025 21:00,Uttar Pradesh,Kanpur,5.19,4.5,-0.09
15-04-2025 04:00,Assam,Dhemaji,2.84,5.56,-0.08
25-08-2025 13:00,Maharashtra,Pune,8.62,6.58,0.09
07-08-2025 09:00,Assam,Barpeta,3.48,6.82,-0.07
29-09-2025 14:00,Maharashtra,Mumbai,8.76,5.17,-0.31
26-04-2025 23:00,West Bengal,Murshidabad,4.39,5.7,0.13
14-09-2025 14:00,Odisha,Kendrapara,8.41,5.74,0.59
08-06-2025 17:00,Kerala,Kochi,2.5,4.04,-0.04
28-01-2026 20:00,Maharashtra,Nagpur,6.84,5.34,0.38
01-02-2026 20:00,Uttar Pradesh,Varanasi,1.03,5.51,-0.11
25-12-2025 07:00,Assam,Jorhat,2.95,4.95,0.56
12-03-2025 16:00,Uttar Pradesh,Lucknow,7.54,4.61,1.01
25-08-2025 21:00,Maharashtra,Pune,6.63,6.03,0.91
15-12-2025 15:00,Maharashtra,Pune,3.25,6.58,-0.1
05-09-2025 11:00,Gujarat,Bharuch,8.17,6.19,0.38
27-03-2025 12:00,Maharashtra,Nashik,7.91,6.57,-0.09
16-03-2025 00:00,Assam,Dhemaji,5.68,5.04,0.25
01-10-2025 08:00,Odisha,Puri,8.11,5.59,0.38
19-05-2025 01:00,Karnataka,Udupi,2.02,6.72,0.23
19-07-2025 05:00,Kerala,Kozhikode,6.96,4.13,0.59
22-12-2025 18:00,Odisha,Balasore,7.0,4.3,0.3
10-10-2025 13:00,West Bengal,Malda,6.54,4.69,0.12
08-03-2025 08:00,Kerala,Alappuzha,3.01,4.12,0.24
13-03-2025 19:00,Kerala,Kozhikode,7.04,6.71,0.81
09-01-2025 23:00,Tamil Nadu,Tiruppur,1.14,5.46,0.8
21-09-2025 14:00,Assam,Dibrugarh,7.34,4.58,0.27
11-12-2025 00:00,West Bengal,Howrah,6.33,6.38,-0.04
21-01-2025 10:00,Tamil Nadu,Thanjavur,6.9,6.67,0.62
16-01-2026 13:00,Assam,Jorhat,5.92,4.84,-0.15
26-05-2025 03:00,Maharashtra,Nagpur,5.13,4.26,0.27
01-08-2025 14:00,Gujarat,Vadodara,8.43,6.2,0.45
05-08-2025 03:00,Tamil Nadu,Chennai,4.89,4.26,-0.04
23-05-2025 23:00,Odisha,Puri,8.8,4.47,0.4
19-01-2026 06:00,Karnataka,Bengaluru,1.61,5.39,0.25
18-11-2025 06:00,Odisha,Kendrapara,6.27,4.94,0.93
18-08-2025 17:00,Gujarat,Ahmedabad,8.17,6.46,-0.16
02-01-2025 01:00,Tamil Nadu,Thanjavur,1.19,6.22,1.44
27-05-2025 08:00,West Bengal,Kolkata,5.88,4.16,0.78
11-04-2025 09:00,Maharashtra,Kolhapur,3.6,4.04,-0.1
17-05-2025 06:00,Maharashtra,Mumbai,7.44,4.28,0.5
06-08-2025 01:00,Bihar,Muzaffarpur,7.04,6.57,-0.57
29-12-2025 23:00,Maharashtra,Pune,6.83,5.42,-0.01
06-03-2025 16:00,West Bengal,Kolkata,7.62,4.61,0.32
19-01-2026 05:00,Uttar Pradesh,Prayagraj,2.96,4.36,-0.29
26-12-2025 05:00,Gujarat,Bharuch,5.8,5.67,0.17
11-06-2025 07:00,Bihar,Bhagalpur,3.86,4.55,0.4
22-05-2025 18:00,Uttar Pradesh,Varanasi,8.11,6.74,0.25
08-07-2025 17:00,West Bengal,Malda,4.81,4.47,1.08
10-02-2025 19:00,Assam,Guwahati,7.1,5.41,1.24
21-04-2025 15:00,Assam,Guwahati,1.64,6.71,0.79
18-03-2025 23:00,Uttar Pradesh,Prayagraj,5.29,6.49,0.28
28-11-2025 20:00,Uttar Pradesh,Kanpur,2.59,5.79,-0.46
10-12-2025 08:00,Uttar Pradesh,Varanasi,1.77,6.1,0.52
25-10-2025 17:00,Gujarat,Vadodara,8.45,6.03,0.2
01-11-2025 03:00,Karnataka,Mangaluru,4.05,6.77,-0.865
27-08-2025 09:00,Kerala,Kottayam,3.61,5.14,0.19
22-01-2025 11:00,Gujarat,Bharuch,6.87,6.0,-0.06
31-12-2025 09:00,Tamil Nadu,Coimbatore,1.78,5.44,0.84
12-12-2025 17:00,Tamil Nadu,Coimbatore,8.93,5.2,0.86
15-02-2025 22:00,Gujarat,Bharuch,2.1,6.14,0.42
17-05-2025 12:00,West Bengal,Murshidabad,5.68,6.43,0.29
28-10-2025 17:00,Maharashtra,Mumbai,3.73,5.79,0.1
04-11-2025 21:00,Gujarat,Ahmedabad,4.62,5.76,0.05
14-01-2026 05:00,Bihar,Patna,8.22,5.8,1.06
14-12-2025 09:00,Kerala,Thrissur,8.15,6.91,1.5750000000000002
16-06-2025 12:00,West Bengal,Darjeeling,2.32,6.63,0.14
09-01-2025 02:00,West Bengal,Kolkata,4.06,6.95,0.78
16-07-2025 07:00,Maharashtra,Nagpur,8.32,6.94,-0.865
27-01-2025 19:00,Kerala,Thrissur,2.0,4.11,0.57
14-01-2026 17:00,Kerala,Kozhikode,6.78,5.06,0.62
17-05-2025 21:00,Kerala,Kozhikode,6.41,5.78,0.22
10-05-2025 20:00,Karnataka,Mangaluru,1.91,6.54,-0.42
27-09-2025 20:00,Assam,Jorhat,1.84,6.58,0.93
29-05-2025 23:00,West Bengal,Murshidabad,5.0,6.76,0.25
11-01-2026 23:00,Bihar,Gaya,2.61,4.13,0.37
30-06-2025 00:00,Karnataka,Kodagu,8.76,5.68,0.11
21-02-2026 08:00,Odisha,Kendrapara,1.71,5.62,-0.18
02-04-2025 23:00,Odisha,Balasore,4.73,4.6,0.14
09-07-2025 16:00,Tamil Nadu,Coimbatore,7.41,5.56,-0.29
01-11-2025 20:00,Kerala,Thrissur,8.27,4.43,-0.42
04-06-2025 22:00,West Bengal,Howrah,5.68,4.27,-0.28
10-02-2025 12:00,West Bengal,Murshidabad,1.33,6.61,0.23
10-07-2025 19:00,Kerala,Thrissur,1.42,4.25,0.35
30-01-2025 23:00,Maharashtra,Mumbai,1.14,6.94,-0.61
11-01-2026 17:00,Kerala,Kochi,4.71,5.24,0.3
14-09-2025 11:00,Bihar,Bhagalpur,7.16,4.26,1.14
28-01-2026 22:00,Odisha,Cuttack,1.05,6.64,1.21
12-06-2025 08:00,Uttar Pradesh,Prayagraj,1.6,5.39,1.07
27-04-2025 19:00,Karnataka,Mysuru,2.21,6.42,0.1
17-04-2025 22:00,Assam,Guwahati,1.51,4.87,0.76
17-06-2025 17:00,Gujarat,Ahmedabad,8.35,5.71,0.5
16-09-2025 06:00,Bihar,Patna,4.69,4.55,0.43
02-01-2025 08:00,Assam,Dibrugarh,4.25,6.82,-0.01
13-12-2025 03:00,West Bengal,Howrah,2.68,4.18,0.25
03-01-2026 23:00,Bihar,Darbhanga,6.58,5.64,0.7
14-02-2026 02:00,Kerala,Kottayam,6.15,4.89,0.23
19-06-2025 07:00,West Bengal,Murshidabad,7.99,5.81,0.26
08-01-2026 20:00,Kerala,Alappuzha,2.79,5.89,-0.55
19-08-2025 20:00,Karnataka,Udupi,2.24,6.44,-0.1
12-03-2025 17:00,Maharashtra,Nashik,4.94,5.66,-0.13
27-04-2025 08:00,Bihar,Muzaffarpur,3.04,5.81,-0.09
03-04-2025 14:00,Karnataka,Bengaluru,7.04,4.24,0.6
31-08-2025 10:00,Uttar Pradesh,Prayagraj,3.6,6.35,0.06
07-02-2026 14:00,Karnataka,Mangaluru,5.41,6.08,0.47
06-06-2025 20:00,Tamil Nadu,Chennai,3.61,4.85,0.46
11-06-2025 02:00,Gujarat,Surat,6.14,4.2,-0.03
25-09-2025 13:00,Kerala,Kottayam,5.44,4.76,0.14
27-01-2026 15:00,West Bengal,Murshidabad,2.17,5.67,1.08
08-01-2026 10:00,Bihar,Darbhanga,4.43,6.19,0.09
05-10-2025 23:00,Tamil Nadu,Tiruppur,5.47,6.57,0.16
29-11-2025 10:00,Karnataka,Bengaluru,7.79,6.1,-0.34
06-06-2025 14:00,Tamil Nadu,Thanjavur,3.65,6.06,0.25
12-02-2026 06:00,Maharashtra,Nashik,4.08,5.77,0.08
15-05-2025 11:00,West Bengal,Murshidabad,2.9,5.73,1.08
22-11-2025 02:00,West Bengal,Howrah,7.79,4.44,0.91
13-06-2025 11:00,Gujarat,Bharuch,4.19,6.33,0.29
12-06-2025 16:00,Gujarat,Ahmedabad,7.24,5.76,0.22
05-04-2025 21:00,Bihar,Patna,2.58,4.82,0.07
11-10-2025 18:00,Kerala,Kochi,2.55,4.04,-0.09
28-02-2025 09:00,West Bengal,Murshidabad,6.1,6.8,0.67
31-01-2025 19:00,Bihar,Darbhanga,8.43,5.35,0.5
27-06-2025 18:00,Maharashtra,Nagpur,1.24,5.2,0.11
15-02-2026 21:00,Gujarat,Surat,7.88,6.34,0.84
03-11-2025 08:00,Bihar,Darbhanga,8.28,6.66,0.83
10-11-2025 06:00,Kerala,Alappuzha,1.2,5.17,0.46
10-06-2025 11:00,Tamil Nadu,Coimbatore,7.22,6.24,0.54
26-12-2025 15:00,Tamil Nadu,Coimbatore,4.2,4.08,0.2
21-04-2025 21:00,Uttar Pradesh,Lucknow,4.71,4.68,1.08
29-09-2025 00:00,Assam,Barpeta,3.38,6.49,0.81
13-02-2026 07:00,Uttar Pradesh,Kanpur,5.03,4.81,0.98
29-01-2025 02:00,Tamil Nadu,Chennai,6.18,4.88,-0.02
24-10-2025 01:00,Gujarat,Rajkot,7.98,5.56,-0.66
23-09-2025 00:00,Odisha,Bhubaneswar,6.81,4.14,0.94
10-06-2025 01:00,Bihar,Muzaffarpur,5.52,5.39,0.59
17-03-2025 15:00,West Bengal,Kolkata,2.86,4.63,0.08
31-01-2026 09:00,Maharashtra,Mumbai,7.38,5.41,-0.23
14-02-2026 22:00,Karnataka,Kodagu,6.33,5.11,0.31
19-01-2026 09:00,Gujarat,Rajkot,6.84,5.41,0.19
13-07-2025 21:00,West Bengal,Howrah,6.51,4.64,0.59
29-12-2025 04:00,Karnataka,Udupi,4.13,6.53,0.93
29-03-2025 12:00,Maharashtra,Kolhapur,7.65,4.04,0.72
18-11-2025 07:00,Karnataka,Kodagu,1.6,4.05,0.47
11-03-2025 17:00,West Bengal,Howrah,5.54,4.59,1.12
29-03-2025 13:00,Kerala,Alappuzha,5.04,5.22,1.44
25-06-2025 13:00,Uttar Pradesh,Kanpur,1.66,5.23,0.43
17-10-2025 22:00,Odisha,Kendrapara,6.21,5.86,-0.6
06-03-2025 12:00,Assam,Guwahati,8.13,5.67,0.65
02-02-2026 22:00,Kerala,Kottayam,2.49,6.24,1.26
19-05-2025 11:00,Tamil Nadu,Coimbatore,2.98,6.65,1.28
04-02-2026 07:00,Odisha,Puri,7.63,6.65,0.34
15-01-2025 19:00,West Bengal,Darjeeling,7.22,6.53,0.73
05-08-2025 00:00,Tamil Nadu,Chennai,7.9,6.26,0.7
02-03-2025 21:00,Bihar,Darbhanga,6.96,5.75,-0.72
14-11-2025 16:00,Odisha,Puri,3.51,5.98,0.22
27-01-2026 01:00,Maharashtra,Mumbai,4.14,5.57,0.72
15-05-2025 04:00,Maharashtra,Nashik,1.71,6.47,0.48
09-02-2025 03:00,Odisha,Cuttack,7.48,6.66,-0.15
03-08-2025 11:00,Bihar,Bhagalpur,7.6,6.53,0.17
04-09-2025 19:00,Gujarat,Rajkot,5.12,4.4,-0.03
25-11-2025 11:00,West Bengal,Darjeeling,3.28,4.58,0.05
14-03-2025 23:00,West Bengal,Murshidabad,2.24,6.26,0.58
30-01-2026 12:00,Uttar Pradesh,Kanpur,2.28,4.57,1.17
13-11-2025 13:00,Tamil Nadu,Tiruppur,8.13,6.44,1.23
15-03-2025 20:00,Maharashtra,Nashik,8.75,6.03,0.46
19-02-2025 20:00,West Bengal,Murshidabad,1.06,6.54,0.28
20-03-2025 06:00,Karnataka,Mangaluru,7.22,5.55,0.05
22-04-2025 04:00,Bihar,Bhagalpur,8.57,5.55,0.75
13-05-2025 03:00,Tamil Nadu,Madurai,5.91,4.43,-0.74
26-03-2025 00:00,Tamil Nadu,Thanjavur,7.4,6.63,0.34
25-03-2025 13:00,Odisha,Cuttack,8.91,6.65,0.31
11-12-2025 16:00,Bihar,Gaya,5.48,6.51,0.46
12-06-2025 05:00,Uttar Pradesh,Kanpur,1.29,5.8,0.51
21-02-2026 07:00,Maharashtra,Nagpur,8.07,5.43,0.74
15-05-2025 21:00,Gujarat,Rajkot,7.59,6.39,0.49
04-07-2025 08:00,Odisha,Cuttack,4.55,5.2,-0.02
17-07-2025 16:00,Assam,Barpeta,1.59,5.42,0.32
28-03-2025 14:00,Bihar,Gaya,1.43,5.38,0.56
06-08-2025 11:00,Tamil Nadu,Chennai,2.26,4.31,1.05
17-01-2025 12:00,Kerala,Thrissur,6.51,4.29,0.41
27-04-2025 04:00,Karnataka,Udupi,6.87,5.45,0.62
05-01-2026 21:00,Gujarat,Bharuch,3.24,6.97,-0.03
26-12-2025 22:00,West Bengal,Murshidabad,4.46,4.63,0.02
19-06-2025 16:00,Uttar Pradesh,Varanasi,4.52,4.71,0.26
21-08-2025 06:00,Tamil Nadu,Madurai,6.29,6.63,0.56
15-12-2025 17:00,Bihar,Patna,7.93,4.86,0.51
01-02-2026 03:00,West Bengal,Kolkata,8.37,4.2,0.39
12-08-2025 03:00,Bihar,Darbhanga,1.72,6.34,0.04
29-10-2025 09:00,Odisha,Kendrapara,7.5,7.0,-0.17
31-01-2026 03:00,Karnataka,Bengaluru,1.41,5.46,-0.05
12-10-2025 04:00,Kerala,Kozhikode,4.04,4.33,0.78
05-03-2025 07:00,Maharashtra,Nagpur,5.12,6.66,0.19
08-12-2025 12:00,Assam,Jorhat,5.51,5.42,0.62
27-02-2025 10:00,West Bengal,Malda,4.59,6.66,0.79
25-08-2025 08:00,Maharashtra,Nagpur,6.96,5.85,0.54
12-02-2025 15:00,West Bengal,Darjeeling,8.71,5.17,0.7
18-04-2025 19:00,Odisha,Balasore,2.36,6.86,0.84
21-10-2025 10:00,Bihar,Gaya,7.47,4.22,0.06
23-08-2025 05:00,Bihar,Bhagalpur,3.35,5.81,0.22
15-11-2025 05:00,Assam,Dibrugarh,2.3,5.88,0.69
28-07-2025 16:00,Uttar Pradesh,Kanpur,3.04,6.07,0.32
30-04-2025 01:00,Bihar,Darbhanga,2.75,5.22,0.51
10-12-2025 22:00,Maharashtra,Nagpur,7.89,6.31,1.2
29-08-2025 11:00,West Bengal,Howrah,4.93,5.96,0.17
01-09-2025 10:00,Bihar,Muzaffarpur,3.56,6.91,0.02
01-12-2025 11:00,West Bengal,Malda,5.62,4.05,0.21
01-09-2025 00:00,West Bengal,Murshidabad,3.03,6.93,0.62
09-03-2025 21:00,Gujarat,Vadodara,7.58,5.45,0.43
23-07-2025 16:00,West Bengal,Darjeeling,2.46,4.03,0.23
08-07-2025 14:00,Karnataka,Kodagu,7.82,4.34,0.74
27-05-2025 19:00,Uttar Pradesh,Kanpur,5.82,4.77,0.37
04-09-2025 00:00,Tamil Nadu,Coimbatore,8.77,5.73,0.55
21-11-2025 05:00,Bihar,Muzaffarpur,4.75,6.9,0.28
31-05-2025 07:00,Odisha,Kendrapara,1.61,4.15,0.08
28-01-2026 10:00,Gujarat,Ahmedabad,7.61,6.72,0.56
06-08-2025 12:00,Kerala,Kozhikode,5.46,5.71,0.11
10-01-2025 18:00,Assam,Dhemaji,3.92,4.05,0.82
20-11-2025 03:00,Uttar Pradesh,Prayagraj,8.74,4.39,0.2
08-06-2025 04:00,West Bengal,Darjeeling,3.68,4.46,0.48
21-06-2025 14:00,Karnataka,Bengaluru,1.58,4.14,-0.21
21-09-2025 06:00,Gujarat,Ahmedabad,8.75,4.42,0.97
28-07-2025 09:00,Karnataka,Bengaluru,8.52,5.94,-0.02
08-06-2025 08:00,Bihar,Darbhanga,3.53,5.75,0.29
22-11-2025 09:00,Bihar,Bhagalpur,7.38,6.34,0.15
12-06-2025 11:00,Maharashtra,Nashik,6.0,5.5,0.26
29-07-2025 08:00,Maharashtra,Pune,5.71,6.71,0.17
23-03-2025 04:00,Assam,Dhemaji,5.46,4.46,0.77
23-09-2025 01:00,Bihar,Darbhanga,5.22,4.87,-0.15
20-01-2025 14:00,Odisha,Puri,6.46,6.88,0.44
19-02-2026 08:00,Karnataka,Udupi,4.44,5.0,0.4
26-05-2025 12:00,Kerala,Kochi,3.33,4.75,0.52
11-09-2025 19:00,Tamil Nadu,Chennai,3.16,5.1,0.59
22-04-2025 07:00,Maharashtra,Mumbai,6.14,4.41,-0.1
13-02-2026 08:00,Gujarat,Surat,2.03,5.89,0.57
03-04-2025 16:00,Assam,Dhemaji,7.25,5.38,-0.02
16-02-2025 02:00,Tamil Nadu,Chennai,1.66,4.25,-0.5
02-04-2025 04:00,West Bengal,Darjeeling,3.89,6.3,0.27
04-02-2025 02:00,Tamil Nadu,Chennai,6.34,6.56,0.69
21-08-2025 03:00,Assam,Dibrugarh,7.41,4.74,0.39
08-07-2025 11:00,Bihar,Gaya,5.02,4.87,1.28
30-08-2025 09:00,Maharashtra,Pune,8.32,5.42,1.27
26-01-2026 21:00,Gujarat,Vadodara,4.97,6.09,-0.17
01-01-2026 20:00,Maharashtra,Kolhapur,3.82,5.67,0.35
07-11-2025 19:00,Kerala,Kottayam,4.11,4.7,1.01
20-04-2025 08:00,Maharashtra,Pune,4.04,5.56,-0.15
23-10-2025 14:00,Uttar Pradesh,Lucknow,5.0,6.11,0.91
27-01-2026 08:00,Tamil Nadu,Coimbatore,5.68,4.43,1.26
18-02-2026 04:00,Tamil Nadu,Tiruppur,5.98,5.34,-0.5
15-01-2026 23:00,West Bengal,Howrah,4.15,4.48,0.1
07-02-2025 00:00,Kerala,Kozhikode,8.39,5.88,0.6
12-04-2025 13:00,Tamil Nadu,Chennai,3.62,6.45,0.82
10-09-2025 08:00,Odisha,Puri,8.65,4.34,1.08
22-10-2025 08:00,Maharashtra,Kolhapur,4.57,5.77,0.2
04-02-2025 01:00,Bihar,Bhagalpur,7.96,5.11,1.06
08-01-2026 06:00,Uttar Pradesh,Prayagraj,2.36,4.7,-0.3
23-05-2025 06:00,Tamil Nadu,Coimbatore,1.74,6.11,0.3
22-09-2025 16:00,Gujarat,Bharuch,5.27,6.97,0.61
08-04-2025 13:00,Karnataka,Mysuru,4.15,5.68,-0.03
12-01-2026 05:00,Odisha,Puri,1.63,6.56,0.94
12-05-2025 23:00,Maharashtra,Nagpur,6.8,6.25,0.94
17-03-2025 09:00,Bihar,Gaya,6.46,5.39,-0.19
01-12-2025 19:00,Tamil Nadu,Coimbatore,8.71,6.93,-0.01
22-02-2025 16:00,Uttar Pradesh,Varanasi,3.28,5.79,0.49
31-07-2025 22:00,Karnataka,Mangaluru,2.99,6.07,1.24
08-02-2026 03:00,Bihar,Muzaffarpur,3.37,6.73,0.45
01-09-2025 03:00,Kerala,Kottayam,3.27,4.99,0.15
05-08-2025 10:00,Assam,Jorhat,8.58,5.45,0.18
05-07-2025 09:00,Maharashtra,Nagpur,5.91,4.44,0.44
26-07-2025 01:00,Odisha,Kendrapara,7.68,6.2,0.63
18-06-2025 13:00,Uttar Pradesh,Prayagraj,7.97,6.42,-0.25
28-09-2025 23:00,Bihar,Patna,3.03,4.22,0.93
04-06-2025 06:00,Maharashtra,Nashik,2.91,6.53,0.29
13-02-2025 03:00,Gujarat,Bharuch,4.54,5.98,0.58
21-01-2026 16:00,Uttar Pradesh,Kanpur,8.45,6.35,-0.53
21-08-2025 22:00,Bihar,Gaya,7.93,5.0,0.33
21-02-2025 04:00,Assam,Jorhat,6.88,6.92,0.54
21-02-2026 15:00,Assam,Barpeta,2.17,6.23,0.34
11-10-2025 19:00,West Bengal,Howrah,8.82,4.48,0.15
03-08-2025 05:00,Odisha,Bhubaneswar,6.41,6.5,0.38
03-01-2025 04:00,Maharashtra,Nagpur,3.55,4.73,1.24
13-01-2026 19:00,Maharashtra,Mumbai,7.17,4.2,0.0
16-12-2025 19:00,Tamil Nadu,Thanjavur,8.64,4.39,-0.13
07-01-2025 15:00,Bihar,Gaya,4.38,5.02,0.11
11-11-2025 16:00,Karnataka,Mysuru,7.0,4.63,0.78
08-03-2025 03:00,Bihar,Bhagalpur,1.83,4.06,0.59
08-03-2025 05:00,Bihar,Muzaffarpur,2.96,5.71,0.45
15-02-2026 01:00,Tamil Nadu,Coimbatore,7.43,6.77,0.1
24-01-2026 16:00,Karnataka,Kodagu,7.86,5.07,0.24
16-10-2025 18:00,Assam,Barpeta,6.93,5.3,0.59
02-10-2025 20:00,Assam,Barpeta,8.43,6.95,0.73
15-09-2025 06:00,Tamil Nadu,Thanjavur,8.18,6.72,0.26
04-12-2025 10:00,Kerala,Kottayam,4.42,5.92,1.03
10-06-2025 18:00,Kerala,Thrissur,2.45,5.79,0.01
13-02-2026 22:00,Assam,Barpeta,3.09,5.66,0.3
06-10-2025 19:00,Karnataka,Mysuru,4.0,5.09,1.28
28-04-2025 20:00,Maharashtra,Pune,5.05,6.7,0.33
19-01-2025 04:00,Bihar,Gaya,2.86,6.84,0.55
11-12-2025 18:00,Bihar,Patna,8.47,4.68,0.31
07-12-2025 08:00,Tamil Nadu,Coimbatore,4.54,5.04,0.23
11-06-2025 14:00,West Bengal,Murshidabad,8.12,4.68,0.69
08-03-2025 04:00,Tamil Nadu,Tiruppur,5.48,4.89,0.96
26-04-2025 20:00,Odisha,Balasore,8.07,5.18,0.54
10-01-2026 05:00,Kerala,Kochi,8.48,5.01,-0.29
23-12-2025 17:00,Tamil Nadu,Coimbatore,8.98,5.73,0.0
25-08-2025 22:00,Kerala,Thrissur,3.35,4.1,0.23
15-06-2025 05:00,Odisha,Balasore,6.04,5.59,0.07
16-07-2025 23:00,Tamil Nadu,Coimbatore,5.4,6.23,0.32
10-02-2025 13:00,West Bengal,Kolkata,7.83,4.2,0.5
21-02-2025 14:00,Bihar,Darbhanga,8.77,6.36,0.24
03-05-2025 23:00,Kerala,Kottayam,6.44,5.23,0.21
08-04-2025 14:00,Gujarat,Bharuch,6.23,4.66,0.72
29-09-2025 16:00,Odisha,Kendrapara,5.08,6.59,0.4
01-11-2025 14:00,Assam,Barpeta,4.53,5.93,-0.1
09-09-2025 22:00,Kerala,Kochi,7.48,5.21,-0.09
31-03-2025 22:00,Karnataka,Udupi,2.4,5.42,-0.06
23-01-2026 00:00,Uttar Pradesh,Kanpur,3.12,5.58,1.11
02-10-2025 13:00,Gujarat,Bharuch,1.55,5.43,0.95
04-03-2025 09:00,Uttar Pradesh,Varanasi,4.4,5.66,0.67
09-07-2025 09:00,Gujarat,Rajkot,4.81,5.26,0.84
27-09-2025 09:00,Maharashtra,Nashik,6.95,4.26,1.07
27-06-2025 09:00,Assam,Guwahati,3.17,5.3,0.74
11-04-2025 22:00,West Bengal,Darjeeling,1.37,5.69,0.4
23-12-2025 20:00,Gujarat,Bharuch,3.54,6.73,0.58
05-08-2025 01:00,Assam,Jorhat,4.64,4.49,0.16
24-08-2025 07:00,Uttar Pradesh,Gorakhpur,8.36,6.74,0.98
15-01-2025 21:00,Gujarat,Vadodara,1.45,4.99,0.81
07-08-2025 10:00,West Bengal,Murshidabad,7.03,6.84,0.61
30-11-2025 19:00,Assam,Jorhat,4.11,5.03,0.46
21-01-2026 00:00,Bihar,Patna,4.18,6.24,0.5
29-03-2025 04:00,Kerala,Thrissur,3.08,5.17,0.56
14-08-2025 09:00,Assam,Guwahati,6.02,4.2,0.66
25-03-2025 23:00,Assam,Dhemaji,2.92,6.25,0.99
13-01-2026 11:00,Bihar,Darbhanga,3.35,4.99,0.43
18-06-2025 12:00,Bihar,Darbhanga,4.43,6.2,-0.23
08-01-2025 19:00,Gujarat,Surat,2.47,5.4,0.81
13-10-2025 18:00,Uttar Pradesh,Lucknow,6.11,4.49,0.14
02-06-2025 07:00,Kerala,Kozhikode,8.02,6.34,0.4
23-05-2025 18:00,West Bengal,Howrah,8.47,5.45,0.98
27-10-2025 18:00,Maharashtra,Mumbai,5.19,4.38,0.14
27-02-2025 13:00,Bihar,Patna,3.86,6.54,0.51
08-11-2025 04:00,West Bengal,Murshidabad,2.55,5.13,0.98
18-01-2025 05:00,Tamil Nadu,Tiruppur,6.29,4.47,0.4
29-07-2025 21:00,Kerala,Kozhikode,5.77,5.82,0.91
24-07-2025 01:00,Gujarat,Vadodara,5.09,5.68,0.75
20-05-2025 00:00,Uttar Pradesh,Lucknow,6.53,6.41,-0.49
31-05-2025 06:00,Maharashtra,Nashik,4.73,5.3,0.39
13-05-2025 07:00,Karnataka,Mangaluru,5.82,4.31,1.13
04-04-2025 09:00,Tamil Nadu,Chennai,4.35,4.45,0.27
09-02-2026 12:00,Maharashtra,Nagpur,8.97,4.53,0.69
21-11-2025 20:00,Uttar Pradesh,Kanpur,8.78,6.82,0.46
11-01-2025 16:00,Uttar Pradesh,Prayagraj,7.43,5.6,0.38
26-12-2025 04:00,Karnataka,Mysuru,3.35,6.15,0.42
09-01-2025 08:00,West Bengal,Malda,8.09,5.69,0.63
04-04-2025 03:00,Uttar Pradesh,Lucknow,1.87,5.18,0.72
17-07-2025 15:00,Kerala,Kozhikode,4.78,4.73,0.4
15-03-2025 15:00,Tamil Nadu,Tiruppur,3.16,6.15,0.36
26-06-2025 12:00,Gujarat,Surat,3.8,5.19,1.33
08-10-2025 09:00,Maharashtra,Kolhapur,7.69,4.48,0.1
19-12-2025 02:00,Kerala,Kochi,1.38,6.23,0.6
31-10-2025 05:00,Tamil Nadu,Coimbatore,2.53,6.28,0.16
07-03-2025 12:00,Maharashtra,Nashik,8.25,5.72,0.43
02-01-2025 00:00,Uttar Pradesh,Prayagraj,7.97,6.62,0.45
21-05-2025 03:00,Bihar,Bhagalpur,8.04,5.73,0.01
15-02-2025 08:00,Karnataka,Udupi,2.91,6.6,0.65
14-07-2025 18:00,Bihar,Gaya,4.67,6.95,0.09
23-04-2025 06:00,Assam,Barpeta,6.32,5.2,0.6
12-11-2025 22:00,Bihar,Gaya,1.07,5.87,0.93
22-05-2025 14:00,Tamil Nadu,Coimbatore,4.79,6.37,-0.35
29-05-2025 07:00,Assam,Guwahati,7.32,6.82,-0.32
17-01-2026 12:00,Gujarat,Ahmedabad,6.12,5.07,-0.38
29-04-2025 09:00,Assam,Guwahati,7.03,5.15,0.5
07-04-2025 07:00,Gujarat,Vadodara,2.86,6.94,0.49
14-12-2025 05:00,Maharashtra,Kolhapur,2.11,6.91,0.47
15-05-2025 18:00,West Bengal,Malda,5.99,5.68,0.51
23-06-2025 00:00,West Bengal,Malda,3.64,6.18,0.79
24-02-2025 13:00,Karnataka,Kodagu,4.23,4.16,0.98
29-01-2025 23:00,Odisha,Kendrapara,8.32,4.74,0.82
15-02-2026 19:00,Assam,Jorhat,6.07,5.54,0.43
06-06-2025 08:00,Assam,Barpeta,2.45,5.66,0.89
22-09-2025 01:00,Gujarat,Surat,1.65,4.18,0.38
21-02-2025 03:00,Gujarat,Bharuch,2.77,4.45,-0.43
25-03-2025 07:00,Karnataka,Mysuru,2.25,6.67,0.17
12-01-2025 12:00,Tamil Nadu,Chennai,5.83,4.78,0.84
07-12-2025 16:00,Maharashtra,Nagpur,4.49,4.33,0.89
16-11-2025 08:00,Uttar Pradesh,Varanasi,1.65,6.84,0.21
05-09-2025 01:00,West Bengal,Murshidabad,2.36,5.28,0.49
04-05-2025 01:00,Kerala,Kochi,7.52,6.06,-0.47
01-06-2025 13:00,Gujarat,Vadodara,6.1,4.86,0.29
12-06-2025 18:00,West Bengal,Howrah,8.28,5.59,0.85
19-07-2025 02:00,Gujarat,Bharuch,1.31,4.48,0.17
01-09-2025 13:00,Tamil Nadu,Coimbatore,7.52,4.55,-0.44
09-02-2026 02:00,West Bengal,Darjeeling,2.86,4.76,0.27
21-06-2025 13:00,Kerala,Kochi,8.44,6.71,-0.07
20-10-2025 22:00,Karnataka,Udupi,1.84,4.07,0.46
17-02-2025 09:00,Odisha,Balasore,7.45,4.81,0.62
26-04-2025 07:00,Uttar Pradesh,Gorakhpur,5.85,5.02,-0.4
08-04-2025 06:00,Maharashtra,Kolhapur,6.83,4.96,0.26
18-11-2025 02:00,Karnataka,Mysuru,6.81,5.22,0.89
09-02-2025 06:00,Bihar,Bhagalpur,3.67,6.97,-0.48
16-11-2025 06:00,Uttar Pradesh,Varanasi,7.3,5.51,0.74
14-04-2025 18:00,West Bengal,Darjeeling,2.49,5.08,0.66
08-02-2026 07:00,Karnataka,Udupi,2.36,6.29,0.5
20-09-2025 02:00,Karnataka,Mysuru,3.29,4.73,0.19
25-07-2025 15:00,Maharashtra,Nagpur,5.46,6.31,0.29
13-06-2025 23:00,Maharashtra,Nashik,6.58,6.78,0.5
17-10-2025 20:00,Odisha,Balasore,8.91,6.09,0.18
10-04-2025 08:00,Tamil Nadu,Coimbatore,6.48,5.25,0.31
05-01-2025 19:00,Assam,Guwahati,1.62,5.47,-0.06
19-03-2025 15:00,Tamil Nadu,Madurai,3.12,6.66,0.26
20-02-2026 16:00,Kerala,Kochi,7.0,6.24,0.49
10-05-2025 23:00,Assam,Jorhat,2.7,6.55,0.14
27-06-2025 10:00,Maharashtra,Mumbai,2.2,6.37,0.3
07-10-2025 09:00,Maharashtra,Mumbai,3.83,4.93,0.11
07-02-2025 14:00,Assam,Jorhat,3.02,5.86,0.03
28-04-2025 11:00,Tamil Nadu,Thanjavur,4.12,6.14,0.3
09-06-2025 06:00,West Bengal,Howrah,7.01,6.58,0.06
07-12-2025 01:00,Assam,Barpeta,8.14,5.82,0.32
15-10-2025 02:00,Tamil Nadu,Madurai,3.96,5.35,-0.12
14-01-2026 18:00,Bihar,Patna,3.35,4.35,0.68
15-07-2025 19:00,Karnataka,Kodagu,7.27,5.79,-0.17
07-01-2026 14:00,Maharashtra,Mumbai,6.74,6.71,-0.53
08-06-2025 10:00,Bihar,Gaya,4.19,5.75,-0.16
10-09-2025 20:00,Karnataka,Udupi,7.29,4.02,0.79
31-08-2025 02:00,Odisha,Cuttack,6.25,6.17,0.02
28-05-2025 08:00,Karnataka,Mysuru,8.06,5.38,0.35
09-06-2025 09:00,Kerala,Kochi,3.99,5.47,-0.06
27-12-2025 02:00,Gujarat,Vadodara,4.15,5.0,1.09
25-12-2025 16:00,West Bengal,Murshidabad,1.09,4.39,1.5750000000000002
20-07-2025 10:00,Karnataka,Mysuru,4.68,4.25,0.58
23-03-2025 02:00,West Bengal,Howrah,3.53,4.82,-0.42
25-12-2025 08:00,Bihar,Darbhanga,8.97,6.32,-0.23
25-10-2025 08:00,Bihar,Darbhanga,3.64,4.78,0.77
11-08-2025 07:00,Uttar Pradesh,Kanpur,4.46,4.29,0.56
26-05-2025 08:00,Uttar Pradesh,Prayagraj,6.81,6.72,0.45
09-03-2025 02:00,Bihar,Patna,6.8,6.98,0.45
07-11-2025 21:00,Bihar,Darbhanga,8.32,4.94,0.44
20-12-2025 01:00,Uttar Pradesh,Kanpur,7.49,4.7,0.93
14-07-2025 21:00,Maharashtra,Kolhapur,5.63,5.19,0.0
26-07-2025 15:00,Kerala,Thrissur,6.17,4.84,0.29
02-09-2025 11:00,Karnataka,Mangaluru,8.72,5.84,-0.05
01-01-2026 03:00,Uttar Pradesh,Varanasi,6.53,6.84,0.43
18-07-2025 09:00,Odisha,Balasore,6.83,5.86,0.64
02-04-2025 10:00,Odisha,Cuttack,5.0,4.04,0.39
30-11-2025 11:00,Bihar,Bhagalpur,1.85,5.35,1.27
26-08-2025 13:00,Assam,Guwahati,7.3,4.12,1.0
02-08-2025 01:00,Uttar Pradesh,Prayagraj,5.93,6.41,-0.22
24-01-2025 05:00,Odisha,Balasore,6.61,5.14,0.51
03-12-2025 01:00,West Bengal,Murshidabad,3.82,5.52,1.18
03-08-2025 03:00,Assam,Barpeta,1.13,4.52,1.02
20-02-2025 07:00,Assam,Jorhat,8.88,4.98,0.09
21-10-2025 01:00,Odisha,Kendrapara,2.13,4.06,1.32
01-11-2025 13:00,Kerala,Kottayam,8.66,6.62,0.81
04-03-2025 22:00,West Bengal,Murshidabad,3.62,4.98,-0.02
10-10-2025 01:00,Uttar Pradesh,Gorakhpur,7.03,4.28,0.81
09-06-2025 13:00,Assam,Barpeta,7.07,4.06,0.24
05-06-2025 12:00,Tamil Nadu,Madurai,4.08,4.08,0.62
28-11-2025 13:00,Tamil Nadu,Madurai,4.22,5.02,1.23
14-05-2025 19:00,Uttar Pradesh,Prayagraj,8.26,4.6,-0.2
01-06-2025 06:00,Odisha,Puri,8.8,4.21,0.3
13-03-2025 04:00,Karnataka,Udupi,3.61,5.91,0.3
18-03-2025 21:00,Tamil Nadu,Chennai,4.76,4.13,0.49
12-01-2025 02:00,Tamil Nadu,Thanjavur,5.46,6.57,0.73
07-09-2025 09:00,Gujarat,Vadodara,4.87,4.85,0.49
17-02-2025 12:00,Tamil Nadu,Tiruppur,1.99,4.88,1.05
12-05-2025 18:00,Maharashtra,Mumbai,7.51,5.61,0.32
16-09-2025 15:00,Tamil Nadu,Tiruppur,6.45,4.77,-0.46
27-03-2025 06:00,Kerala,Alappuzha,1.93,4.57,0.34
05-06-2025 10:00,Karnataka,Mysuru,7.22,5.71,1.15
21-03-2025 13:00,Maharashtra,Kolhapur,5.72,6.82,0.25
01-11-2025 11:00,Uttar Pradesh,Lucknow,5.98,4.36,-0.11
21-04-2025 20:00,Bihar,Muzaffarpur,3.11,5.64,0.28
28-01-2025 08:00,Odisha,Balasore,3.78,6.07,0.0
05-10-2025 12:00,Maharashtra,Nashik,5.98,5.12,0.65
24-02-2025 11:00,Odisha,Bhubaneswar,5.78,6.9,0.14
28-01-2026 21:00,Assam,Dibrugarh,4.26,4.04,0.7
11-02-2025 14:00,Kerala,Kottayam,6.6,4.94,0.01
06-11-2025 16:00,Uttar Pradesh,Kanpur,4.07,5.07,-0.13
29-04-2025 02:00,Bihar,Patna,4.68,5.64,0.2
18-01-2026 10:00,Gujarat,Surat,4.5,6.9,0.41
03-09-2025 00:00,West Bengal,Howrah,6.69,5.61,0.07
21-02-2025 13:00,Odisha,Kendrapara,3.44,5.22,0.62
31-03-2025 15:00,Uttar Pradesh,Varanasi,7.82,6.1,0.64
26-11-2025 23:00,Uttar Pradesh,Gorakhpur,8.23,4.27,0.43
08-02-2026 23:00,Karnataka,Kodagu,6.96,6.71,0.03
27-10-2025 13:00,Maharashtra,Mumbai,5.96,6.44,0.56
12-12-2025 23:00,Uttar Pradesh,Lucknow,2.29,6.18,-0.02
02-10-2025 02:00,Tamil Nadu,Chennai,1.37,6.03,0.14
01-08-2025 03:00,Karnataka,Mysuru,5.22,5.97,0.23
02-04-2025 02:00,Maharashtra,Nashik,1.46,5.13,0.94
17-02-2025 06:00,Assam,Jorhat,5.51,4.22,0.74
28-07-2025 12:00,Assam,Guwahati,3.23,4.18,0.54
29-11-2025 06:00,Bihar,Bhagalpur,3.09,5.42,0.41
24-02-2025 07:00,West Bengal,Kolkata,5.26,5.08,-0.08
19-12-2025 20:00,Bihar,Muzaffarpur,5.59,4.28,0.24
09-03-2025 19:00,Kerala,Kochi,4.2,4.33,-0.08
22-01-2026 17:00,Assam,Dibrugarh,8.41,5.72,0.12
05-03-2025 10:00,West Bengal,Murshidabad,8.43,5.95,0.65
13-02-2026 18:00,Kerala,Alappuzha,7.19,4.77,0.65
15-01-2025 22:00,West Bengal,Kolkata,1.36,5.77,-0.29
06-01-2025 18:00,West Bengal,Howrah,5.01,4.39,1.55
13-01-2025 11:00,Uttar Pradesh,Gorakhpur,5.02,6.36,0.72
06-03-2025 20:00,Uttar Pradesh,Prayagraj,2.33,4.74,0.0
01-08-2025 11:00,Maharashtra,Nashik,3.41,4.24,0.01
16-01-2025 22:00,Karnataka,Udupi,7.25,6.13,-0.18
13-12-2025 08:00,Gujarat,Surat,3.07,4.55,0.83
17-10-2025 12:00,Tamil Nadu,Tiruppur,2.58,5.54,0.75
22-07-2025 09:00,Assam,Dibrugarh,4.34,6.48,0.57
13-05-2025 12:00,West Bengal,Murshidabad,4.13,5.57,0.52
01-03-2025 23:00,Kerala,Thrissur,4.65,5.98,0.22
30-10-2025 21:00,Gujarat,Ahmedabad,7.43,6.47,-0.18
25-08-2025 09:00,Bihar,Bhagalpur,5.01,6.98,0.61
09-02-2025 10:00,Karnataka,Mangaluru,4.71,4.25,1.04
10-04-2025 14:00,Uttar Pradesh,Varanasi,6.98,6.22,-0.05
18-08-2025 02:00,Assam,Jorhat,4.36,6.25,0.84
22-10-2025 17:00,West Bengal,Kolkata,6.81,4.51,0.91
20-01-2026 14:00,Gujarat,Vadodara,4.93,6.74,0.22
24-04-2025 09:00,Assam,Guwahati,5.55,4.4,0.57
22-03-2025 12:00,Tamil Nadu,Madurai,1.9,5.05,0.44
06-11-2025 07:00,Uttar Pradesh,Gorakhpur,5.12,5.56,0.22
15-05-2025 20:00,Kerala,Kozhikode,4.17,5.3,-0.41
11-05-2025 20:00,West Bengal,Malda,2.17,6.22,0.59
23-06-2025 11:00,Karnataka,Kodagu,6.9,4.7,0.91
06-01-2026 08:00,Tamil Nadu,Madurai,3.53,5.55,-0.07
08-06-2025 15:00,Karnataka,Mangaluru,1.73,5.38,0.86
30-01-2026 23:00,Uttar Pradesh,Lucknow,5.89,4.56,0.86
18-10-2025 23:00,West Bengal,Malda,2.81,6.96,0.02
07-01-2026 00:00,Tamil Nadu,Tiruppur,2.12,5.78,1.04
10-02-2026 02:00,Gujarat,Vadodara,3.54,6.69,0.57
23-06-2025 02:00,Karnataka,Mangaluru,3.07,4.77,0.26
23-06-2025 20:00,West Bengal,Howrah,2.48,4.39,0.02
03-02-2025 04:00,Assam,Jorhat,5.96,4.39,0.17
11-04-2025 16:00,Gujarat,Ahmedabad,7.38,4.97,0.61
26-10-2025 18:00,Maharashtra,Nagpur,5.67,6.91,0.24
13-09-2025 19:00,Odisha,Puri,8.26,5.62,0.01
02-02-2025 17:00,Karnataka,Mangaluru,7.21,5.55,0.39
22-10-2025 11:00,West Bengal,Kolkata,6.9,4.91,0.85
12-05-2025 14:00,Karnataka,Bengaluru,1.14,6.24,0.83
06-01-2025 03:00,Odisha,Balasore,4.09,4.64,0.84
30-01-2026 01:00,Karnataka,Mangaluru,2.02,5.77,1.11
21-01-2026 06:00,Bihar,Muzaffarpur,1.14,6.29,-0.31
01-04-2025 12:00,Karnataka,Mangaluru,1.52,4.37,0.38
01-04-2025 09:00,Odisha,Balasore,8.08,5.64,0.41
14-10-2025 16:00,Bihar,Gaya,2.19,6.71,-0.32
17-06-2025 01:00,Odisha,Kendrapara,6.44,6.3,0.58
23-01-2026 08:00,Karnataka,Bengaluru,2.6,4.39,1.04
30-06-2025 20:00,West Bengal,Murshidabad,6.2,6.95,0.62
07-02-2025 22:00,Tamil Nadu,Coimbatore,4.4,5.19,-0.22
19-09-2025 04:00,Gujarat,Surat,4.67,6.85,0.53
20-11-2025 19:00,Karnataka,Mysuru,8.35,4.97,0.36
07-04-2025 05:00,Uttar Pradesh,Kanpur,1.43,6.69,0.33
07-02-2026 10:00,Tamil Nadu,Tiruppur,5.74,6.37,-0.01
01-06-2025 10:00,Assam,Guwahati,2.78,6.71,0.69
22-02-2025 09:00,Uttar Pradesh,Prayagraj,4.03,4.57,0.21
02-10-2025 15:00,West Bengal,Kolkata,7.11,6.01,0.35
05-07-2025 18:00,Bihar,Gaya,1.29,5.1,0.17
13-09-2025 13:00,Kerala,Kochi,1.06,6.99,-0.29
19-02-2025 02:00,Kerala,Kochi,6.51,4.6,-0.2
13-07-2025 20:00,Maharashtra,Pune,3.68,5.7,-0.18
17-09-2025 02:00,Tamil Nadu,Madurai,5.53,5.8,0.2
02-06-2025 02:00,Tamil Nadu,Thanjavur,5.25,4.1,0.48
19-01-2025 10:00,Tamil Nadu,Madurai,3.26,5.06,0.03
23-05-2025 07:00,Maharashtra,Nagpur,4.18,5.7,-0.09
28-02-2025 07:00,Karnataka,Bengaluru,4.17,6.18,0.57
02-03-2025 17:00,Kerala,Kochi,5.96,4.88,0.26
10-11-2025 12:00,Odisha,Kendrapara,6.76,4.89,-0.34
28-08-2025 08:00,Maharashtra,Nashik,3.02,6.23,0.08
13-02-2025 22:00,Uttar Pradesh,Gorakhpur,3.05,5.68,-0.22
10-01-2026 22:00,Gujarat,Surat,1.48,5.85,0.52
17-05-2025 11:00,Bihar,Bhagalpur,5.98,6.84,-0.85
02-03-2025 23:00,Bihar,Gaya,7.78,5.59,0.21
04-06-2025 03:00,Karnataka,Mangaluru,1.49,4.3,0.25
06-06-2025 15:00,Karnataka,Mangaluru,2.01,6.31,0.0
08-02-2025 17:00,Odisha,Kendrapara,4.51,5.83,0.0
18-08-2025 15:00,Kerala,Alappuzha,7.46,4.01,-0.01
27-09-2025 12:00,Odisha,Bhubaneswar,3.2,4.82,0.77
17-12-2025 12:00,Tamil Nadu,Madurai,1.99,5.38,0.51
18-03-2025 05:00,Bihar,Patna,8.92,5.54,-0.06
03-05-2025 00:00,Karnataka,Udupi,4.77,6.08,0.04
12-12-2025 15:00,Tamil Nadu,Thanjavur,4.16,5.16,1.17
30-09-2025 10:00,Assam,Barpeta,5.29,5.07,-0.03
25-06-2025 21:00,Maharashtra,Kolhapur,5.28,6.34,0.83
28-05-2025 18:00,Maharashtra,Mumbai,2.09,6.26,0.73
22-08-2025 06:00,Assam,Dhemaji,2.74,6.36,0.07
08-01-2026 09:00,Odisha,Balasore,3.75,5.07,-0.37
01-11-2025 22:00,Odisha,Balasore,1.35,5.34,0.54
14-12-2025 22:00,Uttar Pradesh,Varanasi,2.4,4.22,0.12
25-03-2025 19:00,Gujarat,Bharuch,6.23,6.49,0.28
08-02-2025 01:00,Bihar,Bhagalpur,4.72,5.02,0.05
10-12-2025 16:00,West Bengal,Darjeeling,2.66,4.32,0.42
30-10-2025 17:00,Gujarat,Ahmedabad,3.36,6.43,-0.02
15-05-2025 03:00,Kerala,Kozhikode,6.43,4.72,0.5
19-04-2025 14:00,Kerala,Alappuzha,1.19,4.55,0.08
17-05-2025 00:00,Gujarat,Surat,1.66,5.89,-0.38
25-07-2025 08:00,Tamil Nadu,Madurai,6.77,4.59,0.04
27-12-2025 21:00,Gujarat,Ahmedabad,7.83,4.03,0.08
01-10-2025 12:00,Bihar,Muzaffarpur,3.89,5.67,1.07
05-12-2025 17:00,West Bengal,Malda,6.83,6.82,0.43
01-01-2025 06:00,Karnataka,Mangaluru,7.43,4.0,0.22
05-05-2025 04:00,Karnataka,Bengaluru,2.17,5.5,0.97
02-10-2025 07:00,Odisha,Cuttack,8.24,5.83,0.23
21-05-2025 01:00,West Bengal,Kolkata,8.69,5.39,0.84
18-07-2025 22:00,West Bengal,Malda,6.58,5.39,-0.05
22-03-2025 23:00,Bihar,Patna,3.86,4.02,-0.06
07-11-2025 12:00,Karnataka,Udupi,4.47,4.42,0.86
18-08-2025 03:00,Uttar Pradesh,Prayagraj,8.34,5.95,0.65
10-03-2025 03:00,Uttar Pradesh,Gorakhpur,5.73,4.98,0.01
17-02-2025 13:00,Odisha,Balasore,7.74,4.21,0.73
27-03-2025 01:00,Odisha,Cuttack,7.4,6.95,0.66
07-10-2025 07:00,Gujarat,Vadodara,1.5,4.01,0.11
22-11-2025 18:00,Tamil Nadu,Madurai,5.11,4.98,1.07
28-03-2025 06:00,Bihar,Muzaffarpur,4.42,5.41,0.24
11-05-2025 14:00,Assam,Dibrugarh,6.11,5.99,0.11
04-08-2025 00:00,Maharashtra,Pune,5.01,4.77,0.7
14-12-2025 03:00,Gujarat,Vadodara,4.32,4.38,0.69
08-08-2025 19:00,Bihar,Bhagalpur,2.41,4.93,0.7
04-04-2025 10:00,Uttar Pradesh,Prayagraj,3.96,6.54,1.38
03-03-2025 10:00,Uttar Pradesh,Gorakhpur,5.36,6.73,0.3
24-12-2025 22:00,Kerala,Kochi,3.27,4.5,-0.74
20-03-2025 17:00,Bihar,Patna,3.7,6.79,0.39
24-05-2025 03:00,Uttar Pradesh,Gorakhpur,1.56,4.1,0.21
13-11-2025 09:00,Uttar Pradesh,Varanasi,2.19,5.62,0.95
19-11-2025 17:00,Gujarat,Vadodara,3.36,5.74,-0.05
04-06-2025 09:00,West Bengal,Malda,5.62,5.66,-0.01
26-03-2025 05:00,Tamil Nadu,Madurai,5.05,4.04,-0.67
17-06-2025 12:00,West Bengal,Howrah,4.08,6.39,-0.11
03-01-2026 22:00,Tamil Nadu,Chennai,7.06,4.07,-0.29
18-12-2025 19:00,Karnataka,Udupi,5.0,4.82,0.07
26-05-2025 20:00,Kerala,Thrissur,8.9,5.61,0.05
21-04-2025 18:00,Gujarat,Ahmedabad,2.22,6.39,0.0
19-12-2025 08:00,Odisha,Puri,2.22,4.71,0.47
15-10-2025 00:00,Bihar,Muzaffarpur,1.64,4.33,0.21
17-02-2025 02:00,Maharashtra,Nagpur,1.93,5.98,0.49
20-08-2025 13:00,Karnataka,Kodagu,8.3,5.31,0.06
03-11-2025 14:00,Odisha,Cuttack,5.6,5.48,1.36
17-03-2025 19:00,Tamil Nadu,Thanjavur,2.67,4.84,0.37
11-11-2025 02:00,Maharashtra,Kolhapur,5.26,6.49,0.48
27-01-2026 02:00,Kerala,Kozhikode,2.69,4.44,0.19
29-06-2025 22:00,Uttar Pradesh,Kanpur,4.76,4.18,0.01
05-02-2026 04:00,Odisha,Puri,7.83,6.5,0.96
22-06-2025 16:00,Gujarat,Ahmedabad,5.6,4.13,0.47
14-07-2025 13:00,Tamil Nadu,Coimbatore,4.35,4.6,1.07
21-02-2025 12:00,Kerala,Alappuzha,1.84,5.54,1.46
17-08-2025 04:00,West Bengal,Kolkata,6.56,5.69,0.95
14-02-2026 20:00,Assam,Dhemaji,4.08,4.15,-0.36
19-03-2025 08:00,Karnataka,Bengaluru,1.14,4.84,0.36
06-04-2025 02:00,Bihar,Patna,7.92,6.16,0.14
29-12-2025 05:00,West Bengal,Kolkata,3.37,6.77,0.92
24-01-2026 08:00,Tamil Nadu,Chennai,4.54,4.09,0.3
20-06-2025 13:00,Gujarat,Vadodara,6.6,4.72,0.25
22-10-2025 05:00,Gujarat,Surat,8.72,4.32,0.26
05-08-2025 16:00,Assam,Dibrugarh,8.53,4.28,0.9
24-09-2025 17:00,Maharashtra,Nagpur,1.14,5.41,-0.28
18-02-2026 17:00,Karnataka,Kodagu,5.16,6.36,0.95
23-05-2025 13:00,Assam,Guwahati,6.14,5.69,0.21
22-01-2026 05:00,Assam,Dhemaji,5.16,6.4,0.55
17-01-2025 02:00,Assam,Barpeta,2.18,4.4,0.34
23-12-2025 04:00,Uttar Pradesh,Lucknow,5.8,6.17,0.6
09-03-2025 20:00,Kerala,Kottayam,3.6,5.44,0.13
30-05-2025 09:00,Maharashtra,Mumbai,6.37,6.6,-0.12
05-11-2025 20:00,West Bengal,Malda,3.79,4.17,0.65
24-04-2025 02:00,West Bengal,Murshidabad,7.14,6.87,0.11
26-10-2025 19:00,Kerala,Kochi,4.96,4.74,-0.58
18-12-2025 11:00,Uttar Pradesh,Kanpur,6.12,6.29,-0.13
24-01-2026 09:00,Karnataka,Bengaluru,6.5,4.92,0.3
24-08-2025 19:00,Assam,Jorhat,6.98,4.94,0.03
13-05-2025 21:00,Karnataka,Bengaluru,5.0,4.52,1.29
20-02-2026 08:00,Uttar Pradesh,Lucknow,6.65,6.63,0.25
29-06-2025 09:00,West Bengal,Malda,6.29,4.06,0.67
07-02-2025 21:00,Karnataka,Kodagu,5.63,6.61,0.93
13-08-2025 09:00,West Bengal,Murshidabad,7.65,4.7,0.71
25-03-2025 04:00,Odisha,Balasore,4.55,6.0,0.1
19-03-2025 18:00,Odisha,Balasore,8.25,5.51,0.29
18-03-2025 18:00,Kerala,Alappuzha,5.4,5.76,0.47
15-04-2025 01:00,Gujarat,Surat,3.43,6.72,0.41
09-01-2025 09:00,Tamil Nadu,Chennai,6.9,6.81,-0.865
26-11-2025 09:00,Bihar,Gaya,2.19,5.06,0.96
18-11-2025 20:00,Gujarat,Rajkot,6.0,6.38,0.47
30-07-2025 14:00,Karnataka,Bengaluru,4.11,6.39,1.03
03-09-2025 09:00,Assam,Guwahati,3.77,4.99,0.3
16-06-2025 22:00,Uttar Pradesh,Kanpur,1.59,5.25,-0.34
17-02-2026 13:00,Assam,Barpeta,3.13,6.83,0.24
23-04-2025 14:00,Uttar Pradesh,Kanpur,7.03,6.01,0.3
24-05-2025 17:00,Maharashtra,Pune,2.38,4.85,0.54
14-01-2025 19:00,Odisha,Kendrapara,1.97,6.07,0.84
25-10-2025 11:00,Tamil Nadu,Chennai,3.96,4.85,0.2
09-01-2026 08:00,Uttar Pradesh,Prayagraj,1.92,5.33,0.28
14-02-2026 03:00,Tamil Nadu,Thanjavur,8.73,6.61,1.04
27-10-2025 00:00,Karnataka,Bengaluru,4.4,6.16,0.43
13-04-2025 11:00,West Bengal,Darjeeling,3.62,6.81,-0.15
15-03-2025 22:00,Kerala,Alappuzha,4.48,6.63,0.74
04-10-2025 04:00,Tamil Nadu,Chennai,3.95,5.28,0.54
13-11-2025 12:00,Kerala,Kottayam,4.1,6.78,0.97
29-11-2025 18:00,Bihar,Bhagalpur,4.74,6.7,0.7
22-04-2025 22:00,Maharashtra,Nagpur,4.8,6.06,0.68
17-01-2026 03:00,Bihar,Muzaffarpur,7.3,5.71,1.38
11-02-2025 05:00,Gujarat,Vadodara,2.38,5.23,0.03
12-01-2026 22:00,Uttar Pradesh,Gorakhpur,1.84,5.11,0.42
14-12-2025 20:00,Uttar Pradesh,Lucknow,1.86,6.76,0.15
05-01-2026 19:00,Kerala,Kochi,6.49,5.91,0.5
23-12-2025 06:00,Tamil Nadu,Madurai,7.13,6.87,1.38
30-08-2025 22:00,Odisha,Bhubaneswar,5.3,4.86,-0.04
30-12-2025 21:00,Maharashtra,Nashik,2.37,5.55,0.16
29-12-2025 09:00,Karnataka,Kodagu,8.0,5.74,0.89
01-10-2025 22:00,Maharashtra,Kolhapur,8.49,4.83,0.72
08-05-2025 04:00,Kerala,Kottayam,8.07,6.31,0.41
26-12-2025 21:00,Bihar,Darbhanga,3.28,4.19,0.61
16-08-2025 14:00,Gujarat,Rajkot,3.34,4.45,0.56
08-01-2025 05:00,Tamil Nadu,Madurai,7.93,5.58,0.13
26-07-2025 10:00,Assam,Jorhat,1.21,5.07,0.15
12-07-2025 07:00,Gujarat,Rajkot,3.62,6.74,0.92
19-05-2025 09:00,Odisha,Puri,1.69,6.45,0.73
22-10-2025 09:00,West Bengal,Howrah,5.87,6.51,0.59
18-09-2025 06:00,West Bengal,Kolkata,6.51,4.79,-0.69
09-10-2025 01:00,Bihar,Patna,5.3,4.59,-0.25
21-05-2025 12:00,Odisha,Balasore,1.02,4.29,0.13
10-09-2025 00:00,Tamil Nadu,Coimbatore,7.88,6.77,0.13
18-05-2025 23:00,Kerala,Kochi,4.4,4.62,0.02
06-11-2025 00:00,Karnataka,Udupi,1.25,5.12,0.45
31-10-2025 21:00,Uttar Pradesh,Varanasi,2.42,6.37,0.29
13-11-2025 00:00,Bihar,Muzaffarpur,2.17,4.29,0.43
26-01-2026 17:00,Tamil Nadu,Chennai,4.59,4.79,0.21
03-01-2026 03:00,Odisha,Puri,1.9,4.5,0.16
07-12-2025 00:00,Assam,Dibrugarh,4.76,4.46,0.83
14-07-2025 23:00,Uttar Pradesh,Lucknow,2.69,6.5,0.29
22-05-2025 19:00,Karnataka,Kodagu,2.53,5.24,0.57
01-01-2025 18:00,West Bengal,Malda,5.0,6.36,0.49
03-06-2025 19:00,Maharashtra,Nagpur,8.25,6.35,0.68
27-12-2025 14:00,Kerala,Kozhikode,7.74,6.33,0.4
20-06-2025 16:00,Maharashtra,Pune,3.22,5.03,0.37
01-06-2025 04:00,Odisha,Kendrapara,5.56,5.65,0.66
05-01-2026 06:00,West Bengal,Howrah,6.89,4.11,0.53
01-04-2025 14:00,Uttar Pradesh,Kanpur,2.04,6.11,0.1
26-02-2025 12:00,Odisha,Cuttack,5.58,5.28,0.03
28-07-2025 10:00,Gujarat,Surat,7.69,6.65,-0.13
04-11-2025 23:00,Tamil Nadu,Tiruppur,7.56,4.86,1.36
16-10-2025 10:00,West Bengal,Howrah,1.99,5.99,-0.11
31-08-2025 15:00,Maharashtra,Nagpur,6.26,6.11,0.73
31-01-2026 22:00,Tamil Nadu,Chennai,6.32,6.43,0.73
25-08-2025 06:00,Maharashtra,Kolhapur,4.82,6.78,-0.02
10-05-2025 16:00,West Bengal,Howrah,2.6,5.67,1.1
08-01-2025 14:00,Tamil Nadu,Coimbatore,2.7,5.84,0.26
01-06-2025 18:00,Uttar Pradesh,Kanpur,3.8,5.54,-0.61
05-01-2026 01:00,Uttar Pradesh,Varanasi,2.24,6.7,0.66
17-03-2025 12:00,Tamil Nadu,Coimbatore,2.38,6.61,0.26
25-11-2025 03:00,Karnataka,Mysuru,6.07,5.36,-0.03
21-12-2025 01:00,Uttar Pradesh,Gorakhpur,3.91,6.16,-0.2
24-07-2025 16:00,Assam,Guwahati,4.11,6.08,0.61
25-08-2025 04:00,Kerala,Thrissur,6.1,6.82,-0.71
22-12-2025 22:00,Assam,Guwahati,1.47,6.32,0.41
17-03-2025 00:00,Kerala,Kochi,7.28,4.11,0.1
21-01-2026 11:00,Bihar,Gaya,3.5,5.73,0.62
12-04-2025 05:00,Bihar,Muzaffarpur,2.15,7.0,0.88
17-08-2025 10:00,Assam,Guwahati,5.81,6.08,0.93
09-10-2025 17:00,Kerala,Alappuzha,5.29,4.26,0.41
14-02-2026 23:00,Assam,Barpeta,2.98,4.46,0.05
06-02-2026 11:00,Bihar,Gaya,2.73,6.29,0.48
24-03-2025 00:00,Odisha,Balasore,4.46,6.65,0.52
14-12-2025 11:00,Odisha,Kendrapara,1.18,6.73,-0.44
06-12-2025 05:00,Karnataka,Udupi,1.15,4.94,1.54
17-11-2025 16:00,Gujarat,Rajkot,4.93,4.96,-0.09
11-11-2025 05:00,Kerala,Kochi,1.26,6.62,-0.42
27-07-2025 19:00,Bihar,Patna,5.12,6.24,1.01
11-02-2026 12:00,Uttar Pradesh,Lucknow,3.72,5.23,0.86
13-07-2025 18:00,Karnataka,Kodagu,5.95,5.86,0.37
18-02-2025 07:00,West Bengal,Howrah,5.54,5.47,0.38
20-02-2025 13:00,Assam,Barpeta,5.22,5.25,0.69
02-11-2025 16:00,Kerala,Thrissur,3.77,6.71,0.87
25-02-2025 05:00,Assam,Jorhat,3.97,5.83,0.72
10-11-2025 00:00,Assam,Guwahati,4.93,4.23,-0.35
12-11-2025 20:00,Odisha,Puri,7.17,5.68,-0.11
19-07-2025 20:00,Assam,Dibrugarh,4.77,4.8,0.78
11-10-2025 04:00,West Bengal,Darjeeling,6.37,6.51,-0.16
31-08-2025 00:00,West Bengal,Howrah,8.95,6.41,0.02
05-09-2025 15:00,Karnataka,Kodagu,2.13,6.99,0.91
22-01-2026 19:00,Maharashtra,Nashik,7.72,6.55,0.05
06-12-2025 08:00,Assam,Dhemaji,4.9,6.16,0.07
02-03-2025 15:00,Bihar,Gaya,5.6,4.46,0.53
14-08-2025 10:00,West Bengal,Kolkata,5.45,5.34,0.33
25-10-2025 01:00,Bihar,Darbhanga,2.28,4.23,0.24
06-01-2026 12:00,Odisha,Puri,3.06,6.21,-0.01
26-07-2025 18:00,Kerala,Kochi,8.89,5.61,0.41
27-04-2025 16:00,Karnataka,Udupi,7.99,5.03,0.31
10-03-2025 12:00,Maharashtra,Nagpur,3.92,5.09,-0.16
31-03-2025 04:00,Karnataka,Bengaluru,5.41,4.74,0.0
09-07-2025 00:00,Karnataka,Udupi,2.04,5.14,0.87
05-07-2025 17:00,Bihar,Darbhanga,3.77,4.84,0.63
08-01-2026 23:00,Kerala,Thrissur,7.62,5.48,0.12
21-08-2025 18:00,Odisha,Bhubaneswar,3.05,4.17,1.16
02-07-2025 10:00,Gujarat,Surat,3.47,4.97,0.42
31-01-2025 09:00,West Bengal,Darjeeling,2.63,5.07,0.37
01-07-2025 13:00,Karnataka,Mangaluru,7.54,4.12,0.29
19-11-2025 20:00,Assam,Barpeta,3.9,5.85,0.57
07-10-2025 20:00,West Bengal,Darjeeling,7.79,4.45,0.17
22-03-2025 16:00,Maharashtra,Kolhapur,8.2,4.74,0.26
08-06-2025 01:00,Odisha,Kendrapara,3.52,4.62,1.01
05-06-2025 16:00,Bihar,Bhagalpur,4.44,5.43,0.01
05-04-2025 05:00,Tamil Nadu,Madurai,1.09,6.56,-0.34
16-06-2025 21:00,Gujarat,Surat,7.81,6.89,1.04
16-02-2025 06:00,Odisha,Cuttack,5.44,6.57,0.77
12-01-2026 04:00,Tamil Nadu,Tiruppur,1.35,4.51,0.79
17-08-2025 08:00,Bihar,Darbhanga,6.32,6.76,0.59
05-05-2025 22:00,Uttar Pradesh,Prayagraj,1.21,6.55,0.52
10-04-2025 18:00,Kerala,Kochi,5.76,6.55,0.32
19-02-2025 09:00,Gujarat,Vadodara,6.29,4.59,0.65
25-03-2025 15:00,Karnataka,Bengaluru,5.04,5.31,1.04
09-01-2025 01:00,Tamil Nadu,Coimbatore,3.47,5.2,0.04
22-08-2025 19:00,Kerala,Kozhikode,4.88,4.21,-0.47
01-05-2025 21:00,Bihar,Darbhanga,4.04,6.56,0.27
25-01-2025 02:00,Uttar Pradesh,Prayagraj,2.06,4.71,0.38
17-09-2025 03:00,Bihar,Muzaffarpur,5.2,6.48,0.59
19-08-2025 05:00,Gujarat,Surat,7.83,6.97,0.04
02-02-2025 03:00,Maharashtra,Pune,6.22,4.12,0.37
23-11-2025 15:00,West Bengal,Kolkata,8.43,5.19,0.82
10-04-2025 19:00,Uttar Pradesh,Lucknow,8.36,4.34,0.52
03-03-2025 14:00,Gujarat,Ahmedabad,3.85,4.06,-0.35
18-03-2025 22:00,Uttar Pradesh,Kanpur,2.54,6.21,0.2
15-01-2026 12:00,Maharashtra,Kolhapur,8.62,6.68,0.4
28-06-2025 02:00,Karnataka,Mangaluru,4.6,6.96,0.69
05-06-2025 20:00,Odisha,Cuttack,6.7,5.06,0.37
11-07-2025 16:00,Karnataka,Udupi,8.72,5.61,-0.33
03-12-2025 23:00,Assam,Guwahati,4.26,6.56,-0.22
29-12-2025 22:00,Maharashtra,Pune,8.7,4.83,0.53
06-10-2025 04:00,Karnataka,Mysuru,1.82,5.75,0.83
23-09-2025 15:00,Odisha,Kendrapara,8.53,6.93,0.68
05-12-2025 12:00,Kerala,Kozhikode,8.92,5.42,1.5750000000000002
02-02-2026 10:00,Tamil Nadu,Tiruppur,2.53,4.22,0.66
24-07-2025 19:00,West Bengal,Murshidabad,3.45,6.37,0.14
28-03-2025 09:00,Assam,Dhemaji,7.19,4.2,0.09
18-07-2025 02:00,Maharashtra,Mumbai,7.84,5.77,0.09
21-03-2025 00:00,Kerala,Kozhikode,8.55,5.32,-0.14
23-12-2025 08:00,Odisha,Puri,3.32,5.72,0.17
07-10-2025 06:00,West Bengal,Howrah,6.48,5.9,1.04
21-09-2025 05:00,Maharashtra,Mumbai,2.21,6.2,0.24
02-06-2025 11:00,Maharashtra,Kolhapur,3.55,5.02,-0.26
02-10-2025 05:00,Uttar Pradesh,Prayagraj,6.12,5.52,0.9
10-04-2025 03:00,Gujarat,Bharuch,4.65,6.04,0.04
02-03-2025 07:00,Assam,Dibrugarh,1.08,6.72,-0.12
15-01-2025 06:00,Maharashtra,Mumbai,7.47,6.37,0.15
02-08-2025 15:00,Kerala,Alappuzha,2.12,5.92,1.19
11-05-2025 16:00,Bihar,Muzaffarpur,8.35,5.37,0.73
16-04-2025 07:00,Bihar,Bhagalpur,3.47,6.0,0.39
31-01-2025 07:00,Assam,Barpeta,7.85,4.13,-0.23
10-07-2025 17:00,Tamil Nadu,Tiruppur,2.78,4.3,0.45
10-02-2025 16:00,Maharashtra,Nagpur,6.86,4.51,1.12
16-12-2025 15:00,West Bengal,Kolkata,8.34,6.77,0.47
15-08-2025 19:00,Odisha,Bhubaneswar,7.57,6.02,0.08
12-01-2026 10:00,Assam,Guwahati,1.01,5.34,0.63
27-05-2025 12:00,Kerala,Alappuzha,4.76,4.71,0.54
29-11-2025 07:00,West Bengal,Murshidabad,7.81,6.23,-0.68
12-02-2026 19:00,Karnataka,Udupi,6.46,6.92,0.81
14-06-2025 04:00,Gujarat,Surat,1.23,5.66,0.31
24-02-2025 03:00,Tamil Nadu,Thanjavur,1.89,6.31,0.11
11-02-2026 20:00,Odisha,Cuttack,1.28,6.09,0.35
26-02-2025 04:00,Maharashtra,Pune,2.17,5.76,1.49
28-01-2025 12:00,Assam,Dibrugarh,3.05,6.61,-0.19
03-09-2025 06:00,Maharashtra,Kolhapur,7.09,5.55,1.47
04-03-2025 04:00,Karnataka,Bengaluru,6.79,6.76,0.81
19-02-2026 10:00,Maharashtra,Mumbai,4.2,6.03,0.49
11-07-2025 05:00,Maharashtra,Nashik,6.89,6.58,-0.29
22-12-2025 10:00,Karnataka,Mysuru,7.03,6.58,0.71
03-08-2025 18:00,Maharashtra,Nashik,5.74,6.49,-0.12
07-04-2025 11:00,Assam,Jorhat,7.43,6.13,0.6
05-02-2026 14:00,West Bengal,Kolkata,7.13,5.72,0.43
04-02-2026 01:00,Kerala,Alappuzha,5.37,5.7,0.13
20-10-2025 16:00,West Bengal,Darjeeling,1.76,5.46,0.4
15-02-2025 05:00,Karnataka,Bengaluru,7.48,6.69,0.09
16-04-2025 04:00,Uttar Pradesh,Prayagraj,2.28,6.56,0.55
09-01-2026 16:00,Maharashtra,Nashik,3.87,5.36,0.44
12-08-2025 22:00,Maharashtra,Mumbai,2.59,5.53,0.03
14-05-2025 06:00,Bihar,Patna,5.01,6.03,0.14
28-08-2025 15:00,West Bengal,Murshidabad,7.64,6.26,0.72
17-06-2025 00:00,West Bengal,Murshidabad,2.39,4.31,0.29
27-08-2025 05:00,Karnataka,Mangaluru,1.37,6.59,0.19
05-10-2025 09:00,Bihar,Gaya,4.94,5.53,0.54
25-01-2026 21:00,Tamil Nadu,Coimbatore,7.4,4.65,0.54
02-01-2026 06:00,Karnataka,Kodagu,1.44,5.19,0.24
03-01-2025 19:00,Bihar,Gaya,6.23,5.95,-0.4
27-11-2025 03:00,Kerala,Kochi,8.32,6.23,0.34
02-01-2025 16:00,Uttar Pradesh,Lucknow,5.76,5.43,0.49
05-04-2025 13:00,Bihar,Patna,1.53,4.74,0.46
10-04-2025 05:00,Tamil Nadu,Tiruppur,6.28,5.63,0.49
02-11-2025 21:00,Bihar,Gaya,7.08,4.61,-0.25
20-02-2026 01:00,Karnataka,Mysuru,7.67,6.37,1.15
24-07-2025 20:00,Karnataka,Kodagu,3.09,5.64,-0.1
10-08-2025 18:00,Gujarat,Rajkot,6.26,6.09,0.61
29-08-2025 13:00,Kerala,Thrissur,8.84,4.7,0.55
17-09-2025 16:00,Maharashtra,Nagpur,2.75,4.56,0.51
18-10-2025 03:00,Odisha,Cuttack,6.22,6.13,0.34
24-05-2025 15:00,Bihar,Patna,6.34,6.29,0.67
12-10-2025 00:00,Kerala,Alappuzha,7.5,4.25,0.57
09-04-2025 15:00,Assam,Dibrugarh,5.41,4.97,0.25
29-11-2025 13:00,Odisha,Bhubaneswar,1.07,6.84,1.01
07-12-2025 06:00,Odisha,Bhubaneswar,8.7,6.32,0.09
15-04-2025 16:00,Kerala,Kochi,7.38,5.95,0.01
05-02-2026 19:00,Assam,Barpeta,1.06,6.77,0.17
24-04-2025 11:00,Kerala,Kottayam,7.51,4.92,0.05
05-09-2025 20:00,Odisha,Bhubaneswar,3.31,4.86,0.37
18-01-2026 17:00,Kerala,Kottayam,8.73,5.21,0.44
11-01-2026 04:00,Karnataka,Udupi,1.09,5.98,0.94
17-02-2025 15:00,Karnataka,Udupi,3.4,6.26,-0.01
10-02-2026 16:00,Maharashtra,Pune,2.66,6.82,0.09
28-10-2025 22:00,Gujarat,Rajkot,6.68,6.58,1.41
12-12-2025 12:00,Karnataka,Bengaluru,7.23,6.23,1.07
20-01-2026 04:00,Tamil Nadu,Tiruppur,6.92,4.07,0.43
17-07-2025 00:00,Maharashtra,Nagpur,4.05,5.53,0.35
17-08-2025 22:00,Maharashtra,Nashik,6.53,5.91,0.43
28-08-2025 19:00,Tamil Nadu,Chennai,7.22,6.22,0.11
12-11-2025 02:00,Odisha,Puri,6.59,4.34,0.83
07-06-2025 21:00,Gujarat,Bharuch,2.27,6.86,-0.02
03-04-2025 12:00,Maharashtra,Pune,6.45,5.9,0.02
31-07-2025 11:00,Kerala,Kottayam,3.57,5.24,0.47
08-04-2025 03:00,Uttar Pradesh,Prayagraj,3.88,5.3,0.07
13-08-2025 18:00,Gujarat,Bharuch,2.36,4.14,0.3
06-11-2025 23:00,Karnataka,Udupi,8.31,4.6,0.59
03-12-2025 03:00,Maharashtra,Pune,6.87,4.84,1.05
23-10-2025 10:00,Uttar Pradesh,Gorakhpur,2.86,6.37,0.43
25-01-2026 00:00,Kerala,Kozhikode,2.33,4.89,0.33
20-06-2025 08:00,West Bengal,Howrah,6.31,4.31,0.29
23-03-2025 23:00,Maharashtra,Pune,3.26,4.07,-0.27
26-01-2026 03:00,Tamil Nadu,Chennai,7.02,5.39,0.5
13-02-2026 04:00,Tamil Nadu,Coimbatore,3.72,4.06,0.59
09-10-2025 13:00,Kerala,Thrissur,6.94,4.75,-0.41
04-02-2026 10:00,Bihar,Patna,4.33,5.44,-0.39
01-07-2025 21:00,Kerala,Alappuzha,4.01,6.96,-0.11
19-10-2025 15:00,Maharashtra,Nashik,5.36,6.54,0.9
18-01-2025 15:00,Odisha,Balasore,1.95,5.55,-0.41
12-01-2025 16:00,West Bengal,Murshidabad,1.16,4.08,-0.08
21-03-2025 08:00,Odisha,Puri,1.55,5.91,-0.27
25-01-2025 19:00,Uttar Pradesh,Gorakhpur,1.01,5.98,-0.55
24-12-2025 11:00,Tamil Nadu,Madurai,8.76,5.9,0.14
13-06-2025 05:00,Odisha,Kendrapara,1.86,4.58,0.1
13-09-2025 22:00,Tamil Nadu,Thanjavur,8.19,5.31,0.07
24-08-2025 21:00,West Bengal,Darjeeling,5.82,6.49,0.98
29-08-2025 18:00,Tamil Nadu,Thanjavur,3.94,4.93,0.35
31-05-2025 18:00,Uttar Pradesh,Prayagraj,4.15,6.03,0.57
13-10-2025 05:00,Bihar,Muzaffarpur,8.4,4.98,-0.01
04-02-2025 23:00,Bihar,Patna,7.14,5.8,0.19
11-07-2025 12:00,Maharashtra,Pune,1.6,6.42,0.55
09-11-2025 08:00,Tamil Nadu,Chennai,7.79,5.87,0.68
06-01-2025 21:00,Odisha,Bhubaneswar,5.49,5.97,1.5750000000000002
19-04-2025 05:00,Tamil Nadu,Madurai,7.06,4.65,-0.04
07-10-2025 05:00,Odisha,Cuttack,3.62,6.46,-0.21
20-11-2025 04:00,Uttar Pradesh,Varanasi,2.35,6.28,0.07
27-02-2025 09:00,Assam,Barpeta,3.8,6.5,0.62
03-06-2025 02:00,West Bengal,Howrah,5.05,4.53,0.24
01-01-2026 10:00,Uttar Pradesh,Gorakhpur,3.6,6.46,0.19
17-02-2026 07:00,Tamil Nadu,Tiruppur,6.82,5.26,0.74
23-09-2025 02:00,Tamil Nadu,Coimbatore,4.09,6.58,-0.53
17-07-2025 13:00,Odisha,Balasore,1.3,6.57,0.37
08-06-2025 16:00,Karnataka,Kodagu,2.65,5.91,-0.03
17-02-2025 10:00,Gujarat,Vadodara,3.24,5.7,1.16
05-04-2025 01:00,Bihar,Darbhanga,4.58,4.31,-0.12
24-11-2025 17:00,Odisha,Balasore,5.51,6.69,0.21
16-03-2025 11:00,Tamil Nadu,Tiruppur,4.56,5.86,0.03
14-06-2025 02:00,Maharashtra,Kolhapur,1.77,5.52,0.7
24-01-2026 04:00,Gujarat,Rajkot,3.95,6.26,0.36
13-07-2025 14:00,Kerala,Alappuzha,2.59,6.25,-0.04
20-01-2025 03:00,Karnataka,Mangaluru,8.94,5.46,1.06
12-09-2025 19:00,West Bengal,Darjeeling,5.69,5.0,0.22
02-02-2026 14:00,Karnataka,Bengaluru,2.6,6.39,0.13
09-02-2025 12:00,West Bengal,Darjeeling,7.58,4.13,0.73
04-06-2025 04:00,Uttar Pradesh,Lucknow,1.9,4.38,-0.38
25-02-2025 16:00,Kerala,Kozhikode,2.82,5.19,0.2
23-09-2025 10:00,Maharashtra,Nagpur,8.05,4.03,0.94
12-07-2025 20:00,Bihar,Darbhanga,1.67,4.56,1.38
19-09-2025 22:00,Gujarat,Rajkot,4.42,4.11,0.9
04-09-2025 21:00,Bihar,Darbhanga,2.28,6.88,0.73
05-09-2025 06:00,Tamil Nadu,Chennai,7.47,4.87,0.82
09-09-2025 16:00,Tamil Nadu,Tiruppur,6.79,6.0,-0.01
19-01-2025 09:00,Kerala,Thrissur,4.07,5.43,0.61
05-10-2025 11:00,Maharashtra,Nagpur,1.3,5.15,-0.34
08-03-2025 18:00,Uttar Pradesh,Prayagraj,5.05,4.19,-0.15
04-04-2025 06:00,Gujarat,Ahmedabad,3.36,4.86,-0.18
27-01-2025 15:00,Bihar,Muzaffarpur,7.57,6.0,1.07
14-02-2026 04:00,Kerala,Thrissur,8.09,5.21,0.24
09-06-2025 14:00,Kerala,Thrissur,6.4,4.85,0.03
27-01-2026 11:00,Bihar,Patna,7.93,4.5,-0.1
14-09-2025 00:00,Gujarat,Surat,6.65,6.36,-0.03
29-11-2025 17:00,West Bengal,Murshidabad,1.23,4.53,0.3
13-01-2026 04:00,Maharashtra,Kolhapur,7.11,4.33,-0.11
22-09-2025 08:00,Gujarat,Vadodara,6.11,5.83,0.91
15-04-2025 05:00,Maharashtra,Nagpur,3.11,6.96,0.58
23-03-2025 14:00,Bihar,Darbhanga,1.6,6.97,0.02
14-02-2025 14:00,Uttar Pradesh,Gorakhpur,7.25,4.07,-0.19
07-01-2025 11:00,Assam,Guwahati,1.83,4.66,0.22
06-04-2025 15:00,Gujarat,Bharuch,5.75,5.84,0.16
13-02-2026 09:00,Assam,Barpeta,3.21,4.93,-0.06
10-07-2025 18:00,Odisha,Puri,6.94,6.84,0.76
15-02-2025 09:00,Kerala,Kozhikode,5.36,6.47,0.2
10-09-2025 01:00,Odisha,Balasore,5.31,5.65,0.27
25-09-2025 07:00,Karnataka,Mysuru,7.69,5.22,0.93
03-05-2025 12:00,Tamil Nadu,Coimbatore,6.27,5.04,0.81
31-01-2025 03:00,Gujarat,Ahmedabad,6.46,6.73,0.33
02-07-2025 16:00,Maharashtra,Kolhapur,4.32,6.08,0.78
08-02-2025 18:00,Bihar,Gaya,5.29,6.33,-0.25
02-05-2025 05:00,Bihar,Muzaffarpur,6.64,4.24,0.19
23-11-2025 21:00,Karnataka,Bengaluru,6.94,5.02,0.35
09-10-2025 19:00,West Bengal,Darjeeling,1.89,6.08,0.89
16-12-2025 12:00,Assam,Guwahati,6.77,5.67,0.79
25-09-2025 08:00,Gujarat,Vadodara,2.1,5.99,0.22
07-02-2025 07:00,Tamil Nadu,Tiruppur,1.89,5.07,0.96
16-05-2025 07:00,Odisha,Balasore,6.53,5.78,-0.07
07-04-2025 22:00,Odisha,Cuttack,6.24,6.7,0.73
23-10-2025 16:00,Tamil Nadu,Chennai,3.5,4.26,0.58
01-02-2026 01:00,Bihar,Muzaffarpur,1.45,5.12,0.89
12-11-2025 21:00,Uttar Pradesh,Lucknow,7.72,5.12,0.06
10-02-2026 22:00,Uttar Pradesh,Kanpur,4.09,5.12,0.26
29-07-2025 22:00,Kerala,Thrissur,4.22,5.85,0.56
26-09-2025 18:00,Assam,Dhemaji,6.13,5.7,0.69
22-06-2025 08:00,Odisha,Cuttack,2.71,4.55,-0.65
21-01-2026 08:00,Uttar Pradesh,Kanpur,2.78,5.58,-0.23
13-03-2025 11:00,Assam,Dhemaji,5.72,6.21,0.74
12-03-2025 18:00,Gujarat,Vadodara,4.52,5.64,1.21
08-02-2026 18:00,West Bengal,Malda,7.83,5.72,0.04
02-02-2026 21:00,Karnataka,Mysuru,5.92,6.81,0.86
20-02-2026 11:00,Tamil Nadu,Tiruppur,4.77,6.45,0.04
09-12-2025 16:00,Uttar Pradesh,Prayagraj,8.65,5.53,0.12
09-06-2025 15:00,Odisha,Bhubaneswar,3.43,6.7,0.3
20-09-2025 11:00,Uttar Pradesh,Kanpur,6.43,6.0,0.21
20-05-2025 12:00,Uttar Pradesh,Varanasi,2.89,5.37,0.3
01-02-2026 14:00,Tamil Nadu,Tiruppur,2.3,6.35,1.1
11-02-2025 01:00,Maharashtra,Mumbai,3.86,4.31,0.55
17-03-2025 21:00,Odisha,Cuttack,8.04,4.49,0.31
10-07-2025 11:00,Tamil Nadu,Madurai,1.95,6.5,-0.2
25-01-2025 11:00,Assam,Barpeta,5.9,4.23,0.51
11-02-2026 13:00,Odisha,Puri,8.37,5.29,0.06
31-07-2025 13:00,Tamil Nadu,Coimbatore,1.18,5.57,1.38
21-11-2025 06:00,West Bengal,Kolkata,7.89,4.01,0.61
13-12-2025 19:00,Gujarat,Surat,8.63,5.5,1.21
01-02-2026 18:00,Uttar Pradesh,Prayagraj,5.95,6.83,-0.04
20-02-2026 07:00,Uttar Pradesh,Lucknow,2.75,6.83,-0.43
17-08-2025 11:00,Tamil Nadu,Thanjavur,7.92,5.94,0.28
19-11-2025 18:00,Karnataka,Mangaluru,2.73,4.25,0.24
22-01-2026 16:00,West Bengal,Darjeeling,3.51,4.21,0.59
18-08-2025 18:00,Bihar,Gaya,8.74,5.76,0.73
01-02-2026 23:00,Bihar,Darbhanga,4.64,6.71,0.48
05-01-2026 15:00,Bihar,Muzaffarpur,1.61,4.71,0.34
20-08-2025 09:00,Assam,Dibrugarh,6.41,5.89,0.9
29-05-2025 05:00,Gujarat,Bharuch,6.54,4.09,0.18
28-02-2025 03:00,Gujarat,Ahmedabad,3.65,4.75,0.9
12-01-2025 00:00,Uttar Pradesh,Prayagraj,4.71,5.09,0.06
28-05-2025 19:00,Tamil Nadu,Madurai,3.04,6.56,0.42
13-10-2025 04:00,Assam,Guwahati,2.09,4.52,0.15
14-11-2025 20:00,Kerala,Kottayam,8.52,4.2,0.78
10-10-2025 20:00,Uttar Pradesh,Gorakhpur,2.32,6.59,-0.34
08-05-2025 21:00,Gujarat,Ahmedabad,4.76,6.28,0.2
29-07-2025 09:00,Maharashtra,Nagpur,4.48,6.26,0.58
16-12-2025 20:00,Bihar,Bhagalpur,5.98,6.22,0.53
11-06-2025 00:00,Odisha,Cuttack,3.07,5.92,0.66
14-01-2026 00:00,Bihar,Muzaffarpur,5.27,5.34,0.46
11-04-2025 00:00,Gujarat,Bharuch,7.77,4.76,-0.34
19-09-2025 10:00,Bihar,Patna,8.24,5.64,0.88
20-12-2025 12:00,Tamil Nadu,Thanjavur,5.31,5.0,0.18
04-06-2025 15:00,Odisha,Bhubaneswar,5.12,7.0,0.61
11-01-2025 06:00,Tamil Nadu,Thanjavur,2.88,5.18,0.62
08-03-2025 10:00,Uttar Pradesh,Kanpur,4.09,5.73,-0.07
08-02-2026 10:00,Karnataka,Kodagu,1.12,4.98,0.97
05-03-2025 17:00,Maharashtra,Pune,4.12,6.7,0.58
09-12-2025 15:00,Odisha,Kendrapara,8.34,5.52,0.49
08-02-2025 11:00,Uttar Pradesh,Prayagraj,7.63,6.13,0.7
11-11-2025 17:00,Assam,Dibrugarh,1.65,4.57,0.06
01-07-2025 20:00,West Bengal,Murshidabad,8.8,6.75,1.19
28-01-2025 21:00,Gujarat,Ahmedabad,4.25,5.62,0.47
31-05-2025 04:00,Gujarat,Bharuch,3.77,4.75,0.21
01-08-2025 20:00,West Bengal,Murshidabad,7.44,4.99,0.35
21-03-2025 14:00,Assam,Guwahati,7.03,5.75,-0.24
14-12-2025 16:00,Uttar Pradesh,Prayagraj,3.53,6.84,0.6
07-08-2025 16:00,Gujarat,Bharuch,2.23,5.82,0.22
27-10-2025 07:00,Karnataka,Bengaluru,1.31,4.51,0.12
14-06-2025 22:00,Kerala,Alappuzha,2.73,6.58,0.62
17-10-2025 21:00,Assam,Barpeta,1.97,6.7,0.62
09-09-2025 02:00,Odisha,Puri,4.34,5.64,0.5
24-08-2025 03:00,Karnataka,Bengaluru,2.32,4.67,0.48
23-04-2025 08:00,Kerala,Kozhikode,3.02,6.6,0.4
18-04-2025 23:00,Kerala,Kottayam,2.6,4.91,0.69
04-09-2025 02:00,Odisha,Puri,8.6,6.4,0.1
16-03-2025 05:00,Karnataka,Bengaluru,4.8,4.82,0.48
29-09-2025 05:00,Assam,Barpeta,1.89,6.41,-0.21
06-05-2025 13:00,Kerala,Thrissur,8.94,4.13,-0.38
25-10-2025 05:00,Bihar,Darbhanga,4.16,4.18,1.32
07-04-2025 03:00,Maharashtra,Pune,5.44,4.53,-0.09
31-10-2025 04:00,Odisha,Bhubaneswar,7.07,5.23,-0.29
03-06-2025 18:00,Karnataka,Mysuru,4.29,6.86,0.25
29-01-2025 15:00,West Bengal,Darjeeling,6.95,4.18,-0.62
08-09-2025 11:00,Karnataka,Bengaluru,4.85,4.09,0.56
22-10-2025 15:00,Bihar,Patna,8.45,4.33,0.25
26-01-2025 12:00,Gujarat,Rajkot,5.77,4.98,-0.15
26-10-2025 15:00,Uttar Pradesh,Varanasi,5.39,6.25,-0.07
19-01-2026 13:00,Odisha,Balasore,5.16,6.64,1.15
14-05-2025 08:00,Odisha,Bhubaneswar,2.15,6.47,0.27
05-04-2025 11:00,Odisha,Kendrapara,1.08,6.0,0.45
12-02-2026 13:00,Assam,Jorhat,7.13,5.5,0.25
04-10-2025 05:00,Odisha,Puri,1.66,5.37,0.17
22-06-2025 07:00,Tamil Nadu,Chennai,8.48,6.98,0.88
21-03-2025 02:00,Maharashtra,Nagpur,2.72,6.38,0.27
02-02-2026 02:00,Tamil Nadu,Coimbatore,3.49,5.8,0.27
06-12-2025 17:00,Tamil Nadu,Chennai,5.78,4.2,0.61
11-01-2025 18:00,Uttar Pradesh,Prayagraj,8.79,4.14,0.71
02-05-2025 20:00,Uttar Pradesh,Varanasi,8.95,5.81,0.48
28-01-2026 16:00,Gujarat,Vadodara,4.17,6.09,0.17
25-07-2025 23:00,Uttar Pradesh,Lucknow,8.39,6.01,0.54
28-04-2025 14:00,Uttar Pradesh,Gorakhpur,5.74,6.26,0.71
30-09-2025 01:00,Uttar Pradesh,Lucknow,7.44,4.9,0.86
20-05-2025 03:00,Maharashtra,Pune,7.29,5.87,1.01
27-05-2025 21:00,Uttar Pradesh,Prayagraj,5.8,4.23,0.05
10-07-2025 03:00,Bihar,Muzaffarpur,2.4,6.62,0.28
07-02-2026 08:00,West Bengal,Darjeeling,7.79,6.88,0.44
26-11-2025 12:00,Kerala,Thrissur,3.87,6.48,0.63
11-08-2025 01:00,Tamil Nadu,Coimbatore,7.51,5.35,0.54
06-08-2025 15:00,Bihar,Darbhanga,1.67,4.75,0.7
06-04-2025 05:00,Maharashtra,Kolhapur,1.73,6.76,0.24
10-09-2025 15:00,Odisha,Cuttack,2.03,5.55,0.16
13-07-2025 22:00,Gujarat,Bharuch,3.24,4.83,0.89
28-07-2025 08:00,Maharashtra,Nagpur,8.92,5.94,0.5
07-10-2025 14:00,Karnataka,Mysuru,6.24,5.16,0.65
24-01-2026 12:00,Tamil Nadu,Thanjavur,2.18,4.08,0.36
21-01-2025 04:00,Bihar,Gaya,5.02,4.89,0.25
03-04-2025 03:00,Assam,Jorhat,7.96,4.74,1.19
14-08-2025 16:00,Assam,Dhemaji,2.94,6.91,0.78
12-11-2025 03:00,Uttar Pradesh,Varanasi,4.29,5.16,1.04
17-04-2025 11:00,Bihar,Gaya,3.26,5.49,0.29
01-01-2025 07:00,Odisha,Kendrapara,4.84,4.83,0.85
02-06-2025 09:00,Bihar,Gaya,5.85,6.28,-0.01
25-09-2025 03:00,Gujarat,Rajkot,2.56,4.05,0.22
17-01-2026 20:00,Bihar,Darbhanga,2.76,6.13,0.42
23-07-2025 02:00,Odisha,Puri,5.82,5.97,0.64
03-07-2025 10:00,Bihar,Patna,5.42,5.89,0.01
07-01-2026 12:00,Gujarat,Vadodara,2.13,5.9,0.09
20-08-2025 02:00,Karnataka,Bengaluru,3.45,6.18,1.29
09-08-2025 17:00,Gujarat,Surat,7.03,5.45,0.71
12-04-2025 02:00,West Bengal,Malda,6.15,6.85,1.07
09-10-2025 00:00,Uttar Pradesh,Varanasi,2.31,6.22,0.42
17-03-2025 14:00,Bihar,Darbhanga,6.99,5.75,0.78
12-10-2025 06:00,Karnataka,Mysuru,1.82,5.62,-0.04
06-02-2026 01:00,Assam,Guwahati,7.36,6.98,0.2
05-04-2025 18:00,Karnataka,Kodagu,2.4,6.82,0.2
12-02-2025 03:00,Uttar Pradesh,Gorakhpur,2.72,4.61,1.14
07-03-2025 17:00,Maharashtra,Nashik,8.46,6.19,-0.865
30-10-2025 16:00,Kerala,Kochi,2.69,6.42,-0.18
14-02-2025 11:00,Odisha,Cuttack,7.09,4.89,0.84
24-03-2025 23:00,Uttar Pradesh,Kanpur,2.59,6.54,0.58
15-06-2025 10:00,Maharashtra,Pune,1.55,4.81,1.4
14-01-2026 01:00,Uttar Pradesh,Varanasi,7.04,5.7,0.49
02-09-2025 23:00,Kerala,Kozhikode,3.77,6.63,-0.25
18-12-2025 06:00,Tamil Nadu,Chennai,7.0,4.83,0.61
09-07-2025 06:00,Uttar Pradesh,Lucknow,1.12,5.69,0.75
24-01-2026 14:00,Karnataka,Mangaluru,3.41,5.03,-0.53
27-10-2025 17:00,Maharashtra,Nagpur,1.04,6.71,1.23
11-06-2025 03:00,Kerala,Kozhikode,4.6,4.01,0.09
28-01-2026 07:00,Assam,Jorhat,2.15,4.35,0.51
12-10-2025 07:00,West Bengal,Kolkata,7.17,4.55,0.85
08-05-2025 00:00,West Bengal,Darjeeling,1.92,6.34,0.37
02-02-2025 13:00,Bihar,Muzaffarpur,6.34,4.53,0.03
09-10-2025 03:00,West Bengal,Murshidabad,4.59,6.84,0.83
22-04-2025 11:00,Karnataka,Bengaluru,3.54,4.17,0.53
14-03-2025 21:00,Gujarat,Surat,8.33,4.92,0.27
17-09-2025 06:00,Assam,Jorhat,5.74,6.16,0.85
28-11-2025 02:00,Gujarat,Vadodara,6.3,4.84,0.34
27-04-2025 07:00,Uttar Pradesh,Gorakhpur,7.66,5.38,-0.12
29-09-2025 15:00,Uttar Pradesh,Varanasi,1.96,4.93,1.33
29-08-2025 14:00,Odisha,Balasore,8.77,4.72,0.02
22-09-2025 21:00,West Bengal,Howrah,1.9,4.54,0.77
27-07-2025 11:00,Odisha,Kendrapara,4.47,5.94,0.49
13-11-2025 04:00,Kerala,Thrissur,8.1,5.65,0.45
15-02-2025 11:00,West Bengal,Murshidabad,5.33,4.32,0.12
29-09-2025 22:00,Assam,Dhemaji,8.0,4.29,0.24
05-02-2026 07:00,Tamil Nadu,Madurai,1.89,4.43,0.51
12-07-2025 19:00,West Bengal,Howrah,3.34,5.25,0.24
07-04-2025 20:00,Bihar,Muzaffarpur,5.06,6.22,0.95
30-09-2025 06:00,Uttar Pradesh,Prayagraj,5.53,5.46,0.6
09-01-2026 19:00,Karnataka,Bengaluru,7.41,5.16,0.14
30-07-2025 15:00,Uttar Pradesh,Lucknow,5.97,4.8,0.27
19-04-2025 16:00,Uttar Pradesh,Gorakhpur,3.49,4.01,-0.59
11-01-2026 20:00,Tamil Nadu,Coimbatore,3.95,5.74,0.3
06-04-2025 10:00,Gujarat,Rajkot,5.77,6.52,0.46
13-03-2025 23:00,West Bengal,Malda,5.06,5.84,0.06
26-01-2025 10:00,Assam,Dhemaji,2.14,4.0,0.18
14-07-2025 10:00,Karnataka,Mysuru,8.5,5.78,0.6
02-12-2025 11:00,West Bengal,Kolkata,3.42,5.14,0.52
14-08-2025 13:00,Odisha,Bhubaneswar,3.04,4.66,0.69
15-01-2025 07:00,Maharashtra,Pune,1.1,6.91,0.84
15-07-2025 03:00,Uttar Pradesh,Gorakhpur,3.05,6.25,0.26
02-01-2026 00:00,West Bengal,Howrah,3.71,4.99,0.28
06-06-2025 06:00,Maharashtra,Nagpur,4.37,5.26,1.04
19-12-2025 05:00,Uttar Pradesh,Gorakhpur,6.42,4.54,0.96
23-01-2026 19:00,Gujarat,Ahmedabad,8.24,6.6,0.15
07-09-2025 23:00,Odisha,Puri,6.57,5.16,-0.01
14-05-2025 23:00,Kerala,Alappuzha,7.7,6.69,1.12
05-01-2025 01:00,Odisha,Cuttack,6.16,5.97,0.64
04-11-2025 19:00,Kerala,Kochi,2.36,6.6,0.53
16-11-2025 09:00,Assam,Jorhat,3.86,6.92,-0.03
04-08-2025 16:00,Tamil Nadu,Thanjavur,1.72,4.59,-0.51
31-10-2025 07:00,Assam,Dhemaji,1.97,6.84,-0.33
14-09-2025 21:00,Gujarat,Ahmedabad,7.99,6.07,0.56
06-03-2025 01:00,Maharashtra,Mumbai,2.74,5.47,-0.06
30-05-2025 12:00,Karnataka,Bengaluru,2.41,5.35,0.15
29-01-2026 10:00,Gujarat,Rajkot,6.6,6.02,-0.42
19-10-2025 01:00,Tamil Nadu,Chennai,1.77,6.67,0.37
02-06-2025 00:00,Karnataka,Kodagu,2.2,4.51,-0.24
21-04-2025 17:00,Bihar,Muzaffarpur,4.91,6.01,0.37
14-02-2026 10:00,Karnataka,Kodagu,8.38,4.6,0.45
05-03-2025 05:00,Maharashtra,Kolhapur,3.36,5.95,0.24
30-07-2025 21:00,Gujarat,Ahmedabad,6.47,4.57,-0.08
25-01-2026 13:00,Uttar Pradesh,Varanasi,2.37,6.03,1.56
12-07-2025 16:00,West Bengal,Malda,8.25,6.09,-0.35
28-06-2025 00:00,West Bengal,Darjeeling,5.92,5.21,0.4
02-06-2025 21:00,Assam,Dhemaji,1.87,6.8,-0.07
01-10-2025 14:00,Bihar,Darbhanga,6.07,6.6,0.67
30-08-2025 16:00,West Bengal,Kolkata,7.42,6.51,-0.32
29-03-2025 02:00,Uttar Pradesh,Kanpur,2.11,5.88,-0.19
23-10-2025 17:00,Odisha,Balasore,1.32,4.35,0.41
15-09-2025 03:00,Tamil Nadu,Thanjavur,4.63,4.46,0.04
24-01-2025 20:00,Maharashtra,Nashik,1.97,5.72,-0.09
03-02-2026 06:00,Uttar Pradesh,Lucknow,8.9,5.35,-0.24
15-07-2025 08:00,West Bengal,Kolkata,7.88,4.11,0.86
14-01-2026 02:00,Gujarat,Rajkot,6.83,6.9,0.62
08-05-2025 14:00,Kerala,Alappuzha,1.16,6.52,0.13
23-01-2026 05:00,Odisha,Kendrapara,2.89,4.75,-0.26
27-09-2025 14:00,Tamil Nadu,Chennai,6.85,6.46,0.07
26-10-2025 08:00,Karnataka,Mangaluru,2.27,6.95,0.46
04-10-2025 09:00,Uttar Pradesh,Lucknow,3.77,5.91,0.16
20-12-2025 19:00,Gujarat,Vadodara,7.8,5.16,0.15
27-11-2025 05:00,Bihar,Patna,7.26,4.94,0.04
03-11-2025 01:00,Kerala,Alappuzha,7.68,4.43,0.06
20-09-2025 16:00,Kerala,Kochi,3.01,4.15,0.86
26-11-2025 04:00,Maharashtra,Nashik,7.31,5.41,0.12
29-01-2026 07:00,Uttar Pradesh,Gorakhpur,7.09,5.15,0.65
08-12-2025 01:00,Tamil Nadu,Coimbatore,1.24,4.73,0.67
06-07-2025 15:00,Kerala,Kottayam,1.88,5.81,-0.26
26-07-2025 04:00,Karnataka,Mangaluru,3.39,6.93,-0.3
07-09-2025 00:00,Karnataka,Udupi,8.95,6.29,0.03
16-01-2025 10:00,Maharashtra,Kolhapur,2.97,6.37,0.72
22-03-2025 18:00,Maharashtra,Kolhapur,1.3,6.65,0.72
09-04-2025 00:00,Odisha,Balasore,4.23,5.88,0.52
24-10-2025 23:00,Karnataka,Bengaluru,5.99,5.29,0.06
15-03-2025 01:00,Gujarat,Rajkot,7.38,4.11,-0.14
02-06-2025 22:00,Assam,Barpeta,8.95,6.39,-0.06
01-11-2025 02:00,Uttar Pradesh,Prayagraj,8.22,4.97,-0.35
02-06-2025 04:00,Bihar,Bhagalpur,6.71,5.35,0.56
05-08-2025 17:00,Uttar Pradesh,Lucknow,1.31,4.28,0.29
26-11-2025 13:00,Uttar Pradesh,Kanpur,4.92,6.25,0.5
09-04-2025 09:00,Maharashtra,Kolhapur,5.13,4.51,0.0
27-06-2025 12:00,Odisha,Cuttack,4.99,4.1,0.12
15-08-2025 08:00,Uttar Pradesh,Lucknow,3.34,5.84,0.36
19-09-2025 21:00,Gujarat,Bharuch,8.19,4.53,-0.17
27-07-2025 23:00,West Bengal,Malda,4.41,4.94,0.83
13-11-2025 16:00,Maharashtra,Mumbai,6.39,4.36,-0.43
30-01-2026 06:00,Odisha,Cuttack,4.79,4.68,-0.22
05-06-2025 17:00,Odisha,Bhubaneswar,6.91,6.03,1.03
10-11-2025 08:00,Tamil Nadu,Chennai,1.39,4.04,0.52
23-12-2025 15:00,Tamil Nadu,Tiruppur,2.44,6.05,-0.09
07-01-2026 22:00,Odisha,Kendrapara,4.32,4.21,0.41
21-02-2026 06:00,Bihar,Bhagalpur,6.25,6.05,0.41
21-08-2025 23:00,Karnataka,Kodagu,4.59,5.65,0.24
18-02-2025 19:00,Odisha,Balasore,3.49,5.53,0.51
04-11-2025 02:00,Tamil Nadu,Thanjavur,7.95,4.46,0.41
27-11-2025 17:00,Maharashtra,Nagpur,3.0,4.98,0.56
03-12-2025 22:00,Maharashtra,Nagpur,5.73,5.95,0.52
01-03-2025 06:00,Uttar Pradesh,Gorakhpur,8.79,5.57,0.36
10-10-2025 14:00,Odisha,Cuttack,4.08,4.82,0.8
29-01-2026 11:00,Uttar Pradesh,Prayagraj,3.93,5.45,0.05
06-12-2025 03:00,Assam,Dibrugarh,4.13,4.2,0.35
25-01-2026 14:00,Gujarat,Ahmedabad,6.69,4.71,-0.34
01-12-2025 02:00,Assam,Dibrugarh,4.73,5.49,-0.09
22-09-2025 03:00,West Bengal,Darjeeling,3.45,6.52,0.28
06-02-2026 23:00,Karnataka,Mangaluru,2.35,4.04,-0.64
06-02-2025 10:00,Tamil Nadu,Madurai,4.9,6.59,0.26
06-04-2025 17:00,Tamil Nadu,Madurai,2.15,5.0,0.42
21-04-2025 03:00,Bihar,Muzaffarpur,8.5,4.17,0.2
10-11-2025 19:00,Odisha,Cuttack,7.01,6.71,0.78
13-03-2025 15:00,Bihar,Bhagalpur,3.34,5.61,0.82
11-08-2025 19:00,West Bengal,Darjeeling,5.8,5.04,0.76
05-09-2025 04:00,Odisha,Kendrapara,3.56,5.14,-0.15
05-02-2025 00:00,Odisha,Puri,2.9,5.31,0.95
19-02-2026 01:00,Maharashtra,Nashik,7.96,6.4,0.4
25-01-2025 05:00,Bihar,Muzaffarpur,1.84,5.75,0.6
09-01-2025 12:00,Karnataka,Udupi,8.58,4.58,0.25
10-03-2025 09:00,Bihar,Muzaffarpur,5.92,5.58,0.15
25-03-2025 22:00,Bihar,Bhagalpur,2.75,4.24,0.21
16-05-2025 13:00,Assam,Jorhat,6.94,5.85,0.34
11-11-2025 04:00,Maharashtra,Kolhapur,3.34,4.18,0.4
07-02-2025 17:00,Bihar,Bhagalpur,4.61,5.95,-0.06
27-01-2025 07:00,Assam,Jorhat,7.73,6.03,-0.33
17-12-2025 20:00,Gujarat,Ahmedabad,8.23,4.29,0.09
22-11-2025 23:00,Gujarat,Ahmedabad,6.18,4.93,0.97
24-03-2025 06:00,Gujarat,Surat,5.23,5.32,0.99
07-01-2025 18:00,Uttar Pradesh,Kanpur,3.35,4.62,0.31
28-07-2025 06:00,Karnataka,Kodagu,1.18,6.99,1.33
21-02-2025 19:00,Tamil Nadu,Coimbatore,5.43,5.09,0.28
29-01-2026 18:00,Tamil Nadu,Coimbatore,2.3,6.78,0.44
20-11-2025 12:00,Bihar,Patna,8.06,6.72,1.18
16-07-2025 09:00,Odisha,Puri,2.01,5.1,-0.43
06-02-2025 11:00,Gujarat,Surat,3.39,6.54,-0.48
01-03-2025 15:00,Karnataka,Mangaluru,1.92,6.3,-0.19
31-12-2025 02:00,Tamil Nadu,Chennai,8.76,5.75,0.46
14-10-2025 04:00,Uttar Pradesh,Kanpur,6.71,5.05,-0.58
13-07-2025 11:00,Karnataka,Bengaluru,1.34,6.47,0.51
31-07-2025 16:00,Gujarat,Vadodara,6.33,5.47,0.61
29-08-2025 23:00,Karnataka,Bengaluru,3.23,6.17,0.28
16-01-2026 18:00,Uttar Pradesh,Gorakhpur,2.49,5.61,-0.36
14-11-2025 08:00,Tamil Nadu,Tiruppur,6.94,6.41,1.08
01-12-2025 23:00,Gujarat,Surat,2.12,4.95,0.08
28-11-2025 11:00,Gujarat,Vadodara,7.51,5.09,0.73
29-01-2026 05:00,Tamil Nadu,Coimbatore,4.13,5.04,0.04
30-04-2025 00:00,Odisha,Balasore,7.53,4.81,0.38
19-03-2025 13:00,Odisha,Balasore,4.24,6.32,0.3
21-04-2025 19:00,Bihar,Gaya,5.56,5.34,0.7
22-05-2025 00:00,Karnataka,Mysuru,1.39,4.32,0.17
03-02-2026 12:00,Maharashtra,Nashik,3.05,6.31,-0.44
12-02-2026 08:00,Bihar,Darbhanga,7.03,5.72,0.59
04-12-2025 02:00,Gujarat,Rajkot,6.48,4.38,-0.03
14-12-2025 19:00,Bihar,Darbhanga,4.16,5.63,0.9
07-11-2025 22:00,Karnataka,Udupi,4.09,6.99,0.36
14-10-2025 22:00,Uttar Pradesh,Kanpur,6.96,6.01,-0.26
17-07-2025 05:00,Uttar Pradesh,Gorakhpur,4.7,6.81,0.23
19-05-2025 19:00,Assam,Barpeta,8.61,5.94,1.14
11-01-2026 06:00,Gujarat,Ahmedabad,6.63,4.55,0.78
26-12-2025 19:00,Odisha,Balasore,7.64,4.94,-0.4
24-09-2025 20:00,Gujarat,Rajkot,1.89,5.64,-0.73
14-12-2025 18:00,Bihar,Darbhanga,5.31,6.52,0.06
30-01-2026 08:00,Bihar,Bhagalpur,4.6,5.66,0.21
22-10-2025 04:00,Gujarat,Surat,7.76,6.47,0.06
29-03-2025 08:00,Karnataka,Udupi,1.03,5.96,1.51
25-03-2025 11:00,Uttar Pradesh,Varanasi,1.78,4.19,0.12
02-01-2026 20:00,Odisha,Puri,7.43,6.89,0.71
10-02-2026 12:00,Tamil Nadu,Coimbatore,5.27,5.31,0.34
14-07-2025 20:00,Kerala,Kottayam,1.11,4.32,0.14
29-07-2025 01:00,Karnataka,Bengaluru,1.81,4.97,0.44
08-11-2025 05:00,Gujarat,Vadodara,4.91,4.45,-0.49
23-01-2025 18:00,Gujarat,Bharuch,2.55,6.46,-0.4
02-03-2025 09:00,Tamil Nadu,Chennai,7.25,5.4,0.12
16-06-2025 02:00,Tamil Nadu,Chennai,7.77,4.94,-0.11
15-10-2025 12:00,Assam,Dibrugarh,1.63,6.41,0.26
19-04-2025 18:00,Gujarat,Vadodara,2.73,4.38,0.31
21-03-2025 04:00,West Bengal,Malda,3.46,5.06,0.24
13-06-2025 08:00,Maharashtra,Nagpur,4.66,6.14,-0.15
25-04-2025 21:00,Bihar,Gaya,1.28,4.32,0.51
13-09-2025 04:00,Uttar Pradesh,Lucknow,5.43,6.12,1.29
24-09-2025 13:00,Bihar,Darbhanga,1.43,4.9,0.66
20-03-2025 13:00,Uttar Pradesh,Lucknow,6.17,6.77,0.61
14-02-2026 07:00,Gujarat,Bharuch,3.55,5.66,-0.05
28-08-2025 02:00,Assam,Jorhat,4.27,4.17,0.48
28-12-2025 03:00,Odisha,Bhubaneswar,1.69,6.3,0.42
03-09-2025 10:00,Bihar,Bhagalpur,4.81,6.41,0.71
29-03-2025 09:00,Maharashtra,Nagpur,2.79,6.66,0.51
23-01-2026 01:00,Tamil Nadu,Madurai,5.04,6.96,-0.15
26-08-2025 04:00,Bihar,Muzaffarpur,2.09,5.78,1.15
21-01-2025 19:00,Karnataka,Mangaluru,8.44,4.87,0.85
23-08-2025 08:00,Assam,Dhemaji,7.01,6.42,0.48
04-02-2025 20:00,West Bengal,Darjeeling,5.1,4.07,0.11
25-05-2025 15:00,Gujarat,Bharuch,8.88,6.37,0.86
15-07-2025 17:00,Bihar,Muzaffarpur,5.37,5.97,1.03
19-09-2025 16:00,Gujarat,Ahmedabad,7.58,5.4,0.36
06-01-2026 03:00,Maharashtra,Nashik,8.72,6.81,0.14
01-04-2025 11:00,Uttar Pradesh,Prayagraj,6.47,4.78,0.73
20-01-2026 15:00,West Bengal,Howrah,4.67,5.31,0.69
25-08-2025 14:00,Tamil Nadu,Tiruppur,2.77,5.48,0.19
18-01-2026 16:00,West Bengal,Howrah,5.66,5.9,0.23
17-01-2025 14:00,Uttar Pradesh,Gorakhpur,6.71,4.57,0.72
25-03-2025 18:00,West Bengal,Howrah,1.08,4.71,0.77
04-08-2025 06:00,Assam,Jorhat,5.39,5.67,0.28
02-09-2025 15:00,Tamil Nadu,Coimbatore,3.56,6.2,0.91
13-02-2026 00:00,West Bengal,Darjeeling,6.42,5.57,1.18
23-02-2025 11:00,Bihar,Patna,7.16,4.19,1.05
16-12-2025 14:00,Maharashtra,Nagpur,8.1,4.65,0.14
13-04-2025 00:00,Bihar,Bhagalpur,4.76,6.11,0.55
27-06-2025 08:00,Odisha,Kendrapara,6.3,6.35,0.28
18-03-2025 12:00,Karnataka,Mysuru,6.39,4.36,0.19
04-02-2026 20:00,Gujarat,Bharuch,8.66,4.75,0.79
12-02-2025 11:00,Assam,Barpeta,2.28,5.8,-0.25
31-07-2025 02:00,Odisha,Cuttack,3.61,4.66,0.47
25-02-2025 06:00,Bihar,Bhagalpur,8.26,5.91,-0.06
31-12-2025 16:00,Odisha,Kendrapara,7.3,6.48,1.07
20-01-2025 19:00,Bihar,Darbhanga,4.02,4.97,0.0
28-04-2025 02:00,Karnataka,Kodagu,6.92,6.2,0.64
26-12-2025 16:00,West Bengal,Darjeeling,8.46,5.84,0.0
10-03-2025 19:00,Gujarat,Rajkot,4.37,4.78,0.5
05-02-2026 11:00,Bihar,Patna,7.43,5.57,0.16
18-02-2025 17:00,Gujarat,Surat,2.6,6.65,0.59
16-04-2025 08:00,Gujarat,Ahmedabad,6.35,6.31,-0.05
20-02-2025 06:00,West Bengal,Kolkata,8.72,6.87,0.95
18-09-2025 16:00,Odisha,Balasore,7.35,6.04,-0.56
27-11-2025 06:00,Odisha,Balasore,6.76,4.64,1.35
16-08-2025 21:00,Odisha,Balasore,8.33,6.87,0.3
26-01-2026 23:00,Karnataka,Udupi,4.61,6.36,0.54
18-01-2025 23:00,Gujarat,Rajkot,3.99,5.18,0.57
17-11-2025 20:00,Maharashtra,Nagpur,6.19,6.47,-0.58
06-02-2025 03:00,West Bengal,Murshidabad,5.47,5.68,-0.15
04-05-2025 22:00,Kerala,Thrissur,7.28,5.66,0.31
07-08-2025 04:00,Karnataka,Mysuru,4.65,5.07,0.26
01-08-2025 05:00,Tamil Nadu,Thanjavur,6.17,5.34,-0.01
15-08-2025 09:00,Assam,Jorhat,2.09,5.53,-0.04
23-01-2025 13:00,Odisha,Balasore,4.11,4.05,0.15
05-08-2025 11:00,Uttar Pradesh,Varanasi,7.48,4.58,0.28
17-02-2025 04:00,Assam,Barpeta,6.44,4.14,-0.11
14-02-2026 21:00,Tamil Nadu,Tiruppur,6.32,6.36,1.11
07-07-2025 13:00,Uttar Pradesh,Prayagraj,7.95,6.92,0.2
22-09-2025 18:00,Bihar,Darbhanga,8.03,6.12,0.49
24-01-2026 21:00,Gujarat,Rajkot,2.75,4.32,0.59
22-05-2025 06:00,Assam,Dhemaji,8.55,4.7,-0.17
12-06-2025 00:00,Kerala,Kottayam,7.13,5.25,0.61
04-05-2025 10:00,Tamil Nadu,Chennai,7.83,6.36,0.68
23-06-2025 03:00,Karnataka,Bengaluru,4.01,6.09,0.45
16-05-2025 19:00,Uttar Pradesh,Gorakhpur,3.43,5.67,0.41
20-09-2025 14:00,Assam,Barpeta,2.23,5.47,-0.58
09-09-2025 10:00,Tamil Nadu,Tiruppur,4.16,6.29,-0.26
26-11-2025 22:00,Kerala,Kozhikode,7.06,6.96,-0.09
19-02-2026 00:00,Odisha,Cuttack,5.44,4.8,-0.22
18-04-2025 15:00,Gujarat,Rajkot,2.57,5.88,0.4
28-04-2025 05:00,West Bengal,Murshidabad,4.01,6.44,1.07
14-06-2025 23:00,Bihar,Bhagalpur,8.43,5.8,0.67
03-05-2025 19:00,Odisha,Balasore,6.84,6.21,0.09
04-10-2025 19:00,Kerala,Thrissur,6.13,6.17,-0.1
04-08-2025 14:00,Odisha,Puri,4.31,4.05,0.51
13-10-2025 01:00,Gujarat,Surat,6.23,6.39,0.39
12-12-2025 18:00,Assam,Barpeta,5.28,5.94,0.02
30-05-2025 10:00,Maharashtra,Kolhapur,8.62,6.95,0.4
20-01-2026 12:00,Gujarat,Vadodara,3.73,5.34,0.43
29-11-2025 20:00,Gujarat,Bharuch,7.42,6.09,0.09
17-04-2025 19:00,Gujarat,Rajkot,2.09,5.74,0.79
20-04-2025 14:00,Bihar,Muzaffarpur,1.93,5.12,0.1
13-05-2025 22:00,Bihar,Bhagalpur,6.17,6.54,0.86
21-11-2025 02:00,Tamil Nadu,Thanjavur,2.88,4.69,0.12
15-11-2025 13:00,Assam,Guwahati,6.02,6.51,0.29
29-07-2025 20:00,Maharashtra,Mumbai,2.84,5.89,0.56
15-02-2025 00:00,Karnataka,Kodagu,1.57,4.38,0.05
28-06-2025 11:00,Odisha,Kendrapara,5.13,5.1,0.35
09-02-2026 15:00,Gujarat,Ahmedabad,3.51,6.53,-0.865
23-10-2025 05:00,Assam,Guwahati,8.87,4.03,0.75
28-03-2025 21:00,Maharashtra,Pune,8.82,4.44,0.19
22-09-2025 09:00,West Bengal,Darjeeling,8.36,6.49,0.71
13-04-2025 04:00,Karnataka,Bengaluru,2.19,5.48,-0.4
26-07-2025 22:00,Kerala,Kozhikode,4.89,5.7,0.49
26-03-2025 07:00,Uttar Pradesh,Lucknow,5.94,6.13,0.68
03-12-2025 07:00,Bihar,Darbhanga,6.13,4.39,0.25
10-01-2026 11:00,Maharashtra,Nagpur,7.35,5.86,0.5
30-12-2025 06:00,Gujarat,Vadodara,5.99,5.08,0.18
02-11-2025 01:00,Odisha,Cuttack,2.97,4.04,0.39
10-01-2025 10:00,Karnataka,Udupi,5.24,5.93,0.31
12-02-2025 05:00,Karnataka,Bengaluru,1.39,5.98,0.76
06-10-2025 07:00,Karnataka,Kodagu,8.2,4.64,-0.07
22-03-2025 09:00,Odisha,Balasore,2.78,6.11,0.49
13-02-2025 11:00,Uttar Pradesh,Gorakhpur,2.91,5.28,0.38
07-08-2025 19:00,Odisha,Balasore,1.29,4.94,0.49
28-02-2025 12:00,West Bengal,Murshidabad,2.68,6.68,0.11
01-04-2025 19:00,Maharashtra,Mumbai,3.35,4.83,-0.07
30-01-2025 01:00,Assam,Dhemaji,3.37,6.15,0.18
16-02-2025 20:00,Tamil Nadu,Thanjavur,6.85,4.46,0.48
04-11-2025 10:00,Assam,Guwahati,1.97,4.95,0.72
12-06-2025 07:00,West Bengal,Kolkata,1.99,6.71,1.43
09-12-2025 09:00,Maharashtra,Pune,1.6,6.17,0.06
01-08-2025 22:00,Assam,Jorhat,5.64,6.51,0.04
16-03-2025 02:00,Gujarat,Bharuch,2.57,4.15,0.04
21-11-2025 10:00,Bihar,Darbhanga,3.32,6.83,0.12
20-04-2025 18:00,Uttar Pradesh,Prayagraj,6.85,5.22,1.1
27-10-2025 11:00,West Bengal,Malda,3.07,6.9,-0.05
11-11-2025 08:00,Uttar Pradesh,Gorakhpur,8.56,6.32,-0.1
13-11-2025 20:00,Karnataka,Udupi,8.73,4.72,0.24
26-05-2025 09:00,Kerala,Kochi,8.62,6.09,0.21
11-12-2025 03:00,West Bengal,Murshidabad,7.5,5.6,1.01
13-02-2025 05:00,Uttar Pradesh,Varanasi,4.75,5.7,0.99
11-09-2025 21:00,Gujarat,Ahmedabad,4.97,6.27,0.77
05-04-2025 00:00,Kerala,Kochi,2.43,5.97,0.17
08-12-2025 04:00,Kerala,Kochi,1.21,5.35,0.78
19-04-2025 21:00,Odisha,Bhubaneswar,1.31,4.53,0.22
14-01-2025 01:00,Gujarat,Bharuch,5.58,6.5,0.05
21-04-2025 09:00,Odisha,Bhubaneswar,4.27,4.2,0.44
06-04-2025 01:00,Assam,Guwahati,4.13,6.78,0.71
08-10-2025 21:00,Odisha,Cuttack,1.9,4.26,0.09
05-05-2025 03:00,Odisha,Bhubaneswar,1.09,4.14,-0.14
17-04-2025 03:00,Maharashtra,Nashik,6.9,5.43,0.83
18-08-2025 16:00,Karnataka,Bengaluru,5.4,6.0,0.79
02-08-2025 20:00,Karnataka,Mysuru,7.44,5.19,0.38
31-03-2025 23:00,Karnataka,Mysuru,8.43,6.47,1.08
23-10-2025 00:00,Gujarat,Ahmedabad,2.74,4.13,0.34
11-05-2025 17:00,Maharashtra,Mumbai,3.94,5.65,1.17
14-01-2026 07:00,Tamil Nadu,Chennai,7.43,5.36,0.59
01-09-2025 18:00,Kerala,Kozhikode,1.81,5.74,0.68
16-02-2026 01:00,Odisha,Kendrapara,2.23,6.26,-0.22
26-09-2025 13:00,Bihar,Patna,8.51,4.92,0.29
15-06-2025 07:00,Kerala,Kozhikode,4.4,5.32,0.14
01-03-2025 12:00,Bihar,Gaya,4.28,5.79,0.96
17-12-2025 22:00,Gujarat,Surat,8.88,4.73,0.12
16-04-2025 00:00,West Bengal,Darjeeling,3.21,4.46,0.64
23-11-2025 13:00,Uttar Pradesh,Lucknow,3.67,5.65,-0.865
27-07-2025 01:00,Gujarat,Ahmedabad,1.86,6.89,0.66
19-03-2025 07:00,West Bengal,Kolkata,1.96,6.81,0.13
06-01-2026 04:00,Assam,Dhemaji,2.71,5.1,0.73
22-08-2025 10:00,Bihar,Muzaffarpur,3.29,4.45,0.39
25-01-2026 08:00,Maharashtra,Kolhapur,5.8,5.44,-0.41
16-02-2026 04:00,Bihar,Darbhanga,7.43,4.22,-0.18
19-01-2025 16:00,Tamil Nadu,Tiruppur,7.66,5.63,0.5
17-11-2025 23:00,West Bengal,Darjeeling,2.87,4.11,0.45
23-02-2025 12:00,Assam,Jorhat,3.81,5.85,0.17
07-09-2025 19:00,Bihar,Gaya,3.64,4.6,0.13
26-11-2025 03:00,Tamil Nadu,Tiruppur,4.89,4.53,0.38
05-06-2025 07:00,Tamil Nadu,Madurai,3.35,4.71,0.65
03-11-2025 09:00,Uttar Pradesh,Gorakhpur,8.62,5.34,-0.09
16-01-2025 01:00,Gujarat,Surat,4.19,6.84,0.54
19-09-2025 15:00,Odisha,Cuttack,2.8,6.46,0.07
06-08-2025 22:00,Maharashtra,Nagpur,1.93,6.58,0.18
08-01-2026 14:00,Gujarat,Ahmedabad,6.27,4.7,0.16
31-10-2025 23:00,Kerala,Alappuzha,1.06,4.49,0.31
06-01-2026 11:00,Tamil Nadu,Chennai,3.88,5.24,0.6
10-11-2025 22:00,Gujarat,Ahmedabad,7.44,5.81,-0.56
18-09-2025 11:00,Karnataka,Kodagu,5.89,6.93,-0.02
04-09-2025 22:00,Tamil Nadu,Thanjavur,5.3,6.25,-0.34
03-08-2025 13:00,Gujarat,Vadodara,2.45,6.41,0.44
13-04-2025 12:00,Assam,Dibrugarh,2.43,5.63,0.14
01-01-2025 22:00,Gujarat,Bharuch,5.94,5.87,0.6
28-03-2025 02:00,West Bengal,Malda,2.33,5.62,-0.05
10-03-2025 21:00,Uttar Pradesh,Kanpur,7.43,6.96,0.26
30-01-2025 06:00,Kerala,Kozhikode,1.23,4.94,0.51
20-12-2025 18:00,Odisha,Cuttack,1.36,5.39,0.76
25-04-2025 07:00,Assam,Dibrugarh,3.29,5.14,0.59
27-02-2025 08:00,Assam,Dhemaji,4.41,6.9,-0.1
13-03-2025 20:00,Odisha,Bhubaneswar,6.23,5.83,0.95
13-04-2025 20:00,Kerala,Thrissur,7.3,4.59,1.38
06-06-2025 10:00,Tamil Nadu,Coimbatore,1.04,5.74,1.04
07-04-2025 21:00,Kerala,Thrissur,3.1,5.87,-0.36
20-01-2025 04:00,Odisha,Bhubaneswar,7.96,6.53,0.19
04-08-2025 03:00,West Bengal,Howrah,7.84,6.44,-0.06
24-06-2025 07:00,Gujarat,Bharuch,5.31,5.64,0.53
19-08-2025 06:00,Odisha,Kendrapara,6.72,5.3,0.25
20-06-2025 02:00,Assam,Barpeta,5.09,5.18,0.11
03-03-2025 22:00,Tamil Nadu,Thanjavur,1.34,5.09,-0.2
03-06-2025 06:00,Gujarat,Rajkot,1.29,6.28,-0.03
12-01-2025 18:00,West Bengal,Kolkata,2.04,4.5,0.68
02-10-2025 03:00,West Bengal,Howrah,5.96,4.55,0.71
09-07-2025 22:00,Tamil Nadu,Chennai,6.65,5.74,0.46
29-06-2025 12:00,Tamil Nadu,Thanjavur,4.3,4.97,0.44
06-10-2025 12:00,Maharashtra,Nagpur,4.21,4.43,-0.34
22-07-2025 17:00,Bihar,Darbhanga,4.67,5.56,0.2
28-05-2025 09:00,Kerala,Alappuzha,7.85,5.48,0.69
11-06-2025 04:00,Uttar Pradesh,Prayagraj,5.68,6.3,-0.15
19-10-2025 19:00,Kerala,Kozhikode,7.1,6.33,1.5750000000000002
18-04-2025 13:00,Assam,Dhemaji,7.42,6.21,0.67
27-02-2025 00:00,Tamil Nadu,Coimbatore,1.41,6.37,-0.07
30-01-2026 13:00,Uttar Pradesh,Varanasi,3.01,6.08,-0.27
08-12-2025 13:00,Tamil Nadu,Thanjavur,5.35,4.4,0.15
25-01-2025 21:00,Uttar Pradesh,Varanasi,3.13,6.54,0.69
01-07-2025 07:00,Uttar Pradesh,Varanasi,8.53,6.95,0.57
22-09-2025 10:00,Tamil Nadu,Tiruppur,8.29,5.4,1.29
10-01-2026 00:00,Maharashtra,Pune,5.45,5.29,0.63
23-09-2025 19:00,Bihar,Gaya,3.25,5.17,0.08
18-07-2025 06:00,Assam,Dibrugarh,6.16,6.58,1.27
27-01-2025 22:00,Gujarat,Surat,6.24,4.08,0.31
23-09-2025 21:00,Odisha,Cuttack,7.01,4.19,0.35
10-11-2025 15:00,Bihar,Gaya,7.39,4.92,0.37
09-02-2026 01:00,Bihar,Muzaffarpur,7.08,4.78,0.3
08-09-2025 23:00,Odisha,Cuttack,5.66,4.8,-0.63
28-11-2025 10:00,Bihar,Bhagalpur,7.28,4.09,0.06
26-10-2025 13:00,Assam,Dibrugarh,1.89,6.47,0.5
25-05-2025 12:00,Tamil Nadu,Madurai,7.15,6.67,0.81
21-11-2025 21:00,Bihar,Bhagalpur,4.87,4.69,-0.3
17-11-2025 17:00,Uttar Pradesh,Lucknow,7.29,4.92,0.82
05-05-2025 14:00,Uttar Pradesh,Kanpur,3.1,5.37,0.73
27-01-2026 23:00,Tamil Nadu,Madurai,2.15,6.97,0.63
23-07-2025 03:00,Gujarat,Vadodara,5.67,4.02,0.23
17-04-2025 00:00,Gujarat,Vadodara,6.04,6.61,-0.2
25-12-2025 03:00,Kerala,Thrissur,6.92,5.79,1.16
11-08-2025 13:00,Tamil Nadu,Coimbatore,8.08,5.63,0.18
07-03-2025 07:00,Karnataka,Mangaluru,6.11,5.15,0.11
21-02-2026 10:00,Assam,Guwahati,1.71,6.51,0.9
19-06-2025 10:00,Assam,Guwahati,2.56,6.98,0.26
16-06-2025 04:00,West Bengal,Murshidabad,5.87,5.02,-0.07
20-10-2025 23:00,Maharashtra,Nashik,4.83,6.83,1.07
01-04-2025 00:00,Assam,Jorhat,5.84,6.32,0.17
29-01-2025 13:00,Kerala,Kochi,8.66,6.77,0.1
13-11-2025 18:00,Assam,Barpeta,7.33,4.13,0.77
21-11-2025 08:00,Bihar,Muzaffarpur,2.91,6.67,1.35
16-05-2025 03:00,Odisha,Balasore,8.29,4.52,-0.29
01-09-2025 12:00,Maharashtra,Kolhapur,3.75,6.06,-0.11
20-01-2026 03:00,Assam,Barpeta,7.34,5.5,-0.04
13-04-2025 13:00,Maharashtra,Mumbai,5.95,4.28,0.5
20-06-2025 03:00,Kerala,Kozhikode,3.44,4.47,-0.29
29-04-2025 05:00,Karnataka,Mysuru,3.33,4.63,0.51
04-06-2025 01:00,Assam,Dibrugarh,8.08,6.65,-0.66
25-10-2025 00:00,Odisha,Kendrapara,7.9,6.43,0.54
19-09-2025 03:00,Tamil Nadu,Coimbatore,7.33,4.67,0.36
25-07-2025 21:00,Gujarat,Rajkot,1.0,6.73,0.42
05-09-2025 18:00,Kerala,Kozhikode,7.63,6.08,-0.28
10-07-2025 23:00,Odisha,Puri,7.8,4.71,0.61
30-08-2025 00:00,West Bengal,Kolkata,2.84,6.09,-0.25
18-06-2025 08:00,Uttar Pradesh,Lucknow,6.7,5.81,0.47
03-04-2025 22:00,Kerala,Kozhikode,8.97,6.84,0.9
12-11-2025 09:00,Bihar,Gaya,7.36,5.87,0.66
08-02-2025 23:00,Tamil Nadu,Madurai,3.5,5.0,-0.31
07-04-2025 16:00,Assam,Jorhat,7.1,6.58,-0.34
23-07-2025 06:00,Gujarat,Bharuch,7.94,5.06,0.35
22-01-2025 17:00,Assam,Barpeta,4.68,6.08,0.46
22-01-2025 18:00,Maharashtra,Mumbai,5.75,6.82,0.13
11-08-2025 17:00,Tamil Nadu,Madurai,6.73,4.34,0.06
16-02-2026 12:00,Odisha,Cuttack,8.81,5.57,0.54
20-05-2025 23:00,Uttar Pradesh,Kanpur,7.49,4.23,0.52
24-02-2025 15:00,Kerala,Kottayam,1.13,4.13,0.53
15-06-2025 23:00,West Bengal,Murshidabad,5.63,5.97,-0.31
28-09-2025 14:00,Gujarat,Rajkot,3.0,6.39,1.42
03-02-2026 08:00,Assam,Guwahati,7.75,4.47,0.65
13-03-2025 12:00,Tamil Nadu,Tiruppur,1.28,6.15,0.38
02-02-2025 12:00,Odisha,Bhubaneswar,7.06,6.11,0.03
02-01-2026 14:00,Odisha,Cuttack,3.51,6.85,-0.32
09-12-2025 23:00,Gujarat,Rajkot,8.59,4.39,-0.36
22-08-2025 15:00,West Bengal,Kolkata,2.46,5.8,-0.44
07-09-2025 02:00,Uttar Pradesh,Gorakhpur,7.94,6.5,0.36
28-01-2025 03:00,Kerala,Kozhikode,2.23,5.65,0.36
06-06-2025 03:00,Uttar Pradesh,Varanasi,5.53,4.62,1.18
02-04-2025 12:00,Odisha,Kendrapara,1.91,5.68,0.26
17-12-2025 18:00,Maharashtra,Nagpur,2.28,6.88,0.74
16-01-2025 09:00,Odisha,Puri,5.41,5.06,0.34
16-02-2026 20:00,Kerala,Alappuzha,8.03,5.45,-0.865
30-11-2025 13:00,Kerala,Thrissur,3.91,6.74,1.5750000000000002
25-06-2025 14:00,West Bengal,Darjeeling,6.97,6.38,0.4
16-01-2025 17:00,Kerala,Kozhikode,5.84,5.25,-0.49
29-01-2026 14:00,Bihar,Gaya,2.47,4.72,-0.12
03-04-2025 08:00,Assam,Barpeta,6.56,5.74,0.21
28-12-2025 18:00,Gujarat,Bharuch,5.68,5.33,-0.83
09-03-2025 05:00,Kerala,Kozhikode,2.71,5.33,0.62
18-10-2025 19:00,Karnataka,Kodagu,1.54,4.17,0.17
11-11-2025 13:00,Karnataka,Udupi,3.67,5.04,0.2
18-03-2025 03:00,Gujarat,Vadodara,6.46,5.21,1.17
01-06-2025 08:00,Bihar,Patna,4.77,4.2,-0.28
10-02-2025 02:00,Assam,Dibrugarh,1.25,6.01,0.91
05-05-2025 17:00,Odisha,Puri,8.98,4.74,-0.04
03-10-2025 06:00,Karnataka,Kodagu,5.99,6.14,0.76
08-02-2026 00:00,Assam,Jorhat,4.23,6.41,0.74
10-04-2025 00:00,Assam,Guwahati,1.1,5.41,0.74
06-01-2026 00:00,Tamil Nadu,Coimbatore,3.04,6.74,0.14
15-01-2025 23:00,Tamil Nadu,Coimbatore,2.26,6.21,0.08
09-06-2025 23:00,Karnataka,Mysuru,4.07,4.27,1.16
08-12-2025 00:00,Bihar,Bhagalpur,5.41,4.43,-0.15
21-02-2025 22:00,Maharashtra,Nashik,5.79,6.68,-0.59
09-11-2025 16:00,Gujarat,Vadodara,1.01,6.78,0.64
14-12-2025 21:00,Odisha,Cuttack,8.76,6.22,0.33
29-09-2025 07:00,West Bengal,Howrah,8.22,4.92,0.18
31-07-2025 23:00,Gujarat,Ahmedabad,1.82,5.21,-0.02
03-06-2025 22:00,Odisha,Cuttack,4.9,4.55,0.76
07-03-2025 13:00,Uttar Pradesh,Kanpur,3.16,4.16,0.82
19-09-2025 17:00,West Bengal,Darjeeling,3.98,5.68,0.46
15-08-2025 15:00,Uttar Pradesh,Kanpur,1.32,5.86,0.05
17-04-2025 23:00,Karnataka,Udupi,8.09,4.04,0.72
23-05-2025 15:00,Uttar Pradesh,Lucknow,3.04,6.2,0.58
26-03-2025 21:00,Karnataka,Mysuru,4.11,6.75,0.2
21-01-2026 03:00,Uttar Pradesh,Gorakhpur,2.98,5.7,0.74
02-02-2025 04:00,Tamil Nadu,Tiruppur,4.64,5.68,-0.08
13-08-2025 04:00,Gujarat,Bharuch,7.02,6.47,0.33
03-02-2026 16:00,Bihar,Darbhanga,4.89,5.86,0.7
29-05-2025 10:00,Bihar,Gaya,1.63,5.41,-0.04
24-01-2025 10:00,Karnataka,Mysuru,1.11,4.74,0.19
06-10-2025 11:00,Maharashtra,Nagpur,4.63,6.31,0.76
17-04-2025 02:00,Assam,Guwahati,5.15,4.27,0.12
18-08-2025 14:00,Uttar Pradesh,Prayagraj,7.14,5.49,0.26
11-08-2025 02:00,Kerala,Kochi,8.13,5.66,0.44
07-02-2026 19:00,Gujarat,Rajkot,8.2,6.45,-0.02
08-07-2025 19:00,Bihar,Darbhanga,3.83,5.31,0.03
11-03-2025 18:00,Assam,Dibrugarh,4.09,6.95,0.4
05-11-2025 03:00,West Bengal,Kolkata,6.98,4.28,0.54
16-01-2025 05:00,Tamil Nadu,Thanjavur,8.58,6.09,0.81
01-12-2025 00:00,Odisha,Bhubaneswar,6.74,6.28,0.25
26-01-2026 16:00,Uttar Pradesh,Prayagraj,3.76,4.18,0.74
30-06-2025 07:00,Bihar,Patna,2.72,5.08,0.87
20-02-2026 23:00,Karnataka,Mysuru,7.64,4.3,-0.06
07-01-2025 03:00,Uttar Pradesh,Gorakhpur,6.74,4.94,0.66
11-03-2025 12:00,Karnataka,Bengaluru,3.98,4.0,1.39
09-05-2025 16:00,Assam,Jorhat,8.91,4.86,-0.09
04-01-2026 12:00,Uttar Pradesh,Lucknow,1.58,5.08,0.67
15-11-2025 18:00,Gujarat,Vadodara,3.55,6.22,0.04
17-01-2025 23:00,Gujarat,Surat,8.86,4.0,0.84
04-02-2026 08:00,Maharashtra,Mumbai,2.31,5.13,0.0
21-11-2025 12:00,West Bengal,Howrah,4.92,5.62,-0.19
25-05-2025 00:00,Gujarat,Bharuch,8.57,4.55,0.97
15-09-2025 18:00,Assam,Dibrugarh,2.02,5.52,0.3
24-06-2025 06:00,Maharashtra,Mumbai,1.67,5.4,1.13
30-05-2025 00:00,Bihar,Bhagalpur,7.74,5.52,1.13
17-05-2025 07:00,Kerala,Kochi,3.22,6.94,0.58
25-07-2025 20:00,Uttar Pradesh,Prayagraj,1.82,4.29,0.17
12-02-2025 23:00,Assam,Dhemaji,8.01,4.29,-0.04
05-01-2026 16:00,Odisha,Bhubaneswar,5.15,6.11,0.62
17-09-2025 14:00,Tamil Nadu,Madurai,2.29,5.42,0.13
02-10-2025 16:00,Assam,Guwahati,8.35,4.86,0.94
07-01-2026 02:00,Gujarat,Surat,3.73,5.58,0.6
13-02-2026 19:00,Tamil Nadu,Madurai,1.23,6.33,0.6
08-10-2025 04:00,Uttar Pradesh,Varanasi,6.07,4.42,0.62
01-12-2025 13:00,Odisha,Kendrapara,6.5,6.02,0.95
02-12-2025 12:00,West Bengal,Malda,3.57,6.39,0.33
05-02-2025 15:00,Tamil Nadu,Tiruppur,5.55,4.64,0.48
13-06-2025 14:00,Gujarat,Bharuch,5.52,5.07,1.45
23-12-2025 03:00,Odisha,Bhubaneswar,8.01,5.71,0.66
04-01-2025 06:00,Tamil Nadu,Madurai,4.53,6.3,0.77
23-10-2025 08:00,Gujarat,Surat,5.39,5.56,0.61
04-04-2025 15:00,Tamil Nadu,Tiruppur,4.51,6.89,1.0
11-12-2025 07:00,Gujarat,Bharuch,6.92,6.6,0.33
17-06-2025 18:00,Assam,Guwahati,1.81,6.44,-0.22
19-02-2026 13:00,Kerala,Kochi,3.57,6.15,0.69
03-02-2026 19:00,Uttar Pradesh,Kanpur,1.98,4.45,0.03
23-01-2026 07:00,Assam,Guwahati,3.28,6.95,0.71
30-01-2025 18:00,Odisha,Kendrapara,8.14,5.26,0.32
07-11-2025 11:00,Assam,Guwahati,8.56,6.72,1.01
02-02-2025 20:00,Odisha,Balasore,1.91,5.57,-0.79
05-04-2025 23:00,Assam,Dhemaji,6.67,4.82,0.46
20-06-2025 15:00,Karnataka,Mangaluru,4.77,4.24,0.56
12-06-2025 09:00,Maharashtra,Nagpur,3.99,5.51,0.23
28-11-2025 00:00,Assam,Guwahati,4.38,4.42,0.29
27-10-2025 01:00,West Bengal,Howrah,1.21,4.11,0.42
14-01-2026 04:00,Tamil Nadu,Chennai,1.45,5.09,0.24
29-01-2026 20:00,Bihar,Muzaffarpur,8.46,4.36,-0.36
01-06-2025 07:00,Gujarat,Rajkot,8.08,4.91,0.32
26-12-2025 08:00,West Bengal,Kolkata,5.48,5.2,0.36
01-11-2025 01:00,Maharashtra,Nashik,5.06,4.41,0.25
19-09-2025 08:00,Uttar Pradesh,Varanasi,4.24,6.8,0.02
18-01-2025 16:00,Gujarat,Surat,6.48,6.14,0.38
17-01-2025 08:00,Tamil Nadu,Chennai,8.11,6.34,-0.23
13-05-2025 23:00,Uttar Pradesh,Lucknow,2.38,6.57,-0.45
01-01-2025 16:00,Kerala,Thrissur,5.86,4.37,0.87
21-09-2025 23:00,Uttar Pradesh,Prayagraj,3.55,5.59,0.71
25-06-2025 00:00,Bihar,Bhagalpur,1.76,6.03,0.32
22-04-2025 08:00,West Bengal,Murshidabad,7.78,4.41,0.75
12-04-2025 20:00,Gujarat,Ahmedabad,7.5,6.41,-0.19
07-10-2025 01:00,Kerala,Thrissur,2.92,4.89,-0.63
14-09-2025 20:00,Gujarat,Rajkot,7.9,4.48,0.47
19-04-2025 09:00,Kerala,Kottayam,4.42,5.92,0.49
26-05-2025 13:00,Assam,Dibrugarh,3.63,5.77,0.43
09-09-2025 20:00,West Bengal,Kolkata,5.35,5.88,0.03
02-03-2025 19:00,Tamil Nadu,Coimbatore,2.19,4.54,0.3
08-06-2025 12:00,Karnataka,Bengaluru,4.75,4.6,0.12
15-02-2026 05:00,Karnataka,Udupi,7.13,4.32,0.06
05-11-2025 02:00,Tamil Nadu,Madurai,2.77,6.32,0.22
21-07-2025 15:00,Karnataka,Bengaluru,8.82,4.68,0.76
04-12-2025 23:00,Bihar,Patna,7.91,6.12,0.37
09-06-2025 19:00,West Bengal,Murshidabad,8.74,6.03,0.33
24-01-2026 01:00,Tamil Nadu,Madurai,7.19,4.92,-0.01
25-08-2025 19:00,Odisha,Puri,7.54,6.57,0.71
31-12-2025 12:00,Tamil Nadu,Tiruppur,2.83,4.28,-0.68
31-08-2025 19:00,Bihar,Muzaffarpur,3.98,5.22,0.04
11-02-2026 04:00,Odisha,Balasore,1.54,5.99,0.09
16-07-2025 20:00,Maharashtra,Pune,2.91,4.88,0.73
31-12-2025 23:00,Uttar Pradesh,Prayagraj,5.61,5.88,0.02
03-09-2025 07:00,Karnataka,Kodagu,8.71,6.78,0.93
09-04-2025 03:00,West Bengal,Murshidabad,2.6,5.67,0.13
09-09-2025 12:00,West Bengal,Murshidabad,8.54,5.18,0.8
19-07-2025 22:00,West Bengal,Kolkata,8.49,5.34,0.67
12-04-2025 18:00,Bihar,Darbhanga,6.63,6.34,0.66
27-12-2025 05:00,Odisha,Balasore,7.75,5.41,0.29
11-07-2025 08:00,Odisha,Cuttack,6.93,4.53,0.94
01-01-2026 12:00,Kerala,Alappuzha,8.47,5.15,0.0
20-01-2025 08:00,Gujarat,Vadodara,7.49,5.84,0.49
07-01-2025 19:00,Maharashtra,Nagpur,8.49,4.73,-0.07
21-01-2026 21:00,Kerala,Alappuzha,3.21,6.04,-0.05
29-01-2026 01:00,Odisha,Puri,8.72,4.52,0.73
17-12-2025 05:00,Kerala,Kozhikode,8.39,5.89,0.24
12-02-2026 09:00,Odisha,Bhubaneswar,2.72,5.42,0.15
30-01-2026 22:00,Tamil Nadu,Tiruppur,1.87,5.0,1.06
04-11-2025 12:00,Gujarat,Bharuch,1.14,6.09,0.52
04-10-2025 12:00,Gujarat,Bharuch,7.7,6.34,-0.47
11-01-2025 01:00,Karnataka,Mangaluru,8.29,5.52,0.9
25-03-2025 17:00,Gujarat,Vadodara,8.15,4.75,0.71
22-09-2025 20:00,Bihar,Gaya,4.4,4.72,0.31
09-05-2025 12:00,Uttar Pradesh,Varanasi,3.51,5.47,0.17
16-09-2025 16:00,Gujarat,Ahmedabad,8.87,4.25,-0.14
07-02-2025 12:00,Karnataka,Mangaluru,5.12,6.36,0.22
19-08-2025 22:00,West Bengal,Darjeeling,2.31,4.94,0.24
08-09-2025 07:00,Assam,Jorhat,5.86,6.95,0.52
15-11-2025 06:00,Kerala,Kochi,2.27,4.35,1.12
11-10-2025 01:00,Assam,Dibrugarh,4.11,5.08,0.63
05-01-2026 13:00,Uttar Pradesh,Lucknow,2.97,5.29,0.08
20-11-2025 06:00,Karnataka,Mangaluru,7.32,6.54,0.49
21-07-2025 13:00,Odisha,Puri,5.64,6.27,0.32
06-04-2025 13:00,West Bengal,Darjeeling,1.21,4.64,0.69
30-09-2025 20:00,West Bengal,Malda,4.25,5.29,0.26
26-11-2025 02:00,Karnataka,Kodagu,1.83,6.82,-0.07
29-11-2025 09:00,Bihar,Gaya,1.91,5.52,-0.26
06-07-2025 17:00,West Bengal,Darjeeling,4.23,6.01,0.5
09-08-2025 22:00,Kerala,Thrissur,3.28,6.74,0.23
11-07-2025 21:00,Uttar Pradesh,Kanpur,7.0,4.82,0.32
04-06-2025 20:00,Tamil Nadu,Tiruppur,8.35,4.72,0.49
13-01-2026 23:00,West Bengal,Kolkata,5.86,5.94,0.82
13-09-2025 20:00,Bihar,Darbhanga,8.6,4.85,0.16
15-03-2025 12:00,Assam,Barpeta,4.49,5.95,-0.03
02-10-2025 22:00,Kerala,Thrissur,4.17,5.59,0.43
06-03-2025 13:00,Karnataka,Mysuru,6.28,4.52,0.43
07-05-2025 05:00,Odisha,Puri,6.94,4.0,0.67
27-12-2025 13:00,West Bengal,Murshidabad,4.51,6.67,-0.38
20-09-2025 10:00,West Bengal,Darjeeling,2.43,6.05,0.57
05-10-2025 14:00,West Bengal,Murshidabad,4.07,4.24,-0.03
04-10-2025 02:00,Bihar,Bhagalpur,1.7,6.2,-0.09
27-03-2025 04:00,Tamil Nadu,Madurai,5.08,5.64,0.16
01-02-2025 23:00,West Bengal,Kolkata,6.54,4.59,0.23
26-08-2025 05:00,Karnataka,Mysuru,3.9,4.25,-0.22
24-11-2025 22:00,Karnataka,Mangaluru,7.72,5.91,0.34
21-11-2025 19:00,Kerala,Thrissur,3.91,6.48,0.4
04-03-2025 20:00,Tamil Nadu,Chennai,2.07,4.6,1.22
29-10-2025 06:00,Kerala,Kozhikode,5.5,4.76,0.16
24-11-2025 09:00,Karnataka,Bengaluru,3.54,4.48,0.57
18-05-2025 14:00,Assam,Dibrugarh,7.09,5.0,0.9
08-07-2025 05:00,Maharashtra,Mumbai,1.31,4.99,0.5
25-06-2025 19:00,Assam,Barpeta,1.28,4.79,-0.67
14-01-2026 06:00,Kerala,Kottayam,1.14,4.15,0.25
19-02-2026 04:00,Odisha,Bhubaneswar,2.03,6.59,1.49
18-05-2025 04:00,Kerala,Kottayam,6.42,4.99,0.64
04-02-2025 03:00,Karnataka,Bengaluru,2.48,4.53,0.2
28-02-2025 11:00,Assam,Jorhat,3.0,6.13,0.85
27-02-2025 14:00,Kerala,Kottayam,4.7,5.39,0.64
31-03-2025 12:00,Assam,Dibrugarh,3.94,5.62,0.25
16-10-2025 16:00,Tamil Nadu,Thanjavur,2.62,4.62,0.69
25-08-2025 07:00,Uttar Pradesh,Varanasi,1.46,4.72,0.37
10-03-2025 06:00,Odisha,Balasore,6.81,6.5,1.14
03-09-2025 11:00,Uttar Pradesh,Gorakhpur,3.48,6.67,-0.17
06-11-2025 11:00,Assam,Guwahati,1.16,4.93,0.73
26-01-2025 08:00,West Bengal,Malda,7.01,4.65,-0.27
15-10-2025 19:00,Bihar,Gaya,7.73,5.73,-0.29
17-01-2025 15:00,Bihar,Patna,8.63,5.37,-0.63
29-10-2025 23:00,Maharashtra,Nagpur,1.45,5.46,0.28
24-09-2025 22:00,Maharashtra,Pune,7.62,6.8,0.38
06-02-2025 18:00,Kerala,Kozhikode,4.65,5.89,-0.06
29-05-2025 13:00,Kerala,Kochi,2.6,6.35,-0.73
28-06-2025 13:00,West Bengal,Malda,1.45,4.41,-0.06
19-02-2025 03:00,Uttar Pradesh,Lucknow,3.58,4.3,0.51
16-08-2025 00:00,Odisha,Kendrapara,7.48,5.09,0.24
26-06-2025 20:00,West Bengal,Howrah,5.2,5.72,0.13
06-08-2025 10:00,Tamil Nadu,Coimbatore,6.19,4.13,0.06
15-06-2025 16:00,Odisha,Balasore,1.28,5.98,-0.43
30-03-2025 18:00,Gujarat,Vadodara,7.75,4.17,0.56
31-07-2025 14:00,Tamil Nadu,Tiruppur,6.0,5.43,0.61
20-01-2025 00:00,Kerala,Kottayam,2.48,4.25,0.33
21-08-2025 14:00,Tamil Nadu,Chennai,2.29,4.33,0.25
04-08-2025 15:00,Odisha,Bhubaneswar,3.55,4.55,0.36
23-03-2025 06:00,Uttar Pradesh,Prayagraj,3.99,6.14,0.4
12-08-2025 20:00,West Bengal,Malda,6.03,4.67,0.11
29-01-2025 17:00,Kerala,Kochi,7.92,4.54,0.69
04-01-2026 20:00,Tamil Nadu,Coimbatore,8.93,5.66,-0.38
29-09-2025 21:00,Uttar Pradesh,Varanasi,4.77,5.91,0.47
14-02-2026 05:00,Odisha,Balasore,6.52,5.54,0.34
28-09-2025 08:00,Karnataka,Mangaluru,5.94,4.49,-0.09
16-10-2025 09:00,Odisha,Balasore,8.13,5.16,0.93
23-03-2025 09:00,Gujarat,Vadodara,1.85,4.22,0.18
15-11-2025 02:00,West Bengal,Murshidabad,5.67,6.05,-0.34
23-08-2025 20:00,Uttar Pradesh,Prayagraj,7.19,6.06,0.46
26-10-2025 02:00,Uttar Pradesh,Gorakhpur,6.03,6.5,0.12
18-12-2025 00:00,Karnataka,Kodagu,4.97,5.52,0.53
03-10-2025 10:00,Maharashtra,Pune,1.22,4.29,0.7
23-04-2025 22:00,Assam,Barpeta,6.2,6.81,0.84
30-12-2025 18:00,Gujarat,Ahmedabad,1.31,4.41,0.3
14-05-2025 09:00,Karnataka,Bengaluru,3.02,4.6,1.06
01-07-2025 05:00,Assam,Dhemaji,3.62,5.22,0.32
22-06-2025 10:00,Tamil Nadu,Chennai,1.87,5.85,1.32
20-03-2025 12:00,Kerala,Thrissur,6.51,4.63,0.1
26-12-2025 23:00,Uttar Pradesh,Prayagraj,5.2,6.66,0.42
06-07-2025 21:00,Bihar,Darbhanga,2.88,5.05,0.08
14-04-2025 22:00,Karnataka,Bengaluru,4.28,5.31,-0.18
05-09-2025 19:00,Gujarat,Ahmedabad,8.2,4.81,-0.23
07-05-2025 12:00,Karnataka,Mysuru,3.93,6.3,0.22
29-08-2025 17:00,Odisha,Balasore,3.08,6.96,0.15
31-05-2025 03:00,Gujarat,Bharuch,8.3,6.66,0.56
05-02-2025 05:00,Bihar,Gaya,8.01,4.88,-0.51
23-01-2025 14:00,Bihar,Patna,8.68,6.99,0.8
05-06-2025 04:00,Assam,Dhemaji,3.25,4.51,1.1
24-06-2025 11:00,West Bengal,Howrah,1.83,4.8,0.15
03-06-2025 07:00,Bihar,Darbhanga,4.63,5.69,0.06
06-01-2026 19:00,West Bengal,Murshidabad,6.75,4.0,1.16
28-11-2025 23:00,Odisha,Balasore,5.54,5.04,0.35
20-12-2025 13:00,Gujarat,Rajkot,3.04,6.64,-0.21
11-09-2025 03:00,Odisha,Bhubaneswar,2.65,5.53,1.12
02-11-2025 20:00,Maharashtra,Kolhapur,6.5,6.43,0.75
09-12-2025 17:00,Uttar Pradesh,Lucknow,2.11,6.74,0.41
29-10-2025 22:00,Maharashtra,Nashik,6.29,6.58,0.06
09-02-2026 14:00,Uttar Pradesh,Prayagraj,6.63,5.46,0.31
12-12-2025 10:00,Bihar,Muzaffarpur,3.55,5.54,0.32
25-10-2025 09:00,Maharashtra,Nashik,6.98,6.44,0.22
04-05-2025 12:00,Gujarat,Surat,8.96,5.08,-0.01
11-11-2025 23:00,Assam,Dhemaji,2.42,6.88,0.88
16-04-2025 09:00,West Bengal,Howrah,5.65,5.98,1.15
31-10-2025 12:00,Assam,Dhemaji,4.07,5.91,0.55
29-08-2025 12:00,Bihar,Bhagalpur,8.2,4.79,0.48
13-02-2025 16:00,Kerala,Kozhikode,4.87,4.62,0.72
21-10-2025 13:00,Assam,Dhemaji,3.2,6.93,-0.11
23-03-2025 16:00,Tamil Nadu,Madurai,5.97,6.42,0.74
16-04-2025 10:00,Odisha,Kendrapara,4.51,4.24,0.5
13-01-2026 00:00,Assam,Dhemaji,1.25,4.27,-0.22
13-11-2025 19:00,Odisha,Cuttack,8.77,6.02,-0.23
29-09-2025 20:00,Karnataka,Bengaluru,7.26,4.14,0.84
10-01-2025 21:00,Uttar Pradesh,Varanasi,3.69,5.21,0.11
24-07-2025 21:00,West Bengal,Howrah,3.37,6.93,1.5750000000000002
27-09-2025 23:00,Gujarat,Surat,5.31,4.46,0.77
17-02-2025 05:00,West Bengal,Kolkata,4.11,6.86,0.5
18-10-2025 16:00,Karnataka,Kodagu,3.31,4.52,0.43
03-09-2025 21:00,Kerala,Alappuzha,1.57,4.89,0.7
13-01-2026 09:00,Uttar Pradesh,Varanasi,8.19,4.38,0.6
27-06-2025 11:00,Odisha,Balasore,3.56,5.9,0.7
04-01-2026 08:00,Assam,Dibrugarh,5.75,6.44,0.77
18-10-2025 05:00,Assam,Barpeta,4.51,6.87,0.94
20-02-2026 19:00,Odisha,Puri,4.68,6.85,0.25
03-02-2025 00:00,Karnataka,Bengaluru,5.84,6.51,0.38
24-03-2025 17:00,Tamil Nadu,Coimbatore,1.69,5.66,0.6
24-08-2025 16:00,Kerala,Kozhikode,1.43,4.09,-0.12
31-12-2025 03:00,Bihar,Gaya,1.04,6.65,0.01
27-11-2025 15:00,Tamil Nadu,Thanjavur,5.43,6.59,-0.2
12-09-2025 01:00,Bihar,Gaya,5.49,4.73,0.28
04-09-2025 03:00,Tamil Nadu,Coimbatore,1.85,6.79,0.03
04-11-2025 05:00,Gujarat,Bharuch,3.15,4.56,0.08
05-12-2025 16:00,Gujarat,Rajkot,6.34,6.54,0.8
05-05-2025 02:00,Uttar Pradesh,Prayagraj,5.36,5.58,0.78
05-01-2026 05:00,Uttar Pradesh,Kanpur,2.89,6.74,0.47
23-01-2026 13:00,Karnataka,Udupi,1.16,4.41,0.31
08-10-2025 01:00,Bihar,Gaya,1.51,5.18,0.57
23-11-2025 18:00,Gujarat,Rajkot,5.63,6.3,-0.26
19-08-2025 04:00,Kerala,Kochi,3.52,4.89,-0.55
30-12-2025 09:00,Karnataka,Udupi,1.22,6.75,-0.61
18-12-2025 07:00,Bihar,Bhagalpur,8.12,6.43,0.92
11-01-2026 08:00,Kerala,Kochi,2.53,5.33,0.38
25-12-2025 11:00,Bihar,Gaya,7.76,4.47,0.19
26-10-2025 22:00,Tamil Nadu,Coimbatore,3.16,6.85,0.92
13-06-2025 07:00,Uttar Pradesh,Kanpur,8.26,4.23,0.49
11-05-2025 18:00,Uttar Pradesh,Kanpur,8.71,5.38,0.38
28-01-2026 08:00,West Bengal,Malda,6.16,5.39,0.52
18-02-2026 21:00,Tamil Nadu,Coimbatore,4.68,4.82,0.99
30-08-2025 05:00,Bihar,Darbhanga,7.42,6.51,0.8
19-06-2025 17:00,West Bengal,Kolkata,8.56,6.41,0.14
17-05-2025 23:00,Tamil Nadu,Madurai,2.01,4.29,0.19
15-05-2025 13:00,Bihar,Gaya,3.66,6.14,0.03
18-03-2025 02:00,Tamil Nadu,Madurai,8.97,5.28,1.06
20-08-2025 04:00,Odisha,Cuttack,7.88,6.62,0.84
25-01-2025 17:00,Karnataka,Mangaluru,5.19,5.25,-0.09
24-04-2025 13:00,Karnataka,Udupi,8.21,5.11,0.32
22-06-2025 09:00,Assam,Jorhat,8.93,5.14,-0.24
24-01-2025 08:00,Maharashtra,Nagpur,4.92,6.37,0.04
05-11-2025 14:00,Gujarat,Surat,1.43,6.35,0.89
02-01-2026 22:00,Assam,Guwahati,1.85,4.52,0.58
16-12-2025 10:00,Maharashtra,Nagpur,8.15,6.43,0.1
11-01-2025 03:00,Bihar,Bhagalpur,7.74,4.62,0.19
30-10-2025 20:00,Kerala,Kottayam,1.74,4.55,0.54
15-08-2025 11:00,Odisha,Balasore,8.69,6.37,0.62
04-07-2025 21:00,Uttar Pradesh,Prayagraj,4.05,5.25,1.18
08-02-2026 12:00,Assam,Guwahati,8.19,6.06,0.38
04-12-2025 18:00,Odisha,Balasore,1.02,4.63,0.89
17-01-2025 21:00,Odisha,Kendrapara,7.82,6.34,0.11
02-03-2025 02:00,Bihar,Patna,1.65,6.73,0.11
11-01-2025 21:00,Kerala,Kochi,2.94,5.6,0.62
03-07-2025 14:00,Maharashtra,Pune,5.47,4.21,0.69
15-11-2025 01:00,Karnataka,Mangaluru,3.29,6.18,-0.22
02-02-2026 05:00,Odisha,Puri,2.04,4.45,-0.54
12-03-2025 09:00,Assam,Dhemaji,2.29,5.24,-0.06
16-02-2026 02:00,Gujarat,Bharuch,1.89,5.97,0.38
13-03-2025 21:00,Assam,Guwahati,1.83,4.04,0.14
10-01-2026 18:00,Uttar Pradesh,Prayagraj,1.59,4.33,-0.11
25-07-2025 10:00,Uttar Pradesh,Prayagraj,4.15,5.64,0.76
06-09-2025 10:00,Karnataka,Mysuru,7.98,6.62,0.14
15-04-2025 00:00,Karnataka,Mysuru,1.17,6.42,0.14
11-01-2026 14:00,Gujarat,Vadodara,4.52,6.47,0.18
15-10-2025 16:00,Maharashtra,Pune,6.32,6.96,0.18
12-09-2025 10:00,Uttar Pradesh,Kanpur,6.45,5.7,0.93
08-12-2025 16:00,Odisha,Puri,6.3,5.54,0.53
15-01-2025 04:00,Odisha,Cuttack,8.87,4.93,0.3
11-04-2025 08:00,Uttar Pradesh,Lucknow,3.08,5.58,-0.12
08-03-2025 17:00,Bihar,Darbhanga,7.57,4.72,0.0
16-02-2026 00:00,Uttar Pradesh,Gorakhpur,1.41,4.48,-0.41
15-12-2025 07:00,Gujarat,Bharuch,2.0,6.68,-0.24
29-08-2025 22:00,Kerala,Thrissur,3.92,4.04,1.06
10-07-2025 16:00,Kerala,Kochi,6.08,5.05,0.59
29-11-2025 03:00,Bihar,Gaya,5.12,5.59,0.16
05-06-2025 05:00,Assam,Jorhat,2.57,6.85,-0.25
17-04-2025 12:00,Odisha,Puri,8.5,4.33,0.21
27-04-2025 01:00,Assam,Barpeta,8.36,6.36,0.78
05-03-2025 11:00,Karnataka,Mangaluru,3.58,5.35,0.53
18-11-2025 13:00,Maharashtra,Kolhapur,5.33,6.99,0.9
15-04-2025 11:00,West Bengal,Malda,2.47,4.48,-0.04
28-04-2025 23:00,Uttar Pradesh,Prayagraj,7.01,4.01,0.7
12-02-2025 04:00,West Bengal,Malda,7.08,4.51,0.07
09-08-2025 00:00,Gujarat,Ahmedabad,6.31,6.23,0.59
23-07-2025 23:00,Kerala,Alappuzha,3.96,4.97,-0.75
15-03-2025 14:00,Assam,Jorhat,8.66,5.85,0.68
09-07-2025 15:00,Kerala,Thrissur,9.0,4.96,0.38
24-10-2025 17:00,Tamil Nadu,Tiruppur,3.44,4.9,0.63
30-09-2025 21:00,Odisha,Puri,8.56,5.25,-0.17
18-06-2025 05:00,Bihar,Darbhanga,2.51,6.7,0.34
11-12-2025 14:00,Tamil Nadu,Madurai,4.04,5.44,0.69
07-01-2025 04:00,Maharashtra,Mumbai,8.37,5.03,0.76
12-01-2025 21:00,Bihar,Darbhanga,1.18,4.14,0.31
22-11-2025 00:00,Assam,Barpeta,3.97,4.19,-0.18
07-02-2026 03:00,Bihar,Gaya,8.88,6.83,0.03
16-01-2025 03:00,West Bengal,Murshidabad,6.64,4.65,1.33
12-08-2025 15:00,Odisha,Kendrapara,2.25,4.79,0.79
19-02-2026 09:00,Tamil Nadu,Chennai,1.01,4.3,0.08
17-12-2025 10:00,Karnataka,Bengaluru,4.99,4.85,0.34
29-01-2026 21:00,Uttar Pradesh,Lucknow,3.86,6.31,-0.56
16-07-2025 21:00,West Bengal,Howrah,4.58,4.98,1.47
30-10-2025 23:00,Gujarat,Ahmedabad,2.85,4.87,0.05
10-10-2025 02:00,Uttar Pradesh,Kanpur,5.8,6.61,0.1
05-07-2025 03:00,Bihar,Muzaffarpur,8.56,6.52,0.6
07-11-2025 06:00,Karnataka,Mysuru,2.46,4.37,0.86
10-01-2025 20:00,Odisha,Cuttack,8.95,5.88,0.79
18-11-2025 05:00,Maharashtra,Kolhapur,3.85,5.83,0.02
04-02-2026 09:00,Tamil Nadu,Madurai,5.42,4.73,0.68
17-04-2025 18:00,Assam,Jorhat,4.15,6.98,0.52
24-10-2025 19:00,Tamil Nadu,Coimbatore,5.17,6.31,0.46
22-12-2025 16:00,Gujarat,Bharuch,3.3,4.95,0.6
05-02-2026 02:00,West Bengal,Darjeeling,1.16,4.66,-0.34
18-08-2025 23:00,Uttar Pradesh,Gorakhpur,3.34,4.99,0.4
05-02-2026 13:00,Assam,Jorhat,7.29,6.07,0.05
09-05-2025 11:00,Assam,Guwahati,6.47,5.0,0.36
04-05-2025 07:00,Karnataka,Bengaluru,8.07,5.81,-0.13
29-03-2025 14:00,Odisha,Kendrapara,6.23,4.7,0.48
27-01-2025 08:00,Uttar Pradesh,Gorakhpur,6.31,6.53,0.05
11-10-2025 21:00,West Bengal,Darjeeling,4.61,4.71,-0.11
14-04-2025 21:00,Assam,Dibrugarh,5.62,4.39,0.29
22-04-2025 01:00,Bihar,Muzaffarpur,2.71,5.58,0.02
20-12-2025 22:00,Assam,Dhemaji,7.72,6.22,0.9
18-12-2025 01:00,Tamil Nadu,Thanjavur,3.6,4.95,0.56
22-01-2026 02:00,Tamil Nadu,Madurai,4.61,4.5,0.4
25-06-2025 11:00,Karnataka,Mysuru,5.58,4.88,-0.2
11-06-2025 10:00,West Bengal,Murshidabad,1.62,5.21,0.28
28-04-2025 09:00,Tamil Nadu,Tiruppur,6.54,4.07,0.29
11-12-2025 12:00,Bihar,Bhagalpur,7.46,5.43,0.11
13-02-2026 23:00,Kerala,Kozhikode,7.22,6.45,0.35
06-11-2025 10:00,Gujarat,Vadodara,8.37,6.4,0.29
25-12-2025 10:00,Assam,Dibrugarh,6.37,5.05,0.35
20-12-2025 03:00,Bihar,Gaya,2.67,4.16,0.8
14-03-2025 07:00,Odisha,Bhubaneswar,1.03,5.83,0.75
05-11-2025 05:00,Tamil Nadu,Thanjavur,4.61,4.08,0.24
27-06-2025 07:00,Gujarat,Surat,1.05,5.07,-0.57
12-12-2025 08:00,Gujarat,Rajkot,1.88,4.58,-0.27
14-04-2025 03:00,West Bengal,Howrah,8.28,4.2,0.21
21-02-2026 00:00,West Bengal,Howrah,8.26,5.86,0.53
04-06-2025 17:00,Gujarat,Vadodara,7.38,5.66,0.35
10-01-2026 02:00,Tamil Nadu,Chennai,7.1,5.24,0.11
17-03-2025 04:00,Odisha,Cuttack,2.9,5.83,-0.45
30-01-2025 11:00,Karnataka,Udupi,6.31,6.25,0.31
18-01-2026 23:00,Tamil Nadu,Tiruppur,7.68,5.98,-0.17
05-08-2025 05:00,West Bengal,Kolkata,1.88,4.71,0.93
17-08-2025 00:00,Assam,Dibrugarh,2.43,6.81,0.19
04-01-2025 00:00,Kerala,Thrissur,2.12,4.24,1.14
23-11-2025 19:00,Gujarat,Vadodara,3.48,6.37,0.38
01-08-2025 13:00,Uttar Pradesh,Kanpur,5.42,5.21,0.88
09-10-2025 20:00,Kerala,Kottayam,7.04,5.69,-0.2
16-02-2025 21:00,Bihar,Patna,5.92,6.82,0.61
21-02-2025 17:00,Assam,Dibrugarh,5.17,4.55,-0.29
10-12-2025 21:00,Assam,Guwahati,1.34,6.78,0.18
08-04-2025 21:00,Assam,Barpeta,7.78,4.04,1.12
03-10-2025 02:00,Maharashtra,Nagpur,6.1,6.62,-0.08
10-10-2025 12:00,Kerala,Thrissur,7.84,5.44,0.06
01-07-2025 14:00,Tamil Nadu,Coimbatore,5.12,5.23,0.67
25-02-2025 23:00,Kerala,Kochi,6.52,7.0,0.69
21-02-2026 04:00,Odisha,Bhubaneswar,7.02,4.43,-0.09
28-12-2025 15:00,Kerala,Alappuzha,7.31,4.49,-0.53
03-02-2026 23:00,Uttar Pradesh,Kanpur,6.98,5.15,0.46
05-10-2025 04:00,Uttar Pradesh,Gorakhpur,5.39,6.01,0.1
15-02-2025 20:00,Odisha,Puri,1.49,5.22,0.98
02-11-2025 07:00,Assam,Barpeta,5.08,6.76,-0.17
14-11-2025 14:00,Bihar,Muzaffarpur,6.16,5.88,0.58
11-02-2025 03:00,Assam,Dibrugarh,2.78,5.53,0.08
29-04-2025 20:00,Kerala,Alappuzha,8.8,6.24,-0.2
27-01-2025 06:00,Karnataka,Bengaluru,3.06,5.89,0.25
22-02-2025 01:00,Maharashtra,Pune,3.19,6.26,0.11
13-05-2025 11:00,West Bengal,Murshidabad,3.99,6.26,-0.43
21-01-2025 02:00,Assam,Jorhat,8.53,4.31,-0.06
07-05-2025 16:00,Tamil Nadu,Thanjavur,8.34,6.75,0.09
28-07-2025 18:00,Maharashtra,Nashik,6.13,6.37,0.23
30-12-2025 15:00,Kerala,Alappuzha,2.57,5.66,0.19
19-10-2025 16:00,Karnataka,Mysuru,3.22,5.63,0.8
17-05-2025 09:00,Maharashtra,Pune,3.41,4.84,-0.56
29-10-2025 03:00,Uttar Pradesh,Prayagraj,4.92,4.82,0.52
03-06-2025 11:00,Assam,Dhemaji,7.89,6.2,0.04
06-10-2025 02:00,Gujarat,Bharuch,4.34,6.36,1.11
11-10-2025 15:00,Odisha,Kendrapara,4.21,6.54,0.57
10-02-2026 18:00,West Bengal,Howrah,4.41,5.59,0.76
24-02-2025 20:00,Karnataka,Mangaluru,6.04,6.26,0.12
15-05-2025 09:00,Kerala,Kozhikode,2.61,6.18,0.27
14-02-2025 16:00,Maharashtra,Nashik,3.58,5.0,-0.14
20-07-2025 15:00,Bihar,Bhagalpur,4.47,4.4,1.0
19-12-2025 11:00,Karnataka,Udupi,2.89,5.74,0.81
28-08-2025 16:00,Maharashtra,Mumbai,4.56,6.37,-0.11
17-01-2026 01:00,Bihar,Bhagalpur,3.67,6.33,-0.22
12-07-2025 08:00,Assam,Guwahati,3.39,5.93,-0.11
10-05-2025 01:00,Assam,Dhemaji,2.77,4.47,0.3
14-10-2025 05:00,Kerala,Thrissur,1.69,4.25,1.01
24-02-2025 04:00,Odisha,Cuttack,1.86,4.16,-0.1
31-10-2025 13:00,Uttar Pradesh,Prayagraj,3.2,6.48,-0.25
19-09-2025 20:00,Uttar Pradesh,Varanasi,2.19,4.15,0.79
17-08-2025 23:00,Uttar Pradesh,Prayagraj,6.16,5.99,-0.07
09-08-2025 11:00,Uttar Pradesh,Kanpur,7.46,6.06,0.2
16-03-2025 22:00,Odisha,Balasore,1.23,5.46,-0.42
05-08-2025 19:00,Odisha,Puri,1.41,4.35,1.33
09-12-2025 19:00,Tamil Nadu,Thanjavur,5.74,6.09,0.78
30-07-2025 07:00,Gujarat,Vadodara,7.04,4.58,-0.18
26-09-2025 09:00,Assam,Jorhat,4.38,4.95,0.77
04-12-2025 17:00,Kerala,Alappuzha,2.75,5.34,-0.06
09-04-2025 07:00,Kerala,Kochi,2.53,6.86,1.01
26-01-2026 20:00,Bihar,Darbhanga,5.25,5.92,0.23
02-06-2025 06:00,Maharashtra,Nagpur,2.86,4.13,0.86
21-10-2025 20:00,Assam,Barpeta,5.43,4.92,0.86
23-02-2025 14:00,Odisha,Kendrapara,3.7,5.46,0.46
16-01-2026 06:00,Maharashtra,Kolhapur,6.34,5.55,0.07
05-07-2025 05:00,Bihar,Darbhanga,8.4,5.23,1.07
31-03-2025 01:00,Tamil Nadu,Madurai,3.81,5.96,1.15
10-10-2025 19:00,Bihar,Gaya,8.05,4.82,0.89
11-02-2026 08:00,Kerala,Kozhikode,2.73,4.5,0.41
21-12-2025 14:00,Odisha,Kendrapara,3.38,4.28,0.35
02-02-2026 11:00,Karnataka,Bengaluru,2.78,6.16,-0.21
15-10-2025 06:00,Karnataka,Bengaluru,6.56,6.16,-0.28
24-12-2025 01:00,Bihar,Darbhanga,5.98,4.18,0.14
25-10-2025 23:00,Kerala,Alappuzha,7.34,4.4,-0.15
10-02-2025 03:00,Odisha,Cuttack,4.7,6.88,0.57
08-09-2025 12:00,Tamil Nadu,Tiruppur,3.64,6.09,0.2
23-07-2025 10:00,Assam,Jorhat,6.26,5.21,0.75
06-01-2025 20:00,Gujarat,Bharuch,3.13,6.2,-0.13
12-01-2026 08:00,Maharashtra,Pune,4.44,6.69,0.84
17-10-2025 00:00,Assam,Dhemaji,5.81,4.32,0.48
30-09-2025 14:00,Odisha,Bhubaneswar,7.42,6.77,0.72
07-08-2025 11:00,Karnataka,Udupi,7.1,6.13,0.85
04-07-2025 15:00,Gujarat,Rajkot,6.3,4.74,0.46
17-01-2025 22:00,Karnataka,Bengaluru,5.05,6.76,0.34
09-12-2025 04:00,Karnataka,Bengaluru,8.46,4.1,0.77
16-12-2025 00:00,West Bengal,Darjeeling,5.72,4.09,0.83
26-12-2025 11:00,Odisha,Kendrapara,8.1,5.14,-0.19
10-12-2025 02:00,Assam,Barpeta,6.57,6.51,0.08
03-07-2025 07:00,Bihar,Muzaffarpur,3.05,5.97,0.66
07-08-2025 20:00,Uttar Pradesh,Gorakhpur,1.99,6.58,0.2
01-01-2025 11:00,Bihar,Darbhanga,7.19,4.36,0.48
18-07-2025 08:00,Assam,Dhemaji,8.63,6.5,1.37
19-02-2025 01:00,Bihar,Muzaffarpur,5.91,4.66,-0.04
30-04-2025 07:00,West Bengal,Malda,2.75,4.79,0.78
27-09-2025 15:00,Odisha,Balasore,6.01,4.35,0.67
17-09-2025 12:00,Odisha,Puri,8.04,5.42,0.95
05-05-2025 13:00,Tamil Nadu,Chennai,7.08,6.09,0.26
24-10-2025 13:00,Odisha,Bhubaneswar,2.01,4.38,0.5
20-10-2025 02:00,Gujarat,Rajkot,4.22,4.28,-0.26
23-12-2025 13:00,Tamil Nadu,Madurai,1.35,5.75,0.19
02-03-2025 00:00,Bihar,Patna,5.67,6.67,1.03
11-02-2026 03:00,Bihar,Gaya,1.13,6.73,-0.02
30-04-2025 19:00,West Bengal,Howrah,8.57,4.17,0.81
15-01-2026 02:00,Gujarat,Ahmedabad,3.35,5.78,-0.34
02-01-2026 04:00,Uttar Pradesh,Varanasi,1.65,6.97,-0.13
29-10-2025 08:00,Odisha,Cuttack,6.71,6.39,-0.03
05-06-2025 06:00,West Bengal,Murshidabad,3.19,4.65,0.0
26-04-2025 12:00,Tamil Nadu,Coimbatore,5.79,5.15,-0.02
19-01-2025 22:00,Bihar,Gaya,7.35,5.42,0.6
08-12-2025 05:00,Odisha,Puri,4.31,6.46,0.94
26-02-2025 23:00,Uttar Pradesh,Prayagraj,2.04,5.02,0.79
04-06-2025 16:00,Gujarat,Vadodara,3.23,4.85,-0.14
15-02-2026 12:00,Maharashtra,Mumbai,3.59,4.03,0.03
27-02-2025 20:00,Maharashtra,Kolhapur,4.58,6.1,0.72
11-02-2025 16:00,Tamil Nadu,Thanjavur,2.31,5.22,0.82
20-11-2025 09:00,Gujarat,Vadodara,7.83,4.77,0.22
29-05-2025 01:00,West Bengal,Malda,5.1,6.38,-0.48
21-06-2025 10:00,Gujarat,Bharuch,2.9,4.3,0.41
11-03-2025 11:00,Odisha,Balasore,7.04,5.57,-0.24
13-05-2025 05:00,Karnataka,Udupi,6.34,6.46,0.08
27-01-2026 13:00,Odisha,Cuttack,5.99,5.67,0.06
21-01-2025 08:00,Maharashtra,Nashik,2.52,4.32,1.03
15-05-2025 14:00,Tamil Nadu,Tiruppur,3.55,6.95,-0.17
09-06-2025 12:00,West Bengal,Kolkata,2.68,5.48,-0.18
27-12-2025 11:00,Uttar Pradesh,Lucknow,5.67,6.17,0.74
06-08-2025 00:00,West Bengal,Murshidabad,2.32,6.68,0.91
24-11-2025 00:00,Odisha,Bhubaneswar,5.24,5.29,1.02
26-08-2025 16:00,Uttar Pradesh,Gorakhpur,3.13,6.64,0.54
06-02-2026 15:00,Gujarat,Vadodara,7.45,5.11,-0.32
05-12-2025 21:00,Maharashtra,Nagpur,3.61,5.31,0.2
30-01-2025 07:00,West Bengal,Murshidabad,8.95,5.7,0.0
01-08-2025 17:00,Tamil Nadu,Thanjavur,3.54,6.53,0.22
06-01-2026 13:00,Odisha,Bhubaneswar,2.8,4.01,-0.25
18-05-2025 03:00,Gujarat,Ahmedabad,3.29,6.2,0.65
05-12-2025 13:00,Tamil Nadu,Thanjavur,6.88,4.92,0.64
06-02-2026 07:00,Assam,Dhemaji,4.49,6.91,-0.14
11-01-2026 21:00,West Bengal,Darjeeling,1.95,6.9,0.78
24-07-2025 13:00,Tamil Nadu,Coimbatore,1.69,4.54,0.02
05-07-2025 00:00,Bihar,Patna,7.65,5.2,0.1
11-02-2025 02:00,Gujarat,Rajkot,1.9,4.47,0.55
20-01-2026 20:00,Maharashtra,Mumbai,4.9,4.79,0.32
16-02-2026 19:00,Tamil Nadu,Thanjavur,4.57,5.69,0.95
18-11-2025 01:00,Assam,Guwahati,1.66,5.54,0.92
18-09-2025 17:00,Assam,Dhemaji,3.59,4.79,-0.07
11-09-2025 17:00,Maharashtra,Kolhapur,3.65,6.17,0.38
07-08-2025 06:00,Uttar Pradesh,Varanasi,1.77,4.79,0.18
19-02-2025 22:00,Tamil Nadu,Chennai,7.59,4.33,-0.23
13-01-2026 22:00,Gujarat,Surat,1.16,4.94,0.39
10-11-2025 07:00,Bihar,Gaya,7.82,6.05,0.46
11-10-2025 20:00,Kerala,Alappuzha,6.92,4.09,0.86
13-12-2025 16:00,Uttar Pradesh,Lucknow,1.37,4.72,0.16
26-10-2025 23:00,Bihar,Patna,2.04,4.4,-0.5
06-07-2025 06:00,Tamil Nadu,Chennai,3.03,5.75,0.19
07-02-2025 03:00,Maharashtra,Pune,4.47,4.97,0.37
24-03-2025 01:00,Gujarat,Vadodara,7.34,6.65,0.88
28-08-2025 21:00,West Bengal,Darjeeling,8.45,6.51,0.21
29-09-2025 23:00,Kerala,Kottayam,6.16,6.14,0.35
20-09-2025 06:00,Gujarat,Vadodara,5.07,6.68,-0.22
13-11-2025 11:00,Bihar,Muzaffarpur,3.75,6.16,0.12
16-05-2025 09:00,Odisha,Kendrapara,8.07,6.81,0.89
01-10-2025 18:00,Bihar,Patna,3.46,4.82,0.38
04-10-2025 14:00,Maharashtra,Pune,1.67,5.11,0.38
03-11-2025 07:00,Maharashtra,Pune,1.28,6.61,0.25
18-01-2026 04:00,Uttar Pradesh,Varanasi,5.26,5.37,0.13
08-11-2025 09:00,Karnataka,Mysuru,5.61,4.25,1.17
05-02-2026 01:00,Assam,Dibrugarh,7.97,4.09,0.58
28-12-2025 09:00,Karnataka,Bengaluru,6.91,5.96,1.09
21-02-2025 15:00,West Bengal,Darjeeling,8.7,5.5,0.63
06-04-2025 09:00,Karnataka,Bengaluru,3.44,5.62,-0.26
25-04-2025 04:00,Odisha,Puri,3.89,6.68,0.57
11-07-2025 01:00,Bihar,Patna,6.34,4.88,0.25
21-02-2025 05:00,Bihar,Darbhanga,6.43,5.55,0.16
18-10-2025 20:00,Bihar,Darbhanga,4.29,4.33,0.29
04-08-2025 18:00,West Bengal,Howrah,4.51,4.79,-0.23
28-06-2025 21:00,Gujarat,Bharuch,8.48,4.06,0.98
14-02-2025 02:00,Assam,Jorhat,4.27,4.19,-0.43
18-09-2025 22:00,Assam,Dibrugarh,2.15,5.9,0.3
12-01-2025 17:00,West Bengal,Kolkata,3.79,5.2,1.11
10-02-2025 08:00,Gujarat,Ahmedabad,7.18,6.27,0.75
14-06-2025 17:00,Odisha,Bhubaneswar,3.14,4.57,0.18
22-03-2025 19:00,West Bengal,Darjeeling,3.35,4.73,-0.865
19-12-2025 16:00,Assam,Barpeta,5.72,4.43,-0.15
23-02-2025 02:00,Assam,Guwahati,5.98,4.71,0.26
26-01-2025 19:00,Uttar Pradesh,Lucknow,7.36,4.96,0.64
21-12-2025 09:00,Bihar,Bhagalpur,8.95,6.1,0.53
14-03-2025 14:00,Assam,Jorhat,7.78,4.45,0.37
27-02-2025 22:00,Assam,Guwahati,7.05,4.86,0.51
02-04-2025 19:00,West Bengal,Darjeeling,5.59,6.64,0.3
29-05-2025 16:00,West Bengal,Darjeeling,3.41,6.02,0.04
12-09-2025 20:00,Uttar Pradesh,Lucknow,2.2,4.28,0.86
20-02-2026 10:00,Tamil Nadu,Coimbatore,6.52,6.75,1.28
10-09-2025 04:00,Odisha,Balasore,8.49,5.71,0.02
13-05-2025 10:00,Kerala,Kottayam,3.55,6.68,0.84
14-05-2025 00:00,Karnataka,Bengaluru,3.94,5.47,0.21
12-09-2025 03:00,Tamil Nadu,Coimbatore,7.26,6.58,0.44
20-10-2025 21:00,Assam,Dhemaji,8.97,5.49,0.86
24-01-2025 23:00,Odisha,Puri,7.14,6.07,0.98
05-10-2025 08:00,Assam,Barpeta,7.08,4.65,0.26
24-10-2025 11:00,Assam,Barpeta,3.11,6.68,0.62
02-01-2026 18:00,Karnataka,Kodagu,5.92,6.76,-0.11
19-09-2025 12:00,Bihar,Bhagalpur,6.28,4.59,-0.54
10-01-2026 08:00,Maharashtra,Nashik,1.94,5.68,0.53
03-09-2025 17:00,Maharashtra,Pune,2.24,6.46,0.58
27-08-2025 12:00,Tamil Nadu,Coimbatore,1.39,6.9,0.18
12-01-2025 05:00,Assam,Barpeta,6.03,6.1,0.29
27-01-2025 05:00,Kerala,Thrissur,2.15,4.73,0.68
09-05-2025 09:00,Maharashtra,Nashik,2.76,5.51,-0.42
25-05-2025 10:00,West Bengal,Kolkata,3.48,5.97,0.08
25-09-2025 22:00,Karnataka,Mysuru,8.8,5.24,0.44
23-01-2026 23:00,Assam,Jorhat,8.29,6.02,-0.36
22-10-2025 06:00,West Bengal,Howrah,5.53,6.71,-0.23
10-02-2026 07:00,Kerala,Kochi,5.35,6.03,1.01
19-08-2025 23:00,Odisha,Cuttack,8.01,4.99,0.26
01-07-2025 12:00,West Bengal,Darjeeling,6.89,6.96,0.26
30-03-2025 01:00,Kerala,Kozhikode,2.45,4.23,0.19
09-12-2025 11:00,West Bengal,Darjeeling,2.22,6.45,0.07
15-05-2025 00:00,Bihar,Patna,8.3,5.45,0.07
08-06-2025 22:00,Assam,Barpeta,3.84,6.99,0.41
13-12-2025 17:00,Bihar,Gaya,2.62,5.91,0.22
24-12-2025 21:00,Gujarat,Bharuch,2.1,5.68,0.12
05-04-2025 22:00,Tamil Nadu,Madurai,6.73,6.91,0.55
11-07-2025 15:00,Tamil Nadu,Madurai,3.05,5.61,0.05
01-01-2025 13:00,Karnataka,Mysuru,1.74,5.17,0.51
20-01-2026 09:00,Uttar Pradesh,Gorakhpur,4.23,6.25,0.0
05-03-2025 13:00,Odisha,Bhubaneswar,8.64,6.0,1.01
09-04-2025 13:00,Bihar,Muzaffarpur,2.25,6.1,0.07
13-07-2025 16:00,Odisha,Kendrapara,4.57,4.94,0.55
16-01-2025 14:00,Odisha,Cuttack,8.31,6.76,0.6
22-12-2025 01:00,Maharashtra,Pune,1.5,4.04,-0.13
27-09-2025 21:00,Gujarat,Bharuch,3.9,6.64,-0.6
22-01-2025 21:00,Uttar Pradesh,Gorakhpur,8.47,6.09,0.49
15-10-2025 07:00,Karnataka,Kodagu,1.37,6.01,0.25
30-05-2025 15:00,Odisha,Bhubaneswar,4.77,5.82,0.13
26-11-2025 08:00,Tamil Nadu,Madurai,8.27,4.7,0.12
04-05-2025 06:00,Assam,Guwahati,7.37,5.69,1.32
23-01-2025 01:00,Gujarat,Vadodara,4.93,6.44,0.67
04-06-2025 18:00,Kerala,Kozhikode,5.08,5.66,-0.865
17-07-2025 04:00,Maharashtra,Kolhapur,4.31,5.37,-0.865
28-02-2025 02:00,Uttar Pradesh,Prayagraj,6.86,6.55,0.89
23-08-2025 15:00,Maharashtra,Nagpur,1.51,5.02,0.04
01-10-2025 11:00,Bihar,Muzaffarpur,6.11,6.52,-0.03
15-07-2025 23:00,Uttar Pradesh,Varanasi,2.93,5.42,0.18
13-03-2025 08:00,Karnataka,Mysuru,4.55,5.94,-0.35
11-02-2026 11:00,Karnataka,Udupi,3.24,5.79,-0.02
09-02-2025 19:00,Tamil Nadu,Thanjavur,3.67,6.39,0.05
06-10-2025 03:00,Assam,Barpeta,6.09,4.37,-0.06
24-05-2025 21:00,Kerala,Kochi,8.3,4.79,0.19
28-03-2025 07:00,Tamil Nadu,Thanjavur,4.46,4.43,-0.62
10-02-2026 20:00,Gujarat,Ahmedabad,2.89,6.39,0.19
07-01-2025 14:00,Gujarat,Ahmedabad,8.65,5.28,0.18
19-10-2025 21:00,Assam,Barpeta,1.15,6.22,0.9
15-01-2025 16:00,Karnataka,Udupi,1.33,5.48,0.37
11-09-2025 06:00,Kerala,Alappuzha,1.47,4.39,0.06
17-09-2025 20:00,Bihar,Bhagalpur,4.27,6.99,0.16
02-05-2025 16:00,Uttar Pradesh,Lucknow,8.29,6.04,0.35
13-07-2025 12:00,Bihar,Patna,3.08,6.36,0.11
28-01-2025 13:00,West Bengal,Darjeeling,7.18,6.22,0.07
22-10-2025 01:00,Kerala,Kochi,4.82,4.94,1.42
02-06-2025 17:00,Assam,Barpeta,3.76,4.29,0.85
29-11-2025 11:00,Maharashtra,Kolhapur,2.96,6.52,0.13
13-01-2025 18:00,Maharashtra,Nashik,1.11,5.99,0.84
19-07-2025 14:00,Tamil Nadu,Coimbatore,5.76,5.26,0.72
09-04-2025 04:00,Uttar Pradesh,Varanasi,7.09,5.97,0.45
22-03-2025 07:00,Odisha,Cuttack,8.95,6.78,0.03
19-02-2026 03:00,Tamil Nadu,Madurai,5.59,5.79,0.97
23-05-2025 19:00,Odisha,Bhubaneswar,8.26,6.04,0.23
01-06-2025 14:00,Maharashtra,Mumbai,6.12,6.57,0.29
22-02-2025 18:00,Karnataka,Kodagu,1.69,5.88,0.13
07-03-2025 00:00,Uttar Pradesh,Lucknow,3.31,6.83,0.78
27-10-2025 03:00,Uttar Pradesh,Gorakhpur,2.92,4.96,0.41
21-06-2025 05:00,Tamil Nadu,Thanjavur,4.9,5.62,0.23
24-11-2025 19:00,Bihar,Darbhanga,7.68,4.69,0.03
24-07-2025 08:00,Karnataka,Bengaluru,8.89,5.64,1.18
31-10-2025 22:00,Gujarat,Vadodara,8.7,6.61,0.81
22-01-2025 10:00,Karnataka,Kodagu,2.57,5.96,0.63
07-02-2025 06:00,Uttar Pradesh,Prayagraj,7.53,4.95,0.73
01-01-2025 21:00,Tamil Nadu,Coimbatore,5.27,6.36,0.97
07-02-2025 11:00,Odisha,Balasore,2.24,4.47,-0.12
09-01-2025 15:00,Karnataka,Kodagu,3.0,5.29,0.07
20-01-2025 02:00,Kerala,Kozhikode,1.48,6.29,0.85
12-04-2025 06:00,Odisha,Balasore,5.42,6.43,0.56
18-12-2025 18:00,Assam,Guwahati,3.59,5.7,1.56
22-05-2025 05:00,Gujarat,Ahmedabad,8.96,5.74,0.88
12-06-2025 23:00,Maharashtra,Kolhapur,1.67,6.81,1.08
13-08-2025 07:00,Gujarat,Bharuch,5.56,4.02,0.71
24-01-2025 00:00,Bihar,Bhagalpur,7.33,4.9,0.19
12-05-2025 00:00,Gujarat,Bharuch,1.72,6.98,0.66
16-10-2025 05:00,Odisha,Puri,2.89,6.59,0.46
27-03-2025 16:00,Gujarat,Bharuch,3.2,6.84,0.23
22-03-2025 05:00,Gujarat,Surat,7.66,5.05,0.78
27-01-2025 10:00,Gujarat,Vadodara,2.46,5.4,1.57
11-09-2025 10:00,Maharashtra,Nagpur,2.9,5.26,0.6
22-01-2026 06:00,Karnataka,Bengaluru,8.9,6.28,0.8
08-02-2026 06:00,Maharashtra,Kolhapur,7.96,5.47,0.39
05-01-2025 09:00,Assam,Guwahati,3.45,6.72,0.83
07-05-2025 17:00,Tamil Nadu,Chennai,6.18,4.53,-0.03
13-03-2025 05:00,Karnataka,Udupi,2.64,5.11,1.09
04-01-2025 17:00,Karnataka,Udupi,3.12,6.26,0.69
20-10-2025 06:00,Assam,Jorhat,6.87,4.74,0.84
13-05-2025 06:00,West Bengal,Howrah,4.83,4.06,0.65
08-02-2025 05:00,Assam,Jorhat,6.34,4.08,-0.1
23-11-2025 09:00,West Bengal,Kolkata,3.65,4.0,-0.07
08-10-2025 12:00,Assam,Barpeta,4.7,4.74,0.57
23-03-2025 05:00,West Bengal,Murshidabad,5.64,4.97,-0.22
23-09-2025 08:00,Gujarat,Ahmedabad,8.69,5.48,0.84
01-01-2025 01:00,Maharashtra,Nashik,1.9,4.45,1.23
01-12-2025 16:00,Kerala,Kozhikode,3.43,6.78,0.06
09-09-2025 23:00,West Bengal,Murshidabad,2.95,5.43,1.31
24-04-2025 08:00,Uttar Pradesh,Varanasi,6.47,6.76,0.5
13-02-2026 20:00,Uttar Pradesh,Kanpur,3.07,5.07,0.33
10-05-2025 21:00,Assam,Barpeta,7.58,4.13,1.09
30-01-2026 09:00,Gujarat,Rajkot,6.14,6.4,0.12
06-06-2025 18:00,Maharashtra,Kolhapur,3.69,5.06,0.0
09-01-2025 21:00,Maharashtra,Nagpur,3.86,5.67,0.21
02-02-2025 10:00,West Bengal,Darjeeling,4.58,5.93,0.86
26-05-2025 16:00,Uttar Pradesh,Kanpur,7.7,5.11,-0.24
03-01-2026 09:00,Uttar Pradesh,Prayagraj,5.8,6.77,0.01
27-03-2025 03:00,West Bengal,Malda,5.42,5.35,0.83
14-08-2025 20:00,Maharashtra,Pune,8.07,6.04,0.32
14-09-2025 10:00,Bihar,Gaya,6.66,5.06,0.57
15-12-2025 05:00,Bihar,Bhagalpur,3.26,5.91,0.89
29-12-2025 19:00,Bihar,Patna,1.31,6.51,1.15
19-12-2025 17:00,Tamil Nadu,Madurai,8.23,4.69,0.74
23-06-2025 15:00,Kerala,Kottayam,1.79,5.16,0.34
07-06-2025 20:00,Karnataka,Mysuru,5.27,6.26,0.71
25-01-2025 07:00,West Bengal,Malda,2.45,4.11,-0.75
17-02-2026 23:00,Uttar Pradesh,Varanasi,1.13,5.41,-0.09
21-02-2026 02:00,Odisha,Cuttack,4.32,6.14,0.7
05-01-2025 20:00,Gujarat,Vadodara,6.33,4.86,0.6
04-10-2025 20:00,Tamil Nadu,Coimbatore,7.26,6.87,0.59
12-01-2026 09:00,Uttar Pradesh,Gorakhpur,6.42,6.0,0.56
19-02-2026 15:00,Bihar,Darbhanga,1.99,5.0,1.56
09-01-2026 07:00,Uttar Pradesh,Gorakhpur,3.65,6.83,-0.42
15-03-2025 11:00,Uttar Pradesh,Gorakhpur,6.28,5.74,-0.3
20-03-2025 03:00,Tamil Nadu,Thanjavur,8.39,4.03,-0.24
15-05-2025 08:00,Karnataka,Bengaluru,1.56,4.91,-0.19
22-01-2025 22:00,Odisha,Balasore,8.65,4.69,0.43
18-11-2025 21:00,Karnataka,Bengaluru,7.16,6.87,-0.11
03-05-2025 18:00,Uttar Pradesh,Lucknow,3.81,6.91,0.69
06-07-2025 09:00,Gujarat,Rajkot,2.44,6.82,0.77
24-08-2025 15:00,Kerala,Thrissur,7.8,4.71,0.9
10-09-2025 11:00,Kerala,Alappuzha,7.25,6.54,-0.57
09-02-2025 23:00,West Bengal,Howrah,8.14,6.83,0.31
22-09-2025 06:00,Gujarat,Rajkot,3.39,5.21,0.5
01-06-2025 09:00,Assam,Guwahati,2.94,5.44,0.4
13-02-2025 18:00,Tamil Nadu,Thanjavur,7.8,4.74,0.0
21-05-2025 20:00,West Bengal,Darjeeling,5.64,6.93,-0.65
03-06-2025 04:00,Assam,Jorhat,4.46,6.74,-0.14
29-08-2025 16:00,Uttar Pradesh,Prayagraj,4.98,6.07,0.61
12-01-2026 21:00,Tamil Nadu,Madurai,5.15,5.88,-0.07
01-10-2025 21:00,Uttar Pradesh,Gorakhpur,1.99,4.73,0.15
04-08-2025 19:00,Kerala,Kozhikode,3.77,5.01,0.35
08-03-2025 23:00,Maharashtra,Nagpur,6.05,5.47,0.43
31-05-2025 10:00,Uttar Pradesh,Kanpur,5.07,5.04,0.43
11-02-2026 14:00,West Bengal,Darjeeling,1.21,5.2,0.01
04-10-2025 11:00,Assam,Guwahati,8.11,6.27,-0.53
21-02-2026 13:00,Karnataka,Mysuru,1.13,6.16,-0.71
02-02-2025 23:00,West Bengal,Howrah,8.28,6.17,0.42
08-05-2025 08:00,Karnataka,Udupi,7.43,4.54,-0.1
24-03-2025 12:00,Karnataka,Kodagu,3.31,6.75,0.55
30-05-2025 22:00,Kerala,Alappuzha,6.01,6.34,0.19
08-02-2025 21:00,Tamil Nadu,Coimbatore,4.53,5.29,0.83
06-11-2025 08:00,Assam,Guwahati,2.44,5.23,-0.08
23-08-2025 10:00,Tamil Nadu,Tiruppur,4.24,4.77,1.18
12-03-2025 02:00,Tamil Nadu,Chennai,1.23,6.79,0.27
24-06-2025 03:00,Kerala,Kottayam,8.92,6.27,0.15
26-09-2025 14:00,Odisha,Bhubaneswar,7.9,6.16,0.24
21-06-2025 12:00,Kerala,Kochi,7.13,4.19,1.19
11-02-2025 04:00,Maharashtra,Kolhapur,6.37,5.26,-0.54
01-05-2025 16:00,Gujarat,Ahmedabad,2.07,5.35,0.63
07-06-2025 10:00,Tamil Nadu,Tiruppur,5.86,6.01,0.64
24-08-2025 18:00,West Bengal,Murshidabad,8.93,5.11,1.01
09-05-2025 21:00,Kerala,Alappuzha,5.34,6.65,0.3
12-05-2025 11:00,Karnataka,Udupi,7.35,5.64,0.07
17-03-2025 23:00,Gujarat,Surat,4.57,4.39,-0.25
05-02-2026 22:00,Odisha,Balasore,1.27,6.74,0.46
15-02-2025 18:00,Bihar,Bhagalpur,8.04,5.27,0.36
29-04-2025 12:00,Karnataka,Udupi,3.56,5.84,0.39
20-05-2025 06:00,Assam,Dibrugarh,7.67,5.86,0.27
02-01-2025 14:00,Kerala,Kozhikode,1.51,4.69,0.77
30-09-2025 12:00,Gujarat,Surat,6.57,5.89,0.8
30-01-2026 17:00,Maharashtra,Nagpur,8.42,6.72,0.18
20-05-2025 20:00,Assam,Jorhat,6.59,4.41,0.3
22-11-2025 13:00,Assam,Dhemaji,2.46,4.56,0.62
09-12-2025 12:00,Tamil Nadu,Madurai,6.49,5.53,1.44
20-01-2026 11:00,Karnataka,Mysuru,2.29,6.22,-0.47
12-04-2025 04:00,West Bengal,Kolkata,3.83,5.37,0.52
30-07-2025 03:00,West Bengal,Malda,7.59,5.82,-0.16
11-08-2025 18:00,Maharashtra,Kolhapur,5.86,4.88,0.01
20-07-2025 11:00,Bihar,Muzaffarpur,2.81,6.42,-0.78
20-12-2025 04:00,Bihar,Patna,8.3,5.53,0.25
29-01-2025 14:00,West Bengal,Murshidabad,8.71,5.8,0.23
19-07-2025 23:00,West Bengal,Howrah,6.9,5.71,0.57
06-11-2025 21:00,Karnataka,Mangaluru,1.22,6.17,0.85
09-04-2025 01:00,Odisha,Balasore,6.56,6.12,1.26
22-09-2025 17:00,Bihar,Bhagalpur,6.71,6.65,0.15
10-07-2025 09:00,Odisha,Bhubaneswar,5.71,5.27,0.53
09-12-2025 05:00,West Bengal,Kolkata,5.04,4.4,0.82
25-04-2025 16:00,Odisha,Puri,4.9,5.45,0.56
03-12-2025 09:00,Uttar Pradesh,Varanasi,3.51,6.93,-0.06
13-02-2025 08:00,Uttar Pradesh,Kanpur,8.99,6.91,-0.21
09-11-2025 03:00,Uttar Pradesh,Lucknow,4.03,5.95,0.47
22-02-2025 17:00,Odisha,Bhubaneswar,2.18,6.76,0.13
22-01-2026 01:00,Kerala,Kozhikode,1.34,6.11,0.64
22-10-2025 03:00,Uttar Pradesh,Kanpur,7.04,4.57,-0.5
12-01-2025 13:00,Karnataka,Bengaluru,3.88,6.41,0.64
31-07-2025 20:00,Bihar,Darbhanga,8.84,4.15,-0.66
10-04-2025 06:00,Assam,Barpeta,2.88,6.56,0.11
24-01-2025 19:00,Gujarat,Rajkot,2.19,6.25,-0.19
01-03-2025 19:00,Uttar Pradesh,Prayagraj,6.64,6.96,-0.75
12-08-2025 00:00,Kerala,Kottayam,3.71,5.6,0.52
15-08-2025 21:00,Gujarat,Vadodara,8.96,4.99,0.66
11-02-2025 23:00,Bihar,Patna,8.26,6.14,0.22
09-07-2025 07:00,Uttar Pradesh,Kanpur,6.85,6.0,0.27
03-01-2026 08:00,Assam,Guwahati,1.29,4.18,-0.09
28-03-2025 00:00,Karnataka,Udupi,6.96,4.27,0.69
17-02-2025 08:00,Kerala,Alappuzha,7.21,5.45,0.37
11-08-2025 15:00,Kerala,Kozhikode,4.21,6.95,0.46
13-01-2025 06:00,Tamil Nadu,Madurai,3.86,4.12,0.93
11-04-2025 03:00,West Bengal,Murshidabad,6.69,6.73,0.43
16-06-2025 14:00,Bihar,Patna,3.11,6.66,0.13
05-06-2025 21:00,Gujarat,Vadodara,7.52,4.4,0.06
20-01-2026 06:00,Maharashtra,Kolhapur,3.56,4.26,0.11
24-04-2025 07:00,Kerala,Kottayam,8.54,5.7,0.22
19-01-2026 07:00,Assam,Dibrugarh,7.01,4.69,-0.14
03-08-2025 14:00,West Bengal,Murshidabad,3.65,6.36,-0.78
28-04-2025 00:00,Odisha,Kendrapara,4.4,5.48,0.11
24-01-2025 04:00,Tamil Nadu,Tiruppur,1.5,5.06,0.05
07-01-2026 21:00,Assam,Jorhat,7.12,4.96,-0.2
19-07-2025 19:00,Gujarat,Surat,1.57,4.24,0.27
13-04-2025 21:00,Maharashtra,Kolhapur,7.83,6.85,-0.5
05-06-2025 18:00,West Bengal,Darjeeling,6.01,6.2,0.42
28-06-2025 14:00,Kerala,Kozhikode,8.72,4.21,0.57
19-04-2025 12:00,Assam,Barpeta,2.03,4.66,0.54
16-01-2025 02:00,West Bengal,Murshidabad,7.75,6.12,0.18
16-10-2025 12:00,Kerala,Kochi,3.56,4.9,0.1
13-03-2025 00:00,Maharashtra,Nashik,2.45,4.0,-0.2
31-03-2025 03:00,Maharashtra,Nagpur,3.75,4.35,0.63
15-05-2025 23:00,Kerala,Kozhikode,1.04,6.54,0.41
10-04-2025 07:00,Karnataka,Mysuru,3.25,4.2,0.67
01-11-2025 18:00,Bihar,Patna,6.0,5.19,0.04
29-06-2025 15:00,Gujarat,Bharuch,8.06,5.72,0.09
24-02-2025 16:00,Odisha,Kendrapara,2.18,4.35,0.67
13-06-2025 18:00,Gujarat,Ahmedabad,7.31,4.76,0.47
15-09-2025 15:00,Bihar,Bhagalpur,5.37,5.69,0.07
08-03-2025 07:00,Kerala,Kottayam,2.81,5.76,0.36
27-01-2026 03:00,Tamil Nadu,Tiruppur,3.7,4.7,-0.32
01-04-2025 02:00,Kerala,Kozhikode,5.1,5.49,0.91
10-04-2025 20:00,Uttar Pradesh,Varanasi,6.94,4.99,-0.21
14-01-2025 05:00,Bihar,Patna,7.1,5.95,0.35
07-08-2025 01:00,Maharashtra,Mumbai,4.62,6.51,0.26
31-07-2025 04:00,Bihar,Gaya,8.41,4.12,-0.51
18-06-2025 04:00,Maharashtra,Pune,5.08,6.19,0.23
06-05-2025 20:00,Uttar Pradesh,Lucknow,4.46,4.01,0.14
09-12-2025 20:00,Karnataka,Udupi,2.2,4.73,0.48
09-08-2025 15:00,Tamil Nadu,Coimbatore,2.56,6.7,0.36
15-06-2025 12:00,Karnataka,Udupi,5.86,6.91,0.45
12-08-2025 18:00,Uttar Pradesh,Kanpur,8.14,6.55,1.03
22-06-2025 05:00,Odisha,Cuttack,3.83,5.43,-0.01
10-02-2025 14:00,Maharashtra,Kolhapur,4.9,6.96,0.76
31-10-2025 19:00,Gujarat,Ahmedabad,5.93,5.51,0.31
09-02-2025 18:00,Maharashtra,Nagpur,8.72,6.98,0.61
23-01-2026 18:00,Maharashtra,Mumbai,1.84,5.87,0.04
29-07-2025 00:00,Maharashtra,Mumbai,4.79,6.44,0.3
10-02-2026 10:00,Kerala,Thrissur,4.24,5.2,0.09
09-11-2025 02:00,Kerala,Thrissur,4.65,4.84,0.19
10-03-2025 08:00,Kerala,Kochi,4.92,6.28,0.31
23-02-2025 18:00,Bihar,Muzaffarpur,7.25,5.2,0.39
27-02-2025 12:00,Bihar,Gaya,8.34,6.87,0.8
22-03-2025 13:00,Gujarat,Vadodara,8.33,6.98,-0.18
14-07-2025 19:00,Bihar,Darbhanga,3.89,4.75,0.92
07-02-2025 04:00,Tamil Nadu,Thanjavur,3.84,6.4,0.03
31-10-2025 15:00,Tamil Nadu,Chennai,6.6,6.95,0.55
23-07-2025 04:00,Uttar Pradesh,Lucknow,8.1,5.99,0.14
26-11-2025 10:00,Uttar Pradesh,Lucknow,2.08,4.43,0.59
08-12-2025 10:00,Kerala,Kochi,6.56,4.78,0.71
26-01-2026 19:00,Gujarat,Bharuch,8.4,4.89,0.22
13-04-2025 18:00,Odisha,Kendrapara,3.13,6.41,0.1
16-11-2025 01:00,Tamil Nadu,Tiruppur,3.35,5.82,-0.18
21-03-2025 17:00,Kerala,Kochi,7.63,6.7,0.48
25-04-2025 00:00,Karnataka,Mangaluru,2.7,5.74,-0.13
31-01-2025 06:00,Bihar,Darbhanga,4.67,5.62,0.26
28-10-2025 14:00,Tamil Nadu,Madurai,2.39,4.96,0.86
10-12-2025 13:00,Gujarat,Rajkot,4.38,4.08,0.54
16-03-2025 20:00,Kerala,Kozhikode,6.14,5.27,1.16
10-06-2025 05:00,Gujarat,Ahmedabad,2.06,6.14,1.29
24-09-2025 18:00,Tamil Nadu,Chennai,2.8,4.92,-0.39
09-02-2025 00:00,Uttar Pradesh,Lucknow,7.23,4.64,-0.13
05-04-2025 09:00,Assam,Barpeta,1.62,5.59,0.18
04-02-2025 08:00,Maharashtra,Nagpur,5.37,6.96,0.12
31-10-2025 02:00,West Bengal,Darjeeling,2.14,4.01,-0.33
27-02-2025 21:00,West Bengal,Kolkata,4.35,4.26,0.32
29-05-2025 12:00,Bihar,Gaya,3.01,5.77,-0.14
15-08-2025 05:00,Gujarat,Vadodara,1.81,4.53,1.2
23-11-2025 03:00,Odisha,Cuttack,4.11,4.38,0.26
26-08-2025 02:00,Gujarat,Vadodara,6.35,5.0,0.19
25-11-2025 06:00,Assam,Dhemaji,1.32,4.15,0.68
19-03-2025 20:00,Assam,Guwahati,4.41,5.5,-0.01
08-12-2025 18:00,Bihar,Muzaffarpur,7.63,6.2,0.8
08-11-2025 22:00,Assam,Barpeta,7.16,4.87,0.33
03-02-2025 14:00,Maharashtra,Mumbai,8.67,5.21,-0.03
20-07-2025 05:00,Gujarat,Vadodara,4.94,6.29,0.5
17-01-2026 08:00,Uttar Pradesh,Varanasi,3.34,6.81,-0.36
09-11-2025 23:00,Odisha,Balasore,3.9,4.96,0.74
02-12-2025 16:00,Gujarat,Rajkot,7.1,6.09,0.33
07-07-2025 06:00,Gujarat,Surat,4.69,4.31,-0.02
20-04-2025 16:00,West Bengal,Darjeeling,6.56,6.87,-0.34
06-01-2026 20:00,Gujarat,Rajkot,5.31,4.23,0.17
26-12-2025 07:00,Maharashtra,Kolhapur,7.44,5.07,0.32
23-11-2025 08:00,Kerala,Kottayam,4.75,6.26,0.65
02-07-2025 20:00,Bihar,Gaya,8.38,5.83,0.11
07-01-2025 01:00,Tamil Nadu,Coimbatore,5.47,5.88,0.35
27-09-2025 11:00,Assam,Dhemaji,4.68,6.99,0.51
26-03-2025 17:00,Kerala,Kozhikode,2.85,6.76,0.65
16-01-2026 07:00,Kerala,Kochi,1.45,4.56,0.74
18-02-2025 13:00,Gujarat,Rajkot,7.11,6.71,0.06
27-03-2025 10:00,West Bengal,Darjeeling,8.98,6.74,-0.37
06-06-2025 16:00,Gujarat,Vadodara,8.37,4.11,0.09
04-07-2025 19:00,Karnataka,Bengaluru,3.12,6.39,-0.85
23-05-2025 22:00,Tamil Nadu,Thanjavur,6.62,6.48,0.38
08-12-2025 06:00,Uttar Pradesh,Lucknow,2.24,4.71,0.59
31-12-2025 17:00,Maharashtra,Nashik,6.85,5.08,0.99
22-10-2025 13:00,Odisha,Kendrapara,1.23,4.52,-0.85
01-07-2025 17:00,Tamil Nadu,Coimbatore,2.26,4.58,0.15
15-03-2025 19:00,West Bengal,Darjeeling,8.87,6.73,1.09
27-05-2025 07:00,Karnataka,Udupi,3.66,6.59,0.3
12-01-2025 07:00,Bihar,Gaya,2.73,4.48,-0.16
18-12-2025 12:00,West Bengal,Malda,6.6,6.81,0.22
26-03-2025 16:00,Bihar,Darbhanga,3.53,5.03,0.74
07-02-2026 16:00,Tamil Nadu,Tiruppur,5.92,6.44,-0.07
08-06-2025 18:00,Maharashtra,Nashik,5.06,4.32,0.1
01-07-2025 02:00,Bihar,Darbhanga,3.42,5.26,-0.29
23-01-2025 17:00,Kerala,Kozhikode,7.65,6.64,0.18
16-05-2025 01:00,Karnataka,Mysuru,6.4,4.66,0.23
21-12-2025 06:00,Uttar Pradesh,Prayagraj,2.4,6.99,-0.09
18-02-2026 06:00,Karnataka,Udupi,6.68,6.82,-0.2
12-11-2025 04:00,West Bengal,Kolkata,7.58,5.95,0.41
08-02-2025 08:00,Karnataka,Udupi,8.59,5.67,1.16
15-01-2026 22:00,Bihar,Darbhanga,4.1,5.88,0.9
04-10-2025 16:00,West Bengal,Murshidabad,4.4,4.36,0.26
17-11-2025 14:00,Kerala,Kottayam,6.21,5.68,0.45
09-12-2025 22:00,Kerala,Kottayam,3.69,6.86,0.13
24-10-2025 22:00,Uttar Pradesh,Lucknow,7.51,4.72,-0.07
28-06-2025 06:00,West Bengal,Malda,7.78,6.1,0.61
05-05-2025 07:00,Assam,Barpeta,2.58,4.12,0.14
06-01-2025 10:00,Maharashtra,Mumbai,1.27,6.17,0.07
29-11-2025 12:00,West Bengal,Darjeeling,6.66,5.58,0.41
22-04-2025 03:00,Uttar Pradesh,Prayagraj,1.78,6.06,0.19
25-10-2025 10:00,Bihar,Bhagalpur,1.16,4.17,0.53
15-05-2025 07:00,Bihar,Patna,4.65,6.33,1.13
17-11-2025 13:00,Kerala,Kozhikode,3.79,6.42,1.06
13-08-2025 16:00,Assam,Dibrugarh,6.27,5.44,0.78
26-01-2025 14:00,Gujarat,Surat,7.77,4.31,0.63
17-02-2026 14:00,Tamil Nadu,Coimbatore,8.16,6.32,0.43
03-03-2025 02:00,Uttar Pradesh,Lucknow,2.61,6.14,-0.4
07-07-2025 09:00,Uttar Pradesh,Varanasi,7.12,4.14,0.36
07-05-2025 18:00,West Bengal,Darjeeling,3.61,5.74,0.67
11-04-2025 19:00,Maharashtra,Kolhapur,2.59,5.64,-0.09
31-07-2025 21:00,Maharashtra,Nashik,8.8,6.69,0.0
18-05-2025 06:00,West Bengal,Howrah,4.07,4.49,0.49
08-10-2025 17:00,Kerala,Kottayam,6.65,4.13,-0.59
04-03-2025 12:00,West Bengal,Kolkata,8.1,4.16,-0.07
05-03-2025 09:00,Tamil Nadu,Tiruppur,2.03,6.58,0.4
15-01-2026 21:00,West Bengal,Howrah,1.92,5.48,0.42
26-06-2025 08:00,Bihar,Darbhanga,1.39,5.75,1.05
17-11-2025 06:00,Bihar,Patna,1.15,5.43,0.33
04-07-2025 14:00,Bihar,Gaya,7.7,5.32,-0.05
17-01-2025 06:00,Uttar Pradesh,Kanpur,2.53,4.9,0.49
15-02-2026 18:00,Karnataka,Udupi,5.69,5.26,0.41
24-10-2025 20:00,Assam,Jorhat,6.1,6.49,0.14
04-09-2025 09:00,Kerala,Thrissur,6.15,5.31,0.94
25-12-2025 00:00,West Bengal,Darjeeling,6.34,4.09,0.94
20-07-2025 06:00,Tamil Nadu,Madurai,6.07,6.61,0.53
09-01-2026 02:00,West Bengal,Kolkata,1.67,6.49,0.83
10-12-2025 06:00,Karnataka,Bengaluru,6.08,4.08,1.02
02-12-2025 04:00,Kerala,Alappuzha,4.21,6.86,-0.09
12-02-2026 14:00,Tamil Nadu,Chennai,8.19,5.25,-0.37
16-06-2025 09:00,Assam,Dibrugarh,8.62,5.22,0.19
02-02-2026 23:00,Kerala,Kochi,2.06,5.32,-0.43
03-10-2025 09:00,Assam,Jorhat,8.67,5.04,0.01
10-08-2025 15:00,Assam,Dibrugarh,4.01,6.0,0.14
24-10-2025 15:00,Maharashtra,Nashik,4.85,4.87,1.35
11-04-2025 21:00,Bihar,Bhagalpur,5.47,6.35,0.8
22-08-2025 12:00,Odisha,Cuttack,4.43,5.03,0.47
14-03-2025 22:00,Karnataka,Mysuru,4.32,5.19,-0.1
11-01-2026 15:00,Uttar Pradesh,Prayagraj,4.84,5.53,0.92
09-02-2026 22:00,Bihar,Darbhanga,4.23,5.82,1.04
15-01-2025 02:00,Bihar,Bhagalpur,5.98,4.38,0.41
17-12-2025 07:00,Tamil Nadu,Chennai,7.39,4.29,-0.19
25-02-2025 21:00,Karnataka,Mysuru,4.43,6.33,0.17
02-02-2026 16:00,Uttar Pradesh,Lucknow,6.71,6.78,-0.09
29-11-2025 14:00,Maharashtra,Kolhapur,1.75,5.06,-0.57
01-06-2025 16:00,Maharashtra,Mumbai,6.64,5.07,0.7
14-01-2025 17:00,Uttar Pradesh,Lucknow,2.43,5.33,0.41
03-01-2026 20:00,Odisha,Cuttack,5.89,5.57,0.41
06-05-2025 04:00,West Bengal,Kolkata,3.12,5.55,-0.2
18-10-2025 00:00,Bihar,Muzaffarpur,1.39,4.61,0.23
20-06-2025 10:00,Tamil Nadu,Tiruppur,8.89,4.77,0.6
07-04-2025 18:00,Gujarat,Rajkot,7.69,4.83,0.66
05-10-2025 19:00,Kerala,Thrissur,4.42,4.64,0.79
20-10-2025 01:00,West Bengal,Murshidabad,1.67,5.77,0.81
24-06-2025 21:00,Bihar,Gaya,6.92,5.87,-0.58
28-05-2025 21:00,Tamil Nadu,Tiruppur,3.7,6.25,0.53
15-12-2025 11:00,Kerala,Kochi,1.89,5.4,0.31
25-06-2025 03:00,Gujarat,Ahmedabad,8.13,4.1,0.53
23-01-2026 22:00,Karnataka,Kodagu,8.17,6.97,0.9
08-01-2026 08:00,Gujarat,Ahmedabad,2.29,5.7,1.05
15-09-2025 17:00,Maharashtra,Mumbai,4.57,6.68,-0.37
10-03-2025 07:00,Uttar Pradesh,Kanpur,3.78,5.2,-0.12
03-01-2025 12:00,Maharashtra,Kolhapur,1.24,5.22,0.34
21-02-2025 16:00,West Bengal,Howrah,7.08,5.91,1.3
29-08-2025 00:00,Bihar,Muzaffarpur,5.52,5.65,-0.29
03-08-2025 00:00,Kerala,Thrissur,2.65,6.35,1.12
08-04-2025 15:00,Odisha,Balasore,4.73,6.65,0.97
30-03-2025 08:00,Maharashtra,Kolhapur,3.29,5.0,0.52
05-03-2025 12:00,Gujarat,Ahmedabad,6.65,6.04,0.18
14-11-2025 09:00,Gujarat,Bharuch,3.66,5.14,0.29
07-01-2025 09:00,Bihar,Gaya,8.37,6.3,0.05
21-01-2025 01:00,Gujarat,Rajkot,4.36,5.06,0.0
13-09-2025 02:00,Bihar,Darbhanga,1.74,4.25,-0.21
16-11-2025 18:00,Assam,Dibrugarh,7.33,6.66,0.43
23-10-2025 21:00,Uttar Pradesh,Prayagraj,4.81,4.57,-0.05
15-03-2025 10:00,Maharashtra,Pune,7.26,5.7,0.75
18-11-2025 11:00,Gujarat,Surat,4.81,6.79,0.49
14-01-2026 09:00,Gujarat,Ahmedabad,7.54,6.14,0.61
08-11-2025 15:00,Karnataka,Mangaluru,6.03,5.76,0.9
16-09-2025 20:00,Maharashtra,Nashik,1.98,4.5,-0.53
22-07-2025 05:00,Karnataka,Bengaluru,5.14,6.65,0.34
23-04-2025 23:00,Karnataka,Kodagu,7.83,5.17,0.66
09-10-2025 22:00,Maharashtra,Pune,4.16,6.93,0.61
22-06-2025 22:00,Tamil Nadu,Coimbatore,6.24,5.22,0.97
25-02-2025 13:00,Maharashtra,Nashik,4.07,5.91,0.31
16-12-2025 02:00,Assam,Dhemaji,5.97,6.23,1.06
27-01-2026 05:00,Odisha,Balasore,5.79,6.93,-0.02
09-02-2026 11:00,West Bengal,Murshidabad,5.03,6.55,0.37
16-01-2026 01:00,Kerala,Kochi,4.75,5.6,1.09
10-06-2025 10:00,Gujarat,Surat,2.8,5.5,0.07
14-12-2025 12:00,Maharashtra,Pune,5.65,5.16,0.72
21-06-2025 20:00,Odisha,Cuttack,3.77,6.24,0.56
09-01-2026 11:00,Gujarat,Bharuch,8.6,6.62,0.17
19-07-2025 12:00,Bihar,Darbhanga,3.79,6.54,-0.4
30-04-2025 10:00,Karnataka,Bengaluru,5.93,5.87,0.1
27-02-2025 18:00,Maharashtra,Nashik,4.63,5.72,-0.16
05-09-2025 13:00,Gujarat,Bharuch,7.73,5.34,0.55
08-05-2025 19:00,Gujarat,Vadodara,5.87,6.14,1.26
13-01-2026 10:00,Odisha,Balasore,5.37,4.13,0.72
01-06-2025 05:00,Odisha,Cuttack,2.52,5.76,0.13
29-01-2026 23:00,Odisha,Puri,1.66,6.1,0.59
08-01-2026 21:00,Kerala,Alappuzha,6.58,4.64,-0.36
07-05-2025 04:00,Assam,Jorhat,8.48,5.76,0.56
04-05-2025 17:00,Uttar Pradesh,Prayagraj,8.55,6.56,0.26
27-12-2025 06:00,Uttar Pradesh,Varanasi,3.03,5.57,1.03
13-09-2025 16:00,Assam,Jorhat,2.39,6.11,0.11
02-01-2026 17:00,Bihar,Bhagalpur,8.08,4.25,0.26
27-06-2025 15:00,Maharashtra,Mumbai,4.96,4.83,0.44
27-01-2025 21:00,Assam,Guwahati,2.21,6.82,0.37
07-02-2026 05:00,Odisha,Bhubaneswar,1.95,4.14,0.76
28-03-2025 10:00,Maharashtra,Pune,3.02,5.32,1.05
15-01-2025 05:00,Uttar Pradesh,Prayagraj,7.24,5.54,0.93
02-12-2025 01:00,Odisha,Cuttack,6.25,4.95,0.86
09-03-2025 14:00,Kerala,Kozhikode,2.5,5.43,0.66
25-10-2025 13:00,West Bengal,Murshidabad,5.67,6.62,1.04
30-08-2025 12:00,Uttar Pradesh,Lucknow,8.48,6.2,-0.25
27-10-2025 08:00,Tamil Nadu,Madurai,7.15,4.61,0.45
10-12-2025 00:00,Tamil Nadu,Thanjavur,8.7,6.06,0.94
17-08-2025 03:00,Odisha,Bhubaneswar,8.61,4.33,0.45
21-01-2026 12:00,Karnataka,Mysuru,2.91,4.95,0.56
04-01-2025 02:00,Bihar,Muzaffarpur,8.81,5.38,0.73
26-12-2025 17:00,Uttar Pradesh,Kanpur,2.79,6.54,0.47
20-01-2026 13:00,Tamil Nadu,Thanjavur,7.42,6.69,-0.69
27-03-2025 11:00,Gujarat,Vadodara,4.22,6.7,0.06
16-04-2025 21:00,Bihar,Darbhanga,2.05,5.55,0.36
24-02-2025 05:00,Gujarat,Rajkot,1.95,5.69,0.23
02-09-2025 21:00,Assam,Dhemaji,8.96,6.2,1.24
04-11-2025 00:00,Assam,Jorhat,2.87,4.96,-0.26
24-02-2025 08:00,Gujarat,Ahmedabad,6.38,6.87,0.51
18-12-2025 04:00,Gujarat,Vadodara,2.88,5.75,0.2
14-01-2026 22:00,Bihar,Gaya,6.53,6.6,0.32
19-04-2025 07:00,West Bengal,Murshidabad,1.54,5.62,0.39
18-04-2025 05:00,Karnataka,Mangaluru,2.44,4.32,0.95
13-05-2025 18:00,Kerala,Kozhikode,1.87,5.08,0.85
26-04-2025 08:00,Assam,Dhemaji,6.09,5.69,-0.26
21-07-2025 07:00,Kerala,Kochi,6.34,4.04,0.45
25-06-2025 23:00,Assam,Dibrugarh,6.69,4.85,0.78
07-02-2026 01:00,Maharashtra,Mumbai,5.39,5.18,0.67
29-03-2025 18:00,West Bengal,Darjeeling,3.99,5.92,0.62
22-04-2025 15:00,West Bengal,Malda,2.83,6.29,-0.06
27-02-2025 19:00,Bihar,Gaya,4.01,6.12,0.67
08-01-2026 03:00,Assam,Guwahati,2.79,5.4,-0.08
07-02-2026 11:00,Gujarat,Ahmedabad,1.85,4.57,0.8
23-10-2025 03:00,Bihar,Gaya,1.07,4.64,0.32
23-02-2025 07:00,Odisha,Puri,7.09,4.3,-0.09
03-02-2025 12:00,Uttar Pradesh,Prayagraj,3.83,4.32,0.33
06-03-2025 19:00,Tamil Nadu,Tiruppur,8.95,5.12,0.31
31-01-2026 06:00,Kerala,Thrissur,5.89,6.91,-0.06
10-07-2025 06:00,Bihar,Muzaffarpur,8.24,6.92,0.11
07-02-2026 21:00,Tamil Nadu,Chennai,7.35,5.54,0.72
21-07-2025 17:00,Karnataka,Mysuru,6.57,6.0,0.08
30-05-2025 18:00,Kerala,Alappuzha,1.83,5.93,0.26
09-09-2025 11:00,Assam,Jorhat,1.57,6.06,-0.05
13-10-2025 12:00,Uttar Pradesh,Lucknow,6.15,5.25,0.6
29-12-2025 17:00,Bihar,Patna,8.86,6.6,0.91
24-06-2025 01:00,Uttar Pradesh,Prayagraj,7.86,6.43,0.39
24-02-2025 12:00,Uttar Pradesh,Varanasi,2.18,4.45,0.2
24-05-2025 20:00,Uttar Pradesh,Gorakhpur,8.98,6.87,0.11
03-06-2025 23:00,Gujarat,Vadodara,7.12,5.96,0.59
26-06-2025 18:00,Kerala,Thrissur,5.32,4.51,0.09
02-04-2025 14:00,West Bengal,Howrah,5.15,4.82,0.17
04-07-2025 09:00,Gujarat,Rajkot,2.99,4.16,1.15
14-09-2025 06:00,Tamil Nadu,Madurai,8.45,5.33,0.58
09-02-2025 07:00,Bihar,Muzaffarpur,4.42,5.2,1.5750000000000002
04-02-2025 06:00,Assam,Guwahati,7.19,4.74,0.2
28-07-2025 13:00,Odisha,Bhubaneswar,6.24,5.16,1.14
03-10-2025 12:00,Kerala,Kochi,3.59,4.64,0.72
15-12-2025 04:00,Karnataka,Mysuru,6.18,6.25,-0.17
23-08-2025 03:00,West Bengal,Murshidabad,3.65,5.97,0.12
09-07-2025 11:00,Odisha,Puri,2.66,6.28,0.6
16-04-2025 18:00,West Bengal,Murshidabad,4.03,4.86,1.03
05-08-2025 23:00,Odisha,Kendrapara,6.76,4.64,-0.44
01-02-2026 10:00,Tamil Nadu,Madurai,7.33,5.49,0.76
11-01-2026 09:00,Maharashtra,Nashik,1.57,5.97,0.75
08-05-2025 06:00,Bihar,Muzaffarpur,3.34,4.27,0.39
03-06-2025 03:00,West Bengal,Kolkata,3.06,5.11,0.15
21-11-2025 00:00,Tamil Nadu,Coimbatore,8.76,5.12,-0.08
28-10-2025 18:00,Tamil Nadu,Coimbatore,3.5,4.0,1.13
08-10-2025 02:00,Maharashtra,Mumbai,7.99,5.83,-0.18
18-05-2025 12:00,Uttar Pradesh,Gorakhpur,4.85,5.96,0.75
18-05-2025 22:00,Maharashtra,Nashik,3.5,5.01,0.76
28-10-2025 21:00,Odisha,Cuttack,1.68,4.63,0.24
21-12-2025 23:00,Uttar Pradesh,Gorakhpur,1.84,4.87,0.29
06-09-2025 02:00,Maharashtra,Nagpur,8.43,5.57,0.26
04-02-2025 16:00,Assam,Dhemaji,3.03,6.16,0.1
25-05-2025 06:00,Assam,Dhemaji,3.03,6.85,0.56
15-11-2025 11:00,Gujarat,Ahmedabad,2.21,5.61,1.12
03-01-2025 06:00,Bihar,Bhagalpur,8.72,4.04,0.32
24-05-2025 19:00,Karnataka,Kodagu,6.8,5.39,1.39
20-09-2025 17:00,Tamil Nadu,Coimbatore,3.17,5.33,0.02
03-03-2025 17:00,Kerala,Alappuzha,5.32,4.67,0.33
23-07-2025 01:00,Karnataka,Mysuru,5.79,5.03,0.65
01-12-2025 22:00,Tamil Nadu,Madurai,8.71,4.66,0.41
19-05-2025 23:00,Maharashtra,Kolhapur,5.57,6.87,0.5
08-09-2025 16:00,Bihar,Muzaffarpur,7.25,5.16,-0.1
25-07-2025 06:00,Tamil Nadu,Thanjavur,3.28,6.02,0.56
30-08-2025 13:00,Tamil Nadu,Madurai,1.94,4.83,0.75
14-02-2026 15:00,Maharashtra,Mumbai,1.03,4.52,0.26
31-07-2025 19:00,Gujarat,Surat,5.69,6.75,0.3
04-10-2025 21:00,Bihar,Bhagalpur,5.55,4.03,0.91
17-08-2025 18:00,Uttar Pradesh,Lucknow,2.16,4.62,0.92
02-02-2025 00:00,Bihar,Muzaffarpur,7.15,6.74,0.08
28-03-2025 01:00,Bihar,Bhagalpur,2.11,6.63,0.3
31-01-2026 20:00,Assam,Dibrugarh,1.87,5.16,-0.34
01-11-2025 15:00,Gujarat,Vadodara,3.24,5.94,0.6
20-12-2025 05:00,Maharashtra,Nagpur,6.87,5.08,0.79
08-07-2025 12:00,Assam,Guwahati,4.7,6.07,-0.14
24-04-2025 05:00,Karnataka,Udupi,7.26,6.44,0.88
28-03-2025 15:00,Odisha,Puri,8.12,5.6,0.05
07-01-2026 10:00,Assam,Dhemaji,8.45,5.87,-0.48
09-02-2025 15:00,Karnataka,Bengaluru,7.86,4.24,-0.21
02-12-2025 18:00,Tamil Nadu,Tiruppur,3.01,5.99,1.16
14-04-2025 10:00,Assam,Barpeta,4.18,4.33,-0.05
15-03-2025 07:00,Tamil Nadu,Tiruppur,4.14,5.37,1.0
04-07-2025 06:00,Kerala,Kozhikode,6.79,5.75,0.17
07-10-2025 08:00,Gujarat,Rajkot,1.38,4.75,0.54
04-08-2025 22:00,Odisha,Kendrapara,1.32,4.31,0.22
22-12-2025 13:00,Gujarat,Vadodara,3.79,4.74,0.09
04-06-2025 05:00,West Bengal,Malda,6.2,6.73,0.25
26-06-2025 19:00,Tamil Nadu,Madurai,7.73,4.81,0.79
29-01-2025 16:00,Karnataka,Udupi,4.11,5.36,-0.38
24-05-2025 00:00,Gujarat,Rajkot,4.71,6.12,1.04
26-07-2025 00:00,Gujarat,Rajkot,7.12,6.55,0.88
10-02-2025 06:00,West Bengal,Howrah,4.7,5.9,0.83
31-01-2026 04:00,Odisha,Balasore,7.54,6.2,1.33
24-04-2025 01:00,Maharashtra,Pune,2.45,5.57,0.11
18-07-2025 05:00,Odisha,Cuttack,3.83,4.96,0.84
02-02-2026 17:00,Gujarat,Rajkot,8.18,4.48,0.24
21-09-2025 08:00,Maharashtra,Kolhapur,8.88,4.13,0.16
06-09-2025 23:00,Odisha,Cuttack,5.51,4.65,0.41
29-05-2025 20:00,Gujarat,Surat,2.89,5.21,0.02
09-08-2025 19:00,Uttar Pradesh,Varanasi,1.44,6.61,-0.49
24-03-2025 22:00,Gujarat,Vadodara,4.97,5.46,0.34
20-02-2025 05:00,Gujarat,Ahmedabad,1.79,5.77,0.62
27-07-2025 03:00,Uttar Pradesh,Lucknow,2.7,6.55,0.78
10-10-2025 15:00,Maharashtra,Mumbai,7.14,5.9,0.84
31-05-2025 00:00,Tamil Nadu,Madurai,2.52,6.28,0.26
28-09-2025 10:00,Kerala,Kochi,7.34,5.94,0.96
25-12-2025 17:00,Assam,Dhemaji,7.98,4.52,-0.21
20-02-2026 18:00,Karnataka,Mangaluru,4.65,6.28,0.67
03-12-2025 06:00,West Bengal,Malda,7.44,6.33,1.01
24-12-2025 09:00,Kerala,Thrissur,6.4,6.31,-0.24
29-11-2025 05:00,Tamil Nadu,Coimbatore,6.86,5.03,0.85
09-03-2025 17:00,Gujarat,Vadodara,2.19,5.3,0.48
23-01-2025 08:00,Uttar Pradesh,Prayagraj,2.56,5.28,0.95
01-01-2026 06:00,West Bengal,Murshidabad,5.07,6.72,0.56
29-11-2025 02:00,Odisha,Bhubaneswar,2.01,4.89,0.24
25-06-2025 12:00,Odisha,Balasore,6.62,6.71,0.44
27-09-2025 00:00,Gujarat,Vadodara,8.3,6.26,0.21
27-05-2025 03:00,West Bengal,Howrah,5.69,6.51,-0.68
16-12-2025 17:00,Kerala,Kottayam,2.93,5.55,0.07
24-10-2025 08:00,Odisha,Cuttack,6.04,6.83,0.02
23-04-2025 20:00,Kerala,Kottayam,7.21,4.36,0.8
29-07-2025 15:00,West Bengal,Howrah,6.12,5.93,0.49
29-09-2025 10:00,West Bengal,Kolkata,6.85,6.0,-0.41
14-07-2025 06:00,Maharashtra,Nagpur,6.64,5.43,0.86
17-06-2025 13:00,West Bengal,Howrah,3.22,5.4,0.38
19-03-2025 06:00,Maharashtra,Nashik,7.84,6.93,0.75
28-01-2026 17:00,Tamil Nadu,Coimbatore,1.38,5.7,0.78
30-04-2025 16:00,Odisha,Cuttack,5.08,6.74,0.65
07-05-2025 06:00,Maharashtra,Mumbai,6.49,5.42,0.47
10-03-2025 13:00,Odisha,Bhubaneswar,4.34,6.91,0.56
23-05-2025 09:00,Tamil Nadu,Tiruppur,3.82,6.52,-0.78
25-05-2025 20:00,Karnataka,Bengaluru,3.81,4.77,0.09
03-02-2026 00:00,Assam,Dhemaji,6.06,5.02,-0.21
16-03-2025 16:00,Kerala,Alappuzha,2.47,6.12,-0.41
08-06-2025 05:00,Karnataka,Bengaluru,6.04,6.75,0.73
21-05-2025 08:00,Kerala,Kochi,5.78,4.44,-0.06
27-10-2025 20:00,Maharashtra,Nashik,6.59,5.57,0.3
06-02-2026 17:00,Tamil Nadu,Madurai,4.31,6.15,1.11
01-08-2025 21:00,Gujarat,Ahmedabad,5.95,4.14,0.42
09-09-2025 00:00,Odisha,Balasore,8.78,6.37,0.14
02-01-2026 11:00,Uttar Pradesh,Lucknow,2.45,4.47,0.17
23-01-2026 06:00,Tamil Nadu,Thanjavur,4.18,6.2,0.19
06-01-2025 06:00,Maharashtra,Nagpur,6.68,5.35,0.98
06-09-2025 07:00,Gujarat,Surat,5.42,4.02,-0.08
11-06-2025 12:00,Odisha,Kendrapara,2.39,5.83,0.12
05-07-2025 11:00,Assam,Guwahati,6.67,6.45,-0.1
25-10-2025 19:00,Maharashtra,Nagpur,3.5,4.08,0.63
28-05-2025 03:00,West Bengal,Malda,5.92,4.32,0.52
04-02-2025 11:00,Bihar,Gaya,2.79,4.75,0.97
21-11-2025 14:00,Bihar,Muzaffarpur,7.53,4.73,1.22
11-02-2025 00:00,Maharashtra,Mumbai,8.76,6.86,0.3
21-11-2025 07:00,Kerala,Kottayam,6.89,4.51,-0.27
12-04-2025 19:00,Assam,Guwahati,8.37,5.97,0.36
23-12-2025 10:00,West Bengal,Kolkata,7.51,5.14,-0.59
15-01-2025 09:00,Bihar,Bhagalpur,2.56,4.06,0.32
03-02-2025 22:00,West Bengal,Howrah,8.13,6.18,0.23
14-09-2025 22:00,Tamil Nadu,Chennai,4.19,6.89,0.61
29-08-2025 19:00,Bihar,Gaya,1.25,6.79,0.39
30-03-2025 04:00,Gujarat,Ahmedabad,7.12,4.31,0.59
03-02-2025 01:00,Karnataka,Bengaluru,3.9,4.76,-0.43
15-10-2025 10:00,Gujarat,Bharuch,2.13,6.07,0.51
22-04-2025 10:00,Odisha,Puri,1.96,6.5,0.06
04-01-2025 22:00,Odisha,Balasore,2.6,5.45,0.47
26-06-2025 01:00,West Bengal,Kolkata,7.36,6.66,-0.27
06-06-2025 12:00,Odisha,Bhubaneswar,6.07,4.77,0.47
01-05-2025 11:00,Tamil Nadu,Coimbatore,5.41,5.27,0.86
09-04-2025 19:00,West Bengal,Kolkata,2.87,5.3,0.47
27-01-2026 04:00,Karnataka,Bengaluru,5.12,6.18,0.06
15-05-2025 12:00,Kerala,Alappuzha,4.14,6.1,-0.18
24-11-2025 15:00,Uttar Pradesh,Lucknow,2.54,5.77,0.22
22-09-2025 23:00,Uttar Pradesh,Gorakhpur,2.03,5.2,0.73
19-01-2026 04:00,Gujarat,Surat,1.98,6.05,0.2
02-11-2025 06:00,Bihar,Muzaffarpur,1.2,5.23,0.76
09-09-2025 04:00,Maharashtra,Kolhapur,5.31,5.28,0.4
19-03-2025 17:00,West Bengal,Howrah,7.13,6.37,-0.31
12-07-2025 04:00,Odisha,Kendrapara,1.22,6.42,0.89
21-04-2025 05:00,Gujarat,Ahmedabad,6.3,6.15,-0.09
04-04-2025 11:00,Tamil Nadu,Chennai,3.18,6.78,0.5
12-08-2025 21:00,Kerala,Kozhikode,6.01,5.87,0.22
08-04-2025 08:00,Assam,Guwahati,3.24,5.62,0.03
09-02-2025 14:00,Odisha,Cuttack,6.46,5.75,0.83
16-02-2025 16:00,Uttar Pradesh,Lucknow,4.48,5.57,1.01
02-04-2025 20:00,West Bengal,Darjeeling,5.78,4.93,0.11
18-01-2025 11:00,Odisha,Kendrapara,3.94,4.9,0.19
08-02-2025 10:00,Maharashtra,Nashik,6.11,5.26,-0.59
28-12-2025 05:00,Karnataka,Mangaluru,3.27,6.17,-0.45
14-08-2025 08:00,Odisha,Puri,3.67,6.05,0.68
30-08-2025 04:00,West Bengal,Darjeeling,3.95,4.47,0.47
28-08-2025 06:00,Bihar,Muzaffarpur,4.17,4.26,0.24
16-11-2025 11:00,Karnataka,Bengaluru,1.8,5.82,0.73
20-08-2025 23:00,West Bengal,Malda,8.91,6.32,-0.41
05-12-2025 23:00,Tamil Nadu,Chennai,8.23,6.6,-0.31
20-02-2025 02:00,Gujarat,Ahmedabad,8.45,5.74,0.45
29-08-2025 05:00,Tamil Nadu,Chennai,5.78,4.59,0.9
16-12-2025 13:00,Bihar,Darbhanga,4.27,6.51,0.29
24-03-2025 02:00,Uttar Pradesh,Varanasi,8.38,5.38,0.15
17-06-2025 10:00,Uttar Pradesh,Kanpur,2.17,5.92,0.08
03-06-2025 15:00,West Bengal,Howrah,2.62,4.2,-0.05
25-03-2025 05:00,Assam,Guwahati,5.74,6.06,-0.22
18-06-2025 01:00,Maharashtra,Pune,6.39,4.02,-0.19
22-02-2025 00:00,Karnataka,Mangaluru,2.63,4.67,-0.74
02-04-2025 08:00,Maharashtra,Nagpur,7.86,5.37,1.19
24-04-2025 00:00,Uttar Pradesh,Gorakhpur,4.94,4.94,0.44
02-04-2025 06:00,Kerala,Kottayam,6.06,4.94,0.4
14-07-2025 14:00,Gujarat,Rajkot,3.78,5.27,0.01
03-08-2025 06:00,Bihar,Gaya,5.41,5.88,0.5
07-09-2025 08:00,Uttar Pradesh,Gorakhpur,2.4,4.9,0.37
01-10-2025 13:00,Odisha,Kendrapara,5.27,5.0,-0.03
22-11-2025 04:00,Karnataka,Bengaluru,3.23,5.07,-0.21
17-10-2025 07:00,Karnataka,Mangaluru,5.91,5.11,-0.13
31-03-2025 00:00,Maharashtra,Nashik,7.69,4.81,0.52
14-02-2025 09:00,Assam,Dibrugarh,4.32,4.7,0.47
26-01-2025 00:00,Assam,Dhemaji,8.73,6.08,0.99
26-06-2025 03:00,Gujarat,Surat,4.82,5.76,0.39
12-11-2025 17:00,Kerala,Alappuzha,3.75,4.97,0.62
04-01-2025 05:00,Uttar Pradesh,Gorakhpur,2.86,5.3,0.94
11-11-2025 10:00,West Bengal,Kolkata,2.18,5.19,0.1
01-05-2025 18:00,Uttar Pradesh,Kanpur,5.87,6.19,-0.21
20-07-2025 20:00,Gujarat,Surat,7.93,4.27,0.42
23-01-2026 14:00,Tamil Nadu,Coimbatore,8.52,4.11,-0.28
25-09-2025 05:00,Kerala,Kochi,3.53,4.22,-0.25
13-01-2026 16:00,Assam,Dibrugarh,5.84,6.41,1.3
30-11-2025 15:00,Bihar,Muzaffarpur,7.77,5.7,-0.3
16-08-2025 20:00,Bihar,Muzaffarpur,4.27,6.98,0.08
05-09-2025 23:00,West Bengal,Kolkata,7.2,5.11,0.52
22-05-2025 07:00,Assam,Jorhat,8.89,5.02,0.6
14-08-2025 15:00,West Bengal,Darjeeling,3.96,6.44,0.01
17-04-2025 16:00,Bihar,Gaya,6.84,5.82,-0.05
07-12-2025 02:00,Maharashtra,Mumbai,2.53,4.67,1.5750000000000002
20-04-2025 19:00,Bihar,Bhagalpur,2.31,6.39,0.24
08-08-2025 00:00,Odisha,Cuttack,4.32,6.63,0.21
28-05-2025 02:00,West Bengal,Murshidabad,6.13,6.55,-0.865
23-12-2025 23:00,Uttar Pradesh,Kanpur,2.86,5.98,0.71
21-03-2025 12:00,Karnataka,Mysuru,8.48,5.91,-0.06
10-01-2025 19:00,Assam,Jorhat,3.75,5.45,0.65
08-03-2025 20:00,Uttar Pradesh,Gorakhpur,5.15,4.72,0.16
29-11-2025 16:00,Odisha,Kendrapara,2.46,6.08,1.01
26-05-2025 10:00,Gujarat,Vadodara,5.72,4.92,0.11
25-03-2025 02:00,Kerala,Alappuzha,7.79,6.38,0.79
28-04-2025 16:00,Karnataka,Bengaluru,5.99,5.83,0.93
22-01-2026 21:00,Gujarat,Bharuch,8.82,6.59,0.63
25-02-2025 22:00,Gujarat,Vadodara,5.58,5.49,0.91
21-12-2025 16:00,Uttar Pradesh,Gorakhpur,1.65,4.99,0.34
09-03-2025 11:00,Gujarat,Vadodara,3.45,5.62,0.53
09-08-2025 07:00,Uttar Pradesh,Gorakhpur,8.53,6.78,0.61
27-03-2025 20:00,Bihar,Darbhanga,5.06,5.39,0.3
19-02-2026 19:00,Assam,Jorhat,4.96,5.59,0.69
03-04-2025 11:00,Assam,Dhemaji,2.88,4.78,1.06
09-09-2025 14:00,Uttar Pradesh,Lucknow,2.55,4.18,0.56
11-01-2025 20:00,Kerala,Kochi,4.89,6.9,0.82
26-01-2026 05:00,Tamil Nadu,Thanjavur,3.35,6.51,1.16
14-01-2026 21:00,Kerala,Alappuzha,7.51,6.75,0.41
06-06-2025 00:00,Tamil Nadu,Madurai,4.81,4.57,1.5750000000000002
26-03-2025 10:00,Tamil Nadu,Chennai,6.58,6.1,-0.26
19-10-2025 04:00,West Bengal,Malda,7.68,4.38,0.41
26-06-2025 10:00,Gujarat,Ahmedabad,4.29,4.86,0.19
21-03-2025 21:00,Karnataka,Mangaluru,7.77,6.06,0.47
18-03-2025 04:00,Bihar,Patna,5.96,4.8,1.04
17-09-2025 17:00,Maharashtra,Pune,5.72,6.65,0.45
24-01-2026 20:00,Gujarat,Vadodara,8.47,4.89,0.59
19-09-2025 19:00,Kerala,Kozhikode,1.77,6.27,0.0
25-06-2025 08:00,Tamil Nadu,Coimbatore,5.38,6.97,-0.25
10-01-2025 08:00,Odisha,Puri,7.54,6.97,0.17
07-01-2026 11:00,Odisha,Balasore,2.72,4.93,0.51
27-09-2025 13:00,Assam,Dhemaji,3.28,5.43,0.16
28-01-2026 05:00,Tamil Nadu,Chennai,1.76,5.29,0.61
05-02-2025 06:00,Assam,Dhemaji,1.55,6.99,0.89
28-06-2025 17:00,Tamil Nadu,Madurai,3.44,5.4,0.13
20-08-2025 16:00,Odisha,Puri,4.67,4.61,0.46
17-04-2025 07:00,West Bengal,Malda,7.72,4.68,0.74
05-01-2025 21:00,Odisha,Balasore,4.91,5.47,0.21
04-01-2026 05:00,Maharashtra,Mumbai,1.36,6.48,1.06
06-09-2025 14:00,Maharashtra,Nagpur,3.21,6.0,-0.27
08-12-2025 11:00,Odisha,Balasore,4.17,4.63,0.69
27-12-2025 19:00,West Bengal,Malda,2.57,4.46,0.34
09-11-2025 01:00,Gujarat,Bharuch,5.85,6.14,0.14
01-01-2025 05:00,Gujarat,Surat,2.84,4.77,0.29
11-08-2025 14:00,Assam,Jorhat,7.08,5.57,0.15
15-01-2026 15:00,Assam,Dhemaji,5.24,4.48,-0.28
30-06-2025 04:00,Maharashtra,Mumbai,4.02,4.03,0.09
14-02-2025 07:00,Gujarat,Rajkot,2.57,5.06,0.86
18-04-2025 22:00,Bihar,Gaya,4.55,4.71,0.58
18-12-2025 10:00,Maharashtra,Kolhapur,1.51,5.29,0.14
05-06-2025 15:00,Kerala,Kottayam,3.54,6.47,0.35
27-05-2025 13:00,West Bengal,Howrah,7.68,5.76,1.36
19-10-2025 02:00,Assam,Guwahati,3.27,4.95,0.34
09-10-2025 23:00,Kerala,Thrissur,4.05,5.03,0.48
23-08-2025 06:00,Karnataka,Mysuru,1.64,4.6,-0.04
08-03-2025 21:00,West Bengal,Howrah,3.6,4.11,0.98
14-03-2025 05:00,Maharashtra,Nagpur,7.12,6.52,0.55
25-01-2026 05:00,Assam,Dhemaji,1.59,4.0,0.53
08-06-2025 20:00,Tamil Nadu,Coimbatore,3.27,5.12,0.05
06-02-2026 00:00,Assam,Jorhat,8.89,4.79,0.18
15-03-2025 09:00,West Bengal,Malda,4.95,5.56,-0.21
14-08-2025 01:00,West Bengal,Darjeeling,8.06,4.29,0.23
25-04-2025 03:00,Uttar Pradesh,Gorakhpur,7.07,4.16,0.68
14-04-2025 00:00,West Bengal,Howrah,8.95,4.19,1.15
08-10-2025 18:00,Tamil Nadu,Chennai,4.79,4.27,0.7
15-10-2025 03:00,Uttar Pradesh,Gorakhpur,6.79,6.33,0.46
27-11-2025 23:00,Gujarat,Bharuch,1.47,4.57,0.42
25-06-2025 06:00,Gujarat,Surat,7.09,5.57,0.63
23-09-2025 11:00,Gujarat,Surat,6.54,5.67,-0.865
10-01-2025 16:00,Kerala,Thrissur,3.98,4.87,0.12
11-12-2025 02:00,Assam,Dibrugarh,2.91,5.29,0.3
12-11-2025 01:00,West Bengal,Howrah,8.51,5.3,0.62
15-09-2025 00:00,Assam,Barpeta,2.49,6.68,0.16
30-05-2025 20:00,Maharashtra,Pune,7.91,6.16,0.76
20-09-2025 00:00,Tamil Nadu,Chennai,7.54,5.02,0.05
13-07-2025 00:00,Karnataka,Bengaluru,3.87,6.14,0.38
06-01-2025 05:00,Maharashtra,Nagpur,5.52,4.26,-0.32
15-11-2025 09:00,Maharashtra,Nagpur,7.7,6.56,0.71
17-09-2025 13:00,Odisha,Cuttack,8.95,4.65,0.63
24-02-2025 00:00,Gujarat,Bharuch,4.03,5.78,0.22
24-03-2025 08:00,Odisha,Kendrapara,7.72,5.41,1.06
31-01-2026 00:00,West Bengal,Kolkata,6.34,4.59,0.4
04-02-2026 05:00,Kerala,Kochi,4.53,4.93,0.2
28-08-2025 14:00,Karnataka,Bengaluru,4.94,5.69,0.53
06-12-2025 16:00,Tamil Nadu,Madurai,6.71,4.44,0.54
09-05-2025 14:00,Kerala,Alappuzha,3.73,4.93,0.77
22-01-2026 12:00,Kerala,Kochi,2.31,5.41,0.59
14-10-2025 18:00,Maharashtra,Mumbai,7.67,6.24,0.58
23-01-2026 17:00,Assam,Jorhat,3.08,4.42,0.83
16-11-2025 17:00,Tamil Nadu,Coimbatore,6.34,4.56,0.51
20-05-2025 09:00,Assam,Dibrugarh,2.95,4.08,1.18
07-12-2025 12:00,Gujarat,Ahmedabad,7.54,6.42,0.71
28-01-2026 13:00,Maharashtra,Nashik,8.69,5.24,0.9
02-09-2025 14:00,Gujarat,Rajkot,2.55,5.56,0.71
29-09-2025 02:00,Gujarat,Surat,4.56,6.98,-0.19
27-04-2025 13:00,West Bengal,Malda,7.95,6.25,0.82
08-02-2025 06:00,Assam,Dhemaji,2.78,6.31,0.85
10-03-2025 14:00,Maharashtra,Pune,1.4,6.21,0.47
02-08-2025 10:00,Uttar Pradesh,Kanpur,2.27,5.2,0.5
02-08-2025 14:00,Uttar Pradesh,Kanpur,4.36,6.59,1.21
12-07-2025 13:00,West Bengal,Malda,3.02,5.33,1.08
11-10-2025 17:00,Odisha,Kendrapara,3.02,4.65,-0.47
16-01-2025 04:00,Assam,Jorhat,5.84,6.18,-0.2
30-03-2025 13:00,Kerala,Kottayam,2.59,6.5,0.01
06-12-2025 14:00,Maharashtra,Nashik,8.32,4.35,-0.08
30-12-2025 05:00,West Bengal,Howrah,8.46,6.24,0.37
03-01-2025 07:00,Maharashtra,Pune,4.46,4.77,-0.23
27-01-2025 14:00,Odisha,Cuttack,4.86,5.63,0.45
13-01-2025 14:00,Tamil Nadu,Chennai,6.96,6.29,0.96
31-08-2025 03:00,Uttar Pradesh,Prayagraj,4.67,5.45,0.7
23-02-2025 04:00,Tamil Nadu,Tiruppur,1.33,5.93,0.05
04-07-2025 16:00,Maharashtra,Mumbai,4.33,4.22,0.7
01-06-2025 20:00,Odisha,Balasore,7.66,4.17,-0.19
22-06-2025 15:00,Assam,Dibrugarh,1.66,6.73,-0.1
30-04-2025 22:00,Kerala,Kottayam,3.1,4.75,0.45
28-09-2025 13:00,Gujarat,Ahmedabad,3.47,6.9,-0.01
07-08-2025 08:00,Maharashtra,Kolhapur,7.75,4.01,0.8
28-01-2026 00:00,Bihar,Bhagalpur,3.17,5.76,0.52
17-10-2025 01:00,Odisha,Cuttack,2.74,6.09,0.55
29-10-2025 16:00,Tamil Nadu,Tiruppur,3.06,4.87,0.01
19-04-2025 01:00,Uttar Pradesh,Gorakhpur,3.04,6.24,0.6
10-04-2025 17:00,Odisha,Puri,5.47,6.16,1.2
22-01-2025 19:00,Assam,Jorhat,5.77,4.54,0.27
23-09-2025 16:00,Kerala,Kozhikode,5.56,4.64,-0.12
18-10-2025 21:00,Maharashtra,Nashik,3.57,6.29,0.58
06-10-2025 05:00,Uttar Pradesh,Lucknow,1.73,4.26,-0.31
12-06-2025 12:00,Tamil Nadu,Tiruppur,2.52,5.51,1.02
06-02-2026 10:00,Assam,Dibrugarh,3.63,5.83,-0.13
21-08-2025 17:00,Odisha,Bhubaneswar,2.47,6.1,0.42
26-01-2026 00:00,Karnataka,Kodagu,4.62,5.49,0.61
28-11-2025 12:00,Uttar Pradesh,Kanpur,4.28,6.45,0.38
12-11-2025 10:00,Bihar,Patna,6.16,4.72,0.34
10-10-2025 09:00,Odisha,Kendrapara,2.62,4.39,0.95
28-01-2025 23:00,Tamil Nadu,Coimbatore,5.62,5.58,0.23
24-06-2025 12:00,Bihar,Patna,4.68,6.96,0.33
28-01-2025 18:00,Assam,Dhemaji,3.71,6.45,-0.01
17-05-2025 02:00,Maharashtra,Kolhapur,8.1,4.38,1.11
20-03-2025 15:00,Assam,Barpeta,4.83,4.16,-0.24
20-12-2025 00:00,Kerala,Kozhikode,6.11,4.53,0.3
14-01-2026 19:00,Odisha,Balasore,3.23,5.65,-0.57
17-11-2025 07:00,Maharashtra,Nashik,1.17,6.84,0.44
09-09-2025 07:00,Kerala,Kozhikode,5.96,5.97,0.87
11-09-2025 18:00,Assam,Dibrugarh,8.41,5.36,0.35
17-09-2025 22:00,Maharashtra,Kolhapur,4.64,5.76,0.48
03-11-2025 06:00,Karnataka,Mangaluru,4.96,4.09,0.61
23-11-2025 06:00,Odisha,Balasore,1.65,4.98,0.64
01-02-2025 16:00,Kerala,Kottayam,3.77,4.17,0.89
18-09-2025 14:00,Assam,Guwahati,3.54,4.86,0.32
21-03-2025 10:00,Uttar Pradesh,Gorakhpur,3.9,4.46,0.59
09-06-2025 02:00,Tamil Nadu,Madurai,8.72,4.44,0.55
19-09-2025 05:00,Assam,Guwahati,1.04,5.54,0.26
29-06-2025 04:00,Karnataka,Udupi,6.59,6.39,0.35
21-08-2025 01:00,Gujarat,Vadodara,7.77,5.59,0.32
27-11-2025 21:00,Tamil Nadu,Tiruppur,6.2,5.27,0.18
23-06-2025 12:00,Assam,Dibrugarh,1.28,6.05,-0.17
06-09-2025 19:00,West Bengal,Malda,2.54,5.22,0.05
30-05-2025 03:00,Karnataka,Mangaluru,6.2,4.66,0.05
29-04-2025 00:00,West Bengal,Darjeeling,6.58,5.48,0.1
16-08-2025 01:00,Gujarat,Vadodara,2.73,5.36,0.18
25-05-2025 16:00,Uttar Pradesh,Varanasi,4.18,5.87,0.43
21-09-2025 15:00,West Bengal,Malda,2.34,6.85,-0.66
06-01-2025 17:00,Assam,Guwahati,7.61,4.35,0.72
21-10-2025 11:00,Bihar,Patna,1.5,6.43,0.12
23-07-2025 20:00,Odisha,Balasore,6.73,4.35,0.36
01-04-2025 20:00,Odisha,Bhubaneswar,2.29,5.35,0.88
19-11-2025 02:00,Kerala,Alappuzha,1.64,6.4,0.68
13-05-2025 09:00,Odisha,Balasore,7.1,6.14,0.16
22-07-2025 06:00,Maharashtra,Kolhapur,5.59,5.85,1.09
13-07-2025 05:00,Kerala,Kochi,2.9,6.69,0.87
02-08-2025 03:00,Kerala,Thrissur,2.13,5.57,1.23
15-11-2025 16:00,Odisha,Kendrapara,3.0,4.07,1.11
27-06-2025 13:00,West Bengal,Howrah,5.03,6.91,1.51
25-02-2025 11:00,Bihar,Bhagalpur,7.12,6.15,0.96
19-10-2025 18:00,Kerala,Kozhikode,9.0,6.05,-0.18
17-10-2025 05:00,Assam,Dibrugarh,3.08,4.72,-0.03
01-12-2025 01:00,Assam,Barpeta,3.59,4.53,0.99
18-09-2025 01:00,West Bengal,Howrah,6.83,4.67,-0.07
21-02-2026 03:00,Gujarat,Ahmedabad,7.65,5.05,-0.04
14-10-2025 17:00,Assam,Dhemaji,4.37,6.2,0.37
08-07-2025 18:00,West Bengal,Kolkata,2.49,5.87,0.59
14-07-2025 17:00,Tamil Nadu,Thanjavur,3.57,6.44,-0.07
19-10-2025 12:00,Tamil Nadu,Tiruppur,1.07,4.79,0.77
22-02-2025 04:00,Uttar Pradesh,Varanasi,6.76,6.51,-0.62
21-05-2025 14:00,Kerala,Alappuzha,5.13,5.95,0.19
28-04-2025 06:00,Assam,Dhemaji,5.46,4.36,-0.03
16-07-2025 15:00,Gujarat,Vadodara,4.18,6.68,-0.14
30-09-2025 16:00,Tamil Nadu,Tiruppur,5.54,4.2,0.14
22-07-2025 10:00,Maharashtra,Pune,1.53,6.78,0.18
26-11-2025 05:00,Tamil Nadu,Chennai,3.28,5.4,0.15
24-12-2025 12:00,Maharashtra,Pune,5.39,5.3,0.37
18-12-2025 03:00,Gujarat,Ahmedabad,8.92,6.9,-0.18
14-02-2025 21:00,Odisha,Kendrapara,8.56,4.27,0.57
01-07-2025 19:00,West Bengal,Darjeeling,6.37,5.12,0.55
02-02-2025 02:00,Gujarat,Rajkot,6.85,5.87,0.03
05-01-2026 09:00,Kerala,Kochi,6.11,4.75,0.71
11-01-2025 09:00,Tamil Nadu,Tiruppur,4.06,5.61,1.24
29-10-2025 15:00,Gujarat,Surat,6.03,4.09,0.32
23-05-2025 11:00,Gujarat,Ahmedabad,8.06,4.34,-0.67
27-07-2025 08:00,Kerala,Thrissur,8.35,6.7,-0.05
09-07-2025 08:00,Assam,Guwahati,6.03,5.15,1.04
20-08-2025 21:00,Odisha,Puri,3.48,5.32,0.65
27-11-2025 19:00,Uttar Pradesh,Prayagraj,7.33,5.28,0.54
30-01-2025 20:00,Karnataka,Bengaluru,5.8,6.08,0.53
07-02-2026 04:00,Karnataka,Mangaluru,5.4,5.88,0.63
27-03-2025 08:00,Maharashtra,Nagpur,1.78,6.89,0.59
07-09-2025 21:00,Karnataka,Udupi,2.9,4.62,0.37
03-10-2025 00:00,Karnataka,Kodagu,1.85,5.68,-0.47
29-10-2025 21:00,Tamil Nadu,Coimbatore,6.87,4.82,0.14
24-06-2025 02:00,Tamil Nadu,Chennai,6.73,5.24,-0.33
20-07-2025 09:00,West Bengal,Murshidabad,5.71,5.71,-0.27
31-01-2026 02:00,Maharashtra,Kolhapur,8.29,4.16,-0.7
25-10-2025 12:00,Karnataka,Mysuru,5.81,5.55,0.13
27-10-2025 14:00,Assam,Jorhat,2.51,6.32,0.36
02-03-2025 20:00,West Bengal,Howrah,1.71,5.48,0.34
07-09-2025 13:00,Odisha,Cuttack,8.37,6.07,0.39
25-03-2025 08:00,Gujarat,Ahmedabad,7.32,5.2,0.42
07-12-2025 15:00,Karnataka,Kodagu,8.43,4.2,0.11
17-01-2025 20:00,West Bengal,Kolkata,2.72,5.84,0.0
17-01-2025 00:00,Odisha,Cuttack,1.4,6.1,-0.8
29-01-2026 16:00,Karnataka,Mangaluru,6.87,4.18,0.02
31-01-2026 07:00,Gujarat,Ahmedabad,8.89,5.39,0.41
10-03-2025 01:00,Karnataka,Mysuru,8.11,6.7,0.13
15-02-2026 13:00,Uttar Pradesh,Lucknow,2.57,4.87,-0.04
19-07-2025 08:00,Uttar Pradesh,Kanpur,2.25,6.01,0.34
30-01-2026 00:00,Assam,Dhemaji,2.44,6.75,0.35
18-10-2025 10:00,Assam,Jorhat,4.87,6.44,0.71
13-06-2025 13:00,Uttar Pradesh,Prayagraj,3.18,4.16,0.93
23-06-2025 06:00,Odisha,Kendrapara,6.02,4.43,1.28
07-11-2025 09:00,Uttar Pradesh,Lucknow,6.26,6.13,0.87
17-12-2025 15:00,Odisha,Cuttack,6.81,4.81,0.88
02-04-2025 09:00,Karnataka,Udupi,4.97,6.08,-0.08
12-02-2025 07:00,Uttar Pradesh,Lucknow,5.81,6.29,0.82
02-08-2025 12:00,Uttar Pradesh,Gorakhpur,3.12,5.56,0.07
06-11-2025 02:00,Karnataka,Bengaluru,8.54,5.79,-0.29
05-11-2025 17:00,Gujarat,Rajkot,2.49,5.21,0.41
10-01-2026 13:00,West Bengal,Kolkata,4.32,5.29,-0.03
30-04-2025 15:00,Maharashtra,Nashik,7.16,4.88,0.89
01-01-2025 09:00,Assam,Guwahati,1.74,5.8,-0.28
18-03-2025 14:00,Assam,Dhemaji,1.75,4.02,0.59
20-07-2025 04:00,West Bengal,Kolkata,6.67,5.9,0.49
11-01-2025 15:00,Karnataka,Mangaluru,3.82,5.22,0.51
20-10-2025 18:00,Bihar,Gaya,8.08,4.57,0.29
27-08-2025 01:00,Odisha,Balasore,2.51,5.83,0.75
19-05-2025 12:00,Uttar Pradesh,Prayagraj,7.61,6.92,0.1
18-11-2025 10:00,Kerala,Kochi,5.15,5.73,0.71
07-03-2025 21:00,West Bengal,Malda,2.84,5.55,-0.19
08-02-2025 12:00,Gujarat,Ahmedabad,3.4,6.33,0.18
26-04-2025 19:00,West Bengal,Murshidabad,5.94,4.55,0.31
25-11-2025 19:00,Odisha,Balasore,4.54,5.48,0.16
13-09-2025 12:00,Assam,Dibrugarh,5.58,6.89,0.26
10-08-2025 16:00,West Bengal,Malda,4.97,5.91,0.34
01-11-2025 16:00,Gujarat,Bharuch,7.91,6.89,0.69
23-10-2025 22:00,West Bengal,Kolkata,7.74,5.44,-0.55
09-09-2025 18:00,Assam,Barpeta,4.0,6.86,0.34
07-06-2025 07:00,Karnataka,Mangaluru,5.57,6.92,-0.07
21-07-2025 11:00,Uttar Pradesh,Varanasi,2.31,5.07,0.45
26-07-2025 20:00,Tamil Nadu,Coimbatore,5.49,6.99,0.12
23-01-2025 11:00,Tamil Nadu,Thanjavur,2.98,6.3,0.11
08-11-2025 19:00,Gujarat,Ahmedabad,4.84,4.13,0.92
25-04-2025 09:00,Tamil Nadu,Coimbatore,7.86,5.45,0.94
04-06-2025 23:00,Uttar Pradesh,Lucknow,4.49,5.16,0.38
12-10-2025 03:00,Assam,Dhemaji,8.28,5.91,-0.03
25-01-2026 01:00,Tamil Nadu,Thanjavur,8.55,5.87,0.04
06-07-2025 04:00,Karnataka,Mangaluru,2.37,4.61,0.35
28-01-2025 19:00,Assam,Dhemaji,1.09,5.79,0.68
12-11-2025 15:00,Kerala,Kozhikode,1.52,6.81,0.35
23-12-2025 05:00,Kerala,Alappuzha,1.86,5.63,0.6
30-07-2025 23:00,Kerala,Kozhikode,1.82,4.09,0.38
26-02-2025 09:00,Uttar Pradesh,Varanasi,5.07,4.11,-0.11
24-10-2025 10:00,West Bengal,Malda,5.41,4.62,-0.65
12-02-2026 05:00,Bihar,Patna,4.1,4.09,1.04
27-12-2025 22:00,Assam,Barpeta,7.69,5.3,0.14
23-04-2025 15:00,Karnataka,Udupi,5.65,6.18,0.48
19-05-2025 18:00,Assam,Guwahati,7.05,5.64,-0.03
02-12-2025 13:00,Assam,Jorhat,6.93,4.37,0.37
30-05-2025 08:00,Karnataka,Mysuru,3.89,4.39,-0.5
29-01-2026 09:00,Karnataka,Bengaluru,5.76,5.18,0.02
24-08-2025 05:00,West Bengal,Murshidabad,2.04,5.66,0.38
21-05-2025 16:00,West Bengal,Malda,2.21,6.32,-0.28
22-02-2025 08:00,Uttar Pradesh,Varanasi,5.05,6.45,0.1
15-09-2025 22:00,Bihar,Darbhanga,7.7,6.6,0.49
11-08-2025 20:00,Gujarat,Surat,1.99,4.95,0.5
23-06-2025 23:00,Maharashtra,Nashik,4.62,4.86,-0.46
24-07-2025 14:00,Uttar Pradesh,Prayagraj,3.49,4.81,-0.42
19-03-2025 04:00,Kerala,Kochi,3.24,6.08,0.45
21-09-2025 04:00,Assam,Guwahati,6.54,6.62,-0.67
15-02-2026 14:00,Gujarat,Vadodara,3.47,4.3,0.15
29-03-2025 17:00,West Bengal,Murshidabad,2.84,5.99,1.16
06-01-2025 13:00,West Bengal,Howrah,4.65,5.07,0.23
29-07-2025 13:00,Karnataka,Mangaluru,4.14,5.36,1.51
08-02-2025 16:00,Bihar,Muzaffarpur,1.47,6.5,0.93
04-02-2025 07:00,West Bengal,Murshidabad,8.88,5.19,0.37
12-11-2025 16:00,Maharashtra,Nashik,2.76,5.18,0.65
05-03-2025 19:00,Karnataka,Mangaluru,2.08,6.42,0.0
20-02-2025 14:00,Odisha,Kendrapara,1.43,6.94,-0.42
22-01-2025 00:00,Uttar Pradesh,Kanpur,1.47,6.21,0.41
30-09-2025 02:00,Odisha,Kendrapara,6.52,5.11,0.06
09-05-2025 00:00,Odisha,Cuttack,1.23,5.3,0.02
14-01-2026 14:00,Odisha,Puri,3.03,4.23,1.37
27-12-2025 07:00,Kerala,Kochi,3.8,4.53,-0.3
03-10-2025 19:00,Assam,Guwahati,2.52,5.57,-0.15
22-01-2026 09:00,West Bengal,Kolkata,5.41,5.64,0.25
04-06-2025 13:00,Bihar,Muzaffarpur,6.79,5.86,0.95
22-07-2025 01:00,Tamil Nadu,Madurai,6.76,6.71,0.45
17-07-2025 20:00,Odisha,Bhubaneswar,6.05,5.63,0.1
27-06-2025 20:00,Bihar,Patna,2.95,5.91,0.22
16-02-2026 14:00,Bihar,Gaya,7.58,5.14,-0.4
07-01-2026 01:00,Tamil Nadu,Madurai,2.35,5.6,0.1
24-06-2025 10:00,Karnataka,Bengaluru,2.06,5.4,0.38
09-08-2025 21:00,Odisha,Balasore,5.82,6.48,-0.08
02-05-2025 19:00,Tamil Nadu,Coimbatore,6.89,5.15,0.82
02-10-2025 12:00,Maharashtra,Pune,2.29,6.1,0.47
17-03-2025 10:00,Kerala,Thrissur,8.81,6.1,0.17
26-05-2025 06:00,West Bengal,Howrah,7.71,4.4,0.19
06-11-2025 03:00,Odisha,Bhubaneswar,8.34,6.12,0.04
11-05-2025 21:00,Tamil Nadu,Tiruppur,8.08,5.97,0.03
25-01-2026 11:00,Assam,Guwahati,3.63,4.09,0.49
25-02-2025 04:00,Karnataka,Mysuru,4.46,4.31,0.22
29-06-2025 16:00,Karnataka,Mysuru,8.23,5.74,0.12
09-11-2025 06:00,Assam,Guwahati,2.36,6.08,-0.44
29-12-2025 14:00,Karnataka,Mangaluru,2.51,4.33,-0.18
29-12-2025 03:00,Karnataka,Bengaluru,3.66,5.53,-0.02
31-01-2026 23:00,Odisha,Kendrapara,7.22,5.87,0.67
19-08-2025 21:00,Odisha,Cuttack,4.95,6.57,0.48
15-09-2025 04:00,Gujarat,Surat,3.43,6.72,0.49
06-03-2025 04:00,Tamil Nadu,Madurai,8.32,6.46,0.48
28-01-2026 01:00,Maharashtra,Pune,8.88,4.51,0.62
22-04-2025 17:00,Tamil Nadu,Madurai,8.1,5.24,1.02
16-02-2026 18:00,Karnataka,Mysuru,2.39,6.96,-0.865
21-09-2025 01:00,Kerala,Kozhikode,6.07,5.3,0.84
19-02-2025 15:00,Kerala,Alappuzha,5.84,4.53,0.77
09-08-2025 13:00,West Bengal,Murshidabad,6.86,4.03,-0.39
06-03-2025 06:00,Assam,Barpeta,5.19,4.15,-0.28
22-10-2025 00:00,Gujarat,Vadodara,4.18,6.29,-0.26
16-04-2025 19:00,Uttar Pradesh,Kanpur,3.79,5.39,-0.19
09-02-2025 17:00,Gujarat,Rajkot,1.74,6.86,0.37
29-10-2025 17:00,Assam,Guwahati,6.09,4.84,1.03
08-10-2025 11:00,Bihar,Gaya,1.65,4.17,-0.03
21-07-2025 22:00,Gujarat,Rajkot,4.6,6.9,0.02
11-10-2025 09:00,Gujarat,Surat,1.97,4.15,0.37
30-11-2025 18:00,Gujarat,Surat,8.27,6.24,0.02
30-06-2025 10:00,Assam,Dibrugarh,7.32,5.39,0.98
07-01-2026 20:00,Odisha,Cuttack,5.66,4.17,0.46
11-08-2025 06:00,Gujarat,Bharuch,5.03,4.86,-0.01
02-11-2025 10:00,Tamil Nadu,Madurai,4.37,6.78,1.16
25-01-2026 12:00,Gujarat,Bharuch,5.7,5.49,0.18
17-07-2025 01:00,West Bengal,Darjeeling,3.0,5.83,0.42
30-09-2025 13:00,Tamil Nadu,Madurai,8.8,6.25,0.1
10-08-2025 01:00,Uttar Pradesh,Prayagraj,2.61,5.5,0.81
04-08-2025 01:00,Maharashtra,Kolhapur,7.31,4.64,0.55
24-11-2025 12:00,Gujarat,Bharuch,2.15,5.27,0.05
31-03-2025 20:00,Kerala,Thrissur,1.51,6.28,0.1
14-02-2025 06:00,West Bengal,Howrah,7.94,5.3,1.49
18-02-2025 15:00,Bihar,Muzaffarpur,4.82,6.62,-0.32
01-06-2025 12:00,Odisha,Cuttack,1.55,6.35,0.46
15-11-2025 19:00,Bihar,Muzaffarpur,3.22,5.23,0.45
21-08-2025 20:00,Bihar,Gaya,1.72,6.7,1.15
27-10-2025 16:00,Maharashtra,Pune,2.59,6.71,0.73
07-07-2025 03:00,Uttar Pradesh,Kanpur,5.42,5.96,0.33
30-10-2025 18:00,West Bengal,Kolkata,7.28,4.99,0.61
27-07-2025 12:00,Odisha,Balasore,6.18,6.4,0.61
14-12-2025 07:00,West Bengal,Malda,4.92,6.48,0.87
19-02-2026 16:00,Tamil Nadu,Coimbatore,6.83,6.24,0.06
26-07-2025 02:00,Uttar Pradesh,Lucknow,5.14,4.37,0.38
26-04-2025 22:00,Bihar,Bhagalpur,5.04,6.6,0.75
30-01-2025 21:00,Tamil Nadu,Thanjavur,6.21,6.2,0.19
15-04-2025 06:00,Tamil Nadu,Coimbatore,3.06,4.2,0.22
01-07-2025 16:00,Maharashtra,Nashik,7.28,6.18,0.2
23-06-2025 19:00,West Bengal,Howrah,7.57,4.16,0.29
03-12-2025 18:00,Bihar,Bhagalpur,6.93,4.37,1.26
11-02-2026 16:00,Tamil Nadu,Coimbatore,3.68,4.37,0.85
17-01-2025 11:00,Tamil Nadu,Tiruppur,7.55,5.28,0.32
27-10-2025 10:00,Karnataka,Mysuru,3.46,4.18,0.64
14-02-2026 06:00,Odisha,Bhubaneswar,5.1,4.55,1.17
07-07-2025 04:00,Bihar,Bhagalpur,3.77,5.56,0.4
26-02-2025 21:00,Kerala,Alappuzha,2.89,4.49,-0.64
01-02-2026 22:00,Uttar Pradesh,Varanasi,2.26,6.99,0.33
02-01-2026 03:00,Kerala,Kochi,3.21,5.82,0.68
04-09-2025 13:00,Odisha,Bhubaneswar,3.16,5.21,0.76
27-07-2025 00:00,Assam,Jorhat,2.96,6.75,0.99
02-05-2025 10:00,Assam,Dhemaji,2.2,6.2,0.59
24-08-2025 04:00,Uttar Pradesh,Kanpur,2.83,6.49,0.61
06-06-2025 22:00,Maharashtra,Nagpur,7.29,5.81,0.68
24-05-2025 08:00,Karnataka,Mysuru,6.83,4.22,0.68
03-11-2025 13:00,Karnataka,Mangaluru,3.14,5.77,0.92
11-10-2025 14:00,Karnataka,Mangaluru,6.3,5.83,-0.57
31-03-2025 07:00,West Bengal,Darjeeling,2.11,5.41,0.35
01-08-2025 16:00,Bihar,Darbhanga,8.41,5.88,0.87
31-07-2025 09:00,Odisha,Bhubaneswar,5.6,6.8,1.22
07-03-2025 11:00,Karnataka,Mysuru,2.35,6.07,0.0
19-06-2025 23:00,Tamil Nadu,Tiruppur,2.16,5.05,0.55
16-02-2025 18:00,Karnataka,Udupi,6.15,5.92,-0.24
27-04-2025 02:00,Bihar,Patna,1.07,4.39,-0.3
04-05-2025 15:00,Odisha,Bhubaneswar,7.93,5.39,0.74
15-04-2025 08:00,Gujarat,Bharuch,4.13,5.04,0.14
07-09-2025 12:00,Kerala,Kottayam,8.02,4.61,0.48
05-01-2026 11:00,Gujarat,Ahmedabad,2.4,4.38,1.39
26-10-2025 12:00,Tamil Nadu,Coimbatore,1.62,6.96,1.33
31-01-2025 08:00,Kerala,Thrissur,3.23,6.04,0.29
13-11-2025 03:00,Kerala,Kozhikode,8.86,4.08,0.79
11-11-2025 07:00,Kerala,Kochi,8.54,6.56,-0.1
18-01-2025 04:00,Assam,Jorhat,6.07,6.68,0.38
28-08-2025 09:00,Uttar Pradesh,Prayagraj,7.54,5.62,0.3
16-11-2025 12:00,Maharashtra,Kolhapur,6.38,5.74,-0.24
04-02-2025 09:00,Gujarat,Ahmedabad,6.25,5.05,0.1
17-05-2025 03:00,Bihar,Darbhanga,7.84,5.67,-0.47
15-06-2025 14:00,West Bengal,Howrah,8.34,5.49,0.56
03-01-2026 00:00,Uttar Pradesh,Lucknow,4.45,5.86,1.2
13-12-2025 02:00,Gujarat,Vadodara,8.14,6.28,0.64
18-01-2025 09:00,Gujarat,Surat,7.92,5.83,0.77
09-10-2025 04:00,Karnataka,Mysuru,2.63,4.66,0.6
09-01-2026 15:00,Assam,Dibrugarh,4.15,6.89,1.08
28-03-2025 18:00,West Bengal,Murshidabad,7.38,5.09,0.36
08-01-2026 17:00,West Bengal,Murshidabad,5.02,6.44,1.05
21-05-2025 13:00,Maharashtra,Pune,4.32,5.31,0.58
27-08-2025 14:00,Uttar Pradesh,Lucknow,4.73,5.45,0.12
21-06-2025 03:00,Uttar Pradesh,Prayagraj,1.59,5.04,0.63
02-07-2025 12:00,Assam,Guwahati,7.43,6.34,-0.2
18-11-2025 19:00,Odisha,Bhubaneswar,6.16,4.86,0.85
14-02-2025 10:00,Tamil Nadu,Madurai,2.42,6.74,0.38
13-06-2025 01:00,Uttar Pradesh,Kanpur,7.9,4.93,-0.14
19-08-2025 16:00,West Bengal,Kolkata,5.53,4.13,0.18
30-11-2025 10:00,Uttar Pradesh,Gorakhpur,7.89,6.27,0.53
13-08-2025 11:00,Bihar,Patna,3.21,5.81,1.0
27-08-2025 20:00,Karnataka,Mangaluru,8.06,4.76,0.08
25-04-2025 02:00,Gujarat,Ahmedabad,2.24,5.03,0.01
30-07-2025 12:00,Karnataka,Bengaluru,5.45,4.01,0.1
16-06-2025 16:00,Kerala,Kozhikode,5.83,5.16,0.39
12-04-2025 03:00,Assam,Dibrugarh,6.29,4.0,-0.01
12-10-2025 17:00,Gujarat,Surat,2.33,4.14,0.39
12-03-2025 07:00,Bihar,Patna,3.58,5.35,0.67
05-02-2025 11:00,Maharashtra,Pune,3.66,5.65,-0.61
20-09-2025 15:00,Karnataka,Udupi,1.5,6.99,0.23
14-01-2026 15:00,Gujarat,Surat,6.75,5.14,0.88
02-09-2025 22:00,Odisha,Bhubaneswar,7.73,4.79,-0.19
22-12-2025 07:00,Assam,Barpeta,6.62,5.77,0.3
29-04-2025 07:00,Assam,Jorhat,7.52,4.03,0.26
12-07-2025 03:00,Karnataka,Udupi,1.64,4.57,0.54
02-02-2026 12:00,West Bengal,Malda,2.54,5.65,0.3
19-01-2026 15:00,Maharashtra,Kolhapur,1.21,4.61,0.43
14-04-2025 17:00,West Bengal,Kolkata,3.77,6.21,1.01
15-10-2025 17:00,Kerala,Kochi,5.94,6.83,0.13
04-11-2025 22:00,Odisha,Cuttack,5.65,5.32,0.03
29-04-2025 17:00,Maharashtra,Pune,2.32,5.44,-0.28
05-10-2025 17:00,Bihar,Patna,2.82,6.44,0.61
03-09-2025 01:00,Tamil Nadu,Madurai,5.27,5.44,0.11
05-07-2025 12:00,Gujarat,Vadodara,7.36,6.32,0.23
06-11-2025 05:00,Bihar,Darbhanga,6.03,6.51,0.05
28-09-2025 04:00,West Bengal,Darjeeling,7.26,5.24,-0.47
14-04-2025 07:00,Odisha,Cuttack,4.92,6.23,-0.02
03-10-2025 17:00,Uttar Pradesh,Varanasi,7.19,6.58,0.09
31-03-2025 05:00,Karnataka,Kodagu,1.42,4.66,0.58
05-08-2025 04:00,Karnataka,Mysuru,4.12,6.2,0.2
09-02-2026 08:00,Odisha,Cuttack,8.64,6.08,-0.19
25-04-2025 08:00,Karnataka,Mangaluru,4.4,6.32,0.96
30-10-2025 05:00,West Bengal,Darjeeling,8.75,4.54,0.22
27-05-2025 02:00,West Bengal,Murshidabad,1.0,6.67,0.54
11-03-2025 23:00,Karnataka,Udupi,5.02,6.11,-0.13
27-06-2025 01:00,Tamil Nadu,Chennai,4.6,4.07,0.13
12-05-2025 03:00,Odisha,Balasore,4.76,6.34,0.31
05-12-2025 18:00,West Bengal,Malda,1.98,6.91,1.5750000000000002
19-10-2025 20:00,Gujarat,Bharuch,3.71,4.51,-0.06
25-01-2025 04:00,Uttar Pradesh,Lucknow,3.82,6.3,0.31
19-06-2025 14:00,Odisha,Bhubaneswar,5.27,6.29,0.17
20-05-2025 07:00,Gujarat,Ahmedabad,7.91,6.56,-0.15
05-11-2025 12:00,Uttar Pradesh,Gorakhpur,3.39,5.58,0.78
03-06-2025 00:00,Uttar Pradesh,Lucknow,7.17,6.15,0.68
24-01-2025 07:00,Maharashtra,Nagpur,7.36,4.52,0.33
07-08-2025 05:00,West Bengal,Kolkata,4.35,6.52,0.41
22-11-2025 05:00,Maharashtra,Nashik,5.06,4.18,0.59
22-01-2025 08:00,Odisha,Bhubaneswar,6.47,5.11,0.97
15-02-2025 01:00,Bihar,Darbhanga,2.19,6.12,0.89
11-03-2025 08:00,Bihar,Muzaffarpur,5.1,4.36,0.49
19-01-2026 12:00,Maharashtra,Nashik,5.15,4.51,1.15
22-03-2025 11:00,Bihar,Darbhanga,7.85,6.53,1.16
07-02-2026 18:00,Karnataka,Udupi,8.76,5.09,0.72
17-02-2025 22:00,Maharashtra,Nashik,5.91,4.72,0.65
29-04-2025 06:00,Kerala,Thrissur,7.13,5.18,0.66
05-09-2025 21:00,Bihar,Gaya,3.57,6.47,0.29
13-12-2025 04:00,Maharashtra,Nashik,8.01,4.17,0.29
08-01-2026 04:00,Bihar,Darbhanga,6.57,4.16,0.22
12-02-2026 20:00,Maharashtra,Nagpur,5.9,6.27,0.54
04-08-2025 17:00,Uttar Pradesh,Lucknow,1.37,4.41,-0.37
04-02-2025 14:00,Uttar Pradesh,Lucknow,5.76,5.72,0.57
13-12-2025 07:00,Odisha,Puri,8.08,5.56,0.19
18-07-2025 00:00,Gujarat,Vadodara,1.73,4.87,0.4
15-02-2026 10:00,Kerala,Kozhikode,6.6,6.43,0.88
27-01-2025 11:00,Bihar,Bhagalpur,1.06,6.95,0.93
06-07-2025 01:00,Gujarat,Vadodara,1.14,4.31,0.72
11-10-2025 07:00,Kerala,Kottayam,1.69,6.15,0.9
29-11-2025 19:00,Tamil Nadu,Chennai,3.64,5.16,0.66
22-10-2025 23:00,Bihar,Darbhanga,4.53,6.64,0.25
18-10-2025 06:00,West Bengal,Howrah,4.73,5.89,-0.46
22-06-2025 14:00,Karnataka,Bengaluru,4.37,5.52,-0.68
20-10-2025 19:00,Assam,Jorhat,7.94,4.9,0.08
18-01-2026 15:00,Bihar,Gaya,2.45,4.56,0.27
06-02-2025 12:00,West Bengal,Darjeeling,1.76,5.48,1.02
22-07-2025 21:00,Kerala,Kozhikode,8.36,4.02,-0.23
10-08-2025 11:00,Uttar Pradesh,Varanasi,4.8,4.45,-0.06
06-08-2025 14:00,West Bengal,Malda,1.56,4.9,0.05
01-01-2025 04:00,Odisha,Puri,6.72,4.38,0.16
08-05-2025 03:00,Tamil Nadu,Tiruppur,1.4,5.09,0.59
26-08-2025 03:00,Uttar Pradesh,Kanpur,1.89,5.99,0.52
11-05-2025 04:00,Maharashtra,Nagpur,6.52,5.82,1.11
14-04-2025 19:00,Tamil Nadu,Tiruppur,6.66,4.2,0.41
10-06-2025 14:00,Gujarat,Bharuch,6.96,5.46,0.04
19-07-2025 01:00,Odisha,Cuttack,3.33,6.57,-0.51
09-11-2025 21:00,Bihar,Patna,8.14,4.47,-0.46
27-09-2025 01:00,Bihar,Patna,5.31,6.39,0.51
20-09-2025 05:00,Maharashtra,Nagpur,4.34,5.77,0.71
17-02-2025 20:00,Tamil Nadu,Coimbatore,6.44,4.71,0.91
24-01-2025 22:00,Uttar Pradesh,Kanpur,6.55,4.69,0.5
07-06-2025 01:00,Gujarat,Vadodara,8.09,6.73,1.04
22-06-2025 18:00,West Bengal,Murshidabad,4.87,6.83,0.85
05-02-2025 13:00,West Bengal,Kolkata,8.74,5.8,0.22
04-09-2025 15:00,West Bengal,Darjeeling,8.66,4.68,0.71
25-01-2026 22:00,Maharashtra,Mumbai,3.1,5.07,1.5750000000000002
03-10-2025 14:00,Odisha,Cuttack,5.59,4.62,0.35
08-09-2025 02:00,Kerala,Alappuzha,3.13,4.35,1.31
17-01-2026 19:00,Uttar Pradesh,Varanasi,3.87,6.68,1.04
07-07-2025 07:00,Assam,Guwahati,5.56,6.37,0.4
07-12-2025 13:00,Bihar,Patna,2.26,4.67,0.21
05-10-2025 07:00,Gujarat,Ahmedabad,2.67,5.46,0.46
09-04-2025 16:00,Tamil Nadu,Thanjavur,6.68,4.4,0.56
19-07-2025 04:00,Bihar,Darbhanga,6.09,6.74,0.5
30-11-2025 00:00,Odisha,Cuttack,4.69,6.37,1.07
03-05-2025 22:00,Maharashtra,Pune,2.9,5.52,0.73
23-08-2025 09:00,Karnataka,Bengaluru,4.67,5.3,0.91
18-10-2025 11:00,Gujarat,Rajkot,4.72,5.1,0.29
30-12-2025 04:00,Gujarat,Rajkot,7.95,6.36,1.14
18-03-2025 17:00,Kerala,Alappuzha,6.34,5.47,-0.68
07-09-2025 10:00,Kerala,Kottayam,2.18,6.08,-0.55
23-01-2025 09:00,Gujarat,Surat,6.29,6.6,0.88
27-04-2025 22:00,Odisha,Puri,4.74,4.45,0.3
30-08-2025 17:00,Maharashtra,Kolhapur,3.74,4.5,-0.13
22-08-2025 04:00,West Bengal,Howrah,3.8,4.95,0.2
28-10-2025 06:00,Odisha,Bhubaneswar,4.84,4.91,1.13
02-11-2025 23:00,West Bengal,Malda,5.51,6.41,0.77
12-11-2025 00:00,Kerala,Kottayam,2.19,6.01,-0.01
04-12-2025 08:00,Odisha,Kendrapara,7.21,4.86,0.11
02-02-2025 16:00,Bihar,Gaya,1.19,4.93,1.46
28-02-2025 17:00,Maharashtra,Nagpur,5.86,4.18,0.48
07-01-2025 10:00,Uttar Pradesh,Kanpur,8.11,5.23,-0.16
22-11-2025 06:00,Gujarat,Surat,3.53,4.54,0.38
06-05-2025 09:00,Uttar Pradesh,Gorakhpur,6.45,6.97,-0.02
12-03-2025 06:00,Gujarat,Vadodara,7.02,6.51,0.12
17-06-2025 06:00,Odisha,Bhubaneswar,7.92,6.0,0.82
07-11-2025 15:00,Assam,Jorhat,4.61,5.1,-0.19
10-06-2025 23:00,Tamil Nadu,Coimbatore,4.33,5.72,0.42
24-04-2025 21:00,Maharashtra,Pune,4.06,4.61,1.05
20-03-2025 23:00,Assam,Barpeta,5.95,4.51,0.52
15-08-2025 18:00,Assam,Guwahati,3.53,4.86,0.23
24-01-2025 17:00,Karnataka,Udupi,3.11,6.05,0.07
07-10-2025 13:00,Maharashtra,Kolhapur,6.29,4.47,-0.07
01-09-2025 22:00,Uttar Pradesh,Lucknow,2.94,6.06,0.67
17-03-2025 16:00,Assam,Dhemaji,3.6,5.54,0.25
13-12-2025 15:00,West Bengal,Darjeeling,6.36,5.49,-0.32
22-05-2025 10:00,West Bengal,Kolkata,3.18,4.14,0.18
19-05-2025 15:00,Gujarat,Surat,1.38,5.65,0.29
20-02-2026 22:00,West Bengal,Darjeeling,6.87,5.88,0.07
12-09-2025 06:00,Kerala,Kottayam,2.32,4.44,-0.34
04-05-2025 23:00,Karnataka,Mysuru,6.73,4.48,0.32
10-02-2025 20:00,Maharashtra,Kolhapur,5.71,6.31,-0.32
08-01-2025 22:00,Maharashtra,Pune,6.22,6.08,0.17
24-01-2026 19:00,Maharashtra,Pune,3.37,5.76,0.79
01-08-2025 00:00,Bihar,Bhagalpur,5.72,4.56,0.22
30-01-2025 03:00,Karnataka,Udupi,1.18,6.09,-0.5
11-02-2026 15:00,West Bengal,Malda,5.25,4.2,-0.55
26-01-2025 06:00,Gujarat,Vadodara,7.94,5.12,0.91
13-01-2025 13:00,Bihar,Gaya,1.37,4.95,0.11
23-05-2025 12:00,West Bengal,Darjeeling,7.18,6.09,0.09
13-02-2026 12:00,Karnataka,Udupi,3.09,6.43,0.34
14-02-2025 04:00,Tamil Nadu,Thanjavur,8.74,6.11,0.52
24-05-2025 12:00,Odisha,Balasore,8.51,4.73,0.3
14-02-2025 13:00,Maharashtra,Pune,8.97,6.36,0.43
02-04-2025 21:00,Assam,Jorhat,7.31,4.69,-0.11
29-01-2026 03:00,Maharashtra,Nagpur,5.35,6.78,0.87
02-11-2025 19:00,Assam,Guwahati,6.26,6.27,0.2
09-12-2025 00:00,Gujarat,Vadodara,6.81,5.42,-0.11
16-11-2025 23:00,Gujarat,Surat,5.44,5.86,0.57
13-07-2025 10:00,West Bengal,Murshidabad,2.25,6.31,-0.03
17-11-2025 03:00,Bihar,Patna,5.28,6.27,0.4
11-01-2026 07:00,Bihar,Muzaffarpur,7.97,4.97,0.89
30-11-2025 04:00,Uttar Pradesh,Lucknow,7.58,6.62,0.29
22-08-2025 08:00,Assam,Dibrugarh,1.61,4.99,-0.36
17-01-2026 07:00,West Bengal,Darjeeling,5.66,6.79,0.43
20-10-2025 14:00,Assam,Dhemaji,7.37,6.98,0.45
23-07-2025 21:00,West Bengal,Murshidabad,4.2,6.73,-0.8
10-01-2025 09:00,Gujarat,Rajkot,7.9,4.45,-0.48
20-05-2025 18:00,Uttar Pradesh,Varanasi,4.15,4.21,0.17
03-09-2025 15:00,Kerala,Kochi,8.26,4.49,0.37
31-12-2025 18:00,Gujarat,Vadodara,6.17,4.68,0.39
24-05-2025 04:00,Assam,Dhemaji,1.37,5.89,-0.865
12-03-2025 13:00,Kerala,Kottayam,4.77,6.3,-0.12
15-10-2025 05:00,West Bengal,Darjeeling,8.74,5.44,-0.55
13-02-2025 13:00,West Bengal,Darjeeling,1.62,5.27,-0.32
24-05-2025 14:00,Bihar,Darbhanga,4.96,5.03,0.55
02-12-2025 10:00,Bihar,Bhagalpur,4.39,4.54,0.61
17-01-2026 02:00,Tamil Nadu,Madurai,6.59,6.12,0.15
20-02-2026 21:00,Bihar,Muzaffarpur,2.95,4.27,-0.03
17-07-2025 07:00,Bihar,Patna,4.14,6.35,0.38
07-07-2025 08:00,Kerala,Thrissur,2.98,5.17,0.04
20-02-2025 18:00,Assam,Barpeta,6.79,5.67,-0.7
08-09-2025 15:00,West Bengal,Darjeeling,2.6,6.74,0.52
09-02-2026 23:00,Bihar,Muzaffarpur,4.77,6.56,0.26
16-06-2025 03:00,Tamil Nadu,Madurai,5.43,5.08,1.1
24-07-2025 15:00,Karnataka,Bengaluru,3.07,5.7,0.96
31-01-2026 12:00,Assam,Dhemaji,7.09,4.67,-0.2
07-07-2025 05:00,Maharashtra,Pune,1.23,4.03,0.06
17-10-2025 08:00,Gujarat,Rajkot,1.52,6.73,-0.4
26-08-2025 11:00,Maharashtra,Nashik,2.5,5.11,0.81
15-12-2025 00:00,Kerala,Thrissur,1.66,4.06,0.19
09-02-2025 20:00,Maharashtra,Nashik,4.52,5.55,0.06
30-04-2025 13:00,Uttar Pradesh,Kanpur,3.53,4.14,0.63
04-07-2025 17:00,Assam,Barpeta,7.93,5.29,0.4
27-07-2025 05:00,Maharashtra,Nagpur,2.63,5.18,0.4
04-05-2025 09:00,Maharashtra,Kolhapur,7.58,6.96,0.29
02-04-2025 16:00,Odisha,Bhubaneswar,8.74,4.52,0.51
05-01-2025 02:00,Uttar Pradesh,Lucknow,5.21,4.34,0.84
15-02-2026 09:00,West Bengal,Murshidabad,1.42,5.4,0.37
17-04-2025 13:00,Assam,Jorhat,2.64,6.04,0.41
18-12-2025 21:00,Bihar,Patna,8.63,6.86,-0.02
24-06-2025 23:00,Maharashtra,Nashik,3.22,5.31,-0.21
06-02-2026 13:00,Bihar,Patna,5.19,6.65,0.43
19-08-2025 19:00,Tamil Nadu,Coimbatore,8.23,6.97,0.36
10-03-2025 16:00,West Bengal,Darjeeling,1.7,4.89,0.87
16-09-2025 05:00,Gujarat,Ahmedabad,1.81,6.63,0.41
20-09-2025 07:00,Kerala,Kottayam,1.43,6.95,0.5
07-07-2025 11:00,Karnataka,Mangaluru,6.99,4.91,0.09
18-02-2025 02:00,Odisha,Puri,1.3,6.07,0.04
04-04-2025 23:00,Odisha,Cuttack,2.35,4.98,0.04
13-05-2025 02:00,Tamil Nadu,Tiruppur,5.72,5.0,0.78
05-11-2025 08:00,West Bengal,Malda,6.45,5.76,-0.15
26-10-2025 06:00,Odisha,Cuttack,8.82,4.31,0.21
10-05-2025 12:00,Tamil Nadu,Chennai,5.53,5.23,0.17
09-07-2025 12:00,West Bengal,Kolkata,7.52,4.05,-0.01
14-08-2025 23:00,Tamil Nadu,Tiruppur,2.7,6.94,-0.32
27-03-2025 09:00,Bihar,Darbhanga,3.21,4.08,-0.32
19-01-2026 16:00,Maharashtra,Kolhapur,3.53,5.58,0.39
03-01-2026 07:00,Odisha,Balasore,4.9,5.71,0.42
13-02-2026 05:00,Bihar,Gaya,6.71,6.19,0.46
11-01-2025 22:00,West Bengal,Kolkata,6.39,4.99,0.54
19-06-2025 05:00,Karnataka,Udupi,5.97,4.58,1.07
19-08-2025 14:00,Assam,Dhemaji,5.13,6.13,0.91
03-10-2025 16:00,Gujarat,Surat,4.85,6.35,0.32
05-12-2025 08:00,Tamil Nadu,Madurai,7.96,5.02,0.05
06-12-2025 19:00,Odisha,Kendrapara,5.08,5.8,0.02
17-03-2025 02:00,West Bengal,Kolkata,3.26,6.1,0.02
17-07-2025 08:00,Uttar Pradesh,Kanpur,3.69,5.72,0.29
10-04-2025 09:00,Maharashtra,Mumbai,5.31,6.42,0.84
06-10-2025 22:00,Odisha,Cuttack,7.81,5.2,0.21
28-08-2025 23:00,Karnataka,Bengaluru,4.49,5.88,0.48
23-03-2025 15:00,Bihar,Bhagalpur,1.56,5.91,0.48
05-05-2025 00:00,West Bengal,Darjeeling,7.8,6.31,1.49
28-12-2025 16:00,Tamil Nadu,Coimbatore,2.23,5.63,-0.43
18-03-2025 19:00,West Bengal,Murshidabad,8.41,6.23,-0.12
14-03-2025 06:00,Kerala,Alappuzha,6.02,4.35,0.05
02-05-2025 07:00,Tamil Nadu,Tiruppur,2.53,4.66,0.52
14-12-2025 10:00,Odisha,Puri,7.76,5.37,-0.14
24-03-2025 18:00,West Bengal,Darjeeling,3.08,5.38,0.07
03-02-2026 09:00,Uttar Pradesh,Prayagraj,4.81,6.97,0.8
30-09-2025 18:00,Karnataka,Bengaluru,2.64,5.89,0.51
23-10-2025 18:00,Gujarat,Ahmedabad,1.4,5.67,0.39
28-04-2025 03:00,Maharashtra,Kolhapur,7.56,6.62,0.52
28-01-2025 11:00,Assam,Guwahati,6.01,5.16,0.69
15-04-2025 15:00,Odisha,Cuttack,2.34,6.07,0.96
28-06-2025 10:00,Bihar,Patna,6.84,6.16,0.18
25-01-2026 03:00,Karnataka,Mysuru,1.66,4.21,0.39
02-01-2026 16:00,Uttar Pradesh,Gorakhpur,8.17,5.26,0.35
19-09-2025 23:00,Tamil Nadu,Chennai,8.33,4.21,0.61
22-03-2025 10:00,Odisha,Cuttack,6.39,6.6,0.32
24-10-2025 21:00,Maharashtra,Pune,3.23,4.7,0.0
09-01-2025 05:00,Maharashtra,Pune,5.67,5.26,0.39
21-11-2025 01:00,Odisha,Puri,8.1,4.34,0.68
03-05-2025 03:00,Uttar Pradesh,Kanpur,4.18,6.21,0.66
30-11-2025 12:00,Tamil Nadu,Madurai,8.13,4.72,0.25
07-04-2025 23:00,Uttar Pradesh,Gorakhpur,4.56,6.58,-0.03
02-07-2025 21:00,West Bengal,Kolkata,1.02,5.64,0.53
09-01-2026 06:00,Gujarat,Rajkot,6.75,4.65,1.05
25-06-2025 18:00,Karnataka,Kodagu,5.65,5.24,0.2
09-01-2025 10:00,Uttar Pradesh,Lucknow,1.63,6.74,0.76
27-05-2025 06:00,Gujarat,Rajkot,8.47,6.03,0.06
25-07-2025 11:00,Odisha,Kendrapara,6.51,6.74,0.56
19-08-2025 15:00,Gujarat,Surat,2.2,5.8,0.46
30-08-2025 07:00,Bihar,Darbhanga,2.26,5.45,0.75
13-03-2025 03:00,Gujarat,Bharuch,8.94,5.06,0.0
04-08-2025 12:00,West Bengal,Kolkata,4.53,5.86,0.23
07-08-2025 17:00,Karnataka,Udupi,6.35,5.58,-0.03
30-09-2025 00:00,Karnataka,Bengaluru,7.13,5.72,-0.05
15-02-2026 08:00,Karnataka,Bengaluru,4.72,7.0,0.64
01-09-2025 23:00,West Bengal,Darjeeling,7.14,5.49,0.75
07-12-2025 04:00,Odisha,Cuttack,7.82,4.34,0.52
05-02-2025 14:00,West Bengal,Murshidabad,1.32,6.0,0.79
17-07-2025 09:00,Gujarat,Rajkot,4.72,6.65,0.34
30-01-2025 02:00,Kerala,Kochi,4.9,4.92,0.0
04-06-2025 00:00,Kerala,Kochi,6.15,6.32,-0.08
10-03-2025 04:00,West Bengal,Murshidabad,8.17,6.33,1.5750000000000002
31-10-2025 08:00,Bihar,Gaya,3.45,5.31,-0.28
11-11-2025 18:00,Karnataka,Mysuru,6.58,6.15,0.39
30-05-2025 05:00,Uttar Pradesh,Varanasi,8.02,4.41,0.0
23-02-2025 19:00,Uttar Pradesh,Kanpur,8.28,5.27,0.98
02-10-2025 09:00,Odisha,Bhubaneswar,6.1,5.88,0.24
19-03-2025 05:00,West Bengal,Murshidabad,1.05,5.51,-0.5
07-08-2025 00:00,Odisha,Balasore,4.92,6.49,0.61
06-06-2025 19:00,Kerala,Kochi,1.57,6.08,-0.65
18-05-2025 16:00,Uttar Pradesh,Kanpur,8.9,4.36,-0.02
04-03-2025 07:00,Odisha,Kendrapara,1.14,6.96,-0.36
30-11-2025 02:00,Gujarat,Ahmedabad,1.55,5.25,1.03
25-03-2025 06:00,Kerala,Kottayam,1.99,6.12,-0.17
28-01-2025 15:00,Assam,Barpeta,1.69,4.12,0.42
06-06-2025 04:00,West Bengal,Murshidabad,8.97,4.74,-0.865
03-07-2025 21:00,Assam,Guwahati,1.72,5.63,0.94
19-08-2025 10:00,Odisha,Puri,7.8,5.21,0.61
21-08-2025 07:00,West Bengal,Darjeeling,6.55,5.44,0.97
06-01-2026 21:00,Uttar Pradesh,Varanasi,6.79,6.41,0.65
10-11-2025 14:00,Kerala,Alappuzha,1.35,5.2,0.21
30-01-2026 18:00,Gujarat,Rajkot,6.51,6.32,0.61
02-09-2025 08:00,Assam,Jorhat,5.16,4.57,0.17
10-10-2025 08:00,Maharashtra,Nagpur,6.15,6.84,1.14
24-02-2025 10:00,Assam,Guwahati,5.89,6.16,0.77
05-11-2025 00:00,Gujarat,Vadodara,8.98,5.89,0.42
22-08-2025 00:00,Gujarat,Rajkot,6.01,4.5,0.7
10-02-2026 01:00,Bihar,Patna,1.56,6.64,-0.14
11-03-2025 07:00,Maharashtra,Nashik,2.2,4.22,0.79
16-08-2025 02:00,Odisha,Kendrapara,2.23,5.64,-0.08
19-02-2026 18:00,Maharashtra,Mumbai,3.12,4.29,-0.78
01-06-2025 03:00,Karnataka,Udupi,8.11,5.73,0.62
23-04-2025 05:00,Odisha,Bhubaneswar,2.77,4.31,0.67
12-02-2026 21:00,Uttar Pradesh,Gorakhpur,6.14,4.46,0.78
04-09-2025 11:00,Gujarat,Surat,7.6,4.78,0.68
12-05-2025 13:00,Tamil Nadu,Coimbatore,2.02,6.49,-0.11
05-10-2025 20:00,West Bengal,Howrah,5.9,5.26,-0.25
14-02-2025 03:00,Bihar,Gaya,2.49,4.2,-0.06
13-07-2025 04:00,Karnataka,Mangaluru,1.95,5.85,-0.34
16-05-2025 02:00,Bihar,Patna,2.89,5.32,0.94
11-03-2025 22:00,Gujarat,Rajkot,1.23,6.0,0.04
15-10-2025 04:00,Bihar,Patna,4.24,5.51,-0.08
23-09-2025 14:00,Uttar Pradesh,Lucknow,6.98,5.07,-0.07
12-11-2025 14:00,Bihar,Bhagalpur,2.92,6.16,0.24
15-03-2025 05:00,Maharashtra,Pune,3.57,6.99,-0.66
08-09-2025 19:00,Maharashtra,Pune,1.2,6.9,0.95
02-08-2025 04:00,Uttar Pradesh,Prayagraj,4.5,6.04,0.24
31-12-2025 19:00,West Bengal,Darjeeling,3.98,4.76,0.11
05-11-2025 16:00,Odisha,Cuttack,6.35,6.17,1.01
27-04-2025 06:00,Tamil Nadu,Thanjavur,6.79,6.46,0.29
05-02-2025 23:00,Karnataka,Mangaluru,8.66,4.43,0.35
24-11-2025 10:00,Kerala,Alappuzha,8.73,4.51,0.17
03-03-2025 20:00,Odisha,Bhubaneswar,1.1,5.54,0.0
21-10-2025 03:00,Kerala,Kozhikode,3.83,4.21,-0.865
18-11-2025 17:00,Kerala,Kottayam,6.0,6.25,0.63
07-09-2025 01:00,West Bengal,Kolkata,1.55,6.5,0.43
02-08-2025 22:00,Bihar,Patna,6.67,5.99,1.02
09-01-2025 14:00,Maharashtra,Mumbai,5.14,6.77,-0.865
07-07-2025 00:00,Odisha,Bhubaneswar,1.0,5.1,0.83
17-10-2025 02:00,Kerala,Kozhikode,6.37,5.94,-0.865
13-01-2026 14:00,Uttar Pradesh,Lucknow,3.24,6.37,0.15
15-10-2025 22:00,West Bengal,Kolkata,4.53,5.8,0.03
21-01-2025 22:00,Tamil Nadu,Coimbatore,2.91,4.22,0.58
04-11-2025 17:00,Tamil Nadu,Madurai,3.25,5.84,-0.15
12-02-2025 20:00,Odisha,Balasore,6.4,5.06,0.65
10-06-2025 00:00,West Bengal,Howrah,3.65,4.55,-0.05
04-12-2025 22:00,Odisha,Balasore,4.22,4.22,0.17
30-07-2025 16:00,Assam,Dhemaji,1.37,5.93,0.23
11-02-2026 18:00,Gujarat,Surat,2.98,4.16,0.34
06-12-2025 18:00,Gujarat,Surat,8.39,5.41,-0.48
24-04-2025 19:00,Assam,Barpeta,1.07,4.4,-0.07
10-01-2026 20:00,Bihar,Gaya,3.37,4.67,0.62
13-04-2025 06:00,Tamil Nadu,Madurai,4.18,5.53,0.44
28-10-2025 15:00,Assam,Guwahati,4.82,6.21,0.08
10-05-2025 08:00,Karnataka,Bengaluru,3.91,4.64,-0.04
16-12-2025 16:00,Maharashtra,Mumbai,4.49,5.73,0.55
19-09-2025 14:00,Odisha,Balasore,3.23,5.42,0.28
10-05-2025 03:00,Odisha,Kendrapara,5.19,5.22,-0.38
15-09-2025 16:00,Maharashtra,Pune,2.06,6.89,0.19
29-05-2025 09:00,Assam,Barpeta,3.18,5.13,-0.05
03-09-2025 12:00,Assam,Jorhat,3.48,5.85,0.21
17-01-2025 07:00,Assam,Dhemaji,3.94,6.83,1.1
08-10-2025 16:00,Karnataka,Kodagu,3.8,5.57,0.5
23-08-2025 02:00,West Bengal,Malda,7.59,4.17,0.49
08-08-2025 02:00,Odisha,Balasore,4.94,5.36,0.95
08-02-2026 15:00,Gujarat,Ahmedabad,8.93,5.97,0.59
23-04-2025 07:00,Assam,Barpeta,4.62,5.29,0.99
26-03-2025 11:00,Kerala,Thrissur,4.46,5.92,0.31
16-08-2025 15:00,Maharashtra,Pune,3.76,4.47,0.3
18-04-2025 00:00,Odisha,Balasore,7.97,5.32,0.46
30-11-2025 14:00,Kerala,Alappuzha,6.0,5.39,0.85
03-01-2025 16:00,Kerala,Alappuzha,3.49,4.66,0.89
27-03-2025 22:00,Karnataka,Bengaluru,4.65,5.71,0.63
08-08-2025 20:00,Odisha,Bhubaneswar,3.93,6.91,1.15
28-10-2025 08:00,West Bengal,Malda,7.36,6.73,0.68
28-12-2025 20:00,Gujarat,Rajkot,7.24,5.93,0.95
24-12-2025 03:00,Kerala,Kochi,5.58,4.24,-0.03
21-09-2025 19:00,Maharashtra,Nashik,4.34,4.91,0.27
22-07-2025 11:00,Bihar,Bhagalpur,6.55,5.28,-0.11
23-07-2025 15:00,Assam,Dhemaji,3.33,5.75,-0.26
22-01-2026 04:00,Odisha,Puri,4.74,6.62,0.02
06-02-2025 14:00,Maharashtra,Nashik,2.45,6.21,-0.71
22-12-2025 09:00,West Bengal,Murshidabad,2.99,6.58,0.18
26-11-2025 20:00,West Bengal,Howrah,5.74,5.35,0.59
13-10-2025 23:00,Maharashtra,Pune,7.63,5.88,0.51
25-11-2025 20:00,Bihar,Patna,7.07,6.52,0.25
26-09-2025 07:00,West Bengal,Murshidabad,4.95,6.94,0.38
24-11-2025 21:00,Maharashtra,Pune,8.31,6.31,0.02
12-02-2025 08:00,West Bengal,Darjeeling,8.65,5.43,-0.05
30-01-2026 11:00,Uttar Pradesh,Kanpur,1.42,5.94,0.48
14-11-2025 21:00,Uttar Pradesh,Gorakhpur,7.3,4.75,0.59
11-02-2025 11:00,Gujarat,Rajkot,6.92,6.01,0.62
29-06-2025 01:00,Karnataka,Bengaluru,2.81,6.42,0.56
07-01-2025 17:00,Bihar,Darbhanga,5.95,6.93,0.6
25-08-2025 11:00,Uttar Pradesh,Kanpur,8.75,4.0,0.43
14-10-2025 09:00,Maharashtra,Nashik,7.8,6.27,-0.75
08-02-2026 20:00,Kerala,Alappuzha,3.06,6.32,0.84
29-11-2025 21:00,Odisha,Cuttack,7.55,5.71,0.62
10-06-2025 03:00,Bihar,Darbhanga,5.51,5.91,0.81
12-02-2025 13:00,Gujarat,Surat,8.04,4.68,-0.1
09-05-2025 01:00,West Bengal,Malda,8.59,6.11,-0.53
11-11-2025 19:00,Uttar Pradesh,Kanpur,5.16,4.02,1.28
14-06-2025 07:00,Tamil Nadu,Coimbatore,7.04,4.88,0.48
08-03-2025 01:00,Kerala,Kochi,3.5,4.38,0.12
12-05-2025 08:00,Bihar,Patna,6.09,6.97,-0.28
09-12-2025 18:00,Tamil Nadu,Madurai,2.84,4.73,0.66
02-02-2025 07:00,Karnataka,Mangaluru,8.78,6.66,0.0
07-02-2026 22:00,Maharashtra,Pune,3.91,6.76,0.78
23-10-2025 19:00,Gujarat,Surat,6.74,4.14,-0.17
17-08-2025 14:00,Bihar,Patna,7.31,5.3,-0.17
17-09-2025 19:00,Odisha,Cuttack,7.49,4.67,0.68
03-02-2026 03:00,Uttar Pradesh,Lucknow,3.82,5.27,0.31
21-10-2025 09:00,Uttar Pradesh,Prayagraj,2.55,4.28,0.3
19-04-2025 20:00,Karnataka,Udupi,3.86,5.0,0.34
10-11-2025 01:00,Uttar Pradesh,Lucknow,7.54,5.53,1.26
18-12-2025 09:00,Odisha,Kendrapara,7.92,6.04,-0.14
02-01-2026 08:00,Tamil Nadu,Madurai,8.67,6.58,1.03
13-08-2025 17:00,Uttar Pradesh,Gorakhpur,6.37,6.74,0.55
04-01-2026 06:00,Uttar Pradesh,Kanpur,7.93,6.15,0.8
12-06-2025 02:00,Karnataka,Kodagu,8.66,4.72,0.15
29-05-2025 04:00,Assam,Dhemaji,4.69,5.59,0.56
05-03-2025 16:00,Kerala,Kochi,1.94,4.62,0.76
22-02-2025 19:00,Karnataka,Kodagu,2.93,4.1,1.5750000000000002
19-11-2025 06:00,Gujarat,Vadodara,8.37,5.13,1.48
21-03-2025 03:00,Odisha,Balasore,8.77,6.35,-0.16
14-07-2025 02:00,Maharashtra,Pune,4.35,5.56,0.53
06-05-2025 05:00,Kerala,Kottayam,1.62,6.57,-0.61
24-04-2025 22:00,Kerala,Kochi,7.09,4.35,0.15
08-01-2025 21:00,Odisha,Kendrapara,2.17,6.78,-0.05
17-01-2026 23:00,Tamil Nadu,Coimbatore,2.86,4.68,-0.54
25-04-2025 11:00,Kerala,Alappuzha,1.36,6.09,0.18
27-03-2025 07:00,Odisha,Bhubaneswar,2.69,5.61,0.73
24-11-2025 01:00,Odisha,Kendrapara,1.19,5.8,0.96
17-04-2025 14:00,Gujarat,Bharuch,2.33,6.7,0.36
22-01-2026 10:00,Tamil Nadu,Coimbatore,1.0,5.74,0.45
28-12-2025 02:00,Gujarat,Ahmedabad,4.79,5.87,0.18
24-09-2025 12:00,Bihar,Muzaffarpur,3.21,6.48,-0.32
22-05-2025 01:00,Uttar Pradesh,Kanpur,3.52,5.3,1.19
09-07-2025 19:00,Tamil Nadu,Thanjavur,3.03,6.77,-0.01
19-02-2025 08:00,Maharashtra,Pune,8.83,6.16,0.58
25-09-2025 12:00,Bihar,Patna,1.48,5.23,0.54
30-07-2025 11:00,Maharashtra,Kolhapur,8.14,4.74,-0.57
10-08-2025 07:00,Tamil Nadu,Thanjavur,7.03,5.34,-0.15
12-04-2025 09:00,West Bengal,Kolkata,4.88,6.14,0.21
17-10-2025 13:00,West Bengal,Malda,7.19,4.95,1.14
02-02-2025 01:00,Tamil Nadu,Chennai,5.54,5.55,-0.27
12-03-2025 05:00,Assam,Dhemaji,2.53,4.28,0.15
13-12-2025 18:00,Uttar Pradesh,Kanpur,8.56,6.36,0.48
21-08-2025 10:00,Odisha,Puri,7.09,6.85,0.83
04-07-2025 10:00,Kerala,Alappuzha,4.37,4.25,0.5
20-01-2025 10:00,Gujarat,Ahmedabad,2.86,4.24,0.26
19-09-2025 01:00,Karnataka,Kodagu,6.52,6.22,-0.1
27-08-2025 22:00,Karnataka,Kodagu,6.4,4.15,0.56
05-08-2025 07:00,Bihar,Patna,2.43,5.27,0.52
13-08-2025 14:00,Assam,Barpeta,5.54,4.8,0.7
05-02-2025 20:00,Kerala,Kottayam,7.22,5.33,0.24
30-10-2025 22:00,Maharashtra,Nashik,6.16,6.87,0.43
