SlNo,Station,Agency,State LGD Code,State,District LGD Code,District,Tehsil,Block,Village,River,Basin,Tributary,Subtributary,SubSubtributary,Local River,Latitude,Longitude,Data Acquisition Time,Telemetry Hourly Rainfall (mm)
1,Karnal,CWC,6,Haryana,67,KARNAL,KARNAL,-,-,Ganga,Ganga,Yamuna,-,-,Yamuna,29.76218333,77.13166667,02-01-2021 05:30,0.5
2,Karnal,CWC,6,Haryana,67,KARNAL,KARNAL,-,-,Ganga,Ganga,Yamuna,-,-,Yamuna,29.76218333,77.13166667,02-01-2021 06:30,1
3,Karnal,CWC,6,Haryana,67,KARNAL,KARNAL,-,-,Ganga,Ganga,Yamuna,-,-,Yamuna,29.76218333,77.13166667,02-01-2021 09:30,0.5
4,Karnal,CWC,6,Haryana,67,KARNAL,KARNAL,-,-,Ganga,Ganga,Yamuna,-,-,Yamuna,29.76218333,77.13166667,02-01-2021 10:30,0.5
5,Karnal,CWC,6,Haryana,67,KARNAL,KARNAL,-,-,Ganga,Ganga,Yamuna,-,-,Yamuna,29.76218333,77.13166667,04-01-2021 19:30,3
6,Karnal,CWC,6,Haryana,67,KARNAL,KARNAL,-,-,Ganga,Ganga,Yamuna,-,-,Yamuna,29.76218333,77.13166667,04-01-2021 20:30,1.5
7,Karnal,CWC,6,Haryana,67,KARNAL,KARNAL,-,-,Ganga,Ganga,Yamuna,-,-,Yamuna,29.76218333,77.13166667,04-01-2021 23:30,1
8,Karnal,CWC,6,Haryana,67,KARNAL,KARNAL,-,-,Ganga,Ganga,Yamuna,-,-,Yamuna,29.76218333,77.13166667,05-01-2021 00:30,0.5
9,Karnal,CWC,6,Haryana,67,KARNAL,KARNAL,-,-,Ganga,Ganga,Yamuna,-,-,Yamuna,29.76218333,77.13166667,05-01-2021 01:30,1
10,Karnal,CWC,6,Haryana,67,KARNAL,KARNAL,-,-,Ganga,Ganga,Yamuna,-,-,Yamuna,29.76218333,77.13166667,05-01-2021 02:30,0.5
11,Karnal,CWC,6,Haryana,67,KARNAL,KARNAL,-,-,Ganga,Ganga,Yamuna,-,-,Yamuna,29.76218333,77.13166667,05-01-2021 04:30,0.5
12,Karnal,CWC,6,Haryana,67,KARNAL,KARNAL,-,-,Ganga,Ganga,Yamuna,-,-,Yamuna,29.76218333,77.13166667,05-01-2021 12:30,1.5
13,Karnal,CWC,6,Haryana,67,KARNAL,KARNAL,-,-,Ganga,Ganga,Yamuna,-,-,Yamuna,29.76218333,77.13166667,05-01-2021 13:30,1.5
14,Karnal,CWC,6,Haryana,67,KARNAL,KARNAL,-,-,Ganga,Ganga,Yamuna,-,-,Yamuna,29.76218333,77.13166667,05-01-2021 14:30,1
15,Karnal,CWC,6,Haryana,67,KARNAL,KARNAL,-,-,Ganga,Ganga,Yamuna,-,-,Yamuna,29.76218333,77.13166667,05-01-2021 15:30,3
16,Karnal,CWC,6,Haryana,67,KARNAL,KARNAL,-,-,Ganga,Ganga,Yamuna,-,-,Yamuna,29.76218333,77.13166667,05-01-2021 16:30,1
17,Karnal,CWC,6,Haryana,67,KARNAL,KARNAL,-,-,Ganga,Ganga,Yamuna,-,-,Yamuna,29.76218333,77.13166667,05-01-2021 23:30,0.5
18,Karnal,CWC,6,Haryana,67,KARNAL,KARNAL,-,-,Ganga,Ganga,Yamuna,-,-,Yamuna,29.76218333,77.13166667,06-01-2021 03:30,11.5
19,Karnal,CWC,6,Haryana,67,KARNAL,KARNAL,-,-,Ganga,Ganga,Yamuna,-,-,Yamuna,29.76218333,77.13166667,06-01-2021 04:30,1
20,Karnal,CWC,6,Haryana,67,KARNAL,KARNAL,-,-,Ganga,Ganga,Yamuna,-,-,Yamuna,29.76218333,77.13166667,06-01-2021 05:30,3.5
21,Karnal,CWC,6,Haryana,67,KARNAL,KARNAL,-,-,Ganga,Ganga,Yamuna,-,-,Yamuna,29.76218333,77.13166667,14-01-2021 07:30,0.5
22,Karnal,CWC,6,Haryana,67,KARNAL,KARNAL,-,-,Ganga,Ganga,Yamuna,-,-,Yamuna,29.76218333,77.13166667,04-02-2021 16:30,2
23,Karnal,CWC,6,Haryana,67,KARNAL,KARNAL,-,-,Ganga,Ganga,Yamuna,-,-,Yamuna,29.76218333,77.13166667,04-02-2021 17:30,2
24,Karnal,CWC,6,Haryana,67,KARNAL,KARNAL,-,-,Ganga,Ganga,Yamuna,-,-,Yamuna,29.76218333,77.13166667,04-02-2021 18:30,4.5
25,Karnal,CWC,6,Haryana,67,KARNAL,KARNAL,-,-,Ganga,Ganga,Yamuna,-,-,Yamuna,29.76218333,77.13166667,04-02-2021 19:30,1
26,Karnal,CWC,6,Haryana,67,KARNAL,KARNAL,-,-,Ganga,Ganga,Yamuna,-,-,Yamuna,29.76218333,77.13166667,12-03-2021 11:30,0.5
27,Karnal,CWC,6,Haryana,67,KARNAL,KARNAL,-,-,Ganga,Ganga,Yamuna,-,-,Yamuna,29.76218333,77.13166667,22-03-2021 07:30,0.5
28,Karnal,CWC,6,Haryana,67,KARNAL,KARNAL,-,-,Ganga,Ganga,Yamuna,-,-,Yamuna,29.76218333,77.13166667,23-04-2021 02:00,0.5
29,Karnal,CWC,6,Haryana,67,KARNAL,KARNAL,-,-,Ganga,Ganga,Yamuna,-,-,Yamuna,29.76218333,77.13166667,06-05-2021 15:00,1.5
30,Karnal,CWC,6,Haryana,67,KARNAL,KARNAL,-,-,Ganga,Ganga,Yamuna,-,-,Yamuna,29.76218333,77.13166667,06-05-2021 16:00,0.5
31,Karnal,CWC,6,Haryana,67,KARNAL,KARNAL,-,-,Ganga,Ganga,Yamuna,-,-,Yamuna,29.76218333,77.13166667,15-05-2021 09:00,0.5
32,Karnal,CWC,6,Haryana,67,KARNAL,KARNAL,-,-,Ganga,Ganga,Yamuna,-,-,Yamuna,29.76218333,77.13166667,15-05-2021 10:00,0.5
33,Karnal,CWC,6,Haryana,67,KARNAL,KARNAL,-,-,Ganga,Ganga,Yamuna,-,-,Yamuna,29.76218333,77.13166667,19-05-2021 23:00,0.5
34,Karnal,CWC,6,Haryana,67,KARNAL,KARNAL,-,-,Ganga,Ganga,Yamuna,-,-,Yamuna,29.76218333,77.13166667,20-05-2021 03:00,0.5
35,Karnal,CWC,6,Haryana,67,KARNAL,KARNAL,-,-,Ganga,Ganga,Yamuna,-,-,Yamuna,29.76218333,77.13166667,20-05-2021 04:00,0.5
36,Karnal,CWC,6,Haryana,67,KARNAL,KARNAL,-,-,Ganga,Ganga,Yamuna,-,-,Yamuna,29.76218333,77.13166667,21-05-2021 01:00,3.5
37,Karnal,CWC,6,Haryana,67,KARNAL,KARNAL,-,-,Ganga,Ganga,Yamuna,-,-,Yamuna,29.76218333,77.13166667,21-05-2021 02:00,2
38,Karnal,CWC,6,Haryana,67,KARNAL,KARNAL,-,-,Ganga,Ganga,Yamuna,-,-,Yamuna,29.76218333,77.13166667,29-05-2021 19:00,0.5
39,Karnal,CWC,6,Haryana,67,KARNAL,KARNAL,-,-,Ganga,Ganga,Yamuna,-,-,Yamuna,29.76218333,77.13166667,29-05-2021 20:00,3
40,Karnal,CWC,6,Haryana,67,KARNAL,KARNAL,-,-,Ganga,Ganga,Yamuna,-,-,Yamuna,29.76218333,77.13166667,31-05-2021 20:00,8
41,Karnal,CWC,6,Haryana,67,KARNAL,KARNAL,-,-,Ganga,Ganga,Yamuna,-,-,Yamuna,29.76218333,77.13166667,31-05-2021 21:00,3.5
42,Karnal,CWC,6,Haryana,67,KARNAL,KARNAL,-,-,Ganga,Ganga,Yamuna,-,-,Yamuna,29.76218333,77.13166667,31-05-2021 22:00,0.5
43,Karnal,CWC,6,Haryana,67,KARNAL,KARNAL,-,-,Ganga,Ganga,Yamuna,-,-,Yamuna,29.76218333,77.13166667,02-06-2021 15:00,9
44,Karnal,CWC,6,Haryana,67,KARNAL,KARNAL,-,-,Ganga,Ganga,Yamuna,-,-,Yamuna,29.76218333,77.13166667,02-06-2021 16:00,1
45,Karnal,CWC,6,Haryana,67,KARNAL,KARNAL,-,-,Ganga,Ganga,Yamuna,-,-,Yamuna,29.76218333,77.13166667,04-06-2021 14:00,5
46,Karnal,CWC,6,Haryana,67,KARNAL,KARNAL,-,-,Ganga,Ganga,Yamuna,-,-,Yamuna,29.76218333,77.13166667,04-06-2021 17:00,0.5
47,Karnal,CWC,6,Haryana,67,KARNAL,KARNAL,-,-,Ganga,Ganga,Yamuna,-,-,Yamuna,29.76218333,77.13166667,04-06-2021 18:00,1
48,Karnal,CWC,6,Haryana,67,KARNAL,KARNAL,-,-,Ganga,Ganga,Yamuna,-,-,Yamuna,29.76218333,77.13166667,05-06-2021 01:00,3
49,Karnal,CWC,6,Haryana,67,KARNAL,KARNAL,-,-,Ganga,Ganga,Yamuna,-,-,Yamuna,29.76218333,77.13166667,10-06-2021 17:00,15
50,Karnal,CWC,6,Haryana,67,KARNAL,KARNAL,-,-,Ganga,Ganga,Yamuna,-,-,Yamuna,29.76218333,77.13166667,10-06-2021 18:00,0.5
51,Karnal,CWC,6,Haryana,67,KARNAL,KARNAL,-,-,Ganga,Ganga,Yamuna,-,-,Yamuna,29.76218333,77.13166667,18-06-2021 00:00,7.5
52,Karnal,CWC,6,Haryana,67,KARNAL,KARNAL,-,-,Ganga,Ganga,Yamuna,-,-,Yamuna,29.76218333,77.13166667,24-06-2021 09:00,3
53,Karnal,CWC,6,Haryana,67,KARNAL,KARNAL,-,-,Ganga,Ganga,Yamuna,-,-,Yamuna,29.76218333,77.13166667,02-07-2021 06:00,1
54,Karnal,CWC,6,Haryana,67,KARNAL,KARNAL,-,-,Ganga,Ganga,Yamuna,-,-,Yamuna,29.76218333,77.13166667,20-08-2021 04:00,1.5
55,Karnal,CWC,6,Haryana,67,KARNAL,KARNAL,-,-,Ganga,Ganga,Yamuna,-,-,Yamuna,29.76218333,77.13166667,01-09-2021 06:00,1.5
56,Karnal,CWC,6,Haryana,67,KARNAL,KARNAL,-,-,Ganga,Ganga,Yamuna,-,-,Yamuna,29.76218333,77.13166667,01-09-2021 23:00,0.5
57,Karnal,CWC,6,Haryana,67,KARNAL,KARNAL,-,-,Ganga,Ganga,Yamuna,-,-,Yamuna,29.76218333,77.13166667,03-09-2021 02:00,1
58,Karnal,CWC,6,Haryana,67,KARNAL,KARNAL,-,-,Ganga,Ganga,Yamuna,-,-,Yamuna,29.76218333,77.13166667,03-09-2021 10:00,5.5
59,Karnal,CWC,6,Haryana,67,KARNAL,KARNAL,-,-,Ganga,Ganga,Yamuna,-,-,Yamuna,29.76218333,77.13166667,03-09-2021 11:00,0.5
60,Karnal,CWC,6,Haryana,67,KARNAL,KARNAL,-,-,Ganga,Ganga,Yamuna,-,-,Yamuna,29.76218333,77.13166667,03-09-2021 15:00,7
61,Karnal,CWC,6,Haryana,67,KARNAL,KARNAL,-,-,Ganga,Ganga,Yamuna,-,-,Yamuna,29.76218333,77.13166667,11-09-2021 12:00,0.5
62,Karnal,CWC,6,Haryana,67,KARNAL,KARNAL,-,-,Ganga,Ganga,Yamuna,-,-,Yamuna,29.76218333,77.13166667,08-01-2022 06:00,2.5
63,Karnal,CWC,6,Haryana,67,KARNAL,KARNAL,-,-,Ganga,Ganga,Yamuna,-,-,Yamuna,29.76218333,77.13166667,18-05-2022 07:00,0.5
64,Karnal,CWC,6,Haryana,67,KARNAL,KARNAL,-,-,Ganga,Ganga,Yamuna,-,-,Yamuna,29.76218333,77.13166667,18-05-2022 08:00,0.5
65,Karnal,CWC,6,Haryana,67,KARNAL,KARNAL,-,-,Ganga,Ganga,Yamuna,-,-,Yamuna,29.76218333,77.13166667,18-05-2022 09:00,0.5
66,Karnal,CWC,6,Haryana,67,KARNAL,KARNAL,-,-,Ganga,Ganga,Yamuna,-,-,Yamuna,29.76218333,77.13166667,18-05-2022 12:00,0.5
67,Karnal,CWC,6,Haryana,67,KARNAL,KARNAL,-,-,Ganga,Ganga,Yamuna,-,-,Yamuna,29.76218333,77.13166667,18-05-2022 13:00,0.5
68,Karnal,CWC,6,Haryana,67,KARNAL,KARNAL,-,-,Ganga,Ganga,Yamuna,-,-,Yamuna,29.76218333,77.13166667,18-05-2022 16:00,0.5
69,Karnal,CWC,6,Haryana,67,KARNAL,KARNAL,-,-,Ganga,Ganga,Yamuna,-,-,Yamuna,29.76218333,77.13166667,18-05-2022 18:00,0.5
70,Karnal,CWC,6,Haryana,67,KARNAL,KARNAL,-,-,Ganga,Ganga,Yamuna,-,-,Yamuna,29.76218333,77.13166667,18-05-2022 19:00,0.5
71,Karnal,CWC,6,Haryana,67,KARNAL,KARNAL,-,-,Ganga,Ganga,Yamuna,-,-,Yamuna,29.76218333,77.13166667,18-05-2022 21:00,0.5
72,Karnal,CWC,6,Haryana,67,KARNAL,KARNAL,-,-,Ganga,Ganga,Yamuna,-,-,Yamuna,29.76218333,77.13166667,18-05-2022 22:00,0.5
73,Karnal,CWC,6,Haryana,67,KARNAL,KARNAL,-,-,Ganga,Ganga,Yamuna,-,-,Yamuna,29.76218333,77.13166667,18-05-2022 23:00,0.5
74,Karnal,CWC,6,Haryana,67,KARNAL,KARNAL,-,-,Ganga,Ganga,Yamuna,-,-,Yamuna,29.76218333,77.13166667,19-05-2022 00:00,0.5
75,Karnal,CWC,6,Haryana,67,KARNAL,KARNAL,-,-,Ganga,Ganga,Yamuna,-,-,Yamuna,29.76218333,77.13166667,19-05-2022 02:00,0.5
76,Karnal,CWC,6,Haryana,67,KARNAL,KARNAL,-,-,Ganga,Ganga,Yamuna,-,-,Yamuna,29.76218333,77.13166667,21-05-2022 15:00,1
77,Karnal,CWC,6,Haryana,67,KARNAL,KARNAL,-,-,Ganga,Ganga,Yamuna,-,-,Yamuna,29.76218333,77.13166667,21-05-2022 17:00,1
78,Karnal,CWC,6,Haryana,67,KARNAL,KARNAL,-,-,Ganga,Ganga,Yamuna,-,-,Yamuna,29.76218333,77.13166667,21-05-2022 18:00,1
79,Karnal,CWC,6,Haryana,67,KARNAL,KARNAL,-,-,Ganga,Ganga,Yamuna,-,-,Yamuna,29.76218333,77.13166667,21-05-2022 20:00,1
80,Karnal,CWC,6,Haryana,67,KARNAL,KARNAL,-,-,Ganga,Ganga,Yamuna,-,-,Yamuna,29.76218333,77.13166667,22-05-2022 01:00,1
81,Karnal,CWC,6,Haryana,67,KARNAL,KARNAL,-,-,Ganga,Ganga,Yamuna,-,-,Yamuna,29.76218333,77.13166667,22-05-2022 23:00,8.5
82,Karnal,CWC,6,Haryana,67,KARNAL,KARNAL,-,-,Ganga,Ganga,Yamuna,-,-,Yamuna,29.76218333,77.13166667,23-05-2022 00:00,23
83,Karnal,CWC,6,Haryana,67,KARNAL,KARNAL,-,-,Ganga,Ganga,Yamuna,-,-,Yamuna,29.76218333,77.13166667,23-05-2022 02:00,30.5
84,Karnal,CWC,6,Haryana,67,KARNAL,KARNAL,-,-,Ganga,Ganga,Yamuna,-,-,Yamuna,29.76218333,77.13166667,23-05-2022 03:00,32.5
85,Karnal,CWC,6,Haryana,67,KARNAL,KARNAL,-,-,Ganga,Ganga,Yamuna,-,-,Yamuna,29.76218333,77.13166667,23-05-2022 16:00,1
86,Karnal,CWC,6,Haryana,67,KARNAL,KARNAL,-,-,Ganga,Ganga,Yamuna,-,-,Yamuna,29.76218333,77.13166667,23-05-2022 17:00,6
87,Karnal,CWC,6,Haryana,67,KARNAL,KARNAL,-,-,Ganga,Ganga,Yamuna,-,-,Yamuna,29.76218333,77.13166667,23-05-2022 19:00,14
88,Karnal,CWC,6,Haryana,67,KARNAL,KARNAL,-,-,Ganga,Ganga,Yamuna,-,-,Yamuna,29.76218333,77.13166667,23-05-2022 20:00,15.5
89,Karnal,CWC,6,Haryana,67,KARNAL,KARNAL,-,-,Ganga,Ganga,Yamuna,-,-,Yamuna,29.76218333,77.13166667,23-05-2022 23:00,16
90,Karnal,CWC,6,Haryana,67,KARNAL,KARNAL,-,-,Ganga,Ganga,Yamuna,-,-,Yamuna,29.76218333,77.13166667,24-05-2022 00:00,16
91,Karnal,CWC,6,Haryana,67,KARNAL,KARNAL,-,-,Ganga,Ganga,Yamuna,-,-,Yamuna,29.76218333,77.13166667,28-05-2022 17:00,1
92,Karnal,CWC,6,Haryana,67,KARNAL,KARNAL,-,-,Ganga,Ganga,Yamuna,-,-,Yamuna,29.76218333,77.13166667,28-05-2022 18:00,1
93,Karnal,CWC,6,Haryana,67,KARNAL,KARNAL,-,-,Ganga,Ganga,Yamuna,-,-,Yamuna,29.76218333,77.13166667,28-05-2022 19:00,1
94,Karnal,CWC,6,Haryana,67,KARNAL,KARNAL,-,-,Ganga,Ganga,Yamuna,-,-,Yamuna,29.76218333,77.13166667,28-05-2022 20:00,1
95,Karnal,CWC,6,Haryana,67,KARNAL,KARNAL,-,-,Ganga,Ganga,Yamuna,-,-,Yamuna,29.76218333,77.13166667,28-05-2022 23:00,1
96,Karnal,CWC,6,Haryana,67,KARNAL,KARNAL,-,-,Ganga,Ganga,Yamuna,-,-,Yamuna,29.76218333,77.13166667,29-05-2022 01:00,1
97,Karnal,CWC,6,Haryana,67,KARNAL,KARNAL,-,-,Ganga,Ganga,Yamuna,-,-,Yamuna,29.76218333,77.13166667,09-06-2022 16:00,0.5
98,Karnal,CWC,6,Haryana,67,KARNAL,KARNAL,-,-,Ganga,Ganga,Yamuna,-,-,Yamuna,29.76218333,77.13166667,09-06-2022 19:00,0.5
99,Karnal,CWC,6,Haryana,67,KARNAL,KARNAL,-,-,Ganga,Ganga,Yamuna,-,-,Yamuna,29.76218333,77.13166667,16-06-2022 05:00,0.5
100,Karnal,CWC,6,Haryana,67,KARNAL,KARNAL,-,-,Ganga,Ganga,Yamuna,-,-,Yamuna,29.76218333,77.13166667,16-06-2022 07:00,0.5
101,Karnal,CWC,6,Haryana,67,KARNAL,KARNAL,-,-,Ganga,Ganga,Yamuna,-,-,Yamuna,29.76218333,77.13166667,16-06-2022 11:00,0.5
102,Karnal,CWC,6,Haryana,67,KARNAL,KARNAL,-,-,Ganga,Ganga,Yamuna,-,-,Yamuna,29.76218333,77.13166667,16-06-2022 15:00,0.5
103,Karnal,CWC,6,Haryana,67,KARNAL,KARNAL,-,-,Ganga,Ganga,Yamuna,-,-,Yamuna,29.76218333,77.13166667,16-06-2022 19:00,0.5
104,Karnal,CWC,6,Haryana,67,KARNAL,KARNAL,-,-,Ganga,Ganga,Yamuna,-,-,Yamuna,29.76218333,77.13166667,17-06-2022 01:00,26.5
105,Karnal,CWC,6,Haryana,67,KARNAL,KARNAL,-,-,Ganga,Ganga,Yamuna,-,-,Yamuna,29.76218333,77.13166667,17-06-2022 02:00,26.5
106,Karnal,CWC,6,Haryana,67,KARNAL,KARNAL,-,-,Ganga,Ganga,Yamuna,-,-,Yamuna,29.76218333,77.13166667,17-06-2022 04:00,0.5
107,Karnal,CWC,6,Haryana,67,KARNAL,KARNAL,-,-,Ganga,Ganga,Yamuna,-,-,Yamuna,29.76218333,77.13166667,17-06-2022 05:00,3
108,Karnal,CWC,6,Haryana,67,KARNAL,KARNAL,-,-,Ganga,Ganga,Yamuna,-,-,Yamuna,29.76218333,77.13166667,17-06-2022 07:00,7.5
109,Karnal,CWC,6,Haryana,67,KARNAL,KARNAL,-,-,Ganga,Ganga,Yamuna,-,-,Yamuna,29.76218333,77.13166667,17-06-2022 09:00,7.5
110,Karnal,CWC,6,Haryana,67,KARNAL,KARNAL,-,-,Ganga,Ganga,Yamuna,-,-,Yamuna,29.76218333,77.13166667,17-06-2022 10:00,7.5
111,Karnal,CWC,6,Haryana,67,KARNAL,KARNAL,-,-,Ganga,Ganga,Yamuna,-,-,Yamuna,29.76218333,77.13166667,17-06-2022 11:00,7.5
112,Karnal,CWC,6,Haryana,67,KARNAL,KARNAL,-,-,Ganga,Ganga,Yamuna,-,-,Yamuna,29.76218333,77.13166667,17-06-2022 12:00,7.5
113,Karnal,CWC,6,Haryana,67,KARNAL,KARNAL,-,-,Ganga,Ganga,Yamuna,-,-,Yamuna,29.76218333,77.13166667,17-06-2022 14:00,7.5
114,Karnal,CWC,6,Haryana,67,KARNAL,KARNAL,-,-,Ganga,Ganga,Yamuna,-,-,Yamuna,29.76218333,77.13166667,17-06-2022 17:00,7.5
115,Karnal,CWC,6,Haryana,67,KARNAL,KARNAL,-,-,Ganga,Ganga,Yamuna,-,-,Yamuna,29.76218333,77.13166667,17-06-2022 18:00,7.5
116,Karnal,CWC,6,Haryana,67,KARNAL,KARNAL,-,-,Ganga,Ganga,Yamuna,-,-,Yamuna,29.76218333,77.13166667,17-06-2022 20:00,7.5
117,Karnal,CWC,6,Haryana,67,KARNAL,KARNAL,-,-,Ganga,Ganga,Yamuna,-,-,Yamuna,29.76218333,77.13166667,17-06-2022 21:00,8
118,Karnal,CWC,6,Haryana,67,KARNAL,KARNAL,-,-,Ganga,Ganga,Yamuna,-,-,Yamuna,29.76218333,77.13166667,17-06-2022 22:00,8.5
119,Karnal,CWC,6,Haryana,67,KARNAL,KARNAL,-,-,Ganga,Ganga,Yamuna,-,-,Yamuna,29.76218333,77.13166667,17-06-2022 23:00,10
120,Karnal,CWC,6,Haryana,67,KARNAL,KARNAL,-,-,Ganga,Ganga,Yamuna,-,-,Yamuna,29.76218333,77.13166667,18-06-2022 01:00,30
121,Karnal,CWC,6,Haryana,67,KARNAL,KARNAL,-,-,Ganga,Ganga,Yamuna,-,-,Yamuna,29.76218333,77.13166667,18-06-2022 04:00,0.5
122,Karnal,CWC,6,Haryana,67,KARNAL,KARNAL,-,-,Ganga,Ganga,Yamuna,-,-,Yamuna,29.76218333,77.13166667,18-06-2022 07:00,0.5
123,Karnal,CWC,6,Haryana,67,KARNAL,KARNAL,-,-,Ganga,Ganga,Yamuna,-,-,Yamuna,29.76218333,77.13166667,18-06-2022 10:00,0.5
124,Karnal,CWC,6,Haryana,67,KARNAL,KARNAL,-,-,Ganga,Ganga,Yamuna,-,-,Yamuna,29.76218333,77.13166667,18-06-2022 17:00,0.5
125,Karnal,CWC,6,Haryana,67,KARNAL,KARNAL,-,-,Ganga,Ganga,Yamuna,-,-,Yamuna,29.76218333,77.13166667,18-06-2022 18:00,0.5
126,Karnal,CWC,6,Haryana,67,KARNAL,KARNAL,-,-,Ganga,Ganga,Yamuna,-,-,Yamuna,29.76218333,77.13166667,18-06-2022 21:00,0.5
127,Karnal,CWC,6,Haryana,67,KARNAL,KARNAL,-,-,Ganga,Ganga,Yamuna,-,-,Yamuna,29.76218333,77.13166667,19-06-2022 03:00,0.5
128,Karnal,CWC,6,Haryana,67,KARNAL,KARNAL,-,-,Ganga,Ganga,Yamuna,-,-,Yamuna,29.76218333,77.13166667,30-06-2022 06:00,4.5
129,Karnal,CWC,6,Haryana,67,KARNAL,KARNAL,-,-,Ganga,Ganga,Yamuna,-,-,Yamuna,29.76218333,77.13166667,30-06-2022 08:00,28.5
130,Karnal,CWC,6,Haryana,67,KARNAL,KARNAL,-,-,Ganga,Ganga,Yamuna,-,-,Yamuna,29.76218333,77.13166667,30-06-2022 12:00,30.5
131,Karnal,CWC,6,Haryana,67,KARNAL,KARNAL,-,-,Ganga,Ganga,Yamuna,-,-,Yamuna,29.76218333,77.13166667,30-06-2022 19:00,30.5
132,Karnal,CWC,6,Haryana,67,KARNAL,KARNAL,-,-,Ganga,Ganga,Yamuna,-,-,Yamuna,29.76218333,77.13166667,30-06-2022 21:00,30.5
133,Karnal,CWC,6,Haryana,67,KARNAL,KARNAL,-,-,Ganga,Ganga,Yamuna,-,-,Yamuna,29.76218333,77.13166667,01-07-2022 02:00,30.5
134,Karnal,CWC,6,Haryana,67,KARNAL,KARNAL,-,-,Ganga,Ganga,Yamuna,-,-,Yamuna,29.76218333,77.13166667,03-07-2022 10:00,0.5
135,Karnal,CWC,6,Haryana,67,KARNAL,KARNAL,-,-,Ganga,Ganga,Yamuna,-,-,Yamuna,29.76218333,77.13166667,03-07-2022 12:00,0.5
136,Karnal,CWC,6,Haryana,67,KARNAL,KARNAL,-,-,Ganga,Ganga,Yamuna,-,-,Yamuna,29.76218333,77.13166667,03-07-2022 16:00,0.5
137,Karnal,CWC,6,Haryana,67,KARNAL,KARNAL,-,-,Ganga,Ganga,Yamuna,-,-,Yamuna,29.76218333,77.13166667,03-07-2022 19:00,0.5
138,Karnal,CWC,6,Haryana,67,KARNAL,KARNAL,-,-,Ganga,Ganga,Yamuna,-,-,Yamuna,29.76218333,77.13166667,03-07-2022 20:00,0.5
139,Karnal,CWC,6,Haryana,67,KARNAL,KARNAL,-,-,Ganga,Ganga,Yamuna,-,-,Yamuna,29.76218333,77.13166667,03-07-2022 22:00,0.5
140,Karnal,CWC,6,Haryana,67,KARNAL,KARNAL,-,-,Ganga,Ganga,Yamuna,-,-,Yamuna,29.76218333,77.13166667,06-07-2022 05:00,0.5
141,Karnal,CWC,6,Haryana,67,KARNAL,KARNAL,-,-,Ganga,Ganga,Yamuna,-,-,Yamuna,29.76218333,77.13166667,06-07-2022 06:00,0.5
142,Karnal,CWC,6,Haryana,67,KARNAL,KARNAL,-,-,Ganga,Ganga,Yamuna,-,-,Yamuna,29.76218333,77.13166667,06-07-2022 07:00,0.5
143,Karnal,CWC,6,Haryana,67,KARNAL,KARNAL,-,-,Ganga,Ganga,Yamuna,-,-,Yamuna,29.76218333,77.13166667,06-07-2022 08:00,0.5
144,Karnal,CWC,6,Haryana,67,KARNAL,KARNAL,-,-,Ganga,Ganga,Yamuna,-,-,Yamuna,29.76218333,77.13166667,06-07-2022 09:00,0.5
145,Karnal,CWC,6,Haryana,67,KARNAL,KARNAL,-,-,Ganga,Ganga,Yamuna,-,-,Yamuna,29.76218333,77.13166667,06-07-2022 10:00,0.5
146,Karnal,CWC,6,Haryana,67,KARNAL,KARNAL,-,-,Ganga,Ganga,Yamuna,-,-,Yamuna,29.76218333,77.13166667,06-07-2022 12:00,0.5
147,Karnal,CWC,6,Haryana,67,KARNAL,KARNAL,-,-,Ganga,Ganga,Yamuna,-,-,Yamuna,29.76218333,77.13166667,06-07-2022 14:00,0.5
148,Karnal,CWC,6,Haryana,67,KARNAL,KARNAL,-,-,Ganga,Ganga,Yamuna,-,-,Yamuna,29.76218333,77.13166667,06-07-2022 15:00,0.5
149,Karnal,CWC,6,Haryana,67,KARNAL,KARNAL,-,-,Ganga,Ganga,Yamuna,-,-,Yamuna,29.76218333,77.13166667,06-07-2022 17:00,0.5
150,Karnal,CWC,6,Haryana,67,KARNAL,KARNAL,-,-,Ganga,Ganga,Yamuna,-,-,Yamuna,29.76218333,77.13166667,06-07-2022 18:00,6.5
151,Karnal,CWC,6,Haryana,67,KARNAL,KARNAL,-,-,Ganga,Ganga,Yamuna,-,-,Yamuna,29.76218333,77.13166667,06-07-2022 19:00,0.5
152,Karnal,CWC,6,Haryana,67,KARNAL,KARNAL,-,-,Ganga,Ganga,Yamuna,-,-,Yamuna,29.76218333,77.13166667,06-07-2022 20:00,0.5
153,Karnal,CWC,6,Haryana,67,KARNAL,KARNAL,-,-,Ganga,Ganga,Yamuna,-,-,Yamuna,29.76218333,77.13166667,06-07-2022 21:00,0.5
154,Karnal,CWC,6,Haryana,67,KARNAL,KARNAL,-,-,Ganga,Ganga,Yamuna,-,-,Yamuna,29.76218333,77.13166667,06-07-2022 23:00,0.5
155,Karnal,CWC,6,Haryana,67,KARNAL,KARNAL,-,-,Ganga,Ganga,Yamuna,-,-,Yamuna,29.76218333,77.13166667,07-07-2022 00:00,0.5
156,Karnal,CWC,6,Haryana,67,KARNAL,KARNAL,-,-,Ganga,Ganga,Yamuna,-,-,Yamuna,29.76218333,77.13166667,07-07-2022 01:00,0.5
157,Karnal,CWC,6,Haryana,67,KARNAL,KARNAL,-,-,Ganga,Ganga,Yamuna,-,-,Yamuna,29.76218333,77.13166667,07-07-2022 02:00,0.5
158,Karnal,CWC,6,Haryana,67,KARNAL,KARNAL,-,-,Ganga,Ganga,Yamuna,-,-,Yamuna,29.76218333,77.13166667,07-07-2022 03:00,0.5
159,Karnal,CWC,6,Haryana,67,KARNAL,KARNAL,-,-,Ganga,Ganga,Yamuna,-,-,Yamuna,29.76218333,77.13166667,10-07-2022 09:00,0.5
160,Karnal,CWC,6,Haryana,67,KARNAL,KARNAL,-,-,Ganga,Ganga,Yamuna,-,-,Yamuna,29.76218333,77.13166667,10-07-2022 13:00,8
161,Karnal,CWC,6,Haryana,67,KARNAL,KARNAL,-,-,Ganga,Ganga,Yamuna,-,-,Yamuna,29.76218333,77.13166667,10-07-2022 16:00,8
162,Karnal,CWC,6,Haryana,67,KARNAL,KARNAL,-,-,Ganga,Ganga,Yamuna,-,-,Yamuna,29.76218333,77.13166667,10-07-2022 17:00,8
163,Karnal,CWC,6,Haryana,67,KARNAL,KARNAL,-,-,Ganga,Ganga,Yamuna,-,-,Yamuna,29.76218333,77.13166667,10-07-2022 21:00,8
164,Karnal,CWC,6,Haryana,67,KARNAL,KARNAL,-,-,Ganga,Ganga,Yamuna,-,-,Yamuna,29.76218333,77.13166667,10-07-2022 22:00,8
165,Karnal,CWC,6,Haryana,67,KARNAL,KARNAL,-,-,Ganga,Ganga,Yamuna,-,-,Yamuna,29.76218333,77.13166667,10-07-2022 23:00,8
166,Karnal,CWC,6,Haryana,67,KARNAL,KARNAL,-,-,Ganga,Ganga,Yamuna,-,-,Yamuna,29.76218333,77.13166667,11-07-2022 00:00,8
167,Karnal,CWC,6,Haryana,67,KARNAL,KARNAL,-,-,Ganga,Ganga,Yamuna,-,-,Yamuna,29.76218333,77.13166667,11-07-2022 01:00,8
168,Karnal,CWC,6,Haryana,67,KARNAL,KARNAL,-,-,Ganga,Ganga,Yamuna,-,-,Yamuna,29.76218333,77.13166667,11-07-2022 02:00,8
169,Karnal,CWC,6,Haryana,67,KARNAL,KARNAL,-,-,Ganga,Ganga,Yamuna,-,-,Yamuna,29.76218333,77.13166667,11-07-2022 03:00,8
170,Karnal,CWC,6,Haryana,67,KARNAL,KARNAL,-,-,Ganga,Ganga,Yamuna,-,-,Yamuna,29.76218333,77.13166667,14-07-2022 12:00,3.5
171,Karnal,CWC,6,Haryana,67,KARNAL,KARNAL,-,-,Ganga,Ganga,Yamuna,-,-,Yamuna,29.76218333,77.13166667,14-07-2022 13:00,7.5
172,Karnal,CWC,6,Haryana,67,KARNAL,KARNAL,-,-,Ganga,Ganga,Yamuna,-,-,Yamuna,29.76218333,77.13166667,14-07-2022 14:00,7.5
173,Karnal,CWC,6,Haryana,67,KARNAL,KARNAL,-,-,Ganga,Ganga,Yamuna,-,-,Yamuna,29.76218333,77.13166667,14-07-2022 15:00,7.5
174,Karnal,CWC,6,Haryana,67,KARNAL,KARNAL,-,-,Ganga,Ganga,Yamuna,-,-,Yamuna,29.76218333,77.13166667,14-07-2022 16:00,7.5
175,Karnal,CWC,6,Haryana,67,KARNAL,KARNAL,-,-,Ganga,Ganga,Yamuna,-,-,Yamuna,29.76218333,77.13166667,14-07-2022 17:00,7.5
176,Karnal,CWC,6,Haryana,67,KARNAL,KARNAL,-,-,Ganga,Ganga,Yamuna,-,-,Yamuna,29.76218333,77.13166667,14-07-2022 18:00,7.5
177,Karnal,CWC,6,Haryana,67,KARNAL,KARNAL,-,-,Ganga,Ganga,Yamuna,-,-,Yamuna,29.76218333,77.13166667,14-07-2022 19:00,7.5
178,Karnal,CWC,6,Haryana,67,KARNAL,KARNAL,-,-,Ganga,Ganga,Yamuna,-,-,Yamuna,29.76218333,77.13166667,14-07-2022 20:00,7.5
179,Karnal,CWC,6,Haryana,67,KARNAL,KARNAL,-,-,Ganga,Ganga,Yamuna,-,-,Yamuna,29.76218333,77.13166667,14-07-2022 22:00,7.5
180,Karnal,CWC,6,Haryana,67,KARNAL,KARNAL,-,-,Ganga,Ganga,Yamuna,-,-,Yamuna,29.76218333,77.13166667,14-07-2022 23:00,7.5
181,Karnal,CWC,6,Haryana,67,KARNAL,KARNAL,-,-,Ganga,Ganga,Yamuna,-,-,Yamuna,29.76218333,77.13166667,15-07-2022 00:00,7.5
182,Karnal,CWC,6,Haryana,67,KARNAL,KARNAL,-,-,Ganga,Ganga,Yamuna,-,-,Yamuna,29.76218333,77.13166667,15-07-2022 01:00,7.5
183,Karnal,CWC,6,Haryana,67,KARNAL,KARNAL,-,-,Ganga,Ganga,Yamuna,-,-,Yamuna,29.76218333,77.13166667,15-07-2022 02:00,7.5
184,Karnal,CWC,6,Haryana,67,KARNAL,KARNAL,-,-,Ganga,Ganga,Yamuna,-,-,Yamuna,29.76218333,77.13166667,15-07-2022 03:00,7.5
185,Karnal,CWC,6,Haryana,67,KARNAL,KARNAL,-,-,Ganga,Ganga,Yamuna,-,-,Yamuna,29.76218333,77.13166667,17-07-2022 01:00,0.5
186,Karnal,CWC,6,Haryana,67,KARNAL,KARNAL,-,-,Ganga,Ganga,Yamuna,-,-,Yamuna,29.76218333,77.13166667,17-07-2022 02:00,1
187,Karnal,CWC,6,Haryana,67,KARNAL,KARNAL,-,-,Ganga,Ganga,Yamuna,-,-,Yamuna,29.76218333,77.13166667,17-07-2022 03:00,1
188,Karnal,CWC,6,Haryana,67,KARNAL,KARNAL,-,-,Ganga,Ganga,Yamuna,-,-,Yamuna,29.76218333,77.13166667,17-07-2022 10:00,1
189,Karnal,CWC,6,Haryana,67,KARNAL,KARNAL,-,-,Ganga,Ganga,Yamuna,-,-,Yamuna,29.76218333,77.13166667,17-07-2022 16:00,3
190,Karnal,CWC,6,Haryana,67,KARNAL,KARNAL,-,-,Ganga,Ganga,Yamuna,-,-,Yamuna,29.76218333,77.13166667,17-07-2022 17:00,3
191,Karnal,CWC,6,Haryana,67,KARNAL,KARNAL,-,-,Ganga,Ganga,Yamuna,-,-,Yamuna,29.76218333,77.13166667,17-07-2022 19:00,3
192,Karnal,CWC,6,Haryana,67,KARNAL,KARNAL,-,-,Ganga,Ganga,Yamuna,-,-,Yamuna,29.76218333,77.13166667,17-07-2022 20:00,3
193,Karnal,CWC,6,Haryana,67,KARNAL,KARNAL,-,-,Ganga,Ganga,Yamuna,-,-,Yamuna,29.76218333,77.13166667,17-07-2022 23:00,3
194,Karnal,CWC,6,Haryana,67,KARNAL,KARNAL,-,-,Ganga,Ganga,Yamuna,-,-,Yamuna,29.76218333,77.13166667,18-07-2022 00:00,3
195,Karnal,CWC,6,Haryana,67,KARNAL,KARNAL,-,-,Ganga,Ganga,Yamuna,-,-,Yamuna,29.76218333,77.13166667,18-07-2022 01:00,3
196,Karnal,CWC,6,Haryana,67,KARNAL,KARNAL,-,-,Ganga,Ganga,Yamuna,-,-,Yamuna,29.76218333,77.13166667,18-07-2022 02:00,3
197,Karnal,CWC,6,Haryana,67,KARNAL,KARNAL,-,-,Ganga,Ganga,Yamuna,-,-,Yamuna,29.76218333,77.13166667,18-07-2022 03:00,3
198,Karnal,CWC,6,Haryana,67,KARNAL,KARNAL,-,-,Ganga,Ganga,Yamuna,-,-,Yamuna,29.76218333,77.13166667,19-07-2022 12:00,3
199,Karnal,CWC,6,Haryana,67,KARNAL,KARNAL,-,-,Ganga,Ganga,Yamuna,-,-,Yamuna,29.76218333,77.13166667,19-07-2022 13:00,3
200,Karnal,CWC,6,Haryana,67,KARNAL,KARNAL,-,-,Ganga,Ganga,Yamuna,-,-,Yamuna,29.76218333,77.13166667,19-07-2022 14:00,3
201,Karnal,CWC,6,Haryana,67,KARNAL,KARNAL,-,-,Ganga,Ganga,Yamuna,-,-,Yamuna,29.76218333,77.13166667,19-07-2022 15:00,10
202,Karnal,CWC,6,Haryana,67,KARNAL,KARNAL,-,-,Ganga,Ganga,Yamuna,-,-,Yamuna,29.76218333,77.13166667,19-07-2022 16:00,19
203,Karnal,CWC,6,Haryana,67,KARNAL,KARNAL,-,-,Ganga,Ganga,Yamuna,-,-,Yamuna,29.76218333,77.13166667,19-07-2022 17:00,19
204,Karnal,CWC,6,Haryana,67,KARNAL,KARNAL,-,-,Ganga,Ganga,Yamuna,-,-,Yamuna,29.76218333,77.13166667,19-07-2022 18:00,19
205,Karnal,CWC,6,Haryana,67,KARNAL,KARNAL,-,-,Ganga,Ganga,Yamuna,-,-,Yamuna,29.76218333,77.13166667,19-07-2022 19:00,19
206,Karnal,CWC,6,Haryana,67,KARNAL,KARNAL,-,-,Ganga,Ganga,Yamuna,-,-,Yamuna,29.76218333,77.13166667,19-07-2022 20:00,19
207,Karnal,CWC,6,Haryana,67,KARNAL,KARNAL,-,-,Ganga,Ganga,Yamuna,-,-,Yamuna,29.76218333,77.13166667,19-07-2022 21:00,19
208,Karnal,CWC,6,Haryana,67,KARNAL,KARNAL,-,-,Ganga,Ganga,Yamuna,-,-,Yamuna,29.76218333,77.13166667,19-07-2022 22:00,19
209,Karnal,CWC,6,Haryana,67,KARNAL,KARNAL,-,-,Ganga,Ganga,Yamuna,-,-,Yamuna,29.76218333,77.13166667,19-07-2022 23:00,19
210,Karnal,CWC,6,Haryana,67,KARNAL,KARNAL,-,-,Ganga,Ganga,Yamuna,-,-,Yamuna,29.76218333,77.13166667,20-07-2022 00:00,19
211,Karnal,CWC,6,Haryana,67,KARNAL,KARNAL,-,-,Ganga,Ganga,Yamuna,-,-,Yamuna,29.76218333,77.13166667,20-07-2022 01:00,19
212,Karnal,CWC,6,Haryana,67,KARNAL,KARNAL,-,-,Ganga,Ganga,Yamuna,-,-,Yamuna,29.76218333,77.13166667,20-07-2022 02:00,19
213,Karnal,CWC,6,Haryana,67,KARNAL,KARNAL,-,-,Ganga,Ganga,Yamuna,-,-,Yamuna,29.76218333,77.13166667,20-07-2022 03:00,19
214,Karnal,CWC,6,Haryana,67,KARNAL,KARNAL,-,-,Ganga,Ganga,Yamuna,-,-,Yamuna,29.76218333,77.13166667,20-07-2022 04:00,0.5
215,Karnal,CWC,6,Haryana,67,KARNAL,KARNAL,-,-,Ganga,Ganga,Yamuna,-,-,Yamuna,29.76218333,77.13166667,20-07-2022 05:00,8
216,Karnal,CWC,6,Haryana,67,KARNAL,KARNAL,-,-,Ganga,Ganga,Yamuna,-,-,Yamuna,29.76218333,77.13166667,20-07-2022 06:00,29.5
217,Karnal,CWC,6,Haryana,67,KARNAL,KARNAL,-,-,Ganga,Ganga,Yamuna,-,-,Yamuna,29.76218333,77.13166667,20-07-2022 07:00,29.5
218,Karnal,CWC,6,Haryana,67,KARNAL,KARNAL,-,-,Ganga,Ganga,Yamuna,-,-,Yamuna,29.76218333,77.13166667,20-07-2022 08:00,29.5
219,Karnal,CWC,6,Haryana,67,KARNAL,KARNAL,-,-,Ganga,Ganga,Yamuna,-,-,Yamuna,29.76218333,77.13166667,20-07-2022 09:00,29.5
220,Karnal,CWC,6,Haryana,67,KARNAL,KARNAL,-,-,Ganga,Ganga,Yamuna,-,-,Yamuna,29.76218333,77.13166667,20-07-2022 10:00,29.5
221,Karnal,CWC,6,Haryana,67,KARNAL,KARNAL,-,-,Ganga,Ganga,Yamuna,-,-,Yamuna,29.76218333,77.13166667,20-07-2022 11:00,29.5
222,Karnal,CWC,6,Haryana,67,KARNAL,KARNAL,-,-,Ganga,Ganga,Yamuna,-,-,Yamuna,29.76218333,77.13166667,20-07-2022 12:00,29.5
223,Karnal,CWC,6,Haryana,67,KARNAL,KARNAL,-,-,Ganga,Ganga,Yamuna,-,-,Yamuna,29.76218333,77.13166667,20-07-2022 13:00,29.5
224,Karnal,CWC,6,Haryana,67,KARNAL,KARNAL,-,-,Ganga,Ganga,Yamuna,-,-,Yamuna,29.76218333,77.13166667,20-07-2022 14:00,29.5
225,Karnal,CWC,6,Haryana,67,KARNAL,KARNAL,-,-,Ganga,Ganga,Yamuna,-,-,Yamuna,29.76218333,77.13166667,20-07-2022 15:00,29.5
226,Karnal,CWC,6,Haryana,67,KARNAL,KARNAL,-,-,Ganga,Ganga,Yamuna,-,-,Yamuna,29.76218333,77.13166667,20-07-2022 16:00,29.5
227,Karnal,CWC,6,Haryana,67,KARNAL,KARNAL,-,-,Ganga,Ganga,Yamuna,-,-,Yamuna,29.76218333,77.13166667,20-07-2022 17:00,29.5
228,Karnal,CWC,6,Haryana,67,KARNAL,KARNAL,-,-,Ganga,Ganga,Yamuna,-,-,Yamuna,29.76218333,77.13166667,20-07-2022 18:00,29.5
229,Karnal,CWC,6,Haryana,67,KARNAL,KARNAL,-,-,Ganga,Ganga,Yamuna,-,-,Yamuna,29.76218333,77.13166667,20-07-2022 19:00,29.5
230,Karnal,CWC,6,Haryana,67,KARNAL,KARNAL,-,-,Ganga,Ganga,Yamuna,-,-,Yamuna,29.76218333,77.13166667,20-07-2022 20:00,29.5
231,Karnal,CWC,6,Haryana,67,KARNAL,KARNAL,-,-,Ganga,Ganga,Yamuna,-,-,Yamuna,29.76218333,77.13166667,20-07-2022 21:00,29.5
232,Karnal,CWC,6,Haryana,67,KARNAL,KARNAL,-,-,Ganga,Ganga,Yamuna,-,-,Yamuna,29.76218333,77.13166667,20-07-2022 22:00,29.5
233,Karnal,CWC,6,Haryana,67,KARNAL,KARNAL,-,-,Ganga,Ganga,Yamuna,-,-,Yamuna,29.76218333,77.13166667,20-07-2022 23:00,31.5
234,Karnal,CWC,6,Haryana,67,KARNAL,KARNAL,-,-,Ganga,Ganga,Yamuna,-,-,Yamuna,29.76218333,77.13166667,21-07-2022 00:00,32.5
235,Karnal,CWC,6,Haryana,67,KARNAL,KARNAL,-,-,Ganga,Ganga,Yamuna,-,-,Yamuna,29.76218333,77.13166667,21-07-2022 01:00,33.5
236,Karnal,CWC,6,Haryana,67,KARNAL,KARNAL,-,-,Ganga,Ganga,Yamuna,-,-,Yamuna,29.76218333,77.13166667,21-07-2022 02:00,36
237,Karnal,CWC,6,Haryana,67,KARNAL,KARNAL,-,-,Ganga,Ganga,Yamuna,-,-,Yamuna,29.76218333,77.13166667,21-07-2022 03:00,38.5
238,Karnal,CWC,6,Haryana,67,KARNAL,KARNAL,-,-,Ganga,Ganga,Yamuna,-,-,Yamuna,29.76218333,77.13166667,21-07-2022 04:00,1.5
239,Karnal,CWC,6,Haryana,67,KARNAL,KARNAL,-,-,Ganga,Ganga,Yamuna,-,-,Yamuna,29.76218333,77.13166667,21-07-2022 05:00,3
240,Karnal,CWC,6,Haryana,67,KARNAL,KARNAL,-,-,Ganga,Ganga,Yamuna,-,-,Yamuna,29.76218333,77.13166667,21-07-2022 06:00,6.5
241,Karnal,CWC,6,Haryana,67,KARNAL,KARNAL,-,-,Ganga,Ganga,Yamuna,-,-,Yamuna,29.76218333,77.13166667,21-07-2022 07:00,8
242,Karnal,CWC,6,Haryana,67,KARNAL,KARNAL,-,-,Ganga,Ganga,Yamuna,-,-,Yamuna,29.76218333,77.13166667,21-07-2022 08:00,9
243,Karnal,CWC,6,Haryana,67,KARNAL,KARNAL,-,-,Ganga,Ganga,Yamuna,-,-,Yamuna,29.76218333,77.13166667,21-07-2022 09:00,9.5
244,Karnal,CWC,6,Haryana,67,KARNAL,KARNAL,-,-,Ganga,Ganga,Yamuna,-,-,Yamuna,29.76218333,77.13166667,21-07-2022 10:00,9.5
245,Karnal,CWC,6,Haryana,67,KARNAL,KARNAL,-,-,Ganga,Ganga,Yamuna,-,-,Yamuna,29.76218333,77.13166667,21-07-2022 11:00,9.5
246,Karnal,CWC,6,Haryana,67,KARNAL,KARNAL,-,-,Ganga,Ganga,Yamuna,-,-,Yamuna,29.76218333,77.13166667,21-07-2022 12:00,9.5
247,Karnal,CWC,6,Haryana,67,KARNAL,KARNAL,-,-,Ganga,Ganga,Yamuna,-,-,Yamuna,29.76218333,77.13166667,21-07-2022 13:00,9.5
248,Karnal,CWC,6,Haryana,67,KARNAL,KARNAL,-,-,Ganga,Ganga,Yamuna,-,-,Yamuna,29.76218333,77.13166667,21-07-2022 14:00,9.5
249,Karnal,CWC,6,Haryana,67,KARNAL,KARNAL,-,-,Ganga,Ganga,Yamuna,-,-,Yamuna,29.76218333,77.13166667,21-07-2022 15:00,9.5
250,Karnal,CWC,6,Haryana,67,KARNAL,KARNAL,-,-,Ganga,Ganga,Yamuna,-,-,Yamuna,29.76218333,77.13166667,21-07-2022 16:00,9.5
251,Karnal,CWC,6,Haryana,67,KARNAL,KARNAL,-,-,Ganga,Ganga,Yamuna,-,-,Yamuna,29.76218333,77.13166667,21-07-2022 17:00,9.5
252,Karnal,CWC,6,Haryana,67,KARNAL,KARNAL,-,-,Ganga,Ganga,Yamuna,-,-,Yamuna,29.76218333,77.13166667,21-07-2022 18:00,9.5
253,Karnal,CWC,6,Haryana,67,KARNAL,KARNAL,-,-,Ganga,Ganga,Yamuna,-,-,Yamuna,29.76218333,77.13166667,21-07-2022 19:00,9.5
254,Karnal,CWC,6,Haryana,67,KARNAL,KARNAL,-,-,Ganga,Ganga,Yamuna,-,-,Yamuna,29.76218333,77.13166667,21-07-2022 20:00,9.5
255,Karnal,CWC,6,Haryana,67,KARNAL,KARNAL,-,-,Ganga,Ganga,Yamuna,-,-,Yamuna,29.76218333,77.13166667,21-07-2022 21:00,9.5
256,Karnal,CWC,6,Haryana,67,KARNAL,KARNAL,-,-,Ganga,Ganga,Yamuna,-,-,Yamuna,29.76218333,77.13166667,21-07-2022 22:00,9.5
257,Karnal,CWC,6,Haryana,67,KARNAL,KARNAL,-,-,Ganga,Ganga,Yamuna,-,-,Yamuna,29.76218333,77.13166667,21-07-2022 23:00,9.5
258,Karnal,CWC,6,Haryana,67,KARNAL,KARNAL,-,-,Ganga,Ganga,Yamuna,-,-,Yamuna,29.76218333,77.13166667,22-07-2022 00:00,9.5
259,Karnal,CWC,6,Haryana,67,KARNAL,KARNAL,-,-,Ganga,Ganga,Yamuna,-,-,Yamuna,29.76218333,77.13166667,22-07-2022 01:00,9.5
260,Karnal,CWC,6,Haryana,67,KARNAL,KARNAL,-,-,Ganga,Ganga,Yamuna,-,-,Yamuna,29.76218333,77.13166667,22-07-2022 02:00,10
261,Karnal,CWC,6,Haryana,67,KARNAL,KARNAL,-,-,Ganga,Ganga,Yamuna,-,-,Yamuna,29.76218333,77.13166667,22-07-2022 03:00,10
262,Karnal,CWC,6,Haryana,67,KARNAL,KARNAL,-,-,Ganga,Ganga,Yamuna,-,-,Yamuna,29.76218333,77.13166667,22-07-2022 05:00,3
263,Karnal,CWC,6,Haryana,67,KARNAL,KARNAL,-,-,Ganga,Ganga,Yamuna,-,-,Yamuna,29.76218333,77.13166667,22-07-2022 06:00,3
264,Karnal,CWC,6,Haryana,67,KARNAL,KARNAL,-,-,Ganga,Ganga,Yamuna,-,-,Yamuna,29.76218333,77.13166667,22-07-2022 07:00,3
265,Karnal,CWC,6,Haryana,67,KARNAL,KARNAL,-,-,Ganga,Ganga,Yamuna,-,-,Yamuna,29.76218333,77.13166667,22-07-2022 08:00,3
266,Karnal,CWC,6,Haryana,67,KARNAL,KARNAL,-,-,Ganga,Ganga,Yamuna,-,-,Yamuna,29.76218333,77.13166667,22-07-2022 09:00,3
267,Karnal,CWC,6,Haryana,67,KARNAL,KARNAL,-,-,Ganga,Ganga,Yamuna,-,-,Yamuna,29.76218333,77.13166667,22-07-2022 10:00,3
268,Karnal,CWC,6,Haryana,67,KARNAL,KARNAL,-,-,Ganga,Ganga,Yamuna,-,-,Yamuna,29.76218333,77.13166667,22-07-2022 11:00,3
269,Karnal,CWC,6,Haryana,67,KARNAL,KARNAL,-,-,Ganga,Ganga,Yamuna,-,-,Yamuna,29.76218333,77.13166667,22-07-2022 12:00,3
270,Karnal,CWC,6,Haryana,67,KARNAL,KARNAL,-,-,Ganga,Ganga,Yamuna,-,-,Yamuna,29.76218333,77.13166667,22-07-2022 13:00,3
271,Karnal,CWC,6,Haryana,67,KARNAL,KARNAL,-,-,Ganga,Ganga,Yamuna,-,-,Yamuna,29.76218333,77.13166667,22-07-2022 14:00,3
272,Karnal,CWC,6,Haryana,67,KARNAL,KARNAL,-,-,Ganga,Ganga,Yamuna,-,-,Yamuna,29.76218333,77.13166667,22-07-2022 15:00,3
273,Karnal,CWC,6,Haryana,67,KARNAL,KARNAL,-,-,Ganga,Ganga,Yamuna,-,-,Yamuna,29.76218333,77.13166667,22-07-2022 16:00,3
274,Karnal,CWC,6,Haryana,67,KARNAL,KARNAL,-,-,Ganga,Ganga,Yamuna,-,-,Yamuna,29.76218333,77.13166667,22-07-2022 17:00,3
275,Karnal,CWC,6,Haryana,67,KARNAL,KARNAL,-,-,Ganga,Ganga,Yamuna,-,-,Yamuna,29.76218333,77.13166667,22-07-2022 18:00,3
276,Karnal,CWC,6,Haryana,67,KARNAL,KARNAL,-,-,Ganga,Ganga,Yamuna,-,-,Yamuna,29.76218333,77.13166667,22-07-2022 19:00,3
277,Karnal,CWC,6,Haryana,67,KARNAL,KARNAL,-,-,Ganga,Ganga,Yamuna,-,-,Yamuna,29.76218333,77.13166667,22-07-2022 20:00,3
278,Karnal,CWC,6,Haryana,67,KARNAL,KARNAL,-,-,Ganga,Ganga,Yamuna,-,-,Yamuna,29.76218333,77.13166667,22-07-2022 21:00,3
279,Karnal,CWC,6,Haryana,67,KARNAL,KARNAL,-,-,Ganga,Ganga,Yamuna,-,-,Yamuna,29.76218333,77.13166667,22-07-2022 22:00,3
280,Karnal,CWC,6,Haryana,67,KARNAL,KARNAL,-,-,Ganga,Ganga,Yamuna,-,-,Yamuna,29.76218333,77.13166667,22-07-2022 23:00,3
281,Karnal,CWC,6,Haryana,67,KARNAL,KARNAL,-,-,Ganga,Ganga,Yamuna,-,-,Yamuna,29.76218333,77.13166667,23-07-2022 00:00,3
282,Karnal,CWC,6,Haryana,67,KARNAL,KARNAL,-,-,Ganga,Ganga,Yamuna,-,-,Yamuna,29.76218333,77.13166667,23-07-2022 01:00,3
283,Karnal,CWC,6,Haryana,67,KARNAL,KARNAL,-,-,Ganga,Ganga,Yamuna,-,-,Yamuna,29.76218333,77.13166667,23-07-2022 02:00,3
284,Karnal,CWC,6,Haryana,67,KARNAL,KARNAL,-,-,Ganga,Ganga,Yamuna,-,-,Yamuna,29.76218333,77.13166667,23-07-2022 03:00,3
285,Karnal,CWC,6,Haryana,67,KARNAL,KARNAL,-,-,Ganga,Ganga,Yamuna,-,-,Yamuna,29.76218333,77.13166667,28-07-2022 10:00,8.5
286,Karnal,CWC,6,Haryana,67,KARNAL,KARNAL,-,-,Ganga,Ganga,Yamuna,-,-,Yamuna,29.76218333,77.13166667,28-07-2022 11:00,9.5
287,Karnal,CWC,6,Haryana,67,KARNAL,KARNAL,-,-,Ganga,Ganga,Yamuna,-,-,Yamuna,29.76218333,77.13166667,28-07-2022 12:00,10
288,Karnal,CWC,6,Haryana,67,KARNAL,KARNAL,-,-,Ganga,Ganga,Yamuna,-,-,Yamuna,29.76218333,77.13166667,28-07-2022 13:00,10
289,Karnal,CWC,6,Haryana,67,KARNAL,KARNAL,-,-,Ganga,Ganga,Yamuna,-,-,Yamuna,29.76218333,77.13166667,28-07-2022 14:00,10
290,Karnal,CWC,6,Haryana,67,KARNAL,KARNAL,-,-,Ganga,Ganga,Yamuna,-,-,Yamuna,29.76218333,77.13166667,28-07-2022 15:00,10
291,Karnal,CWC,6,Haryana,67,KARNAL,KARNAL,-,-,Ganga,Ganga,Yamuna,-,-,Yamuna,29.76218333,77.13166667,28-07-2022 16:00,10
292,Karnal,CWC,6,Haryana,67,KARNAL,KARNAL,-,-,Ganga,Ganga,Yamuna,-,-,Yamuna,29.76218333,77.13166667,28-07-2022 17:00,10
293,Karnal,CWC,6,Haryana,67,KARNAL,KARNAL,-,-,Ganga,Ganga,Yamuna,-,-,Yamuna,29.76218333,77.13166667,28-07-2022 18:00,10
294,Karnal,CWC,6,Haryana,67,KARNAL,KARNAL,-,-,Ganga,Ganga,Yamuna,-,-,Yamuna,29.76218333,77.13166667,28-07-2022 19:00,10
295,Karnal,CWC,6,Haryana,67,KARNAL,KARNAL,-,-,Ganga,Ganga,Yamuna,-,-,Yamuna,29.76218333,77.13166667,28-07-2022 20:00,10
296,Karnal,CWC,6,Haryana,67,KARNAL,KARNAL,-,-,Ganga,Ganga,Yamuna,-,-,Yamuna,29.76218333,77.13166667,28-07-2022 21:00,10
297,Karnal,CWC,6,Haryana,67,KARNAL,KARNAL,-,-,Ganga,Ganga,Yamuna,-,-,Yamuna,29.76218333,77.13166667,28-07-2022 22:00,10
298,Karnal,CWC,6,Haryana,67,KARNAL,KARNAL,-,-,Ganga,Ganga,Yamuna,-,-,Yamuna,29.76218333,77.13166667,28-07-2022 23:00,10.5
299,Karnal,CWC,6,Haryana,67,KARNAL,KARNAL,-,-,Ganga,Ganga,Yamuna,-,-,Yamuna,29.76218333,77.13166667,29-07-2022 00:00,13.5
300,Karnal,CWC,6,Haryana,67,KARNAL,KARNAL,-,-,Ganga,Ganga,Yamuna,-,-,Yamuna,29.76218333,77.13166667,29-07-2022 01:00,14.5
301,Karnal,CWC,6,Haryana,67,KARNAL,KARNAL,-,-,Ganga,Ganga,Yamuna,-,-,Yamuna,29.76218333,77.13166667,29-07-2022 02:00,15
302,Karnal,CWC,6,Haryana,67,KARNAL,KARNAL,-,-,Ganga,Ganga,Yamuna,-,-,Yamuna,29.76218333,77.13166667,29-07-2022 03:00,15
303,Karnal,CWC,6,Haryana,67,KARNAL,KARNAL,-,-,Ganga,Ganga,Yamuna,-,-,Yamuna,29.76218333,77.13166667,29-07-2022 04:00,0.5
304,Karnal,CWC,6,Haryana,67,KARNAL,KARNAL,-,-,Ganga,Ganga,Yamuna,-,-,Yamuna,29.76218333,77.13166667,29-07-2022 05:00,1.5
305,Karnal,CWC,6,Haryana,67,KARNAL,KARNAL,-,-,Ganga,Ganga,Yamuna,-,-,Yamuna,29.76218333,77.13166667,29-07-2022 06:00,2
306,Karnal,CWC,6,Haryana,67,KARNAL,KARNAL,-,-,Ganga,Ganga,Yamuna,-,-,Yamuna,29.76218333,77.13166667,29-07-2022 07:00,2
307,Karnal,CWC,6,Haryana,67,KARNAL,KARNAL,-,-,Ganga,Ganga,Yamuna,-,-,Yamuna,29.76218333,77.13166667,29-07-2022 08:00,2
308,Karnal,CWC,6,Haryana,67,KARNAL,KARNAL,-,-,Ganga,Ganga,Yamuna,-,-,Yamuna,29.76218333,77.13166667,29-07-2022 09:00,2
309,Karnal,CWC,6,Haryana,67,KARNAL,KARNAL,-,-,Ganga,Ganga,Yamuna,-,-,Yamuna,29.76218333,77.13166667,29-07-2022 10:00,2
310,Karnal,CWC,6,Haryana,67,KARNAL,KARNAL,-,-,Ganga,Ganga,Yamuna,-,-,Yamuna,29.76218333,77.13166667,29-07-2022 11:00,2
311,Karnal,CWC,6,Haryana,67,KARNAL,KARNAL,-,-,Ganga,Ganga,Yamuna,-,-,Yamuna,29.76218333,77.13166667,29-07-2022 12:00,2
312,Karnal,CWC,6,Haryana,67,KARNAL,KARNAL,-,-,Ganga,Ganga,Yamuna,-,-,Yamuna,29.76218333,77.13166667,29-07-2022 13:00,2
313,Karnal,CWC,6,Haryana,67,KARNAL,KARNAL,-,-,Ganga,Ganga,Yamuna,-,-,Yamuna,29.76218333,77.13166667,29-07-2022 14:00,2
314,Karnal,CWC,6,Haryana,67,KARNAL,KARNAL,-,-,Ganga,Ganga,Yamuna,-,-,Yamuna,29.76218333,77.13166667,29-07-2022 15:00,2
315,Karnal,CWC,6,Haryana,67,KARNAL,KARNAL,-,-,Ganga,Ganga,Yamuna,-,-,Yamuna,29.76218333,77.13166667,29-07-2022 16:00,2
316,Karnal,CWC,6,Haryana,67,KARNAL,KARNAL,-,-,Ganga,Ganga,Yamuna,-,-,Yamuna,29.76218333,77.13166667,29-07-2022 17:00,2
317,Karnal,CWC,6,Haryana,67,KARNAL,KARNAL,-,-,Ganga,Ganga,Yamuna,-,-,Yamuna,29.76218333,77.13166667,29-07-2022 18:00,2
318,Karnal,CWC,6,Haryana,67,KARNAL,KARNAL,-,-,Ganga,Ganga,Yamuna,-,-,Yamuna,29.76218333,77.13166667,29-07-2022 19:00,2
319,Karnal,CWC,6,Haryana,67,KARNAL,KARNAL,-,-,Ganga,Ganga,Yamuna,-,-,Yamuna,29.76218333,77.13166667,29-07-2022 20:00,2
320,Karnal,CWC,6,Haryana,67,KARNAL,KARNAL,-,-,Ganga,Ganga,Yamuna,-,-,Yamuna,29.76218333,77.13166667,29-07-2022 21:00,2
321,Karnal,CWC,6,Haryana,67,KARNAL,KARNAL,-,-,Ganga,Ganga,Yamuna,-,-,Yamuna,29.76218333,77.13166667,29-07-2022 22:00,2
322,Karnal,CWC,6,Haryana,67,KARNAL,KARNAL,-,-,Ganga,Ganga,Yamuna,-,-,Yamuna,29.76218333,77.13166667,29-07-2022 23:00,2
323,Karnal,CWC,6,Haryana,67,KARNAL,KARNAL,-,-,Ganga,Ganga,Yamuna,-,-,Yamuna,29.76218333,77.13166667,30-07-2022 00:00,2.5
324,Karnal,CWC,6,Haryana,67,KARNAL,KARNAL,-,-,Ganga,Ganga,Yamuna,-,-,Yamuna,29.76218333,77.13166667,30-07-2022 01:00,3
325,Karnal,CWC,6,Haryana,67,KARNAL,KARNAL,-,-,Ganga,Ganga,Yamuna,-,-,Yamuna,29.76218333,77.13166667,30-07-2022 02:00,6
326,Karnal,CWC,6,Haryana,67,KARNAL,KARNAL,-,-,Ganga,Ganga,Yamuna,-,-,Yamuna,29.76218333,77.13166667,30-07-2022 03:00,11
327,Karnal,CWC,6,Haryana,67,KARNAL,KARNAL,-,-,Ganga,Ganga,Yamuna,-,-,Yamuna,29.76218333,77.13166667,30-07-2022 04:00,4
328,Karnal,CWC,6,Haryana,67,KARNAL,KARNAL,-,-,Ganga,Ganga,Yamuna,-,-,Yamuna,29.76218333,77.13166667,30-07-2022 05:00,6
329,Karnal,CWC,6,Haryana,67,KARNAL,KARNAL,-,-,Ganga,Ganga,Yamuna,-,-,Yamuna,29.76218333,77.13166667,30-07-2022 06:00,6.5
330,Karnal,CWC,6,Haryana,67,KARNAL,KARNAL,-,-,Ganga,Ganga,Yamuna,-,-,Yamuna,29.76218333,77.13166667,30-07-2022 07:00,6.5
331,Karnal,CWC,6,Haryana,67,KARNAL,KARNAL,-,-,Ganga,Ganga,Yamuna,-,-,Yamuna,29.76218333,77.13166667,30-07-2022 08:00,6.5
332,Karnal,CWC,6,Haryana,67,KARNAL,KARNAL,-,-,Ganga,Ganga,Yamuna,-,-,Yamuna,29.76218333,77.13166667,30-07-2022 09:00,6.5
333,Karnal,CWC,6,Haryana,67,KARNAL,KARNAL,-,-,Ganga,Ganga,Yamuna,-,-,Yamuna,29.76218333,77.13166667,30-07-2022 10:00,6.5
334,Karnal,CWC,6,Haryana,67,KARNAL,KARNAL,-,-,Ganga,Ganga,Yamuna,-,-,Yamuna,29.76218333,77.13166667,30-07-2022 11:00,6.5
335,Karnal,CWC,6,Haryana,67,KARNAL,KARNAL,-,-,Ganga,Ganga,Yamuna,-,-,Yamuna,29.76218333,77.13166667,30-07-2022 12:00,6.5
336,Karnal,CWC,6,Haryana,67,KARNAL,KARNAL,-,-,Ganga,Ganga,Yamuna,-,-,Yamuna,29.76218333,77.13166667,30-07-2022 13:00,6.5
337,Karnal,CWC,6,Haryana,67,KARNAL,KARNAL,-,-,Ganga,Ganga,Yamuna,-,-,Yamuna,29.76218333,77.13166667,30-07-2022 14:00,6.5
338,Karnal,CWC,6,Haryana,67,KARNAL,KARNAL,-,-,Ganga,Ganga,Yamuna,-,-,Yamuna,29.76218333,77.13166667,30-07-2022 15:00,6.5
339,Karnal,CWC,6,Haryana,67,KARNAL,KARNAL,-,-,Ganga,Ganga,Yamuna,-,-,Yamuna,29.76218333,77.13166667,30-07-2022 16:00,6.5
340,Karnal,CWC,6,Haryana,67,KARNAL,KARNAL,-,-,Ganga,Ganga,Yamuna,-,-,Yamuna,29.76218333,77.13166667,30-07-2022 17:00,6.5
341,Karnal,CWC,6,Haryana,67,KARNAL,KARNAL,-,-,Ganga,Ganga,Yamuna,-,-,Yamuna,29.76218333,77.13166667,30-07-2022 18:00,6.5
342,Karnal,CWC,6,Haryana,67,KARNAL,KARNAL,-,-,Ganga,Ganga,Yamuna,-,-,Yamuna,29.76218333,77.13166667,30-07-2022 19:00,6.5
343,Karnal,CWC,6,Haryana,67,KARNAL,KARNAL,-,-,Ganga,Ganga,Yamuna,-,-,Yamuna,29.76218333,77.13166667,30-07-2022 20:00,6.5
344,Karnal,CWC,6,Haryana,67,KARNAL,KARNAL,-,-,Ganga,Ganga,Yamuna,-,-,Yamuna,29.76218333,77.13166667,30-07-2022 21:00,6.5
345,Karnal,CWC,6,Haryana,67,KARNAL,KARNAL,-,-,Ganga,Ganga,Yamuna,-,-,Yamuna,29.76218333,77.13166667,30-07-2022 22:00,6.5
346,Karnal,CWC,6,Haryana,67,KARNAL,KARNAL,-,-,Ganga,Ganga,Yamuna,-,-,Yamuna,29.76218333,77.13166667,30-07-2022 23:00,6.5
347,Karnal,CWC,6,Haryana,67,KARNAL,KARNAL,-,-,Ganga,Ganga,Yamuna,-,-,Yamuna,29.76218333,77.13166667,31-07-2022 00:00,6.5
348,Karnal,CWC,6,Haryana,67,KARNAL,KARNAL,-,-,Ganga,Ganga,Yamuna,-,-,Yamuna,29.76218333,77.13166667,31-07-2022 01:00,6.5
349,Karnal,CWC,6,Haryana,67,KARNAL,KARNAL,-,-,Ganga,Ganga,Yamuna,-,-,Yamuna,29.76218333,77.13166667,31-07-2022 02:00,6.5
350,Karnal,CWC,6,Haryana,67,KARNAL,KARNAL,-,-,Ganga,Ganga,Yamuna,-,-,Yamuna,29.76218333,77.13166667,31-07-2022 03:00,6.5
351,Karnal,CWC,6,Haryana,67,KARNAL,KARNAL,-,-,Ganga,Ganga,Yamuna,-,-,Yamuna,29.76218333,77.13166667,31-07-2022 05:00,157.5
352,Karnal,CWC,6,Haryana,67,KARNAL,KARNAL,-,-,Ganga,Ganga,Yamuna,-,-,Yamuna,29.76218333,77.13166667,31-07-2022 06:00,157.5
353,Karnal,CWC,6,Haryana,67,KARNAL,KARNAL,-,-,Ganga,Ganga,Yamuna,-,-,Yamuna,29.76218333,77.13166667,31-07-2022 07:00,170
354,Karnal,CWC,6,Haryana,67,KARNAL,KARNAL,-,-,Ganga,Ganga,Yamuna,-,-,Yamuna,29.76218333,77.13166667,31-07-2022 08:00,170
355,Karnal,CWC,6,Haryana,67,KARNAL,KARNAL,-,-,Ganga,Ganga,Yamuna,-,-,Yamuna,29.76218333,77.13166667,31-07-2022 09:00,170
356,Karnal,CWC,6,Haryana,67,KARNAL,KARNAL,-,-,Ganga,Ganga,Yamuna,-,-,Yamuna,29.76218333,77.13166667,31-07-2022 10:00,174
357,Karnal,CWC,6,Haryana,67,KARNAL,KARNAL,-,-,Ganga,Ganga,Yamuna,-,-,Yamuna,29.76218333,77.13166667,31-07-2022 11:00,177
358,Karnal,CWC,6,Haryana,67,KARNAL,KARNAL,-,-,Ganga,Ganga,Yamuna,-,-,Yamuna,29.76218333,77.13166667,31-07-2022 12:00,178
359,Karnal,CWC,6,Haryana,67,KARNAL,KARNAL,-,-,Ganga,Ganga,Yamuna,-,-,Yamuna,29.76218333,77.13166667,31-07-2022 13:00,179
360,Karnal,CWC,6,Haryana,67,KARNAL,KARNAL,-,-,Ganga,Ganga,Yamuna,-,-,Yamuna,29.76218333,77.13166667,31-07-2022 14:00,179
361,Karnal,CWC,6,Haryana,67,KARNAL,KARNAL,-,-,Ganga,Ganga,Yamuna,-,-,Yamuna,29.76218333,77.13166667,31-07-2022 15:00,179
362,Karnal,CWC,6,Haryana,67,KARNAL,KARNAL,-,-,Ganga,Ganga,Yamuna,-,-,Yamuna,29.76218333,77.13166667,31-07-2022 16:00,179
363,Karnal,CWC,6,Haryana,67,KARNAL,KARNAL,-,-,Ganga,Ganga,Yamuna,-,-,Yamuna,29.76218333,77.13166667,31-07-2022 17:00,179
364,Karnal,CWC,6,Haryana,67,KARNAL,KARNAL,-,-,Ganga,Ganga,Yamuna,-,-,Yamuna,29.76218333,77.13166667,31-07-2022 18:00,179
365,Karnal,CWC,6,Haryana,67,KARNAL,KARNAL,-,-,Ganga,Ganga,Yamuna,-,-,Yamuna,29.76218333,77.13166667,31-07-2022 19:00,179
366,Karnal,CWC,6,Haryana,67,KARNAL,KARNAL,-,-,Ganga,Ganga,Yamuna,-,-,Yamuna,29.76218333,77.13166667,31-07-2022 20:00,179
367,Karnal,CWC,6,Haryana,67,KARNAL,KARNAL,-,-,Ganga,Ganga,Yamuna,-,-,Yamuna,29.76218333,77.13166667,31-07-2022 21:00,179
368,Karnal,CWC,6,Haryana,67,KARNAL,KARNAL,-,-,Ganga,Ganga,Yamuna,-,-,Yamuna,29.76218333,77.13166667,31-07-2022 22:00,179
369,Karnal,CWC,6,Haryana,67,KARNAL,KARNAL,-,-,Ganga,Ganga,Yamuna,-,-,Yamuna,29.76218333,77.13166667,31-07-2022 23:00,179
370,Karnal,CWC,6,Haryana,67,KARNAL,KARNAL,-,-,Ganga,Ganga,Yamuna,-,-,Yamuna,29.76218333,77.13166667,01-08-2022 00:00,179
371,Karnal,CWC,6,Haryana,67,KARNAL,KARNAL,-,-,Ganga,Ganga,Yamuna,-,-,Yamuna,29.76218333,77.13166667,05-08-2022 02:00,2
372,Karnal,CWC,6,Haryana,67,KARNAL,KARNAL,-,-,Ganga,Ganga,Yamuna,-,-,Yamuna,29.76218333,77.13166667,05-08-2022 03:00,28.5
373,Karnal,CWC,6,Haryana,67,KARNAL,KARNAL,-,-,Ganga,Ganga,Yamuna,-,-,Yamuna,29.76218333,77.13166667,05-08-2022 04:00,10.5
374,Karnal,CWC,6,Haryana,67,KARNAL,KARNAL,-,-,Ganga,Ganga,Yamuna,-,-,Yamuna,29.76218333,77.13166667,05-08-2022 05:00,11
375,Karnal,CWC,6,Haryana,67,KARNAL,KARNAL,-,-,Ganga,Ganga,Yamuna,-,-,Yamuna,29.76218333,77.13166667,05-08-2022 06:00,11
376,Karnal,CWC,6,Haryana,67,KARNAL,KARNAL,-,-,Ganga,Ganga,Yamuna,-,-,Yamuna,29.76218333,77.13166667,05-08-2022 07:00,11
377,Karnal,CWC,6,Haryana,67,KARNAL,KARNAL,-,-,Ganga,Ganga,Yamuna,-,-,Yamuna,29.76218333,77.13166667,05-08-2022 08:00,11
378,Karnal,CWC,6,Haryana,67,KARNAL,KARNAL,-,-,Ganga,Ganga,Yamuna,-,-,Yamuna,29.76218333,77.13166667,05-08-2022 09:00,11
379,Karnal,CWC,6,Haryana,67,KARNAL,KARNAL,-,-,Ganga,Ganga,Yamuna,-,-,Yamuna,29.76218333,77.13166667,05-08-2022 10:00,11
380,Karnal,CWC,6,Haryana,67,KARNAL,KARNAL,-,-,Ganga,Ganga,Yamuna,-,-,Yamuna,29.76218333,77.13166667,05-08-2022 11:00,11
381,Karnal,CWC,6,Haryana,67,KARNAL,KARNAL,-,-,Ganga,Ganga,Yamuna,-,-,Yamuna,29.76218333,77.13166667,05-08-2022 12:00,11
382,Karnal,CWC,6,Haryana,67,KARNAL,KARNAL,-,-,Ganga,Ganga,Yamuna,-,-,Yamuna,29.76218333,77.13166667,05-08-2022 13:00,11
383,Karnal,CWC,6,Haryana,67,KARNAL,KARNAL,-,-,Ganga,Ganga,Yamuna,-,-,Yamuna,29.76218333,77.13166667,05-08-2022 14:00,11
384,Karnal,CWC,6,Haryana,67,KARNAL,KARNAL,-,-,Ganga,Ganga,Yamuna,-,-,Yamuna,29.76218333,77.13166667,05-08-2022 15:00,11
385,Karnal,CWC,6,Haryana,67,KARNAL,KARNAL,-,-,Ganga,Ganga,Yamuna,-,-,Yamuna,29.76218333,77.13166667,05-08-2022 16:00,11
386,Karnal,CWC,6,Haryana,67,KARNAL,KARNAL,-,-,Ganga,Ganga,Yamuna,-,-,Yamuna,29.76218333,77.13166667,05-08-2022 17:00,11
387,Karnal,CWC,6,Haryana,67,KARNAL,KARNAL,-,-,Ganga,Ganga,Yamuna,-,-,Yamuna,29.76218333,77.13166667,05-08-2022 18:00,11
388,Karnal,CWC,6,Haryana,67,KARNAL,KARNAL,-,-,Ganga,Ganga,Yamuna,-,-,Yamuna,29.76218333,77.13166667,05-08-2022 19:00,11
389,Karnal,CWC,6,Haryana,67,KARNAL,KARNAL,-,-,Ganga,Ganga,Yamuna,-,-,Yamuna,29.76218333,77.13166667,05-08-2022 20:00,11
390,Karnal,CWC,6,Haryana,67,KARNAL,KARNAL,-,-,Ganga,Ganga,Yamuna,-,-,Yamuna,29.76218333,77.13166667,05-08-2022 21:00,11
391,Karnal,CWC,6,Haryana,67,KARNAL,KARNAL,-,-,Ganga,Ganga,Yamuna,-,-,Yamuna,29.76218333,77.13166667,05-08-2022 22:00,11
392,Karnal,CWC,6,Haryana,67,KARNAL,KARNAL,-,-,Ganga,Ganga,Yamuna,-,-,Yamuna,29.76218333,77.13166667,05-08-2022 23:00,11
393,Karnal,CWC,6,Haryana,67,KARNAL,KARNAL,-,-,Ganga,Ganga,Yamuna,-,-,Yamuna,29.76218333,77.13166667,06-08-2022 00:00,11
394,Karnal,CWC,6,Haryana,67,KARNAL,KARNAL,-,-,Ganga,Ganga,Yamuna,-,-,Yamuna,29.76218333,77.13166667,06-08-2022 01:00,11
395,Karnal,CWC,6,Haryana,67,KARNAL,KARNAL,-,-,Ganga,Ganga,Yamuna,-,-,Yamuna,29.76218333,77.13166667,06-08-2022 02:00,11
396,Karnal,CWC,6,Haryana,67,KARNAL,KARNAL,-,-,Ganga,Ganga,Yamuna,-,-,Yamuna,29.76218333,77.13166667,06-08-2022 03:00,11
397,Karnal,CWC,6,Haryana,67,KARNAL,KARNAL,-,-,Ganga,Ganga,Yamuna,-,-,Yamuna,29.76218333,77.13166667,07-08-2022 03:00,4.5
398,Karnal,CWC,6,Haryana,67,KARNAL,KARNAL,-,-,Ganga,Ganga,Yamuna,-,-,Yamuna,29.76218333,77.13166667,07-08-2022 04:00,1
399,Karnal,CWC,6,Haryana,67,KARNAL,KARNAL,-,-,Ganga,Ganga,Yamuna,-,-,Yamuna,29.76218333,77.13166667,07-08-2022 05:00,2.5
400,Karnal,CWC,6,Haryana,67,KARNAL,KARNAL,-,-,Ganga,Ganga,Yamuna,-,-,Yamuna,29.76218333,77.13166667,07-08-2022 06:00,2.5
401,Karnal,CWC,6,Haryana,67,KARNAL,KARNAL,-,-,Ganga,Ganga,Yamuna,-,-,Yamuna,29.76218333,77.13166667,07-08-2022 07:00,2.5
402,Karnal,CWC,6,Haryana,67,KARNAL,KARNAL,-,-,Ganga,Ganga,Yamuna,-,-,Yamuna,29.76218333,77.13166667,07-08-2022 08:00,2.5
403,Karnal,CWC,6,Haryana,67,KARNAL,KARNAL,-,-,Ganga,Ganga,Yamuna,-,-,Yamuna,29.76218333,77.13166667,07-08-2022 09:00,2.5
404,Karnal,CWC,6,Haryana,67,KARNAL,KARNAL,-,-,Ganga,Ganga,Yamuna,-,-,Yamuna,29.76218333,77.13166667,07-08-2022 10:00,2.5
405,Karnal,CWC,6,Haryana,67,KARNAL,KARNAL,-,-,Ganga,Ganga,Yamuna,-,-,Yamuna,29.76218333,77.13166667,07-08-2022 11:00,2.5
406,Karnal,CWC,6,Haryana,67,KARNAL,KARNAL,-,-,Ganga,Ganga,Yamuna,-,-,Yamuna,29.76218333,77.13166667,07-08-2022 12:00,2.5
407,Karnal,CWC,6,Haryana,67,KARNAL,KARNAL,-,-,Ganga,Ganga,Yamuna,-,-,Yamuna,29.76218333,77.13166667,07-08-2022 13:00,2.5
408,Karnal,CWC,6,Haryana,67,KARNAL,KARNAL,-,-,Ganga,Ganga,Yamuna,-,-,Yamuna,29.76218333,77.13166667,07-08-2022 14:00,2.5
409,Karnal,CWC,6,Haryana,67,KARNAL,KARNAL,-,-,Ganga,Ganga,Yamuna,-,-,Yamuna,29.76218333,77.13166667,07-08-2022 15:00,2.5
410,Karnal,CWC,6,Haryana,67,KARNAL,KARNAL,-,-,Ganga,Ganga,Yamuna,-,-,Yamuna,29.76218333,77.13166667,07-08-2022 16:00,2.5
411,Karnal,CWC,6,Haryana,67,KARNAL,KARNAL,-,-,Ganga,Ganga,Yamuna,-,-,Yamuna,29.76218333,77.13166667,07-08-2022 17:00,2.5
412,Karnal,CWC,6,Haryana,67,KARNAL,KARNAL,-,-,Ganga,Ganga,Yamuna,-,-,Yamuna,29.76218333,77.13166667,07-08-2022 18:00,2.5
413,Karnal,CWC,6,Haryana,67,KARNAL,KARNAL,-,-,Ganga,Ganga,Yamuna,-,-,Yamuna,29.76218333,77.13166667,07-08-2022 19:00,2.5
414,Karnal,CWC,6,Haryana,67,KARNAL,KARNAL,-,-,Ganga,Ganga,Yamuna,-,-,Yamuna,29.76218333,77.13166667,07-08-2022 20:00,2.5
415,Karnal,CWC,6,Haryana,67,KARNAL,KARNAL,-,-,Ganga,Ganga,Yamuna,-,-,Yamuna,29.76218333,77.13166667,07-08-2022 21:00,2.5
416,Karnal,CWC,6,Haryana,67,KARNAL,KARNAL,-,-,Ganga,Ganga,Yamuna,-,-,Yamuna,29.76218333,77.13166667,07-08-2022 22:00,2.5
417,Karnal,CWC,6,Haryana,67,KARNAL,KARNAL,-,-,Ganga,Ganga,Yamuna,-,-,Yamuna,29.76218333,77.13166667,07-08-2022 23:00,2.5
418,Karnal,CWC,6,Haryana,67,KARNAL,KARNAL,-,-,Ganga,Ganga,Yamuna,-,-,Yamuna,29.76218333,77.13166667,08-08-2022 00:00,2.5
419,Karnal,CWC,6,Haryana,67,KARNAL,KARNAL,-,-,Ganga,Ganga,Yamuna,-,-,Yamuna,29.76218333,77.13166667,08-08-2022 01:00,2.5
420,Karnal,CWC,6,Haryana,67,KARNAL,KARNAL,-,-,Ganga,Ganga,Yamuna,-,-,Yamuna,29.76218333,77.13166667,08-08-2022 02:00,2.5
421,Karnal,CWC,6,Haryana,67,KARNAL,KARNAL,-,-,Ganga,Ganga,Yamuna,-,-,Yamuna,29.76218333,77.13166667,08-08-2022 03:00,2.5
422,Karnal,CWC,6,Haryana,67,KARNAL,KARNAL,-,-,Ganga,Ganga,Yamuna,-,-,Yamuna,29.76218333,77.13166667,14-08-2022 10:00,8.5
423,Karnal,CWC,6,Haryana,67,KARNAL,KARNAL,-,-,Ganga,Ganga,Yamuna,-,-,Yamuna,29.76218333,77.13166667,14-08-2022 11:00,22
424,Karnal,CWC,6,Haryana,67,KARNAL,KARNAL,-,-,Ganga,Ganga,Yamuna,-,-,Yamuna,29.76218333,77.13166667,14-08-2022 12:00,49
425,Karnal,CWC,6,Haryana,67,KARNAL,KARNAL,-,-,Ganga,Ganga,Yamuna,-,-,Yamuna,29.76218333,77.13166667,14-08-2022 13:00,49
426,Karnal,CWC,6,Haryana,67,KARNAL,KARNAL,-,-,Ganga,Ganga,Yamuna,-,-,Yamuna,29.76218333,77.13166667,14-08-2022 14:00,49
427,Karnal,CWC,6,Haryana,67,KARNAL,KARNAL,-,-,Ganga,Ganga,Yamuna,-,-,Yamuna,29.76218333,77.13166667,14-08-2022 15:00,49
428,Karnal,CWC,6,Haryana,67,KARNAL,KARNAL,-,-,Ganga,Ganga,Yamuna,-,-,Yamuna,29.76218333,77.13166667,14-08-2022 16:00,49
429,Karnal,CWC,6,Haryana,67,KARNAL,KARNAL,-,-,Ganga,Ganga,Yamuna,-,-,Yamuna,29.76218333,77.13166667,14-08-2022 19:00,49
430,Karnal,CWC,6,Haryana,67,KARNAL,KARNAL,-,-,Ganga,Ganga,Yamuna,-,-,Yamuna,29.76218333,77.13166667,14-08-2022 20:00,49
431,Karnal,CWC,6,Haryana,67,KARNAL,KARNAL,-,-,Ganga,Ganga,Yamuna,-,-,Yamuna,29.76218333,77.13166667,14-08-2022 21:00,49
432,Karnal,CWC,6,Haryana,67,KARNAL,KARNAL,-,-,Ganga,Ganga,Yamuna,-,-,Yamuna,29.76218333,77.13166667,14-08-2022 22:00,49
433,Karnal,CWC,6,Haryana,67,KARNAL,KARNAL,-,-,Ganga,Ganga,Yamuna,-,-,Yamuna,29.76218333,77.13166667,14-08-2022 23:00,49
434,Karnal,CWC,6,Haryana,67,KARNAL,KARNAL,-,-,Ganga,Ganga,Yamuna,-,-,Yamuna,29.76218333,77.13166667,15-08-2022 00:00,49
435,Karnal,CWC,6,Haryana,67,KARNAL,KARNAL,-,-,Ganga,Ganga,Yamuna,-,-,Yamuna,29.76218333,77.13166667,15-08-2022 01:00,49
436,Karnal,CWC,6,Haryana,67,KARNAL,KARNAL,-,-,Ganga,Ganga,Yamuna,-,-,Yamuna,29.76218333,77.13166667,15-08-2022 02:00,49
437,Karnal,CWC,6,Haryana,67,KARNAL,KARNAL,-,-,Ganga,Ganga,Yamuna,-,-,Yamuna,29.76218333,77.13166667,15-08-2022 03:00,49
438,Karnal,CWC,6,Haryana,67,KARNAL,KARNAL,-,-,Ganga,Ganga,Yamuna,-,-,Yamuna,29.76218333,77.13166667,24-08-2022 07:00,1.5
439,Karnal,CWC,6,Haryana,67,KARNAL,KARNAL,-,-,Ganga,Ganga,Yamuna,-,-,Yamuna,29.76218333,77.13166667,24-08-2022 08:00,2
440,Karnal,CWC,6,Haryana,67,KARNAL,KARNAL,-,-,Ganga,Ganga,Yamuna,-,-,Yamuna,29.76218333,77.13166667,24-08-2022 09:00,2
441,Karnal,CWC,6,Haryana,67,KARNAL,KARNAL,-,-,Ganga,Ganga,Yamuna,-,-,Yamuna,29.76218333,77.13166667,24-08-2022 10:00,2
442,Karnal,CWC,6,Haryana,67,KARNAL,KARNAL,-,-,Ganga,Ganga,Yamuna,-,-,Yamuna,29.76218333,77.13166667,24-08-2022 11:00,3
443,Karnal,CWC,6,Haryana,67,KARNAL,KARNAL,-,-,Ganga,Ganga,Yamuna,-,-,Yamuna,29.76218333,77.13166667,24-08-2022 12:00,3
444,Karnal,CWC,6,Haryana,67,KARNAL,KARNAL,-,-,Ganga,Ganga,Yamuna,-,-,Yamuna,29.76218333,77.13166667,24-08-2022 13:00,3
445,Karnal,CWC,6,Haryana,67,KARNAL,KARNAL,-,-,Ganga,Ganga,Yamuna,-,-,Yamuna,29.76218333,77.13166667,24-08-2022 14:00,3
446,Karnal,CWC,6,Haryana,67,KARNAL,KARNAL,-,-,Ganga,Ganga,Yamuna,-,-,Yamuna,29.76218333,77.13166667,24-08-2022 15:00,3
447,Karnal,CWC,6,Haryana,67,KARNAL,KARNAL,-,-,Ganga,Ganga,Yamuna,-,-,Yamuna,29.76218333,77.13166667,24-08-2022 16:00,3
448,Karnal,CWC,6,Haryana,67,KARNAL,KARNAL,-,-,Ganga,Ganga,Yamuna,-,-,Yamuna,29.76218333,77.13166667,24-08-2022 17:00,3
449,Karnal,CWC,6,Haryana,67,KARNAL,KARNAL,-,-,Ganga,Ganga,Yamuna,-,-,Yamuna,29.76218333,77.13166667,24-08-2022 18:00,3
450,Karnal,CWC,6,Haryana,67,KARNAL,KARNAL,-,-,Ganga,Ganga,Yamuna,-,-,Yamuna,29.76218333,77.13166667,24-08-2022 19:00,3
451,Karnal,CWC,6,Haryana,67,KARNAL,KARNAL,-,-,Ganga,Ganga,Yamuna,-,-,Yamuna,29.76218333,77.13166667,24-08-2022 20:00,3
452,Karnal,CWC,6,Haryana,67,KARNAL,KARNAL,-,-,Ganga,Ganga,Yamuna,-,-,Yamuna,29.76218333,77.13166667,24-08-2022 21:00,3
453,Karnal,CWC,6,Haryana,67,KARNAL,KARNAL,-,-,Ganga,Ganga,Yamuna,-,-,Yamuna,29.76218333,77.13166667,25-08-2022 00:00,3
454,Karnal,CWC,6,Haryana,67,KARNAL,KARNAL,-,-,Ganga,Ganga,Yamuna,-,-,Yamuna,29.76218333,77.13166667,25-08-2022 01:00,3
455,Karnal,CWC,6,Haryana,67,KARNAL,KARNAL,-,-,Ganga,Ganga,Yamuna,-,-,Yamuna,29.76218333,77.13166667,25-08-2022 02:00,3
456,Karnal,CWC,6,Haryana,67,KARNAL,KARNAL,-,-,Ganga,Ganga,Yamuna,-,-,Yamuna,29.76218333,77.13166667,25-08-2022 03:00,3
457,Karnal,CWC,6,Haryana,67,KARNAL,KARNAL,-,-,Ganga,Ganga,Yamuna,-,-,Yamuna,29.76218333,77.13166667,15-09-2022 06:00,0.5
458,Karnal,CWC,6,Haryana,67,KARNAL,KARNAL,-,-,Ganga,Ganga,Yamuna,-,-,Yamuna,29.76218333,77.13166667,15-09-2022 07:00,0.5
459,Karnal,CWC,6,Haryana,67,KARNAL,KARNAL,-,-,Ganga,Ganga,Yamuna,-,-,Yamuna,29.76218333,77.13166667,15-09-2022 08:00,1.5
460,Karnal,CWC,6,Haryana,67,KARNAL,KARNAL,-,-,Ganga,Ganga,Yamuna,-,-,Yamuna,29.76218333,77.13166667,15-09-2022 09:00,1.5
461,Karnal,CWC,6,Haryana,67,KARNAL,KARNAL,-,-,Ganga,Ganga,Yamuna,-,-,Yamuna,29.76218333,77.13166667,15-09-2022 10:00,1.5
462,Karnal,CWC,6,Haryana,67,KARNAL,KARNAL,-,-,Ganga,Ganga,Yamuna,-,-,Yamuna,29.76218333,77.13166667,15-09-2022 11:00,1.5
463,Karnal,CWC,6,Haryana,67,KARNAL,KARNAL,-,-,Ganga,Ganga,Yamuna,-,-,Yamuna,29.76218333,77.13166667,15-09-2022 12:00,1.5
464,Karnal,CWC,6,Haryana,67,KARNAL,KARNAL,-,-,Ganga,Ganga,Yamuna,-,-,Yamuna,29.76218333,77.13166667,15-09-2022 13:00,1.5
465,Karnal,CWC,6,Haryana,67,KARNAL,KARNAL,-,-,Ganga,Ganga,Yamuna,-,-,Yamuna,29.76218333,77.13166667,15-09-2022 14:00,1.5
466,Karnal,CWC,6,Haryana,67,KARNAL,KARNAL,-,-,Ganga,Ganga,Yamuna,-,-,Yamuna,29.76218333,77.13166667,15-09-2022 15:00,3.5
467,Karnal,CWC,6,Haryana,67,KARNAL,KARNAL,-,-,Ganga,Ganga,Yamuna,-,-,Yamuna,29.76218333,77.13166667,15-09-2022 16:00,7
468,Karnal,CWC,6,Haryana,67,KARNAL,KARNAL,-,-,Ganga,Ganga,Yamuna,-,-,Yamuna,29.76218333,77.13166667,15-09-2022 17:00,7
469,Karnal,CWC,6,Haryana,67,KARNAL,KARNAL,-,-,Ganga,Ganga,Yamuna,-,-,Yamuna,29.76218333,77.13166667,15-09-2022 18:00,7
470,Karnal,CWC,6,Haryana,67,KARNAL,KARNAL,-,-,Ganga,Ganga,Yamuna,-,-,Yamuna,29.76218333,77.13166667,15-09-2022 19:00,7
471,Karnal,CWC,6,Haryana,67,KARNAL,KARNAL,-,-,Ganga,Ganga,Yamuna,-,-,Yamuna,29.76218333,77.13166667,15-09-2022 20:00,7.5
472,Karnal,CWC,6,Haryana,67,KARNAL,KARNAL,-,-,Ganga,Ganga,Yamuna,-,-,Yamuna,29.76218333,77.13166667,15-09-2022 21:00,7.5
473,Karnal,CWC,6,Haryana,67,KARNAL,KARNAL,-,-,Ganga,Ganga,Yamuna,-,-,Yamuna,29.76218333,77.13166667,15-09-2022 23:00,8
474,Karnal,CWC,6,Haryana,67,KARNAL,KARNAL,-,-,Ganga,Ganga,Yamuna,-,-,Yamuna,29.76218333,77.13166667,16-09-2022 00:00,10.5
475,Karnal,CWC,6,Haryana,67,KARNAL,KARNAL,-,-,Ganga,Ganga,Yamuna,-,-,Yamuna,29.76218333,77.13166667,16-09-2022 01:00,11
476,Karnal,CWC,6,Haryana,67,KARNAL,KARNAL,-,-,Ganga,Ganga,Yamuna,-,-,Yamuna,29.76218333,77.13166667,16-09-2022 02:00,12.5
477,Karnal,CWC,6,Haryana,67,KARNAL,KARNAL,-,-,Ganga,Ganga,Yamuna,-,-,Yamuna,29.76218333,77.13166667,16-09-2022 03:00,12.5
478,Karnal,CWC,6,Haryana,67,KARNAL,KARNAL,-,-,Ganga,Ganga,Yamuna,-,-,Yamuna,29.76218333,77.13166667,16-09-2022 06:00,2
479,Karnal,CWC,6,Haryana,67,KARNAL,KARNAL,-,-,Ganga,Ganga,Yamuna,-,-,Yamuna,29.76218333,77.13166667,16-09-2022 07:00,2.5
480,Karnal,CWC,6,Haryana,67,KARNAL,KARNAL,-,-,Ganga,Ganga,Yamuna,-,-,Yamuna,29.76218333,77.13166667,16-09-2022 08:00,2.5
481,Karnal,CWC,6,Haryana,67,KARNAL,KARNAL,-,-,Ganga,Ganga,Yamuna,-,-,Yamuna,29.76218333,77.13166667,16-09-2022 09:00,2.5
482,Karnal,CWC,6,Haryana,67,KARNAL,KARNAL,-,-,Ganga,Ganga,Yamuna,-,-,Yamuna,29.76218333,77.13166667,16-09-2022 10:00,5.5
483,Karnal,CWC,6,Haryana,67,KARNAL,KARNAL,-,-,Ganga,Ganga,Yamuna,-,-,Yamuna,29.76218333,77.13166667,16-09-2022 11:00,11.5
484,Karnal,CWC,6,Haryana,67,KARNAL,KARNAL,-,-,Ganga,Ganga,Yamuna,-,-,Yamuna,29.76218333,77.13166667,16-09-2022 12:00,12.5
485,Karnal,CWC,6,Haryana,67,KARNAL,KARNAL,-,-,Ganga,Ganga,Yamuna,-,-,Yamuna,29.76218333,77.13166667,16-09-2022 13:00,13.5
486,Karnal,CWC,6,Haryana,67,KARNAL,KARNAL,-,-,Ganga,Ganga,Yamuna,-,-,Yamuna,29.76218333,77.13166667,16-09-2022 14:00,13.5
487,Karnal,CWC,6,Haryana,67,KARNAL,KARNAL,-,-,Ganga,Ganga,Yamuna,-,-,Yamuna,29.76218333,77.13166667,16-09-2022 15:00,13.5
488,Karnal,CWC,6,Haryana,67,KARNAL,KARNAL,-,-,Ganga,Ganga,Yamuna,-,-,Yamuna,29.76218333,77.13166667,16-09-2022 16:00,13.5
489,Karnal,CWC,6,Haryana,67,KARNAL,KARNAL,-,-,Ganga,Ganga,Yamuna,-,-,Yamuna,29.76218333,77.13166667,16-09-2022 17:00,13.5
490,Karnal,CWC,6,Haryana,67,KARNAL,KARNAL,-,-,Ganga,Ganga,Yamuna,-,-,Yamuna,29.76218333,77.13166667,16-09-2022 19:00,13.5
491,Karnal,CWC,6,Haryana,67,KARNAL,KARNAL,-,-,Ganga,Ganga,Yamuna,-,-,Yamuna,29.76218333,77.13166667,16-09-2022 20:00,13.5
492,Karnal,CWC,6,Haryana,67,KARNAL,KARNAL,-,-,Ganga,Ganga,Yamuna,-,-,Yamuna,29.76218333,77.13166667,16-09-2022 22:00,13.5
493,Karnal,CWC,6,Haryana,67,KARNAL,KARNAL,-,-,Ganga,Ganga,Yamuna,-,-,Yamuna,29.76218333,77.13166667,16-09-2022 23:00,13.5
494,Karnal,CWC,6,Haryana,67,KARNAL,KARNAL,-,-,Ganga,Ganga,Yamuna,-,-,Yamuna,29.76218333,77.13166667,17-09-2022 01:00,13.5
495,Karnal,CWC,6,Haryana,67,KARNAL,KARNAL,-,-,Ganga,Ganga,Yamuna,-,-,Yamuna,29.76218333,77.13166667,17-09-2022 02:00,13.5
496,Karnal,CWC,6,Haryana,67,KARNAL,KARNAL,-,-,Ganga,Ganga,Yamuna,-,-,Yamuna,29.76218333,77.13166667,17-09-2022 03:00,13.5
497,Karnal,CWC,6,Haryana,67,KARNAL,KARNAL,-,-,Ganga,Ganga,Yamuna,-,-,Yamuna,29.76218333,77.13166667,20-09-2022 03:00,5
498,Karnal,CWC,6,Haryana,67,KARNAL,KARNAL,-,-,Ganga,Ganga,Yamuna,-,-,Yamuna,29.76218333,77.13166667,20-09-2022 05:00,9
499,Karnal,CWC,6,Haryana,67,KARNAL,KARNAL,-,-,Ganga,Ganga,Yamuna,-,-,Yamuna,29.76218333,77.13166667,20-09-2022 08:00,9
500,Karnal,CWC,6,Haryana,67,KARNAL,KARNAL,-,-,Ganga,Ganga,Yamuna,-,-,Yamuna,29.76218333,77.13166667,20-09-2022 10:00,9
501,Karnal,CWC,6,Haryana,67,KARNAL,KARNAL,-,-,Ganga,Ganga,Yamuna,-,-,Yamuna,29.76218333,77.13166667,20-09-2022 11:00,9
502,Karnal,CWC,6,Haryana,67,KARNAL,KARNAL,-,-,Ganga,Ganga,Yamuna,-,-,Yamuna,29.76218333,77.13166667,20-09-2022 14:00,9
503,Karnal,CWC,6,Haryana,67,KARNAL,KARNAL,-,-,Ganga,Ganga,Yamuna,-,-,Yamuna,29.76218333,77.13166667,20-09-2022 15:00,13.5
504,Karnal,CWC,6,Haryana,67,KARNAL,KARNAL,-,-,Ganga,Ganga,Yamuna,-,-,Yamuna,29.76218333,77.13166667,20-09-2022 16:00,13.5
505,Karnal,CWC,6,Haryana,67,KARNAL,KARNAL,-,-,Ganga,Ganga,Yamuna,-,-,Yamuna,29.76218333,77.13166667,20-09-2022 20:00,13.5
506,Karnal,CWC,6,Haryana,67,KARNAL,KARNAL,-,-,Ganga,Ganga,Yamuna,-,-,Yamuna,29.76218333,77.13166667,20-09-2022 21:00,13.5
507,Karnal,CWC,6,Haryana,67,KARNAL,KARNAL,-,-,Ganga,Ganga,Yamuna,-,-,Yamuna,29.76218333,77.13166667,21-09-2022 00:00,13.5
508,Karnal,CWC,6,Haryana,67,KARNAL,KARNAL,-,-,Ganga,Ganga,Yamuna,-,-,Yamuna,29.76218333,77.13166667,21-09-2022 01:00,13.5
509,Karnal,CWC,6,Haryana,67,KARNAL,KARNAL,-,-,Ganga,Ganga,Yamuna,-,-,Yamuna,29.76218333,77.13166667,21-09-2022 02:00,13.5
510,Karnal,CWC,6,Haryana,67,KARNAL,KARNAL,-,-,Ganga,Ganga,Yamuna,-,-,Yamuna,29.76218333,77.13166667,21-09-2022 03:00,13.5
511,Karnal,CWC,6,Haryana,67,KARNAL,KARNAL,-,-,Ganga,Ganga,Yamuna,-,-,Yamuna,29.76218333,77.13166667,21-09-2022 11:00,3
512,Karnal,CWC,6,Haryana,67,KARNAL,KARNAL,-,-,Ganga,Ganga,Yamuna,-,-,Yamuna,29.76218333,77.13166667,21-09-2022 12:00,3
513,Karnal,CWC,6,Haryana,67,KARNAL,KARNAL,-,-,Ganga,Ganga,Yamuna,-,-,Yamuna,29.76218333,77.13166667,21-09-2022 13:00,3.5
514,Karnal,CWC,6,Haryana,67,KARNAL,KARNAL,-,-,Ganga,Ganga,Yamuna,-,-,Yamuna,29.76218333,77.13166667,21-09-2022 14:00,3.5
515,Karnal,CWC,6,Haryana,67,KARNAL,KARNAL,-,-,Ganga,Ganga,Yamuna,-,-,Yamuna,29.76218333,77.13166667,21-09-2022 15:00,3.5
516,Karnal,CWC,6,Haryana,67,KARNAL,KARNAL,-,-,Ganga,Ganga,Yamuna,-,-,Yamuna,29.76218333,77.13166667,21-09-2022 18:00,3.5
517,Karnal,CWC,6,Haryana,67,KARNAL,KARNAL,-,-,Ganga,Ganga,Yamuna,-,-,Yamuna,29.76218333,77.13166667,21-09-2022 20:00,3.5
518,Karnal,CWC,6,Haryana,67,KARNAL,KARNAL,-,-,Ganga,Ganga,Yamuna,-,-,Yamuna,29.76218333,77.13166667,21-09-2022 22:00,3.5
519,Karnal,CWC,6,Haryana,67,KARNAL,KARNAL,-,-,Ganga,Ganga,Yamuna,-,-,Yamuna,29.76218333,77.13166667,21-09-2022 23:00,3.5
520,Karnal,CWC,6,Haryana,67,KARNAL,KARNAL,-,-,Ganga,Ganga,Yamuna,-,-,Yamuna,29.76218333,77.13166667,22-09-2022 00:00,3.5
521,Karnal,CWC,6,Haryana,67,KARNAL,KARNAL,-,-,Ganga,Ganga,Yamuna,-,-,Yamuna,29.76218333,77.13166667,22-09-2022 01:00,3.5
522,Karnal,CWC,6,Haryana,67,KARNAL,KARNAL,-,-,Ganga,Ganga,Yamuna,-,-,Yamuna,29.76218333,77.13166667,22-09-2022 02:00,7
523,Karnal,CWC,6,Haryana,67,KARNAL,KARNAL,-,-,Ganga,Ganga,Yamuna,-,-,Yamuna,29.76218333,77.13166667,22-09-2022 03:00,7.5
524,Karnal,CWC,6,Haryana,67,KARNAL,KARNAL,-,-,Ganga,Ganga,Yamuna,-,-,Yamuna,29.76218333,77.13166667,22-09-2022 04:00,1
525,Karnal,CWC,6,Haryana,67,KARNAL,KARNAL,-,-,Ganga,Ganga,Yamuna,-,-,Yamuna,29.76218333,77.13166667,22-09-2022 05:00,1.5
526,Karnal,CWC,6,Haryana,67,KARNAL,KARNAL,-,-,Ganga,Ganga,Yamuna,-,-,Yamuna,29.76218333,77.13166667,22-09-2022 06:00,18.5
527,Karnal,CWC,6,Haryana,67,KARNAL,KARNAL,-,-,Ganga,Ganga,Yamuna,-,-,Yamuna,29.76218333,77.13166667,22-09-2022 07:00,20.5
528,Karnal,CWC,6,Haryana,67,KARNAL,KARNAL,-,-,Ganga,Ganga,Yamuna,-,-,Yamuna,29.76218333,77.13166667,22-09-2022 08:00,23
529,Karnal,CWC,6,Haryana,67,KARNAL,KARNAL,-,-,Ganga,Ganga,Yamuna,-,-,Yamuna,29.76218333,77.13166667,22-09-2022 09:00,26
530,Karnal,CWC,6,Haryana,67,KARNAL,KARNAL,-,-,Ganga,Ganga,Yamuna,-,-,Yamuna,29.76218333,77.13166667,22-09-2022 10:00,30.5
531,Karnal,CWC,6,Haryana,67,KARNAL,KARNAL,-,-,Ganga,Ganga,Yamuna,-,-,Yamuna,29.76218333,77.13166667,22-09-2022 11:00,30.5
532,Karnal,CWC,6,Haryana,67,KARNAL,KARNAL,-,-,Ganga,Ganga,Yamuna,-,-,Yamuna,29.76218333,77.13166667,22-09-2022 12:00,30.5
533,Karnal,CWC,6,Haryana,67,KARNAL,KARNAL,-,-,Ganga,Ganga,Yamuna,-,-,Yamuna,29.76218333,77.13166667,22-09-2022 13:00,30.5
534,Karnal,CWC,6,Haryana,67,KARNAL,KARNAL,-,-,Ganga,Ganga,Yamuna,-,-,Yamuna,29.76218333,77.13166667,22-09-2022 14:00,30.5
535,Karnal,CWC,6,Haryana,67,KARNAL,KARNAL,-,-,Ganga,Ganga,Yamuna,-,-,Yamuna,29.76218333,77.13166667,22-09-2022 15:00,30.5
536,Karnal,CWC,6,Haryana,67,KARNAL,KARNAL,-,-,Ganga,Ganga,Yamuna,-,-,Yamuna,29.76218333,77.13166667,22-09-2022 16:00,30.5
537,Karnal,CWC,6,Haryana,67,KARNAL,KARNAL,-,-,Ganga,Ganga,Yamuna,-,-,Yamuna,29.76218333,77.13166667,22-09-2022 17:00,30.5
538,Karnal,CWC,6,Haryana,67,KARNAL,KARNAL,-,-,Ganga,Ganga,Yamuna,-,-,Yamuna,29.76218333,77.13166667,22-09-2022 18:00,30.5
539,Karnal,CWC,6,Haryana,67,KARNAL,KARNAL,-,-,Ganga,Ganga,Yamuna,-,-,Yamuna,29.76218333,77.13166667,22-09-2022 19:00,30.5
540,Karnal,CWC,6,Haryana,67,KARNAL,KARNAL,-,-,Ganga,Ganga,Yamuna,-,-,Yamuna,29.76218333,77.13166667,22-09-2022 20:00,31
541,Karnal,CWC,6,Haryana,67,KARNAL,KARNAL,-,-,Ganga,Ganga,Yamuna,-,-,Yamuna,29.76218333,77.13166667,22-09-2022 21:00,31
542,Karnal,CWC,6,Haryana,67,KARNAL,KARNAL,-,-,Ganga,Ganga,Yamuna,-,-,Yamuna,29.76218333,77.13166667,22-09-2022 22:00,31.5
543,Karnal,CWC,6,Haryana,67,KARNAL,KARNAL,-,-,Ganga,Ganga,Yamuna,-,-,Yamuna,29.76218333,77.13166667,22-09-2022 23:00,31.5
544,Karnal,CWC,6,Haryana,67,KARNAL,KARNAL,-,-,Ganga,Ganga,Yamuna,-,-,Yamuna,29.76218333,77.13166667,23-09-2022 00:00,32
545,Karnal,CWC,6,Haryana,67,KARNAL,KARNAL,-,-,Ganga,Ganga,Yamuna,-,-,Yamuna,29.76218333,77.13166667,23-09-2022 01:00,33.5
546,Karnal,CWC,6,Haryana,67,KARNAL,KARNAL,-,-,Ganga,Ganga,Yamuna,-,-,Yamuna,29.76218333,77.13166667,23-09-2022 02:00,43.5
547,Karnal,CWC,6,Haryana,67,KARNAL,KARNAL,-,-,Ganga,Ganga,Yamuna,-,-,Yamuna,29.76218333,77.13166667,23-09-2022 03:00,51.5
548,Karnal,CWC,6,Haryana,67,KARNAL,KARNAL,-,-,Ganga,Ganga,Yamuna,-,-,Yamuna,29.76218333,77.13166667,23-09-2022 04:00,2
549,Karnal,CWC,6,Haryana,67,KARNAL,KARNAL,-,-,Ganga,Ganga,Yamuna,-,-,Yamuna,29.76218333,77.13166667,23-09-2022 05:00,5.5
550,Karnal,CWC,6,Haryana,67,KARNAL,KARNAL,-,-,Ganga,Ganga,Yamuna,-,-,Yamuna,29.76218333,77.13166667,23-09-2022 06:00,13
551,Karnal,CWC,6,Haryana,67,KARNAL,KARNAL,-,-,Ganga,Ganga,Yamuna,-,-,Yamuna,29.76218333,77.13166667,23-09-2022 07:00,20.5
552,Karnal,CWC,6,Haryana,67,KARNAL,KARNAL,-,-,Ganga,Ganga,Yamuna,-,-,Yamuna,29.76218333,77.13166667,23-09-2022 08:00,23
553,Karnal,CWC,6,Haryana,67,KARNAL,KARNAL,-,-,Ganga,Ganga,Yamuna,-,-,Yamuna,29.76218333,77.13166667,23-09-2022 09:00,23
554,Karnal,CWC,6,Haryana,67,KARNAL,KARNAL,-,-,Ganga,Ganga,Yamuna,-,-,Yamuna,29.76218333,77.13166667,23-09-2022 10:00,23
555,Karnal,CWC,6,Haryana,67,KARNAL,KARNAL,-,-,Ganga,Ganga,Yamuna,-,-,Yamuna,29.76218333,77.13166667,23-09-2022 11:00,23
556,Karnal,CWC,6,Haryana,67,KARNAL,KARNAL,-,-,Ganga,Ganga,Yamuna,-,-,Yamuna,29.76218333,77.13166667,23-09-2022 12:00,270
557,Karnal,CWC,6,Haryana,67,KARNAL,KARNAL,-,-,Ganga,Ganga,Yamuna,-,-,Yamuna,29.76218333,77.13166667,23-09-2022 13:00,456.5
558,Karnal,CWC,6,Haryana,67,KARNAL,KARNAL,-,-,Ganga,Ganga,Yamuna,-,-,Yamuna,29.76218333,77.13166667,23-09-2022 14:00,462
559,Karnal,CWC,6,Haryana,67,KARNAL,KARNAL,-,-,Ganga,Ganga,Yamuna,-,-,Yamuna,29.76218333,77.13166667,23-09-2022 15:00,419
560,Karnal,CWC,6,Haryana,67,KARNAL,KARNAL,-,-,Ganga,Ganga,Yamuna,-,-,Yamuna,29.76218333,77.13166667,23-09-2022 18:00,439
561,Karnal,CWC,6,Haryana,67,KARNAL,KARNAL,-,-,Ganga,Ganga,Yamuna,-,-,Yamuna,29.76218333,77.13166667,23-09-2022 23:00,441.5
562,Karnal,CWC,6,Haryana,67,KARNAL,KARNAL,-,-,Ganga,Ganga,Yamuna,-,-,Yamuna,29.76218333,77.13166667,24-09-2022 00:00,441.5
563,Karnal,CWC,6,Haryana,67,KARNAL,KARNAL,-,-,Ganga,Ganga,Yamuna,-,-,Yamuna,29.76218333,77.13166667,24-09-2022 01:00,442.5
564,Karnal,CWC,6,Haryana,67,KARNAL,KARNAL,-,-,Ganga,Ganga,Yamuna,-,-,Yamuna,29.76218333,77.13166667,24-09-2022 02:00,443
565,Karnal,CWC,6,Haryana,67,KARNAL,KARNAL,-,-,Ganga,Ganga,Yamuna,-,-,Yamuna,29.76218333,77.13166667,24-09-2022 08:00,23
566,Karnal,CWC,6,Haryana,67,KARNAL,KARNAL,-,-,Ganga,Ganga,Yamuna,-,-,Yamuna,29.76218333,77.13166667,24-09-2022 10:00,23
567,Karnal,CWC,6,Haryana,67,KARNAL,KARNAL,-,-,Ganga,Ganga,Yamuna,-,-,Yamuna,29.76218333,77.13166667,24-09-2022 13:00,27
568,Karnal,CWC,6,Haryana,67,KARNAL,KARNAL,-,-,Ganga,Ganga,Yamuna,-,-,Yamuna,29.76218333,77.13166667,24-09-2022 14:00,34.5
569,Karnal,CWC,6,Haryana,67,KARNAL,KARNAL,-,-,Ganga,Ganga,Yamuna,-,-,Yamuna,29.76218333,77.13166667,25-09-2022 00:00,60.5
570,Karnal,CWC,6,Haryana,67,KARNAL,KARNAL,-,-,Ganga,Ganga,Yamuna,-,-,Yamuna,29.76218333,77.13166667,25-09-2022 02:00,61
571,Karnal,CWC,6,Haryana,67,KARNAL,KARNAL,-,-,Ganga,Ganga,Yamuna,-,-,Yamuna,29.76218333,77.13166667,25-09-2022 09:00,158
572,Karnal,CWC,6,Haryana,67,KARNAL,KARNAL,-,-,Ganga,Ganga,Yamuna,-,-,Yamuna,29.76218333,77.13166667,25-09-2022 11:00,158
573,Karnal,CWC,6,Haryana,67,KARNAL,KARNAL,-,-,Ganga,Ganga,Yamuna,-,-,Yamuna,29.76218333,77.13166667,25-09-2022 12:00,158
574,Karnal,CWC,6,Haryana,67,KARNAL,KARNAL,-,-,Ganga,Ganga,Yamuna,-,-,Yamuna,29.76218333,77.13166667,25-09-2022 13:00,158
575,Karnal,CWC,6,Haryana,67,KARNAL,KARNAL,-,-,Ganga,Ganga,Yamuna,-,-,Yamuna,29.76218333,77.13166667,25-09-2022 16:00,158
576,Karnal,CWC,6,Haryana,67,KARNAL,KARNAL,-,-,Ganga,Ganga,Yamuna,-,-,Yamuna,29.76218333,77.13166667,25-09-2022 17:00,158.5
577,Karnal,CWC,6,Haryana,67,KARNAL,KARNAL,-,-,Ganga,Ganga,Yamuna,-,-,Yamuna,29.76218333,77.13166667,25-09-2022 18:00,158.5
578,Karnal,CWC,6,Haryana,67,KARNAL,KARNAL,-,-,Ganga,Ganga,Yamuna,-,-,Yamuna,29.76218333,77.13166667,25-09-2022 19:00,159.5
579,Karnal,CWC,6,Haryana,67,KARNAL,KARNAL,-,-,Ganga,Ganga,Yamuna,-,-,Yamuna,29.76218333,77.13166667,25-09-2022 20:00,159.5
580,Karnal,CWC,6,Haryana,67,KARNAL,KARNAL,-,-,Ganga,Ganga,Yamuna,-,-,Yamuna,29.76218333,77.13166667,25-09-2022 23:00,159.5
581,Karnal,CWC,6,Haryana,67,KARNAL,KARNAL,-,-,Ganga,Ganga,Yamuna,-,-,Yamuna,29.76218333,77.13166667,26-09-2022 00:00,159.5
582,Karnal,CWC,6,Haryana,67,KARNAL,KARNAL,-,-,Ganga,Ganga,Yamuna,-,-,Yamuna,29.76218333,77.13166667,26-09-2022 01:00,159.5
583,Karnal,CWC,6,Haryana,67,KARNAL,KARNAL,-,-,Ganga,Ganga,Yamuna,-,-,Yamuna,29.76218333,77.13166667,26-09-2022 02:00,159.5
584,Karnal,CWC,6,Haryana,67,KARNAL,KARNAL,-,-,Ganga,Ganga,Yamuna,-,-,Yamuna,29.76218333,77.13166667,26-09-2022 03:00,159.5
585,Karnal,CWC,6,Haryana,67,KARNAL,KARNAL,-,-,Ganga,Ganga,Yamuna,-,-,Yamuna,29.76218333,77.13166667,27-09-2022 09:00,0.5
586,Karnal,CWC,6,Haryana,67,KARNAL,KARNAL,-,-,Ganga,Ganga,Yamuna,-,-,Yamuna,29.76218333,77.13166667,27-09-2022 10:00,0.5
587,Karnal,CWC,6,Haryana,67,KARNAL,KARNAL,-,-,Ganga,Ganga,Yamuna,-,-,Yamuna,29.76218333,77.13166667,27-09-2022 11:00,1
588,Karnal,CWC,6,Haryana,67,KARNAL,KARNAL,-,-,Ganga,Ganga,Yamuna,-,-,Yamuna,29.76218333,77.13166667,27-09-2022 13:00,3
589,Karnal,CWC,6,Haryana,67,KARNAL,KARNAL,-,-,Ganga,Ganga,Yamuna,-,-,Yamuna,29.76218333,77.13166667,27-09-2022 14:00,3
590,Karnal,CWC,6,Haryana,67,KARNAL,KARNAL,-,-,Ganga,Ganga,Yamuna,-,-,Yamuna,29.76218333,77.13166667,27-09-2022 15:00,3.5
591,Karnal,CWC,6,Haryana,67,KARNAL,KARNAL,-,-,Ganga,Ganga,Yamuna,-,-,Yamuna,29.76218333,77.13166667,27-09-2022 16:00,3.5
592,Karnal,CWC,6,Haryana,67,KARNAL,KARNAL,-,-,Ganga,Ganga,Yamuna,-,-,Yamuna,29.76218333,77.13166667,27-09-2022 20:00,3.5
593,Karnal,CWC,6,Haryana,67,KARNAL,KARNAL,-,-,Ganga,Ganga,Yamuna,-,-,Yamuna,29.76218333,77.13166667,27-09-2022 21:00,3.5
594,Karnal,CWC,6,Haryana,67,KARNAL,KARNAL,-,-,Ganga,Ganga,Yamuna,-,-,Yamuna,29.76218333,77.13166667,08-10-2022 10:00,0.5
595,Karnal,CWC,6,Haryana,67,KARNAL,KARNAL,-,-,Ganga,Ganga,Yamuna,-,-,Yamuna,29.76218333,77.13166667,08-10-2022 14:00,0.5
596,Karnal,CWC,6,Haryana,67,KARNAL,KARNAL,-,-,Ganga,Ganga,Yamuna,-,-,Yamuna,29.76218333,77.13166667,08-10-2022 23:00,0.5
597,Karnal,CWC,6,Haryana,67,KARNAL,KARNAL,-,-,Ganga,Ganga,Yamuna,-,-,Yamuna,29.76218333,77.13166667,09-10-2022 00:00,0.5
598,Karnal,CWC,6,Haryana,67,KARNAL,KARNAL,-,-,Ganga,Ganga,Yamuna,-,-,Yamuna,29.76218333,77.13166667,09-10-2022 02:00,0.5
599,Karnal,CWC,6,Haryana,67,KARNAL,KARNAL,-,-,Ganga,Ganga,Yamuna,-,-,Yamuna,29.76218333,77.13166667,09-10-2022 03:00,0.5
600,Karnal,CWC,6,Haryana,67,KARNAL,KARNAL,-,-,Ganga,Ganga,Yamuna,-,-,Yamuna,29.76218333,77.13166667,09-10-2022 09:00,0.5
601,Karnal,CWC,6,Haryana,67,KARNAL,KARNAL,-,-,Ganga,Ganga,Yamuna,-,-,Yamuna,29.76218333,77.13166667,09-10-2022 10:00,0.5
602,Karnal,CWC,6,Haryana,67,KARNAL,KARNAL,-,-,Ganga,Ganga,Yamuna,-,-,Yamuna,29.76218333,77.13166667,09-10-2022 12:00,0.5
603,Karnal,CWC,6,Haryana,67,KARNAL,KARNAL,-,-,Ganga,Ganga,Yamuna,-,-,Yamuna,29.76218333,77.13166667,09-10-2022 19:00,0.5
604,Karnal,CWC,6,Haryana,67,KARNAL,KARNAL,-,-,Ganga,Ganga,Yamuna,-,-,Yamuna,29.76218333,77.13166667,11-10-2022 03:00,10.5
605,Karnal,CWC,6,Haryana,67,KARNAL,KARNAL,-,-,Ganga,Ganga,Yamuna,-,-,Yamuna,29.76218333,77.13166667,11-10-2022 05:00,3
606,Karnal,CWC,6,Haryana,67,KARNAL,KARNAL,-,-,Ganga,Ganga,Yamuna,-,-,Yamuna,29.76218333,77.13166667,11-10-2022 06:00,3
607,Karnal,CWC,6,Haryana,67,KARNAL,KARNAL,-,-,Ganga,Ganga,Yamuna,-,-,Yamuna,29.76218333,77.13166667,11-10-2022 07:00,3
608,Karnal,CWC,6,Haryana,67,KARNAL,KARNAL,-,-,Ganga,Ganga,Yamuna,-,-,Yamuna,29.76218333,77.13166667,11-10-2022 08:00,3
609,Karnal,CWC,6,Haryana,67,KARNAL,KARNAL,-,-,Ganga,Ganga,Yamuna,-,-,Yamuna,29.76218333,77.13166667,11-10-2022 09:00,3
610,Karnal,CWC,6,Haryana,67,KARNAL,KARNAL,-,-,Ganga,Ganga,Yamuna,-,-,Yamuna,29.76218333,77.13166667,11-10-2022 10:00,3
611,Karnal,CWC,6,Haryana,67,KARNAL,KARNAL,-,-,Ganga,Ganga,Yamuna,-,-,Yamuna,29.76218333,77.13166667,11-10-2022 11:00,3
612,Karnal,CWC,6,Haryana,67,KARNAL,KARNAL,-,-,Ganga,Ganga,Yamuna,-,-,Yamuna,29.76218333,77.13166667,11-10-2022 12:00,3
613,Karnal,CWC,6,Haryana,67,KARNAL,KARNAL,-,-,Ganga,Ganga,Yamuna,-,-,Yamuna,29.76218333,77.13166667,11-10-2022 13:00,3
614,Karnal,CWC,6,Haryana,67,KARNAL,KARNAL,-,-,Ganga,Ganga,Yamuna,-,-,Yamuna,29.76218333,77.13166667,11-10-2022 14:00,3
615,Karnal,CWC,6,Haryana,67,KARNAL,KARNAL,-,-,Ganga,Ganga,Yamuna,-,-,Yamuna,29.76218333,77.13166667,11-10-2022 15:00,3
616,Karnal,CWC,6,Haryana,67,KARNAL,KARNAL,-,-,Ganga,Ganga,Yamuna,-,-,Yamuna,29.76218333,77.13166667,11-10-2022 16:00,3
617,Karnal,CWC,6,Haryana,67,KARNAL,KARNAL,-,-,Ganga,Ganga,Yamuna,-,-,Yamuna,29.76218333,77.13166667,11-10-2022 17:00,3
618,Karnal,CWC,6,Haryana,67,KARNAL,KARNAL,-,-,Ganga,Ganga,Yamuna,-,-,Yamuna,29.76218333,77.13166667,11-10-2022 18:00,3
619,Karnal,CWC,6,Haryana,67,KARNAL,KARNAL,-,-,Ganga,Ganga,Yamuna,-,-,Yamuna,29.76218333,77.13166667,11-10-2022 19:00,3
620,Karnal,CWC,6,Haryana,67,KARNAL,KARNAL,-,-,Ganga,Ganga,Yamuna,-,-,Yamuna,29.76218333,77.13166667,11-10-2022 20:00,3
621,Karnal,CWC,6,Haryana,67,KARNAL,KARNAL,-,-,Ganga,Ganga,Yamuna,-,-,Yamuna,29.76218333,77.13166667,11-10-2022 21:00,3
622,Karnal,CWC,6,Haryana,67,KARNAL,KARNAL,-,-,Ganga,Ganga,Yamuna,-,-,Yamuna,29.76218333,77.13166667,11-10-2022 22:00,3
623,Karnal,CWC,6,Haryana,67,KARNAL,KARNAL,-,-,Ganga,Ganga,Yamuna,-,-,Yamuna,29.76218333,77.13166667,11-10-2022 23:00,3
624,Karnal,CWC,6,Haryana,67,KARNAL,KARNAL,-,-,Ganga,Ganga,Yamuna,-,-,Yamuna,29.76218333,77.13166667,12-10-2022 00:00,3
625,Karnal,CWC,6,Haryana,67,KARNAL,KARNAL,-,-,Ganga,Ganga,Yamuna,-,-,Yamuna,29.76218333,77.13166667,12-10-2022 01:00,3
626,Karnal,CWC,6,Haryana,67,KARNAL,KARNAL,-,-,Ganga,Ganga,Yamuna,-,-,Yamuna,29.76218333,77.13166667,12-10-2022 02:00,3
627,Karnal,CWC,6,Haryana,67,KARNAL,KARNAL,-,-,Ganga,Ganga,Yamuna,-,-,Yamuna,29.76218333,77.13166667,12-10-2022 03:00,3
628,Karnal,CWC,6,Haryana,67,KARNAL,KARNAL,-,-,Ganga,Ganga,Yamuna,-,-,Yamuna,29.76218333,77.13166667,20-10-2022 21:00,3
629,Karnal,CWC,6,Haryana,67,KARNAL,KARNAL,-,-,Ganga,Ganga,Yamuna,-,-,Yamuna,29.76218333,77.13166667,12-01-2023 17:00,1.5
630,Karnal,CWC,6,Haryana,67,KARNAL,KARNAL,-,-,Ganga,Ganga,Yamuna,-,-,Yamuna,29.76218333,77.13166667,19-01-2023 18:00,0.5
631,Karnal,CWC,6,Haryana,67,KARNAL,KARNAL,-,-,Ganga,Ganga,Yamuna,-,-,Yamuna,29.76218333,77.13166667,29-01-2023 09:00,0.5
632,Karnal,CWC,6,Haryana,67,KARNAL,KARNAL,-,-,Ganga,Ganga,Yamuna,-,-,Yamuna,29.76218333,77.13166667,29-01-2023 10:00,1
633,Karnal,CWC,6,Haryana,67,KARNAL,KARNAL,-,-,Ganga,Ganga,Yamuna,-,-,Yamuna,29.76218333,77.13166667,29-01-2023 12:00,0.5
634,Karnal,CWC,6,Haryana,67,KARNAL,KARNAL,-,-,Ganga,Ganga,Yamuna,-,-,Yamuna,29.76218333,77.13166667,29-01-2023 18:00,1
635,Karnal,CWC,6,Haryana,67,KARNAL,KARNAL,-,-,Ganga,Ganga,Yamuna,-,-,Yamuna,29.76218333,77.13166667,29-01-2023 19:00,1
636,Karnal,CWC,6,Haryana,67,KARNAL,KARNAL,-,-,Ganga,Ganga,Yamuna,-,-,Yamuna,29.76218333,77.13166667,29-01-2023 20:00,2
637,Karnal,CWC,6,Haryana,67,KARNAL,KARNAL,-,-,Ganga,Ganga,Yamuna,-,-,Yamuna,29.76218333,77.13166667,29-01-2023 21:00,0.5
638,Karnal,CWC,6,Haryana,67,KARNAL,KARNAL,-,-,Ganga,Ganga,Yamuna,-,-,Yamuna,29.76218333,77.13166667,29-01-2023 22:00,1.5
639,Karnal,CWC,6,Haryana,67,KARNAL,KARNAL,-,-,Ganga,Ganga,Yamuna,-,-,Yamuna,29.76218333,77.13166667,29-01-2023 23:00,0.5
640,Karnal,CWC,6,Haryana,67,KARNAL,KARNAL,-,-,Ganga,Ganga,Yamuna,-,-,Yamuna,29.76218333,77.13166667,24-03-2023 05:00,0.5
641,Karnal,CWC,6,Haryana,67,KARNAL,KARNAL,-,-,Ganga,Ganga,Yamuna,-,-,Yamuna,29.76218333,77.13166667,24-03-2023 06:00,1
642,Karnal,CWC,6,Haryana,67,KARNAL,KARNAL,-,-,Ganga,Ganga,Yamuna,-,-,Yamuna,29.76218333,77.13166667,24-03-2023 17:00,0.5
643,Karnal,CWC,6,Haryana,67,KARNAL,KARNAL,-,-,Ganga,Ganga,Yamuna,-,-,Yamuna,29.76218333,77.13166667,24-03-2023 18:00,0.5
644,Karnal,CWC,6,Haryana,67,KARNAL,KARNAL,-,-,Ganga,Ganga,Yamuna,-,-,Yamuna,29.76218333,77.13166667,31-03-2023 00:00,0.5
645,Karnal,CWC,6,Haryana,67,KARNAL,KARNAL,-,-,Ganga,Ganga,Yamuna,-,-,Yamuna,29.76218333,77.13166667,31-03-2023 01:00,1
646,Karnal,CWC,6,Haryana,67,KARNAL,KARNAL,-,-,Ganga,Ganga,Yamuna,-,-,Yamuna,29.76218333,77.13166667,31-03-2023 02:00,2.5
647,Karnal,CWC,6,Haryana,67,KARNAL,KARNAL,-,-,Ganga,Ganga,Yamuna,-,-,Yamuna,29.76218333,77.13166667,31-03-2023 06:00,0.5
648,Karnal,CWC,6,Haryana,67,KARNAL,KARNAL,-,-,Ganga,Ganga,Yamuna,-,-,Yamuna,29.76218333,77.13166667,31-03-2023 07:00,2.5
649,Karnal,CWC,6,Haryana,67,KARNAL,KARNAL,-,-,Ganga,Ganga,Yamuna,-,-,Yamuna,29.76218333,77.13166667,31-03-2023 08:00,0.5
650,Karnal,CWC,6,Haryana,67,KARNAL,KARNAL,-,-,Ganga,Ganga,Yamuna,-,-,Yamuna,29.76218333,77.13166667,28-12-2023 16:00,9.5
651,Karnal,CWC,6,Haryana,67,KARNAL,KARNAL,-,-,Ganga,Ganga,Yamuna,-,-,Yamuna,29.76218333,77.13166667,28-12-2023 17:00,9.5
652,Karnal,CWC,6,Haryana,67,KARNAL,KARNAL,-,-,Ganga,Ganga,Yamuna,-,-,Yamuna,29.76218333,77.13166667,28-12-2023 18:00,9.5
653,Karnal,CWC,6,Haryana,67,KARNAL,KARNAL,-,-,Ganga,Ganga,Yamuna,-,-,Yamuna,29.76218333,77.13166667,28-12-2023 19:00,9.5
654,Karnal,CWC,6,Haryana,67,KARNAL,KARNAL,-,-,Ganga,Ganga,Yamuna,-,-,Yamuna,29.76218333,77.13166667,28-12-2023 20:00,9.5
655,Karnal,CWC,6,Haryana,67,KARNAL,KARNAL,-,-,Ganga,Ganga,Yamuna,-,-,Yamuna,29.76218333,77.13166667,28-12-2023 21:00,9.5
656,Karnal,CWC,6,Haryana,67,KARNAL,KARNAL,-,-,Ganga,Ganga,Yamuna,-,-,Yamuna,29.76218333,77.13166667,28-12-2023 22:00,9.5
657,Karnal,CWC,6,Haryana,67,KARNAL,KARNAL,-,-,Ganga,Ganga,Yamuna,-,-,Yamuna,29.76218333,77.13166667,28-12-2023 23:00,9.5
658,Karnal,CWC,6,Haryana,67,KARNAL,KARNAL,-,-,Ganga,Ganga,Yamuna,-,-,Yamuna,29.76218333,77.13166667,29-12-2023 02:00,9.5
659,Karnal,CWC,6,Haryana,67,KARNAL,KARNAL,-,-,Ganga,Ganga,Yamuna,-,-,Yamuna,29.76218333,77.13166667,29-12-2023 09:00,16
660,Karnal,CWC,6,Haryana,67,KARNAL,KARNAL,-,-,Ganga,Ganga,Yamuna,-,-,Yamuna,29.76218333,77.13166667,29-12-2023 10:00,229.5
661,Karnal,CWC,6,Haryana,67,KARNAL,KARNAL,-,-,Ganga,Ganga,Yamuna,-,-,Yamuna,29.76218333,77.13166667,29-12-2023 11:00,103.5
662,Karnal,CWC,6,Haryana,67,KARNAL,KARNAL,-,-,Ganga,Ganga,Yamuna,-,-,Yamuna,29.76218333,77.13166667,29-12-2023 12:00,0.5
663,Karnal,CWC,6,Haryana,67,KARNAL,KARNAL,-,-,Ganga,Ganga,Yamuna,-,-,Yamuna,29.76218333,77.13166667,29-12-2023 15:00,230
664,Karnal,CWC,6,Haryana,67,KARNAL,KARNAL,-,-,Ganga,Ganga,Yamuna,-,-,Yamuna,29.76218333,77.13166667,29-12-2023 18:00,230
665,Karnal,CWC,6,Haryana,67,KARNAL,KARNAL,-,-,Ganga,Ganga,Yamuna,-,-,Yamuna,29.76218333,77.13166667,29-12-2023 23:00,230
666,Karnal,CWC,6,Haryana,67,KARNAL,KARNAL,-,-,Ganga,Ganga,Yamuna,-,-,Yamuna,29.76218333,77.13166667,30-12-2023 01:00,230
667,Karnal,CWC,6,Haryana,67,KARNAL,KARNAL,-,-,Ganga,Ganga,Yamuna,-,-,Yamuna,29.76218333,77.13166667,31-12-2023 23:00,182.5
668,Karnal,CWC,6,Haryana,67,KARNAL,KARNAL,-,-,Ganga,Ganga,Yamuna,-,-,Yamuna,29.76218333,77.13166667,01-01-2024 01:00,30.5
669,Karnal,CWC,6,Haryana,67,KARNAL,KARNAL,-,-,Ganga,Ganga,Yamuna,-,-,Yamuna,29.76218333,77.13166667,01-01-2024 02:00,36.5
670,Karnal,CWC,6,Haryana,67,KARNAL,KARNAL,-,-,Ganga,Ganga,Yamuna,-,-,Yamuna,29.76218333,77.13166667,01-01-2024 07:00,17
671,Karnal,CWC,6,Haryana,67,KARNAL,KARNAL,-,-,Ganga,Ganga,Yamuna,-,-,Yamuna,29.76218333,77.13166667,01-01-2024 08:00,20
672,Karnal,CWC,6,Haryana,67,KARNAL,KARNAL,-,-,Ganga,Ganga,Yamuna,-,-,Yamuna,29.76218333,77.13166667,01-01-2024 09:00,3
673,Karnal,CWC,6,Haryana,67,KARNAL,KARNAL,-,-,Ganga,Ganga,Yamuna,-,-,Yamuna,29.76218333,77.13166667,01-01-2024 10:00,8.5
674,Karnal,CWC,6,Haryana,67,KARNAL,KARNAL,-,-,Ganga,Ganga,Yamuna,-,-,Yamuna,29.76218333,77.13166667,01-01-2024 11:00,28.5
675,Karnal,CWC,6,Haryana,67,KARNAL,KARNAL,-,-,Ganga,Ganga,Yamuna,-,-,Yamuna,29.76218333,77.13166667,01-01-2024 13:00,28.5
676,Karnal,CWC,6,Haryana,67,KARNAL,KARNAL,-,-,Ganga,Ganga,Yamuna,-,-,Yamuna,29.76218333,77.13166667,01-01-2024 15:00,30
677,Karnal,CWC,6,Haryana,67,KARNAL,KARNAL,-,-,Ganga,Ganga,Yamuna,-,-,Yamuna,29.76218333,77.13166667,01-01-2024 16:00,31.5
678,Karnal,CWC,6,Haryana,67,KARNAL,KARNAL,-,-,Ganga,Ganga,Yamuna,-,-,Yamuna,29.76218333,77.13166667,01-01-2024 17:00,41.5
679,Karnal,CWC,6,Haryana,67,KARNAL,KARNAL,-,-,Ganga,Ganga,Yamuna,-,-,Yamuna,29.76218333,77.13166667,01-01-2024 18:00,126
680,Karnal,CWC,6,Haryana,67,KARNAL,KARNAL,-,-,Ganga,Ganga,Yamuna,-,-,Yamuna,29.76218333,77.13166667,01-01-2024 19:00,223.5
681,Karnal,CWC,6,Haryana,67,KARNAL,KARNAL,-,-,Ganga,Ganga,Yamuna,-,-,Yamuna,29.76218333,77.13166667,01-01-2024 20:00,267.5
682,Karnal,CWC,6,Haryana,67,KARNAL,KARNAL,-,-,Ganga,Ganga,Yamuna,-,-,Yamuna,29.76218333,77.13166667,01-01-2024 21:00,44
683,Karnal,CWC,6,Haryana,67,KARNAL,KARNAL,-,-,Ganga,Ganga,Yamuna,-,-,Yamuna,29.76218333,77.13166667,01-01-2024 22:00,5.5
684,Karnal,CWC,6,Haryana,67,KARNAL,KARNAL,-,-,Ganga,Ganga,Yamuna,-,-,Yamuna,29.76218333,77.13166667,01-01-2024 23:00,276.5
685,Karnal,CWC,6,Haryana,67,KARNAL,KARNAL,-,-,Ganga,Ganga,Yamuna,-,-,Yamuna,29.76218333,77.13166667,02-01-2024 02:00,168
686,Karnal,CWC,6,Haryana,67,KARNAL,KARNAL,-,-,Ganga,Ganga,Yamuna,-,-,Yamuna,29.76218333,77.13166667,02-01-2024 03:00,61
687,Karnal,CWC,6,Haryana,67,KARNAL,KARNAL,-,-,Ganga,Ganga,Yamuna,-,-,Yamuna,29.76218333,77.13166667,02-01-2024 06:00,49.5
688,Karnal,CWC,6,Haryana,67,KARNAL,KARNAL,-,-,Ganga,Ganga,Yamuna,-,-,Yamuna,29.76218333,77.13166667,02-01-2024 07:00,317
689,Karnal,CWC,6,Haryana,67,KARNAL,KARNAL,-,-,Ganga,Ganga,Yamuna,-,-,Yamuna,29.76218333,77.13166667,02-01-2024 08:00,267.5
690,Karnal,CWC,6,Haryana,67,KARNAL,KARNAL,-,-,Ganga,Ganga,Yamuna,-,-,Yamuna,29.76218333,77.13166667,02-01-2024 09:00,31
691,Karnal,CWC,6,Haryana,67,KARNAL,KARNAL,-,-,Ganga,Ganga,Yamuna,-,-,Yamuna,29.76218333,77.13166667,02-01-2024 10:00,351
692,Karnal,CWC,6,Haryana,67,KARNAL,KARNAL,-,-,Ganga,Ganga,Yamuna,-,-,Yamuna,29.76218333,77.13166667,02-01-2024 11:00,2
693,Karnal,CWC,6,Haryana,67,KARNAL,KARNAL,-,-,Ganga,Ganga,Yamuna,-,-,Yamuna,29.76218333,77.13166667,02-01-2024 12:00,49
694,Karnal,CWC,6,Haryana,67,KARNAL,KARNAL,-,-,Ganga,Ganga,Yamuna,-,-,Yamuna,29.76218333,77.13166667,02-01-2024 17:00,400
695,Karnal,CWC,6,Haryana,67,KARNAL,KARNAL,-,-,Ganga,Ganga,Yamuna,-,-,Yamuna,29.76218333,77.13166667,02-01-2024 23:00,400
696,Karnal,CWC,6,Haryana,67,KARNAL,KARNAL,-,-,Ganga,Ganga,Yamuna,-,-,Yamuna,29.76218333,77.13166667,03-01-2024 02:00,400
697,Karnal,CWC,6,Haryana,67,KARNAL,KARNAL,-,-,Ganga,Ganga,Yamuna,-,-,Yamuna,29.76218333,77.13166667,03-01-2024 06:00,124.5
698,Karnal,CWC,6,Haryana,67,KARNAL,KARNAL,-,-,Ganga,Ganga,Yamuna,-,-,Yamuna,29.76218333,77.13166667,03-01-2024 07:00,124.5
699,Karnal,CWC,6,Haryana,67,KARNAL,KARNAL,-,-,Ganga,Ganga,Yamuna,-,-,Yamuna,29.76218333,77.13166667,03-01-2024 08:00,124.5
700,Karnal,CWC,6,Haryana,67,KARNAL,KARNAL,-,-,Ganga,Ganga,Yamuna,-,-,Yamuna,29.76218333,77.13166667,03-01-2024 10:00,2
701,Karnal,CWC,6,Haryana,67,KARNAL,KARNAL,-,-,Ganga,Ganga,Yamuna,-,-,Yamuna,29.76218333,77.13166667,03-01-2024 11:00,126.5
702,Karnal,CWC,6,Haryana,67,KARNAL,KARNAL,-,-,Ganga,Ganga,Yamuna,-,-,Yamuna,29.76218333,77.13166667,03-01-2024 13:00,126.5
703,Karnal,CWC,6,Haryana,67,KARNAL,KARNAL,-,-,Ganga,Ganga,Yamuna,-,-,Yamuna,29.76218333,77.13166667,03-01-2024 15:00,126.5
704,Karnal,CWC,6,Haryana,67,KARNAL,KARNAL,-,-,Ganga,Ganga,Yamuna,-,-,Yamuna,29.76218333,77.13166667,03-01-2024 16:00,126.5
705,Karnal,CWC,6,Haryana,67,KARNAL,KARNAL,-,-,Ganga,Ganga,Yamuna,-,-,Yamuna,29.76218333,77.13166667,03-01-2024 18:00,126.5
706,Karnal,CWC,6,Haryana,67,KARNAL,KARNAL,-,-,Ganga,Ganga,Yamuna,-,-,Yamuna,29.76218333,77.13166667,03-01-2024 23:00,126.5
707,Karnal,CWC,6,Haryana,67,KARNAL,KARNAL,-,-,Ganga,Ganga,Yamuna,-,-,Yamuna,29.76218333,77.13166667,04-01-2024 01:00,126.5
708,Karnal,CWC,6,Haryana,67,KARNAL,KARNAL,-,-,Ganga,Ganga,Yamuna,-,-,Yamuna,29.76218333,77.13166667,04-01-2024 02:00,126.5
709,Karnal,CWC,6,Haryana,67,KARNAL,KARNAL,-,-,Ganga,Ganga,Yamuna,-,-,Yamuna,29.76218333,77.13166667,04-01-2024 07:00,0.5
710,Karnal,CWC,6,Haryana,67,KARNAL,KARNAL,-,-,Ganga,Ganga,Yamuna,-,-,Yamuna,29.76218333,77.13166667,04-01-2024 11:00,0.5
711,Karnal,CWC,6,Haryana,67,KARNAL,KARNAL,-,-,Ganga,Ganga,Yamuna,-,-,Yamuna,29.76218333,77.13166667,04-01-2024 16:00,0.5
712,Karnal,CWC,6,Haryana,67,KARNAL,KARNAL,-,-,Ganga,Ganga,Yamuna,-,-,Yamuna,29.76218333,77.13166667,05-01-2024 01:00,0.5
713,Karnal,CWC,6,Haryana,67,KARNAL,KARNAL,-,-,Ganga,Ganga,Yamuna,-,-,Yamuna,29.76218333,77.13166667,05-01-2024 02:00,0.5
714,Karnal,CWC,6,Haryana,67,KARNAL,KARNAL,-,-,Ganga,Ganga,Yamuna,-,-,Yamuna,29.76218333,77.13166667,06-01-2024 08:00,157
715,Karnal,CWC,6,Haryana,67,KARNAL,KARNAL,-,-,Ganga,Ganga,Yamuna,-,-,Yamuna,29.76218333,77.13166667,06-01-2024 09:00,156
716,Karnal,CWC,6,Haryana,67,KARNAL,KARNAL,-,-,Ganga,Ganga,Yamuna,-,-,Yamuna,29.76218333,77.13166667,06-01-2024 10:00,223
717,Karnal,CWC,6,Haryana,67,KARNAL,KARNAL,-,-,Ganga,Ganga,Yamuna,-,-,Yamuna,29.76218333,77.13166667,06-01-2024 11:00,139
718,Karnal,CWC,6,Haryana,67,KARNAL,KARNAL,-,-,Ganga,Ganga,Yamuna,-,-,Yamuna,29.76218333,77.13166667,06-01-2024 12:00,427
719,Karnal,CWC,6,Haryana,67,KARNAL,KARNAL,-,-,Ganga,Ganga,Yamuna,-,-,Yamuna,29.76218333,77.13166667,06-01-2024 13:00,491
720,Karnal,CWC,6,Haryana,67,KARNAL,KARNAL,-,-,Ganga,Ganga,Yamuna,-,-,Yamuna,29.76218333,77.13166667,06-01-2024 14:00,131.5
721,Karnal,CWC,6,Haryana,67,KARNAL,KARNAL,-,-,Ganga,Ganga,Yamuna,-,-,Yamuna,29.76218333,77.13166667,06-01-2024 15:00,7
722,Karnal,CWC,6,Haryana,67,KARNAL,KARNAL,-,-,Ganga,Ganga,Yamuna,-,-,Yamuna,29.76218333,77.13166667,06-01-2024 16:00,16
723,Karnal,CWC,6,Haryana,67,KARNAL,KARNAL,-,-,Ganga,Ganga,Yamuna,-,-,Yamuna,29.76218333,77.13166667,06-01-2024 17:00,64.5
724,Karnal,CWC,6,Haryana,67,KARNAL,KARNAL,-,-,Ganga,Ganga,Yamuna,-,-,Yamuna,29.76218333,77.13166667,06-01-2024 18:00,20
725,Karnal,CWC,6,Haryana,67,KARNAL,KARNAL,-,-,Ganga,Ganga,Yamuna,-,-,Yamuna,29.76218333,77.13166667,06-01-2024 19:00,77
726,Karnal,CWC,6,Haryana,67,KARNAL,KARNAL,-,-,Ganga,Ganga,Yamuna,-,-,Yamuna,29.76218333,77.13166667,06-01-2024 20:00,37.5
727,Karnal,CWC,6,Haryana,67,KARNAL,KARNAL,-,-,Ganga,Ganga,Yamuna,-,-,Yamuna,29.76218333,77.13166667,06-01-2024 21:00,7
728,Karnal,CWC,6,Haryana,67,KARNAL,KARNAL,-,-,Ganga,Ganga,Yamuna,-,-,Yamuna,29.76218333,77.13166667,06-01-2024 22:00,2.5
729,Karnal,CWC,6,Haryana,67,KARNAL,KARNAL,-,-,Ganga,Ganga,Yamuna,-,-,Yamuna,29.76218333,77.13166667,06-01-2024 23:00,74
730,Karnal,CWC,6,Haryana,67,KARNAL,KARNAL,-,-,Ganga,Ganga,Yamuna,-,-,Yamuna,29.76218333,77.13166667,07-01-2024 01:00,26.5
731,Karnal,CWC,6,Haryana,67,KARNAL,KARNAL,-,-,Ganga,Ganga,Yamuna,-,-,Yamuna,29.76218333,77.13166667,07-01-2024 02:00,60.5
732,Karnal,CWC,6,Haryana,67,KARNAL,KARNAL,-,-,Ganga,Ganga,Yamuna,-,-,Yamuna,29.76218333,77.13166667,07-01-2024 03:00,4
733,Karnal,CWC,6,Haryana,67,KARNAL,KARNAL,-,-,Ganga,Ganga,Yamuna,-,-,Yamuna,29.76218333,77.13166667,07-01-2024 04:00,160
734,Karnal,CWC,6,Haryana,67,KARNAL,KARNAL,-,-,Ganga,Ganga,Yamuna,-,-,Yamuna,29.76218333,77.13166667,07-01-2024 05:00,421
735,Karnal,CWC,6,Haryana,67,KARNAL,KARNAL,-,-,Ganga,Ganga,Yamuna,-,-,Yamuna,29.76218333,77.13166667,07-01-2024 06:00,299.5
736,Karnal,CWC,6,Haryana,67,KARNAL,KARNAL,-,-,Ganga,Ganga,Yamuna,-,-,Yamuna,29.76218333,77.13166667,07-01-2024 07:00,84
737,Karnal,CWC,6,Haryana,67,KARNAL,KARNAL,-,-,Ganga,Ganga,Yamuna,-,-,Yamuna,29.76218333,77.13166667,07-01-2024 08:00,4.5
738,Karnal,CWC,6,Haryana,67,KARNAL,KARNAL,-,-,Ganga,Ganga,Yamuna,-,-,Yamuna,29.76218333,77.13166667,07-01-2024 09:00,55
739,Karnal,CWC,6,Haryana,67,KARNAL,KARNAL,-,-,Ganga,Ganga,Yamuna,-,-,Yamuna,29.76218333,77.13166667,07-01-2024 10:00,219
740,Karnal,CWC,6,Haryana,67,KARNAL,KARNAL,-,-,Ganga,Ganga,Yamuna,-,-,Yamuna,29.76218333,77.13166667,07-01-2024 11:00,95
741,Karnal,CWC,6,Haryana,67,KARNAL,KARNAL,-,-,Ganga,Ganga,Yamuna,-,-,Yamuna,29.76218333,77.13166667,07-01-2024 12:00,257.5
742,Karnal,CWC,6,Haryana,67,KARNAL,KARNAL,-,-,Ganga,Ganga,Yamuna,-,-,Yamuna,29.76218333,77.13166667,07-01-2024 13:00,38
743,Karnal,CWC,6,Haryana,67,KARNAL,KARNAL,-,-,Ganga,Ganga,Yamuna,-,-,Yamuna,29.76218333,77.13166667,07-01-2024 14:00,2.5
744,Karnal,CWC,6,Haryana,67,KARNAL,KARNAL,-,-,Ganga,Ganga,Yamuna,-,-,Yamuna,29.76218333,77.13166667,07-01-2024 15:00,487
745,Karnal,CWC,6,Haryana,67,KARNAL,KARNAL,-,-,Ganga,Ganga,Yamuna,-,-,Yamuna,29.76218333,77.13166667,07-01-2024 16:00,43
746,Karnal,CWC,6,Haryana,67,KARNAL,KARNAL,-,-,Ganga,Ganga,Yamuna,-,-,Yamuna,29.76218333,77.13166667,07-01-2024 17:00,85.5
747,Karnal,CWC,6,Haryana,67,KARNAL,KARNAL,-,-,Ganga,Ganga,Yamuna,-,-,Yamuna,29.76218333,77.13166667,07-01-2024 18:00,167
748,Karnal,CWC,6,Haryana,67,KARNAL,KARNAL,-,-,Ganga,Ganga,Yamuna,-,-,Yamuna,29.76218333,77.13166667,07-01-2024 20:00,94
749,Karnal,CWC,6,Haryana,67,KARNAL,KARNAL,-,-,Ganga,Ganga,Yamuna,-,-,Yamuna,29.76218333,77.13166667,07-01-2024 21:00,333.5
750,Karnal,CWC,6,Haryana,67,KARNAL,KARNAL,-,-,Ganga,Ganga,Yamuna,-,-,Yamuna,29.76218333,77.13166667,07-01-2024 22:00,55
751,Karnal,CWC,6,Haryana,67,KARNAL,KARNAL,-,-,Ganga,Ganga,Yamuna,-,-,Yamuna,29.76218333,77.13166667,07-01-2024 23:00,373.5
752,Karnal,CWC,6,Haryana,67,KARNAL,KARNAL,-,-,Ganga,Ganga,Yamuna,-,-,Yamuna,29.76218333,77.13166667,08-01-2024 00:00,224
753,Karnal,CWC,6,Haryana,67,KARNAL,KARNAL,-,-,Ganga,Ganga,Yamuna,-,-,Yamuna,29.76218333,77.13166667,08-01-2024 01:00,489
754,Karnal,CWC,6,Haryana,67,KARNAL,KARNAL,-,-,Ganga,Ganga,Yamuna,-,-,Yamuna,29.76218333,77.13166667,08-01-2024 02:00,109.5
755,Karnal,CWC,6,Haryana,67,KARNAL,KARNAL,-,-,Ganga,Ganga,Yamuna,-,-,Yamuna,29.76218333,77.13166667,08-01-2024 03:00,131.5
756,Karnal,CWC,6,Haryana,67,KARNAL,KARNAL,-,-,Ganga,Ganga,Yamuna,-,-,Yamuna,29.76218333,77.13166667,08-01-2024 04:00,91
757,Karnal,CWC,6,Haryana,67,KARNAL,KARNAL,-,-,Ganga,Ganga,Yamuna,-,-,Yamuna,29.76218333,77.13166667,08-01-2024 05:00,258
758,Karnal,CWC,6,Haryana,67,KARNAL,KARNAL,-,-,Ganga,Ganga,Yamuna,-,-,Yamuna,29.76218333,77.13166667,08-01-2024 06:00,34
759,Karnal,CWC,6,Haryana,67,KARNAL,KARNAL,-,-,Ganga,Ganga,Yamuna,-,-,Yamuna,29.76218333,77.13166667,08-01-2024 07:00,1.5
760,Karnal,CWC,6,Haryana,67,KARNAL,KARNAL,-,-,Ganga,Ganga,Yamuna,-,-,Yamuna,29.76218333,77.13166667,08-01-2024 08:00,272
761,Karnal,CWC,6,Haryana,67,KARNAL,KARNAL,-,-,Ganga,Ganga,Yamuna,-,-,Yamuna,29.76218333,77.13166667,08-01-2024 09:00,1
762,Karnal,CWC,6,Haryana,67,KARNAL,KARNAL,-,-,Ganga,Ganga,Yamuna,-,-,Yamuna,29.76218333,77.13166667,08-01-2024 10:00,23
763,Karnal,CWC,6,Haryana,67,KARNAL,KARNAL,-,-,Ganga,Ganga,Yamuna,-,-,Yamuna,29.76218333,77.13166667,08-01-2024 11:00,300
764,Karnal,CWC,6,Haryana,67,KARNAL,KARNAL,-,-,Ganga,Ganga,Yamuna,-,-,Yamuna,29.76218333,77.13166667,08-01-2024 12:00,311.5
765,Karnal,CWC,6,Haryana,67,KARNAL,KARNAL,-,-,Ganga,Ganga,Yamuna,-,-,Yamuna,29.76218333,77.13166667,08-01-2024 13:00,11.5
766,Karnal,CWC,6,Haryana,67,KARNAL,KARNAL,-,-,Ganga,Ganga,Yamuna,-,-,Yamuna,29.76218333,77.13166667,08-01-2024 14:00,350.5
767,Karnal,CWC,6,Haryana,67,KARNAL,KARNAL,-,-,Ganga,Ganga,Yamuna,-,-,Yamuna,29.76218333,77.13166667,08-01-2024 15:00,1.5
768,Karnal,CWC,6,Haryana,67,KARNAL,KARNAL,-,-,Ganga,Ganga,Yamuna,-,-,Yamuna,29.76218333,77.13166667,08-01-2024 16:00,88
769,Karnal,CWC,6,Haryana,67,KARNAL,KARNAL,-,-,Ganga,Ganga,Yamuna,-,-,Yamuna,29.76218333,77.13166667,08-01-2024 17:00,111
770,Karnal,CWC,6,Haryana,67,KARNAL,KARNAL,-,-,Ganga,Ganga,Yamuna,-,-,Yamuna,29.76218333,77.13166667,08-01-2024 18:00,498.5
771,Karnal,CWC,6,Haryana,67,KARNAL,KARNAL,-,-,Ganga,Ganga,Yamuna,-,-,Yamuna,29.76218333,77.13166667,08-01-2024 19:00,383
772,Karnal,CWC,6,Haryana,67,KARNAL,KARNAL,-,-,Ganga,Ganga,Yamuna,-,-,Yamuna,29.76218333,77.13166667,08-01-2024 20:00,396.5
773,Karnal,CWC,6,Haryana,67,KARNAL,KARNAL,-,-,Ganga,Ganga,Yamuna,-,-,Yamuna,29.76218333,77.13166667,08-01-2024 21:00,3
774,Karnal,CWC,6,Haryana,67,KARNAL,KARNAL,-,-,Ganga,Ganga,Yamuna,-,-,Yamuna,29.76218333,77.13166667,08-01-2024 22:00,0.5
775,Karnal,CWC,6,Haryana,67,KARNAL,KARNAL,-,-,Ganga,Ganga,Yamuna,-,-,Yamuna,29.76218333,77.13166667,08-01-2024 23:00,421.5
776,Karnal,CWC,6,Haryana,67,KARNAL,KARNAL,-,-,Ganga,Ganga,Yamuna,-,-,Yamuna,29.76218333,77.13166667,09-01-2024 00:00,33.5
777,Karnal,CWC,6,Haryana,67,KARNAL,KARNAL,-,-,Ganga,Ganga,Yamuna,-,-,Yamuna,29.76218333,77.13166667,09-01-2024 01:00,34
778,Karnal,CWC,6,Haryana,67,KARNAL,KARNAL,-,-,Ganga,Ganga,Yamuna,-,-,Yamuna,29.76218333,77.13166667,09-01-2024 02:00,77.5
779,Karnal,CWC,6,Haryana,67,KARNAL,KARNAL,-,-,Ganga,Ganga,Yamuna,-,-,Yamuna,29.76218333,77.13166667,09-01-2024 03:00,192.5
780,Karnal,CWC,6,Haryana,67,KARNAL,KARNAL,-,-,Ganga,Ganga,Yamuna,-,-,Yamuna,29.76218333,77.13166667,09-01-2024 04:00,192.5
781,Karnal,CWC,6,Haryana,67,KARNAL,KARNAL,-,-,Ganga,Ganga,Yamuna,-,-,Yamuna,29.76218333,77.13166667,09-01-2024 05:00,360.5
782,Karnal,CWC,6,Haryana,67,KARNAL,KARNAL,-,-,Ganga,Ganga,Yamuna,-,-,Yamuna,29.76218333,77.13166667,09-01-2024 06:00,416
783,Karnal,CWC,6,Haryana,67,KARNAL,KARNAL,-,-,Ganga,Ganga,Yamuna,-,-,Yamuna,29.76218333,77.13166667,09-01-2024 07:00,379
784,Karnal,CWC,6,Haryana,67,KARNAL,KARNAL,-,-,Ganga,Ganga,Yamuna,-,-,Yamuna,29.76218333,77.13166667,09-01-2024 08:00,17.5
785,Karnal,CWC,6,Haryana,67,KARNAL,KARNAL,-,-,Ganga,Ganga,Yamuna,-,-,Yamuna,29.76218333,77.13166667,09-01-2024 09:00,149.5
786,Karnal,CWC,6,Haryana,67,KARNAL,KARNAL,-,-,Ganga,Ganga,Yamuna,-,-,Yamuna,29.76218333,77.13166667,09-01-2024 10:00,261
787,Karnal,CWC,6,Haryana,67,KARNAL,KARNAL,-,-,Ganga,Ganga,Yamuna,-,-,Yamuna,29.76218333,77.13166667,09-01-2024 11:00,248.5
788,Karnal,CWC,6,Haryana,67,KARNAL,KARNAL,-,-,Ganga,Ganga,Yamuna,-,-,Yamuna,29.76218333,77.13166667,09-01-2024 12:00,31
789,Karnal,CWC,6,Haryana,67,KARNAL,KARNAL,-,-,Ganga,Ganga,Yamuna,-,-,Yamuna,29.76218333,77.13166667,09-01-2024 13:00,159.5
790,Karnal,CWC,6,Haryana,67,KARNAL,KARNAL,-,-,Ganga,Ganga,Yamuna,-,-,Yamuna,29.76218333,77.13166667,09-01-2024 14:00,59.5
791,Karnal,CWC,6,Haryana,67,KARNAL,KARNAL,-,-,Ganga,Ganga,Yamuna,-,-,Yamuna,29.76218333,77.13166667,09-01-2024 15:00,21
792,Karnal,CWC,6,Haryana,67,KARNAL,KARNAL,-,-,Ganga,Ganga,Yamuna,-,-,Yamuna,29.76218333,77.13166667,09-01-2024 16:00,5.5
793,Karnal,CWC,6,Haryana,67,KARNAL,KARNAL,-,-,Ganga,Ganga,Yamuna,-,-,Yamuna,29.76218333,77.13166667,09-01-2024 18:00,46.5
794,Karnal,CWC,6,Haryana,67,KARNAL,KARNAL,-,-,Ganga,Ganga,Yamuna,-,-,Yamuna,29.76218333,77.13166667,09-01-2024 19:00,258
795,Karnal,CWC,6,Haryana,67,KARNAL,KARNAL,-,-,Ganga,Ganga,Yamuna,-,-,Yamuna,29.76218333,77.13166667,09-01-2024 20:00,275.5
796,Karnal,CWC,6,Haryana,67,KARNAL,KARNAL,-,-,Ganga,Ganga,Yamuna,-,-,Yamuna,29.76218333,77.13166667,09-01-2024 21:00,317
797,Karnal,CWC,6,Haryana,67,KARNAL,KARNAL,-,-,Ganga,Ganga,Yamuna,-,-,Yamuna,29.76218333,77.13166667,09-01-2024 22:00,40.5
798,Karnal,CWC,6,Haryana,67,KARNAL,KARNAL,-,-,Ganga,Ganga,Yamuna,-,-,Yamuna,29.76218333,77.13166667,09-01-2024 23:00,286
799,Karnal,CWC,6,Haryana,67,KARNAL,KARNAL,-,-,Ganga,Ganga,Yamuna,-,-,Yamuna,29.76218333,77.13166667,10-01-2024 00:00,334
800,Karnal,CWC,6,Haryana,67,KARNAL,KARNAL,-,-,Ganga,Ganga,Yamuna,-,-,Yamuna,29.76218333,77.13166667,10-01-2024 01:00,508
801,Karnal,CWC,6,Haryana,67,KARNAL,KARNAL,-,-,Ganga,Ganga,Yamuna,-,-,Yamuna,29.76218333,77.13166667,10-01-2024 02:00,116
802,Karnal,CWC,6,Haryana,67,KARNAL,KARNAL,-,-,Ganga,Ganga,Yamuna,-,-,Yamuna,29.76218333,77.13166667,10-01-2024 03:00,118.5
803,Karnal,CWC,6,Haryana,67,KARNAL,KARNAL,-,-,Ganga,Ganga,Yamuna,-,-,Yamuna,29.76218333,77.13166667,10-01-2024 04:00,198.5
804,Karnal,CWC,6,Haryana,67,KARNAL,KARNAL,-,-,Ganga,Ganga,Yamuna,-,-,Yamuna,29.76218333,77.13166667,10-01-2024 05:00,80
805,Karnal,CWC,6,Haryana,67,KARNAL,KARNAL,-,-,Ganga,Ganga,Yamuna,-,-,Yamuna,29.76218333,77.13166667,10-01-2024 06:00,254
806,Karnal,CWC,6,Haryana,67,KARNAL,KARNAL,-,-,Ganga,Ganga,Yamuna,-,-,Yamuna,29.76218333,77.13166667,10-01-2024 07:00,284.5
807,Karnal,CWC,6,Haryana,67,KARNAL,KARNAL,-,-,Ganga,Ganga,Yamuna,-,-,Yamuna,29.76218333,77.13166667,10-01-2024 08:00,30.5
808,Karnal,CWC,6,Haryana,67,KARNAL,KARNAL,-,-,Ganga,Ganga,Yamuna,-,-,Yamuna,29.76218333,77.13166667,10-01-2024 09:00,305
809,Karnal,CWC,6,Haryana,67,KARNAL,KARNAL,-,-,Ganga,Ganga,Yamuna,-,-,Yamuna,29.76218333,77.13166667,10-01-2024 10:00,310.5
810,Karnal,CWC,6,Haryana,67,KARNAL,KARNAL,-,-,Ganga,Ganga,Yamuna,-,-,Yamuna,29.76218333,77.13166667,10-01-2024 11:00,5.5
811,Karnal,CWC,6,Haryana,67,KARNAL,KARNAL,-,-,Ganga,Ganga,Yamuna,-,-,Yamuna,29.76218333,77.13166667,10-01-2024 12:00,402.5
812,Karnal,CWC,6,Haryana,67,KARNAL,KARNAL,-,-,Ganga,Ganga,Yamuna,-,-,Yamuna,29.76218333,77.13166667,10-01-2024 13:00,79.5
813,Karnal,CWC,6,Haryana,67,KARNAL,KARNAL,-,-,Ganga,Ganga,Yamuna,-,-,Yamuna,29.76218333,77.13166667,10-01-2024 14:00,57
814,Karnal,CWC,6,Haryana,67,KARNAL,KARNAL,-,-,Ganga,Ganga,Yamuna,-,-,Yamuna,29.76218333,77.13166667,10-01-2024 15:00,27.5
815,Karnal,CWC,6,Haryana,67,KARNAL,KARNAL,-,-,Ganga,Ganga,Yamuna,-,-,Yamuna,29.76218333,77.13166667,10-01-2024 16:00,30.5
816,Karnal,CWC,6,Haryana,67,KARNAL,KARNAL,-,-,Ganga,Ganga,Yamuna,-,-,Yamuna,29.76218333,77.13166667,10-01-2024 17:00,80.5
817,Karnal,CWC,6,Haryana,67,KARNAL,KARNAL,-,-,Ganga,Ganga,Yamuna,-,-,Yamuna,29.76218333,77.13166667,10-01-2024 18:00,86.5
818,Karnal,CWC,6,Haryana,67,KARNAL,KARNAL,-,-,Ganga,Ganga,Yamuna,-,-,Yamuna,29.76218333,77.13166667,10-01-2024 19:00,0.5
819,Karnal,CWC,6,Haryana,67,KARNAL,KARNAL,-,-,Ganga,Ganga,Yamuna,-,-,Yamuna,29.76218333,77.13166667,10-01-2024 20:00,102
820,Karnal,CWC,6,Haryana,67,KARNAL,KARNAL,-,-,Ganga,Ganga,Yamuna,-,-,Yamuna,29.76218333,77.13166667,10-01-2024 21:00,5.5
821,Karnal,CWC,6,Haryana,67,KARNAL,KARNAL,-,-,Ganga,Ganga,Yamuna,-,-,Yamuna,29.76218333,77.13166667,10-01-2024 22:00,134.5
822,Karnal,CWC,6,Haryana,67,KARNAL,KARNAL,-,-,Ganga,Ganga,Yamuna,-,-,Yamuna,29.76218333,77.13166667,10-01-2024 23:00,161.5
823,Karnal,CWC,6,Haryana,67,KARNAL,KARNAL,-,-,Ganga,Ganga,Yamuna,-,-,Yamuna,29.76218333,77.13166667,11-01-2024 00:00,27
824,Karnal,CWC,6,Haryana,67,KARNAL,KARNAL,-,-,Ganga,Ganga,Yamuna,-,-,Yamuna,29.76218333,77.13166667,11-01-2024 04:00,33
825,Karnal,CWC,6,Haryana,67,KARNAL,KARNAL,-,-,Ganga,Ganga,Yamuna,-,-,Yamuna,29.76218333,77.13166667,11-01-2024 05:00,33
826,Karnal,CWC,6,Haryana,67,KARNAL,KARNAL,-,-,Ganga,Ganga,Yamuna,-,-,Yamuna,29.76218333,77.13166667,11-01-2024 06:00,20.5
827,Karnal,CWC,6,Haryana,67,KARNAL,KARNAL,-,-,Ganga,Ganga,Yamuna,-,-,Yamuna,29.76218333,77.13166667,11-01-2024 23:00,261.5
828,Karnal,CWC,6,Haryana,67,KARNAL,KARNAL,-,-,Ganga,Ganga,Yamuna,-,-,Yamuna,29.76218333,77.13166667,12-01-2024 02:00,261.5
829,Karnal,CWC,6,Haryana,67,KARNAL,KARNAL,-,-,Ganga,Ganga,Yamuna,-,-,Yamuna,29.76218333,77.13166667,12-01-2024 05:00,64
830,Karnal,CWC,6,Haryana,67,KARNAL,KARNAL,-,-,Ganga,Ganga,Yamuna,-,-,Yamuna,29.76218333,77.13166667,12-01-2024 06:00,13.5
831,Karnal,CWC,6,Haryana,67,KARNAL,KARNAL,-,-,Ganga,Ganga,Yamuna,-,-,Yamuna,29.76218333,77.13166667,12-01-2024 07:00,77.5
832,Karnal,CWC,6,Haryana,67,KARNAL,KARNAL,-,-,Ganga,Ganga,Yamuna,-,-,Yamuna,29.76218333,77.13166667,12-01-2024 09:00,134.5
833,Karnal,CWC,6,Haryana,67,KARNAL,KARNAL,-,-,Ganga,Ganga,Yamuna,-,-,Yamuna,29.76218333,77.13166667,12-01-2024 10:00,57
834,Karnal,CWC,6,Haryana,67,KARNAL,KARNAL,-,-,Ganga,Ganga,Yamuna,-,-,Yamuna,29.76218333,77.13166667,12-01-2024 11:00,174.5
835,Karnal,CWC,6,Haryana,67,KARNAL,KARNAL,-,-,Ganga,Ganga,Yamuna,-,-,Yamuna,29.76218333,77.13166667,12-01-2024 12:00,174.5
836,Karnal,CWC,6,Haryana,67,KARNAL,KARNAL,-,-,Ganga,Ganga,Yamuna,-,-,Yamuna,29.76218333,77.13166667,12-01-2024 16:00,174.5
837,Karnal,CWC,6,Haryana,67,KARNAL,KARNAL,-,-,Ganga,Ganga,Yamuna,-,-,Yamuna,29.76218333,77.13166667,12-01-2024 18:00,174.5
838,Karnal,CWC,6,Haryana,67,KARNAL,KARNAL,-,-,Ganga,Ganga,Yamuna,-,-,Yamuna,29.76218333,77.13166667,12-01-2024 23:00,58
839,Karnal,CWC,6,Haryana,67,KARNAL,KARNAL,-,-,Ganga,Ganga,Yamuna,-,-,Yamuna,29.76218333,77.13166667,13-01-2024 00:00,153.5
840,Karnal,CWC,6,Haryana,67,KARNAL,KARNAL,-,-,Ganga,Ganga,Yamuna,-,-,Yamuna,29.76218333,77.13166667,13-01-2024 01:00,246
841,Karnal,CWC,6,Haryana,67,KARNAL,KARNAL,-,-,Ganga,Ganga,Yamuna,-,-,Yamuna,29.76218333,77.13166667,13-01-2024 02:00,264.5
842,Karnal,CWC,6,Haryana,67,KARNAL,KARNAL,-,-,Ganga,Ganga,Yamuna,-,-,Yamuna,29.76218333,77.13166667,13-01-2024 03:00,6.5
843,Karnal,CWC,6,Haryana,67,KARNAL,KARNAL,-,-,Ganga,Ganga,Yamuna,-,-,Yamuna,29.76218333,77.13166667,13-01-2024 04:00,6.5
844,Karnal,CWC,6,Haryana,67,KARNAL,KARNAL,-,-,Ganga,Ganga,Yamuna,-,-,Yamuna,29.76218333,77.13166667,13-01-2024 05:00,14
845,Karnal,CWC,6,Haryana,67,KARNAL,KARNAL,-,-,Ganga,Ganga,Yamuna,-,-,Yamuna,29.76218333,77.13166667,13-01-2024 07:00,9.5
846,Karnal,CWC,6,Haryana,67,KARNAL,KARNAL,-,-,Ganga,Ganga,Yamuna,-,-,Yamuna,29.76218333,77.13166667,13-01-2024 08:00,33
847,Karnal,CWC,6,Haryana,67,KARNAL,KARNAL,-,-,Ganga,Ganga,Yamuna,-,-,Yamuna,29.76218333,77.13166667,13-01-2024 09:00,34
848,Karnal,CWC,6,Haryana,67,KARNAL,KARNAL,-,-,Ganga,Ganga,Yamuna,-,-,Yamuna,29.76218333,77.13166667,13-01-2024 10:00,1
849,Karnal,CWC,6,Haryana,67,KARNAL,KARNAL,-,-,Ganga,Ganga,Yamuna,-,-,Yamuna,29.76218333,77.13166667,13-01-2024 11:00,34
850,Karnal,CWC,6,Haryana,67,KARNAL,KARNAL,-,-,Ganga,Ganga,Yamuna,-,-,Yamuna,29.76218333,77.13166667,13-01-2024 13:00,8
851,Karnal,CWC,6,Haryana,67,KARNAL,KARNAL,-,-,Ganga,Ganga,Yamuna,-,-,Yamuna,29.76218333,77.13166667,13-01-2024 15:00,79.5
852,Karnal,CWC,6,Haryana,67,KARNAL,KARNAL,-,-,Ganga,Ganga,Yamuna,-,-,Yamuna,29.76218333,77.13166667,13-01-2024 16:00,79.5
853,Karnal,CWC,6,Haryana,67,KARNAL,KARNAL,-,-,Ganga,Ganga,Yamuna,-,-,Yamuna,29.76218333,77.13166667,13-01-2024 18:00,79.5
854,Karnal,CWC,6,Haryana,67,KARNAL,KARNAL,-,-,Ganga,Ganga,Yamuna,-,-,Yamuna,29.76218333,77.13166667,13-01-2024 23:00,79.5
855,Karnal,CWC,6,Haryana,67,KARNAL,KARNAL,-,-,Ganga,Ganga,Yamuna,-,-,Yamuna,29.76218333,77.13166667,14-01-2024 00:00,197
856,Karnal,CWC,6,Haryana,67,KARNAL,KARNAL,-,-,Ganga,Ganga,Yamuna,-,-,Yamuna,29.76218333,77.13166667,14-01-2024 01:00,321.5
857,Karnal,CWC,6,Haryana,67,KARNAL,KARNAL,-,-,Ganga,Ganga,Yamuna,-,-,Yamuna,29.76218333,77.13166667,14-01-2024 02:00,124.5
858,Karnal,CWC,6,Haryana,67,KARNAL,KARNAL,-,-,Ganga,Ganga,Yamuna,-,-,Yamuna,29.76218333,77.13166667,14-01-2024 03:00,47
859,Karnal,CWC,6,Haryana,67,KARNAL,KARNAL,-,-,Ganga,Ganga,Yamuna,-,-,Yamuna,29.76218333,77.13166667,14-01-2024 04:00,62.5
860,Karnal,CWC,6,Haryana,67,KARNAL,KARNAL,-,-,Ganga,Ganga,Yamuna,-,-,Yamuna,29.76218333,77.13166667,14-01-2024 05:00,94.5
861,Karnal,CWC,6,Haryana,67,KARNAL,KARNAL,-,-,Ganga,Ganga,Yamuna,-,-,Yamuna,29.76218333,77.13166667,14-01-2024 06:00,32
862,Karnal,CWC,6,Haryana,67,KARNAL,KARNAL,-,-,Ganga,Ganga,Yamuna,-,-,Yamuna,29.76218333,77.13166667,14-01-2024 07:00,377
863,Karnal,CWC,6,Haryana,67,KARNAL,KARNAL,-,-,Ganga,Ganga,Yamuna,-,-,Yamuna,29.76218333,77.13166667,14-01-2024 08:00,160.5
864,Karnal,CWC,6,Haryana,67,KARNAL,KARNAL,-,-,Ganga,Ganga,Yamuna,-,-,Yamuna,29.76218333,77.13166667,14-01-2024 09:00,3.5
865,Karnal,CWC,6,Haryana,67,KARNAL,KARNAL,-,-,Ganga,Ganga,Yamuna,-,-,Yamuna,29.76218333,77.13166667,14-01-2024 10:00,380.5
866,Karnal,CWC,6,Haryana,67,KARNAL,KARNAL,-,-,Ganga,Ganga,Yamuna,-,-,Yamuna,29.76218333,77.13166667,14-01-2024 12:00,125.5
867,Karnal,CWC,6,Haryana,67,KARNAL,KARNAL,-,-,Ganga,Ganga,Yamuna,-,-,Yamuna,29.76218333,77.13166667,14-01-2024 13:00,257
868,Karnal,CWC,6,Haryana,67,KARNAL,KARNAL,-,-,Ganga,Ganga,Yamuna,-,-,Yamuna,29.76218333,77.13166667,14-01-2024 15:00,125.5
869,Karnal,CWC,6,Haryana,67,KARNAL,KARNAL,-,-,Ganga,Ganga,Yamuna,-,-,Yamuna,29.76218333,77.13166667,14-01-2024 18:00,71
870,Karnal,CWC,6,Haryana,67,KARNAL,KARNAL,-,-,Ganga,Ganga,Yamuna,-,-,Yamuna,29.76218333,77.13166667,14-01-2024 19:00,26
871,Karnal,CWC,6,Haryana,67,KARNAL,KARNAL,-,-,Ganga,Ganga,Yamuna,-,-,Yamuna,29.76218333,77.13166667,14-01-2024 22:00,6.5
872,Karnal,CWC,6,Haryana,67,KARNAL,KARNAL,-,-,Ganga,Ganga,Yamuna,-,-,Yamuna,29.76218333,77.13166667,14-01-2024 23:00,362
873,Karnal,CWC,6,Haryana,67,KARNAL,KARNAL,-,-,Ganga,Ganga,Yamuna,-,-,Yamuna,29.76218333,77.13166667,15-01-2024 00:00,128
874,Karnal,CWC,6,Haryana,67,KARNAL,KARNAL,-,-,Ganga,Ganga,Yamuna,-,-,Yamuna,29.76218333,77.13166667,15-01-2024 01:00,82.5
875,Karnal,CWC,6,Haryana,67,KARNAL,KARNAL,-,-,Ganga,Ganga,Yamuna,-,-,Yamuna,29.76218333,77.13166667,15-01-2024 02:00,498
876,Karnal,CWC,6,Haryana,67,KARNAL,KARNAL,-,-,Ganga,Ganga,Yamuna,-,-,Yamuna,29.76218333,77.13166667,15-01-2024 03:00,48.5
877,Karnal,CWC,6,Haryana,67,KARNAL,KARNAL,-,-,Ganga,Ganga,Yamuna,-,-,Yamuna,29.76218333,77.13166667,15-01-2024 04:00,506
878,Karnal,CWC,6,Haryana,67,KARNAL,KARNAL,-,-,Ganga,Ganga,Yamuna,-,-,Yamuna,29.76218333,77.13166667,15-01-2024 05:00,32
879,Karnal,CWC,6,Haryana,67,KARNAL,KARNAL,-,-,Ganga,Ganga,Yamuna,-,-,Yamuna,29.76218333,77.13166667,15-01-2024 06:00,38
880,Karnal,CWC,6,Haryana,67,KARNAL,KARNAL,-,-,Ganga,Ganga,Yamuna,-,-,Yamuna,29.76218333,77.13166667,15-01-2024 08:00,49
881,Karnal,CWC,6,Haryana,67,KARNAL,KARNAL,-,-,Ganga,Ganga,Yamuna,-,-,Yamuna,29.76218333,77.13166667,15-01-2024 09:00,2
882,Karnal,CWC,6,Haryana,67,KARNAL,KARNAL,-,-,Ganga,Ganga,Yamuna,-,-,Yamuna,29.76218333,77.13166667,15-01-2024 10:00,1.5
883,Karnal,CWC,6,Haryana,67,KARNAL,KARNAL,-,-,Ganga,Ganga,Yamuna,-,-,Yamuna,29.76218333,77.13166667,15-01-2024 11:00,50.5
884,Karnal,CWC,6,Haryana,67,KARNAL,KARNAL,-,-,Ganga,Ganga,Yamuna,-,-,Yamuna,29.76218333,77.13166667,15-01-2024 14:00,61
885,Karnal,CWC,6,Haryana,67,KARNAL,KARNAL,-,-,Ganga,Ganga,Yamuna,-,-,Yamuna,29.76218333,77.13166667,15-01-2024 15:00,10.5
886,Karnal,CWC,6,Haryana,67,KARNAL,KARNAL,-,-,Ganga,Ganga,Yamuna,-,-,Yamuna,29.76218333,77.13166667,15-01-2024 16:00,71.5
887,Karnal,CWC,6,Haryana,67,KARNAL,KARNAL,-,-,Ganga,Ganga,Yamuna,-,-,Yamuna,29.76218333,77.13166667,15-01-2024 18:00,132.5
888,Karnal,CWC,6,Haryana,67,KARNAL,KARNAL,-,-,Ganga,Ganga,Yamuna,-,-,Yamuna,29.76218333,77.13166667,15-01-2024 19:00,165
889,Karnal,CWC,6,Haryana,67,KARNAL,KARNAL,-,-,Ganga,Ganga,Yamuna,-,-,Yamuna,29.76218333,77.13166667,15-01-2024 20:00,166.5
890,Karnal,CWC,6,Haryana,67,KARNAL,KARNAL,-,-,Ganga,Ganga,Yamuna,-,-,Yamuna,29.76218333,77.13166667,15-01-2024 21:00,166.5
891,Karnal,CWC,6,Haryana,67,KARNAL,KARNAL,-,-,Ganga,Ganga,Yamuna,-,-,Yamuna,29.76218333,77.13166667,15-01-2024 23:00,296
892,Karnal,CWC,6,Haryana,67,KARNAL,KARNAL,-,-,Ganga,Ganga,Yamuna,-,-,Yamuna,29.76218333,77.13166667,16-01-2024 00:00,296
893,Karnal,CWC,6,Haryana,67,KARNAL,KARNAL,-,-,Ganga,Ganga,Yamuna,-,-,Yamuna,29.76218333,77.13166667,16-01-2024 02:00,368
894,Karnal,CWC,6,Haryana,67,KARNAL,KARNAL,-,-,Ganga,Ganga,Yamuna,-,-,Yamuna,29.76218333,77.13166667,16-01-2024 03:00,12
895,Karnal,CWC,6,Haryana,67,KARNAL,KARNAL,-,-,Ganga,Ganga,Yamuna,-,-,Yamuna,29.76218333,77.13166667,16-01-2024 04:00,19.5
896,Karnal,CWC,6,Haryana,67,KARNAL,KARNAL,-,-,Ganga,Ganga,Yamuna,-,-,Yamuna,29.76218333,77.13166667,16-01-2024 05:00,9
897,Karnal,CWC,6,Haryana,67,KARNAL,KARNAL,-,-,Ganga,Ganga,Yamuna,-,-,Yamuna,29.76218333,77.13166667,16-01-2024 06:00,66
898,Karnal,CWC,6,Haryana,67,KARNAL,KARNAL,-,-,Ganga,Ganga,Yamuna,-,-,Yamuna,29.76218333,77.13166667,16-01-2024 07:00,27.5
899,Karnal,CWC,6,Haryana,67,KARNAL,KARNAL,-,-,Ganga,Ganga,Yamuna,-,-,Yamuna,29.76218333,77.13166667,16-01-2024 08:00,2.5
900,Karnal,CWC,6,Haryana,67,KARNAL,KARNAL,-,-,Ganga,Ganga,Yamuna,-,-,Yamuna,29.76218333,77.13166667,16-01-2024 09:00,430.5
901,Karnal,CWC,6,Haryana,67,KARNAL,KARNAL,-,-,Ganga,Ganga,Yamuna,-,-,Yamuna,29.76218333,77.13166667,16-01-2024 10:00,468
902,Karnal,CWC,6,Haryana,67,KARNAL,KARNAL,-,-,Ganga,Ganga,Yamuna,-,-,Yamuna,29.76218333,77.13166667,16-01-2024 11:00,37.5
903,Karnal,CWC,6,Haryana,67,KARNAL,KARNAL,-,-,Ganga,Ganga,Yamuna,-,-,Yamuna,29.76218333,77.13166667,16-01-2024 13:00,468
904,Karnal,CWC,6,Haryana,67,KARNAL,KARNAL,-,-,Ganga,Ganga,Yamuna,-,-,Yamuna,29.76218333,77.13166667,16-01-2024 14:00,468
905,Karnal,CWC,6,Haryana,67,KARNAL,KARNAL,-,-,Ganga,Ganga,Yamuna,-,-,Yamuna,29.76218333,77.13166667,16-01-2024 15:00,468
906,Karnal,CWC,6,Haryana,67,KARNAL,KARNAL,-,-,Ganga,Ganga,Yamuna,-,-,Yamuna,29.76218333,77.13166667,16-01-2024 23:00,63
907,Karnal,CWC,6,Haryana,67,KARNAL,KARNAL,-,-,Ganga,Ganga,Yamuna,-,-,Yamuna,29.76218333,77.13166667,17-01-2024 00:00,63
908,Karnal,CWC,6,Haryana,67,KARNAL,KARNAL,-,-,Ganga,Ganga,Yamuna,-,-,Yamuna,29.76218333,77.13166667,17-01-2024 01:00,66.5
909,Karnal,CWC,6,Haryana,67,KARNAL,KARNAL,-,-,Ganga,Ganga,Yamuna,-,-,Yamuna,29.76218333,77.13166667,17-01-2024 02:00,3.5
910,Karnal,CWC,6,Haryana,67,KARNAL,KARNAL,-,-,Ganga,Ganga,Yamuna,-,-,Yamuna,29.76218333,77.13166667,17-01-2024 10:00,60.5
911,Karnal,CWC,6,Haryana,67,KARNAL,KARNAL,-,-,Ganga,Ganga,Yamuna,-,-,Yamuna,29.76218333,77.13166667,17-01-2024 11:00,60.5
912,Karnal,CWC,6,Haryana,67,KARNAL,KARNAL,-,-,Ganga,Ganga,Yamuna,-,-,Yamuna,29.76218333,77.13166667,17-01-2024 12:00,81.5
913,Karnal,CWC,6,Haryana,67,KARNAL,KARNAL,-,-,Ganga,Ganga,Yamuna,-,-,Yamuna,29.76218333,77.13166667,17-01-2024 14:00,81.5
914,Karnal,CWC,6,Haryana,67,KARNAL,KARNAL,-,-,Ganga,Ganga,Yamuna,-,-,Yamuna,29.76218333,77.13166667,17-01-2024 19:00,81.5
915,Karnal,CWC,6,Haryana,67,KARNAL,KARNAL,-,-,Ganga,Ganga,Yamuna,-,-,Yamuna,29.76218333,77.13166667,17-01-2024 21:00,81.5
916,Karnal,CWC,6,Haryana,67,KARNAL,KARNAL,-,-,Ganga,Ganga,Yamuna,-,-,Yamuna,29.76218333,77.13166667,17-01-2024 23:00,81.5
917,Karnal,CWC,6,Haryana,67,KARNAL,KARNAL,-,-,Ganga,Ganga,Yamuna,-,-,Yamuna,29.76218333,77.13166667,18-01-2024 00:00,81.5
918,Karnal,CWC,6,Haryana,67,KARNAL,KARNAL,-,-,Ganga,Ganga,Yamuna,-,-,Yamuna,29.76218333,77.13166667,18-01-2024 13:00,1.5
919,Karnal,CWC,6,Haryana,67,KARNAL,KARNAL,-,-,Ganga,Ganga,Yamuna,-,-,Yamuna,29.76218333,77.13166667,18-01-2024 14:00,1.5
920,Karnal,CWC,6,Haryana,67,KARNAL,KARNAL,-,-,Ganga,Ganga,Yamuna,-,-,Yamuna,29.76218333,77.13166667,18-01-2024 16:00,30
921,Karnal,CWC,6,Haryana,67,KARNAL,KARNAL,-,-,Ganga,Ganga,Yamuna,-,-,Yamuna,29.76218333,77.13166667,18-01-2024 17:00,30
922,Karnal,CWC,6,Haryana,67,KARNAL,KARNAL,-,-,Ganga,Ganga,Yamuna,-,-,Yamuna,29.76218333,77.13166667,18-01-2024 19:00,79.5
923,Karnal,CWC,6,Haryana,67,KARNAL,KARNAL,-,-,Ganga,Ganga,Yamuna,-,-,Yamuna,29.76218333,77.13166667,18-01-2024 20:00,79.5
924,Karnal,CWC,6,Haryana,67,KARNAL,KARNAL,-,-,Ganga,Ganga,Yamuna,-,-,Yamuna,29.76218333,77.13166667,18-01-2024 23:00,79.5
925,Karnal,CWC,6,Haryana,67,KARNAL,KARNAL,-,-,Ganga,Ganga,Yamuna,-,-,Yamuna,29.76218333,77.13166667,19-01-2024 02:00,79.5
926,Karnal,CWC,6,Haryana,67,KARNAL,KARNAL,-,-,Ganga,Ganga,Yamuna,-,-,Yamuna,29.76218333,77.13166667,19-01-2024 07:00,27.5
927,Karnal,CWC,6,Haryana,67,KARNAL,KARNAL,-,-,Ganga,Ganga,Yamuna,-,-,Yamuna,29.76218333,77.13166667,19-01-2024 08:00,414.5
928,Karnal,CWC,6,Haryana,67,KARNAL,KARNAL,-,-,Ganga,Ganga,Yamuna,-,-,Yamuna,29.76218333,77.13166667,19-01-2024 09:00,146.5
929,Karnal,CWC,6,Haryana,67,KARNAL,KARNAL,-,-,Ganga,Ganga,Yamuna,-,-,Yamuna,29.76218333,77.13166667,19-01-2024 10:00,162
930,Karnal,CWC,6,Haryana,67,KARNAL,KARNAL,-,-,Ganga,Ganga,Yamuna,-,-,Yamuna,29.76218333,77.13166667,19-01-2024 11:00,15.5
931,Karnal,CWC,6,Haryana,67,KARNAL,KARNAL,-,-,Ganga,Ganga,Yamuna,-,-,Yamuna,29.76218333,77.13166667,19-01-2024 12:00,170
932,Karnal,CWC,6,Haryana,67,KARNAL,KARNAL,-,-,Ganga,Ganga,Yamuna,-,-,Yamuna,29.76218333,77.13166667,19-01-2024 13:00,1.5
933,Karnal,CWC,6,Haryana,67,KARNAL,KARNAL,-,-,Ganga,Ganga,Yamuna,-,-,Yamuna,29.76218333,77.13166667,19-01-2024 14:00,361.5
934,Karnal,CWC,6,Haryana,67,KARNAL,KARNAL,-,-,Ganga,Ganga,Yamuna,-,-,Yamuna,29.76218333,77.13166667,19-01-2024 15:00,144.5
935,Karnal,CWC,6,Haryana,67,KARNAL,KARNAL,-,-,Ganga,Ganga,Yamuna,-,-,Yamuna,29.76218333,77.13166667,19-01-2024 16:00,64.5
936,Karnal,CWC,6,Haryana,67,KARNAL,KARNAL,-,-,Ganga,Ganga,Yamuna,-,-,Yamuna,29.76218333,77.13166667,19-01-2024 18:00,183.5
937,Karnal,CWC,6,Haryana,67,KARNAL,KARNAL,-,-,Ganga,Ganga,Yamuna,-,-,Yamuna,29.76218333,77.13166667,19-01-2024 19:00,119
938,Karnal,CWC,6,Haryana,67,KARNAL,KARNAL,-,-,Ganga,Ganga,Yamuna,-,-,Yamuna,29.76218333,77.13166667,19-01-2024 20:00,183.5
939,Karnal,CWC,6,Haryana,67,KARNAL,KARNAL,-,-,Ganga,Ganga,Yamuna,-,-,Yamuna,29.76218333,77.13166667,19-01-2024 21:00,218.5
940,Karnal,CWC,6,Haryana,67,KARNAL,KARNAL,-,-,Ganga,Ganga,Yamuna,-,-,Yamuna,29.76218333,77.13166667,19-01-2024 22:00,35
941,Karnal,CWC,6,Haryana,67,KARNAL,KARNAL,-,-,Ganga,Ganga,Yamuna,-,-,Yamuna,29.76218333,77.13166667,19-01-2024 23:00,219
942,Karnal,CWC,6,Haryana,67,KARNAL,KARNAL,-,-,Ganga,Ganga,Yamuna,-,-,Yamuna,29.76218333,77.13166667,20-01-2024 00:00,490.5
943,Karnal,CWC,6,Haryana,67,KARNAL,KARNAL,-,-,Ganga,Ganga,Yamuna,-,-,Yamuna,29.76218333,77.13166667,20-01-2024 01:00,463.5
944,Karnal,CWC,6,Haryana,67,KARNAL,KARNAL,-,-,Ganga,Ganga,Yamuna,-,-,Yamuna,29.76218333,77.13166667,20-01-2024 02:00,484
945,Karnal,CWC,6,Haryana,67,KARNAL,KARNAL,-,-,Ganga,Ganga,Yamuna,-,-,Yamuna,29.76218333,77.13166667,20-01-2024 03:00,382
946,Karnal,CWC,6,Haryana,67,KARNAL,KARNAL,-,-,Ganga,Ganga,Yamuna,-,-,Yamuna,29.76218333,77.13166667,20-01-2024 04:00,264
947,Karnal,CWC,6,Haryana,67,KARNAL,KARNAL,-,-,Ganga,Ganga,Yamuna,-,-,Yamuna,29.76218333,77.13166667,20-01-2024 05:00,98
948,Karnal,CWC,6,Haryana,67,KARNAL,KARNAL,-,-,Ganga,Ganga,Yamuna,-,-,Yamuna,29.76218333,77.13166667,20-01-2024 06:00,101.5
949,Karnal,CWC,6,Haryana,67,KARNAL,KARNAL,-,-,Ganga,Ganga,Yamuna,-,-,Yamuna,29.76218333,77.13166667,20-01-2024 07:00,424
950,Karnal,CWC,6,Haryana,67,KARNAL,KARNAL,-,-,Ganga,Ganga,Yamuna,-,-,Yamuna,29.76218333,77.13166667,20-01-2024 08:00,510
951,Karnal,CWC,6,Haryana,67,KARNAL,KARNAL,-,-,Ganga,Ganga,Yamuna,-,-,Yamuna,29.76218333,77.13166667,20-01-2024 09:00,5.5
952,Karnal,CWC,6,Haryana,67,KARNAL,KARNAL,-,-,Ganga,Ganga,Yamuna,-,-,Yamuna,29.76218333,77.13166667,20-01-2024 10:00,78.5
953,Karnal,CWC,6,Haryana,67,KARNAL,KARNAL,-,-,Ganga,Ganga,Yamuna,-,-,Yamuna,29.76218333,77.13166667,20-01-2024 11:00,94
954,Karnal,CWC,6,Haryana,67,KARNAL,KARNAL,-,-,Ganga,Ganga,Yamuna,-,-,Yamuna,29.76218333,77.13166667,20-01-2024 12:00,153
955,Karnal,CWC,6,Haryana,67,KARNAL,KARNAL,-,-,Ganga,Ganga,Yamuna,-,-,Yamuna,29.76218333,77.13166667,20-01-2024 13:00,157
956,Karnal,CWC,6,Haryana,67,KARNAL,KARNAL,-,-,Ganga,Ganga,Yamuna,-,-,Yamuna,29.76218333,77.13166667,20-01-2024 14:00,160
957,Karnal,CWC,6,Haryana,67,KARNAL,KARNAL,-,-,Ganga,Ganga,Yamuna,-,-,Yamuna,29.76218333,77.13166667,20-01-2024 15:00,204.5
958,Karnal,CWC,6,Haryana,67,KARNAL,KARNAL,-,-,Ganga,Ganga,Yamuna,-,-,Yamuna,29.76218333,77.13166667,20-01-2024 16:00,208
959,Karnal,CWC,6,Haryana,67,KARNAL,KARNAL,-,-,Ganga,Ganga,Yamuna,-,-,Yamuna,29.76218333,77.13166667,20-01-2024 17:00,37
960,Karnal,CWC,6,Haryana,67,KARNAL,KARNAL,-,-,Ganga,Ganga,Yamuna,-,-,Yamuna,29.76218333,77.13166667,20-01-2024 18:00,134
961,Karnal,CWC,6,Haryana,67,KARNAL,KARNAL,-,-,Ganga,Ganga,Yamuna,-,-,Yamuna,29.76218333,77.13166667,20-01-2024 19:00,144.5
962,Karnal,CWC,6,Haryana,67,KARNAL,KARNAL,-,-,Ganga,Ganga,Yamuna,-,-,Yamuna,29.76218333,77.13166667,20-01-2024 20:00,223
963,Karnal,CWC,6,Haryana,67,KARNAL,KARNAL,-,-,Ganga,Ganga,Yamuna,-,-,Yamuna,29.76218333,77.13166667,20-01-2024 21:00,231.5
964,Karnal,CWC,6,Haryana,67,KARNAL,KARNAL,-,-,Ganga,Ganga,Yamuna,-,-,Yamuna,29.76218333,77.13166667,20-01-2024 22:00,231.5
965,Karnal,CWC,6,Haryana,67,KARNAL,KARNAL,-,-,Ganga,Ganga,Yamuna,-,-,Yamuna,29.76218333,77.13166667,20-01-2024 23:00,386.5
966,Karnal,CWC,6,Haryana,67,KARNAL,KARNAL,-,-,Ganga,Ganga,Yamuna,-,-,Yamuna,29.76218333,77.13166667,21-01-2024 00:00,386.5
967,Karnal,CWC,6,Haryana,67,KARNAL,KARNAL,-,-,Ganga,Ganga,Yamuna,-,-,Yamuna,29.76218333,77.13166667,21-01-2024 02:00,141
968,Karnal,CWC,6,Haryana,67,KARNAL,KARNAL,-,-,Ganga,Ganga,Yamuna,-,-,Yamuna,29.76218333,77.13166667,21-01-2024 03:00,145.5
969,Karnal,CWC,6,Haryana,67,KARNAL,KARNAL,-,-,Ganga,Ganga,Yamuna,-,-,Yamuna,29.76218333,77.13166667,21-01-2024 05:00,9
970,Karnal,CWC,6,Haryana,67,KARNAL,KARNAL,-,-,Ganga,Ganga,Yamuna,-,-,Yamuna,29.76218333,77.13166667,21-01-2024 06:00,63.5
971,Karnal,CWC,6,Haryana,67,KARNAL,KARNAL,-,-,Ganga,Ganga,Yamuna,-,-,Yamuna,29.76218333,77.13166667,21-01-2024 09:00,28
972,Karnal,CWC,6,Haryana,67,KARNAL,KARNAL,-,-,Ganga,Ganga,Yamuna,-,-,Yamuna,29.76218333,77.13166667,21-01-2024 10:00,20.5
973,Karnal,CWC,6,Haryana,67,KARNAL,KARNAL,-,-,Ganga,Ganga,Yamuna,-,-,Yamuna,29.76218333,77.13166667,21-01-2024 13:00,0.5
974,Karnal,CWC,6,Haryana,67,KARNAL,KARNAL,-,-,Ganga,Ganga,Yamuna,-,-,Yamuna,29.76218333,77.13166667,21-01-2024 14:00,121.5
975,Karnal,CWC,6,Haryana,67,KARNAL,KARNAL,-,-,Ganga,Ganga,Yamuna,-,-,Yamuna,29.76218333,77.13166667,21-01-2024 19:00,121.5
976,Karnal,CWC,6,Haryana,67,KARNAL,KARNAL,-,-,Ganga,Ganga,Yamuna,-,-,Yamuna,29.76218333,77.13166667,21-01-2024 22:00,121.5
977,Karnal,CWC,6,Haryana,67,KARNAL,KARNAL,-,-,Ganga,Ganga,Yamuna,-,-,Yamuna,29.76218333,77.13166667,21-01-2024 23:00,49.5
978,Karnal,CWC,6,Haryana,67,KARNAL,KARNAL,-,-,Ganga,Ganga,Yamuna,-,-,Yamuna,29.76218333,77.13166667,22-01-2024 23:00,57
979,Karnal,CWC,6,Haryana,67,KARNAL,KARNAL,-,-,Ganga,Ganga,Yamuna,-,-,Yamuna,29.76218333,77.13166667,23-01-2024 03:00,25.5
980,Karnal,CWC,6,Haryana,67,KARNAL,KARNAL,-,-,Ganga,Ganga,Yamuna,-,-,Yamuna,29.76218333,77.13166667,23-01-2024 04:00,23.5
981,Karnal,CWC,6,Haryana,67,KARNAL,KARNAL,-,-,Ganga,Ganga,Yamuna,-,-,Yamuna,29.76218333,77.13166667,23-01-2024 05:00,43.5
982,Karnal,CWC,6,Haryana,67,KARNAL,KARNAL,-,-,Ganga,Ganga,Yamuna,-,-,Yamuna,29.76218333,77.13166667,23-01-2024 06:00,12
983,Karnal,CWC,6,Haryana,67,KARNAL,KARNAL,-,-,Ganga,Ganga,Yamuna,-,-,Yamuna,29.76218333,77.13166667,23-01-2024 07:00,98.5
984,Karnal,CWC,6,Haryana,67,KARNAL,KARNAL,-,-,Ganga,Ganga,Yamuna,-,-,Yamuna,29.76218333,77.13166667,23-01-2024 08:00,7
985,Karnal,CWC,6,Haryana,67,KARNAL,KARNAL,-,-,Ganga,Ganga,Yamuna,-,-,Yamuna,29.76218333,77.13166667,23-01-2024 09:00,148
986,Karnal,CWC,6,Haryana,67,KARNAL,KARNAL,-,-,Ganga,Ganga,Yamuna,-,-,Yamuna,29.76218333,77.13166667,23-01-2024 13:00,332.5
987,Karnal,CWC,6,Haryana,67,KARNAL,KARNAL,-,-,Ganga,Ganga,Yamuna,-,-,Yamuna,29.76218333,77.13166667,23-01-2024 17:00,332.5
988,Karnal,CWC,6,Haryana,67,KARNAL,KARNAL,-,-,Ganga,Ganga,Yamuna,-,-,Yamuna,29.76218333,77.13166667,23-01-2024 20:00,106.5
989,Karnal,CWC,6,Haryana,67,KARNAL,KARNAL,-,-,Ganga,Ganga,Yamuna,-,-,Yamuna,29.76218333,77.13166667,23-01-2024 23:00,453
990,Karnal,CWC,6,Haryana,67,KARNAL,KARNAL,-,-,Ganga,Ganga,Yamuna,-,-,Yamuna,29.76218333,77.13166667,24-01-2024 00:00,14
991,Karnal,CWC,6,Haryana,67,KARNAL,KARNAL,-,-,Ganga,Ganga,Yamuna,-,-,Yamuna,29.76218333,77.13166667,24-01-2024 01:00,30
992,Karnal,CWC,6,Haryana,67,KARNAL,KARNAL,-,-,Ganga,Ganga,Yamuna,-,-,Yamuna,29.76218333,77.13166667,24-01-2024 02:00,54.5
993,Karnal,CWC,6,Haryana,67,KARNAL,KARNAL,-,-,Ganga,Ganga,Yamuna,-,-,Yamuna,29.76218333,77.13166667,24-01-2024 03:00,1.5
994,Karnal,CWC,6,Haryana,67,KARNAL,KARNAL,-,-,Ganga,Ganga,Yamuna,-,-,Yamuna,29.76218333,77.13166667,24-01-2024 06:00,6.5
995,Karnal,CWC,6,Haryana,67,KARNAL,KARNAL,-,-,Ganga,Ganga,Yamuna,-,-,Yamuna,29.76218333,77.13166667,24-01-2024 07:00,2.5
996,Karnal,CWC,6,Haryana,67,KARNAL,KARNAL,-,-,Ganga,Ganga,Yamuna,-,-,Yamuna,29.76218333,77.13166667,24-01-2024 08:00,27.5
997,Karnal,CWC,6,Haryana,67,KARNAL,KARNAL,-,-,Ganga,Ganga,Yamuna,-,-,Yamuna,29.76218333,77.13166667,24-01-2024 09:00,13
998,Karnal,CWC,6,Haryana,67,KARNAL,KARNAL,-,-,Ganga,Ganga,Yamuna,-,-,Yamuna,29.76218333,77.13166667,24-01-2024 20:00,27.5
999,Karnal,CWC,6,Haryana,67,KARNAL,KARNAL,-,-,Ganga,Ganga,Yamuna,-,-,Yamuna,29.76218333,77.13166667,24-01-2024 23:00,27.5
1000,Karnal,CWC,6,Haryana,67,KARNAL,KARNAL,-,-,Ganga,Ganga,Yamuna,-,-,Yamuna,29.76218333,77.13166667,25-01-2024 00:00,27.5
1001,Karnal,CWC,6,Haryana,67,KARNAL,KARNAL,-,-,Ganga,Ganga,Yamuna,-,-,Yamuna,29.76218333,77.13166667,25-01-2024 12:00,45
1002,Karnal,CWC,6,Haryana,67,KARNAL,KARNAL,-,-,Ganga,Ganga,Yamuna,-,-,Yamuna,29.76218333,77.13166667,25-01-2024 13:00,4
1003,Karnal,CWC,6,Haryana,67,KARNAL,KARNAL,-,-,Ganga,Ganga,Yamuna,-,-,Yamuna,29.76218333,77.13166667,25-01-2024 14:00,415.5
1004,Karnal,CWC,6,Haryana,67,KARNAL,KARNAL,-,-,Ganga,Ganga,Yamuna,-,-,Yamuna,29.76218333,77.13166667,25-01-2024 15:00,319
1005,Karnal,CWC,6,Haryana,67,KARNAL,KARNAL,-,-,Ganga,Ganga,Yamuna,-,-,Yamuna,29.76218333,77.13166667,25-01-2024 16:00,10.5
1006,Karnal,CWC,6,Haryana,67,KARNAL,KARNAL,-,-,Ganga,Ganga,Yamuna,-,-,Yamuna,29.76218333,77.13166667,25-01-2024 17:00,180.5
1007,Karnal,CWC,6,Haryana,67,KARNAL,KARNAL,-,-,Ganga,Ganga,Yamuna,-,-,Yamuna,29.76218333,77.13166667,25-01-2024 18:00,369.5
1008,Karnal,CWC,6,Haryana,67,KARNAL,KARNAL,-,-,Ganga,Ganga,Yamuna,-,-,Yamuna,29.76218333,77.13166667,25-01-2024 19:00,11.5
1009,Karnal,CWC,6,Haryana,67,KARNAL,KARNAL,-,-,Ganga,Ganga,Yamuna,-,-,Yamuna,29.76218333,77.13166667,25-01-2024 20:00,7.5
1010,Karnal,CWC,6,Haryana,67,KARNAL,KARNAL,-,-,Ganga,Ganga,Yamuna,-,-,Yamuna,29.76218333,77.13166667,25-01-2024 21:00,1
1011,Karnal,CWC,6,Haryana,67,KARNAL,KARNAL,-,-,Ganga,Ganga,Yamuna,-,-,Yamuna,29.76218333,77.13166667,25-01-2024 22:00,2
1012,Karnal,CWC,6,Haryana,67,KARNAL,KARNAL,-,-,Ganga,Ganga,Yamuna,-,-,Yamuna,29.76218333,77.13166667,25-01-2024 23:00,389.5
1013,Karnal,CWC,6,Haryana,67,KARNAL,KARNAL,-,-,Ganga,Ganga,Yamuna,-,-,Yamuna,29.76218333,77.13166667,26-01-2024 00:00,2.5
1014,Karnal,CWC,6,Haryana,67,KARNAL,KARNAL,-,-,Ganga,Ganga,Yamuna,-,-,Yamuna,29.76218333,77.13166667,26-01-2024 01:00,391
1015,Karnal,CWC,6,Haryana,67,KARNAL,KARNAL,-,-,Ganga,Ganga,Yamuna,-,-,Yamuna,29.76218333,77.13166667,26-01-2024 02:00,0.5
1016,Karnal,CWC,6,Haryana,67,KARNAL,KARNAL,-,-,Ganga,Ganga,Yamuna,-,-,Yamuna,29.76218333,77.13166667,26-01-2024 03:00,9.5
1017,Karnal,CWC,6,Haryana,67,KARNAL,KARNAL,-,-,Ganga,Ganga,Yamuna,-,-,Yamuna,29.76218333,77.13166667,26-01-2024 04:00,42
1018,Karnal,CWC,6,Haryana,67,KARNAL,KARNAL,-,-,Ganga,Ganga,Yamuna,-,-,Yamuna,29.76218333,77.13166667,26-01-2024 05:00,445.5
1019,Karnal,CWC,6,Haryana,67,KARNAL,KARNAL,-,-,Ganga,Ganga,Yamuna,-,-,Yamuna,29.76218333,77.13166667,26-01-2024 06:00,403.5
1020,Karnal,CWC,6,Haryana,67,KARNAL,KARNAL,-,-,Ganga,Ganga,Yamuna,-,-,Yamuna,29.76218333,77.13166667,26-01-2024 07:00,450
1021,Karnal,CWC,6,Haryana,67,KARNAL,KARNAL,-,-,Ganga,Ganga,Yamuna,-,-,Yamuna,29.76218333,77.13166667,26-01-2024 08:00,0.5
1022,Karnal,CWC,6,Haryana,67,KARNAL,KARNAL,-,-,Ganga,Ganga,Yamuna,-,-,Yamuna,29.76218333,77.13166667,26-01-2024 09:00,2
1023,Karnal,CWC,6,Haryana,67,KARNAL,KARNAL,-,-,Ganga,Ganga,Yamuna,-,-,Yamuna,29.76218333,77.13166667,26-01-2024 10:00,6
1024,Karnal,CWC,6,Haryana,67,KARNAL,KARNAL,-,-,Ganga,Ganga,Yamuna,-,-,Yamuna,29.76218333,77.13166667,26-01-2024 11:00,461
1025,Karnal,CWC,6,Haryana,67,KARNAL,KARNAL,-,-,Ganga,Ganga,Yamuna,-,-,Yamuna,29.76218333,77.13166667,26-01-2024 15:00,0.5
1026,Karnal,CWC,6,Haryana,67,KARNAL,KARNAL,-,-,Ganga,Ganga,Yamuna,-,-,Yamuna,29.76218333,77.13166667,26-01-2024 19:00,461.5
1027,Karnal,CWC,6,Haryana,67,KARNAL,KARNAL,-,-,Ganga,Ganga,Yamuna,-,-,Yamuna,29.76218333,77.13166667,26-01-2024 23:00,461.5
1028,Karnal,CWC,6,Haryana,67,KARNAL,KARNAL,-,-,Ganga,Ganga,Yamuna,-,-,Yamuna,29.76218333,77.13166667,27-01-2024 06:00,3
1029,Karnal,CWC,6,Haryana,67,KARNAL,KARNAL,-,-,Ganga,Ganga,Yamuna,-,-,Yamuna,29.76218333,77.13166667,27-01-2024 07:00,0.5
1030,Karnal,CWC,6,Haryana,67,KARNAL,KARNAL,-,-,Ganga,Ganga,Yamuna,-,-,Yamuna,29.76218333,77.13166667,27-01-2024 09:00,3.5
1031,Karnal,CWC,6,Haryana,67,KARNAL,KARNAL,-,-,Ganga,Ganga,Yamuna,-,-,Yamuna,29.76218333,77.13166667,27-01-2024 13:00,3.5
1032,Karnal,CWC,6,Haryana,67,KARNAL,KARNAL,-,-,Ganga,Ganga,Yamuna,-,-,Yamuna,29.76218333,77.13166667,27-01-2024 15:00,3.5
1033,Karnal,CWC,6,Haryana,67,KARNAL,KARNAL,-,-,Ganga,Ganga,Yamuna,-,-,Yamuna,29.76218333,77.13166667,27-01-2024 18:00,1
1034,Karnal,CWC,6,Haryana,67,KARNAL,KARNAL,-,-,Ganga,Ganga,Yamuna,-,-,Yamuna,29.76218333,77.13166667,27-01-2024 20:00,190
1035,Karnal,CWC,6,Haryana,67,KARNAL,KARNAL,-,-,Ganga,Ganga,Yamuna,-,-,Yamuna,29.76218333,77.13166667,27-01-2024 22:00,3
1036,Karnal,CWC,6,Haryana,67,KARNAL,KARNAL,-,-,Ganga,Ganga,Yamuna,-,-,Yamuna,29.76218333,77.13166667,27-01-2024 23:00,306.5
1037,Karnal,CWC,6,Haryana,67,KARNAL,KARNAL,-,-,Ganga,Ganga,Yamuna,-,-,Yamuna,29.76218333,77.13166667,28-01-2024 00:00,113.5
1038,Karnal,CWC,6,Haryana,67,KARNAL,KARNAL,-,-,Ganga,Ganga,Yamuna,-,-,Yamuna,29.76218333,77.13166667,28-01-2024 01:00,84.5
1039,Karnal,CWC,6,Haryana,67,KARNAL,KARNAL,-,-,Ganga,Ganga,Yamuna,-,-,Yamuna,29.76218333,77.13166667,28-01-2024 02:00,70.5
1040,Karnal,CWC,6,Haryana,67,KARNAL,KARNAL,-,-,Ganga,Ganga,Yamuna,-,-,Yamuna,29.76218333,77.13166667,28-01-2024 03:00,51
1041,Karnal,CWC,6,Haryana,67,KARNAL,KARNAL,-,-,Ganga,Ganga,Yamuna,-,-,Yamuna,29.76218333,77.13166667,28-01-2024 05:00,18
1042,Karnal,CWC,6,Haryana,67,KARNAL,KARNAL,-,-,Ganga,Ganga,Yamuna,-,-,Yamuna,29.76218333,77.13166667,28-01-2024 06:00,70
1043,Karnal,CWC,6,Haryana,67,KARNAL,KARNAL,-,-,Ganga,Ganga,Yamuna,-,-,Yamuna,29.76218333,77.13166667,28-01-2024 07:00,52
1044,Karnal,CWC,6,Haryana,67,KARNAL,KARNAL,-,-,Ganga,Ganga,Yamuna,-,-,Yamuna,29.76218333,77.13166667,28-01-2024 08:00,73.5
1045,Karnal,CWC,6,Haryana,67,KARNAL,KARNAL,-,-,Ganga,Ganga,Yamuna,-,-,Yamuna,29.76218333,77.13166667,28-01-2024 16:00,73.5
1046,Karnal,CWC,6,Haryana,67,KARNAL,KARNAL,-,-,Ganga,Ganga,Yamuna,-,-,Yamuna,29.76218333,77.13166667,28-01-2024 18:00,13.5
1047,Karnal,CWC,6,Haryana,67,KARNAL,KARNAL,-,-,Ganga,Ganga,Yamuna,-,-,Yamuna,29.76218333,77.13166667,28-01-2024 19:00,188
1048,Karnal,CWC,6,Haryana,67,KARNAL,KARNAL,-,-,Ganga,Ganga,Yamuna,-,-,Yamuna,29.76218333,77.13166667,28-01-2024 20:00,321.5
1049,Karnal,CWC,6,Haryana,67,KARNAL,KARNAL,-,-,Ganga,Ganga,Yamuna,-,-,Yamuna,29.76218333,77.13166667,28-01-2024 21:00,7
1050,Karnal,CWC,6,Haryana,67,KARNAL,KARNAL,-,-,Ganga,Ganga,Yamuna,-,-,Yamuna,29.76218333,77.13166667,28-01-2024 22:00,99
1051,Karnal,CWC,6,Haryana,67,KARNAL,KARNAL,-,-,Ganga,Ganga,Yamuna,-,-,Yamuna,29.76218333,77.13166667,28-01-2024 23:00,223.5
1052,Karnal,CWC,6,Haryana,67,KARNAL,KARNAL,-,-,Ganga,Ganga,Yamuna,-,-,Yamuna,29.76218333,77.13166667,29-01-2024 00:00,223.5
1053,Karnal,CWC,6,Haryana,67,KARNAL,KARNAL,-,-,Ganga,Ganga,Yamuna,-,-,Yamuna,29.76218333,77.13166667,29-01-2024 02:00,97
1054,Karnal,CWC,6,Haryana,67,KARNAL,KARNAL,-,-,Ganga,Ganga,Yamuna,-,-,Yamuna,29.76218333,77.13166667,29-01-2024 03:00,16.5
1055,Karnal,CWC,6,Haryana,67,KARNAL,KARNAL,-,-,Ganga,Ganga,Yamuna,-,-,Yamuna,29.76218333,77.13166667,29-01-2024 04:00,1.5
1056,Karnal,CWC,6,Haryana,67,KARNAL,KARNAL,-,-,Ganga,Ganga,Yamuna,-,-,Yamuna,29.76218333,77.13166667,29-01-2024 05:00,54
1057,Karnal,CWC,6,Haryana,67,KARNAL,KARNAL,-,-,Ganga,Ganga,Yamuna,-,-,Yamuna,29.76218333,77.13166667,29-01-2024 06:00,16.5
1058,Karnal,CWC,6,Haryana,67,KARNAL,KARNAL,-,-,Ganga,Ganga,Yamuna,-,-,Yamuna,29.76218333,77.13166667,29-01-2024 07:00,114
1059,Karnal,CWC,6,Haryana,67,KARNAL,KARNAL,-,-,Ganga,Ganga,Yamuna,-,-,Yamuna,29.76218333,77.13166667,29-01-2024 13:00,114
1060,Karnal,CWC,6,Haryana,67,KARNAL,KARNAL,-,-,Ganga,Ganga,Yamuna,-,-,Yamuna,29.76218333,77.13166667,29-01-2024 15:00,115.5
1061,Karnal,CWC,6,Haryana,67,KARNAL,KARNAL,-,-,Ganga,Ganga,Yamuna,-,-,Yamuna,29.76218333,77.13166667,29-01-2024 16:00,1.5
1062,Karnal,CWC,6,Haryana,67,KARNAL,KARNAL,-,-,Ganga,Ganga,Yamuna,-,-,Yamuna,29.76218333,77.13166667,29-01-2024 18:00,115.5
1063,Karnal,CWC,6,Haryana,67,KARNAL,KARNAL,-,-,Ganga,Ganga,Yamuna,-,-,Yamuna,29.76218333,77.13166667,29-01-2024 20:00,115.5
1064,Karnal,CWC,6,Haryana,67,KARNAL,KARNAL,-,-,Ganga,Ganga,Yamuna,-,-,Yamuna,29.76218333,77.13166667,29-01-2024 21:00,115.5
1065,Karnal,CWC,6,Haryana,67,KARNAL,KARNAL,-,-,Ganga,Ganga,Yamuna,-,-,Yamuna,29.76218333,77.13166667,29-01-2024 23:00,115.5
1066,Karnal,CWC,6,Haryana,67,KARNAL,KARNAL,-,-,Ganga,Ganga,Yamuna,-,-,Yamuna,29.76218333,77.13166667,30-01-2024 00:00,115.5
1067,Karnal,CWC,6,Haryana,67,KARNAL,KARNAL,-,-,Ganga,Ganga,Yamuna,-,-,Yamuna,29.76218333,77.13166667,30-01-2024 01:00,115.5
1068,Karnal,CWC,6,Haryana,67,KARNAL,KARNAL,-,-,Ganga,Ganga,Yamuna,-,-,Yamuna,29.76218333,77.13166667,30-01-2024 02:00,115.5
1069,Karnal,CWC,6,Haryana,67,KARNAL,KARNAL,-,-,Ganga,Ganga,Yamuna,-,-,Yamuna,29.76218333,77.13166667,30-01-2024 05:00,94
1070,Karnal,CWC,6,Haryana,67,KARNAL,KARNAL,-,-,Ganga,Ganga,Yamuna,-,-,Yamuna,29.76218333,77.13166667,30-01-2024 06:00,94
1071,Karnal,CWC,6,Haryana,67,KARNAL,KARNAL,-,-,Ganga,Ganga,Yamuna,-,-,Yamuna,29.76218333,77.13166667,30-01-2024 08:00,109
1072,Karnal,CWC,6,Haryana,67,KARNAL,KARNAL,-,-,Ganga,Ganga,Yamuna,-,-,Yamuna,29.76218333,77.13166667,30-01-2024 10:00,1
1073,Karnal,CWC,6,Haryana,67,KARNAL,KARNAL,-,-,Ganga,Ganga,Yamuna,-,-,Yamuna,29.76218333,77.13166667,30-01-2024 12:00,110
1074,Karnal,CWC,6,Haryana,67,KARNAL,KARNAL,-,-,Ganga,Ganga,Yamuna,-,-,Yamuna,29.76218333,77.13166667,30-01-2024 16:00,128
1075,Karnal,CWC,6,Haryana,67,KARNAL,KARNAL,-,-,Ganga,Ganga,Yamuna,-,-,Yamuna,29.76218333,77.13166667,30-01-2024 17:00,18
1076,Karnal,CWC,6,Haryana,67,KARNAL,KARNAL,-,-,Ganga,Ganga,Yamuna,-,-,Yamuna,29.76218333,77.13166667,30-01-2024 18:00,15
1077,Karnal,CWC,6,Haryana,67,KARNAL,KARNAL,-,-,Ganga,Ganga,Yamuna,-,-,Yamuna,29.76218333,77.13166667,30-01-2024 19:00,127.5
1078,Karnal,CWC,6,Haryana,67,KARNAL,KARNAL,-,-,Ganga,Ganga,Yamuna,-,-,Yamuna,29.76218333,77.13166667,30-01-2024 20:00,389.5
1079,Karnal,CWC,6,Haryana,67,KARNAL,KARNAL,-,-,Ganga,Ganga,Yamuna,-,-,Yamuna,29.76218333,77.13166667,30-01-2024 21:00,3.5
1080,Karnal,CWC,6,Haryana,67,KARNAL,KARNAL,-,-,Ganga,Ganga,Yamuna,-,-,Yamuna,29.76218333,77.13166667,30-01-2024 22:00,134
1081,Karnal,CWC,6,Haryana,67,KARNAL,KARNAL,-,-,Ganga,Ganga,Yamuna,-,-,Yamuna,29.76218333,77.13166667,31-01-2024 00:00,17
1082,Karnal,CWC,6,Haryana,67,KARNAL,KARNAL,-,-,Ganga,Ganga,Yamuna,-,-,Yamuna,29.76218333,77.13166667,31-01-2024 01:00,17
1083,Karnal,CWC,6,Haryana,67,KARNAL,KARNAL,-,-,Ganga,Ganga,Yamuna,-,-,Yamuna,29.76218333,77.13166667,31-01-2024 02:00,17.5
1084,Karnal,CWC,6,Haryana,67,KARNAL,KARNAL,-,-,Ganga,Ganga,Yamuna,-,-,Yamuna,29.76218333,77.13166667,31-01-2024 03:00,2
1085,Karnal,CWC,6,Haryana,67,KARNAL,KARNAL,-,-,Ganga,Ganga,Yamuna,-,-,Yamuna,29.76218333,77.13166667,31-01-2024 04:00,3
1086,Karnal,CWC,6,Haryana,67,KARNAL,KARNAL,-,-,Ganga,Ganga,Yamuna,-,-,Yamuna,29.76218333,77.13166667,31-01-2024 05:00,5
1087,Karnal,CWC,6,Haryana,67,KARNAL,KARNAL,-,-,Ganga,Ganga,Yamuna,-,-,Yamuna,29.76218333,77.13166667,31-01-2024 06:00,10.5
1088,Karnal,CWC,6,Haryana,67,KARNAL,KARNAL,-,-,Ganga,Ganga,Yamuna,-,-,Yamuna,29.76218333,77.13166667,31-01-2024 07:00,41
1089,Karnal,CWC,6,Haryana,67,KARNAL,KARNAL,-,-,Ganga,Ganga,Yamuna,-,-,Yamuna,29.76218333,77.13166667,31-01-2024 08:00,52.5
1090,Karnal,CWC,6,Haryana,67,KARNAL,KARNAL,-,-,Ganga,Ganga,Yamuna,-,-,Yamuna,29.76218333,77.13166667,31-01-2024 09:00,64.5
1091,Karnal,CWC,6,Haryana,67,KARNAL,KARNAL,-,-,Ganga,Ganga,Yamuna,-,-,Yamuna,29.76218333,77.13166667,31-01-2024 10:00,69
1092,Karnal,CWC,6,Haryana,67,KARNAL,KARNAL,-,-,Ganga,Ganga,Yamuna,-,-,Yamuna,29.76218333,77.13166667,31-01-2024 11:00,69
1093,Karnal,CWC,6,Haryana,67,KARNAL,KARNAL,-,-,Ganga,Ganga,Yamuna,-,-,Yamuna,29.76218333,77.13166667,31-01-2024 12:00,69
1094,Karnal,CWC,6,Haryana,67,KARNAL,KARNAL,-,-,Ganga,Ganga,Yamuna,-,-,Yamuna,29.76218333,77.13166667,31-01-2024 13:00,69
1095,Karnal,CWC,6,Haryana,67,KARNAL,KARNAL,-,-,Ganga,Ganga,Yamuna,-,-,Yamuna,29.76218333,77.13166667,31-01-2024 14:00,69
1096,Karnal,CWC,6,Haryana,67,KARNAL,KARNAL,-,-,Ganga,Ganga,Yamuna,-,-,Yamuna,29.76218333,77.13166667,31-01-2024 15:00,69
1097,Karnal,CWC,6,Haryana,67,KARNAL,KARNAL,-,-,Ganga,Ganga,Yamuna,-,-,Yamuna,29.76218333,77.13166667,31-01-2024 23:00,246.5
1098,Karnal,CWC,6,Haryana,67,KARNAL,KARNAL,-,-,Ganga,Ganga,Yamuna,-,-,Yamuna,29.76218333,77.13166667,01-02-2024 00:00,57.5
1099,Karnal,CWC,6,Haryana,67,KARNAL,KARNAL,-,-,Ganga,Ganga,Yamuna,-,-,Yamuna,29.76218333,77.13166667,01-02-2024 01:00,181.5
1100,Karnal,CWC,6,Haryana,67,KARNAL,KARNAL,-,-,Ganga,Ganga,Yamuna,-,-,Yamuna,29.76218333,77.13166667,01-02-2024 02:00,312
1101,Karnal,CWC,6,Haryana,67,KARNAL,KARNAL,-,-,Ganga,Ganga,Yamuna,-,-,Yamuna,29.76218333,77.13166667,01-02-2024 03:00,31.5
1102,Karnal,CWC,6,Haryana,67,KARNAL,KARNAL,-,-,Ganga,Ganga,Yamuna,-,-,Yamuna,29.76218333,77.13166667,01-02-2024 04:00,13
1103,Karnal,CWC,6,Haryana,67,KARNAL,KARNAL,-,-,Ganga,Ganga,Yamuna,-,-,Yamuna,29.76218333,77.13166667,01-02-2024 05:00,61.5
1104,Karnal,CWC,6,Haryana,67,KARNAL,KARNAL,-,-,Ganga,Ganga,Yamuna,-,-,Yamuna,29.76218333,77.13166667,01-02-2024 06:00,16.5
1105,Karnal,CWC,6,Haryana,67,KARNAL,KARNAL,-,-,Ganga,Ganga,Yamuna,-,-,Yamuna,29.76218333,77.13166667,01-02-2024 07:00,239.5
1106,Karnal,CWC,6,Haryana,67,KARNAL,KARNAL,-,-,Ganga,Ganga,Yamuna,-,-,Yamuna,29.76218333,77.13166667,01-02-2024 08:00,167.5
1107,Karnal,CWC,6,Haryana,67,KARNAL,KARNAL,-,-,Ganga,Ganga,Yamuna,-,-,Yamuna,29.76218333,77.13166667,01-02-2024 09:00,4.5
1108,Karnal,CWC,6,Haryana,67,KARNAL,KARNAL,-,-,Ganga,Ganga,Yamuna,-,-,Yamuna,29.76218333,77.13166667,01-02-2024 11:00,114
1109,Karnal,CWC,6,Haryana,67,KARNAL,KARNAL,-,-,Ganga,Ganga,Yamuna,-,-,Yamuna,29.76218333,77.13166667,01-02-2024 13:00,194.5
1110,Karnal,CWC,6,Haryana,67,KARNAL,KARNAL,-,-,Ganga,Ganga,Yamuna,-,-,Yamuna,29.76218333,77.13166667,01-02-2024 15:00,27.5
1111,Karnal,CWC,6,Haryana,67,KARNAL,KARNAL,-,-,Ganga,Ganga,Yamuna,-,-,Yamuna,29.76218333,77.13166667,01-02-2024 23:00,327.5
1112,Karnal,CWC,6,Haryana,67,KARNAL,KARNAL,-,-,Ganga,Ganga,Yamuna,-,-,Yamuna,29.76218333,77.13166667,02-02-2024 03:00,0.5
1113,Karnal,CWC,6,Haryana,67,KARNAL,KARNAL,-,-,Ganga,Ganga,Yamuna,-,-,Yamuna,29.76218333,77.13166667,02-02-2024 04:00,13
1114,Karnal,CWC,6,Haryana,67,KARNAL,KARNAL,-,-,Ganga,Ganga,Yamuna,-,-,Yamuna,29.76218333,77.13166667,02-02-2024 06:00,1
1115,Karnal,CWC,6,Haryana,67,KARNAL,KARNAL,-,-,Ganga,Ganga,Yamuna,-,-,Yamuna,29.76218333,77.13166667,02-02-2024 08:00,0.5
1116,Karnal,CWC,6,Haryana,67,KARNAL,KARNAL,-,-,Ganga,Ganga,Yamuna,-,-,Yamuna,29.76218333,77.13166667,02-02-2024 10:00,14.5
1117,Karnal,CWC,6,Haryana,67,KARNAL,KARNAL,-,-,Ganga,Ganga,Yamuna,-,-,Yamuna,29.76218333,77.13166667,02-02-2024 15:00,14.5
1118,Karnal,CWC,6,Haryana,67,KARNAL,KARNAL,-,-,Ganga,Ganga,Yamuna,-,-,Yamuna,29.76218333,77.13166667,02-02-2024 23:00,14.5
1119,Karnal,CWC,6,Haryana,67,KARNAL,KARNAL,-,-,Ganga,Ganga,Yamuna,-,-,Yamuna,29.76218333,77.13166667,03-02-2024 05:00,31
1120,Karnal,CWC,6,Haryana,67,KARNAL,KARNAL,-,-,Ganga,Ganga,Yamuna,-,-,Yamuna,29.76218333,77.13166667,03-02-2024 06:00,45
1121,Karnal,CWC,6,Haryana,67,KARNAL,KARNAL,-,-,Ganga,Ganga,Yamuna,-,-,Yamuna,29.76218333,77.13166667,03-02-2024 07:00,14
1122,Karnal,CWC,6,Haryana,67,KARNAL,KARNAL,-,-,Ganga,Ganga,Yamuna,-,-,Yamuna,29.76218333,77.13166667,03-02-2024 08:00,68.5
1123,Karnal,CWC,6,Haryana,67,KARNAL,KARNAL,-,-,Ganga,Ganga,Yamuna,-,-,Yamuna,29.76218333,77.13166667,03-02-2024 10:00,68.5
1124,Karnal,CWC,6,Haryana,67,KARNAL,KARNAL,-,-,Ganga,Ganga,Yamuna,-,-,Yamuna,29.76218333,77.13166667,03-02-2024 11:00,68.5
1125,Karnal,CWC,6,Haryana,67,KARNAL,KARNAL,-,-,Ganga,Ganga,Yamuna,-,-,Yamuna,29.76218333,77.13166667,03-02-2024 13:00,70
1126,Karnal,CWC,6,Haryana,67,KARNAL,KARNAL,-,-,Ganga,Ganga,Yamuna,-,-,Yamuna,29.76218333,77.13166667,03-02-2024 14:00,1
1127,Karnal,CWC,6,Haryana,67,KARNAL,KARNAL,-,-,Ganga,Ganga,Yamuna,-,-,Yamuna,29.76218333,77.13166667,03-02-2024 15:00,6
1128,Karnal,CWC,6,Haryana,67,KARNAL,KARNAL,-,-,Ganga,Ganga,Yamuna,-,-,Yamuna,29.76218333,77.13166667,03-02-2024 16:00,22
1129,Karnal,CWC,6,Haryana,67,KARNAL,KARNAL,-,-,Ganga,Ganga,Yamuna,-,-,Yamuna,29.76218333,77.13166667,03-02-2024 17:00,98
1130,Karnal,CWC,6,Haryana,67,KARNAL,KARNAL,-,-,Ganga,Ganga,Yamuna,-,-,Yamuna,29.76218333,77.13166667,03-02-2024 20:00,98
1131,Karnal,CWC,6,Haryana,67,KARNAL,KARNAL,-,-,Ganga,Ganga,Yamuna,-,-,Yamuna,29.76218333,77.13166667,03-02-2024 23:00,111
1132,Karnal,CWC,6,Haryana,67,KARNAL,KARNAL,-,-,Ganga,Ganga,Yamuna,-,-,Yamuna,29.76218333,77.13166667,04-02-2024 00:00,13
1133,Karnal,CWC,6,Haryana,67,KARNAL,KARNAL,-,-,Ganga,Ganga,Yamuna,-,-,Yamuna,29.76218333,77.13166667,04-02-2024 02:00,237
1134,Karnal,CWC,6,Haryana,67,KARNAL,KARNAL,-,-,Ganga,Ganga,Yamuna,-,-,Yamuna,29.76218333,77.13166667,04-02-2024 23:00,20.5
1135,Karnal,CWC,6,Haryana,67,KARNAL,KARNAL,-,-,Ganga,Ganga,Yamuna,-,-,Yamuna,29.76218333,77.13166667,05-02-2024 00:00,32.5
1136,Karnal,CWC,6,Haryana,67,KARNAL,KARNAL,-,-,Ganga,Ganga,Yamuna,-,-,Yamuna,29.76218333,77.13166667,05-02-2024 01:00,12
1137,Karnal,CWC,6,Haryana,67,KARNAL,KARNAL,-,-,Ganga,Ganga,Yamuna,-,-,Yamuna,29.76218333,77.13166667,05-02-2024 02:00,54
1138,Karnal,CWC,6,Haryana,67,KARNAL,KARNAL,-,-,Ganga,Ganga,Yamuna,-,-,Yamuna,29.76218333,77.13166667,05-02-2024 03:00,261
1139,Karnal,CWC,6,Haryana,67,KARNAL,KARNAL,-,-,Ganga,Ganga,Yamuna,-,-,Yamuna,29.76218333,77.13166667,05-02-2024 06:00,66
1140,Karnal,CWC,6,Haryana,67,KARNAL,KARNAL,-,-,Ganga,Ganga,Yamuna,-,-,Yamuna,29.76218333,77.13166667,05-02-2024 07:00,66
1141,Karnal,CWC,6,Haryana,67,KARNAL,KARNAL,-,-,Ganga,Ganga,Yamuna,-,-,Yamuna,29.76218333,77.13166667,05-02-2024 08:00,7.5
1142,Karnal,CWC,6,Haryana,67,KARNAL,KARNAL,-,-,Ganga,Ganga,Yamuna,-,-,Yamuna,29.76218333,77.13166667,05-02-2024 09:00,15
1143,Karnal,CWC,6,Haryana,67,KARNAL,KARNAL,-,-,Ganga,Ganga,Yamuna,-,-,Yamuna,29.76218333,77.13166667,05-02-2024 23:00,332.5
1144,Karnal,CWC,6,Haryana,67,KARNAL,KARNAL,-,-,Ganga,Ganga,Yamuna,-,-,Yamuna,29.76218333,77.13166667,06-02-2024 00:00,63.5
1145,Karnal,CWC,6,Haryana,67,KARNAL,KARNAL,-,-,Ganga,Ganga,Yamuna,-,-,Yamuna,29.76218333,77.13166667,06-02-2024 02:00,46
1146,Karnal,CWC,6,Haryana,67,KARNAL,KARNAL,-,-,Ganga,Ganga,Yamuna,-,-,Yamuna,29.76218333,77.13166667,06-02-2024 04:00,4
1147,Karnal,CWC,6,Haryana,67,KARNAL,KARNAL,-,-,Ganga,Ganga,Yamuna,-,-,Yamuna,29.76218333,77.13166667,06-02-2024 06:00,1
1148,Karnal,CWC,6,Haryana,67,KARNAL,KARNAL,-,-,Ganga,Ganga,Yamuna,-,-,Yamuna,29.76218333,77.13166667,06-02-2024 07:00,5.5
1149,Karnal,CWC,6,Haryana,67,KARNAL,KARNAL,-,-,Ganga,Ganga,Yamuna,-,-,Yamuna,29.76218333,77.13166667,06-02-2024 12:00,10.5
1150,Karnal,CWC,6,Haryana,67,KARNAL,KARNAL,-,-,Ganga,Ganga,Yamuna,-,-,Yamuna,29.76218333,77.13166667,06-02-2024 19:00,8.5
1151,Karnal,CWC,6,Haryana,67,KARNAL,KARNAL,-,-,Ganga,Ganga,Yamuna,-,-,Yamuna,29.76218333,77.13166667,06-02-2024 20:00,8.5
1152,Karnal,CWC,6,Haryana,67,KARNAL,KARNAL,-,-,Ganga,Ganga,Yamuna,-,-,Yamuna,29.76218333,77.13166667,06-02-2024 21:00,0.5
1153,Karnal,CWC,6,Haryana,67,KARNAL,KARNAL,-,-,Ganga,Ganga,Yamuna,-,-,Yamuna,29.76218333,77.13166667,06-02-2024 23:00,28.5
1154,Karnal,CWC,6,Haryana,67,KARNAL,KARNAL,-,-,Ganga,Ganga,Yamuna,-,-,Yamuna,29.76218333,77.13166667,07-02-2024 00:00,28.5
1155,Karnal,CWC,6,Haryana,67,KARNAL,KARNAL,-,-,Ganga,Ganga,Yamuna,-,-,Yamuna,29.76218333,77.13166667,07-02-2024 02:00,4
1156,Karnal,CWC,6,Haryana,67,KARNAL,KARNAL,-,-,Ganga,Ganga,Yamuna,-,-,Yamuna,29.76218333,77.13166667,07-02-2024 03:00,1.5
1157,Karnal,CWC,6,Haryana,67,KARNAL,KARNAL,-,-,Ganga,Ganga,Yamuna,-,-,Yamuna,29.76218333,77.13166667,07-02-2024 04:00,5
1158,Karnal,CWC,6,Haryana,67,KARNAL,KARNAL,-,-,Ganga,Ganga,Yamuna,-,-,Yamuna,29.76218333,77.13166667,07-02-2024 05:00,4.5
1159,Karnal,CWC,6,Haryana,67,KARNAL,KARNAL,-,-,Ganga,Ganga,Yamuna,-,-,Yamuna,29.76218333,77.13166667,07-02-2024 08:00,20.5
1160,Karnal,CWC,6,Haryana,67,KARNAL,KARNAL,-,-,Ganga,Ganga,Yamuna,-,-,Yamuna,29.76218333,77.13166667,07-02-2024 09:00,6.5
1161,Karnal,CWC,6,Haryana,67,KARNAL,KARNAL,-,-,Ganga,Ganga,Yamuna,-,-,Yamuna,29.76218333,77.13166667,07-02-2024 10:00,2
1162,Karnal,CWC,6,Haryana,67,KARNAL,KARNAL,-,-,Ganga,Ganga,Yamuna,-,-,Yamuna,29.76218333,77.13166667,07-02-2024 15:00,1.5
1163,Karnal,CWC,6,Haryana,67,KARNAL,KARNAL,-,-,Ganga,Ganga,Yamuna,-,-,Yamuna,29.76218333,77.13166667,07-02-2024 16:00,40
1164,Karnal,CWC,6,Haryana,67,KARNAL,KARNAL,-,-,Ganga,Ganga,Yamuna,-,-,Yamuna,29.76218333,77.13166667,07-02-2024 18:00,144
1165,Karnal,CWC,6,Haryana,67,KARNAL,KARNAL,-,-,Ganga,Ganga,Yamuna,-,-,Yamuna,29.76218333,77.13166667,07-02-2024 19:00,104
1166,Karnal,CWC,6,Haryana,67,KARNAL,KARNAL,-,-,Ganga,Ganga,Yamuna,-,-,Yamuna,29.76218333,77.13166667,07-02-2024 23:00,144
1167,Karnal,CWC,6,Haryana,67,KARNAL,KARNAL,-,-,Ganga,Ganga,Yamuna,-,-,Yamuna,29.76218333,77.13166667,08-02-2024 02:00,144
1168,Karnal,CWC,6,Haryana,67,KARNAL,KARNAL,-,-,Ganga,Ganga,Yamuna,-,-,Yamuna,29.76218333,77.13166667,09-02-2024 01:00,132.5
1169,Karnal,CWC,6,Haryana,67,KARNAL,KARNAL,-,-,Ganga,Ganga,Yamuna,-,-,Yamuna,29.76218333,77.13166667,09-02-2024 02:00,132.5
1170,Karnal,CWC,6,Haryana,67,KARNAL,KARNAL,-,-,Ganga,Ganga,Yamuna,-,-,Yamuna,29.76218333,77.13166667,09-02-2024 04:00,8.5
1171,Karnal,CWC,6,Haryana,67,KARNAL,KARNAL,-,-,Ganga,Ganga,Yamuna,-,-,Yamuna,29.76218333,77.13166667,09-02-2024 05:00,36.5
1172,Karnal,CWC,6,Haryana,67,KARNAL,KARNAL,-,-,Ganga,Ganga,Yamuna,-,-,Yamuna,29.76218333,77.13166667,09-02-2024 06:00,28
1173,Karnal,CWC,6,Haryana,67,KARNAL,KARNAL,-,-,Ganga,Ganga,Yamuna,-,-,Yamuna,29.76218333,77.13166667,09-02-2024 07:00,8
1174,Karnal,CWC,6,Haryana,67,KARNAL,KARNAL,-,-,Ganga,Ganga,Yamuna,-,-,Yamuna,29.76218333,77.13166667,09-02-2024 11:00,44.5
1175,Karnal,CWC,6,Haryana,67,KARNAL,KARNAL,-,-,Ganga,Ganga,Yamuna,-,-,Yamuna,29.76218333,77.13166667,09-02-2024 13:00,44.5
1176,Karnal,CWC,6,Haryana,67,KARNAL,KARNAL,-,-,Ganga,Ganga,Yamuna,-,-,Yamuna,29.76218333,77.13166667,09-02-2024 15:00,44.5
1177,Karnal,CWC,6,Haryana,67,KARNAL,KARNAL,-,-,Ganga,Ganga,Yamuna,-,-,Yamuna,29.76218333,77.13166667,09-02-2024 18:00,44.5
1178,Karnal,CWC,6,Haryana,67,KARNAL,KARNAL,-,-,Ganga,Ganga,Yamuna,-,-,Yamuna,29.76218333,77.13166667,09-02-2024 19:00,44.5
1179,Karnal,CWC,6,Haryana,67,KARNAL,KARNAL,-,-,Ganga,Ganga,Yamuna,-,-,Yamuna,29.76218333,77.13166667,09-02-2024 21:00,52.5
1180,Karnal,CWC,6,Haryana,67,KARNAL,KARNAL,-,-,Ganga,Ganga,Yamuna,-,-,Yamuna,29.76218333,77.13166667,09-02-2024 23:00,52.5
1181,Karnal,CWC,6,Haryana,67,KARNAL,KARNAL,-,-,Ganga,Ganga,Yamuna,-,-,Yamuna,29.76218333,77.13166667,10-02-2024 02:00,52.5
1182,Karnal,CWC,6,Haryana,67,KARNAL,KARNAL,-,-,Ganga,Ganga,Yamuna,-,-,Yamuna,29.76218333,77.13166667,10-02-2024 04:00,103.5
1183,Karnal,CWC,6,Haryana,67,KARNAL,KARNAL,-,-,Ganga,Ganga,Yamuna,-,-,Yamuna,29.76218333,77.13166667,10-02-2024 05:00,31
1184,Karnal,CWC,6,Haryana,67,KARNAL,KARNAL,-,-,Ganga,Ganga,Yamuna,-,-,Yamuna,29.76218333,77.13166667,10-02-2024 06:00,137.5
1185,Karnal,CWC,6,Haryana,67,KARNAL,KARNAL,-,-,Ganga,Ganga,Yamuna,-,-,Yamuna,29.76218333,77.13166667,10-02-2024 07:00,164.5
1186,Karnal,CWC,6,Haryana,67,KARNAL,KARNAL,-,-,Ganga,Ganga,Yamuna,-,-,Yamuna,29.76218333,77.13166667,10-02-2024 08:00,27
1187,Karnal,CWC,6,Haryana,67,KARNAL,KARNAL,-,-,Ganga,Ganga,Yamuna,-,-,Yamuna,29.76218333,77.13166667,10-02-2024 09:00,0.5
1188,Karnal,CWC,6,Haryana,67,KARNAL,KARNAL,-,-,Ganga,Ganga,Yamuna,-,-,Yamuna,29.76218333,77.13166667,10-02-2024 11:00,165
1189,Karnal,CWC,6,Haryana,67,KARNAL,KARNAL,-,-,Ganga,Ganga,Yamuna,-,-,Yamuna,29.76218333,77.13166667,10-02-2024 12:00,165
1190,Karnal,CWC,6,Haryana,67,KARNAL,KARNAL,-,-,Ganga,Ganga,Yamuna,-,-,Yamuna,29.76218333,77.13166667,10-02-2024 13:00,165
1191,Karnal,CWC,6,Haryana,67,KARNAL,KARNAL,-,-,Ganga,Ganga,Yamuna,-,-,Yamuna,29.76218333,77.13166667,10-02-2024 16:00,165
1192,Karnal,CWC,6,Haryana,67,KARNAL,KARNAL,-,-,Ganga,Ganga,Yamuna,-,-,Yamuna,29.76218333,77.13166667,10-02-2024 18:00,165
1193,Karnal,CWC,6,Haryana,67,KARNAL,KARNAL,-,-,Ganga,Ganga,Yamuna,-,-,Yamuna,29.76218333,77.13166667,10-02-2024 19:00,165
1194,Karnal,CWC,6,Haryana,67,KARNAL,KARNAL,-,-,Ganga,Ganga,Yamuna,-,-,Yamuna,29.76218333,77.13166667,10-02-2024 22:00,35.5
1195,Karnal,CWC,6,Haryana,67,KARNAL,KARNAL,-,-,Ganga,Ganga,Yamuna,-,-,Yamuna,29.76218333,77.13166667,10-02-2024 23:00,251
1196,Karnal,CWC,6,Haryana,67,KARNAL,KARNAL,-,-,Ganga,Ganga,Yamuna,-,-,Yamuna,29.76218333,77.13166667,11-02-2024 00:00,251
1197,Karnal,CWC,6,Haryana,67,KARNAL,KARNAL,-,-,Ganga,Ganga,Yamuna,-,-,Yamuna,29.76218333,77.13166667,11-02-2024 05:00,23.5
1198,Karnal,CWC,6,Haryana,67,KARNAL,KARNAL,-,-,Ganga,Ganga,Yamuna,-,-,Yamuna,29.76218333,77.13166667,11-02-2024 06:00,13
1199,Karnal,CWC,6,Haryana,67,KARNAL,KARNAL,-,-,Ganga,Ganga,Yamuna,-,-,Yamuna,29.76218333,77.13166667,11-02-2024 07:00,1
1200,Karnal,CWC,6,Haryana,67,KARNAL,KARNAL,-,-,Ganga,Ganga,Yamuna,-,-,Yamuna,29.76218333,77.13166667,11-02-2024 08:00,5
1201,Karnal,CWC,6,Haryana,67,KARNAL,KARNAL,-,-,Ganga,Ganga,Yamuna,-,-,Yamuna,29.76218333,77.13166667,11-02-2024 09:00,6
1202,Karnal,CWC,6,Haryana,67,KARNAL,KARNAL,-,-,Ganga,Ganga,Yamuna,-,-,Yamuna,29.76218333,77.13166667,11-02-2024 11:00,48.5
1203,Karnal,CWC,6,Haryana,67,KARNAL,KARNAL,-,-,Ganga,Ganga,Yamuna,-,-,Yamuna,29.76218333,77.13166667,11-02-2024 15:00,48.5
1204,Karnal,CWC,6,Haryana,67,KARNAL,KARNAL,-,-,Ganga,Ganga,Yamuna,-,-,Yamuna,29.76218333,77.13166667,11-02-2024 21:00,48.5
1205,Karnal,CWC,6,Haryana,67,KARNAL,KARNAL,-,-,Ganga,Ganga,Yamuna,-,-,Yamuna,29.76218333,77.13166667,11-02-2024 23:00,48.5
1206,Karnal,CWC,6,Haryana,67,KARNAL,KARNAL,-,-,Ganga,Ganga,Yamuna,-,-,Yamuna,29.76218333,77.13166667,12-02-2024 05:00,2.5
1207,Karnal,CWC,6,Haryana,67,KARNAL,KARNAL,-,-,Ganga,Ganga,Yamuna,-,-,Yamuna,29.76218333,77.13166667,12-02-2024 06:00,31.5
1208,Karnal,CWC,6,Haryana,67,KARNAL,KARNAL,-,-,Ganga,Ganga,Yamuna,-,-,Yamuna,29.76218333,77.13166667,12-02-2024 07:00,68
1209,Karnal,CWC,6,Haryana,67,KARNAL,KARNAL,-,-,Ganga,Ganga,Yamuna,-,-,Yamuna,29.76218333,77.13166667,12-02-2024 08:00,21.5
1210,Karnal,CWC,6,Haryana,67,KARNAL,KARNAL,-,-,Ganga,Ganga,Yamuna,-,-,Yamuna,29.76218333,77.13166667,12-02-2024 09:00,83
1211,Karnal,CWC,6,Haryana,67,KARNAL,KARNAL,-,-,Ganga,Ganga,Yamuna,-,-,Yamuna,29.76218333,77.13166667,12-02-2024 10:00,12
1212,Karnal,CWC,6,Haryana,67,KARNAL,KARNAL,-,-,Ganga,Ganga,Yamuna,-,-,Yamuna,29.76218333,77.13166667,12-02-2024 11:00,86
1213,Karnal,CWC,6,Haryana,67,KARNAL,KARNAL,-,-,Ganga,Ganga,Yamuna,-,-,Yamuna,29.76218333,77.13166667,12-02-2024 12:00,3
1214,Karnal,CWC,6,Haryana,67,KARNAL,KARNAL,-,-,Ganga,Ganga,Yamuna,-,-,Yamuna,29.76218333,77.13166667,12-02-2024 13:00,86
1215,Karnal,CWC,6,Haryana,67,KARNAL,KARNAL,-,-,Ganga,Ganga,Yamuna,-,-,Yamuna,29.76218333,77.13166667,12-02-2024 14:00,86
1216,Karnal,CWC,6,Haryana,67,KARNAL,KARNAL,-,-,Ganga,Ganga,Yamuna,-,-,Yamuna,29.76218333,77.13166667,12-02-2024 15:00,88
1217,Karnal,CWC,6,Haryana,67,KARNAL,KARNAL,-,-,Ganga,Ganga,Yamuna,-,-,Yamuna,29.76218333,77.13166667,12-02-2024 16:00,182.5
1218,Karnal,CWC,6,Haryana,67,KARNAL,KARNAL,-,-,Ganga,Ganga,Yamuna,-,-,Yamuna,29.76218333,77.13166667,12-02-2024 17:00,94.5
1219,Karnal,CWC,6,Haryana,67,KARNAL,KARNAL,-,-,Ganga,Ganga,Yamuna,-,-,Yamuna,29.76218333,77.13166667,12-02-2024 18:00,222
1220,Karnal,CWC,6,Haryana,67,KARNAL,KARNAL,-,-,Ganga,Ganga,Yamuna,-,-,Yamuna,29.76218333,77.13166667,12-02-2024 19:00,109.5
1221,Karnal,CWC,6,Haryana,67,KARNAL,KARNAL,-,-,Ganga,Ganga,Yamuna,-,-,Yamuna,29.76218333,77.13166667,12-02-2024 20:00,438.5
1222,Karnal,CWC,6,Haryana,67,KARNAL,KARNAL,-,-,Ganga,Ganga,Yamuna,-,-,Yamuna,29.76218333,77.13166667,12-02-2024 21:00,329
1223,Karnal,CWC,6,Haryana,67,KARNAL,KARNAL,-,-,Ganga,Ganga,Yamuna,-,-,Yamuna,29.76218333,77.13166667,12-02-2024 22:00,66.5
1224,Karnal,CWC,6,Haryana,67,KARNAL,KARNAL,-,-,Ganga,Ganga,Yamuna,-,-,Yamuna,29.76218333,77.13166667,12-02-2024 23:00,505
1225,Karnal,CWC,6,Haryana,67,KARNAL,KARNAL,-,-,Ganga,Ganga,Yamuna,-,-,Yamuna,29.76218333,77.13166667,13-02-2024 01:00,233
1226,Karnal,CWC,6,Haryana,67,KARNAL,KARNAL,-,-,Ganga,Ganga,Yamuna,-,-,Yamuna,29.76218333,77.13166667,13-02-2024 02:00,255.5
1227,Karnal,CWC,6,Haryana,67,KARNAL,KARNAL,-,-,Ganga,Ganga,Yamuna,-,-,Yamuna,29.76218333,77.13166667,13-02-2024 03:00,99
1228,Karnal,CWC,6,Haryana,67,KARNAL,KARNAL,-,-,Ganga,Ganga,Yamuna,-,-,Yamuna,29.76218333,77.13166667,13-02-2024 04:00,99
1229,Karnal,CWC,6,Haryana,67,KARNAL,KARNAL,-,-,Ganga,Ganga,Yamuna,-,-,Yamuna,29.76218333,77.13166667,13-02-2024 06:00,104
1230,Karnal,CWC,6,Haryana,67,KARNAL,KARNAL,-,-,Ganga,Ganga,Yamuna,-,-,Yamuna,29.76218333,77.13166667,13-02-2024 07:00,109
1231,Karnal,CWC,6,Haryana,67,KARNAL,KARNAL,-,-,Ganga,Ganga,Yamuna,-,-,Yamuna,29.76218333,77.13166667,13-02-2024 08:00,5
1232,Karnal,CWC,6,Haryana,67,KARNAL,KARNAL,-,-,Ganga,Ganga,Yamuna,-,-,Yamuna,29.76218333,77.13166667,13-02-2024 09:00,111
1233,Karnal,CWC,6,Haryana,67,KARNAL,KARNAL,-,-,Ganga,Ganga,Yamuna,-,-,Yamuna,29.76218333,77.13166667,13-02-2024 10:00,0.5
1234,Karnal,CWC,6,Haryana,67,KARNAL,KARNAL,-,-,Ganga,Ganga,Yamuna,-,-,Yamuna,29.76218333,77.13166667,13-02-2024 12:00,114.5
1235,Karnal,CWC,6,Haryana,67,KARNAL,KARNAL,-,-,Ganga,Ganga,Yamuna,-,-,Yamuna,29.76218333,77.13166667,13-02-2024 14:00,114.5
1236,Karnal,CWC,6,Haryana,67,KARNAL,KARNAL,-,-,Ganga,Ganga,Yamuna,-,-,Yamuna,29.76218333,77.13166667,13-02-2024 16:00,114.5
1237,Karnal,CWC,6,Haryana,67,KARNAL,KARNAL,-,-,Ganga,Ganga,Yamuna,-,-,Yamuna,29.76218333,77.13166667,13-02-2024 18:00,164.5
1238,Karnal,CWC,6,Haryana,67,KARNAL,KARNAL,-,-,Ganga,Ganga,Yamuna,-,-,Yamuna,29.76218333,77.13166667,13-02-2024 19:00,466.5
1239,Karnal,CWC,6,Haryana,67,KARNAL,KARNAL,-,-,Ganga,Ganga,Yamuna,-,-,Yamuna,29.76218333,77.13166667,13-02-2024 20:00,501.5
1240,Karnal,CWC,6,Haryana,67,KARNAL,KARNAL,-,-,Ganga,Ganga,Yamuna,-,-,Yamuna,29.76218333,77.13166667,13-02-2024 21:00,35
1241,Karnal,CWC,6,Haryana,67,KARNAL,KARNAL,-,-,Ganga,Ganga,Yamuna,-,-,Yamuna,29.76218333,77.13166667,13-02-2024 22:00,40.5
1242,Karnal,CWC,6,Haryana,67,KARNAL,KARNAL,-,-,Ganga,Ganga,Yamuna,-,-,Yamuna,29.76218333,77.13166667,13-02-2024 23:00,30
1243,Karnal,CWC,6,Haryana,67,KARNAL,KARNAL,-,-,Ganga,Ganga,Yamuna,-,-,Yamuna,29.76218333,77.13166667,14-02-2024 00:00,45.5
1244,Karnal,CWC,6,Haryana,67,KARNAL,KARNAL,-,-,Ganga,Ganga,Yamuna,-,-,Yamuna,29.76218333,77.13166667,14-02-2024 01:00,45.5
1245,Karnal,CWC,6,Haryana,67,KARNAL,KARNAL,-,-,Ganga,Ganga,Yamuna,-,-,Yamuna,29.76218333,77.13166667,14-02-2024 06:00,1
1246,Karnal,CWC,6,Haryana,67,KARNAL,KARNAL,-,-,Ganga,Ganga,Yamuna,-,-,Yamuna,29.76218333,77.13166667,14-02-2024 08:00,1
1247,Karnal,CWC,6,Haryana,67,KARNAL,KARNAL,-,-,Ganga,Ganga,Yamuna,-,-,Yamuna,29.76218333,77.13166667,14-02-2024 09:00,16.5
1248,Karnal,CWC,6,Haryana,67,KARNAL,KARNAL,-,-,Ganga,Ganga,Yamuna,-,-,Yamuna,29.76218333,77.13166667,14-02-2024 10:00,16.5
1249,Karnal,CWC,6,Haryana,67,KARNAL,KARNAL,-,-,Ganga,Ganga,Yamuna,-,-,Yamuna,29.76218333,77.13166667,14-02-2024 11:00,16.5
1250,Karnal,CWC,6,Haryana,67,KARNAL,KARNAL,-,-,Ganga,Ganga,Yamuna,-,-,Yamuna,29.76218333,77.13166667,14-02-2024 12:00,16.5
1251,Karnal,CWC,6,Haryana,67,KARNAL,KARNAL,-,-,Ganga,Ganga,Yamuna,-,-,Yamuna,29.76218333,77.13166667,14-02-2024 13:00,16.5
1252,Karnal,CWC,6,Haryana,67,KARNAL,KARNAL,-,-,Ganga,Ganga,Yamuna,-,-,Yamuna,29.76218333,77.13166667,14-02-2024 15:00,16.5
1253,Karnal,CWC,6,Haryana,67,KARNAL,KARNAL,-,-,Ganga,Ganga,Yamuna,-,-,Yamuna,29.76218333,77.13166667,14-02-2024 16:00,16.5
1254,Karnal,CWC,6,Haryana,67,KARNAL,KARNAL,-,-,Ganga,Ganga,Yamuna,-,-,Yamuna,29.76218333,77.13166667,14-02-2024 18:00,17
1255,Karnal,CWC,6,Haryana,67,KARNAL,KARNAL,-,-,Ganga,Ganga,Yamuna,-,-,Yamuna,29.76218333,77.13166667,14-02-2024 20:00,17
1256,Karnal,CWC,6,Haryana,67,KARNAL,KARNAL,-,-,Ganga,Ganga,Yamuna,-,-,Yamuna,29.76218333,77.13166667,14-02-2024 23:00,17
1257,Karnal,CWC,6,Haryana,67,KARNAL,KARNAL,-,-,Ganga,Ganga,Yamuna,-,-,Yamuna,29.76218333,77.13166667,15-02-2024 02:00,35
1258,Karnal,CWC,6,Haryana,67,KARNAL,KARNAL,-,-,Ganga,Ganga,Yamuna,-,-,Yamuna,29.76218333,77.13166667,15-02-2024 03:00,35
1259,Karnal,CWC,6,Haryana,67,KARNAL,KARNAL,-,-,Ganga,Ganga,Yamuna,-,-,Yamuna,29.76218333,77.13166667,15-02-2024 05:00,80.5
1260,Karnal,CWC,6,Haryana,67,KARNAL,KARNAL,-,-,Ganga,Ganga,Yamuna,-,-,Yamuna,29.76218333,77.13166667,15-02-2024 06:00,146
1261,Karnal,CWC,6,Haryana,67,KARNAL,KARNAL,-,-,Ganga,Ganga,Yamuna,-,-,Yamuna,29.76218333,77.13166667,15-02-2024 09:00,1
1262,Karnal,CWC,6,Haryana,67,KARNAL,KARNAL,-,-,Ganga,Ganga,Yamuna,-,-,Yamuna,29.76218333,77.13166667,15-02-2024 15:00,148.5
1263,Karnal,CWC,6,Haryana,67,KARNAL,KARNAL,-,-,Ganga,Ganga,Yamuna,-,-,Yamuna,29.76218333,77.13166667,15-02-2024 16:00,148.5
1264,Karnal,CWC,6,Haryana,67,KARNAL,KARNAL,-,-,Ganga,Ganga,Yamuna,-,-,Yamuna,29.76218333,77.13166667,15-02-2024 17:00,148.5
1265,Karnal,CWC,6,Haryana,67,KARNAL,KARNAL,-,-,Ganga,Ganga,Yamuna,-,-,Yamuna,29.76218333,77.13166667,15-02-2024 19:00,148.5
1266,Karnal,CWC,6,Haryana,67,KARNAL,KARNAL,-,-,Ganga,Ganga,Yamuna,-,-,Yamuna,29.76218333,77.13166667,15-02-2024 22:00,148.5
1267,Karnal,CWC,6,Haryana,67,KARNAL,KARNAL,-,-,Ganga,Ganga,Yamuna,-,-,Yamuna,29.76218333,77.13166667,15-02-2024 23:00,148.5
1268,Karnal,CWC,6,Haryana,67,KARNAL,KARNAL,-,-,Ganga,Ganga,Yamuna,-,-,Yamuna,29.76218333,77.13166667,16-02-2024 00:00,148.5
1269,Karnal,CWC,6,Haryana,67,KARNAL,KARNAL,-,-,Ganga,Ganga,Yamuna,-,-,Yamuna,29.76218333,77.13166667,16-02-2024 02:00,19.5
1270,Karnal,CWC,6,Haryana,67,KARNAL,KARNAL,-,-,Ganga,Ganga,Yamuna,-,-,Yamuna,29.76218333,77.13166667,16-02-2024 04:00,29.5
1271,Karnal,CWC,6,Haryana,67,KARNAL,KARNAL,-,-,Ganga,Ganga,Yamuna,-,-,Yamuna,29.76218333,77.13166667,16-02-2024 05:00,34.5
1272,Karnal,CWC,6,Haryana,67,KARNAL,KARNAL,-,-,Ganga,Ganga,Yamuna,-,-,Yamuna,29.76218333,77.13166667,16-02-2024 06:00,5
1273,Karnal,CWC,6,Haryana,67,KARNAL,KARNAL,-,-,Ganga,Ganga,Yamuna,-,-,Yamuna,29.76218333,77.13166667,16-02-2024 07:00,37
1274,Karnal,CWC,6,Haryana,67,KARNAL,KARNAL,-,-,Ganga,Ganga,Yamuna,-,-,Yamuna,29.76218333,77.13166667,16-02-2024 09:00,37
1275,Karnal,CWC,6,Haryana,67,KARNAL,KARNAL,-,-,Ganga,Ganga,Yamuna,-,-,Yamuna,29.76218333,77.13166667,16-02-2024 10:00,37
1276,Karnal,CWC,6,Haryana,67,KARNAL,KARNAL,-,-,Ganga,Ganga,Yamuna,-,-,Yamuna,29.76218333,77.13166667,16-02-2024 11:00,37
1277,Karnal,CWC,6,Haryana,67,KARNAL,KARNAL,-,-,Ganga,Ganga,Yamuna,-,-,Yamuna,29.76218333,77.13166667,16-02-2024 13:00,37
1278,Karnal,CWC,6,Haryana,67,KARNAL,KARNAL,-,-,Ganga,Ganga,Yamuna,-,-,Yamuna,29.76218333,77.13166667,16-02-2024 18:00,37
1279,Karnal,CWC,6,Haryana,67,KARNAL,KARNAL,-,-,Ganga,Ganga,Yamuna,-,-,Yamuna,29.76218333,77.13166667,16-02-2024 20:00,37
1280,Karnal,CWC,6,Haryana,67,KARNAL,KARNAL,-,-,Ganga,Ganga,Yamuna,-,-,Yamuna,29.76218333,77.13166667,16-02-2024 22:00,37
1281,Karnal,CWC,6,Haryana,67,KARNAL,KARNAL,-,-,Ganga,Ganga,Yamuna,-,-,Yamuna,29.76218333,77.13166667,16-02-2024 23:00,37
1282,Karnal,CWC,6,Haryana,67,KARNAL,KARNAL,-,-,Ganga,Ganga,Yamuna,-,-,Yamuna,29.76218333,77.13166667,17-02-2024 00:00,37
1283,Karnal,CWC,6,Haryana,67,KARNAL,KARNAL,-,-,Ganga,Ganga,Yamuna,-,-,Yamuna,29.76218333,77.13166667,17-02-2024 02:00,37
1284,Karnal,CWC,6,Haryana,67,KARNAL,KARNAL,-,-,Ganga,Ganga,Yamuna,-,-,Yamuna,29.76218333,77.13166667,21-02-2024 03:00,311
1285,Karnal,CWC,6,Haryana,67,KARNAL,KARNAL,-,-,Ganga,Ganga,Yamuna,-,-,Yamuna,29.76218333,77.13166667,21-02-2024 04:00,464
1286,Karnal,CWC,6,Haryana,67,KARNAL,KARNAL,-,-,Ganga,Ganga,Yamuna,-,-,Yamuna,29.76218333,77.13166667,21-02-2024 05:00,472.5
1287,Karnal,CWC,6,Haryana,67,KARNAL,KARNAL,-,-,Ganga,Ganga,Yamuna,-,-,Yamuna,29.76218333,77.13166667,21-02-2024 06:00,8.5
1288,Karnal,CWC,6,Haryana,67,KARNAL,KARNAL,-,-,Ganga,Ganga,Yamuna,-,-,Yamuna,29.76218333,77.13166667,21-02-2024 07:00,55
1289,Karnal,CWC,6,Haryana,67,KARNAL,KARNAL,-,-,Ganga,Ganga,Yamuna,-,-,Yamuna,29.76218333,77.13166667,21-02-2024 08:00,55
1290,Karnal,CWC,6,Haryana,67,KARNAL,KARNAL,-,-,Ganga,Ganga,Yamuna,-,-,Yamuna,29.76218333,77.13166667,21-02-2024 10:00,55
1291,Karnal,CWC,6,Haryana,67,KARNAL,KARNAL,-,-,Ganga,Ganga,Yamuna,-,-,Yamuna,29.76218333,77.13166667,21-02-2024 11:00,55
1292,Karnal,CWC,6,Haryana,67,KARNAL,KARNAL,-,-,Ganga,Ganga,Yamuna,-,-,Yamuna,29.76218333,77.13166667,21-02-2024 12:00,55
1293,Karnal,CWC,6,Haryana,67,KARNAL,KARNAL,-,-,Ganga,Ganga,Yamuna,-,-,Yamuna,29.76218333,77.13166667,21-02-2024 13:00,55
1294,Karnal,CWC,6,Haryana,67,KARNAL,KARNAL,-,-,Ganga,Ganga,Yamuna,-,-,Yamuna,29.76218333,77.13166667,21-02-2024 15:00,55.5
1295,Karnal,CWC,6,Haryana,67,KARNAL,KARNAL,-,-,Ganga,Ganga,Yamuna,-,-,Yamuna,29.76218333,77.13166667,21-02-2024 16:00,55.5
1296,Karnal,CWC,6,Haryana,67,KARNAL,KARNAL,-,-,Ganga,Ganga,Yamuna,-,-,Yamuna,29.76218333,77.13166667,21-02-2024 17:00,55.5
1297,Karnal,CWC,6,Haryana,67,KARNAL,KARNAL,-,-,Ganga,Ganga,Yamuna,-,-,Yamuna,29.76218333,77.13166667,21-02-2024 19:00,93
1298,Karnal,CWC,6,Haryana,67,KARNAL,KARNAL,-,-,Ganga,Ganga,Yamuna,-,-,Yamuna,29.76218333,77.13166667,21-02-2024 20:00,93
1299,Karnal,CWC,6,Haryana,67,KARNAL,KARNAL,-,-,Ganga,Ganga,Yamuna,-,-,Yamuna,29.76218333,77.13166667,21-02-2024 21:00,93
1300,Karnal,CWC,6,Haryana,67,KARNAL,KARNAL,-,-,Ganga,Ganga,Yamuna,-,-,Yamuna,29.76218333,77.13166667,21-02-2024 22:00,93
1301,Karnal,CWC,6,Haryana,67,KARNAL,KARNAL,-,-,Ganga,Ganga,Yamuna,-,-,Yamuna,29.76218333,77.13166667,21-02-2024 23:00,93
1302,Karnal,CWC,6,Haryana,67,KARNAL,KARNAL,-,-,Ganga,Ganga,Yamuna,-,-,Yamuna,29.76218333,77.13166667,22-02-2024 01:00,93
1303,Karnal,CWC,6,Haryana,67,KARNAL,KARNAL,-,-,Ganga,Ganga,Yamuna,-,-,Yamuna,29.76218333,77.13166667,22-02-2024 02:00,93
1304,Karnal,CWC,6,Haryana,67,KARNAL,KARNAL,-,-,Ganga,Ganga,Yamuna,-,-,Yamuna,29.76218333,77.13166667,22-02-2024 04:00,68.5
1305,Karnal,CWC,6,Haryana,67,KARNAL,KARNAL,-,-,Ganga,Ganga,Yamuna,-,-,Yamuna,29.76218333,77.13166667,22-02-2024 05:00,69
1306,Karnal,CWC,6,Haryana,67,KARNAL,KARNAL,-,-,Ganga,Ganga,Yamuna,-,-,Yamuna,29.76218333,77.13166667,22-02-2024 06:00,0.5
1307,Karnal,CWC,6,Haryana,67,KARNAL,KARNAL,-,-,Ganga,Ganga,Yamuna,-,-,Yamuna,29.76218333,77.13166667,22-02-2024 09:00,69
1308,Karnal,CWC,6,Haryana,67,KARNAL,KARNAL,-,-,Ganga,Ganga,Yamuna,-,-,Yamuna,29.76218333,77.13166667,22-02-2024 10:00,69
1309,Karnal,CWC,6,Haryana,67,KARNAL,KARNAL,-,-,Ganga,Ganga,Yamuna,-,-,Yamuna,29.76218333,77.13166667,22-02-2024 11:00,69
1310,Karnal,CWC,6,Haryana,67,KARNAL,KARNAL,-,-,Ganga,Ganga,Yamuna,-,-,Yamuna,29.76218333,77.13166667,22-02-2024 12:00,69
1311,Karnal,CWC,6,Haryana,67,KARNAL,KARNAL,-,-,Ganga,Ganga,Yamuna,-,-,Yamuna,29.76218333,77.13166667,22-02-2024 13:00,69
1312,Karnal,CWC,6,Haryana,67,KARNAL,KARNAL,-,-,Ganga,Ganga,Yamuna,-,-,Yamuna,29.76218333,77.13166667,22-02-2024 16:00,69
1313,Karnal,CWC,6,Haryana,67,KARNAL,KARNAL,-,-,Ganga,Ganga,Yamuna,-,-,Yamuna,29.76218333,77.13166667,22-02-2024 22:00,69
1314,Karnal,CWC,6,Haryana,67,KARNAL,KARNAL,-,-,Ganga,Ganga,Yamuna,-,-,Yamuna,29.76218333,77.13166667,22-02-2024 23:00,69
1315,Karnal,CWC,6,Haryana,67,KARNAL,KARNAL,-,-,Ganga,Ganga,Yamuna,-,-,Yamuna,29.76218333,77.13166667,23-02-2024 01:00,69
1316,Karnal,CWC,6,Haryana,67,KARNAL,KARNAL,-,-,Ganga,Ganga,Yamuna,-,-,Yamuna,29.76218333,77.13166667,23-02-2024 03:00,0.5
1317,Karnal,CWC,6,Haryana,67,KARNAL,KARNAL,-,-,Ganga,Ganga,Yamuna,-,-,Yamuna,29.76218333,77.13166667,02-03-2024 01:00,64.5
1318,Karnal,CWC,6,Haryana,67,KARNAL,KARNAL,-,-,Ganga,Ganga,Yamuna,-,-,Yamuna,29.76218333,77.13166667,02-03-2024 23:00,106.5
1319,Karnal,CWC,6,Haryana,67,KARNAL,KARNAL,-,-,Ganga,Ganga,Yamuna,-,-,Yamuna,29.76218333,77.13166667,03-03-2024 00:00,97.5
1320,Karnal,CWC,6,Haryana,67,KARNAL,KARNAL,-,-,Ganga,Ganga,Yamuna,-,-,Yamuna,29.76218333,77.13166667,03-03-2024 08:00,60
1321,Karnal,CWC,6,Haryana,67,KARNAL,KARNAL,-,-,Ganga,Ganga,Yamuna,-,-,Yamuna,29.76218333,77.13166667,03-03-2024 19:00,60
1322,Karnal,CWC,6,Haryana,67,KARNAL,KARNAL,-,-,Ganga,Ganga,Yamuna,-,-,Yamuna,29.76218333,77.13166667,03-03-2024 21:00,29.5
1323,Karnal,CWC,6,Haryana,67,KARNAL,KARNAL,-,-,Ganga,Ganga,Yamuna,-,-,Yamuna,29.76218333,77.13166667,03-03-2024 22:00,19.5
1324,Karnal,CWC,6,Haryana,67,KARNAL,KARNAL,-,-,Ganga,Ganga,Yamuna,-,-,Yamuna,29.76218333,77.13166667,03-03-2024 23:00,112
1325,Karnal,CWC,6,Haryana,67,KARNAL,KARNAL,-,-,Ganga,Ganga,Yamuna,-,-,Yamuna,29.76218333,77.13166667,04-03-2024 01:00,26
1326,Karnal,CWC,6,Haryana,67,KARNAL,KARNAL,-,-,Ganga,Ganga,Yamuna,-,-,Yamuna,29.76218333,77.13166667,04-03-2024 02:00,29
1327,Karnal,CWC,6,Haryana,67,KARNAL,KARNAL,-,-,Ganga,Ganga,Yamuna,-,-,Yamuna,29.76218333,77.13166667,04-03-2024 17:00,212.5
1328,Karnal,CWC,6,Haryana,67,KARNAL,KARNAL,-,-,Ganga,Ganga,Yamuna,-,-,Yamuna,29.76218333,77.13166667,04-03-2024 23:00,212.5
1329,Karnal,CWC,6,Haryana,67,KARNAL,KARNAL,-,-,Ganga,Ganga,Yamuna,-,-,Yamuna,29.76218333,77.13166667,08-03-2024 16:00,100.5
1330,Karnal,CWC,6,Haryana,67,KARNAL,KARNAL,-,-,Ganga,Ganga,Yamuna,-,-,Yamuna,29.76218333,77.13166667,08-03-2024 17:00,100.5
1331,Karnal,CWC,6,Haryana,67,KARNAL,KARNAL,-,-,Ganga,Ganga,Yamuna,-,-,Yamuna,29.76218333,77.13166667,08-03-2024 21:00,100.5
1332,Karnal,CWC,6,Haryana,67,KARNAL,KARNAL,-,-,Ganga,Ganga,Yamuna,-,-,Yamuna,29.76218333,77.13166667,08-03-2024 22:00,100.5
1333,Karnal,CWC,6,Haryana,67,KARNAL,KARNAL,-,-,Ganga,Ganga,Yamuna,-,-,Yamuna,29.76218333,77.13166667,08-03-2024 23:00,100.5
1334,Karnal,CWC,6,Haryana,67,KARNAL,KARNAL,-,-,Ganga,Ganga,Yamuna,-,-,Yamuna,29.76218333,77.13166667,09-03-2024 00:00,100.5
1335,Karnal,CWC,6,Haryana,67,KARNAL,KARNAL,-,-,Ganga,Ganga,Yamuna,-,-,Yamuna,29.76218333,77.13166667,09-03-2024 01:00,100.5
1336,Karnal,CWC,6,Haryana,67,KARNAL,KARNAL,-,-,Ganga,Ganga,Yamuna,-,-,Yamuna,29.76218333,77.13166667,09-03-2024 02:00,100.5
1337,Karnal,CWC,6,Haryana,67,KARNAL,KARNAL,-,-,Ganga,Ganga,Yamuna,-,-,Yamuna,29.76218333,77.13166667,13-03-2024 06:00,11.5
1338,Karnal,CWC,6,Haryana,67,KARNAL,KARNAL,-,-,Ganga,Ganga,Yamuna,-,-,Yamuna,29.76218333,77.13166667,13-03-2024 07:00,11.5
1339,Karnal,CWC,6,Haryana,67,KARNAL,KARNAL,-,-,Ganga,Ganga,Yamuna,-,-,Yamuna,29.76218333,77.13166667,13-03-2024 08:00,11.5
1340,Karnal,CWC,6,Haryana,67,KARNAL,KARNAL,-,-,Ganga,Ganga,Yamuna,-,-,Yamuna,29.76218333,77.13166667,13-03-2024 09:00,11.5
1341,Karnal,CWC,6,Haryana,67,KARNAL,KARNAL,-,-,Ganga,Ganga,Yamuna,-,-,Yamuna,29.76218333,77.13166667,13-03-2024 10:00,11.5
1342,Karnal,CWC,6,Haryana,67,KARNAL,KARNAL,-,-,Ganga,Ganga,Yamuna,-,-,Yamuna,29.76218333,77.13166667,13-03-2024 11:00,11.5
1343,Karnal,CWC,6,Haryana,67,KARNAL,KARNAL,-,-,Ganga,Ganga,Yamuna,-,-,Yamuna,29.76218333,77.13166667,13-03-2024 12:00,11.5
1344,Karnal,CWC,6,Haryana,67,KARNAL,KARNAL,-,-,Ganga,Ganga,Yamuna,-,-,Yamuna,29.76218333,77.13166667,13-03-2024 13:00,11.5
1345,Karnal,CWC,6,Haryana,67,KARNAL,KARNAL,-,-,Ganga,Ganga,Yamuna,-,-,Yamuna,29.76218333,77.13166667,13-03-2024 16:00,11.5
1346,Karnal,CWC,6,Haryana,67,KARNAL,KARNAL,-,-,Ganga,Ganga,Yamuna,-,-,Yamuna,29.76218333,77.13166667,13-03-2024 17:00,11.5
1347,Karnal,CWC,6,Haryana,67,KARNAL,KARNAL,-,-,Ganga,Ganga,Yamuna,-,-,Yamuna,29.76218333,77.13166667,13-03-2024 18:00,11.5
1348,Karnal,CWC,6,Haryana,67,KARNAL,KARNAL,-,-,Ganga,Ganga,Yamuna,-,-,Yamuna,29.76218333,77.13166667,13-03-2024 19:00,11.5
1349,Karnal,CWC,6,Haryana,67,KARNAL,KARNAL,-,-,Ganga,Ganga,Yamuna,-,-,Yamuna,29.76218333,77.13166667,13-03-2024 21:00,13.5
1350,Karnal,CWC,6,Haryana,67,KARNAL,KARNAL,-,-,Ganga,Ganga,Yamuna,-,-,Yamuna,29.76218333,77.13166667,13-03-2024 22:00,13.5
1351,Karnal,CWC,6,Haryana,67,KARNAL,KARNAL,-,-,Ganga,Ganga,Yamuna,-,-,Yamuna,29.76218333,77.13166667,13-03-2024 23:00,78
1352,Karnal,CWC,6,Haryana,67,KARNAL,KARNAL,-,-,Ganga,Ganga,Yamuna,-,-,Yamuna,29.76218333,77.13166667,14-03-2024 00:00,81.5
1353,Karnal,CWC,6,Haryana,67,KARNAL,KARNAL,-,-,Ganga,Ganga,Yamuna,-,-,Yamuna,29.76218333,77.13166667,14-03-2024 01:00,3.5
1354,Karnal,CWC,6,Haryana,67,KARNAL,KARNAL,-,-,Ganga,Ganga,Yamuna,-,-,Yamuna,29.76218333,77.13166667,14-03-2024 03:00,37.5
1355,Karnal,CWC,6,Haryana,67,KARNAL,KARNAL,-,-,Ganga,Ganga,Yamuna,-,-,Yamuna,29.76218333,77.13166667,14-03-2024 04:00,45.5
1356,Karnal,CWC,6,Haryana,67,KARNAL,KARNAL,-,-,Ganga,Ganga,Yamuna,-,-,Yamuna,29.76218333,77.13166667,14-03-2024 05:00,45.5
1357,Karnal,CWC,6,Haryana,67,KARNAL,KARNAL,-,-,Ganga,Ganga,Yamuna,-,-,Yamuna,29.76218333,77.13166667,14-03-2024 07:00,56.5
1358,Karnal,CWC,6,Haryana,67,KARNAL,KARNAL,-,-,Ganga,Ganga,Yamuna,-,-,Yamuna,29.76218333,77.13166667,14-03-2024 08:00,56.5
1359,Karnal,CWC,6,Haryana,67,KARNAL,KARNAL,-,-,Ganga,Ganga,Yamuna,-,-,Yamuna,29.76218333,77.13166667,14-03-2024 09:00,56.5
1360,Karnal,CWC,6,Haryana,67,KARNAL,KARNAL,-,-,Ganga,Ganga,Yamuna,-,-,Yamuna,29.76218333,77.13166667,14-03-2024 10:00,56.5
1361,Karnal,CWC,6,Haryana,67,KARNAL,KARNAL,-,-,Ganga,Ganga,Yamuna,-,-,Yamuna,29.76218333,77.13166667,14-03-2024 12:00,56.5
1362,Karnal,CWC,6,Haryana,67,KARNAL,KARNAL,-,-,Ganga,Ganga,Yamuna,-,-,Yamuna,29.76218333,77.13166667,14-03-2024 14:00,56.5
1363,Karnal,CWC,6,Haryana,67,KARNAL,KARNAL,-,-,Ganga,Ganga,Yamuna,-,-,Yamuna,29.76218333,77.13166667,14-03-2024 15:00,56.5
1364,Karnal,CWC,6,Haryana,67,KARNAL,KARNAL,-,-,Ganga,Ganga,Yamuna,-,-,Yamuna,29.76218333,77.13166667,14-03-2024 17:00,61.5
1365,Karnal,CWC,6,Haryana,67,KARNAL,KARNAL,-,-,Ganga,Ganga,Yamuna,-,-,Yamuna,29.76218333,77.13166667,14-03-2024 20:00,61.5
1366,Karnal,CWC,6,Haryana,67,KARNAL,KARNAL,-,-,Ganga,Ganga,Yamuna,-,-,Yamuna,29.76218333,77.13166667,14-03-2024 21:00,61.5
1367,Karnal,CWC,6,Haryana,67,KARNAL,KARNAL,-,-,Ganga,Ganga,Yamuna,-,-,Yamuna,29.76218333,77.13166667,14-03-2024 22:00,61.5
1368,Karnal,CWC,6,Haryana,67,KARNAL,KARNAL,-,-,Ganga,Ganga,Yamuna,-,-,Yamuna,29.76218333,77.13166667,14-03-2024 23:00,61.5
1369,Karnal,CWC,6,Haryana,67,KARNAL,KARNAL,-,-,Ganga,Ganga,Yamuna,-,-,Yamuna,29.76218333,77.13166667,15-03-2024 01:00,61.5
1370,Karnal,CWC,6,Haryana,67,KARNAL,KARNAL,-,-,Ganga,Ganga,Yamuna,-,-,Yamuna,29.76218333,77.13166667,15-03-2024 04:00,9
1371,Karnal,CWC,6,Haryana,67,KARNAL,KARNAL,-,-,Ganga,Ganga,Yamuna,-,-,Yamuna,29.76218333,77.13166667,15-03-2024 05:00,9
1372,Karnal,CWC,6,Haryana,67,KARNAL,KARNAL,-,-,Ganga,Ganga,Yamuna,-,-,Yamuna,29.76218333,77.13166667,15-03-2024 06:00,9
1373,Karnal,CWC,6,Haryana,67,KARNAL,KARNAL,-,-,Ganga,Ganga,Yamuna,-,-,Yamuna,29.76218333,77.13166667,15-03-2024 07:00,10.5
1374,Karnal,CWC,6,Haryana,67,KARNAL,KARNAL,-,-,Ganga,Ganga,Yamuna,-,-,Yamuna,29.76218333,77.13166667,15-03-2024 08:00,10.5
1375,Karnal,CWC,6,Haryana,67,KARNAL,KARNAL,-,-,Ganga,Ganga,Yamuna,-,-,Yamuna,29.76218333,77.13166667,15-03-2024 09:00,10.5
1376,Karnal,CWC,6,Haryana,67,KARNAL,KARNAL,-,-,Ganga,Ganga,Yamuna,-,-,Yamuna,29.76218333,77.13166667,15-03-2024 10:00,10.5
1377,Karnal,CWC,6,Haryana,67,KARNAL,KARNAL,-,-,Ganga,Ganga,Yamuna,-,-,Yamuna,29.76218333,77.13166667,15-03-2024 11:00,10.5
1378,Karnal,CWC,6,Haryana,67,KARNAL,KARNAL,-,-,Ganga,Ganga,Yamuna,-,-,Yamuna,29.76218333,77.13166667,15-03-2024 12:00,10.5
1379,Karnal,CWC,6,Haryana,67,KARNAL,KARNAL,-,-,Ganga,Ganga,Yamuna,-,-,Yamuna,29.76218333,77.13166667,15-03-2024 13:00,10.5
1380,Karnal,CWC,6,Haryana,67,KARNAL,KARNAL,-,-,Ganga,Ganga,Yamuna,-,-,Yamuna,29.76218333,77.13166667,15-03-2024 14:00,10.5
1381,Karnal,CWC,6,Haryana,67,KARNAL,KARNAL,-,-,Ganga,Ganga,Yamuna,-,-,Yamuna,29.76218333,77.13166667,15-03-2024 16:00,10.5
1382,Karnal,CWC,6,Haryana,67,KARNAL,KARNAL,-,-,Ganga,Ganga,Yamuna,-,-,Yamuna,29.76218333,77.13166667,15-03-2024 17:00,10.5
1383,Karnal,CWC,6,Haryana,67,KARNAL,KARNAL,-,-,Ganga,Ganga,Yamuna,-,-,Yamuna,29.76218333,77.13166667,15-03-2024 18:00,10.5
1384,Karnal,CWC,6,Haryana,67,KARNAL,KARNAL,-,-,Ganga,Ganga,Yamuna,-,-,Yamuna,29.76218333,77.13166667,15-03-2024 19:00,10.5
1385,Karnal,CWC,6,Haryana,67,KARNAL,KARNAL,-,-,Ganga,Ganga,Yamuna,-,-,Yamuna,29.76218333,77.13166667,15-03-2024 20:00,10.5
1386,Karnal,CWC,6,Haryana,67,KARNAL,KARNAL,-,-,Ganga,Ganga,Yamuna,-,-,Yamuna,29.76218333,77.13166667,15-03-2024 21:00,10.5
1387,Karnal,CWC,6,Haryana,67,KARNAL,KARNAL,-,-,Ganga,Ganga,Yamuna,-,-,Yamuna,29.76218333,77.13166667,15-03-2024 22:00,10.5
1388,Karnal,CWC,6,Haryana,67,KARNAL,KARNAL,-,-,Ganga,Ganga,Yamuna,-,-,Yamuna,29.76218333,77.13166667,15-03-2024 23:00,10.5
1389,Karnal,CWC,6,Haryana,67,KARNAL,KARNAL,-,-,Ganga,Ganga,Yamuna,-,-,Yamuna,29.76218333,77.13166667,16-03-2024 00:00,10.5
1390,Karnal,CWC,6,Haryana,67,KARNAL,KARNAL,-,-,Ganga,Ganga,Yamuna,-,-,Yamuna,29.76218333,77.13166667,16-03-2024 01:00,10.5
1391,Karnal,CWC,6,Haryana,67,KARNAL,KARNAL,-,-,Ganga,Ganga,Yamuna,-,-,Yamuna,29.76218333,77.13166667,16-03-2024 03:00,1
1392,Karnal,CWC,6,Haryana,67,KARNAL,KARNAL,-,-,Ganga,Ganga,Yamuna,-,-,Yamuna,29.76218333,77.13166667,16-03-2024 04:00,1
1393,Karnal,CWC,6,Haryana,67,KARNAL,KARNAL,-,-,Ganga,Ganga,Yamuna,-,-,Yamuna,29.76218333,77.13166667,16-03-2024 05:00,10
1394,Karnal,CWC,6,Haryana,67,KARNAL,KARNAL,-,-,Ganga,Ganga,Yamuna,-,-,Yamuna,29.76218333,77.13166667,16-03-2024 06:00,10
1395,Karnal,CWC,6,Haryana,67,KARNAL,KARNAL,-,-,Ganga,Ganga,Yamuna,-,-,Yamuna,29.76218333,77.13166667,16-03-2024 08:00,10
1396,Karnal,CWC,6,Haryana,67,KARNAL,KARNAL,-,-,Ganga,Ganga,Yamuna,-,-,Yamuna,29.76218333,77.13166667,16-03-2024 09:00,10
1397,Karnal,CWC,6,Haryana,67,KARNAL,KARNAL,-,-,Ganga,Ganga,Yamuna,-,-,Yamuna,29.76218333,77.13166667,16-03-2024 10:00,10
1398,Karnal,CWC,6,Haryana,67,KARNAL,KARNAL,-,-,Ganga,Ganga,Yamuna,-,-,Yamuna,29.76218333,77.13166667,16-03-2024 13:00,10
1399,Karnal,CWC,6,Haryana,67,KARNAL,KARNAL,-,-,Ganga,Ganga,Yamuna,-,-,Yamuna,29.76218333,77.13166667,16-03-2024 14:00,10
1400,Karnal,CWC,6,Haryana,67,KARNAL,KARNAL,-,-,Ganga,Ganga,Yamuna,-,-,Yamuna,29.76218333,77.13166667,16-03-2024 15:00,10
1401,Karnal,CWC,6,Haryana,67,KARNAL,KARNAL,-,-,Ganga,Ganga,Yamuna,-,-,Yamuna,29.76218333,77.13166667,16-03-2024 16:00,10
1402,Karnal,CWC,6,Haryana,67,KARNAL,KARNAL,-,-,Ganga,Ganga,Yamuna,-,-,Yamuna,29.76218333,77.13166667,16-03-2024 17:00,10
1403,Karnal,CWC,6,Haryana,67,KARNAL,KARNAL,-,-,Ganga,Ganga,Yamuna,-,-,Yamuna,29.76218333,77.13166667,16-03-2024 19:00,10
1404,Karnal,CWC,6,Haryana,67,KARNAL,KARNAL,-,-,Ganga,Ganga,Yamuna,-,-,Yamuna,29.76218333,77.13166667,16-03-2024 20:00,10
1405,Karnal,CWC,6,Haryana,67,KARNAL,KARNAL,-,-,Ganga,Ganga,Yamuna,-,-,Yamuna,29.76218333,77.13166667,16-03-2024 22:00,10
1406,Karnal,CWC,6,Haryana,67,KARNAL,KARNAL,-,-,Ganga,Ganga,Yamuna,-,-,Yamuna,29.76218333,77.13166667,16-03-2024 23:00,10
1407,Karnal,CWC,6,Haryana,67,KARNAL,KARNAL,-,-,Ganga,Ganga,Yamuna,-,-,Yamuna,29.76218333,77.13166667,17-03-2024 00:00,10
1408,Karnal,CWC,6,Haryana,67,KARNAL,KARNAL,-,-,Ganga,Ganga,Yamuna,-,-,Yamuna,29.76218333,77.13166667,17-03-2024 02:00,10
1409,Karnal,CWC,6,Haryana,67,KARNAL,KARNAL,-,-,Ganga,Ganga,Yamuna,-,-,Yamuna,29.76218333,77.13166667,17-03-2024 04:00,10
1410,Karnal,CWC,6,Haryana,67,KARNAL,KARNAL,-,-,Ganga,Ganga,Yamuna,-,-,Yamuna,29.76218333,77.13166667,17-03-2024 05:00,10
1411,Karnal,CWC,6,Haryana,67,KARNAL,KARNAL,-,-,Ganga,Ganga,Yamuna,-,-,Yamuna,29.76218333,77.13166667,17-03-2024 06:00,10
1412,Karnal,CWC,6,Haryana,67,KARNAL,KARNAL,-,-,Ganga,Ganga,Yamuna,-,-,Yamuna,29.76218333,77.13166667,17-03-2024 07:00,10
1413,Karnal,CWC,6,Haryana,67,KARNAL,KARNAL,-,-,Ganga,Ganga,Yamuna,-,-,Yamuna,29.76218333,77.13166667,17-03-2024 08:00,10
1414,Karnal,CWC,6,Haryana,67,KARNAL,KARNAL,-,-,Ganga,Ganga,Yamuna,-,-,Yamuna,29.76218333,77.13166667,17-03-2024 11:00,10
1415,Karnal,CWC,6,Haryana,67,KARNAL,KARNAL,-,-,Ganga,Ganga,Yamuna,-,-,Yamuna,29.76218333,77.13166667,17-03-2024 12:00,10
1416,Karnal,CWC,6,Haryana,67,KARNAL,KARNAL,-,-,Ganga,Ganga,Yamuna,-,-,Yamuna,29.76218333,77.13166667,17-03-2024 13:00,10
1417,Karnal,CWC,6,Haryana,67,KARNAL,KARNAL,-,-,Ganga,Ganga,Yamuna,-,-,Yamuna,29.76218333,77.13166667,17-03-2024 14:00,10
1418,Karnal,CWC,6,Haryana,67,KARNAL,KARNAL,-,-,Ganga,Ganga,Yamuna,-,-,Yamuna,29.76218333,77.13166667,17-03-2024 15:00,10
1419,Karnal,CWC,6,Haryana,67,KARNAL,KARNAL,-,-,Ganga,Ganga,Yamuna,-,-,Yamuna,29.76218333,77.13166667,17-03-2024 17:00,10
1420,Karnal,CWC,6,Haryana,67,KARNAL,KARNAL,-,-,Ganga,Ganga,Yamuna,-,-,Yamuna,29.76218333,77.13166667,17-03-2024 18:00,10
1421,Karnal,CWC,6,Haryana,67,KARNAL,KARNAL,-,-,Ganga,Ganga,Yamuna,-,-,Yamuna,29.76218333,77.13166667,17-03-2024 19:00,10
1422,Karnal,CWC,6,Haryana,67,KARNAL,KARNAL,-,-,Ganga,Ganga,Yamuna,-,-,Yamuna,29.76218333,77.13166667,17-03-2024 20:00,10
1423,Karnal,CWC,6,Haryana,67,KARNAL,KARNAL,-,-,Ganga,Ganga,Yamuna,-,-,Yamuna,29.76218333,77.13166667,17-03-2024 22:00,10
1424,Karnal,CWC,6,Haryana,67,KARNAL,KARNAL,-,-,Ganga,Ganga,Yamuna,-,-,Yamuna,29.76218333,77.13166667,17-03-2024 23:00,10
1425,Karnal,CWC,6,Haryana,67,KARNAL,KARNAL,-,-,Ganga,Ganga,Yamuna,-,-,Yamuna,29.76218333,77.13166667,18-03-2024 00:00,10
1426,Karnal,CWC,6,Haryana,67,KARNAL,KARNAL,-,-,Ganga,Ganga,Yamuna,-,-,Yamuna,29.76218333,77.13166667,18-03-2024 01:00,10
1427,Karnal,CWC,6,Haryana,67,KARNAL,KARNAL,-,-,Ganga,Ganga,Yamuna,-,-,Yamuna,29.76218333,77.13166667,18-03-2024 02:00,10
1428,Karnal,CWC,6,Haryana,67,KARNAL,KARNAL,-,-,Ganga,Ganga,Yamuna,-,-,Yamuna,29.76218333,77.13166667,24-03-2024 11:00,40
1429,Karnal,CWC,6,Haryana,67,KARNAL,KARNAL,-,-,Ganga,Ganga,Yamuna,-,-,Yamuna,29.76218333,77.13166667,24-03-2024 12:00,1.5
1430,Karnal,CWC,6,Haryana,67,KARNAL,KARNAL,-,-,Ganga,Ganga,Yamuna,-,-,Yamuna,29.76218333,77.13166667,24-03-2024 13:00,40
1431,Karnal,CWC,6,Haryana,67,KARNAL,KARNAL,-,-,Ganga,Ganga,Yamuna,-,-,Yamuna,29.76218333,77.13166667,24-03-2024 15:00,40
1432,Karnal,CWC,6,Haryana,67,KARNAL,KARNAL,-,-,Ganga,Ganga,Yamuna,-,-,Yamuna,29.76218333,77.13166667,24-03-2024 19:00,40
1433,Karnal,CWC,6,Haryana,67,KARNAL,KARNAL,-,-,Ganga,Ganga,Yamuna,-,-,Yamuna,29.76218333,77.13166667,24-03-2024 20:00,40
1434,Karnal,CWC,6,Haryana,67,KARNAL,KARNAL,-,-,Ganga,Ganga,Yamuna,-,-,Yamuna,29.76218333,77.13166667,24-03-2024 21:00,40
1435,Karnal,CWC,6,Haryana,67,KARNAL,KARNAL,-,-,Ganga,Ganga,Yamuna,-,-,Yamuna,29.76218333,77.13166667,24-03-2024 23:00,40
1436,Karnal,CWC,6,Haryana,67,KARNAL,KARNAL,-,-,Ganga,Ganga,Yamuna,-,-,Yamuna,29.76218333,77.13166667,25-03-2024 00:00,40
1437,Karnal,CWC,6,Haryana,67,KARNAL,KARNAL,-,-,Ganga,Ganga,Yamuna,-,-,Yamuna,29.76218333,77.13166667,25-03-2024 02:00,40
1438,Karnal,CWC,6,Haryana,67,KARNAL,KARNAL,-,-,Ganga,Ganga,Yamuna,-,-,Yamuna,29.76218333,77.13166667,17-05-2024 07:00,18
1439,Karnal,CWC,6,Haryana,67,KARNAL,KARNAL,-,-,Ganga,Ganga,Yamuna,-,-,Yamuna,29.76218333,77.13166667,30-05-2024 05:00,2.5
1440,Karnal,CWC,6,Haryana,67,KARNAL,KARNAL,-,-,Ganga,Ganga,Yamuna,-,-,Yamuna,29.76218333,77.13166667,30-05-2024 06:00,2.5
1441,Karnal,CWC,6,Haryana,67,KARNAL,KARNAL,-,-,Ganga,Ganga,Yamuna,-,-,Yamuna,29.76218333,77.13166667,30-05-2024 07:00,2.5
1442,Karnal,CWC,6,Haryana,67,KARNAL,KARNAL,-,-,Ganga,Ganga,Yamuna,-,-,Yamuna,29.76218333,77.13166667,30-05-2024 08:00,2.5
1443,Karnal,CWC,6,Haryana,67,KARNAL,KARNAL,-,-,Ganga,Ganga,Yamuna,-,-,Yamuna,29.76218333,77.13166667,30-05-2024 09:00,2.5
1444,Karnal,CWC,6,Haryana,67,KARNAL,KARNAL,-,-,Ganga,Ganga,Yamuna,-,-,Yamuna,29.76218333,77.13166667,30-05-2024 14:00,2.5
1445,Karnal,CWC,6,Haryana,67,KARNAL,KARNAL,-,-,Ganga,Ganga,Yamuna,-,-,Yamuna,29.76218333,77.13166667,30-05-2024 18:00,2.5
1446,Karnal,CWC,6,Haryana,67,KARNAL,KARNAL,-,-,Ganga,Ganga,Yamuna,-,-,Yamuna,29.76218333,77.13166667,30-05-2024 21:00,2.5
1447,Karnal,CWC,6,Haryana,67,KARNAL,KARNAL,-,-,Ganga,Ganga,Yamuna,-,-,Yamuna,29.76218333,77.13166667,30-05-2024 22:00,2.5
1448,Karnal,CWC,6,Haryana,67,KARNAL,KARNAL,-,-,Ganga,Ganga,Yamuna,-,-,Yamuna,29.76218333,77.13166667,31-05-2024 00:00,2.5
1449,Karnal,CWC,6,Haryana,67,KARNAL,KARNAL,-,-,Ganga,Ganga,Yamuna,-,-,Yamuna,29.76218333,77.13166667,31-05-2024 01:00,2.5
1450,Karnal,CWC,6,Haryana,67,KARNAL,KARNAL,-,-,Ganga,Ganga,Yamuna,-,-,Yamuna,29.76218333,77.13166667,31-05-2024 02:00,2.5
1451,Karnal,CWC,6,Haryana,67,KARNAL,KARNAL,-,-,Ganga,Ganga,Yamuna,-,-,Yamuna,29.76218333,77.13166667,06-07-2024 07:30,1.5
1452,Karnal,CWC,6,Haryana,67,KARNAL,KARNAL,-,-,Ganga,Ganga,Yamuna,-,-,Yamuna,29.76218333,77.13166667,23-07-2024 08:00,312
1453,Karnal,CWC,6,Haryana,67,KARNAL,KARNAL,-,-,Ganga,Ganga,Yamuna,-,-,Yamuna,29.76218333,77.13166667,24-07-2024 04:00,5
1454,Karnal,CWC,6,Haryana,67,KARNAL,KARNAL,-,-,Ganga,Ganga,Yamuna,-,-,Yamuna,29.76218333,77.13166667,24-07-2024 09:00,3
1455,Karnal,CWC,6,Haryana,67,KARNAL,KARNAL,-,-,Ganga,Ganga,Yamuna,-,-,Yamuna,29.76218333,77.13166667,26-07-2024 03:00,96
1456,Karnal,CWC,6,Haryana,67,KARNAL,KARNAL,-,-,Ganga,Ganga,Yamuna,-,-,Yamuna,29.76218333,77.13166667,26-07-2024 07:00,192
1457,Karnal,CWC,6,Haryana,67,KARNAL,KARNAL,-,-,Ganga,Ganga,Yamuna,-,-,Yamuna,29.76218333,77.13166667,26-07-2024 10:00,0.5
1458,Karnal,CWC,6,Haryana,67,KARNAL,KARNAL,-,-,Ganga,Ganga,Yamuna,-,-,Yamuna,29.76218333,77.13166667,30-07-2024 07:00,177
1459,Karnal,CWC,6,Haryana,67,KARNAL,KARNAL,-,-,Ganga,Ganga,Yamuna,-,-,Yamuna,29.76218333,77.13166667,12-08-2024 23:00,335
1460,Karnal,CWC,6,Haryana,67,KARNAL,KARNAL,-,-,Ganga,Ganga,Yamuna,-,-,Yamuna,29.76218333,77.13166667,13-08-2024 00:00,335
1461,Karnal,CWC,6,Haryana,67,KARNAL,KARNAL,-,-,Ganga,Ganga,Yamuna,-,-,Yamuna,29.76218333,77.13166667,13-08-2024 01:00,335
1462,Karnal,CWC,6,Haryana,67,KARNAL,KARNAL,-,-,Ganga,Ganga,Yamuna,-,-,Yamuna,29.76218333,77.13166667,13-08-2024 02:00,335
1463,Karnal,CWC,6,Haryana,67,KARNAL,KARNAL,-,-,Ganga,Ganga,Yamuna,-,-,Yamuna,29.76218333,77.13166667,12-12-2024 13:00,7.5
1464,Karnal,CWC,6,Haryana,67,KARNAL,KARNAL,-,-,Ganga,Ganga,Yamuna,-,-,Yamuna,29.76218333,77.13166667,12-12-2024 14:00,7.5
1465,Karnal,CWC,6,Haryana,67,KARNAL,KARNAL,-,-,Ganga,Ganga,Yamuna,-,-,Yamuna,29.76218333,77.13166667,12-12-2024 15:00,7.5
1466,Karnal,CWC,6,Haryana,67,KARNAL,KARNAL,-,-,Ganga,Ganga,Yamuna,-,-,Yamuna,29.76218333,77.13166667,12-12-2024 16:00,7.5
1467,Karnal,CWC,6,Haryana,67,KARNAL,KARNAL,-,-,Ganga,Ganga,Yamuna,-,-,Yamuna,29.76218333,77.13166667,12-12-2024 17:00,7.5
1468,Karnal,CWC,6,Haryana,67,KARNAL,KARNAL,-,-,Ganga,Ganga,Yamuna,-,-,Yamuna,29.76218333,77.13166667,12-12-2024 18:00,7.5
1469,Karnal,CWC,6,Haryana,67,KARNAL,KARNAL,-,-,Ganga,Ganga,Yamuna,-,-,Yamuna,29.76218333,77.13166667,12-12-2024 19:00,7.5
1470,Karnal,CWC,6,Haryana,67,KARNAL,KARNAL,-,-,Ganga,Ganga,Yamuna,-,-,Yamuna,29.76218333,77.13166667,12-12-2024 20:00,7.5
1471,Karnal,CWC,6,Haryana,67,KARNAL,KARNAL,-,-,Ganga,Ganga,Yamuna,-,-,Yamuna,29.76218333,77.13166667,12-12-2024 21:00,7.5
1472,Karnal,CWC,6,Haryana,67,KARNAL,KARNAL,-,-,Ganga,Ganga,Yamuna,-,-,Yamuna,29.76218333,77.13166667,12-12-2024 22:00,7.5
1473,Karnal,CWC,6,Haryana,67,KARNAL,KARNAL,-,-,Ganga,Ganga,Yamuna,-,-,Yamuna,29.76218333,77.13166667,12-12-2024 23:00,7.5
1474,Karnal,CWC,6,Haryana,67,KARNAL,KARNAL,-,-,Ganga,Ganga,Yamuna,-,-,Yamuna,29.76218333,77.13166667,13-12-2024 00:00,7.5
1475,Karnal,CWC,6,Haryana,67,KARNAL,KARNAL,-,-,Ganga,Ganga,Yamuna,-,-,Yamuna,29.76218333,77.13166667,13-12-2024 01:00,7.5
1476,Karnal,CWC,6,Haryana,67,KARNAL,KARNAL,-,-,Ganga,Ganga,Yamuna,-,-,Yamuna,29.76218333,77.13166667,13-12-2024 02:00,7.5
1477,Karnal,CWC,6,Haryana,67,KARNAL,KARNAL,-,-,Ganga,Ganga,Yamuna,-,-,Yamuna,29.76218333,77.13166667,09-01-2025 04:00,3
1478,Karnal,CWC,6,Haryana,67,KARNAL,KARNAL,-,-,Ganga,Ganga,Yamuna,-,-,Yamuna,29.76218333,77.13166667,22-01-2025 03:00,136
1479,Karnal,CWC,6,Haryana,67,KARNAL,KARNAL,-,-,Ganga,Ganga,Yamuna,-,-,Yamuna,29.76218333,77.13166667,23-04-2025 04:00,132
1480,Karnal,CWC,6,Haryana,67,KARNAL,KARNAL,-,-,Ganga,Ganga,Yamuna,-,-,Yamuna,29.76218333,77.13166667,03-05-2025 09:00,18
1481,Karnal,CWC,6,Haryana,67,KARNAL,KARNAL,-,-,Ganga,Ganga,Yamuna,-,-,Yamuna,29.76218333,77.13166667,06-05-2025 06:00,178
1482,Karnal,CWC,6,Haryana,67,KARNAL,KARNAL,-,-,Ganga,Ganga,Yamuna,-,-,Yamuna,29.76218333,77.13166667,21-05-2025 06:00,14.5
1483,Karnal,CWC,6,Haryana,67,KARNAL,KARNAL,-,-,Ganga,Ganga,Yamuna,-,-,Yamuna,29.76218333,77.13166667,29-05-2025 10:00,78
1484,Karnal,CWC,6,Haryana,67,KARNAL,KARNAL,-,-,Ganga,Ganga,Yamuna,-,-,Yamuna,29.76218333,77.13166667,06-06-2025 06:00,64.5
1485,Karnal,CWC,6,Haryana,67,KARNAL,KARNAL,-,-,Ganga,Ganga,Yamuna,-,-,Yamuna,29.76218333,77.13166667,24-06-2025 19:00,0.5
1486,Karnal,CWC,6,Haryana,67,KARNAL,KARNAL,-,-,Ganga,Ganga,Yamuna,-,-,Yamuna,29.76218333,77.13166667,03-07-2025 01:00,294
1487,Karnal,CWC,6,Haryana,67,KARNAL,KARNAL,-,-,Ganga,Ganga,Yamuna,-,-,Yamuna,29.76218333,77.13166667,03-07-2025 10:00,10.5
1488,Karnal,CWC,6,Haryana,67,KARNAL,KARNAL,-,-,Ganga,Ganga,Yamuna,-,-,Yamuna,29.76218333,77.13166667,16-08-2025 11:00,340
1489,Karnal,CWC,6,Haryana,67,KARNAL,KARNAL,-,-,Ganga,Ganga,Yamuna,-,-,Yamuna,29.76218333,77.13166667,10-09-2025 04:00,371
1490,Karnal,CWC,6,Haryana,67,KARNAL,KARNAL,-,-,Ganga,Ganga,Yamuna,-,-,Yamuna,29.76218333,77.13166667,17-09-2025 05:00,196
1491,Karnal,CWC,6,Haryana,67,KARNAL,KARNAL,-,-,Ganga,Ganga,Yamuna,-,-,Yamuna,29.76218333,77.13166667,02-12-2025 09:00,240
1492,Karnal,CWC,6,Haryana,67,KARNAL,KARNAL,-,-,Ganga,Ganga,Yamuna,-,-,Yamuna,29.76218333,77.13166667,03-12-2025 08:00,32.5
1493,Karnal,CWC,6,Haryana,67,KARNAL,KARNAL,-,-,Ganga,Ganga,Yamuna,-,-,Yamuna,29.76218333,77.13166667,04-12-2025 05:00,128.5
1494,Karnal,CWC,6,Haryana,67,KARNAL,KARNAL,-,-,Ganga,Ganga,Yamuna,-,-,Yamuna,29.76218333,77.13166667,09-12-2025 10:00,144
1495,Karnal,CWC,6,Haryana,67,KARNAL,KARNAL,-,-,Ganga,Ganga,Yamuna,-,-,Yamuna,29.76218333,77.13166667,13-12-2025 07:00,5
1496,Karnal,CWC,6,Haryana,67,KARNAL,KARNAL,-,-,Ganga,Ganga,Yamuna,-,-,Yamuna,29.76218333,77.13166667,13-12-2025 08:00,5
1497,Karnal,CWC,6,Haryana,67,KARNAL,KARNAL,-,-,Ganga,Ganga,Yamuna,-,-,Yamuna,29.76218333,77.13166667,18-12-2025 08:00,212
1498,Karnal,CWC,6,Haryana,67,KARNAL,KARNAL,-,-,Ganga,Ganga,Yamuna,-,-,Yamuna,29.76218333,77.13166667,23-12-2025 03:00,48
1499,Karnal,CWC,6,Haryana,67,KARNAL,KARNAL,-,-,Ganga,Ganga,Yamuna,-,-,Yamuna,29.76218333,77.13166667,23-12-2025 05:00,188.5
1500,Karnal,CWC,6,Haryana,67,KARNAL,KARNAL,-,-,Ganga,Ganga,Yamuna,-,-,Yamuna,29.76218333,77.13166667,24-12-2025 05:00,103.5
1501,Karnal,CWC,6,Haryana,67,KARNAL,KARNAL,-,-,Ganga,Ganga,Yamuna,-,-,Yamuna,29.76218333,77.13166667,28-12-2025 12:00,0.5
1502,Karnal,CWC,6,Haryana,67,KARNAL,KARNAL,-,-,Ganga,Ganga,Yamuna,-,-,Yamuna,29.76218333,77.13166667,29-12-2025 12:00,240
1503,Mohna,CWC,6,Haryana,60,FARIDABAD,BALLABGARH,-,-,Ganga,Ganga,Yamuna,Yamuna,Yamuna,Yamuna,28.22361111,77.45583333,31-07-2021 18:00,26.5
1504,Mohna,CWC,6,Haryana,60,FARIDABAD,BALLABGARH,-,-,Ganga,Ganga,Yamuna,Yamuna,Yamuna,Yamuna,28.22361111,77.45583333,10-11-2021 08:00,224
1505,Mohna,CWC,6,Haryana,60,FARIDABAD,BALLABGARH,-,-,Ganga,Ganga,Yamuna,Yamuna,Yamuna,Yamuna,28.22361111,77.45583333,20-11-2021 11:00,27
1506,Mohna,CWC,6,Haryana,60,FARIDABAD,BALLABGARH,-,-,Ganga,Ganga,Yamuna,Yamuna,Yamuna,Yamuna,28.22361111,77.45583333,24-03-2022 16:00,3
1507,Mohna,CWC,6,Haryana,60,FARIDABAD,BALLABGARH,-,-,Ganga,Ganga,Yamuna,Yamuna,Yamuna,Yamuna,28.22361111,77.45583333,19-04-2022 01:30,0.5
1508,Mohna,CWC,6,Haryana,60,FARIDABAD,BALLABGARH,-,-,Ganga,Ganga,Yamuna,Yamuna,Yamuna,Yamuna,28.22361111,77.45583333,16-07-2022 23:00,48
1509,Mohna,CWC,6,Haryana,60,FARIDABAD,BALLABGARH,-,-,Ganga,Ganga,Yamuna,Yamuna,Yamuna,Yamuna,28.22361111,77.45583333,19-07-2022 13:00,113
1510,Mohna,CWC,6,Haryana,60,FARIDABAD,BALLABGARH,-,-,Ganga,Ganga,Yamuna,Yamuna,Yamuna,Yamuna,28.22361111,77.45583333,24-07-2022 05:00,0.5
1511,Mohna,CWC,6,Haryana,60,FARIDABAD,BALLABGARH,-,-,Ganga,Ganga,Yamuna,Yamuna,Yamuna,Yamuna,28.22361111,77.45583333,16-10-2022 09:00,2
1512,Mohna,CWC,6,Haryana,60,FARIDABAD,BALLABGARH,-,-,Ganga,Ganga,Yamuna,Yamuna,Yamuna,Yamuna,28.22361111,77.45583333,10-01-2023 09:00,0.5
1513,Mohna,CWC,6,Haryana,60,FARIDABAD,BALLABGARH,-,-,Ganga,Ganga,Yamuna,Yamuna,Yamuna,Yamuna,28.22361111,77.45583333,08-03-2023 19:00,0.5
1514,Mohna,CWC,6,Haryana,60,FARIDABAD,BALLABGARH,-,-,Ganga,Ganga,Yamuna,Yamuna,Yamuna,Yamuna,28.22361111,77.45583333,08-03-2023 20:00,1
1515,Mohna,CWC,6,Haryana,60,FARIDABAD,BALLABGARH,-,-,Ganga,Ganga,Yamuna,Yamuna,Yamuna,Yamuna,28.22361111,77.45583333,29-03-2023 14:00,2.5
1516,Mohna,CWC,6,Haryana,60,FARIDABAD,BALLABGARH,-,-,Ganga,Ganga,Yamuna,Yamuna,Yamuna,Yamuna,28.22361111,77.45583333,30-03-2023 12:00,1.5
1517,Mohna,CWC,6,Haryana,60,FARIDABAD,BALLABGARH,-,-,Ganga,Ganga,Yamuna,Yamuna,Yamuna,Yamuna,28.22361111,77.45583333,30-03-2023 13:00,5
1518,Mohna,CWC,6,Haryana,60,FARIDABAD,BALLABGARH,-,-,Ganga,Ganga,Yamuna,Yamuna,Yamuna,Yamuna,28.22361111,77.45583333,30-03-2023 20:00,0.5
1519,Mohna,CWC,6,Haryana,60,FARIDABAD,BALLABGARH,-,-,Ganga,Ganga,Yamuna,Yamuna,Yamuna,Yamuna,28.22361111,77.45583333,03-04-2023 12:00,7.5
1520,Mohna,CWC,6,Haryana,60,FARIDABAD,BALLABGARH,-,-,Ganga,Ganga,Yamuna,Yamuna,Yamuna,Yamuna,28.22361111,77.45583333,20-05-2023 17:00,40
1521,Mohna,CWC,6,Haryana,60,FARIDABAD,BALLABGARH,-,-,Ganga,Ganga,Yamuna,Yamuna,Yamuna,Yamuna,28.22361111,77.45583333,07-07-2023 14:00,3
1522,Mohna,CWC,6,Haryana,60,FARIDABAD,BALLABGARH,-,-,Ganga,Ganga,Yamuna,Yamuna,Yamuna,Yamuna,28.22361111,77.45583333,08-07-2023 03:00,1.5
1523,Mohna,CWC,6,Haryana,60,FARIDABAD,BALLABGARH,-,-,Ganga,Ganga,Yamuna,Yamuna,Yamuna,Yamuna,28.22361111,77.45583333,08-07-2023 04:00,2.5
1524,Mohna,CWC,6,Haryana,60,FARIDABAD,BALLABGARH,-,-,Ganga,Ganga,Yamuna,Yamuna,Yamuna,Yamuna,28.22361111,77.45583333,10-07-2023 07:00,3
1525,Mohna,CWC,6,Haryana,60,FARIDABAD,BALLABGARH,-,-,Ganga,Ganga,Yamuna,Yamuna,Yamuna,Yamuna,28.22361111,77.45583333,10-07-2023 08:00,6.5
1526,Mohna,CWC,6,Haryana,60,FARIDABAD,BALLABGARH,-,-,Ganga,Ganga,Yamuna,Yamuna,Yamuna,Yamuna,28.22361111,77.45583333,10-07-2023 10:00,0.5
1527,Mohna,CWC,6,Haryana,60,FARIDABAD,BALLABGARH,-,-,Ganga,Ganga,Yamuna,Yamuna,Yamuna,Yamuna,28.22361111,77.45583333,11-07-2023 02:00,1
1528,Mohna,CWC,6,Haryana,60,FARIDABAD,BALLABGARH,-,-,Ganga,Ganga,Yamuna,Yamuna,Yamuna,Yamuna,28.22361111,77.45583333,14-07-2023 09:00,0.5
1529,Mohna,CWC,6,Haryana,60,FARIDABAD,BALLABGARH,-,-,Ganga,Ganga,Yamuna,Yamuna,Yamuna,Yamuna,28.22361111,77.45583333,17-07-2023 07:00,0.5
1530,Mohna,CWC,6,Haryana,60,FARIDABAD,BALLABGARH,-,-,Ganga,Ganga,Yamuna,Yamuna,Yamuna,Yamuna,28.22361111,77.45583333,18-07-2023 08:00,1
1531,Mohna,CWC,6,Haryana,60,FARIDABAD,BALLABGARH,-,-,Ganga,Ganga,Yamuna,Yamuna,Yamuna,Yamuna,28.22361111,77.45583333,26-07-2023 03:00,10
1532,Mohna,CWC,6,Haryana,60,FARIDABAD,BALLABGARH,-,-,Ganga,Ganga,Yamuna,Yamuna,Yamuna,Yamuna,28.22361111,77.45583333,26-07-2023 04:00,48.5
1533,Mohna,CWC,6,Haryana,60,FARIDABAD,BALLABGARH,-,-,Ganga,Ganga,Yamuna,Yamuna,Yamuna,Yamuna,28.22361111,77.45583333,26-07-2023 05:00,2
1534,Mohna,CWC,6,Haryana,60,FARIDABAD,BALLABGARH,-,-,Ganga,Ganga,Yamuna,Yamuna,Yamuna,Yamuna,28.22361111,77.45583333,26-07-2023 06:00,0.5
1535,Mohna,CWC,6,Haryana,60,FARIDABAD,BALLABGARH,-,-,Ganga,Ganga,Yamuna,Yamuna,Yamuna,Yamuna,28.22361111,77.45583333,26-07-2023 08:00,0.5
1536,Mohna,CWC,6,Haryana,60,FARIDABAD,BALLABGARH,-,-,Ganga,Ganga,Yamuna,Yamuna,Yamuna,Yamuna,28.22361111,77.45583333,29-07-2023 03:00,1
1537,Mohna,CWC,6,Haryana,60,FARIDABAD,BALLABGARH,-,-,Ganga,Ganga,Yamuna,Yamuna,Yamuna,Yamuna,28.22361111,77.45583333,29-07-2023 06:00,2.5
1538,Mohna,CWC,6,Haryana,60,FARIDABAD,BALLABGARH,-,-,Ganga,Ganga,Yamuna,Yamuna,Yamuna,Yamuna,28.22361111,77.45583333,29-07-2023 07:00,1
1539,Mohna,CWC,6,Haryana,60,FARIDABAD,BALLABGARH,-,-,Ganga,Ganga,Yamuna,Yamuna,Yamuna,Yamuna,28.22361111,77.45583333,02-08-2023 13:00,0.5
1540,Mohna,CWC,6,Haryana,60,FARIDABAD,BALLABGARH,-,-,Ganga,Ganga,Yamuna,Yamuna,Yamuna,Yamuna,28.22361111,77.45583333,04-08-2023 09:00,2.5
1541,Mohna,CWC,6,Haryana,60,FARIDABAD,BALLABGARH,-,-,Ganga,Ganga,Yamuna,Yamuna,Yamuna,Yamuna,28.22361111,77.45583333,05-08-2023 01:00,22
1542,Mohna,CWC,6,Haryana,60,FARIDABAD,BALLABGARH,-,-,Ganga,Ganga,Yamuna,Yamuna,Yamuna,Yamuna,28.22361111,77.45583333,05-08-2023 02:00,8
1543,Mohna,CWC,6,Haryana,60,FARIDABAD,BALLABGARH,-,-,Ganga,Ganga,Yamuna,Yamuna,Yamuna,Yamuna,28.22361111,77.45583333,05-08-2023 04:00,0.5
1544,Mohna,CWC,6,Haryana,60,FARIDABAD,BALLABGARH,-,-,Ganga,Ganga,Yamuna,Yamuna,Yamuna,Yamuna,28.22361111,77.45583333,16-08-2023 06:00,4.5
1545,Mohna,CWC,6,Haryana,60,FARIDABAD,BALLABGARH,-,-,Ganga,Ganga,Yamuna,Yamuna,Yamuna,Yamuna,28.22361111,77.45583333,18-08-2023 23:00,18
1546,Mohna,CWC,6,Haryana,60,FARIDABAD,BALLABGARH,-,-,Ganga,Ganga,Yamuna,Yamuna,Yamuna,Yamuna,28.22361111,77.45583333,19-08-2023 01:00,1.5
1547,Mohna,CWC,6,Haryana,60,FARIDABAD,BALLABGARH,-,-,Ganga,Ganga,Yamuna,Yamuna,Yamuna,Yamuna,28.22361111,77.45583333,19-08-2023 04:00,1.5
1548,Mohna,CWC,6,Haryana,60,FARIDABAD,BALLABGARH,-,-,Ganga,Ganga,Yamuna,Yamuna,Yamuna,Yamuna,28.22361111,77.45583333,22-08-2023 11:00,0.5
1549,Mohna,CWC,6,Haryana,60,FARIDABAD,BALLABGARH,-,-,Ganga,Ganga,Yamuna,Yamuna,Yamuna,Yamuna,28.22361111,77.45583333,22-08-2023 12:00,3.5
1550,Mohna,CWC,6,Haryana,60,FARIDABAD,BALLABGARH,-,-,Ganga,Ganga,Yamuna,Yamuna,Yamuna,Yamuna,28.22361111,77.45583333,22-08-2023 14:00,0.5
1551,Mohna,CWC,6,Haryana,60,FARIDABAD,BALLABGARH,-,-,Ganga,Ganga,Yamuna,Yamuna,Yamuna,Yamuna,28.22361111,77.45583333,22-08-2023 22:00,0.5
1552,Mohna,CWC,6,Haryana,60,FARIDABAD,BALLABGARH,-,-,Ganga,Ganga,Yamuna,Yamuna,Yamuna,Yamuna,28.22361111,77.45583333,22-08-2023 23:00,0.5
1553,Mohna,CWC,6,Haryana,60,FARIDABAD,BALLABGARH,-,-,Ganga,Ganga,Yamuna,Yamuna,Yamuna,Yamuna,28.22361111,77.45583333,23-08-2023 01:00,0.5
1554,Mohna,CWC,6,Haryana,60,FARIDABAD,BALLABGARH,-,-,Ganga,Ganga,Yamuna,Yamuna,Yamuna,Yamuna,28.22361111,77.45583333,23-08-2023 03:00,2
1555,Mohna,CWC,6,Haryana,60,FARIDABAD,BALLABGARH,-,-,Ganga,Ganga,Yamuna,Yamuna,Yamuna,Yamuna,28.22361111,77.45583333,23-08-2023 04:00,1.5
1556,Mohna,CWC,6,Haryana,60,FARIDABAD,BALLABGARH,-,-,Ganga,Ganga,Yamuna,Yamuna,Yamuna,Yamuna,28.22361111,77.45583333,23-08-2023 05:00,2.5
1557,Mohna,CWC,6,Haryana,60,FARIDABAD,BALLABGARH,-,-,Ganga,Ganga,Yamuna,Yamuna,Yamuna,Yamuna,28.22361111,77.45583333,23-08-2023 06:00,3
1558,Mohna,CWC,6,Haryana,60,FARIDABAD,BALLABGARH,-,-,Ganga,Ganga,Yamuna,Yamuna,Yamuna,Yamuna,28.22361111,77.45583333,23-08-2023 08:00,0.5
1559,Mohna,CWC,6,Haryana,60,FARIDABAD,BALLABGARH,-,-,Ganga,Ganga,Yamuna,Yamuna,Yamuna,Yamuna,28.22361111,77.45583333,23-08-2023 09:00,0.5
1560,Mohna,CWC,6,Haryana,60,FARIDABAD,BALLABGARH,-,-,Ganga,Ganga,Yamuna,Yamuna,Yamuna,Yamuna,28.22361111,77.45583333,23-08-2023 10:00,2.5
1561,Mohna,CWC,6,Haryana,60,FARIDABAD,BALLABGARH,-,-,Ganga,Ganga,Yamuna,Yamuna,Yamuna,Yamuna,28.22361111,77.45583333,23-08-2023 11:00,1.5
1562,Mohna,CWC,6,Haryana,60,FARIDABAD,BALLABGARH,-,-,Ganga,Ganga,Yamuna,Yamuna,Yamuna,Yamuna,28.22361111,77.45583333,23-08-2023 12:00,1.5
1563,Mohna,CWC,6,Haryana,60,FARIDABAD,BALLABGARH,-,-,Ganga,Ganga,Yamuna,Yamuna,Yamuna,Yamuna,28.22361111,77.45583333,23-08-2023 13:00,1.5
1564,Mohna,CWC,6,Haryana,60,FARIDABAD,BALLABGARH,-,-,Ganga,Ganga,Yamuna,Yamuna,Yamuna,Yamuna,28.22361111,77.45583333,01-09-2023 15:00,83
1565,Mohna,CWC,6,Haryana,60,FARIDABAD,BALLABGARH,-,-,Ganga,Ganga,Yamuna,Yamuna,Yamuna,Yamuna,28.22361111,77.45583333,06-09-2023 00:00,14
1566,Mohna,CWC,6,Haryana,60,FARIDABAD,BALLABGARH,-,-,Ganga,Ganga,Yamuna,Yamuna,Yamuna,Yamuna,28.22361111,77.45583333,08-09-2023 12:00,1.5
1567,Mohna,CWC,6,Haryana,60,FARIDABAD,BALLABGARH,-,-,Ganga,Ganga,Yamuna,Yamuna,Yamuna,Yamuna,28.22361111,77.45583333,08-09-2023 13:00,1.5
1568,Mohna,CWC,6,Haryana,60,FARIDABAD,BALLABGARH,-,-,Ganga,Ganga,Yamuna,Yamuna,Yamuna,Yamuna,28.22361111,77.45583333,08-09-2023 14:00,0.5
1569,Mohna,CWC,6,Haryana,60,FARIDABAD,BALLABGARH,-,-,Ganga,Ganga,Yamuna,Yamuna,Yamuna,Yamuna,28.22361111,77.45583333,09-09-2023 12:00,1
1570,Mohna,CWC,6,Haryana,60,FARIDABAD,BALLABGARH,-,-,Ganga,Ganga,Yamuna,Yamuna,Yamuna,Yamuna,28.22361111,77.45583333,09-09-2023 13:00,0.5
1571,Mohna,CWC,6,Haryana,60,FARIDABAD,BALLABGARH,-,-,Ganga,Ganga,Yamuna,Yamuna,Yamuna,Yamuna,28.22361111,77.45583333,09-09-2023 19:00,0.5
1572,Mohna,CWC,6,Haryana,60,FARIDABAD,BALLABGARH,-,-,Ganga,Ganga,Yamuna,Yamuna,Yamuna,Yamuna,28.22361111,77.45583333,09-09-2023 21:00,0.5
1573,Mohna,CWC,6,Haryana,60,FARIDABAD,BALLABGARH,-,-,Ganga,Ganga,Yamuna,Yamuna,Yamuna,Yamuna,28.22361111,77.45583333,09-09-2023 22:00,3.5
1574,Mohna,CWC,6,Haryana,60,FARIDABAD,BALLABGARH,-,-,Ganga,Ganga,Yamuna,Yamuna,Yamuna,Yamuna,28.22361111,77.45583333,09-09-2023 23:00,0.5
1575,Mohna,CWC,6,Haryana,60,FARIDABAD,BALLABGARH,-,-,Ganga,Ganga,Yamuna,Yamuna,Yamuna,Yamuna,28.22361111,77.45583333,10-09-2023 00:00,0.5
1576,Mohna,CWC,6,Haryana,60,FARIDABAD,BALLABGARH,-,-,Ganga,Ganga,Yamuna,Yamuna,Yamuna,Yamuna,28.22361111,77.45583333,10-09-2023 01:00,4
1577,Mohna,CWC,6,Haryana,60,FARIDABAD,BALLABGARH,-,-,Ganga,Ganga,Yamuna,Yamuna,Yamuna,Yamuna,28.22361111,77.45583333,10-09-2023 02:00,11
1578,Mohna,CWC,6,Haryana,60,FARIDABAD,BALLABGARH,-,-,Ganga,Ganga,Yamuna,Yamuna,Yamuna,Yamuna,28.22361111,77.45583333,10-09-2023 03:00,3.5
1579,Mohna,CWC,6,Haryana,60,FARIDABAD,BALLABGARH,-,-,Ganga,Ganga,Yamuna,Yamuna,Yamuna,Yamuna,28.22361111,77.45583333,10-09-2023 04:00,8
1580,Mohna,CWC,6,Haryana,60,FARIDABAD,BALLABGARH,-,-,Ganga,Ganga,Yamuna,Yamuna,Yamuna,Yamuna,28.22361111,77.45583333,10-09-2023 06:00,0.5
1581,Mohna,CWC,6,Haryana,60,FARIDABAD,BALLABGARH,-,-,Ganga,Ganga,Yamuna,Yamuna,Yamuna,Yamuna,28.22361111,77.45583333,10-09-2023 07:00,3
1582,Mohna,CWC,6,Haryana,60,FARIDABAD,BALLABGARH,-,-,Ganga,Ganga,Yamuna,Yamuna,Yamuna,Yamuna,28.22361111,77.45583333,10-09-2023 08:00,0.5
1583,Mohna,CWC,6,Haryana,60,FARIDABAD,BALLABGARH,-,-,Ganga,Ganga,Yamuna,Yamuna,Yamuna,Yamuna,28.22361111,77.45583333,10-09-2023 17:00,0.5
1584,Mohna,CWC,6,Haryana,60,FARIDABAD,BALLABGARH,-,-,Ganga,Ganga,Yamuna,Yamuna,Yamuna,Yamuna,28.22361111,77.45583333,10-09-2023 18:00,4
1585,Mohna,CWC,6,Haryana,60,FARIDABAD,BALLABGARH,-,-,Ganga,Ganga,Yamuna,Yamuna,Yamuna,Yamuna,28.22361111,77.45583333,11-09-2023 06:00,0.5
1586,Mohna,CWC,6,Haryana,60,FARIDABAD,BALLABGARH,-,-,Ganga,Ganga,Yamuna,Yamuna,Yamuna,Yamuna,28.22361111,77.45583333,12-09-2023 02:00,8
1587,Mohna,CWC,6,Haryana,60,FARIDABAD,BALLABGARH,-,-,Ganga,Ganga,Yamuna,Yamuna,Yamuna,Yamuna,28.22361111,77.45583333,15-09-2023 06:00,0.5
1588,Mohna,CWC,6,Haryana,60,FARIDABAD,BALLABGARH,-,-,Ganga,Ganga,Yamuna,Yamuna,Yamuna,Yamuna,28.22361111,77.45583333,15-09-2023 07:00,0.5
1589,Mohna,CWC,6,Haryana,60,FARIDABAD,BALLABGARH,-,-,Ganga,Ganga,Yamuna,Yamuna,Yamuna,Yamuna,28.22361111,77.45583333,16-09-2023 09:00,0.5
1590,Mohna,CWC,6,Haryana,60,FARIDABAD,BALLABGARH,-,-,Ganga,Ganga,Yamuna,Yamuna,Yamuna,Yamuna,28.22361111,77.45583333,16-09-2023 11:00,0.5
1591,Mohna,CWC,6,Haryana,60,FARIDABAD,BALLABGARH,-,-,Ganga,Ganga,Yamuna,Yamuna,Yamuna,Yamuna,28.22361111,77.45583333,16-09-2023 12:00,0.5
1592,Mohna,CWC,6,Haryana,60,FARIDABAD,BALLABGARH,-,-,Ganga,Ganga,Yamuna,Yamuna,Yamuna,Yamuna,28.22361111,77.45583333,16-09-2023 13:00,0.5
1593,Mohna,CWC,6,Haryana,60,FARIDABAD,BALLABGARH,-,-,Ganga,Ganga,Yamuna,Yamuna,Yamuna,Yamuna,28.22361111,77.45583333,16-10-2023 14:00,2
1594,Mohna,CWC,6,Haryana,60,FARIDABAD,BALLABGARH,-,-,Ganga,Ganga,Yamuna,Yamuna,Yamuna,Yamuna,28.22361111,77.45583333,16-10-2023 15:00,0.5
1595,Mohna,CWC,6,Haryana,60,FARIDABAD,BALLABGARH,-,-,Ganga,Ganga,Yamuna,Yamuna,Yamuna,Yamuna,28.22361111,77.45583333,16-10-2023 18:00,1
1596,Mohna,CWC,6,Haryana,60,FARIDABAD,BALLABGARH,-,-,Ganga,Ganga,Yamuna,Yamuna,Yamuna,Yamuna,28.22361111,77.45583333,23-11-2023 06:00,12.5
1597,Mohna,CWC,6,Haryana,60,FARIDABAD,BALLABGARH,-,-,Ganga,Ganga,Yamuna,Yamuna,Yamuna,Yamuna,28.22361111,77.45583333,23-11-2023 07:00,12.5
1598,Mohna,CWC,6,Haryana,60,FARIDABAD,BALLABGARH,-,-,Ganga,Ganga,Yamuna,Yamuna,Yamuna,Yamuna,28.22361111,77.45583333,27-11-2023 20:00,0.5
1599,Mohna,CWC,6,Haryana,60,FARIDABAD,BALLABGARH,-,-,Ganga,Ganga,Yamuna,Yamuna,Yamuna,Yamuna,28.22361111,77.45583333,27-11-2023 21:00,0.5
1600,Mohna,CWC,6,Haryana,60,FARIDABAD,BALLABGARH,-,-,Ganga,Ganga,Yamuna,Yamuna,Yamuna,Yamuna,28.22361111,77.45583333,28-11-2023 07:00,0.5
1601,Mohna,CWC,6,Haryana,60,FARIDABAD,BALLABGARH,-,-,Ganga,Ganga,Yamuna,Yamuna,Yamuna,Yamuna,28.22361111,77.45583333,03-12-2023 18:00,1
1602,Mohna,CWC,6,Haryana,60,FARIDABAD,BALLABGARH,-,-,Ganga,Ganga,Yamuna,Yamuna,Yamuna,Yamuna,28.22361111,77.45583333,12-12-2023 18:30,84.5
1603,Mohna,CWC,6,Haryana,60,FARIDABAD,BALLABGARH,-,-,Ganga,Ganga,Yamuna,Yamuna,Yamuna,Yamuna,28.22361111,77.45583333,12-12-2023 19:30,84.5
1604,Mohna,CWC,6,Haryana,60,FARIDABAD,BALLABGARH,-,-,Ganga,Ganga,Yamuna,Yamuna,Yamuna,Yamuna,28.22361111,77.45583333,14-12-2023 11:00,84.5
1605,Mohna,CWC,6,Haryana,60,FARIDABAD,BALLABGARH,-,-,Ganga,Ganga,Yamuna,Yamuna,Yamuna,Yamuna,28.22361111,77.45583333,17-12-2023 18:00,84.5
1606,Mohna,CWC,6,Haryana,60,FARIDABAD,BALLABGARH,-,-,Ganga,Ganga,Yamuna,Yamuna,Yamuna,Yamuna,28.22361111,77.45583333,18-12-2023 02:00,84.5
1607,Mohna,CWC,6,Haryana,60,FARIDABAD,BALLABGARH,-,-,Ganga,Ganga,Yamuna,Yamuna,Yamuna,Yamuna,28.22361111,77.45583333,19-12-2023 02:00,64.5
1608,Mohna,CWC,6,Haryana,60,FARIDABAD,BALLABGARH,-,-,Ganga,Ganga,Yamuna,Yamuna,Yamuna,Yamuna,28.22361111,77.45583333,23-12-2023 01:00,192.5
1609,Mohna,CWC,6,Haryana,60,FARIDABAD,BALLABGARH,-,-,Ganga,Ganga,Yamuna,Yamuna,Yamuna,Yamuna,28.22361111,77.45583333,23-12-2023 02:00,192.5
1610,Mohna,CWC,6,Haryana,60,FARIDABAD,BALLABGARH,-,-,Ganga,Ganga,Yamuna,Yamuna,Yamuna,Yamuna,28.22361111,77.45583333,13-01-2024 21:00,0.5
1611,Mohna,CWC,6,Haryana,60,FARIDABAD,BALLABGARH,-,-,Ganga,Ganga,Yamuna,Yamuna,Yamuna,Yamuna,28.22361111,77.45583333,26-01-2024 03:00,0.5
1612,Mohna,CWC,6,Haryana,60,FARIDABAD,BALLABGARH,-,-,Ganga,Ganga,Yamuna,Yamuna,Yamuna,Yamuna,28.22361111,77.45583333,31-01-2024 23:00,1
1613,Mohna,CWC,6,Haryana,60,FARIDABAD,BALLABGARH,-,-,Ganga,Ganga,Yamuna,Yamuna,Yamuna,Yamuna,28.22361111,77.45583333,01-02-2024 00:00,1
1614,Mohna,CWC,6,Haryana,60,FARIDABAD,BALLABGARH,-,-,Ganga,Ganga,Yamuna,Yamuna,Yamuna,Yamuna,28.22361111,77.45583333,02-02-2024 01:00,0.5
1615,Mohna,CWC,6,Haryana,60,FARIDABAD,BALLABGARH,-,-,Ganga,Ganga,Yamuna,Yamuna,Yamuna,Yamuna,28.22361111,77.45583333,04-02-2024 00:00,0.5
1616,Mohna,CWC,6,Haryana,60,FARIDABAD,BALLABGARH,-,-,Ganga,Ganga,Yamuna,Yamuna,Yamuna,Yamuna,28.22361111,77.45583333,04-02-2024 01:00,0.5
1617,Mohna,CWC,6,Haryana,60,FARIDABAD,BALLABGARH,-,-,Ganga,Ganga,Yamuna,Yamuna,Yamuna,Yamuna,28.22361111,77.45583333,04-02-2024 03:00,1
1618,Mohna,CWC,6,Haryana,60,FARIDABAD,BALLABGARH,-,-,Ganga,Ganga,Yamuna,Yamuna,Yamuna,Yamuna,28.22361111,77.45583333,04-02-2024 04:00,1
1619,Mohna,CWC,6,Haryana,60,FARIDABAD,BALLABGARH,-,-,Ganga,Ganga,Yamuna,Yamuna,Yamuna,Yamuna,28.22361111,77.45583333,10-02-2024 15:00,24
1620,Mohna,CWC,6,Haryana,60,FARIDABAD,BALLABGARH,-,-,Ganga,Ganga,Yamuna,Yamuna,Yamuna,Yamuna,28.22361111,77.45583333,20-02-2024 02:00,51
1621,Mohna,CWC,6,Haryana,60,FARIDABAD,BALLABGARH,-,-,Ganga,Ganga,Yamuna,Yamuna,Yamuna,Yamuna,28.22361111,77.45583333,20-02-2024 03:00,51
1622,Mohna,CWC,6,Haryana,60,FARIDABAD,BALLABGARH,-,-,Ganga,Ganga,Yamuna,Yamuna,Yamuna,Yamuna,28.22361111,77.45583333,20-02-2024 04:00,1
1623,Mohna,CWC,6,Haryana,60,FARIDABAD,BALLABGARH,-,-,Ganga,Ganga,Yamuna,Yamuna,Yamuna,Yamuna,28.22361111,77.45583333,22-02-2024 03:00,81.5
1624,Mohna,CWC,6,Haryana,60,FARIDABAD,BALLABGARH,-,-,Ganga,Ganga,Yamuna,Yamuna,Yamuna,Yamuna,28.22361111,77.45583333,22-02-2024 04:00,72
1625,Mohna,CWC,6,Haryana,60,FARIDABAD,BALLABGARH,-,-,Ganga,Ganga,Yamuna,Yamuna,Yamuna,Yamuna,28.22361111,77.45583333,22-02-2024 05:00,4.5
1626,Mohna,CWC,6,Haryana,60,FARIDABAD,BALLABGARH,-,-,Ganga,Ganga,Yamuna,Yamuna,Yamuna,Yamuna,28.22361111,77.45583333,23-02-2024 03:00,39.5
1627,Mohna,CWC,6,Haryana,60,FARIDABAD,BALLABGARH,-,-,Ganga,Ganga,Yamuna,Yamuna,Yamuna,Yamuna,28.22361111,77.45583333,23-02-2024 04:00,27.5
1628,Mohna,CWC,6,Haryana,60,FARIDABAD,BALLABGARH,-,-,Ganga,Ganga,Yamuna,Yamuna,Yamuna,Yamuna,28.22361111,77.45583333,23-02-2024 05:00,36.5
1629,Mohna,CWC,6,Haryana,60,FARIDABAD,BALLABGARH,-,-,Ganga,Ganga,Yamuna,Yamuna,Yamuna,Yamuna,28.22361111,77.45583333,23-02-2024 06:00,46
1630,Mohna,CWC,6,Haryana,60,FARIDABAD,BALLABGARH,-,-,Ganga,Ganga,Yamuna,Yamuna,Yamuna,Yamuna,28.22361111,77.45583333,24-02-2024 03:00,0.5
1631,Mohna,CWC,6,Haryana,60,FARIDABAD,BALLABGARH,-,-,Ganga,Ganga,Yamuna,Yamuna,Yamuna,Yamuna,28.22361111,77.45583333,24-02-2024 04:00,15
1632,Mohna,CWC,6,Haryana,60,FARIDABAD,BALLABGARH,-,-,Ganga,Ganga,Yamuna,Yamuna,Yamuna,Yamuna,28.22361111,77.45583333,24-02-2024 05:00,9
1633,Mohna,CWC,6,Haryana,60,FARIDABAD,BALLABGARH,-,-,Ganga,Ganga,Yamuna,Yamuna,Yamuna,Yamuna,28.22361111,77.45583333,24-02-2024 16:00,0.5
1634,Mohna,CWC,6,Haryana,60,FARIDABAD,BALLABGARH,-,-,Ganga,Ganga,Yamuna,Yamuna,Yamuna,Yamuna,28.22361111,77.45583333,24-02-2024 17:00,0.5
1635,Mohna,CWC,6,Haryana,60,FARIDABAD,BALLABGARH,-,-,Ganga,Ganga,Yamuna,Yamuna,Yamuna,Yamuna,28.22361111,77.45583333,25-02-2024 05:00,0.5
1636,Mohna,CWC,6,Haryana,60,FARIDABAD,BALLABGARH,-,-,Ganga,Ganga,Yamuna,Yamuna,Yamuna,Yamuna,28.22361111,77.45583333,02-03-2024 02:00,1.5
1637,Mohna,CWC,6,Haryana,60,FARIDABAD,BALLABGARH,-,-,Ganga,Ganga,Yamuna,Yamuna,Yamuna,Yamuna,28.22361111,77.45583333,03-03-2024 09:00,25
1638,Mohna,CWC,6,Haryana,60,FARIDABAD,BALLABGARH,-,-,Ganga,Ganga,Yamuna,Yamuna,Yamuna,Yamuna,28.22361111,77.45583333,03-03-2024 10:00,25
1639,Mohna,CWC,6,Haryana,60,FARIDABAD,BALLABGARH,-,-,Ganga,Ganga,Yamuna,Yamuna,Yamuna,Yamuna,28.22361111,77.45583333,03-03-2024 15:00,0.5
1640,Mohna,CWC,6,Haryana,60,FARIDABAD,BALLABGARH,-,-,Ganga,Ganga,Yamuna,Yamuna,Yamuna,Yamuna,28.22361111,77.45583333,03-03-2024 16:00,6
1641,Mohna,CWC,6,Haryana,60,FARIDABAD,BALLABGARH,-,-,Ganga,Ganga,Yamuna,Yamuna,Yamuna,Yamuna,28.22361111,77.45583333,29-03-2024 14:00,0.5
1642,Mohna,CWC,6,Haryana,60,FARIDABAD,BALLABGARH,-,-,Ganga,Ganga,Yamuna,Yamuna,Yamuna,Yamuna,28.22361111,77.45583333,29-03-2024 19:00,0.5
1643,Mohna,CWC,6,Haryana,60,FARIDABAD,BALLABGARH,-,-,Ganga,Ganga,Yamuna,Yamuna,Yamuna,Yamuna,28.22361111,77.45583333,23-04-2024 13:00,0.5
1644,Mohna,CWC,6,Haryana,60,FARIDABAD,BALLABGARH,-,-,Ganga,Ganga,Yamuna,Yamuna,Yamuna,Yamuna,28.22361111,77.45583333,24-04-2024 04:00,258
1645,Mohna,CWC,6,Haryana,60,FARIDABAD,BALLABGARH,-,-,Ganga,Ganga,Yamuna,Yamuna,Yamuna,Yamuna,28.22361111,77.45583333,26-04-2024 07:00,320
1646,Mohna,CWC,6,Haryana,60,FARIDABAD,BALLABGARH,-,-,Ganga,Ganga,Yamuna,Yamuna,Yamuna,Yamuna,28.22361111,77.45583333,26-04-2024 20:00,0.5
1647,Mohna,CWC,6,Haryana,60,FARIDABAD,BALLABGARH,-,-,Ganga,Ganga,Yamuna,Yamuna,Yamuna,Yamuna,28.22361111,77.45583333,13-05-2024 10:00,3
1648,Mohna,CWC,6,Haryana,60,FARIDABAD,BALLABGARH,-,-,Ganga,Ganga,Yamuna,Yamuna,Yamuna,Yamuna,28.22361111,77.45583333,15-06-2024 01:00,120
1649,Mohna,CWC,6,Haryana,60,FARIDABAD,BALLABGARH,-,-,Ganga,Ganga,Yamuna,Yamuna,Yamuna,Yamuna,28.22361111,77.45583333,18-06-2024 06:00,341.5
1650,Mohna,CWC,6,Haryana,60,FARIDABAD,BALLABGARH,-,-,Ganga,Ganga,Yamuna,Yamuna,Yamuna,Yamuna,28.22361111,77.45583333,09-07-2024 18:00,0.5
1651,Mohna,CWC,6,Haryana,60,FARIDABAD,BALLABGARH,-,-,Ganga,Ganga,Yamuna,Yamuna,Yamuna,Yamuna,28.22361111,77.45583333,09-07-2024 19:00,0.5
1652,Mohna,CWC,6,Haryana,60,FARIDABAD,BALLABGARH,-,-,Ganga,Ganga,Yamuna,Yamuna,Yamuna,Yamuna,28.22361111,77.45583333,13-07-2024 09:00,1.5
1653,Mohna,CWC,6,Haryana,60,FARIDABAD,BALLABGARH,-,-,Ganga,Ganga,Yamuna,Yamuna,Yamuna,Yamuna,28.22361111,77.45583333,13-07-2024 11:00,0.5
1654,Mohna,CWC,6,Haryana,60,FARIDABAD,BALLABGARH,-,-,Ganga,Ganga,Yamuna,Yamuna,Yamuna,Yamuna,28.22361111,77.45583333,13-07-2024 12:00,0.5
1655,Mohna,CWC,6,Haryana,60,FARIDABAD,BALLABGARH,-,-,Ganga,Ganga,Yamuna,Yamuna,Yamuna,Yamuna,28.22361111,77.45583333,17-07-2024 06:00,187
1656,Mohna,CWC,6,Haryana,60,FARIDABAD,BALLABGARH,-,-,Ganga,Ganga,Yamuna,Yamuna,Yamuna,Yamuna,28.22361111,77.45583333,17-07-2024 07:00,187
1657,Mohna,CWC,6,Haryana,60,FARIDABAD,BALLABGARH,-,-,Ganga,Ganga,Yamuna,Yamuna,Yamuna,Yamuna,28.22361111,77.45583333,24-07-2024 21:00,128.5
1658,Mohna,CWC,6,Haryana,60,FARIDABAD,BALLABGARH,-,-,Ganga,Ganga,Yamuna,Yamuna,Yamuna,Yamuna,28.22361111,77.45583333,24-07-2024 22:00,128.5
1659,Mohna,CWC,6,Haryana,60,FARIDABAD,BALLABGARH,-,-,Ganga,Ganga,Yamuna,Yamuna,Yamuna,Yamuna,28.22361111,77.45583333,21-08-2024 19:00,419
1660,Mohna,CWC,6,Haryana,60,FARIDABAD,BALLABGARH,-,-,Ganga,Ganga,Yamuna,Yamuna,Yamuna,Yamuna,28.22361111,77.45583333,29-08-2024 16:00,236
1661,Mohna,CWC,6,Haryana,60,FARIDABAD,BALLABGARH,-,-,Ganga,Ganga,Yamuna,Yamuna,Yamuna,Yamuna,28.22361111,77.45583333,29-08-2024 17:00,236
1662,Mohna,CWC,6,Haryana,60,FARIDABAD,BALLABGARH,-,-,Ganga,Ganga,Yamuna,Yamuna,Yamuna,Yamuna,28.22361111,77.45583333,02-09-2024 17:00,0.5
1663,Mohna,CWC,6,Haryana,60,FARIDABAD,BALLABGARH,-,-,Ganga,Ganga,Yamuna,Yamuna,Yamuna,Yamuna,28.22361111,77.45583333,04-09-2024 09:00,0.5
1664,Mohna,CWC,6,Haryana,60,FARIDABAD,BALLABGARH,-,-,Ganga,Ganga,Yamuna,Yamuna,Yamuna,Yamuna,28.22361111,77.45583333,06-09-2024 17:00,0.5
1665,Mohna,CWC,6,Haryana,60,FARIDABAD,BALLABGARH,-,-,Ganga,Ganga,Yamuna,Yamuna,Yamuna,Yamuna,28.22361111,77.45583333,12-09-2024 10:00,0.5
1666,Mohna,CWC,6,Haryana,60,FARIDABAD,BALLABGARH,-,-,Ganga,Ganga,Yamuna,Yamuna,Yamuna,Yamuna,28.22361111,77.45583333,12-09-2024 14:00,1
1667,Mohna,CWC,6,Haryana,60,FARIDABAD,BALLABGARH,-,-,Ganga,Ganga,Yamuna,Yamuna,Yamuna,Yamuna,28.22361111,77.45583333,12-09-2024 15:00,1
1668,Mohna,CWC,6,Haryana,60,FARIDABAD,BALLABGARH,-,-,Ganga,Ganga,Yamuna,Yamuna,Yamuna,Yamuna,28.22361111,77.45583333,01-10-2024 07:00,4.5
1669,Mohna,CWC,6,Haryana,60,FARIDABAD,BALLABGARH,-,-,Ganga,Ganga,Yamuna,Yamuna,Yamuna,Yamuna,28.22361111,77.45583333,07-01-2025 23:00,0.5
1670,Mohna,CWC,6,Haryana,60,FARIDABAD,BALLABGARH,-,-,Ganga,Ganga,Yamuna,Yamuna,Yamuna,Yamuna,28.22361111,77.45583333,14-01-2025 04:00,0.5
1671,Mohna,CWC,6,Haryana,60,FARIDABAD,BALLABGARH,-,-,Ganga,Ganga,Yamuna,Yamuna,Yamuna,Yamuna,28.22361111,77.45583333,15-01-2025 23:00,0.5
1672,Mohna,CWC,6,Haryana,60,FARIDABAD,BALLABGARH,-,-,Ganga,Ganga,Yamuna,Yamuna,Yamuna,Yamuna,28.22361111,77.45583333,16-01-2025 14:00,0.5
1673,Mohna,CWC,6,Haryana,60,FARIDABAD,BALLABGARH,-,-,Ganga,Ganga,Yamuna,Yamuna,Yamuna,Yamuna,28.22361111,77.45583333,16-01-2025 15:00,0.5
1674,Mohna,CWC,6,Haryana,60,FARIDABAD,BALLABGARH,-,-,Ganga,Ganga,Yamuna,Yamuna,Yamuna,Yamuna,28.22361111,77.45583333,20-01-2025 23:00,18
1675,Mohna,CWC,6,Haryana,60,FARIDABAD,BALLABGARH,-,-,Ganga,Ganga,Yamuna,Yamuna,Yamuna,Yamuna,28.22361111,77.45583333,21-01-2025 00:00,18
1676,Mohna,CWC,6,Haryana,60,FARIDABAD,BALLABGARH,-,-,Ganga,Ganga,Yamuna,Yamuna,Yamuna,Yamuna,28.22361111,77.45583333,22-01-2025 21:00,0.5
1677,Mohna,CWC,6,Haryana,60,FARIDABAD,BALLABGARH,-,-,Ganga,Ganga,Yamuna,Yamuna,Yamuna,Yamuna,28.22361111,77.45583333,22-01-2025 22:00,0.5
1678,Mohna,CWC,6,Haryana,60,FARIDABAD,BALLABGARH,-,-,Ganga,Ganga,Yamuna,Yamuna,Yamuna,Yamuna,28.22361111,77.45583333,03-02-2025 11:30,257
1679,Mohna,CWC,6,Haryana,60,FARIDABAD,BALLABGARH,-,-,Ganga,Ganga,Yamuna,Yamuna,Yamuna,Yamuna,28.22361111,77.45583333,03-02-2025 12:30,257
1680,Mohna,CWC,6,Haryana,60,FARIDABAD,BALLABGARH,-,-,Ganga,Ganga,Yamuna,Yamuna,Yamuna,Yamuna,28.22361111,77.45583333,05-02-2025 01:00,20
1681,Mohna,CWC,6,Haryana,60,FARIDABAD,BALLABGARH,-,-,Ganga,Ganga,Yamuna,Yamuna,Yamuna,Yamuna,28.22361111,77.45583333,19-02-2025 23:00,1.5
1682,Mohna,CWC,6,Haryana,60,FARIDABAD,BALLABGARH,-,-,Ganga,Ganga,Yamuna,Yamuna,Yamuna,Yamuna,28.22361111,77.45583333,20-02-2025 00:00,1.5
1683,Mohna,CWC,6,Haryana,60,FARIDABAD,BALLABGARH,-,-,Ganga,Ganga,Yamuna,Yamuna,Yamuna,Yamuna,28.22361111,77.45583333,20-02-2025 01:00,0.5
1684,Mohna,CWC,6,Haryana,60,FARIDABAD,BALLABGARH,-,-,Ganga,Ganga,Yamuna,Yamuna,Yamuna,Yamuna,28.22361111,77.45583333,01-03-2025 02:00,5
1685,Mohna,CWC,6,Haryana,60,FARIDABAD,BALLABGARH,-,-,Ganga,Ganga,Yamuna,Yamuna,Yamuna,Yamuna,28.22361111,77.45583333,01-03-2025 03:00,0.5
1686,Mohna,CWC,6,Haryana,60,FARIDABAD,BALLABGARH,-,-,Ganga,Ganga,Yamuna,Yamuna,Yamuna,Yamuna,28.22361111,77.45583333,15-03-2025 05:00,0.5
1687,Mohna,CWC,6,Haryana,60,FARIDABAD,BALLABGARH,-,-,Ganga,Ganga,Yamuna,Yamuna,Yamuna,Yamuna,28.22361111,77.45583333,10-04-2025 14:00,2.5
1688,Mohna,CWC,6,Haryana,60,FARIDABAD,BALLABGARH,-,-,Ganga,Ganga,Yamuna,Yamuna,Yamuna,Yamuna,28.22361111,77.45583333,10-04-2025 15:00,2
1689,Mohna,CWC,6,Haryana,60,FARIDABAD,BALLABGARH,-,-,Ganga,Ganga,Yamuna,Yamuna,Yamuna,Yamuna,28.22361111,77.45583333,11-04-2025 07:00,0.5
1690,Mohna,CWC,6,Haryana,60,FARIDABAD,BALLABGARH,-,-,Ganga,Ganga,Yamuna,Yamuna,Yamuna,Yamuna,28.22361111,77.45583333,11-04-2025 16:00,2
1691,Mohna,CWC,6,Haryana,60,FARIDABAD,BALLABGARH,-,-,Ganga,Ganga,Yamuna,Yamuna,Yamuna,Yamuna,28.22361111,77.45583333,11-04-2025 18:00,0.5
1692,Mohna,CWC,6,Haryana,60,FARIDABAD,BALLABGARH,-,-,Ganga,Ganga,Yamuna,Yamuna,Yamuna,Yamuna,28.22361111,77.45583333,02-05-2025 01:00,12.5
1693,Mohna,CWC,6,Haryana,60,FARIDABAD,BALLABGARH,-,-,Ganga,Ganga,Yamuna,Yamuna,Yamuna,Yamuna,28.22361111,77.45583333,21-05-2025 17:00,0.5
