timestamp,state,district,rainfall_mm
18-09-2025 12:00,West Bengal,Murshidabad,83.72
15-07-2025 04:00,Kerala,Kottayam,6.84
14-03-2025 03:00,Odisha,Cuttack,16.68
17-07-2025 14:00,Maharashtra,Mumbai,29.26
08-07-2025 09:00,West Bengal,Murshidabad,84.57
22-09-2025 04:00,West Bengal,Kolkata,17.31
25-01-2025 00:00,Tamil Nadu,Madurai,41.02
05-08-2025 18:00,Bihar,Patna,51.74
23-09-2025 03:00,Kerala,Kochi,9.17
19-01-2025 07:00,Bihar,Gaya,25.66
25-04-2025 14:00,Bihar,Muzaffarpur,46.42
08-11-2025 23:00,Karnataka,Mangaluru,50.69
08-08-2025 16:00,Bihar,Patna,30.41
24-08-2025 13:00,Bihar,Darbhanga,49.83
16-06-2025 15:00,Maharashtra,Kolhapur,65.11
09-09-2025 09:00,Kerala,Alappuzha,71.12
25-01-2025 06:00,Tamil Nadu,Madurai,69.24
18-02-2026 18:00,Tamil Nadu,Chennai,8.36
21-10-2025 19:00,West Bengal,Murshidabad,40.01
06-12-2025 22:00,Tamil Nadu,Coimbatore,58.5
17-02-2026 08:00,Bihar,Bhagalpur,8.09
04-04-2025 17:00,Tamil Nadu,Thanjavur,14.36
13-07-2025 08:00,Odisha,Puri,14.31
31-01-2026 05:00,Karnataka,Mysuru,24.0
26-07-2025 03:00,Uttar Pradesh,Kanpur,54.85
18-02-2026 08:00,Odisha,Balasore,85.89
23-03-2025 19:00,Maharashtra,Pune,56.02
10-12-2025 11:00,Maharashtra,Mumbai,58.81
02-10-2025 14:00,Odisha,Cuttack,20.59
04-01-2026 15:00,Uttar Pradesh,Gorakhpur,11.3
14-01-2025 09:00,Odisha,Kendrapara,69.6
22-04-2025 14:00,Bihar,Gaya,29.37
12-07-2025 17:00,Assam,Guwahati,2.77
26-07-2025 05:00,Maharashtra,Nagpur,34.17
14-12-2025 00:00,West Bengal,Kolkata,7.01
20-05-2025 01:00,Uttar Pradesh,Lucknow,21.37
21-08-2025 21:00,Karnataka,Mysuru,36.52
11-01-2025 11:00,Maharashtra,Nashik,50.94
15-06-2025 13:00,Gujarat,Vadodara,19.87
04-10-2025 06:00,Assam,Dibrugarh,24.8
20-08-2025 03:00,Kerala,Kochi,16.06
02-01-2025 11:00,Assam,Dibrugarh,32.34
15-12-2025 10:00,Kerala,Thrissur,11.66
05-03-2025 01:00,Gujarat,Rajkot,26.91
24-01-2026 05:00,Bihar,Darbhanga,12.25
02-01-2025 15:00,Maharashtra,Mumbai,49.68
20-07-2025 19:00,West Bengal,Kolkata,21.57
25-05-2025 09:00,Kerala,Thrissur,53.83
15-03-2025 08:00,Uttar Pradesh,Prayagraj,33.19
07-04-2025 00:00,Karnataka,Bengaluru,26.91
05-06-2025 03:00,Uttar Pradesh,Lucknow,18.62
12-12-2025 04:00,West Bengal,Malda,19.97
28-07-2025 01:00,Odisha,Cuttack,47.44
05-12-2025 15:00,Odisha,Kendrapara,69.84
07-05-2025 08:00,Bihar,Bhagalpur,47.9
27-11-2025 18:00,West Bengal,Howrah,15.4
07-05-2025 15:00,Karnataka,Udupi,12.12
07-02-2026 07:00,Tamil Nadu,Chennai,53.09
17-04-2025 01:00,Uttar Pradesh,Varanasi,50.32
19-04-2025 00:00,Gujarat,Vadodara,25.11
19-02-2025 12:00,Odisha,Balasore,28.33
28-11-2025 22:00,Maharashtra,Nagpur,15.58
11-09-2025 05:00,Gujarat,Ahmedabad,7.37
05-01-2025 11:00,Bihar,Bhagalpur,9.59
24-02-2025 19:00,Odisha,Bhubaneswar,33.96
08-12-2025 03:00,Odisha,Balasore,39.7
25-04-2025 17:00,West Bengal,Darjeeling,35.18
11-02-2026 09:00,West Bengal,Darjeeling,104.02124999999998
17-09-2025 15:00,Kerala,Kozhikode,74.16
30-04-2025 20:00,Karnataka,Udupi,16.98
10-08-2025 19:00,West Bengal,Murshidabad,93.71
03-02-2025 07:00,Uttar Pradesh,Kanpur,42.88
29-05-2025 18:00,Uttar Pradesh,Lucknow,104.02124999999998
01-05-2025 14:00,Bihar,Darbhanga,47.2
02-05-2025 23:00,Assam,Guwahati,53.76
07-12-2025 18:00,Uttar Pradesh,Varanasi,18.82
10-02-2025 11:00,Tamil Nadu,Madurai,19.71
06-10-2025 15:00,Bihar,Gaya,57.61
24-12-2025 07:00,Maharashtra,Mumbai,16.7
26-03-2025 04:00,Bihar,Bhagalpur,21.35
13-01-2026 06:00,Odisha,Bhubaneswar,62.5
09-02-2025 16:00,Bihar,Patna,25.81
12-08-2025 07:00,Kerala,Kottayam,22.56
10-06-2025 17:00,Assam,Guwahati,30.75
02-09-2025 05:00,Uttar Pradesh,Varanasi,13.6
12-05-2025 01:00,Maharashtra,Nashik,73.96
18-05-2025 17:00,Tamil Nadu,Chennai,19.57
06-05-2025 06:00,Maharashtra,Nagpur,62.97
11-01-2026 01:00,Karnataka,Udupi,41.35
20-11-2025 18:00,West Bengal,Murshidabad,3.18
06-11-2025 22:00,West Bengal,Murshidabad,16.08
27-11-2025 22:00,Assam,Barpeta,37.52
20-01-2026 22:00,Kerala,Kochi,53.36
14-02-2025 00:00,Maharashtra,Nashik,13.99
12-05-2025 10:00,Uttar Pradesh,Varanasi,22.76
07-06-2025 19:00,Karnataka,Bengaluru,96.67
18-01-2026 21:00,Uttar Pradesh,Gorakhpur,20.19
23-11-2025 01:00,Assam,Jorhat,30.69
11-11-2025 03:00,West Bengal,Murshidabad,1.55
29-10-2025 07:00,Maharashtra,Mumbai,39.06
01-02-2025 20:00,Gujarat,Bharuch,22.65
29-07-2025 03:00,Kerala,Kochi,21.03
24-07-2025 07:00,Bihar,Darbhanga,40.35
04-12-2025 05:00,Bihar,Patna,28.61
13-10-2025 03:00,Karnataka,Udupi,69.52
01-04-2025 05:00,Kerala,Kottayam,9.43
19-03-2025 14:00,Karnataka,Bengaluru,56.75
24-11-2025 02:00,Odisha,Puri,15.15
16-01-2026 03:00,Gujarat,Surat,65.27
08-04-2025 12:00,Assam,Dhemaji,68.01
19-08-2025 07:00,Kerala,Kozhikode,45.35
08-10-2025 23:00,Tamil Nadu,Thanjavur,18.55
16-06-2025 19:00,Kerala,Thrissur,22.27
16-02-2025 19:00,Karnataka,Mysuru,36.15
29-12-2025 21:00,Assam,Guwahati,15.17
18-06-2025 17:00,Maharashtra,Nagpur,80.04
15-11-2025 08:00,Uttar Pradesh,Gorakhpur,67.57
01-02-2025 21:00,Uttar Pradesh,Gorakhpur,21.65
08-04-2025 16:00,Odisha,Kendrapara,55.0
19-06-2025 15:00,Karnataka,Udupi,37.08
28-10-2025 16:00,Kerala,Kozhikode,48.87
25-06-2025 16:00,Tamil Nadu,Tiruppur,10.64
28-11-2025 08:00,Maharashtra,Mumbai,76.75
06-09-2025 18:00,Tamil Nadu,Tiruppur,29.56
20-05-2025 14:00,Kerala,Kochi,10.78
15-07-2025 15:00,Karnataka,Bengaluru,38.39
22-05-2025 15:00,Maharashtra,Pune,28.07
20-06-2025 01:00,Bihar,Bhagalpur,30.34
17-01-2026 05:00,Assam,Guwahati,25.22
21-02-2025 00:00,Assam,Barpeta,58.1
20-09-2025 04:00,Odisha,Cuttack,27.82
11-05-2025 02:00,Tamil Nadu,Thanjavur,12.11
22-01-2025 06:00,Karnataka,Mangaluru,35.33
30-08-2025 10:00,West Bengal,Howrah,67.06
07-12-2025 21:00,Gujarat,Surat,36.91
28-01-2026 09:00,Kerala,Kozhikode,16.28
05-01-2025 00:00,Uttar Pradesh,Varanasi,16.84
06-10-2025 09:00,West Bengal,Murshidabad,62.06
05-03-2025 00:00,West Bengal,Murshidabad,45.53
02-01-2026 07:00,Gujarat,Surat,56.33
05-01-2025 23:00,Uttar Pradesh,Varanasi,58.91
21-11-2025 15:00,West Bengal,Howrah,21.44
29-09-2025 13:00,Bihar,Gaya,19.91
02-01-2025 09:00,Karnataka,Bengaluru,28.63
25-11-2025 15:00,Kerala,Alappuzha,13.44
12-10-2025 14:00,Bihar,Gaya,22.15
14-08-2025 21:00,Kerala,Kottayam,46.67
14-02-2025 12:00,Tamil Nadu,Chennai,19.75
26-02-2025 03:00,Odisha,Kendrapara,41.85
17-07-2025 19:00,Bihar,Darbhanga,13.99
08-09-2025 05:00,Tamil Nadu,Thanjavur,23.0
09-09-2025 15:00,Maharashtra,Mumbai,45.46
09-06-2025 01:00,West Bengal,Darjeeling,34.7
18-12-2025 22:00,Maharashtra,Nashik,36.98
08-08-2025 13:00,Tamil Nadu,Coimbatore,72.78
15-10-2025 09:00,Assam,Dhemaji,5.43
10-08-2025 05:00,Maharashtra,Mumbai,23.76
02-01-2025 07:00,Karnataka,Mysuru,9.09
25-08-2025 10:00,Uttar Pradesh,Gorakhpur,1.92
02-07-2025 18:00,Gujarat,Surat,62.36
02-01-2025 05:00,Maharashtra,Kolhapur,59.76
25-06-2025 02:00,Gujarat,Ahmedabad,65.07
09-11-2025 19:00,Odisha,Kendrapara,90.2
31-01-2025 15:00,Odisha,Puri,5.71
28-03-2025 03:00,Assam,Jorhat,54.49
05-01-2025 10:00,Karnataka,Kodagu,33.86
06-02-2026 20:00,Odisha,Cuttack,10.87
06-01-2026 14:00,Maharashtra,Kolhapur,59.14
01-12-2025 04:00,West Bengal,Murshidabad,88.0
04-04-2025 00:00,Kerala,Kozhikode,24.36
11-02-2025 09:00,Bihar,Muzaffarpur,50.09
28-01-2026 04:00,Assam,Dhemaji,3.36
22-10-2025 02:00,Uttar Pradesh,Gorakhpur,61.97
10-10-2025 21:00,Tamil Nadu,Tiruppur,21.68
16-01-2025 00:00,Maharashtra,Pune,17.82
13-01-2025 16:00,Karnataka,Udupi,77.22
20-04-2025 11:00,Maharashtra,Nagpur,48.61
09-01-2026 13:00,Karnataka,Mangaluru,52.55
08-07-2025 01:00,Karnataka,Udupi,27.67
04-09-2025 06:00,Bihar,Darbhanga,72.18
13-12-2025 09:00,Uttar Pradesh,Prayagraj,47.67
10-05-2025 04:00,Maharashtra,Nagpur,43.17
26-08-2025 15:00,Bihar,Darbhanga,21.61
12-06-2025 10:00,Kerala,Kottayam,29.62
15-08-2025 16:00,Gujarat,Surat,32.41
27-11-2025 10:00,Bihar,Bhagalpur,35.46
26-01-2025 21:00,West Bengal,Malda,89.63
29-10-2025 11:00,Assam,Jorhat,4.95
15-04-2025 02:00,Karnataka,Kodagu,71.01
30-01-2025 17:00,Bihar,Muzaffarpur,44.51
17-12-2025 03:00,West Bengal,Kolkata,33.05
29-04-2025 23:00,Bihar,Patna,40.96
27-06-2025 21:00,Tamil Nadu,Tiruppur,29.75
02-05-2025 04:00,Tamil Nadu,Madurai,61.24
03-12-2025 16:00,West Bengal,Darjeeling,38.85
08-07-2025 04:00,West Bengal,Howrah,47.77
22-02-2025 13:00,Uttar Pradesh,Varanasi,39.87
12-05-2025 16:00,Kerala,Kochi,16.41
10-02-2025 10:00,Gujarat,Bharuch,37.43
13-06-2025 00:00,Kerala,Kochi,70.37
05-08-2025 14:00,West Bengal,Howrah,53.65
04-01-2026 14:00,Kerala,Alappuzha,35.94
11-01-2025 19:00,Kerala,Alappuzha,15.88
07-06-2025 22:00,Uttar Pradesh,Kanpur,76.19
19-01-2026 10:00,Odisha,Balasore,18.75
21-01-2025 07:00,Karnataka,Mysuru,50.61
26-11-2025 11:00,Gujarat,Rajkot,21.13
22-01-2025 14:00,Karnataka,Mysuru,50.58
14-12-2025 14:00,Tamil Nadu,Thanjavur,29.53
13-01-2025 23:00,Kerala,Thrissur,29.62
15-05-2025 15:00,Odisha,Cuttack,58.0
27-11-2025 12:00,Assam,Dhemaji,25.49
07-11-2025 17:00,Kerala,Alappuzha,55.91
12-02-2026 15:00,Karnataka,Udupi,54.32
04-08-2025 23:00,Bihar,Darbhanga,91.17
03-12-2025 12:00,Bihar,Patna,59.23
28-09-2025 21:00,Bihar,Muzaffarpur,78.15
10-10-2025 22:00,Odisha,Bhubaneswar,51.89
20-11-2025 20:00,Maharashtra,Mumbai,54.27
25-04-2025 01:00,Kerala,Kochi,40.19
23-11-2025 17:00,Karnataka,Bengaluru,25.0
18-09-2025 21:00,Odisha,Balasore,20.01
08-12-2025 21:00,Uttar Pradesh,Gorakhpur,11.97
21-02-2025 23:00,Karnataka,Bengaluru,52.1
24-01-2026 23:00,Tamil Nadu,Chennai,18.82
24-06-2025 18:00,Tamil Nadu,Tiruppur,20.35
30-11-2025 08:00,Odisha,Balasore,52.44
04-11-2025 09:00,Assam,Dibrugarh,67.09
24-05-2025 02:00,Maharashtra,Mumbai,25.91
13-08-2025 05:00,Gujarat,Bharuch,23.34
09-02-2025 22:00,Maharashtra,Nagpur,18.12
18-01-2025 08:00,Gujarat,Bharuch,66.24
28-08-2025 05:00,Karnataka,Bengaluru,52.9
08-10-2025 07:00,Bihar,Muzaffarpur,71.33
02-07-2025 13:00,Tamil Nadu,Chennai,15.98
05-08-2025 12:00,West Bengal,Darjeeling,34.82
16-02-2025 08:00,Tamil Nadu,Thanjavur,5.92
23-04-2025 00:00,West Bengal,Kolkata,33.47
27-09-2025 16:00,Bihar,Patna,27.26
03-01-2026 11:00,Maharashtra,Mumbai,43.07
22-11-2025 07:00,Kerala,Kozhikode,22.83
23-05-2025 02:00,Maharashtra,Kolhapur,83.77
04-01-2025 08:00,Odisha,Kendrapara,82.44
12-07-2025 05:00,Tamil Nadu,Madurai,24.71
27-02-2025 05:00,Bihar,Darbhanga,72.49
04-03-2025 21:00,Gujarat,Bharuch,36.14
26-09-2025 10:00,Odisha,Kendrapara,15.66
08-05-2025 22:00,Assam,Jorhat,40.21
06-05-2025 15:00,Karnataka,Udupi,16.73
20-07-2025 22:00,Odisha,Bhubaneswar,88.69
22-11-2025 21:00,Bihar,Muzaffarpur,33.58
04-01-2025 20:00,Assam,Dibrugarh,47.35
28-01-2026 12:00,Tamil Nadu,Coimbatore,76.21
02-10-2025 23:00,Assam,Jorhat,47.26
05-07-2025 02:00,Odisha,Kendrapara,11.09
13-11-2025 17:00,Gujarat,Ahmedabad,62.77
09-06-2025 18:00,Maharashtra,Nagpur,40.16
09-02-2026 05:00,West Bengal,Darjeeling,55.73
30-06-2025 01:00,Kerala,Kozhikode,58.07
22-05-2025 09:00,Assam,Jorhat,46.79
17-07-2025 23:00,Kerala,Kottayam,19.3
29-10-2025 04:00,Karnataka,Udupi,10.92
18-01-2026 22:00,West Bengal,Malda,17.97
09-04-2025 08:00,Assam,Dibrugarh,99.02
17-02-2025 19:00,Kerala,Kozhikode,40.12
25-08-2025 01:00,Gujarat,Bharuch,45.5
03-12-2025 10:00,Assam,Dhemaji,38.07
25-07-2025 22:00,Gujarat,Bharuch,66.32
02-06-2025 14:00,Uttar Pradesh,Lucknow,39.82
07-03-2025 02:00,Assam,Guwahati,25.67
21-06-2025 08:00,Gujarat,Vadodara,82.8
13-01-2026 01:00,Odisha,Kendrapara,38.26
22-01-2026 11:00,Uttar Pradesh,Varanasi,67.4
22-12-2025 17:00,Gujarat,Rajkot,16.68
03-02-2025 02:00,Uttar Pradesh,Gorakhpur,79.34
01-09-2025 21:00,Odisha,Balasore,9.33
14-11-2025 10:00,Maharashtra,Kolhapur,66.07
08-03-2025 09:00,West Bengal,Malda,28.42
06-11-2025 01:00,West Bengal,Murshidabad,57.97
08-08-2025 10:00,West Bengal,Murshidabad,7.58
25-10-2025 18:00,Karnataka,Mysuru,54.16
04-01-2025 16:00,Bihar,Patna,37.78
29-12-2025 06:00,Tamil Nadu,Chennai,5.5
10-02-2026 11:00,Gujarat,Ahmedabad,23.13
29-01-2026 13:00,Karnataka,Udupi,89.35
09-10-2025 09:00,Tamil Nadu,Thanjavur,17.51
26-05-2025 21:00,West Bengal,Kolkata,27.56
04-04-2025 01:00,Bihar,Muzaffarpur,24.9
27-04-2025 18:00,Gujarat,Bharuch,17.22
04-07-2025 07:00,Kerala,Kozhikode,17.4
24-08-2025 22:00,Uttar Pradesh,Lucknow,59.96
26-10-2025 17:00,Maharashtra,Pune,77.22
14-12-2025 08:00,Gujarat,Bharuch,12.52
31-03-2025 11:00,Bihar,Gaya,38.76
29-11-2025 00:00,Assam,Guwahati,32.29
30-09-2025 22:00,Gujarat,Vadodara,25.8
15-11-2025 10:00,Gujarat,Rajkot,68.11
14-09-2025 19:00,Uttar Pradesh,Varanasi,41.3
04-03-2025 06:00,Karnataka,Kodagu,34.08
17-11-2025 15:00,Assam,Guwahati,34.6
23-10-2025 13:00,Uttar Pradesh,Gorakhpur,30.16
28-02-2025 16:00,Karnataka,Mysuru,18.73
06-10-2025 18:00,West Bengal,Kolkata,13.61
22-05-2025 16:00,Gujarat,Ahmedabad,16.86
05-01-2025 12:00,West Bengal,Kolkata,48.51
23-08-2025 19:00,Maharashtra,Nashik,12.23
20-12-2025 09:00,Kerala,Alappuzha,80.67
03-10-2025 03:00,Maharashtra,Kolhapur,18.37
15-02-2025 10:00,Kerala,Kottayam,49.87
20-08-2025 15:00,West Bengal,Howrah,25.01
28-01-2026 03:00,Kerala,Kochi,75.23
06-12-2025 06:00,Karnataka,Udupi,35.08
27-12-2025 23:00,Uttar Pradesh,Varanasi,37.2
02-10-2025 19:00,Assam,Barpeta,72.0
26-01-2025 23:00,Uttar Pradesh,Varanasi,41.19
14-10-2025 06:00,Uttar Pradesh,Varanasi,15.55
20-07-2025 13:00,Tamil Nadu,Thanjavur,17.77
01-10-2025 00:00,West Bengal,Murshidabad,31.26
10-11-2025 17:00,Karnataka,Bengaluru,26.83
30-08-2025 11:00,Odisha,Kendrapara,36.32
06-11-2025 20:00,Kerala,Kottayam,50.55
25-06-2025 17:00,Odisha,Kendrapara,49.35
05-09-2025 12:00,Kerala,Thrissur,18.66
21-12-2025 04:00,Gujarat,Vadodara,20.71
25-09-2025 20:00,Gujarat,Surat,7.56
12-10-2025 10:00,Karnataka,Bengaluru,104.02124999999998
22-06-2025 02:00,Gujarat,Rajkot,32.17
22-11-2025 01:00,Kerala,Alappuzha,37.7
20-11-2025 01:00,Maharashtra,Nagpur,22.82
16-07-2025 17:00,Uttar Pradesh,Varanasi,12.7
10-03-2025 18:00,West Bengal,Darjeeling,30.32
22-06-2025 12:00,Tamil Nadu,Thanjavur,27.3
09-03-2025 09:00,Tamil Nadu,Coimbatore,12.3
26-03-2025 13:00,Assam,Dhemaji,15.41
21-12-2025 21:00,Assam,Dhemaji,56.23
10-07-2025 15:00,West Bengal,Darjeeling,18.27
16-06-2025 08:00,Bihar,Patna,5.65
04-11-2025 08:00,Gujarat,Vadodara,10.11
14-09-2025 05:00,Uttar Pradesh,Prayagraj,26.47
24-07-2025 12:00,Maharashtra,Mumbai,36.44
29-07-2025 10:00,Uttar Pradesh,Gorakhpur,22.93
11-12-2025 04:00,Assam,Dhemaji,32.38
17-07-2025 03:00,Gujarat,Surat,34.98
11-11-2025 12:00,Uttar Pradesh,Gorakhpur,38.42
05-12-2025 22:00,Assam,Guwahati,104.02124999999998
08-03-2025 22:00,West Bengal,Darjeeling,104.02124999999998
18-07-2025 21:00,Bihar,Muzaffarpur,41.85
04-12-2025 21:00,West Bengal,Howrah,50.55
17-10-2025 15:00,Karnataka,Mangaluru,28.52
08-09-2025 04:00,Kerala,Kochi,58.79
19-11-2025 00:00,Bihar,Patna,5.59
28-05-2025 13:00,Kerala,Kozhikode,37.17
17-01-2025 04:00,Assam,Dibrugarh,48.27
16-03-2025 18:00,Kerala,Kochi,103.18
30-12-2025 19:00,Uttar Pradesh,Varanasi,62.2
24-07-2025 23:00,Maharashtra,Nagpur,49.03
19-08-2025 17:00,Bihar,Muzaffarpur,47.62
11-06-2025 08:00,Gujarat,Rajkot,44.95
05-01-2026 12:00,Gujarat,Bharuch,57.03
04-04-2025 22:00,Assam,Jorhat,14.09
23-05-2025 04:00,Gujarat,Surat,39.62
16-08-2025 11:00,Bihar,Gaya,50.28
26-07-2025 11:00,West Bengal,Murshidabad,16.71
05-11-2025 04:00,Kerala,Alappuzha,19.98
14-08-2025 14:00,Kerala,Kottayam,35.83
05-11-2025 07:00,Kerala,Thrissur,31.58
05-11-2025 22:00,Gujarat,Rajkot,15.19
15-01-2026 04:00,Bihar,Gaya,42.29
22-07-2025 03:00,Kerala,Kochi,13.81
26-03-2025 09:00,Maharashtra,Pune,41.23
19-04-2025 23:00,Bihar,Muzaffarpur,35.73
04-11-2025 20:00,Assam,Dibrugarh,88.76
02-05-2025 22:00,Bihar,Darbhanga,11.67
16-02-2025 17:00,Assam,Guwahati,75.04
02-05-2025 06:00,Maharashtra,Nashik,85.07
06-12-2025 10:00,Karnataka,Mysuru,19.19
04-11-2025 15:00,Tamil Nadu,Thanjavur,23.58
26-05-2025 02:00,Tamil Nadu,Madurai,39.55
03-02-2025 03:00,Odisha,Puri,14.24
07-03-2025 15:00,Tamil Nadu,Thanjavur,70.79
15-09-2025 08:00,Tamil Nadu,Tiruppur,44.57
19-09-2025 02:00,West Bengal,Howrah,44.95
13-04-2025 10:00,Gujarat,Surat,30.06
19-05-2025 00:00,Karnataka,Mysuru,6.33
22-02-2025 05:00,Gujarat,Bharuch,26.35
12-10-2025 18:00,Odisha,Puri,77.42
02-01-2026 10:00,Tamil Nadu,Tiruppur,32.56
09-06-2025 21:00,Odisha,Kendrapara,31.81
03-07-2025 06:00,Odisha,Puri,15.71
30-05-2025 19:00,Maharashtra,Nagpur,56.88
03-10-2025 21:00,Gujarat,Bharuch,68.76
16-12-2025 06:00,Tamil Nadu,Chennai,32.03
30-03-2025 12:00,Kerala,Thrissur,12.19
15-05-2025 22:00,Bihar,Patna,7.86
14-08-2025 03:00,Odisha,Cuttack,19.16
07-09-2025 22:00,Bihar,Bhagalpur,60.68
05-09-2025 10:00,Karnataka,Udupi,43.28
27-03-2025 05:00,Karnataka,Mysuru,37.58
07-03-2025 18:00,Uttar Pradesh,Prayagraj,104.02124999999998
01-01-2025 14:00,West Bengal,Murshidabad,16.07
22-04-2025 09:00,Kerala,Kottayam,40.92
20-10-2025 08:00,West Bengal,Darjeeling,47.46
30-12-2025 08:00,Gujarat,Ahmedabad,49.09
04-01-2026 17:00,Maharashtra,Nashik,24.49
20-07-2025 12:00,West Bengal,Howrah,35.44
15-02-2025 04:00,Bihar,Patna,15.97
27-07-2025 15:00,Tamil Nadu,Thanjavur,34.24
26-10-2025 03:00,Gujarat,Rajkot,41.38
01-05-2025 04:00,Bihar,Gaya,52.74
14-01-2025 21:00,Odisha,Kendrapara,44.4
28-10-2025 04:00,Assam,Guwahati,93.75
01-07-2025 23:00,Kerala,Thrissur,22.6
09-05-2025 07:00,Tamil Nadu,Tiruppur,31.85
28-10-2025 03:00,Kerala,Alappuzha,21.32
17-02-2026 21:00,Odisha,Bhubaneswar,13.77
05-01-2026 08:00,Tamil Nadu,Thanjavur,28.85
11-01-2025 23:00,Karnataka,Bengaluru,31.63
30-06-2025 17:00,Tamil Nadu,Madurai,44.49
06-01-2026 15:00,Kerala,Kozhikode,30.92
18-12-2025 23:00,Uttar Pradesh,Kanpur,25.13
03-09-2025 23:00,West Bengal,Malda,9.35
04-03-2025 10:00,Kerala,Alappuzha,73.28
24-06-2025 14:00,Maharashtra,Nashik,4.9
08-11-2025 21:00,Tamil Nadu,Chennai,32.11
06-02-2026 19:00,Tamil Nadu,Coimbatore,29.46
13-12-2025 06:00,Odisha,Balasore,58.91
13-11-2025 06:00,Tamil Nadu,Chennai,20.4
21-01-2025 20:00,Uttar Pradesh,Kanpur,7.89
17-01-2026 11:00,Tamil Nadu,Tiruppur,68.01
28-01-2026 06:00,Uttar Pradesh,Lucknow,23.43
09-05-2025 23:00,Gujarat,Bharuch,5.69
12-07-2025 23:00,Karnataka,Mysuru,27.56
16-01-2025 07:00,Assam,Dhemaji,21.23
19-06-2025 02:00,Uttar Pradesh,Kanpur,13.34
07-12-2025 14:00,Uttar Pradesh,Kanpur,24.72
12-07-2025 22:00,Tamil Nadu,Madurai,19.42
10-09-2025 22:00,Kerala,Thrissur,42.89
22-04-2025 00:00,Assam,Barpeta,47.24
12-02-2025 18:00,Tamil Nadu,Madurai,15.16
04-09-2025 04:00,Tamil Nadu,Thanjavur,100.9
30-07-2025 10:00,Odisha,Puri,34.67
21-09-2025 16:00,Assam,Barpeta,90.47
10-02-2026 13:00,Maharashtra,Pune,26.73
12-03-2025 11:00,Maharashtra,Kolhapur,28.83
29-01-2025 01:00,Uttar Pradesh,Gorakhpur,16.59
21-08-2025 04:00,Uttar Pradesh,Varanasi,104.02124999999998
29-08-2025 06:00,Odisha,Bhubaneswar,57.63
03-08-2025 20:00,Maharashtra,Nashik,57.73
31-01-2025 13:00,Uttar Pradesh,Kanpur,26.35
27-05-2025 22:00,Kerala,Alappuzha,21.17
24-01-2025 16:00,Odisha,Kendrapara,57.35
18-01-2026 19:00,Bihar,Patna,74.01
02-05-2025 18:00,Assam,Barpeta,25.5
26-11-2025 15:00,Odisha,Puri,25.24
06-03-2025 22:00,Kerala,Kozhikode,31.13
05-01-2025 05:00,Tamil Nadu,Madurai,12.9
06-05-2025 07:00,Karnataka,Mangaluru,74.89
28-10-2025 01:00,Kerala,Alappuzha,23.89
13-01-2025 15:00,Assam,Dhemaji,37.94
04-01-2025 04:00,Uttar Pradesh,Lucknow,15.08
09-10-2025 10:00,Gujarat,Surat,25.62
26-12-2025 13:00,Karnataka,Mangaluru,62.91
20-02-2025 08:00,Uttar Pradesh,Varanasi,16.38
19-11-2025 14:00,Odisha,Bhubaneswar,47.11
09-12-2025 06:00,Odisha,Puri,57.91
08-01-2026 16:00,Tamil Nadu,Coimbatore,104.02124999999998
17-12-2025 13:00,Gujarat,Rajkot,20.65
15-03-2025 23:00,Uttar Pradesh,Lucknow,7.7
25-05-2025 17:00,Gujarat,Surat,24.4
21-01-2025 03:00,Uttar Pradesh,Varanasi,34.87
02-04-2025 05:00,Odisha,Bhubaneswar,22.21
15-01-2025 10:00,Karnataka,Mangaluru,53.33
17-08-2025 09:00,Tamil Nadu,Madurai,16.93
15-12-2025 09:00,Uttar Pradesh,Gorakhpur,23.12
03-03-2025 08:00,Assam,Jorhat,10.15
01-08-2025 12:00,West Bengal,Murshidabad,52.27
09-10-2025 21:00,Odisha,Puri,20.8
29-12-2025 18:00,Maharashtra,Mumbai,23.65
25-07-2025 09:00,Uttar Pradesh,Varanasi,25.65
21-09-2025 17:00,Kerala,Kozhikode,25.25
19-04-2025 17:00,Kerala,Alappuzha,18.66
01-01-2025 03:00,Assam,Jorhat,26.25
03-04-2025 05:00,Assam,Guwahati,26.49
21-07-2025 03:00,Gujarat,Bharuch,72.75
05-02-2025 16:00,Bihar,Bhagalpur,53.53
18-10-2025 17:00,Odisha,Puri,28.04
03-09-2025 05:00,Assam,Dhemaji,8.55
27-01-2025 00:00,Tamil Nadu,Chennai,27.45
13-01-2025 02:00,Assam,Guwahati,61.5
26-03-2025 02:00,Karnataka,Mysuru,19.3
28-01-2025 20:00,Gujarat,Vadodara,13.58
07-01-2026 17:00,Uttar Pradesh,Gorakhpur,12.46
11-12-2025 08:00,Odisha,Bhubaneswar,24.09
09-02-2026 00:00,Tamil Nadu,Tiruppur,15.02
09-03-2025 23:00,Tamil Nadu,Thanjavur,36.55
04-08-2025 10:00,Karnataka,Mysuru,14.83
28-10-2025 05:00,Maharashtra,Mumbai,11.78
16-04-2025 02:00,Maharashtra,Kolhapur,99.63
03-04-2025 07:00,Kerala,Kozhikode,33.22
18-10-2025 08:00,Odisha,Bhubaneswar,31.62
28-09-2025 16:00,West Bengal,Howrah,13.74
16-09-2025 21:00,Maharashtra,Mumbai,20.23
21-10-2025 00:00,Bihar,Darbhanga,55.32
06-11-2025 04:00,Odisha,Puri,13.75
16-02-2025 03:00,Odisha,Bhubaneswar,28.64
19-01-2025 18:00,Assam,Jorhat,40.56
20-09-2025 01:00,Karnataka,Mysuru,27.31
20-02-2026 06:00,West Bengal,Darjeeling,32.21
06-01-2025 15:00,Gujarat,Vadodara,19.04
16-03-2025 09:00,Assam,Jorhat,11.17
22-05-2025 20:00,West Bengal,Darjeeling,32.76
02-05-2025 02:00,West Bengal,Darjeeling,104.02124999999998
13-12-2025 00:00,Kerala,Alappuzha,71.12
09-11-2025 04:00,West Bengal,Kolkata,74.82
12-09-2025 04:00,Kerala,Kottayam,45.93
07-07-2025 16:00,Odisha,Puri,13.51
30-07-2025 13:00,Gujarat,Vadodara,27.71
05-08-2025 21:00,Maharashtra,Nagpur,20.05
20-06-2025 00:00,Odisha,Balasore,13.6
16-10-2025 06:00,Odisha,Cuttack,52.85
11-10-2025 10:00,Tamil Nadu,Tiruppur,14.21
05-08-2025 22:00,Odisha,Balasore,46.74
23-01-2025 04:00,Assam,Dibrugarh,10.49
21-07-2025 06:00,West Bengal,Malda,22.2
18-06-2025 06:00,Gujarat,Vadodara,8.66
20-06-2025 04:00,Assam,Jorhat,50.61
14-05-2025 12:00,Uttar Pradesh,Gorakhpur,83.27
24-10-2025 06:00,Gujarat,Vadodara,70.36
14-01-2025 18:00,West Bengal,Darjeeling,24.72
26-07-2025 13:00,Odisha,Balasore,11.96
07-05-2025 09:00,Tamil Nadu,Coimbatore,13.04
17-11-2025 04:00,Gujarat,Surat,19.89
08-03-2025 13:00,Uttar Pradesh,Prayagraj,8.47
18-02-2026 07:00,Odisha,Cuttack,37.53
30-05-2025 21:00,Assam,Dibrugarh,23.44
12-01-2026 14:00,Kerala,Kochi,53.24
30-11-2025 09:00,Maharashtra,Kolhapur,41.88
25-01-2025 14:00,Assam,Jorhat,32.27
27-01-2025 23:00,Uttar Pradesh,Gorakhpur,36.45
15-01-2026 06:00,Uttar Pradesh,Prayagraj,19.33
30-11-2025 23:00,Uttar Pradesh,Prayagraj,13.93
07-06-2025 03:00,Kerala,Kozhikode,24.51
12-01-2026 15:00,Karnataka,Udupi,35.42
31-07-2025 18:00,Kerala,Kochi,70.02
25-11-2025 10:00,West Bengal,Murshidabad,30.49
26-01-2026 02:00,West Bengal,Murshidabad,15.57
25-06-2025 10:00,Assam,Dhemaji,59.12
04-01-2026 02:00,Uttar Pradesh,Prayagraj,31.36
29-12-2025 11:00,Assam,Barpeta,48.18
16-03-2025 19:00,Uttar Pradesh,Gorakhpur,40.39
18-04-2025 18:00,West Bengal,Kolkata,54.27
15-12-2025 03:00,West Bengal,Howrah,44.81
07-04-2025 12:00,Maharashtra,Pune,18.07
24-06-2025 09:00,Karnataka,Udupi,13.33
03-01-2026 19:00,Bihar,Gaya,59.58
22-10-2025 16:00,West Bengal,Malda,71.53
07-08-2025 02:00,Karnataka,Udupi,23.04
31-12-2025 07:00,Assam,Dhemaji,25.99
28-12-2025 06:00,Gujarat,Rajkot,27.2
18-07-2025 16:00,Tamil Nadu,Tiruppur,26.56
20-02-2026 12:00,Bihar,Patna,12.7
25-10-2025 16:00,Tamil Nadu,Coimbatore,12.61
02-05-2025 09:00,Odisha,Cuttack,43.4
16-02-2026 07:00,Gujarat,Rajkot,94.81
17-02-2026 05:00,Gujarat,Rajkot,34.33
28-03-2025 11:00,West Bengal,Howrah,44.89
29-06-2025 06:00,Assam,Jorhat,19.07
31-08-2025 14:00,Karnataka,Bengaluru,25.58
31-03-2025 13:00,Kerala,Alappuzha,104.02124999999998
07-01-2025 00:00,Tamil Nadu,Madurai,20.45
26-07-2025 19:00,West Bengal,Howrah,48.67
06-12-2025 23:00,Maharashtra,Pune,43.05
12-01-2026 06:00,Karnataka,Mangaluru,33.53
18-07-2025 23:00,Gujarat,Rajkot,50.27
08-01-2026 05:00,Maharashtra,Nashik,33.64
19-11-2025 21:00,Maharashtra,Mumbai,64.13
14-02-2026 12:00,Uttar Pradesh,Gorakhpur,104.02124999999998
19-01-2026 22:00,Uttar Pradesh,Varanasi,54.06
10-09-2025 12:00,Odisha,Kendrapara,39.78
30-01-2026 19:00,Uttar Pradesh,Kanpur,104.02124999999998
25-09-2025 01:00,Uttar Pradesh,Prayagraj,2.27
19-05-2025 05:00,Karnataka,Kodagu,14.33
08-11-2025 00:00,Maharashtra,Nagpur,6.53
08-05-2025 13:00,Karnataka,Mangaluru,27.54
26-02-2025 11:00,Uttar Pradesh,Lucknow,55.1
08-07-2025 02:00,Uttar Pradesh,Varanasi,24.7
18-08-2025 09:00,Uttar Pradesh,Kanpur,26.26
07-08-2025 18:00,Gujarat,Bharuch,24.47
07-07-2025 23:00,Assam,Barpeta,51.89
14-03-2025 02:00,Bihar,Patna,34.87
15-03-2025 06:00,Bihar,Muzaffarpur,93.74
05-10-2025 02:00,Gujarat,Surat,13.11
04-10-2025 22:00,Tamil Nadu,Chennai,24.44
15-02-2026 20:00,Kerala,Alappuzha,19.2
22-06-2025 11:00,Tamil Nadu,Madurai,96.22
27-01-2026 09:00,Bihar,Gaya,30.13
02-08-2025 11:00,Gujarat,Surat,24.53
01-01-2025 00:00,Odisha,Puri,15.94
19-03-2025 16:00,Bihar,Muzaffarpur,24.27
23-01-2025 15:00,Gujarat,Rajkot,87.78
15-01-2025 13:00,Kerala,Kochi,44.55
15-10-2025 18:00,Karnataka,Mysuru,15.86
11-02-2026 21:00,Gujarat,Ahmedabad,24.64
16-04-2025 03:00,Bihar,Patna,25.31
25-05-2025 08:00,Maharashtra,Mumbai,33.71
20-01-2025 01:00,Karnataka,Mysuru,28.09
06-05-2025 23:00,Tamil Nadu,Chennai,19.04
30-10-2025 13:00,Odisha,Bhubaneswar,83.56
01-02-2026 11:00,Gujarat,Surat,25.84
25-11-2025 00:00,Assam,Jorhat,33.39
04-10-2025 01:00,Assam,Jorhat,37.34
16-04-2025 14:00,Gujarat,Ahmedabad,72.49
06-01-2025 11:00,Odisha,Bhubaneswar,47.73
04-06-2025 08:00,Bihar,Bhagalpur,62.84
27-02-2025 04:00,Uttar Pradesh,Prayagraj,27.62
16-09-2025 08:00,West Bengal,Darjeeling,53.61
22-07-2025 08:00,Gujarat,Ahmedabad,38.2
16-07-2025 08:00,Odisha,Puri,9.46
20-08-2025 00:00,Bihar,Muzaffarpur,14.25
28-02-2025 21:00,Karnataka,Bengaluru,18.71
21-06-2025 09:00,Bihar,Gaya,12.45
28-01-2025 07:00,Assam,Jorhat,36.89
06-12-2025 01:00,Bihar,Darbhanga,13.44
20-06-2025 18:00,Uttar Pradesh,Prayagraj,47.05
25-01-2025 16:00,Karnataka,Kodagu,35.86
29-12-2025 20:00,West Bengal,Murshidabad,30.46
11-05-2025 03:00,Assam,Jorhat,38.1
07-05-2025 23:00,Bihar,Gaya,20.01
11-06-2025 23:00,Assam,Dhemaji,43.1
27-08-2025 23:00,Kerala,Kozhikode,34.88
02-04-2025 00:00,Odisha,Kendrapara,35.6
31-03-2025 09:00,Assam,Dhemaji,48.1
21-10-2025 15:00,West Bengal,Kolkata,51.27
10-05-2025 09:00,Kerala,Kottayam,48.1
20-01-2026 17:00,Gujarat,Surat,11.79
15-01-2026 00:00,West Bengal,Kolkata,31.72
26-04-2025 09:00,Assam,Jorhat,20.79
06-08-2025 13:00,Maharashtra,Nagpur,74.56
01-09-2025 01:00,Kerala,Alappuzha,67.79
14-03-2025 04:00,Uttar Pradesh,Kanpur,19.7
12-01-2025 01:00,Maharashtra,Nashik,15.91
03-08-2025 08:00,Gujarat,Surat,3.89
11-12-2025 11:00,Tamil Nadu,Thanjavur,38.62
14-06-2025 01:00,Uttar Pradesh,Lucknow,104.02124999999998
01-02-2025 17:00,Tamil Nadu,Thanjavur,30.94
28-10-2025 20:00,Gujarat,Bharuch,25.5
18-12-2025 15:00,Tamil Nadu,Tiruppur,51.98
16-05-2025 17:00,Karnataka,Bengaluru,12.57
30-06-2025 18:00,Gujarat,Vadodara,38.23
01-07-2025 18:00,Bihar,Darbhanga,51.44
14-01-2025 04:00,Karnataka,Bengaluru,102.99
03-12-2025 05:00,Kerala,Kozhikode,60.56
19-03-2025 03:00,Maharashtra,Pune,43.81
14-04-2025 12:00,Maharashtra,Nashik,41.61
16-02-2026 09:00,Kerala,Kottayam,47.68
03-02-2026 22:00,Tamil Nadu,Coimbatore,29.65
14-02-2025 22:00,Tamil Nadu,Chennai,15.6
15-12-2025 06:00,Maharashtra,Pune,22.48
02-11-2025 13:00,Maharashtra,Pune,53.79
14-02-2025 15:00,Tamil Nadu,Thanjavur,22.36
05-01-2025 07:00,Odisha,Kendrapara,23.5
28-08-2025 12:00,Odisha,Balasore,24.5
01-03-2025 02:00,Karnataka,Mangaluru,82.08
11-03-2025 02:00,Uttar Pradesh,Varanasi,11.59
09-08-2025 04:00,Assam,Guwahati,28.77
17-02-2025 21:00,Assam,Dhemaji,34.07
25-10-2025 22:00,Gujarat,Ahmedabad,18.93
07-03-2025 08:00,Assam,Jorhat,30.42
15-02-2025 07:00,Tamil Nadu,Madurai,24.58
11-09-2025 13:00,Gujarat,Rajkot,43.24
28-12-2025 10:00,Kerala,Thrissur,61.63
14-12-2025 13:00,Maharashtra,Pune,35.05
22-11-2025 11:00,Gujarat,Vadodara,4.43
11-09-2025 12:00,Odisha,Balasore,68.32
01-01-2026 13:00,Uttar Pradesh,Varanasi,8.08
31-12-2025 21:00,Uttar Pradesh,Kanpur,37.09
12-03-2025 12:00,Bihar,Gaya,17.46
17-07-2025 06:00,Assam,Guwahati,24.21
22-05-2025 03:00,West Bengal,Malda,10.88
01-06-2025 22:00,Maharashtra,Nagpur,80.17
12-03-2025 03:00,Odisha,Cuttack,16.58
01-01-2025 08:00,Bihar,Patna,7.75
10-09-2025 14:00,Tamil Nadu,Thanjavur,31.89
29-09-2025 12:00,Kerala,Alappuzha,49.02
21-06-2025 19:00,Assam,Dibrugarh,25.9
30-12-2025 17:00,West Bengal,Malda,7.84
09-09-2025 21:00,Karnataka,Udupi,8.68
24-01-2025 15:00,Karnataka,Kodagu,51.57
17-01-2026 17:00,Kerala,Thrissur,13.0
17-03-2025 03:00,Maharashtra,Mumbai,23.76
21-12-2025 05:00,West Bengal,Malda,30.81
24-07-2025 04:00,Gujarat,Rajkot,15.25
08-03-2025 15:00,West Bengal,Darjeeling,82.89
27-11-2025 11:00,West Bengal,Darjeeling,27.34
02-02-2026 19:00,Odisha,Puri,12.2
28-04-2025 15:00,Assam,Dibrugarh,59.63
16-08-2025 19:00,Karnataka,Bengaluru,21.87
28-05-2025 01:00,Odisha,Puri,15.45
28-12-2025 19:00,Bihar,Darbhanga,12.08
18-02-2025 03:00,Odisha,Cuttack,4.07
30-09-2025 19:00,Gujarat,Rajkot,30.38
14-01-2026 16:00,Uttar Pradesh,Varanasi,9.23
14-11-2025 12:00,Assam,Barpeta,18.41
12-12-2025 16:00,Bihar,Gaya,40.67
09-07-2025 04:00,Assam,Jorhat,61.05
16-01-2026 14:00,Tamil Nadu,Chennai,40.95
28-09-2025 02:00,Uttar Pradesh,Varanasi,9.88
31-08-2025 18:00,Tamil Nadu,Thanjavur,93.97
19-02-2025 14:00,West Bengal,Howrah,30.51
07-11-2025 04:00,Tamil Nadu,Coimbatore,36.48
22-12-2025 00:00,Gujarat,Surat,22.23
10-02-2025 00:00,Uttar Pradesh,Kanpur,39.96
07-11-2025 14:00,Maharashtra,Pune,35.18
02-01-2025 12:00,Uttar Pradesh,Prayagraj,57.88
10-11-2025 04:00,Karnataka,Bengaluru,25.04
15-11-2025 12:00,Bihar,Patna,4.58
04-07-2025 22:00,Bihar,Muzaffarpur,11.49
14-09-2025 17:00,Maharashtra,Nagpur,20.71
19-11-2025 16:00,Assam,Jorhat,55.28
04-02-2026 11:00,Kerala,Kottayam,44.47
05-12-2025 07:00,Tamil Nadu,Tiruppur,104.02124999999998
18-10-2025 07:00,Assam,Guwahati,47.14
27-08-2025 06:00,Assam,Dhemaji,63.75
25-01-2025 01:00,Karnataka,Mangaluru,43.73
14-02-2026 17:00,Maharashtra,Nashik,28.42
20-06-2025 22:00,West Bengal,Howrah,34.63
15-11-2025 14:00,Gujarat,Surat,49.0
22-06-2025 23:00,Uttar Pradesh,Lucknow,61.97
11-05-2025 10:00,West Bengal,Howrah,15.17
23-07-2025 18:00,Gujarat,Bharuch,29.3
20-02-2026 15:00,Karnataka,Udupi,17.13
08-11-2025 07:00,Gujarat,Bharuch,51.93
18-03-2025 09:00,Maharashtra,Nagpur,64.47
17-01-2026 04:00,Tamil Nadu,Tiruppur,33.28
23-07-2025 19:00,Maharashtra,Nashik,19.27
06-04-2025 07:00,Odisha,Cuttack,65.34
25-02-2025 10:00,Odisha,Balasore,101.09
26-04-2025 11:00,Maharashtra,Nashik,42.29
03-06-2025 14:00,Karnataka,Kodagu,26.21
12-12-2025 03:00,Kerala,Kozhikode,30.84
05-09-2025 00:00,Kerala,Kochi,31.74
27-01-2025 13:00,Assam,Barpeta,30.07
02-01-2025 23:00,Maharashtra,Mumbai,17.58
19-04-2025 10:00,Tamil Nadu,Thanjavur,40.9
23-03-2025 21:00,Bihar,Darbhanga,90.2
01-04-2025 08:00,Uttar Pradesh,Gorakhpur,96.64
30-07-2025 09:00,Gujarat,Vadodara,29.86
19-05-2025 22:00,Tamil Nadu,Madurai,77.53
06-05-2025 19:00,Gujarat,Rajkot,24.95
01-01-2026 04:00,Karnataka,Mangaluru,54.81
18-01-2026 08:00,Kerala,Kottayam,36.46
26-02-2025 16:00,Tamil Nadu,Coimbatore,49.04
30-08-2025 14:00,Bihar,Patna,13.77
27-01-2026 16:00,Odisha,Balasore,48.68
16-05-2025 11:00,Tamil Nadu,Madurai,33.39
20-09-2025 12:00,Maharashtra,Kolhapur,56.58
04-04-2025 19:00,Kerala,Kottayam,27.67
09-09-2025 03:00,Kerala,Thrissur,49.56
18-02-2025 23:00,Tamil Nadu,Chennai,32.85
02-01-2026 15:00,Karnataka,Udupi,25.02
17-05-2025 15:00,Bihar,Bhagalpur,104.02124999999998
04-05-2025 21:00,Gujarat,Vadodara,5.46
22-05-2025 12:00,Kerala,Kottayam,104.02124999999998
17-10-2025 03:00,West Bengal,Malda,96.45
10-02-2025 05:00,Maharashtra,Nashik,24.41
24-12-2025 06:00,Tamil Nadu,Coimbatore,41.77
31-01-2025 22:00,Uttar Pradesh,Gorakhpur,15.8
10-11-2025 02:00,Assam,Jorhat,32.01
19-05-2025 02:00,Tamil Nadu,Chennai,21.86
24-07-2025 02:00,Uttar Pradesh,Prayagraj,15.82
25-01-2026 04:00,Odisha,Balasore,31.68
14-07-2025 16:00,Bihar,Darbhanga,47.76
26-12-2025 02:00,Gujarat,Bharuch,15.14
20-02-2025 17:00,Gujarat,Surat,25.53
03-07-2025 05:00,Odisha,Balasore,49.37
11-09-2025 08:00,Uttar Pradesh,Kanpur,87.67
19-04-2025 22:00,West Bengal,Howrah,30.45
20-04-2025 04:00,Karnataka,Udupi,23.0
30-12-2025 02:00,Maharashtra,Mumbai,22.8
31-10-2025 10:00,Assam,Jorhat,104.02124999999998
21-05-2025 19:00,West Bengal,Darjeeling,86.8
01-11-2025 05:00,Karnataka,Udupi,24.99
15-02-2026 17:00,Bihar,Darbhanga,32.16
22-08-2025 13:00,Maharashtra,Kolhapur,65.67
13-02-2026 21:00,Bihar,Darbhanga,10.81
30-08-2025 02:00,Gujarat,Surat,25.52
21-12-2025 22:00,Kerala,Thrissur,58.54
13-10-2025 10:00,Karnataka,Udupi,56.38
05-03-2025 04:00,Kerala,Thrissur,68.36
01-08-2025 10:00,West Bengal,Howrah,68.82
15-11-2025 04:00,Bihar,Muzaffarpur,18.84
14-01-2026 13:00,West Bengal,Darjeeling,83.33
01-12-2025 07:00,Karnataka,Udupi,21.42
10-04-2025 16:00,Assam,Dibrugarh,65.68
25-01-2025 10:00,Gujarat,Bharuch,20.96
27-05-2025 15:00,Maharashtra,Nashik,96.27
15-11-2025 21:00,Tamil Nadu,Coimbatore,46.75
08-01-2026 18:00,Tamil Nadu,Coimbatore,21.85
05-02-2025 10:00,Kerala,Kottayam,49.07
14-01-2025 23:00,Karnataka,Udupi,54.79
04-10-2025 10:00,Tamil Nadu,Chennai,53.79
09-01-2026 20:00,Bihar,Darbhanga,27.46
09-11-2025 05:00,Odisha,Kendrapara,20.72
30-04-2025 12:00,Maharashtra,Pune,18.35
23-07-2025 00:00,Bihar,Muzaffarpur,21.94
28-05-2025 22:00,Maharashtra,Nagpur,68.65
10-06-2025 02:00,Maharashtra,Mumbai,34.65
30-10-2025 14:00,Karnataka,Kodagu,10.09
31-08-2025 16:00,Karnataka,Mysuru,10.91
01-01-2025 23:00,West Bengal,Murshidabad,29.28
02-03-2025 13:00,Gujarat,Rajkot,12.47
12-03-2025 04:00,Tamil Nadu,Madurai,23.87
07-04-2025 06:00,Uttar Pradesh,Lucknow,14.89
13-01-2026 15:00,Maharashtra,Pune,14.48
27-01-2026 22:00,Assam,Dibrugarh,37.64
16-01-2025 21:00,Bihar,Patna,20.41
31-08-2025 06:00,Tamil Nadu,Tiruppur,58.44
20-08-2025 06:00,Karnataka,Bengaluru,30.34
23-01-2026 20:00,Assam,Guwahati,20.05
09-03-2025 10:00,Maharashtra,Kolhapur,21.89
02-02-2025 21:00,Kerala,Kochi,26.89
07-09-2025 07:00,Karnataka,Bengaluru,16.68
28-12-2025 08:00,Tamil Nadu,Chennai,32.06
06-07-2025 11:00,Odisha,Balasore,1.64
22-08-2025 14:00,Assam,Dibrugarh,74.16
24-01-2026 00:00,Maharashtra,Mumbai,17.58
24-08-2025 08:00,Tamil Nadu,Coimbatore,24.37
17-09-2025 00:00,Tamil Nadu,Chennai,54.28
06-04-2025 06:00,Karnataka,Udupi,11.91
21-02-2026 09:00,Maharashtra,Kolhapur,75.01
12-11-2025 18:00,Maharashtra,Kolhapur,16.31
19-02-2025 07:00,West Bengal,Darjeeling,45.53
08-09-2025 01:00,Uttar Pradesh,Gorakhpur,58.89
01-08-2025 02:00,Karnataka,Kodagu,44.1
15-04-2025 20:00,Uttar Pradesh,Prayagraj,39.95
21-06-2025 18:00,Tamil Nadu,Madurai,17.89
19-08-2025 01:00,West Bengal,Kolkata,37.55
23-08-2025 11:00,Bihar,Darbhanga,29.52
15-12-2025 08:00,West Bengal,Howrah,39.32
02-09-2025 16:00,Tamil Nadu,Thanjavur,104.02124999999998
25-12-2025 20:00,Assam,Barpeta,55.94
18-11-2025 23:00,Kerala,Thrissur,57.5
06-09-2025 16:00,West Bengal,Kolkata,39.15
19-02-2025 04:00,Odisha,Kendrapara,34.77
01-01-2026 02:00,Bihar,Gaya,58.11
10-12-2025 03:00,Maharashtra,Nashik,87.02
28-04-2025 10:00,Uttar Pradesh,Kanpur,10.33
20-02-2026 04:00,Odisha,Bhubaneswar,53.92
29-12-2025 15:00,Assam,Guwahati,66.66
03-10-2025 08:00,Uttar Pradesh,Lucknow,8.05
28-04-2025 12:00,Bihar,Muzaffarpur,7.67
10-11-2025 23:00,Assam,Jorhat,57.78
05-04-2025 04:00,Tamil Nadu,Coimbatore,35.0
04-04-2025 07:00,Assam,Guwahati,15.8
08-09-2025 21:00,Tamil Nadu,Madurai,41.51
02-02-2025 14:00,Kerala,Kozhikode,17.72
08-02-2025 20:00,West Bengal,Darjeeling,40.28
16-09-2025 10:00,Odisha,Kendrapara,16.07
11-04-2025 12:00,West Bengal,Murshidabad,23.72
19-10-2025 13:00,Uttar Pradesh,Gorakhpur,14.97
15-01-2026 19:00,West Bengal,Howrah,19.27
18-02-2025 04:00,Maharashtra,Nagpur,34.62
04-12-2025 19:00,Gujarat,Surat,11.18
30-08-2025 21:00,Bihar,Bhagalpur,92.18
23-07-2025 07:00,West Bengal,Murshidabad,21.78
18-05-2025 21:00,Maharashtra,Kolhapur,54.42
09-01-2026 09:00,Odisha,Puri,28.56
12-03-2025 22:00,Kerala,Kochi,72.29
14-04-2025 20:00,Karnataka,Udupi,34.76
04-06-2025 10:00,Assam,Barpeta,34.29
11-12-2025 20:00,Karnataka,Kodagu,6.6
12-01-2025 22:00,Kerala,Thrissur,83.84
09-03-2025 00:00,Tamil Nadu,Thanjavur,30.91
04-10-2025 07:00,Assam,Dhemaji,16.64
11-12-2025 22:00,Karnataka,Udupi,7.95
01-11-2025 19:00,Uttar Pradesh,Prayagraj,66.03
04-04-2025 20:00,Gujarat,Surat,27.89
05-11-2025 23:00,Odisha,Bhubaneswar,37.71
15-12-2025 13:00,Kerala,Kochi,37.25
20-03-2025 19:00,West Bengal,Malda,78.23
30-07-2025 22:00,Kerala,Kottayam,2.31
13-09-2025 00:00,Tamil Nadu,Chennai,32.04
24-01-2025 11:00,West Bengal,Murshidabad,18.31
13-01-2025 03:00,Karnataka,Udupi,34.55
16-07-2025 12:00,Uttar Pradesh,Varanasi,35.16
18-11-2025 04:00,Odisha,Puri,18.69
22-09-2025 13:00,West Bengal,Howrah,13.43
08-01-2025 01:00,Kerala,Alappuzha,16.3
12-01-2025 03:00,Maharashtra,Nashik,21.18
13-07-2025 06:00,Bihar,Muzaffarpur,50.84
22-10-2025 21:00,Uttar Pradesh,Lucknow,31.93
20-05-2025 19:00,Kerala,Kozhikode,69.65
11-12-2025 23:00,Tamil Nadu,Coimbatore,13.32
14-01-2025 03:00,Gujarat,Ahmedabad,24.25
08-10-2025 08:00,Uttar Pradesh,Kanpur,32.31
31-01-2026 15:00,Maharashtra,Nashik,46.38
19-06-2025 11:00,Gujarat,Vadodara,45.94
11-01-2025 05:00,Bihar,Gaya,66.72
11-01-2025 12:00,West Bengal,Howrah,30.17
16-02-2025 07:00,Bihar,Muzaffarpur,45.8
20-07-2025 01:00,Bihar,Patna,39.51
13-03-2025 09:00,Kerala,Kottayam,20.78
03-01-2025 02:00,Karnataka,Kodagu,6.4
18-03-2025 11:00,Tamil Nadu,Madurai,17.27
26-11-2025 00:00,West Bengal,Darjeeling,2.19
21-05-2025 23:00,Assam,Barpeta,25.66
25-09-2025 02:00,Maharashtra,Kolhapur,29.81
29-06-2025 17:00,Karnataka,Udupi,26.4
06-02-2025 08:00,Maharashtra,Nagpur,9.77
22-02-2025 06:00,Kerala,Kochi,9.26
06-01-2026 01:00,Bihar,Darbhanga,31.58
01-09-2025 19:00,West Bengal,Kolkata,12.42
26-08-2025 14:00,Gujarat,Vadodara,31.66
04-12-2025 15:00,West Bengal,Malda,60.66
29-03-2025 10:00,Odisha,Kendrapara,14.46
02-08-2025 16:00,Maharashtra,Mumbai,103.05
11-01-2025 08:00,Maharashtra,Nashik,73.26
01-10-2025 09:00,Kerala,Alappuzha,13.87
25-02-2025 19:00,Kerala,Kozhikode,40.59
20-10-2025 09:00,Tamil Nadu,Coimbatore,59.25
29-03-2025 22:00,Tamil Nadu,Thanjavur,31.7
07-03-2025 09:00,Bihar,Darbhanga,33.38
13-03-2025 22:00,Assam,Dhemaji,26.74
16-12-2025 08:00,Kerala,Kottayam,33.72
17-10-2025 04:00,West Bengal,Kolkata,9.54
03-07-2025 03:00,Maharashtra,Nagpur,18.33
11-04-2025 20:00,Gujarat,Ahmedabad,60.28
07-05-2025 21:00,Kerala,Kozhikode,104.02124999999998
18-08-2025 07:00,Karnataka,Mangaluru,11.58
04-06-2025 07:00,Odisha,Cuttack,30.92
08-12-2025 07:00,Kerala,Kochi,104.02124999999998
11-08-2025 03:00,Tamil Nadu,Coimbatore,70.83
13-02-2026 16:00,Tamil Nadu,Madurai,16.23
19-01-2025 15:00,Tamil Nadu,Tiruppur,17.11
25-11-2025 22:00,West Bengal,Malda,41.47
30-12-2025 16:00,Gujarat,Ahmedabad,58.36
23-11-2025 04:00,Bihar,Patna,11.96
15-03-2025 16:00,Tamil Nadu,Chennai,17.4
11-10-2025 16:00,Odisha,Puri,26.24
16-07-2025 00:00,Assam,Guwahati,22.66
11-06-2025 05:00,Karnataka,Bengaluru,25.85
10-03-2025 23:00,Kerala,Thrissur,80.73
13-05-2025 19:00,Uttar Pradesh,Gorakhpur,16.88
29-01-2025 11:00,Gujarat,Vadodara,32.46
23-06-2025 18:00,Bihar,Bhagalpur,22.62
06-07-2025 13:00,Assam,Dibrugarh,64.32
20-01-2025 05:00,Tamil Nadu,Tiruppur,104.02124999999998
29-08-2025 04:00,Gujarat,Rajkot,36.49
10-11-2025 10:00,Assam,Guwahati,22.87
07-07-2025 14:00,Karnataka,Udupi,81.72
09-02-2026 13:00,Bihar,Bhagalpur,76.93
14-01-2025 06:00,Bihar,Gaya,51.03
17-02-2025 17:00,Maharashtra,Nashik,39.06
01-08-2025 06:00,West Bengal,Howrah,78.91
28-02-2025 01:00,Kerala,Alappuzha,19.81
03-10-2025 23:00,West Bengal,Darjeeling,39.45
04-03-2025 13:00,Maharashtra,Kolhapur,80.86
25-09-2025 00:00,Bihar,Patna,12.98
16-01-2025 16:00,Maharashtra,Kolhapur,34.67
18-01-2025 02:00,West Bengal,Malda,40.39
11-03-2025 04:00,Gujarat,Ahmedabad,37.17
12-05-2025 07:00,Tamil Nadu,Madurai,55.91
09-03-2025 15:00,West Bengal,Murshidabad,38.45
22-08-2025 17:00,Tamil Nadu,Chennai,104.02124999999998
22-12-2025 12:00,West Bengal,Darjeeling,23.02
30-08-2025 18:00,Karnataka,Mysuru,102.95
10-08-2025 02:00,West Bengal,Kolkata,31.85
23-10-2025 06:00,Gujarat,Surat,24.2
06-01-2026 17:00,Bihar,Gaya,19.0
09-11-2025 00:00,West Bengal,Howrah,26.08
05-02-2026 15:00,Bihar,Bhagalpur,51.14
20-01-2026 01:00,Assam,Guwahati,48.08
11-03-2025 16:00,Karnataka,Udupi,45.41
09-04-2025 06:00,Kerala,Kottayam,34.92
19-12-2025 19:00,West Bengal,Kolkata,48.26
12-01-2025 10:00,Karnataka,Kodagu,12.87
14-04-2025 01:00,Tamil Nadu,Madurai,64.73
17-08-2025 17:00,Kerala,Kottayam,25.21
18-07-2025 19:00,Odisha,Balasore,5.82
29-03-2025 19:00,Assam,Dibrugarh,73.25
09-11-2025 12:00,Odisha,Kendrapara,99.43
03-07-2025 22:00,Maharashtra,Kolhapur,27.43
06-12-2025 02:00,West Bengal,Kolkata,33.54
27-12-2025 20:00,Bihar,Muzaffarpur,12.69
10-12-2025 07:00,Kerala,Kochi,55.7
11-04-2025 17:00,Maharashtra,Nagpur,22.22
01-01-2026 11:00,Uttar Pradesh,Varanasi,100.89
04-04-2025 04:00,Maharashtra,Mumbai,10.12
06-06-2025 23:00,Karnataka,Mangaluru,36.16
12-02-2026 23:00,West Bengal,Howrah,43.41
21-02-2026 05:00,Maharashtra,Mumbai,18.45
20-02-2026 05:00,Gujarat,Surat,24.71
02-11-2025 03:00,Karnataka,Mangaluru,30.24
27-02-2025 15:00,Uttar Pradesh,Gorakhpur,47.23
10-05-2025 05:00,Karnataka,Udupi,20.89
13-06-2025 09:00,Karnataka,Kodagu,37.44
06-10-2025 13:00,Kerala,Alappuzha,33.43
14-05-2025 02:00,Kerala,Kozhikode,16.02
22-03-2025 21:00,West Bengal,Howrah,12.73
18-11-2025 09:00,Assam,Jorhat,23.03
24-07-2025 00:00,Bihar,Muzaffarpur,65.99
19-07-2025 06:00,Odisha,Balasore,104.02124999999998
04-03-2025 08:00,Gujarat,Surat,56.21
23-03-2025 13:00,Gujarat,Vadodara,59.21
18-01-2026 03:00,Karnataka,Mysuru,11.28
11-02-2026 01:00,Kerala,Alappuzha,63.61
02-11-2025 12:00,Tamil Nadu,Chennai,86.19
28-11-2025 05:00,Karnataka,Bengaluru,4.84
06-05-2025 17:00,Odisha,Kendrapara,25.27
09-10-2025 02:00,Karnataka,Udupi,12.12
22-01-2025 09:00,Maharashtra,Mumbai,37.06
13-06-2025 22:00,Karnataka,Mysuru,32.4
07-05-2025 01:00,Odisha,Bhubaneswar,14.5
19-02-2025 23:00,Assam,Dhemaji,50.61
29-07-2025 12:00,Karnataka,Mangaluru,17.74
12-02-2026 16:00,Tamil Nadu,Thanjavur,22.25
08-02-2025 09:00,Gujarat,Bharuch,20.66
13-07-2025 17:00,Assam,Dhemaji,47.16
11-08-2025 04:00,Uttar Pradesh,Lucknow,14.42
14-02-2025 20:00,Tamil Nadu,Madurai,9.5
10-10-2025 00:00,West Bengal,Howrah,24.07
28-01-2026 02:00,Maharashtra,Nashik,13.46
11-03-2025 15:00,Kerala,Kottayam,89.04
20-01-2025 18:00,Kerala,Kozhikode,69.0
18-01-2026 18:00,Tamil Nadu,Tiruppur,19.17
04-01-2026 07:00,Kerala,Alappuzha,15.1
28-08-2025 22:00,Bihar,Gaya,27.36
20-09-2025 09:00,Assam,Jorhat,50.22
14-04-2025 06:00,West Bengal,Malda,32.42
17-08-2025 21:00,Uttar Pradesh,Kanpur,36.14
13-06-2025 02:00,Tamil Nadu,Thanjavur,37.52
31-03-2025 02:00,West Bengal,Howrah,59.49
16-08-2025 06:00,Karnataka,Mysuru,88.91
13-08-2025 03:00,Tamil Nadu,Coimbatore,19.59
10-01-2026 09:00,Uttar Pradesh,Kanpur,49.91
17-06-2025 15:00,Assam,Dhemaji,13.63
26-05-2025 05:00,Bihar,Gaya,58.4
13-04-2025 07:00,Karnataka,Kodagu,47.49
13-04-2025 16:00,Odisha,Bhubaneswar,28.28
29-12-2025 08:00,Tamil Nadu,Tiruppur,5.07
27-02-2025 01:00,Assam,Guwahati,24.71
06-10-2025 16:00,Odisha,Bhubaneswar,47.71
07-11-2025 16:00,Tamil Nadu,Thanjavur,28.16
20-02-2026 14:00,Odisha,Balasore,22.55
21-03-2025 05:00,Kerala,Thrissur,78.62
22-07-2025 23:00,Odisha,Puri,18.04
16-07-2025 06:00,Odisha,Puri,21.46
25-11-2025 14:00,Uttar Pradesh,Gorakhpur,79.67
16-03-2025 17:00,Bihar,Patna,15.49
30-04-2025 18:00,Maharashtra,Nagpur,19.51
17-09-2025 01:00,Gujarat,Ahmedabad,41.51
06-08-2025 05:00,Maharashtra,Pune,19.14
04-04-2025 13:00,Uttar Pradesh,Varanasi,98.2
14-03-2025 13:00,Karnataka,Mysuru,104.02124999999998
12-02-2025 12:00,Assam,Jorhat,49.53
30-01-2025 09:00,Kerala,Kottayam,64.53
28-06-2025 22:00,Karnataka,Mysuru,34.33
21-08-2025 08:00,Odisha,Balasore,27.55
26-10-2025 14:00,Kerala,Kozhikode,32.87
07-12-2025 17:00,Maharashtra,Kolhapur,15.96
07-02-2025 20:00,Karnataka,Mysuru,41.24
05-08-2025 09:00,Karnataka,Udupi,22.16
09-05-2025 05:00,Tamil Nadu,Thanjavur,25.47
26-01-2026 06:00,West Bengal,Darjeeling,35.08
25-01-2025 18:00,Maharashtra,Nashik,8.69
10-08-2025 00:00,Gujarat,Ahmedabad,18.75
19-01-2025 08:00,Odisha,Bhubaneswar,14.57
13-11-2025 22:00,Kerala,Kozhikode,25.99
20-06-2025 12:00,Karnataka,Udupi,74.74
13-09-2025 14:00,Bihar,Gaya,45.28
01-01-2025 10:00,Maharashtra,Mumbai,52.18
07-06-2025 08:00,West Bengal,Howrah,11.95
10-01-2026 23:00,Bihar,Bhagalpur,18.01
04-06-2025 12:00,Assam,Guwahati,49.24
07-06-2025 12:00,Bihar,Gaya,75.47
04-01-2025 21:00,Gujarat,Vadodara,13.43
20-01-2026 23:00,Tamil Nadu,Coimbatore,21.76
14-06-2025 13:00,Bihar,Gaya,41.15
30-08-2025 01:00,Karnataka,Mysuru,81.23
22-07-2025 22:00,Bihar,Muzaffarpur,35.12
20-07-2025 02:00,Tamil Nadu,Coimbatore,13.87
22-07-2025 19:00,Uttar Pradesh,Gorakhpur,32.69
13-01-2025 04:00,Maharashtra,Nagpur,36.9
25-11-2025 16:00,Tamil Nadu,Tiruppur,27.28
05-11-2025 13:00,Bihar,Darbhanga,80.81
22-08-2025 03:00,Maharashtra,Nashik,69.74
01-05-2025 06:00,West Bengal,Kolkata,87.69
26-09-2025 22:00,Assam,Barpeta,66.13
16-04-2025 22:00,Maharashtra,Nashik,18.14
15-03-2025 13:00,Assam,Guwahati,49.33
11-10-2025 08:00,Gujarat,Bharuch,13.7
20-03-2025 05:00,Tamil Nadu,Madurai,69.31
24-03-2025 13:00,Kerala,Alappuzha,19.38
10-02-2026 09:00,Maharashtra,Pune,104.02124999999998
05-02-2026 08:00,Uttar Pradesh,Prayagraj,20.05
22-04-2025 21:00,Assam,Jorhat,49.16
08-01-2026 02:00,Maharashtra,Mumbai,44.01
25-05-2025 02:00,Gujarat,Vadodara,18.82
09-07-2025 05:00,Maharashtra,Pune,77.96
01-04-2025 18:00,Maharashtra,Pune,41.24
05-07-2025 10:00,Maharashtra,Mumbai,49.72
10-06-2025 19:00,Gujarat,Rajkot,16.77
14-11-2025 15:00,Kerala,Kochi,42.11
15-11-2025 22:00,Assam,Dhemaji,48.19
08-07-2025 07:00,Bihar,Muzaffarpur,44.35
15-04-2025 21:00,Maharashtra,Pune,65.87
21-07-2025 12:00,Odisha,Balasore,7.22
01-05-2025 05:00,Odisha,Kendrapara,3.14
31-10-2025 09:00,Kerala,Thrissur,18.29
18-09-2025 15:00,Assam,Jorhat,15.69
09-07-2025 03:00,Tamil Nadu,Chennai,59.29
23-08-2025 23:00,Uttar Pradesh,Gorakhpur,39.18
30-01-2026 03:00,West Bengal,Darjeeling,29.71
26-05-2025 01:00,Tamil Nadu,Thanjavur,22.45
23-02-2025 05:00,Gujarat,Rajkot,28.68
12-05-2025 02:00,West Bengal,Kolkata,25.98
11-12-2025 06:00,Uttar Pradesh,Gorakhpur,12.21
14-05-2025 13:00,Assam,Guwahati,27.19
17-02-2026 04:00,West Bengal,Kolkata,44.75
25-04-2025 06:00,Tamil Nadu,Coimbatore,54.05
11-09-2025 04:00,Karnataka,Bengaluru,24.39
18-06-2025 15:00,Odisha,Puri,38.9
27-08-2025 19:00,West Bengal,Malda,44.75
03-05-2025 17:00,Bihar,Darbhanga,56.85
30-08-2025 06:00,Odisha,Bhubaneswar,59.69
11-10-2025 02:00,Kerala,Alappuzha,41.64
30-09-2025 15:00,Gujarat,Vadodara,36.49
30-01-2025 04:00,Odisha,Cuttack,40.22
29-05-2025 22:00,Uttar Pradesh,Varanasi,37.61
17-11-2025 19:00,Bihar,Patna,49.83
15-04-2025 19:00,Bihar,Gaya,8.93
06-05-2025 00:00,Bihar,Gaya,22.99
31-08-2025 12:00,Karnataka,Udupi,46.82
24-12-2025 13:00,Maharashtra,Pune,49.17
03-06-2025 12:00,Maharashtra,Pune,64.8
05-05-2025 19:00,Assam,Dhemaji,5.84
27-06-2025 04:00,Maharashtra,Nashik,38.77
23-05-2025 03:00,Gujarat,Surat,40.67
28-11-2025 18:00,Tamil Nadu,Madurai,30.55
20-09-2025 21:00,Bihar,Gaya,38.27
25-12-2025 19:00,Maharashtra,Kolhapur,34.3
28-07-2025 20:00,West Bengal,Malda,12.12
19-11-2025 22:00,Kerala,Kottayam,72.23
07-09-2025 03:00,Odisha,Kendrapara,10.71
18-06-2025 16:00,Assam,Jorhat,15.46
24-07-2025 03:00,Assam,Dhemaji,8.08
24-02-2025 22:00,Gujarat,Ahmedabad,72.21
12-02-2026 04:00,West Bengal,Darjeeling,13.43
16-01-2026 17:00,West Bengal,Howrah,73.33
25-10-2025 14:00,Uttar Pradesh,Kanpur,59.38
21-03-2025 01:00,Assam,Dhemaji,47.23
08-11-2025 01:00,Odisha,Balasore,19.65
26-01-2025 03:00,Karnataka,Udupi,30.34
29-04-2025 14:00,Assam,Dhemaji,47.52
08-12-2025 23:00,West Bengal,Murshidabad,56.91
17-01-2025 09:00,Gujarat,Rajkot,37.89
04-07-2025 20:00,Assam,Dhemaji,104.02124999999998
29-01-2026 15:00,Kerala,Alappuzha,6.4
29-10-2025 10:00,Karnataka,Udupi,104.02124999999998
13-08-2025 22:00,West Bengal,Darjeeling,15.58
04-01-2025 23:00,Gujarat,Ahmedabad,20.91
11-03-2025 06:00,Odisha,Kendrapara,61.23
09-01-2026 18:00,Uttar Pradesh,Gorakhpur,23.45
02-08-2025 18:00,Kerala,Kottayam,51.47
04-03-2025 00:00,Tamil Nadu,Tiruppur,20.04
13-12-2025 12:00,Tamil Nadu,Tiruppur,18.53
23-04-2025 19:00,Maharashtra,Pune,9.79
08-03-2025 11:00,Tamil Nadu,Tiruppur,102.67
22-01-2026 13:00,Tamil Nadu,Coimbatore,46.36
10-04-2025 01:00,Bihar,Darbhanga,38.38
03-08-2025 04:00,Maharashtra,Kolhapur,88.63
14-09-2025 03:00,Kerala,Kottayam,30.72
10-12-2025 09:00,Tamil Nadu,Tiruppur,24.99
14-06-2025 12:00,Maharashtra,Mumbai,60.58
13-06-2025 21:00,Kerala,Kochi,51.56
19-07-2025 21:00,Tamil Nadu,Thanjavur,37.41
02-07-2025 04:00,Bihar,Gaya,23.14
15-02-2026 22:00,Odisha,Cuttack,38.62
10-12-2025 10:00,Odisha,Kendrapara,104.02124999999998
24-05-2025 16:00,West Bengal,Howrah,27.93
03-05-2025 15:00,Gujarat,Ahmedabad,41.97
13-04-2025 17:00,Tamil Nadu,Madurai,45.17
24-12-2025 14:00,West Bengal,Murshidabad,65.48
18-08-2025 10:00,Bihar,Muzaffarpur,10.31
23-04-2025 10:00,West Bengal,Darjeeling,13.7
12-04-2025 23:00,Maharashtra,Pune,67.73
01-01-2025 19:00,Kerala,Kottayam,19.44
25-04-2025 12:00,Kerala,Kozhikode,20.65
13-08-2025 23:00,Odisha,Bhubaneswar,52.62
03-12-2025 14:00,Gujarat,Bharuch,17.17
14-10-2025 07:00,Maharashtra,Nashik,50.47
16-07-2025 04:00,Kerala,Kozhikode,22.5
30-01-2026 20:00,Gujarat,Rajkot,36.73
03-02-2025 17:00,Gujarat,Ahmedabad,55.36
08-11-2025 13:00,Kerala,Alappuzha,45.58
05-04-2025 17:00,Tamil Nadu,Chennai,12.25
22-03-2025 03:00,Tamil Nadu,Tiruppur,43.43
03-03-2025 06:00,West Bengal,Howrah,100.81
27-11-2025 14:00,Kerala,Kottayam,65.28
05-11-2025 15:00,Tamil Nadu,Thanjavur,11.13
11-04-2025 06:00,Kerala,Kottayam,34.38
17-02-2025 14:00,Assam,Dhemaji,22.31
14-03-2025 19:00,Maharashtra,Kolhapur,11.73
26-08-2025 21:00,Bihar,Bhagalpur,39.1
27-07-2025 07:00,West Bengal,Murshidabad,43.1
01-11-2025 04:00,Odisha,Kendrapara,45.4
06-12-2025 12:00,Bihar,Darbhanga,25.1
29-04-2025 01:00,Uttar Pradesh,Prayagraj,25.61
11-05-2025 11:00,Assam,Dhemaji,17.46
24-02-2025 14:00,Bihar,Patna,6.76
27-12-2025 10:00,Karnataka,Kodagu,9.77
10-10-2025 06:00,Kerala,Alappuzha,54.8
09-10-2025 12:00,West Bengal,Malda,26.61
26-01-2025 20:00,Maharashtra,Mumbai,32.74
23-04-2025 13:00,Assam,Dhemaji,44.22
02-04-2025 15:00,Assam,Barpeta,51.76
16-09-2025 04:00,West Bengal,Kolkata,5.39
03-01-2026 16:00,Kerala,Kozhikode,7.5
13-02-2025 14:00,Kerala,Alappuzha,5.33
29-08-2025 08:00,Kerala,Kochi,21.66
19-02-2026 11:00,Karnataka,Udupi,32.77
11-01-2026 19:00,Uttar Pradesh,Kanpur,20.54
31-01-2025 23:00,Karnataka,Mangaluru,73.61
10-01-2025 06:00,Uttar Pradesh,Kanpur,65.81
12-05-2025 05:00,Maharashtra,Mumbai,22.28
27-01-2025 01:00,Assam,Dibrugarh,35.71
24-01-2026 22:00,Maharashtra,Kolhapur,44.91
12-11-2025 06:00,Assam,Barpeta,13.29
10-07-2025 22:00,Assam,Guwahati,15.58
26-08-2025 23:00,Odisha,Bhubaneswar,48.3
17-05-2025 20:00,Bihar,Muzaffarpur,31.65
13-11-2025 01:00,Kerala,Thrissur,19.7
06-02-2026 22:00,Karnataka,Bengaluru,78.08
05-03-2025 18:00,Tamil Nadu,Chennai,34.01
08-02-2026 13:00,Odisha,Bhubaneswar,42.79
15-01-2025 17:00,Uttar Pradesh,Prayagraj,86.29
14-04-2025 02:00,Tamil Nadu,Coimbatore,31.44
30-11-2025 21:00,Odisha,Puri,80.81
27-09-2025 19:00,Bihar,Muzaffarpur,14.77
26-09-2025 17:00,Assam,Dhemaji,62.19
10-01-2025 23:00,Karnataka,Mysuru,104.02124999999998
20-04-2025 09:00,Gujarat,Vadodara,27.94
12-02-2026 18:00,Gujarat,Bharuch,32.81
27-10-2025 22:00,Kerala,Alappuzha,83.75
17-11-2025 12:00,Maharashtra,Kolhapur,31.86
05-05-2025 21:00,Tamil Nadu,Coimbatore,28.82
26-09-2025 08:00,Kerala,Kottayam,34.87
10-07-2025 02:00,Gujarat,Ahmedabad,27.34
25-12-2025 22:00,Uttar Pradesh,Varanasi,31.62
03-03-2025 15:00,Assam,Dibrugarh,52.86
12-02-2025 10:00,Tamil Nadu,Chennai,79.42
09-05-2025 22:00,Karnataka,Udupi,104.02124999999998
15-09-2025 14:00,Karnataka,Bengaluru,16.59
26-07-2025 16:00,Uttar Pradesh,Lucknow,46.77
20-12-2025 20:00,Tamil Nadu,Chennai,17.3
15-02-2025 23:00,Gujarat,Bharuch,60.01
11-09-2025 09:00,Tamil Nadu,Tiruppur,49.98
01-02-2026 21:00,Tamil Nadu,Chennai,53.72
05-08-2025 06:00,Odisha,Bhubaneswar,15.49
24-06-2025 05:00,West Bengal,Darjeeling,58.26
06-07-2025 03:00,Bihar,Bhagalpur,53.78
09-03-2025 18:00,Gujarat,Surat,9.55
07-10-2025 21:00,Odisha,Kendrapara,57.63
08-06-2025 06:00,Uttar Pradesh,Kanpur,18.07
08-05-2025 05:00,Assam,Jorhat,34.81
30-04-2025 11:00,West Bengal,Howrah,48.8
01-03-2025 16:00,Uttar Pradesh,Varanasi,2.84
29-11-2025 15:00,Maharashtra,Nagpur,33.99
25-01-2026 10:00,Assam,Jorhat,37.63
28-01-2026 11:00,Gujarat,Ahmedabad,32.79
19-06-2025 20:00,Odisha,Kendrapara,26.19
10-01-2025 01:00,Odisha,Bhubaneswar,21.83
29-05-2025 03:00,Uttar Pradesh,Prayagraj,24.87
27-11-2025 16:00,Tamil Nadu,Coimbatore,45.5
17-12-2025 21:00,Gujarat,Vadodara,16.01
13-02-2025 02:00,Uttar Pradesh,Gorakhpur,28.46
07-06-2025 05:00,Maharashtra,Pune,11.91
22-06-2025 04:00,Karnataka,Udupi,52.4
08-04-2025 07:00,Maharashtra,Mumbai,22.0
28-09-2025 12:00,Odisha,Cuttack,95.18
03-03-2025 18:00,Maharashtra,Pune,12.88
07-02-2025 18:00,Uttar Pradesh,Kanpur,72.44
11-09-2025 16:00,Kerala,Alappuzha,56.41
27-09-2025 10:00,Gujarat,Vadodara,18.54
25-08-2025 12:00,Gujarat,Surat,29.06
26-04-2025 10:00,Maharashtra,Nashik,30.59
17-03-2025 05:00,Maharashtra,Nagpur,22.47
04-11-2025 06:00,Bihar,Darbhanga,69.09
30-03-2025 02:00,Karnataka,Mangaluru,35.62
08-07-2025 22:00,Uttar Pradesh,Varanasi,13.76
16-04-2025 11:00,Karnataka,Kodagu,52.32
22-12-2025 05:00,Gujarat,Ahmedabad,6.69
25-05-2025 14:00,Odisha,Bhubaneswar,31.28
28-02-2025 10:00,Assam,Barpeta,37.71
05-02-2025 12:00,Maharashtra,Nagpur,64.45
09-05-2025 10:00,Assam,Jorhat,18.03
01-12-2025 08:00,Karnataka,Udupi,89.4
12-11-2025 05:00,Karnataka,Udupi,8.5
19-08-2025 09:00,Uttar Pradesh,Lucknow,56.48
24-11-2025 06:00,Karnataka,Udupi,42.63
25-07-2025 12:00,Gujarat,Rajkot,42.08
03-08-2025 23:00,Tamil Nadu,Thanjavur,38.11
09-02-2026 19:00,Assam,Jorhat,76.1
10-06-2025 06:00,Uttar Pradesh,Varanasi,18.82
28-09-2025 03:00,Assam,Guwahati,52.58
01-02-2025 03:00,Karnataka,Kodagu,76.52
07-05-2025 10:00,Tamil Nadu,Madurai,6.08
15-01-2025 11:00,Odisha,Balasore,41.24
20-05-2025 15:00,Karnataka,Bengaluru,14.28
30-04-2025 08:00,Bihar,Muzaffarpur,90.36
01-04-2025 07:00,Bihar,Patna,25.66
17-10-2025 18:00,Uttar Pradesh,Prayagraj,84.74
16-09-2025 17:00,Uttar Pradesh,Lucknow,49.12
26-04-2025 17:00,Karnataka,Mangaluru,66.49
02-03-2025 01:00,West Bengal,Murshidabad,12.85
24-08-2025 17:00,Uttar Pradesh,Kanpur,18.36
07-02-2026 09:00,Bihar,Gaya,13.86
07-05-2025 03:00,Bihar,Patna,99.34
12-09-2025 21:00,Bihar,Darbhanga,21.82
14-04-2025 11:00,Uttar Pradesh,Kanpur,104.02124999999998
01-05-2025 02:00,Uttar Pradesh,Kanpur,38.59
20-08-2025 17:00,West Bengal,Darjeeling,104.02124999999998
01-02-2025 19:00,Uttar Pradesh,Kanpur,104.02124999999998
28-09-2025 01:00,Tamil Nadu,Chennai,30.76
09-03-2025 08:00,Uttar Pradesh,Prayagraj,16.63
20-02-2025 22:00,Tamil Nadu,Madurai,14.37
28-12-2025 00:00,Tamil Nadu,Tiruppur,12.96
17-09-2025 05:00,Gujarat,Surat,39.04
07-03-2025 16:00,Maharashtra,Kolhapur,0.89
27-01-2026 07:00,Kerala,Kottayam,95.99
22-09-2025 14:00,Bihar,Patna,7.72
07-06-2025 14:00,Assam,Jorhat,24.06
02-07-2025 06:00,Maharashtra,Kolhapur,36.87
30-01-2025 12:00,Kerala,Thrissur,55.17
22-01-2025 05:00,Uttar Pradesh,Gorakhpur,70.91
04-05-2025 02:00,Maharashtra,Pune,92.88
11-11-2025 01:00,Assam,Jorhat,19.7
22-09-2025 02:00,West Bengal,Murshidabad,40.41
07-01-2026 18:00,Gujarat,Rajkot,59.59
22-10-2025 07:00,Maharashtra,Nashik,59.76
26-10-2025 10:00,Tamil Nadu,Tiruppur,15.09
04-11-2025 03:00,Odisha,Balasore,52.27
12-10-2025 12:00,Tamil Nadu,Madurai,55.93
31-05-2025 15:00,West Bengal,Malda,29.29
14-07-2025 00:00,Maharashtra,Nashik,35.92
18-10-2025 15:00,Gujarat,Ahmedabad,18.2
01-07-2025 06:00,Odisha,Balasore,36.95
30-01-2025 15:00,West Bengal,Kolkata,26.43
27-09-2025 22:00,Uttar Pradesh,Kanpur,26.63
16-01-2026 09:00,Gujarat,Vadodara,19.89
08-12-2025 20:00,Kerala,Kottayam,64.46
19-01-2026 11:00,Maharashtra,Pune,41.53
30-01-2025 16:00,Tamil Nadu,Tiruppur,39.62
15-01-2026 16:00,Uttar Pradesh,Lucknow,61.03
21-02-2025 21:00,Maharashtra,Kolhapur,28.91
12-02-2026 17:00,Maharashtra,Nashik,21.39
13-10-2025 08:00,Bihar,Muzaffarpur,53.95
02-08-2025 21:00,Maharashtra,Kolhapur,10.05
30-01-2025 19:00,Gujarat,Bharuch,45.23
25-05-2025 07:00,Bihar,Darbhanga,24.03
03-07-2025 02:00,Tamil Nadu,Tiruppur,7.51
10-07-2025 08:00,Gujarat,Surat,72.22
02-01-2026 19:00,Assam,Dhemaji,6.75
20-12-2025 17:00,Uttar Pradesh,Prayagraj,22.66
17-11-2025 21:00,West Bengal,Kolkata,61.29
09-01-2025 20:00,Odisha,Bhubaneswar,70.56
11-02-2026 23:00,Assam,Dhemaji,24.71
12-10-2025 22:00,West Bengal,Malda,22.23
12-02-2025 02:00,Gujarat,Vadodara,49.18
14-01-2025 11:00,Gujarat,Rajkot,34.44
13-08-2025 20:00,Gujarat,Rajkot,37.25
07-09-2025 14:00,Gujarat,Ahmedabad,44.48
13-05-2025 04:00,Bihar,Bhagalpur,7.91
14-01-2025 22:00,Gujarat,Surat,48.94
13-12-2025 01:00,Gujarat,Ahmedabad,26.37
03-04-2025 02:00,Odisha,Cuttack,43.28
27-06-2025 23:00,West Bengal,Howrah,40.2
08-10-2025 20:00,Karnataka,Udupi,98.29
10-01-2025 17:00,Tamil Nadu,Coimbatore,36.4
05-09-2025 22:00,West Bengal,Malda,96.33
28-08-2025 01:00,Maharashtra,Mumbai,15.5
27-11-2025 01:00,Odisha,Cuttack,66.06
08-04-2025 20:00,Assam,Dibrugarh,13.16
26-03-2025 20:00,Gujarat,Bharuch,86.51
08-11-2025 20:00,Uttar Pradesh,Gorakhpur,50.99
08-09-2025 06:00,Maharashtra,Nagpur,13.79
09-07-2025 17:00,Maharashtra,Nagpur,57.73
03-12-2025 08:00,West Bengal,Malda,26.6
02-03-2025 18:00,Bihar,Bhagalpur,28.0
18-05-2025 00:00,Uttar Pradesh,Kanpur,32.7
08-05-2025 16:00,Assam,Dhemaji,46.13
29-01-2026 04:00,Gujarat,Ahmedabad,90.93
02-02-2025 06:00,Tamil Nadu,Thanjavur,20.4
12-10-2025 16:00,Maharashtra,Nashik,9.99
06-02-2025 07:00,Tamil Nadu,Coimbatore,16.95
31-12-2025 13:00,Kerala,Kozhikode,36.81
22-02-2025 15:00,Gujarat,Rajkot,77.3
21-07-2025 09:00,Maharashtra,Pune,19.46
12-06-2025 06:00,Tamil Nadu,Madurai,30.46
21-09-2025 11:00,Gujarat,Bharuch,41.11
19-01-2026 20:00,Tamil Nadu,Tiruppur,21.31
20-10-2025 11:00,Gujarat,Rajkot,104.02124999999998
20-02-2025 20:00,Kerala,Kochi,11.42
02-03-2025 06:00,West Bengal,Malda,104.02124999999998
13-05-2025 16:00,Gujarat,Rajkot,33.41
18-01-2025 00:00,Karnataka,Udupi,13.74
01-07-2025 00:00,West Bengal,Howrah,34.42
06-05-2025 21:00,West Bengal,Howrah,70.56
06-04-2025 23:00,Kerala,Kozhikode,52.83
19-09-2025 07:00,Assam,Dhemaji,31.89
12-12-2025 00:00,Kerala,Alappuzha,21.07
04-10-2025 17:00,Karnataka,Bengaluru,22.09
17-10-2025 19:00,Assam,Dibrugarh,51.95
29-03-2025 21:00,Gujarat,Surat,37.07
11-08-2025 23:00,Odisha,Bhubaneswar,26.06
08-02-2026 11:00,Uttar Pradesh,Kanpur,40.77
14-12-2025 15:00,Kerala,Kochi,31.69
09-07-2025 13:00,Maharashtra,Pune,29.06
20-03-2025 08:00,Gujarat,Vadodara,34.08
05-09-2025 17:00,Bihar,Muzaffarpur,43.84
14-03-2025 09:00,Tamil Nadu,Tiruppur,13.03
21-11-2025 17:00,Bihar,Gaya,37.61
06-08-2025 04:00,Karnataka,Bengaluru,83.62
14-05-2025 16:00,Bihar,Muzaffarpur,4.52
23-10-2025 02:00,Tamil Nadu,Coimbatore,29.28
27-03-2025 15:00,Odisha,Bhubaneswar,65.78
12-03-2025 08:00,Maharashtra,Nashik,86.07
19-07-2025 03:00,Assam,Guwahati,74.83
08-11-2025 11:00,Bihar,Gaya,20.91
25-11-2025 04:00,West Bengal,Howrah,30.03
09-10-2025 05:00,Maharashtra,Mumbai,30.2
23-12-2025 11:00,Maharashtra,Nagpur,56.15
05-12-2025 10:00,Karnataka,Udupi,37.97
19-10-2025 06:00,Maharashtra,Nagpur,58.71
11-12-2025 10:00,Maharashtra,Nagpur,18.83
22-12-2025 19:00,Kerala,Alappuzha,43.21
22-05-2025 08:00,Gujarat,Surat,88.54
21-09-2025 13:00,Kerala,Alappuzha,28.17
28-05-2025 00:00,Odisha,Puri,17.83
11-07-2025 20:00,Uttar Pradesh,Lucknow,50.96
20-10-2025 15:00,Gujarat,Rajkot,40.57
21-09-2025 09:00,Bihar,Gaya,29.9
01-02-2025 01:00,Kerala,Thrissur,16.54
30-01-2025 14:00,Uttar Pradesh,Lucknow,26.1
16-01-2025 19:00,Karnataka,Mysuru,3.07
01-01-2026 22:00,West Bengal,Darjeeling,53.13
06-05-2025 11:00,West Bengal,Darjeeling,28.79
05-01-2026 02:00,Karnataka,Mangaluru,56.53
26-10-2025 00:00,Kerala,Kozhikode,43.89
23-12-2025 22:00,Tamil Nadu,Madurai,25.07
26-05-2025 17:00,Bihar,Bhagalpur,21.33
12-06-2025 01:00,West Bengal,Malda,81.07
06-07-2025 20:00,Karnataka,Mangaluru,26.12
17-06-2025 03:00,Bihar,Gaya,46.38
20-04-2025 03:00,Karnataka,Udupi,21.83
05-10-2025 22:00,Karnataka,Mysuru,2.31
29-09-2025 08:00,Karnataka,Mysuru,45.98
25-05-2025 11:00,Uttar Pradesh,Prayagraj,32.69
24-02-2025 17:00,Kerala,Kochi,31.92
25-12-2025 13:00,Assam,Jorhat,37.84
28-03-2025 05:00,Bihar,Bhagalpur,31.61
05-05-2025 06:00,West Bengal,Kolkata,20.6
04-09-2025 10:00,Tamil Nadu,Chennai,104.02124999999998
18-01-2026 02:00,Kerala,Kottayam,37.27
23-02-2025 13:00,Tamil Nadu,Chennai,7.05
10-01-2026 14:00,Gujarat,Bharuch,29.05
18-12-2025 05:00,Kerala,Thrissur,92.22
26-02-2025 05:00,Tamil Nadu,Chennai,14.8
19-04-2025 19:00,Kerala,Kochi,29.19
31-01-2026 14:00,Tamil Nadu,Chennai,25.6
02-06-2025 20:00,Odisha,Balasore,22.1
03-04-2025 13:00,Tamil Nadu,Thanjavur,17.06
18-01-2025 19:00,Assam,Dhemaji,16.74
28-01-2025 05:00,Karnataka,Kodagu,15.56
18-02-2026 01:00,Maharashtra,Nagpur,24.87
28-05-2025 07:00,Maharashtra,Kolhapur,73.76
19-11-2025 08:00,Uttar Pradesh,Gorakhpur,7.97
16-05-2025 05:00,Odisha,Kendrapara,7.53
17-07-2025 12:00,Tamil Nadu,Thanjavur,21.39
13-01-2026 20:00,Odisha,Puri,41.02
20-06-2025 19:00,Gujarat,Rajkot,10.5
20-06-2025 20:00,Odisha,Kendrapara,97.22
17-10-2025 23:00,Maharashtra,Pune,104.02124999999998
26-01-2025 11:00,Bihar,Patna,58.01
28-06-2025 16:00,Bihar,Darbhanga,14.81
24-12-2025 02:00,Assam,Barpeta,67.49
09-02-2026 16:00,Kerala,Thrissur,87.99
06-03-2025 07:00,Assam,Guwahati,29.91
02-02-2026 07:00,Kerala,Kottayam,39.63
10-06-2025 13:00,West Bengal,Murshidabad,15.04
24-01-2025 02:00,West Bengal,Malda,61.23
23-09-2025 05:00,Uttar Pradesh,Prayagraj,21.7
22-01-2025 07:00,Uttar Pradesh,Varanasi,17.24
14-05-2025 14:00,Tamil Nadu,Tiruppur,54.11
03-12-2025 20:00,Assam,Guwahati,18.07
10-02-2025 07:00,Kerala,Kottayam,32.34
09-09-2025 19:00,Gujarat,Vadodara,86.41
14-10-2025 15:00,Gujarat,Surat,14.0
10-10-2025 07:00,Assam,Guwahati,13.46
18-05-2025 07:00,Tamil Nadu,Madurai,11.89
29-12-2025 13:00,Maharashtra,Mumbai,60.05
23-05-2025 21:00,Uttar Pradesh,Prayagraj,9.08
05-01-2026 14:00,Gujarat,Vadodara,8.62
18-10-2025 02:00,Gujarat,Surat,21.92
29-03-2025 00:00,Kerala,Alappuzha,104.02124999999998
21-12-2025 03:00,Uttar Pradesh,Gorakhpur,56.24
14-09-2025 18:00,Gujarat,Rajkot,9.88
14-05-2025 18:00,Assam,Jorhat,53.44
19-01-2026 08:00,Assam,Dhemaji,45.98
03-10-2025 05:00,Maharashtra,Nagpur,60.08
16-02-2025 05:00,Kerala,Thrissur,27.82
27-08-2025 16:00,Odisha,Bhubaneswar,23.18
23-11-2025 05:00,Odisha,Bhubaneswar,33.87
13-02-2025 06:00,Assam,Dhemaji,53.26
19-02-2025 18:00,Maharashtra,Mumbai,64.1
06-07-2025 10:00,Uttar Pradesh,Prayagraj,3.78
16-02-2026 10:00,Maharashtra,Pune,15.77
30-03-2025 10:00,Assam,Guwahati,38.41
27-07-2025 14:00,Tamil Nadu,Thanjavur,25.08
09-01-2026 21:00,West Bengal,Murshidabad,16.09
26-08-2025 12:00,Bihar,Darbhanga,12.85
08-02-2025 22:00,Odisha,Bhubaneswar,20.43
12-09-2025 05:00,Gujarat,Ahmedabad,29.72
15-07-2025 09:00,Gujarat,Vadodara,19.77
17-01-2025 10:00,Gujarat,Surat,43.25
15-07-2025 05:00,Karnataka,Kodagu,39.87
01-01-2026 16:00,Odisha,Bhubaneswar,2.47
17-01-2026 21:00,Tamil Nadu,Thanjavur,56.86
07-09-2025 04:00,Karnataka,Bengaluru,7.45
19-02-2026 06:00,Maharashtra,Mumbai,45.6
02-04-2025 07:00,Assam,Barpeta,38.69
24-02-2025 01:00,Gujarat,Rajkot,28.37
30-07-2025 04:00,Gujarat,Surat,20.47
18-02-2025 10:00,Assam,Guwahati,15.93
27-06-2025 06:00,West Bengal,Murshidabad,12.71
23-09-2025 12:00,Gujarat,Vadodara,68.4
05-03-2025 15:00,Kerala,Alappuzha,16.28
30-06-2025 22:00,Kerala,Kozhikode,38.24
26-03-2025 14:00,Bihar,Gaya,43.17
08-05-2025 12:00,Gujarat,Vadodara,9.87
03-01-2025 10:00,West Bengal,Kolkata,76.69
11-04-2025 05:00,Uttar Pradesh,Lucknow,33.17
28-07-2025 14:00,Maharashtra,Pune,17.39
14-09-2025 13:00,Assam,Jorhat,17.18
04-11-2025 07:00,Assam,Dhemaji,14.54
07-07-2025 18:00,Maharashtra,Nagpur,35.82
06-08-2025 06:00,Karnataka,Mangaluru,4.39
09-09-2025 05:00,Odisha,Balasore,34.27
16-03-2025 04:00,Odisha,Puri,22.84
15-08-2025 23:00,Gujarat,Bharuch,10.99
11-07-2025 22:00,Bihar,Patna,53.39
16-10-2025 02:00,Kerala,Thrissur,8.93
29-01-2025 04:00,Maharashtra,Mumbai,24.7
30-05-2025 06:00,Odisha,Balasore,84.62
02-06-2025 05:00,Bihar,Bhagalpur,37.9
27-11-2025 00:00,Karnataka,Mangaluru,51.15
31-01-2026 19:00,Karnataka,Mangaluru,16.18
24-04-2025 20:00,Karnataka,Bengaluru,104.02124999999998
19-07-2025 11:00,West Bengal,Murshidabad,26.52
25-04-2025 18:00,Uttar Pradesh,Varanasi,21.91
08-04-2025 09:00,Karnataka,Mysuru,69.13
01-06-2025 19:00,Karnataka,Kodagu,82.47
19-11-2025 09:00,Karnataka,Udupi,104.02124999999998
18-08-2025 20:00,Bihar,Darbhanga,32.55
07-08-2025 14:00,Bihar,Bhagalpur,55.07
06-02-2025 02:00,Gujarat,Rajkot,46.19
05-07-2025 07:00,Odisha,Kendrapara,27.9
31-07-2025 07:00,Assam,Dibrugarh,48.88
23-07-2025 09:00,Kerala,Alappuzha,6.23
01-02-2026 06:00,Karnataka,Mangaluru,96.03
06-05-2025 02:00,West Bengal,Malda,49.74
03-04-2025 17:00,Maharashtra,Pune,30.39
13-01-2026 08:00,Kerala,Thrissur,65.04
21-07-2025 02:00,Assam,Dibrugarh,10.81
14-11-2025 13:00,Odisha,Kendrapara,104.02124999999998
08-02-2026 17:00,Odisha,Cuttack,26.12
18-08-2025 04:00,Kerala,Thrissur,35.29
09-02-2026 04:00,Bihar,Darbhanga,13.11
20-12-2025 06:00,Assam,Guwahati,84.33
18-08-2025 06:00,Uttar Pradesh,Kanpur,15.53
20-02-2025 10:00,Bihar,Patna,40.58
14-01-2026 11:00,Uttar Pradesh,Lucknow,16.41
06-04-2025 08:00,Karnataka,Udupi,104.02124999999998
01-04-2025 23:00,Assam,Dibrugarh,17.51
30-04-2025 06:00,Maharashtra,Kolhapur,17.26
13-10-2025 21:00,West Bengal,Darjeeling,23.3
09-04-2025 10:00,Kerala,Kochi,49.79
19-12-2025 15:00,West Bengal,Malda,104.02124999999998
21-09-2025 20:00,Bihar,Gaya,16.99
19-06-2025 08:00,Uttar Pradesh,Gorakhpur,60.07
02-02-2026 18:00,Assam,Dibrugarh,64.56
26-01-2025 17:00,Kerala,Kochi,36.41
17-05-2025 17:00,Odisha,Kendrapara,20.85
06-08-2025 18:00,Karnataka,Bengaluru,37.17
22-05-2025 13:00,West Bengal,Kolkata,100.47
08-05-2025 17:00,Gujarat,Rajkot,14.15
01-02-2025 22:00,Uttar Pradesh,Prayagraj,52.88
22-10-2025 22:00,Uttar Pradesh,Kanpur,52.87
08-08-2025 23:00,Uttar Pradesh,Varanasi,13.78
22-06-2025 21:00,Bihar,Patna,28.69
17-02-2025 16:00,Karnataka,Mysuru,60.47
27-06-2025 00:00,Karnataka,Udupi,50.7
21-06-2025 06:00,Karnataka,Mysuru,28.29
20-01-2025 06:00,Gujarat,Surat,21.45
03-05-2025 04:00,Odisha,Kendrapara,30.08
12-07-2025 15:00,Kerala,Kozhikode,32.76
08-06-2025 21:00,Tamil Nadu,Madurai,28.6
20-09-2025 20:00,West Bengal,Kolkata,32.71
30-06-2025 21:00,Uttar Pradesh,Varanasi,28.45
09-08-2025 20:00,Odisha,Bhubaneswar,41.94
11-10-2025 12:00,Odisha,Bhubaneswar,18.46
17-05-2025 18:00,Kerala,Thrissur,10.46
18-04-2025 06:00,Karnataka,Mysuru,77.74
28-11-2025 17:00,Uttar Pradesh,Prayagraj,28.45
25-11-2025 07:00,Uttar Pradesh,Kanpur,29.63
04-02-2025 12:00,West Bengal,Malda,26.28
28-09-2025 06:00,West Bengal,Howrah,45.34
13-11-2025 15:00,Odisha,Kendrapara,104.02124999999998
16-04-2025 20:00,Maharashtra,Pune,41.61
28-08-2025 10:00,Odisha,Puri,35.35
22-12-2025 06:00,Maharashtra,Nashik,70.68
03-02-2026 14:00,Assam,Barpeta,24.21
05-06-2025 22:00,Odisha,Balasore,17.02
09-11-2025 10:00,Gujarat,Surat,33.83
27-05-2025 20:00,Assam,Dhemaji,43.98
01-01-2025 20:00,Assam,Barpeta,68.91
21-03-2025 19:00,Assam,Dhemaji,94.6
01-10-2025 19:00,Tamil Nadu,Coimbatore,10.15
11-01-2026 18:00,Uttar Pradesh,Varanasi,20.25
25-03-2025 20:00,Odisha,Puri,55.93
14-08-2025 05:00,Assam,Dhemaji,30.16
23-02-2025 23:00,Uttar Pradesh,Varanasi,44.25
06-06-2025 01:00,Kerala,Alappuzha,41.3
25-01-2025 15:00,Maharashtra,Pune,24.27
28-02-2025 14:00,Tamil Nadu,Coimbatore,13.13
10-01-2025 05:00,Uttar Pradesh,Gorakhpur,102.98
23-08-2025 01:00,Uttar Pradesh,Lucknow,15.94
18-09-2025 08:00,Karnataka,Mangaluru,26.97
04-07-2025 02:00,Tamil Nadu,Coimbatore,75.39
05-02-2025 18:00,Karnataka,Mangaluru,47.07
16-03-2025 07:00,Assam,Guwahati,24.61
30-10-2025 11:00,Uttar Pradesh,Kanpur,47.06
13-10-2025 16:00,Karnataka,Mysuru,77.95
23-03-2025 10:00,Bihar,Bhagalpur,36.4
14-03-2025 18:00,Bihar,Muzaffarpur,35.84
11-05-2025 12:00,West Bengal,Howrah,101.71
01-12-2025 20:00,Maharashtra,Nagpur,49.93
04-01-2026 18:00,Tamil Nadu,Coimbatore,104.02124999999998
11-02-2025 10:00,Odisha,Bhubaneswar,53.12
12-09-2025 12:00,West Bengal,Malda,35.92
31-01-2025 10:00,Assam,Dibrugarh,13.78
18-10-2025 14:00,West Bengal,Kolkata,30.49
19-09-2025 09:00,West Bengal,Kolkata,3.25
09-10-2025 07:00,Assam,Jorhat,52.71
27-05-2025 05:00,Kerala,Alappuzha,35.86
28-05-2025 05:00,Gujarat,Bharuch,56.43
15-04-2025 17:00,Karnataka,Udupi,74.29
15-08-2025 12:00,Karnataka,Kodagu,17.89
01-06-2025 01:00,Gujarat,Bharuch,53.7
20-01-2025 09:00,Gujarat,Rajkot,51.44
09-10-2025 11:00,Odisha,Bhubaneswar,41.7
09-10-2025 15:00,Odisha,Balasore,19.75
29-11-2025 23:00,Odisha,Puri,42.83
07-01-2025 13:00,Karnataka,Mangaluru,11.03
15-06-2025 00:00,Kerala,Thrissur,20.08
04-01-2026 00:00,Maharashtra,Nagpur,12.18
16-08-2025 22:00,Karnataka,Kodagu,59.0
08-01-2025 17:00,Kerala,Alappuzha,67.71
11-02-2025 18:00,Maharashtra,Nashik,27.12
01-02-2026 04:00,West Bengal,Murshidabad,62.6
23-08-2025 07:00,Odisha,Puri,9.67
17-01-2025 16:00,Assam,Barpeta,32.35
18-09-2025 00:00,Kerala,Alappuzha,68.74
08-01-2026 12:00,Bihar,Muzaffarpur,41.24
18-02-2026 20:00,Tamil Nadu,Madurai,41.65
02-11-2025 22:00,Maharashtra,Mumbai,36.8
14-02-2026 16:00,Kerala,Alappuzha,9.9
19-12-2025 18:00,Gujarat,Rajkot,33.56
31-12-2025 20:00,Bihar,Gaya,3.81
28-11-2025 14:00,Uttar Pradesh,Kanpur,19.76
22-02-2025 02:00,Tamil Nadu,Thanjavur,15.09
11-05-2025 23:00,Karnataka,Mysuru,35.42
06-11-2025 14:00,Maharashtra,Pune,27.89
03-01-2025 11:00,Gujarat,Bharuch,52.13
24-11-2025 07:00,Gujarat,Vadodara,24.7
16-02-2025 09:00,Uttar Pradesh,Varanasi,43.67
08-05-2025 09:00,Maharashtra,Mumbai,64.04
03-02-2026 17:00,Bihar,Muzaffarpur,52.72
25-02-2025 08:00,Odisha,Balasore,50.96
28-07-2025 03:00,Odisha,Cuttack,47.66
06-10-2025 10:00,Odisha,Cuttack,4.52
28-03-2025 08:00,Uttar Pradesh,Prayagraj,37.53
19-07-2025 17:00,Gujarat,Surat,55.02
12-10-2025 13:00,Odisha,Cuttack,6.19
06-02-2026 05:00,Uttar Pradesh,Prayagraj,28.11
09-12-2025 10:00,Gujarat,Rajkot,63.47
12-11-2025 07:00,Maharashtra,Pune,24.16
04-09-2025 18:00,Kerala,Kochi,20.83
06-03-2025 14:00,Tamil Nadu,Madurai,43.2
12-02-2025 01:00,Tamil Nadu,Madurai,34.63
06-06-2025 11:00,Tamil Nadu,Chennai,34.14
28-12-2025 17:00,West Bengal,Darjeeling,9.69
25-01-2026 06:00,Uttar Pradesh,Lucknow,44.6
30-11-2025 17:00,Maharashtra,Mumbai,59.83
10-06-2025 20:00,Maharashtra,Kolhapur,36.2
12-05-2025 04:00,Gujarat,Vadodara,20.32
15-04-2025 23:00,Uttar Pradesh,Prayagraj,69.12
11-05-2025 07:00,Assam,Dibrugarh,71.15
14-01-2026 12:00,Karnataka,Bengaluru,74.58
10-08-2025 12:00,Karnataka,Kodagu,9.95
19-02-2025 19:00,Uttar Pradesh,Varanasi,60.8
13-01-2026 02:00,Odisha,Puri,93.93
06-02-2025 15:00,Karnataka,Kodagu,25.14
19-10-2025 05:00,Kerala,Kochi,1.87
14-04-2025 15:00,Karnataka,Udupi,92.92
29-04-2025 08:00,Assam,Dhemaji,33.86
30-06-2025 09:00,Odisha,Balasore,104.02124999999998
03-05-2025 02:00,Odisha,Cuttack,36.52
25-09-2025 16:00,Bihar,Darbhanga,12.3
14-04-2025 13:00,Gujarat,Surat,12.15
28-08-2025 11:00,Karnataka,Bengaluru,33.76
06-02-2025 19:00,Bihar,Muzaffarpur,27.2
24-07-2025 18:00,Bihar,Bhagalpur,28.11
16-09-2025 18:00,Maharashtra,Nashik,35.55
04-02-2026 02:00,Bihar,Bhagalpur,30.21
09-01-2025 19:00,Maharashtra,Pune,46.37
05-04-2025 19:00,Bihar,Gaya,19.73
08-04-2025 00:00,Uttar Pradesh,Prayagraj,91.83
26-07-2025 06:00,Kerala,Thrissur,8.49
19-05-2025 07:00,Tamil Nadu,Chennai,37.2
14-02-2026 18:00,West Bengal,Kolkata,45.99
11-07-2025 23:00,Bihar,Patna,18.04
01-03-2025 22:00,Assam,Dibrugarh,0.49
20-01-2025 11:00,Kerala,Kochi,49.55
16-08-2025 18:00,Assam,Guwahati,66.02
19-05-2025 17:00,Assam,Dibrugarh,25.65
31-08-2025 20:00,Maharashtra,Pune,72.32
25-12-2025 15:00,Karnataka,Kodagu,92.65
30-01-2025 00:00,Assam,Barpeta,49.62
30-10-2025 19:00,Gujarat,Surat,22.68
17-01-2026 00:00,Tamil Nadu,Coimbatore,45.2
07-12-2025 20:00,Karnataka,Mangaluru,57.41
19-02-2026 02:00,West Bengal,Howrah,34.78
24-02-2025 18:00,Maharashtra,Mumbai,2.33
06-04-2025 21:00,Uttar Pradesh,Lucknow,15.87
26-03-2025 23:00,West Bengal,Kolkata,63.45
24-10-2025 04:00,Kerala,Kozhikode,43.23
02-06-2025 18:00,Bihar,Gaya,50.62
08-02-2025 02:00,Uttar Pradesh,Kanpur,51.04
01-01-2025 12:00,Bihar,Patna,46.8
24-12-2025 15:00,Gujarat,Surat,25.58
25-09-2025 19:00,Assam,Dibrugarh,60.36
06-03-2025 00:00,Kerala,Kochi,40.58
31-01-2025 16:00,West Bengal,Darjeeling,91.13
08-12-2025 17:00,West Bengal,Malda,44.63
27-12-2025 12:00,Assam,Dibrugarh,74.17
19-01-2025 21:00,Tamil Nadu,Thanjavur,56.21
01-07-2025 01:00,Kerala,Kozhikode,53.76
08-02-2025 15:00,Bihar,Bhagalpur,21.25
20-09-2025 03:00,Tamil Nadu,Thanjavur,78.89
12-12-2025 01:00,West Bengal,Malda,24.69
30-12-2025 10:00,Bihar,Darbhanga,37.22
27-09-2025 17:00,Odisha,Cuttack,29.33
02-01-2025 13:00,Odisha,Puri,26.63
29-08-2025 10:00,Uttar Pradesh,Prayagraj,46.2
17-04-2025 10:00,Maharashtra,Nashik,6.03
15-11-2025 00:00,Tamil Nadu,Tiruppur,25.13
21-02-2026 14:00,Gujarat,Rajkot,46.13
03-10-2025 20:00,Gujarat,Surat,39.95
09-02-2025 04:00,Kerala,Kochi,10.73
05-11-2025 06:00,West Bengal,Malda,64.9
13-09-2025 08:00,Uttar Pradesh,Varanasi,41.19
14-02-2026 13:00,Maharashtra,Nagpur,35.27
22-04-2025 16:00,Tamil Nadu,Thanjavur,37.94
01-07-2025 10:00,West Bengal,Murshidabad,21.6
08-05-2025 10:00,Gujarat,Bharuch,33.91
25-11-2025 08:00,Kerala,Thrissur,40.77
31-01-2025 18:00,Maharashtra,Kolhapur,84.96
23-01-2025 10:00,Gujarat,Bharuch,83.13
19-05-2025 13:00,Bihar,Darbhanga,17.78
26-06-2025 15:00,Karnataka,Kodagu,31.32
28-02-2025 08:00,Bihar,Darbhanga,38.6
18-06-2025 14:00,Odisha,Kendrapara,104.02124999999998
03-08-2025 01:00,Uttar Pradesh,Lucknow,17.36
26-06-2025 05:00,Bihar,Gaya,52.15
24-06-2025 15:00,Maharashtra,Nashik,15.17
16-01-2026 22:00,Uttar Pradesh,Prayagraj,39.43
19-08-2025 18:00,Uttar Pradesh,Kanpur,23.43
23-04-2025 04:00,Tamil Nadu,Madurai,19.68
11-08-2025 12:00,Tamil Nadu,Tiruppur,52.14
18-02-2026 05:00,Karnataka,Bengaluru,7.42
16-11-2025 14:00,Odisha,Bhubaneswar,27.24
18-01-2026 05:00,Kerala,Thrissur,7.74
17-03-2025 07:00,Gujarat,Bharuch,41.31
01-08-2025 23:00,West Bengal,Murshidabad,11.44
16-06-2025 05:00,Assam,Dibrugarh,11.48
24-05-2025 23:00,Odisha,Cuttack,9.55
02-05-2025 03:00,Tamil Nadu,Chennai,23.15
05-10-2025 03:00,West Bengal,Malda,29.99
12-12-2025 07:00,Assam,Dibrugarh,59.68
18-09-2025 04:00,Kerala,Kochi,35.74
23-04-2025 09:00,Maharashtra,Mumbai,34.58
17-06-2025 08:00,West Bengal,Darjeeling,30.81
30-06-2025 19:00,Maharashtra,Kolhapur,21.74
13-07-2025 13:00,West Bengal,Howrah,16.86
19-11-2025 11:00,Assam,Dibrugarh,64.76
23-10-2025 11:00,Gujarat,Surat,49.88
15-07-2025 12:00,Maharashtra,Mumbai,13.54
14-03-2025 11:00,Uttar Pradesh,Lucknow,21.5
14-08-2025 06:00,Kerala,Kochi,43.08
11-07-2025 04:00,Uttar Pradesh,Lucknow,67.42
11-05-2025 05:00,West Bengal,Kolkata,31.0
31-03-2025 21:00,Odisha,Cuttack,21.26
11-08-2025 05:00,Gujarat,Ahmedabad,15.25
26-12-2025 20:00,Gujarat,Ahmedabad,37.55
18-03-2025 01:00,Kerala,Alappuzha,101.1
26-06-2025 06:00,Bihar,Darbhanga,104.02124999999998
26-05-2025 07:00,Uttar Pradesh,Gorakhpur,18.75
13-01-2026 05:00,Gujarat,Ahmedabad,32.81
12-02-2026 00:00,Odisha,Balasore,78.11
01-06-2025 23:00,Gujarat,Ahmedabad,66.73
03-09-2025 22:00,Odisha,Bhubaneswar,34.43
24-09-2025 01:00,Kerala,Kochi,47.66
23-08-2025 22:00,Kerala,Kozhikode,71.85
25-09-2025 15:00,Uttar Pradesh,Varanasi,104.02124999999998
23-11-2025 02:00,Kerala,Kottayam,51.22
19-11-2025 15:00,Uttar Pradesh,Kanpur,49.17
06-05-2025 12:00,Gujarat,Rajkot,57.98
16-11-2025 15:00,Tamil Nadu,Tiruppur,36.36
02-02-2026 20:00,Bihar,Bhagalpur,18.03
20-02-2026 17:00,Maharashtra,Nashik,22.34
09-05-2025 08:00,West Bengal,Howrah,18.53
27-05-2025 16:00,Karnataka,Kodagu,49.94
27-07-2025 10:00,Bihar,Muzaffarpur,21.99
14-11-2025 11:00,Karnataka,Mangaluru,43.07
01-07-2025 03:00,Odisha,Bhubaneswar,60.24
18-12-2025 16:00,Uttar Pradesh,Varanasi,55.99
26-02-2025 02:00,Karnataka,Mysuru,6.54
23-10-2025 07:00,Odisha,Puri,104.02124999999998
08-01-2026 19:00,Uttar Pradesh,Kanpur,104.02124999999998
24-08-2025 11:00,Tamil Nadu,Madurai,33.95
03-12-2025 17:00,Gujarat,Surat,42.52
16-03-2025 15:00,Assam,Guwahati,48.99
06-11-2025 12:00,Odisha,Balasore,49.86
04-02-2026 03:00,Uttar Pradesh,Lucknow,15.3
19-02-2026 23:00,Tamil Nadu,Tiruppur,4.14
05-04-2025 14:00,Bihar,Gaya,61.43
11-02-2026 22:00,Karnataka,Udupi,14.35
04-05-2025 03:00,Tamil Nadu,Madurai,22.09
24-05-2025 11:00,Tamil Nadu,Madurai,20.13
19-11-2025 07:00,Karnataka,Mangaluru,98.31
04-02-2025 17:00,West Bengal,Murshidabad,38.26
28-09-2025 18:00,Assam,Dibrugarh,51.45
05-05-2025 15:00,Karnataka,Mangaluru,28.12
21-11-2025 16:00,West Bengal,Malda,53.03
31-03-2025 14:00,Maharashtra,Nashik,23.52
17-06-2025 14:00,Assam,Dhemaji,25.0
14-11-2025 06:00,Odisha,Cuttack,48.67
13-09-2025 03:00,Assam,Guwahati,10.03
20-05-2025 02:00,Assam,Dhemaji,104.02124999999998
30-06-2025 23:00,Odisha,Kendrapara,50.51
05-07-2025 23:00,Assam,Dibrugarh,28.16
09-04-2025 23:00,Uttar Pradesh,Lucknow,1.89
12-01-2026 19:00,Gujarat,Surat,76.39
21-08-2025 02:00,Bihar,Bhagalpur,15.43
25-12-2025 06:00,Tamil Nadu,Madurai,52.7
21-12-2025 07:00,Odisha,Puri,70.56
05-01-2026 23:00,Odisha,Kendrapara,30.04
20-03-2025 14:00,Karnataka,Mangaluru,17.32
19-02-2025 21:00,Kerala,Kozhikode,37.85
25-09-2025 18:00,Uttar Pradesh,Lucknow,5.56
07-01-2026 06:00,Odisha,Kendrapara,22.08
03-05-2025 07:00,Bihar,Darbhanga,67.41
22-09-2025 05:00,West Bengal,Darjeeling,31.65
01-03-2025 13:00,Karnataka,Udupi,60.47
20-09-2025 18:00,Gujarat,Bharuch,41.58
02-06-2025 01:00,Assam,Dhemaji,42.85
22-03-2025 17:00,Maharashtra,Nagpur,81.67
04-08-2025 11:00,Odisha,Kendrapara,21.69
20-11-2025 11:00,Tamil Nadu,Coimbatore,28.46
24-09-2025 08:00,Karnataka,Mysuru,51.34
18-02-2025 01:00,Karnataka,Mangaluru,6.42
18-09-2025 09:00,Bihar,Muzaffarpur,28.95
21-10-2025 04:00,West Bengal,Howrah,33.33
26-06-2025 04:00,West Bengal,Malda,6.28
27-07-2025 06:00,Odisha,Balasore,66.92
24-09-2025 16:00,Odisha,Kendrapara,10.48
01-06-2025 15:00,Kerala,Kottayam,12.71
15-06-2025 11:00,Bihar,Patna,87.41
04-02-2026 17:00,Kerala,Alappuzha,39.96
21-05-2025 15:00,Karnataka,Mysuru,25.32
14-04-2025 14:00,Kerala,Alappuzha,17.47
17-10-2025 17:00,Kerala,Kottayam,85.6
26-01-2025 05:00,Uttar Pradesh,Kanpur,24.45
07-11-2025 03:00,Odisha,Puri,48.85
04-09-2025 23:00,Bihar,Muzaffarpur,25.19
13-04-2025 05:00,Karnataka,Bengaluru,49.07
31-05-2025 08:00,Gujarat,Rajkot,42.88
03-03-2025 19:00,Kerala,Kozhikode,8.09
08-07-2025 06:00,Odisha,Bhubaneswar,46.87
07-05-2025 13:00,Gujarat,Ahmedabad,97.48
25-01-2026 15:00,Karnataka,Mysuru,46.4
17-11-2025 11:00,Uttar Pradesh,Gorakhpur,97.38
21-06-2025 11:00,Tamil Nadu,Chennai,23.8
01-03-2025 10:00,Kerala,Thrissur,33.6
21-01-2025 16:00,Odisha,Cuttack,20.77
20-05-2025 16:00,Uttar Pradesh,Prayagraj,80.54
02-01-2026 09:00,Odisha,Balasore,16.67
01-02-2025 14:00,Uttar Pradesh,Kanpur,18.41
04-02-2025 21:00,Odisha,Puri,50.44
30-06-2025 06:00,Odisha,Balasore,24.96
30-03-2025 15:00,Kerala,Thrissur,9.14
12-02-2025 14:00,Maharashtra,Nashik,17.23
01-01-2026 01:00,West Bengal,Kolkata,47.61
22-08-2025 21:00,Gujarat,Vadodara,66.79
21-08-2025 12:00,Kerala,Thrissur,11.33
14-02-2025 01:00,West Bengal,Murshidabad,84.57
02-02-2026 13:00,Bihar,Patna,31.3
13-10-2025 15:00,West Bengal,Darjeeling,6.15
03-11-2025 04:00,Uttar Pradesh,Kanpur,104.02124999999998
12-01-2026 20:00,West Bengal,Darjeeling,12.44
30-03-2025 16:00,Maharashtra,Nashik,39.47
26-04-2025 06:00,Karnataka,Udupi,11.96
29-03-2025 20:00,Maharashtra,Nashik,41.82
31-05-2025 16:00,Kerala,Kozhikode,13.24
06-03-2025 08:00,Maharashtra,Nashik,93.32
16-10-2025 01:00,Uttar Pradesh,Kanpur,42.41
13-03-2025 14:00,Gujarat,Ahmedabad,104.02124999999998
06-11-2025 18:00,Karnataka,Mysuru,73.52
03-11-2025 20:00,Odisha,Puri,17.42
17-09-2025 18:00,Karnataka,Bengaluru,53.15
31-01-2025 04:00,Tamil Nadu,Coimbatore,28.68
06-10-2025 00:00,Tamil Nadu,Coimbatore,64.45
01-12-2025 12:00,Karnataka,Bengaluru,10.69
17-08-2025 19:00,Tamil Nadu,Coimbatore,63.97
16-02-2025 23:00,Karnataka,Bengaluru,30.11
04-05-2025 04:00,Maharashtra,Kolhapur,29.17
03-08-2025 19:00,West Bengal,Darjeeling,28.6
20-07-2025 16:00,Karnataka,Bengaluru,5.45
16-09-2025 09:00,Maharashtra,Nagpur,68.15
17-09-2025 07:00,Maharashtra,Nashik,18.93
28-12-2025 21:00,Gujarat,Rajkot,5.64
24-10-2025 09:00,Kerala,Kochi,18.77
08-08-2025 18:00,West Bengal,Kolkata,20.64
22-12-2025 15:00,Kerala,Kottayam,51.22
07-05-2025 19:00,Assam,Barpeta,16.57
15-10-2025 23:00,Uttar Pradesh,Lucknow,65.36
07-01-2025 05:00,Uttar Pradesh,Prayagraj,75.73
12-11-2025 13:00,Bihar,Patna,104.02124999999998
25-06-2025 05:00,Odisha,Bhubaneswar,50.44
17-08-2025 20:00,Gujarat,Rajkot,47.58
23-04-2025 01:00,Karnataka,Kodagu,58.64
25-06-2025 20:00,Gujarat,Surat,40.39
15-01-2026 05:00,Maharashtra,Mumbai,40.22
05-02-2025 01:00,Uttar Pradesh,Prayagraj,24.83
06-12-2025 00:00,Bihar,Bhagalpur,104.02124999999998
26-09-2025 05:00,Kerala,Kochi,25.2
09-02-2026 03:00,Kerala,Thrissur,86.03
16-09-2025 07:00,Odisha,Kendrapara,41.85
27-04-2025 10:00,Gujarat,Bharuch,5.06
14-11-2025 17:00,Tamil Nadu,Thanjavur,36.05
20-12-2025 02:00,Gujarat,Surat,47.42
25-11-2025 17:00,Gujarat,Surat,28.06
03-10-2025 07:00,Odisha,Bhubaneswar,24.88
19-01-2026 02:00,West Bengal,Howrah,10.7
10-12-2025 15:00,Tamil Nadu,Thanjavur,75.12
28-02-2025 00:00,Gujarat,Bharuch,60.25
22-03-2025 01:00,Kerala,Kochi,33.51
20-10-2025 10:00,Karnataka,Mysuru,35.01
31-05-2025 21:00,Bihar,Bhagalpur,37.51
22-07-2025 00:00,Bihar,Darbhanga,80.35
06-04-2025 11:00,Assam,Barpeta,39.22
30-03-2025 21:00,Uttar Pradesh,Kanpur,15.34
23-01-2025 22:00,West Bengal,Murshidabad,6.78
14-03-2025 12:00,Kerala,Kochi,104.02124999999998
09-08-2025 09:00,West Bengal,Murshidabad,14.42
17-03-2025 17:00,West Bengal,Darjeeling,29.3
15-07-2025 18:00,Assam,Dhemaji,50.38
04-08-2025 21:00,Maharashtra,Pune,33.38
06-05-2025 18:00,Bihar,Muzaffarpur,15.33
01-01-2025 17:00,Bihar,Bhagalpur,24.59
15-03-2025 18:00,Bihar,Gaya,30.05
20-03-2025 16:00,Gujarat,Surat,13.41
31-03-2025 16:00,Maharashtra,Pune,17.66
10-03-2025 10:00,Bihar,Darbhanga,69.58
23-11-2025 22:00,Bihar,Bhagalpur,6.26
24-06-2025 17:00,Kerala,Kozhikode,28.33
29-01-2026 00:00,Gujarat,Ahmedabad,20.09
06-01-2026 18:00,Bihar,Bhagalpur,22.31
23-01-2025 05:00,Karnataka,Mangaluru,50.94
06-01-2025 12:00,Karnataka,Kodagu,32.04
18-11-2025 18:00,West Bengal,Darjeeling,35.71
19-12-2025 10:00,Tamil Nadu,Madurai,18.45
10-02-2025 04:00,Tamil Nadu,Thanjavur,49.8
30-12-2025 07:00,Odisha,Kendrapara,21.5
25-09-2025 04:00,Karnataka,Udupi,23.87
12-12-2025 05:00,Tamil Nadu,Coimbatore,32.87
24-11-2025 05:00,Gujarat,Surat,31.15
15-02-2025 15:00,Karnataka,Udupi,13.55
16-10-2025 17:00,Bihar,Bhagalpur,31.75
21-01-2026 14:00,Karnataka,Bengaluru,15.96
07-03-2025 01:00,Tamil Nadu,Chennai,67.12
11-03-2025 14:00,West Bengal,Malda,9.63
11-09-2025 15:00,Gujarat,Surat,17.47
05-10-2025 21:00,Uttar Pradesh,Prayagraj,33.09
05-09-2025 05:00,Gujarat,Surat,24.85
03-01-2026 21:00,Maharashtra,Nagpur,104.02124999999998
28-11-2025 01:00,Assam,Guwahati,15.21
27-05-2025 04:00,West Bengal,Kolkata,16.64
25-03-2025 10:00,Odisha,Cuttack,29.13
02-09-2025 10:00,West Bengal,Howrah,45.13
08-01-2025 00:00,Odisha,Balasore,48.23
18-04-2025 20:00,Tamil Nadu,Chennai,46.31
04-09-2025 01:00,Kerala,Kozhikode,22.06
02-02-2026 01:00,Tamil Nadu,Chennai,24.63
24-09-2025 00:00,Assam,Guwahati,20.98
23-11-2025 00:00,Uttar Pradesh,Kanpur,26.47
12-02-2026 11:00,Karnataka,Udupi,4.22
12-07-2025 21:00,Uttar Pradesh,Kanpur,78.29
23-12-2025 16:00,Odisha,Balasore,26.64
23-01-2026 03:00,Gujarat,Bharuch,47.64
14-10-2025 10:00,Gujarat,Ahmedabad,7.76
29-09-2025 17:00,Kerala,Kozhikode,37.86
10-01-2026 03:00,Assam,Dhemaji,4.43
04-10-2025 23:00,Tamil Nadu,Chennai,42.03
14-02-2026 09:00,Assam,Jorhat,25.5
09-01-2025 18:00,Karnataka,Mangaluru,44.94
08-08-2025 22:00,Maharashtra,Mumbai,12.36
21-03-2025 23:00,Gujarat,Surat,8.99
30-01-2025 22:00,Assam,Jorhat,10.36
22-07-2025 20:00,Odisha,Puri,13.5
23-11-2025 10:00,Maharashtra,Mumbai,73.58
24-02-2025 02:00,Odisha,Cuttack,24.3
19-01-2026 01:00,Karnataka,Bengaluru,10.72
12-07-2025 09:00,Assam,Dhemaji,73.09
11-05-2025 08:00,Kerala,Alappuzha,39.86
13-02-2026 03:00,Odisha,Balasore,24.02
15-06-2025 19:00,Karnataka,Mysuru,26.36
18-02-2026 12:00,Uttar Pradesh,Varanasi,14.67
13-12-2025 13:00,West Bengal,Murshidabad,24.57
03-07-2025 01:00,Gujarat,Surat,35.65
23-02-2025 15:00,Assam,Jorhat,73.51
01-07-2025 11:00,Gujarat,Vadodara,30.2
20-10-2025 05:00,West Bengal,Kolkata,17.64
11-06-2025 21:00,Karnataka,Bengaluru,30.85
28-08-2025 13:00,Tamil Nadu,Coimbatore,7.37
18-01-2026 01:00,Maharashtra,Nagpur,20.71
11-04-2025 07:00,Assam,Barpeta,35.19
25-03-2025 21:00,Maharashtra,Mumbai,33.78
03-08-2025 17:00,Maharashtra,Pune,39.29
23-12-2025 07:00,Kerala,Kozhikode,99.83
02-07-2025 08:00,Karnataka,Mangaluru,104.02124999999998
03-01-2026 14:00,Maharashtra,Pune,29.57
28-06-2025 01:00,Assam,Dhemaji,34.12
31-08-2025 17:00,Maharashtra,Mumbai,35.11
07-10-2025 03:00,Karnataka,Mysuru,30.41
29-10-2025 19:00,Uttar Pradesh,Kanpur,29.44
19-01-2025 17:00,Karnataka,Mysuru,40.96
03-04-2025 19:00,Assam,Dibrugarh,52.33
28-08-2025 20:00,Uttar Pradesh,Kanpur,12.35
03-02-2025 18:00,Karnataka,Mangaluru,66.92
24-06-2025 04:00,Kerala,Kottayam,27.69
11-01-2026 00:00,Karnataka,Kodagu,63.29
15-08-2025 14:00,Tamil Nadu,Chennai,38.57
10-11-2025 21:00,Assam,Dibrugarh,67.97
23-09-2025 09:00,Uttar Pradesh,Varanasi,33.22
17-12-2025 16:00,Gujarat,Vadodara,36.69
03-03-2025 13:00,Gujarat,Surat,70.86
16-03-2025 14:00,Maharashtra,Kolhapur,88.67
25-03-2025 16:00,Maharashtra,Pune,24.36
29-01-2025 10:00,Odisha,Puri,77.72
28-04-2025 08:00,Bihar,Bhagalpur,61.27
28-01-2026 23:00,Bihar,Darbhanga,23.44
07-06-2025 06:00,Bihar,Bhagalpur,53.35
28-09-2025 15:00,Gujarat,Bharuch,53.02
05-01-2026 22:00,Karnataka,Udupi,18.51
03-11-2025 17:00,Karnataka,Mysuru,19.14
15-12-2025 14:00,Kerala,Thrissur,19.17
08-11-2025 10:00,Kerala,Kochi,30.39
02-01-2025 22:00,Kerala,Thrissur,104.02124999999998
02-01-2025 06:00,Uttar Pradesh,Prayagraj,30.88
10-12-2025 18:00,Kerala,Alappuzha,49.41
16-10-2025 23:00,Kerala,Thrissur,96.45
03-03-2025 04:00,Gujarat,Bharuch,21.46
11-03-2025 09:00,Odisha,Balasore,55.91
01-03-2025 00:00,Tamil Nadu,Coimbatore,15.6
28-09-2025 00:00,Assam,Jorhat,23.76
22-07-2025 04:00,Tamil Nadu,Chennai,25.11
13-04-2025 22:00,Tamil Nadu,Thanjavur,22.54
02-07-2025 05:00,West Bengal,Kolkata,33.74
22-12-2025 04:00,Bihar,Gaya,76.77
18-01-2025 21:00,Kerala,Thrissur,16.59
07-08-2025 12:00,Bihar,Darbhanga,16.86
30-03-2025 07:00,Odisha,Kendrapara,16.28
17-01-2025 01:00,Gujarat,Rajkot,23.0
23-03-2025 01:00,Odisha,Cuttack,37.33
26-06-2025 00:00,Assam,Jorhat,16.18
20-01-2025 17:00,Assam,Dhemaji,20.12
30-03-2025 17:00,Kerala,Thrissur,10.12
01-10-2025 04:00,Tamil Nadu,Coimbatore,8.6
19-10-2025 14:00,West Bengal,Malda,13.95
13-02-2025 23:00,Odisha,Cuttack,36.78
17-05-2025 10:00,Assam,Dibrugarh,43.89
26-07-2025 17:00,Gujarat,Ahmedabad,10.47
12-08-2025 11:00,Karnataka,Mysuru,100.77
31-08-2025 08:00,Maharashtra,Kolhapur,104.02124999999998
03-02-2025 19:00,Uttar Pradesh,Lucknow,26.48
10-07-2025 13:00,Odisha,Puri,10.78
13-09-2025 17:00,Assam,Barpeta,21.48
10-04-2025 12:00,Gujarat,Rajkot,32.51
07-02-2026 00:00,Odisha,Balasore,25.97
17-09-2025 09:00,Kerala,Kozhikode,19.69
05-01-2025 15:00,Karnataka,Bengaluru,41.29
07-01-2026 05:00,West Bengal,Howrah,5.61
14-03-2025 17:00,Bihar,Darbhanga,38.94
24-11-2025 03:00,Odisha,Bhubaneswar,23.98
02-03-2025 12:00,Karnataka,Udupi,4.09
14-01-2025 07:00,Kerala,Alappuzha,31.6
25-12-2025 01:00,West Bengal,Murshidabad,88.13
19-05-2025 21:00,Bihar,Muzaffarpur,14.52
22-03-2025 02:00,Kerala,Thrissur,47.64
02-09-2025 09:00,Assam,Jorhat,21.24
02-02-2026 00:00,Kerala,Kottayam,12.48
03-06-2025 13:00,Karnataka,Udupi,39.63
28-06-2025 03:00,Assam,Dhemaji,14.66
23-07-2025 17:00,Bihar,Darbhanga,7.53
06-08-2025 17:00,Tamil Nadu,Thanjavur,13.68
08-11-2025 08:00,Tamil Nadu,Coimbatore,17.33
31-05-2025 05:00,Maharashtra,Nashik,35.17
13-02-2025 20:00,West Bengal,Murshidabad,21.34
23-06-2025 04:00,West Bengal,Malda,43.37
08-02-2026 04:00,Maharashtra,Mumbai,28.24
05-01-2025 03:00,Bihar,Gaya,34.51
09-11-2025 20:00,Kerala,Alappuzha,6.73
02-03-2025 16:00,Bihar,Muzaffarpur,56.49
17-11-2025 08:00,Gujarat,Ahmedabad,104.02124999999998
16-06-2025 20:00,West Bengal,Howrah,49.71
14-10-2025 02:00,Karnataka,Mangaluru,51.59
07-07-2025 21:00,Tamil Nadu,Thanjavur,57.23
18-05-2025 11:00,Bihar,Gaya,29.68
08-06-2025 07:00,Assam,Jorhat,27.13
28-06-2025 09:00,Bihar,Darbhanga,32.02
13-01-2026 03:00,Karnataka,Bengaluru,52.47
27-09-2025 06:00,Assam,Barpeta,25.52
26-11-2025 16:00,Karnataka,Mangaluru,9.01
28-02-2025 22:00,Kerala,Kottayam,66.42
23-01-2025 12:00,West Bengal,Malda,46.27
31-08-2025 07:00,Kerala,Thrissur,15.18
08-12-2025 15:00,Karnataka,Kodagu,7.6
03-06-2025 08:00,Odisha,Balasore,10.18
01-02-2025 10:00,Assam,Barpeta,62.56
24-06-2025 20:00,Kerala,Alappuzha,62.4
21-04-2025 10:00,Maharashtra,Nashik,38.45
08-07-2025 10:00,West Bengal,Howrah,18.79
01-02-2026 15:00,Karnataka,Mysuru,11.5
10-05-2025 22:00,Odisha,Bhubaneswar,34.04
05-06-2025 08:00,Tamil Nadu,Coimbatore,4.46
11-06-2025 22:00,Kerala,Kozhikode,103.85
24-10-2025 03:00,Assam,Dhemaji,44.68
03-12-2025 04:00,Karnataka,Mysuru,26.01
02-11-2025 05:00,Uttar Pradesh,Prayagraj,48.04
20-12-2025 11:00,Kerala,Kozhikode,40.71
01-01-2026 07:00,Maharashtra,Kolhapur,13.42
28-09-2025 20:00,Odisha,Bhubaneswar,104.02124999999998
18-12-2025 02:00,Bihar,Gaya,34.07
28-11-2025 19:00,Tamil Nadu,Thanjavur,55.51
26-01-2025 01:00,West Bengal,Kolkata,15.63
21-01-2026 09:00,Tamil Nadu,Chennai,77.3
07-01-2026 15:00,Odisha,Bhubaneswar,14.89
11-10-2025 22:00,Gujarat,Rajkot,26.8
14-08-2025 11:00,Kerala,Kottayam,5.15
31-12-2025 11:00,West Bengal,Darjeeling,30.56
19-08-2025 02:00,Kerala,Thrissur,18.78
13-02-2025 12:00,Gujarat,Ahmedabad,10.29
02-11-2025 14:00,Kerala,Kozhikode,64.13
06-03-2025 21:00,Bihar,Bhagalpur,68.46
05-06-2025 19:00,Tamil Nadu,Coimbatore,29.86
27-05-2025 18:00,Gujarat,Surat,47.91
08-01-2025 12:00,Odisha,Balasore,48.31
30-03-2025 03:00,Bihar,Bhagalpur,104.02124999999998
12-03-2025 19:00,Assam,Guwahati,17.25
27-02-2025 11:00,Odisha,Bhubaneswar,94.44
29-10-2025 05:00,Assam,Guwahati,16.64
16-01-2026 23:00,Uttar Pradesh,Gorakhpur,64.68
26-01-2025 18:00,Assam,Guwahati,6.44
13-05-2025 13:00,Karnataka,Udupi,25.38
15-02-2026 11:00,Odisha,Bhubaneswar,32.82
08-03-2025 16:00,Karnataka,Mysuru,39.98
06-09-2025 11:00,Bihar,Darbhanga,10.26
09-03-2025 07:00,Tamil Nadu,Thanjavur,54.74
04-09-2025 16:00,Kerala,Kochi,45.87
04-02-2026 15:00,Odisha,Cuttack,16.7
12-06-2025 03:00,West Bengal,Murshidabad,47.36
28-03-2025 19:00,Maharashtra,Pune,8.25
10-07-2025 14:00,Kerala,Kozhikode,24.42
22-08-2025 02:00,Kerala,Alappuzha,31.49
02-08-2025 09:00,Bihar,Patna,26.77
11-07-2025 03:00,Maharashtra,Pune,93.76
24-07-2025 06:00,West Bengal,Murshidabad,11.15
10-12-2025 20:00,West Bengal,Darjeeling,24.42
04-09-2025 12:00,Uttar Pradesh,Varanasi,62.25
02-08-2025 17:00,Odisha,Cuttack,55.98
14-12-2025 06:00,Gujarat,Vadodara,19.93
21-03-2025 22:00,Bihar,Darbhanga,17.85
14-12-2025 02:00,Karnataka,Bengaluru,79.22
26-08-2025 19:00,Kerala,Alappuzha,6.18
13-08-2025 08:00,West Bengal,Howrah,10.38
22-09-2025 00:00,Tamil Nadu,Tiruppur,43.71
27-03-2025 14:00,Uttar Pradesh,Lucknow,36.07
14-11-2025 04:00,Assam,Dibrugarh,35.22
19-01-2026 17:00,West Bengal,Howrah,65.76
15-06-2025 03:00,Tamil Nadu,Coimbatore,69.16
16-02-2025 22:00,Kerala,Thrissur,71.08
23-05-2025 20:00,Assam,Guwahati,53.73
11-07-2025 17:00,Kerala,Thrissur,53.18
05-06-2025 01:00,Maharashtra,Kolhapur,21.94
10-04-2025 13:00,Kerala,Thrissur,47.86
25-02-2025 02:00,Karnataka,Bengaluru,53.38
08-03-2025 19:00,Tamil Nadu,Madurai,33.49
29-10-2025 00:00,Maharashtra,Pune,10.81
06-11-2025 09:00,Uttar Pradesh,Lucknow,26.37
30-06-2025 16:00,West Bengal,Howrah,15.79
22-08-2025 01:00,Odisha,Puri,39.12
03-07-2025 19:00,Uttar Pradesh,Prayagraj,28.62
02-09-2025 02:00,Kerala,Kochi,48.31
25-01-2026 07:00,Odisha,Kendrapara,25.15
16-06-2025 07:00,Kerala,Alappuzha,21.37
11-09-2025 07:00,Odisha,Balasore,25.45
06-03-2025 23:00,Bihar,Darbhanga,22.38
15-07-2025 02:00,Odisha,Bhubaneswar,82.51
11-11-2025 21:00,Karnataka,Mangaluru,92.95
07-06-2025 04:00,Odisha,Bhubaneswar,19.17
01-01-2026 19:00,West Bengal,Murshidabad,96.69
25-05-2025 01:00,Maharashtra,Nagpur,16.3
16-12-2025 07:00,Karnataka,Kodagu,58.12
26-02-2025 10:00,Gujarat,Bharuch,10.82
02-01-2025 21:00,Assam,Jorhat,27.15
16-02-2026 08:00,Kerala,Kochi,81.8
01-02-2025 04:00,Karnataka,Mysuru,17.91
26-11-2025 21:00,Maharashtra,Kolhapur,53.67
26-06-2025 17:00,Odisha,Kendrapara,12.35
23-08-2025 12:00,Karnataka,Mangaluru,28.23
14-07-2025 01:00,Gujarat,Rajkot,5.85
26-06-2025 14:00,Kerala,Thrissur,35.73
25-05-2025 04:00,Uttar Pradesh,Gorakhpur,60.16
04-11-2025 13:00,Assam,Dibrugarh,33.27
20-08-2025 05:00,Tamil Nadu,Madurai,50.14
22-10-2025 19:00,Tamil Nadu,Madurai,19.86
01-09-2025 06:00,Bihar,Muzaffarpur,11.84
04-12-2025 03:00,West Bengal,Howrah,11.95
17-08-2025 02:00,Odisha,Puri,28.73
31-05-2025 14:00,Tamil Nadu,Thanjavur,59.79
09-11-2025 13:00,Maharashtra,Nagpur,58.51
21-10-2025 21:00,Bihar,Darbhanga,85.67
03-11-2025 23:00,Karnataka,Bengaluru,25.2
01-12-2025 03:00,Gujarat,Vadodara,15.55
06-02-2026 14:00,Maharashtra,Mumbai,20.51
13-01-2026 07:00,Bihar,Patna,8.35
28-01-2025 16:00,Odisha,Kendrapara,63.14
07-04-2025 15:00,West Bengal,Kolkata,26.42
28-05-2025 14:00,Odisha,Balasore,45.49
03-06-2025 05:00,Uttar Pradesh,Prayagraj,23.16
04-02-2026 23:00,Kerala,Alappuzha,28.72
09-05-2025 19:00,Karnataka,Mysuru,6.51
29-01-2025 03:00,Karnataka,Bengaluru,35.92
28-12-2025 12:00,Karnataka,Mangaluru,32.89
23-07-2025 12:00,Odisha,Puri,37.96
03-12-2025 15:00,Maharashtra,Nagpur,73.73
23-03-2025 18:00,Assam,Barpeta,40.06
18-03-2025 16:00,Gujarat,Ahmedabad,74.91
26-10-2025 16:00,Odisha,Puri,21.06
17-02-2026 10:00,West Bengal,Darjeeling,24.34
28-05-2025 10:00,Tamil Nadu,Madurai,10.89
01-12-2025 10:00,Odisha,Cuttack,80.68
22-07-2025 18:00,Bihar,Muzaffarpur,12.45
23-06-2025 22:00,Bihar,Muzaffarpur,104.02124999999998
04-12-2025 00:00,Odisha,Cuttack,85.0
02-07-2025 09:00,Bihar,Patna,28.85
16-09-2025 19:00,Karnataka,Kodagu,68.65
18-07-2025 14:00,Uttar Pradesh,Kanpur,104.02124999999998
18-01-2025 03:00,Uttar Pradesh,Lucknow,20.47
26-01-2025 13:00,Maharashtra,Mumbai,61.18
13-09-2025 06:00,Uttar Pradesh,Lucknow,78.35
06-08-2025 02:00,West Bengal,Kolkata,5.22
01-03-2025 14:00,Uttar Pradesh,Kanpur,3.64
12-04-2025 01:00,Assam,Guwahati,64.17
04-01-2026 09:00,Maharashtra,Nashik,55.54
09-06-2025 17:00,Tamil Nadu,Coimbatore,59.44
16-07-2025 14:00,Karnataka,Kodagu,13.22
27-10-2025 09:00,Assam,Dibrugarh,45.33
01-03-2025 01:00,Bihar,Muzaffarpur,44.88
27-10-2025 23:00,Kerala,Kottayam,68.09
26-01-2025 04:00,Odisha,Puri,49.45
23-02-2025 00:00,Kerala,Kottayam,26.12
15-06-2025 04:00,Kerala,Thrissur,81.55
23-09-2025 07:00,Gujarat,Bharuch,34.64
31-12-2025 10:00,Karnataka,Bengaluru,37.04
11-01-2025 07:00,Bihar,Muzaffarpur,33.02
20-01-2026 10:00,Maharashtra,Mumbai,38.17
24-03-2025 14:00,Tamil Nadu,Thanjavur,14.16
29-04-2025 03:00,Odisha,Bhubaneswar,104.02124999999998
12-08-2025 23:00,Kerala,Kozhikode,98.13
09-01-2025 07:00,West Bengal,Darjeeling,53.99
21-01-2025 05:00,Karnataka,Udupi,19.47
11-09-2025 11:00,West Bengal,Kolkata,56.59
09-01-2026 04:00,Odisha,Balasore,16.34
19-01-2025 23:00,Gujarat,Surat,60.35
13-02-2026 06:00,Assam,Dibrugarh,62.37
03-01-2026 18:00,Uttar Pradesh,Gorakhpur,34.86
29-09-2025 11:00,Maharashtra,Nashik,57.56
13-03-2025 17:00,Odisha,Puri,56.92
21-10-2025 18:00,Karnataka,Kodagu,104.02124999999998
23-09-2025 22:00,Bihar,Bhagalpur,32.42
07-12-2025 05:00,Uttar Pradesh,Lucknow,9.51
29-08-2025 07:00,Gujarat,Bharuch,31.46
31-08-2025 01:00,Odisha,Balasore,30.69
12-07-2025 18:00,Karnataka,Mysuru,13.45
05-02-2025 22:00,Gujarat,Surat,103.54
29-03-2025 06:00,Uttar Pradesh,Varanasi,23.2
09-02-2025 11:00,West Bengal,Kolkata,6.39
24-08-2025 01:00,Karnataka,Kodagu,33.58
02-03-2025 04:00,Gujarat,Vadodara,23.93
23-02-2025 08:00,Tamil Nadu,Madurai,47.46
10-05-2025 14:00,Kerala,Kottayam,61.03
09-01-2026 00:00,Gujarat,Rajkot,20.9
14-11-2025 01:00,Tamil Nadu,Tiruppur,32.07
02-08-2025 23:00,West Bengal,Malda,62.39
06-05-2025 16:00,Uttar Pradesh,Lucknow,57.4
06-04-2025 22:00,Kerala,Kochi,45.5
25-03-2025 12:00,Tamil Nadu,Madurai,85.59
10-07-2025 20:00,Kerala,Kochi,22.32
29-12-2025 16:00,Maharashtra,Nashik,80.98
11-02-2025 21:00,Bihar,Bhagalpur,78.29
03-08-2025 02:00,Kerala,Kochi,59.1
29-06-2025 21:00,Karnataka,Kodagu,77.14
01-10-2025 06:00,Maharashtra,Pune,10.67
02-07-2025 19:00,Bihar,Patna,31.88
30-03-2025 20:00,Kerala,Thrissur,20.52
27-06-2025 17:00,Assam,Guwahati,46.81
27-03-2025 17:00,Uttar Pradesh,Lucknow,10.33
13-08-2025 10:00,Bihar,Gaya,45.46
10-01-2025 13:00,Uttar Pradesh,Prayagraj,12.68
01-05-2025 09:00,Uttar Pradesh,Lucknow,32.91
06-07-2025 08:00,Odisha,Cuttack,22.64
10-09-2025 16:00,West Bengal,Malda,9.33
27-11-2025 04:00,West Bengal,Malda,23.33
15-11-2025 17:00,Karnataka,Kodagu,33.14
16-12-2025 05:00,Bihar,Patna,52.28
09-01-2025 17:00,Karnataka,Udupi,29.97
25-04-2025 22:00,Odisha,Kendrapara,41.06
19-12-2025 23:00,Maharashtra,Mumbai,32.62
03-05-2025 20:00,Odisha,Cuttack,53.63
24-10-2025 12:00,Maharashtra,Nagpur,48.16
21-09-2025 18:00,Odisha,Cuttack,8.89
14-03-2025 00:00,Uttar Pradesh,Prayagraj,35.37
24-06-2025 00:00,Maharashtra,Kolhapur,81.18
15-01-2025 01:00,Uttar Pradesh,Gorakhpur,67.33
27-07-2025 16:00,Bihar,Muzaffarpur,70.42
14-10-2025 14:00,Karnataka,Mangaluru,26.53
30-10-2025 00:00,Kerala,Alappuzha,39.47
19-12-2025 04:00,Odisha,Kendrapara,93.59
21-02-2025 02:00,Karnataka,Mangaluru,50.75
14-11-2025 00:00,Assam,Dibrugarh,37.15
12-10-2025 11:00,Karnataka,Kodagu,50.56
28-05-2025 12:00,Kerala,Kottayam,31.08
02-09-2025 12:00,Assam,Jorhat,28.7
29-03-2025 23:00,Gujarat,Ahmedabad,35.6
23-04-2025 03:00,Odisha,Bhubaneswar,60.83
26-10-2025 01:00,Odisha,Balasore,98.31
04-06-2025 11:00,West Bengal,Darjeeling,104.02124999999998
12-02-2025 09:00,Odisha,Kendrapara,42.28
21-12-2025 15:00,Kerala,Kochi,25.0
27-04-2025 23:00,Uttar Pradesh,Lucknow,82.13
28-07-2025 23:00,West Bengal,Howrah,13.89
22-03-2025 08:00,Gujarat,Ahmedabad,25.3
15-01-2025 14:00,Odisha,Kendrapara,18.42
04-08-2025 13:00,Tamil Nadu,Coimbatore,39.25
24-06-2025 16:00,Gujarat,Rajkot,44.89
22-03-2025 14:00,Gujarat,Bharuch,46.11
15-10-2025 13:00,Bihar,Bhagalpur,91.37
20-07-2025 23:00,Uttar Pradesh,Prayagraj,51.3
24-01-2025 12:00,Odisha,Kendrapara,8.83
07-03-2025 22:00,West Bengal,Darjeeling,42.45
15-07-2025 14:00,Gujarat,Surat,38.96
01-04-2025 15:00,Karnataka,Bengaluru,25.93
20-10-2025 20:00,Tamil Nadu,Coimbatore,14.96
23-07-2025 08:00,Kerala,Kozhikode,42.57
03-04-2025 20:00,Gujarat,Vadodara,16.95
16-02-2025 11:00,Karnataka,Kodagu,28.05
11-05-2025 06:00,Karnataka,Mangaluru,50.56
28-05-2025 16:00,Gujarat,Ahmedabad,23.11
30-07-2025 08:00,Uttar Pradesh,Prayagraj,13.73
08-11-2025 12:00,Odisha,Balasore,30.46
04-02-2025 05:00,Uttar Pradesh,Kanpur,22.97
30-09-2025 04:00,Uttar Pradesh,Gorakhpur,63.84
05-04-2025 16:00,Odisha,Kendrapara,54.3
20-08-2025 01:00,West Bengal,Murshidabad,7.08
04-01-2025 09:00,Uttar Pradesh,Prayagraj,26.68
25-02-2025 03:00,Kerala,Kottayam,10.85
27-01-2026 21:00,Tamil Nadu,Chennai,65.18
09-03-2025 06:00,Tamil Nadu,Madurai,34.02
04-02-2025 15:00,Tamil Nadu,Tiruppur,23.87
11-06-2025 19:00,Karnataka,Bengaluru,104.02124999999998
27-12-2025 01:00,Gujarat,Ahmedabad,26.03
06-07-2025 00:00,West Bengal,Kolkata,21.51
11-08-2025 11:00,Maharashtra,Nashik,14.45
03-12-2025 02:00,Gujarat,Ahmedabad,33.21
10-03-2025 17:00,Gujarat,Bharuch,28.77
19-06-2025 09:00,West Bengal,Malda,56.97
07-02-2026 17:00,Uttar Pradesh,Varanasi,18.67
07-05-2025 14:00,Kerala,Kozhikode,21.46
19-05-2025 08:00,Gujarat,Rajkot,54.03
25-10-2025 15:00,Kerala,Kottayam,82.5
15-10-2025 01:00,Gujarat,Vadodara,53.5
01-08-2025 04:00,Gujarat,Ahmedabad,17.79
05-06-2025 00:00,Tamil Nadu,Coimbatore,7.97
11-04-2025 23:00,Karnataka,Udupi,13.93
01-02-2025 05:00,Assam,Barpeta,26.46
08-08-2025 15:00,Bihar,Patna,9.09
09-04-2025 21:00,Odisha,Bhubaneswar,23.56
15-07-2025 13:00,Bihar,Darbhanga,7.41
16-02-2026 15:00,Odisha,Balasore,14.54
15-12-2025 18:00,Kerala,Kochi,22.89
01-11-2025 23:00,West Bengal,Kolkata,37.45
02-07-2025 00:00,Maharashtra,Mumbai,27.3
10-10-2025 17:00,Odisha,Puri,26.63
05-11-2025 09:00,Gujarat,Surat,47.17
17-02-2025 11:00,Odisha,Kendrapara,73.07
14-11-2025 23:00,West Bengal,Kolkata,34.01
03-04-2025 23:00,Maharashtra,Nashik,33.56
01-04-2025 04:00,Uttar Pradesh,Prayagraj,30.19
06-08-2025 09:00,Assam,Jorhat,60.89
29-01-2026 12:00,Gujarat,Vadodara,45.49
20-01-2026 21:00,Assam,Dibrugarh,62.05
10-07-2025 01:00,Bihar,Darbhanga,37.17
07-03-2025 10:00,Gujarat,Rajkot,6.26
08-01-2025 04:00,Assam,Guwahati,57.88
26-10-2025 11:00,Gujarat,Surat,16.64
28-03-2025 23:00,Odisha,Bhubaneswar,71.14
14-07-2025 11:00,Bihar,Patna,16.03
10-07-2025 05:00,Odisha,Kendrapara,13.44
23-10-2025 09:00,Maharashtra,Nagpur,104.02124999999998
01-10-2025 17:00,Odisha,Kendrapara,40.19
19-07-2025 07:00,Maharashtra,Nagpur,36.04
22-04-2025 20:00,Assam,Guwahati,64.78
18-03-2025 08:00,Uttar Pradesh,Gorakhpur,54.04
23-12-2025 02:00,Gujarat,Rajkot,67.89
31-07-2025 01:00,Tamil Nadu,Madurai,37.67
16-01-2026 10:00,Gujarat,Ahmedabad,36.38
25-01-2026 19:00,Odisha,Puri,48.37
03-07-2025 20:00,Bihar,Patna,15.54
28-10-2025 07:00,Odisha,Kendrapara,95.43
17-02-2026 02:00,Maharashtra,Nagpur,23.83
04-02-2025 18:00,Assam,Dhemaji,79.99
12-10-2025 05:00,Karnataka,Bengaluru,99.64
07-06-2025 13:00,Karnataka,Bengaluru,95.31
11-01-2026 12:00,Maharashtra,Pune,45.69
09-11-2025 11:00,West Bengal,Howrah,104.02124999999998
23-05-2025 16:00,Kerala,Kozhikode,68.4
03-01-2025 17:00,Gujarat,Rajkot,19.48
04-05-2025 11:00,Tamil Nadu,Coimbatore,40.98
25-08-2025 05:00,Bihar,Muzaffarpur,31.31
09-01-2026 10:00,Uttar Pradesh,Prayagraj,9.62
15-01-2025 18:00,Gujarat,Bharuch,34.98
07-12-2025 11:00,Odisha,Bhubaneswar,14.14
17-06-2025 22:00,Maharashtra,Mumbai,19.49
22-12-2025 14:00,Assam,Guwahati,23.94
02-06-2025 03:00,Karnataka,Udupi,50.34
08-10-2025 19:00,Bihar,Muzaffarpur,41.37
18-05-2025 09:00,Bihar,Patna,31.62
21-06-2025 23:00,Tamil Nadu,Chennai,30.45
02-12-2025 03:00,Tamil Nadu,Thanjavur,43.51
18-07-2025 15:00,Kerala,Thrissur,30.98
20-01-2025 16:00,Gujarat,Rajkot,44.47
06-06-2025 17:00,Maharashtra,Mumbai,102.5
26-12-2025 01:00,Kerala,Kochi,20.45
29-05-2025 14:00,Odisha,Puri,5.93
26-04-2025 00:00,Karnataka,Kodagu,25.16
06-02-2025 04:00,Maharashtra,Mumbai,42.5
26-01-2026 22:00,Uttar Pradesh,Prayagraj,92.54
29-12-2025 00:00,Karnataka,Mangaluru,33.33
18-06-2025 20:00,Gujarat,Vadodara,24.29
13-09-2025 10:00,Tamil Nadu,Chennai,38.19
16-05-2025 04:00,Bihar,Darbhanga,47.79
21-07-2025 18:00,Karnataka,Bengaluru,31.17
24-01-2026 18:00,Tamil Nadu,Madurai,45.55
24-08-2025 00:00,Kerala,Alappuzha,30.46
29-08-2025 20:00,Gujarat,Ahmedabad,20.94
22-12-2025 20:00,Tamil Nadu,Madurai,26.59
14-02-2025 19:00,Bihar,Gaya,32.84
04-05-2025 05:00,Kerala,Alappuzha,24.47
09-10-2025 08:00,Tamil Nadu,Tiruppur,22.34
27-12-2025 17:00,Kerala,Kochi,36.14
31-10-2025 00:00,Uttar Pradesh,Prayagraj,20.78
18-07-2025 07:00,Gujarat,Surat,11.06
22-07-2025 14:00,Kerala,Kochi,41.24
20-10-2025 17:00,Gujarat,Bharuch,27.99
15-11-2025 15:00,Tamil Nadu,Coimbatore,38.64
26-10-2025 09:00,Odisha,Bhubaneswar,104.02124999999998
04-01-2025 01:00,Assam,Guwahati,20.3
24-07-2025 05:00,Maharashtra,Pune,6.83
02-07-2025 07:00,West Bengal,Murshidabad,26.96
07-10-2025 02:00,Karnataka,Bengaluru,23.87
13-02-2026 13:00,Gujarat,Ahmedabad,15.35
15-02-2025 21:00,Karnataka,Mysuru,8.38
02-02-2026 09:00,Kerala,Kottayam,2.44
15-11-2025 23:00,Kerala,Kottayam,56.96
07-08-2025 03:00,West Bengal,Kolkata,5.47
04-08-2025 05:00,Odisha,Bhubaneswar,20.82
05-01-2025 22:00,Odisha,Kendrapara,58.34
26-03-2025 06:00,West Bengal,Murshidabad,62.23
16-02-2026 21:00,Kerala,Alappuzha,65.09
20-04-2025 22:00,Tamil Nadu,Coimbatore,38.25
26-03-2025 18:00,Karnataka,Bengaluru,48.01
17-04-2025 20:00,Assam,Dibrugarh,27.0
28-12-2025 01:00,Uttar Pradesh,Gorakhpur,55.97
28-05-2025 15:00,Bihar,Gaya,9.2
20-02-2025 19:00,Gujarat,Bharuch,66.17
09-02-2026 18:00,Assam,Jorhat,35.0
07-10-2025 15:00,Tamil Nadu,Tiruppur,62.37
01-05-2025 23:00,Maharashtra,Pune,34.31
07-05-2025 02:00,Kerala,Kozhikode,90.33
15-04-2025 14:00,Odisha,Puri,12.8
25-06-2025 01:00,Uttar Pradesh,Prayagraj,22.78
14-05-2025 15:00,Assam,Dhemaji,37.57
07-07-2025 01:00,Odisha,Kendrapara,16.62
25-04-2025 19:00,Maharashtra,Mumbai,66.52
06-01-2026 09:00,Tamil Nadu,Tiruppur,46.24
08-01-2025 09:00,Kerala,Kozhikode,31.72
10-03-2025 11:00,Kerala,Kozhikode,39.94
23-01-2026 04:00,Maharashtra,Nagpur,63.64
27-05-2025 14:00,Uttar Pradesh,Kanpur,28.34
27-02-2025 06:00,Maharashtra,Kolhapur,53.76
13-03-2025 16:00,Maharashtra,Pune,30.34
16-06-2025 11:00,Gujarat,Rajkot,35.13
03-06-2025 16:00,Maharashtra,Kolhapur,30.49
05-04-2025 08:00,Karnataka,Mangaluru,81.09
04-01-2025 15:00,Tamil Nadu,Thanjavur,52.0
29-04-2025 16:00,Uttar Pradesh,Lucknow,10.29
28-12-2025 23:00,Uttar Pradesh,Prayagraj,7.13
17-01-2025 19:00,Assam,Guwahati,14.41
17-02-2026 12:00,Kerala,Thrissur,104.02124999999998
19-06-2025 21:00,Maharashtra,Nashik,27.83
12-10-2025 19:00,Bihar,Patna,16.38
30-09-2025 09:00,Maharashtra,Pune,27.51
13-04-2025 08:00,West Bengal,Kolkata,41.79
25-04-2025 15:00,Bihar,Bhagalpur,82.12
03-04-2025 06:00,Gujarat,Vadodara,33.06
12-02-2025 19:00,West Bengal,Kolkata,26.21
09-02-2026 07:00,Tamil Nadu,Madurai,30.19
01-03-2025 05:00,Bihar,Patna,44.69
12-04-2025 12:00,Maharashtra,Kolhapur,51.58
28-06-2025 05:00,Kerala,Kochi,9.92
05-02-2026 09:00,Maharashtra,Pune,28.74
23-02-2025 06:00,Uttar Pradesh,Kanpur,53.39
17-09-2025 04:00,Kerala,Kottayam,52.88
24-07-2025 11:00,Maharashtra,Pune,35.78
31-07-2025 00:00,Bihar,Patna,16.72
24-03-2025 10:00,Assam,Guwahati,50.68
14-02-2025 05:00,Tamil Nadu,Chennai,17.38
28-07-2025 22:00,Assam,Dibrugarh,64.94
08-07-2025 23:00,West Bengal,Darjeeling,56.34
19-10-2025 09:00,Karnataka,Mysuru,24.03
21-01-2026 13:00,Maharashtra,Mumbai,11.31
04-03-2025 14:00,Maharashtra,Nashik,17.22
24-12-2025 00:00,Gujarat,Rajkot,13.27
24-01-2026 02:00,Karnataka,Mysuru,31.31
04-01-2026 04:00,Maharashtra,Pune,11.09
07-01-2026 16:00,Gujarat,Vadodara,70.22
24-07-2025 22:00,Tamil Nadu,Coimbatore,45.48
29-01-2025 06:00,Tamil Nadu,Madurai,61.05
31-07-2025 12:00,Tamil Nadu,Chennai,15.37
03-12-2025 00:00,Kerala,Kozhikode,26.88
12-11-2025 08:00,Assam,Dhemaji,18.73
05-01-2025 06:00,Odisha,Bhubaneswar,17.8
09-02-2025 21:00,Odisha,Puri,7.15
23-12-2025 12:00,Tamil Nadu,Madurai,77.91
07-06-2025 17:00,West Bengal,Murshidabad,24.4
06-02-2026 06:00,Karnataka,Kodagu,11.58
26-10-2025 21:00,Maharashtra,Mumbai,33.77
18-06-2025 11:00,Maharashtra,Mumbai,13.88
21-04-2025 08:00,West Bengal,Darjeeling,59.86
08-09-2025 00:00,Karnataka,Udupi,26.71
27-11-2025 07:00,Karnataka,Mysuru,68.52
28-04-2025 18:00,Uttar Pradesh,Prayagraj,9.72
20-06-2025 14:00,Gujarat,Rajkot,23.56
20-11-2025 22:00,Kerala,Alappuzha,70.56
21-01-2026 18:00,West Bengal,Howrah,2.94
05-12-2025 01:00,West Bengal,Malda,54.31
18-07-2025 20:00,Gujarat,Vadodara,24.16
23-03-2025 03:00,West Bengal,Darjeeling,101.18
12-09-2025 13:00,Gujarat,Surat,14.2
06-04-2025 19:00,Bihar,Patna,55.11
23-11-2025 20:00,Maharashtra,Pune,30.51
02-07-2025 14:00,West Bengal,Malda,50.95
15-08-2025 01:00,Bihar,Gaya,13.12
10-10-2025 03:00,Bihar,Gaya,30.59
24-12-2025 10:00,Assam,Barpeta,25.92
28-06-2025 19:00,West Bengal,Darjeeling,75.29
23-01-2025 00:00,Gujarat,Surat,26.89
21-02-2025 09:00,Bihar,Muzaffarpur,36.45
02-02-2025 11:00,Gujarat,Bharuch,18.53
02-09-2025 03:00,Tamil Nadu,Tiruppur,16.03
08-05-2025 11:00,West Bengal,Darjeeling,23.17
24-12-2025 19:00,West Bengal,Kolkata,11.51
19-03-2025 12:00,Uttar Pradesh,Gorakhpur,9.72
18-12-2025 14:00,Tamil Nadu,Thanjavur,42.59
05-11-2025 11:00,Kerala,Kochi,23.61
13-07-2025 07:00,Karnataka,Mysuru,104.02124999999998
27-06-2025 02:00,Assam,Dibrugarh,52.47
25-03-2025 00:00,Uttar Pradesh,Lucknow,9.99
04-11-2025 11:00,Tamil Nadu,Coimbatore,15.33
01-11-2025 09:00,Kerala,Thrissur,17.07
09-08-2025 23:00,Uttar Pradesh,Varanasi,12.48
08-12-2025 08:00,Odisha,Kendrapara,8.66
07-11-2025 07:00,Kerala,Kochi,36.05
13-04-2025 23:00,Uttar Pradesh,Kanpur,18.98
27-10-2025 21:00,Assam,Guwahati,41.1
10-08-2025 08:00,Karnataka,Bengaluru,20.64
12-01-2026 11:00,Karnataka,Udupi,16.93
28-02-2025 04:00,Uttar Pradesh,Lucknow,32.93
16-06-2025 18:00,Kerala,Kottayam,78.6
12-08-2025 19:00,Maharashtra,Pune,7.42
15-05-2025 19:00,Kerala,Kozhikode,42.83
13-02-2025 10:00,Maharashtra,Pune,71.48
18-05-2025 10:00,Kerala,Kozhikode,104.02124999999998
30-10-2025 08:00,Maharashtra,Kolhapur,40.12
11-01-2025 17:00,Karnataka,Udupi,21.28
31-10-2025 14:00,Gujarat,Surat,12.33
26-12-2025 00:00,Gujarat,Ahmedabad,18.09
22-11-2025 16:00,Maharashtra,Pune,23.94
01-09-2025 11:00,Bihar,Bhagalpur,104.02124999999998
29-03-2025 01:00,Kerala,Alappuzha,31.69
17-11-2025 22:00,Gujarat,Rajkot,10.97
21-01-2025 23:00,Maharashtra,Mumbai,55.05
08-08-2025 09:00,Maharashtra,Pune,13.21
03-01-2026 06:00,Odisha,Balasore,53.6
26-02-2025 01:00,Kerala,Kozhikode,76.61
19-12-2025 07:00,Karnataka,Mangaluru,25.53
30-07-2025 06:00,Kerala,Thrissur,53.32
04-04-2025 16:00,Kerala,Kottayam,63.04
27-07-2025 13:00,Bihar,Bhagalpur,54.19
16-01-2025 12:00,Maharashtra,Kolhapur,8.49
19-12-2025 06:00,West Bengal,Darjeeling,7.15
21-05-2025 10:00,Bihar,Gaya,13.45
25-03-2025 14:00,Bihar,Gaya,42.79
02-06-2025 08:00,Bihar,Patna,49.81
13-12-2025 23:00,West Bengal,Kolkata,73.96
10-11-2025 09:00,Odisha,Bhubaneswar,22.39
16-06-2025 17:00,Assam,Dhemaji,47.75
11-09-2025 00:00,Uttar Pradesh,Prayagraj,37.75
31-12-2025 00:00,Bihar,Bhagalpur,9.7
11-02-2025 13:00,Bihar,Patna,48.68
07-12-2025 19:00,Odisha,Kendrapara,50.03
18-05-2025 02:00,Gujarat,Surat,44.08
19-02-2025 00:00,Uttar Pradesh,Gorakhpur,39.43
23-01-2025 23:00,Karnataka,Mangaluru,43.47
01-02-2025 00:00,Karnataka,Bengaluru,25.02
28-10-2025 23:00,Karnataka,Kodagu,9.69
09-07-2025 18:00,Maharashtra,Kolhapur,27.73
30-04-2025 03:00,Uttar Pradesh,Gorakhpur,78.43
03-01-2026 12:00,Tamil Nadu,Tiruppur,47.01
25-05-2025 03:00,Bihar,Darbhanga,35.37
24-04-2025 12:00,West Bengal,Darjeeling,33.65
13-10-2025 07:00,Maharashtra,Mumbai,21.07
14-11-2025 07:00,Uttar Pradesh,Prayagraj,36.67
11-11-2025 11:00,Uttar Pradesh,Varanasi,99.37
18-01-2026 06:00,Maharashtra,Nashik,68.06
24-09-2025 09:00,Kerala,Alappuzha,49.1
12-08-2025 06:00,Maharashtra,Pune,6.37
31-01-2026 08:00,Bihar,Bhagalpur,42.48
04-05-2025 16:00,Kerala,Kozhikode,11.5
29-01-2025 21:00,Uttar Pradesh,Prayagraj,16.48
16-04-2025 13:00,Bihar,Patna,19.58
24-09-2025 15:00,Gujarat,Vadodara,30.76
10-02-2025 22:00,Karnataka,Kodagu,47.2
12-08-2025 12:00,Maharashtra,Nashik,8.93
04-01-2025 07:00,Uttar Pradesh,Gorakhpur,39.38
18-06-2025 21:00,Gujarat,Vadodara,72.02
18-09-2025 18:00,Karnataka,Mysuru,63.93
04-02-2026 00:00,West Bengal,Howrah,48.04
12-01-2026 01:00,Uttar Pradesh,Lucknow,35.65
10-05-2025 11:00,Karnataka,Mysuru,31.93
31-05-2025 01:00,Kerala,Alappuzha,46.9
11-09-2025 01:00,Uttar Pradesh,Prayagraj,24.3
05-12-2025 14:00,Maharashtra,Nashik,20.25
31-03-2025 06:00,Uttar Pradesh,Varanasi,17.95
20-09-2025 22:00,Karnataka,Udupi,21.31
05-04-2025 12:00,Assam,Barpeta,42.09
19-01-2025 13:00,Kerala,Kottayam,49.52
23-07-2025 11:00,Assam,Jorhat,19.57
06-07-2025 02:00,Bihar,Muzaffarpur,11.16
12-01-2026 02:00,Kerala,Alappuzha,14.48
04-10-2025 08:00,Tamil Nadu,Tiruppur,36.7
19-05-2025 04:00,Bihar,Gaya,25.7
12-03-2025 21:00,Maharashtra,Pune,49.06
16-04-2025 06:00,Assam,Guwahati,31.83
03-01-2025 20:00,Odisha,Cuttack,14.85
18-02-2025 16:00,Tamil Nadu,Madurai,46.0
03-01-2025 00:00,Odisha,Cuttack,9.24
13-02-2025 21:00,Bihar,Bhagalpur,15.47
17-06-2025 21:00,Karnataka,Mangaluru,13.1
06-02-2025 16:00,Tamil Nadu,Tiruppur,29.05
21-04-2025 11:00,Odisha,Balasore,55.84
20-11-2025 07:00,Assam,Guwahati,38.9
12-04-2025 15:00,Odisha,Puri,48.3
25-07-2025 04:00,Uttar Pradesh,Varanasi,26.21
03-03-2025 03:00,Assam,Dibrugarh,35.34
31-10-2025 20:00,Uttar Pradesh,Kanpur,18.07
29-07-2025 19:00,Uttar Pradesh,Varanasi,32.39
12-04-2025 17:00,Karnataka,Udupi,54.16
01-10-2025 02:00,West Bengal,Darjeeling,14.29
10-01-2025 14:00,Maharashtra,Pune,88.34
25-02-2025 00:00,Tamil Nadu,Tiruppur,42.8
02-01-2025 17:00,Kerala,Kozhikode,29.26
02-02-2025 09:00,Bihar,Gaya,3.55
08-01-2026 22:00,Odisha,Balasore,22.18
17-12-2025 04:00,Gujarat,Surat,26.78
14-03-2025 01:00,West Bengal,Howrah,104.02124999999998
12-06-2025 22:00,West Bengal,Murshidabad,58.03
25-01-2025 03:00,Tamil Nadu,Madurai,65.5
19-02-2026 05:00,West Bengal,Malda,28.98
01-09-2025 07:00,Karnataka,Mangaluru,77.92
11-12-2025 15:00,Assam,Barpeta,55.31
31-10-2025 03:00,Maharashtra,Nashik,21.41
04-03-2025 03:00,Bihar,Darbhanga,10.29
15-01-2026 13:00,Bihar,Bhagalpur,69.74
22-08-2025 18:00,Uttar Pradesh,Gorakhpur,30.73
03-01-2025 13:00,West Bengal,Malda,42.07
16-08-2025 23:00,Uttar Pradesh,Varanasi,15.37
12-06-2025 17:00,Assam,Jorhat,71.1
30-09-2025 03:00,Kerala,Kottayam,51.94
17-01-2025 18:00,Odisha,Puri,8.51
14-01-2025 20:00,Gujarat,Surat,19.81
28-03-2025 20:00,Kerala,Kottayam,99.37
03-02-2026 05:00,West Bengal,Howrah,37.6
07-01-2025 20:00,Tamil Nadu,Coimbatore,28.29
02-07-2025 11:00,Kerala,Thrissur,50.34
24-04-2025 03:00,Kerala,Kozhikode,24.91
07-01-2026 19:00,Gujarat,Rajkot,79.54
03-11-2025 02:00,Bihar,Gaya,45.22
16-08-2025 05:00,Gujarat,Ahmedabad,23.42
21-10-2025 14:00,Odisha,Cuttack,33.3
25-02-2025 14:00,West Bengal,Kolkata,19.87
29-12-2025 10:00,Uttar Pradesh,Prayagraj,104.02124999999998
11-03-2025 03:00,Karnataka,Udupi,10.05
30-05-2025 02:00,Kerala,Thrissur,22.33
01-02-2025 09:00,West Bengal,Murshidabad,31.72
02-10-2025 08:00,Tamil Nadu,Coimbatore,39.54
30-01-2025 10:00,Kerala,Kozhikode,55.15
06-05-2025 14:00,Karnataka,Bengaluru,96.26
23-12-2025 14:00,Assam,Guwahati,18.89
16-02-2026 11:00,Uttar Pradesh,Lucknow,26.3
04-02-2026 06:00,Kerala,Kochi,44.24
08-01-2026 00:00,Kerala,Kozhikode,18.32
03-02-2026 04:00,Odisha,Bhubaneswar,68.84
10-01-2026 07:00,West Bengal,Kolkata,8.81
18-03-2025 10:00,Tamil Nadu,Madurai,34.04
05-05-2025 20:00,Assam,Barpeta,45.28
15-08-2025 03:00,Kerala,Kozhikode,9.93
11-06-2025 15:00,Maharashtra,Nashik,20.74
26-10-2025 04:00,Kerala,Kottayam,8.97
31-07-2025 17:00,Odisha,Cuttack,21.34
15-01-2026 18:00,Tamil Nadu,Tiruppur,104.02124999999998
29-10-2025 20:00,Tamil Nadu,Madurai,57.11
14-08-2025 00:00,Uttar Pradesh,Prayagraj,4.37
13-08-2025 19:00,Tamil Nadu,Chennai,17.98
28-01-2026 19:00,Bihar,Gaya,10.52
04-04-2025 14:00,Uttar Pradesh,Lucknow,104.02124999999998
04-02-2025 19:00,West Bengal,Kolkata,27.15
16-12-2025 18:00,Tamil Nadu,Madurai,33.59
12-01-2026 18:00,Odisha,Puri,39.89
19-01-2025 00:00,Gujarat,Surat,38.85
21-05-2025 18:00,Bihar,Darbhanga,64.3
12-10-2025 01:00,West Bengal,Darjeeling,47.59
05-12-2025 19:00,Uttar Pradesh,Gorakhpur,14.95
05-02-2026 21:00,Odisha,Balasore,21.57
10-09-2025 18:00,Gujarat,Rajkot,37.65
19-02-2025 17:00,Gujarat,Surat,35.85
16-10-2025 22:00,West Bengal,Kolkata,16.49
16-08-2025 13:00,Odisha,Bhubaneswar,43.71
08-05-2025 23:00,Karnataka,Udupi,18.31
07-05-2025 20:00,Bihar,Muzaffarpur,79.12
16-05-2025 23:00,Odisha,Balasore,41.06
24-04-2025 17:00,Gujarat,Vadodara,7.95
24-05-2025 01:00,Odisha,Puri,12.7
19-01-2025 01:00,Karnataka,Mangaluru,40.43
17-05-2025 08:00,Kerala,Thrissur,5.11
19-10-2025 17:00,Karnataka,Udupi,31.88
10-02-2026 06:00,Uttar Pradesh,Varanasi,51.6
05-01-2025 08:00,Bihar,Bhagalpur,54.55
19-05-2025 03:00,West Bengal,Kolkata,73.36
11-03-2025 00:00,West Bengal,Murshidabad,12.65
05-03-2025 21:00,Odisha,Kendrapara,27.47
15-07-2025 00:00,Bihar,Muzaffarpur,25.53
03-01-2026 05:00,Kerala,Alappuzha,96.83
11-01-2026 02:00,Assam,Barpeta,38.31
03-10-2025 22:00,Gujarat,Surat,15.25
02-03-2025 03:00,Assam,Dhemaji,5.08
09-01-2025 22:00,Uttar Pradesh,Kanpur,94.07
12-08-2025 04:00,Bihar,Darbhanga,3.81
20-01-2026 02:00,Karnataka,Mangaluru,42.32
21-09-2025 10:00,Maharashtra,Kolhapur,66.52
27-07-2025 21:00,Gujarat,Rajkot,46.95
01-03-2025 03:00,Karnataka,Mysuru,29.14
01-02-2026 12:00,Maharashtra,Mumbai,66.38
25-12-2025 14:00,Kerala,Alappuzha,34.89
08-01-2025 13:00,Assam,Barpeta,7.51
01-07-2025 08:00,Uttar Pradesh,Kanpur,56.3
29-12-2025 12:00,Assam,Barpeta,19.52
12-04-2025 22:00,Maharashtra,Mumbai,10.87
10-08-2025 17:00,Maharashtra,Kolhapur,27.59
02-12-2025 05:00,Maharashtra,Nashik,47.67
25-08-2025 20:00,Assam,Jorhat,10.44
28-05-2025 04:00,Kerala,Kottayam,43.51
10-12-2025 12:00,Assam,Guwahati,38.8
29-11-2025 08:00,Maharashtra,Nashik,9.13
04-06-2025 02:00,Uttar Pradesh,Prayagraj,36.9
03-01-2025 22:00,Bihar,Muzaffarpur,94.29
23-01-2025 16:00,Uttar Pradesh,Kanpur,99.29
20-02-2025 04:00,Assam,Dhemaji,5.96
09-05-2025 06:00,Maharashtra,Pune,25.1
15-01-2026 10:00,Gujarat,Surat,33.39
16-01-2026 00:00,Assam,Barpeta,36.87
08-02-2026 08:00,West Bengal,Howrah,27.28
15-09-2025 12:00,Odisha,Balasore,38.2
14-12-2025 01:00,West Bengal,Darjeeling,9.75
28-06-2025 12:00,Bihar,Muzaffarpur,14.23
16-06-2025 23:00,Maharashtra,Kolhapur,19.29
30-12-2025 01:00,Uttar Pradesh,Kanpur,13.22
06-02-2025 13:00,Assam,Dhemaji,7.76
02-12-2025 20:00,Odisha,Kendrapara,11.7
09-01-2025 04:00,Assam,Jorhat,21.39
11-02-2026 02:00,Maharashtra,Nashik,56.16
17-06-2025 02:00,West Bengal,Kolkata,26.19
20-02-2026 02:00,West Bengal,Darjeeling,55.76
18-04-2025 03:00,Bihar,Darbhanga,20.75
06-06-2025 09:00,Karnataka,Mangaluru,32.61
21-01-2026 07:00,Gujarat,Ahmedabad,43.0
26-12-2025 12:00,Tamil Nadu,Thanjavur,15.9
26-01-2026 08:00,Odisha,Kendrapara,35.79
14-09-2025 15:00,Karnataka,Kodagu,19.12
19-07-2025 15:00,Tamil Nadu,Coimbatore,47.69
11-08-2025 09:00,Kerala,Kochi,49.21
07-05-2025 00:00,Bihar,Patna,35.47
24-04-2025 06:00,Uttar Pradesh,Kanpur,65.01
27-12-2025 15:00,Bihar,Darbhanga,75.28
16-10-2025 04:00,Uttar Pradesh,Prayagraj,46.8
16-06-2025 00:00,Uttar Pradesh,Varanasi,12.98
01-11-2025 12:00,Kerala,Alappuzha,12.89
06-09-2025 01:00,Tamil Nadu,Tiruppur,30.28
10-06-2025 04:00,Kerala,Alappuzha,8.1
22-04-2025 18:00,Odisha,Puri,94.92
17-06-2025 16:00,Tamil Nadu,Tiruppur,52.55
30-12-2025 03:00,Uttar Pradesh,Lucknow,24.21
11-05-2025 19:00,Gujarat,Bharuch,28.01
26-06-2025 13:00,Kerala,Kottayam,89.48
10-01-2025 02:00,Kerala,Kozhikode,53.87
03-10-2025 18:00,Odisha,Puri,30.07
05-02-2026 06:00,Maharashtra,Mumbai,38.77
08-08-2025 12:00,Gujarat,Surat,99.03
16-04-2025 23:00,Kerala,Kottayam,83.76
30-04-2025 14:00,Karnataka,Kodagu,8.54
21-02-2025 20:00,Gujarat,Surat,36.08
18-01-2025 12:00,Maharashtra,Kolhapur,24.05
17-09-2025 11:00,Uttar Pradesh,Lucknow,48.5
27-03-2025 18:00,Odisha,Bhubaneswar,46.77
20-12-2025 21:00,Gujarat,Rajkot,56.2
26-09-2025 02:00,Gujarat,Bharuch,7.9
23-05-2025 14:00,Gujarat,Bharuch,63.11
07-07-2025 22:00,Tamil Nadu,Tiruppur,27.55
18-02-2025 14:00,West Bengal,Kolkata,70.9
11-01-2025 14:00,Maharashtra,Kolhapur,33.97
18-01-2025 07:00,Assam,Barpeta,19.88
18-01-2026 07:00,Tamil Nadu,Tiruppur,25.75
25-05-2025 13:00,Gujarat,Ahmedabad,18.5
08-05-2025 02:00,Maharashtra,Kolhapur,20.51
01-02-2025 15:00,Gujarat,Vadodara,52.91
27-02-2025 17:00,Maharashtra,Nashik,104.02124999999998
28-01-2025 06:00,Tamil Nadu,Thanjavur,38.57
20-02-2025 01:00,West Bengal,Darjeeling,30.05
11-04-2025 13:00,Bihar,Patna,14.97
21-08-2025 11:00,Odisha,Kendrapara,95.96
07-09-2025 17:00,Odisha,Kendrapara,38.91
09-08-2025 14:00,Maharashtra,Mumbai,27.26
08-05-2025 07:00,Bihar,Gaya,59.03
28-04-2025 22:00,Kerala,Kozhikode,12.21
04-05-2025 18:00,Gujarat,Ahmedabad,54.62
14-01-2025 16:00,Tamil Nadu,Tiruppur,24.11
27-06-2025 22:00,Assam,Jorhat,18.15
07-09-2025 18:00,Uttar Pradesh,Gorakhpur,32.63
03-07-2025 00:00,Bihar,Gaya,88.55
27-03-2025 23:00,Odisha,Kendrapara,9.09
12-12-2025 21:00,Maharashtra,Pune,24.4
11-01-2026 13:00,Maharashtra,Kolhapur,22.63
24-01-2026 17:00,Uttar Pradesh,Gorakhpur,35.9
04-08-2025 09:00,Bihar,Muzaffarpur,25.83
04-07-2025 13:00,West Bengal,Howrah,58.98
23-02-2025 09:00,Bihar,Gaya,11.3
21-05-2025 21:00,Tamil Nadu,Madurai,26.69
20-04-2025 20:00,Gujarat,Ahmedabad,73.52
19-05-2025 16:00,Odisha,Puri,13.38
26-09-2025 04:00,Kerala,Thrissur,19.56
29-07-2025 02:00,Odisha,Puri,20.77
02-11-2025 04:00,Gujarat,Rajkot,12.1
08-06-2025 03:00,Bihar,Muzaffarpur,8.08
21-04-2025 23:00,Assam,Guwahati,21.91
12-12-2025 02:00,Gujarat,Ahmedabad,30.53
23-02-2025 10:00,Karnataka,Udupi,35.97
22-06-2025 20:00,Bihar,Patna,34.39
26-02-2025 18:00,Bihar,Muzaffarpur,54.49
01-03-2025 21:00,Uttar Pradesh,Kanpur,57.18
06-02-2026 04:00,West Bengal,Darjeeling,42.92
24-05-2025 09:00,Uttar Pradesh,Gorakhpur,27.14
03-01-2025 08:00,Kerala,Kochi,33.95
11-07-2025 13:00,Uttar Pradesh,Lucknow,29.86
20-12-2025 07:00,Maharashtra,Mumbai,25.67
12-08-2025 13:00,Assam,Jorhat,70.73
18-03-2025 20:00,Uttar Pradesh,Kanpur,31.34
18-08-2025 19:00,West Bengal,Murshidabad,71.41
24-12-2025 05:00,West Bengal,Howrah,63.6
18-09-2025 23:00,Assam,Jorhat,71.44
01-05-2025 00:00,Kerala,Alappuzha,45.73
14-03-2025 15:00,Assam,Jorhat,23.69
16-12-2025 22:00,Assam,Dhemaji,57.09
23-06-2025 17:00,Kerala,Kottayam,30.21
05-08-2025 13:00,Uttar Pradesh,Lucknow,15.48
10-01-2026 17:00,Karnataka,Mysuru,53.12
31-01-2025 20:00,Maharashtra,Kolhapur,47.51
13-01-2026 18:00,Tamil Nadu,Thanjavur,86.65
09-03-2025 16:00,Odisha,Puri,30.96
22-01-2025 20:00,Odisha,Bhubaneswar,71.1
30-11-2025 07:00,Odisha,Kendrapara,65.04
04-07-2025 03:00,Tamil Nadu,Thanjavur,75.31
15-08-2025 02:00,West Bengal,Howrah,104.02124999999998
06-10-2025 17:00,Odisha,Cuttack,37.23
04-11-2025 14:00,West Bengal,Murshidabad,4.52
19-01-2025 03:00,Tamil Nadu,Coimbatore,51.92
04-05-2025 08:00,Bihar,Gaya,22.57
13-01-2025 20:00,Odisha,Bhubaneswar,12.3
07-03-2025 05:00,Maharashtra,Nashik,43.34
20-04-2025 15:00,Assam,Jorhat,23.31
22-08-2025 05:00,Uttar Pradesh,Varanasi,37.44
30-01-2026 21:00,West Bengal,Darjeeling,55.14
17-01-2025 17:00,Tamil Nadu,Coimbatore,17.97
09-06-2025 10:00,Uttar Pradesh,Lucknow,35.68
06-02-2025 17:00,West Bengal,Howrah,75.87
16-06-2025 13:00,Gujarat,Bharuch,6.04
24-10-2025 14:00,Bihar,Patna,30.23
17-05-2025 01:00,Gujarat,Surat,9.29
17-12-2025 06:00,West Bengal,Kolkata,60.2
28-07-2025 17:00,West Bengal,Murshidabad,30.33
28-08-2025 00:00,West Bengal,Howrah,30.03
20-08-2025 10:00,Gujarat,Rajkot,87.71
13-01-2025 00:00,Tamil Nadu,Madurai,10.46
20-08-2025 20:00,Bihar,Gaya,7.45
13-12-2025 20:00,Bihar,Patna,104.02124999999998
20-04-2025 07:00,Assam,Barpeta,32.12
05-01-2026 03:00,Karnataka,Bengaluru,49.77
20-01-2025 20:00,Maharashtra,Nagpur,66.15
24-12-2025 23:00,Gujarat,Bharuch,48.44
09-02-2026 17:00,West Bengal,Murshidabad,104.02124999999998
29-09-2025 18:00,Maharashtra,Pune,32.36
10-05-2025 15:00,Bihar,Bhagalpur,43.95
30-01-2026 14:00,Tamil Nadu,Thanjavur,53.0
31-01-2025 17:00,Bihar,Muzaffarpur,55.27
11-05-2025 13:00,Odisha,Cuttack,104.02124999999998
02-12-2025 07:00,Karnataka,Udupi,48.51
30-09-2025 23:00,Tamil Nadu,Tiruppur,50.49
14-08-2025 07:00,Maharashtra,Nagpur,40.45
20-08-2025 19:00,Karnataka,Bengaluru,14.75
11-08-2025 00:00,West Bengal,Howrah,93.33
07-10-2025 22:00,Tamil Nadu,Madurai,28.4
02-08-2025 06:00,Gujarat,Ahmedabad,9.59
12-07-2025 11:00,Odisha,Balasore,15.29
03-06-2025 17:00,West Bengal,Murshidabad,27.89
18-11-2025 12:00,Kerala,Alappuzha,33.74
18-03-2025 15:00,Uttar Pradesh,Kanpur,19.63
25-03-2025 03:00,Karnataka,Mysuru,44.41
10-04-2025 23:00,West Bengal,Malda,46.85
29-09-2025 06:00,Karnataka,Udupi,40.14
25-01-2026 20:00,Karnataka,Bengaluru,54.15
21-06-2025 15:00,West Bengal,Kolkata,29.06
03-09-2025 14:00,Uttar Pradesh,Lucknow,42.61
03-02-2025 08:00,Tamil Nadu,Thanjavur,56.11
17-12-2025 23:00,Gujarat,Ahmedabad,23.22
17-11-2025 00:00,West Bengal,Malda,5.93
28-02-2025 13:00,Odisha,Balasore,48.57
15-08-2025 07:00,Odisha,Bhubaneswar,39.39
03-01-2025 21:00,Uttar Pradesh,Prayagraj,63.75
02-02-2026 15:00,Gujarat,Vadodara,36.69
25-04-2025 23:00,Odisha,Bhubaneswar,64.93
12-12-2025 14:00,Karnataka,Mysuru,37.8
08-03-2025 02:00,Bihar,Gaya,36.32
05-10-2025 18:00,Assam,Barpeta,32.97
30-11-2025 22:00,Bihar,Gaya,25.59
14-02-2025 18:00,West Bengal,Darjeeling,104.02124999999998
08-05-2025 15:00,West Bengal,Darjeeling,57.05
28-09-2025 07:00,Bihar,Gaya,25.54
16-07-2025 01:00,Gujarat,Surat,35.39
13-01-2026 21:00,Uttar Pradesh,Prayagraj,29.46
19-04-2025 11:00,Gujarat,Bharuch,66.12
19-11-2025 10:00,Karnataka,Bengaluru,61.41
07-03-2025 19:00,West Bengal,Malda,41.14
30-07-2025 18:00,Assam,Jorhat,55.44
28-08-2025 17:00,Odisha,Balasore,8.44
28-05-2025 20:00,Odisha,Bhubaneswar,35.74
18-01-2025 01:00,Assam,Guwahati,15.8
20-06-2025 17:00,Kerala,Alappuzha,28.63
27-09-2025 05:00,Maharashtra,Mumbai,47.66
22-08-2025 09:00,Gujarat,Vadodara,51.57
06-08-2025 23:00,Uttar Pradesh,Varanasi,25.13
07-06-2025 09:00,Uttar Pradesh,Prayagraj,34.93
24-04-2025 14:00,Gujarat,Surat,29.75
20-01-2025 21:00,Uttar Pradesh,Gorakhpur,57.03
25-02-2025 09:00,Odisha,Balasore,26.13
18-06-2025 03:00,Tamil Nadu,Madurai,95.81
06-02-2026 18:00,Assam,Dhemaji,70.4
16-03-2025 01:00,Maharashtra,Nagpur,36.97
12-09-2025 00:00,Karnataka,Mysuru,12.17
01-02-2025 07:00,Kerala,Thrissur,41.14
30-08-2025 08:00,Karnataka,Udupi,53.18
19-06-2025 04:00,Karnataka,Udupi,17.23
12-01-2026 17:00,Gujarat,Ahmedabad,35.35
09-09-2025 06:00,Karnataka,Mangaluru,28.87
03-09-2025 18:00,West Bengal,Howrah,28.48
25-01-2026 02:00,West Bengal,Malda,12.71
17-01-2026 16:00,Karnataka,Udupi,6.35
21-02-2026 12:00,Gujarat,Surat,73.02
03-08-2025 15:00,Bihar,Patna,44.47
20-01-2025 12:00,Karnataka,Udupi,95.62
06-03-2025 09:00,West Bengal,Darjeeling,76.83
20-09-2025 23:00,Uttar Pradesh,Lucknow,14.41
22-04-2025 19:00,Bihar,Gaya,32.5
09-01-2026 14:00,Tamil Nadu,Madurai,103.03
15-09-2025 13:00,Gujarat,Rajkot,20.04
12-02-2025 17:00,Uttar Pradesh,Gorakhpur,10.23
02-08-2025 00:00,West Bengal,Howrah,15.38
23-12-2025 18:00,Tamil Nadu,Coimbatore,28.34
12-08-2025 16:00,Gujarat,Vadodara,32.02
09-04-2025 02:00,West Bengal,Kolkata,41.94
31-10-2025 06:00,Maharashtra,Nashik,34.13
31-05-2025 02:00,Tamil Nadu,Coimbatore,54.74
02-02-2025 05:00,Bihar,Gaya,31.21
10-10-2025 05:00,Karnataka,Bengaluru,18.58
03-01-2026 01:00,Gujarat,Bharuch,54.3
21-05-2025 22:00,Maharashtra,Mumbai,16.93
27-01-2025 17:00,West Bengal,Murshidabad,32.88
26-06-2025 09:00,Kerala,Kozhikode,19.8
08-06-2025 23:00,Assam,Dhemaji,47.47
21-06-2025 00:00,West Bengal,Howrah,98.85
18-02-2026 13:00,Odisha,Puri,43.49
16-02-2025 04:00,Odisha,Balasore,27.01
27-05-2025 23:00,Karnataka,Bengaluru,35.66
26-05-2025 15:00,Maharashtra,Mumbai,31.42
01-03-2025 04:00,West Bengal,Howrah,34.46
16-10-2025 11:00,West Bengal,Kolkata,22.43
11-06-2025 17:00,West Bengal,Malda,39.49
15-12-2025 01:00,West Bengal,Darjeeling,38.6
18-09-2025 05:00,Maharashtra,Pune,37.64
25-07-2025 18:00,Kerala,Thrissur,69.82
11-10-2025 06:00,Kerala,Kozhikode,57.35
22-11-2025 12:00,West Bengal,Malda,104.02124999999998
12-03-2025 00:00,Karnataka,Mangaluru,47.82
07-10-2025 19:00,Assam,Guwahati,10.85
27-01-2025 09:00,Kerala,Thrissur,34.18
18-04-2025 01:00,Gujarat,Vadodara,27.02
03-11-2025 15:00,Bihar,Patna,48.06
01-04-2025 06:00,Kerala,Kochi,104.02124999999998
07-12-2025 09:00,Odisha,Balasore,9.83
04-01-2026 13:00,Uttar Pradesh,Prayagraj,22.95
28-04-2025 17:00,Uttar Pradesh,Varanasi,28.65
20-06-2025 07:00,West Bengal,Murshidabad,54.25
18-09-2025 03:00,West Bengal,Malda,22.26
15-12-2025 12:00,Odisha,Cuttack,33.79
14-06-2025 05:00,Karnataka,Mysuru,48.64
18-01-2026 11:00,Tamil Nadu,Tiruppur,10.52
03-12-2025 11:00,Kerala,Kochi,19.69
19-01-2026 03:00,Gujarat,Surat,100.69
22-06-2025 00:00,Odisha,Cuttack,64.86
18-02-2025 20:00,Tamil Nadu,Madurai,46.74
28-12-2025 04:00,Maharashtra,Mumbai,29.38
25-06-2025 22:00,Gujarat,Surat,39.43
21-07-2025 10:00,Tamil Nadu,Madurai,14.98
18-04-2025 08:00,Assam,Guwahati,21.61
24-03-2025 21:00,Odisha,Kendrapara,23.0
18-10-2025 13:00,Uttar Pradesh,Kanpur,29.18
01-09-2025 04:00,Maharashtra,Nagpur,34.63
08-07-2025 20:00,Odisha,Kendrapara,35.54
14-05-2025 17:00,Bihar,Bhagalpur,17.02
10-06-2025 15:00,Assam,Dibrugarh,54.94
20-04-2025 12:00,West Bengal,Murshidabad,92.93
22-11-2025 03:00,Gujarat,Bharuch,26.96
28-02-2025 18:00,Gujarat,Ahmedabad,41.17
11-12-2025 01:00,Maharashtra,Nashik,31.0
04-11-2025 18:00,Kerala,Alappuzha,76.85
29-06-2025 07:00,Karnataka,Udupi,57.59
09-10-2025 06:00,Tamil Nadu,Thanjavur,104.02124999999998
01-10-2025 03:00,Maharashtra,Kolhapur,84.5
03-02-2025 23:00,Kerala,Kozhikode,104.02124999999998
11-04-2025 04:00,Tamil Nadu,Madurai,46.57
13-08-2025 21:00,Assam,Dibrugarh,5.46
19-02-2026 20:00,Odisha,Cuttack,23.49
30-03-2025 19:00,Uttar Pradesh,Lucknow,93.82
16-03-2025 21:00,Uttar Pradesh,Gorakhpur,47.99
09-05-2025 18:00,Karnataka,Bengaluru,31.21
24-06-2025 08:00,Karnataka,Udupi,19.64
10-07-2025 04:00,Kerala,Kozhikode,54.57
29-07-2025 14:00,West Bengal,Darjeeling,6.54
02-12-2025 08:00,Bihar,Darbhanga,9.8
06-01-2025 02:00,Karnataka,Kodagu,43.51
08-01-2025 11:00,West Bengal,Malda,33.89
21-01-2026 10:00,Odisha,Kendrapara,39.2
04-12-2025 07:00,Karnataka,Bengaluru,24.32
25-09-2025 21:00,West Bengal,Darjeeling,50.85
10-02-2026 17:00,Uttar Pradesh,Prayagraj,68.35
28-07-2025 00:00,Assam,Dhemaji,101.89
18-02-2025 05:00,Assam,Guwahati,47.88
11-01-2026 03:00,Gujarat,Rajkot,8.98
05-03-2025 20:00,Uttar Pradesh,Gorakhpur,26.37
10-01-2026 16:00,Odisha,Cuttack,13.33
24-11-2025 11:00,Uttar Pradesh,Lucknow,85.91
15-01-2026 14:00,Gujarat,Surat,36.22
05-03-2025 23:00,Maharashtra,Nagpur,27.2
21-01-2026 19:00,Bihar,Gaya,38.52
18-08-2025 21:00,Odisha,Bhubaneswar,20.78
19-04-2025 13:00,Assam,Barpeta,69.76
13-09-2025 07:00,Bihar,Muzaffarpur,59.03
16-01-2026 21:00,Assam,Dibrugarh,34.36
07-11-2025 18:00,Uttar Pradesh,Varanasi,28.7
01-04-2025 17:00,Tamil Nadu,Thanjavur,23.07
29-11-2025 22:00,Odisha,Kendrapara,43.08
08-04-2025 23:00,Bihar,Darbhanga,29.09
18-01-2026 09:00,Assam,Guwahati,23.03
26-05-2025 22:00,Kerala,Thrissur,8.7
30-03-2025 22:00,West Bengal,Howrah,75.68
03-03-2025 16:00,Odisha,Balasore,12.77
27-04-2025 09:00,Bihar,Patna,16.29
21-07-2025 19:00,Maharashtra,Kolhapur,29.79
12-02-2026 12:00,West Bengal,Howrah,30.29
18-02-2026 22:00,Uttar Pradesh,Gorakhpur,13.91
18-07-2025 10:00,Assam,Guwahati,14.4
27-10-2025 15:00,Assam,Jorhat,47.55
09-09-2025 17:00,West Bengal,Kolkata,18.39
06-02-2026 12:00,Kerala,Kochi,66.13
24-05-2025 13:00,Uttar Pradesh,Varanasi,7.7
06-12-2025 13:00,Kerala,Kozhikode,50.82
20-11-2025 13:00,Karnataka,Bengaluru,39.45
31-05-2025 20:00,Assam,Jorhat,22.01
23-03-2025 08:00,Uttar Pradesh,Varanasi,8.67
24-01-2025 03:00,Maharashtra,Mumbai,68.18
27-06-2025 16:00,Gujarat,Ahmedabad,33.59
18-02-2025 11:00,Karnataka,Kodagu,5.46
08-03-2025 00:00,Assam,Guwahati,35.56
14-09-2025 07:00,Maharashtra,Mumbai,15.43
10-02-2026 00:00,Assam,Dhemaji,57.3
01-09-2025 05:00,Odisha,Bhubaneswar,43.41
08-08-2025 05:00,West Bengal,Malda,26.26
07-08-2025 07:00,West Bengal,Murshidabad,24.87
26-11-2025 17:00,Kerala,Kochi,31.8
17-01-2026 18:00,Kerala,Kochi,71.48
08-03-2025 14:00,Bihar,Darbhanga,104.02124999999998
27-10-2025 06:00,Gujarat,Bharuch,73.14
13-01-2025 12:00,Assam,Dibrugarh,36.51
07-02-2026 12:00,Uttar Pradesh,Gorakhpur,8.25
17-10-2025 11:00,Odisha,Puri,11.64
08-06-2025 02:00,Kerala,Alappuzha,9.83
10-07-2025 12:00,Uttar Pradesh,Lucknow,49.43
30-06-2025 15:00,Maharashtra,Nashik,30.31
30-04-2025 02:00,West Bengal,Kolkata,21.18
26-08-2025 06:00,Uttar Pradesh,Gorakhpur,24.18
11-05-2025 22:00,Karnataka,Mysuru,102.14
26-02-2025 15:00,Tamil Nadu,Tiruppur,22.53
08-07-2025 21:00,Bihar,Muzaffarpur,25.72
11-02-2026 05:00,Uttar Pradesh,Varanasi,27.66
25-08-2025 23:00,Kerala,Thrissur,13.06
21-01-2025 06:00,Tamil Nadu,Chennai,19.86
23-11-2025 12:00,Kerala,Alappuzha,44.38
03-02-2026 02:00,Kerala,Kottayam,37.45
03-09-2025 20:00,West Bengal,Malda,55.0
05-12-2025 04:00,West Bengal,Murshidabad,45.86
03-11-2025 18:00,Kerala,Kottayam,26.12
18-02-2025 00:00,Kerala,Kottayam,38.25
13-08-2025 06:00,Odisha,Puri,17.62
10-02-2026 21:00,West Bengal,Murshidabad,11.71
15-08-2025 00:00,Kerala,Kochi,79.91
02-01-2026 23:00,Karnataka,Mangaluru,12.08
05-08-2025 02:00,Karnataka,Udupi,16.41
17-12-2025 09:00,Karnataka,Mysuru,48.15
15-09-2025 21:00,Maharashtra,Nagpur,17.27
09-02-2026 06:00,Odisha,Kendrapara,54.8
11-12-2025 13:00,Maharashtra,Kolhapur,22.47
10-08-2025 10:00,Bihar,Muzaffarpur,16.37
17-02-2026 15:00,Uttar Pradesh,Gorakhpur,51.75
28-01-2025 17:00,Assam,Guwahati,46.36
20-05-2025 17:00,Odisha,Kendrapara,19.45
04-01-2026 19:00,Tamil Nadu,Tiruppur,73.14
02-12-2025 21:00,Gujarat,Surat,68.42
27-01-2025 18:00,Tamil Nadu,Tiruppur,83.97
21-01-2026 02:00,Assam,Dibrugarh,104.02124999999998
08-01-2025 08:00,Tamil Nadu,Coimbatore,76.79
25-09-2025 23:00,Karnataka,Udupi,41.82
17-02-2026 22:00,West Bengal,Murshidabad,7.53
24-05-2025 06:00,Odisha,Balasore,21.97
02-02-2025 18:00,Odisha,Puri,48.82
24-09-2025 07:00,Karnataka,Mysuru,10.05
13-01-2026 17:00,Uttar Pradesh,Lucknow,104.02124999999998
18-02-2026 15:00,Bihar,Darbhanga,68.3
14-05-2025 10:00,Tamil Nadu,Coimbatore,62.84
20-07-2025 03:00,Tamil Nadu,Chennai,65.35
23-11-2025 11:00,Gujarat,Bharuch,46.84
27-11-2025 20:00,Tamil Nadu,Tiruppur,38.13
04-01-2025 19:00,Tamil Nadu,Coimbatore,19.65
29-08-2025 02:00,Maharashtra,Kolhapur,57.16
12-01-2026 03:00,West Bengal,Murshidabad,58.81
01-02-2026 00:00,Bihar,Muzaffarpur,49.88
10-12-2025 05:00,Maharashtra,Pune,2.6
24-03-2025 03:00,Kerala,Kottayam,11.87
02-05-2025 01:00,Tamil Nadu,Tiruppur,29.23
23-01-2025 02:00,Odisha,Cuttack,76.14
01-06-2025 11:00,Maharashtra,Pune,22.33
11-02-2025 12:00,Gujarat,Surat,54.53
01-09-2025 20:00,Odisha,Kendrapara,60.3
26-06-2025 02:00,Gujarat,Surat,46.11
23-08-2025 00:00,West Bengal,Murshidabad,69.58
07-04-2025 08:00,Odisha,Bhubaneswar,3.18
31-03-2025 18:00,Kerala,Kottayam,9.56
10-08-2025 13:00,West Bengal,Kolkata,33.74
01-03-2025 11:00,Uttar Pradesh,Kanpur,99.73
26-12-2025 14:00,Karnataka,Kodagu,18.16
09-09-2025 08:00,Gujarat,Vadodara,23.54
03-07-2025 23:00,Odisha,Cuttack,20.19
03-01-2026 10:00,Karnataka,Mysuru,63.19
09-05-2025 13:00,Tamil Nadu,Chennai,25.28
21-11-2025 22:00,Odisha,Balasore,46.21
17-01-2026 09:00,Tamil Nadu,Chennai,50.2
09-12-2025 01:00,Odisha,Bhubaneswar,4.64
03-02-2026 21:00,Karnataka,Bengaluru,32.81
02-02-2026 06:00,Assam,Jorhat,68.45
21-01-2025 15:00,Tamil Nadu,Madurai,78.92
06-06-2025 05:00,West Bengal,Darjeeling,62.9
07-04-2025 17:00,Kerala,Alappuzha,42.82
27-06-2025 19:00,Tamil Nadu,Tiruppur,104.02124999999998
22-05-2025 21:00,Tamil Nadu,Coimbatore,31.62
07-01-2025 07:00,Odisha,Balasore,14.89
04-11-2025 01:00,Karnataka,Bengaluru,56.07
29-01-2025 22:00,Tamil Nadu,Coimbatore,42.93
04-07-2025 01:00,Odisha,Kendrapara,4.2
26-08-2025 09:00,Assam,Jorhat,22.6
14-03-2025 10:00,Uttar Pradesh,Kanpur,14.47
06-05-2025 01:00,Uttar Pradesh,Varanasi,19.69
07-01-2025 23:00,Maharashtra,Nashik,57.04
12-09-2025 15:00,Gujarat,Surat,49.08
12-07-2025 14:00,West Bengal,Murshidabad,42.61
30-04-2025 09:00,Assam,Dhemaji,100.0
23-12-2025 00:00,Maharashtra,Nagpur,18.01
15-07-2025 22:00,Karnataka,Bengaluru,12.16
01-05-2025 03:00,Tamil Nadu,Chennai,34.99
07-05-2025 07:00,Assam,Dibrugarh,30.25
07-12-2025 23:00,Odisha,Kendrapara,6.13
10-01-2026 04:00,West Bengal,Darjeeling,11.85
22-12-2025 08:00,Maharashtra,Mumbai,104.02124999999998
25-08-2025 17:00,Maharashtra,Nagpur,22.03
28-10-2025 09:00,Gujarat,Ahmedabad,50.59
07-09-2025 15:00,Tamil Nadu,Chennai,44.25
05-04-2025 20:00,Karnataka,Kodagu,104.02124999999998
25-10-2025 04:00,Tamil Nadu,Thanjavur,37.92
26-08-2025 17:00,Maharashtra,Nashik,24.45
30-11-2025 06:00,Kerala,Thrissur,34.24
09-08-2025 12:00,Maharashtra,Kolhapur,104.02124999999998
29-06-2025 08:00,West Bengal,Howrah,57.31
07-11-2025 05:00,Karnataka,Kodagu,60.17
18-01-2025 20:00,Maharashtra,Nagpur,37.46
22-10-2025 12:00,Odisha,Kendrapara,46.19
23-09-2025 04:00,Bihar,Bhagalpur,43.74
25-06-2025 15:00,Gujarat,Ahmedabad,11.21
18-01-2025 18:00,West Bengal,Darjeeling,37.17
03-04-2025 15:00,Tamil Nadu,Madurai,30.22
05-01-2025 04:00,Kerala,Kottayam,7.86
21-01-2026 04:00,Kerala,Kozhikode,39.2
18-05-2025 19:00,Uttar Pradesh,Prayagraj,13.34
26-04-2025 02:00,Gujarat,Rajkot,15.3
02-09-2025 01:00,West Bengal,Malda,36.18
17-07-2025 10:00,Assam,Barpeta,40.02
23-10-2025 12:00,Kerala,Alappuzha,94.79
06-02-2026 08:00,Kerala,Thrissur,32.68
17-05-2025 22:00,Uttar Pradesh,Varanasi,42.7
18-11-2025 08:00,Assam,Guwahati,31.04
24-11-2025 20:00,Gujarat,Ahmedabad,17.9
10-09-2025 19:00,Karnataka,Udupi,44.57
20-01-2026 19:00,Tamil Nadu,Coimbatore,53.98
30-05-2025 01:00,Odisha,Kendrapara,6.4
03-03-2025 01:00,Uttar Pradesh,Lucknow,15.47
16-11-2025 19:00,West Bengal,Malda,15.42
04-04-2025 02:00,Karnataka,Mangaluru,36.35
14-03-2025 16:00,Tamil Nadu,Chennai,4.45
11-02-2026 10:00,Odisha,Cuttack,46.38
11-09-2025 22:00,Karnataka,Mysuru,11.29
01-01-2026 21:00,Tamil Nadu,Coimbatore,22.36
27-01-2026 17:00,Kerala,Kochi,16.2
15-12-2025 19:00,Bihar,Darbhanga,29.79
29-07-2025 11:00,Odisha,Balasore,30.83
20-01-2026 18:00,Bihar,Bhagalpur,31.85
14-06-2025 08:00,Uttar Pradesh,Lucknow,16.04
13-10-2025 22:00,Tamil Nadu,Madurai,41.37
11-08-2025 22:00,Tamil Nadu,Tiruppur,21.05
28-01-2026 14:00,Odisha,Cuttack,16.97
30-03-2025 09:00,Uttar Pradesh,Prayagraj,22.25
27-07-2025 04:00,Gujarat,Ahmedabad,100.91
24-12-2025 08:00,Uttar Pradesh,Kanpur,37.58
07-06-2025 16:00,Assam,Dibrugarh,13.76
14-10-2025 08:00,Kerala,Alappuzha,13.55
08-02-2025 04:00,Karnataka,Kodagu,41.59
27-01-2026 10:00,Assam,Guwahati,27.76
30-10-2025 04:00,Uttar Pradesh,Gorakhpur,11.11
30-11-2025 20:00,Uttar Pradesh,Prayagraj,1.98
31-08-2025 13:00,Assam,Dibrugarh,54.71
03-07-2025 11:00,Uttar Pradesh,Lucknow,74.49
22-07-2025 15:00,Karnataka,Bengaluru,17.41
21-12-2025 19:00,Karnataka,Bengaluru,51.23
14-08-2025 22:00,Maharashtra,Mumbai,22.63
19-11-2025 05:00,West Bengal,Darjeeling,80.95
20-02-2025 03:00,Odisha,Puri,19.32
07-06-2025 00:00,Bihar,Bhagalpur,12.59
12-08-2025 05:00,Karnataka,Mysuru,59.84
10-06-2025 12:00,Kerala,Kochi,20.27
22-03-2025 06:00,Uttar Pradesh,Gorakhpur,55.13
10-05-2025 18:00,Bihar,Muzaffarpur,29.88
21-04-2025 01:00,Bihar,Patna,9.36
15-11-2025 07:00,Maharashtra,Mumbai,20.76
03-11-2025 16:00,Gujarat,Vadodara,31.42
07-12-2025 22:00,Assam,Dibrugarh,49.82
14-11-2025 02:00,Tamil Nadu,Madurai,36.19
24-04-2025 16:00,Bihar,Bhagalpur,39.91
04-02-2026 21:00,Uttar Pradesh,Gorakhpur,47.32
27-07-2025 17:00,Maharashtra,Nashik,13.18
13-10-2025 06:00,West Bengal,Kolkata,39.5
17-11-2025 18:00,Karnataka,Udupi,16.25
17-06-2025 04:00,Maharashtra,Nagpur,39.52
20-04-2025 10:00,Maharashtra,Nashik,86.02
29-10-2025 14:00,Gujarat,Vadodara,12.96
10-12-2025 23:00,Maharashtra,Pune,17.12
03-02-2026 13:00,Tamil Nadu,Thanjavur,57.67
03-02-2025 13:00,Tamil Nadu,Thanjavur,38.46
13-07-2025 02:00,Tamil Nadu,Coimbatore,38.25
07-08-2025 15:00,Gujarat,Ahmedabad,12.56
20-08-2025 22:00,Odisha,Kendrapara,29.46
28-08-2025 03:00,Karnataka,Bengaluru,30.76
03-08-2025 07:00,Assam,Dhemaji,41.38
11-12-2025 09:00,Odisha,Balasore,104.02124999999998
05-07-2025 19:00,Odisha,Puri,21.1
21-02-2025 18:00,Bihar,Darbhanga,51.56
17-10-2025 09:00,Gujarat,Surat,19.32
28-08-2025 04:00,West Bengal,Kolkata,3.04
10-08-2025 21:00,Uttar Pradesh,Varanasi,46.66
23-01-2025 19:00,Kerala,Kochi,59.71
06-05-2025 22:00,Maharashtra,Nashik,8.96
29-08-2025 01:00,Kerala,Kottayam,67.89
17-06-2025 23:00,Karnataka,Udupi,73.95
02-01-2025 02:00,Gujarat,Bharuch,62.38
26-07-2025 08:00,Karnataka,Bengaluru,31.8
03-08-2025 16:00,West Bengal,Malda,37.08
15-04-2025 12:00,Gujarat,Surat,72.29
01-03-2025 17:00,Kerala,Kottayam,37.95
18-04-2025 14:00,Maharashtra,Mumbai,10.02
24-02-2025 06:00,Assam,Dhemaji,38.98
31-08-2025 04:00,Gujarat,Vadodara,78.59
03-11-2025 05:00,Uttar Pradesh,Gorakhpur,25.69
09-08-2025 01:00,West Bengal,Kolkata,3.88
12-09-2025 18:00,Assam,Jorhat,8.25
20-02-2025 21:00,West Bengal,Howrah,32.14
06-11-2025 19:00,Gujarat,Rajkot,20.14
17-04-2025 04:00,Kerala,Kozhikode,26.04
01-02-2025 06:00,Assam,Jorhat,32.48
19-01-2025 05:00,Assam,Guwahati,8.05
02-07-2025 03:00,Odisha,Puri,21.43
05-07-2025 08:00,Tamil Nadu,Madurai,30.89
29-04-2025 15:00,Uttar Pradesh,Kanpur,6.68
18-02-2025 21:00,Kerala,Kochi,40.55
09-11-2025 07:00,Uttar Pradesh,Lucknow,93.54
23-04-2025 11:00,Gujarat,Surat,22.88
17-02-2026 00:00,Maharashtra,Nagpur,34.13
01-02-2026 02:00,Uttar Pradesh,Gorakhpur,53.01
24-09-2025 11:00,Kerala,Kochi,17.09
14-04-2025 09:00,Gujarat,Surat,21.89
16-08-2025 08:00,West Bengal,Malda,35.39
18-12-2025 20:00,Maharashtra,Nashik,45.35
23-04-2025 18:00,Uttar Pradesh,Kanpur,44.44
14-07-2025 05:00,Uttar Pradesh,Gorakhpur,11.92
14-01-2025 14:00,Tamil Nadu,Madurai,26.55
13-02-2025 07:00,Gujarat,Vadodara,12.41
20-04-2025 21:00,Gujarat,Surat,29.74
29-07-2025 06:00,West Bengal,Howrah,26.63
15-04-2025 03:00,Assam,Barpeta,90.69
11-02-2025 20:00,Assam,Dhemaji,44.5
30-04-2025 05:00,Gujarat,Vadodara,18.32
15-05-2025 17:00,Gujarat,Bharuch,62.31
19-03-2025 22:00,Gujarat,Bharuch,5.87
26-06-2025 21:00,Uttar Pradesh,Prayagraj,48.91
16-10-2025 15:00,Uttar Pradesh,Kanpur,20.03
16-12-2025 09:00,Assam,Barpeta,14.8
23-01-2025 06:00,Odisha,Puri,78.63
14-02-2026 11:00,Karnataka,Udupi,53.75
25-10-2025 20:00,Assam,Dhemaji,20.78
03-11-2025 21:00,Uttar Pradesh,Gorakhpur,9.27
25-01-2025 09:00,West Bengal,Malda,23.17
18-02-2026 02:00,Karnataka,Udupi,28.76
07-05-2025 11:00,Maharashtra,Nashik,61.9
04-07-2025 12:00,Kerala,Kozhikode,16.9
20-06-2025 09:00,Tamil Nadu,Madurai,17.67
12-03-2025 23:00,Kerala,Kottayam,11.93
28-06-2025 23:00,Karnataka,Bengaluru,4.38
27-08-2025 07:00,Odisha,Puri,55.97
21-01-2025 11:00,Odisha,Puri,36.24
15-10-2025 11:00,Odisha,Bhubaneswar,41.08
01-07-2025 09:00,Uttar Pradesh,Kanpur,87.33
29-04-2025 04:00,Tamil Nadu,Madurai,71.32
05-04-2025 10:00,Tamil Nadu,Chennai,18.7
18-11-2025 14:00,Maharashtra,Nashik,39.44
01-02-2026 19:00,Uttar Pradesh,Varanasi,13.76
01-12-2025 06:00,Uttar Pradesh,Lucknow,104.02124999999998
16-07-2025 03:00,Odisha,Bhubaneswar,50.31
15-02-2026 03:00,Karnataka,Bengaluru,21.38
01-05-2025 20:00,Karnataka,Mangaluru,104.02124999999998
05-02-2026 18:00,Maharashtra,Nashik,38.5
03-05-2025 16:00,Assam,Barpeta,17.78
21-03-2025 20:00,Maharashtra,Kolhapur,21.16
13-05-2025 17:00,Assam,Dhemaji,62.55
26-12-2025 10:00,Gujarat,Bharuch,55.36
29-01-2026 02:00,Kerala,Kozhikode,19.19
30-10-2025 07:00,Gujarat,Surat,38.31
26-06-2025 22:00,Karnataka,Kodagu,36.0
25-12-2025 23:00,Kerala,Kozhikode,33.57
03-08-2025 10:00,Kerala,Alappuzha,64.55
23-12-2025 21:00,Karnataka,Udupi,104.02124999999998
15-04-2025 22:00,West Bengal,Murshidabad,77.58
17-01-2025 13:00,West Bengal,Howrah,71.52
24-02-2025 21:00,Kerala,Kochi,3.57
10-07-2025 00:00,Tamil Nadu,Tiruppur,31.01
06-01-2025 01:00,Gujarat,Rajkot,37.97
13-04-2025 01:00,Bihar,Bhagalpur,6.24
04-01-2026 23:00,Assam,Barpeta,43.97
04-12-2025 20:00,Tamil Nadu,Madurai,35.89
07-03-2025 06:00,Odisha,Puri,36.09
24-03-2025 16:00,Assam,Dhemaji,65.9
30-06-2025 13:00,Assam,Dhemaji,60.27
26-11-2025 14:00,Bihar,Gaya,32.61
22-01-2026 22:00,Bihar,Patna,9.67
13-06-2025 06:00,Tamil Nadu,Thanjavur,42.6
01-04-2025 13:00,Assam,Dhemaji,38.95
17-05-2025 19:00,Kerala,Kottayam,24.91
20-12-2025 23:00,Uttar Pradesh,Lucknow,32.49
24-12-2025 16:00,Uttar Pradesh,Kanpur,46.03
08-04-2025 05:00,West Bengal,Howrah,9.8
24-01-2025 21:00,Bihar,Patna,19.73
02-06-2025 12:00,Karnataka,Kodagu,59.22
14-01-2026 03:00,Maharashtra,Nashik,17.24
10-02-2025 21:00,Kerala,Kozhikode,16.62
26-01-2026 10:00,West Bengal,Howrah,23.29
28-02-2025 15:00,Uttar Pradesh,Gorakhpur,29.49
23-01-2025 07:00,Kerala,Kottayam,28.24
29-06-2025 19:00,Assam,Guwahati,62.54
11-07-2025 14:00,West Bengal,Kolkata,31.57
26-12-2025 06:00,Odisha,Balasore,21.09
31-12-2025 22:00,West Bengal,Malda,37.42
01-03-2025 18:00,Gujarat,Rajkot,48.14
19-10-2025 10:00,Karnataka,Mangaluru,12.69
18-04-2025 11:00,Tamil Nadu,Tiruppur,26.6
27-01-2026 19:00,Assam,Dibrugarh,27.97
17-05-2025 05:00,Maharashtra,Pune,12.93
03-02-2026 01:00,Tamil Nadu,Tiruppur,94.85
09-06-2025 22:00,Odisha,Cuttack,32.16
19-03-2025 19:00,Uttar Pradesh,Varanasi,17.25
02-03-2025 14:00,Karnataka,Kodagu,25.49
16-03-2025 10:00,Tamil Nadu,Coimbatore,44.46
18-02-2026 00:00,Assam,Dhemaji,28.44
23-10-2025 15:00,Assam,Guwahati,59.33
16-04-2025 01:00,Uttar Pradesh,Kanpur,21.86
04-07-2025 23:00,Bihar,Gaya,6.83
17-03-2025 20:00,Odisha,Balasore,72.2
22-08-2025 23:00,Uttar Pradesh,Kanpur,17.98
03-05-2025 01:00,Odisha,Puri,29.2
03-01-2025 03:00,Tamil Nadu,Madurai,24.71
16-07-2025 22:00,Assam,Jorhat,37.19
27-08-2025 04:00,Gujarat,Bharuch,33.67
16-08-2025 17:00,Karnataka,Kodagu,17.9
20-01-2025 13:00,Uttar Pradesh,Gorakhpur,73.0
20-04-2025 13:00,Bihar,Gaya,14.95
29-09-2025 09:00,Gujarat,Surat,34.59
08-11-2025 03:00,Karnataka,Kodagu,48.28
14-06-2025 09:00,Uttar Pradesh,Kanpur,55.85
16-09-2025 12:00,Gujarat,Bharuch,16.73
27-06-2025 14:00,Bihar,Muzaffarpur,42.89
19-03-2025 10:00,Kerala,Alappuzha,21.8
02-02-2026 04:00,Uttar Pradesh,Gorakhpur,64.7
06-02-2025 01:00,West Bengal,Murshidabad,36.78
24-09-2025 06:00,Maharashtra,Nagpur,50.75
28-10-2025 12:00,Karnataka,Bengaluru,44.75
25-07-2025 01:00,Odisha,Cuttack,102.93
04-12-2025 13:00,Bihar,Patna,24.56
19-07-2025 16:00,Uttar Pradesh,Lucknow,22.39
04-01-2026 22:00,Bihar,Darbhanga,91.21
18-09-2025 10:00,Odisha,Kendrapara,4.97
05-09-2025 08:00,Odisha,Balasore,31.92
18-01-2025 17:00,Gujarat,Rajkot,58.14
08-01-2025 20:00,West Bengal,Howrah,10.57
23-08-2025 13:00,Kerala,Thrissur,24.36
01-07-2025 15:00,Odisha,Balasore,74.5
10-01-2025 12:00,Gujarat,Bharuch,45.97
20-11-2025 05:00,Karnataka,Mangaluru,38.15
16-11-2025 21:00,Gujarat,Rajkot,76.5
25-04-2025 05:00,West Bengal,Murshidabad,104.02124999999998
13-02-2025 09:00,Karnataka,Udupi,26.73
19-06-2025 19:00,Assam,Guwahati,77.95
16-01-2026 20:00,Tamil Nadu,Chennai,53.68
12-09-2025 22:00,Bihar,Darbhanga,61.9
15-10-2025 14:00,Gujarat,Bharuch,49.47
20-01-2025 15:00,Maharashtra,Nagpur,56.54
02-05-2025 17:00,Bihar,Muzaffarpur,45.98
21-03-2025 09:00,Assam,Dhemaji,32.32
05-01-2026 20:00,Kerala,Thrissur,55.94
03-02-2025 09:00,Odisha,Puri,32.51
03-03-2025 23:00,Uttar Pradesh,Kanpur,34.04
18-12-2025 17:00,Maharashtra,Pune,34.43
10-01-2025 11:00,Odisha,Bhubaneswar,104.02124999999998
25-11-2025 18:00,Kerala,Thrissur,74.81
17-02-2025 00:00,Bihar,Patna,65.32
31-07-2025 06:00,Odisha,Puri,61.83
17-01-2026 22:00,Maharashtra,Pune,64.75
03-04-2025 00:00,Gujarat,Bharuch,104.02124999999998
30-11-2025 01:00,Gujarat,Ahmedabad,14.67
15-02-2026 02:00,Uttar Pradesh,Prayagraj,76.58
01-10-2025 07:00,Odisha,Puri,22.04
18-02-2026 09:00,Tamil Nadu,Coimbatore,31.44
12-05-2025 09:00,Odisha,Kendrapara,6.47
05-07-2025 01:00,Bihar,Patna,29.3
09-11-2025 17:00,Maharashtra,Kolhapur,65.21
09-01-2026 05:00,West Bengal,Darjeeling,35.94
16-09-2025 23:00,Kerala,Alappuzha,15.41
04-02-2026 22:00,Uttar Pradesh,Lucknow,18.23
31-03-2025 08:00,Uttar Pradesh,Kanpur,43.44
05-11-2025 19:00,West Bengal,Malda,37.67
08-01-2026 01:00,Assam,Dhemaji,36.55
09-04-2025 22:00,Odisha,Balasore,37.58
18-04-2025 09:00,Uttar Pradesh,Lucknow,94.86
10-03-2025 00:00,Bihar,Gaya,55.5
21-07-2025 08:00,Kerala,Thrissur,31.09
06-04-2025 18:00,Bihar,Patna,46.56
29-07-2025 17:00,Uttar Pradesh,Prayagraj,50.19
07-01-2025 12:00,Tamil Nadu,Madurai,65.73
02-12-2025 06:00,Tamil Nadu,Thanjavur,80.24
07-10-2025 10:00,Uttar Pradesh,Prayagraj,104.02124999999998
20-05-2025 13:00,Karnataka,Mysuru,43.08
30-04-2025 23:00,Bihar,Muzaffarpur,43.77
23-05-2025 05:00,West Bengal,Malda,41.81
20-11-2025 16:00,Kerala,Kochi,9.53
24-06-2025 13:00,Odisha,Balasore,51.2
05-02-2026 10:00,Kerala,Kochi,42.47
10-02-2026 14:00,Uttar Pradesh,Varanasi,22.79
30-10-2025 03:00,Kerala,Kozhikode,46.37
14-11-2025 05:00,Tamil Nadu,Tiruppur,23.56
16-10-2025 07:00,Tamil Nadu,Thanjavur,20.63
08-02-2026 09:00,Maharashtra,Nagpur,32.79
07-02-2026 23:00,Tamil Nadu,Chennai,44.72
19-07-2025 18:00,West Bengal,Howrah,67.67
24-08-2025 14:00,Odisha,Kendrapara,47.41
14-04-2025 23:00,Gujarat,Vadodara,60.42
01-11-2025 08:00,Uttar Pradesh,Gorakhpur,52.71
09-04-2025 20:00,Karnataka,Bengaluru,47.21
20-06-2025 11:00,Gujarat,Bharuch,22.39
30-01-2026 15:00,Kerala,Kottayam,19.94
25-05-2025 05:00,Odisha,Bhubaneswar,58.75
19-10-2025 22:00,Uttar Pradesh,Varanasi,61.18
13-08-2025 15:00,Kerala,Kottayam,24.44
26-10-2025 20:00,Assam,Dhemaji,15.87
26-08-2025 08:00,Karnataka,Bengaluru,14.01
25-08-2025 00:00,Gujarat,Bharuch,29.85
07-07-2025 15:00,Kerala,Kozhikode,42.11
17-04-2025 06:00,Odisha,Bhubaneswar,45.98
16-07-2025 11:00,West Bengal,Malda,34.04
05-02-2025 07:00,Maharashtra,Mumbai,28.17
20-05-2025 08:00,Tamil Nadu,Thanjavur,76.75
09-02-2025 02:00,Tamil Nadu,Madurai,12.93
21-07-2025 01:00,Gujarat,Bharuch,29.4
08-02-2026 21:00,Karnataka,Kodagu,62.76
05-01-2026 07:00,Kerala,Alappuzha,6.11
25-12-2025 18:00,Maharashtra,Nashik,15.47
12-08-2025 02:00,Karnataka,Mysuru,6.95
17-08-2025 05:00,Kerala,Alappuzha,39.17
10-02-2026 03:00,Bihar,Bhagalpur,15.58
01-02-2025 12:00,Tamil Nadu,Thanjavur,14.45
17-07-2025 22:00,Bihar,Muzaffarpur,15.41
21-04-2025 04:00,Tamil Nadu,Tiruppur,21.28
23-06-2025 10:00,Uttar Pradesh,Varanasi,34.53
27-12-2025 08:00,Kerala,Thrissur,38.73
12-05-2025 21:00,Uttar Pradesh,Kanpur,7.56
28-09-2025 17:00,Maharashtra,Pune,55.47
07-09-2025 11:00,Tamil Nadu,Madurai,34.21
11-06-2025 09:00,West Bengal,Malda,35.95
19-11-2025 23:00,Odisha,Kendrapara,47.27
29-09-2025 19:00,Assam,Barpeta,38.72
23-05-2025 10:00,Bihar,Patna,9.51
17-02-2026 16:00,Odisha,Kendrapara,104.02124999999998
27-03-2025 21:00,Maharashtra,Nashik,51.57
23-01-2025 21:00,Assam,Jorhat,35.74
05-07-2025 13:00,West Bengal,Murshidabad,18.27
28-04-2025 04:00,Bihar,Muzaffarpur,33.57
01-01-2026 17:00,Uttar Pradesh,Kanpur,13.19
10-01-2026 19:00,Assam,Jorhat,39.98
17-04-2025 05:00,Tamil Nadu,Madurai,10.71
10-09-2025 21:00,Odisha,Puri,78.0
13-05-2025 01:00,Tamil Nadu,Madurai,8.27
21-10-2025 22:00,Maharashtra,Pune,17.34
21-07-2025 04:00,Maharashtra,Pune,33.54
03-02-2026 18:00,Assam,Barpeta,65.98
22-02-2025 11:00,Tamil Nadu,Madurai,61.44
30-12-2025 00:00,Maharashtra,Pune,26.03
02-06-2025 13:00,Kerala,Alappuzha,44.21
27-11-2025 02:00,Bihar,Bhagalpur,104.02124999999998
12-02-2025 16:00,Odisha,Bhubaneswar,22.6
26-07-2025 21:00,Karnataka,Bengaluru,63.76
01-02-2025 08:00,Gujarat,Ahmedabad,16.81
14-06-2025 06:00,Bihar,Gaya,15.61
04-06-2025 14:00,Tamil Nadu,Madurai,5.49
20-02-2026 00:00,Odisha,Kendrapara,9.87
23-03-2025 07:00,Gujarat,Vadodara,11.79
21-09-2025 02:00,Bihar,Darbhanga,21.78
15-01-2025 15:00,West Bengal,Murshidabad,17.11
04-03-2025 23:00,Tamil Nadu,Madurai,87.45
21-07-2025 05:00,West Bengal,Darjeeling,8.5
05-02-2026 16:00,Tamil Nadu,Tiruppur,35.28
06-06-2025 02:00,Uttar Pradesh,Kanpur,45.79
30-08-2025 15:00,Bihar,Darbhanga,4.14
30-01-2025 05:00,West Bengal,Malda,88.11
03-06-2025 21:00,Assam,Jorhat,33.76
12-07-2025 06:00,Tamil Nadu,Coimbatore,14.78
28-10-2025 13:00,Uttar Pradesh,Lucknow,28.65
24-01-2025 09:00,West Bengal,Murshidabad,45.46
07-04-2025 14:00,Kerala,Kozhikode,32.75
10-05-2025 02:00,Assam,Guwahati,31.65
21-07-2025 14:00,Karnataka,Bengaluru,41.0
12-05-2025 06:00,West Bengal,Kolkata,45.67
22-08-2025 16:00,Assam,Barpeta,21.92
29-06-2025 03:00,Assam,Barpeta,24.29
12-07-2025 10:00,Bihar,Bhagalpur,86.19
19-06-2025 18:00,Uttar Pradesh,Prayagraj,12.17
16-06-2025 10:00,Kerala,Alappuzha,32.75
23-09-2025 13:00,Gujarat,Ahmedabad,48.7
14-09-2025 23:00,Kerala,Kozhikode,21.72
13-02-2025 15:00,Odisha,Balasore,5.95
03-05-2025 11:00,Assam,Barpeta,69.87
17-03-2025 08:00,Odisha,Puri,56.96
12-05-2025 22:00,Bihar,Muzaffarpur,31.76
18-01-2025 06:00,Maharashtra,Nagpur,13.73
25-02-2025 20:00,Odisha,Cuttack,23.36
26-01-2026 11:00,Odisha,Kendrapara,46.62
19-11-2025 12:00,Odisha,Puri,22.12
30-07-2025 20:00,Maharashtra,Kolhapur,40.91
13-07-2025 01:00,Bihar,Gaya,56.97
12-07-2025 01:00,Bihar,Gaya,15.86
03-11-2025 22:00,Tamil Nadu,Madurai,53.35
03-03-2025 05:00,Maharashtra,Pune,63.41
13-03-2025 06:00,Gujarat,Rajkot,51.99
19-09-2025 06:00,Bihar,Gaya,39.84
30-12-2025 20:00,Tamil Nadu,Chennai,104.02124999999998
05-04-2025 15:00,Uttar Pradesh,Kanpur,34.27
07-03-2025 23:00,Assam,Jorhat,52.57
28-02-2025 20:00,Gujarat,Rajkot,67.3
21-06-2025 07:00,Karnataka,Udupi,53.5
15-11-2025 20:00,Karnataka,Mysuru,52.33
06-10-2025 21:00,Tamil Nadu,Chennai,10.54
13-03-2025 18:00,Gujarat,Vadodara,97.62
26-03-2025 08:00,Odisha,Cuttack,34.13
03-04-2025 04:00,Tamil Nadu,Thanjavur,35.13
04-03-2025 19:00,West Bengal,Malda,11.94
20-04-2025 06:00,Odisha,Kendrapara,35.69
09-08-2025 10:00,West Bengal,Malda,50.6
16-01-2026 08:00,Odisha,Bhubaneswar,27.0
25-02-2025 01:00,Bihar,Bhagalpur,71.83
05-02-2025 02:00,Odisha,Cuttack,56.19
17-02-2025 18:00,Kerala,Thrissur,24.33
01-06-2025 00:00,Karnataka,Mysuru,59.56
28-06-2025 08:00,Bihar,Gaya,42.13
11-01-2026 10:00,Gujarat,Rajkot,21.94
10-01-2026 10:00,Assam,Jorhat,47.13
15-07-2025 01:00,Bihar,Darbhanga,22.74
20-01-2025 07:00,Bihar,Muzaffarpur,75.84
15-03-2025 02:00,Uttar Pradesh,Lucknow,21.71
14-06-2025 00:00,Assam,Jorhat,15.73
27-11-2025 13:00,Bihar,Darbhanga,4.95
30-01-2026 04:00,Tamil Nadu,Thanjavur,45.43
03-07-2025 09:00,Odisha,Kendrapara,104.02124999999998
15-07-2025 20:00,Gujarat,Bharuch,15.48
10-01-2026 15:00,Kerala,Thrissur,17.89
16-01-2025 18:00,Gujarat,Ahmedabad,25.75
10-05-2025 10:00,Maharashtra,Pune,33.71
09-12-2025 07:00,Kerala,Alappuzha,18.96
25-02-2025 15:00,Uttar Pradesh,Lucknow,104.02124999999998
20-02-2025 23:00,Karnataka,Kodagu,32.68
10-06-2025 08:00,Bihar,Darbhanga,52.03
24-04-2025 04:00,West Bengal,Darjeeling,104.02124999999998
12-10-2025 21:00,Maharashtra,Nashik,66.76
04-05-2025 00:00,Kerala,Kozhikode,60.99
26-02-2025 06:00,Assam,Dhemaji,85.99
15-02-2025 02:00,Karnataka,Mangaluru,57.45
26-09-2025 21:00,Uttar Pradesh,Prayagraj,16.36
17-03-2025 11:00,Assam,Dhemaji,69.85
21-06-2025 17:00,Kerala,Kozhikode,42.85
26-02-2025 07:00,Uttar Pradesh,Kanpur,24.52
22-11-2025 17:00,Assam,Guwahati,52.86
02-01-2026 12:00,Tamil Nadu,Coimbatore,37.94
20-03-2025 22:00,Uttar Pradesh,Gorakhpur,12.4
04-10-2025 15:00,Bihar,Darbhanga,18.72
24-01-2025 13:00,Gujarat,Surat,43.02
12-06-2025 15:00,Uttar Pradesh,Lucknow,46.78
23-10-2025 20:00,Maharashtra,Pune,11.02
03-06-2025 01:00,Uttar Pradesh,Prayagraj,30.66
01-07-2025 22:00,Tamil Nadu,Thanjavur,24.4
11-11-2025 09:00,Gujarat,Bharuch,48.65
20-02-2025 12:00,Uttar Pradesh,Prayagraj,27.94
19-02-2025 13:00,Assam,Guwahati,61.76
14-06-2025 19:00,Tamil Nadu,Madurai,61.42
07-02-2025 10:00,West Bengal,Murshidabad,98.29
19-07-2025 10:00,Odisha,Balasore,12.7
04-12-2025 04:00,West Bengal,Murshidabad,34.03
11-07-2025 18:00,Uttar Pradesh,Prayagraj,13.02
06-01-2026 16:00,Karnataka,Mysuru,59.12
24-05-2025 22:00,Kerala,Kochi,35.0
31-05-2025 09:00,Uttar Pradesh,Prayagraj,48.41
06-12-2025 21:00,Tamil Nadu,Madurai,15.84
01-01-2026 05:00,Kerala,Thrissur,15.54
08-02-2026 05:00,Odisha,Puri,96.34
12-11-2025 12:00,Tamil Nadu,Madurai,104.02124999999998
12-06-2025 21:00,Bihar,Bhagalpur,64.92
17-06-2025 20:00,Odisha,Cuttack,35.51
13-06-2025 19:00,Kerala,Kozhikode,104.02124999999998
08-04-2025 04:00,Kerala,Alappuzha,16.81
01-11-2025 06:00,Odisha,Cuttack,18.61
05-04-2025 06:00,Odisha,Kendrapara,66.39
21-01-2026 20:00,West Bengal,Darjeeling,47.42
29-08-2025 21:00,Karnataka,Udupi,18.35
19-04-2025 03:00,West Bengal,Darjeeling,62.09
28-10-2025 00:00,Uttar Pradesh,Prayagraj,16.32
30-05-2025 17:00,Tamil Nadu,Tiruppur,22.46
06-08-2025 08:00,Gujarat,Rajkot,23.73
12-02-2025 22:00,Bihar,Bhagalpur,12.53
06-11-2025 17:00,Kerala,Kochi,42.8
25-11-2025 05:00,Karnataka,Udupi,56.29
03-01-2026 15:00,Tamil Nadu,Thanjavur,37.43
10-12-2025 04:00,Tamil Nadu,Thanjavur,12.91
27-08-2025 21:00,Gujarat,Rajkot,55.2
13-08-2025 02:00,Odisha,Cuttack,29.6
20-11-2025 10:00,Kerala,Alappuzha,53.84
15-03-2025 03:00,Tamil Nadu,Thanjavur,22.89
03-11-2025 11:00,Assam,Barpeta,40.29
23-06-2025 09:00,Kerala,Kochi,22.85
10-01-2025 15:00,Tamil Nadu,Coimbatore,19.51
04-12-2025 16:00,Kerala,Kochi,60.09
05-01-2025 14:00,Tamil Nadu,Chennai,29.13
16-08-2025 09:00,Karnataka,Bengaluru,88.44
07-10-2025 12:00,Kerala,Kozhikode,20.61
15-04-2025 18:00,Tamil Nadu,Madurai,59.01
06-09-2025 09:00,Gujarat,Bharuch,79.33
28-06-2025 07:00,Uttar Pradesh,Kanpur,48.47
16-07-2025 16:00,Assam,Barpeta,21.66
02-05-2025 13:00,Gujarat,Vadodara,24.08
27-01-2026 06:00,Tamil Nadu,Madurai,39.16
05-05-2025 16:00,Tamil Nadu,Tiruppur,17.45
07-04-2025 13:00,Bihar,Darbhanga,32.54
21-07-2025 23:00,Bihar,Muzaffarpur,83.85
28-06-2025 20:00,Maharashtra,Mumbai,26.3
19-10-2025 07:00,Kerala,Thrissur,17.53
05-03-2025 03:00,Kerala,Kochi,62.27
10-01-2025 00:00,Bihar,Gaya,14.62
19-01-2026 21:00,Karnataka,Udupi,44.09
13-01-2026 13:00,West Bengal,Murshidabad,16.41
17-12-2025 17:00,Karnataka,Mangaluru,36.6
05-04-2025 07:00,Bihar,Muzaffarpur,37.32
10-08-2025 22:00,Gujarat,Ahmedabad,23.7
13-10-2025 00:00,Assam,Dhemaji,83.33
21-12-2025 02:00,Assam,Dhemaji,30.47
08-09-2025 10:00,Tamil Nadu,Madurai,75.24
07-02-2025 05:00,Assam,Dibrugarh,20.52
04-03-2025 02:00,Kerala,Alappuzha,18.89
06-05-2025 03:00,Assam,Dibrugarh,12.75
19-03-2025 02:00,Uttar Pradesh,Kanpur,29.91
05-08-2025 15:00,Kerala,Alappuzha,22.98
23-09-2025 20:00,Odisha,Puri,33.98
14-01-2025 12:00,Kerala,Kozhikode,78.56
20-02-2025 15:00,Gujarat,Rajkot,76.37
01-05-2025 19:00,Tamil Nadu,Tiruppur,33.05
03-05-2025 05:00,Karnataka,Bengaluru,36.9
02-06-2025 10:00,Gujarat,Vadodara,81.83
28-12-2025 14:00,Maharashtra,Kolhapur,35.66
06-10-2025 01:00,Karnataka,Udupi,72.23
29-11-2025 04:00,Bihar,Muzaffarpur,22.9
24-12-2025 18:00,Uttar Pradesh,Gorakhpur,16.2
15-09-2025 01:00,Karnataka,Bengaluru,59.15
10-02-2026 04:00,Karnataka,Mangaluru,49.13
17-02-2025 01:00,Bihar,Muzaffarpur,51.51
05-01-2026 00:00,Assam,Guwahati,17.37
02-05-2025 14:00,West Bengal,Darjeeling,19.21
12-06-2025 14:00,Gujarat,Surat,6.76
28-11-2025 03:00,West Bengal,Murshidabad,98.14
15-01-2026 01:00,Odisha,Kendrapara,10.96
09-06-2025 11:00,Karnataka,Bengaluru,45.09
25-07-2025 03:00,Karnataka,Mangaluru,94.93
09-01-2025 16:00,Gujarat,Ahmedabad,33.12
16-05-2025 14:00,Assam,Dhemaji,104.02124999999998
27-04-2025 11:00,West Bengal,Howrah,50.18
01-08-2025 18:00,Bihar,Gaya,56.63
11-01-2026 11:00,Tamil Nadu,Tiruppur,36.13
03-02-2025 06:00,Odisha,Puri,2.43
15-01-2026 09:00,West Bengal,Darjeeling,41.8
31-01-2025 14:00,Odisha,Kendrapara,15.75
04-04-2025 12:00,Bihar,Muzaffarpur,72.21
08-01-2025 10:00,Kerala,Kochi,22.23
31-08-2025 22:00,Kerala,Kottayam,86.99
20-10-2025 00:00,Kerala,Kochi,29.86
18-02-2025 22:00,Karnataka,Bengaluru,23.97
04-10-2025 18:00,Maharashtra,Pune,33.92
01-09-2025 16:00,Uttar Pradesh,Varanasi,47.29
18-03-2025 07:00,Bihar,Patna,37.21
30-11-2025 03:00,Bihar,Darbhanga,61.22
22-01-2026 15:00,West Bengal,Kolkata,44.54
26-11-2025 01:00,Bihar,Gaya,17.48
25-12-2025 05:00,Gujarat,Surat,12.45
22-12-2025 02:00,Maharashtra,Nashik,79.38
09-01-2025 06:00,Kerala,Kochi,59.3
27-11-2025 08:00,Tamil Nadu,Chennai,30.26
22-10-2025 20:00,Uttar Pradesh,Lucknow,46.03
22-01-2026 20:00,Karnataka,Bengaluru,69.2
15-02-2025 17:00,Tamil Nadu,Thanjavur,40.89
23-01-2025 20:00,Assam,Barpeta,25.63
15-10-2025 20:00,Odisha,Puri,18.79
09-12-2025 21:00,West Bengal,Murshidabad,3.28
16-07-2025 02:00,Kerala,Alappuzha,56.9
16-10-2025 00:00,Maharashtra,Nashik,3.0
21-05-2025 09:00,Uttar Pradesh,Gorakhpur,21.26
12-11-2025 23:00,Uttar Pradesh,Kanpur,79.78
16-04-2025 12:00,Odisha,Bhubaneswar,46.32
18-06-2025 23:00,Tamil Nadu,Chennai,30.22
07-04-2025 10:00,Gujarat,Surat,80.09
05-10-2025 05:00,Tamil Nadu,Tiruppur,51.27
14-10-2025 21:00,Uttar Pradesh,Lucknow,41.45
05-09-2025 09:00,West Bengal,Malda,53.74
28-04-2025 07:00,Maharashtra,Nashik,54.8
24-05-2025 05:00,Maharashtra,Nashik,42.75
11-06-2025 16:00,Uttar Pradesh,Lucknow,38.4
23-06-2025 05:00,Uttar Pradesh,Varanasi,19.36
03-01-2025 18:00,Maharashtra,Nagpur,25.32
24-11-2025 18:00,Odisha,Bhubaneswar,11.06
26-01-2025 16:00,Gujarat,Rajkot,55.46
16-02-2025 14:00,Bihar,Bhagalpur,11.68
16-05-2025 20:00,West Bengal,Malda,36.98
22-05-2025 17:00,Karnataka,Mysuru,17.39
03-06-2025 20:00,Uttar Pradesh,Varanasi,18.94
09-02-2025 01:00,Tamil Nadu,Tiruppur,83.4
03-10-2025 04:00,Maharashtra,Nagpur,65.87
18-04-2025 04:00,Tamil Nadu,Chennai,36.56
11-11-2025 00:00,Maharashtra,Mumbai,26.88
21-09-2025 12:00,West Bengal,Howrah,16.13
26-01-2025 22:00,Tamil Nadu,Thanjavur,63.02
12-03-2025 01:00,West Bengal,Kolkata,43.41
30-03-2025 14:00,Karnataka,Mangaluru,3.13
02-02-2025 19:00,Karnataka,Bengaluru,90.4
19-05-2025 20:00,Tamil Nadu,Thanjavur,77.33
29-10-2025 12:00,Tamil Nadu,Coimbatore,8.62
15-02-2025 12:00,Tamil Nadu,Coimbatore,50.49
15-01-2026 07:00,Tamil Nadu,Chennai,26.2
29-07-2025 04:00,West Bengal,Malda,61.09
25-01-2026 17:00,Bihar,Darbhanga,25.17
05-09-2025 16:00,Odisha,Puri,18.32
17-05-2025 16:00,Kerala,Kochi,13.34
08-12-2025 02:00,Kerala,Thrissur,51.08
02-04-2025 17:00,Kerala,Alappuzha,29.16
18-02-2025 08:00,Uttar Pradesh,Varanasi,24.52
21-08-2025 13:00,Odisha,Cuttack,35.4
30-05-2025 16:00,Gujarat,Surat,61.73
14-06-2025 16:00,Assam,Jorhat,31.41
08-02-2026 19:00,Gujarat,Ahmedabad,45.57
18-09-2025 07:00,Assam,Dhemaji,11.99
23-06-2025 01:00,Uttar Pradesh,Prayagraj,32.12
20-01-2025 22:00,Assam,Dibrugarh,37.95
26-02-2025 08:00,Bihar,Gaya,50.31
29-06-2025 13:00,Maharashtra,Mumbai,13.17
26-08-2025 10:00,Gujarat,Ahmedabad,13.33
21-04-2025 07:00,Karnataka,Kodagu,9.01
19-12-2025 12:00,Assam,Barpeta,7.78
08-12-2025 14:00,Assam,Dibrugarh,32.61
17-11-2025 09:00,Bihar,Gaya,87.19
21-01-2026 17:00,Karnataka,Udupi,27.18
18-04-2025 21:00,Tamil Nadu,Tiruppur,43.75
13-02-2025 01:00,Assam,Dhemaji,45.65
15-07-2025 06:00,Gujarat,Vadodara,104.02124999999998
28-07-2025 19:00,Kerala,Thrissur,34.22
19-04-2025 06:00,Kerala,Kochi,59.57
31-08-2025 11:00,Tamil Nadu,Chennai,43.44
12-07-2025 00:00,Tamil Nadu,Madurai,101.49
19-12-2025 22:00,Kerala,Thrissur,18.44
12-01-2026 16:00,Bihar,Muzaffarpur,35.89
07-11-2025 10:00,Maharashtra,Pune,30.64
14-07-2025 15:00,Kerala,Thrissur,82.63
21-08-2025 15:00,Assam,Jorhat,92.04
04-06-2025 21:00,Gujarat,Bharuch,33.12
24-01-2026 15:00,Assam,Guwahati,66.86
13-06-2025 16:00,West Bengal,Murshidabad,35.09
31-05-2025 17:00,Bihar,Muzaffarpur,54.5
01-03-2025 09:00,Assam,Guwahati,54.47
26-01-2026 18:00,Maharashtra,Nashik,35.41
02-05-2025 15:00,Uttar Pradesh,Gorakhpur,41.1
09-06-2025 03:00,Assam,Barpeta,48.93
19-03-2025 23:00,Odisha,Balasore,19.65
17-08-2025 15:00,Tamil Nadu,Tiruppur,74.99
21-01-2025 00:00,Maharashtra,Nagpur,56.01
06-09-2025 20:00,Tamil Nadu,Tiruppur,20.5
05-02-2026 00:00,Odisha,Kendrapara,12.71
01-05-2025 08:00,West Bengal,Howrah,53.0
06-10-2025 14:00,Assam,Barpeta,13.2
21-09-2025 03:00,Gujarat,Bharuch,8.64
22-01-2025 23:00,Assam,Guwahati,8.73
22-06-2025 01:00,Assam,Guwahati,30.75
31-01-2025 02:00,Tamil Nadu,Thanjavur,24.98
02-08-2025 08:00,Kerala,Alappuzha,91.95
16-07-2025 18:00,Maharashtra,Nashik,92.63
10-01-2025 04:00,Tamil Nadu,Thanjavur,44.46
18-01-2026 20:00,Bihar,Gaya,30.12
22-03-2025 15:00,Bihar,Gaya,17.46
15-01-2025 08:00,Tamil Nadu,Tiruppur,21.11
14-12-2025 04:00,Tamil Nadu,Coimbatore,50.64
08-02-2026 02:00,Odisha,Balasore,36.71
06-07-2025 19:00,Kerala,Kozhikode,78.6
09-02-2026 10:00,Bihar,Patna,27.01
20-12-2025 14:00,Karnataka,Mangaluru,15.05
20-01-2026 00:00,West Bengal,Kolkata,56.66
15-10-2025 15:00,Gujarat,Surat,43.0
17-01-2026 10:00,Uttar Pradesh,Prayagraj,28.7
06-09-2025 08:00,Uttar Pradesh,Gorakhpur,24.39
21-10-2025 02:00,Assam,Jorhat,45.2
10-09-2025 03:00,Gujarat,Vadodara,70.12
10-04-2025 15:00,Gujarat,Rajkot,20.09
27-10-2025 05:00,Uttar Pradesh,Gorakhpur,83.4
30-06-2025 08:00,Kerala,Kochi,18.91
26-09-2025 20:00,Maharashtra,Mumbai,14.65
24-03-2025 15:00,Odisha,Cuttack,31.0
10-12-2025 14:00,Assam,Dhemaji,4.18
06-03-2025 18:00,Karnataka,Mysuru,33.77
22-07-2025 02:00,Odisha,Puri,52.96
14-01-2026 23:00,Assam,Guwahati,27.28
18-02-2026 10:00,Karnataka,Mysuru,35.76
10-11-2025 20:00,Assam,Dhemaji,13.31
13-10-2025 13:00,Assam,Guwahati,35.19
13-07-2025 09:00,Tamil Nadu,Chennai,37.97
01-05-2025 01:00,Odisha,Puri,42.63
11-03-2025 21:00,Karnataka,Mangaluru,62.33
23-07-2025 13:00,Kerala,Kozhikode,22.49
23-03-2025 20:00,Kerala,Kozhikode,12.44
07-02-2025 13:00,Tamil Nadu,Coimbatore,42.35
25-10-2025 02:00,West Bengal,Darjeeling,42.45
08-05-2025 20:00,Assam,Dhemaji,60.69
06-04-2025 16:00,West Bengal,Malda,42.47
17-09-2025 21:00,Kerala,Kozhikode,51.47
02-09-2025 06:00,Bihar,Gaya,13.23
13-01-2025 08:00,Assam,Barpeta,30.72
01-01-2026 18:00,Bihar,Muzaffarpur,61.75
03-01-2025 09:00,West Bengal,Darjeeling,38.5
29-10-2025 18:00,Gujarat,Surat,52.04
02-07-2025 17:00,West Bengal,Darjeeling,15.65
05-05-2025 08:00,Kerala,Kozhikode,57.12
02-01-2025 03:00,Karnataka,Bengaluru,56.78
03-07-2025 15:00,Assam,Dibrugarh,40.61
16-02-2026 13:00,Kerala,Kozhikode,4.34
22-04-2025 12:00,Karnataka,Mysuru,101.3
23-12-2025 01:00,Maharashtra,Kolhapur,22.24
08-08-2025 06:00,Kerala,Kottayam,33.94
01-09-2025 09:00,Kerala,Kozhikode,26.57
20-10-2025 13:00,Gujarat,Vadodara,60.21
16-05-2025 08:00,Assam,Guwahati,24.95
25-08-2025 03:00,Maharashtra,Mumbai,89.44
11-06-2025 20:00,Maharashtra,Nagpur,59.5
16-11-2025 07:00,Kerala,Kottayam,50.19
13-01-2025 07:00,Tamil Nadu,Coimbatore,47.99
12-05-2025 17:00,Karnataka,Bengaluru,35.67
18-04-2025 12:00,Kerala,Kottayam,20.59
11-06-2025 06:00,Kerala,Thrissur,46.15
19-01-2026 18:00,West Bengal,Kolkata,66.4
03-07-2025 12:00,Karnataka,Kodagu,61.71
17-10-2025 16:00,Kerala,Kozhikode,15.88
28-01-2025 00:00,West Bengal,Murshidabad,34.76
27-02-2025 02:00,Uttar Pradesh,Gorakhpur,4.78
15-02-2026 15:00,Uttar Pradesh,Kanpur,14.42
19-10-2025 08:00,Tamil Nadu,Tiruppur,29.72
19-08-2025 12:00,Karnataka,Udupi,76.58
05-02-2026 20:00,Uttar Pradesh,Varanasi,19.7
26-08-2025 20:00,West Bengal,Murshidabad,13.76
25-06-2025 09:00,Karnataka,Mysuru,13.59
29-01-2025 09:00,Bihar,Darbhanga,21.14
19-01-2025 02:00,Gujarat,Bharuch,77.53
23-01-2026 21:00,Maharashtra,Mumbai,35.36
21-07-2025 00:00,Kerala,Kozhikode,83.34
11-02-2026 17:00,Assam,Barpeta,11.04
12-05-2025 15:00,Assam,Dhemaji,49.96
04-03-2025 01:00,Bihar,Darbhanga,15.64
05-05-2025 11:00,Bihar,Muzaffarpur,29.47
03-02-2025 20:00,Kerala,Thrissur,13.93
20-03-2025 10:00,Bihar,Patna,57.26
22-01-2026 03:00,Tamil Nadu,Madurai,39.4
25-07-2025 16:00,Odisha,Puri,10.77
18-02-2026 23:00,Gujarat,Bharuch,18.99
22-03-2025 20:00,Odisha,Balasore,38.79
18-05-2025 08:00,Odisha,Cuttack,22.53
28-05-2025 06:00,West Bengal,Murshidabad,24.23
08-07-2025 13:00,Karnataka,Kodagu,35.47
05-06-2025 09:00,Uttar Pradesh,Prayagraj,6.34
20-10-2025 07:00,Tamil Nadu,Coimbatore,38.76
09-03-2025 04:00,Tamil Nadu,Madurai,70.24
19-02-2025 05:00,Uttar Pradesh,Prayagraj,55.13
27-02-2025 07:00,Gujarat,Surat,13.71
20-01-2026 08:00,Gujarat,Rajkot,51.06
14-06-2025 10:00,Gujarat,Ahmedabad,11.87
28-10-2025 10:00,Assam,Dhemaji,11.49
06-08-2025 03:00,Gujarat,Surat,69.65
03-01-2025 15:00,Gujarat,Surat,31.5
27-01-2025 02:00,Maharashtra,Nashik,17.69
04-07-2025 05:00,Karnataka,Mysuru,41.34
11-03-2025 13:00,Kerala,Thrissur,2.38
30-03-2025 00:00,West Bengal,Howrah,28.57
30-08-2025 20:00,West Bengal,Darjeeling,62.23
11-02-2026 19:00,Karnataka,Kodagu,47.16
18-06-2025 00:00,Karnataka,Mysuru,23.34
30-09-2025 17:00,Bihar,Gaya,26.91
28-11-2025 04:00,Bihar,Gaya,83.14
04-01-2025 12:00,Bihar,Bhagalpur,12.79
18-01-2026 12:00,Odisha,Cuttack,14.06
02-03-2025 22:00,Karnataka,Mangaluru,54.6
06-04-2025 03:00,Gujarat,Ahmedabad,52.45
01-05-2025 07:00,West Bengal,Darjeeling,28.33
01-09-2025 02:00,West Bengal,Murshidabad,45.64
29-01-2025 12:00,Gujarat,Bharuch,18.27
06-07-2025 05:00,Odisha,Cuttack,19.77
18-01-2025 10:00,Assam,Dibrugarh,71.26
06-08-2025 20:00,Assam,Jorhat,9.94
27-06-2025 05:00,Odisha,Balasore,13.97
23-04-2025 21:00,Gujarat,Ahmedabad,29.24
09-04-2025 05:00,West Bengal,Kolkata,21.78
02-12-2025 19:00,Uttar Pradesh,Lucknow,33.7
26-02-2025 22:00,Assam,Dibrugarh,51.67
19-09-2025 13:00,Karnataka,Udupi,33.82
13-06-2025 04:00,Maharashtra,Mumbai,28.58
13-01-2025 05:00,Karnataka,Mysuru,8.52
20-04-2025 23:00,Kerala,Kochi,73.96
30-01-2026 02:00,Uttar Pradesh,Gorakhpur,32.73
04-03-2025 18:00,Tamil Nadu,Tiruppur,50.19
12-01-2026 13:00,West Bengal,Kolkata,65.59
05-11-2025 01:00,Tamil Nadu,Chennai,43.15
10-03-2025 02:00,West Bengal,Howrah,72.35
13-04-2025 09:00,Bihar,Patna,35.15
17-02-2026 03:00,West Bengal,Darjeeling,43.11
20-08-2025 14:00,Bihar,Darbhanga,89.72
11-02-2026 07:00,Tamil Nadu,Madurai,28.36
06-04-2025 20:00,Uttar Pradesh,Kanpur,35.2
09-07-2025 01:00,Gujarat,Surat,51.88
03-05-2025 10:00,Bihar,Gaya,68.35
07-03-2025 03:00,Bihar,Darbhanga,104.02124999999998
26-08-2025 01:00,Gujarat,Vadodara,104.02124999999998
27-12-2025 18:00,West Bengal,Murshidabad,43.88
10-11-2025 05:00,Tamil Nadu,Tiruppur,72.9
24-03-2025 11:00,Tamil Nadu,Coimbatore,19.45
20-03-2025 11:00,Gujarat,Surat,87.19
08-06-2025 11:00,Odisha,Balasore,39.97
19-01-2025 06:00,Maharashtra,Nagpur,64.86
13-07-2025 03:00,Assam,Barpeta,48.11
08-07-2025 16:00,Kerala,Alappuzha,19.95
30-06-2025 12:00,Karnataka,Udupi,45.3
29-05-2025 21:00,Maharashtra,Nagpur,8.74
31-12-2025 05:00,Karnataka,Mangaluru,18.33
07-01-2026 07:00,Tamil Nadu,Coimbatore,15.96
20-07-2025 17:00,West Bengal,Murshidabad,77.32
26-09-2025 03:00,Gujarat,Vadodara,87.49
05-05-2025 10:00,Karnataka,Udupi,36.94
23-11-2025 14:00,Odisha,Puri,52.36
30-01-2025 08:00,Kerala,Thrissur,35.64
06-04-2025 00:00,Maharashtra,Nashik,20.01
30-12-2025 22:00,Tamil Nadu,Tiruppur,48.85
22-06-2025 19:00,Uttar Pradesh,Gorakhpur,43.25
14-08-2025 12:00,Karnataka,Mysuru,66.84
16-01-2025 13:00,Karnataka,Kodagu,64.37
24-09-2025 21:00,Gujarat,Surat,63.55
20-01-2026 07:00,Assam,Barpeta,25.63
18-04-2025 17:00,Odisha,Kendrapara,7.95
25-02-2025 12:00,Tamil Nadu,Coimbatore,15.48
03-02-2026 20:00,Karnataka,Udupi,34.07
09-08-2025 02:00,Karnataka,Kodagu,37.15
16-01-2026 11:00,Kerala,Alappuzha,65.62
13-12-2025 11:00,West Bengal,Darjeeling,66.25
13-02-2026 17:00,Karnataka,Bengaluru,82.98
16-03-2025 08:00,Assam,Barpeta,53.53
13-05-2025 14:00,West Bengal,Darjeeling,34.58
21-01-2025 14:00,Assam,Guwahati,11.11
03-11-2025 19:00,Gujarat,Ahmedabad,104.02124999999998
30-04-2025 04:00,Karnataka,Bengaluru,20.53
27-11-2025 09:00,West Bengal,Malda,17.91
18-06-2025 09:00,Assam,Jorhat,104.02124999999998
27-10-2025 02:00,Maharashtra,Nagpur,29.75
01-05-2025 17:00,Tamil Nadu,Thanjavur,16.67
16-01-2025 06:00,Bihar,Darbhanga,33.23
05-02-2025 09:00,West Bengal,Howrah,28.87
07-11-2025 00:00,Gujarat,Surat,104.02124999999998
29-01-2026 22:00,Kerala,Alappuzha,43.59
29-06-2025 05:00,West Bengal,Malda,27.79
21-04-2025 13:00,Kerala,Alappuzha,44.79
26-05-2025 23:00,Gujarat,Bharuch,47.23
06-03-2025 05:00,Bihar,Gaya,57.19
23-06-2025 13:00,Uttar Pradesh,Lucknow,7.22
05-01-2026 10:00,Tamil Nadu,Coimbatore,77.93
14-01-2025 10:00,Kerala,Thrissur,29.04
26-03-2025 15:00,West Bengal,Malda,16.03
03-02-2025 21:00,Maharashtra,Pune,38.85
08-01-2026 11:00,West Bengal,Malda,84.2
26-01-2026 15:00,West Bengal,Darjeeling,76.05
14-02-2025 23:00,Odisha,Cuttack,51.3
03-04-2025 18:00,Odisha,Balasore,16.56
16-01-2026 16:00,Tamil Nadu,Tiruppur,104.02124999999998
02-02-2026 03:00,West Bengal,Howrah,53.48
23-04-2025 17:00,Maharashtra,Kolhapur,24.71
12-10-2025 08:00,West Bengal,Murshidabad,1.02
11-11-2025 20:00,Uttar Pradesh,Gorakhpur,38.03
18-02-2025 12:00,Maharashtra,Pune,18.08
16-05-2025 21:00,Tamil Nadu,Madurai,46.89
15-07-2025 07:00,Bihar,Patna,13.39
02-03-2025 10:00,Kerala,Kochi,20.66
10-06-2025 22:00,Tamil Nadu,Coimbatore,6.87
12-09-2025 07:00,Maharashtra,Mumbai,33.42
19-01-2026 23:00,West Bengal,Murshidabad,52.39
24-10-2025 16:00,Tamil Nadu,Tiruppur,16.22
24-09-2025 14:00,Assam,Jorhat,18.15
04-02-2026 12:00,Karnataka,Kodagu,82.31
16-09-2025 22:00,Gujarat,Rajkot,10.0
06-02-2026 21:00,Bihar,Gaya,40.94
11-08-2025 08:00,Odisha,Puri,34.85
19-06-2025 00:00,Tamil Nadu,Madurai,73.3
01-02-2026 07:00,Maharashtra,Pune,10.23
05-05-2025 23:00,Odisha,Balasore,40.18
12-01-2026 00:00,Karnataka,Udupi,27.97
21-02-2025 07:00,Tamil Nadu,Madurai,33.55
05-03-2025 02:00,Bihar,Bhagalpur,4.58
07-04-2025 09:00,Kerala,Kozhikode,27.52
02-03-2025 11:00,Bihar,Muzaffarpur,17.4
08-08-2025 11:00,Tamil Nadu,Coimbatore,17.16
13-09-2025 11:00,Tamil Nadu,Coimbatore,30.22
22-12-2025 11:00,Bihar,Patna,25.23
27-09-2025 08:00,Tamil Nadu,Chennai,19.63
04-02-2025 22:00,Maharashtra,Kolhapur,71.08
18-02-2026 03:00,Gujarat,Bharuch,37.29
11-12-2025 05:00,Odisha,Cuttack,87.5
25-09-2025 06:00,Assam,Dibrugarh,20.47
21-12-2025 08:00,Odisha,Bhubaneswar,85.02
29-05-2025 15:00,Bihar,Darbhanga,36.44
22-01-2026 00:00,Kerala,Kottayam,53.26
09-05-2025 15:00,West Bengal,Darjeeling,62.56
27-12-2025 03:00,Uttar Pradesh,Lucknow,104.02124999999998
13-03-2025 10:00,Bihar,Muzaffarpur,5.95
15-01-2025 03:00,Gujarat,Ahmedabad,35.32
03-02-2026 11:00,West Bengal,Malda,20.97
05-09-2025 14:00,Maharashtra,Kolhapur,32.69
16-02-2026 05:00,Uttar Pradesh,Prayagraj,58.7
04-12-2025 14:00,Tamil Nadu,Chennai,28.88
20-12-2025 16:00,Karnataka,Mangaluru,33.77
25-01-2025 12:00,West Bengal,Darjeeling,53.93
21-05-2025 05:00,Tamil Nadu,Chennai,21.09
22-04-2025 06:00,Gujarat,Ahmedabad,61.36
30-05-2025 13:00,Karnataka,Mysuru,26.24
02-01-2025 10:00,Odisha,Cuttack,15.07
02-01-2025 04:00,Odisha,Kendrapara,30.63
23-12-2025 09:00,Gujarat,Rajkot,5.24
05-12-2025 05:00,Maharashtra,Nagpur,4.39
01-04-2025 10:00,Karnataka,Kodagu,40.85
16-12-2025 01:00,Gujarat,Vadodara,62.71
23-08-2025 04:00,Kerala,Thrissur,5.35
07-02-2025 01:00,Bihar,Muzaffarpur,9.1
28-09-2025 09:00,Assam,Barpeta,39.55
19-05-2025 10:00,Gujarat,Ahmedabad,62.26
27-01-2026 12:00,Karnataka,Udupi,8.85
27-05-2025 10:00,Tamil Nadu,Thanjavur,41.1
04-07-2025 04:00,Gujarat,Vadodara,11.22
14-12-2025 23:00,Gujarat,Bharuch,57.46
12-08-2025 09:00,Uttar Pradesh,Varanasi,46.89
05-06-2025 13:00,Uttar Pradesh,Lucknow,40.22
30-01-2026 07:00,Maharashtra,Nagpur,104.02124999999998
23-10-2025 01:00,Karnataka,Mangaluru,94.36
10-03-2025 22:00,Gujarat,Surat,15.83
29-07-2025 16:00,Maharashtra,Nashik,38.41
10-01-2025 07:00,Kerala,Thrissur,25.28
26-12-2025 09:00,Maharashtra,Kolhapur,28.37
16-09-2025 02:00,Uttar Pradesh,Prayagraj,63.76
08-03-2025 06:00,Assam,Barpeta,26.6
07-09-2025 06:00,Maharashtra,Nashik,31.0
16-05-2025 16:00,Assam,Dibrugarh,21.0
06-10-2025 08:00,Uttar Pradesh,Gorakhpur,34.93
18-07-2025 18:00,Karnataka,Udupi,35.09
01-04-2025 21:00,Bihar,Gaya,17.03
11-10-2025 11:00,Maharashtra,Kolhapur,13.34
24-07-2025 17:00,West Bengal,Murshidabad,36.37
10-10-2025 18:00,Maharashtra,Pune,19.77
19-07-2025 13:00,Assam,Dhemaji,7.85
20-02-2025 09:00,West Bengal,Howrah,21.84
18-01-2025 13:00,Tamil Nadu,Thanjavur,35.16
31-12-2025 04:00,Maharashtra,Nagpur,75.23
13-03-2025 02:00,Odisha,Bhubaneswar,18.28
18-02-2025 06:00,Assam,Dhemaji,19.82
07-04-2025 02:00,Maharashtra,Nashik,36.58
12-01-2025 09:00,Odisha,Puri,40.0
08-01-2025 03:00,Tamil Nadu,Madurai,31.87
14-06-2025 20:00,Uttar Pradesh,Prayagraj,19.79
07-10-2025 00:00,Tamil Nadu,Tiruppur,7.15
13-05-2025 20:00,Bihar,Patna,38.41
05-12-2025 20:00,Kerala,Kozhikode,58.22
20-07-2025 08:00,Tamil Nadu,Chennai,87.55
03-12-2025 19:00,Uttar Pradesh,Prayagraj,9.99
07-03-2025 04:00,Kerala,Kottayam,32.25
16-03-2025 06:00,West Bengal,Malda,20.74
05-02-2025 03:00,Karnataka,Kodagu,82.6
25-01-2026 09:00,Assam,Barpeta,104.02124999999998
05-07-2025 21:00,Kerala,Kozhikode,24.03
07-02-2025 16:00,Assam,Dibrugarh,68.0
04-09-2025 07:00,Maharashtra,Nashik,62.31
19-02-2026 14:00,Assam,Dhemaji,14.54
23-01-2026 09:00,Assam,Jorhat,43.72
06-03-2025 11:00,Uttar Pradesh,Prayagraj,27.61
28-03-2025 16:00,Tamil Nadu,Thanjavur,17.36
16-02-2026 17:00,Bihar,Patna,24.02
16-06-2025 01:00,Odisha,Puri,66.33
24-09-2025 05:00,Kerala,Kozhikode,25.7
12-11-2025 19:00,Gujarat,Ahmedabad,42.05
21-01-2026 05:00,Gujarat,Rajkot,31.2
01-10-2025 15:00,Karnataka,Mangaluru,62.95
08-12-2025 22:00,Bihar,Patna,44.77
09-06-2025 04:00,Uttar Pradesh,Prayagraj,29.82
21-04-2025 06:00,Maharashtra,Kolhapur,12.13
05-07-2025 14:00,Maharashtra,Pune,21.48
26-10-2025 07:00,Odisha,Cuttack,23.71
09-12-2025 13:00,Uttar Pradesh,Kanpur,50.93
25-12-2025 04:00,Kerala,Thrissur,16.66
04-02-2026 13:00,Assam,Dibrugarh,37.96
10-09-2025 23:00,Tamil Nadu,Tiruppur,25.32
31-03-2025 19:00,West Bengal,Malda,76.43
07-10-2025 16:00,Assam,Dhemaji,48.57
04-06-2025 19:00,Uttar Pradesh,Varanasi,54.86
19-06-2025 01:00,Assam,Jorhat,8.35
06-09-2025 00:00,Gujarat,Vadodara,91.8
10-05-2025 06:00,Tamil Nadu,Chennai,65.3
24-01-2025 06:00,Uttar Pradesh,Prayagraj,16.7
12-07-2025 02:00,Gujarat,Ahmedabad,22.31
18-10-2025 18:00,Maharashtra,Nashik,31.71
01-03-2025 20:00,Bihar,Bhagalpur,35.41
22-01-2025 03:00,Tamil Nadu,Chennai,78.83
19-03-2025 21:00,Tamil Nadu,Tiruppur,6.74
01-02-2025 11:00,West Bengal,Kolkata,104.02124999999998
14-08-2025 19:00,Gujarat,Ahmedabad,83.57
18-06-2025 18:00,Gujarat,Vadodara,103.95
04-12-2025 01:00,Uttar Pradesh,Prayagraj,13.42
09-06-2025 20:00,Odisha,Bhubaneswar,7.64
30-03-2025 06:00,Karnataka,Mysuru,14.64
14-09-2025 08:00,Kerala,Kochi,32.92
22-11-2025 08:00,Kerala,Kochi,30.56
21-01-2025 21:00,Tamil Nadu,Chennai,73.93
18-09-2025 19:00,Gujarat,Surat,71.91
10-02-2026 23:00,Kerala,Kottayam,8.63
06-03-2025 03:00,Karnataka,Kodagu,40.43
13-09-2025 21:00,Gujarat,Bharuch,4.31
20-02-2025 11:00,Kerala,Kozhikode,22.71
16-01-2026 02:00,Maharashtra,Kolhapur,96.01
29-01-2025 00:00,Assam,Barpeta,24.08
21-05-2025 17:00,Assam,Dhemaji,93.32
01-01-2026 23:00,Karnataka,Mysuru,32.78
03-03-2025 00:00,Tamil Nadu,Madurai,18.01
19-02-2025 16:00,Assam,Dibrugarh,48.53
19-10-2025 00:00,Gujarat,Bharuch,46.87
20-03-2025 00:00,Assam,Dhemaji,93.68
30-05-2025 14:00,Tamil Nadu,Madurai,8.16
08-10-2025 06:00,Maharashtra,Kolhapur,34.09
22-01-2025 01:00,West Bengal,Malda,41.9
05-12-2025 06:00,Kerala,Kozhikode,27.02
22-01-2025 02:00,Karnataka,Mangaluru,101.01
29-01-2026 17:00,Kerala,Kochi,52.68
25-10-2025 03:00,Gujarat,Rajkot,39.73
20-07-2025 07:00,West Bengal,Malda,36.99
01-11-2025 07:00,Odisha,Puri,13.62
15-03-2025 21:00,Kerala,Thrissur,14.97
13-10-2025 14:00,Bihar,Bhagalpur,42.6
24-07-2025 10:00,Tamil Nadu,Thanjavur,21.87
03-02-2025 05:00,Gujarat,Rajkot,16.5
02-01-2026 01:00,West Bengal,Kolkata,40.95
22-10-2025 14:00,Uttar Pradesh,Gorakhpur,104.02124999999998
28-04-2025 21:00,Bihar,Darbhanga,42.16
24-01-2026 07:00,Kerala,Kottayam,13.62
31-12-2025 01:00,Kerala,Kottayam,104.02124999999998
14-01-2025 00:00,Uttar Pradesh,Lucknow,22.18
01-02-2025 02:00,Gujarat,Surat,21.13
29-05-2025 17:00,Assam,Dibrugarh,11.92
02-02-2025 22:00,Gujarat,Ahmedabad,104.02124999999998
14-04-2025 04:00,Maharashtra,Mumbai,22.61
24-01-2026 13:00,Karnataka,Mysuru,98.95
18-04-2025 02:00,Assam,Guwahati,36.78
09-08-2025 06:00,Bihar,Muzaffarpur,74.36
06-08-2025 07:00,Tamil Nadu,Thanjavur,9.98
01-04-2025 03:00,Gujarat,Rajkot,24.35
02-10-2025 01:00,West Bengal,Malda,12.55
19-12-2025 01:00,West Bengal,Murshidabad,34.19
16-01-2025 20:00,Tamil Nadu,Chennai,28.37
21-12-2025 12:00,Uttar Pradesh,Varanasi,2.42
23-02-2025 20:00,Kerala,Thrissur,38.6
21-03-2025 16:00,Karnataka,Mysuru,31.9
25-01-2025 23:00,Tamil Nadu,Tiruppur,18.05
12-06-2025 04:00,Gujarat,Vadodara,25.28
22-06-2025 13:00,Uttar Pradesh,Prayagraj,2.63
10-03-2025 20:00,Karnataka,Mysuru,42.05
06-08-2025 16:00,Karnataka,Mysuru,34.29
20-03-2025 21:00,Gujarat,Rajkot,37.26
23-03-2025 00:00,Gujarat,Ahmedabad,47.57
22-05-2025 11:00,Bihar,Gaya,17.54
17-08-2025 07:00,West Bengal,Kolkata,54.61
12-02-2026 01:00,Karnataka,Bengaluru,17.98
16-01-2025 15:00,Bihar,Gaya,11.32
23-03-2025 22:00,Karnataka,Mysuru,59.4
14-06-2025 21:00,Assam,Barpeta,21.1
25-10-2025 07:00,Karnataka,Bengaluru,104.02124999999998
08-11-2025 14:00,West Bengal,Malda,51.86
07-07-2025 17:00,Odisha,Bhubaneswar,32.92
04-02-2026 04:00,Uttar Pradesh,Prayagraj,45.29
09-08-2025 08:00,Uttar Pradesh,Varanasi,46.74
03-03-2025 07:00,Odisha,Kendrapara,15.38
20-05-2025 10:00,West Bengal,Murshidabad,7.2
18-09-2025 13:00,Maharashtra,Mumbai,30.41
29-04-2025 21:00,Bihar,Bhagalpur,28.74
10-01-2026 12:00,Kerala,Thrissur,12.89
12-02-2026 07:00,Uttar Pradesh,Kanpur,104.02124999999998
27-09-2025 03:00,Bihar,Darbhanga,29.36
19-06-2025 06:00,Odisha,Puri,25.47
02-09-2025 07:00,Maharashtra,Pune,62.32
29-06-2025 10:00,Bihar,Patna,29.99
23-07-2025 05:00,Karnataka,Udupi,32.98
30-10-2025 01:00,Uttar Pradesh,Kanpur,38.7
08-08-2025 17:00,Maharashtra,Pune,35.98
16-06-2025 06:00,Uttar Pradesh,Prayagraj,40.2
13-02-2025 17:00,Kerala,Alappuzha,45.92
15-09-2025 07:00,Tamil Nadu,Thanjavur,24.78
16-10-2025 14:00,Maharashtra,Nagpur,26.13
24-11-2025 16:00,Karnataka,Bengaluru,13.96
26-03-2025 19:00,West Bengal,Darjeeling,19.62
18-06-2025 07:00,Odisha,Kendrapara,19.94
14-10-2025 11:00,West Bengal,Howrah,21.55
25-01-2026 18:00,Uttar Pradesh,Varanasi,97.32
24-03-2025 04:00,Karnataka,Mangaluru,10.28
31-07-2025 08:00,Maharashtra,Nashik,47.99
29-03-2025 11:00,Gujarat,Ahmedabad,24.51
04-03-2025 11:00,Assam,Jorhat,26.43
05-02-2026 12:00,Kerala,Kozhikode,78.97
28-01-2025 04:00,Uttar Pradesh,Varanasi,41.27
08-01-2025 02:00,Karnataka,Udupi,10.91
20-06-2025 05:00,West Bengal,Murshidabad,67.01
11-01-2025 02:00,Maharashtra,Mumbai,46.93
26-08-2025 22:00,Odisha,Kendrapara,27.12
18-10-2025 12:00,Karnataka,Mangaluru,27.49
25-04-2025 20:00,Tamil Nadu,Thanjavur,73.85
14-10-2025 20:00,Odisha,Puri,20.9
15-08-2025 22:00,Assam,Dhemaji,62.62
28-03-2025 12:00,West Bengal,Malda,65.29
20-06-2025 23:00,Karnataka,Kodagu,64.53
03-02-2026 07:00,Odisha,Puri,29.44
12-11-2025 11:00,West Bengal,Darjeeling,27.57
30-01-2026 10:00,Assam,Dhemaji,32.3
23-07-2025 22:00,Gujarat,Surat,63.42
06-10-2025 20:00,Assam,Guwahati,50.76
02-12-2025 14:00,Uttar Pradesh,Lucknow,62.33
13-08-2025 13:00,Karnataka,Mysuru,104.02124999999998
26-01-2026 13:00,Tamil Nadu,Madurai,63.02
01-12-2025 05:00,Assam,Barpeta,9.31
25-12-2025 12:00,Gujarat,Bharuch,54.15
06-07-2025 16:00,Uttar Pradesh,Lucknow,70.97
13-12-2025 22:00,Bihar,Patna,32.41
19-06-2025 22:00,Odisha,Bhubaneswar,29.78
27-01-2025 16:00,Tamil Nadu,Madurai,34.05
22-02-2025 22:00,Karnataka,Kodagu,11.13
26-04-2025 18:00,Tamil Nadu,Coimbatore,32.24
31-01-2026 17:00,Gujarat,Bharuch,23.56
10-06-2025 21:00,Uttar Pradesh,Prayagraj,18.95
26-05-2025 00:00,Maharashtra,Nashik,36.7
05-03-2025 22:00,Odisha,Bhubaneswar,45.26
14-01-2025 13:00,Gujarat,Ahmedabad,35.92
08-04-2025 10:00,Tamil Nadu,Madurai,53.15
15-06-2025 20:00,Gujarat,Rajkot,12.11
14-10-2025 13:00,Karnataka,Kodagu,31.59
18-06-2025 22:00,Odisha,Kendrapara,54.88
04-04-2025 05:00,West Bengal,Kolkata,16.91
24-10-2025 02:00,West Bengal,Malda,13.08
07-02-2026 20:00,Maharashtra,Nagpur,88.51
17-07-2025 17:00,Karnataka,Kodagu,21.91
06-02-2025 00:00,Assam,Dhemaji,65.33
16-09-2025 11:00,Uttar Pradesh,Varanasi,28.56
18-08-2025 12:00,Tamil Nadu,Chennai,51.46
06-11-2025 13:00,Uttar Pradesh,Varanasi,54.14
16-01-2025 11:00,West Bengal,Darjeeling,30.42
20-09-2025 08:00,Gujarat,Surat,35.72
20-08-2025 07:00,Maharashtra,Kolhapur,41.23
27-08-2025 11:00,Odisha,Kendrapara,20.31
03-09-2025 19:00,West Bengal,Malda,52.52
22-01-2026 23:00,Odisha,Bhubaneswar,72.11
24-11-2025 23:00,Karnataka,Kodagu,37.28
09-04-2025 12:00,Odisha,Kendrapara,58.52
14-05-2025 21:00,Maharashtra,Kolhapur,100.38
07-02-2025 23:00,Bihar,Bhagalpur,66.88
12-01-2026 23:00,Karnataka,Kodagu,18.98
12-02-2026 22:00,Karnataka,Mysuru,56.25
31-10-2025 17:00,Kerala,Kottayam,102.6
19-02-2026 22:00,West Bengal,Malda,8.54
30-09-2025 08:00,Gujarat,Vadodara,48.06
19-01-2026 00:00,Uttar Pradesh,Kanpur,10.01
01-03-2025 07:00,Uttar Pradesh,Varanasi,39.87
13-02-2026 15:00,Odisha,Bhubaneswar,38.05
20-01-2025 23:00,Uttar Pradesh,Lucknow,22.28
28-01-2025 14:00,Karnataka,Kodagu,19.79
06-07-2025 12:00,Gujarat,Surat,11.45
10-01-2026 06:00,Karnataka,Mysuru,25.04
03-12-2025 13:00,Uttar Pradesh,Varanasi,49.44
05-05-2025 12:00,Kerala,Kochi,73.02
16-02-2025 15:00,West Bengal,Howrah,16.98
26-04-2025 16:00,Kerala,Kozhikode,17.59
14-02-2026 19:00,West Bengal,Malda,21.85
28-07-2025 11:00,Assam,Jorhat,45.45
05-10-2025 01:00,Gujarat,Rajkot,35.14
30-10-2025 06:00,Bihar,Darbhanga,26.96
04-07-2025 11:00,Maharashtra,Mumbai,1.81
06-11-2025 15:00,Kerala,Kozhikode,85.34
15-06-2025 21:00,Tamil Nadu,Thanjavur,54.85
22-09-2025 15:00,Karnataka,Udupi,16.5
01-05-2025 13:00,Gujarat,Ahmedabad,16.13
22-04-2025 05:00,Kerala,Alappuzha,87.43
15-06-2025 17:00,Bihar,Gaya,26.86
08-08-2025 03:00,Gujarat,Ahmedabad,21.27
12-01-2025 15:00,Odisha,Puri,16.5
08-10-2025 10:00,Karnataka,Bengaluru,80.84
12-09-2025 08:00,Kerala,Alappuzha,57.85
20-10-2025 12:00,Assam,Guwahati,12.2
12-03-2025 14:00,Tamil Nadu,Coimbatore,95.75
07-01-2026 08:00,West Bengal,Kolkata,43.87
25-05-2025 23:00,Bihar,Muzaffarpur,17.51
04-07-2025 00:00,Assam,Barpeta,11.66
13-11-2025 08:00,West Bengal,Darjeeling,104.02124999999998
19-09-2025 18:00,Odisha,Puri,50.22
22-08-2025 11:00,Tamil Nadu,Coimbatore,47.06
26-12-2025 03:00,Uttar Pradesh,Gorakhpur,4.84
21-11-2025 04:00,Karnataka,Kodagu,9.53
29-06-2025 00:00,Tamil Nadu,Chennai,12.64
11-07-2025 09:00,Maharashtra,Mumbai,37.37
21-07-2025 20:00,Maharashtra,Pune,6.16
03-04-2025 01:00,Bihar,Bhagalpur,12.77
13-11-2025 21:00,Gujarat,Surat,11.22
18-08-2025 05:00,Kerala,Kozhikode,35.95
08-01-2025 16:00,Karnataka,Bengaluru,25.71
20-07-2025 00:00,Karnataka,Udupi,64.58
21-07-2025 21:00,Karnataka,Bengaluru,65.01
08-04-2025 22:00,Bihar,Gaya,26.22
24-01-2025 01:00,Tamil Nadu,Madurai,84.33
28-02-2025 05:00,Tamil Nadu,Thanjavur,34.31
27-02-2025 16:00,Odisha,Kendrapara,46.01
18-01-2026 14:00,West Bengal,Kolkata,37.26
14-02-2026 01:00,Odisha,Balasore,56.68
13-01-2025 09:00,West Bengal,Kolkata,9.73
19-01-2025 11:00,Maharashtra,Mumbai,82.92
02-11-2025 18:00,Kerala,Kottayam,42.76
28-03-2025 13:00,Kerala,Thrissur,8.89
22-11-2025 15:00,Maharashtra,Mumbai,16.1
03-04-2025 21:00,Maharashtra,Pune,7.52
29-04-2025 10:00,Maharashtra,Pune,24.58
16-04-2025 17:00,Uttar Pradesh,Gorakhpur,69.36
06-12-2025 09:00,Karnataka,Udupi,16.9
02-02-2026 08:00,Tamil Nadu,Thanjavur,66.4
26-09-2025 11:00,Gujarat,Bharuch,19.36
21-05-2025 07:00,Odisha,Cuttack,40.67
06-07-2025 22:00,Tamil Nadu,Thanjavur,9.56
18-04-2025 10:00,Uttar Pradesh,Kanpur,26.61
17-02-2025 03:00,Maharashtra,Nashik,39.4
20-07-2025 18:00,Assam,Guwahati,99.3
14-01-2025 08:00,West Bengal,Darjeeling,70.83
27-02-2025 03:00,Tamil Nadu,Coimbatore,27.15
18-06-2025 10:00,Gujarat,Ahmedabad,21.15
16-01-2026 05:00,Gujarat,Rajkot,61.49
03-08-2025 09:00,Assam,Jorhat,18.75
07-02-2025 19:00,Kerala,Alappuzha,47.22
28-01-2026 18:00,Tamil Nadu,Tiruppur,22.82
14-06-2025 14:00,Odisha,Bhubaneswar,98.41
14-09-2025 01:00,Maharashtra,Kolhapur,20.08
06-01-2026 06:00,Tamil Nadu,Thanjavur,21.5
06-10-2025 23:00,Uttar Pradesh,Gorakhpur,27.2
27-07-2025 09:00,Gujarat,Ahmedabad,43.19
11-09-2025 20:00,Tamil Nadu,Madurai,39.95
17-12-2025 08:00,Tamil Nadu,Madurai,11.41
08-02-2025 14:00,Kerala,Kozhikode,104.02124999999998
13-09-2025 23:00,Kerala,Thrissur,42.08
01-01-2025 15:00,Assam,Dhemaji,2.15
06-01-2025 23:00,Odisha,Cuttack,18.83
09-04-2025 11:00,Karnataka,Mysuru,4.6
06-01-2025 09:00,Odisha,Puri,56.86
18-02-2025 09:00,Kerala,Kochi,18.57
11-11-2025 15:00,Tamil Nadu,Chennai,52.59
13-09-2025 09:00,Maharashtra,Kolhapur,100.57
14-07-2025 09:00,Gujarat,Vadodara,28.76
24-08-2025 20:00,Gujarat,Bharuch,25.85
27-09-2025 04:00,Karnataka,Bengaluru,63.23
20-03-2025 04:00,Tamil Nadu,Chennai,54.16
14-04-2025 16:00,Tamil Nadu,Thanjavur,73.01
10-08-2025 23:00,Odisha,Cuttack,47.68
26-01-2026 01:00,Tamil Nadu,Tiruppur,16.31
19-02-2025 06:00,West Bengal,Darjeeling,21.44
13-09-2025 15:00,Gujarat,Vadodara,21.8
23-09-2025 17:00,Uttar Pradesh,Varanasi,30.99
18-02-2025 18:00,Bihar,Bhagalpur,16.86
01-04-2025 22:00,Tamil Nadu,Thanjavur,104.02124999999998
21-05-2025 11:00,Bihar,Muzaffarpur,46.92
02-12-2025 00:00,Bihar,Darbhanga,63.34
19-03-2025 11:00,Kerala,Alappuzha,15.36
22-07-2025 12:00,Maharashtra,Nagpur,63.24
21-01-2026 15:00,Odisha,Kendrapara,25.0
14-12-2025 17:00,Gujarat,Surat,6.41
03-11-2025 03:00,Kerala,Kochi,72.94
22-07-2025 16:00,West Bengal,Kolkata,39.71
16-02-2026 22:00,Maharashtra,Pune,43.73
24-09-2025 04:00,Assam,Dibrugarh,4.65
11-05-2025 01:00,Assam,Jorhat,17.65
17-01-2025 03:00,Gujarat,Vadodara,49.32
21-11-2025 09:00,Assam,Dibrugarh,62.36
13-02-2025 00:00,Uttar Pradesh,Varanasi,18.78
24-11-2025 04:00,Kerala,Alappuzha,23.11
14-08-2025 18:00,Tamil Nadu,Madurai,71.47
08-02-2025 19:00,Karnataka,Bengaluru,83.42
17-06-2025 11:00,Tamil Nadu,Madurai,52.0
29-01-2025 19:00,West Bengal,Malda,15.99
09-08-2025 18:00,West Bengal,Darjeeling,53.15
05-10-2025 10:00,Odisha,Cuttack,23.37
04-02-2025 13:00,Assam,Barpeta,69.28
26-05-2025 18:00,West Bengal,Murshidabad,49.19
28-03-2025 17:00,Assam,Jorhat,17.43
29-01-2026 08:00,Karnataka,Mysuru,52.79
02-01-2025 20:00,Gujarat,Surat,72.32
14-06-2025 03:00,Uttar Pradesh,Gorakhpur,35.31
08-08-2025 01:00,Karnataka,Mangaluru,40.01
18-12-2025 13:00,Kerala,Kozhikode,27.85
29-06-2025 23:00,Maharashtra,Kolhapur,14.04
04-05-2025 13:00,Karnataka,Mysuru,15.09
15-06-2025 09:00,Karnataka,Mangaluru,62.93
19-02-2025 11:00,Kerala,Thrissur,26.25
12-01-2025 20:00,West Bengal,Malda,50.26
05-01-2026 17:00,Karnataka,Bengaluru,47.88
23-06-2025 07:00,Karnataka,Kodagu,31.31
09-05-2025 20:00,Gujarat,Surat,58.13
09-07-2025 20:00,West Bengal,Howrah,19.17
11-07-2025 00:00,Tamil Nadu,Chennai,29.53
30-06-2025 03:00,Uttar Pradesh,Gorakhpur,104.02124999999998
18-08-2025 08:00,Bihar,Muzaffarpur,21.39
22-10-2025 18:00,Assam,Dibrugarh,47.86
21-05-2025 04:00,West Bengal,Murshidabad,62.47
01-12-2025 09:00,Odisha,Puri,80.91
14-05-2025 03:00,Bihar,Muzaffarpur,72.44
03-01-2026 02:00,Uttar Pradesh,Lucknow,83.45
10-02-2025 09:00,Assam,Barpeta,29.63
05-06-2025 14:00,Bihar,Patna,104.02124999999998
08-02-2025 13:00,Uttar Pradesh,Lucknow,91.17
31-01-2026 16:00,West Bengal,Kolkata,51.54
26-09-2025 19:00,Gujarat,Bharuch,29.47
02-01-2026 13:00,Assam,Jorhat,29.04
29-04-2025 19:00,Tamil Nadu,Chennai,54.92
04-08-2025 20:00,Assam,Dibrugarh,27.11
08-10-2025 03:00,West Bengal,Howrah,37.52
24-01-2026 10:00,Assam,Barpeta,54.57
22-11-2025 10:00,Bihar,Bhagalpur,75.32
06-07-2025 07:00,Tamil Nadu,Thanjavur,89.23
04-08-2025 08:00,Assam,Jorhat,60.41
01-07-2025 04:00,Assam,Barpeta,24.04
26-11-2025 07:00,Assam,Dibrugarh,10.83
01-06-2025 02:00,Karnataka,Mysuru,41.71
16-03-2025 13:00,Gujarat,Vadodara,25.25
12-12-2025 13:00,Tamil Nadu,Coimbatore,15.8
27-03-2025 19:00,Tamil Nadu,Madurai,84.58
17-06-2025 05:00,Tamil Nadu,Tiruppur,25.21
21-03-2025 06:00,Assam,Guwahati,27.38
21-08-2025 05:00,Uttar Pradesh,Prayagraj,13.72
16-10-2025 13:00,West Bengal,Malda,70.59
04-01-2025 03:00,Gujarat,Vadodara,14.3
08-04-2025 17:00,Tamil Nadu,Chennai,12.38
17-08-2025 12:00,Gujarat,Surat,14.28
18-01-2025 22:00,Maharashtra,Kolhapur,34.28
11-07-2025 02:00,Karnataka,Bengaluru,60.02
04-12-2025 11:00,Kerala,Kochi,55.8
19-12-2025 09:00,Assam,Dibrugarh,11.87
06-12-2025 20:00,Odisha,Bhubaneswar,26.24
25-11-2025 21:00,Assam,Guwahati,7.95
06-03-2025 17:00,Kerala,Thrissur,53.48
11-01-2025 00:00,Karnataka,Mangaluru,20.82
02-02-2025 15:00,Gujarat,Surat,23.32
08-05-2025 18:00,Assam,Barpeta,22.6
10-02-2025 17:00,Bihar,Gaya,98.89
03-05-2025 13:00,Gujarat,Surat,38.53
13-08-2025 01:00,Assam,Dhemaji,10.78
17-07-2025 02:00,Gujarat,Bharuch,29.78
09-03-2025 12:00,West Bengal,Malda,15.93
31-03-2025 10:00,Kerala,Kottayam,8.68
17-03-2025 01:00,Odisha,Balasore,9.41
29-03-2025 07:00,Tamil Nadu,Thanjavur,31.25
11-09-2025 02:00,Odisha,Bhubaneswar,19.55
07-08-2025 13:00,Maharashtra,Pune,24.22
26-02-2025 13:00,Maharashtra,Kolhapur,60.7
02-12-2025 23:00,Odisha,Kendrapara,66.12
10-09-2025 02:00,Odisha,Bhubaneswar,67.64
15-12-2025 16:00,Uttar Pradesh,Lucknow,16.56
08-09-2025 17:00,Gujarat,Ahmedabad,48.35
18-02-2026 19:00,Odisha,Puri,13.53
01-01-2026 09:00,Bihar,Gaya,51.45
09-11-2025 15:00,Bihar,Bhagalpur,45.09
09-03-2025 01:00,Gujarat,Bharuch,34.33
10-05-2025 00:00,Tamil Nadu,Chennai,15.95
12-02-2026 03:00,Kerala,Kochi,56.09
11-04-2025 15:00,Assam,Barpeta,44.74
26-03-2025 01:00,Maharashtra,Pune,17.07
08-09-2025 18:00,Tamil Nadu,Madurai,30.6
21-06-2025 21:00,Bihar,Bhagalpur,35.06
13-02-2026 10:00,Assam,Dibrugarh,18.61
16-05-2025 06:00,West Bengal,Howrah,21.08
06-01-2025 04:00,Tamil Nadu,Tiruppur,64.0
25-09-2025 17:00,Kerala,Thrissur,70.18
10-08-2025 04:00,Tamil Nadu,Chennai,27.59
07-11-2025 23:00,West Bengal,Malda,20.8
17-01-2026 13:00,Gujarat,Vadodara,13.2
20-05-2025 05:00,Karnataka,Mysuru,47.23
25-01-2025 22:00,Tamil Nadu,Thanjavur,27.87
30-03-2025 11:00,Karnataka,Kodagu,76.02
31-01-2026 18:00,Bihar,Patna,104.02124999999998
17-11-2025 05:00,Tamil Nadu,Tiruppur,11.49
21-10-2025 17:00,Bihar,Patna,5.82
07-02-2026 13:00,Karnataka,Mangaluru,45.55
02-04-2025 13:00,Assam,Dhemaji,28.46
18-06-2025 19:00,Tamil Nadu,Coimbatore,16.07
10-09-2025 06:00,Tamil Nadu,Tiruppur,63.85
21-05-2025 02:00,West Bengal,Kolkata,42.33
13-10-2025 11:00,Maharashtra,Nashik,29.86
31-01-2025 05:00,Maharashtra,Kolhapur,104.02124999999998
25-07-2025 14:00,Assam,Dibrugarh,43.17
10-02-2025 18:00,Bihar,Muzaffarpur,34.39
03-02-2025 16:00,Maharashtra,Mumbai,104.02124999999998
05-02-2026 03:00,Tamil Nadu,Thanjavur,102.12
03-03-2025 11:00,Karnataka,Udupi,37.0
05-09-2025 07:00,Kerala,Thrissur,55.84
12-01-2026 12:00,Bihar,Patna,37.21
02-11-2025 15:00,Odisha,Cuttack,76.73
15-06-2025 02:00,Gujarat,Bharuch,33.98
25-09-2025 14:00,Assam,Dibrugarh,57.28
24-07-2025 09:00,Gujarat,Rajkot,44.02
21-02-2025 11:00,West Bengal,Murshidabad,95.89
21-02-2025 01:00,Maharashtra,Mumbai,48.32
02-12-2025 09:00,Bihar,Darbhanga,17.24
22-01-2026 14:00,Odisha,Cuttack,56.2
28-12-2025 07:00,West Bengal,Malda,30.0
06-08-2025 21:00,Maharashtra,Mumbai,50.28
17-10-2025 14:00,West Bengal,Darjeeling,59.68
15-05-2025 01:00,Odisha,Balasore,62.02
12-01-2025 23:00,Assam,Dibrugarh,55.52
29-07-2025 07:00,Maharashtra,Pune,12.04
04-05-2025 14:00,Uttar Pradesh,Kanpur,63.59
12-05-2025 20:00,Karnataka,Bengaluru,71.59
08-09-2025 03:00,Karnataka,Kodagu,18.63
06-01-2026 07:00,Maharashtra,Nashik,86.15
11-03-2025 01:00,Odisha,Cuttack,19.95
24-03-2025 07:00,Tamil Nadu,Coimbatore,86.58
10-04-2025 21:00,Maharashtra,Pune,38.01
19-01-2025 20:00,Tamil Nadu,Coimbatore,28.86
01-12-2025 14:00,Assam,Guwahati,17.19
15-07-2025 16:00,Karnataka,Kodagu,82.99
03-06-2025 09:00,Odisha,Puri,62.85
18-01-2025 14:00,Assam,Dibrugarh,42.66
10-02-2026 05:00,Kerala,Alappuzha,57.05
28-01-2025 09:00,West Bengal,Murshidabad,41.58
18-05-2025 13:00,West Bengal,Murshidabad,30.96
24-09-2025 10:00,West Bengal,Murshidabad,27.07
29-04-2025 13:00,Tamil Nadu,Chennai,14.13
12-12-2025 11:00,Karnataka,Udupi,48.52
09-11-2025 09:00,Assam,Jorhat,42.81
11-02-2025 17:00,Bihar,Muzaffarpur,17.67
24-06-2025 22:00,Uttar Pradesh,Kanpur,55.82
11-04-2025 18:00,Maharashtra,Nagpur,57.01
08-11-2025 18:00,Karnataka,Mysuru,48.36
26-08-2025 18:00,Odisha,Puri,18.3
10-06-2025 07:00,Uttar Pradesh,Kanpur,9.14
10-02-2025 01:00,Tamil Nadu,Madurai,40.03
07-03-2025 20:00,Uttar Pradesh,Kanpur,5.96
28-07-2025 15:00,Maharashtra,Pune,65.17
02-04-2025 22:00,Gujarat,Vadodara,44.23
21-09-2025 00:00,Uttar Pradesh,Prayagraj,28.91
03-02-2026 10:00,West Bengal,Malda,22.8
26-06-2025 07:00,Uttar Pradesh,Varanasi,13.4
01-02-2025 13:00,Assam,Guwahati,16.41
06-04-2025 04:00,Maharashtra,Mumbai,4.45
05-10-2025 15:00,Uttar Pradesh,Kanpur,35.41
18-07-2025 03:00,Tamil Nadu,Madurai,37.92
09-12-2025 03:00,Odisha,Bhubaneswar,21.87
03-02-2025 15:00,Uttar Pradesh,Varanasi,22.92
01-10-2025 23:00,Maharashtra,Nagpur,16.69
18-11-2025 15:00,Maharashtra,Nashik,55.92
23-03-2025 12:00,Uttar Pradesh,Varanasi,23.76
12-04-2025 21:00,Odisha,Kendrapara,72.63
02-09-2025 19:00,Kerala,Kottayam,51.12
07-12-2025 03:00,Bihar,Darbhanga,44.36
13-09-2025 18:00,Kerala,Kottayam,34.18
11-04-2025 02:00,Gujarat,Rajkot,30.44
14-02-2025 17:00,West Bengal,Darjeeling,15.65
01-10-2025 05:00,Uttar Pradesh,Varanasi,44.84
26-06-2025 16:00,Gujarat,Surat,7.1
21-12-2025 13:00,West Bengal,Malda,61.54
29-03-2025 03:00,Assam,Dibrugarh,41.83
08-07-2025 15:00,West Bengal,Howrah,45.33
28-10-2025 02:00,West Bengal,Howrah,21.15
11-10-2025 03:00,Gujarat,Bharuch,42.01
29-10-2025 13:00,Gujarat,Rajkot,55.74
06-11-2025 06:00,Kerala,Kochi,65.02
13-10-2025 09:00,Karnataka,Mysuru,17.55
12-10-2025 20:00,Tamil Nadu,Madurai,19.47
11-02-2025 19:00,Maharashtra,Pune,29.73
15-01-2026 03:00,Tamil Nadu,Chennai,69.08
01-10-2025 10:00,Tamil Nadu,Coimbatore,41.99
22-08-2025 22:00,Kerala,Kottayam,104.02124999999998
13-07-2025 19:00,Maharashtra,Kolhapur,10.73
10-08-2025 09:00,Maharashtra,Kolhapur,29.61
03-03-2025 21:00,Kerala,Kozhikode,20.29
13-11-2025 23:00,Odisha,Balasore,38.52
28-02-2025 19:00,Tamil Nadu,Madurai,61.7
23-01-2026 15:00,Gujarat,Rajkot,6.4
30-01-2025 13:00,Maharashtra,Pune,40.45
13-02-2026 14:00,Uttar Pradesh,Lucknow,97.86
02-12-2025 02:00,Gujarat,Ahmedabad,45.71
28-10-2025 11:00,Tamil Nadu,Tiruppur,9.71
09-05-2025 04:00,Uttar Pradesh,Kanpur,94.37
13-12-2025 10:00,Assam,Jorhat,89.43
20-06-2025 21:00,Odisha,Cuttack,56.83
02-08-2025 02:00,Maharashtra,Pune,33.57
24-04-2025 10:00,Bihar,Patna,20.81
25-01-2026 23:00,West Bengal,Darjeeling,27.74
22-02-2025 20:00,Kerala,Kozhikode,18.37
13-04-2025 14:00,Karnataka,Udupi,43.1
16-08-2025 16:00,Maharashtra,Mumbai,31.58
12-01-2025 04:00,Tamil Nadu,Chennai,104.02124999999998
30-05-2025 04:00,Tamil Nadu,Thanjavur,41.97
11-08-2025 21:00,Maharashtra,Mumbai,53.51
31-10-2025 18:00,Karnataka,Bengaluru,40.63
03-08-2025 21:00,Bihar,Darbhanga,9.59
03-10-2025 01:00,Kerala,Thrissur,23.33
28-04-2025 13:00,Maharashtra,Nashik,34.35
30-08-2025 23:00,Tamil Nadu,Thanjavur,81.78
25-01-2025 13:00,Assam,Dibrugarh,28.85
06-09-2025 03:00,Tamil Nadu,Tiruppur,34.3
07-08-2025 22:00,Bihar,Darbhanga,5.34
05-10-2025 13:00,West Bengal,Malda,62.83
16-11-2025 00:00,Maharashtra,Mumbai,35.17
30-12-2025 13:00,Gujarat,Vadodara,53.99
15-10-2025 08:00,Bihar,Gaya,21.5
13-11-2025 10:00,Gujarat,Surat,63.35
26-03-2025 12:00,Assam,Dibrugarh,28.99
12-10-2025 02:00,Kerala,Kottayam,22.83
29-01-2025 05:00,Tamil Nadu,Tiruppur,9.12
29-08-2025 03:00,Karnataka,Mysuru,51.7
21-02-2025 08:00,Odisha,Cuttack,27.17
09-08-2025 16:00,Odisha,Balasore,41.46
23-10-2025 23:00,Karnataka,Udupi,42.38
29-07-2025 18:00,Maharashtra,Pune,45.79
16-08-2025 04:00,Karnataka,Bengaluru,42.16
12-04-2025 08:00,Gujarat,Vadodara,51.09
21-09-2025 07:00,Assam,Dibrugarh,92.76
12-09-2025 23:00,Bihar,Gaya,3.23
17-01-2026 14:00,Karnataka,Udupi,54.15
19-02-2026 17:00,Maharashtra,Pune,53.22
07-02-2025 08:00,Uttar Pradesh,Prayagraj,49.71
09-03-2025 03:00,Kerala,Kottayam,50.2
27-09-2025 18:00,Maharashtra,Nashik,22.87
16-11-2025 05:00,Maharashtra,Pune,33.44
07-11-2025 20:00,Assam,Guwahati,25.47
08-06-2025 14:00,Odisha,Bhubaneswar,72.25
11-12-2025 17:00,Maharashtra,Mumbai,57.11
29-01-2026 19:00,Kerala,Kozhikode,46.03
15-07-2025 21:00,Tamil Nadu,Chennai,13.92
15-06-2025 01:00,Karnataka,Mangaluru,26.98
14-08-2025 17:00,Gujarat,Ahmedabad,26.67
07-02-2025 02:00,Kerala,Alappuzha,12.39
28-07-2025 07:00,Maharashtra,Nashik,77.97
09-11-2025 18:00,Karnataka,Mysuru,21.81
25-11-2025 09:00,Kerala,Alappuzha,23.9
01-08-2025 07:00,Kerala,Kochi,15.14
16-10-2025 20:00,Maharashtra,Pune,14.49
05-02-2026 17:00,Tamil Nadu,Chennai,24.05
27-04-2025 15:00,Karnataka,Udupi,42.79
25-01-2025 08:00,Assam,Guwahati,14.64
17-05-2025 04:00,West Bengal,Howrah,78.26
13-06-2025 20:00,West Bengal,Howrah,53.71
22-02-2025 12:00,Tamil Nadu,Thanjavur,39.1
16-09-2025 13:00,Gujarat,Ahmedabad,49.49
13-01-2025 22:00,Karnataka,Udupi,104.02124999999998
21-11-2025 13:00,Kerala,Kochi,53.58
27-09-2025 02:00,Odisha,Balasore,3.94
16-09-2025 14:00,Odisha,Balasore,16.9
03-09-2025 02:00,Odisha,Bhubaneswar,48.04
14-07-2025 12:00,Bihar,Bhagalpur,51.02
29-06-2025 02:00,Maharashtra,Pune,17.26
07-06-2025 15:00,Tamil Nadu,Madurai,7.05
12-02-2025 00:00,Gujarat,Rajkot,72.06
15-12-2025 02:00,Karnataka,Bengaluru,15.71
02-04-2025 01:00,Maharashtra,Nagpur,42.3
31-05-2025 23:00,Assam,Guwahati,43.14
21-10-2025 07:00,Gujarat,Surat,23.11
25-07-2025 02:00,Gujarat,Rajkot,8.33
08-02-2026 01:00,Assam,Dibrugarh,10.67
28-11-2025 06:00,Uttar Pradesh,Prayagraj,18.48
13-09-2025 05:00,Kerala,Kochi,49.56
18-07-2025 04:00,Bihar,Bhagalpur,19.05
31-07-2025 10:00,Gujarat,Vadodara,21.84
04-01-2025 18:00,Karnataka,Mangaluru,62.39
06-09-2025 22:00,Bihar,Muzaffarpur,47.9
25-09-2025 10:00,West Bengal,Darjeeling,14.85
27-12-2025 00:00,Karnataka,Udupi,61.84
29-12-2025 02:00,Bihar,Patna,27.35
30-03-2025 05:00,West Bengal,Kolkata,28.61
03-05-2025 09:00,Bihar,Patna,21.21
13-10-2025 02:00,Uttar Pradesh,Varanasi,16.23
10-02-2025 23:00,Karnataka,Mangaluru,19.06
30-10-2025 12:00,Tamil Nadu,Madurai,32.28
21-02-2026 01:00,Kerala,Kochi,29.68
02-05-2025 21:00,Tamil Nadu,Chennai,8.18
10-09-2025 13:00,Gujarat,Bharuch,16.87
14-05-2025 22:00,Karnataka,Mangaluru,60.01
26-09-2025 15:00,Bihar,Gaya,56.09
10-10-2025 11:00,Uttar Pradesh,Varanasi,15.29
21-10-2025 06:00,Gujarat,Rajkot,26.2
24-08-2025 23:00,Odisha,Kendrapara,50.8
27-01-2025 03:00,Karnataka,Bengaluru,41.18
30-11-2025 16:00,Tamil Nadu,Tiruppur,56.42
02-08-2025 13:00,Gujarat,Surat,34.32
18-07-2025 13:00,Assam,Dhemaji,94.93
06-12-2025 07:00,Kerala,Kochi,3.26
04-02-2026 18:00,Odisha,Bhubaneswar,56.64
22-02-2025 21:00,Assam,Dhemaji,16.79
06-01-2025 08:00,Odisha,Cuttack,11.3
12-09-2025 16:00,Uttar Pradesh,Varanasi,49.95
13-03-2025 07:00,West Bengal,Murshidabad,18.17
24-11-2025 14:00,Maharashtra,Nashik,6.95
26-06-2025 11:00,Tamil Nadu,Madurai,14.32
05-08-2025 08:00,Maharashtra,Mumbai,40.85
10-04-2025 22:00,Maharashtra,Nagpur,37.53
15-08-2025 10:00,Odisha,Bhubaneswar,44.28
10-09-2025 09:00,Uttar Pradesh,Prayagraj,52.88
24-01-2026 06:00,Odisha,Cuttack,35.71
19-02-2025 10:00,Gujarat,Vadodara,33.21
08-09-2025 13:00,Assam,Dibrugarh,40.33
13-02-2026 01:00,Odisha,Bhubaneswar,48.88
08-09-2025 14:00,Assam,Guwahati,38.52
24-03-2025 09:00,Kerala,Thrissur,59.14
16-02-2026 23:00,West Bengal,Murshidabad,32.15
26-06-2025 23:00,West Bengal,Murshidabad,17.2
16-11-2025 16:00,Odisha,Puri,61.07
08-02-2025 03:00,Assam,Guwahati,34.67
24-02-2025 09:00,Odisha,Cuttack,56.48
16-08-2025 07:00,West Bengal,Darjeeling,30.88
08-05-2025 01:00,Tamil Nadu,Coimbatore,27.34
01-02-2026 17:00,West Bengal,Darjeeling,22.72
23-02-2025 01:00,Karnataka,Bengaluru,88.18
02-12-2025 15:00,Maharashtra,Kolhapur,27.26
27-04-2025 12:00,Odisha,Cuttack,55.66
28-02-2025 06:00,Gujarat,Bharuch,26.64
20-05-2025 22:00,Kerala,Kottayam,53.87
08-01-2025 15:00,Tamil Nadu,Tiruppur,17.27
14-10-2025 03:00,Tamil Nadu,Thanjavur,31.42
26-08-2025 07:00,Assam,Guwahati,66.2
04-01-2026 03:00,Gujarat,Rajkot,9.43
06-02-2026 02:00,Tamil Nadu,Coimbatore,23.39
15-09-2025 02:00,Kerala,Kottayam,23.29
19-10-2025 03:00,Odisha,Bhubaneswar,38.84
10-07-2025 07:00,Bihar,Bhagalpur,104.02124999999998
09-01-2026 03:00,Odisha,Cuttack,8.11
21-04-2025 16:00,Karnataka,Bengaluru,16.47
13-12-2025 05:00,Bihar,Muzaffarpur,41.52
13-10-2025 17:00,Bihar,Darbhanga,31.75
23-03-2025 17:00,Gujarat,Rajkot,66.48
23-09-2025 23:00,Tamil Nadu,Coimbatore,9.67
04-01-2026 21:00,Uttar Pradesh,Lucknow,44.23
20-02-2026 13:00,Gujarat,Bharuch,61.99
22-02-2025 03:00,Kerala,Kochi,43.41
13-05-2025 08:00,Assam,Jorhat,96.01
20-11-2025 08:00,Assam,Jorhat,9.83
28-07-2025 21:00,Kerala,Kochi,22.72
09-02-2026 09:00,Karnataka,Kodagu,56.08
30-09-2025 11:00,Kerala,Kozhikode,54.7
18-05-2025 01:00,Tamil Nadu,Madurai,1.22
26-09-2025 16:00,Uttar Pradesh,Gorakhpur,73.62
30-12-2025 14:00,Assam,Barpeta,1.98
14-11-2025 03:00,Uttar Pradesh,Gorakhpur,14.97
19-09-2025 11:00,Gujarat,Ahmedabad,12.77
14-10-2025 23:00,Assam,Jorhat,9.03
13-02-2025 19:00,Karnataka,Udupi,47.67
19-06-2025 13:00,Tamil Nadu,Thanjavur,6.48
08-09-2025 22:00,Uttar Pradesh,Kanpur,42.05
20-08-2025 08:00,Tamil Nadu,Thanjavur,62.16
12-01-2025 08:00,Bihar,Gaya,104.02124999999998
27-03-2025 02:00,Kerala,Kozhikode,64.24
18-07-2025 11:00,Bihar,Patna,10.08
10-01-2026 21:00,West Bengal,Kolkata,68.24
05-08-2025 20:00,Tamil Nadu,Madurai,51.88
01-02-2026 05:00,Kerala,Kochi,81.4
15-02-2025 06:00,Kerala,Kozhikode,17.0
15-12-2025 21:00,Kerala,Alappuzha,52.94
19-11-2025 04:00,Kerala,Alappuzha,46.49
10-11-2025 03:00,Assam,Dhemaji,38.8
06-10-2025 06:00,Bihar,Muzaffarpur,37.22
30-06-2025 02:00,Gujarat,Surat,12.89
17-10-2025 10:00,Kerala,Kottayam,77.82
19-11-2025 19:00,West Bengal,Malda,37.97
10-10-2025 04:00,Karnataka,Mysuru,20.83
18-08-2025 22:00,Assam,Dhemaji,54.2
02-08-2025 05:00,Kerala,Thrissur,23.16
15-09-2025 11:00,Tamil Nadu,Thanjavur,20.16
16-07-2025 05:00,Maharashtra,Nagpur,19.45
05-12-2025 09:00,Gujarat,Ahmedabad,104.02124999999998
06-09-2025 17:00,Bihar,Patna,44.72
10-10-2025 16:00,West Bengal,Murshidabad,54.55
25-05-2025 22:00,Bihar,Darbhanga,16.27
17-12-2025 14:00,West Bengal,Murshidabad,48.07
13-06-2025 12:00,Maharashtra,Kolhapur,104.02124999999998
14-03-2025 20:00,Odisha,Puri,44.77
31-01-2025 12:00,Karnataka,Bengaluru,45.95
17-04-2025 09:00,Bihar,Patna,21.43
16-08-2025 10:00,Karnataka,Udupi,60.12
02-09-2025 17:00,Gujarat,Surat,10.55
21-04-2025 22:00,Maharashtra,Nagpur,14.65
27-01-2026 14:00,Bihar,Patna,6.26
26-09-2025 23:00,Kerala,Kottayam,47.73
10-05-2025 17:00,Uttar Pradesh,Varanasi,10.48
18-05-2025 15:00,Uttar Pradesh,Kanpur,37.71
26-02-2025 00:00,Odisha,Kendrapara,41.7
12-03-2025 10:00,Maharashtra,Nashik,31.48
27-10-2025 04:00,Odisha,Balasore,16.05
28-09-2025 19:00,Tamil Nadu,Coimbatore,18.22
18-05-2025 20:00,Kerala,Kochi,47.2
04-03-2025 16:00,Kerala,Alappuzha,33.21
17-03-2025 06:00,Kerala,Thrissur,64.68
19-12-2025 21:00,Tamil Nadu,Madurai,34.69
12-08-2025 17:00,Odisha,Puri,10.64
07-06-2025 23:00,Maharashtra,Nagpur,49.56
01-02-2026 16:00,Assam,Jorhat,83.12
02-11-2025 09:00,Gujarat,Surat,76.2
04-09-2025 05:00,Tamil Nadu,Tiruppur,35.79
12-10-2025 09:00,Gujarat,Bharuch,20.94
30-10-2025 15:00,Karnataka,Bengaluru,5.14
19-03-2025 00:00,Uttar Pradesh,Kanpur,10.51
08-07-2025 00:00,West Bengal,Howrah,39.24
12-04-2025 07:00,Assam,Guwahati,26.85
14-07-2025 04:00,Tamil Nadu,Coimbatore,28.16
06-01-2026 05:00,Gujarat,Vadodara,29.57
21-08-2025 16:00,Uttar Pradesh,Kanpur,5.77
06-01-2025 22:00,Uttar Pradesh,Lucknow,43.64
01-01-2026 00:00,Maharashtra,Pune,5.41
19-01-2026 19:00,Odisha,Bhubaneswar,19.43
08-08-2025 08:00,West Bengal,Kolkata,28.61
23-05-2025 01:00,Uttar Pradesh,Gorakhpur,31.01
16-02-2025 13:00,Odisha,Kendrapara,7.2
15-03-2025 04:00,Assam,Barpeta,46.23
21-01-2025 17:00,Odisha,Balasore,45.25
01-12-2025 15:00,Odisha,Puri,81.17
06-02-2025 06:00,Maharashtra,Mumbai,43.83
20-05-2025 21:00,Maharashtra,Kolhapur,30.87
08-02-2025 00:00,West Bengal,Howrah,19.23
31-01-2025 01:00,Bihar,Patna,44.92
27-04-2025 21:00,Maharashtra,Mumbai,74.8
19-02-2026 07:00,Odisha,Cuttack,29.16
06-02-2025 22:00,Odisha,Bhubaneswar,37.25
04-02-2026 16:00,Odisha,Puri,40.09
02-10-2025 11:00,Bihar,Patna,14.44
04-12-2025 12:00,West Bengal,Malda,48.63
05-03-2025 08:00,Odisha,Cuttack,32.51
29-12-2025 01:00,Bihar,Bhagalpur,23.23
25-04-2025 10:00,Maharashtra,Nashik,48.83
07-10-2025 04:00,Bihar,Gaya,21.64
29-08-2025 15:00,West Bengal,Darjeeling,27.43
14-01-2025 02:00,West Bengal,Howrah,15.85
16-03-2025 23:00,Bihar,Patna,22.6
14-01-2025 15:00,Bihar,Gaya,28.01
24-08-2025 02:00,Odisha,Kendrapara,30.14
25-06-2025 04:00,Assam,Dhemaji,12.17
11-05-2025 09:00,West Bengal,Darjeeling,16.64
13-10-2025 20:00,Maharashtra,Nashik,34.24
17-02-2026 17:00,Karnataka,Kodagu,19.56
15-06-2025 08:00,West Bengal,Darjeeling,54.74
28-08-2025 07:00,Uttar Pradesh,Kanpur,104.02124999999998
17-09-2025 10:00,Gujarat,Ahmedabad,70.26
24-03-2025 05:00,Maharashtra,Pune,45.85
15-01-2025 00:00,Kerala,Alappuzha,49.55
26-04-2025 04:00,West Bengal,Malda,72.15
16-11-2025 04:00,Bihar,Darbhanga,70.13
12-01-2025 11:00,Tamil Nadu,Chennai,24.05
05-05-2025 09:00,West Bengal,Darjeeling,49.63
24-08-2025 06:00,Karnataka,Bengaluru,23.94
01-09-2025 17:00,Kerala,Alappuzha,76.7
25-05-2025 21:00,Assam,Dhemaji,56.2
11-11-2025 22:00,Karnataka,Kodagu,7.16
29-05-2025 06:00,Maharashtra,Pune,32.0
28-04-2025 01:00,Uttar Pradesh,Varanasi,104.02124999999998
15-01-2026 17:00,West Bengal,Malda,15.04
22-07-2025 13:00,Gujarat,Vadodara,13.58
02-10-2025 10:00,Assam,Dhemaji,47.04
23-05-2025 08:00,Odisha,Balasore,21.42
13-01-2025 19:00,Assam,Jorhat,40.3
12-06-2025 20:00,Assam,Barpeta,76.45
15-01-2025 12:00,Kerala,Thrissur,104.02124999999998
04-02-2025 10:00,Kerala,Alappuzha,4.81
31-01-2026 21:00,Odisha,Puri,31.93
06-07-2025 18:00,Uttar Pradesh,Gorakhpur,28.24
02-10-2025 00:00,Karnataka,Udupi,26.14
03-06-2025 10:00,West Bengal,Malda,26.28
02-09-2025 20:00,Maharashtra,Nashik,36.81
16-12-2025 11:00,Odisha,Cuttack,36.27
27-03-2025 13:00,Assam,Guwahati,69.3
03-01-2025 23:00,Assam,Dibrugarh,25.87
18-08-2025 11:00,Maharashtra,Pune,49.45
21-12-2025 18:00,Tamil Nadu,Madurai,17.22
09-11-2025 22:00,West Bengal,Malda,38.93
06-12-2025 15:00,Odisha,Puri,42.55
11-03-2025 10:00,Assam,Guwahati,13.83
24-11-2025 13:00,Uttar Pradesh,Gorakhpur,31.67
17-01-2026 15:00,Tamil Nadu,Madurai,11.39
26-08-2025 00:00,Maharashtra,Mumbai,36.22
02-03-2025 05:00,Kerala,Alappuzha,32.33
06-08-2025 19:00,Karnataka,Mangaluru,33.44
18-10-2025 22:00,Tamil Nadu,Coimbatore,52.97
12-03-2025 15:00,Karnataka,Udupi,30.54
01-05-2025 12:00,West Bengal,Darjeeling,14.08
07-03-2025 14:00,Odisha,Bhubaneswar,54.48
14-05-2025 11:00,Maharashtra,Nashik,26.17
03-07-2025 13:00,Karnataka,Udupi,41.86
09-03-2025 22:00,Odisha,Kendrapara,39.21
16-12-2025 04:00,Kerala,Kottayam,45.58
20-03-2025 09:00,Karnataka,Bengaluru,29.44
03-01-2026 13:00,West Bengal,Darjeeling,14.03
27-09-2025 07:00,West Bengal,Howrah,37.48
05-02-2025 08:00,Bihar,Muzaffarpur,49.05
18-02-2026 11:00,Bihar,Bhagalpur,14.61
15-09-2025 20:00,Odisha,Bhubaneswar,23.09
02-09-2025 13:00,Kerala,Kottayam,98.76
30-04-2025 21:00,West Bengal,Kolkata,7.16
08-01-2025 18:00,Assam,Barpeta,14.55
07-06-2025 11:00,Tamil Nadu,Tiruppur,95.68
18-03-2025 06:00,Tamil Nadu,Tiruppur,74.93
13-12-2025 21:00,Karnataka,Udupi,34.97
21-01-2026 01:00,West Bengal,Kolkata,6.44
23-09-2025 18:00,Maharashtra,Kolhapur,26.11
21-02-2025 10:00,Karnataka,Bengaluru,32.59
18-10-2025 04:00,Gujarat,Ahmedabad,10.74
13-06-2025 03:00,Tamil Nadu,Madurai,9.21
19-01-2025 14:00,Karnataka,Mangaluru,34.49
05-02-2025 04:00,Karnataka,Kodagu,61.8
02-12-2025 22:00,Uttar Pradesh,Lucknow,26.48
14-08-2025 02:00,Assam,Guwahati,33.95
12-04-2025 16:00,Maharashtra,Pune,20.23
10-05-2025 07:00,Bihar,Bhagalpur,80.72
24-12-2025 17:00,Karnataka,Bengaluru,7.55
10-10-2025 23:00,Uttar Pradesh,Gorakhpur,25.67
24-08-2025 10:00,Karnataka,Udupi,30.67
23-02-2025 22:00,Gujarat,Bharuch,66.22
31-07-2025 15:00,Assam,Barpeta,29.87
11-01-2026 16:00,Karnataka,Mysuru,31.25
31-07-2025 03:00,Assam,Jorhat,52.52
24-05-2025 10:00,Bihar,Bhagalpur,49.12
19-12-2025 03:00,Gujarat,Surat,31.85
31-10-2025 01:00,Uttar Pradesh,Kanpur,35.97
12-09-2025 09:00,Odisha,Cuttack,17.22
02-02-2025 08:00,Maharashtra,Nagpur,39.59
09-02-2026 20:00,Gujarat,Rajkot,20.67
31-03-2025 17:00,Maharashtra,Mumbai,9.01
25-07-2025 00:00,West Bengal,Howrah,38.0
12-08-2025 08:00,Maharashtra,Pune,19.11
10-02-2026 15:00,Uttar Pradesh,Kanpur,28.43
06-09-2025 05:00,Kerala,Alappuzha,59.97
17-12-2025 11:00,Assam,Jorhat,104.02124999999998
18-12-2025 08:00,Odisha,Bhubaneswar,17.67
13-05-2025 15:00,Gujarat,Surat,19.97
11-10-2025 00:00,Gujarat,Surat,101.89
14-05-2025 07:00,Odisha,Balasore,83.17
26-01-2026 09:00,Karnataka,Kodagu,34.24
23-02-2025 17:00,West Bengal,Darjeeling,33.99
10-07-2025 21:00,Assam,Dhemaji,62.82
16-09-2025 00:00,Tamil Nadu,Madurai,39.42
08-01-2026 07:00,Odisha,Bhubaneswar,8.21
25-10-2025 21:00,Karnataka,Udupi,104.02124999999998
15-02-2026 06:00,Kerala,Kochi,60.98
21-06-2025 02:00,Bihar,Muzaffarpur,29.3
21-06-2025 22:00,Gujarat,Rajkot,35.75
12-12-2025 20:00,Odisha,Bhubaneswar,48.64
15-06-2025 06:00,Gujarat,Ahmedabad,10.3
20-03-2025 07:00,West Bengal,Murshidabad,21.07
21-12-2025 00:00,Karnataka,Bengaluru,28.71
23-01-2026 11:00,Kerala,Alappuzha,18.45
22-09-2025 12:00,Kerala,Thrissur,49.35
30-05-2025 11:00,Assam,Guwahati,52.21
04-11-2025 04:00,Odisha,Bhubaneswar,27.57
11-06-2025 01:00,Karnataka,Kodagu,22.66
20-12-2025 15:00,Uttar Pradesh,Lucknow,74.79
22-06-2025 03:00,Tamil Nadu,Thanjavur,8.91
13-02-2025 04:00,Maharashtra,Mumbai,22.97
27-01-2025 12:00,Kerala,Kochi,31.89
14-09-2025 09:00,Maharashtra,Kolhapur,41.62
22-06-2025 06:00,Gujarat,Vadodara,56.22
11-08-2025 10:00,West Bengal,Kolkata,31.99
15-02-2025 03:00,Tamil Nadu,Madurai,23.94
05-02-2025 21:00,Bihar,Bhagalpur,59.06
07-02-2025 15:00,Kerala,Thrissur,15.45
08-01-2025 23:00,Odisha,Cuttack,29.38
05-01-2025 13:00,Karnataka,Mangaluru,9.02
05-07-2025 15:00,Kerala,Kozhikode,80.15
22-03-2025 22:00,Tamil Nadu,Thanjavur,75.75
02-09-2025 00:00,Bihar,Bhagalpur,69.03
30-06-2025 11:00,Assam,Guwahati,43.04
22-12-2025 21:00,Odisha,Bhubaneswar,69.67
27-03-2025 00:00,Kerala,Thrissur,29.32
02-11-2025 11:00,Gujarat,Ahmedabad,89.19
01-11-2025 21:00,Assam,Dhemaji,14.34
21-11-2025 03:00,West Bengal,Darjeeling,14.76
14-07-2025 03:00,Gujarat,Rajkot,10.03
01-11-2025 17:00,Gujarat,Bharuch,11.11
26-04-2025 15:00,Karnataka,Mangaluru,52.62
22-06-2025 17:00,Uttar Pradesh,Lucknow,34.77
07-04-2025 19:00,Tamil Nadu,Coimbatore,61.52
01-02-2025 18:00,Gujarat,Surat,28.69
20-04-2025 01:00,West Bengal,Howrah,5.72
11-04-2025 11:00,Odisha,Cuttack,33.45
15-02-2025 14:00,West Bengal,Murshidabad,21.82
15-09-2025 05:00,Karnataka,Kodagu,73.35
21-10-2025 16:00,Assam,Dhemaji,61.78
22-01-2026 08:00,Gujarat,Surat,20.66
11-05-2025 15:00,Tamil Nadu,Tiruppur,68.86
21-11-2025 11:00,Bihar,Bhagalpur,56.14
30-07-2025 00:00,Maharashtra,Nashik,24.77
08-06-2025 13:00,Kerala,Kochi,46.42
06-02-2025 20:00,Gujarat,Surat,25.77
21-04-2025 14:00,Karnataka,Bengaluru,20.61
04-09-2025 17:00,Odisha,Bhubaneswar,104.02124999999998
15-09-2025 19:00,West Bengal,Darjeeling,27.72
03-12-2025 21:00,West Bengal,Murshidabad,77.72
08-10-2025 22:00,Tamil Nadu,Madurai,66.85
14-11-2025 18:00,Odisha,Cuttack,58.6
25-08-2025 16:00,Uttar Pradesh,Varanasi,32.9
19-10-2025 23:00,Kerala,Kozhikode,21.0
08-02-2026 14:00,West Bengal,Howrah,57.5
02-04-2025 18:00,Assam,Barpeta,39.99
12-09-2025 11:00,Odisha,Balasore,29.94
25-09-2025 09:00,Odisha,Cuttack,41.3
22-02-2025 14:00,Bihar,Darbhanga,74.13
16-12-2025 03:00,Tamil Nadu,Tiruppur,11.38
10-02-2025 15:00,Bihar,Patna,37.2
31-08-2025 23:00,Kerala,Thrissur,46.02
25-07-2025 05:00,Odisha,Kendrapara,19.11
09-02-2025 05:00,Assam,Dibrugarh,19.57
16-07-2025 19:00,Tamil Nadu,Thanjavur,55.81
10-04-2025 11:00,Karnataka,Mysuru,79.36
10-02-2026 08:00,Uttar Pradesh,Kanpur,27.03
29-07-2025 05:00,Maharashtra,Nagpur,78.44
02-07-2025 23:00,Bihar,Bhagalpur,83.03
03-08-2025 12:00,Kerala,Kozhikode,25.66
15-05-2025 05:00,West Bengal,Howrah,47.04
11-06-2025 18:00,Maharashtra,Kolhapur,19.07
29-01-2026 06:00,Gujarat,Ahmedabad,60.81
04-10-2025 00:00,Karnataka,Mysuru,12.26
04-09-2025 14:00,Maharashtra,Pune,20.18
27-04-2025 05:00,Maharashtra,Nagpur,26.19
09-02-2025 08:00,Karnataka,Kodagu,70.09
07-01-2026 04:00,Kerala,Kochi,6.69
19-03-2025 09:00,West Bengal,Howrah,61.83
14-01-2026 08:00,Odisha,Balasore,19.73
21-06-2025 04:00,Tamil Nadu,Thanjavur,26.65
21-12-2025 17:00,Tamil Nadu,Chennai,35.13
16-05-2025 15:00,Karnataka,Mangaluru,37.03
23-04-2025 02:00,Uttar Pradesh,Lucknow,64.49
01-02-2026 08:00,Maharashtra,Mumbai,7.13
18-10-2025 01:00,Gujarat,Surat,32.34
24-02-2025 23:00,Odisha,Kendrapara,38.67
06-01-2026 02:00,Odisha,Cuttack,46.74
16-02-2026 16:00,Uttar Pradesh,Kanpur,6.04
04-08-2025 02:00,Kerala,Kochi,29.31
31-08-2025 21:00,Odisha,Balasore,31.53
28-11-2025 09:00,Uttar Pradesh,Varanasi,55.27
06-09-2025 06:00,Assam,Dibrugarh,23.93
22-01-2026 07:00,Tamil Nadu,Madurai,17.54
25-05-2025 19:00,Gujarat,Vadodara,9.54
27-05-2025 01:00,Assam,Guwahati,71.01
17-07-2025 21:00,Karnataka,Bengaluru,26.91
14-04-2025 05:00,Maharashtra,Pune,30.37
31-01-2026 10:00,Bihar,Gaya,32.15
03-10-2025 15:00,Gujarat,Ahmedabad,29.23
05-11-2025 21:00,West Bengal,Malda,37.21
13-11-2025 02:00,Odisha,Kendrapara,56.17
11-08-2025 16:00,Maharashtra,Kolhapur,34.09
15-02-2026 23:00,Bihar,Muzaffarpur,58.76
24-10-2025 07:00,Kerala,Kottayam,25.79
20-03-2025 02:00,Uttar Pradesh,Gorakhpur,104.02124999999998
21-12-2025 20:00,West Bengal,Malda,69.08
08-08-2025 14:00,Karnataka,Bengaluru,38.81
01-08-2025 08:00,Tamil Nadu,Chennai,65.5
02-05-2025 00:00,Bihar,Darbhanga,11.56
24-01-2025 18:00,Kerala,Alappuzha,62.67
02-03-2025 08:00,Assam,Barpeta,24.84
06-09-2025 12:00,Karnataka,Kodagu,20.4
18-09-2025 02:00,Maharashtra,Nashik,6.15
22-09-2025 11:00,Karnataka,Udupi,38.29
25-11-2025 02:00,Gujarat,Rajkot,43.07
14-02-2026 00:00,Tamil Nadu,Chennai,20.73
15-05-2025 10:00,Karnataka,Bengaluru,69.81
11-02-2026 00:00,West Bengal,Kolkata,22.32
15-06-2025 18:00,Bihar,Gaya,14.7
02-07-2025 15:00,Kerala,Kozhikode,75.11
24-11-2025 08:00,Uttar Pradesh,Prayagraj,43.67
28-05-2025 11:00,Assam,Dibrugarh,45.82
25-08-2025 18:00,Assam,Jorhat,3.62
28-04-2025 19:00,Maharashtra,Kolhapur,70.1
16-11-2025 02:00,Uttar Pradesh,Prayagraj,9.54
28-07-2025 04:00,Maharashtra,Mumbai,14.69
25-02-2025 18:00,Gujarat,Surat,45.97
16-05-2025 22:00,Odisha,Balasore,16.93
24-09-2025 02:00,Kerala,Kozhikode,15.03
28-11-2025 07:00,Tamil Nadu,Chennai,25.7
28-01-2025 02:00,Tamil Nadu,Thanjavur,36.41
01-05-2025 22:00,Karnataka,Kodagu,5.43
05-04-2025 02:00,West Bengal,Malda,79.44
05-11-2025 10:00,Bihar,Bhagalpur,5.66
27-05-2025 17:00,Bihar,Bhagalpur,31.78
24-04-2025 18:00,Tamil Nadu,Chennai,39.44
18-08-2025 00:00,Odisha,Cuttack,48.4
06-07-2025 14:00,Bihar,Darbhanga,36.26
08-03-2025 12:00,West Bengal,Darjeeling,66.84
22-10-2025 10:00,Assam,Dibrugarh,42.42
18-04-2025 16:00,Uttar Pradesh,Gorakhpur,103.62
15-08-2025 17:00,West Bengal,Kolkata,78.5
14-05-2025 04:00,Gujarat,Vadodara,57.13
22-12-2025 03:00,Assam,Barpeta,17.69
17-11-2025 02:00,Gujarat,Surat,23.81
13-08-2025 00:00,Gujarat,Bharuch,35.23
22-02-2025 10:00,Bihar,Patna,78.98
08-08-2025 21:00,Odisha,Balasore,47.04
11-02-2025 07:00,West Bengal,Malda,58.75
27-05-2025 00:00,Assam,Jorhat,18.39
05-01-2025 17:00,Karnataka,Udupi,37.55
08-02-2025 07:00,Assam,Barpeta,17.69
15-04-2025 13:00,Maharashtra,Nashik,28.86
27-01-2026 20:00,Odisha,Balasore,21.88
07-01-2025 21:00,Tamil Nadu,Tiruppur,39.62
08-08-2025 07:00,Karnataka,Mangaluru,21.66
11-07-2025 19:00,Tamil Nadu,Chennai,12.38
09-02-2025 13:00,Karnataka,Bengaluru,63.57
11-07-2025 10:00,Tamil Nadu,Thanjavur,16.29
27-08-2025 15:00,Gujarat,Surat,42.57
07-06-2025 02:00,Tamil Nadu,Chennai,23.38
15-04-2025 10:00,Maharashtra,Pune,66.26
01-08-2025 19:00,Uttar Pradesh,Gorakhpur,32.97
29-04-2025 18:00,Karnataka,Kodagu,21.74
28-09-2025 05:00,Maharashtra,Pune,8.7
12-08-2025 10:00,Kerala,Kottayam,35.5
07-11-2025 02:00,West Bengal,Malda,23.08
05-07-2025 06:00,Gujarat,Surat,18.82
05-07-2025 20:00,West Bengal,Kolkata,81.44
01-02-2026 09:00,Bihar,Muzaffarpur,25.06
15-04-2025 09:00,Assam,Dhemaji,31.85
16-02-2025 10:00,Odisha,Cuttack,43.48
16-12-2025 21:00,Maharashtra,Nashik,55.31
13-01-2025 10:00,Karnataka,Mysuru,60.88
11-03-2025 19:00,Bihar,Muzaffarpur,36.14
20-05-2025 11:00,Odisha,Puri,13.12
24-04-2025 23:00,Uttar Pradesh,Lucknow,51.3
22-11-2025 19:00,Tamil Nadu,Thanjavur,56.31
27-07-2025 20:00,Assam,Barpeta,31.22
17-02-2026 06:00,Gujarat,Surat,24.51
31-08-2025 09:00,Assam,Dhemaji,47.71
30-06-2025 05:00,Karnataka,Kodagu,32.26
07-10-2025 23:00,Odisha,Puri,40.23
02-01-2026 02:00,Maharashtra,Nagpur,49.84
09-07-2025 14:00,Gujarat,Vadodara,104.02124999999998
24-12-2025 04:00,Assam,Jorhat,16.59
23-11-2025 23:00,Karnataka,Mysuru,11.21
29-03-2025 15:00,West Bengal,Howrah,62.16
31-08-2025 05:00,Assam,Dhemaji,33.04
15-01-2026 08:00,Kerala,Thrissur,38.81
07-11-2025 13:00,Uttar Pradesh,Prayagraj,99.04
18-03-2025 13:00,Assam,Barpeta,93.86
26-11-2025 06:00,Bihar,Muzaffarpur,13.05
13-12-2025 14:00,Kerala,Thrissur,26.4
30-12-2025 11:00,Karnataka,Mangaluru,31.39
26-01-2025 07:00,Bihar,Muzaffarpur,104.02124999999998
15-12-2025 22:00,Gujarat,Surat,50.11
15-02-2025 13:00,Kerala,Kottayam,72.73
24-09-2025 03:00,Tamil Nadu,Coimbatore,104.02124999999998
29-09-2025 01:00,Karnataka,Mangaluru,12.27
09-01-2026 12:00,Karnataka,Kodagu,10.19
06-07-2025 23:00,Gujarat,Bharuch,41.32
07-01-2025 16:00,West Bengal,Darjeeling,46.81
09-01-2025 11:00,West Bengal,Murshidabad,72.46
21-10-2025 08:00,West Bengal,Darjeeling,104.02124999999998
03-09-2025 13:00,Gujarat,Surat,46.98
25-07-2025 13:00,Karnataka,Udupi,17.99
03-05-2025 06:00,Tamil Nadu,Thanjavur,72.23
02-11-2025 02:00,Karnataka,Mangaluru,63.04
12-04-2025 11:00,Uttar Pradesh,Lucknow,19.94
21-02-2025 06:00,Maharashtra,Nagpur,38.93
28-12-2025 11:00,Uttar Pradesh,Prayagraj,98.32
07-05-2025 22:00,Maharashtra,Nagpur,48.17
07-02-2026 06:00,Kerala,Alappuzha,30.29
17-12-2025 19:00,Gujarat,Ahmedabad,38.34
16-11-2025 10:00,West Bengal,Howrah,32.37
24-09-2025 23:00,Tamil Nadu,Chennai,52.27
27-06-2025 03:00,Gujarat,Ahmedabad,22.1
21-08-2025 09:00,Karnataka,Bengaluru,12.73
18-05-2025 05:00,West Bengal,Darjeeling,32.73
18-06-2025 02:00,Assam,Dibrugarh,44.07
05-12-2025 00:00,Odisha,Puri,40.25
28-06-2025 18:00,West Bengal,Darjeeling,30.19
30-06-2025 14:00,Kerala,Alappuzha,40.59
05-09-2025 03:00,Assam,Dibrugarh,49.05
11-06-2025 13:00,Odisha,Balasore,61.55
15-08-2025 04:00,West Bengal,Howrah,65.66
18-07-2025 01:00,Uttar Pradesh,Prayagraj,58.23
23-07-2025 14:00,Odisha,Balasore,53.86
05-02-2025 17:00,West Bengal,Malda,42.67
10-12-2025 01:00,Tamil Nadu,Thanjavur,36.3
15-12-2025 23:00,Odisha,Balasore,12.09
17-04-2025 17:00,Uttar Pradesh,Lucknow,40.31
08-06-2025 09:00,Odisha,Kendrapara,69.85
21-04-2025 00:00,Uttar Pradesh,Kanpur,17.29
07-02-2026 15:00,Maharashtra,Pune,103.22
07-07-2025 02:00,Tamil Nadu,Madurai,29.02
08-04-2025 19:00,Kerala,Kottayam,24.16
28-01-2025 01:00,Tamil Nadu,Thanjavur,16.64
26-04-2025 21:00,Kerala,Kochi,19.76
24-08-2025 12:00,Kerala,Thrissur,52.37
22-12-2025 23:00,Tamil Nadu,Chennai,11.69
28-12-2025 13:00,Kerala,Alappuzha,57.21
26-09-2025 01:00,Bihar,Bhagalpur,48.55
26-01-2025 15:00,Bihar,Darbhanga,24.65
19-12-2025 00:00,Uttar Pradesh,Lucknow,78.82
18-04-2025 07:00,Uttar Pradesh,Gorakhpur,5.93
03-01-2025 05:00,Kerala,Alappuzha,27.41
20-05-2025 04:00,Karnataka,Mysuru,11.84
21-10-2025 05:00,West Bengal,Darjeeling,26.52
13-03-2025 01:00,West Bengal,Murshidabad,28.53
13-01-2026 12:00,West Bengal,Darjeeling,76.88
25-01-2026 16:00,West Bengal,Howrah,104.02124999999998
04-03-2025 05:00,West Bengal,Kolkata,31.27
20-02-2026 03:00,Bihar,Muzaffarpur,96.24
23-08-2025 16:00,Bihar,Muzaffarpur,43.56
03-02-2025 11:00,Gujarat,Vadodara,104.02124999999998
26-07-2025 09:00,Assam,Barpeta,20.67
16-10-2025 21:00,Tamil Nadu,Madurai,26.72
24-10-2025 00:00,West Bengal,Murshidabad,22.83
11-02-2025 06:00,Bihar,Darbhanga,30.96
26-04-2025 14:00,Uttar Pradesh,Prayagraj,69.47
08-11-2025 06:00,Uttar Pradesh,Kanpur,76.28
25-09-2025 11:00,Tamil Nadu,Madurai,38.57
27-05-2025 09:00,Bihar,Gaya,67.03
17-08-2025 06:00,Uttar Pradesh,Kanpur,9.34
17-12-2025 00:00,Odisha,Cuttack,28.44
10-01-2025 03:00,Bihar,Gaya,46.24
18-10-2025 09:00,Kerala,Kottayam,7.91
23-02-2025 16:00,West Bengal,Murshidabad,12.75
12-05-2025 19:00,Odisha,Kendrapara,37.65
14-07-2025 22:00,West Bengal,Murshidabad,72.13
20-04-2025 02:00,Gujarat,Vadodara,11.63
31-05-2025 12:00,Gujarat,Vadodara,54.36
02-01-2025 19:00,Uttar Pradesh,Lucknow,62.44
04-12-2025 06:00,Maharashtra,Nashik,26.23
15-12-2025 20:00,Maharashtra,Nagpur,63.78
08-06-2025 00:00,Maharashtra,Pune,56.8
29-05-2025 19:00,Karnataka,Mysuru,35.47
20-02-2026 20:00,Gujarat,Vadodara,25.02
04-03-2025 15:00,Maharashtra,Nagpur,45.05
20-08-2025 12:00,Kerala,Kozhikode,28.01
14-02-2026 14:00,Uttar Pradesh,Gorakhpur,39.9
24-05-2025 07:00,Maharashtra,Mumbai,28.3
20-03-2025 20:00,Assam,Guwahati,70.21
24-01-2026 11:00,Gujarat,Vadodara,30.29
07-08-2025 23:00,Karnataka,Bengaluru,38.14
23-03-2025 11:00,Gujarat,Ahmedabad,30.31
04-08-2025 07:00,Maharashtra,Nashik,16.63
20-07-2025 14:00,Assam,Barpeta,62.06
19-09-2025 00:00,Uttar Pradesh,Prayagraj,13.0
04-03-2025 17:00,Maharashtra,Mumbai,19.94
28-01-2025 22:00,Karnataka,Kodagu,17.52
07-01-2026 03:00,Assam,Guwahati,32.34
21-10-2025 23:00,Bihar,Bhagalpur,30.33
07-02-2025 09:00,Bihar,Bhagalpur,80.59
15-09-2025 10:00,Karnataka,Kodagu,9.67
22-04-2025 02:00,Odisha,Bhubaneswar,45.49
14-05-2025 01:00,Karnataka,Udupi,46.24
01-05-2025 10:00,Kerala,Kochi,19.2
20-11-2025 21:00,Kerala,Kottayam,45.81
20-04-2025 05:00,Tamil Nadu,Madurai,5.18
08-09-2025 08:00,West Bengal,Darjeeling,21.39
06-09-2025 04:00,Maharashtra,Nagpur,95.21
01-01-2025 02:00,Bihar,Darbhanga,37.08
09-04-2025 18:00,Karnataka,Udupi,29.15
26-11-2025 18:00,Odisha,Puri,28.08
15-03-2025 17:00,Bihar,Patna,72.09
21-12-2025 10:00,Odisha,Cuttack,8.62
09-09-2025 01:00,Assam,Dhemaji,68.77
23-01-2025 03:00,Gujarat,Surat,23.24
30-12-2025 12:00,Tamil Nadu,Tiruppur,42.56
27-12-2025 09:00,Uttar Pradesh,Lucknow,49.13
25-11-2025 01:00,Tamil Nadu,Madurai,59.59
06-01-2026 10:00,Gujarat,Surat,21.31
11-05-2025 00:00,Bihar,Patna,18.29
11-01-2026 22:00,Gujarat,Ahmedabad,30.81
31-01-2025 11:00,Kerala,Kozhikode,61.8
22-05-2025 22:00,West Bengal,Howrah,14.75
08-04-2025 11:00,Bihar,Patna,60.26
06-09-2025 15:00,Bihar,Darbhanga,6.08
02-10-2025 04:00,Kerala,Alappuzha,30.89
17-04-2025 21:00,Kerala,Kottayam,80.38
18-11-2025 22:00,Bihar,Darbhanga,83.22
22-11-2025 20:00,Kerala,Thrissur,33.68
07-10-2025 17:00,Odisha,Cuttack,81.86
19-10-2025 11:00,Odisha,Bhubaneswar,88.88
17-10-2025 06:00,Assam,Barpeta,29.33
21-11-2025 18:00,Tamil Nadu,Chennai,16.64
09-01-2026 23:00,Tamil Nadu,Tiruppur,25.5
22-02-2025 07:00,Assam,Dhemaji,104.02124999999998
29-03-2025 16:00,Karnataka,Mysuru,19.23
08-10-2025 14:00,Gujarat,Surat,66.08
12-02-2026 10:00,Odisha,Kendrapara,65.38
17-09-2025 08:00,Bihar,Patna,15.54
17-01-2026 06:00,Bihar,Patna,48.87
28-07-2025 02:00,Gujarat,Bharuch,57.17
09-01-2026 17:00,Kerala,Alappuzha,28.91
12-10-2025 23:00,Karnataka,Bengaluru,17.95
30-07-2025 17:00,Karnataka,Mysuru,98.93
01-09-2025 14:00,Tamil Nadu,Madurai,39.55
04-07-2025 18:00,Maharashtra,Pune,75.37
26-05-2025 04:00,West Bengal,Darjeeling,16.94
31-01-2026 13:00,Uttar Pradesh,Kanpur,52.48
10-08-2025 14:00,Gujarat,Bharuch,104.02124999999998
09-06-2025 00:00,Tamil Nadu,Madurai,41.74
27-08-2025 17:00,Gujarat,Rajkot,74.12
06-01-2026 23:00,Maharashtra,Kolhapur,37.57
23-11-2025 16:00,Assam,Dhemaji,38.81
17-02-2026 01:00,Uttar Pradesh,Kanpur,27.51
09-03-2025 13:00,Odisha,Bhubaneswar,23.09
28-01-2026 15:00,West Bengal,Howrah,13.51
20-09-2025 19:00,Kerala,Kozhikode,59.77
23-01-2026 16:00,Bihar,Patna,20.6
06-01-2026 22:00,Uttar Pradesh,Gorakhpur,42.8
15-02-2025 16:00,Maharashtra,Mumbai,63.4
02-12-2025 17:00,Odisha,Cuttack,19.43
31-01-2026 01:00,Maharashtra,Kolhapur,31.03
13-04-2025 15:00,Maharashtra,Nagpur,52.55
12-12-2025 09:00,Uttar Pradesh,Kanpur,92.39
16-03-2025 12:00,Karnataka,Mangaluru,11.64
11-01-2025 10:00,Bihar,Muzaffarpur,46.92
18-02-2026 14:00,Odisha,Bhubaneswar,55.9
15-09-2025 23:00,West Bengal,Howrah,7.59
07-02-2026 02:00,Karnataka,Mangaluru,2.13
09-01-2025 00:00,Bihar,Bhagalpur,104.02124999999998
04-02-2025 04:00,Gujarat,Surat,7.55
06-02-2026 03:00,Uttar Pradesh,Varanasi,55.44
27-08-2025 02:00,Assam,Jorhat,44.84
27-10-2025 19:00,Maharashtra,Kolhapur,25.33
27-08-2025 03:00,Odisha,Puri,11.95
03-07-2025 08:00,Assam,Dhemaji,67.04
23-01-2026 02:00,Odisha,Kendrapara,24.01
13-08-2025 12:00,West Bengal,Murshidabad,19.98
23-06-2025 14:00,Bihar,Gaya,25.41
26-07-2025 07:00,Gujarat,Vadodara,11.26
22-04-2025 23:00,West Bengal,Howrah,13.36
02-07-2025 22:00,Maharashtra,Nashik,47.72
02-09-2025 04:00,Assam,Dibrugarh,39.14
07-09-2025 05:00,West Bengal,Murshidabad,28.98
25-07-2025 07:00,Kerala,Kozhikode,21.95
08-10-2025 15:00,Uttar Pradesh,Varanasi,40.1
19-04-2025 15:00,West Bengal,Howrah,19.94
08-11-2025 02:00,Gujarat,Vadodara,68.08
10-01-2025 22:00,Uttar Pradesh,Gorakhpur,42.32
17-06-2025 07:00,Karnataka,Udupi,12.7
21-01-2026 22:00,Odisha,Bhubaneswar,8.04
05-05-2025 01:00,Uttar Pradesh,Prayagraj,45.16
27-08-2025 00:00,Bihar,Muzaffarpur,36.14
15-02-2026 16:00,Odisha,Puri,24.64
17-08-2025 01:00,Uttar Pradesh,Prayagraj,11.53
09-02-2025 09:00,Odisha,Balasore,16.6
10-12-2025 19:00,Odisha,Puri,60.28
17-11-2025 01:00,Odisha,Bhubaneswar,68.09
01-08-2025 09:00,Kerala,Alappuzha,65.13
11-10-2025 13:00,Uttar Pradesh,Prayagraj,91.16
30-08-2025 19:00,Karnataka,Mangaluru,8.24
29-05-2025 00:00,Kerala,Thrissur,54.01
20-02-2026 09:00,Tamil Nadu,Madurai,36.29
21-05-2025 00:00,Uttar Pradesh,Kanpur,26.59
10-12-2025 17:00,Uttar Pradesh,Gorakhpur,9.44
11-04-2025 10:00,Karnataka,Udupi,27.14
07-07-2025 19:00,Uttar Pradesh,Prayagraj,18.37
19-12-2025 14:00,Karnataka,Mysuru,45.34
15-06-2025 22:00,Uttar Pradesh,Prayagraj,3.31
07-01-2025 02:00,Uttar Pradesh,Lucknow,10.42
05-10-2025 00:00,Maharashtra,Mumbai,33.92
06-04-2025 14:00,Bihar,Patna,8.54
04-04-2025 21:00,Bihar,Patna,24.47
31-05-2025 11:00,Assam,Dhemaji,56.82
12-08-2025 01:00,Uttar Pradesh,Lucknow,52.0
14-03-2025 08:00,West Bengal,Darjeeling,8.77
26-11-2025 19:00,Assam,Dhemaji,30.51
16-11-2025 03:00,West Bengal,Malda,71.87
05-01-2025 18:00,Tamil Nadu,Madurai,38.69
05-01-2026 04:00,Odisha,Kendrapara,43.81
24-08-2025 09:00,Gujarat,Vadodara,54.45
15-02-2026 04:00,Gujarat,Ahmedabad,43.29
21-01-2025 18:00,Uttar Pradesh,Gorakhpur,15.66
22-11-2025 22:00,Odisha,Bhubaneswar,52.94
31-01-2025 00:00,Gujarat,Vadodara,9.53
30-10-2025 10:00,Kerala,Kottayam,47.99
04-01-2026 11:00,Assam,Guwahati,64.75
27-08-2025 18:00,Odisha,Bhubaneswar,87.95
09-05-2025 17:00,Odisha,Kendrapara,104.02124999999998
29-10-2025 02:00,Karnataka,Mysuru,83.25
01-11-2025 10:00,West Bengal,Murshidabad,42.41
29-09-2025 04:00,West Bengal,Howrah,79.83
25-01-2025 20:00,Kerala,Thrissur,42.7
14-01-2026 20:00,Maharashtra,Mumbai,76.15
11-09-2025 23:00,Gujarat,Ahmedabad,10.39
10-09-2025 05:00,Gujarat,Ahmedabad,11.1
04-08-2025 04:00,Karnataka,Mysuru,11.01
10-03-2025 15:00,Maharashtra,Mumbai,9.61
07-12-2025 07:00,Gujarat,Surat,15.5
16-10-2025 08:00,West Bengal,Kolkata,97.83
23-04-2025 12:00,Odisha,Kendrapara,94.36
08-12-2025 19:00,Assam,Dibrugarh,67.05
12-03-2025 20:00,Kerala,Kottayam,9.21
08-01-2026 15:00,Gujarat,Bharuch,61.81
14-08-2025 04:00,Tamil Nadu,Tiruppur,23.0
28-10-2025 19:00,Karnataka,Kodagu,71.26
09-11-2025 14:00,Tamil Nadu,Thanjavur,32.45
03-05-2025 14:00,Odisha,Bhubaneswar,24.1
20-09-2025 13:00,Kerala,Kottayam,49.06
04-01-2025 14:00,Karnataka,Bengaluru,38.59
07-04-2025 04:00,Uttar Pradesh,Gorakhpur,104.02124999999998
22-04-2025 13:00,Kerala,Kochi,14.16
09-12-2025 08:00,Karnataka,Mangaluru,38.37
19-11-2025 01:00,Assam,Barpeta,43.25
19-04-2025 02:00,Odisha,Puri,24.03
03-09-2025 04:00,Assam,Guwahati,57.72
12-02-2025 21:00,Karnataka,Mysuru,7.49
06-01-2025 16:00,Uttar Pradesh,Lucknow,27.2
12-10-2025 15:00,Kerala,Kottayam,47.62
22-11-2025 14:00,Bihar,Bhagalpur,36.19
29-04-2025 22:00,Tamil Nadu,Tiruppur,43.46
03-07-2025 17:00,Tamil Nadu,Coimbatore,55.78
20-02-2025 00:00,Uttar Pradesh,Prayagraj,75.58
16-07-2025 13:00,Kerala,Alappuzha,45.89
01-02-2026 13:00,Maharashtra,Pune,90.45
02-10-2025 18:00,Odisha,Kendrapara,68.14
24-01-2025 14:00,Gujarat,Bharuch,12.17
02-11-2025 08:00,West Bengal,Murshidabad,49.11
15-08-2025 06:00,Uttar Pradesh,Lucknow,22.79
13-06-2025 15:00,West Bengal,Malda,65.51
10-09-2025 07:00,Maharashtra,Nashik,101.22
13-11-2025 05:00,Maharashtra,Mumbai,29.11
24-10-2025 18:00,Tamil Nadu,Madurai,25.19
01-10-2025 20:00,Gujarat,Rajkot,18.1
30-09-2025 07:00,Kerala,Kozhikode,89.89
07-01-2026 09:00,Bihar,Bhagalpur,32.29
11-12-2025 19:00,Bihar,Bhagalpur,93.3
08-04-2025 02:00,Gujarat,Rajkot,35.98
27-05-2025 11:00,Tamil Nadu,Tiruppur,75.46
02-04-2025 03:00,Maharashtra,Kolhapur,13.29
09-01-2025 03:00,Bihar,Muzaffarpur,47.77
30-10-2025 09:00,Kerala,Kottayam,42.57
25-08-2025 02:00,Uttar Pradesh,Gorakhpur,62.39
30-07-2025 19:00,Kerala,Alappuzha,65.84
03-02-2025 10:00,West Bengal,Murshidabad,12.78
04-01-2026 16:00,Karnataka,Udupi,26.62
18-02-2026 16:00,West Bengal,Malda,41.74
28-03-2025 04:00,Maharashtra,Mumbai,48.52
14-01-2026 10:00,Uttar Pradesh,Kanpur,19.27
31-12-2025 08:00,Tamil Nadu,Chennai,17.77
27-01-2025 20:00,Tamil Nadu,Coimbatore,28.8
26-01-2026 14:00,Assam,Dibrugarh,73.15
01-08-2025 15:00,Gujarat,Ahmedabad,24.69
16-08-2025 12:00,Bihar,Gaya,22.61
10-03-2025 05:00,Uttar Pradesh,Varanasi,4.85
06-01-2025 00:00,Gujarat,Rajkot,14.15
05-05-2025 05:00,Maharashtra,Pune,37.05
31-07-2025 05:00,Tamil Nadu,Thanjavur,92.19
09-05-2025 02:00,Maharashtra,Pune,61.33
07-01-2026 23:00,Karnataka,Mangaluru,39.34
17-05-2025 14:00,Odisha,Puri,42.11
30-03-2025 23:00,Tamil Nadu,Madurai,15.23
08-01-2026 13:00,Karnataka,Mangaluru,11.98
27-07-2025 02:00,West Bengal,Darjeeling,21.75
16-09-2025 03:00,Gujarat,Bharuch,30.93
06-01-2025 14:00,Kerala,Alappuzha,37.83
19-11-2025 03:00,Odisha,Balasore,11.9
10-08-2025 20:00,Odisha,Balasore,37.81
06-02-2026 16:00,Gujarat,Surat,15.51
14-09-2025 16:00,Gujarat,Surat,11.91
17-04-2025 15:00,Gujarat,Bharuch,30.89
03-01-2025 14:00,Kerala,Kozhikode,1.11
26-02-2025 14:00,Assam,Guwahati,16.89
08-10-2025 05:00,Assam,Dibrugarh,11.3
13-04-2025 19:00,Tamil Nadu,Madurai,19.9
29-01-2025 07:00,Bihar,Bhagalpur,42.2
11-10-2025 05:00,Odisha,Balasore,26.41
31-01-2025 21:00,Bihar,Darbhanga,22.33
10-08-2025 03:00,Karnataka,Mangaluru,34.88
14-11-2025 19:00,Bihar,Darbhanga,28.13
01-06-2025 17:00,Bihar,Gaya,91.55
19-01-2025 12:00,Bihar,Muzaffarpur,43.03
06-12-2025 04:00,Bihar,Patna,47.35
16-05-2025 18:00,Uttar Pradesh,Varanasi,52.41
14-07-2025 07:00,Odisha,Kendrapara,22.27
20-03-2025 01:00,Karnataka,Udupi,34.36
23-09-2025 06:00,Maharashtra,Nagpur,53.84
19-04-2025 04:00,Tamil Nadu,Tiruppur,4.41
13-03-2025 13:00,Karnataka,Bengaluru,24.64
02-05-2025 08:00,Gujarat,Surat,66.51
29-04-2025 11:00,Assam,Dibrugarh,47.44
17-06-2025 19:00,Kerala,Thrissur,18.27
17-08-2025 16:00,Uttar Pradesh,Varanasi,18.84
26-12-2025 18:00,Bihar,Bhagalpur,24.78
01-12-2025 21:00,Tamil Nadu,Chennai,44.2
20-01-2026 16:00,Odisha,Balasore,15.63
21-01-2025 09:00,Kerala,Kozhikode,26.87
21-01-2025 13:00,Odisha,Kendrapara,5.63
29-01-2025 18:00,Tamil Nadu,Thanjavur,51.01
09-06-2025 05:00,Assam,Jorhat,21.8
26-01-2025 02:00,West Bengal,Darjeeling,35.96
21-03-2025 15:00,West Bengal,Murshidabad,25.66
12-02-2025 06:00,Bihar,Bhagalpur,8.48
14-09-2025 12:00,Uttar Pradesh,Kanpur,32.39
25-03-2025 01:00,Uttar Pradesh,Varanasi,4.53
29-08-2025 09:00,Maharashtra,Nagpur,27.26
06-06-2025 13:00,Tamil Nadu,Thanjavur,59.32
09-04-2025 14:00,West Bengal,Murshidabad,23.38
09-08-2025 03:00,Assam,Dhemaji,22.51
02-07-2025 02:00,Tamil Nadu,Thanjavur,4.72
14-10-2025 19:00,Odisha,Balasore,17.38
20-10-2025 03:00,Kerala,Kozhikode,39.91
26-02-2025 17:00,Karnataka,Udupi,18.04
19-12-2025 13:00,Odisha,Balasore,28.87
05-03-2025 14:00,Gujarat,Ahmedabad,21.09
25-02-2025 07:00,Gujarat,Vadodara,103.34
21-12-2025 11:00,Uttar Pradesh,Gorakhpur,59.33
12-01-2026 07:00,Odisha,Bhubaneswar,104.02124999999998
06-03-2025 15:00,Gujarat,Vadodara,104.02124999999998
20-11-2025 17:00,West Bengal,Malda,19.53
17-02-2026 20:00,Karnataka,Udupi,28.79
25-02-2025 17:00,Tamil Nadu,Thanjavur,51.6
12-06-2025 13:00,Karnataka,Kodagu,18.53
06-05-2025 10:00,Assam,Dhemaji,36.67
30-07-2025 01:00,Odisha,Balasore,15.47
03-01-2026 17:00,Karnataka,Udupi,42.59
04-04-2025 18:00,Gujarat,Rajkot,48.01
30-09-2025 05:00,Maharashtra,Mumbai,20.79
29-07-2025 23:00,Assam,Jorhat,34.8
08-04-2025 18:00,Uttar Pradesh,Varanasi,82.54
22-01-2026 18:00,Maharashtra,Nashik,61.51
17-08-2025 13:00,Bihar,Darbhanga,6.73
27-04-2025 00:00,Maharashtra,Nagpur,62.31
02-08-2025 07:00,Uttar Pradesh,Prayagraj,15.09
11-11-2025 14:00,Tamil Nadu,Chennai,36.99
20-08-2025 11:00,Karnataka,Mysuru,70.1
22-08-2025 07:00,Uttar Pradesh,Gorakhpur,18.23
14-11-2025 22:00,Tamil Nadu,Coimbatore,61.65
07-01-2025 06:00,Karnataka,Bengaluru,58.09
27-04-2025 20:00,Uttar Pradesh,Varanasi,48.28
02-09-2025 18:00,Odisha,Bhubaneswar,12.06
28-03-2025 22:00,Tamil Nadu,Tiruppur,51.44
06-06-2025 07:00,Maharashtra,Pune,30.3
22-08-2025 20:00,Uttar Pradesh,Kanpur,17.94
05-04-2025 03:00,Bihar,Bhagalpur,34.0
17-06-2025 09:00,Kerala,Thrissur,19.72
12-09-2025 17:00,Assam,Barpeta,28.99
10-09-2025 10:00,Assam,Guwahati,19.16
12-04-2025 00:00,Gujarat,Surat,10.46
01-12-2025 18:00,Bihar,Muzaffarpur,18.13
10-06-2025 16:00,Uttar Pradesh,Prayagraj,64.58
05-02-2025 19:00,Uttar Pradesh,Lucknow,57.11
07-12-2025 10:00,Tamil Nadu,Tiruppur,10.68
13-11-2025 07:00,Assam,Dhemaji,66.83
04-12-2025 09:00,Assam,Guwahati,25.02
02-11-2025 00:00,West Bengal,Malda,26.5
23-12-2025 19:00,Kerala,Alappuzha,36.49
17-07-2025 11:00,West Bengal,Kolkata,44.32
25-12-2025 02:00,Kerala,Kozhikode,25.9
05-07-2025 22:00,Odisha,Kendrapara,49.57
19-08-2025 08:00,Kerala,Kochi,8.81
26-02-2025 20:00,Maharashtra,Pune,12.72
16-03-2025 03:00,Tamil Nadu,Chennai,71.85
20-01-2026 05:00,Karnataka,Bengaluru,93.68
19-07-2025 09:00,Tamil Nadu,Tiruppur,53.22
21-09-2025 22:00,Odisha,Kendrapara,20.07
17-03-2025 18:00,Kerala,Kottayam,46.37
21-11-2025 23:00,Odisha,Balasore,13.84
25-07-2025 17:00,Uttar Pradesh,Prayagraj,25.47
23-04-2025 16:00,Tamil Nadu,Thanjavur,104.02124999999998
09-08-2025 05:00,Assam,Jorhat,18.69
08-01-2025 07:00,Tamil Nadu,Coimbatore,46.08
08-11-2025 17:00,Gujarat,Surat,16.26
29-03-2025 05:00,Uttar Pradesh,Prayagraj,12.94
31-12-2025 14:00,Odisha,Puri,25.11
26-05-2025 11:00,Tamil Nadu,Tiruppur,94.92
22-03-2025 00:00,Maharashtra,Mumbai,96.43
04-01-2025 10:00,Bihar,Muzaffarpur,49.15
04-02-2025 00:00,Bihar,Patna,10.76
25-12-2025 09:00,Kerala,Kochi,45.19
03-11-2025 10:00,Karnataka,Udupi,36.71
03-07-2025 04:00,Maharashtra,Kolhapur,104.02124999999998
18-01-2026 13:00,Maharashtra,Kolhapur,35.9
21-08-2025 00:00,Assam,Dhemaji,64.33
12-01-2025 19:00,Karnataka,Mangaluru,56.87
21-06-2025 16:00,Tamil Nadu,Coimbatore,31.09
08-11-2025 16:00,Bihar,Bhagalpur,33.6
26-01-2025 09:00,Bihar,Darbhanga,19.37
02-05-2025 11:00,Assam,Guwahati,78.78
17-03-2025 13:00,Odisha,Bhubaneswar,25.57
22-02-2025 23:00,West Bengal,Murshidabad,23.03
04-09-2025 20:00,Bihar,Bhagalpur,35.28
04-02-2026 19:00,West Bengal,Howrah,18.68
05-05-2025 18:00,Gujarat,Surat,36.97
24-10-2025 05:00,Gujarat,Ahmedabad,35.54
25-12-2025 21:00,Kerala,Kottayam,17.23
03-11-2025 12:00,Bihar,Gaya,20.08
21-04-2025 02:00,Karnataka,Mysuru,4.7
01-10-2025 01:00,Odisha,Cuttack,25.43
07-07-2025 20:00,Bihar,Bhagalpur,7.43
07-04-2025 01:00,Tamil Nadu,Coimbatore,52.95
28-09-2025 22:00,Uttar Pradesh,Prayagraj,31.48
18-09-2025 20:00,Assam,Jorhat,47.23
24-06-2025 19:00,Uttar Pradesh,Lucknow,37.03
20-08-2025 18:00,West Bengal,Darjeeling,52.1
21-07-2025 16:00,Tamil Nadu,Chennai,82.11
13-07-2025 23:00,Tamil Nadu,Madurai,39.52
06-12-2025 11:00,West Bengal,Malda,84.07
23-06-2025 16:00,Karnataka,Mysuru,5.86
10-06-2025 09:00,Gujarat,Bharuch,44.13
15-02-2026 07:00,Bihar,Gaya,46.33
17-12-2025 01:00,Bihar,Muzaffarpur,27.84
07-08-2025 21:00,Maharashtra,Mumbai,44.03
25-11-2025 12:00,Bihar,Bhagalpur,62.4
19-08-2025 13:00,Odisha,Balasore,25.01
11-04-2025 14:00,Karnataka,Mysuru,37.8
29-05-2025 02:00,West Bengal,Murshidabad,60.24
15-07-2025 11:00,Gujarat,Ahmedabad,8.1
07-07-2025 10:00,West Bengal,Malda,48.02
02-04-2025 11:00,West Bengal,Howrah,44.62
30-07-2025 05:00,Maharashtra,Pune,17.17
19-04-2025 08:00,West Bengal,Darjeeling,79.77
05-03-2025 06:00,Karnataka,Mangaluru,27.85
18-07-2025 12:00,West Bengal,Darjeeling,46.24
29-06-2025 18:00,Assam,Dibrugarh,7.08
21-05-2025 06:00,Maharashtra,Mumbai,13.83
10-09-2025 17:00,Odisha,Puri,57.45
02-10-2025 06:00,Kerala,Kottayam,25.16
20-04-2025 17:00,Maharashtra,Pune,31.0
02-11-2025 17:00,Gujarat,Ahmedabad,77.56
23-08-2025 17:00,Karnataka,Bengaluru,23.64
18-01-2026 00:00,Tamil Nadu,Madurai,54.04
02-01-2026 05:00,Kerala,Kozhikode,22.74
12-04-2025 10:00,Maharashtra,Pune,78.62
11-12-2025 21:00,Uttar Pradesh,Kanpur,38.03
09-10-2025 14:00,Kerala,Thrissur,95.67
03-10-2025 11:00,Kerala,Kochi,47.08
08-07-2025 08:00,Uttar Pradesh,Lucknow,56.88
21-08-2025 19:00,Kerala,Kottayam,57.85
28-05-2025 17:00,Bihar,Gaya,89.97
06-09-2025 13:00,West Bengal,Darjeeling,15.26
07-09-2025 16:00,West Bengal,Kolkata,34.72
02-01-2026 21:00,Maharashtra,Nagpur,25.34
19-08-2025 11:00,Karnataka,Mysuru,20.22
15-08-2025 20:00,Assam,Dhemaji,77.35
22-01-2025 13:00,Assam,Barpeta,42.51
12-09-2025 14:00,Tamil Nadu,Madurai,16.34
14-10-2025 00:00,Bihar,Muzaffarpur,25.86
28-11-2025 16:00,Gujarat,Bharuch,51.24
28-02-2025 23:00,Kerala,Kozhikode,73.21
14-07-2025 08:00,Karnataka,Mangaluru,23.99
05-07-2025 16:00,West Bengal,Malda,104.02124999999998
26-04-2025 01:00,Maharashtra,Pune,8.81
22-07-2025 07:00,West Bengal,Darjeeling,79.12
06-01-2025 07:00,Assam,Guwahati,64.45
25-05-2025 18:00,Uttar Pradesh,Lucknow,29.21
29-11-2025 01:00,Gujarat,Ahmedabad,28.76
29-06-2025 14:00,Odisha,Puri,54.79
12-04-2025 14:00,Odisha,Balasore,1.18
06-06-2025 21:00,Karnataka,Mangaluru,88.87
14-10-2025 12:00,Odisha,Balasore,24.64
03-09-2025 16:00,Uttar Pradesh,Kanpur,14.7
01-09-2025 08:00,Uttar Pradesh,Prayagraj,79.63
04-01-2026 10:00,Uttar Pradesh,Varanasi,43.16
12-02-2026 02:00,Gujarat,Vadodara,50.97
03-03-2025 09:00,Gujarat,Ahmedabad,87.83
20-07-2025 21:00,Tamil Nadu,Thanjavur,104.02124999999998
16-10-2025 03:00,Kerala,Kochi,72.85
29-05-2025 08:00,Gujarat,Bharuch,30.01
14-06-2025 15:00,Tamil Nadu,Madurai,27.88
03-01-2025 01:00,Bihar,Patna,104.02124999999998
15-08-2025 13:00,Odisha,Balasore,80.0
17-02-2026 09:00,Karnataka,Mysuru,15.59
06-02-2025 23:00,Gujarat,Bharuch,18.21
20-04-2025 00:00,Bihar,Darbhanga,34.01
22-01-2025 12:00,Assam,Dhemaji,82.83
13-05-2025 00:00,Tamil Nadu,Coimbatore,47.7
03-05-2025 21:00,Tamil Nadu,Thanjavur,21.07
01-03-2025 08:00,Maharashtra,Nagpur,53.06
06-01-2025 19:00,Maharashtra,Pune,13.36
22-03-2025 04:00,Maharashtra,Kolhapur,22.62
10-04-2025 02:00,Gujarat,Bharuch,51.8
14-05-2025 05:00,Tamil Nadu,Madurai,18.4
02-08-2025 19:00,Tamil Nadu,Madurai,14.59
05-01-2025 16:00,Assam,Barpeta,42.3
09-07-2025 23:00,Tamil Nadu,Coimbatore,55.23
11-07-2025 11:00,Uttar Pradesh,Lucknow,64.34
30-11-2025 05:00,Uttar Pradesh,Lucknow,6.11
16-05-2025 10:00,Tamil Nadu,Tiruppur,56.37
15-07-2025 10:00,Uttar Pradesh,Kanpur,24.26
05-12-2025 03:00,Karnataka,Kodagu,28.64
20-11-2025 15:00,Tamil Nadu,Thanjavur,14.41
09-07-2025 10:00,Maharashtra,Pune,26.14
23-10-2025 04:00,Odisha,Puri,8.06
17-05-2025 13:00,Maharashtra,Nagpur,23.32
11-11-2025 06:00,Uttar Pradesh,Gorakhpur,26.7
02-10-2025 17:00,Maharashtra,Mumbai,28.9
19-06-2025 12:00,Odisha,Bhubaneswar,22.19
03-07-2025 16:00,Gujarat,Ahmedabad,76.22
27-12-2025 04:00,Maharashtra,Nagpur,31.39
24-12-2025 20:00,Odisha,Balasore,56.9
04-11-2025 16:00,Odisha,Balasore,25.27
15-05-2025 06:00,Karnataka,Udupi,70.59
09-12-2025 02:00,Uttar Pradesh,Kanpur,27.74
19-01-2025 19:00,Karnataka,Mysuru,36.67
05-06-2025 11:00,Maharashtra,Pune,25.8
09-01-2026 01:00,Bihar,Patna,25.41
27-07-2025 18:00,Assam,Dhemaji,64.14
02-06-2025 15:00,Tamil Nadu,Madurai,66.33
26-04-2025 03:00,Uttar Pradesh,Gorakhpur,90.79
28-01-2025 10:00,Tamil Nadu,Thanjavur,22.51
16-11-2025 22:00,Uttar Pradesh,Gorakhpur,21.58
16-11-2025 20:00,Kerala,Kochi,17.15
12-07-2025 12:00,Bihar,Bhagalpur,93.86
11-02-2025 15:00,Uttar Pradesh,Gorakhpur,38.01
17-01-2025 05:00,Odisha,Balasore,61.99
22-05-2025 23:00,Maharashtra,Mumbai,15.2
03-03-2025 12:00,Odisha,Cuttack,43.22
04-04-2025 08:00,Gujarat,Bharuch,89.21
10-04-2025 10:00,Bihar,Bhagalpur,38.28
16-01-2026 19:00,Gujarat,Ahmedabad,14.05
11-02-2025 08:00,West Bengal,Howrah,3.3
28-07-2025 05:00,Assam,Barpeta,19.46
13-06-2025 10:00,Tamil Nadu,Tiruppur,18.01
04-05-2025 20:00,Karnataka,Bengaluru,28.39
22-05-2025 02:00,Tamil Nadu,Coimbatore,22.84
25-11-2025 13:00,Kerala,Kochi,40.62
03-01-2026 04:00,Gujarat,Bharuch,15.19
18-07-2025 17:00,Bihar,Bhagalpur,35.65
23-02-2025 21:00,Uttar Pradesh,Gorakhpur,33.44
18-03-2025 00:00,Kerala,Thrissur,42.76
30-04-2025 17:00,Odisha,Puri,38.95
23-06-2025 21:00,Uttar Pradesh,Kanpur,43.08
16-04-2025 15:00,West Bengal,Howrah,35.78
16-01-2026 12:00,Tamil Nadu,Thanjavur,46.67
21-03-2025 11:00,Maharashtra,Nashik,72.94
02-01-2025 18:00,Gujarat,Ahmedabad,104.02124999999998
31-01-2026 11:00,Tamil Nadu,Tiruppur,59.52
16-01-2025 08:00,Assam,Jorhat,14.91
17-02-2025 23:00,Gujarat,Surat,52.83
20-11-2025 00:00,Assam,Guwahati,16.73
22-09-2025 22:00,Assam,Barpeta,11.71
04-09-2025 08:00,Maharashtra,Nashik,22.97
29-09-2025 03:00,Uttar Pradesh,Kanpur,31.02
10-11-2025 13:00,Uttar Pradesh,Prayagraj,40.84
23-06-2025 08:00,Karnataka,Udupi,10.72
28-06-2025 15:00,Kerala,Thrissur,5.94
20-11-2025 23:00,Odisha,Balasore,48.61
07-10-2025 18:00,Kerala,Alappuzha,41.63
08-01-2025 06:00,Bihar,Bhagalpur,23.46
21-03-2025 07:00,Odisha,Cuttack,21.27
15-02-2025 19:00,Odisha,Balasore,25.57
05-12-2025 02:00,Uttar Pradesh,Gorakhpur,33.72
23-05-2025 00:00,Bihar,Gaya,26.15
06-03-2025 02:00,West Bengal,Darjeeling,13.19
06-04-2025 12:00,Assam,Guwahati,36.85
23-01-2026 12:00,Maharashtra,Mumbai,73.12
26-02-2025 19:00,Kerala,Kozhikode,5.24
27-10-2025 12:00,Bihar,Muzaffarpur,40.7
04-10-2025 03:00,Tamil Nadu,Tiruppur,8.37
08-08-2025 04:00,Gujarat,Surat,19.13
11-10-2025 23:00,Karnataka,Bengaluru,104.02124999999998
30-01-2026 05:00,Assam,Jorhat,56.0
29-01-2025 08:00,Kerala,Alappuzha,104.02124999999998
24-01-2026 03:00,Gujarat,Ahmedabad,57.04
23-01-2026 10:00,Maharashtra,Nashik,5.43
02-06-2025 16:00,Odisha,Cuttack,13.82
11-03-2025 05:00,Karnataka,Udupi,19.9
22-01-2025 04:00,Maharashtra,Nagpur,53.9
07-01-2025 22:00,Gujarat,Bharuch,70.42
18-08-2025 01:00,West Bengal,Murshidabad,49.19
12-12-2025 19:00,Uttar Pradesh,Kanpur,47.71
11-02-2025 22:00,Assam,Barpeta,62.37
10-02-2026 19:00,Tamil Nadu,Thanjavur,68.6
21-03-2025 18:00,Maharashtra,Nashik,1.11
26-05-2025 14:00,Maharashtra,Pune,41.0
06-02-2026 09:00,Gujarat,Rajkot,28.01
11-02-2026 06:00,Odisha,Balasore,10.85
26-09-2025 12:00,Gujarat,Rajkot,35.62
27-07-2025 22:00,Maharashtra,Nagpur,56.68
16-04-2025 16:00,Gujarat,Ahmedabad,55.38
16-02-2025 00:00,Karnataka,Udupi,33.32
11-06-2025 11:00,Gujarat,Ahmedabad,17.83
10-11-2025 11:00,Karnataka,Kodagu,7.93
15-03-2025 00:00,Gujarat,Surat,60.94
10-08-2025 06:00,Karnataka,Udupi,88.18
01-11-2025 00:00,Karnataka,Kodagu,34.01
02-05-2025 12:00,Tamil Nadu,Coimbatore,40.12
09-01-2026 22:00,Assam,Dhemaji,54.81
28-08-2025 18:00,Karnataka,Udupi,17.66
07-01-2025 08:00,West Bengal,Kolkata,52.38
17-11-2025 10:00,West Bengal,Murshidabad,66.91
25-08-2025 15:00,Karnataka,Udupi,34.09
12-06-2025 19:00,Karnataka,Bengaluru,71.18
16-01-2026 15:00,Tamil Nadu,Thanjavur,5.31
17-04-2025 08:00,Kerala,Kozhikode,98.02
26-04-2025 13:00,Odisha,Puri,26.22
12-09-2025 02:00,Uttar Pradesh,Varanasi,41.75
28-05-2025 23:00,Bihar,Patna,5.27
05-06-2025 02:00,Maharashtra,Pune,41.37
16-02-2026 06:00,West Bengal,Kolkata,9.92
22-01-2025 16:00,Maharashtra,Mumbai,20.32
01-12-2025 17:00,West Bengal,Murshidabad,34.32
09-07-2025 02:00,Karnataka,Bengaluru,29.47
10-10-2025 10:00,Maharashtra,Nagpur,32.34
17-03-2025 22:00,Gujarat,Rajkot,60.2
20-06-2025 06:00,Kerala,Thrissur,6.37
14-09-2025 04:00,Tamil Nadu,Madurai,43.19
31-12-2025 06:00,Maharashtra,Nashik,46.23
30-01-2026 16:00,Karnataka,Udupi,37.18
19-11-2025 13:00,Bihar,Muzaffarpur,49.63
13-01-2025 21:00,Tamil Nadu,Coimbatore,4.41
18-11-2025 16:00,West Bengal,Malda,45.78
09-12-2025 14:00,Assam,Barpeta,71.04
27-12-2025 16:00,Uttar Pradesh,Gorakhpur,20.71
30-05-2025 23:00,Maharashtra,Mumbai,14.96
31-05-2025 22:00,Karnataka,Kodagu,80.35
08-06-2025 19:00,Bihar,Darbhanga,63.99
24-05-2025 18:00,Bihar,Gaya,50.36
11-07-2025 07:00,Assam,Jorhat,27.52
09-01-2025 13:00,Maharashtra,Nashik,41.02
15-02-2026 00:00,West Bengal,Howrah,44.59
17-02-2025 07:00,Odisha,Cuttack,45.61
27-01-2026 00:00,Kerala,Alappuzha,40.68
25-04-2025 13:00,Karnataka,Bengaluru,7.14
31-05-2025 13:00,Tamil Nadu,Coimbatore,49.04
13-01-2025 17:00,Tamil Nadu,Tiruppur,59.66
19-03-2025 01:00,Assam,Dhemaji,76.14
16-11-2025 13:00,West Bengal,Howrah,47.29
24-03-2025 20:00,Karnataka,Kodagu,37.98
16-05-2025 00:00,Odisha,Bhubaneswar,55.85
27-04-2025 14:00,Uttar Pradesh,Gorakhpur,3.04
08-07-2025 03:00,Gujarat,Vadodara,31.07
23-08-2025 14:00,Tamil Nadu,Coimbatore,36.47
26-01-2026 12:00,Tamil Nadu,Chennai,22.2
10-05-2025 13:00,Karnataka,Mangaluru,30.67
25-07-2025 19:00,Bihar,Gaya,8.66
19-06-2025 03:00,West Bengal,Malda,19.04
24-03-2025 19:00,Assam,Guwahati,29.56
26-10-2025 05:00,Odisha,Cuttack,36.06
05-01-2026 18:00,Bihar,Patna,19.37
03-10-2025 13:00,Assam,Dhemaji,5.54
16-01-2025 23:00,Gujarat,Vadodara,35.25
23-08-2025 18:00,Tamil Nadu,Thanjavur,35.17
29-06-2025 11:00,Kerala,Kottayam,70.13
22-05-2025 04:00,West Bengal,Kolkata,39.08
12-05-2025 12:00,Kerala,Kochi,77.87
21-02-2026 11:00,Odisha,Puri,5.61
24-04-2025 15:00,Assam,Barpeta,35.18
21-09-2025 21:00,Odisha,Balasore,14.13
17-02-2026 11:00,Karnataka,Mysuru,26.16
31-12-2025 15:00,Tamil Nadu,Madurai,36.15
12-12-2025 22:00,Uttar Pradesh,Prayagraj,46.32
09-09-2025 13:00,West Bengal,Darjeeling,52.87
09-06-2025 16:00,Maharashtra,Mumbai,52.26
07-01-2026 13:00,West Bengal,Murshidabad,54.11
19-07-2025 00:00,Uttar Pradesh,Kanpur,34.74
28-06-2025 04:00,Bihar,Gaya,52.29
11-01-2025 13:00,Bihar,Gaya,30.88
25-11-2025 23:00,Tamil Nadu,Chennai,33.9
04-02-2026 14:00,Karnataka,Mysuru,8.38
31-10-2025 16:00,Karnataka,Udupi,79.02
12-01-2025 14:00,West Bengal,Malda,33.26
16-05-2025 12:00,Uttar Pradesh,Kanpur,104.02124999999998
14-04-2025 08:00,Uttar Pradesh,Kanpur,16.8
13-01-2025 01:00,Tamil Nadu,Chennai,34.31
11-09-2025 14:00,Odisha,Bhubaneswar,59.09
09-05-2025 03:00,Kerala,Kottayam,27.58
05-12-2025 11:00,Maharashtra,Nagpur,73.43
13-11-2025 14:00,Kerala,Kozhikode,30.19
24-09-2025 19:00,Kerala,Kottayam,23.78
01-08-2025 01:00,Kerala,Kozhikode,26.1
31-10-2025 11:00,West Bengal,Kolkata,16.81
09-02-2026 21:00,Karnataka,Udupi,14.39
17-12-2025 02:00,Bihar,Darbhanga,54.37
13-09-2025 01:00,Tamil Nadu,Madurai,48.23
20-11-2025 02:00,Bihar,Muzaffarpur,63.75
12-01-2025 06:00,Maharashtra,Kolhapur,47.74
08-09-2025 09:00,Assam,Dhemaji,10.36
10-07-2025 10:00,Assam,Dhemaji,35.7
15-01-2026 20:00,West Bengal,Kolkata,17.63
13-02-2026 11:00,Kerala,Thrissur,18.25
04-05-2025 19:00,Kerala,Kozhikode,2.91
16-09-2025 01:00,Tamil Nadu,Coimbatore,23.67
01-01-2026 08:00,Tamil Nadu,Coimbatore,20.7
25-06-2025 07:00,Maharashtra,Pune,26.22
15-05-2025 02:00,Uttar Pradesh,Lucknow,8.73
27-02-2025 23:00,Karnataka,Udupi,39.1
15-06-2025 15:00,Tamil Nadu,Chennai,33.63
29-06-2025 20:00,Gujarat,Bharuch,41.0
28-11-2025 15:00,Karnataka,Bengaluru,25.96
03-11-2025 00:00,Assam,Jorhat,104.02124999999998
07-11-2025 08:00,Odisha,Puri,16.38
04-01-2025 11:00,Tamil Nadu,Coimbatore,20.64
06-02-2025 09:00,Tamil Nadu,Chennai,86.01
05-02-2026 05:00,West Bengal,Murshidabad,41.24
15-11-2025 03:00,Karnataka,Kodagu,104.02124999999998
09-07-2025 21:00,Maharashtra,Nagpur,46.86
07-07-2025 12:00,Odisha,Cuttack,26.95
13-07-2025 15:00,West Bengal,Murshidabad,31.15
26-03-2025 22:00,West Bengal,Murshidabad,8.14
08-02-2026 22:00,Kerala,Thrissur,22.33
15-10-2025 21:00,Kerala,Kochi,81.57
13-04-2025 02:00,Kerala,Kozhikode,35.6
14-06-2025 18:00,Maharashtra,Nagpur,71.68
08-04-2025 01:00,Bihar,Darbhanga,41.43
16-01-2026 04:00,Assam,Guwahati,21.37
21-10-2025 12:00,Tamil Nadu,Madurai,14.48
30-07-2025 02:00,Assam,Barpeta,104.02124999999998
26-01-2026 04:00,Uttar Pradesh,Kanpur,54.34
17-07-2025 18:00,West Bengal,Kolkata,89.98
26-01-2026 07:00,Tamil Nadu,Thanjavur,10.71
27-01-2026 18:00,Bihar,Darbhanga,42.71
28-09-2025 11:00,Kerala,Kottayam,37.71
04-10-2025 13:00,Uttar Pradesh,Gorakhpur,55.69
29-10-2025 01:00,Kerala,Alappuzha,21.18
11-04-2025 01:00,Gujarat,Surat,27.8
19-08-2025 00:00,Maharashtra,Nagpur,62.62
20-02-2025 16:00,Tamil Nadu,Coimbatore,17.12
29-12-2025 07:00,Maharashtra,Nashik,43.18
08-09-2025 20:00,Gujarat,Surat,11.47
14-10-2025 01:00,Tamil Nadu,Tiruppur,2.85
14-02-2025 08:00,Kerala,Kozhikode,19.16
07-06-2025 18:00,Bihar,Gaya,28.44
03-07-2025 18:00,Odisha,Cuttack,8.5
13-10-2025 19:00,Bihar,Gaya,40.64
09-10-2025 16:00,Tamil Nadu,Thanjavur,98.68
19-08-2025 03:00,Kerala,Kottayam,45.66
07-09-2025 20:00,West Bengal,Malda,10.88
04-01-2026 01:00,Karnataka,Mysuru,10.31
03-09-2025 08:00,Uttar Pradesh,Varanasi,53.06
01-04-2025 01:00,Karnataka,Mangaluru,28.55
06-05-2025 08:00,Odisha,Kendrapara,18.6
16-02-2025 01:00,Kerala,Thrissur,89.81
05-10-2025 06:00,Odisha,Cuttack,26.51
29-01-2025 20:00,Assam,Dibrugarh,22.31
19-02-2026 21:00,Bihar,Gaya,31.57
26-07-2025 12:00,Odisha,Balasore,50.88
02-10-2025 21:00,Tamil Nadu,Coimbatore,45.15
20-12-2025 08:00,Uttar Pradesh,Lucknow,13.17
02-07-2025 01:00,Kerala,Alappuzha,45.12
26-04-2025 05:00,Assam,Barpeta,78.22
13-06-2025 17:00,Tamil Nadu,Chennai,22.14
25-10-2025 06:00,Gujarat,Ahmedabad,29.37
30-12-2025 23:00,Tamil Nadu,Coimbatore,45.54
10-11-2025 18:00,Kerala,Kochi,48.52
10-11-2025 16:00,Uttar Pradesh,Gorakhpur,48.46
27-01-2025 04:00,West Bengal,Murshidabad,93.93
13-04-2025 03:00,Kerala,Alappuzha,20.81
17-09-2025 23:00,Karnataka,Mysuru,95.05
20-10-2025 04:00,Maharashtra,Mumbai,59.79
09-06-2025 08:00,Tamil Nadu,Thanjavur,25.29
10-01-2026 01:00,Karnataka,Mangaluru,18.0
21-04-2025 12:00,Uttar Pradesh,Varanasi,104.02124999999998
15-01-2026 11:00,Tamil Nadu,Tiruppur,65.0
05-06-2025 23:00,Uttar Pradesh,Kanpur,45.29
01-04-2025 16:00,Odisha,Cuttack,9.13
17-02-2026 18:00,Maharashtra,Mumbai,97.74
21-01-2026 23:00,Kerala,Alappuzha,33.64
19-05-2025 06:00,Assam,Dibrugarh,18.76
22-09-2025 07:00,Odisha,Kendrapara,33.91
27-04-2025 03:00,Karnataka,Mysuru,83.7
21-06-2025 01:00,Bihar,Gaya,42.09
22-09-2025 19:00,Assam,Barpeta,19.19
11-03-2025 20:00,Uttar Pradesh,Varanasi,16.08
14-06-2025 11:00,Kerala,Thrissur,16.92
05-07-2025 04:00,Bihar,Patna,67.62
03-05-2025 08:00,Karnataka,Bengaluru,40.98
11-01-2026 05:00,Bihar,Gaya,61.58
20-11-2025 14:00,Tamil Nadu,Tiruppur,16.23
27-08-2025 10:00,Maharashtra,Pune,14.63
07-11-2025 01:00,Bihar,Muzaffarpur,42.58
15-04-2025 07:00,Assam,Dibrugarh,30.64
20-12-2025 10:00,Bihar,Darbhanga,15.44
09-04-2025 17:00,Bihar,Darbhanga,15.01
26-07-2025 23:00,Karnataka,Mangaluru,4.72
03-09-2025 03:00,Uttar Pradesh,Gorakhpur,34.3
03-04-2025 09:00,Assam,Barpeta,6.27
01-09-2025 15:00,Kerala,Kochi,8.93
03-04-2025 10:00,Kerala,Kochi,16.19
19-05-2025 14:00,Odisha,Puri,16.23
08-10-2025 13:00,Kerala,Kochi,24.99
30-05-2025 07:00,Tamil Nadu,Tiruppur,40.82
14-02-2026 08:00,West Bengal,Murshidabad,15.12
31-05-2025 19:00,Maharashtra,Kolhapur,8.59
18-11-2025 03:00,Tamil Nadu,Madurai,36.41
26-09-2025 00:00,Gujarat,Surat,4.76
10-05-2025 19:00,Gujarat,Vadodara,18.85
04-01-2025 13:00,Bihar,Gaya,75.24
06-09-2025 21:00,Tamil Nadu,Coimbatore,43.75
27-04-2025 17:00,Karnataka,Udupi,30.67
02-06-2025 23:00,Uttar Pradesh,Varanasi,42.76
02-06-2025 19:00,Maharashtra,Pune,33.08
13-02-2026 02:00,Uttar Pradesh,Prayagraj,31.89
03-08-2025 22:00,Uttar Pradesh,Prayagraj,85.55
27-08-2025 13:00,Kerala,Alappuzha,1.1
11-07-2025 06:00,Gujarat,Ahmedabad,57.31
26-03-2025 03:00,Uttar Pradesh,Kanpur,15.11
23-11-2025 07:00,Assam,Barpeta,33.65
16-04-2025 05:00,Maharashtra,Nashik,17.61
12-12-2025 06:00,Tamil Nadu,Coimbatore,10.5
19-01-2026 14:00,Uttar Pradesh,Kanpur,12.62
14-05-2025 20:00,Tamil Nadu,Madurai,41.14
22-01-2025 15:00,Uttar Pradesh,Kanpur,55.23
12-08-2025 14:00,Tamil Nadu,Madurai,80.6
09-10-2025 18:00,Bihar,Bhagalpur,26.02
01-05-2025 15:00,Karnataka,Bengaluru,39.14
11-01-2025 04:00,West Bengal,Malda,33.0
05-09-2025 02:00,Tamil Nadu,Madurai,64.64
16-07-2025 10:00,Tamil Nadu,Chennai,104.02124999999998
03-02-2026 15:00,Uttar Pradesh,Varanasi,5.97
23-05-2025 17:00,Assam,Jorhat,42.52
16-10-2025 19:00,Tamil Nadu,Madurai,61.96
08-10-2025 00:00,Maharashtra,Mumbai,40.67
05-11-2025 18:00,West Bengal,Kolkata,15.71
15-09-2025 09:00,Bihar,Darbhanga,21.82
30-10-2025 02:00,Uttar Pradesh,Varanasi,53.07
18-08-2025 13:00,Maharashtra,Nashik,46.13
25-03-2025 09:00,West Bengal,Malda,58.49
06-02-2025 21:00,Assam,Dibrugarh,16.31
06-02-2025 05:00,Karnataka,Bengaluru,25.1
08-02-2026 16:00,Assam,Jorhat,104.02124999999998
27-08-2025 08:00,Uttar Pradesh,Gorakhpur,28.13
15-01-2025 20:00,Gujarat,Surat,47.11
17-02-2026 19:00,West Bengal,Kolkata,2.59
16-08-2025 03:00,Karnataka,Kodagu,62.81
08-12-2025 09:00,Maharashtra,Pune,59.65
26-09-2025 06:00,Assam,Dhemaji,69.55
18-11-2025 00:00,Karnataka,Mangaluru,97.97
23-02-2025 03:00,Tamil Nadu,Coimbatore,62.66
20-03-2025 18:00,Kerala,Thrissur,34.03
28-12-2025 22:00,Kerala,Kottayam,10.94
01-10-2025 16:00,Kerala,Thrissur,71.03
05-02-2026 23:00,Bihar,Bhagalpur,65.69
29-05-2025 11:00,Gujarat,Ahmedabad,8.24
30-08-2025 03:00,Assam,Dibrugarh,6.55
26-07-2025 14:00,Tamil Nadu,Chennai,96.82
06-03-2025 10:00,Karnataka,Kodagu,40.9
10-04-2025 04:00,Bihar,Darbhanga,75.59
09-06-2025 07:00,Bihar,Muzaffarpur,34.01
15-05-2025 16:00,Kerala,Kozhikode,29.88
16-12-2025 23:00,Bihar,Darbhanga,29.87
18-05-2025 18:00,Karnataka,Bengaluru,53.72
21-01-2025 12:00,Bihar,Gaya,30.17
26-05-2025 19:00,Tamil Nadu,Coimbatore,77.87
05-10-2025 16:00,Assam,Guwahati,20.56
16-02-2025 12:00,Bihar,Gaya,34.79
23-08-2025 21:00,Tamil Nadu,Thanjavur,27.16
01-01-2026 14:00,Odisha,Bhubaneswar,21.33
14-09-2025 02:00,Assam,Barpeta,35.05
16-02-2026 03:00,Gujarat,Rajkot,51.68
01-01-2026 15:00,Assam,Guwahati,26.55
07-10-2025 11:00,Tamil Nadu,Thanjavur,13.4
19-02-2026 12:00,Tamil Nadu,Chennai,57.96
28-11-2025 21:00,West Bengal,Darjeeling,55.86
01-06-2025 21:00,Uttar Pradesh,Kanpur,16.52
15-04-2025 04:00,Assam,Dhemaji,40.68
25-08-2025 13:00,Maharashtra,Pune,55.09
07-08-2025 09:00,Assam,Barpeta,15.12
29-09-2025 14:00,Maharashtra,Mumbai,4.9
26-04-2025 23:00,West Bengal,Murshidabad,75.44
14-09-2025 14:00,Odisha,Kendrapara,104.02124999999998
08-06-2025 17:00,Kerala,Kochi,17.36
28-01-2026 20:00,Maharashtra,Nagpur,18.3
01-02-2026 20:00,Uttar Pradesh,Varanasi,65.6
25-12-2025 07:00,Assam,Jorhat,19.5
12-03-2025 16:00,Uttar Pradesh,Lucknow,14.87
25-08-2025 21:00,Maharashtra,Pune,11.51
15-12-2025 15:00,Maharashtra,Pune,11.64
05-09-2025 11:00,Gujarat,Bharuch,58.05
27-03-2025 12:00,Maharashtra,Nashik,34.46
16-03-2025 00:00,Assam,Dhemaji,33.17
01-10-2025 08:00,Odisha,Puri,81.66
19-05-2025 01:00,Karnataka,Udupi,76.02
19-07-2025 05:00,Kerala,Kozhikode,27.39
22-12-2025 18:00,Odisha,Balasore,62.31
10-10-2025 13:00,West Bengal,Malda,31.18
08-03-2025 08:00,Kerala,Alappuzha,16.83
13-03-2025 19:00,Kerala,Kozhikode,8.0
09-01-2025 23:00,Tamil Nadu,Tiruppur,48.43
21-09-2025 14:00,Assam,Dibrugarh,23.2
11-12-2025 00:00,West Bengal,Howrah,12.59
21-01-2025 10:00,Tamil Nadu,Thanjavur,13.32
16-01-2026 13:00,Assam,Jorhat,55.13
26-05-2025 03:00,Maharashtra,Nagpur,79.02
01-08-2025 14:00,Gujarat,Vadodara,43.93
05-08-2025 03:00,Tamil Nadu,Chennai,20.87
23-05-2025 23:00,Odisha,Puri,10.29
19-01-2026 06:00,Karnataka,Bengaluru,42.01
18-11-2025 06:00,Odisha,Kendrapara,78.52
18-08-2025 17:00,Gujarat,Ahmedabad,37.95
02-01-2025 01:00,Tamil Nadu,Thanjavur,47.79
27-05-2025 08:00,West Bengal,Kolkata,20.2
11-04-2025 09:00,Maharashtra,Kolhapur,51.42
17-05-2025 06:00,Maharashtra,Mumbai,104.02124999999998
06-08-2025 01:00,Bihar,Muzaffarpur,11.89
29-12-2025 23:00,Maharashtra,Pune,52.97
06-03-2025 16:00,West Bengal,Kolkata,23.18
19-01-2026 05:00,Uttar Pradesh,Prayagraj,16.7
26-12-2025 05:00,Gujarat,Bharuch,37.62
11-06-2025 07:00,Bihar,Bhagalpur,37.13
22-05-2025 18:00,Uttar Pradesh,Varanasi,27.81
08-07-2025 17:00,West Bengal,Malda,27.78
10-02-2025 19:00,Assam,Guwahati,63.15
21-04-2025 15:00,Assam,Guwahati,59.12
18-03-2025 23:00,Uttar Pradesh,Prayagraj,15.84
28-11-2025 20:00,Uttar Pradesh,Kanpur,43.69
10-12-2025 08:00,Uttar Pradesh,Varanasi,22.95
25-10-2025 17:00,Gujarat,Vadodara,102.38
01-11-2025 03:00,Karnataka,Mangaluru,101.28
27-08-2025 09:00,Kerala,Kottayam,54.52
22-01-2025 11:00,Gujarat,Bharuch,11.61
31-12-2025 09:00,Tamil Nadu,Coimbatore,33.53
12-12-2025 17:00,Tamil Nadu,Coimbatore,45.5
15-02-2025 22:00,Gujarat,Bharuch,92.8
17-05-2025 12:00,West Bengal,Murshidabad,12.77
28-10-2025 17:00,Maharashtra,Mumbai,57.2
04-11-2025 21:00,Gujarat,Ahmedabad,13.33
14-01-2026 05:00,Bihar,Patna,48.3
14-12-2025 09:00,Kerala,Thrissur,44.93
16-06-2025 12:00,West Bengal,Darjeeling,6.75
09-01-2025 02:00,West Bengal,Kolkata,32.71
16-07-2025 07:00,Maharashtra,Nagpur,23.74
27-01-2025 19:00,Kerala,Thrissur,15.8
14-01-2026 17:00,Kerala,Kozhikode,26.69
17-05-2025 21:00,Kerala,Kozhikode,65.08
10-05-2025 20:00,Karnataka,Mangaluru,20.62
27-09-2025 20:00,Assam,Jorhat,38.8
29-05-2025 23:00,West Bengal,Murshidabad,22.02
11-01-2026 23:00,Bihar,Gaya,17.28
30-06-2025 00:00,Karnataka,Kodagu,7.72
21-02-2026 08:00,Odisha,Kendrapara,36.37
02-04-2025 23:00,Odisha,Balasore,29.35
09-07-2025 16:00,Tamil Nadu,Coimbatore,18.28
01-11-2025 20:00,Kerala,Thrissur,74.04
04-06-2025 22:00,West Bengal,Howrah,4.98
10-02-2025 12:00,West Bengal,Murshidabad,3.36
10-07-2025 19:00,Kerala,Thrissur,26.48
30-01-2025 23:00,Maharashtra,Mumbai,50.47
11-01-2026 17:00,Kerala,Kochi,9.12
14-09-2025 11:00,Bihar,Bhagalpur,50.81
28-01-2026 22:00,Odisha,Cuttack,85.37
12-06-2025 08:00,Uttar Pradesh,Prayagraj,104.02124999999998
27-04-2025 19:00,Karnataka,Mysuru,104.02124999999998
17-04-2025 22:00,Assam,Guwahati,22.52
17-06-2025 17:00,Gujarat,Ahmedabad,54.39
16-09-2025 06:00,Bihar,Patna,104.02124999999998
02-01-2025 08:00,Assam,Dibrugarh,10.02
13-12-2025 03:00,West Bengal,Howrah,18.53
03-01-2026 23:00,Bihar,Darbhanga,25.02
14-02-2026 02:00,Kerala,Kottayam,37.11
19-06-2025 07:00,West Bengal,Murshidabad,49.77
08-01-2026 20:00,Kerala,Alappuzha,91.08
19-08-2025 20:00,Karnataka,Udupi,55.79
12-03-2025 17:00,Maharashtra,Nashik,55.89
27-04-2025 08:00,Bihar,Muzaffarpur,53.49
03-04-2025 14:00,Karnataka,Bengaluru,13.54
31-08-2025 10:00,Uttar Pradesh,Prayagraj,46.33
07-02-2026 14:00,Karnataka,Mangaluru,10.98
06-06-2025 20:00,Tamil Nadu,Chennai,61.1
11-06-2025 02:00,Gujarat,Surat,8.8
25-09-2025 13:00,Kerala,Kottayam,87.31
27-01-2026 15:00,West Bengal,Murshidabad,18.39
08-01-2026 10:00,Bihar,Darbhanga,43.65
05-10-2025 23:00,Tamil Nadu,Tiruppur,22.4
29-11-2025 10:00,Karnataka,Bengaluru,67.73
06-06-2025 14:00,Tamil Nadu,Thanjavur,45.84
12-02-2026 06:00,Maharashtra,Nashik,32.21
15-05-2025 11:00,West Bengal,Murshidabad,9.67
22-11-2025 02:00,West Bengal,Howrah,30.4
13-06-2025 11:00,Gujarat,Bharuch,24.04
12-06-2025 16:00,Gujarat,Ahmedabad,34.9
05-04-2025 21:00,Bihar,Patna,77.53
11-10-2025 18:00,Kerala,Kochi,21.81
28-02-2025 09:00,West Bengal,Murshidabad,104.02124999999998
31-01-2025 19:00,Bihar,Darbhanga,69.26
27-06-2025 18:00,Maharashtra,Nagpur,12.23
15-02-2026 21:00,Gujarat,Surat,58.37
03-11-2025 08:00,Bihar,Darbhanga,104.02124999999998
10-11-2025 06:00,Kerala,Alappuzha,45.74
10-06-2025 11:00,Tamil Nadu,Coimbatore,34.43
26-12-2025 15:00,Tamil Nadu,Coimbatore,42.94
21-04-2025 21:00,Uttar Pradesh,Lucknow,43.9
29-09-2025 00:00,Assam,Barpeta,67.21
13-02-2026 07:00,Uttar Pradesh,Kanpur,26.37
29-01-2025 02:00,Tamil Nadu,Chennai,81.88
24-10-2025 01:00,Gujarat,Rajkot,57.13
23-09-2025 00:00,Odisha,Bhubaneswar,48.32
10-06-2025 01:00,Bihar,Muzaffarpur,93.97
17-03-2025 15:00,West Bengal,Kolkata,60.19
31-01-2026 09:00,Maharashtra,Mumbai,40.23
14-02-2026 22:00,Karnataka,Kodagu,90.78
19-01-2026 09:00,Gujarat,Rajkot,12.94
13-07-2025 21:00,West Bengal,Howrah,43.57
29-12-2025 04:00,Karnataka,Udupi,31.0
29-03-2025 12:00,Maharashtra,Kolhapur,49.89
18-11-2025 07:00,Karnataka,Kodagu,31.57
11-03-2025 17:00,West Bengal,Howrah,41.91
29-03-2025 13:00,Kerala,Alappuzha,54.62
25-06-2025 13:00,Uttar Pradesh,Kanpur,33.43
17-10-2025 22:00,Odisha,Kendrapara,47.63
06-03-2025 12:00,Assam,Guwahati,64.79
02-02-2026 22:00,Kerala,Kottayam,53.58
19-05-2025 11:00,Tamil Nadu,Coimbatore,29.17
04-02-2026 07:00,Odisha,Puri,39.09
15-01-2025 19:00,West Bengal,Darjeeling,45.47
05-08-2025 00:00,Tamil Nadu,Chennai,91.01
02-03-2025 21:00,Bihar,Darbhanga,16.14
14-11-2025 16:00,Odisha,Puri,6.85
27-01-2026 01:00,Maharashtra,Mumbai,40.48
15-05-2025 04:00,Maharashtra,Nashik,8.83
09-02-2025 03:00,Odisha,Cuttack,32.28
03-08-2025 11:00,Bihar,Bhagalpur,9.85
04-09-2025 19:00,Gujarat,Rajkot,35.75
25-11-2025 11:00,West Bengal,Darjeeling,61.12
14-03-2025 23:00,West Bengal,Murshidabad,22.47
30-01-2026 12:00,Uttar Pradesh,Kanpur,7.44
13-11-2025 13:00,Tamil Nadu,Tiruppur,40.95
15-03-2025 20:00,Maharashtra,Nashik,26.68
19-02-2025 20:00,West Bengal,Murshidabad,35.9
20-03-2025 06:00,Karnataka,Mangaluru,104.02124999999998
22-04-2025 04:00,Bihar,Bhagalpur,42.09
13-05-2025 03:00,Tamil Nadu,Madurai,53.09
26-03-2025 00:00,Tamil Nadu,Thanjavur,4.24
25-03-2025 13:00,Odisha,Cuttack,7.35
11-12-2025 16:00,Bihar,Gaya,38.91
12-06-2025 05:00,Uttar Pradesh,Kanpur,34.11
21-02-2026 07:00,Maharashtra,Nagpur,11.12
15-05-2025 21:00,Gujarat,Rajkot,24.46
04-07-2025 08:00,Odisha,Cuttack,26.05
17-07-2025 16:00,Assam,Barpeta,90.12
28-03-2025 14:00,Bihar,Gaya,28.03
06-08-2025 11:00,Tamil Nadu,Chennai,75.51
17-01-2025 12:00,Kerala,Thrissur,21.17
27-04-2025 04:00,Karnataka,Udupi,53.46
05-01-2026 21:00,Gujarat,Bharuch,33.57
26-12-2025 22:00,West Bengal,Murshidabad,14.41
19-06-2025 16:00,Uttar Pradesh,Varanasi,16.27
21-08-2025 06:00,Tamil Nadu,Madurai,57.6
15-12-2025 17:00,Bihar,Patna,21.42
01-02-2026 03:00,West Bengal,Kolkata,52.83
12-08-2025 03:00,Bihar,Darbhanga,23.8
29-10-2025 09:00,Odisha,Kendrapara,1.42
31-01-2026 03:00,Karnataka,Bengaluru,104.02124999999998
12-10-2025 04:00,Kerala,Kozhikode,40.6
05-03-2025 07:00,Maharashtra,Nagpur,58.6
08-12-2025 12:00,Assam,Jorhat,18.04
27-02-2025 10:00,West Bengal,Malda,22.09
25-08-2025 08:00,Maharashtra,Nagpur,42.77
12-02-2025 15:00,West Bengal,Darjeeling,37.18
18-04-2025 19:00,Odisha,Balasore,13.75
21-10-2025 10:00,Bihar,Gaya,104.02124999999998
23-08-2025 05:00,Bihar,Bhagalpur,104.02124999999998
15-11-2025 05:00,Assam,Dibrugarh,56.06
28-07-2025 16:00,Uttar Pradesh,Kanpur,21.86
30-04-2025 01:00,Bihar,Darbhanga,29.38
10-12-2025 22:00,Maharashtra,Nagpur,28.71
29-08-2025 11:00,West Bengal,Howrah,8.37
01-09-2025 10:00,Bihar,Muzaffarpur,32.36
01-12-2025 11:00,West Bengal,Malda,31.64
01-09-2025 00:00,West Bengal,Murshidabad,41.45
09-03-2025 21:00,Gujarat,Vadodara,19.87
23-07-2025 16:00,West Bengal,Darjeeling,52.54
08-07-2025 14:00,Karnataka,Kodagu,25.18
27-05-2025 19:00,Uttar Pradesh,Kanpur,23.48
04-09-2025 00:00,Tamil Nadu,Coimbatore,25.64
21-11-2025 05:00,Bihar,Muzaffarpur,51.99
31-05-2025 07:00,Odisha,Kendrapara,38.1
28-01-2026 10:00,Gujarat,Ahmedabad,99.69
06-08-2025 12:00,Kerala,Kozhikode,69.85
10-01-2025 18:00,Assam,Dhemaji,9.31
20-11-2025 03:00,Uttar Pradesh,Prayagraj,76.99
08-06-2025 04:00,West Bengal,Darjeeling,8.2
21-06-2025 14:00,Karnataka,Bengaluru,69.1
21-09-2025 06:00,Gujarat,Ahmedabad,40.72
28-07-2025 09:00,Karnataka,Bengaluru,53.79
08-06-2025 08:00,Bihar,Darbhanga,11.01
22-11-2025 09:00,Bihar,Bhagalpur,32.27
12-06-2025 11:00,Maharashtra,Nashik,44.19
29-07-2025 08:00,Maharashtra,Pune,23.53
23-03-2025 04:00,Assam,Dhemaji,33.08
23-09-2025 01:00,Bihar,Darbhanga,20.89
20-01-2025 14:00,Odisha,Puri,16.18
19-02-2026 08:00,Karnataka,Udupi,93.64
26-05-2025 12:00,Kerala,Kochi,26.16
11-09-2025 19:00,Tamil Nadu,Chennai,21.49
22-04-2025 07:00,Maharashtra,Mumbai,22.3
13-02-2026 08:00,Gujarat,Surat,90.93
03-04-2025 16:00,Assam,Dhemaji,16.29
16-02-2025 02:00,Tamil Nadu,Chennai,80.49
02-04-2025 04:00,West Bengal,Darjeeling,79.33
04-02-2025 02:00,Tamil Nadu,Chennai,7.72
21-08-2025 03:00,Assam,Dibrugarh,15.29
08-07-2025 11:00,Bihar,Gaya,8.74
30-08-2025 09:00,Maharashtra,Pune,40.55
26-01-2026 21:00,Gujarat,Vadodara,39.47
01-01-2026 20:00,Maharashtra,Kolhapur,68.5
07-11-2025 19:00,Kerala,Kottayam,16.23
20-04-2025 08:00,Maharashtra,Pune,38.5
23-10-2025 14:00,Uttar Pradesh,Lucknow,91.27
27-01-2026 08:00,Tamil Nadu,Coimbatore,104.02124999999998
18-02-2026 04:00,Tamil Nadu,Tiruppur,17.32
15-01-2026 23:00,West Bengal,Howrah,55.45
07-02-2025 00:00,Kerala,Kozhikode,84.51
12-04-2025 13:00,Tamil Nadu,Chennai,69.7
10-09-2025 08:00,Odisha,Puri,18.78
22-10-2025 08:00,Maharashtra,Kolhapur,36.04
04-02-2025 01:00,Bihar,Bhagalpur,83.76
08-01-2026 06:00,Uttar Pradesh,Prayagraj,38.08
23-05-2025 06:00,Tamil Nadu,Coimbatore,71.05
22-09-2025 16:00,Gujarat,Bharuch,62.14
08-04-2025 13:00,Karnataka,Mysuru,17.96
12-01-2026 05:00,Odisha,Puri,7.95
12-05-2025 23:00,Maharashtra,Nagpur,55.76
17-03-2025 09:00,Bihar,Gaya,34.62
01-12-2025 19:00,Tamil Nadu,Coimbatore,23.71
22-02-2025 16:00,Uttar Pradesh,Varanasi,16.21
31-07-2025 22:00,Karnataka,Mangaluru,18.56
08-02-2026 03:00,Bihar,Muzaffarpur,21.5
01-09-2025 03:00,Kerala,Kottayam,53.12
05-08-2025 10:00,Assam,Jorhat,8.43
05-07-2025 09:00,Maharashtra,Nagpur,24.08
26-07-2025 01:00,Odisha,Kendrapara,28.66
18-06-2025 13:00,Uttar Pradesh,Prayagraj,8.4
28-09-2025 23:00,Bihar,Patna,38.28
04-06-2025 06:00,Maharashtra,Nashik,26.47
13-02-2025 03:00,Gujarat,Bharuch,10.06
21-01-2026 16:00,Uttar Pradesh,Kanpur,13.17
21-08-2025 22:00,Bihar,Gaya,63.54
21-02-2025 04:00,Assam,Jorhat,31.54
21-02-2026 15:00,Assam,Barpeta,32.32
11-10-2025 19:00,West Bengal,Howrah,47.03
03-08-2025 05:00,Odisha,Bhubaneswar,15.61
03-01-2025 04:00,Maharashtra,Nagpur,50.2
13-01-2026 19:00,Maharashtra,Mumbai,44.47
16-12-2025 19:00,Tamil Nadu,Thanjavur,30.43
07-01-2025 15:00,Bihar,Gaya,90.24
11-11-2025 16:00,Karnataka,Mysuru,22.87
08-03-2025 03:00,Bihar,Bhagalpur,20.75
08-03-2025 05:00,Bihar,Muzaffarpur,8.79
15-02-2026 01:00,Tamil Nadu,Coimbatore,67.3
24-01-2026 16:00,Karnataka,Kodagu,102.92
16-10-2025 18:00,Assam,Barpeta,20.42
02-10-2025 20:00,Assam,Barpeta,0.66
15-09-2025 06:00,Tamil Nadu,Thanjavur,25.24
04-12-2025 10:00,Kerala,Kottayam,45.31
10-06-2025 18:00,Kerala,Thrissur,18.33
13-02-2026 22:00,Assam,Barpeta,87.59
06-10-2025 19:00,Karnataka,Mysuru,40.79
28-04-2025 20:00,Maharashtra,Pune,41.12
19-01-2025 04:00,Bihar,Gaya,46.0
11-12-2025 18:00,Bihar,Patna,30.15
07-12-2025 08:00,Tamil Nadu,Coimbatore,52.42
11-06-2025 14:00,West Bengal,Murshidabad,36.59
08-03-2025 04:00,Tamil Nadu,Tiruppur,36.39
26-04-2025 20:00,Odisha,Balasore,18.86
10-01-2026 05:00,Kerala,Kochi,27.96
23-12-2025 17:00,Tamil Nadu,Coimbatore,29.36
25-08-2025 22:00,Kerala,Thrissur,44.85
15-06-2025 05:00,Odisha,Balasore,54.56
16-07-2025 23:00,Tamil Nadu,Coimbatore,24.28
10-02-2025 13:00,West Bengal,Kolkata,45.82
21-02-2025 14:00,Bihar,Darbhanga,53.94
03-05-2025 23:00,Kerala,Kottayam,14.77
08-04-2025 14:00,Gujarat,Bharuch,24.87
29-09-2025 16:00,Odisha,Kendrapara,20.61
01-11-2025 14:00,Assam,Barpeta,13.03
09-09-2025 22:00,Kerala,Kochi,20.77
31-03-2025 22:00,Karnataka,Udupi,55.56
23-01-2026 00:00,Uttar Pradesh,Kanpur,57.83
02-10-2025 13:00,Gujarat,Bharuch,22.44
04-03-2025 09:00,Uttar Pradesh,Varanasi,17.45
09-07-2025 09:00,Gujarat,Rajkot,84.47
27-09-2025 09:00,Maharashtra,Nashik,11.37
27-06-2025 09:00,Assam,Guwahati,63.61
11-04-2025 22:00,West Bengal,Darjeeling,22.47
23-12-2025 20:00,Gujarat,Bharuch,41.92
05-08-2025 01:00,Assam,Jorhat,19.48
24-08-2025 07:00,Uttar Pradesh,Gorakhpur,18.86
15-01-2025 21:00,Gujarat,Vadodara,104.02124999999998
07-08-2025 10:00,West Bengal,Murshidabad,46.96
30-11-2025 19:00,Assam,Jorhat,20.16
21-01-2026 00:00,Bihar,Patna,24.11
29-03-2025 04:00,Kerala,Thrissur,18.26
14-08-2025 09:00,Assam,Guwahati,38.8
25-03-2025 23:00,Assam,Dhemaji,44.94
13-01-2026 11:00,Bihar,Darbhanga,104.02124999999998
18-06-2025 12:00,Bihar,Darbhanga,10.25
08-01-2025 19:00,Gujarat,Surat,19.88
13-10-2025 18:00,Uttar Pradesh,Lucknow,24.6
02-06-2025 07:00,Kerala,Kozhikode,25.58
23-05-2025 18:00,West Bengal,Howrah,58.19
27-10-2025 18:00,Maharashtra,Mumbai,34.97
27-02-2025 13:00,Bihar,Patna,10.81
08-11-2025 04:00,West Bengal,Murshidabad,8.15
18-01-2025 05:00,Tamil Nadu,Tiruppur,14.56
29-07-2025 21:00,Kerala,Kozhikode,100.43
24-07-2025 01:00,Gujarat,Vadodara,29.09
20-05-2025 00:00,Uttar Pradesh,Lucknow,56.43
31-05-2025 06:00,Maharashtra,Nashik,25.19
13-05-2025 07:00,Karnataka,Mangaluru,9.96
04-04-2025 09:00,Tamil Nadu,Chennai,16.92
09-02-2026 12:00,Maharashtra,Nagpur,64.25
21-11-2025 20:00,Uttar Pradesh,Kanpur,77.0
11-01-2025 16:00,Uttar Pradesh,Prayagraj,45.35
26-12-2025 04:00,Karnataka,Mysuru,15.76
09-01-2025 08:00,West Bengal,Malda,78.44
04-04-2025 03:00,Uttar Pradesh,Lucknow,13.58
17-07-2025 15:00,Kerala,Kozhikode,53.18
15-03-2025 15:00,Tamil Nadu,Tiruppur,9.8
26-06-2025 12:00,Gujarat,Surat,71.8
08-10-2025 09:00,Maharashtra,Kolhapur,45.25
19-12-2025 02:00,Kerala,Kochi,84.25
31-10-2025 05:00,Tamil Nadu,Coimbatore,33.8
07-03-2025 12:00,Maharashtra,Nashik,61.65
02-01-2025 00:00,Uttar Pradesh,Prayagraj,47.63
21-05-2025 03:00,Bihar,Bhagalpur,42.66
15-02-2025 08:00,Karnataka,Udupi,17.53
14-07-2025 18:00,Bihar,Gaya,74.1
23-04-2025 06:00,Assam,Barpeta,11.95
12-11-2025 22:00,Bihar,Gaya,15.95
22-05-2025 14:00,Tamil Nadu,Coimbatore,60.7
29-05-2025 07:00,Assam,Guwahati,11.43
17-01-2026 12:00,Gujarat,Ahmedabad,17.89
29-04-2025 09:00,Assam,Guwahati,43.09
07-04-2025 07:00,Gujarat,Vadodara,19.56
14-12-2025 05:00,Maharashtra,Kolhapur,5.37
15-05-2025 18:00,West Bengal,Malda,32.72
23-06-2025 00:00,West Bengal,Malda,33.65
24-02-2025 13:00,Karnataka,Kodagu,91.07
29-01-2025 23:00,Odisha,Kendrapara,104.02124999999998
15-02-2026 19:00,Assam,Jorhat,57.27
06-06-2025 08:00,Assam,Barpeta,29.61
22-09-2025 01:00,Gujarat,Surat,50.41
21-02-2025 03:00,Gujarat,Bharuch,10.3
25-03-2025 07:00,Karnataka,Mysuru,34.54
12-01-2025 12:00,Tamil Nadu,Chennai,104.02124999999998
07-12-2025 16:00,Maharashtra,Nagpur,65.06
16-11-2025 08:00,Uttar Pradesh,Varanasi,104.02124999999998
05-09-2025 01:00,West Bengal,Murshidabad,15.36
04-05-2025 01:00,Kerala,Kochi,91.45
01-06-2025 13:00,Gujarat,Vadodara,21.04
12-06-2025 18:00,West Bengal,Howrah,22.83
19-07-2025 02:00,Gujarat,Bharuch,30.4
01-09-2025 13:00,Tamil Nadu,Coimbatore,56.99
09-02-2026 02:00,West Bengal,Darjeeling,33.9
21-06-2025 13:00,Kerala,Kochi,92.84
20-10-2025 22:00,Karnataka,Udupi,13.79
17-02-2025 09:00,Odisha,Balasore,60.06
26-04-2025 07:00,Uttar Pradesh,Gorakhpur,64.52
08-04-2025 06:00,Maharashtra,Kolhapur,28.2
18-11-2025 02:00,Karnataka,Mysuru,36.45
09-02-2025 06:00,Bihar,Bhagalpur,54.18
16-11-2025 06:00,Uttar Pradesh,Varanasi,43.55
14-04-2025 18:00,West Bengal,Darjeeling,48.11
08-02-2026 07:00,Karnataka,Udupi,4.35
20-09-2025 02:00,Karnataka,Mysuru,12.44
25-07-2025 15:00,Maharashtra,Nagpur,9.99
13-06-2025 23:00,Maharashtra,Nashik,41.03
17-10-2025 20:00,Odisha,Balasore,45.83
10-04-2025 08:00,Tamil Nadu,Coimbatore,41.39
05-01-2025 19:00,Assam,Guwahati,36.48
19-03-2025 15:00,Tamil Nadu,Madurai,52.89
20-02-2026 16:00,Kerala,Kochi,30.9
10-05-2025 23:00,Assam,Jorhat,50.39
27-06-2025 10:00,Maharashtra,Mumbai,26.78
07-10-2025 09:00,Maharashtra,Mumbai,33.04
07-02-2025 14:00,Assam,Jorhat,28.34
28-04-2025 11:00,Tamil Nadu,Thanjavur,44.38
09-06-2025 06:00,West Bengal,Howrah,30.5
07-12-2025 01:00,Assam,Barpeta,51.44
15-10-2025 02:00,Tamil Nadu,Madurai,52.3
14-01-2026 18:00,Bihar,Patna,11.85
15-07-2025 19:00,Karnataka,Kodagu,54.05
07-01-2026 14:00,Maharashtra,Mumbai,36.93
08-06-2025 10:00,Bihar,Gaya,33.69
10-09-2025 20:00,Karnataka,Udupi,35.22
31-08-2025 02:00,Odisha,Cuttack,43.98
28-05-2025 08:00,Karnataka,Mysuru,69.59
09-06-2025 09:00,Kerala,Kochi,16.86
27-12-2025 02:00,Gujarat,Vadodara,104.02124999999998
25-12-2025 16:00,West Bengal,Murshidabad,30.31
20-07-2025 10:00,Karnataka,Mysuru,57.19
23-03-2025 02:00,West Bengal,Howrah,50.34
25-12-2025 08:00,Bihar,Darbhanga,20.35
25-10-2025 08:00,Bihar,Darbhanga,25.28
11-08-2025 07:00,Uttar Pradesh,Kanpur,42.2
26-05-2025 08:00,Uttar Pradesh,Prayagraj,36.92
09-03-2025 02:00,Bihar,Patna,26.61
07-11-2025 21:00,Bihar,Darbhanga,21.34
20-12-2025 01:00,Uttar Pradesh,Kanpur,12.18
14-07-2025 21:00,Maharashtra,Kolhapur,42.24
26-07-2025 15:00,Kerala,Thrissur,75.82
02-09-2025 11:00,Karnataka,Mangaluru,20.57
01-01-2026 03:00,Uttar Pradesh,Varanasi,37.64
18-07-2025 09:00,Odisha,Balasore,26.55
02-04-2025 10:00,Odisha,Cuttack,20.75
30-11-2025 11:00,Bihar,Bhagalpur,13.87
26-08-2025 13:00,Assam,Guwahati,48.95
02-08-2025 01:00,Uttar Pradesh,Prayagraj,13.84
24-01-2025 05:00,Odisha,Balasore,19.35
03-12-2025 01:00,West Bengal,Murshidabad,14.65
03-08-2025 03:00,Assam,Barpeta,17.5
20-02-2025 07:00,Assam,Jorhat,30.41
21-10-2025 01:00,Odisha,Kendrapara,20.18
01-11-2025 13:00,Kerala,Kottayam,31.84
04-03-2025 22:00,West Bengal,Murshidabad,92.93
10-10-2025 01:00,Uttar Pradesh,Gorakhpur,33.54
09-06-2025 13:00,Assam,Barpeta,13.57
05-06-2025 12:00,Tamil Nadu,Madurai,104.02124999999998
28-11-2025 13:00,Tamil Nadu,Madurai,26.47
14-05-2025 19:00,Uttar Pradesh,Prayagraj,49.17
01-06-2025 06:00,Odisha,Puri,22.48
13-03-2025 04:00,Karnataka,Udupi,8.8
18-03-2025 21:00,Tamil Nadu,Chennai,16.19
12-01-2025 02:00,Tamil Nadu,Thanjavur,17.27
07-09-2025 09:00,Gujarat,Vadodara,18.76
17-02-2025 12:00,Tamil Nadu,Tiruppur,14.07
12-05-2025 18:00,Maharashtra,Mumbai,30.51
16-09-2025 15:00,Tamil Nadu,Tiruppur,27.55
27-03-2025 06:00,Kerala,Alappuzha,79.1
05-06-2025 10:00,Karnataka,Mysuru,62.81
21-03-2025 13:00,Maharashtra,Kolhapur,37.47
01-11-2025 11:00,Uttar Pradesh,Lucknow,10.72
21-04-2025 20:00,Bihar,Muzaffarpur,35.32
28-01-2025 08:00,Odisha,Balasore,27.98
05-10-2025 12:00,Maharashtra,Nashik,33.86
24-02-2025 11:00,Odisha,Bhubaneswar,23.12
28-01-2026 21:00,Assam,Dibrugarh,53.17
11-02-2025 14:00,Kerala,Kottayam,26.29
06-11-2025 16:00,Uttar Pradesh,Kanpur,38.14
29-04-2025 02:00,Bihar,Patna,18.24
18-01-2026 10:00,Gujarat,Surat,73.73
03-09-2025 00:00,West Bengal,Howrah,41.21
21-02-2025 13:00,Odisha,Kendrapara,29.85
31-03-2025 15:00,Uttar Pradesh,Varanasi,60.33
26-11-2025 23:00,Uttar Pradesh,Gorakhpur,10.8
08-02-2026 23:00,Karnataka,Kodagu,68.32
27-10-2025 13:00,Maharashtra,Mumbai,30.46
12-12-2025 23:00,Uttar Pradesh,Lucknow,34.19
02-10-2025 02:00,Tamil Nadu,Chennai,17.1
01-08-2025 03:00,Karnataka,Mysuru,52.65
02-04-2025 02:00,Maharashtra,Nashik,39.51
17-02-2025 06:00,Assam,Jorhat,99.99
28-07-2025 12:00,Assam,Guwahati,38.64
29-11-2025 06:00,Bihar,Bhagalpur,104.02124999999998
24-02-2025 07:00,West Bengal,Kolkata,52.27
19-12-2025 20:00,Bihar,Muzaffarpur,29.64
09-03-2025 19:00,Kerala,Kochi,21.19
22-01-2026 17:00,Assam,Dibrugarh,20.73
05-03-2025 10:00,West Bengal,Murshidabad,8.1
13-02-2026 18:00,Kerala,Alappuzha,3.81
15-01-2025 22:00,West Bengal,Kolkata,64.81
06-01-2025 18:00,West Bengal,Howrah,17.01
13-01-2025 11:00,Uttar Pradesh,Gorakhpur,29.73
06-03-2025 20:00,Uttar Pradesh,Prayagraj,24.89
01-08-2025 11:00,Maharashtra,Nashik,54.16
16-01-2025 22:00,Karnataka,Udupi,39.24
13-12-2025 08:00,Gujarat,Surat,50.2
17-10-2025 12:00,Tamil Nadu,Tiruppur,51.11
22-07-2025 09:00,Assam,Dibrugarh,18.08
13-05-2025 12:00,West Bengal,Murshidabad,80.17
01-03-2025 23:00,Kerala,Thrissur,23.76
30-10-2025 21:00,Gujarat,Ahmedabad,15.61
25-08-2025 09:00,Bihar,Bhagalpur,58.85
09-02-2025 10:00,Karnataka,Mangaluru,22.45
10-04-2025 14:00,Uttar Pradesh,Varanasi,40.06
18-08-2025 02:00,Assam,Jorhat,11.4
22-10-2025 17:00,West Bengal,Kolkata,19.5
20-01-2026 14:00,Gujarat,Vadodara,4.82
24-04-2025 09:00,Assam,Guwahati,2.97
22-03-2025 12:00,Tamil Nadu,Madurai,38.18
06-11-2025 07:00,Uttar Pradesh,Gorakhpur,38.58
15-05-2025 20:00,Kerala,Kozhikode,13.48
11-05-2025 20:00,West Bengal,Malda,26.98
23-06-2025 11:00,Karnataka,Kodagu,49.81
06-01-2026 08:00,Tamil Nadu,Madurai,33.74
08-06-2025 15:00,Karnataka,Mangaluru,54.12
30-01-2026 23:00,Uttar Pradesh,Lucknow,14.28
18-10-2025 23:00,West Bengal,Malda,19.52
07-01-2026 00:00,Tamil Nadu,Tiruppur,35.81
10-02-2026 02:00,Gujarat,Vadodara,15.43
23-06-2025 02:00,Karnataka,Mangaluru,71.64
23-06-2025 20:00,West Bengal,Howrah,48.72
03-02-2025 04:00,Assam,Jorhat,45.69
11-04-2025 16:00,Gujarat,Ahmedabad,104.02124999999998
26-10-2025 18:00,Maharashtra,Nagpur,11.5
13-09-2025 19:00,Odisha,Puri,16.28
02-02-2025 17:00,Karnataka,Mangaluru,22.93
22-10-2025 11:00,West Bengal,Kolkata,40.09
12-05-2025 14:00,Karnataka,Bengaluru,27.89
06-01-2025 03:00,Odisha,Balasore,33.89
30-01-2026 01:00,Karnataka,Mangaluru,76.15
21-01-2026 06:00,Bihar,Muzaffarpur,90.5
01-04-2025 12:00,Karnataka,Mangaluru,20.57
01-04-2025 09:00,Odisha,Balasore,6.91
14-10-2025 16:00,Bihar,Gaya,30.78
17-06-2025 01:00,Odisha,Kendrapara,97.17
23-01-2026 08:00,Karnataka,Bengaluru,28.4
30-06-2025 20:00,West Bengal,Murshidabad,41.91
07-02-2025 22:00,Tamil Nadu,Coimbatore,5.73
19-09-2025 04:00,Gujarat,Surat,86.25
20-11-2025 19:00,Karnataka,Mysuru,16.2
07-04-2025 05:00,Uttar Pradesh,Kanpur,25.9
07-02-2026 10:00,Tamil Nadu,Tiruppur,66.14
01-06-2025 10:00,Assam,Guwahati,47.43
22-02-2025 09:00,Uttar Pradesh,Prayagraj,66.08
02-10-2025 15:00,West Bengal,Kolkata,34.88
05-07-2025 18:00,Bihar,Gaya,12.0
13-09-2025 13:00,Kerala,Kochi,62.59
19-02-2025 02:00,Kerala,Kochi,15.12
13-07-2025 20:00,Maharashtra,Pune,10.16
17-09-2025 02:00,Tamil Nadu,Madurai,69.13
02-06-2025 02:00,Tamil Nadu,Thanjavur,58.43
19-01-2025 10:00,Tamil Nadu,Madurai,20.46
23-05-2025 07:00,Maharashtra,Nagpur,104.02124999999998
28-02-2025 07:00,Karnataka,Bengaluru,59.38
02-03-2025 17:00,Kerala,Kochi,86.16
10-11-2025 12:00,Odisha,Kendrapara,47.83
28-08-2025 08:00,Maharashtra,Nashik,36.55
13-02-2025 22:00,Uttar Pradesh,Gorakhpur,104.02124999999998
10-01-2026 22:00,Gujarat,Surat,104.02124999999998
17-05-2025 11:00,Bihar,Bhagalpur,30.08
02-03-2025 23:00,Bihar,Gaya,24.54
04-06-2025 03:00,Karnataka,Mangaluru,38.21
06-06-2025 15:00,Karnataka,Mangaluru,20.99
08-02-2025 17:00,Odisha,Kendrapara,31.07
18-08-2025 15:00,Kerala,Alappuzha,21.14
27-09-2025 12:00,Odisha,Bhubaneswar,71.22
17-12-2025 12:00,Tamil Nadu,Madurai,10.04
18-03-2025 05:00,Bihar,Patna,56.12
03-05-2025 00:00,Karnataka,Udupi,11.25
12-12-2025 15:00,Tamil Nadu,Thanjavur,23.19
30-09-2025 10:00,Assam,Barpeta,65.11
25-06-2025 21:00,Maharashtra,Kolhapur,62.23
28-05-2025 18:00,Maharashtra,Mumbai,37.97
22-08-2025 06:00,Assam,Dhemaji,19.2
08-01-2026 09:00,Odisha,Balasore,35.19
01-11-2025 22:00,Odisha,Balasore,31.13
14-12-2025 22:00,Uttar Pradesh,Varanasi,8.49
25-03-2025 19:00,Gujarat,Bharuch,17.42
08-02-2025 01:00,Bihar,Bhagalpur,49.23
10-12-2025 16:00,West Bengal,Darjeeling,32.37
30-10-2025 17:00,Gujarat,Ahmedabad,43.78
15-05-2025 03:00,Kerala,Kozhikode,33.46
19-04-2025 14:00,Kerala,Alappuzha,44.17
17-05-2025 00:00,Gujarat,Surat,29.17
25-07-2025 08:00,Tamil Nadu,Madurai,62.18
27-12-2025 21:00,Gujarat,Ahmedabad,28.27
01-10-2025 12:00,Bihar,Muzaffarpur,43.88
05-12-2025 17:00,West Bengal,Malda,6.47
01-01-2025 06:00,Karnataka,Mangaluru,30.89
05-05-2025 04:00,Karnataka,Bengaluru,72.88
02-10-2025 07:00,Odisha,Cuttack,30.56
21-05-2025 01:00,West Bengal,Kolkata,74.42
18-07-2025 22:00,West Bengal,Malda,47.85
22-03-2025 23:00,Bihar,Patna,17.46
07-11-2025 12:00,Karnataka,Udupi,21.65
18-08-2025 03:00,Uttar Pradesh,Prayagraj,13.59
10-03-2025 03:00,Uttar Pradesh,Gorakhpur,86.9
17-02-2025 13:00,Odisha,Balasore,66.84
27-03-2025 01:00,Odisha,Cuttack,50.53
07-10-2025 07:00,Gujarat,Vadodara,104.02124999999998
22-11-2025 18:00,Tamil Nadu,Madurai,18.68
28-03-2025 06:00,Bihar,Muzaffarpur,34.4
11-05-2025 14:00,Assam,Dibrugarh,25.63
04-08-2025 00:00,Maharashtra,Pune,10.77
14-12-2025 03:00,Gujarat,Vadodara,51.89
08-08-2025 19:00,Bihar,Bhagalpur,75.68
04-04-2025 10:00,Uttar Pradesh,Prayagraj,34.5
03-03-2025 10:00,Uttar Pradesh,Gorakhpur,37.98
24-12-2025 22:00,Kerala,Kochi,28.7
20-03-2025 17:00,Bihar,Patna,58.2
24-05-2025 03:00,Uttar Pradesh,Gorakhpur,104.02124999999998
13-11-2025 09:00,Uttar Pradesh,Varanasi,16.15
19-11-2025 17:00,Gujarat,Vadodara,35.18
04-06-2025 09:00,West Bengal,Malda,52.02
26-03-2025 05:00,Tamil Nadu,Madurai,37.21
17-06-2025 12:00,West Bengal,Howrah,37.65
03-01-2026 22:00,Tamil Nadu,Chennai,36.61
18-12-2025 19:00,Karnataka,Udupi,17.05
26-05-2025 20:00,Kerala,Thrissur,8.51
21-04-2025 18:00,Gujarat,Ahmedabad,19.56
19-12-2025 08:00,Odisha,Puri,19.28
15-10-2025 00:00,Bihar,Muzaffarpur,81.25
17-02-2025 02:00,Maharashtra,Nagpur,17.94
20-08-2025 13:00,Karnataka,Kodagu,45.66
03-11-2025 14:00,Odisha,Cuttack,51.76
17-03-2025 19:00,Tamil Nadu,Thanjavur,25.51
11-11-2025 02:00,Maharashtra,Kolhapur,64.81
27-01-2026 02:00,Kerala,Kozhikode,21.64
29-06-2025 22:00,Uttar Pradesh,Kanpur,30.06
05-02-2026 04:00,Odisha,Puri,33.31
22-06-2025 16:00,Gujarat,Ahmedabad,83.23
14-07-2025 13:00,Tamil Nadu,Coimbatore,72.73
21-02-2025 12:00,Kerala,Alappuzha,55.77
17-08-2025 04:00,West Bengal,Kolkata,15.54
14-02-2026 20:00,Assam,Dhemaji,10.91
19-03-2025 08:00,Karnataka,Bengaluru,4.38
06-04-2025 02:00,Bihar,Patna,5.04
29-12-2025 05:00,West Bengal,Kolkata,25.17
24-01-2026 08:00,Tamil Nadu,Chennai,15.02
20-06-2025 13:00,Gujarat,Vadodara,23.58
22-10-2025 05:00,Gujarat,Surat,41.89
05-08-2025 16:00,Assam,Dibrugarh,37.5
24-09-2025 17:00,Maharashtra,Nagpur,56.06
18-02-2026 17:00,Karnataka,Kodagu,17.24
23-05-2025 13:00,Assam,Guwahati,52.7
22-01-2026 05:00,Assam,Dhemaji,104.02124999999998
17-01-2025 02:00,Assam,Barpeta,80.25
23-12-2025 04:00,Uttar Pradesh,Lucknow,33.97
09-03-2025 20:00,Kerala,Kottayam,59.5
30-05-2025 09:00,Maharashtra,Mumbai,12.45
05-11-2025 20:00,West Bengal,Malda,27.91
24-04-2025 02:00,West Bengal,Murshidabad,45.27
26-10-2025 19:00,Kerala,Kochi,14.99
18-12-2025 11:00,Uttar Pradesh,Kanpur,48.94
24-01-2026 09:00,Karnataka,Bengaluru,94.2
24-08-2025 19:00,Assam,Jorhat,24.85
13-05-2025 21:00,Karnataka,Bengaluru,22.02
20-02-2026 08:00,Uttar Pradesh,Lucknow,24.96
29-06-2025 09:00,West Bengal,Malda,2.83
07-02-2025 21:00,Karnataka,Kodagu,19.43
13-08-2025 09:00,West Bengal,Murshidabad,28.4
25-03-2025 04:00,Odisha,Balasore,30.05
19-03-2025 18:00,Odisha,Balasore,14.98
18-03-2025 18:00,Kerala,Alappuzha,34.89
15-04-2025 01:00,Gujarat,Surat,19.4
09-01-2025 09:00,Tamil Nadu,Chennai,97.02
26-11-2025 09:00,Bihar,Gaya,19.32
18-11-2025 20:00,Gujarat,Rajkot,30.02
30-07-2025 14:00,Karnataka,Bengaluru,31.58
03-09-2025 09:00,Assam,Guwahati,33.24
16-06-2025 22:00,Uttar Pradesh,Kanpur,104.02124999999998
17-02-2026 13:00,Assam,Barpeta,60.73
23-04-2025 14:00,Uttar Pradesh,Kanpur,33.01
24-05-2025 17:00,Maharashtra,Pune,13.13
14-01-2025 19:00,Odisha,Kendrapara,35.54
25-10-2025 11:00,Tamil Nadu,Chennai,27.18
09-01-2026 08:00,Uttar Pradesh,Prayagraj,14.95
14-02-2026 03:00,Tamil Nadu,Thanjavur,16.68
27-10-2025 00:00,Karnataka,Bengaluru,32.64
13-04-2025 11:00,West Bengal,Darjeeling,23.9
15-03-2025 22:00,Kerala,Alappuzha,21.52
04-10-2025 04:00,Tamil Nadu,Chennai,39.97
13-11-2025 12:00,Kerala,Kottayam,59.28
29-11-2025 18:00,Bihar,Bhagalpur,15.91
22-04-2025 22:00,Maharashtra,Nagpur,57.68
17-01-2026 03:00,Bihar,Muzaffarpur,8.77
11-02-2025 05:00,Gujarat,Vadodara,46.08
12-01-2026 22:00,Uttar Pradesh,Gorakhpur,48.33
14-12-2025 20:00,Uttar Pradesh,Lucknow,99.11
05-01-2026 19:00,Kerala,Kochi,22.17
23-12-2025 06:00,Tamil Nadu,Madurai,19.55
30-08-2025 22:00,Odisha,Bhubaneswar,13.42
30-12-2025 21:00,Maharashtra,Nashik,39.78
29-12-2025 09:00,Karnataka,Kodagu,37.39
01-10-2025 22:00,Maharashtra,Kolhapur,6.69
08-05-2025 04:00,Kerala,Kottayam,53.07
26-12-2025 21:00,Bihar,Darbhanga,14.49
16-08-2025 14:00,Gujarat,Rajkot,45.63
08-01-2025 05:00,Tamil Nadu,Madurai,5.17
26-07-2025 10:00,Assam,Jorhat,29.22
12-07-2025 07:00,Gujarat,Rajkot,104.02124999999998
19-05-2025 09:00,Odisha,Puri,33.97
22-10-2025 09:00,West Bengal,Howrah,41.63
18-09-2025 06:00,West Bengal,Kolkata,33.78
09-10-2025 01:00,Bihar,Patna,9.5
21-05-2025 12:00,Odisha,Balasore,28.37
10-09-2025 00:00,Tamil Nadu,Coimbatore,54.97
18-05-2025 23:00,Kerala,Kochi,12.23
06-11-2025 00:00,Karnataka,Udupi,78.48
31-10-2025 21:00,Uttar Pradesh,Varanasi,42.32
13-11-2025 00:00,Bihar,Muzaffarpur,41.77
26-01-2026 17:00,Tamil Nadu,Chennai,52.57
03-01-2026 03:00,Odisha,Puri,28.24
07-12-2025 00:00,Assam,Dibrugarh,16.41
14-07-2025 23:00,Uttar Pradesh,Lucknow,93.31
22-05-2025 19:00,Karnataka,Kodagu,22.77
01-01-2025 18:00,West Bengal,Malda,36.88
03-06-2025 19:00,Maharashtra,Nagpur,39.94
27-12-2025 14:00,Kerala,Kozhikode,17.17
20-06-2025 16:00,Maharashtra,Pune,41.46
01-06-2025 04:00,Odisha,Kendrapara,14.91
05-01-2026 06:00,West Bengal,Howrah,64.27
01-04-2025 14:00,Uttar Pradesh,Kanpur,78.1
26-02-2025 12:00,Odisha,Cuttack,25.88
28-07-2025 10:00,Gujarat,Surat,30.81
04-11-2025 23:00,Tamil Nadu,Tiruppur,28.88
16-10-2025 10:00,West Bengal,Howrah,36.99
31-08-2025 15:00,Maharashtra,Nagpur,10.44
31-01-2026 22:00,Tamil Nadu,Chennai,65.8
25-08-2025 06:00,Maharashtra,Kolhapur,74.18
10-05-2025 16:00,West Bengal,Howrah,16.3
08-01-2025 14:00,Tamil Nadu,Coimbatore,15.67
01-06-2025 18:00,Uttar Pradesh,Kanpur,59.77
05-01-2026 01:00,Uttar Pradesh,Varanasi,16.26
17-03-2025 12:00,Tamil Nadu,Coimbatore,72.9
25-11-2025 03:00,Karnataka,Mysuru,58.82
21-12-2025 01:00,Uttar Pradesh,Gorakhpur,7.87
24-07-2025 16:00,Assam,Guwahati,16.54
25-08-2025 04:00,Kerala,Thrissur,11.18
22-12-2025 22:00,Assam,Guwahati,18.73
17-03-2025 00:00,Kerala,Kochi,58.57
21-01-2026 11:00,Bihar,Gaya,18.03
12-04-2025 05:00,Bihar,Muzaffarpur,28.11
17-08-2025 10:00,Assam,Guwahati,77.8
09-10-2025 17:00,Kerala,Alappuzha,38.06
14-02-2026 23:00,Assam,Barpeta,24.25
06-02-2026 11:00,Bihar,Gaya,45.53
24-03-2025 00:00,Odisha,Balasore,63.43
14-12-2025 11:00,Odisha,Kendrapara,8.51
06-12-2025 05:00,Karnataka,Udupi,14.94
17-11-2025 16:00,Gujarat,Rajkot,17.81
11-11-2025 05:00,Kerala,Kochi,55.7
27-07-2025 19:00,Bihar,Patna,9.45
11-02-2026 12:00,Uttar Pradesh,Lucknow,20.18
13-07-2025 18:00,Karnataka,Kodagu,31.63
18-02-2025 07:00,West Bengal,Howrah,18.66
20-02-2025 13:00,Assam,Barpeta,8.92
02-11-2025 16:00,Kerala,Thrissur,28.11
25-02-2025 05:00,Assam,Jorhat,8.4
10-11-2025 00:00,Assam,Guwahati,20.16
12-11-2025 20:00,Odisha,Puri,28.36
19-07-2025 20:00,Assam,Dibrugarh,14.25
11-10-2025 04:00,West Bengal,Darjeeling,38.99
31-08-2025 00:00,West Bengal,Howrah,11.03
05-09-2025 15:00,Karnataka,Kodagu,70.82
22-01-2026 19:00,Maharashtra,Nashik,104.02124999999998
06-12-2025 08:00,Assam,Dhemaji,3.59
02-03-2025 15:00,Bihar,Gaya,28.48
14-08-2025 10:00,West Bengal,Kolkata,76.22
25-10-2025 01:00,Bihar,Darbhanga,104.02124999999998
06-01-2026 12:00,Odisha,Puri,50.56
26-07-2025 18:00,Kerala,Kochi,29.26
27-04-2025 16:00,Karnataka,Udupi,51.39
10-03-2025 12:00,Maharashtra,Nagpur,20.54
31-03-2025 04:00,Karnataka,Bengaluru,17.29
09-07-2025 00:00,Karnataka,Udupi,53.01
05-07-2025 17:00,Bihar,Darbhanga,9.38
08-01-2026 23:00,Kerala,Thrissur,13.97
21-08-2025 18:00,Odisha,Bhubaneswar,90.81
02-07-2025 10:00,Gujarat,Surat,44.82
31-01-2025 09:00,West Bengal,Darjeeling,11.36
01-07-2025 13:00,Karnataka,Mangaluru,10.62
19-11-2025 20:00,Assam,Barpeta,74.94
07-10-2025 20:00,West Bengal,Darjeeling,24.72
22-03-2025 16:00,Maharashtra,Kolhapur,104.02124999999998
08-06-2025 01:00,Odisha,Kendrapara,26.98
05-06-2025 16:00,Bihar,Bhagalpur,23.45
05-04-2025 05:00,Tamil Nadu,Madurai,31.79
16-06-2025 21:00,Gujarat,Surat,8.58
16-02-2025 06:00,Odisha,Cuttack,48.35
12-01-2026 04:00,Tamil Nadu,Tiruppur,15.11
17-08-2025 08:00,Bihar,Darbhanga,56.68
05-05-2025 22:00,Uttar Pradesh,Prayagraj,33.94
10-04-2025 18:00,Kerala,Kochi,25.69
19-02-2025 09:00,Gujarat,Vadodara,16.49
25-03-2025 15:00,Karnataka,Bengaluru,40.18
09-01-2025 01:00,Tamil Nadu,Coimbatore,57.55
22-08-2025 19:00,Kerala,Kozhikode,31.38
01-05-2025 21:00,Bihar,Darbhanga,38.39
25-01-2025 02:00,Uttar Pradesh,Prayagraj,86.15
17-09-2025 03:00,Bihar,Muzaffarpur,44.48
19-08-2025 05:00,Gujarat,Surat,53.05
02-02-2025 03:00,Maharashtra,Pune,33.22
23-11-2025 15:00,West Bengal,Kolkata,77.49
10-04-2025 19:00,Uttar Pradesh,Lucknow,39.74
03-03-2025 14:00,Gujarat,Ahmedabad,70.54
18-03-2025 22:00,Uttar Pradesh,Kanpur,27.54
15-01-2026 12:00,Maharashtra,Kolhapur,47.97
28-06-2025 02:00,Karnataka,Mangaluru,41.24
05-06-2025 20:00,Odisha,Cuttack,51.86
11-07-2025 16:00,Karnataka,Udupi,12.26
03-12-2025 23:00,Assam,Guwahati,34.36
29-12-2025 22:00,Maharashtra,Pune,48.73
06-10-2025 04:00,Karnataka,Mysuru,16.69
23-09-2025 15:00,Odisha,Kendrapara,48.68
05-12-2025 12:00,Kerala,Kozhikode,24.25
02-02-2026 10:00,Tamil Nadu,Tiruppur,32.97
24-07-2025 19:00,West Bengal,Murshidabad,37.58
28-03-2025 09:00,Assam,Dhemaji,19.31
18-07-2025 02:00,Maharashtra,Mumbai,40.1
21-03-2025 00:00,Kerala,Kozhikode,35.32
23-12-2025 08:00,Odisha,Puri,57.8
07-10-2025 06:00,West Bengal,Howrah,75.15
21-09-2025 05:00,Maharashtra,Mumbai,12.9
02-06-2025 11:00,Maharashtra,Kolhapur,64.72
02-10-2025 05:00,Uttar Pradesh,Prayagraj,53.49
10-04-2025 03:00,Gujarat,Bharuch,83.23
02-03-2025 07:00,Assam,Dibrugarh,46.05
15-01-2025 06:00,Maharashtra,Mumbai,23.03
02-08-2025 15:00,Kerala,Alappuzha,71.23
11-05-2025 16:00,Bihar,Muzaffarpur,77.02
16-04-2025 07:00,Bihar,Bhagalpur,5.86
31-01-2025 07:00,Assam,Barpeta,17.36
10-07-2025 17:00,Tamil Nadu,Tiruppur,38.99
10-02-2025 16:00,Maharashtra,Nagpur,30.6
16-12-2025 15:00,West Bengal,Kolkata,104.02124999999998
15-08-2025 19:00,Odisha,Bhubaneswar,26.18
12-01-2026 10:00,Assam,Guwahati,55.71
27-05-2025 12:00,Kerala,Alappuzha,9.74
29-11-2025 07:00,West Bengal,Murshidabad,12.85
12-02-2026 19:00,Karnataka,Udupi,23.75
14-06-2025 04:00,Gujarat,Surat,39.04
24-02-2025 03:00,Tamil Nadu,Thanjavur,4.04
11-02-2026 20:00,Odisha,Cuttack,30.95
26-02-2025 04:00,Maharashtra,Pune,22.21
28-01-2025 12:00,Assam,Dibrugarh,104.02124999999998
03-09-2025 06:00,Maharashtra,Kolhapur,68.79
04-03-2025 04:00,Karnataka,Bengaluru,102.6
19-02-2026 10:00,Maharashtra,Mumbai,41.16
11-07-2025 05:00,Maharashtra,Nashik,41.44
22-12-2025 10:00,Karnataka,Mysuru,41.23
03-08-2025 18:00,Maharashtra,Nashik,36.94
07-04-2025 11:00,Assam,Jorhat,38.79
05-02-2026 14:00,West Bengal,Kolkata,30.65
04-02-2026 01:00,Kerala,Alappuzha,67.26
20-10-2025 16:00,West Bengal,Darjeeling,29.34
15-02-2025 05:00,Karnataka,Bengaluru,47.32
16-04-2025 04:00,Uttar Pradesh,Prayagraj,89.87
09-01-2026 16:00,Maharashtra,Nashik,13.46
12-08-2025 22:00,Maharashtra,Mumbai,40.18
14-05-2025 06:00,Bihar,Patna,18.04
28-08-2025 15:00,West Bengal,Murshidabad,34.99
17-06-2025 00:00,West Bengal,Murshidabad,47.15
27-08-2025 05:00,Karnataka,Mangaluru,8.16
05-10-2025 09:00,Bihar,Gaya,73.86
25-01-2026 21:00,Tamil Nadu,Coimbatore,22.4
02-01-2026 06:00,Karnataka,Kodagu,75.47
03-01-2025 19:00,Bihar,Gaya,62.65
27-11-2025 03:00,Kerala,Kochi,37.08
02-01-2025 16:00,Uttar Pradesh,Lucknow,24.6
05-04-2025 13:00,Bihar,Patna,31.27
10-04-2025 05:00,Tamil Nadu,Tiruppur,20.98
02-11-2025 21:00,Bihar,Gaya,53.78
20-02-2026 01:00,Karnataka,Mysuru,56.94
24-07-2025 20:00,Karnataka,Kodagu,44.57
10-08-2025 18:00,Gujarat,Rajkot,11.96
29-08-2025 13:00,Kerala,Thrissur,74.49
17-09-2025 16:00,Maharashtra,Nagpur,26.03
18-10-2025 03:00,Odisha,Cuttack,34.34
24-05-2025 15:00,Bihar,Patna,2.47
12-10-2025 00:00,Kerala,Alappuzha,14.08
09-04-2025 15:00,Assam,Dibrugarh,25.73
29-11-2025 13:00,Odisha,Bhubaneswar,56.47
07-12-2025 06:00,Odisha,Bhubaneswar,25.61
15-04-2025 16:00,Kerala,Kochi,40.8
05-02-2026 19:00,Assam,Barpeta,104.02124999999998
24-04-2025 11:00,Kerala,Kottayam,21.59
05-09-2025 20:00,Odisha,Bhubaneswar,25.74
18-01-2026 17:00,Kerala,Kottayam,37.04
11-01-2026 04:00,Karnataka,Udupi,21.11
17-02-2025 15:00,Karnataka,Udupi,48.87
10-02-2026 16:00,Maharashtra,Pune,39.77
28-10-2025 22:00,Gujarat,Rajkot,90.89
12-12-2025 12:00,Karnataka,Bengaluru,47.87
20-01-2026 04:00,Tamil Nadu,Tiruppur,43.18
17-07-2025 00:00,Maharashtra,Nagpur,28.49
17-08-2025 22:00,Maharashtra,Nashik,10.19
28-08-2025 19:00,Tamil Nadu,Chennai,22.91
12-11-2025 02:00,Odisha,Puri,36.37
07-06-2025 21:00,Gujarat,Bharuch,44.32
03-04-2025 12:00,Maharashtra,Pune,66.65
31-07-2025 11:00,Kerala,Kottayam,19.72
08-04-2025 03:00,Uttar Pradesh,Prayagraj,12.75
13-08-2025 18:00,Gujarat,Bharuch,22.31
06-11-2025 23:00,Karnataka,Udupi,90.41
03-12-2025 03:00,Maharashtra,Pune,11.0
23-10-2025 10:00,Uttar Pradesh,Gorakhpur,22.52
25-01-2026 00:00,Kerala,Kozhikode,6.12
20-06-2025 08:00,West Bengal,Howrah,5.12
23-03-2025 23:00,Maharashtra,Pune,49.54
26-01-2026 03:00,Tamil Nadu,Chennai,4.73
13-02-2026 04:00,Tamil Nadu,Coimbatore,26.73
09-10-2025 13:00,Kerala,Thrissur,52.71
04-02-2026 10:00,Bihar,Patna,31.85
01-07-2025 21:00,Kerala,Alappuzha,8.48
19-10-2025 15:00,Maharashtra,Nashik,45.89
18-01-2025 15:00,Odisha,Balasore,53.96
12-01-2025 16:00,West Bengal,Murshidabad,18.03
21-03-2025 08:00,Odisha,Puri,13.01
25-01-2025 19:00,Uttar Pradesh,Gorakhpur,104.02124999999998
24-12-2025 11:00,Tamil Nadu,Madurai,27.76
13-06-2025 05:00,Odisha,Kendrapara,65.51
13-09-2025 22:00,Tamil Nadu,Thanjavur,29.58
24-08-2025 21:00,West Bengal,Darjeeling,16.5
29-08-2025 18:00,Tamil Nadu,Thanjavur,35.25
31-05-2025 18:00,Uttar Pradesh,Prayagraj,21.54
13-10-2025 05:00,Bihar,Muzaffarpur,34.59
04-02-2025 23:00,Bihar,Patna,29.97
11-07-2025 12:00,Maharashtra,Pune,80.68
09-11-2025 08:00,Tamil Nadu,Chennai,104.02124999999998
06-01-2025 21:00,Odisha,Bhubaneswar,78.79
19-04-2025 05:00,Tamil Nadu,Madurai,41.97
07-10-2025 05:00,Odisha,Cuttack,8.49
20-11-2025 04:00,Uttar Pradesh,Varanasi,70.3
27-02-2025 09:00,Assam,Barpeta,31.01
03-06-2025 02:00,West Bengal,Howrah,104.02124999999998
01-01-2026 10:00,Uttar Pradesh,Gorakhpur,104.02124999999998
17-02-2026 07:00,Tamil Nadu,Tiruppur,15.57
23-09-2025 02:00,Tamil Nadu,Coimbatore,9.32
17-07-2025 13:00,Odisha,Balasore,15.35
08-06-2025 16:00,Karnataka,Kodagu,15.44
17-02-2025 10:00,Gujarat,Vadodara,16.49
05-04-2025 01:00,Bihar,Darbhanga,6.28
24-11-2025 17:00,Odisha,Balasore,31.99
16-03-2025 11:00,Tamil Nadu,Tiruppur,18.7
14-06-2025 02:00,Maharashtra,Kolhapur,56.09
24-01-2026 04:00,Gujarat,Rajkot,7.82
13-07-2025 14:00,Kerala,Alappuzha,14.84
20-01-2025 03:00,Karnataka,Mangaluru,37.4
12-09-2025 19:00,West Bengal,Darjeeling,47.82
02-02-2026 14:00,Karnataka,Bengaluru,31.91
09-02-2025 12:00,West Bengal,Darjeeling,70.16
04-06-2025 04:00,Uttar Pradesh,Lucknow,94.38
25-02-2025 16:00,Kerala,Kozhikode,50.38
23-09-2025 10:00,Maharashtra,Nagpur,98.29
12-07-2025 20:00,Bihar,Darbhanga,20.23
19-09-2025 22:00,Gujarat,Rajkot,33.16
04-09-2025 21:00,Bihar,Darbhanga,20.72
05-09-2025 06:00,Tamil Nadu,Chennai,37.69
09-09-2025 16:00,Tamil Nadu,Tiruppur,52.22
19-01-2025 09:00,Kerala,Thrissur,104.02124999999998
05-10-2025 11:00,Maharashtra,Nagpur,50.74
08-03-2025 18:00,Uttar Pradesh,Prayagraj,18.86
04-04-2025 06:00,Gujarat,Ahmedabad,26.56
27-01-2025 15:00,Bihar,Muzaffarpur,37.27
14-02-2026 04:00,Kerala,Thrissur,22.75
09-06-2025 14:00,Kerala,Thrissur,94.99
27-01-2026 11:00,Bihar,Patna,33.89
14-09-2025 00:00,Gujarat,Surat,98.2
29-11-2025 17:00,West Bengal,Murshidabad,43.96
13-01-2026 04:00,Maharashtra,Kolhapur,26.01
22-09-2025 08:00,Gujarat,Vadodara,42.76
15-04-2025 05:00,Maharashtra,Nagpur,33.89
23-03-2025 14:00,Bihar,Darbhanga,88.6
14-02-2025 14:00,Uttar Pradesh,Gorakhpur,4.62
07-01-2025 11:00,Assam,Guwahati,14.59
06-04-2025 15:00,Gujarat,Bharuch,36.31
13-02-2026 09:00,Assam,Barpeta,59.27
10-07-2025 18:00,Odisha,Puri,3.15
15-02-2025 09:00,Kerala,Kozhikode,19.28
10-09-2025 01:00,Odisha,Balasore,12.72
25-09-2025 07:00,Karnataka,Mysuru,7.94
03-05-2025 12:00,Tamil Nadu,Coimbatore,18.89
31-01-2025 03:00,Gujarat,Ahmedabad,28.38
02-07-2025 16:00,Maharashtra,Kolhapur,94.0
08-02-2025 18:00,Bihar,Gaya,27.43
02-05-2025 05:00,Bihar,Muzaffarpur,34.03
23-11-2025 21:00,Karnataka,Bengaluru,50.51
09-10-2025 19:00,West Bengal,Darjeeling,17.3
16-12-2025 12:00,Assam,Guwahati,31.62
25-09-2025 08:00,Gujarat,Vadodara,23.81
07-02-2025 07:00,Tamil Nadu,Tiruppur,30.08
16-05-2025 07:00,Odisha,Balasore,8.76
07-04-2025 22:00,Odisha,Cuttack,28.5
23-10-2025 16:00,Tamil Nadu,Chennai,34.58
01-02-2026 01:00,Bihar,Muzaffarpur,33.87
12-11-2025 21:00,Uttar Pradesh,Lucknow,95.52
10-02-2026 22:00,Uttar Pradesh,Kanpur,41.26
29-07-2025 22:00,Kerala,Thrissur,23.17
26-09-2025 18:00,Assam,Dhemaji,52.14
22-06-2025 08:00,Odisha,Cuttack,13.2
21-01-2026 08:00,Uttar Pradesh,Kanpur,34.3
13-03-2025 11:00,Assam,Dhemaji,97.48
12-03-2025 18:00,Gujarat,Vadodara,24.61
08-02-2026 18:00,West Bengal,Malda,14.77
02-02-2026 21:00,Karnataka,Mysuru,34.39
20-02-2026 11:00,Tamil Nadu,Tiruppur,34.19
09-12-2025 16:00,Uttar Pradesh,Prayagraj,18.63
09-06-2025 15:00,Odisha,Bhubaneswar,104.02124999999998
20-09-2025 11:00,Uttar Pradesh,Kanpur,32.77
20-05-2025 12:00,Uttar Pradesh,Varanasi,40.09
01-02-2026 14:00,Tamil Nadu,Tiruppur,60.1
11-02-2025 01:00,Maharashtra,Mumbai,12.15
17-03-2025 21:00,Odisha,Cuttack,27.11
10-07-2025 11:00,Tamil Nadu,Madurai,23.2
25-01-2025 11:00,Assam,Barpeta,2.49
11-02-2026 13:00,Odisha,Puri,18.74
31-07-2025 13:00,Tamil Nadu,Coimbatore,22.6
21-11-2025 06:00,West Bengal,Kolkata,33.75
13-12-2025 19:00,Gujarat,Surat,29.2
01-02-2026 18:00,Uttar Pradesh,Prayagraj,4.64
20-02-2026 07:00,Uttar Pradesh,Lucknow,4.0
17-08-2025 11:00,Tamil Nadu,Thanjavur,29.19
19-11-2025 18:00,Karnataka,Mangaluru,30.09
22-01-2026 16:00,West Bengal,Darjeeling,14.49
18-08-2025 18:00,Bihar,Gaya,78.61
01-02-2026 23:00,Bihar,Darbhanga,27.56
05-01-2026 15:00,Bihar,Muzaffarpur,42.46
20-08-2025 09:00,Assam,Dibrugarh,53.79
29-05-2025 05:00,Gujarat,Bharuch,12.12
28-02-2025 03:00,Gujarat,Ahmedabad,48.8
12-01-2025 00:00,Uttar Pradesh,Prayagraj,25.37
28-05-2025 19:00,Tamil Nadu,Madurai,47.58
13-10-2025 04:00,Assam,Guwahati,13.97
14-11-2025 20:00,Kerala,Kottayam,46.65
10-10-2025 20:00,Uttar Pradesh,Gorakhpur,60.51
08-05-2025 21:00,Gujarat,Ahmedabad,57.92
29-07-2025 09:00,Maharashtra,Nagpur,25.01
16-12-2025 20:00,Bihar,Bhagalpur,15.11
11-06-2025 00:00,Odisha,Cuttack,64.56
14-01-2026 00:00,Bihar,Muzaffarpur,23.61
11-04-2025 00:00,Gujarat,Bharuch,54.46
19-09-2025 10:00,Bihar,Patna,31.73
20-12-2025 12:00,Tamil Nadu,Thanjavur,21.08
04-06-2025 15:00,Odisha,Bhubaneswar,52.48
11-01-2025 06:00,Tamil Nadu,Thanjavur,22.85
08-03-2025 10:00,Uttar Pradesh,Kanpur,38.21
08-02-2026 10:00,Karnataka,Kodagu,52.46
05-03-2025 17:00,Maharashtra,Pune,77.77
09-12-2025 15:00,Odisha,Kendrapara,53.06
08-02-2025 11:00,Uttar Pradesh,Prayagraj,83.38
11-11-2025 17:00,Assam,Dibrugarh,45.59
01-07-2025 20:00,West Bengal,Murshidabad,94.38
28-01-2025 21:00,Gujarat,Ahmedabad,32.46
31-05-2025 04:00,Gujarat,Bharuch,36.53
01-08-2025 20:00,West Bengal,Murshidabad,29.24
21-03-2025 14:00,Assam,Guwahati,19.39
14-12-2025 16:00,Uttar Pradesh,Prayagraj,31.71
07-08-2025 16:00,Gujarat,Bharuch,60.05
27-10-2025 07:00,Karnataka,Bengaluru,12.11
14-06-2025 22:00,Kerala,Alappuzha,33.31
17-10-2025 21:00,Assam,Barpeta,39.65
09-09-2025 02:00,Odisha,Puri,22.17
24-08-2025 03:00,Karnataka,Bengaluru,14.44
23-04-2025 08:00,Kerala,Kozhikode,37.16
18-04-2025 23:00,Kerala,Kottayam,24.19
04-09-2025 02:00,Odisha,Puri,18.09
16-03-2025 05:00,Karnataka,Bengaluru,30.04
29-09-2025 05:00,Assam,Barpeta,6.7
06-05-2025 13:00,Kerala,Thrissur,47.12
25-10-2025 05:00,Bihar,Darbhanga,24.54
07-04-2025 03:00,Maharashtra,Pune,13.96
31-10-2025 04:00,Odisha,Bhubaneswar,59.15
03-06-2025 18:00,Karnataka,Mysuru,57.99
29-01-2025 15:00,West Bengal,Darjeeling,24.72
08-09-2025 11:00,Karnataka,Bengaluru,7.13
22-10-2025 15:00,Bihar,Patna,17.21
26-01-2025 12:00,Gujarat,Rajkot,26.87
26-10-2025 15:00,Uttar Pradesh,Varanasi,9.09
19-01-2026 13:00,Odisha,Balasore,70.8
14-05-2025 08:00,Odisha,Bhubaneswar,104.02124999999998
05-04-2025 11:00,Odisha,Kendrapara,73.32
12-02-2026 13:00,Assam,Jorhat,3.98
04-10-2025 05:00,Odisha,Puri,22.52
22-06-2025 07:00,Tamil Nadu,Chennai,16.58
21-03-2025 02:00,Maharashtra,Nagpur,26.66
02-02-2026 02:00,Tamil Nadu,Coimbatore,9.89
06-12-2025 17:00,Tamil Nadu,Chennai,56.57
11-01-2025 18:00,Uttar Pradesh,Prayagraj,23.55
02-05-2025 20:00,Uttar Pradesh,Varanasi,57.27
28-01-2026 16:00,Gujarat,Vadodara,5.63
25-07-2025 23:00,Uttar Pradesh,Lucknow,34.7
28-04-2025 14:00,Uttar Pradesh,Gorakhpur,11.72
30-09-2025 01:00,Uttar Pradesh,Lucknow,39.75
20-05-2025 03:00,Maharashtra,Pune,27.75
27-05-2025 21:00,Uttar Pradesh,Prayagraj,104.02124999999998
10-07-2025 03:00,Bihar,Muzaffarpur,31.98
07-02-2026 08:00,West Bengal,Darjeeling,28.19
26-11-2025 12:00,Kerala,Thrissur,7.7
11-08-2025 01:00,Tamil Nadu,Coimbatore,73.87
06-08-2025 15:00,Bihar,Darbhanga,64.26
06-04-2025 05:00,Maharashtra,Kolhapur,21.83
10-09-2025 15:00,Odisha,Cuttack,71.59
13-07-2025 22:00,Gujarat,Bharuch,20.69
28-07-2025 08:00,Maharashtra,Nagpur,5.81
07-10-2025 14:00,Karnataka,Mysuru,38.54
24-01-2026 12:00,Tamil Nadu,Thanjavur,19.3
21-01-2025 04:00,Bihar,Gaya,37.97
03-04-2025 03:00,Assam,Jorhat,48.11
14-08-2025 16:00,Assam,Dhemaji,13.13
12-11-2025 03:00,Uttar Pradesh,Varanasi,29.58
17-04-2025 11:00,Bihar,Gaya,14.4
01-01-2025 07:00,Odisha,Kendrapara,36.94
02-06-2025 09:00,Bihar,Gaya,19.65
25-09-2025 03:00,Gujarat,Rajkot,43.8
17-01-2026 20:00,Bihar,Darbhanga,25.73
23-07-2025 02:00,Odisha,Puri,83.04
03-07-2025 10:00,Bihar,Patna,33.31
07-01-2026 12:00,Gujarat,Vadodara,74.39
20-08-2025 02:00,Karnataka,Bengaluru,11.21
09-08-2025 17:00,Gujarat,Surat,8.0
12-04-2025 02:00,West Bengal,Malda,17.15
09-10-2025 00:00,Uttar Pradesh,Varanasi,8.74
17-03-2025 14:00,Bihar,Darbhanga,19.26
12-10-2025 06:00,Karnataka,Mysuru,41.1
06-02-2026 01:00,Assam,Guwahati,58.42
05-04-2025 18:00,Karnataka,Kodagu,34.82
12-02-2025 03:00,Uttar Pradesh,Gorakhpur,26.36
07-03-2025 17:00,Maharashtra,Nashik,30.78
30-10-2025 16:00,Kerala,Kochi,37.13
14-02-2025 11:00,Odisha,Cuttack,32.35
24-03-2025 23:00,Uttar Pradesh,Kanpur,104.02124999999998
15-06-2025 10:00,Maharashtra,Pune,21.04
14-01-2026 01:00,Uttar Pradesh,Varanasi,35.71
02-09-2025 23:00,Kerala,Kozhikode,25.68
18-12-2025 06:00,Tamil Nadu,Chennai,20.94
09-07-2025 06:00,Uttar Pradesh,Lucknow,29.89
24-01-2026 14:00,Karnataka,Mangaluru,10.29
27-10-2025 17:00,Maharashtra,Nagpur,56.98
11-06-2025 03:00,Kerala,Kozhikode,38.52
28-01-2026 07:00,Assam,Jorhat,27.55
12-10-2025 07:00,West Bengal,Kolkata,27.69
08-05-2025 00:00,West Bengal,Darjeeling,74.66
02-02-2025 13:00,Bihar,Muzaffarpur,46.46
09-10-2025 03:00,West Bengal,Murshidabad,80.48
22-04-2025 11:00,Karnataka,Bengaluru,46.08
14-03-2025 21:00,Gujarat,Surat,63.07
17-09-2025 06:00,Assam,Jorhat,19.65
28-11-2025 02:00,Gujarat,Vadodara,12.53
27-04-2025 07:00,Uttar Pradesh,Gorakhpur,31.61
29-09-2025 15:00,Uttar Pradesh,Varanasi,7.53
29-08-2025 14:00,Odisha,Balasore,63.71
22-09-2025 21:00,West Bengal,Howrah,39.09
27-07-2025 11:00,Odisha,Kendrapara,34.27
13-11-2025 04:00,Kerala,Thrissur,23.99
15-02-2025 11:00,West Bengal,Murshidabad,18.37
29-09-2025 22:00,Assam,Dhemaji,55.09
05-02-2026 07:00,Tamil Nadu,Madurai,70.11
12-07-2025 19:00,West Bengal,Howrah,86.09
07-04-2025 20:00,Bihar,Muzaffarpur,75.26
30-09-2025 06:00,Uttar Pradesh,Prayagraj,72.18
09-01-2026 19:00,Karnataka,Bengaluru,63.08
30-07-2025 15:00,Uttar Pradesh,Lucknow,32.86
19-04-2025 16:00,Uttar Pradesh,Gorakhpur,34.52
11-01-2026 20:00,Tamil Nadu,Coimbatore,104.02124999999998
06-04-2025 10:00,Gujarat,Rajkot,51.51
13-03-2025 23:00,West Bengal,Malda,12.15
26-01-2025 10:00,Assam,Dhemaji,68.49
14-07-2025 10:00,Karnataka,Mysuru,99.34
02-12-2025 11:00,West Bengal,Kolkata,14.85
14-08-2025 13:00,Odisha,Bhubaneswar,24.58
15-01-2025 07:00,Maharashtra,Pune,7.29
15-07-2025 03:00,Uttar Pradesh,Gorakhpur,71.2
02-01-2026 00:00,West Bengal,Howrah,13.1
06-06-2025 06:00,Maharashtra,Nagpur,14.14
19-12-2025 05:00,Uttar Pradesh,Gorakhpur,46.79
23-01-2026 19:00,Gujarat,Ahmedabad,61.96
07-09-2025 23:00,Odisha,Puri,38.96
14-05-2025 23:00,Kerala,Alappuzha,55.13
05-01-2025 01:00,Odisha,Cuttack,12.29
04-11-2025 19:00,Kerala,Kochi,79.83
16-11-2025 09:00,Assam,Jorhat,31.37
04-08-2025 16:00,Tamil Nadu,Thanjavur,61.62
31-10-2025 07:00,Assam,Dhemaji,8.94
14-09-2025 21:00,Gujarat,Ahmedabad,27.6
06-03-2025 01:00,Maharashtra,Mumbai,36.42
30-05-2025 12:00,Karnataka,Bengaluru,72.76
29-01-2026 10:00,Gujarat,Rajkot,14.21
19-10-2025 01:00,Tamil Nadu,Chennai,32.96
02-06-2025 00:00,Karnataka,Kodagu,26.17
21-04-2025 17:00,Bihar,Muzaffarpur,73.4
14-02-2026 10:00,Karnataka,Kodagu,19.15
05-03-2025 05:00,Maharashtra,Kolhapur,45.09
30-07-2025 21:00,Gujarat,Ahmedabad,104.02124999999998
25-01-2026 13:00,Uttar Pradesh,Varanasi,24.78
12-07-2025 16:00,West Bengal,Malda,80.21
28-06-2025 00:00,West Bengal,Darjeeling,39.3
02-06-2025 21:00,Assam,Dhemaji,69.61
01-10-2025 14:00,Bihar,Darbhanga,43.45
30-08-2025 16:00,West Bengal,Kolkata,18.79
29-03-2025 02:00,Uttar Pradesh,Kanpur,8.78
23-10-2025 17:00,Odisha,Balasore,45.14
15-09-2025 03:00,Tamil Nadu,Thanjavur,10.27
24-01-2025 20:00,Maharashtra,Nashik,72.98
03-02-2026 06:00,Uttar Pradesh,Lucknow,12.64
15-07-2025 08:00,West Bengal,Kolkata,11.78
14-01-2026 02:00,Gujarat,Rajkot,37.0
08-05-2025 14:00,Kerala,Alappuzha,84.44
23-01-2026 05:00,Odisha,Kendrapara,35.82
27-09-2025 14:00,Tamil Nadu,Chennai,56.81
26-10-2025 08:00,Karnataka,Mangaluru,10.75
04-10-2025 09:00,Uttar Pradesh,Lucknow,34.95
20-12-2025 19:00,Gujarat,Vadodara,13.49
27-11-2025 05:00,Bihar,Patna,57.2
03-11-2025 01:00,Kerala,Alappuzha,104.02124999999998
20-09-2025 16:00,Kerala,Kochi,21.37
26-11-2025 04:00,Maharashtra,Nashik,72.45
29-01-2026 07:00,Uttar Pradesh,Gorakhpur,16.04
08-12-2025 01:00,Tamil Nadu,Coimbatore,32.45
06-07-2025 15:00,Kerala,Kottayam,95.25
26-07-2025 04:00,Karnataka,Mangaluru,14.7
07-09-2025 00:00,Karnataka,Udupi,35.05
16-01-2025 10:00,Maharashtra,Kolhapur,55.86
22-03-2025 18:00,Maharashtra,Kolhapur,23.33
09-04-2025 00:00,Odisha,Balasore,30.08
24-10-2025 23:00,Karnataka,Bengaluru,103.03
15-03-2025 01:00,Gujarat,Rajkot,18.82
02-06-2025 22:00,Assam,Barpeta,37.18
01-11-2025 02:00,Uttar Pradesh,Prayagraj,26.55
02-06-2025 04:00,Bihar,Bhagalpur,30.99
05-08-2025 17:00,Uttar Pradesh,Lucknow,90.4
26-11-2025 13:00,Uttar Pradesh,Kanpur,35.08
09-04-2025 09:00,Maharashtra,Kolhapur,60.08
27-06-2025 12:00,Odisha,Cuttack,10.59
15-08-2025 08:00,Uttar Pradesh,Lucknow,23.28
19-09-2025 21:00,Gujarat,Bharuch,39.09
27-07-2025 23:00,West Bengal,Malda,14.16
13-11-2025 16:00,Maharashtra,Mumbai,39.11
30-01-2026 06:00,Odisha,Cuttack,104.02124999999998
05-06-2025 17:00,Odisha,Bhubaneswar,53.0
10-11-2025 08:00,Tamil Nadu,Chennai,54.42
23-12-2025 15:00,Tamil Nadu,Tiruppur,64.29
07-01-2026 22:00,Odisha,Kendrapara,23.34
21-02-2026 06:00,Bihar,Bhagalpur,35.57
21-08-2025 23:00,Karnataka,Kodagu,66.53
18-02-2025 19:00,Odisha,Balasore,47.59
04-11-2025 02:00,Tamil Nadu,Thanjavur,11.03
27-11-2025 17:00,Maharashtra,Nagpur,48.21
03-12-2025 22:00,Maharashtra,Nagpur,16.92
01-03-2025 06:00,Uttar Pradesh,Gorakhpur,38.1
10-10-2025 14:00,Odisha,Cuttack,32.55
29-01-2026 11:00,Uttar Pradesh,Prayagraj,104.02124999999998
06-12-2025 03:00,Assam,Dibrugarh,6.41
25-01-2026 14:00,Gujarat,Ahmedabad,41.94
01-12-2025 02:00,Assam,Dibrugarh,67.28
22-09-2025 03:00,West Bengal,Darjeeling,16.93
06-02-2026 23:00,Karnataka,Mangaluru,23.63
06-02-2025 10:00,Tamil Nadu,Madurai,47.81
06-04-2025 17:00,Tamil Nadu,Madurai,42.29
21-04-2025 03:00,Bihar,Muzaffarpur,18.78
10-11-2025 19:00,Odisha,Cuttack,8.46
13-03-2025 15:00,Bihar,Bhagalpur,7.08
11-08-2025 19:00,West Bengal,Darjeeling,6.16
05-09-2025 04:00,Odisha,Kendrapara,12.47
05-02-2025 00:00,Odisha,Puri,54.45
19-02-2026 01:00,Maharashtra,Nashik,77.74
25-01-2025 05:00,Bihar,Muzaffarpur,53.87
09-01-2025 12:00,Karnataka,Udupi,45.39
10-03-2025 09:00,Bihar,Muzaffarpur,48.82
25-03-2025 22:00,Bihar,Bhagalpur,51.98
16-05-2025 13:00,Assam,Jorhat,41.55
11-11-2025 04:00,Maharashtra,Kolhapur,34.86
07-02-2025 17:00,Bihar,Bhagalpur,15.46
27-01-2025 07:00,Assam,Jorhat,39.57
17-12-2025 20:00,Gujarat,Ahmedabad,53.06
22-11-2025 23:00,Gujarat,Ahmedabad,12.92
24-03-2025 06:00,Gujarat,Surat,24.56
07-01-2025 18:00,Uttar Pradesh,Kanpur,40.51
28-07-2025 06:00,Karnataka,Kodagu,76.36
21-02-2025 19:00,Tamil Nadu,Coimbatore,30.57
29-01-2026 18:00,Tamil Nadu,Coimbatore,26.7
20-11-2025 12:00,Bihar,Patna,4.81
16-07-2025 09:00,Odisha,Puri,41.62
06-02-2025 11:00,Gujarat,Surat,55.2
01-03-2025 15:00,Karnataka,Mangaluru,36.18
31-12-2025 02:00,Tamil Nadu,Chennai,42.17
14-10-2025 04:00,Uttar Pradesh,Kanpur,15.58
13-07-2025 11:00,Karnataka,Bengaluru,16.58
31-07-2025 16:00,Gujarat,Vadodara,89.72
29-08-2025 23:00,Karnataka,Bengaluru,34.02
16-01-2026 18:00,Uttar Pradesh,Gorakhpur,42.46
14-11-2025 08:00,Tamil Nadu,Tiruppur,21.57
01-12-2025 23:00,Gujarat,Surat,59.62
28-11-2025 11:00,Gujarat,Vadodara,34.99
29-01-2026 05:00,Tamil Nadu,Coimbatore,54.96
30-04-2025 00:00,Odisha,Balasore,54.93
19-03-2025 13:00,Odisha,Balasore,37.15
21-04-2025 19:00,Bihar,Gaya,14.13
22-05-2025 00:00,Karnataka,Mysuru,27.1
03-02-2026 12:00,Maharashtra,Nashik,20.91
12-02-2026 08:00,Bihar,Darbhanga,63.92
04-12-2025 02:00,Gujarat,Rajkot,4.76
14-12-2025 19:00,Bihar,Darbhanga,76.18
07-11-2025 22:00,Karnataka,Udupi,49.91
14-10-2025 22:00,Uttar Pradesh,Kanpur,27.4
17-07-2025 05:00,Uttar Pradesh,Gorakhpur,13.46
19-05-2025 19:00,Assam,Barpeta,7.66
11-01-2026 06:00,Gujarat,Ahmedabad,73.88
26-12-2025 19:00,Odisha,Balasore,24.31
24-09-2025 20:00,Gujarat,Rajkot,19.81
14-12-2025 18:00,Bihar,Darbhanga,58.67
30-01-2026 08:00,Bihar,Bhagalpur,71.01
22-10-2025 04:00,Gujarat,Surat,8.71
29-03-2025 08:00,Karnataka,Udupi,71.98
25-03-2025 11:00,Uttar Pradesh,Varanasi,27.16
02-01-2026 20:00,Odisha,Puri,27.2
10-02-2026 12:00,Tamil Nadu,Coimbatore,56.26
14-07-2025 20:00,Kerala,Kottayam,72.98
29-07-2025 01:00,Karnataka,Bengaluru,11.16
08-11-2025 05:00,Gujarat,Vadodara,64.27
23-01-2025 18:00,Gujarat,Bharuch,28.6
02-03-2025 09:00,Tamil Nadu,Chennai,8.55
16-06-2025 02:00,Tamil Nadu,Chennai,50.49
15-10-2025 12:00,Assam,Dibrugarh,28.54
19-04-2025 18:00,Gujarat,Vadodara,51.56
21-03-2025 04:00,West Bengal,Malda,27.37
13-06-2025 08:00,Maharashtra,Nagpur,35.8
25-04-2025 21:00,Bihar,Gaya,10.26
13-09-2025 04:00,Uttar Pradesh,Lucknow,92.73
24-09-2025 13:00,Bihar,Darbhanga,47.74
20-03-2025 13:00,Uttar Pradesh,Lucknow,20.69
14-02-2026 07:00,Gujarat,Bharuch,104.02124999999998
28-08-2025 02:00,Assam,Jorhat,41.03
28-12-2025 03:00,Odisha,Bhubaneswar,43.07
03-09-2025 10:00,Bihar,Bhagalpur,21.29
29-03-2025 09:00,Maharashtra,Nagpur,101.04
23-01-2026 01:00,Tamil Nadu,Madurai,42.66
26-08-2025 04:00,Bihar,Muzaffarpur,96.13
21-01-2025 19:00,Karnataka,Mangaluru,86.39
23-08-2025 08:00,Assam,Dhemaji,39.14
04-02-2025 20:00,West Bengal,Darjeeling,17.01
25-05-2025 15:00,Gujarat,Bharuch,24.13
15-07-2025 17:00,Bihar,Muzaffarpur,41.21
19-09-2025 16:00,Gujarat,Ahmedabad,9.74
06-01-2026 03:00,Maharashtra,Nashik,27.13
01-04-2025 11:00,Uttar Pradesh,Prayagraj,104.02124999999998
20-01-2026 15:00,West Bengal,Howrah,28.07
25-08-2025 14:00,Tamil Nadu,Tiruppur,92.95
18-01-2026 16:00,West Bengal,Howrah,41.29
17-01-2025 14:00,Uttar Pradesh,Gorakhpur,13.81
25-03-2025 18:00,West Bengal,Howrah,80.77
04-08-2025 06:00,Assam,Jorhat,59.64
02-09-2025 15:00,Tamil Nadu,Coimbatore,88.75
13-02-2026 00:00,West Bengal,Darjeeling,9.06
23-02-2025 11:00,Bihar,Patna,55.29
16-12-2025 14:00,Maharashtra,Nagpur,87.22
13-04-2025 00:00,Bihar,Bhagalpur,22.76
27-06-2025 08:00,Odisha,Kendrapara,39.21
18-03-2025 12:00,Karnataka,Mysuru,14.88
04-02-2026 20:00,Gujarat,Bharuch,84.0
12-02-2025 11:00,Assam,Barpeta,71.89
31-07-2025 02:00,Odisha,Cuttack,86.41
25-02-2025 06:00,Bihar,Bhagalpur,50.66
31-12-2025 16:00,Odisha,Kendrapara,53.41
20-01-2025 19:00,Bihar,Darbhanga,13.38
28-04-2025 02:00,Karnataka,Kodagu,54.16
26-12-2025 16:00,West Bengal,Darjeeling,11.48
10-03-2025 19:00,Gujarat,Rajkot,16.96
05-02-2026 11:00,Bihar,Patna,67.35
18-02-2025 17:00,Gujarat,Surat,68.61
16-04-2025 08:00,Gujarat,Ahmedabad,30.28
20-02-2025 06:00,West Bengal,Kolkata,50.24
18-09-2025 16:00,Odisha,Balasore,40.74
27-11-2025 06:00,Odisha,Balasore,23.68
16-08-2025 21:00,Odisha,Balasore,2.83
26-01-2026 23:00,Karnataka,Udupi,6.49
18-01-2025 23:00,Gujarat,Rajkot,24.87
17-11-2025 20:00,Maharashtra,Nagpur,17.88
06-02-2025 03:00,West Bengal,Murshidabad,61.25
04-05-2025 22:00,Kerala,Thrissur,29.68
07-08-2025 04:00,Karnataka,Mysuru,13.07
01-08-2025 05:00,Tamil Nadu,Thanjavur,43.98
15-08-2025 09:00,Assam,Jorhat,15.82
23-01-2025 13:00,Odisha,Balasore,22.45
05-08-2025 11:00,Uttar Pradesh,Varanasi,40.2
17-02-2025 04:00,Assam,Barpeta,19.25
14-02-2026 21:00,Tamil Nadu,Tiruppur,2.45
07-07-2025 13:00,Uttar Pradesh,Prayagraj,56.36
22-09-2025 18:00,Bihar,Darbhanga,21.48
24-01-2026 21:00,Gujarat,Rajkot,41.68
22-05-2025 06:00,Assam,Dhemaji,17.64
12-06-2025 00:00,Kerala,Kottayam,40.69
04-05-2025 10:00,Tamil Nadu,Chennai,61.19
23-06-2025 03:00,Karnataka,Bengaluru,57.34
16-05-2025 19:00,Uttar Pradesh,Gorakhpur,24.76
20-09-2025 14:00,Assam,Barpeta,50.51
09-09-2025 10:00,Tamil Nadu,Tiruppur,27.67
26-11-2025 22:00,Kerala,Kozhikode,63.57
19-02-2026 00:00,Odisha,Cuttack,48.71
18-04-2025 15:00,Gujarat,Rajkot,44.52
28-04-2025 05:00,West Bengal,Murshidabad,21.37
14-06-2025 23:00,Bihar,Bhagalpur,32.71
03-05-2025 19:00,Odisha,Balasore,17.81
04-10-2025 19:00,Kerala,Thrissur,17.47
04-08-2025 14:00,Odisha,Puri,91.85
13-10-2025 01:00,Gujarat,Surat,32.8
12-12-2025 18:00,Assam,Barpeta,54.76
30-05-2025 10:00,Maharashtra,Kolhapur,55.97
20-01-2026 12:00,Gujarat,Vadodara,38.4
29-11-2025 20:00,Gujarat,Bharuch,24.55
17-04-2025 19:00,Gujarat,Rajkot,35.61
20-04-2025 14:00,Bihar,Muzaffarpur,27.38
13-05-2025 22:00,Bihar,Bhagalpur,39.85
21-11-2025 02:00,Tamil Nadu,Thanjavur,26.18
15-11-2025 13:00,Assam,Guwahati,16.19
29-07-2025 20:00,Maharashtra,Mumbai,30.77
15-02-2025 00:00,Karnataka,Kodagu,72.99
28-06-2025 11:00,Odisha,Kendrapara,22.72
09-02-2026 15:00,Gujarat,Ahmedabad,37.38
23-10-2025 05:00,Assam,Guwahati,34.82
28-03-2025 21:00,Maharashtra,Pune,44.51
22-09-2025 09:00,West Bengal,Darjeeling,31.39
13-04-2025 04:00,Karnataka,Bengaluru,46.07
26-07-2025 22:00,Kerala,Kozhikode,55.65
26-03-2025 07:00,Uttar Pradesh,Lucknow,11.26
03-12-2025 07:00,Bihar,Darbhanga,37.29
10-01-2026 11:00,Maharashtra,Nagpur,34.42
30-12-2025 06:00,Gujarat,Vadodara,28.7
02-11-2025 01:00,Odisha,Cuttack,48.99
10-01-2025 10:00,Karnataka,Udupi,17.47
12-02-2025 05:00,Karnataka,Bengaluru,28.24
06-10-2025 07:00,Karnataka,Kodagu,10.6
22-03-2025 09:00,Odisha,Balasore,28.73
13-02-2025 11:00,Uttar Pradesh,Gorakhpur,23.2
07-08-2025 19:00,Odisha,Balasore,10.45
28-02-2025 12:00,West Bengal,Murshidabad,64.31
01-04-2025 19:00,Maharashtra,Mumbai,40.91
30-01-2025 01:00,Assam,Dhemaji,20.37
16-02-2025 20:00,Tamil Nadu,Thanjavur,53.82
04-11-2025 10:00,Assam,Guwahati,61.77
12-06-2025 07:00,West Bengal,Kolkata,21.05
09-12-2025 09:00,Maharashtra,Pune,35.3
01-08-2025 22:00,Assam,Jorhat,38.97
16-03-2025 02:00,Gujarat,Bharuch,21.8
21-11-2025 10:00,Bihar,Darbhanga,55.12
20-04-2025 18:00,Uttar Pradesh,Prayagraj,4.84
27-10-2025 11:00,West Bengal,Malda,29.39
11-11-2025 08:00,Uttar Pradesh,Gorakhpur,35.57
13-11-2025 20:00,Karnataka,Udupi,34.96
26-05-2025 09:00,Kerala,Kochi,48.74
11-12-2025 03:00,West Bengal,Murshidabad,98.74
13-02-2025 05:00,Uttar Pradesh,Varanasi,38.29
11-09-2025 21:00,Gujarat,Ahmedabad,23.92
05-04-2025 00:00,Kerala,Kochi,16.18
08-12-2025 04:00,Kerala,Kochi,24.06
19-04-2025 21:00,Odisha,Bhubaneswar,52.6
14-01-2025 01:00,Gujarat,Bharuch,36.04
21-04-2025 09:00,Odisha,Bhubaneswar,22.37
06-04-2025 01:00,Assam,Guwahati,23.67
08-10-2025 21:00,Odisha,Cuttack,46.77
05-05-2025 03:00,Odisha,Bhubaneswar,71.17
17-04-2025 03:00,Maharashtra,Nashik,41.62
18-08-2025 16:00,Karnataka,Bengaluru,55.9
02-08-2025 20:00,Karnataka,Mysuru,11.28
31-03-2025 23:00,Karnataka,Mysuru,11.54
23-10-2025 00:00,Gujarat,Ahmedabad,17.95
11-05-2025 17:00,Maharashtra,Mumbai,10.62
14-01-2026 07:00,Tamil Nadu,Chennai,66.82
01-09-2025 18:00,Kerala,Kozhikode,29.3
16-02-2026 01:00,Odisha,Kendrapara,104.02124999999998
26-09-2025 13:00,Bihar,Patna,91.4
15-06-2025 07:00,Kerala,Kozhikode,75.06
01-03-2025 12:00,Bihar,Gaya,18.65
17-12-2025 22:00,Gujarat,Surat,16.83
16-04-2025 00:00,West Bengal,Darjeeling,21.05
23-11-2025 13:00,Uttar Pradesh,Lucknow,37.13
27-07-2025 01:00,Gujarat,Ahmedabad,56.67
19-03-2025 07:00,West Bengal,Kolkata,94.41
06-01-2026 04:00,Assam,Dhemaji,73.73
22-08-2025 10:00,Bihar,Muzaffarpur,49.07
25-01-2026 08:00,Maharashtra,Kolhapur,53.81
16-02-2026 04:00,Bihar,Darbhanga,24.08
19-01-2025 16:00,Tamil Nadu,Tiruppur,55.95
17-11-2025 23:00,West Bengal,Darjeeling,16.64
23-02-2025 12:00,Assam,Jorhat,15.09
07-09-2025 19:00,Bihar,Gaya,31.27
26-11-2025 03:00,Tamil Nadu,Tiruppur,46.52
05-06-2025 07:00,Tamil Nadu,Madurai,35.03
03-11-2025 09:00,Uttar Pradesh,Gorakhpur,84.24
16-01-2025 01:00,Gujarat,Surat,22.97
19-09-2025 15:00,Odisha,Cuttack,28.08
06-08-2025 22:00,Maharashtra,Nagpur,32.28
08-01-2026 14:00,Gujarat,Ahmedabad,17.22
31-10-2025 23:00,Kerala,Alappuzha,12.91
06-01-2026 11:00,Tamil Nadu,Chennai,45.25
10-11-2025 22:00,Gujarat,Ahmedabad,42.76
18-09-2025 11:00,Karnataka,Kodagu,47.05
04-09-2025 22:00,Tamil Nadu,Thanjavur,16.25
03-08-2025 13:00,Gujarat,Vadodara,10.25
13-04-2025 12:00,Assam,Dibrugarh,99.62
01-01-2025 22:00,Gujarat,Bharuch,22.29
28-03-2025 02:00,West Bengal,Malda,43.07
10-03-2025 21:00,Uttar Pradesh,Kanpur,44.83
30-01-2025 06:00,Kerala,Kozhikode,34.59
20-12-2025 18:00,Odisha,Cuttack,27.0
25-04-2025 07:00,Assam,Dibrugarh,25.34
27-02-2025 08:00,Assam,Dhemaji,3.44
13-03-2025 20:00,Odisha,Bhubaneswar,104.02124999999998
13-04-2025 20:00,Kerala,Thrissur,93.98
06-06-2025 10:00,Tamil Nadu,Coimbatore,27.77
07-04-2025 21:00,Kerala,Thrissur,43.77
20-01-2025 04:00,Odisha,Bhubaneswar,8.42
04-08-2025 03:00,West Bengal,Howrah,22.74
24-06-2025 07:00,Gujarat,Bharuch,65.61
19-08-2025 06:00,Odisha,Kendrapara,22.55
20-06-2025 02:00,Assam,Barpeta,34.96
03-03-2025 22:00,Tamil Nadu,Thanjavur,52.1
03-06-2025 06:00,Gujarat,Rajkot,62.32
12-01-2025 18:00,West Bengal,Kolkata,8.74
02-10-2025 03:00,West Bengal,Howrah,45.19
09-07-2025 22:00,Tamil Nadu,Chennai,24.45
29-06-2025 12:00,Tamil Nadu,Thanjavur,26.61
06-10-2025 12:00,Maharashtra,Nagpur,77.87
22-07-2025 17:00,Bihar,Darbhanga,50.66
28-05-2025 09:00,Kerala,Alappuzha,24.13
11-06-2025 04:00,Uttar Pradesh,Prayagraj,30.48
19-10-2025 19:00,Kerala,Kozhikode,27.77
18-04-2025 13:00,Assam,Dhemaji,53.87
27-02-2025 00:00,Tamil Nadu,Coimbatore,47.66
30-01-2026 13:00,Uttar Pradesh,Varanasi,20.31
08-12-2025 13:00,Tamil Nadu,Thanjavur,43.64
25-01-2025 21:00,Uttar Pradesh,Varanasi,25.5
01-07-2025 07:00,Uttar Pradesh,Varanasi,88.0
22-09-2025 10:00,Tamil Nadu,Tiruppur,47.9
10-01-2026 00:00,Maharashtra,Pune,15.75
23-09-2025 19:00,Bihar,Gaya,59.96
18-07-2025 06:00,Assam,Dibrugarh,26.01
27-01-2025 22:00,Gujarat,Surat,40.32
23-09-2025 21:00,Odisha,Cuttack,16.66
10-11-2025 15:00,Bihar,Gaya,17.7
09-02-2026 01:00,Bihar,Muzaffarpur,103.94
08-09-2025 23:00,Odisha,Cuttack,32.57
28-11-2025 10:00,Bihar,Bhagalpur,9.39
26-10-2025 13:00,Assam,Dibrugarh,77.48
25-05-2025 12:00,Tamil Nadu,Madurai,21.82
21-11-2025 21:00,Bihar,Bhagalpur,42.36
17-11-2025 17:00,Uttar Pradesh,Lucknow,0.63
05-05-2025 14:00,Uttar Pradesh,Kanpur,19.85
27-01-2026 23:00,Tamil Nadu,Madurai,47.05
23-07-2025 03:00,Gujarat,Vadodara,31.86
17-04-2025 00:00,Gujarat,Vadodara,28.22
25-12-2025 03:00,Kerala,Thrissur,35.49
11-08-2025 13:00,Tamil Nadu,Coimbatore,25.47
07-03-2025 07:00,Karnataka,Mangaluru,17.71
21-02-2026 10:00,Assam,Guwahati,59.71
19-06-2025 10:00,Assam,Guwahati,68.91
16-06-2025 04:00,West Bengal,Murshidabad,40.05
20-10-2025 23:00,Maharashtra,Nashik,84.68
01-04-2025 00:00,Assam,Jorhat,46.64
29-01-2025 13:00,Kerala,Kochi,26.84
13-11-2025 18:00,Assam,Barpeta,20.7
21-11-2025 08:00,Bihar,Muzaffarpur,8.42
16-05-2025 03:00,Odisha,Balasore,44.42
01-09-2025 12:00,Maharashtra,Kolhapur,27.16
20-01-2026 03:00,Assam,Barpeta,20.77
13-04-2025 13:00,Maharashtra,Mumbai,34.02
20-06-2025 03:00,Kerala,Kozhikode,17.63
29-04-2025 05:00,Karnataka,Mysuru,34.98
04-06-2025 01:00,Assam,Dibrugarh,38.97
25-10-2025 00:00,Odisha,Kendrapara,48.42
19-09-2025 03:00,Tamil Nadu,Coimbatore,82.03
25-07-2025 21:00,Gujarat,Rajkot,43.22
05-09-2025 18:00,Kerala,Kozhikode,35.96
10-07-2025 23:00,Odisha,Puri,39.43
30-08-2025 00:00,West Bengal,Kolkata,18.39
18-06-2025 08:00,Uttar Pradesh,Lucknow,28.22
03-04-2025 22:00,Kerala,Kozhikode,52.45
12-11-2025 09:00,Bihar,Gaya,24.94
08-02-2025 23:00,Tamil Nadu,Madurai,21.9
07-04-2025 16:00,Assam,Jorhat,62.67
23-07-2025 06:00,Gujarat,Bharuch,13.84
22-01-2025 17:00,Assam,Barpeta,81.4
22-01-2025 18:00,Maharashtra,Mumbai,45.69
11-08-2025 17:00,Tamil Nadu,Madurai,104.02124999999998
16-02-2026 12:00,Odisha,Cuttack,4.14
20-05-2025 23:00,Uttar Pradesh,Kanpur,7.13
24-02-2025 15:00,Kerala,Kottayam,66.28
15-06-2025 23:00,West Bengal,Murshidabad,72.07
28-09-2025 14:00,Gujarat,Rajkot,4.02
03-02-2026 08:00,Assam,Guwahati,53.48
13-03-2025 12:00,Tamil Nadu,Tiruppur,22.18
02-02-2025 12:00,Odisha,Bhubaneswar,101.13
02-01-2026 14:00,Odisha,Cuttack,2.15
09-12-2025 23:00,Gujarat,Rajkot,10.75
22-08-2025 15:00,West Bengal,Kolkata,13.72
07-09-2025 02:00,Uttar Pradesh,Gorakhpur,33.43
28-01-2025 03:00,Kerala,Kozhikode,54.55
06-06-2025 03:00,Uttar Pradesh,Varanasi,51.31
02-04-2025 12:00,Odisha,Kendrapara,8.85
17-12-2025 18:00,Maharashtra,Nagpur,6.73
16-01-2025 09:00,Odisha,Puri,46.41
16-02-2026 20:00,Kerala,Alappuzha,41.99
30-11-2025 13:00,Kerala,Thrissur,67.2
25-06-2025 14:00,West Bengal,Darjeeling,69.29
16-01-2025 17:00,Kerala,Kozhikode,67.28
29-01-2026 14:00,Bihar,Gaya,69.81
03-04-2025 08:00,Assam,Barpeta,89.55
28-12-2025 18:00,Gujarat,Bharuch,15.4
09-03-2025 05:00,Kerala,Kozhikode,22.22
18-10-2025 19:00,Karnataka,Kodagu,39.6
11-11-2025 13:00,Karnataka,Udupi,27.91
18-03-2025 03:00,Gujarat,Vadodara,57.53
01-06-2025 08:00,Bihar,Patna,30.82
10-02-2025 02:00,Assam,Dibrugarh,19.02
05-05-2025 17:00,Odisha,Puri,57.29
03-10-2025 06:00,Karnataka,Kodagu,9.57
08-02-2026 00:00,Assam,Jorhat,29.42
10-04-2025 00:00,Assam,Guwahati,13.57
06-01-2026 00:00,Tamil Nadu,Coimbatore,50.73
15-01-2025 23:00,Tamil Nadu,Coimbatore,75.32
09-06-2025 23:00,Karnataka,Mysuru,104.02124999999998
08-12-2025 00:00,Bihar,Bhagalpur,60.71
21-02-2025 22:00,Maharashtra,Nashik,41.86
09-11-2025 16:00,Gujarat,Vadodara,9.03
14-12-2025 21:00,Odisha,Cuttack,40.77
29-09-2025 07:00,West Bengal,Howrah,12.21
31-07-2025 23:00,Gujarat,Ahmedabad,64.58
03-06-2025 22:00,Odisha,Cuttack,57.43
07-03-2025 13:00,Uttar Pradesh,Kanpur,13.7
19-09-2025 17:00,West Bengal,Darjeeling,38.61
15-08-2025 15:00,Uttar Pradesh,Kanpur,31.71
17-04-2025 23:00,Karnataka,Udupi,87.77
23-05-2025 15:00,Uttar Pradesh,Lucknow,10.9
26-03-2025 21:00,Karnataka,Mysuru,33.88
21-01-2026 03:00,Uttar Pradesh,Gorakhpur,16.65
02-02-2025 04:00,Tamil Nadu,Tiruppur,27.36
13-08-2025 04:00,Gujarat,Bharuch,37.97
03-02-2026 16:00,Bihar,Darbhanga,27.41
29-05-2025 10:00,Bihar,Gaya,18.98
24-01-2025 10:00,Karnataka,Mysuru,15.54
06-10-2025 11:00,Maharashtra,Nagpur,29.18
17-04-2025 02:00,Assam,Guwahati,58.21
18-08-2025 14:00,Uttar Pradesh,Prayagraj,10.87
11-08-2025 02:00,Kerala,Kochi,0.25
07-02-2026 19:00,Gujarat,Rajkot,36.55
08-07-2025 19:00,Bihar,Darbhanga,25.57
11-03-2025 18:00,Assam,Dibrugarh,9.65
05-11-2025 03:00,West Bengal,Kolkata,34.77
16-01-2025 05:00,Tamil Nadu,Thanjavur,43.33
01-12-2025 00:00,Odisha,Bhubaneswar,12.67
26-01-2026 16:00,Uttar Pradesh,Prayagraj,35.5
30-06-2025 07:00,Bihar,Patna,17.14
20-02-2026 23:00,Karnataka,Mysuru,51.4
07-01-2025 03:00,Uttar Pradesh,Gorakhpur,77.75
11-03-2025 12:00,Karnataka,Bengaluru,79.85
09-05-2025 16:00,Assam,Jorhat,61.85
04-01-2026 12:00,Uttar Pradesh,Lucknow,28.29
15-11-2025 18:00,Gujarat,Vadodara,14.64
17-01-2025 23:00,Gujarat,Surat,63.79
04-02-2026 08:00,Maharashtra,Mumbai,16.44
21-11-2025 12:00,West Bengal,Howrah,53.61
25-05-2025 00:00,Gujarat,Bharuch,22.96
15-09-2025 18:00,Assam,Dibrugarh,45.65
24-06-2025 06:00,Maharashtra,Mumbai,27.49
30-05-2025 00:00,Bihar,Bhagalpur,86.33
17-05-2025 07:00,Kerala,Kochi,18.41
25-07-2025 20:00,Uttar Pradesh,Prayagraj,78.19
12-02-2025 23:00,Assam,Dhemaji,27.88
05-01-2026 16:00,Odisha,Bhubaneswar,22.66
17-09-2025 14:00,Tamil Nadu,Madurai,41.96
02-10-2025 16:00,Assam,Guwahati,20.64
07-01-2026 02:00,Gujarat,Surat,9.83
13-02-2026 19:00,Tamil Nadu,Madurai,38.23
08-10-2025 04:00,Uttar Pradesh,Varanasi,55.9
01-12-2025 13:00,Odisha,Kendrapara,39.83
02-12-2025 12:00,West Bengal,Malda,51.25
05-02-2025 15:00,Tamil Nadu,Tiruppur,29.31
13-06-2025 14:00,Gujarat,Bharuch,35.51
23-12-2025 03:00,Odisha,Bhubaneswar,65.76
04-01-2025 06:00,Tamil Nadu,Madurai,24.92
23-10-2025 08:00,Gujarat,Surat,23.19
04-04-2025 15:00,Tamil Nadu,Tiruppur,69.95
11-12-2025 07:00,Gujarat,Bharuch,56.75
17-06-2025 18:00,Assam,Guwahati,42.33
19-02-2026 13:00,Kerala,Kochi,18.54
03-02-2026 19:00,Uttar Pradesh,Kanpur,22.2
23-01-2026 07:00,Assam,Guwahati,86.47
30-01-2025 18:00,Odisha,Kendrapara,31.9
07-11-2025 11:00,Assam,Guwahati,50.76
02-02-2025 20:00,Odisha,Balasore,1.39
05-04-2025 23:00,Assam,Dhemaji,72.97
20-06-2025 15:00,Karnataka,Mangaluru,10.69
12-06-2025 09:00,Maharashtra,Nagpur,60.12
28-11-2025 00:00,Assam,Guwahati,52.41
27-10-2025 01:00,West Bengal,Howrah,13.82
14-01-2026 04:00,Tamil Nadu,Chennai,37.16
29-01-2026 20:00,Bihar,Muzaffarpur,68.42
01-06-2025 07:00,Gujarat,Rajkot,27.21
26-12-2025 08:00,West Bengal,Kolkata,35.15
01-11-2025 01:00,Maharashtra,Nashik,57.63
19-09-2025 08:00,Uttar Pradesh,Varanasi,17.44
18-01-2025 16:00,Gujarat,Surat,15.78
17-01-2025 08:00,Tamil Nadu,Chennai,43.63
13-05-2025 23:00,Uttar Pradesh,Lucknow,68.71
01-01-2025 16:00,Kerala,Thrissur,30.27
21-09-2025 23:00,Uttar Pradesh,Prayagraj,18.93
25-06-2025 00:00,Bihar,Bhagalpur,73.11
22-04-2025 08:00,West Bengal,Murshidabad,76.49
12-04-2025 20:00,Gujarat,Ahmedabad,32.89
07-10-2025 01:00,Kerala,Thrissur,28.2
14-09-2025 20:00,Gujarat,Rajkot,32.25
19-04-2025 09:00,Kerala,Kottayam,24.81
26-05-2025 13:00,Assam,Dibrugarh,32.44
09-09-2025 20:00,West Bengal,Kolkata,29.37
02-03-2025 19:00,Tamil Nadu,Coimbatore,61.83
08-06-2025 12:00,Karnataka,Bengaluru,42.76
15-02-2026 05:00,Karnataka,Udupi,46.69
05-11-2025 02:00,Tamil Nadu,Madurai,16.11
21-07-2025 15:00,Karnataka,Bengaluru,14.67
04-12-2025 23:00,Bihar,Patna,22.39
09-06-2025 19:00,West Bengal,Murshidabad,43.43
24-01-2026 01:00,Tamil Nadu,Madurai,30.19
25-08-2025 19:00,Odisha,Puri,23.44
31-12-2025 12:00,Tamil Nadu,Tiruppur,104.02124999999998
31-08-2025 19:00,Bihar,Muzaffarpur,30.51
11-02-2026 04:00,Odisha,Balasore,21.15
16-07-2025 20:00,Maharashtra,Pune,58.54
31-12-2025 23:00,Uttar Pradesh,Prayagraj,64.13
03-09-2025 07:00,Karnataka,Kodagu,27.15
09-04-2025 03:00,West Bengal,Murshidabad,13.01
09-09-2025 12:00,West Bengal,Murshidabad,7.86
19-07-2025 22:00,West Bengal,Kolkata,51.19
12-04-2025 18:00,Bihar,Darbhanga,40.12
27-12-2025 05:00,Odisha,Balasore,90.49
11-07-2025 08:00,Odisha,Cuttack,36.23
01-01-2026 12:00,Kerala,Alappuzha,42.38
20-01-2025 08:00,Gujarat,Vadodara,25.24
07-01-2025 19:00,Maharashtra,Nagpur,39.88
21-01-2026 21:00,Kerala,Alappuzha,22.5
29-01-2026 01:00,Odisha,Puri,24.65
17-12-2025 05:00,Kerala,Kozhikode,11.62
12-02-2026 09:00,Odisha,Bhubaneswar,32.24
30-01-2026 22:00,Tamil Nadu,Tiruppur,27.38
04-11-2025 12:00,Gujarat,Bharuch,67.67
04-10-2025 12:00,Gujarat,Bharuch,16.8
11-01-2025 01:00,Karnataka,Mangaluru,7.13
25-03-2025 17:00,Gujarat,Vadodara,30.09
22-09-2025 20:00,Bihar,Gaya,51.3
09-05-2025 12:00,Uttar Pradesh,Varanasi,16.79
16-09-2025 16:00,Gujarat,Ahmedabad,52.27
07-02-2025 12:00,Karnataka,Mangaluru,37.03
19-08-2025 22:00,West Bengal,Darjeeling,58.1
08-09-2025 07:00,Assam,Jorhat,16.88
15-11-2025 06:00,Kerala,Kochi,97.19
11-10-2025 01:00,Assam,Dibrugarh,99.64
05-01-2026 13:00,Uttar Pradesh,Lucknow,12.86
20-11-2025 06:00,Karnataka,Mangaluru,42.12
21-07-2025 13:00,Odisha,Puri,33.01
06-04-2025 13:00,West Bengal,Darjeeling,17.25
30-09-2025 20:00,West Bengal,Malda,66.03
26-11-2025 02:00,Karnataka,Kodagu,13.57
29-11-2025 09:00,Bihar,Gaya,3.95
06-07-2025 17:00,West Bengal,Darjeeling,16.44
09-08-2025 22:00,Kerala,Thrissur,15.9
11-07-2025 21:00,Uttar Pradesh,Kanpur,37.76
04-06-2025 20:00,Tamil Nadu,Tiruppur,30.07
13-01-2026 23:00,West Bengal,Kolkata,58.42
13-09-2025 20:00,Bihar,Darbhanga,17.16
15-03-2025 12:00,Assam,Barpeta,17.32
02-10-2025 22:00,Kerala,Thrissur,5.21
06-03-2025 13:00,Karnataka,Mysuru,94.45
07-05-2025 05:00,Odisha,Puri,49.86
27-12-2025 13:00,West Bengal,Murshidabad,4.38
20-09-2025 10:00,West Bengal,Darjeeling,59.88
05-10-2025 14:00,West Bengal,Murshidabad,67.02
04-10-2025 02:00,Bihar,Bhagalpur,29.79
27-03-2025 04:00,Tamil Nadu,Madurai,10.6
01-02-2025 23:00,West Bengal,Kolkata,42.81
26-08-2025 05:00,Karnataka,Mysuru,16.01
24-11-2025 22:00,Karnataka,Mangaluru,71.13
21-11-2025 19:00,Kerala,Thrissur,34.24
04-03-2025 20:00,Tamil Nadu,Chennai,19.8
29-10-2025 06:00,Kerala,Kozhikode,16.19
24-11-2025 09:00,Karnataka,Bengaluru,77.04
18-05-2025 14:00,Assam,Dibrugarh,39.37
08-07-2025 05:00,Maharashtra,Mumbai,2.66
25-06-2025 19:00,Assam,Barpeta,104.02124999999998
14-01-2026 06:00,Kerala,Kottayam,15.01
19-02-2026 04:00,Odisha,Bhubaneswar,32.06
18-05-2025 04:00,Kerala,Kottayam,63.74
04-02-2025 03:00,Karnataka,Bengaluru,16.44
28-02-2025 11:00,Assam,Jorhat,44.83
27-02-2025 14:00,Kerala,Kottayam,52.68
31-03-2025 12:00,Assam,Dibrugarh,83.61
16-10-2025 16:00,Tamil Nadu,Thanjavur,45.05
25-08-2025 07:00,Uttar Pradesh,Varanasi,104.02124999999998
10-03-2025 06:00,Odisha,Balasore,25.61
03-09-2025 11:00,Uttar Pradesh,Gorakhpur,31.38
06-11-2025 11:00,Assam,Guwahati,28.06
26-01-2025 08:00,West Bengal,Malda,18.43
15-10-2025 19:00,Bihar,Gaya,32.09
17-01-2025 15:00,Bihar,Patna,14.83
29-10-2025 23:00,Maharashtra,Nagpur,37.79
24-09-2025 22:00,Maharashtra,Pune,62.84
06-02-2025 18:00,Kerala,Kozhikode,16.73
29-05-2025 13:00,Kerala,Kochi,14.85
28-06-2025 13:00,West Bengal,Malda,38.83
19-02-2025 03:00,Uttar Pradesh,Lucknow,76.09
16-08-2025 00:00,Odisha,Kendrapara,104.02124999999998
26-06-2025 20:00,West Bengal,Howrah,23.61
06-08-2025 10:00,Tamil Nadu,Coimbatore,4.45
15-06-2025 16:00,Odisha,Balasore,53.64
30-03-2025 18:00,Gujarat,Vadodara,11.92
31-07-2025 14:00,Tamil Nadu,Tiruppur,88.52
20-01-2025 00:00,Kerala,Kottayam,29.81
21-08-2025 14:00,Tamil Nadu,Chennai,53.57
04-08-2025 15:00,Odisha,Bhubaneswar,26.83
23-03-2025 06:00,Uttar Pradesh,Prayagraj,19.52
12-08-2025 20:00,West Bengal,Malda,65.51
29-01-2025 17:00,Kerala,Kochi,17.76
04-01-2026 20:00,Tamil Nadu,Coimbatore,50.85
29-09-2025 21:00,Uttar Pradesh,Varanasi,21.48
14-02-2026 05:00,Odisha,Balasore,80.2
28-09-2025 08:00,Karnataka,Mangaluru,54.6
16-10-2025 09:00,Odisha,Balasore,48.64
23-03-2025 09:00,Gujarat,Vadodara,69.7
15-11-2025 02:00,West Bengal,Murshidabad,48.01
23-08-2025 20:00,Uttar Pradesh,Prayagraj,30.16
26-10-2025 02:00,Uttar Pradesh,Gorakhpur,20.05
18-12-2025 00:00,Karnataka,Kodagu,11.11
03-10-2025 10:00,Maharashtra,Pune,74.8
23-04-2025 22:00,Assam,Barpeta,12.99
30-12-2025 18:00,Gujarat,Ahmedabad,37.01
14-05-2025 09:00,Karnataka,Bengaluru,19.05
01-07-2025 05:00,Assam,Dhemaji,13.26
22-06-2025 10:00,Tamil Nadu,Chennai,5.35
20-03-2025 12:00,Kerala,Thrissur,87.02
26-12-2025 23:00,Uttar Pradesh,Prayagraj,25.53
06-07-2025 21:00,Bihar,Darbhanga,52.42
14-04-2025 22:00,Karnataka,Bengaluru,8.15
05-09-2025 19:00,Gujarat,Ahmedabad,30.3
07-05-2025 12:00,Karnataka,Mysuru,31.63
29-08-2025 17:00,Odisha,Balasore,55.49
31-05-2025 03:00,Gujarat,Bharuch,25.1
05-02-2025 05:00,Bihar,Gaya,49.06
23-01-2025 14:00,Bihar,Patna,97.95
05-06-2025 04:00,Assam,Dhemaji,21.68
24-06-2025 11:00,West Bengal,Howrah,40.37
03-06-2025 07:00,Bihar,Darbhanga,19.92
06-01-2026 19:00,West Bengal,Murshidabad,37.62
28-11-2025 23:00,Odisha,Balasore,33.08
20-12-2025 13:00,Gujarat,Rajkot,8.99
11-09-2025 03:00,Odisha,Bhubaneswar,67.15
02-11-2025 20:00,Maharashtra,Kolhapur,61.54
09-12-2025 17:00,Uttar Pradesh,Lucknow,19.07
29-10-2025 22:00,Maharashtra,Nashik,12.34
09-02-2026 14:00,Uttar Pradesh,Prayagraj,49.87
12-12-2025 10:00,Bihar,Muzaffarpur,44.57
25-10-2025 09:00,Maharashtra,Nashik,37.94
04-05-2025 12:00,Gujarat,Surat,28.21
11-11-2025 23:00,Assam,Dhemaji,22.22
16-04-2025 09:00,West Bengal,Howrah,18.87
31-10-2025 12:00,Assam,Dhemaji,82.06
29-08-2025 12:00,Bihar,Bhagalpur,17.0
13-02-2025 16:00,Kerala,Kozhikode,7.45
21-10-2025 13:00,Assam,Dhemaji,38.79
23-03-2025 16:00,Tamil Nadu,Madurai,46.3
16-04-2025 10:00,Odisha,Kendrapara,52.59
13-01-2026 00:00,Assam,Dhemaji,87.2
13-11-2025 19:00,Odisha,Cuttack,91.23
29-09-2025 20:00,Karnataka,Bengaluru,68.76
10-01-2025 21:00,Uttar Pradesh,Varanasi,75.55
24-07-2025 21:00,West Bengal,Howrah,17.08
27-09-2025 23:00,Gujarat,Surat,81.95
17-02-2025 05:00,West Bengal,Kolkata,45.47
18-10-2025 16:00,Karnataka,Kodagu,24.57
03-09-2025 21:00,Kerala,Alappuzha,22.19
13-01-2026 09:00,Uttar Pradesh,Varanasi,31.21
27-06-2025 11:00,Odisha,Balasore,12.64
04-01-2026 08:00,Assam,Dibrugarh,24.85
18-10-2025 05:00,Assam,Barpeta,14.96
20-02-2026 19:00,Odisha,Puri,51.11
03-02-2025 00:00,Karnataka,Bengaluru,41.17
24-03-2025 17:00,Tamil Nadu,Coimbatore,29.54
24-08-2025 16:00,Kerala,Kozhikode,69.01
31-12-2025 03:00,Bihar,Gaya,27.91
27-11-2025 15:00,Tamil Nadu,Thanjavur,64.98
12-09-2025 01:00,Bihar,Gaya,40.68
04-09-2025 03:00,Tamil Nadu,Coimbatore,37.14
04-11-2025 05:00,Gujarat,Bharuch,69.1
05-12-2025 16:00,Gujarat,Rajkot,16.29
05-05-2025 02:00,Uttar Pradesh,Prayagraj,46.16
05-01-2026 05:00,Uttar Pradesh,Kanpur,66.7
23-01-2026 13:00,Karnataka,Udupi,69.45
08-10-2025 01:00,Bihar,Gaya,18.95
23-11-2025 18:00,Gujarat,Rajkot,104.02124999999998
19-08-2025 04:00,Kerala,Kochi,47.06
30-12-2025 09:00,Karnataka,Udupi,104.02124999999998
18-12-2025 07:00,Bihar,Bhagalpur,56.36
11-01-2026 08:00,Kerala,Kochi,21.19
25-12-2025 11:00,Bihar,Gaya,53.46
26-10-2025 22:00,Tamil Nadu,Coimbatore,38.52
13-06-2025 07:00,Uttar Pradesh,Kanpur,24.63
11-05-2025 18:00,Uttar Pradesh,Kanpur,98.04
28-01-2026 08:00,West Bengal,Malda,26.83
18-02-2026 21:00,Tamil Nadu,Coimbatore,9.34
30-08-2025 05:00,Bihar,Darbhanga,28.8
19-06-2025 17:00,West Bengal,Kolkata,35.74
17-05-2025 23:00,Tamil Nadu,Madurai,86.2
15-05-2025 13:00,Bihar,Gaya,31.2
18-03-2025 02:00,Tamil Nadu,Madurai,23.05
20-08-2025 04:00,Odisha,Cuttack,12.4
25-01-2025 17:00,Karnataka,Mangaluru,94.31
24-04-2025 13:00,Karnataka,Udupi,28.59
22-06-2025 09:00,Assam,Jorhat,27.99
24-01-2025 08:00,Maharashtra,Nagpur,15.06
05-11-2025 14:00,Gujarat,Surat,104.02124999999998
02-01-2026 22:00,Assam,Guwahati,40.75
16-12-2025 10:00,Maharashtra,Nagpur,33.35
11-01-2025 03:00,Bihar,Bhagalpur,15.64
30-10-2025 20:00,Kerala,Kottayam,45.45
15-08-2025 11:00,Odisha,Balasore,56.92
04-07-2025 21:00,Uttar Pradesh,Prayagraj,60.14
08-02-2026 12:00,Assam,Guwahati,40.33
04-12-2025 18:00,Odisha,Balasore,26.41
17-01-2025 21:00,Odisha,Kendrapara,44.97
02-03-2025 02:00,Bihar,Patna,20.52
11-01-2025 21:00,Kerala,Kochi,11.1
03-07-2025 14:00,Maharashtra,Pune,53.73
15-11-2025 01:00,Karnataka,Mangaluru,12.52
02-02-2026 05:00,Odisha,Puri,55.39
12-03-2025 09:00,Assam,Dhemaji,45.45
16-02-2026 02:00,Gujarat,Bharuch,90.49
13-03-2025 21:00,Assam,Guwahati,26.57
10-01-2026 18:00,Uttar Pradesh,Prayagraj,1.46
25-07-2025 10:00,Uttar Pradesh,Prayagraj,67.83
06-09-2025 10:00,Karnataka,Mysuru,13.23
15-04-2025 00:00,Karnataka,Mysuru,45.23
11-01-2026 14:00,Gujarat,Vadodara,48.27
15-10-2025 16:00,Maharashtra,Pune,36.46
12-09-2025 10:00,Uttar Pradesh,Kanpur,6.16
08-12-2025 16:00,Odisha,Puri,52.32
15-01-2025 04:00,Odisha,Cuttack,21.92
11-04-2025 08:00,Uttar Pradesh,Lucknow,11.94
08-03-2025 17:00,Bihar,Darbhanga,59.62
16-02-2026 00:00,Uttar Pradesh,Gorakhpur,26.43
15-12-2025 07:00,Gujarat,Bharuch,23.98
29-08-2025 22:00,Kerala,Thrissur,30.57
10-07-2025 16:00,Kerala,Kochi,23.88
29-11-2025 03:00,Bihar,Gaya,81.3
05-06-2025 05:00,Assam,Jorhat,40.08
17-04-2025 12:00,Odisha,Puri,69.04
27-04-2025 01:00,Assam,Barpeta,42.46
05-03-2025 11:00,Karnataka,Mangaluru,56.53
18-11-2025 13:00,Maharashtra,Kolhapur,67.2
15-04-2025 11:00,West Bengal,Malda,52.35
28-04-2025 23:00,Uttar Pradesh,Prayagraj,6.94
12-02-2025 04:00,West Bengal,Malda,34.0
09-08-2025 00:00,Gujarat,Ahmedabad,30.43
23-07-2025 23:00,Kerala,Alappuzha,85.93
15-03-2025 14:00,Assam,Jorhat,37.23
09-07-2025 15:00,Kerala,Thrissur,33.83
24-10-2025 17:00,Tamil Nadu,Tiruppur,46.15
30-09-2025 21:00,Odisha,Puri,104.02124999999998
18-06-2025 05:00,Bihar,Darbhanga,41.06
11-12-2025 14:00,Tamil Nadu,Madurai,64.34
07-01-2025 04:00,Maharashtra,Mumbai,16.5
12-01-2025 21:00,Bihar,Darbhanga,37.88
22-11-2025 00:00,Assam,Barpeta,17.53
07-02-2026 03:00,Bihar,Gaya,79.4
16-01-2025 03:00,West Bengal,Murshidabad,29.47
12-08-2025 15:00,Odisha,Kendrapara,98.37
19-02-2026 09:00,Tamil Nadu,Chennai,38.15
17-12-2025 10:00,Karnataka,Bengaluru,32.76
29-01-2026 21:00,Uttar Pradesh,Lucknow,6.12
16-07-2025 21:00,West Bengal,Howrah,25.96
30-10-2025 23:00,Gujarat,Ahmedabad,68.23
10-10-2025 02:00,Uttar Pradesh,Kanpur,47.17
05-07-2025 03:00,Bihar,Muzaffarpur,28.17
07-11-2025 06:00,Karnataka,Mysuru,35.78
10-01-2025 20:00,Odisha,Cuttack,58.02
18-11-2025 05:00,Maharashtra,Kolhapur,77.62
04-02-2026 09:00,Tamil Nadu,Madurai,6.74
17-04-2025 18:00,Assam,Jorhat,22.64
24-10-2025 19:00,Tamil Nadu,Coimbatore,19.75
22-12-2025 16:00,Gujarat,Bharuch,60.28
05-02-2026 02:00,West Bengal,Darjeeling,72.81
18-08-2025 23:00,Uttar Pradesh,Gorakhpur,57.85
05-02-2026 13:00,Assam,Jorhat,62.83
09-05-2025 11:00,Assam,Guwahati,77.28
04-05-2025 07:00,Karnataka,Bengaluru,10.86
29-03-2025 14:00,Odisha,Kendrapara,15.9
27-01-2025 08:00,Uttar Pradesh,Gorakhpur,10.49
11-10-2025 21:00,West Bengal,Darjeeling,43.81
14-04-2025 21:00,Assam,Dibrugarh,19.17
22-04-2025 01:00,Bihar,Muzaffarpur,39.19
20-12-2025 22:00,Assam,Dhemaji,38.37
18-12-2025 01:00,Tamil Nadu,Thanjavur,14.47
22-01-2026 02:00,Tamil Nadu,Madurai,104.02124999999998
25-06-2025 11:00,Karnataka,Mysuru,25.24
11-06-2025 10:00,West Bengal,Murshidabad,18.92
28-04-2025 09:00,Tamil Nadu,Tiruppur,18.8
11-12-2025 12:00,Bihar,Bhagalpur,7.09
13-02-2026 23:00,Kerala,Kozhikode,22.96
06-11-2025 10:00,Gujarat,Vadodara,27.26
25-12-2025 10:00,Assam,Dibrugarh,27.43
20-12-2025 03:00,Bihar,Gaya,48.99
14-03-2025 07:00,Odisha,Bhubaneswar,101.85
05-11-2025 05:00,Tamil Nadu,Thanjavur,51.61
27-06-2025 07:00,Gujarat,Surat,93.87
12-12-2025 08:00,Gujarat,Rajkot,50.6
14-04-2025 03:00,West Bengal,Howrah,24.64
21-02-2026 00:00,West Bengal,Howrah,38.71
04-06-2025 17:00,Gujarat,Vadodara,9.87
10-01-2026 02:00,Tamil Nadu,Chennai,10.86
17-03-2025 04:00,Odisha,Cuttack,73.36
30-01-2025 11:00,Karnataka,Udupi,27.72
18-01-2026 23:00,Tamil Nadu,Tiruppur,36.7
05-08-2025 05:00,West Bengal,Kolkata,7.6
17-08-2025 00:00,Assam,Dibrugarh,45.65
04-01-2025 00:00,Kerala,Thrissur,15.05
23-11-2025 19:00,Gujarat,Vadodara,38.1
01-08-2025 13:00,Uttar Pradesh,Kanpur,64.07
09-10-2025 20:00,Kerala,Kottayam,48.27
16-02-2025 21:00,Bihar,Patna,2.31
21-02-2025 17:00,Assam,Dibrugarh,22.71
10-12-2025 21:00,Assam,Guwahati,20.44
08-04-2025 21:00,Assam,Barpeta,24.94
03-10-2025 02:00,Maharashtra,Nagpur,73.26
10-10-2025 12:00,Kerala,Thrissur,30.4
01-07-2025 14:00,Tamil Nadu,Coimbatore,79.63
25-02-2025 23:00,Kerala,Kochi,99.16
21-02-2026 04:00,Odisha,Bhubaneswar,51.75
28-12-2025 15:00,Kerala,Alappuzha,25.99
03-02-2026 23:00,Uttar Pradesh,Kanpur,29.52
05-10-2025 04:00,Uttar Pradesh,Gorakhpur,62.94
15-02-2025 20:00,Odisha,Puri,43.31
02-11-2025 07:00,Assam,Barpeta,58.39
14-11-2025 14:00,Bihar,Muzaffarpur,33.2
11-02-2025 03:00,Assam,Dibrugarh,33.73
29-04-2025 20:00,Kerala,Alappuzha,9.76
27-01-2025 06:00,Karnataka,Bengaluru,77.07
22-02-2025 01:00,Maharashtra,Pune,26.94
13-05-2025 11:00,West Bengal,Murshidabad,23.36
21-01-2025 02:00,Assam,Jorhat,19.1
07-05-2025 16:00,Tamil Nadu,Thanjavur,57.95
28-07-2025 18:00,Maharashtra,Nashik,17.74
30-12-2025 15:00,Kerala,Alappuzha,31.2
19-10-2025 16:00,Karnataka,Mysuru,57.85
17-05-2025 09:00,Maharashtra,Pune,34.43
29-10-2025 03:00,Uttar Pradesh,Prayagraj,23.25
03-06-2025 11:00,Assam,Dhemaji,10.55
06-10-2025 02:00,Gujarat,Bharuch,64.48
11-10-2025 15:00,Odisha,Kendrapara,28.13
10-02-2026 18:00,West Bengal,Howrah,8.02
24-02-2025 20:00,Karnataka,Mangaluru,21.71
15-05-2025 09:00,Kerala,Kozhikode,15.72
14-02-2025 16:00,Maharashtra,Nashik,65.78
20-07-2025 15:00,Bihar,Bhagalpur,30.88
19-12-2025 11:00,Karnataka,Udupi,21.77
28-08-2025 16:00,Maharashtra,Mumbai,66.02
17-01-2026 01:00,Bihar,Bhagalpur,82.94
12-07-2025 08:00,Assam,Guwahati,89.45
10-05-2025 01:00,Assam,Dhemaji,21.82
14-10-2025 05:00,Kerala,Thrissur,43.52
24-02-2025 04:00,Odisha,Cuttack,89.65
31-10-2025 13:00,Uttar Pradesh,Prayagraj,37.42
19-09-2025 20:00,Uttar Pradesh,Varanasi,69.22
17-08-2025 23:00,Uttar Pradesh,Prayagraj,91.09
09-08-2025 11:00,Uttar Pradesh,Kanpur,40.53
16-03-2025 22:00,Odisha,Balasore,51.57
05-08-2025 19:00,Odisha,Puri,11.11
09-12-2025 19:00,Tamil Nadu,Thanjavur,18.05
30-07-2025 07:00,Gujarat,Vadodara,68.24
26-09-2025 09:00,Assam,Jorhat,45.2
04-12-2025 17:00,Kerala,Alappuzha,104.02124999999998
09-04-2025 07:00,Kerala,Kochi,31.48
26-01-2026 20:00,Bihar,Darbhanga,36.74
02-06-2025 06:00,Maharashtra,Nagpur,46.33
21-10-2025 20:00,Assam,Barpeta,49.03
23-02-2025 14:00,Odisha,Kendrapara,14.58
16-01-2026 06:00,Maharashtra,Kolhapur,22.82
05-07-2025 05:00,Bihar,Darbhanga,19.27
31-03-2025 01:00,Tamil Nadu,Madurai,43.39
10-10-2025 19:00,Bihar,Gaya,9.53
11-02-2026 08:00,Kerala,Kozhikode,11.3
21-12-2025 14:00,Odisha,Kendrapara,32.14
02-02-2026 11:00,Karnataka,Bengaluru,54.39
15-10-2025 06:00,Karnataka,Bengaluru,13.88
24-12-2025 01:00,Bihar,Darbhanga,36.21
25-10-2025 23:00,Kerala,Alappuzha,39.98
10-02-2025 03:00,Odisha,Cuttack,74.92
08-09-2025 12:00,Tamil Nadu,Tiruppur,48.21
23-07-2025 10:00,Assam,Jorhat,47.61
06-01-2025 20:00,Gujarat,Bharuch,22.37
12-01-2026 08:00,Maharashtra,Pune,5.72
17-10-2025 00:00,Assam,Dhemaji,47.88
30-09-2025 14:00,Odisha,Bhubaneswar,31.27
07-08-2025 11:00,Karnataka,Udupi,36.75
04-07-2025 15:00,Gujarat,Rajkot,18.55
17-01-2025 22:00,Karnataka,Bengaluru,30.57
09-12-2025 04:00,Karnataka,Bengaluru,32.01
16-12-2025 00:00,West Bengal,Darjeeling,47.99
26-12-2025 11:00,Odisha,Kendrapara,104.02124999999998
10-12-2025 02:00,Assam,Barpeta,17.52
03-07-2025 07:00,Bihar,Muzaffarpur,20.64
07-08-2025 20:00,Uttar Pradesh,Gorakhpur,104.02124999999998
01-01-2025 11:00,Bihar,Darbhanga,47.26
18-07-2025 08:00,Assam,Dhemaji,100.36
19-02-2025 01:00,Bihar,Muzaffarpur,38.78
30-04-2025 07:00,West Bengal,Malda,16.74
27-09-2025 15:00,Odisha,Balasore,13.65
17-09-2025 12:00,Odisha,Puri,28.02
05-05-2025 13:00,Tamil Nadu,Chennai,25.22
24-10-2025 13:00,Odisha,Bhubaneswar,45.11
20-10-2025 02:00,Gujarat,Rajkot,29.67
23-12-2025 13:00,Tamil Nadu,Madurai,14.42
02-03-2025 00:00,Bihar,Patna,83.68
11-02-2026 03:00,Bihar,Gaya,68.29
30-04-2025 19:00,West Bengal,Howrah,41.26
15-01-2026 02:00,Gujarat,Ahmedabad,54.92
02-01-2026 04:00,Uttar Pradesh,Varanasi,9.92
29-10-2025 08:00,Odisha,Cuttack,19.39
05-06-2025 06:00,West Bengal,Murshidabad,42.32
26-04-2025 12:00,Tamil Nadu,Coimbatore,47.24
19-01-2025 22:00,Bihar,Gaya,48.64
08-12-2025 05:00,Odisha,Puri,44.35
26-02-2025 23:00,Uttar Pradesh,Prayagraj,36.79
04-06-2025 16:00,Gujarat,Vadodara,27.87
15-02-2026 12:00,Maharashtra,Mumbai,83.6
27-02-2025 20:00,Maharashtra,Kolhapur,62.4
11-02-2025 16:00,Tamil Nadu,Thanjavur,21.11
20-11-2025 09:00,Gujarat,Vadodara,15.05
29-05-2025 01:00,West Bengal,Malda,31.4
21-06-2025 10:00,Gujarat,Bharuch,12.39
11-03-2025 11:00,Odisha,Balasore,23.77
13-05-2025 05:00,Karnataka,Udupi,36.14
27-01-2026 13:00,Odisha,Cuttack,31.28
21-01-2025 08:00,Maharashtra,Nashik,16.57
15-05-2025 14:00,Tamil Nadu,Tiruppur,43.88
09-06-2025 12:00,West Bengal,Kolkata,41.12
27-12-2025 11:00,Uttar Pradesh,Lucknow,37.0
06-08-2025 00:00,West Bengal,Murshidabad,37.52
24-11-2025 00:00,Odisha,Bhubaneswar,4.77
26-08-2025 16:00,Uttar Pradesh,Gorakhpur,31.13
06-02-2026 15:00,Gujarat,Vadodara,76.71
05-12-2025 21:00,Maharashtra,Nagpur,28.24
30-01-2025 07:00,West Bengal,Murshidabad,44.95
01-08-2025 17:00,Tamil Nadu,Thanjavur,32.28
06-01-2026 13:00,Odisha,Bhubaneswar,17.41
18-05-2025 03:00,Gujarat,Ahmedabad,6.91
05-12-2025 13:00,Tamil Nadu,Thanjavur,27.08
06-02-2026 07:00,Assam,Dhemaji,67.3
11-01-2026 21:00,West Bengal,Darjeeling,16.98
24-07-2025 13:00,Tamil Nadu,Coimbatore,86.15
05-07-2025 00:00,Bihar,Patna,56.82
11-02-2025 02:00,Gujarat,Rajkot,43.02
20-01-2026 20:00,Maharashtra,Mumbai,30.15
16-02-2026 19:00,Tamil Nadu,Thanjavur,11.55
18-11-2025 01:00,Assam,Guwahati,66.43
18-09-2025 17:00,Assam,Dhemaji,41.23
11-09-2025 17:00,Maharashtra,Kolhapur,10.91
07-08-2025 06:00,Uttar Pradesh,Varanasi,22.02
19-02-2025 22:00,Tamil Nadu,Chennai,64.55
13-01-2026 22:00,Gujarat,Surat,104.02124999999998
10-11-2025 07:00,Bihar,Gaya,26.01
11-10-2025 20:00,Kerala,Alappuzha,37.39
13-12-2025 16:00,Uttar Pradesh,Lucknow,93.31
26-10-2025 23:00,Bihar,Patna,30.08
06-07-2025 06:00,Tamil Nadu,Chennai,16.11
07-02-2025 03:00,Maharashtra,Pune,27.17
24-03-2025 01:00,Gujarat,Vadodara,26.82
28-08-2025 21:00,West Bengal,Darjeeling,52.84
29-09-2025 23:00,Kerala,Kottayam,36.87
20-09-2025 06:00,Gujarat,Vadodara,49.63
13-11-2025 11:00,Bihar,Muzaffarpur,36.09
16-05-2025 09:00,Odisha,Kendrapara,88.85
01-10-2025 18:00,Bihar,Patna,35.75
04-10-2025 14:00,Maharashtra,Pune,64.79
03-11-2025 07:00,Maharashtra,Pune,56.2
18-01-2026 04:00,Uttar Pradesh,Varanasi,26.87
08-11-2025 09:00,Karnataka,Mysuru,68.68
05-02-2026 01:00,Assam,Dibrugarh,56.23
28-12-2025 09:00,Karnataka,Bengaluru,38.76
21-02-2025 15:00,West Bengal,Darjeeling,18.25
06-04-2025 09:00,Karnataka,Bengaluru,58.12
25-04-2025 04:00,Odisha,Puri,84.93
11-07-2025 01:00,Bihar,Patna,65.87
21-02-2025 05:00,Bihar,Darbhanga,104.02124999999998
18-10-2025 20:00,Bihar,Darbhanga,62.97
04-08-2025 18:00,West Bengal,Howrah,17.87
28-06-2025 21:00,Gujarat,Bharuch,55.13
14-02-2025 02:00,Assam,Jorhat,76.72
18-09-2025 22:00,Assam,Dibrugarh,19.44
12-01-2025 17:00,West Bengal,Kolkata,14.47
10-02-2025 08:00,Gujarat,Ahmedabad,16.38
14-06-2025 17:00,Odisha,Bhubaneswar,85.36
22-03-2025 19:00,West Bengal,Darjeeling,82.47
19-12-2025 16:00,Assam,Barpeta,73.95
23-02-2025 02:00,Assam,Guwahati,58.07
26-01-2025 19:00,Uttar Pradesh,Lucknow,55.5
21-12-2025 09:00,Bihar,Bhagalpur,84.69
14-03-2025 14:00,Assam,Jorhat,33.44
27-02-2025 22:00,Assam,Guwahati,93.64
02-04-2025 19:00,West Bengal,Darjeeling,27.84
29-05-2025 16:00,West Bengal,Darjeeling,104.02124999999998
12-09-2025 20:00,Uttar Pradesh,Lucknow,35.64
20-02-2026 10:00,Tamil Nadu,Coimbatore,64.63
10-09-2025 04:00,Odisha,Balasore,23.76
13-05-2025 10:00,Kerala,Kottayam,104.02124999999998
14-05-2025 00:00,Karnataka,Bengaluru,23.51
12-09-2025 03:00,Tamil Nadu,Coimbatore,23.86
20-10-2025 21:00,Assam,Dhemaji,19.37
24-01-2025 23:00,Odisha,Puri,55.36
05-10-2025 08:00,Assam,Barpeta,38.15
24-10-2025 11:00,Assam,Barpeta,50.86
02-01-2026 18:00,Karnataka,Kodagu,11.6
19-09-2025 12:00,Bihar,Bhagalpur,43.83
10-01-2026 08:00,Maharashtra,Nashik,16.36
03-09-2025 17:00,Maharashtra,Pune,15.95
27-08-2025 12:00,Tamil Nadu,Coimbatore,62.56
12-01-2025 05:00,Assam,Barpeta,21.15
27-01-2025 05:00,Kerala,Thrissur,104.02124999999998
09-05-2025 09:00,Maharashtra,Nashik,15.95
25-05-2025 10:00,West Bengal,Kolkata,18.73
25-09-2025 22:00,Karnataka,Mysuru,38.9
23-01-2026 23:00,Assam,Jorhat,26.43
22-10-2025 06:00,West Bengal,Howrah,68.7
10-02-2026 07:00,Kerala,Kochi,55.6
19-08-2025 23:00,Odisha,Cuttack,65.68
01-07-2025 12:00,West Bengal,Darjeeling,13.9
30-03-2025 01:00,Kerala,Kozhikode,49.43
09-12-2025 11:00,West Bengal,Darjeeling,59.4
15-05-2025 00:00,Bihar,Patna,4.44
08-06-2025 22:00,Assam,Barpeta,88.66
13-12-2025 17:00,Bihar,Gaya,46.42
24-12-2025 21:00,Gujarat,Bharuch,93.82
05-04-2025 22:00,Tamil Nadu,Madurai,38.91
11-07-2025 15:00,Tamil Nadu,Madurai,19.97
01-01-2025 13:00,Karnataka,Mysuru,37.59
20-01-2026 09:00,Uttar Pradesh,Gorakhpur,12.61
05-03-2025 13:00,Odisha,Bhubaneswar,87.16
09-04-2025 13:00,Bihar,Muzaffarpur,6.62
13-07-2025 16:00,Odisha,Kendrapara,49.81
16-01-2025 14:00,Odisha,Cuttack,29.48
22-12-2025 01:00,Maharashtra,Pune,38.83
27-09-2025 21:00,Gujarat,Bharuch,37.79
22-01-2025 21:00,Uttar Pradesh,Gorakhpur,33.0
15-10-2025 07:00,Karnataka,Kodagu,36.57
30-05-2025 15:00,Odisha,Bhubaneswar,19.64
26-11-2025 08:00,Tamil Nadu,Madurai,91.84
04-05-2025 06:00,Assam,Guwahati,33.24
23-01-2025 01:00,Gujarat,Vadodara,24.7
04-06-2025 18:00,Kerala,Kozhikode,31.71
17-07-2025 04:00,Maharashtra,Kolhapur,8.38
28-02-2025 02:00,Uttar Pradesh,Prayagraj,12.63
23-08-2025 15:00,Maharashtra,Nagpur,55.96
01-10-2025 11:00,Bihar,Muzaffarpur,72.35
15-07-2025 23:00,Uttar Pradesh,Varanasi,24.2
13-03-2025 08:00,Karnataka,Mysuru,14.65
11-02-2026 11:00,Karnataka,Udupi,39.51
09-02-2025 19:00,Tamil Nadu,Thanjavur,23.89
06-10-2025 03:00,Assam,Barpeta,33.57
24-05-2025 21:00,Kerala,Kochi,35.87
28-03-2025 07:00,Tamil Nadu,Thanjavur,68.07
10-02-2026 20:00,Gujarat,Ahmedabad,10.37
07-01-2025 14:00,Gujarat,Ahmedabad,15.41
19-10-2025 21:00,Assam,Barpeta,9.13
15-01-2025 16:00,Karnataka,Udupi,49.51
11-09-2025 06:00,Kerala,Alappuzha,44.89
17-09-2025 20:00,Bihar,Bhagalpur,78.18
02-05-2025 16:00,Uttar Pradesh,Lucknow,70.19
13-07-2025 12:00,Bihar,Patna,37.66
28-01-2025 13:00,West Bengal,Darjeeling,59.3
22-10-2025 01:00,Kerala,Kochi,15.15
02-06-2025 17:00,Assam,Barpeta,17.83
29-11-2025 11:00,Maharashtra,Kolhapur,68.93
13-01-2025 18:00,Maharashtra,Nashik,54.11
19-07-2025 14:00,Tamil Nadu,Coimbatore,38.44
09-04-2025 04:00,Uttar Pradesh,Varanasi,25.82
22-03-2025 07:00,Odisha,Cuttack,10.05
19-02-2026 03:00,Tamil Nadu,Madurai,39.75
23-05-2025 19:00,Odisha,Bhubaneswar,75.13
01-06-2025 14:00,Maharashtra,Mumbai,26.33
22-02-2025 18:00,Karnataka,Kodagu,35.21
07-03-2025 00:00,Uttar Pradesh,Lucknow,79.3
27-10-2025 03:00,Uttar Pradesh,Gorakhpur,29.31
21-06-2025 05:00,Tamil Nadu,Thanjavur,38.07
24-11-2025 19:00,Bihar,Darbhanga,36.53
24-07-2025 08:00,Karnataka,Bengaluru,7.52
31-10-2025 22:00,Gujarat,Vadodara,8.66
22-01-2025 10:00,Karnataka,Kodagu,43.31
07-02-2025 06:00,Uttar Pradesh,Prayagraj,57.71
01-01-2025 21:00,Tamil Nadu,Coimbatore,9.74
07-02-2025 11:00,Odisha,Balasore,27.66
09-01-2025 15:00,Karnataka,Kodagu,16.0
20-01-2025 02:00,Kerala,Kozhikode,23.26
12-04-2025 06:00,Odisha,Balasore,54.37
18-12-2025 18:00,Assam,Guwahati,41.47
22-05-2025 05:00,Gujarat,Ahmedabad,34.44
12-06-2025 23:00,Maharashtra,Kolhapur,32.52
13-08-2025 07:00,Gujarat,Bharuch,30.35
24-01-2025 00:00,Bihar,Bhagalpur,53.79
12-05-2025 00:00,Gujarat,Bharuch,95.68
16-10-2025 05:00,Odisha,Puri,51.19
27-03-2025 16:00,Gujarat,Bharuch,24.06
22-03-2025 05:00,Gujarat,Surat,33.44
27-01-2025 10:00,Gujarat,Vadodara,65.72
11-09-2025 10:00,Maharashtra,Nagpur,84.91
22-01-2026 06:00,Karnataka,Bengaluru,45.35
08-02-2026 06:00,Maharashtra,Kolhapur,29.42
05-01-2025 09:00,Assam,Guwahati,39.39
07-05-2025 17:00,Tamil Nadu,Chennai,92.53
13-03-2025 05:00,Karnataka,Udupi,45.77
04-01-2025 17:00,Karnataka,Udupi,8.89
20-10-2025 06:00,Assam,Jorhat,61.97
13-05-2025 06:00,West Bengal,Howrah,68.52
08-02-2025 05:00,Assam,Jorhat,46.76
23-11-2025 09:00,West Bengal,Kolkata,23.96
08-10-2025 12:00,Assam,Barpeta,79.25
23-03-2025 05:00,West Bengal,Murshidabad,12.58
23-09-2025 08:00,Gujarat,Ahmedabad,24.5
01-01-2025 01:00,Maharashtra,Nashik,26.06
01-12-2025 16:00,Kerala,Kozhikode,38.31
09-09-2025 23:00,West Bengal,Murshidabad,93.47
24-04-2025 08:00,Uttar Pradesh,Varanasi,32.82
13-02-2026 20:00,Uttar Pradesh,Kanpur,30.89
10-05-2025 21:00,Assam,Barpeta,19.11
30-01-2026 09:00,Gujarat,Rajkot,88.63
06-06-2025 18:00,Maharashtra,Kolhapur,14.81
09-01-2025 21:00,Maharashtra,Nagpur,35.25
02-02-2025 10:00,West Bengal,Darjeeling,24.27
26-05-2025 16:00,Uttar Pradesh,Kanpur,25.95
03-01-2026 09:00,Uttar Pradesh,Prayagraj,22.95
27-03-2025 03:00,West Bengal,Malda,35.19
14-08-2025 20:00,Maharashtra,Pune,19.05
14-09-2025 10:00,Bihar,Gaya,64.97
15-12-2025 05:00,Bihar,Bhagalpur,36.83
29-12-2025 19:00,Bihar,Patna,53.1
19-12-2025 17:00,Tamil Nadu,Madurai,28.08
23-06-2025 15:00,Kerala,Kottayam,17.52
07-06-2025 20:00,Karnataka,Mysuru,59.1
25-01-2025 07:00,West Bengal,Malda,31.85
17-02-2026 23:00,Uttar Pradesh,Varanasi,81.69
21-02-2026 02:00,Odisha,Cuttack,72.18
05-01-2025 20:00,Gujarat,Vadodara,11.01
04-10-2025 20:00,Tamil Nadu,Coimbatore,53.09
12-01-2026 09:00,Uttar Pradesh,Gorakhpur,10.35
19-02-2026 15:00,Bihar,Darbhanga,52.72
09-01-2026 07:00,Uttar Pradesh,Gorakhpur,11.62
15-03-2025 11:00,Uttar Pradesh,Gorakhpur,104.02124999999998
20-03-2025 03:00,Tamil Nadu,Thanjavur,26.27
15-05-2025 08:00,Karnataka,Bengaluru,32.28
22-01-2025 22:00,Odisha,Balasore,22.05
18-11-2025 21:00,Karnataka,Bengaluru,15.69
03-05-2025 18:00,Uttar Pradesh,Lucknow,42.15
06-07-2025 09:00,Gujarat,Rajkot,38.03
24-08-2025 15:00,Kerala,Thrissur,34.35
10-09-2025 11:00,Kerala,Alappuzha,18.52
09-02-2025 23:00,West Bengal,Howrah,83.22
22-09-2025 06:00,Gujarat,Rajkot,26.26
01-06-2025 09:00,Assam,Guwahati,22.03
13-02-2025 18:00,Tamil Nadu,Thanjavur,42.42
21-05-2025 20:00,West Bengal,Darjeeling,63.45
03-06-2025 04:00,Assam,Jorhat,69.34
29-08-2025 16:00,Uttar Pradesh,Prayagraj,104.02124999999998
12-01-2026 21:00,Tamil Nadu,Madurai,10.92
01-10-2025 21:00,Uttar Pradesh,Gorakhpur,42.83
04-08-2025 19:00,Kerala,Kozhikode,12.65
08-03-2025 23:00,Maharashtra,Nagpur,25.53
31-05-2025 10:00,Uttar Pradesh,Kanpur,24.72
11-02-2026 14:00,West Bengal,Darjeeling,24.75
04-10-2025 11:00,Assam,Guwahati,43.05
21-02-2026 13:00,Karnataka,Mysuru,21.81
02-02-2025 23:00,West Bengal,Howrah,27.68
08-05-2025 08:00,Karnataka,Udupi,28.42
24-03-2025 12:00,Karnataka,Kodagu,22.43
30-05-2025 22:00,Kerala,Alappuzha,44.58
08-02-2025 21:00,Tamil Nadu,Coimbatore,36.2
06-11-2025 08:00,Assam,Guwahati,31.0
23-08-2025 10:00,Tamil Nadu,Tiruppur,71.48
12-03-2025 02:00,Tamil Nadu,Chennai,30.7
24-06-2025 03:00,Kerala,Kottayam,19.16
26-09-2025 14:00,Odisha,Bhubaneswar,53.8
21-06-2025 12:00,Kerala,Kochi,6.44
11-02-2025 04:00,Maharashtra,Kolhapur,86.89
01-05-2025 16:00,Gujarat,Ahmedabad,6.39
07-06-2025 10:00,Tamil Nadu,Tiruppur,26.97
24-08-2025 18:00,West Bengal,Murshidabad,30.49
09-05-2025 21:00,Kerala,Alappuzha,28.81
12-05-2025 11:00,Karnataka,Udupi,41.16
17-03-2025 23:00,Gujarat,Surat,34.58
05-02-2026 22:00,Odisha,Balasore,33.46
15-02-2025 18:00,Bihar,Bhagalpur,17.95
29-04-2025 12:00,Karnataka,Udupi,23.13
20-05-2025 06:00,Assam,Dibrugarh,23.3
02-01-2025 14:00,Kerala,Kozhikode,6.26
30-09-2025 12:00,Gujarat,Surat,104.02124999999998
30-01-2026 17:00,Maharashtra,Nagpur,47.96
20-05-2025 20:00,Assam,Jorhat,18.87
22-11-2025 13:00,Assam,Dhemaji,53.67
09-12-2025 12:00,Tamil Nadu,Madurai,31.83
20-01-2026 11:00,Karnataka,Mysuru,68.87
12-04-2025 04:00,West Bengal,Kolkata,34.64
30-07-2025 03:00,West Bengal,Malda,48.68
11-08-2025 18:00,Maharashtra,Kolhapur,5.65
20-07-2025 11:00,Bihar,Muzaffarpur,69.28
20-12-2025 04:00,Bihar,Patna,50.33
29-01-2025 14:00,West Bengal,Murshidabad,38.97
19-07-2025 23:00,West Bengal,Howrah,37.33
06-11-2025 21:00,Karnataka,Mangaluru,17.78
09-04-2025 01:00,Odisha,Balasore,67.6
22-09-2025 17:00,Bihar,Bhagalpur,38.47
10-07-2025 09:00,Odisha,Bhubaneswar,29.48
09-12-2025 05:00,West Bengal,Kolkata,94.85
25-04-2025 16:00,Odisha,Puri,38.6
03-12-2025 09:00,Uttar Pradesh,Varanasi,83.91
13-02-2025 08:00,Uttar Pradesh,Kanpur,40.06
09-11-2025 03:00,Uttar Pradesh,Lucknow,60.78
22-02-2025 17:00,Odisha,Bhubaneswar,29.96
22-01-2026 01:00,Kerala,Kozhikode,10.42
22-10-2025 03:00,Uttar Pradesh,Kanpur,79.7
12-01-2025 13:00,Karnataka,Bengaluru,59.37
31-07-2025 20:00,Bihar,Darbhanga,38.16
10-04-2025 06:00,Assam,Barpeta,37.13
24-01-2025 19:00,Gujarat,Rajkot,58.1
01-03-2025 19:00,Uttar Pradesh,Prayagraj,27.2
12-08-2025 00:00,Kerala,Kottayam,6.55
15-08-2025 21:00,Gujarat,Vadodara,81.34
11-02-2025 23:00,Bihar,Patna,42.07
09-07-2025 07:00,Uttar Pradesh,Kanpur,37.21
03-01-2026 08:00,Assam,Guwahati,31.68
28-03-2025 00:00,Karnataka,Udupi,28.83
17-02-2025 08:00,Kerala,Alappuzha,17.27
11-08-2025 15:00,Kerala,Kozhikode,38.12
13-01-2025 06:00,Tamil Nadu,Madurai,21.69
11-04-2025 03:00,West Bengal,Murshidabad,26.29
16-06-2025 14:00,Bihar,Patna,28.29
05-06-2025 21:00,Gujarat,Vadodara,8.02
20-01-2026 06:00,Maharashtra,Kolhapur,27.58
24-04-2025 07:00,Kerala,Kottayam,68.69
19-01-2026 07:00,Assam,Dibrugarh,55.33
03-08-2025 14:00,West Bengal,Murshidabad,30.69
28-04-2025 00:00,Odisha,Kendrapara,47.05
24-01-2025 04:00,Tamil Nadu,Tiruppur,104.02124999999998
07-01-2026 21:00,Assam,Jorhat,15.25
19-07-2025 19:00,Gujarat,Surat,73.23
13-04-2025 21:00,Maharashtra,Kolhapur,55.02
05-06-2025 18:00,West Bengal,Darjeeling,71.14
28-06-2025 14:00,Kerala,Kozhikode,3.67
19-04-2025 12:00,Assam,Barpeta,15.01
16-01-2025 02:00,West Bengal,Murshidabad,21.62
16-10-2025 12:00,Kerala,Kochi,29.97
13-03-2025 00:00,Maharashtra,Nashik,26.67
31-03-2025 03:00,Maharashtra,Nagpur,13.2
15-05-2025 23:00,Kerala,Kozhikode,35.18
10-04-2025 07:00,Karnataka,Mysuru,55.67
01-11-2025 18:00,Bihar,Patna,73.53
29-06-2025 15:00,Gujarat,Bharuch,11.55
24-02-2025 16:00,Odisha,Kendrapara,28.38
13-06-2025 18:00,Gujarat,Ahmedabad,27.03
15-09-2025 15:00,Bihar,Bhagalpur,13.42
08-03-2025 07:00,Kerala,Kottayam,50.13
27-01-2026 03:00,Tamil Nadu,Tiruppur,51.56
01-04-2025 02:00,Kerala,Kozhikode,104.02124999999998
10-04-2025 20:00,Uttar Pradesh,Varanasi,70.62
14-01-2025 05:00,Bihar,Patna,43.79
07-08-2025 01:00,Maharashtra,Mumbai,42.04
31-07-2025 04:00,Bihar,Gaya,33.09
18-06-2025 04:00,Maharashtra,Pune,42.91
06-05-2025 20:00,Uttar Pradesh,Lucknow,26.95
09-12-2025 20:00,Karnataka,Udupi,19.84
09-08-2025 15:00,Tamil Nadu,Coimbatore,18.92
15-06-2025 12:00,Karnataka,Udupi,30.61
12-08-2025 18:00,Uttar Pradesh,Kanpur,43.6
22-06-2025 05:00,Odisha,Cuttack,37.56
10-02-2025 14:00,Maharashtra,Kolhapur,20.19
31-10-2025 19:00,Gujarat,Ahmedabad,18.44
09-02-2025 18:00,Maharashtra,Nagpur,104.02124999999998
23-01-2026 18:00,Maharashtra,Mumbai,36.45
29-07-2025 00:00,Maharashtra,Mumbai,53.4
10-02-2026 10:00,Kerala,Thrissur,27.52
09-11-2025 02:00,Kerala,Thrissur,58.07
10-03-2025 08:00,Kerala,Kochi,17.99
23-02-2025 18:00,Bihar,Muzaffarpur,6.79
27-02-2025 12:00,Bihar,Gaya,73.95
22-03-2025 13:00,Gujarat,Vadodara,81.16
14-07-2025 19:00,Bihar,Darbhanga,42.34
07-02-2025 04:00,Tamil Nadu,Thanjavur,34.27
31-10-2025 15:00,Tamil Nadu,Chennai,58.95
23-07-2025 04:00,Uttar Pradesh,Lucknow,58.29
26-11-2025 10:00,Uttar Pradesh,Lucknow,0.76
08-12-2025 10:00,Kerala,Kochi,42.17
26-01-2026 19:00,Gujarat,Bharuch,48.46
13-04-2025 18:00,Odisha,Kendrapara,94.0
16-11-2025 01:00,Tamil Nadu,Tiruppur,69.36
21-03-2025 17:00,Kerala,Kochi,23.15
25-04-2025 00:00,Karnataka,Mangaluru,18.9
31-01-2025 06:00,Bihar,Darbhanga,22.8
28-10-2025 14:00,Tamil Nadu,Madurai,12.66
10-12-2025 13:00,Gujarat,Rajkot,32.13
16-03-2025 20:00,Kerala,Kozhikode,34.06
10-06-2025 05:00,Gujarat,Ahmedabad,42.95
24-09-2025 18:00,Tamil Nadu,Chennai,88.51
09-02-2025 00:00,Uttar Pradesh,Lucknow,37.11
05-04-2025 09:00,Assam,Barpeta,51.3
04-02-2025 08:00,Maharashtra,Nagpur,45.66
31-10-2025 02:00,West Bengal,Darjeeling,18.88
27-02-2025 21:00,West Bengal,Kolkata,43.38
29-05-2025 12:00,Bihar,Gaya,6.39
15-08-2025 05:00,Gujarat,Vadodara,63.47
23-11-2025 03:00,Odisha,Cuttack,71.14
26-08-2025 02:00,Gujarat,Vadodara,25.76
25-11-2025 06:00,Assam,Dhemaji,7.52
19-03-2025 20:00,Assam,Guwahati,75.99
08-12-2025 18:00,Bihar,Muzaffarpur,15.77
08-11-2025 22:00,Assam,Barpeta,54.73
03-02-2025 14:00,Maharashtra,Mumbai,71.25
20-07-2025 05:00,Gujarat,Vadodara,91.91
17-01-2026 08:00,Uttar Pradesh,Varanasi,24.66
09-11-2025 23:00,Odisha,Balasore,37.47
02-12-2025 16:00,Gujarat,Rajkot,42.03
07-07-2025 06:00,Gujarat,Surat,57.2
20-04-2025 16:00,West Bengal,Darjeeling,9.46
06-01-2026 20:00,Gujarat,Rajkot,16.23
26-12-2025 07:00,Maharashtra,Kolhapur,31.84
23-11-2025 08:00,Kerala,Kottayam,46.45
02-07-2025 20:00,Bihar,Gaya,74.37
07-01-2025 01:00,Tamil Nadu,Coimbatore,69.9
27-09-2025 11:00,Assam,Dhemaji,59.21
26-03-2025 17:00,Kerala,Kozhikode,18.55
16-01-2026 07:00,Kerala,Kochi,25.43
18-02-2025 13:00,Gujarat,Rajkot,8.66
27-03-2025 10:00,West Bengal,Darjeeling,8.99
06-06-2025 16:00,Gujarat,Vadodara,34.61
04-07-2025 19:00,Karnataka,Bengaluru,25.5
23-05-2025 22:00,Tamil Nadu,Thanjavur,24.38
08-12-2025 06:00,Uttar Pradesh,Lucknow,21.29
31-12-2025 17:00,Maharashtra,Nashik,44.31
22-10-2025 13:00,Odisha,Kendrapara,28.16
01-07-2025 17:00,Tamil Nadu,Coimbatore,21.84
15-03-2025 19:00,West Bengal,Darjeeling,14.98
27-05-2025 07:00,Karnataka,Udupi,42.81
12-01-2025 07:00,Bihar,Gaya,28.91
18-12-2025 12:00,West Bengal,Malda,29.23
26-03-2025 16:00,Bihar,Darbhanga,40.72
07-02-2026 16:00,Tamil Nadu,Tiruppur,37.67
08-06-2025 18:00,Maharashtra,Nashik,104.02124999999998
01-07-2025 02:00,Bihar,Darbhanga,33.98
23-01-2025 17:00,Kerala,Kozhikode,35.46
16-05-2025 01:00,Karnataka,Mysuru,28.81
21-12-2025 06:00,Uttar Pradesh,Prayagraj,3.83
18-02-2026 06:00,Karnataka,Udupi,32.35
12-11-2025 04:00,West Bengal,Kolkata,4.51
08-02-2025 08:00,Karnataka,Udupi,9.19
15-01-2026 22:00,Bihar,Darbhanga,50.18
04-10-2025 16:00,West Bengal,Murshidabad,26.17
17-11-2025 14:00,Kerala,Kottayam,70.28
09-12-2025 22:00,Kerala,Kottayam,13.17
24-10-2025 22:00,Uttar Pradesh,Lucknow,37.39
28-06-2025 06:00,West Bengal,Malda,4.5
05-05-2025 07:00,Assam,Barpeta,59.02
06-01-2025 10:00,Maharashtra,Mumbai,84.73
29-11-2025 12:00,West Bengal,Darjeeling,13.54
22-04-2025 03:00,Uttar Pradesh,Prayagraj,74.29
25-10-2025 10:00,Bihar,Bhagalpur,38.14
15-05-2025 07:00,Bihar,Patna,31.52
17-11-2025 13:00,Kerala,Kozhikode,24.08
13-08-2025 16:00,Assam,Dibrugarh,26.79
26-01-2025 14:00,Gujarat,Surat,39.05
17-02-2026 14:00,Tamil Nadu,Coimbatore,43.28
03-03-2025 02:00,Uttar Pradesh,Lucknow,7.49
07-07-2025 09:00,Uttar Pradesh,Varanasi,12.52
07-05-2025 18:00,West Bengal,Darjeeling,13.16
11-04-2025 19:00,Maharashtra,Kolhapur,26.74
31-07-2025 21:00,Maharashtra,Nashik,29.53
18-05-2025 06:00,West Bengal,Howrah,20.12
08-10-2025 17:00,Kerala,Kottayam,45.44
04-03-2025 12:00,West Bengal,Kolkata,25.63
05-03-2025 09:00,Tamil Nadu,Tiruppur,29.69
15-01-2026 21:00,West Bengal,Howrah,67.14
26-06-2025 08:00,Bihar,Darbhanga,15.19
17-11-2025 06:00,Bihar,Patna,18.44
04-07-2025 14:00,Bihar,Gaya,5.89
17-01-2025 06:00,Uttar Pradesh,Kanpur,29.3
15-02-2026 18:00,Karnataka,Udupi,104.02124999999998
24-10-2025 20:00,Assam,Jorhat,30.88
04-09-2025 09:00,Kerala,Thrissur,58.05
25-12-2025 00:00,West Bengal,Darjeeling,47.63
20-07-2025 06:00,Tamil Nadu,Madurai,13.95
09-01-2026 02:00,West Bengal,Kolkata,26.32
10-12-2025 06:00,Karnataka,Bengaluru,30.78
02-12-2025 04:00,Kerala,Alappuzha,8.94
12-02-2026 14:00,Tamil Nadu,Chennai,37.73
16-06-2025 09:00,Assam,Dibrugarh,48.78
02-02-2026 23:00,Kerala,Kochi,12.26
03-10-2025 09:00,Assam,Jorhat,12.84
10-08-2025 15:00,Assam,Dibrugarh,35.19
24-10-2025 15:00,Maharashtra,Nashik,15.38
11-04-2025 21:00,Bihar,Bhagalpur,49.54
22-08-2025 12:00,Odisha,Cuttack,35.93
14-03-2025 22:00,Karnataka,Mysuru,11.59
11-01-2026 15:00,Uttar Pradesh,Prayagraj,27.91
09-02-2026 22:00,Bihar,Darbhanga,20.98
15-01-2025 02:00,Bihar,Bhagalpur,37.61
17-12-2025 07:00,Tamil Nadu,Chennai,18.01
25-02-2025 21:00,Karnataka,Mysuru,12.56
02-02-2026 16:00,Uttar Pradesh,Lucknow,17.24
29-11-2025 14:00,Maharashtra,Kolhapur,17.35
01-06-2025 16:00,Maharashtra,Mumbai,10.29
14-01-2025 17:00,Uttar Pradesh,Lucknow,35.61
03-01-2026 20:00,Odisha,Cuttack,66.51
06-05-2025 04:00,West Bengal,Kolkata,15.87
18-10-2025 00:00,Bihar,Muzaffarpur,11.44
20-06-2025 10:00,Tamil Nadu,Tiruppur,21.88
07-04-2025 18:00,Gujarat,Rajkot,15.5
05-10-2025 19:00,Kerala,Thrissur,10.95
20-10-2025 01:00,West Bengal,Murshidabad,38.87
24-06-2025 21:00,Bihar,Gaya,42.77
28-05-2025 21:00,Tamil Nadu,Tiruppur,46.63
15-12-2025 11:00,Kerala,Kochi,56.79
25-06-2025 03:00,Gujarat,Ahmedabad,7.76
23-01-2026 22:00,Karnataka,Kodagu,20.26
08-01-2026 08:00,Gujarat,Ahmedabad,22.44
15-09-2025 17:00,Maharashtra,Mumbai,37.47
10-03-2025 07:00,Uttar Pradesh,Kanpur,15.1
03-01-2025 12:00,Maharashtra,Kolhapur,29.96
21-02-2025 16:00,West Bengal,Howrah,32.23
29-08-2025 00:00,Bihar,Muzaffarpur,20.01
03-08-2025 00:00,Kerala,Thrissur,21.04
08-04-2025 15:00,Odisha,Balasore,22.3
30-03-2025 08:00,Maharashtra,Kolhapur,44.28
05-03-2025 12:00,Gujarat,Ahmedabad,37.12
14-11-2025 09:00,Gujarat,Bharuch,50.45
07-01-2025 09:00,Bihar,Gaya,8.3
21-01-2025 01:00,Gujarat,Rajkot,6.15
13-09-2025 02:00,Bihar,Darbhanga,11.0
16-11-2025 18:00,Assam,Dibrugarh,47.07
23-10-2025 21:00,Uttar Pradesh,Prayagraj,59.47
15-03-2025 10:00,Maharashtra,Pune,10.84
18-11-2025 11:00,Gujarat,Surat,6.37
14-01-2026 09:00,Gujarat,Ahmedabad,23.86
08-11-2025 15:00,Karnataka,Mangaluru,39.33
16-09-2025 20:00,Maharashtra,Nashik,52.09
22-07-2025 05:00,Karnataka,Bengaluru,29.64
23-04-2025 23:00,Karnataka,Kodagu,22.91
09-10-2025 22:00,Maharashtra,Pune,51.39
22-06-2025 22:00,Tamil Nadu,Coimbatore,25.33
25-02-2025 13:00,Maharashtra,Nashik,20.41
16-12-2025 02:00,Assam,Dhemaji,22.72
27-01-2026 05:00,Odisha,Balasore,23.75
09-02-2026 11:00,West Bengal,Murshidabad,77.19
16-01-2026 01:00,Kerala,Kochi,15.71
10-06-2025 10:00,Gujarat,Surat,46.79
14-12-2025 12:00,Maharashtra,Pune,46.18
21-06-2025 20:00,Odisha,Cuttack,18.95
09-01-2026 11:00,Gujarat,Bharuch,76.2
19-07-2025 12:00,Bihar,Darbhanga,30.55
30-04-2025 10:00,Karnataka,Bengaluru,59.45
27-02-2025 18:00,Maharashtra,Nashik,31.76
05-09-2025 13:00,Gujarat,Bharuch,50.08
08-05-2025 19:00,Gujarat,Vadodara,51.91
13-01-2026 10:00,Odisha,Balasore,27.76
01-06-2025 05:00,Odisha,Cuttack,104.02124999999998
29-01-2026 23:00,Odisha,Puri,22.68
08-01-2026 21:00,Kerala,Alappuzha,49.87
07-05-2025 04:00,Assam,Jorhat,33.5
04-05-2025 17:00,Uttar Pradesh,Prayagraj,49.95
27-12-2025 06:00,Uttar Pradesh,Varanasi,16.29
13-09-2025 16:00,Assam,Jorhat,58.9
02-01-2026 17:00,Bihar,Bhagalpur,39.81
27-06-2025 15:00,Maharashtra,Mumbai,8.68
27-01-2025 21:00,Assam,Guwahati,30.01
07-02-2026 05:00,Odisha,Bhubaneswar,8.64
28-03-2025 10:00,Maharashtra,Pune,29.18
15-01-2025 05:00,Uttar Pradesh,Prayagraj,58.28
02-12-2025 01:00,Odisha,Cuttack,12.28
09-03-2025 14:00,Kerala,Kozhikode,34.25
25-10-2025 13:00,West Bengal,Murshidabad,32.13
30-08-2025 12:00,Uttar Pradesh,Lucknow,17.62
27-10-2025 08:00,Tamil Nadu,Madurai,48.14
10-12-2025 00:00,Tamil Nadu,Thanjavur,23.69
17-08-2025 03:00,Odisha,Bhubaneswar,26.66
21-01-2026 12:00,Karnataka,Mysuru,49.26
04-01-2025 02:00,Bihar,Muzaffarpur,90.06
26-12-2025 17:00,Uttar Pradesh,Kanpur,40.77
20-01-2026 13:00,Tamil Nadu,Thanjavur,38.24
27-03-2025 11:00,Gujarat,Vadodara,29.78
16-04-2025 21:00,Bihar,Darbhanga,30.55
24-02-2025 05:00,Gujarat,Rajkot,34.55
02-09-2025 21:00,Assam,Dhemaji,18.35
04-11-2025 00:00,Assam,Jorhat,60.93
24-02-2025 08:00,Gujarat,Ahmedabad,52.74
18-12-2025 04:00,Gujarat,Vadodara,21.23
14-01-2026 22:00,Bihar,Gaya,17.35
19-04-2025 07:00,West Bengal,Murshidabad,30.93
18-04-2025 05:00,Karnataka,Mangaluru,39.96
13-05-2025 18:00,Kerala,Kozhikode,98.16
26-04-2025 08:00,Assam,Dhemaji,94.57
21-07-2025 07:00,Kerala,Kochi,28.53
25-06-2025 23:00,Assam,Dibrugarh,11.46
07-02-2026 01:00,Maharashtra,Mumbai,66.76
29-03-2025 18:00,West Bengal,Darjeeling,48.46
22-04-2025 15:00,West Bengal,Malda,51.84
27-02-2025 19:00,Bihar,Gaya,57.04
08-01-2026 03:00,Assam,Guwahati,46.97
07-02-2026 11:00,Gujarat,Ahmedabad,31.96
23-10-2025 03:00,Bihar,Gaya,43.5
23-02-2025 07:00,Odisha,Puri,37.02
03-02-2025 12:00,Uttar Pradesh,Prayagraj,54.69
06-03-2025 19:00,Tamil Nadu,Tiruppur,15.62
31-01-2026 06:00,Kerala,Thrissur,23.87
10-07-2025 06:00,Bihar,Muzaffarpur,40.41
07-02-2026 21:00,Tamil Nadu,Chennai,21.88
21-07-2025 17:00,Karnataka,Mysuru,24.98
30-05-2025 18:00,Kerala,Alappuzha,104.02124999999998
09-09-2025 11:00,Assam,Jorhat,11.47
13-10-2025 12:00,Uttar Pradesh,Lucknow,15.42
29-12-2025 17:00,Bihar,Patna,16.22
24-06-2025 01:00,Uttar Pradesh,Prayagraj,13.77
24-02-2025 12:00,Uttar Pradesh,Varanasi,67.87
24-05-2025 20:00,Uttar Pradesh,Gorakhpur,33.74
03-06-2025 23:00,Gujarat,Vadodara,14.43
26-06-2025 18:00,Kerala,Thrissur,4.09
02-04-2025 14:00,West Bengal,Howrah,36.29
04-07-2025 09:00,Gujarat,Rajkot,19.09
14-09-2025 06:00,Tamil Nadu,Madurai,50.18
09-02-2025 07:00,Bihar,Muzaffarpur,16.67
04-02-2025 06:00,Assam,Guwahati,29.25
28-07-2025 13:00,Odisha,Bhubaneswar,38.21
03-10-2025 12:00,Kerala,Kochi,20.45
15-12-2025 04:00,Karnataka,Mysuru,58.72
23-08-2025 03:00,West Bengal,Murshidabad,16.23
09-07-2025 11:00,Odisha,Puri,10.6
16-04-2025 18:00,West Bengal,Murshidabad,38.56
05-08-2025 23:00,Odisha,Kendrapara,61.22
01-02-2026 10:00,Tamil Nadu,Madurai,40.96
11-01-2026 09:00,Maharashtra,Nashik,46.16
08-05-2025 06:00,Bihar,Muzaffarpur,46.34
03-06-2025 03:00,West Bengal,Kolkata,14.88
21-11-2025 00:00,Tamil Nadu,Coimbatore,2.17
28-10-2025 18:00,Tamil Nadu,Coimbatore,57.79
08-10-2025 02:00,Maharashtra,Mumbai,23.7
18-05-2025 12:00,Uttar Pradesh,Gorakhpur,39.31
18-05-2025 22:00,Maharashtra,Nashik,5.49
28-10-2025 21:00,Odisha,Cuttack,13.86
21-12-2025 23:00,Uttar Pradesh,Gorakhpur,13.35
06-09-2025 02:00,Maharashtra,Nagpur,38.67
04-02-2025 16:00,Assam,Dhemaji,9.6
25-05-2025 06:00,Assam,Dhemaji,39.81
15-11-2025 11:00,Gujarat,Ahmedabad,7.12
03-01-2025 06:00,Bihar,Bhagalpur,21.14
24-05-2025 19:00,Karnataka,Kodagu,33.13
20-09-2025 17:00,Tamil Nadu,Coimbatore,73.44
03-03-2025 17:00,Kerala,Alappuzha,5.97
23-07-2025 01:00,Karnataka,Mysuru,24.53
01-12-2025 22:00,Tamil Nadu,Madurai,56.47
19-05-2025 23:00,Maharashtra,Kolhapur,13.36
08-09-2025 16:00,Bihar,Muzaffarpur,28.7
25-07-2025 06:00,Tamil Nadu,Thanjavur,46.63
30-08-2025 13:00,Tamil Nadu,Madurai,42.02
14-02-2026 15:00,Maharashtra,Mumbai,24.51
31-07-2025 19:00,Gujarat,Surat,78.68
04-10-2025 21:00,Bihar,Bhagalpur,14.45
17-08-2025 18:00,Uttar Pradesh,Lucknow,23.41
02-02-2025 00:00,Bihar,Muzaffarpur,20.54
28-03-2025 01:00,Bihar,Bhagalpur,54.46
31-01-2026 20:00,Assam,Dibrugarh,82.46
01-11-2025 15:00,Gujarat,Vadodara,69.89
20-12-2025 05:00,Maharashtra,Nagpur,18.74
08-07-2025 12:00,Assam,Guwahati,37.62
24-04-2025 05:00,Karnataka,Udupi,36.51
28-03-2025 15:00,Odisha,Puri,62.09
07-01-2026 10:00,Assam,Dhemaji,42.63
09-02-2025 15:00,Karnataka,Bengaluru,27.57
02-12-2025 18:00,Tamil Nadu,Tiruppur,104.02124999999998
14-04-2025 10:00,Assam,Barpeta,29.3
15-03-2025 07:00,Tamil Nadu,Tiruppur,65.72
04-07-2025 06:00,Kerala,Kozhikode,6.47
07-10-2025 08:00,Gujarat,Rajkot,24.52
04-08-2025 22:00,Odisha,Kendrapara,76.71
22-12-2025 13:00,Gujarat,Vadodara,31.39
04-06-2025 05:00,West Bengal,Malda,33.92
26-06-2025 19:00,Tamil Nadu,Madurai,20.56
29-01-2025 16:00,Karnataka,Udupi,14.0
24-05-2025 00:00,Gujarat,Rajkot,4.92
26-07-2025 00:00,Gujarat,Rajkot,38.27
10-02-2025 06:00,West Bengal,Howrah,15.31
31-01-2026 04:00,Odisha,Balasore,34.53
24-04-2025 01:00,Maharashtra,Pune,81.23
18-07-2025 05:00,Odisha,Cuttack,29.56
02-02-2026 17:00,Gujarat,Rajkot,32.07
21-09-2025 08:00,Maharashtra,Kolhapur,104.02124999999998
06-09-2025 23:00,Odisha,Cuttack,6.35
29-05-2025 20:00,Gujarat,Surat,40.79
09-08-2025 19:00,Uttar Pradesh,Varanasi,7.93
24-03-2025 22:00,Gujarat,Vadodara,31.19
20-02-2025 05:00,Gujarat,Ahmedabad,18.32
27-07-2025 03:00,Uttar Pradesh,Lucknow,41.54
10-10-2025 15:00,Maharashtra,Mumbai,22.4
31-05-2025 00:00,Tamil Nadu,Madurai,58.92
28-09-2025 10:00,Kerala,Kochi,39.61
25-12-2025 17:00,Assam,Dhemaji,55.69
20-02-2026 18:00,Karnataka,Mangaluru,36.25
03-12-2025 06:00,West Bengal,Malda,46.76
24-12-2025 09:00,Kerala,Thrissur,15.45
29-11-2025 05:00,Tamil Nadu,Coimbatore,68.39
09-03-2025 17:00,Gujarat,Vadodara,34.81
23-01-2025 08:00,Uttar Pradesh,Prayagraj,104.02124999999998
01-01-2026 06:00,West Bengal,Murshidabad,60.56
29-11-2025 02:00,Odisha,Bhubaneswar,24.91
25-06-2025 12:00,Odisha,Balasore,12.58
27-09-2025 00:00,Gujarat,Vadodara,2.01
27-05-2025 03:00,West Bengal,Howrah,47.65
16-12-2025 17:00,Kerala,Kottayam,29.15
24-10-2025 08:00,Odisha,Cuttack,16.55
23-04-2025 20:00,Kerala,Kottayam,7.51
29-07-2025 15:00,West Bengal,Howrah,59.32
29-09-2025 10:00,West Bengal,Kolkata,37.32
14-07-2025 06:00,Maharashtra,Nagpur,20.31
17-06-2025 13:00,West Bengal,Howrah,67.98
19-03-2025 06:00,Maharashtra,Nashik,15.42
28-01-2026 17:00,Tamil Nadu,Coimbatore,39.95
30-04-2025 16:00,Odisha,Cuttack,11.3
07-05-2025 06:00,Maharashtra,Mumbai,81.12
10-03-2025 13:00,Odisha,Bhubaneswar,41.35
23-05-2025 09:00,Tamil Nadu,Tiruppur,104.02124999999998
25-05-2025 20:00,Karnataka,Bengaluru,55.5
03-02-2026 00:00,Assam,Dhemaji,21.77
16-03-2025 16:00,Kerala,Alappuzha,24.81
08-06-2025 05:00,Karnataka,Bengaluru,52.89
21-05-2025 08:00,Kerala,Kochi,22.39
27-10-2025 20:00,Maharashtra,Nashik,55.82
06-02-2026 17:00,Tamil Nadu,Madurai,31.32
01-08-2025 21:00,Gujarat,Ahmedabad,68.43
09-09-2025 00:00,Odisha,Balasore,55.25
02-01-2026 11:00,Uttar Pradesh,Lucknow,12.45
23-01-2026 06:00,Tamil Nadu,Thanjavur,19.84
06-01-2025 06:00,Maharashtra,Nagpur,25.74
06-09-2025 07:00,Gujarat,Surat,9.8
11-06-2025 12:00,Odisha,Kendrapara,34.47
05-07-2025 11:00,Assam,Guwahati,53.56
25-10-2025 19:00,Maharashtra,Nagpur,55.85
28-05-2025 03:00,West Bengal,Malda,12.54
04-02-2025 11:00,Bihar,Gaya,15.71
21-11-2025 14:00,Bihar,Muzaffarpur,49.5
11-02-2025 00:00,Maharashtra,Mumbai,55.85
21-11-2025 07:00,Kerala,Kottayam,12.89
12-04-2025 19:00,Assam,Guwahati,47.25
23-12-2025 10:00,West Bengal,Kolkata,3.13
15-01-2025 09:00,Bihar,Bhagalpur,61.24
03-02-2025 22:00,West Bengal,Howrah,23.69
14-09-2025 22:00,Tamil Nadu,Chennai,30.06
29-08-2025 19:00,Bihar,Gaya,64.49
30-03-2025 04:00,Gujarat,Ahmedabad,43.02
03-02-2025 01:00,Karnataka,Bengaluru,4.65
15-10-2025 10:00,Gujarat,Bharuch,18.67
22-04-2025 10:00,Odisha,Puri,69.05
04-01-2025 22:00,Odisha,Balasore,14.31
26-06-2025 01:00,West Bengal,Kolkata,18.07
06-06-2025 12:00,Odisha,Bhubaneswar,21.16
01-05-2025 11:00,Tamil Nadu,Coimbatore,26.73
09-04-2025 19:00,West Bengal,Kolkata,10.56
27-01-2026 04:00,Karnataka,Bengaluru,34.12
15-05-2025 12:00,Kerala,Alappuzha,37.58
24-11-2025 15:00,Uttar Pradesh,Lucknow,29.62
22-09-2025 23:00,Uttar Pradesh,Gorakhpur,11.61
19-01-2026 04:00,Gujarat,Surat,85.3
02-11-2025 06:00,Bihar,Muzaffarpur,35.53
09-09-2025 04:00,Maharashtra,Kolhapur,11.29
19-03-2025 17:00,West Bengal,Howrah,28.69
12-07-2025 04:00,Odisha,Kendrapara,99.61
21-04-2025 05:00,Gujarat,Ahmedabad,53.7
04-04-2025 11:00,Tamil Nadu,Chennai,46.16
12-08-2025 21:00,Kerala,Kozhikode,29.4
08-04-2025 08:00,Assam,Guwahati,37.23
09-02-2025 14:00,Odisha,Cuttack,11.01
16-02-2025 16:00,Uttar Pradesh,Lucknow,48.79
02-04-2025 20:00,West Bengal,Darjeeling,16.52
18-01-2025 11:00,Odisha,Kendrapara,62.21
08-02-2025 10:00,Maharashtra,Nashik,25.94
28-12-2025 05:00,Karnataka,Mangaluru,23.53
14-08-2025 08:00,Odisha,Puri,67.69
30-08-2025 04:00,West Bengal,Darjeeling,36.56
28-08-2025 06:00,Bihar,Muzaffarpur,10.78
16-11-2025 11:00,Karnataka,Bengaluru,13.35
20-08-2025 23:00,West Bengal,Malda,100.81
05-12-2025 23:00,Tamil Nadu,Chennai,104.02124999999998
20-02-2025 02:00,Gujarat,Ahmedabad,12.96
29-08-2025 05:00,Tamil Nadu,Chennai,75.23
16-12-2025 13:00,Bihar,Darbhanga,9.27
24-03-2025 02:00,Uttar Pradesh,Varanasi,14.56
17-06-2025 10:00,Uttar Pradesh,Kanpur,18.68
03-06-2025 15:00,West Bengal,Howrah,44.3
25-03-2025 05:00,Assam,Guwahati,15.24
18-06-2025 01:00,Maharashtra,Pune,62.89
22-02-2025 00:00,Karnataka,Mangaluru,76.53
02-04-2025 08:00,Maharashtra,Nagpur,38.57
24-04-2025 00:00,Uttar Pradesh,Gorakhpur,41.52
02-04-2025 06:00,Kerala,Kottayam,44.92
14-07-2025 14:00,Gujarat,Rajkot,47.45
03-08-2025 06:00,Bihar,Gaya,62.21
07-09-2025 08:00,Uttar Pradesh,Gorakhpur,86.74
01-10-2025 13:00,Odisha,Kendrapara,45.3
22-11-2025 04:00,Karnataka,Bengaluru,14.03
17-10-2025 07:00,Karnataka,Mangaluru,9.73
31-03-2025 00:00,Maharashtra,Nashik,42.53
14-02-2025 09:00,Assam,Dibrugarh,11.99
26-01-2025 00:00,Assam,Dhemaji,6.04
26-06-2025 03:00,Gujarat,Surat,32.59
12-11-2025 17:00,Kerala,Alappuzha,41.54
04-01-2025 05:00,Uttar Pradesh,Gorakhpur,6.28
11-11-2025 10:00,West Bengal,Kolkata,18.3
01-05-2025 18:00,Uttar Pradesh,Kanpur,28.23
20-07-2025 20:00,Gujarat,Surat,34.33
23-01-2026 14:00,Tamil Nadu,Coimbatore,47.31
25-09-2025 05:00,Kerala,Kochi,62.03
13-01-2026 16:00,Assam,Dibrugarh,45.8
30-11-2025 15:00,Bihar,Muzaffarpur,43.12
16-08-2025 20:00,Bihar,Muzaffarpur,34.08
05-09-2025 23:00,West Bengal,Kolkata,29.66
22-05-2025 07:00,Assam,Jorhat,24.45
14-08-2025 15:00,West Bengal,Darjeeling,48.91
17-04-2025 16:00,Bihar,Gaya,54.64
07-12-2025 02:00,Maharashtra,Mumbai,70.8
20-04-2025 19:00,Bihar,Bhagalpur,51.19
08-08-2025 00:00,Odisha,Cuttack,69.22
28-05-2025 02:00,West Bengal,Murshidabad,58.8
23-12-2025 23:00,Uttar Pradesh,Kanpur,29.27
21-03-2025 12:00,Karnataka,Mysuru,17.93
10-01-2025 19:00,Assam,Jorhat,5.54
08-03-2025 20:00,Uttar Pradesh,Gorakhpur,17.94
29-11-2025 16:00,Odisha,Kendrapara,64.78
26-05-2025 10:00,Gujarat,Vadodara,77.48
25-03-2025 02:00,Kerala,Alappuzha,36.06
28-04-2025 16:00,Karnataka,Bengaluru,26.1
22-01-2026 21:00,Gujarat,Bharuch,95.78
25-02-2025 22:00,Gujarat,Vadodara,43.22
21-12-2025 16:00,Uttar Pradesh,Gorakhpur,59.06
09-03-2025 11:00,Gujarat,Vadodara,56.62
09-08-2025 07:00,Uttar Pradesh,Gorakhpur,58.65
27-03-2025 20:00,Bihar,Darbhanga,21.53
19-02-2026 19:00,Assam,Jorhat,36.23
03-04-2025 11:00,Assam,Dhemaji,40.17
09-09-2025 14:00,Uttar Pradesh,Lucknow,10.34
11-01-2025 20:00,Kerala,Kochi,77.06
26-01-2026 05:00,Tamil Nadu,Thanjavur,12.47
14-01-2026 21:00,Kerala,Alappuzha,7.25
06-06-2025 00:00,Tamil Nadu,Madurai,25.93
26-03-2025 10:00,Tamil Nadu,Chennai,70.23
19-10-2025 04:00,West Bengal,Malda,55.65
26-06-2025 10:00,Gujarat,Ahmedabad,29.85
21-03-2025 21:00,Karnataka,Mangaluru,19.83
18-03-2025 04:00,Bihar,Patna,86.34
17-09-2025 17:00,Maharashtra,Pune,37.49
24-01-2026 20:00,Gujarat,Vadodara,56.5
19-09-2025 19:00,Kerala,Kozhikode,24.42
25-06-2025 08:00,Tamil Nadu,Coimbatore,72.4
10-01-2025 08:00,Odisha,Puri,30.61
07-01-2026 11:00,Odisha,Balasore,58.59
27-09-2025 13:00,Assam,Dhemaji,61.28
28-01-2026 05:00,Tamil Nadu,Chennai,4.03
05-02-2025 06:00,Assam,Dhemaji,100.38
28-06-2025 17:00,Tamil Nadu,Madurai,35.6
20-08-2025 16:00,Odisha,Puri,48.29
17-04-2025 07:00,West Bengal,Malda,28.4
05-01-2025 21:00,Odisha,Balasore,10.49
04-01-2026 05:00,Maharashtra,Mumbai,32.18
06-09-2025 14:00,Maharashtra,Nagpur,17.37
08-12-2025 11:00,Odisha,Balasore,33.44
27-12-2025 19:00,West Bengal,Malda,17.22
09-11-2025 01:00,Gujarat,Bharuch,34.22
01-01-2025 05:00,Gujarat,Surat,7.41
11-08-2025 14:00,Assam,Jorhat,53.06
15-01-2026 15:00,Assam,Dhemaji,36.05
30-06-2025 04:00,Maharashtra,Mumbai,96.41
14-02-2025 07:00,Gujarat,Rajkot,69.96
18-04-2025 22:00,Bihar,Gaya,56.71
18-12-2025 10:00,Maharashtra,Kolhapur,84.39
05-06-2025 15:00,Kerala,Kottayam,29.74
27-05-2025 13:00,West Bengal,Howrah,36.08
19-10-2025 02:00,Assam,Guwahati,104.02124999999998
09-10-2025 23:00,Kerala,Thrissur,33.98
23-08-2025 06:00,Karnataka,Mysuru,24.11
08-03-2025 21:00,West Bengal,Howrah,52.2
14-03-2025 05:00,Maharashtra,Nagpur,20.49
25-01-2026 05:00,Assam,Dhemaji,104.02124999999998
08-06-2025 20:00,Tamil Nadu,Coimbatore,104.02124999999998
06-02-2026 00:00,Assam,Jorhat,8.23
15-03-2025 09:00,West Bengal,Malda,51.99
14-08-2025 01:00,West Bengal,Darjeeling,42.0
25-04-2025 03:00,Uttar Pradesh,Gorakhpur,85.0
14-04-2025 00:00,West Bengal,Howrah,93.65
08-10-2025 18:00,Tamil Nadu,Chennai,40.28
15-10-2025 03:00,Uttar Pradesh,Gorakhpur,7.66
27-11-2025 23:00,Gujarat,Bharuch,1.53
25-06-2025 06:00,Gujarat,Surat,11.54
23-09-2025 11:00,Gujarat,Surat,15.69
10-01-2025 16:00,Kerala,Thrissur,40.52
11-12-2025 02:00,Assam,Dibrugarh,58.44
12-11-2025 01:00,West Bengal,Howrah,26.38
15-09-2025 00:00,Assam,Barpeta,5.55
30-05-2025 20:00,Maharashtra,Pune,100.03
20-09-2025 00:00,Tamil Nadu,Chennai,28.07
13-07-2025 00:00,Karnataka,Bengaluru,104.02124999999998
06-01-2025 05:00,Maharashtra,Nagpur,24.08
15-11-2025 09:00,Maharashtra,Nagpur,11.08
17-09-2025 13:00,Odisha,Cuttack,42.39
24-02-2025 00:00,Gujarat,Bharuch,15.09
24-03-2025 08:00,Odisha,Kendrapara,75.16
31-01-2026 00:00,West Bengal,Kolkata,22.07
04-02-2026 05:00,Kerala,Kochi,104.02124999999998
28-08-2025 14:00,Karnataka,Bengaluru,75.2
06-12-2025 16:00,Tamil Nadu,Madurai,40.47
09-05-2025 14:00,Kerala,Alappuzha,104.02124999999998
22-01-2026 12:00,Kerala,Kochi,51.26
14-10-2025 18:00,Maharashtra,Mumbai,35.86
23-01-2026 17:00,Assam,Jorhat,104.02124999999998
16-11-2025 17:00,Tamil Nadu,Coimbatore,38.38
20-05-2025 09:00,Assam,Dibrugarh,57.48
07-12-2025 12:00,Gujarat,Ahmedabad,18.3
28-01-2026 13:00,Maharashtra,Nashik,6.91
02-09-2025 14:00,Gujarat,Rajkot,9.84
29-09-2025 02:00,Gujarat,Surat,45.51
27-04-2025 13:00,West Bengal,Malda,8.13
08-02-2025 06:00,Assam,Dhemaji,39.24
10-03-2025 14:00,Maharashtra,Pune,56.79
02-08-2025 10:00,Uttar Pradesh,Kanpur,25.47
02-08-2025 14:00,Uttar Pradesh,Kanpur,104.02124999999998
12-07-2025 13:00,West Bengal,Malda,28.36
11-10-2025 17:00,Odisha,Kendrapara,35.49
16-01-2025 04:00,Assam,Jorhat,36.95
30-03-2025 13:00,Kerala,Kottayam,30.03
06-12-2025 14:00,Maharashtra,Nashik,5.77
30-12-2025 05:00,West Bengal,Howrah,11.33
03-01-2025 07:00,Maharashtra,Pune,35.52
27-01-2025 14:00,Odisha,Cuttack,46.86
13-01-2025 14:00,Tamil Nadu,Chennai,7.57
31-08-2025 03:00,Uttar Pradesh,Prayagraj,14.42
23-02-2025 04:00,Tamil Nadu,Tiruppur,14.66
04-07-2025 16:00,Maharashtra,Mumbai,64.34
01-06-2025 20:00,Odisha,Balasore,87.27
22-06-2025 15:00,Assam,Dibrugarh,29.51
30-04-2025 22:00,Kerala,Kottayam,14.77
28-09-2025 13:00,Gujarat,Ahmedabad,11.46
07-08-2025 08:00,Maharashtra,Kolhapur,14.97
28-01-2026 00:00,Bihar,Bhagalpur,27.77
17-10-2025 01:00,Odisha,Cuttack,40.52
29-10-2025 16:00,Tamil Nadu,Tiruppur,45.81
19-04-2025 01:00,Uttar Pradesh,Gorakhpur,57.71
10-04-2025 17:00,Odisha,Puri,33.19
22-01-2025 19:00,Assam,Jorhat,6.01
23-09-2025 16:00,Kerala,Kozhikode,37.47
18-10-2025 21:00,Maharashtra,Nashik,16.77
06-10-2025 05:00,Uttar Pradesh,Lucknow,68.89
12-06-2025 12:00,Tamil Nadu,Tiruppur,30.71
06-02-2026 10:00,Assam,Dibrugarh,20.57
21-08-2025 17:00,Odisha,Bhubaneswar,49.31
26-01-2026 00:00,Karnataka,Kodagu,57.78
28-11-2025 12:00,Uttar Pradesh,Kanpur,25.81
12-11-2025 10:00,Bihar,Patna,32.43
10-10-2025 09:00,Odisha,Kendrapara,8.71
28-01-2025 23:00,Tamil Nadu,Coimbatore,30.48
24-06-2025 12:00,Bihar,Patna,26.19
28-01-2025 18:00,Assam,Dhemaji,49.59
17-05-2025 02:00,Maharashtra,Kolhapur,48.62
20-03-2025 15:00,Assam,Barpeta,53.15
20-12-2025 00:00,Kerala,Kozhikode,35.83
14-01-2026 19:00,Odisha,Balasore,104.02124999999998
17-11-2025 07:00,Maharashtra,Nashik,36.14
09-09-2025 07:00,Kerala,Kozhikode,56.29
11-09-2025 18:00,Assam,Dibrugarh,31.97
17-09-2025 22:00,Maharashtra,Kolhapur,15.43
03-11-2025 06:00,Karnataka,Mangaluru,55.04
23-11-2025 06:00,Odisha,Balasore,11.13
01-02-2025 16:00,Kerala,Kottayam,15.32
18-09-2025 14:00,Assam,Guwahati,47.62
21-03-2025 10:00,Uttar Pradesh,Gorakhpur,70.69
09-06-2025 02:00,Tamil Nadu,Madurai,58.5
19-09-2025 05:00,Assam,Guwahati,3.57
29-06-2025 04:00,Karnataka,Udupi,64.65
21-08-2025 01:00,Gujarat,Vadodara,24.68
27-11-2025 21:00,Tamil Nadu,Tiruppur,29.84
23-06-2025 12:00,Assam,Dibrugarh,48.41
06-09-2025 19:00,West Bengal,Malda,9.94
30-05-2025 03:00,Karnataka,Mangaluru,17.07
29-04-2025 00:00,West Bengal,Darjeeling,18.69
16-08-2025 01:00,Gujarat,Vadodara,36.09
25-05-2025 16:00,Uttar Pradesh,Varanasi,40.45
21-09-2025 15:00,West Bengal,Malda,64.92
06-01-2025 17:00,Assam,Guwahati,43.05
21-10-2025 11:00,Bihar,Patna,22.25
23-07-2025 20:00,Odisha,Balasore,46.7
01-04-2025 20:00,Odisha,Bhubaneswar,53.53
19-11-2025 02:00,Kerala,Alappuzha,4.98
13-05-2025 09:00,Odisha,Balasore,51.9
22-07-2025 06:00,Maharashtra,Kolhapur,22.54
13-07-2025 05:00,Kerala,Kochi,36.68
02-08-2025 03:00,Kerala,Thrissur,15.89
15-11-2025 16:00,Odisha,Kendrapara,69.37
27-06-2025 13:00,West Bengal,Howrah,15.85
25-02-2025 11:00,Bihar,Bhagalpur,38.55
19-10-2025 18:00,Kerala,Kozhikode,18.34
17-10-2025 05:00,Assam,Dibrugarh,26.42
01-12-2025 01:00,Assam,Barpeta,21.04
18-09-2025 01:00,West Bengal,Howrah,47.29
21-02-2026 03:00,Gujarat,Ahmedabad,19.13
14-10-2025 17:00,Assam,Dhemaji,21.97
08-07-2025 18:00,West Bengal,Kolkata,46.77
14-07-2025 17:00,Tamil Nadu,Thanjavur,46.79
19-10-2025 12:00,Tamil Nadu,Tiruppur,66.4
22-02-2025 04:00,Uttar Pradesh,Varanasi,11.96
21-05-2025 14:00,Kerala,Alappuzha,65.03
28-04-2025 06:00,Assam,Dhemaji,33.83
16-07-2025 15:00,Gujarat,Vadodara,19.95
30-09-2025 16:00,Tamil Nadu,Tiruppur,17.71
22-07-2025 10:00,Maharashtra,Pune,75.83
26-11-2025 05:00,Tamil Nadu,Chennai,25.41
24-12-2025 12:00,Maharashtra,Pune,62.98
18-12-2025 03:00,Gujarat,Ahmedabad,72.01
14-02-2025 21:00,Odisha,Kendrapara,39.16
01-07-2025 19:00,West Bengal,Darjeeling,70.49
02-02-2025 02:00,Gujarat,Rajkot,11.06
05-01-2026 09:00,Kerala,Kochi,47.06
11-01-2025 09:00,Tamil Nadu,Tiruppur,29.98
29-10-2025 15:00,Gujarat,Surat,52.42
23-05-2025 11:00,Gujarat,Ahmedabad,26.36
27-07-2025 08:00,Kerala,Thrissur,104.02124999999998
09-07-2025 08:00,Assam,Guwahati,13.68
20-08-2025 21:00,Odisha,Puri,17.31
27-11-2025 19:00,Uttar Pradesh,Prayagraj,2.39
30-01-2025 20:00,Karnataka,Bengaluru,19.94
07-02-2026 04:00,Karnataka,Mangaluru,22.21
27-03-2025 08:00,Maharashtra,Nagpur,45.0
07-09-2025 21:00,Karnataka,Udupi,36.08
03-10-2025 00:00,Karnataka,Kodagu,61.12
29-10-2025 21:00,Tamil Nadu,Coimbatore,83.21
24-06-2025 02:00,Tamil Nadu,Chennai,42.62
20-07-2025 09:00,West Bengal,Murshidabad,40.12
31-01-2026 02:00,Maharashtra,Kolhapur,47.84
25-10-2025 12:00,Karnataka,Mysuru,26.55
27-10-2025 14:00,Assam,Jorhat,20.64
02-03-2025 20:00,West Bengal,Howrah,24.87
07-09-2025 13:00,Odisha,Cuttack,18.82
25-03-2025 08:00,Gujarat,Ahmedabad,37.27
07-12-2025 15:00,Karnataka,Kodagu,26.66
17-01-2025 20:00,West Bengal,Kolkata,18.38
17-01-2025 00:00,Odisha,Cuttack,24.1
29-01-2026 16:00,Karnataka,Mangaluru,16.41
31-01-2026 07:00,Gujarat,Ahmedabad,43.24
10-03-2025 01:00,Karnataka,Mysuru,60.98
15-02-2026 13:00,Uttar Pradesh,Lucknow,53.09
19-07-2025 08:00,Uttar Pradesh,Kanpur,30.05
30-01-2026 00:00,Assam,Dhemaji,56.66
18-10-2025 10:00,Assam,Jorhat,7.72
13-06-2025 13:00,Uttar Pradesh,Prayagraj,2.53
23-06-2025 06:00,Odisha,Kendrapara,26.62
07-11-2025 09:00,Uttar Pradesh,Lucknow,24.48
17-12-2025 15:00,Odisha,Cuttack,31.57
02-04-2025 09:00,Karnataka,Udupi,8.39
12-02-2025 07:00,Uttar Pradesh,Lucknow,8.66
02-08-2025 12:00,Uttar Pradesh,Gorakhpur,40.71
06-11-2025 02:00,Karnataka,Bengaluru,9.55
05-11-2025 17:00,Gujarat,Rajkot,13.36
10-01-2026 13:00,West Bengal,Kolkata,62.68
30-04-2025 15:00,Maharashtra,Nashik,28.91
01-01-2025 09:00,Assam,Guwahati,43.15
18-03-2025 14:00,Assam,Dhemaji,84.1
20-07-2025 04:00,West Bengal,Kolkata,36.51
11-01-2025 15:00,Karnataka,Mangaluru,20.91
20-10-2025 18:00,Bihar,Gaya,26.23
27-08-2025 01:00,Odisha,Balasore,2.15
19-05-2025 12:00,Uttar Pradesh,Prayagraj,31.7
18-11-2025 10:00,Kerala,Kochi,42.67
07-03-2025 21:00,West Bengal,Malda,11.53
08-02-2025 12:00,Gujarat,Ahmedabad,12.87
26-04-2025 19:00,West Bengal,Murshidabad,54.16
25-11-2025 19:00,Odisha,Balasore,46.89
13-09-2025 12:00,Assam,Dibrugarh,59.07
10-08-2025 16:00,West Bengal,Malda,35.1
01-11-2025 16:00,Gujarat,Bharuch,6.85
23-10-2025 22:00,West Bengal,Kolkata,61.0
09-09-2025 18:00,Assam,Barpeta,39.7
07-06-2025 07:00,Karnataka,Mangaluru,44.27
21-07-2025 11:00,Uttar Pradesh,Varanasi,7.5
26-07-2025 20:00,Tamil Nadu,Coimbatore,64.0
23-01-2025 11:00,Tamil Nadu,Thanjavur,49.96
08-11-2025 19:00,Gujarat,Ahmedabad,40.05
25-04-2025 09:00,Tamil Nadu,Coimbatore,16.76
04-06-2025 23:00,Uttar Pradesh,Lucknow,52.55
12-10-2025 03:00,Assam,Dhemaji,37.19
25-01-2026 01:00,Tamil Nadu,Thanjavur,64.04
06-07-2025 04:00,Karnataka,Mangaluru,18.03
28-01-2025 19:00,Assam,Dhemaji,34.09
12-11-2025 15:00,Kerala,Kozhikode,20.69
23-12-2025 05:00,Kerala,Alappuzha,5.65
30-07-2025 23:00,Kerala,Kozhikode,35.65
26-02-2025 09:00,Uttar Pradesh,Varanasi,31.15
24-10-2025 10:00,West Bengal,Malda,71.88
12-02-2026 05:00,Bihar,Patna,15.59
27-12-2025 22:00,Assam,Barpeta,66.11
23-04-2025 15:00,Karnataka,Udupi,93.01
19-05-2025 18:00,Assam,Guwahati,58.38
02-12-2025 13:00,Assam,Jorhat,34.7
30-05-2025 08:00,Karnataka,Mysuru,38.88
29-01-2026 09:00,Karnataka,Bengaluru,28.82
24-08-2025 05:00,West Bengal,Murshidabad,3.45
21-05-2025 16:00,West Bengal,Malda,47.71
22-02-2025 08:00,Uttar Pradesh,Varanasi,70.29
15-09-2025 22:00,Bihar,Darbhanga,25.39
11-08-2025 20:00,Gujarat,Surat,18.83
23-06-2025 23:00,Maharashtra,Nashik,37.46
24-07-2025 14:00,Uttar Pradesh,Prayagraj,37.39
19-03-2025 04:00,Kerala,Kochi,22.13
21-09-2025 04:00,Assam,Guwahati,65.9
15-02-2026 14:00,Gujarat,Vadodara,5.75
29-03-2025 17:00,West Bengal,Murshidabad,15.37
06-01-2025 13:00,West Bengal,Howrah,11.73
29-07-2025 13:00,Karnataka,Mangaluru,12.64
08-02-2025 16:00,Bihar,Muzaffarpur,104.02124999999998
04-02-2025 07:00,West Bengal,Murshidabad,20.75
12-11-2025 16:00,Maharashtra,Nashik,27.29
05-03-2025 19:00,Karnataka,Mangaluru,60.37
20-02-2025 14:00,Odisha,Kendrapara,69.87
22-01-2025 00:00,Uttar Pradesh,Kanpur,79.67
30-09-2025 02:00,Odisha,Kendrapara,88.93
09-05-2025 00:00,Odisha,Cuttack,60.78
14-01-2026 14:00,Odisha,Puri,21.15
27-12-2025 07:00,Kerala,Kochi,34.11
03-10-2025 19:00,Assam,Guwahati,30.13
22-01-2026 09:00,West Bengal,Kolkata,66.61
04-06-2025 13:00,Bihar,Muzaffarpur,17.04
22-07-2025 01:00,Tamil Nadu,Madurai,46.34
17-07-2025 20:00,Odisha,Bhubaneswar,9.08
27-06-2025 20:00,Bihar,Patna,58.6
16-02-2026 14:00,Bihar,Gaya,29.14
07-01-2026 01:00,Tamil Nadu,Madurai,13.58
24-06-2025 10:00,Karnataka,Bengaluru,39.12
09-08-2025 21:00,Odisha,Balasore,24.42
02-05-2025 19:00,Tamil Nadu,Coimbatore,44.79
02-10-2025 12:00,Maharashtra,Pune,19.57
17-03-2025 10:00,Kerala,Thrissur,6.67
26-05-2025 06:00,West Bengal,Howrah,14.61
06-11-2025 03:00,Odisha,Bhubaneswar,96.08
11-05-2025 21:00,Tamil Nadu,Tiruppur,12.53
25-01-2026 11:00,Assam,Guwahati,36.32
25-02-2025 04:00,Karnataka,Mysuru,61.59
29-06-2025 16:00,Karnataka,Mysuru,34.69
09-11-2025 06:00,Assam,Guwahati,27.14
29-12-2025 14:00,Karnataka,Mangaluru,104.02124999999998
29-12-2025 03:00,Karnataka,Bengaluru,43.13
31-01-2026 23:00,Odisha,Kendrapara,8.05
19-08-2025 21:00,Odisha,Cuttack,5.58
15-09-2025 04:00,Gujarat,Surat,7.14
06-03-2025 04:00,Tamil Nadu,Madurai,13.55
28-01-2026 01:00,Maharashtra,Pune,59.3
22-04-2025 17:00,Tamil Nadu,Madurai,16.6
16-02-2026 18:00,Karnataka,Mysuru,25.69
21-09-2025 01:00,Kerala,Kozhikode,51.66
19-02-2025 15:00,Kerala,Alappuzha,59.32
09-08-2025 13:00,West Bengal,Murshidabad,8.96
06-03-2025 06:00,Assam,Barpeta,68.68
22-10-2025 00:00,Gujarat,Vadodara,13.24
16-04-2025 19:00,Uttar Pradesh,Kanpur,11.77
09-02-2025 17:00,Gujarat,Rajkot,24.14
29-10-2025 17:00,Assam,Guwahati,22.55
08-10-2025 11:00,Bihar,Gaya,37.1
21-07-2025 22:00,Gujarat,Rajkot,50.55
11-10-2025 09:00,Gujarat,Surat,28.07
30-11-2025 18:00,Gujarat,Surat,5.51
30-06-2025 10:00,Assam,Dibrugarh,22.07
07-01-2026 20:00,Odisha,Cuttack,44.5
11-08-2025 06:00,Gujarat,Bharuch,13.96
02-11-2025 10:00,Tamil Nadu,Madurai,35.02
25-01-2026 12:00,Gujarat,Bharuch,34.11
17-07-2025 01:00,West Bengal,Darjeeling,35.3
30-09-2025 13:00,Tamil Nadu,Madurai,46.96
10-08-2025 01:00,Uttar Pradesh,Prayagraj,25.08
04-08-2025 01:00,Maharashtra,Kolhapur,78.3
24-11-2025 12:00,Gujarat,Bharuch,104.02124999999998
31-03-2025 20:00,Kerala,Thrissur,24.89
14-02-2025 06:00,West Bengal,Howrah,23.91
18-02-2025 15:00,Bihar,Muzaffarpur,79.23
01-06-2025 12:00,Odisha,Cuttack,26.76
15-11-2025 19:00,Bihar,Muzaffarpur,39.54
21-08-2025 20:00,Bihar,Gaya,20.73
27-10-2025 16:00,Maharashtra,Pune,5.92
07-07-2025 03:00,Uttar Pradesh,Kanpur,40.72
30-10-2025 18:00,West Bengal,Kolkata,37.06
27-07-2025 12:00,Odisha,Balasore,14.47
14-12-2025 07:00,West Bengal,Malda,47.42
19-02-2026 16:00,Tamil Nadu,Coimbatore,38.02
26-07-2025 02:00,Uttar Pradesh,Lucknow,26.36
26-04-2025 22:00,Bihar,Bhagalpur,8.15
30-01-2025 21:00,Tamil Nadu,Thanjavur,15.42
15-04-2025 06:00,Tamil Nadu,Coimbatore,10.3
01-07-2025 16:00,Maharashtra,Nashik,47.45
23-06-2025 19:00,West Bengal,Howrah,33.7
03-12-2025 18:00,Bihar,Bhagalpur,76.93
11-02-2026 16:00,Tamil Nadu,Coimbatore,14.56
17-01-2025 11:00,Tamil Nadu,Tiruppur,28.3
27-10-2025 10:00,Karnataka,Mysuru,41.06
14-02-2026 06:00,Odisha,Bhubaneswar,28.27
07-07-2025 04:00,Bihar,Bhagalpur,62.73
26-02-2025 21:00,Kerala,Alappuzha,35.62
01-02-2026 22:00,Uttar Pradesh,Varanasi,35.51
02-01-2026 03:00,Kerala,Kochi,15.52
04-09-2025 13:00,Odisha,Bhubaneswar,32.6
27-07-2025 00:00,Assam,Jorhat,15.21
02-05-2025 10:00,Assam,Dhemaji,22.91
24-08-2025 04:00,Uttar Pradesh,Kanpur,55.27
06-06-2025 22:00,Maharashtra,Nagpur,42.46
24-05-2025 08:00,Karnataka,Mysuru,34.79
03-11-2025 13:00,Karnataka,Mangaluru,13.63
11-10-2025 14:00,Karnataka,Mangaluru,45.25
31-03-2025 07:00,West Bengal,Darjeeling,56.88
01-08-2025 16:00,Bihar,Darbhanga,24.26
31-07-2025 09:00,Odisha,Bhubaneswar,59.45
07-03-2025 11:00,Karnataka,Mysuru,41.84
19-06-2025 23:00,Tamil Nadu,Tiruppur,72.3
16-02-2025 18:00,Karnataka,Udupi,46.63
27-04-2025 02:00,Bihar,Patna,11.53
04-05-2025 15:00,Odisha,Bhubaneswar,9.55
15-04-2025 08:00,Gujarat,Bharuch,15.63
07-09-2025 12:00,Kerala,Kottayam,31.15
05-01-2026 11:00,Gujarat,Ahmedabad,52.16
26-10-2025 12:00,Tamil Nadu,Coimbatore,20.73
31-01-2025 08:00,Kerala,Thrissur,104.02124999999998
13-11-2025 03:00,Kerala,Kozhikode,1.98
11-11-2025 07:00,Kerala,Kochi,104.02124999999998
18-01-2025 04:00,Assam,Jorhat,27.24
28-08-2025 09:00,Uttar Pradesh,Prayagraj,28.21
16-11-2025 12:00,Maharashtra,Kolhapur,89.19
04-02-2025 09:00,Gujarat,Ahmedabad,29.41
17-05-2025 03:00,Bihar,Darbhanga,53.01
15-06-2025 14:00,West Bengal,Howrah,57.87
03-01-2026 00:00,Uttar Pradesh,Lucknow,81.39
13-12-2025 02:00,Gujarat,Vadodara,8.36
18-01-2025 09:00,Gujarat,Surat,11.09
09-10-2025 04:00,Karnataka,Mysuru,9.14
09-01-2026 15:00,Assam,Dibrugarh,11.23
28-03-2025 18:00,West Bengal,Murshidabad,34.1
08-01-2026 17:00,West Bengal,Murshidabad,14.51
21-05-2025 13:00,Maharashtra,Pune,13.71
27-08-2025 14:00,Uttar Pradesh,Lucknow,28.94
21-06-2025 03:00,Uttar Pradesh,Prayagraj,23.16
02-07-2025 12:00,Assam,Guwahati,15.26
18-11-2025 19:00,Odisha,Bhubaneswar,61.51
14-02-2025 10:00,Tamil Nadu,Madurai,50.5
13-06-2025 01:00,Uttar Pradesh,Kanpur,63.12
19-08-2025 16:00,West Bengal,Kolkata,34.18
30-11-2025 10:00,Uttar Pradesh,Gorakhpur,64.32
13-08-2025 11:00,Bihar,Patna,83.78
27-08-2025 20:00,Karnataka,Mangaluru,12.04
25-04-2025 02:00,Gujarat,Ahmedabad,87.9
30-07-2025 12:00,Karnataka,Bengaluru,39.79
16-06-2025 16:00,Kerala,Kozhikode,55.51
12-04-2025 03:00,Assam,Dibrugarh,63.27
12-10-2025 17:00,Gujarat,Surat,36.11
12-03-2025 07:00,Bihar,Patna,25.59
05-02-2025 11:00,Maharashtra,Pune,54.8
20-09-2025 15:00,Karnataka,Udupi,56.69
14-01-2026 15:00,Gujarat,Surat,69.23
02-09-2025 22:00,Odisha,Bhubaneswar,78.32
22-12-2025 07:00,Assam,Barpeta,66.63
29-04-2025 07:00,Assam,Jorhat,14.27
12-07-2025 03:00,Karnataka,Udupi,18.66
02-02-2026 12:00,West Bengal,Malda,22.26
19-01-2026 15:00,Maharashtra,Kolhapur,38.48
14-04-2025 17:00,West Bengal,Kolkata,26.61
15-10-2025 17:00,Kerala,Kochi,15.49
04-11-2025 22:00,Odisha,Cuttack,23.77
29-04-2025 17:00,Maharashtra,Pune,16.32
05-10-2025 17:00,Bihar,Patna,61.62
03-09-2025 01:00,Tamil Nadu,Madurai,55.94
05-07-2025 12:00,Gujarat,Vadodara,30.15
06-11-2025 05:00,Bihar,Darbhanga,15.94
28-09-2025 04:00,West Bengal,Darjeeling,69.62
14-04-2025 07:00,Odisha,Cuttack,38.75
03-10-2025 17:00,Uttar Pradesh,Varanasi,55.59
31-03-2025 05:00,Karnataka,Kodagu,20.72
05-08-2025 04:00,Karnataka,Mysuru,29.92
09-02-2026 08:00,Odisha,Cuttack,4.6
25-04-2025 08:00,Karnataka,Mangaluru,54.9
30-10-2025 05:00,West Bengal,Darjeeling,13.04
27-05-2025 02:00,West Bengal,Murshidabad,29.15
11-03-2025 23:00,Karnataka,Udupi,21.64
27-06-2025 01:00,Tamil Nadu,Chennai,104.02124999999998
12-05-2025 03:00,Odisha,Balasore,36.25
05-12-2025 18:00,West Bengal,Malda,64.46
19-10-2025 20:00,Gujarat,Bharuch,6.67
25-01-2025 04:00,Uttar Pradesh,Lucknow,58.15
19-06-2025 14:00,Odisha,Bhubaneswar,6.31
20-05-2025 07:00,Gujarat,Ahmedabad,50.56
05-11-2025 12:00,Uttar Pradesh,Gorakhpur,16.28
03-06-2025 00:00,Uttar Pradesh,Lucknow,70.73
24-01-2025 07:00,Maharashtra,Nagpur,41.42
07-08-2025 05:00,West Bengal,Kolkata,32.55
22-11-2025 05:00,Maharashtra,Nashik,17.2
22-01-2025 08:00,Odisha,Bhubaneswar,104.02124999999998
15-02-2025 01:00,Bihar,Darbhanga,58.35
11-03-2025 08:00,Bihar,Muzaffarpur,20.11
19-01-2026 12:00,Maharashtra,Nashik,10.39
22-03-2025 11:00,Bihar,Darbhanga,21.73
07-02-2026 18:00,Karnataka,Udupi,18.27
17-02-2025 22:00,Maharashtra,Nashik,8.39
29-04-2025 06:00,Kerala,Thrissur,19.87
05-09-2025 21:00,Bihar,Gaya,27.22
13-12-2025 04:00,Maharashtra,Nashik,12.77
08-01-2026 04:00,Bihar,Darbhanga,23.09
12-02-2026 20:00,Maharashtra,Nagpur,26.59
04-08-2025 17:00,Uttar Pradesh,Lucknow,30.56
04-02-2025 14:00,Uttar Pradesh,Lucknow,37.1
13-12-2025 07:00,Odisha,Puri,11.29
18-07-2025 00:00,Gujarat,Vadodara,62.11
15-02-2026 10:00,Kerala,Kozhikode,52.81
27-01-2025 11:00,Bihar,Bhagalpur,61.01
06-07-2025 01:00,Gujarat,Vadodara,26.84
11-10-2025 07:00,Kerala,Kottayam,32.83
29-11-2025 19:00,Tamil Nadu,Chennai,35.61
22-10-2025 23:00,Bihar,Darbhanga,18.24
18-10-2025 06:00,West Bengal,Howrah,13.9
22-06-2025 14:00,Karnataka,Bengaluru,22.52
20-10-2025 19:00,Assam,Jorhat,47.2
18-01-2026 15:00,Bihar,Gaya,68.55
06-02-2025 12:00,West Bengal,Darjeeling,40.83
22-07-2025 21:00,Kerala,Kozhikode,65.46
10-08-2025 11:00,Uttar Pradesh,Varanasi,25.15
06-08-2025 14:00,West Bengal,Malda,14.47
01-01-2025 04:00,Odisha,Puri,47.53
08-05-2025 03:00,Tamil Nadu,Tiruppur,22.91
26-08-2025 03:00,Uttar Pradesh,Kanpur,11.57
11-05-2025 04:00,Maharashtra,Nagpur,60.06
14-04-2025 19:00,Tamil Nadu,Tiruppur,44.55
10-06-2025 14:00,Gujarat,Bharuch,86.53
19-07-2025 01:00,Odisha,Cuttack,13.86
09-11-2025 21:00,Bihar,Patna,22.57
27-09-2025 01:00,Bihar,Patna,33.85
20-09-2025 05:00,Maharashtra,Nagpur,86.26
17-02-2025 20:00,Tamil Nadu,Coimbatore,30.11
24-01-2025 22:00,Uttar Pradesh,Kanpur,19.1
07-06-2025 01:00,Gujarat,Vadodara,24.33
22-06-2025 18:00,West Bengal,Murshidabad,9.6
05-02-2025 13:00,West Bengal,Kolkata,35.25
04-09-2025 15:00,West Bengal,Darjeeling,45.02
25-01-2026 22:00,Maharashtra,Mumbai,32.06
03-10-2025 14:00,Odisha,Cuttack,7.64
08-09-2025 02:00,Kerala,Alappuzha,39.0
17-01-2026 19:00,Uttar Pradesh,Varanasi,21.85
07-07-2025 07:00,Assam,Guwahati,73.63
07-12-2025 13:00,Bihar,Patna,12.73
05-10-2025 07:00,Gujarat,Ahmedabad,33.49
09-04-2025 16:00,Tamil Nadu,Thanjavur,65.93
19-07-2025 04:00,Bihar,Darbhanga,44.0
30-11-2025 00:00,Odisha,Cuttack,15.07
03-05-2025 22:00,Maharashtra,Pune,6.56
23-08-2025 09:00,Karnataka,Bengaluru,52.07
18-10-2025 11:00,Gujarat,Rajkot,5.41
30-12-2025 04:00,Gujarat,Rajkot,35.81
18-03-2025 17:00,Kerala,Alappuzha,46.68
07-09-2025 10:00,Kerala,Kottayam,18.48
23-01-2025 09:00,Gujarat,Surat,70.52
27-04-2025 22:00,Odisha,Puri,14.0
30-08-2025 17:00,Maharashtra,Kolhapur,69.94
22-08-2025 04:00,West Bengal,Howrah,46.65
28-10-2025 06:00,Odisha,Bhubaneswar,70.02
02-11-2025 23:00,West Bengal,Malda,68.6
12-11-2025 00:00,Kerala,Kottayam,13.01
04-12-2025 08:00,Odisha,Kendrapara,16.71
02-02-2025 16:00,Bihar,Gaya,28.12
28-02-2025 17:00,Maharashtra,Nagpur,46.88
07-01-2025 10:00,Uttar Pradesh,Kanpur,65.63
22-11-2025 06:00,Gujarat,Surat,8.9
06-05-2025 09:00,Uttar Pradesh,Gorakhpur,16.12
12-03-2025 06:00,Gujarat,Vadodara,80.63
17-06-2025 06:00,Odisha,Bhubaneswar,21.24
07-11-2025 15:00,Assam,Jorhat,11.3
10-06-2025 23:00,Tamil Nadu,Coimbatore,50.27
24-04-2025 21:00,Maharashtra,Pune,38.46
20-03-2025 23:00,Assam,Barpeta,13.37
15-08-2025 18:00,Assam,Guwahati,25.23
24-01-2025 17:00,Karnataka,Udupi,21.13
07-10-2025 13:00,Maharashtra,Kolhapur,44.24
01-09-2025 22:00,Uttar Pradesh,Lucknow,9.91
17-03-2025 16:00,Assam,Dhemaji,40.81
13-12-2025 15:00,West Bengal,Darjeeling,81.26
22-05-2025 10:00,West Bengal,Kolkata,25.96
19-05-2025 15:00,Gujarat,Surat,56.52
20-02-2026 22:00,West Bengal,Darjeeling,51.3
12-09-2025 06:00,Kerala,Kottayam,43.71
04-05-2025 23:00,Karnataka,Mysuru,25.28
10-02-2025 20:00,Maharashtra,Kolhapur,25.4
08-01-2025 22:00,Maharashtra,Pune,27.74
24-01-2026 19:00,Maharashtra,Pune,47.42
01-08-2025 00:00,Bihar,Bhagalpur,28.73
30-01-2025 03:00,Karnataka,Udupi,21.34
11-02-2026 15:00,West Bengal,Malda,43.05
26-01-2025 06:00,Gujarat,Vadodara,21.98
13-01-2025 13:00,Bihar,Gaya,10.56
23-05-2025 12:00,West Bengal,Darjeeling,13.46
13-02-2026 12:00,Karnataka,Udupi,37.31
14-02-2025 04:00,Tamil Nadu,Thanjavur,29.47
24-05-2025 12:00,Odisha,Balasore,9.58
14-02-2025 13:00,Maharashtra,Pune,21.19
02-04-2025 21:00,Assam,Jorhat,22.87
29-01-2026 03:00,Maharashtra,Nagpur,20.27
02-11-2025 19:00,Assam,Guwahati,55.52
09-12-2025 00:00,Gujarat,Vadodara,9.38
16-11-2025 23:00,Gujarat,Surat,17.44
13-07-2025 10:00,West Bengal,Murshidabad,23.12
17-11-2025 03:00,Bihar,Patna,95.97
11-01-2026 07:00,Bihar,Muzaffarpur,89.74
30-11-2025 04:00,Uttar Pradesh,Lucknow,92.19
22-08-2025 08:00,Assam,Dibrugarh,32.23
17-01-2026 07:00,West Bengal,Darjeeling,17.59
20-10-2025 14:00,Assam,Dhemaji,20.31
23-07-2025 21:00,West Bengal,Murshidabad,64.95
10-01-2025 09:00,Gujarat,Rajkot,24.25
20-05-2025 18:00,Uttar Pradesh,Varanasi,53.76
03-09-2025 15:00,Kerala,Kochi,20.07
31-12-2025 18:00,Gujarat,Vadodara,90.26
24-05-2025 04:00,Assam,Dhemaji,32.41
12-03-2025 13:00,Kerala,Kottayam,50.17
15-10-2025 05:00,West Bengal,Darjeeling,60.58
13-02-2025 13:00,West Bengal,Darjeeling,19.84
24-05-2025 14:00,Bihar,Darbhanga,59.9
02-12-2025 10:00,Bihar,Bhagalpur,41.33
17-01-2026 02:00,Tamil Nadu,Madurai,24.63
20-02-2026 21:00,Bihar,Muzaffarpur,25.42
17-07-2025 07:00,Bihar,Patna,27.53
07-07-2025 08:00,Kerala,Thrissur,14.65
20-02-2025 18:00,Assam,Barpeta,5.22
08-09-2025 15:00,West Bengal,Darjeeling,44.16
09-02-2026 23:00,Bihar,Muzaffarpur,19.57
16-06-2025 03:00,Tamil Nadu,Madurai,5.53
24-07-2025 15:00,Karnataka,Bengaluru,11.62
31-01-2026 12:00,Assam,Dhemaji,5.57
07-07-2025 05:00,Maharashtra,Pune,90.55
17-10-2025 08:00,Gujarat,Rajkot,34.34
26-08-2025 11:00,Maharashtra,Nashik,65.59
15-12-2025 00:00,Kerala,Thrissur,36.54
09-02-2025 20:00,Maharashtra,Nashik,17.38
30-04-2025 13:00,Uttar Pradesh,Kanpur,24.29
04-07-2025 17:00,Assam,Barpeta,104.02124999999998
27-07-2025 05:00,Maharashtra,Nagpur,20.95
04-05-2025 09:00,Maharashtra,Kolhapur,38.62
02-04-2025 16:00,Odisha,Bhubaneswar,35.75
05-01-2025 02:00,Uttar Pradesh,Lucknow,104.02124999999998
15-02-2026 09:00,West Bengal,Murshidabad,15.33
17-04-2025 13:00,Assam,Jorhat,59.39
18-12-2025 21:00,Bihar,Patna,17.91
24-06-2025 23:00,Maharashtra,Nashik,44.29
06-02-2026 13:00,Bihar,Patna,35.47
19-08-2025 19:00,Tamil Nadu,Coimbatore,29.0
10-03-2025 16:00,West Bengal,Darjeeling,27.01
16-09-2025 05:00,Gujarat,Ahmedabad,36.0
20-09-2025 07:00,Kerala,Kottayam,29.71
07-07-2025 11:00,Karnataka,Mangaluru,10.23
18-02-2025 02:00,Odisha,Puri,25.53
04-04-2025 23:00,Odisha,Cuttack,21.53
13-05-2025 02:00,Tamil Nadu,Tiruppur,6.44
05-11-2025 08:00,West Bengal,Malda,29.73
26-10-2025 06:00,Odisha,Cuttack,46.52
10-05-2025 12:00,Tamil Nadu,Chennai,10.4
09-07-2025 12:00,West Bengal,Kolkata,79.44
14-08-2025 23:00,Tamil Nadu,Tiruppur,7.94
27-03-2025 09:00,Bihar,Darbhanga,17.54
19-01-2026 16:00,Maharashtra,Kolhapur,60.87
03-01-2026 07:00,Odisha,Balasore,26.65
13-02-2026 05:00,Bihar,Gaya,79.19
11-01-2025 22:00,West Bengal,Kolkata,104.02124999999998
19-06-2025 05:00,Karnataka,Udupi,4.07
19-08-2025 14:00,Assam,Dhemaji,36.86
03-10-2025 16:00,Gujarat,Surat,77.29
05-12-2025 08:00,Tamil Nadu,Madurai,43.92
06-12-2025 19:00,Odisha,Kendrapara,104.02124999999998
17-03-2025 02:00,West Bengal,Kolkata,50.02
17-07-2025 08:00,Uttar Pradesh,Kanpur,27.52
10-04-2025 09:00,Maharashtra,Mumbai,25.92
06-10-2025 22:00,Odisha,Cuttack,39.69
28-08-2025 23:00,Karnataka,Bengaluru,40.26
23-03-2025 15:00,Bihar,Bhagalpur,17.04
05-05-2025 00:00,West Bengal,Darjeeling,79.36
28-12-2025 16:00,Tamil Nadu,Coimbatore,40.1
18-03-2025 19:00,West Bengal,Murshidabad,19.11
14-03-2025 06:00,Kerala,Alappuzha,88.87
02-05-2025 07:00,Tamil Nadu,Tiruppur,49.39
14-12-2025 10:00,Odisha,Puri,12.85
24-03-2025 18:00,West Bengal,Darjeeling,18.58
03-02-2026 09:00,Uttar Pradesh,Prayagraj,57.26
30-09-2025 18:00,Karnataka,Bengaluru,6.22
23-10-2025 18:00,Gujarat,Ahmedabad,79.75
28-04-2025 03:00,Maharashtra,Kolhapur,38.15
28-01-2025 11:00,Assam,Guwahati,56.12
15-04-2025 15:00,Odisha,Cuttack,28.01
28-06-2025 10:00,Bihar,Patna,19.8
25-01-2026 03:00,Karnataka,Mysuru,89.69
02-01-2026 16:00,Uttar Pradesh,Gorakhpur,2.6
19-09-2025 23:00,Tamil Nadu,Chennai,33.56
22-03-2025 10:00,Odisha,Cuttack,22.06
24-10-2025 21:00,Maharashtra,Pune,74.76
09-01-2025 05:00,Maharashtra,Pune,104.02124999999998
21-11-2025 01:00,Odisha,Puri,27.94
03-05-2025 03:00,Uttar Pradesh,Kanpur,15.0
30-11-2025 12:00,Tamil Nadu,Madurai,53.64
07-04-2025 23:00,Uttar Pradesh,Gorakhpur,22.38
02-07-2025 21:00,West Bengal,Kolkata,41.49
09-01-2026 06:00,Gujarat,Rajkot,21.56
25-06-2025 18:00,Karnataka,Kodagu,21.9
09-01-2025 10:00,Uttar Pradesh,Lucknow,14.87
27-05-2025 06:00,Gujarat,Rajkot,35.58
25-07-2025 11:00,Odisha,Kendrapara,14.65
19-08-2025 15:00,Gujarat,Surat,22.03
30-08-2025 07:00,Bihar,Darbhanga,21.14
13-03-2025 03:00,Gujarat,Bharuch,84.54
04-08-2025 12:00,West Bengal,Kolkata,46.48
07-08-2025 17:00,Karnataka,Udupi,29.08
30-09-2025 00:00,Karnataka,Bengaluru,73.15
15-02-2026 08:00,Karnataka,Bengaluru,39.93
01-09-2025 23:00,West Bengal,Darjeeling,104.02124999999998
07-12-2025 04:00,Odisha,Cuttack,39.15
05-02-2025 14:00,West Bengal,Murshidabad,6.36
17-07-2025 09:00,Gujarat,Rajkot,49.27
30-01-2025 02:00,Kerala,Kochi,42.9
04-06-2025 00:00,Kerala,Kochi,73.68
10-03-2025 04:00,West Bengal,Murshidabad,16.11
31-10-2025 08:00,Bihar,Gaya,31.88
11-11-2025 18:00,Karnataka,Mysuru,8.22
30-05-2025 05:00,Uttar Pradesh,Varanasi,3.2
23-02-2025 19:00,Uttar Pradesh,Kanpur,16.78
02-10-2025 09:00,Odisha,Bhubaneswar,17.9
19-03-2025 05:00,West Bengal,Murshidabad,28.87
07-08-2025 00:00,Odisha,Balasore,24.4
06-06-2025 19:00,Kerala,Kochi,17.49
18-05-2025 16:00,Uttar Pradesh,Kanpur,33.16
04-03-2025 07:00,Odisha,Kendrapara,33.41
30-11-2025 02:00,Gujarat,Ahmedabad,37.39
25-03-2025 06:00,Kerala,Kottayam,85.59
28-01-2025 15:00,Assam,Barpeta,54.13
06-06-2025 04:00,West Bengal,Murshidabad,61.92
03-07-2025 21:00,Assam,Guwahati,36.16
19-08-2025 10:00,Odisha,Puri,36.58
21-08-2025 07:00,West Bengal,Darjeeling,55.49
06-01-2026 21:00,Uttar Pradesh,Varanasi,38.52
10-11-2025 14:00,Kerala,Alappuzha,18.12
30-01-2026 18:00,Gujarat,Rajkot,57.62
02-09-2025 08:00,Assam,Jorhat,24.2
10-10-2025 08:00,Maharashtra,Nagpur,19.46
24-02-2025 10:00,Assam,Guwahati,25.33
05-11-2025 00:00,Gujarat,Vadodara,10.76
22-08-2025 00:00,Gujarat,Rajkot,57.17
10-02-2026 01:00,Bihar,Patna,24.18
11-03-2025 07:00,Maharashtra,Nashik,17.13
16-08-2025 02:00,Odisha,Kendrapara,31.03
19-02-2026 18:00,Maharashtra,Mumbai,26.0
01-06-2025 03:00,Karnataka,Udupi,27.61
23-04-2025 05:00,Odisha,Bhubaneswar,8.18
12-02-2026 21:00,Uttar Pradesh,Gorakhpur,69.84
04-09-2025 11:00,Gujarat,Surat,12.17
12-05-2025 13:00,Tamil Nadu,Coimbatore,35.04
05-10-2025 20:00,West Bengal,Howrah,8.57
14-02-2025 03:00,Bihar,Gaya,51.08
13-07-2025 04:00,Karnataka,Mangaluru,67.6
16-05-2025 02:00,Bihar,Patna,31.34
11-03-2025 22:00,Gujarat,Rajkot,64.29
15-10-2025 04:00,Bihar,Patna,4.97
23-09-2025 14:00,Uttar Pradesh,Lucknow,22.49
12-11-2025 14:00,Bihar,Bhagalpur,37.14
15-03-2025 05:00,Maharashtra,Pune,69.04
08-09-2025 19:00,Maharashtra,Pune,24.73
02-08-2025 04:00,Uttar Pradesh,Prayagraj,29.5
31-12-2025 19:00,West Bengal,Darjeeling,39.94
05-11-2025 16:00,Odisha,Cuttack,37.35
27-04-2025 06:00,Tamil Nadu,Thanjavur,45.3
05-02-2025 23:00,Karnataka,Mangaluru,26.28
24-11-2025 10:00,Kerala,Alappuzha,104.02124999999998
03-03-2025 20:00,Odisha,Bhubaneswar,57.19
21-10-2025 03:00,Kerala,Kozhikode,14.2
18-11-2025 17:00,Kerala,Kottayam,40.54
07-09-2025 01:00,West Bengal,Kolkata,19.2
02-08-2025 22:00,Bihar,Patna,30.58
09-01-2025 14:00,Maharashtra,Mumbai,89.35
07-07-2025 00:00,Odisha,Bhubaneswar,31.8
17-10-2025 02:00,Kerala,Kozhikode,17.12
13-01-2026 14:00,Uttar Pradesh,Lucknow,40.62
15-10-2025 22:00,West Bengal,Kolkata,48.95
21-01-2025 22:00,Tamil Nadu,Coimbatore,37.88
04-11-2025 17:00,Tamil Nadu,Madurai,2.54
12-02-2025 20:00,Odisha,Balasore,77.69
10-06-2025 00:00,West Bengal,Howrah,27.45
04-12-2025 22:00,Odisha,Balasore,63.39
30-07-2025 16:00,Assam,Dhemaji,13.05
11-02-2026 18:00,Gujarat,Surat,2.08
06-12-2025 18:00,Gujarat,Surat,39.17
24-04-2025 19:00,Assam,Barpeta,54.53
10-01-2026 20:00,Bihar,Gaya,22.52
13-04-2025 06:00,Tamil Nadu,Madurai,30.76
28-10-2025 15:00,Assam,Guwahati,57.07
10-05-2025 08:00,Karnataka,Bengaluru,26.41
16-12-2025 16:00,Maharashtra,Mumbai,27.02
19-09-2025 14:00,Odisha,Balasore,6.26
10-05-2025 03:00,Odisha,Kendrapara,11.17
15-09-2025 16:00,Maharashtra,Pune,41.94
29-05-2025 09:00,Assam,Barpeta,37.14
03-09-2025 12:00,Assam,Jorhat,42.09
17-01-2025 07:00,Assam,Dhemaji,94.05
08-10-2025 16:00,Karnataka,Kodagu,40.85
23-08-2025 02:00,West Bengal,Malda,62.89
08-08-2025 02:00,Odisha,Balasore,56.06
08-02-2026 15:00,Gujarat,Ahmedabad,10.48
23-04-2025 07:00,Assam,Barpeta,34.68
26-03-2025 11:00,Kerala,Thrissur,91.96
16-08-2025 15:00,Maharashtra,Pune,44.87
18-04-2025 00:00,Odisha,Balasore,21.47
30-11-2025 14:00,Kerala,Alappuzha,11.86
03-01-2025 16:00,Kerala,Alappuzha,44.42
27-03-2025 22:00,Karnataka,Bengaluru,52.87
08-08-2025 20:00,Odisha,Bhubaneswar,12.66
28-10-2025 08:00,West Bengal,Malda,61.8
28-12-2025 20:00,Gujarat,Rajkot,38.56
24-12-2025 03:00,Kerala,Kochi,18.72
21-09-2025 19:00,Maharashtra,Nashik,37.36
22-07-2025 11:00,Bihar,Bhagalpur,39.1
23-07-2025 15:00,Assam,Dhemaji,34.69
22-01-2026 04:00,Odisha,Puri,54.96
06-02-2025 14:00,Maharashtra,Nashik,82.21
22-12-2025 09:00,West Bengal,Murshidabad,61.25
26-11-2025 20:00,West Bengal,Howrah,23.0
13-10-2025 23:00,Maharashtra,Pune,56.43
25-11-2025 20:00,Bihar,Patna,88.8
26-09-2025 07:00,West Bengal,Murshidabad,34.47
24-11-2025 21:00,Maharashtra,Pune,17.78
12-02-2025 08:00,West Bengal,Darjeeling,11.12
30-01-2026 11:00,Uttar Pradesh,Kanpur,25.55
14-11-2025 21:00,Uttar Pradesh,Gorakhpur,47.67
11-02-2025 11:00,Gujarat,Rajkot,57.25
29-06-2025 01:00,Karnataka,Bengaluru,14.23
07-01-2025 17:00,Bihar,Darbhanga,16.68
25-08-2025 11:00,Uttar Pradesh,Kanpur,44.33
14-10-2025 09:00,Maharashtra,Nashik,22.23
08-02-2026 20:00,Kerala,Alappuzha,28.47
29-11-2025 21:00,Odisha,Cuttack,56.0
10-06-2025 03:00,Bihar,Darbhanga,24.61
12-02-2025 13:00,Gujarat,Surat,23.06
09-05-2025 01:00,West Bengal,Malda,22.47
11-11-2025 19:00,Uttar Pradesh,Kanpur,11.33
14-06-2025 07:00,Tamil Nadu,Coimbatore,28.11
08-03-2025 01:00,Kerala,Kochi,40.71
12-05-2025 08:00,Bihar,Patna,6.28
09-12-2025 18:00,Tamil Nadu,Madurai,7.77
02-02-2025 07:00,Karnataka,Mangaluru,31.71
07-02-2026 22:00,Maharashtra,Pune,29.02
23-10-2025 19:00,Gujarat,Surat,43.42
17-08-2025 14:00,Bihar,Patna,0.88
17-09-2025 19:00,Odisha,Cuttack,19.5
03-02-2026 03:00,Uttar Pradesh,Lucknow,51.27
21-10-2025 09:00,Uttar Pradesh,Prayagraj,51.35
19-04-2025 20:00,Karnataka,Udupi,26.69
10-11-2025 01:00,Uttar Pradesh,Lucknow,38.64
18-12-2025 09:00,Odisha,Kendrapara,42.19
02-01-2026 08:00,Tamil Nadu,Madurai,24.01
13-08-2025 17:00,Uttar Pradesh,Gorakhpur,31.25
04-01-2026 06:00,Uttar Pradesh,Kanpur,23.55
12-06-2025 02:00,Karnataka,Kodagu,59.79
29-05-2025 04:00,Assam,Dhemaji,24.13
05-03-2025 16:00,Kerala,Kochi,67.91
22-02-2025 19:00,Karnataka,Kodagu,62.68
19-11-2025 06:00,Gujarat,Vadodara,104.02124999999998
21-03-2025 03:00,Odisha,Balasore,15.99
14-07-2025 02:00,Maharashtra,Pune,87.14
06-05-2025 05:00,Kerala,Kottayam,18.73
24-04-2025 22:00,Kerala,Kochi,62.39
08-01-2025 21:00,Odisha,Kendrapara,25.89
17-01-2026 23:00,Tamil Nadu,Coimbatore,57.79
25-04-2025 11:00,Kerala,Alappuzha,15.98
27-03-2025 07:00,Odisha,Bhubaneswar,31.31
24-11-2025 01:00,Odisha,Kendrapara,5.99
17-04-2025 14:00,Gujarat,Bharuch,83.33
22-01-2026 10:00,Tamil Nadu,Coimbatore,59.31
28-12-2025 02:00,Gujarat,Ahmedabad,13.58
24-09-2025 12:00,Bihar,Muzaffarpur,33.7
22-05-2025 01:00,Uttar Pradesh,Kanpur,76.41
09-07-2025 19:00,Tamil Nadu,Thanjavur,50.6
19-02-2025 08:00,Maharashtra,Pune,36.49
25-09-2025 12:00,Bihar,Patna,29.7
30-07-2025 11:00,Maharashtra,Kolhapur,34.86
10-08-2025 07:00,Tamil Nadu,Thanjavur,50.83
12-04-2025 09:00,West Bengal,Kolkata,22.49
17-10-2025 13:00,West Bengal,Malda,34.8
02-02-2025 01:00,Tamil Nadu,Chennai,79.93
12-03-2025 05:00,Assam,Dhemaji,60.71
13-12-2025 18:00,Uttar Pradesh,Kanpur,9.25
21-08-2025 10:00,Odisha,Puri,46.22
04-07-2025 10:00,Kerala,Alappuzha,49.25
20-01-2025 10:00,Gujarat,Ahmedabad,99.21
19-09-2025 01:00,Karnataka,Kodagu,22.15
27-08-2025 22:00,Karnataka,Kodagu,104.02124999999998
05-08-2025 07:00,Bihar,Patna,73.3
13-08-2025 14:00,Assam,Barpeta,40.65
05-02-2025 20:00,Kerala,Kottayam,13.91
30-10-2025 22:00,Maharashtra,Nashik,9.09
