pair_id,split,priority,chk_priority,chk_zone,chk_district,chk_state,chk_headcount,chk_entry_count,chk_hazard,chk_location,all_pass,summary_preview
SLM-000001,train,URGENT,True,True,True,True,True,True,True,True,True,"URGENT: medical emergencies and rescue emergencies plus 2 more, ZONE-5 Kottayam, Kerala. 7 reports, 115 affected. Deploy"
SLM-000002,train,IMMEDIATE,True,True,True,True,True,True,True,True,True,"IMMEDIATE. road blockages and rescue emergencies plus 2 more in ZONE-1 Kanpur, Uttar Pradesh; 154 affected, 6 reports. D"
SLM-000003,train,URGENT,True,True,True,True,True,True,True,True,True,"URGENT: ZONE-1 Prayagraj, Uttar Pradesh -- medical emergencies and rescue emergencies plus 2 more. 7 reports, 51 affecte"
SLM-000004,train,URGENT,True,True,True,True,True,True,True,True,True,"URGENT: ZONE-2 Muzaffarpur, Bihar -- flooding and medical emergencies plus 2 more. 6 reports, 73 affected. Deploy water "
SLM-000005,train,ELEVATED,True,True,True,True,True,True,True,True,True,"ELEVATED: flooding and rescue emergencies plus 2 more, ZONE-1 Madurai, Tamil Nadu. 8 reports, 55 affected. drainage team"
SLM-000006,train,ELEVATED,True,True,True,True,True,True,True,True,True,"ELEVATED: road blockages and medical emergencies plus 2 more, ZONE-3 Nagpur, Maharashtra. 5 reports, 41 affected. Send w"
SLM-000007,train,ELEVATED,True,True,True,True,True,True,True,True,True,"ELEVATED: flooding and medical emergencies plus 2 more, ZONE-2 Nagpur, Maharashtra. 7 reports, 54 affected. Deploy water"
SLM-000008,train,IMMEDIATE,True,True,True,True,True,True,True,True,True,"IMMEDIATE: ZONE-4 Bhagalpur, Bihar -- flooding and rescue emergencies. 5 reports, 123 affected. Dispatch life jackets an"
SLM-000009,train,ELEVATED,True,True,True,True,True,True,True,True,True,"ELEVATED - ZONE-2 Thrissur (Kerala): flooding and rescue emergencies, 67 affected across 7 reports. Dispatch rescue boat"
SLM-000010,train,URGENT,True,True,True,True,True,True,True,True,True,"URGENT: flooding and rescue emergencies plus 2 more, ZONE-5 Pune, Maharashtra. 6 reports, 178 affected. Dispatch water p"
SLM-000011,validation,URGENT,True,True,True,True,True,True,True,True,True,"URGENT: flooding and road blockages, ZONE-2 Bengaluru, Karnataka. 5 reports, 79 affected. NDRF flood rescue team and res"
SLM-000012,train,ELEVATED,True,True,True,True,True,True,True,True,True,"ELEVATED: ZONE-2 Madurai, Tamil Nadu -- road blockages and rescue emergencies plus 1 more. 5 reports, 32 affected. traff"
SLM-000013,validation,IMMEDIATE,True,True,True,True,True,True,True,True,True,"IMMEDIATE - ZONE-1 Ahmedabad (Gujarat): flooding and medical emergencies plus 1 more, 216 affected across 5 reports. Dep"
SLM-000014,test,ROUTINE,True,True,True,True,True,True,True,True,True,"ROUTINE: ZONE-4 Chennai, Tamil Nadu -- flooding and medical emergencies plus 1 more. 6 reports, 24 affected. Deploy sand"
SLM-000015,train,ELEVATED,True,True,True,True,True,True,True,True,True,"ELEVATED - ZONE-4 Gorakhpur (Uttar Pradesh): rescue emergencies and medical emergencies plus 1 more, 62 affected across "
SLM-000016,train,URGENT,True,True,True,True,True,True,True,True,True,"URGENT: ZONE-2 Rajkot, Gujarat -- road blockages and flooding plus 1 more. 6 reports, 81 affected. earthmover (JCB) and "
SLM-000017,train,IMMEDIATE,True,True,True,True,True,True,True,True,True,"IMMEDIATE. flooding and road blockages in ZONE-1 Thanjavur, Tamil Nadu; 172 affected, 5 reports. rescue boat and sandbag"
SLM-000018,validation,URGENT,True,True,True,True,True,True,True,True,True,"URGENT - ZONE-4 Dhemaji (Assam): rescue emergencies and medical emergencies plus 1 more, 102 affected across 5 reports. "
SLM-000019,train,ELEVATED,True,True,True,True,True,True,True,True,True,"ELEVATED - ZONE-1 Patna (Bihar): road blockages and flooding, 46 affected across 5 reports. Dispatch tow truck and life "
SLM-000020,test,IMMEDIATE,True,True,True,True,True,True,True,True,True,"IMMEDIATE: medical emergencies and flooding plus 1 more, ZONE-2 Muzaffarpur, Bihar. 7 reports, 304 affected. Deploy NDRF"
SLM-000021,train,ELEVATED,True,True,True,True,True,True,True,True,True,"ELEVATED - ZONE-5 Thanjavur (Tamil Nadu): flooding and medical emergencies plus 1 more, 45 affected across 5 reports. De"
SLM-000022,validation,ELEVATED,True,True,True,True,True,True,True,True,True,"ELEVATED: ZONE-1 Dhemaji, Assam -- flooding and rescue emergencies plus 1 more. 5 reports, 37 affected. Send life jacket"
SLM-000023,train,IMMEDIATE,True,True,True,True,True,True,True,True,True,"IMMEDIATE. flooding and rescue emergencies plus 1 more in ZONE-4 Rajkot, Gujarat; 167 affected, 8 reports. NDRF flood re"
SLM-000024,train,ROUTINE,True,True,True,True,True,True,True,True,True,"ROUTINE - ZONE-4 Muzaffarpur (Bihar): flooding and medical emergencies plus 1 more, 22 affected across 5 reports. rescue"
SLM-000025,train,IMMEDIATE,True,True,True,True,True,True,True,True,True,"IMMEDIATE - ZONE-5 Bhagalpur (Bihar): flooding and rescue emergencies plus 1 more, 83 affected across 6 reports. Deploy "
SLM-000026,validation,ELEVATED,True,True,True,True,True,True,True,True,True,"ELEVATED: ZONE-4 Nashik, Maharashtra -- flooding and rescue emergencies. 7 reports, 65 affected. rescue rope and ladder "
SLM-000027,train,ELEVATED,True,True,True,True,True,True,True,True,True,"ELEVATED: ZONE-2 Chennai, Tamil Nadu -- flooding and medical emergencies plus 2 more. 7 reports, 68 affected. Send water"
SLM-000028,train,IMMEDIATE,True,True,True,True,True,True,True,True,True,"IMMEDIATE: flooding and road blockages plus 2 more, ZONE-5 Tiruppur, Tamil Nadu. 7 reports, 124 affected. Send fire and "
SLM-000029,train,ELEVATED,True,True,True,True,True,True,True,True,True,"ELEVATED - ZONE-5 Murshidabad (West Bengal): road blockages and flooding plus 1 more, 53 affected across 5 reports. traf"
SLM-000030,train,IMMEDIATE,True,True,True,True,True,True,True,True,True,"IMMEDIATE: ZONE-3 Kendrapara, Odisha -- flooding and rescue emergencies. 5 reports, 174 affected. water pump and sandbag"
SLM-000031,test,IMMEDIATE,True,True,True,True,True,True,True,True,True,"IMMEDIATE - ZONE-2 Bhagalpur (Bihar): flooding and rescue emergencies plus 1 more, 74 affected across 6 reports. Deploy "
SLM-000032,train,IMMEDIATE,True,True,True,True,True,True,True,True,True,"IMMEDIATE: flooding and rescue emergencies, ZONE-3 Bengaluru, Karnataka. 5 reports, 132 affected. Deploy NDRF rescue tea"
SLM-000033,train,URGENT,True,True,True,True,True,True,True,True,True,"URGENT: flooding and road blockages plus 1 more, ZONE-1 Kozhikode, Kerala. 6 reports, 118 affected. Send rescue rope and"
SLM-000034,train,IMMEDIATE,True,True,True,True,True,True,True,True,True,"IMMEDIATE: ZONE-4 Ahmedabad, Gujarat -- rescue emergencies and medical emergencies plus 1 more. 6 reports, 164 affected."
SLM-000035,train,ELEVATED,True,True,True,True,True,True,True,True,True,"ELEVATED: rescue emergencies and flooding plus 2 more, ZONE-3 Pune, Maharashtra. 8 reports, 71 affected. Send ambulance "
SLM-000036,train,ROUTINE,True,True,True,True,True,True,True,True,True,"ROUTINE - ZONE-5 Barpeta (Assam): rescue emergencies and flooding, 15 affected across 5 reports. Deploy road clearance t"
SLM-000037,train,URGENT,True,True,True,True,True,True,True,True,True,"URGENT: medical emergencies and flooding plus 1 more, ZONE-5 Bhagalpur, Bihar. 5 reports, 87 affected. Send medical firs"
SLM-000038,train,ELEVATED,True,True,True,True,True,True,True,True,True,"ELEVATED - ZONE-2 Guwahati (Assam): road blockages and flooding plus 1 more, 51 affected across 5 reports. Dispatch resc"
SLM-000039,test,ROUTINE,True,True,True,True,True,True,True,True,True,"ROUTINE - ZONE-3 Madurai (Tamil Nadu): flooding and road blockages plus 1 more, 15 affected across 5 reports. Deploy ear"
SLM-000040,validation,IMMEDIATE,True,True,True,True,True,True,True,True,True,"IMMEDIATE: ZONE-3 Cuttack, Odisha -- rescue emergencies and road blockages plus 2 more. 7 reports, 136 affected. Dispatc"
SLM-000041,test,IMMEDIATE,True,True,True,True,True,True,True,True,True,"IMMEDIATE: ZONE-5 Madurai, Tamil Nadu -- road blockages and flooding plus 1 more. 5 reports, 83 affected. Deploy NDRF fl"
SLM-000042,validation,URGENT,True,True,True,True,True,True,True,True,True,"URGENT: ZONE-3 Vadodara, Gujarat -- road blockages and medical emergencies plus 1 more. 5 reports, 81 affected. traffic "
SLM-000043,train,ELEVATED,True,True,True,True,True,True,True,True,True,"ELEVATED: ZONE-1 Puri, Odisha -- rescue emergencies and medical emergencies plus 1 more. 5 reports, 40 affected. NDRF re"
SLM-000044,train,ELEVATED,True,True,True,True,True,True,True,True,True,"ELEVATED: ZONE-3 Thrissur, Kerala -- flooding and rescue emergencies plus 2 more. 9 reports, 83 affected. Deploy water p"
SLM-000045,train,IMMEDIATE,True,True,True,True,True,True,True,True,True,"IMMEDIATE: road blockages and medical emergencies plus 1 more, ZONE-2 Patna, Bihar. 5 reports, 149 affected. Send road c"
SLM-000046,test,URGENT,True,True,True,True,True,True,True,True,True,"URGENT. medical emergencies and flooding plus 2 more in ZONE-4 Kendrapara, Odisha; 203 affected, 8 reports. Deploy life "
SLM-000047,train,URGENT,True,True,True,True,True,True,True,True,True,"URGENT: ZONE-5 Alappuzha, Kerala -- medical emergencies and flooding plus 1 more. 7 reports, 184 affected. Dispatch ambu"
SLM-000048,train,IMMEDIATE,True,True,True,True,True,True,True,True,True,"IMMEDIATE - ZONE-4 Chennai (Tamil Nadu): rescue emergencies and flooding, 238 affected across 6 reports. Deploy NDRF res"
SLM-000049,train,IMMEDIATE,True,True,True,True,True,True,True,True,True,"IMMEDIATE. flooding and medical emergencies in ZONE-3 Prayagraj, Uttar Pradesh; 99 affected, 5 reports. Deploy rescue bo"
SLM-000050,test,URGENT,True,True,True,True,True,True,True,True,True,"URGENT. rescue emergencies and flooding plus 1 more in ZONE-5 Pune, Maharashtra; 81 affected, 7 reports. Deploy NDRF flo"
SLM-000051,train,ELEVATED,True,True,True,True,True,True,True,True,True,"ELEVATED: ZONE-1 Kochi, Kerala -- rescue emergencies and flooding plus 1 more. 5 reports, 44 affected. Dispatch ambulanc"
SLM-000052,test,ROUTINE,True,True,True,True,True,True,True,True,True,"ROUTINE: rescue emergencies and flooding plus 2 more, ZONE-2 Kottayam, Kerala. 5 reports, 22 affected. Dispatch ambulanc"
SLM-000053,train,URGENT,True,True,True,True,True,True,True,True,True,"URGENT - ZONE-1 Murshidabad (West Bengal): flooding and rescue emergencies, 115 affected across 5 reports. Deploy water "
SLM-000054,validation,ROUTINE,True,True,True,True,True,True,True,True,True,"ROUTINE - ZONE-1 Kolkata (West Bengal): flooding and medical emergencies plus 2 more, 25 affected across 7 reports. wate"
SLM-000055,train,ELEVATED,True,True,True,True,True,True,True,True,True,"ELEVATED - ZONE-5 Madurai (Tamil Nadu): flooding and rescue emergencies plus 1 more, 46 affected across 7 reports. Deplo"
SLM-000056,train,URGENT,True,True,True,True,True,True,True,True,True,"URGENT: ZONE-4 Surat, Gujarat -- flooding and medical emergencies plus 1 more. 5 reports, 73 affected. rescue rope and l"
SLM-000057,train,URGENT,True,True,True,True,True,True,True,True,True,"URGENT - ZONE-4 Vadodara (Gujarat): flooding and rescue emergencies, 161 affected across 6 reports. Dispatch road cleara"
SLM-000058,train,IMMEDIATE,True,True,True,True,True,True,True,True,True,"IMMEDIATE. rescue emergencies and flooding plus 1 more in ZONE-4 Barpeta, Assam; 180 affected, 5 reports. Send fire and "
SLM-000059,test,URGENT,True,True,True,True,True,True,True,True,True,"URGENT: flooding and road blockages plus 1 more, ZONE-2 Chennai, Tamil Nadu. 5 reports, 133 affected. Deploy rescue boat"
SLM-000060,train,IMMEDIATE,True,True,True,True,True,True,True,True,True,"IMMEDIATE. road blockages and rescue emergencies plus 1 more in ZONE-2 Darbhanga, Bihar; 207 affected, 5 reports. Send t"
SLM-000061,train,ELEVATED,True,True,True,True,True,True,True,True,True,"ELEVATED: road blockages and flooding, ZONE-3 Kolkata, West Bengal. 8 reports, 84 affected. Send road clearance team and"
SLM-000062,train,URGENT,True,True,True,True,True,True,True,True,True,"URGENT. flooding and rescue emergencies plus 1 more in ZONE-2 Gaya, Bihar; 118 affected, 6 reports. Send fire and rescue"
SLM-000063,train,IMMEDIATE,True,True,True,True,True,True,True,True,True,"IMMEDIATE. medical emergencies and flooding plus 1 more in ZONE-2 Bengaluru, Karnataka; 161 affected, 5 reports. Deploy "
SLM-000064,train,ROUTINE,True,True,True,True,True,True,True,True,True,"ROUTINE: ZONE-2 Bhubaneswar, Odisha -- flooding and road blockages. 7 reports, 29 affected. Deploy life jackets and NDRF"
SLM-000065,train,IMMEDIATE,True,True,True,True,True,True,True,True,True,"IMMEDIATE: ZONE-3 Kanpur, Uttar Pradesh -- flooding and rescue emergencies plus 1 more. 6 reports, 131 affected. fire an"
SLM-000066,validation,ELEVATED,True,True,True,True,True,True,True,True,True,"ELEVATED: flooding and rescue emergencies plus 1 more, ZONE-3 Muzaffarpur, Bihar. 5 reports, 42 affected. Deploy earthmo"
SLM-000067,validation,URGENT,True,True,True,True,True,True,True,True,True,"URGENT. road blockages and flooding plus 1 more in ZONE-5 Dhemaji, Assam; 56 affected, 5 reports. Deploy traffic police "
SLM-000068,train,ELEVATED,True,True,True,True,True,True,True,True,True,"ELEVATED - ZONE-3 Patna (Bihar): flooding and road blockages plus 1 more, 64 affected across 7 reports. Send drainage te"
SLM-000069,test,ELEVATED,True,True,True,True,True,True,True,True,True,"ELEVATED - ZONE-5 Lucknow (Uttar Pradesh): medical emergencies and flooding plus 1 more, 36 affected across 5 reports. D"
SLM-000070,train,IMMEDIATE,True,True,True,True,True,True,True,True,True,"IMMEDIATE: ZONE-1 Ahmedabad, Gujarat -- flooding and rescue emergencies plus 1 more. 8 reports, 179 affected. drainage t"
SLM-000071,train,IMMEDIATE,True,True,True,True,True,True,True,True,True,"IMMEDIATE. medical emergencies and rescue emergencies plus 1 more in ZONE-5 Surat, Gujarat; 113 affected, 5 reports. Sen"
SLM-000072,train,ELEVATED,True,True,True,True,True,True,True,True,True,"ELEVATED: rescue emergencies and flooding plus 1 more, ZONE-2 Alappuzha, Kerala. 6 reports, 39 affected. Dispatch relief"
SLM-000073,train,ELEVATED,True,True,True,True,True,True,True,True,True,"ELEVATED: rescue emergencies and road blockages plus 1 more, ZONE-4 Nagpur, Maharashtra. 7 reports, 80 affected. Deploy "
SLM-000074,train,URGENT,True,True,True,True,True,True,True,True,True,"URGENT. flooding and rescue emergencies plus 1 more in ZONE-3 Barpeta, Assam; 233 affected, 9 reports. Send rescue rope "
SLM-000075,train,URGENT,True,True,True,True,True,True,True,True,True,"URGENT. flooding and rescue emergencies in ZONE-3 Kolhapur, Maharashtra; 155 affected, 7 reports. Dispatch road clearanc"
SLM-000076,train,IMMEDIATE,True,True,True,True,True,True,True,True,True,"IMMEDIATE: ZONE-4 Barpeta, Assam -- flooding. 5 reports, 210 affected. Send rescue boat and life jackets plus 1 more to "
SLM-000077,validation,ELEVATED,True,True,True,True,True,True,True,True,True,"ELEVATED - ZONE-1 Balasore (Odisha): flooding and rescue emergencies plus 1 more, 57 affected across 5 reports. Dispatch"
SLM-000078,train,IMMEDIATE,True,True,True,True,True,True,True,True,True,"IMMEDIATE. flooding and rescue emergencies plus 2 more in ZONE-4 Kochi, Kerala; 217 affected, 8 reports. drainage team a"
SLM-000079,train,IMMEDIATE,True,True,True,True,True,True,True,True,True,"IMMEDIATE. rescue emergencies and flooding plus 2 more in ZONE-4 Kendrapara, Odisha; 151 affected, 8 reports. Dispatch N"
SLM-000080,train,ROUTINE,True,True,True,True,True,True,True,True,True,"ROUTINE - ZONE-1 Thrissur (Kerala): rescue emergencies and flooding plus 1 more, 21 affected across 5 reports. Dispatch "
SLM-000081,train,ELEVATED,True,True,True,True,True,True,True,True,True,"ELEVATED: ZONE-5 Chennai, Tamil Nadu -- flooding and rescue emergencies. 5 reports, 53 affected. water pump and NDRF res"
SLM-000082,train,ELEVATED,True,True,True,True,True,True,True,True,True,"ELEVATED - ZONE-4 Darbhanga (Bihar): rescue emergencies and flooding, 67 affected across 7 reports. Dispatch fire and re"
SLM-000083,test,URGENT,True,True,True,True,True,True,True,True,True,"URGENT - ZONE-5 Kozhikode (Kerala): rescue emergencies and flooding, 144 affected across 7 reports. rescue rope and ladd"
SLM-000084,train,URGENT,True,True,True,True,True,True,True,True,True,"URGENT - ZONE-2 Bharuch (Gujarat): rescue emergencies and road blockages plus 1 more, 133 affected across 6 reports. Dep"
SLM-000085,train,IMMEDIATE,True,True,True,True,True,True,True,True,True,"IMMEDIATE. flooding and rescue emergencies in ZONE-5 Malda, West Bengal; 262 affected, 6 reports. water pump and relief "
SLM-000086,train,IMMEDIATE,True,True,True,True,True,True,True,True,True,"IMMEDIATE. flooding and rescue emergencies in ZONE-2 Jorhat, Assam; 152 affected, 6 reports. Dispatch water pump and amb"
SLM-000087,train,URGENT,True,True,True,True,True,True,True,True,True,"URGENT - ZONE-1 Bharuch (Gujarat): flooding and rescue emergencies plus 1 more, 54 affected across 5 reports. Deploy wat"
SLM-000088,validation,IMMEDIATE,True,True,True,True,True,True,True,True,True,"IMMEDIATE. flooding and road blockages in ZONE-1 Gorakhpur, Uttar Pradesh; 59 affected, 6 reports. Dispatch water pump a"
SLM-000089,validation,IMMEDIATE,True,True,True,True,True,True,True,True,True,"IMMEDIATE. flooding and rescue emergencies in ZONE-2 Tiruppur, Tamil Nadu; 183 affected, 5 reports. Send water pump and "
SLM-000090,train,ROUTINE,True,True,True,True,True,True,True,True,True,"ROUTINE - ZONE-2 Coimbatore (Tamil Nadu): rescue emergencies and flooding, 30 affected across 6 reports. Dispatch rescue"
SLM-000091,train,URGENT,True,True,True,True,True,True,True,True,True,"URGENT: flooding and rescue emergencies plus 1 more, ZONE-4 Darjeeling, West Bengal. 5 reports, 55 affected. Send NDRF f"
SLM-000092,train,IMMEDIATE,True,True,True,True,True,True,True,True,True,"IMMEDIATE - ZONE-4 Bhagalpur (Bihar): flooding and road blockages plus 1 more, 223 affected across 8 reports. Send tow t"
SLM-000093,train,URGENT,True,True,True,True,True,True,True,True,True,"URGENT - ZONE-1 Varanasi (Uttar Pradesh): flooding and rescue emergencies, 231 affected across 9 reports. Deploy relief "
SLM-000094,train,IMMEDIATE,True,True,True,True,True,True,True,True,True,"IMMEDIATE. rescue emergencies and road blockages plus 1 more in ZONE-5 Gorakhpur, Uttar Pradesh; 159 affected, 5 reports"
SLM-000095,test,IMMEDIATE,True,True,True,True,True,True,True,True,True,"IMMEDIATE. road blockages and rescue emergencies plus 1 more in ZONE-3 Jorhat, Assam; 174 affected, 6 reports. rescue bo"
SLM-000096,train,URGENT,True,True,True,True,True,True,True,True,True,"URGENT: ZONE-3 Kolhapur, Maharashtra -- rescue emergencies and road blockages plus 2 more. 5 reports, 55 affected. Dispa"
SLM-000097,train,URGENT,True,True,True,True,True,True,True,True,True,"URGENT: flooding, ZONE-3 Prayagraj, Uttar Pradesh. 5 reports, 96 affected. Send road clearance team and sandbags plus 1 "
SLM-000098,train,IMMEDIATE,True,True,True,True,True,True,True,True,True,"IMMEDIATE - ZONE-2 Thanjavur (Tamil Nadu): flooding and medical emergencies plus 2 more, 250 affected across 5 reports. "
SLM-000099,train,URGENT,True,True,True,True,True,True,True,True,True,"URGENT: flooding and rescue emergencies plus 1 more, ZONE-4 Coimbatore, Tamil Nadu. 6 reports, 97 affected. Send life ja"
SLM-000100,test,IMMEDIATE,True,True,True,True,True,True,True,True,True,"IMMEDIATE - ZONE-4 Darbhanga (Bihar): flooding and rescue emergencies, 97 affected across 5 reports. Send water pump and"
SLM-000101,validation,URGENT,True,True,True,True,True,True,True,True,True,"URGENT: rescue emergencies and medical emergencies plus 1 more, ZONE-3 Pune, Maharashtra. 5 reports, 96 affected. Dispat"
SLM-000102,train,URGENT,True,True,True,True,True,True,True,True,True,"URGENT - ZONE-2 Vadodara (Gujarat): flooding and medical emergencies, 107 affected across 5 reports. rescue boat and rel"
SLM-000103,test,IMMEDIATE,True,True,True,True,True,True,True,True,True,"IMMEDIATE - ZONE-3 Darbhanga (Bihar): flooding and medical emergencies plus 1 more, 126 affected across 5 reports. Deplo"
SLM-000104,train,ROUTINE,True,True,True,True,True,True,True,True,True,"ROUTINE: ZONE-2 Dibrugarh, Assam -- road blockages and flooding plus 1 more. 6 reports, 21 affected. Deploy rescue boat "
SLM-000105,validation,IMMEDIATE,True,True,True,True,True,True,True,True,True,"IMMEDIATE: ZONE-4 Bengaluru, Karnataka -- flooding and rescue emergencies. 5 reports, 153 affected. road clearance team "
SLM-000106,train,ELEVATED,True,True,True,True,True,True,True,True,True,"ELEVATED. medical emergencies and rescue emergencies plus 2 more in ZONE-3 Balasore, Odisha; 54 affected, 7 reports. Dep"
SLM-000107,train,URGENT,True,True,True,True,True,True,True,True,True,"URGENT. road blockages and flooding in ZONE-3 Gaya, Bihar; 40 affected, 5 reports. Send earthmover (JCB) and life jacket"
SLM-000108,validation,ELEVATED,True,True,True,True,True,True,True,True,True,"ELEVATED: ZONE-3 Nagpur, Maharashtra -- rescue emergencies and flooding plus 1 more. 5 reports, 31 affected. Dispatch me"
SLM-000109,train,ELEVATED,True,True,True,True,True,True,True,True,True,"ELEVATED. rescue emergencies and flooding plus 1 more in ZONE-4 Pune, Maharashtra; 59 affected, 8 reports. Deploy NDRF r"
SLM-000110,train,IMMEDIATE,True,True,True,True,True,True,True,True,True,"IMMEDIATE. flooding and road blockages plus 1 more in ZONE-1 Mysuru, Karnataka; 181 affected, 7 reports. Dispatch rescue"
SLM-000111,train,ELEVATED,True,True,True,True,True,True,True,True,True,"ELEVATED: ZONE-4 Bhagalpur, Bihar -- flooding and rescue emergencies. 5 reports, 37 affected. Deploy road clearance team"
SLM-000112,train,URGENT,True,True,True,True,True,True,True,True,True,"URGENT: ZONE-5 Dhemaji, Assam -- flooding. 5 reports, 135 affected. Send relief supplies and life jackets plus 1 more to"
SLM-000113,train,URGENT,True,True,True,True,True,True,True,True,True,"URGENT. rescue emergencies and flooding plus 1 more in ZONE-2 Kodagu, Karnataka; 112 affected, 5 reports. fire and rescu"
SLM-000114,train,IMMEDIATE,True,True,True,True,True,True,True,True,True,"IMMEDIATE: ZONE-4 Kanpur, Uttar Pradesh -- rescue emergencies and medical emergencies plus 1 more. 5 reports, 71 affecte"
SLM-000115,test,URGENT,True,True,True,True,True,True,True,True,True,"URGENT: flooding and medical emergencies plus 1 more, ZONE-4 Patna, Bihar. 7 reports, 90 affected. paramedic team and me"
SLM-000116,train,ELEVATED,True,True,True,True,True,True,True,True,True,"ELEVATED. flooding and rescue emergencies plus 1 more in ZONE-5 Mumbai, Maharashtra; 45 affected, 5 reports. Send NDRF f"
SLM-000117,validation,URGENT,True,True,True,True,True,True,True,True,True,"URGENT. rescue emergencies and road blockages plus 1 more in ZONE-2 Dhemaji, Assam; 158 affected, 7 reports. Deploy ambu"
SLM-000118,train,ELEVATED,True,True,True,True,True,True,True,True,True,"ELEVATED: ZONE-3 Howrah, West Bengal -- medical emergencies and rescue emergencies plus 2 more. 7 reports, 68 affected. "
SLM-000119,train,ELEVATED,True,True,True,True,True,True,True,True,True,"ELEVATED: ZONE-1 Prayagraj, Uttar Pradesh -- rescue emergencies and flooding. 5 reports, 48 affected. Dispatch water pum"
SLM-000120,train,URGENT,True,True,True,True,True,True,True,True,True,"URGENT - ZONE-3 Muzaffarpur (Bihar): flooding and medical emergencies, 82 affected across 5 reports. Send sandbags and N"
SLM-000121,train,URGENT,True,True,True,True,True,True,True,True,True,"URGENT - ZONE-5 Bhubaneswar (Odisha): flooding and rescue emergencies, 175 affected across 9 reports. ambulance and resc"
SLM-000122,test,IMMEDIATE,True,True,True,True,True,True,True,True,True,"IMMEDIATE: ZONE-4 Darjeeling, West Bengal -- flooding and rescue emergencies. 5 reports, 163 affected. Dispatch life jac"
SLM-000123,validation,IMMEDIATE,True,True,True,True,True,True,True,True,True,"IMMEDIATE: ZONE-1 Darbhanga, Bihar -- flooding and rescue emergencies plus 1 more. 5 reports, 213 affected. Deploy life "
SLM-000124,train,URGENT,True,True,True,True,True,True,True,True,True,"URGENT. flooding and rescue emergencies in ZONE-2 Guwahati, Assam; 47 affected, 5 reports. Send relief supplies and ambu"
SLM-000125,test,ROUTINE,True,True,True,True,True,True,True,True,True,"ROUTINE: ZONE-1 Alappuzha, Kerala -- flooding and rescue emergencies. 5 reports, 11 affected. water pump and drainage te"
SLM-000126,train,URGENT,True,True,True,True,True,True,True,True,True,"URGENT: rescue emergencies and road blockages plus 1 more, ZONE-2 Kodagu, Karnataka. 6 reports, 131 affected. drainage t"
SLM-000127,validation,ELEVATED,True,True,True,True,True,True,True,True,True,"ELEVATED. flooding in ZONE-5 Prayagraj, Uttar Pradesh; 65 affected, 6 reports. Send road clearance team and water pump p"
SLM-000128,train,IMMEDIATE,True,True,True,True,True,True,True,True,True,"IMMEDIATE. flooding and rescue emergencies plus 1 more in ZONE-3 Coimbatore, Tamil Nadu; 220 affected, 7 reports. Send r"
SLM-000129,test,IMMEDIATE,True,True,True,True,True,True,True,True,True,"IMMEDIATE: ZONE-2 Dhemaji, Assam -- rescue emergencies and flooding plus 1 more. 6 reports, 137 affected. fire and rescu"
SLM-000130,train,IMMEDIATE,True,True,True,True,True,True,True,True,True,"IMMEDIATE: flooding and rescue emergencies plus 1 more, ZONE-3 Kozhikode, Kerala. 8 reports, 108 affected. Dispatch resc"
SLM-000131,validation,URGENT,True,True,True,True,True,True,True,True,True,"URGENT: road blockages and flooding plus 1 more, ZONE-1 Kendrapara, Odisha. 7 reports, 99 affected. Dispatch rescue boat"
SLM-000132,train,IMMEDIATE,True,True,True,True,True,True,True,True,True,"IMMEDIATE: ZONE-3 Bhubaneswar, Odisha -- flooding and medical emergencies. 7 reports, 163 affected. Send ambulance and r"
SLM-000133,test,IMMEDIATE,True,True,True,True,True,True,True,True,True,"IMMEDIATE: ZONE-4 Thrissur, Kerala -- medical emergencies and road blockages plus 1 more. 5 reports, 217 affected. Deplo"
SLM-000134,validation,ELEVATED,True,True,True,True,True,True,True,True,True,"ELEVATED: flooding and rescue emergencies plus 2 more, ZONE-5 Tiruppur, Tamil Nadu. 5 reports, 33 affected. Dispatch lif"
SLM-000135,validation,URGENT,True,True,True,True,True,True,True,True,True,"URGENT: rescue emergencies and flooding, ZONE-2 Darbhanga, Bihar. 5 reports, 101 affected. rescue rope and ladder and fi"
SLM-000136,train,URGENT,True,True,True,True,True,True,True,True,True,"URGENT: ZONE-2 Kanpur, Uttar Pradesh -- flooding. 5 reports, 59 affected. relief supplies and life jackets plus 1 more t"
SLM-000137,train,IMMEDIATE,True,True,True,True,True,True,True,True,True,"IMMEDIATE - ZONE-3 Tiruppur (Tamil Nadu): flooding and road blockages plus 1 more, 68 affected across 5 reports. Deploy "
SLM-000138,validation,ROUTINE,True,True,True,True,True,True,True,True,True,"ROUTINE. flooding and medical emergencies plus 1 more in ZONE-1 Madurai, Tamil Nadu; 17 affected, 5 reports. Send rescue"
SLM-000139,train,ELEVATED,True,True,True,True,True,True,True,True,True,"ELEVATED. rescue emergencies and flooding plus 2 more in ZONE-5 Bhubaneswar, Odisha; 61 affected, 6 reports. Deploy ambu"
SLM-000140,train,URGENT,True,True,True,True,True,True,True,True,True,"URGENT. flooding and road blockages plus 1 more in ZONE-2 Rajkot, Gujarat; 128 affected, 6 reports. Deploy drainage team"
SLM-000141,train,IMMEDIATE,True,True,True,True,True,True,True,True,True,"IMMEDIATE - ZONE-4 Vadodara (Gujarat): rescue emergencies and flooding, 197 affected across 5 reports. water pump and fi"
SLM-000142,validation,URGENT,True,True,True,True,True,True,True,True,True,"URGENT - ZONE-4 Dibrugarh (Assam): road blockages and medical emergencies plus 1 more, 83 affected across 6 reports. Dis"
SLM-000143,train,ELEVATED,True,True,True,True,True,True,True,True,True,"ELEVATED. rescue emergencies and flooding in ZONE-2 Cuttack, Odisha; 41 affected, 5 reports. Dispatch ambulance and reli"
SLM-000144,test,ELEVATED,True,True,True,True,True,True,True,True,True,"ELEVATED. flooding and road blockages in ZONE-2 Ahmedabad, Gujarat; 74 affected, 7 reports. Deploy relief supplies and w"
SLM-000145,train,URGENT,True,True,True,True,True,True,True,True,True,"URGENT. flooding and road blockages in ZONE-5 Patna, Bihar; 50 affected, 5 reports. life jackets and earthmover (JCB) pl"
SLM-000146,train,IMMEDIATE,True,True,True,True,True,True,True,True,True,"IMMEDIATE - ZONE-3 Surat (Gujarat): rescue emergencies and flooding plus 1 more, 196 affected across 5 reports. Dispatch"
SLM-000147,train,IMMEDIATE,True,True,True,True,True,True,True,True,True,"IMMEDIATE: ZONE-1 Coimbatore, Tamil Nadu -- medical emergencies and rescue emergencies plus 1 more. 6 reports, 241 affec"
SLM-000148,train,URGENT,True,True,True,True,True,True,True,True,True,"URGENT - ZONE-3 Bengaluru (Karnataka): flooding and medical emergencies plus 2 more, 82 affected across 6 reports. Deplo"
SLM-000149,test,IMMEDIATE,True,True,True,True,True,True,True,True,True,"IMMEDIATE - ZONE-2 Kanpur (Uttar Pradesh): flooding and road blockages plus 1 more, 172 affected across 5 reports. NDRF "
SLM-000150,train,ELEVATED,True,True,True,True,True,True,True,True,True,"ELEVATED: rescue emergencies and flooding, ZONE-3 Bhubaneswar, Odisha. 5 reports, 45 affected. Send water pump and ambul"
SLM-000151,train,IMMEDIATE,True,True,True,True,True,True,True,True,True,"IMMEDIATE: flooding and rescue emergencies plus 1 more, ZONE-1 Howrah, West Bengal. 8 reports, 143 affected. Deploy resc"
SLM-000152,train,IMMEDIATE,True,True,True,True,True,True,True,True,True,"IMMEDIATE: rescue emergencies and flooding, ZONE-5 Bharuch, Gujarat. 6 reports, 69 affected. Send sandbags and fire and "
SLM-000153,train,IMMEDIATE,True,True,True,True,True,True,True,True,True,"IMMEDIATE. medical emergencies and rescue emergencies plus 1 more in ZONE-3 Dhemaji, Assam; 143 affected, 5 reports. Dis"
SLM-000154,train,URGENT,True,True,True,True,True,True,True,True,True,"URGENT: ZONE-5 Gaya, Bihar -- road blockages and flooding plus 1 more. 5 reports, 66 affected. Dispatch earthmover (JCB)"
SLM-000155,train,IMMEDIATE,True,True,True,True,True,True,True,True,True,"IMMEDIATE. flooding and medical emergencies plus 1 more in ZONE-3 Bengaluru, Karnataka; 136 affected, 7 reports. Deploy "
SLM-000156,train,IMMEDIATE,True,True,True,True,True,True,True,True,True,"IMMEDIATE: flooding and rescue emergencies plus 1 more, ZONE-4 Pune, Maharashtra. 5 reports, 125 affected. rescue rope a"
SLM-000157,train,ROUTINE,True,True,True,True,True,True,True,True,True,"ROUTINE - ZONE-1 Pune (Maharashtra): flooding and medical emergencies plus 1 more, 25 affected across 6 reports. drainag"
SLM-000158,test,ELEVATED,True,True,True,True,True,True,True,True,True,"ELEVATED - ZONE-4 Nashik (Maharashtra): flooding and medical emergencies plus 1 more, 49 affected across 6 reports. sand"
SLM-000159,train,ELEVATED,True,True,True,True,True,True,True,True,True,"ELEVATED: rescue emergencies and flooding plus 1 more, ZONE-2 Kodagu, Karnataka. 5 reports, 45 affected. Send rescue rop"
SLM-000160,train,ELEVATED,True,True,True,True,True,True,True,True,True,"ELEVATED: flooding and medical emergencies plus 1 more, ZONE-5 Patna, Bihar. 8 reports, 66 affected. Deploy life jackets"
SLM-000161,train,URGENT,True,True,True,True,True,True,True,True,True,"URGENT: ZONE-2 Guwahati, Assam -- rescue emergencies and flooding. 5 reports, 103 affected. Send rescue rope and ladder "
SLM-000162,train,URGENT,True,True,True,True,True,True,True,True,True,"URGENT - ZONE-2 Thanjavur (Tamil Nadu): flooding and road blockages, 78 affected across 6 reports. Deploy water pump and"
SLM-000163,train,ELEVATED,True,True,True,True,True,True,True,True,True,"ELEVATED: flooding and rescue emergencies plus 1 more, ZONE-3 Kendrapara, Odisha. 5 reports, 45 affected. Send water pum"
SLM-000164,train,ELEVATED,True,True,True,True,True,True,True,True,True,"ELEVATED. flooding and rescue emergencies plus 2 more in ZONE-1 Coimbatore, Tamil Nadu; 65 affected, 5 reports. Deploy r"
SLM-000165,train,URGENT,True,True,True,True,True,True,True,True,True,"URGENT. rescue emergencies and flooding in ZONE-2 Alappuzha, Kerala; 67 affected, 5 reports. Deploy fire and rescue unit"
SLM-000166,train,URGENT,True,True,True,True,True,True,True,True,True,"URGENT: road blockages and flooding plus 1 more, ZONE-1 Ahmedabad, Gujarat. 5 reports, 101 affected. rescue boat and tow"
SLM-000167,train,IMMEDIATE,True,True,True,True,True,True,True,True,True,"IMMEDIATE - ZONE-2 Pune (Maharashtra): flooding and road blockages plus 1 more, 122 affected across 5 reports. water pum"
SLM-000168,train,IMMEDIATE,True,True,True,True,True,True,True,True,True,"IMMEDIATE. flooding and rescue emergencies plus 1 more in ZONE-3 Malda, West Bengal; 323 affected, 7 reports. Deploy rel"
SLM-000169,train,ROUTINE,True,True,True,True,True,True,True,True,True,"ROUTINE - ZONE-2 Nagpur (Maharashtra): rescue emergencies and flooding, 17 affected across 5 reports. Dispatch fire and "
SLM-000170,test,ROUTINE,True,True,True,True,True,True,True,True,True,"ROUTINE. flooding in ZONE-4 Prayagraj, Uttar Pradesh; 16 affected, 5 reports. Dispatch drainage team and rescue boat plu"
SLM-000171,train,URGENT,True,True,True,True,True,True,True,True,True,"URGENT - ZONE-5 Balasore (Odisha): rescue emergencies and medical emergencies plus 2 more, 81 affected across 5 reports."
SLM-000172,validation,URGENT,True,True,True,True,True,True,True,True,True,"URGENT: flooding and rescue emergencies, ZONE-4 Gaya, Bihar. 5 reports, 56 affected. relief supplies and rescue boat plu"
SLM-000173,train,URGENT,True,True,True,True,True,True,True,True,True,"URGENT - ZONE-3 Gorakhpur (Uttar Pradesh): flooding and rescue emergencies plus 1 more, 59 affected across 5 reports. Di"
SLM-000174,train,IMMEDIATE,True,True,True,True,True,True,True,True,True,"IMMEDIATE: flooding and road blockages plus 1 more, ZONE-1 Murshidabad, West Bengal. 6 reports, 233 affected. Deploy wat"
SLM-000175,train,ELEVATED,True,True,True,True,True,True,True,True,True,"ELEVATED: ZONE-2 Bhubaneswar, Odisha -- rescue emergencies and road blockages plus 1 more. 5 reports, 45 affected. Dispa"
SLM-000176,train,ELEVATED,True,True,True,True,True,True,True,True,True,"ELEVATED - ZONE-3 Gorakhpur (Uttar Pradesh): road blockages and medical emergencies plus 1 more, 55 affected across 8 re"
SLM-000177,train,ROUTINE,True,True,True,True,True,True,True,True,True,"ROUTINE: rescue emergencies and flooding, ZONE-5 Kochi, Kerala. 5 reports, 18 affected. rescue boat and ambulance plus 1"
SLM-000178,train,URGENT,True,True,True,True,True,True,True,True,True,"URGENT: ZONE-5 Howrah, West Bengal -- flooding and medical emergencies plus 1 more. 8 reports, 194 affected. Send life j"
SLM-000179,train,ROUTINE,True,True,True,True,True,True,True,True,True,"ROUTINE - ZONE-4 Madurai (Tamil Nadu): medical emergencies and flooding plus 1 more, 19 affected across 6 reports. Send "
SLM-000180,train,IMMEDIATE,True,True,True,True,True,True,True,True,True,"IMMEDIATE. rescue emergencies and flooding plus 1 more in ZONE-2 Bengaluru, Karnataka; 142 affected, 6 reports. Deploy e"
SLM-000181,validation,URGENT,True,True,True,True,True,True,True,True,True,"URGENT: road blockages and rescue emergencies plus 1 more, ZONE-5 Vadodara, Gujarat. 6 reports, 79 affected. traffic pol"
SLM-000182,train,URGENT,True,True,True,True,True,True,True,True,True,"URGENT. rescue emergencies and flooding plus 1 more in ZONE-4 Nashik, Maharashtra; 144 affected, 5 reports. Dispatch tow"
SLM-000183,train,IMMEDIATE,True,True,True,True,True,True,True,True,True,"IMMEDIATE: medical emergencies and road blockages plus 2 more, ZONE-2 Gorakhpur, Uttar Pradesh. 5 reports, 79 affected. "
SLM-000184,train,ROUTINE,True,True,True,True,True,True,True,True,True,"ROUTINE: ZONE-5 Rajkot, Gujarat -- rescue emergencies and flooding plus 1 more. 5 reports, 17 affected. Deploy NDRF floo"
SLM-000185,train,ELEVATED,True,True,True,True,True,True,True,True,True,"ELEVATED. road blockages and rescue emergencies plus 1 more in ZONE-3 Kodagu, Karnataka; 47 affected, 5 reports. Send wa"
SLM-000186,validation,IMMEDIATE,True,True,True,True,True,True,True,True,True,"IMMEDIATE. rescue emergencies and flooding plus 1 more in ZONE-5 Surat, Gujarat; 95 affected, 5 reports. Send NDRF rescu"
SLM-000187,test,ELEVATED,True,True,True,True,True,True,True,True,True,"ELEVATED: ZONE-5 Darjeeling, West Bengal -- rescue emergencies and flooding plus 2 more. 6 reports, 35 affected. Dispatc"
SLM-000188,train,ELEVATED,True,True,True,True,True,True,True,True,True,"ELEVATED - ZONE-3 Lucknow (Uttar Pradesh): flooding and medical emergencies plus 1 more, 76 affected across 7 reports. D"
SLM-000189,validation,IMMEDIATE,True,True,True,True,True,True,True,True,True,"IMMEDIATE. rescue emergencies and flooding plus 1 more in ZONE-3 Bhagalpur, Bihar; 142 affected, 7 reports. rescue rope "
SLM-000190,train,ELEVATED,True,True,True,True,True,True,True,True,True,"ELEVATED: ZONE-5 Thrissur, Kerala -- rescue emergencies and medical emergencies plus 1 more. 5 reports, 24 affected. Dep"
SLM-000191,train,ELEVATED,True,True,True,True,True,True,True,True,True,"ELEVATED: ZONE-1 Udupi, Karnataka -- flooding and rescue emergencies plus 1 more. 5 reports, 41 affected. Deploy rescue "
SLM-000192,train,URGENT,True,True,True,True,True,True,True,True,True,"URGENT - ZONE-3 Bengaluru (Karnataka): flooding and rescue emergencies plus 1 more, 128 affected across 5 reports. Send "
SLM-000193,validation,URGENT,True,True,True,True,True,True,True,True,True,"URGENT: rescue emergencies and flooding, ZONE-1 Chennai, Tamil Nadu. 5 reports, 28 affected. ambulance and NDRF flood re"
SLM-000194,validation,ELEVATED,True,True,True,True,True,True,True,True,True,"ELEVATED. rescue emergencies and flooding in ZONE-5 Kodagu, Karnataka; 49 affected, 5 reports. fire and rescue unit and "
SLM-000195,train,ELEVATED,True,True,True,True,True,True,True,True,True,"ELEVATED - ZONE-2 Guwahati (Assam): flooding and road blockages, 61 affected across 7 reports. Send water pump and road "
SLM-000196,validation,ELEVATED,True,True,True,True,True,True,True,True,True,"ELEVATED - ZONE-2 Coimbatore (Tamil Nadu): flooding and rescue emergencies, 80 affected across 7 reports. Send NDRF floo"
SLM-000197,train,ELEVATED,True,True,True,True,True,True,True,True,True,"ELEVATED: ZONE-2 Prayagraj, Uttar Pradesh -- medical emergencies and rescue emergencies plus 1 more. 5 reports, 39 affec"
SLM-000198,train,URGENT,True,True,True,True,True,True,True,True,True,"URGENT. flooding and road blockages in ZONE-1 Mysuru, Karnataka; 179 affected, 6 reports. Send life jackets and tow truc"
SLM-000199,test,IMMEDIATE,True,True,True,True,True,True,True,True,True,"IMMEDIATE: ZONE-3 Kolhapur, Maharashtra -- flooding and rescue emergencies. 5 reports, 126 affected. Send NDRF rescue te"
SLM-000200,train,IMMEDIATE,True,True,True,True,True,True,True,True,True,"IMMEDIATE. rescue emergencies and flooding in ZONE-4 Kozhikode, Kerala; 122 affected, 5 reports. life jackets and water "
SLM-000201,train,URGENT,True,True,True,True,True,True,True,True,True,"URGENT: flooding and rescue emergencies, ZONE-4 Surat, Gujarat. 5 reports, 106 affected. Deploy NDRF flood rescue team a"
SLM-000202,validation,IMMEDIATE,True,True,True,True,True,True,True,True,True,"IMMEDIATE: ZONE-4 Pune, Maharashtra -- flooding and rescue emergencies plus 1 more. 5 reports, 152 affected. Send sandba"
SLM-000203,train,ELEVATED,True,True,True,True,True,True,True,True,True,"ELEVATED - ZONE-5 Balasore (Odisha): road blockages and medical emergencies plus 1 more, 45 affected across 6 reports. D"
SLM-000204,train,ELEVATED,True,True,True,True,True,True,True,True,True,"ELEVATED: flooding and rescue emergencies, ZONE-1 Dhemaji, Assam. 6 reports, 46 affected. Deploy NDRF rescue team and li"
SLM-000205,train,IMMEDIATE,True,True,True,True,True,True,True,True,True,"IMMEDIATE: road blockages and flooding plus 2 more, ZONE-1 Bengaluru, Karnataka. 5 reports, 127 affected. water pump and"
SLM-000206,test,ELEVATED,True,True,True,True,True,True,True,True,True,"ELEVATED. rescue emergencies and flooding in ZONE-2 Balasore, Odisha; 46 affected, 5 reports. rescue rope and ladder and"
SLM-000207,train,URGENT,True,True,True,True,True,True,True,True,True,"URGENT: flooding and medical emergencies plus 1 more, ZONE-1 Ahmedabad, Gujarat. 5 reports, 72 affected. Deploy relief s"
SLM-000208,train,ELEVATED,True,True,True,True,True,True,True,True,True,"ELEVATED: ZONE-3 Malda, West Bengal -- flooding and medical emergencies plus 2 more. 6 reports, 48 affected. Send rescue"
SLM-000209,train,IMMEDIATE,True,True,True,True,True,True,True,True,True,"IMMEDIATE. road blockages and rescue emergencies plus 1 more in ZONE-5 Puri, Odisha; 64 affected, 5 reports. Send traffi"
SLM-000210,train,IMMEDIATE,True,True,True,True,True,True,True,True,True,"IMMEDIATE. flooding and road blockages in ZONE-2 Malda, West Bengal; 114 affected, 6 reports. Dispatch drainage team and"
SLM-000211,train,ELEVATED,True,True,True,True,True,True,True,True,True,"ELEVATED: flooding and medical emergencies, ZONE-4 Gaya, Bihar. 5 reports, 41 affected. Deploy water pump and NDRF flood"
SLM-000212,test,URGENT,True,True,True,True,True,True,True,True,True,"URGENT: flooding and rescue emergencies plus 1 more, ZONE-2 Howrah, West Bengal. 5 reports, 90 affected. Send water pump"
SLM-000213,validation,IMMEDIATE,True,True,True,True,True,True,True,True,True,"IMMEDIATE. flooding and rescue emergencies plus 2 more in ZONE-4 Malda, West Bengal; 340 affected, 7 reports. Send road "
SLM-000214,validation,IMMEDIATE,True,True,True,True,True,True,True,True,True,"IMMEDIATE: ZONE-1 Howrah, West Bengal -- road blockages and rescue emergencies plus 1 more. 5 reports, 97 affected. Depl"
SLM-000215,train,IMMEDIATE,True,True,True,True,True,True,True,True,True,"IMMEDIATE - ZONE-4 Bhagalpur (Bihar): road blockages and rescue emergencies plus 1 more, 167 affected across 7 reports. "
SLM-000216,train,ROUTINE,True,True,True,True,True,True,True,True,True,"ROUTINE - ZONE-3 Darbhanga (Bihar): flooding, 17 affected across 5 reports. Send life jackets and relief supplies plus 1"
SLM-000217,train,ELEVATED,True,True,True,True,True,True,True,True,True,"ELEVATED - ZONE-3 Gorakhpur (Uttar Pradesh): flooding and rescue emergencies, 38 affected across 5 reports. Dispatch wat"
SLM-000218,train,IMMEDIATE,True,True,True,True,True,True,True,True,True,"IMMEDIATE: ZONE-2 Madurai, Tamil Nadu -- flooding. 5 reports, 116 affected. Send relief supplies and sandbags plus 1 mor"
SLM-000219,train,ROUTINE,True,True,True,True,True,True,True,True,True,"ROUTINE: ZONE-1 Kozhikode, Kerala -- flooding and road blockages plus 1 more. 6 reports, 23 affected. Send ambulance and"
SLM-000220,train,IMMEDIATE,True,True,True,True,True,True,True,True,True,"IMMEDIATE - ZONE-4 Kochi (Kerala): rescue emergencies and flooding plus 1 more, 114 affected across 6 reports. Deploy re"
SLM-000221,train,ELEVATED,True,True,True,True,True,True,True,True,True,"ELEVATED. rescue emergencies and road blockages plus 1 more in ZONE-3 Nagpur, Maharashtra; 55 affected, 5 reports. Send "
SLM-000222,train,URGENT,True,True,True,True,True,True,True,True,True,"URGENT: ZONE-3 Kolkata, West Bengal -- flooding and road blockages plus 1 more. 6 reports, 146 affected. Dispatch tow tr"
SLM-000223,test,ELEVATED,True,True,True,True,True,True,True,True,True,"ELEVATED. flooding and road blockages plus 1 more in ZONE-1 Balasore, Odisha; 60 affected, 8 reports. Deploy relief supp"
SLM-000224,train,ELEVATED,True,True,True,True,True,True,True,True,True,"ELEVATED: flooding and medical emergencies plus 1 more, ZONE-5 Pune, Maharashtra. 6 reports, 34 affected. NDRF rescue te"
SLM-000225,train,IMMEDIATE,True,True,True,True,True,True,True,True,True,"IMMEDIATE. flooding and rescue emergencies plus 1 more in ZONE-2 Thanjavur, Tamil Nadu; 163 affected, 6 reports. Deploy "
SLM-000226,train,IMMEDIATE,True,True,True,True,True,True,True,True,True,"IMMEDIATE. flooding and road blockages plus 1 more in ZONE-3 Balasore, Odisha; 84 affected, 6 reports. Send NDRF flood r"
SLM-000227,validation,ELEVATED,True,True,True,True,True,True,True,True,True,"ELEVATED: ZONE-5 Barpeta, Assam -- flooding and rescue emergencies. 5 reports, 35 affected. Dispatch ambulance and life "
SLM-000228,train,URGENT,True,True,True,True,True,True,True,True,True,"URGENT: ZONE-4 Thanjavur, Tamil Nadu -- flooding and road blockages. 5 reports, 82 affected. Dispatch water pump and lif"
SLM-000229,train,ELEVATED,True,True,True,True,True,True,True,True,True,"ELEVATED - ZONE-2 Dhemaji (Assam): medical emergencies and flooding plus 2 more, 79 affected across 8 reports. life jack"
SLM-000230,train,ELEVATED,True,True,True,True,True,True,True,True,True,"ELEVATED. flooding and rescue emergencies plus 1 more in ZONE-2 Nashik, Maharashtra; 66 affected, 7 reports. Deploy wate"
SLM-000231,train,URGENT,True,True,True,True,True,True,True,True,True,"URGENT: road blockages and rescue emergencies plus 1 more, ZONE-4 Darbhanga, Bihar. 5 reports, 136 affected. Dispatch to"
SLM-000232,train,ELEVATED,True,True,True,True,True,True,True,True,True,"ELEVATED. rescue emergencies and flooding plus 1 more in ZONE-1 Gorakhpur, Uttar Pradesh; 61 affected, 6 reports. ambula"
SLM-000233,train,ELEVATED,True,True,True,True,True,True,True,True,True,"ELEVATED. flooding and rescue emergencies plus 2 more in ZONE-3 Bengaluru, Karnataka; 46 affected, 5 reports. Deploy wat"
SLM-000234,test,ROUTINE,True,True,True,True,True,True,True,True,True,"ROUTINE: ZONE-2 Nagpur, Maharashtra -- flooding and road blockages plus 1 more. 7 reports, 31 affected. Send rescue boat"
SLM-000235,train,URGENT,True,True,True,True,True,True,True,True,True,"URGENT: road blockages and rescue emergencies plus 2 more, ZONE-2 Kottayam, Kerala. 5 reports, 85 affected. Send ambulan"
SLM-000236,train,URGENT,True,True,True,True,True,True,True,True,True,"URGENT: road blockages and flooding plus 1 more, ZONE-3 Nagpur, Maharashtra. 5 reports, 55 affected. Dispatch tow truck "
SLM-000237,train,URGENT,True,True,True,True,True,True,True,True,True,"URGENT: ZONE-1 Bharuch, Gujarat -- flooding and medical emergencies plus 1 more. 8 reports, 146 affected. Dispatch relie"
SLM-000238,train,URGENT,True,True,True,True,True,True,True,True,True,"URGENT: road blockages and flooding plus 2 more, ZONE-3 Pune, Maharashtra. 6 reports, 110 affected. Send life jackets an"
SLM-000239,train,ELEVATED,True,True,True,True,True,True,True,True,True,"ELEVATED - ZONE-2 Mumbai (Maharashtra): road blockages and flooding plus 1 more, 75 affected across 7 reports. Dispatch "
SLM-000240,train,URGENT,True,True,True,True,True,True,True,True,True,"URGENT. rescue emergencies and flooding in ZONE-2 Kozhikode, Kerala; 96 affected, 5 reports. fire and rescue unit and sa"
SLM-000241,train,IMMEDIATE,True,True,True,True,True,True,True,True,True,"IMMEDIATE. flooding and rescue emergencies in ZONE-3 Patna, Bihar; 191 affected, 6 reports. Dispatch NDRF flood rescue t"
SLM-000242,train,URGENT,True,True,True,True,True,True,True,True,True,"URGENT - ZONE-4 Bengaluru (Karnataka): road blockages and rescue emergencies plus 1 more, 150 affected across 6 reports."
SLM-000243,validation,IMMEDIATE,True,True,True,True,True,True,True,True,True,"IMMEDIATE: flooding and road blockages, ZONE-4 Darbhanga, Bihar. 5 reports, 142 affected. NDRF flood rescue team and san"
SLM-000244,train,IMMEDIATE,True,True,True,True,True,True,True,True,True,"IMMEDIATE. road blockages and flooding plus 2 more in ZONE-5 Nashik, Maharashtra; 154 affected, 7 reports. Deploy ambula"
SLM-000245,train,ROUTINE,True,True,True,True,True,True,True,True,True,"ROUTINE: ZONE-5 Patna, Bihar -- rescue emergencies and flooding plus 1 more. 7 reports, 19 affected. fire and rescue uni"
SLM-000246,validation,IMMEDIATE,True,True,True,True,True,True,True,True,True,"IMMEDIATE: flooding and rescue emergencies plus 2 more, ZONE-2 Kolhapur, Maharashtra. 7 reports, 131 affected. Deploy me"
SLM-000247,train,ELEVATED,True,True,True,True,True,True,True,True,True,"ELEVATED. flooding and rescue emergencies plus 1 more in ZONE-4 Gorakhpur, Uttar Pradesh; 52 affected, 8 reports. Dispat"
SLM-000248,train,IMMEDIATE,True,True,True,True,True,True,True,True,True,"IMMEDIATE: ZONE-5 Chennai, Tamil Nadu -- flooding and medical emergencies plus 1 more. 5 reports, 196 affected. Send wat"
SLM-000249,train,ROUTINE,True,True,True,True,True,True,True,True,True,"ROUTINE. medical emergencies and flooding plus 2 more in ZONE-4 Pune, Maharashtra; 26 affected, 7 reports. Deploy medica"
SLM-000250,train,IMMEDIATE,True,True,True,True,True,True,True,True,True,"IMMEDIATE. flooding and rescue emergencies in ZONE-5 Balasore, Odisha; 78 affected, 5 reports. Dispatch life jackets and"
SLM-000251,validation,ELEVATED,True,True,True,True,True,True,True,True,True,"ELEVATED. rescue emergencies and flooding plus 1 more in ZONE-5 Bengaluru, Karnataka; 61 affected, 7 reports. NDRF rescu"
SLM-000252,train,IMMEDIATE,True,True,True,True,True,True,True,True,True,"IMMEDIATE: ZONE-5 Darjeeling, West Bengal -- flooding and medical emergencies plus 2 more. 6 reports, 116 affected. Disp"
SLM-000253,train,IMMEDIATE,True,True,True,True,True,True,True,True,True,"IMMEDIATE: ZONE-5 Gaya, Bihar -- flooding. 5 reports, 134 affected. rescue boat and NDRF flood rescue team plus 1 more t"
SLM-000254,validation,URGENT,True,True,True,True,True,True,True,True,True,"URGENT - ZONE-3 Mumbai (Maharashtra): rescue emergencies and flooding plus 2 more, 142 affected across 5 reports. Send r"
SLM-000255,test,URGENT,True,True,True,True,True,True,True,True,True,"URGENT: ZONE-1 Kozhikode, Kerala -- flooding and rescue emergencies plus 1 more. 8 reports, 130 affected. Dispatch water"
SLM-000256,validation,IMMEDIATE,True,True,True,True,True,True,True,True,True,"IMMEDIATE: ZONE-4 Barpeta, Assam -- rescue emergencies and road blockages plus 1 more. 5 reports, 146 affected. Deploy f"
SLM-000257,train,ELEVATED,True,True,True,True,True,True,True,True,True,"ELEVATED - ZONE-3 Dhemaji (Assam): rescue emergencies and medical emergencies plus 2 more, 49 affected across 6 reports."
SLM-000258,train,URGENT,True,True,True,True,True,True,True,True,True,"URGENT - ZONE-3 Patna (Bihar): flooding and rescue emergencies, 36 affected across 5 reports. rescue boat and ambulance "
SLM-000259,validation,IMMEDIATE,True,True,True,True,True,True,True,True,True,"IMMEDIATE. flooding and medical emergencies plus 1 more in ZONE-3 Thanjavur, Tamil Nadu; 272 affected, 6 reports. Send p"
SLM-000260,train,URGENT,True,True,True,True,True,True,True,True,True,"URGENT. rescue emergencies and flooding plus 1 more in ZONE-3 Mangaluru, Karnataka; 71 affected, 6 reports. Deploy ambul"
SLM-000261,train,ELEVATED,True,True,True,True,True,True,True,True,True,"ELEVATED - ZONE-5 Darjeeling (West Bengal): flooding and road blockages plus 1 more, 34 affected across 5 reports. Send "
SLM-000262,train,IMMEDIATE,True,True,True,True,True,True,True,True,True,"IMMEDIATE. flooding and medical emergencies plus 2 more in ZONE-4 Gorakhpur, Uttar Pradesh; 201 affected, 6 reports. wat"
SLM-000263,train,IMMEDIATE,True,True,True,True,True,True,True,True,True,"IMMEDIATE - ZONE-5 Gaya (Bihar): road blockages and flooding plus 1 more, 43 affected across 5 reports. Send traffic pol"
SLM-000264,train,URGENT,True,True,True,True,True,True,True,True,True,"URGENT: rescue emergencies and flooding, ZONE-4 Nashik, Maharashtra. 5 reports, 82 affected. ambulance and rescue rope a"
SLM-000265,validation,IMMEDIATE,True,True,True,True,True,True,True,True,True,"IMMEDIATE: road blockages and flooding plus 1 more, ZONE-2 Muzaffarpur, Bihar. 5 reports, 136 affected. water pump and e"
SLM-000266,train,ROUTINE,True,True,True,True,True,True,True,True,True,"ROUTINE: ZONE-4 Muzaffarpur, Bihar -- flooding. 5 reports, 16 affected. Send drainage team and relief supplies plus 1 mo"
SLM-000267,train,IMMEDIATE,True,True,True,True,True,True,True,True,True,"IMMEDIATE: ZONE-2 Gorakhpur, Uttar Pradesh -- flooding and rescue emergencies. 5 reports, 178 affected. Send water pump "
SLM-000268,train,URGENT,True,True,True,True,True,True,True,True,True,"URGENT: road blockages and flooding plus 2 more, ZONE-5 Balasore, Odisha. 5 reports, 100 affected. drainage team and tow"
SLM-000269,test,URGENT,True,True,True,True,True,True,True,True,True,"URGENT. flooding and rescue emergencies plus 1 more in ZONE-5 Thanjavur, Tamil Nadu; 66 affected, 5 reports. water pump "
SLM-000270,train,IMMEDIATE,True,True,True,True,True,True,True,True,True,"IMMEDIATE. road blockages and flooding in ZONE-3 Mangaluru, Karnataka; 142 affected, 5 reports. Dispatch life jackets an"
SLM-000271,train,URGENT,True,True,True,True,True,True,True,True,True,"URGENT - ZONE-1 Varanasi (Uttar Pradesh): rescue emergencies and flooding plus 1 more, 61 affected across 5 reports. Dep"
SLM-000272,train,IMMEDIATE,True,True,True,True,True,True,True,True,True,"IMMEDIATE: ZONE-5 Puri, Odisha -- flooding and rescue emergencies plus 2 more. 6 reports, 136 affected. Deploy relief su"
SLM-000273,validation,ROUTINE,True,True,True,True,True,True,True,True,True,"ROUTINE: rescue emergencies and flooding plus 1 more, ZONE-4 Surat, Gujarat. 6 reports, 22 affected. Dispatch water pump"
SLM-000274,train,URGENT,True,True,True,True,True,True,True,True,True,"URGENT. rescue emergencies and flooding plus 2 more in ZONE-1 Kolkata, West Bengal; 284 affected, 12 reports. Deploy amb"
SLM-000275,train,IMMEDIATE,True,True,True,True,True,True,True,True,True,"IMMEDIATE. rescue emergencies and flooding plus 1 more in ZONE-3 Kanpur, Uttar Pradesh; 143 affected, 5 reports. Deploy "
SLM-000276,train,IMMEDIATE,True,True,True,True,True,True,True,True,True,"IMMEDIATE - ZONE-3 Bhubaneswar (Odisha): rescue emergencies and flooding plus 1 more, 119 affected across 6 reports. amb"
SLM-000277,train,IMMEDIATE,True,True,True,True,True,True,True,True,True,"IMMEDIATE: flooding and road blockages, ZONE-3 Dhemaji, Assam. 6 reports, 153 affected. Dispatch water pump and NDRF flo"
SLM-000278,train,ELEVATED,True,True,True,True,True,True,True,True,True,"ELEVATED: rescue emergencies and medical emergencies plus 1 more, ZONE-1 Bharuch, Gujarat. 5 reports, 29 affected. NDRF "
SLM-000279,train,IMMEDIATE,True,True,True,True,True,True,True,True,True,"IMMEDIATE: flooding and rescue emergencies, ZONE-1 Kolhapur, Maharashtra. 5 reports, 197 affected. Dispatch relief suppl"
SLM-000280,validation,IMMEDIATE,True,True,True,True,True,True,True,True,True,"IMMEDIATE: ZONE-3 Bharuch, Gujarat -- flooding and road blockages plus 1 more. 7 reports, 143 affected. NDRF flood rescu"
SLM-000281,validation,IMMEDIATE,True,True,True,True,True,True,True,True,True,"IMMEDIATE - ZONE-2 Kendrapara (Odisha): medical emergencies and rescue emergencies plus 1 more, 126 affected across 5 re"
SLM-000282,validation,ROUTINE,True,True,True,True,True,True,True,True,True,"ROUTINE - ZONE-3 Alappuzha (Kerala): medical emergencies and rescue emergencies plus 2 more, 21 affected across 5 report"
SLM-000283,train,ELEVATED,True,True,True,True,True,True,True,True,True,"ELEVATED: ZONE-3 Kochi, Kerala -- road blockages and rescue emergencies plus 1 more. 5 reports, 36 affected. Send rescue"
SLM-000284,train,URGENT,True,True,True,True,True,True,True,True,True,"URGENT: rescue emergencies and flooding plus 2 more, ZONE-2 Coimbatore, Tamil Nadu. 5 reports, 61 affected. Send rescue "
SLM-000285,train,URGENT,True,True,True,True,True,True,True,True,True,"URGENT. road blockages and rescue emergencies plus 1 more in ZONE-1 Murshidabad, West Bengal; 55 affected, 6 reports. De"
SLM-000286,train,URGENT,True,True,True,True,True,True,True,True,True,"URGENT: ZONE-4 Patna, Bihar -- rescue emergencies and flooding plus 1 more. 6 reports, 107 affected. Send water pump and"
SLM-000287,test,URGENT,True,True,True,True,True,True,True,True,True,"URGENT - ZONE-1 Mangaluru (Karnataka): flooding and rescue emergencies plus 1 more, 65 affected across 5 reports. Dispat"
SLM-000288,train,URGENT,True,True,True,True,True,True,True,True,True,"URGENT. medical emergencies and flooding plus 2 more in ZONE-2 Murshidabad, West Bengal; 62 affected, 5 reports. Send re"
SLM-000289,train,ROUTINE,True,True,True,True,True,True,True,True,True,"ROUTINE. rescue emergencies and medical emergencies plus 2 more in ZONE-3 Tiruppur, Tamil Nadu; 32 affected, 8 reports. "
SLM-000290,train,IMMEDIATE,True,True,True,True,True,True,True,True,True,"IMMEDIATE: flooding and road blockages plus 1 more, ZONE-5 Kolhapur, Maharashtra. 5 reports, 106 affected. Deploy rescue"
SLM-000291,test,ELEVATED,True,True,True,True,True,True,True,True,True,"ELEVATED - ZONE-2 Cuttack (Odisha): flooding and rescue emergencies plus 2 more, 66 affected across 7 reports. Dispatch "
SLM-000292,train,URGENT,True,True,True,True,True,True,True,True,True,"URGENT: ZONE-1 Lucknow, Uttar Pradesh -- flooding and rescue emergencies. 5 reports, 128 affected. Dispatch water pump a"
SLM-000293,train,ELEVATED,True,True,True,True,True,True,True,True,True,"ELEVATED. flooding in ZONE-3 Kochi, Kerala; 43 affected, 5 reports. Deploy life jackets and NDRF flood rescue team plus "
SLM-000294,train,IMMEDIATE,True,True,True,True,True,True,True,True,True,"IMMEDIATE - ZONE-3 Thanjavur (Tamil Nadu): road blockages and rescue emergencies plus 2 more, 92 affected across 5 repor"
SLM-000295,train,URGENT,True,True,True,True,True,True,True,True,True,"URGENT: flooding and rescue emergencies plus 1 more, ZONE-4 Nashik, Maharashtra. 6 reports, 95 affected. Send road clear"
SLM-000296,validation,URGENT,True,True,True,True,True,True,True,True,True,"URGENT. flooding and rescue emergencies in ZONE-3 Gaya, Bihar; 47 affected, 5 reports. Deploy relief supplies and rescue"
SLM-000297,test,ELEVATED,True,True,True,True,True,True,True,True,True,"ELEVATED. rescue emergencies and medical emergencies plus 1 more in ZONE-4 Guwahati, Assam; 48 affected, 5 reports. fire"
SLM-000298,train,ELEVATED,True,True,True,True,True,True,True,True,True,"ELEVATED: ZONE-2 Murshidabad, West Bengal -- rescue emergencies and flooding plus 1 more. 6 reports, 49 affected. Dispat"
SLM-000299,train,ELEVATED,True,True,True,True,True,True,True,True,True,"ELEVATED: ZONE-5 Dhemaji, Assam -- flooding and medical emergencies plus 2 more. 5 reports, 45 affected. Deploy water pu"
SLM-000300,train,URGENT,True,True,True,True,True,True,True,True,True,"URGENT: flooding, ZONE-3 Nashik, Maharashtra. 5 reports, 42 affected. Send drainage team and water pump plus 1 more to v"
SLM-000301,train,IMMEDIATE,True,True,True,True,True,True,True,True,True,"IMMEDIATE: ZONE-1 Thrissur, Kerala -- flooding and rescue emergencies plus 2 more. 9 reports, 187 affected. Dispatch wat"
SLM-000302,train,URGENT,True,True,True,True,True,True,True,True,True,"URGENT: ZONE-3 Bhagalpur, Bihar -- flooding. 6 reports, 74 affected. Deploy water pump and relief supplies plus 1 more t"
SLM-000303,test,ELEVATED,True,True,True,True,True,True,True,True,True,"ELEVATED. flooding and rescue emergencies plus 1 more in ZONE-3 Bengaluru, Karnataka; 33 affected, 5 reports. Deploy NDR"
SLM-000304,validation,IMMEDIATE,True,True,True,True,True,True,True,True,True,"IMMEDIATE: ZONE-2 Ahmedabad, Gujarat -- flooding and road blockages plus 1 more. 5 reports, 156 affected. Dispatch road "
SLM-000305,train,IMMEDIATE,True,True,True,True,True,True,True,True,True,"IMMEDIATE: rescue emergencies and flooding plus 1 more, ZONE-4 Kochi, Kerala. 6 reports, 139 affected. Deploy life jacke"
SLM-000306,test,IMMEDIATE,True,True,True,True,True,True,True,True,True,"IMMEDIATE - ZONE-5 Mangaluru (Karnataka): road blockages and flooding plus 1 more, 219 affected across 6 reports. Send r"
SLM-000307,train,ROUTINE,True,True,True,True,True,True,True,True,True,"ROUTINE - ZONE-2 Kozhikode (Kerala): road blockages and flooding plus 1 more, 18 affected across 5 reports. Deploy earth"
SLM-000308,train,IMMEDIATE,True,True,True,True,True,True,True,True,True,"IMMEDIATE - ZONE-4 Malda (West Bengal): rescue emergencies and flooding plus 1 more, 151 affected across 6 reports. Disp"
SLM-000309,train,URGENT,True,True,True,True,True,True,True,True,True,"URGENT: rescue emergencies and medical emergencies plus 1 more, ZONE-5 Rajkot, Gujarat. 5 reports, 107 affected. Deploy "
SLM-000310,train,URGENT,True,True,True,True,True,True,True,True,True,"URGENT - ZONE-1 Darjeeling (West Bengal): medical emergencies and flooding plus 2 more, 129 affected across 7 reports. a"
SLM-000311,train,ROUTINE,True,True,True,True,True,True,True,True,True,"ROUTINE: ZONE-5 Thanjavur, Tamil Nadu -- road blockages and medical emergencies plus 1 more. 5 reports, 21 affected. Dis"
SLM-000312,train,URGENT,True,True,True,True,True,True,True,True,True,"URGENT: ZONE-2 Malda, West Bengal -- flooding and rescue emergencies. 5 reports, 94 affected. rescue boat and water pump"
SLM-000313,train,IMMEDIATE,True,True,True,True,True,True,True,True,True,"IMMEDIATE - ZONE-5 Murshidabad (West Bengal): rescue emergencies and flooding plus 1 more, 153 affected across 5 reports"
SLM-000314,validation,IMMEDIATE,True,True,True,True,True,True,True,True,True,"IMMEDIATE - ZONE-2 Muzaffarpur (Bihar): flooding and rescue emergencies plus 1 more, 131 affected across 5 reports. Depl"
SLM-000315,validation,IMMEDIATE,True,True,True,True,True,True,True,True,True,"IMMEDIATE. rescue emergencies and flooding plus 1 more in ZONE-2 Dhemaji, Assam; 173 affected, 7 reports. fire and rescu"
SLM-000316,train,URGENT,True,True,True,True,True,True,True,True,True,"URGENT: ZONE-4 Kolhapur, Maharashtra -- medical emergencies and road blockages plus 2 more. 6 reports, 39 affected. para"
SLM-000317,validation,IMMEDIATE,True,True,True,True,True,True,True,True,True,"IMMEDIATE: road blockages and flooding plus 1 more, ZONE-5 Bharuch, Gujarat. 5 reports, 300 affected. water pump and ear"
SLM-000318,train,ELEVATED,True,True,True,True,True,True,True,True,True,"ELEVATED: ZONE-3 Prayagraj, Uttar Pradesh -- flooding and road blockages. 6 reports, 64 affected. water pump and rescue "
SLM-000319,train,URGENT,True,True,True,True,True,True,True,True,True,"URGENT - ZONE-4 Bharuch (Gujarat): rescue emergencies and flooding plus 1 more, 127 affected across 5 reports. Deploy ND"
SLM-000320,train,ELEVATED,True,True,True,True,True,True,True,True,True,"ELEVATED: ZONE-3 Mangaluru, Karnataka -- flooding and rescue emergencies. 5 reports, 35 affected. Dispatch relief suppli"
SLM-000321,test,URGENT,True,True,True,True,True,True,True,True,True,"URGENT: rescue emergencies and flooding, ZONE-1 Nashik, Maharashtra. 8 reports, 240 affected. Dispatch NDRF rescue team "
SLM-000322,validation,URGENT,True,True,True,True,True,True,True,True,True,"URGENT: flooding and road blockages plus 1 more, ZONE-5 Coimbatore, Tamil Nadu. 5 reports, 35 affected. Deploy rescue bo"
SLM-000323,train,ELEVATED,True,True,True,True,True,True,True,True,True,"ELEVATED: ZONE-2 Nashik, Maharashtra -- rescue emergencies and road blockages plus 2 more. 5 reports, 49 affected. Send "
SLM-000324,validation,IMMEDIATE,True,True,True,True,True,True,True,True,True,"IMMEDIATE: ZONE-2 Mysuru, Karnataka -- flooding and rescue emergencies plus 1 more. 6 reports, 116 affected. Deploy NDRF"
SLM-000325,train,IMMEDIATE,True,True,True,True,True,True,True,True,True,"IMMEDIATE - ZONE-1 Coimbatore (Tamil Nadu): flooding and road blockages plus 1 more, 126 affected across 5 reports. road"
SLM-000326,validation,ELEVATED,True,True,True,True,True,True,True,True,True,"ELEVATED. flooding and road blockages plus 1 more in ZONE-5 Kendrapara, Odisha; 48 affected, 5 reports. Send life jacket"
SLM-000327,train,URGENT,True,True,True,True,True,True,True,True,True,"URGENT - ZONE-5 Tiruppur (Tamil Nadu): medical emergencies and rescue emergencies plus 1 more, 80 affected across 6 repo"
SLM-000328,train,ELEVATED,True,True,True,True,True,True,True,True,True,"ELEVATED - ZONE-1 Ahmedabad (Gujarat): flooding and rescue emergencies, 45 affected across 5 reports. Dispatch water pum"
SLM-000329,train,IMMEDIATE,True,True,True,True,True,True,True,True,True,"IMMEDIATE - ZONE-4 Ahmedabad (Gujarat): flooding and rescue emergencies, 280 affected across 6 reports. Send NDRF flood "
SLM-000330,train,ELEVATED,True,True,True,True,True,True,True,True,True,"ELEVATED: ZONE-3 Howrah, West Bengal -- flooding and road blockages plus 1 more. 5 reports, 56 affected. water pump and "
SLM-000331,train,ELEVATED,True,True,True,True,True,True,True,True,True,"ELEVATED. rescue emergencies and flooding in ZONE-5 Thanjavur, Tamil Nadu; 38 affected, 5 reports. Dispatch water pump a"
SLM-000332,test,ELEVATED,True,True,True,True,True,True,True,True,True,"ELEVATED: ZONE-3 Cuttack, Odisha -- rescue emergencies and road blockages plus 1 more. 5 reports, 48 affected. road clea"
SLM-000333,train,ELEVATED,True,True,True,True,True,True,True,True,True,"ELEVATED: ZONE-3 Mysuru, Karnataka -- rescue emergencies and flooding plus 1 more. 5 reports, 26 affected. Deploy fire a"
SLM-000334,test,URGENT,True,True,True,True,True,True,True,True,True,"URGENT: ZONE-5 Cuttack, Odisha -- flooding and medical emergencies plus 1 more. 7 reports, 180 affected. road clearance "
SLM-000335,train,ELEVATED,True,True,True,True,True,True,True,True,True,"ELEVATED: ZONE-4 Mangaluru, Karnataka -- flooding and medical emergencies plus 1 more. 7 reports, 68 affected. water pum"
SLM-000336,test,ELEVATED,True,True,True,True,True,True,True,True,True,"ELEVATED: ZONE-4 Darbhanga, Bihar -- road blockages and rescue emergencies plus 1 more. 6 reports, 42 affected. Send tra"
SLM-000337,train,URGENT,True,True,True,True,True,True,True,True,True,"URGENT. rescue emergencies and flooding in ZONE-5 Ahmedabad, Gujarat; 187 affected, 6 reports. Deploy ambulance and life"
SLM-000338,validation,IMMEDIATE,True,True,True,True,True,True,True,True,True,"IMMEDIATE: flooding and rescue emergencies plus 1 more, ZONE-3 Lucknow, Uttar Pradesh. 5 reports, 90 affected. Deploy re"
SLM-000339,validation,IMMEDIATE,True,True,True,True,True,True,True,True,True,"IMMEDIATE - ZONE-3 Rajkot (Gujarat): flooding and medical emergencies plus 2 more, 161 affected across 6 reports. Send N"
SLM-000340,test,ELEVATED,True,True,True,True,True,True,True,True,True,"ELEVATED: rescue emergencies and flooding plus 1 more, ZONE-3 Alappuzha, Kerala. 6 reports, 65 affected. Deploy ambulanc"
SLM-000341,train,IMMEDIATE,True,True,True,True,True,True,True,True,True,"IMMEDIATE: ZONE-5 Kolkata, West Bengal -- flooding and rescue emergencies plus 1 more. 5 reports, 221 affected. Dispatch"
SLM-000342,train,URGENT,True,True,True,True,True,True,True,True,True,"URGENT. flooding and medical emergencies plus 1 more in ZONE-2 Howrah, West Bengal; 85 affected, 6 reports. water pump a"
SLM-000343,train,ELEVATED,True,True,True,True,True,True,True,True,True,"ELEVATED: flooding and medical emergencies plus 1 more, ZONE-4 Kochi, Kerala. 5 reports, 61 affected. water pump and NDR"
SLM-000344,validation,URGENT,True,True,True,True,True,True,True,True,True,"URGENT - ZONE-5 Ahmedabad (Gujarat): road blockages and flooding plus 1 more, 151 affected across 6 reports. Send life j"
SLM-000345,train,URGENT,True,True,True,True,True,True,True,True,True,"URGENT: ZONE-2 Udupi, Karnataka -- flooding and rescue emergencies plus 1 more. 6 reports, 127 affected. NDRF rescue tea"
SLM-000346,test,URGENT,True,True,True,True,True,True,True,True,True,"URGENT. rescue emergencies and flooding plus 1 more in ZONE-4 Ahmedabad, Gujarat; 37 affected, 5 reports. Send rescue ro"
SLM-000347,train,ELEVATED,True,True,True,True,True,True,True,True,True,"ELEVATED. flooding and medical emergencies plus 2 more in ZONE-2 Gaya, Bihar; 49 affected, 6 reports. Deploy water pump "
SLM-000348,train,IMMEDIATE,True,True,True,True,True,True,True,True,True,"IMMEDIATE: flooding and rescue emergencies, ZONE-4 Chennai, Tamil Nadu. 5 reports, 222 affected. fire and rescue unit an"
SLM-000349,train,ELEVATED,True,True,True,True,True,True,True,True,True,"ELEVATED. road blockages and flooding plus 1 more in ZONE-3 Kottayam, Kerala; 52 affected, 5 reports. Dispatch traffic p"
SLM-000350,validation,IMMEDIATE,True,True,True,True,True,True,True,True,True,"IMMEDIATE. flooding and road blockages plus 1 more in ZONE-4 Pune, Maharashtra; 106 affected, 5 reports. Dispatch relief"
SLM-000351,train,URGENT,True,True,True,True,True,True,True,True,True,"URGENT. flooding and road blockages plus 1 more in ZONE-1 Patna, Bihar; 61 affected, 5 reports. Dispatch water pump and "
SLM-000352,train,IMMEDIATE,True,True,True,True,True,True,True,True,True,"IMMEDIATE - ZONE-2 Darbhanga (Bihar): flooding and road blockages, 129 affected across 5 reports. Dispatch water pump an"
SLM-000353,train,URGENT,True,True,True,True,True,True,True,True,True,"URGENT: ZONE-5 Prayagraj, Uttar Pradesh -- flooding and medical emergencies plus 1 more. 6 reports, 113 affected. water "
SLM-000354,test,ROUTINE,True,True,True,True,True,True,True,True,True,"ROUTINE: ZONE-2 Mumbai, Maharashtra -- flooding and road blockages. 5 reports, 22 affected. Deploy rescue boat and relie"
SLM-000355,train,URGENT,True,True,True,True,True,True,True,True,True,"URGENT - ZONE-5 Nagpur (Maharashtra): rescue emergencies and flooding, 82 affected across 5 reports. Deploy rescue rope "
SLM-000356,train,URGENT,True,True,True,True,True,True,True,True,True,"URGENT - ZONE-4 Thrissur (Kerala): flooding and road blockages plus 1 more, 68 affected across 5 reports. Deploy life ja"
SLM-000357,train,ROUTINE,True,True,True,True,True,True,True,True,True,"ROUTINE. flooding and rescue emergencies in ZONE-1 Kendrapara, Odisha; 11 affected, 5 reports. fire and rescue unit and "
SLM-000358,train,URGENT,True,True,True,True,True,True,True,True,True,"URGENT: ZONE-3 Bengaluru, Karnataka -- rescue emergencies and flooding plus 1 more. 5 reports, 63 affected. Send NDRF re"
SLM-000359,train,ELEVATED,True,True,True,True,True,True,True,True,True,"ELEVATED: ZONE-1 Thanjavur, Tamil Nadu -- rescue emergencies and flooding plus 1 more. 5 reports, 44 affected. Deploy ND"
SLM-000360,train,IMMEDIATE,True,True,True,True,True,True,True,True,True,"IMMEDIATE. flooding and road blockages plus 1 more in ZONE-1 Dibrugarh, Assam; 155 affected, 7 reports. Send relief supp"
SLM-000361,train,ELEVATED,True,True,True,True,True,True,True,True,True,"ELEVATED: ZONE-5 Murshidabad, West Bengal -- flooding and rescue emergencies. 7 reports, 49 affected. Deploy sandbags an"
SLM-000362,validation,URGENT,True,True,True,True,True,True,True,True,True,"URGENT - ZONE-5 Guwahati (Assam): flooding and rescue emergencies, 105 affected across 6 reports. Deploy life jackets an"
SLM-000363,train,URGENT,True,True,True,True,True,True,True,True,True,"URGENT: road blockages and medical emergencies plus 2 more, ZONE-1 Prayagraj, Uttar Pradesh. 5 reports, 34 affected. tow"
SLM-000364,train,ELEVATED,True,True,True,True,True,True,True,True,True,"ELEVATED - ZONE-2 Pune (Maharashtra): flooding and medical emergencies plus 2 more, 55 affected across 6 reports. life j"
SLM-000365,train,ROUTINE,True,True,True,True,True,True,True,True,True,"ROUTINE. road blockages and flooding in ZONE-4 Murshidabad, West Bengal; 28 affected, 6 reports. water pump and traffic "
SLM-000366,train,IMMEDIATE,True,True,True,True,True,True,True,True,True,"IMMEDIATE: flooding and rescue emergencies plus 1 more, ZONE-3 Kochi, Kerala. 11 reports, 534 affected. water pump and N"
SLM-000367,train,ELEVATED,True,True,True,True,True,True,True,True,True,"ELEVATED: flooding and medical emergencies plus 2 more, ZONE-1 Dibrugarh, Assam. 7 reports, 63 affected. rescue boat and"
SLM-000368,train,ELEVATED,True,True,True,True,True,True,True,True,True,"ELEVATED: flooding and rescue emergencies, ZONE-4 Balasore, Odisha. 5 reports, 38 affected. Dispatch NDRF flood rescue t"
SLM-000369,train,IMMEDIATE,True,True,True,True,True,True,True,True,True,"IMMEDIATE. flooding and road blockages plus 1 more in ZONE-2 Mumbai, Maharashtra; 171 affected, 6 reports. Deploy water "
SLM-000370,train,IMMEDIATE,True,True,True,True,True,True,True,True,True,"IMMEDIATE. rescue emergencies and flooding in ZONE-5 Kozhikode, Kerala; 158 affected, 5 reports. Deploy fire and rescue "
SLM-000371,test,ELEVATED,True,True,True,True,True,True,True,True,True,"ELEVATED - ZONE-3 Rajkot (Gujarat): rescue emergencies and medical emergencies plus 1 more, 51 affected across 7 reports"
SLM-000372,train,IMMEDIATE,True,True,True,True,True,True,True,True,True,"IMMEDIATE: ZONE-5 Jorhat, Assam -- flooding and road blockages plus 1 more. 6 reports, 244 affected. Send rescue boat an"
SLM-000373,train,URGENT,True,True,True,True,True,True,True,True,True,"URGENT. rescue emergencies and flooding plus 1 more in ZONE-3 Udupi, Karnataka; 103 affected, 6 reports. Deploy rescue r"
SLM-000374,train,URGENT,True,True,True,True,True,True,True,True,True,"URGENT: rescue emergencies and flooding, ZONE-4 Kolhapur, Maharashtra. 5 reports, 78 affected. Send ambulance and life j"
SLM-000375,train,URGENT,True,True,True,True,True,True,True,True,True,"URGENT - ZONE-3 Balasore (Odisha): flooding and road blockages, 55 affected across 5 reports. rescue boat and life jacke"
SLM-000376,train,IMMEDIATE,True,True,True,True,True,True,True,True,True,"IMMEDIATE. rescue emergencies and flooding plus 1 more in ZONE-3 Dhemaji, Assam; 93 affected, 5 reports. Dispatch ambula"
SLM-000377,train,ROUTINE,True,True,True,True,True,True,True,True,True,"ROUTINE: road blockages and medical emergencies plus 1 more, ZONE-2 Surat, Gujarat. 6 reports, 13 affected. Send rescue "
SLM-000378,train,URGENT,True,True,True,True,True,True,True,True,True,"URGENT: ZONE-3 Pune, Maharashtra -- rescue emergencies and road blockages plus 2 more. 6 reports, 127 affected. Dispatch"
SLM-000379,train,IMMEDIATE,True,True,True,True,True,True,True,True,True,"IMMEDIATE - ZONE-2 Lucknow (Uttar Pradesh): rescue emergencies and road blockages plus 1 more, 147 affected across 6 rep"
SLM-000380,train,ELEVATED,True,True,True,True,True,True,True,True,True,"ELEVATED: road blockages and medical emergencies plus 2 more, ZONE-1 Tiruppur, Tamil Nadu. 6 reports, 65 affected. tow t"
SLM-000381,train,URGENT,True,True,True,True,True,True,True,True,True,"URGENT: ZONE-5 Darjeeling, West Bengal -- flooding and road blockages. 5 reports, 86 affected. Send water pump and relie"
SLM-000382,test,IMMEDIATE,True,True,True,True,True,True,True,True,True,"IMMEDIATE - ZONE-2 Nashik (Maharashtra): flooding and rescue emergencies, 127 affected across 5 reports. Deploy NDRF flo"
SLM-000383,train,IMMEDIATE,True,True,True,True,True,True,True,True,True,"IMMEDIATE: ZONE-1 Balasore, Odisha -- flooding and rescue emergencies. 5 reports, 109 affected. Send NDRF rescue team an"
SLM-000384,train,ELEVATED,True,True,True,True,True,True,True,True,True,"ELEVATED. flooding and road blockages plus 1 more in ZONE-3 Kanpur, Uttar Pradesh; 64 affected, 6 reports. life jackets "
SLM-000385,train,ELEVATED,True,True,True,True,True,True,True,True,True,"ELEVATED: flooding and medical emergencies plus 2 more, ZONE-3 Kottayam, Kerala. 8 reports, 69 affected. Dispatch water "
SLM-000386,train,ROUTINE,True,True,True,True,True,True,True,True,True,"ROUTINE - ZONE-4 Darbhanga (Bihar): flooding and medical emergencies plus 1 more, 24 affected across 5 reports. Send amb"
SLM-000387,train,ROUTINE,True,True,True,True,True,True,True,True,True,"ROUTINE: ZONE-5 Kanpur, Uttar Pradesh -- flooding and road blockages plus 1 more. 5 reports, 18 affected. Send sandbags "
SLM-000388,train,IMMEDIATE,True,True,True,True,True,True,True,True,True,"IMMEDIATE: ZONE-1 Rajkot, Gujarat -- flooding and rescue emergencies plus 1 more. 6 reports, 115 affected. Deploy NDRF f"
SLM-000389,train,ELEVATED,True,True,True,True,True,True,True,True,True,"ELEVATED. flooding and rescue emergencies plus 1 more in ZONE-1 Guwahati, Assam; 70 affected, 7 reports. medical first-a"
SLM-000390,train,ELEVATED,True,True,True,True,True,True,True,True,True,"ELEVATED: ZONE-5 Guwahati, Assam -- flooding and rescue emergencies plus 1 more. 6 reports, 44 affected. Deploy NDRF res"
SLM-000391,train,URGENT,True,True,True,True,True,True,True,True,True,"URGENT. flooding and road blockages plus 2 more in ZONE-1 Kottayam, Kerala; 160 affected, 8 reports. Send emergency medi"
SLM-000392,train,IMMEDIATE,True,True,True,True,True,True,True,True,True,"IMMEDIATE - ZONE-4 Tiruppur (Tamil Nadu): flooding and medical emergencies, 243 affected across 6 reports. life jackets "
SLM-000393,train,URGENT,True,True,True,True,True,True,True,True,True,"URGENT: rescue emergencies and flooding plus 1 more, ZONE-3 Puri, Odisha. 5 reports, 130 affected. Dispatch water pump a"
SLM-000394,test,IMMEDIATE,True,True,True,True,True,True,True,True,True,"IMMEDIATE: ZONE-1 Thanjavur, Tamil Nadu -- flooding and rescue emergencies. 7 reports, 95 affected. Deploy NDRF flood re"
SLM-000395,validation,IMMEDIATE,True,True,True,True,True,True,True,True,True,"IMMEDIATE. flooding and rescue emergencies in ZONE-1 Gaya, Bihar; 230 affected, 9 reports. water pump and drainage team "
SLM-000396,train,URGENT,True,True,True,True,True,True,True,True,True,"URGENT. rescue emergencies and road blockages plus 2 more in ZONE-4 Thanjavur, Tamil Nadu; 108 affected, 6 reports. road"
SLM-000397,test,ROUTINE,True,True,True,True,True,True,True,True,True,"ROUTINE: ZONE-2 Ahmedabad, Gujarat -- rescue emergencies and road blockages plus 2 more. 9 reports, 24 affected. Dispatc"
SLM-000398,train,URGENT,True,True,True,True,True,True,True,True,True,"URGENT: flooding and medical emergencies plus 1 more, ZONE-2 Murshidabad, West Bengal. 7 reports, 143 affected. Deploy r"
SLM-000399,train,IMMEDIATE,True,True,True,True,True,True,True,True,True,"IMMEDIATE: medical emergencies and rescue emergencies plus 2 more, ZONE-3 Varanasi, Uttar Pradesh. 7 reports, 146 affect"
SLM-000400,test,IMMEDIATE,True,True,True,True,True,True,True,True,True,"IMMEDIATE: flooding and rescue emergencies, ZONE-4 Coimbatore, Tamil Nadu. 5 reports, 71 affected. Send rescue rope and "
SLM-000401,train,IMMEDIATE,True,True,True,True,True,True,True,True,True,"IMMEDIATE. flooding and road blockages in ZONE-2 Chennai, Tamil Nadu; 303 affected, 6 reports. Dispatch water pump and e"
SLM-000402,test,IMMEDIATE,True,True,True,True,True,True,True,True,True,"IMMEDIATE: rescue emergencies and road blockages plus 2 more, ZONE-4 Murshidabad, West Bengal. 5 reports, 135 affected. "
SLM-000403,train,ROUTINE,True,True,True,True,True,True,True,True,True,"ROUTINE: ZONE-3 Jorhat, Assam -- flooding and rescue emergencies plus 1 more. 5 reports, 18 affected. water pump and rel"
SLM-000404,train,ELEVATED,True,True,True,True,True,True,True,True,True,"ELEVATED: ZONE-2 Darbhanga, Bihar -- rescue emergencies and flooding plus 1 more. 8 reports, 68 affected. Deploy relief "
SLM-000405,train,ELEVATED,True,True,True,True,True,True,True,True,True,"ELEVATED: ZONE-3 Kendrapara, Odisha -- flooding and road blockages plus 1 more. 6 reports, 43 affected. Dispatch water p"
SLM-000406,train,IMMEDIATE,True,True,True,True,True,True,True,True,True,"IMMEDIATE: ZONE-4 Chennai, Tamil Nadu -- flooding and rescue emergencies plus 1 more. 7 reports, 248 affected. Send NDRF"
SLM-000407,train,ELEVATED,True,True,True,True,True,True,True,True,True,"ELEVATED. flooding and road blockages plus 1 more in ZONE-4 Kanpur, Uttar Pradesh; 62 affected, 9 reports. Dispatch drai"
SLM-000408,train,ELEVATED,True,True,True,True,True,True,True,True,True,"ELEVATED - ZONE-3 Surat (Gujarat): flooding and road blockages plus 1 more, 46 affected across 6 reports. water pump and"
SLM-000409,test,IMMEDIATE,True,True,True,True,True,True,True,True,True,"IMMEDIATE. road blockages and rescue emergencies plus 1 more in ZONE-4 Surat, Gujarat; 175 affected, 5 reports. Deploy t"
SLM-000410,train,ELEVATED,True,True,True,True,True,True,True,True,True,"ELEVATED: flooding and rescue emergencies plus 1 more, ZONE-5 Mysuru, Karnataka. 5 reports, 43 affected. Deploy life jac"
SLM-000411,train,IMMEDIATE,True,True,True,True,True,True,True,True,True,"IMMEDIATE: flooding and medical emergencies plus 1 more, ZONE-1 Lucknow, Uttar Pradesh. 5 reports, 69 affected. Deploy w"
SLM-000412,validation,URGENT,True,True,True,True,True,True,True,True,True,"URGENT: ZONE-1 Lucknow, Uttar Pradesh -- flooding and medical emergencies. 5 reports, 125 affected. Send water pump and "
SLM-000413,validation,ELEVATED,True,True,True,True,True,True,True,True,True,"ELEVATED: ZONE-2 Mangaluru, Karnataka -- flooding and rescue emergencies. 5 reports, 48 affected. Send rescue boat and l"
SLM-000414,test,IMMEDIATE,True,True,True,True,True,True,True,True,True,"IMMEDIATE. rescue emergencies and medical emergencies plus 1 more in ZONE-5 Bengaluru, Karnataka; 188 affected, 6 report"
SLM-000415,train,URGENT,True,True,True,True,True,True,True,True,True,"URGENT: flooding and road blockages plus 1 more, ZONE-1 Jorhat, Assam. 5 reports, 38 affected. relief supplies and tow t"
SLM-000416,train,ELEVATED,True,True,True,True,True,True,True,True,True,"ELEVATED: flooding and rescue emergencies plus 1 more, ZONE-1 Kozhikode, Kerala. 8 reports, 47 affected. water pump and "
SLM-000417,train,URGENT,True,True,True,True,True,True,True,True,True,"URGENT: road blockages and flooding plus 1 more, ZONE-2 Surat, Gujarat. 7 reports, 66 affected. water pump and fire and "
SLM-000418,train,URGENT,True,True,True,True,True,True,True,True,True,"URGENT - ZONE-2 Patna (Bihar): rescue emergencies and flooding, 115 affected across 5 reports. Send drainage team and am"
SLM-000419,train,IMMEDIATE,True,True,True,True,True,True,True,True,True,"IMMEDIATE - ZONE-5 Udupi (Karnataka): road blockages and rescue emergencies plus 2 more, 169 affected across 5 reports. "
SLM-000420,train,URGENT,True,True,True,True,True,True,True,True,True,"URGENT - ZONE-5 Kendrapara (Odisha): road blockages and rescue emergencies plus 1 more, 81 affected across 5 reports. De"
SLM-000421,train,URGENT,True,True,True,True,True,True,True,True,True,"URGENT: ZONE-1 Prayagraj, Uttar Pradesh -- rescue emergencies and flooding. 5 reports, 65 affected. ambulance and NDRF r"
SLM-000422,validation,URGENT,True,True,True,True,True,True,True,True,True,"URGENT: ZONE-4 Balasore, Odisha -- flooding and rescue emergencies plus 1 more. 5 reports, 110 affected. Deploy NDRF flo"
SLM-000423,train,IMMEDIATE,True,True,True,True,True,True,True,True,True,"IMMEDIATE - ZONE-5 Guwahati (Assam): road blockages and medical emergencies plus 2 more, 134 affected across 5 reports. "
SLM-000424,train,ELEVATED,True,True,True,True,True,True,True,True,True,"ELEVATED: ZONE-3 Lucknow, Uttar Pradesh -- flooding and rescue emergencies plus 1 more. 6 reports, 63 affected. Send fir"
SLM-000425,train,IMMEDIATE,True,True,True,True,True,True,True,True,True,"IMMEDIATE: rescue emergencies and flooding plus 1 more, ZONE-5 Malda, West Bengal. 7 reports, 138 affected. Send water p"
SLM-000426,test,ROUTINE,True,True,True,True,True,True,True,True,True,"ROUTINE - ZONE-2 Mangaluru (Karnataka): road blockages and flooding plus 1 more, 20 affected across 5 reports. relief su"
SLM-000427,train,ELEVATED,True,True,True,True,True,True,True,True,True,"ELEVATED: ZONE-4 Kodagu, Karnataka -- road blockages and flooding plus 1 more. 6 reports, 47 affected. Deploy earthmover"
SLM-000428,train,ELEVATED,True,True,True,True,True,True,True,True,True,"ELEVATED: flooding and medical emergencies plus 1 more, ZONE-4 Dhemaji, Assam. 7 reports, 64 affected. Deploy water pump"
SLM-000429,train,ELEVATED,True,True,True,True,True,True,True,True,True,"ELEVATED: ZONE-4 Balasore, Odisha -- flooding and road blockages plus 1 more. 5 reports, 25 affected. Send road clearanc"
SLM-000430,test,ELEVATED,True,True,True,True,True,True,True,True,True,"ELEVATED. flooding and medical emergencies plus 1 more in ZONE-1 Mysuru, Karnataka; 57 affected, 8 reports. Deploy relie"
SLM-000431,train,ELEVATED,True,True,True,True,True,True,True,True,True,"ELEVATED: ZONE-5 Bharuch, Gujarat -- flooding. 5 reports, 57 affected. Send water pump and life jackets plus 1 more to r"
SLM-000432,train,ELEVATED,True,True,True,True,True,True,True,True,True,"ELEVATED: ZONE-5 Bhagalpur, Bihar -- rescue emergencies and flooding plus 1 more. 5 reports, 34 affected. fire and rescu"
SLM-000433,train,URGENT,True,True,True,True,True,True,True,True,True,"URGENT: rescue emergencies and flooding plus 1 more, ZONE-5 Mumbai, Maharashtra. 5 reports, 66 affected. Deploy NDRF flo"
SLM-000434,train,IMMEDIATE,True,True,True,True,True,True,True,True,True,"IMMEDIATE. road blockages and flooding plus 1 more in ZONE-5 Bhagalpur, Bihar; 146 affected, 7 reports. Deploy road clea"
SLM-000435,train,ELEVATED,True,True,True,True,True,True,True,True,True,"ELEVATED: ZONE-5 Kozhikode, Kerala -- flooding and road blockages. 5 reports, 46 affected. Send rescue boat and earthmov"
SLM-000436,validation,ELEVATED,True,True,True,True,True,True,True,True,True,"ELEVATED: ZONE-3 Surat, Gujarat -- flooding and rescue emergencies plus 1 more. 6 reports, 68 affected. Dispatch life ja"
SLM-000437,test,ELEVATED,True,True,True,True,True,True,True,True,True,"ELEVATED: ZONE-3 Mangaluru, Karnataka -- flooding and rescue emergencies. 5 reports, 30 affected. Deploy road clearance "
SLM-000438,train,ELEVATED,True,True,True,True,True,True,True,True,True,"ELEVATED. rescue emergencies and flooding plus 1 more in ZONE-1 Guwahati, Assam; 40 affected, 6 reports. ambulance and N"
SLM-000439,train,IMMEDIATE,True,True,True,True,True,True,True,True,True,"IMMEDIATE. road blockages and rescue emergencies plus 1 more in ZONE-4 Kozhikode, Kerala; 178 affected, 5 reports. Send "
SLM-000440,test,URGENT,True,True,True,True,True,True,True,True,True,"URGENT - ZONE-2 Puri (Odisha): road blockages and rescue emergencies plus 2 more, 53 affected across 6 reports. Dispatch"
SLM-000441,train,URGENT,True,True,True,True,True,True,True,True,True,"URGENT: ZONE-5 Kozhikode, Kerala -- flooding and medical emergencies plus 1 more. 7 reports, 147 affected. road clearanc"
SLM-000442,train,IMMEDIATE,True,True,True,True,True,True,True,True,True,"IMMEDIATE: ZONE-4 Mysuru, Karnataka -- rescue emergencies and medical emergencies plus 2 more. 5 reports, 164 affected. "
SLM-000443,train,URGENT,True,True,True,True,True,True,True,True,True,"URGENT. flooding and rescue emergencies plus 2 more in ZONE-5 Guwahati, Assam; 149 affected, 6 reports. Send rescue boat"
SLM-000444,train,IMMEDIATE,True,True,True,True,True,True,True,True,True,"IMMEDIATE - ZONE-5 Balasore (Odisha): rescue emergencies and flooding, 131 affected across 5 reports. Dispatch drainage "
SLM-000445,train,URGENT,True,True,True,True,True,True,True,True,True,"URGENT: rescue emergencies and flooding plus 1 more, ZONE-1 Howrah, West Bengal. 5 reports, 56 affected. Send water pump"
SLM-000446,train,IMMEDIATE,True,True,True,True,True,True,True,True,True,"IMMEDIATE - ZONE-1 Kendrapara (Odisha): flooding and road blockages, 113 affected across 6 reports. relief supplies and "
SLM-000447,validation,URGENT,True,True,True,True,True,True,True,True,True,"URGENT: ZONE-1 Kolkata, West Bengal -- road blockages and rescue emergencies plus 1 more. 5 reports, 119 affected. Deplo"
SLM-000448,train,URGENT,True,True,True,True,True,True,True,True,True,"URGENT: ZONE-2 Kochi, Kerala -- rescue emergencies and flooding plus 1 more. 6 reports, 109 affected. Dispatch road clea"
SLM-000449,train,IMMEDIATE,True,True,True,True,True,True,True,True,True,"IMMEDIATE - ZONE-1 Coimbatore (Tamil Nadu): rescue emergencies and flooding plus 1 more, 127 affected across 5 reports. "
SLM-000450,train,ELEVATED,True,True,True,True,True,True,True,True,True,"ELEVATED. medical emergencies and flooding plus 1 more in ZONE-2 Muzaffarpur, Bihar; 86 affected, 10 reports. Dispatch r"
SLM-000451,train,URGENT,True,True,True,True,True,True,True,True,True,"URGENT - ZONE-1 Gorakhpur (Uttar Pradesh): flooding and road blockages, 115 affected across 5 reports. water pump and re"
SLM-000452,train,ROUTINE,True,True,True,True,True,True,True,True,True,"ROUTINE: road blockages and flooding, ZONE-5 Kozhikode, Kerala. 5 reports, 21 affected. Deploy sandbags and traffic poli"
SLM-000453,validation,ELEVATED,True,True,True,True,True,True,True,True,True,"ELEVATED: ZONE-3 Kozhikode, Kerala -- flooding and rescue emergencies. 6 reports, 52 affected. Deploy NDRF rescue team a"
SLM-000454,train,URGENT,True,True,True,True,True,True,True,True,True,"URGENT - ZONE-1 Kochi (Kerala): flooding and medical emergencies plus 1 more, 124 affected across 6 reports. Deploy wate"
SLM-000455,train,URGENT,True,True,True,True,True,True,True,True,True,"URGENT - ZONE-3 Guwahati (Assam): flooding and road blockages, 104 affected across 6 reports. Send water pump and rescue"
SLM-000456,train,URGENT,True,True,True,True,True,True,True,True,True,"URGENT. road blockages and flooding plus 2 more in ZONE-1 Howrah, West Bengal; 96 affected, 5 reports. Dispatch road cle"
SLM-000457,train,URGENT,True,True,True,True,True,True,True,True,True,"URGENT. flooding and medical emergencies in ZONE-2 Alappuzha, Kerala; 127 affected, 6 reports. water pump and NDRF flood"
SLM-000458,train,URGENT,True,True,True,True,True,True,True,True,True,"URGENT: flooding and road blockages plus 2 more, ZONE-2 Rajkot, Gujarat. 6 reports, 99 affected. Deploy life jackets and"
SLM-000459,train,ROUTINE,True,True,True,True,True,True,True,True,True,"ROUTINE: ZONE-3 Lucknow, Uttar Pradesh -- flooding and road blockages plus 1 more. 5 reports, 23 affected. Deploy water "
SLM-000460,train,ELEVATED,True,True,True,True,True,True,True,True,True,"ELEVATED: road blockages and flooding, ZONE-3 Gaya, Bihar. 6 reports, 59 affected. Deploy rescue boat and traffic police"
SLM-000461,test,ELEVATED,True,True,True,True,True,True,True,True,True,"ELEVATED: flooding and road blockages, ZONE-3 Mumbai, Maharashtra. 5 reports, 43 affected. NDRF flood rescue team and re"
SLM-000462,train,URGENT,True,True,True,True,True,True,True,True,True,"URGENT: flooding and rescue emergencies plus 1 more, ZONE-3 Nashik, Maharashtra. 6 reports, 50 affected. NDRF rescue tea"
SLM-000463,train,URGENT,True,True,True,True,True,True,True,True,True,"URGENT - ZONE-4 Gaya (Bihar): rescue emergencies and flooding, 111 affected across 5 reports. Dispatch NDRF rescue team "
SLM-000464,train,ELEVATED,True,True,True,True,True,True,True,True,True,"ELEVATED: ZONE-1 Udupi, Karnataka -- road blockages and flooding plus 1 more. 6 reports, 42 affected. Send earthmover (J"
SLM-000465,train,IMMEDIATE,True,True,True,True,True,True,True,True,True,"IMMEDIATE: flooding and road blockages plus 2 more, ZONE-1 Guwahati, Assam. 7 reports, 113 affected. relief supplies and"
SLM-000466,train,IMMEDIATE,True,True,True,True,True,True,True,True,True,"IMMEDIATE. road blockages and medical emergencies plus 2 more in ZONE-5 Dhemaji, Assam; 123 affected, 7 reports. Dispatc"
SLM-000467,train,URGENT,True,True,True,True,True,True,True,True,True,"URGENT: rescue emergencies and flooding plus 1 more, ZONE-5 Chennai, Tamil Nadu. 8 reports, 211 affected. NDRF rescue te"
SLM-000468,train,ELEVATED,True,True,True,True,True,True,True,True,True,"ELEVATED: ZONE-2 Darjeeling, West Bengal -- flooding and rescue emergencies plus 1 more. 5 reports, 34 affected. Deploy "
SLM-000469,train,URGENT,True,True,True,True,True,True,True,True,True,"URGENT: ZONE-3 Gaya, Bihar -- flooding and rescue emergencies. 5 reports, 102 affected. Dispatch road clearance team and"
SLM-000470,train,IMMEDIATE,True,True,True,True,True,True,True,True,True,"IMMEDIATE - ZONE-4 Howrah (West Bengal): medical emergencies and flooding plus 2 more, 191 affected across 7 reports. De"
SLM-000471,test,URGENT,True,True,True,True,True,True,True,True,True,"URGENT. flooding and rescue emergencies in ZONE-1 Barpeta, Assam; 56 affected, 5 reports. Send rescue boat and NDRF resc"
SLM-000472,train,IMMEDIATE,True,True,True,True,True,True,True,True,True,"IMMEDIATE - ZONE-3 Lucknow (Uttar Pradesh): rescue emergencies and flooding plus 1 more, 201 affected across 6 reports. "
SLM-000473,validation,URGENT,True,True,True,True,True,True,True,True,True,"URGENT: ZONE-3 Howrah, West Bengal -- flooding and medical emergencies plus 2 more. 8 reports, 185 affected. ambulance a"
SLM-000474,train,ROUTINE,True,True,True,True,True,True,True,True,True,"ROUTINE: ZONE-4 Howrah, West Bengal -- rescue emergencies and flooding plus 1 more. 7 reports, 14 affected. Send ambulan"
SLM-000475,train,URGENT,True,True,True,True,True,True,True,True,True,"URGENT: ZONE-3 Vadodara, Gujarat -- flooding and rescue emergencies plus 1 more. 5 reports, 158 affected. Dispatch rescu"
SLM-000476,train,URGENT,True,True,True,True,True,True,True,True,True,"URGENT: ZONE-4 Puri, Odisha -- medical emergencies and rescue emergencies plus 1 more. 5 reports, 73 affected. NDRF resc"
SLM-000477,test,URGENT,True,True,True,True,True,True,True,True,True,"URGENT: flooding and rescue emergencies plus 2 more, ZONE-2 Varanasi, Uttar Pradesh. 8 reports, 89 affected. Deploy life"
SLM-000478,train,ELEVATED,True,True,True,True,True,True,True,True,True,"ELEVATED. flooding and rescue emergencies plus 2 more in ZONE-4 Lucknow, Uttar Pradesh; 70 affected, 10 reports. Send wa"
SLM-000479,test,ELEVATED,True,True,True,True,True,True,True,True,True,"ELEVATED: ZONE-1 Gaya, Bihar -- flooding and rescue emergencies. 6 reports, 50 affected. Deploy fire and rescue unit and"
SLM-000480,train,ELEVATED,True,True,True,True,True,True,True,True,True,"ELEVATED: flooding and rescue emergencies plus 2 more, ZONE-3 Gorakhpur, Uttar Pradesh. 5 reports, 49 affected. fire and"
SLM-000481,train,ELEVATED,True,True,True,True,True,True,True,True,True,"ELEVATED: medical emergencies and flooding plus 1 more, ZONE-4 Murshidabad, West Bengal. 5 reports, 46 affected. Dispatc"
SLM-000482,train,ELEVATED,True,True,True,True,True,True,True,True,True,"ELEVATED: ZONE-1 Madurai, Tamil Nadu -- flooding and rescue emergencies. 6 reports, 65 affected. Dispatch drainage team "
SLM-000483,train,ELEVATED,True,True,True,True,True,True,True,True,True,"ELEVATED. flooding and medical emergencies plus 1 more in ZONE-2 Kochi, Kerala; 43 affected, 7 reports. Dispatch life ja"
SLM-000484,train,URGENT,True,True,True,True,True,True,True,True,True,"URGENT. rescue emergencies and flooding plus 1 more in ZONE-4 Coimbatore, Tamil Nadu; 168 affected, 8 reports. rescue ro"
SLM-000485,train,URGENT,True,True,True,True,True,True,True,True,True,"URGENT: ZONE-3 Dhemaji, Assam -- medical emergencies and flooding plus 1 more. 7 reports, 158 affected. Send medical fir"
SLM-000486,train,URGENT,True,True,True,True,True,True,True,True,True,"URGENT - ZONE-5 Bhagalpur (Bihar): flooding and rescue emergencies plus 1 more, 143 affected across 6 reports. Send life"
SLM-000487,train,ELEVATED,True,True,True,True,True,True,True,True,True,"ELEVATED. flooding and medical emergencies in ZONE-4 Cuttack, Odisha; 55 affected, 7 reports. Send road clearance team a"
SLM-000488,train,IMMEDIATE,True,True,True,True,True,True,True,True,True,"IMMEDIATE. road blockages and flooding plus 1 more in ZONE-3 Bhubaneswar, Odisha; 124 affected, 5 reports. Deploy tow tr"
SLM-000489,train,ROUTINE,True,True,True,True,True,True,True,True,True,"ROUTINE. rescue emergencies and medical emergencies plus 2 more in ZONE-2 Darjeeling, West Bengal; 29 affected, 9 report"
SLM-000490,train,URGENT,True,True,True,True,True,True,True,True,True,"URGENT - ZONE-2 Udupi (Karnataka): rescue emergencies and road blockages, 127 affected across 5 reports. Dispatch fire a"
SLM-000491,validation,IMMEDIATE,True,True,True,True,True,True,True,True,True,"IMMEDIATE: flooding and road blockages plus 2 more, ZONE-5 Muzaffarpur, Bihar. 5 reports, 73 affected. Dispatch road cle"
SLM-000492,train,ELEVATED,True,True,True,True,True,True,True,True,True,"ELEVATED. flooding and rescue emergencies in ZONE-4 Bhubaneswar, Odisha; 61 affected, 7 reports. water pump and rescue b"
SLM-000493,train,ELEVATED,True,True,True,True,True,True,True,True,True,"ELEVATED: flooding and road blockages, ZONE-5 Coimbatore, Tamil Nadu. 5 reports, 32 affected. Dispatch life jackets and "
SLM-000494,train,URGENT,True,True,True,True,True,True,True,True,True,"URGENT. flooding and road blockages plus 1 more in ZONE-2 Prayagraj, Uttar Pradesh; 74 affected, 5 reports. Send rescue "
SLM-000495,validation,IMMEDIATE,True,True,True,True,True,True,True,True,True,"IMMEDIATE: flooding and rescue emergencies, ZONE-3 Darbhanga, Bihar. 6 reports, 154 affected. Deploy fire and rescue uni"
SLM-000496,validation,URGENT,True,True,True,True,True,True,True,True,True,"URGENT. flooding in ZONE-2 Murshidabad, West Bengal; 44 affected, 5 reports. Dispatch NDRF flood rescue team and drainag"
SLM-000497,test,URGENT,True,True,True,True,True,True,True,True,True,"URGENT: rescue emergencies and flooding plus 1 more, ZONE-2 Coimbatore, Tamil Nadu. 6 reports, 155 affected. Deploy resc"
SLM-000498,train,ELEVATED,True,True,True,True,True,True,True,True,True,"ELEVATED. flooding and road blockages in ZONE-5 Tiruppur, Tamil Nadu; 46 affected, 5 reports. Deploy sandbags and water "
SLM-000499,test,URGENT,True,True,True,True,True,True,True,True,True,"URGENT. rescue emergencies and medical emergencies plus 1 more in ZONE-3 Malda, West Bengal; 56 affected, 5 reports. res"
SLM-000500,test,IMMEDIATE,True,True,True,True,True,True,True,True,True,"IMMEDIATE - ZONE-4 Ahmedabad (Gujarat): rescue emergencies and flooding plus 1 more, 168 affected across 7 reports. Disp"
SLM-000501,test,IMMEDIATE,True,True,True,True,True,True,True,True,True,"IMMEDIATE. flooding in ZONE-4 Darjeeling, West Bengal; 194 affected, 5 reports. sandbags and life jackets plus 1 more to"
SLM-000502,train,IMMEDIATE,True,True,True,True,True,True,True,True,True,"IMMEDIATE: ZONE-5 Thrissur, Kerala -- road blockages and flooding plus 1 more. 5 reports, 193 affected. road clearance t"
SLM-000503,train,ROUTINE,True,True,True,True,True,True,True,True,True,"ROUTINE. flooding and rescue emergencies in ZONE-4 Kottayam, Kerala; 22 affected, 5 reports. relief supplies and rescue "
SLM-000504,validation,ELEVATED,True,True,True,True,True,True,True,True,True,"ELEVATED: ZONE-2 Puri, Odisha -- medical emergencies and flooding plus 1 more. 5 reports, 27 affected. Deploy emergency "
SLM-000505,train,IMMEDIATE,True,True,True,True,True,True,True,True,True,"IMMEDIATE: ZONE-2 Nagpur, Maharashtra -- road blockages and medical emergencies plus 2 more. 5 reports, 111 affected. Se"
SLM-000506,train,URGENT,True,True,True,True,True,True,True,True,True,"URGENT: flooding and rescue emergencies plus 1 more, ZONE-5 Jorhat, Assam. 5 reports, 90 affected. Deploy NDRF rescue te"
SLM-000507,validation,IMMEDIATE,True,True,True,True,True,True,True,True,True,"IMMEDIATE - ZONE-5 Patna (Bihar): rescue emergencies and road blockages plus 1 more, 97 affected across 5 reports. Send "
SLM-000508,train,URGENT,True,True,True,True,True,True,True,True,True,"URGENT: ZONE-2 Vadodara, Gujarat -- flooding and road blockages plus 1 more. 6 reports, 143 affected. Deploy fire and re"
SLM-000509,validation,IMMEDIATE,True,True,True,True,True,True,True,True,True,"IMMEDIATE: ZONE-2 Surat, Gujarat -- flooding and road blockages plus 1 more. 7 reports, 186 affected. Send water pump an"
SLM-000510,train,IMMEDIATE,True,True,True,True,True,True,True,True,True,"IMMEDIATE: ZONE-4 Varanasi, Uttar Pradesh -- flooding. 5 reports, 163 affected. Send life jackets and rescue boat plus 1"
SLM-000511,test,IMMEDIATE,True,True,True,True,True,True,True,True,True,"IMMEDIATE: ZONE-2 Surat, Gujarat -- road blockages and flooding plus 1 more. 5 reports, 168 affected. Send water pump an"
SLM-000512,train,ELEVATED,True,True,True,True,True,True,True,True,True,"ELEVATED - ZONE-5 Ahmedabad (Gujarat): rescue emergencies and flooding plus 1 more, 47 affected across 5 reports. water "
SLM-000513,validation,ELEVATED,True,True,True,True,True,True,True,True,True,"ELEVATED: ZONE-4 Dhemaji, Assam -- rescue emergencies and flooding. 5 reports, 46 affected. life jackets and NDRF rescue"
SLM-000514,train,URGENT,True,True,True,True,True,True,True,True,True,"URGENT: flooding and rescue emergencies, ZONE-1 Guwahati, Assam. 6 reports, 101 affected. fire and rescue unit and ambul"
SLM-000515,train,IMMEDIATE,True,True,True,True,True,True,True,True,True,"IMMEDIATE: ZONE-5 Kanpur, Uttar Pradesh -- rescue emergencies and flooding plus 2 more. 6 reports, 177 affected. Deploy "
SLM-000516,train,IMMEDIATE,True,True,True,True,True,True,True,True,True,"IMMEDIATE - ZONE-2 Puri (Odisha): flooding and rescue emergencies plus 1 more, 177 affected across 5 reports. Dispatch a"
SLM-000517,test,ELEVATED,True,True,True,True,True,True,True,True,True,"ELEVATED: ZONE-5 Bengaluru, Karnataka -- flooding. 5 reports, 41 affected. Deploy water pump and NDRF flood rescue team "
SLM-000518,train,URGENT,True,True,True,True,True,True,True,True,True,"URGENT. flooding and rescue emergencies plus 1 more in ZONE-5 Kochi, Kerala; 248 affected, 12 reports. Dispatch NDRF res"
SLM-000519,train,IMMEDIATE,True,True,True,True,True,True,True,True,True,"IMMEDIATE - ZONE-4 Ahmedabad (Gujarat): medical emergencies and rescue emergencies plus 2 more, 150 affected across 8 re"
SLM-000520,train,IMMEDIATE,True,True,True,True,True,True,True,True,True,"IMMEDIATE. flooding and road blockages plus 1 more in ZONE-5 Kanpur, Uttar Pradesh; 78 affected, 5 reports. Dispatch rel"
SLM-000521,train,URGENT,True,True,True,True,True,True,True,True,True,"URGENT. rescue emergencies and medical emergencies plus 1 more in ZONE-2 Guwahati, Assam; 133 affected, 5 reports. Send "
SLM-000522,train,IMMEDIATE,True,True,True,True,True,True,True,True,True,"IMMEDIATE - ZONE-5 Jorhat (Assam): flooding and medical emergencies plus 1 more, 53 affected across 6 reports. drainage "
SLM-000523,train,IMMEDIATE,True,True,True,True,True,True,True,True,True,"IMMEDIATE: ZONE-5 Murshidabad, West Bengal -- medical emergencies and flooding. 6 reports, 195 affected. Deploy life jac"
SLM-000524,validation,ROUTINE,True,True,True,True,True,True,True,True,True,"ROUTINE. flooding and rescue emergencies plus 1 more in ZONE-1 Nagpur, Maharashtra; 20 affected, 7 reports. NDRF flood r"
SLM-000525,train,ELEVATED,True,True,True,True,True,True,True,True,True,"ELEVATED: ZONE-1 Jorhat, Assam -- flooding and rescue emergencies plus 1 more. 7 reports, 72 affected. Deploy rescue rop"
SLM-000526,train,ELEVATED,True,True,True,True,True,True,True,True,True,"ELEVATED. flooding and rescue emergencies plus 1 more in ZONE-5 Vadodara, Gujarat; 53 affected, 6 reports. Deploy rescue"
SLM-000527,train,ELEVATED,True,True,True,True,True,True,True,True,True,"ELEVATED: ZONE-2 Coimbatore, Tamil Nadu -- rescue emergencies and road blockages plus 2 more. 9 reports, 71 affected. Se"
SLM-000528,validation,URGENT,True,True,True,True,True,True,True,True,True,"URGENT. rescue emergencies and flooding plus 1 more in ZONE-4 Tiruppur, Tamil Nadu; 155 affected, 7 reports. Send road c"
SLM-000529,train,ELEVATED,True,True,True,True,True,True,True,True,True,"ELEVATED: ZONE-3 Jorhat, Assam -- flooding and rescue emergencies plus 2 more. 8 reports, 86 affected. Send drainage tea"
SLM-000530,train,URGENT,True,True,True,True,True,True,True,True,True,"URGENT - ZONE-4 Muzaffarpur (Bihar): rescue emergencies and road blockages, 91 affected across 5 reports. tow truck and "
SLM-000531,train,ELEVATED,True,True,True,True,True,True,True,True,True,"ELEVATED: ZONE-4 Rajkot, Gujarat -- flooding and medical emergencies plus 2 more. 5 reports, 39 affected. Send sandbags "
SLM-000532,train,ELEVATED,True,True,True,True,True,True,True,True,True,"ELEVATED: ZONE-4 Kolkata, West Bengal -- medical emergencies and flooding plus 1 more. 6 reports, 41 affected. ambulance"
SLM-000533,train,URGENT,True,True,True,True,True,True,True,True,True,"URGENT. flooding and rescue emergencies in ZONE-2 Murshidabad, West Bengal; 98 affected, 6 reports. Deploy NDRF flood re"
SLM-000534,train,ELEVATED,True,True,True,True,True,True,True,True,True,"ELEVATED: ZONE-5 Coimbatore, Tamil Nadu -- flooding and rescue emergencies plus 1 more. 6 reports, 57 affected. Send san"
SLM-000535,test,ELEVATED,True,True,True,True,True,True,True,True,True,"ELEVATED: ZONE-3 Muzaffarpur, Bihar -- flooding and rescue emergencies. 7 reports, 62 affected. Dispatch road clearance "
SLM-000536,train,IMMEDIATE,True,True,True,True,True,True,True,True,True,"IMMEDIATE: flooding and medical emergencies plus 1 more, ZONE-3 Malda, West Bengal. 6 reports, 131 affected. Send rescue"
SLM-000537,validation,URGENT,True,True,True,True,True,True,True,True,True,"URGENT. flooding and rescue emergencies in ZONE-5 Barpeta, Assam; 67 affected, 6 reports. Deploy ambulance and relief su"
SLM-000538,validation,ELEVATED,True,True,True,True,True,True,True,True,True,"ELEVATED: rescue emergencies and flooding plus 1 more, ZONE-3 Udupi, Karnataka. 6 reports, 55 affected. Dispatch life ja"
SLM-000539,train,ELEVATED,True,True,True,True,True,True,True,True,True,"ELEVATED: flooding and road blockages plus 1 more, ZONE-1 Thrissur, Kerala. 6 reports, 45 affected. Deploy drainage team"
SLM-000540,test,ELEVATED,True,True,True,True,True,True,True,True,True,"ELEVATED: road blockages and flooding, ZONE-1 Bhagalpur, Bihar. 5 reports, 32 affected. water pump and rescue boat plus "
SLM-000541,test,ELEVATED,True,True,True,True,True,True,True,True,True,"ELEVATED: rescue emergencies and flooding plus 1 more, ZONE-4 Malda, West Bengal. 6 reports, 44 affected. Deploy road cl"
SLM-000542,validation,URGENT,True,True,True,True,True,True,True,True,True,"URGENT - ZONE-5 Prayagraj (Uttar Pradesh): flooding and rescue emergencies, 127 affected across 5 reports. Deploy relief"
SLM-000543,validation,URGENT,True,True,True,True,True,True,True,True,True,"URGENT - ZONE-3 Lucknow (Uttar Pradesh): road blockages and flooding plus 1 more, 70 affected across 5 reports. relief s"
SLM-000544,validation,IMMEDIATE,True,True,True,True,True,True,True,True,True,"IMMEDIATE: ZONE-5 Kodagu, Karnataka -- flooding and rescue emergencies plus 1 more. 5 reports, 271 affected. Deploy life"
SLM-000545,test,ELEVATED,True,True,True,True,True,True,True,True,True,"ELEVATED. flooding and medical emergencies in ZONE-5 Mangaluru, Karnataka; 41 affected, 5 reports. Send water pump and r"
SLM-000546,test,ELEVATED,True,True,True,True,True,True,True,True,True,"ELEVATED: flooding and road blockages, ZONE-1 Murshidabad, West Bengal. 6 reports, 52 affected. Send water pump and drai"
SLM-000547,train,IMMEDIATE,True,True,True,True,True,True,True,True,True,"IMMEDIATE. flooding and rescue emergencies in ZONE-4 Dhemaji, Assam; 103 affected, 5 reports. Send sandbags and relief s"
SLM-000548,train,ROUTINE,True,True,True,True,True,True,True,True,True,"ROUTINE: ZONE-2 Howrah, West Bengal -- flooding and rescue emergencies. 5 reports, 22 affected. Deploy road clearance te"
SLM-000549,train,IMMEDIATE,True,True,True,True,True,True,True,True,True,"IMMEDIATE. flooding and rescue emergencies in ZONE-5 Thanjavur, Tamil Nadu; 136 affected, 6 reports. Send drainage team "
SLM-000550,train,ROUTINE,True,True,True,True,True,True,True,True,True,"ROUTINE: flooding, ZONE-5 Kendrapara, Odisha. 5 reports, 15 affected. Deploy NDRF flood rescue team and water pump plus "
SLM-000551,train,ELEVATED,True,True,True,True,True,True,True,True,True,"ELEVATED - ZONE-3 Nashik (Maharashtra): rescue emergencies and flooding plus 1 more, 51 affected across 5 reports. Dispa"
SLM-000552,train,IMMEDIATE,True,True,True,True,True,True,True,True,True,"IMMEDIATE - ZONE-2 Coimbatore (Tamil Nadu): flooding and rescue emergencies, 230 affected across 6 reports. Dispatch wat"
SLM-000553,train,URGENT,True,True,True,True,True,True,True,True,True,"URGENT - ZONE-3 Kottayam (Kerala): flooding and road blockages plus 1 more, 32 affected across 5 reports. Dispatch drain"
SLM-000554,train,ELEVATED,True,True,True,True,True,True,True,True,True,"ELEVATED - ZONE-3 Nagpur (Maharashtra): medical emergencies and flooding plus 1 more, 58 affected across 7 reports. Depl"
SLM-000555,train,URGENT,True,True,True,True,True,True,True,True,True,"URGENT. flooding and rescue emergencies in ZONE-3 Gorakhpur, Uttar Pradesh; 74 affected, 5 reports. NDRF flood rescue te"
SLM-000556,validation,URGENT,True,True,True,True,True,True,True,True,True,"URGENT: rescue emergencies and flooding plus 1 more, ZONE-4 Guwahati, Assam. 8 reports, 142 affected. Dispatch water pum"
SLM-000557,validation,ELEVATED,True,True,True,True,True,True,True,True,True,"ELEVATED: flooding and medical emergencies plus 1 more, ZONE-5 Kolkata, West Bengal. 7 reports, 62 affected. Dispatch dr"
SLM-000558,train,ELEVATED,True,True,True,True,True,True,True,True,True,"ELEVATED: ZONE-2 Gaya, Bihar -- road blockages and flooding plus 1 more. 7 reports, 54 affected. Dispatch traffic police"
SLM-000559,train,URGENT,True,True,True,True,True,True,True,True,True,"URGENT: ZONE-2 Kochi, Kerala -- medical emergencies and rescue emergencies plus 1 more. 8 reports, 156 affected. Deploy "
SLM-000560,test,URGENT,True,True,True,True,True,True,True,True,True,"URGENT - ZONE-4 Balasore (Odisha): flooding and rescue emergencies plus 2 more, 194 affected across 9 reports. life jack"
SLM-000561,validation,URGENT,True,True,True,True,True,True,True,True,True,"URGENT - ZONE-3 Kochi (Kerala): flooding and road blockages plus 1 more, 139 affected across 6 reports. Send tow truck a"
SLM-000562,train,ELEVATED,True,True,True,True,True,True,True,True,True,"ELEVATED: ZONE-1 Surat, Gujarat -- rescue emergencies and flooding. 6 reports, 38 affected. Deploy rescue rope and ladde"
SLM-000563,train,ROUTINE,True,True,True,True,True,True,True,True,True,"ROUTINE: flooding and rescue emergencies, ZONE-3 Thanjavur, Tamil Nadu. 6 reports, 24 affected. Dispatch water pump and "
SLM-000564,train,ELEVATED,True,True,True,True,True,True,True,True,True,"ELEVATED: ZONE-2 Thanjavur, Tamil Nadu -- flooding and road blockages plus 1 more. 6 reports, 48 affected. Deploy draina"
SLM-000565,train,URGENT,True,True,True,True,True,True,True,True,True,"URGENT: flooding and rescue emergencies plus 1 more, ZONE-3 Mysuru, Karnataka. 8 reports, 187 affected. Send water pump "
SLM-000566,validation,ELEVATED,True,True,True,True,True,True,True,True,True,"ELEVATED - ZONE-5 Muzaffarpur (Bihar): flooding and rescue emergencies, 31 affected across 5 reports. Deploy relief supp"
SLM-000567,train,IMMEDIATE,True,True,True,True,True,True,True,True,True,"IMMEDIATE: flooding and rescue emergencies plus 2 more, ZONE-2 Kodagu, Karnataka. 5 reports, 77 affected. NDRF flood res"
SLM-000568,train,IMMEDIATE,True,True,True,True,True,True,True,True,True,"IMMEDIATE - ZONE-4 Balasore (Odisha): flooding and rescue emergencies, 181 affected across 6 reports. Dispatch rescue bo"
SLM-000569,validation,IMMEDIATE,True,True,True,True,True,True,True,True,True,"IMMEDIATE: ZONE-4 Coimbatore, Tamil Nadu -- rescue emergencies and medical emergencies plus 1 more. 8 reports, 194 affec"
SLM-000570,train,ELEVATED,True,True,True,True,True,True,True,True,True,"ELEVATED - ZONE-2 Rajkot (Gujarat): rescue emergencies and flooding, 57 affected across 6 reports. NDRF rescue team and "
SLM-000571,test,URGENT,True,True,True,True,True,True,True,True,True,"URGENT - ZONE-5 Kozhikode (Kerala): flooding and rescue emergencies, 181 affected across 6 reports. rescue boat and wate"
SLM-000572,train,ROUTINE,True,True,True,True,True,True,True,True,True,"ROUTINE: ZONE-3 Varanasi, Uttar Pradesh -- flooding and rescue emergencies. 5 reports, 23 affected. Send rescue rope and"
SLM-000573,train,IMMEDIATE,True,True,True,True,True,True,True,True,True,"IMMEDIATE: road blockages and flooding plus 1 more, ZONE-3 Bhagalpur, Bihar. 5 reports, 122 affected. Send drainage team"
SLM-000574,train,ROUTINE,True,True,True,True,True,True,True,True,True,"ROUTINE. rescue emergencies and medical emergencies plus 2 more in ZONE-5 Gaya, Bihar; 18 affected, 5 reports. ambulance"
SLM-000575,train,URGENT,True,True,True,True,True,True,True,True,True,"URGENT: rescue emergencies and flooding plus 2 more, ZONE-3 Udupi, Karnataka. 6 reports, 51 affected. Send ambulance and"
SLM-000576,train,URGENT,True,True,True,True,True,True,True,True,True,"URGENT. flooding and medical emergencies in ZONE-4 Pune, Maharashtra; 177 affected, 8 reports. Send life jackets and NDR"
SLM-000577,train,ELEVATED,True,True,True,True,True,True,True,True,True,"ELEVATED - ZONE-1 Bharuch (Gujarat): flooding and road blockages plus 2 more, 40 affected across 5 reports. Dispatch amb"
SLM-000578,train,ELEVATED,True,True,True,True,True,True,True,True,True,"ELEVATED - ZONE-3 Jorhat (Assam): road blockages and flooding plus 2 more, 37 affected across 5 reports. Deploy ambulanc"
SLM-000579,train,ELEVATED,True,True,True,True,True,True,True,True,True,"ELEVATED: flooding and rescue emergencies, ZONE-1 Howrah, West Bengal. 5 reports, 57 affected. Send water pump and life "
SLM-000580,train,IMMEDIATE,True,True,True,True,True,True,True,True,True,"IMMEDIATE: flooding, ZONE-3 Gaya, Bihar. 5 reports, 108 affected. relief supplies and road clearance team plus 1 more to"
SLM-000581,train,URGENT,True,True,True,True,True,True,True,True,True,"URGENT. flooding and rescue emergencies in ZONE-5 Barpeta, Assam; 36 affected, 5 reports. Send NDRF flood rescue team an"
SLM-000582,train,IMMEDIATE,True,True,True,True,True,True,True,True,True,"IMMEDIATE. flooding and rescue emergencies in ZONE-3 Howrah, West Bengal; 113 affected, 5 reports. Dispatch water pump a"
SLM-000583,validation,IMMEDIATE,True,True,True,True,True,True,True,True,True,"IMMEDIATE. rescue emergencies and flooding plus 1 more in ZONE-3 Kendrapara, Odisha; 97 affected, 5 reports. Send rescue"
SLM-000584,train,IMMEDIATE,True,True,True,True,True,True,True,True,True,"IMMEDIATE - ZONE-4 Kochi (Kerala): flooding and rescue emergencies plus 1 more, 238 affected across 7 reports. Dispatch "
SLM-000585,train,IMMEDIATE,True,True,True,True,True,True,True,True,True,"IMMEDIATE - ZONE-5 Guwahati (Assam): road blockages and rescue emergencies plus 1 more, 75 affected across 5 reports. Se"
SLM-000586,train,ELEVATED,True,True,True,True,True,True,True,True,True,"ELEVATED. rescue emergencies and medical emergencies plus 1 more in ZONE-3 Barpeta, Assam; 38 affected, 6 reports. Deplo"
SLM-000587,train,ELEVATED,True,True,True,True,True,True,True,True,True,"ELEVATED - ZONE-4 Lucknow (Uttar Pradesh): rescue emergencies and flooding plus 1 more, 38 affected across 5 reports. De"
SLM-000588,train,URGENT,True,True,True,True,True,True,True,True,True,"URGENT: ZONE-5 Gaya, Bihar -- flooding and road blockages plus 1 more. 10 reports, 209 affected. Deploy road clearance t"
SLM-000589,test,IMMEDIATE,True,True,True,True,True,True,True,True,True,"IMMEDIATE - ZONE-1 Gorakhpur (Uttar Pradesh): flooding and medical emergencies, 158 affected across 5 reports. Send sand"
SLM-000590,validation,ELEVATED,True,True,True,True,True,True,True,True,True,"ELEVATED: ZONE-3 Thanjavur, Tamil Nadu -- medical emergencies and flooding plus 1 more. 7 reports, 46 affected. Send NDR"
SLM-000591,validation,ELEVATED,True,True,True,True,True,True,True,True,True,"ELEVATED: rescue emergencies and flooding plus 1 more, ZONE-2 Murshidabad, West Bengal. 5 reports, 58 affected. Deploy f"
SLM-000592,validation,ROUTINE,True,True,True,True,True,True,True,True,True,"ROUTINE: road blockages and rescue emergencies plus 1 more, ZONE-4 Jorhat, Assam. 5 reports, 9 affected. Send rescue rop"
SLM-000593,test,ELEVATED,True,True,True,True,True,True,True,True,True,"ELEVATED: rescue emergencies and flooding plus 1 more, ZONE-4 Alappuzha, Kerala. 8 reports, 57 affected. Dispatch fire a"
SLM-000594,train,ROUTINE,True,True,True,True,True,True,True,True,True,"ROUTINE. flooding and rescue emergencies plus 1 more in ZONE-5 Kolkata, West Bengal; 12 affected, 6 reports. Send draina"
SLM-000595,train,URGENT,True,True,True,True,True,True,True,True,True,"URGENT: flooding and rescue emergencies plus 2 more, ZONE-1 Kanpur, Uttar Pradesh. 6 reports, 82 affected. Deploy water "
SLM-000596,validation,ELEVATED,True,True,True,True,True,True,True,True,True,"ELEVATED. flooding and road blockages plus 2 more in ZONE-4 Ahmedabad, Gujarat; 47 affected, 9 reports. rescue boat and "
SLM-000597,train,ELEVATED,True,True,True,True,True,True,True,True,True,"ELEVATED: rescue emergencies and flooding, ZONE-4 Howrah, West Bengal. 5 reports, 66 affected. rescue rope and ladder an"
SLM-000598,validation,ELEVATED,True,True,True,True,True,True,True,True,True,"ELEVATED: medical emergencies and flooding plus 1 more, ZONE-2 Guwahati, Assam. 6 reports, 42 affected. Dispatch emergen"
SLM-000599,train,URGENT,True,True,True,True,True,True,True,True,True,"URGENT. flooding and rescue emergencies in ZONE-5 Kendrapara, Odisha; 130 affected, 6 reports. rescue rope and ladder an"
SLM-000600,test,IMMEDIATE,True,True,True,True,True,True,True,True,True,"IMMEDIATE. flooding in ZONE-4 Puri, Odisha; 148 affected, 5 reports. water pump and NDRF flood rescue team plus 1 more t"
SLM-000601,validation,IMMEDIATE,True,True,True,True,True,True,True,True,True,"IMMEDIATE: ZONE-5 Nagpur, Maharashtra -- rescue emergencies and flooding. 5 reports, 154 affected. Dispatch water pump a"
SLM-000602,train,IMMEDIATE,True,True,True,True,True,True,True,True,True,"IMMEDIATE. flooding and medical emergencies plus 1 more in ZONE-4 Kendrapara, Odisha; 191 affected, 5 reports. Send resc"
SLM-000603,train,IMMEDIATE,True,True,True,True,True,True,True,True,True,"IMMEDIATE - ZONE-2 Rajkot (Gujarat): road blockages and flooding plus 1 more, 243 affected across 6 reports. Deploy tow "
SLM-000604,validation,URGENT,True,True,True,True,True,True,True,True,True,"URGENT: ZONE-3 Kendrapara, Odisha -- flooding and rescue emergencies. 7 reports, 181 affected. Deploy sandbags and rescu"
SLM-000605,test,IMMEDIATE,True,True,True,True,True,True,True,True,True,"IMMEDIATE: ZONE-3 Udupi, Karnataka -- rescue emergencies and flooding plus 1 more. 5 reports, 166 affected. rescue rope "
SLM-000606,train,URGENT,True,True,True,True,True,True,True,True,True,"URGENT - ZONE-2 Madurai (Tamil Nadu): rescue emergencies and flooding plus 1 more, 158 affected across 7 reports. water "
SLM-000607,train,URGENT,True,True,True,True,True,True,True,True,True,"URGENT - ZONE-4 Mysuru (Karnataka): flooding and rescue emergencies, 101 affected across 5 reports. Deploy rescue boat a"
SLM-000608,train,ROUTINE,True,True,True,True,True,True,True,True,True,"ROUTINE. flooding and rescue emergencies in ZONE-1 Malda, West Bengal; 13 affected, 6 reports. life jackets and relief s"
SLM-000609,train,URGENT,True,True,True,True,True,True,True,True,True,"URGENT. rescue emergencies and flooding in ZONE-3 Udupi, Karnataka; 117 affected, 5 reports. ambulance and relief suppli"
SLM-000610,test,ELEVATED,True,True,True,True,True,True,True,True,True,"ELEVATED: flooding and rescue emergencies plus 1 more, ZONE-3 Tiruppur, Tamil Nadu. 9 reports, 75 affected. Dispatch res"
SLM-000611,train,ELEVATED,True,True,True,True,True,True,True,True,True,"ELEVATED: ZONE-1 Mumbai, Maharashtra -- rescue emergencies and road blockages plus 1 more. 5 reports, 40 affected. Deplo"
SLM-000612,train,ELEVATED,True,True,True,True,True,True,True,True,True,"ELEVATED: medical emergencies and road blockages plus 2 more, ZONE-3 Mysuru, Karnataka. 6 reports, 54 affected. Dispatch"
SLM-000613,train,IMMEDIATE,True,True,True,True,True,True,True,True,True,"IMMEDIATE: ZONE-2 Bengaluru, Karnataka -- rescue emergencies and medical emergencies plus 1 more. 5 reports, 275 affecte"
SLM-000614,validation,ELEVATED,True,True,True,True,True,True,True,True,True,"ELEVATED: ZONE-3 Muzaffarpur, Bihar -- flooding and rescue emergencies plus 1 more. 5 reports, 37 affected. Send life ja"
SLM-000615,validation,URGENT,True,True,True,True,True,True,True,True,True,"URGENT: road blockages and flooding, ZONE-3 Thrissur, Kerala. 6 reports, 106 affected. relief supplies and rescue boat p"
SLM-000616,test,ELEVATED,True,True,True,True,True,True,True,True,True,"ELEVATED. flooding and rescue emergencies plus 1 more in ZONE-3 Jorhat, Assam; 59 affected, 7 reports. Send water pump a"
SLM-000617,test,ELEVATED,True,True,True,True,True,True,True,True,True,"ELEVATED: ZONE-2 Mangaluru, Karnataka -- flooding and road blockages. 6 reports, 52 affected. Dispatch water pump and ro"
SLM-000618,train,ROUTINE,True,True,True,True,True,True,True,True,True,"ROUTINE: ZONE-1 Jorhat, Assam -- rescue emergencies and road blockages plus 1 more. 5 reports, 22 affected. NDRF rescue "
SLM-000619,validation,IMMEDIATE,True,True,True,True,True,True,True,True,True,"IMMEDIATE: flooding and rescue emergencies, ZONE-2 Kochi, Kerala. 5 reports, 190 affected. Deploy water pump and drainag"
SLM-000620,train,URGENT,True,True,True,True,True,True,True,True,True,"URGENT - ZONE-4 Barpeta (Assam): flooding and medical emergencies plus 1 more, 148 affected across 6 reports. Send rescu"
SLM-000621,test,IMMEDIATE,True,True,True,True,True,True,True,True,True,"IMMEDIATE - ZONE-4 Vadodara (Gujarat): rescue emergencies and flooding plus 2 more, 176 affected across 9 reports. ambul"
SLM-000622,validation,URGENT,True,True,True,True,True,True,True,True,True,"URGENT. flooding and road blockages plus 1 more in ZONE-2 Vadodara, Gujarat; 59 affected, 5 reports. Dispatch NDRF flood"
SLM-000623,train,IMMEDIATE,True,True,True,True,True,True,True,True,True,"IMMEDIATE: flooding and road blockages, ZONE-5 Gorakhpur, Uttar Pradesh. 7 reports, 147 affected. Deploy NDRF flood resc"
SLM-000624,validation,IMMEDIATE,True,True,True,True,True,True,True,True,True,"IMMEDIATE: ZONE-3 Darjeeling, West Bengal -- rescue emergencies and medical emergencies plus 2 more. 8 reports, 128 affe"
SLM-000625,test,ELEVATED,True,True,True,True,True,True,True,True,True,"ELEVATED. flooding and medical emergencies plus 2 more in ZONE-5 Bengaluru, Karnataka; 45 affected, 6 reports. Dispatch "
SLM-000626,train,URGENT,True,True,True,True,True,True,True,True,True,"URGENT: rescue emergencies and flooding plus 1 more, ZONE-3 Howrah, West Bengal. 6 reports, 119 affected. Send NDRF resc"
SLM-000627,train,URGENT,True,True,True,True,True,True,True,True,True,"URGENT. flooding and rescue emergencies in ZONE-4 Kottayam, Kerala; 77 affected, 5 reports. Deploy rescue rope and ladde"
SLM-000628,train,IMMEDIATE,True,True,True,True,True,True,True,True,True,"IMMEDIATE - ZONE-5 Lucknow (Uttar Pradesh): flooding and rescue emergencies plus 1 more, 111 affected across 5 reports. "
SLM-000629,train,ELEVATED,True,True,True,True,True,True,True,True,True,"ELEVATED: ZONE-5 Chennai, Tamil Nadu -- road blockages and rescue emergencies plus 1 more. 7 reports, 64 affected. Deplo"
SLM-000630,train,ELEVATED,True,True,True,True,True,True,True,True,True,"ELEVATED: ZONE-1 Bengaluru, Karnataka -- rescue emergencies and flooding. 6 reports, 41 affected. Deploy water pump and "
SLM-000631,train,ROUTINE,True,True,True,True,True,True,True,True,True,"ROUTINE: road blockages and medical emergencies plus 2 more, ZONE-3 Bengaluru, Karnataka. 5 reports, 19 affected. Deploy"
SLM-000632,train,URGENT,True,True,True,True,True,True,True,True,True,"URGENT. flooding and road blockages plus 1 more in ZONE-2 Bharuch, Gujarat; 134 affected, 6 reports. Deploy water pump a"
SLM-000633,test,IMMEDIATE,True,True,True,True,True,True,True,True,True,"IMMEDIATE: flooding and road blockages plus 1 more, ZONE-3 Kottayam, Kerala. 12 reports, 364 affected. Send water pump a"
SLM-000634,train,URGENT,True,True,True,True,True,True,True,True,True,"URGENT. rescue emergencies and flooding plus 1 more in ZONE-4 Thanjavur, Tamil Nadu; 47 affected, 5 reports. Send NDRF r"
SLM-000635,train,ELEVATED,True,True,True,True,True,True,True,True,True,"ELEVATED: medical emergencies and flooding plus 1 more, ZONE-4 Gorakhpur, Uttar Pradesh. 6 reports, 69 affected. Deploy "
SLM-000636,train,IMMEDIATE,True,True,True,True,True,True,True,True,True,"IMMEDIATE: flooding and road blockages plus 1 more, ZONE-3 Bhagalpur, Bihar. 5 reports, 63 affected. Dispatch water pump"
SLM-000637,train,URGENT,True,True,True,True,True,True,True,True,True,"URGENT: ZONE-5 Kottayam, Kerala -- flooding and road blockages plus 1 more. 5 reports, 41 affected. Deploy NDRF rescue t"
SLM-000638,train,IMMEDIATE,True,True,True,True,True,True,True,True,True,"IMMEDIATE: ZONE-1 Prayagraj, Uttar Pradesh -- flooding and medical emergencies plus 1 more. 7 reports, 182 affected. dra"
SLM-000639,train,IMMEDIATE,True,True,True,True,True,True,True,True,True,"IMMEDIATE: road blockages and flooding plus 1 more, ZONE-5 Darjeeling, West Bengal. 5 reports, 183 affected. Send road c"
SLM-000640,train,ELEVATED,True,True,True,True,True,True,True,True,True,"ELEVATED: ZONE-4 Surat, Gujarat -- flooding and rescue emergencies. 5 reports, 33 affected. Send water pump and life jac"
SLM-000641,train,URGENT,True,True,True,True,True,True,True,True,True,"URGENT: flooding and medical emergencies plus 1 more, ZONE-4 Chennai, Tamil Nadu. 5 reports, 176 affected. Dispatch wate"
SLM-000642,train,ROUTINE,True,True,True,True,True,True,True,True,True,"ROUTINE: flooding and rescue emergencies, ZONE-3 Balasore, Odisha. 5 reports, 14 affected. Send NDRF flood rescue team a"
SLM-000643,train,ELEVATED,True,True,True,True,True,True,True,True,True,"ELEVATED. rescue emergencies and medical emergencies plus 1 more in ZONE-4 Tiruppur, Tamil Nadu; 48 affected, 7 reports."
SLM-000644,train,ELEVATED,True,True,True,True,True,True,True,True,True,"ELEVATED: rescue emergencies and medical emergencies plus 2 more, ZONE-4 Thrissur, Kerala. 5 reports, 40 affected. Deplo"
SLM-000645,train,IMMEDIATE,True,True,True,True,True,True,True,True,True,"IMMEDIATE: flooding and rescue emergencies, ZONE-3 Chennai, Tamil Nadu. 6 reports, 188 affected. rescue boat and NDRF fl"
SLM-000646,train,URGENT,True,True,True,True,True,True,True,True,True,"URGENT - ZONE-5 Madurai (Tamil Nadu): flooding and rescue emergencies, 97 affected across 5 reports. Dispatch rescue boa"
SLM-000647,train,IMMEDIATE,True,True,True,True,True,True,True,True,True,"IMMEDIATE: ZONE-3 Kanpur, Uttar Pradesh -- medical emergencies and rescue emergencies plus 1 more. 6 reports, 57 affecte"
SLM-000648,train,ELEVATED,True,True,True,True,True,True,True,True,True,"ELEVATED: ZONE-1 Malda, West Bengal -- medical emergencies and flooding plus 2 more. 7 reports, 63 affected. medical fir"
SLM-000649,train,ELEVATED,True,True,True,True,True,True,True,True,True,"ELEVATED - ZONE-3 Mysuru (Karnataka): flooding and rescue emergencies, 60 affected across 6 reports. Deploy ambulance an"
SLM-000650,train,URGENT,True,True,True,True,True,True,True,True,True,"URGENT - ZONE-2 Barpeta (Assam): road blockages and medical emergencies plus 1 more, 73 affected across 5 reports. Dispa"
SLM-000651,train,ROUTINE,True,True,True,True,True,True,True,True,True,"ROUTINE: ZONE-2 Guwahati, Assam -- flooding and road blockages plus 1 more. 6 reports, 13 affected. Dispatch drainage te"
SLM-000652,train,ELEVATED,True,True,True,True,True,True,True,True,True,"ELEVATED - ZONE-1 Muzaffarpur (Bihar): flooding and rescue emergencies plus 2 more, 49 affected across 5 reports. ambula"
SLM-000653,train,IMMEDIATE,True,True,True,True,True,True,True,True,True,"IMMEDIATE. flooding and medical emergencies in ZONE-4 Pune, Maharashtra; 204 affected, 7 reports. Dispatch water pump an"
SLM-000654,train,ROUTINE,True,True,True,True,True,True,True,True,True,"ROUTINE. flooding and road blockages plus 1 more in ZONE-5 Dibrugarh, Assam; 14 affected, 5 reports. Deploy water pump a"
SLM-000655,test,URGENT,True,True,True,True,True,True,True,True,True,"URGENT - ZONE-5 Kolhapur (Maharashtra): rescue emergencies and flooding, 110 affected across 5 reports. Deploy fire and "
SLM-000656,train,IMMEDIATE,True,True,True,True,True,True,True,True,True,"IMMEDIATE: flooding, ZONE-5 Bengaluru, Karnataka. 5 reports, 136 affected. Send drainage team and road clearance team pl"
SLM-000657,train,IMMEDIATE,True,True,True,True,True,True,True,True,True,"IMMEDIATE - ZONE-1 Barpeta (Assam): flooding and medical emergencies, 99 affected across 5 reports. road clearance team "
SLM-000658,test,IMMEDIATE,True,True,True,True,True,True,True,True,True,"IMMEDIATE - ZONE-2 Kolkata (West Bengal): rescue emergencies and flooding, 119 affected across 5 reports. Deploy relief "
SLM-000659,train,IMMEDIATE,True,True,True,True,True,True,True,True,True,"IMMEDIATE - ZONE-5 Madurai (Tamil Nadu): flooding and medical emergencies, 92 affected across 5 reports. Send relief sup"
SLM-000660,train,URGENT,True,True,True,True,True,True,True,True,True,"URGENT: ZONE-3 Barpeta, Assam -- flooding and road blockages. 5 reports, 85 affected. Dispatch road clearance crew and w"
SLM-000661,test,ELEVATED,True,True,True,True,True,True,True,True,True,"ELEVATED. flooding and rescue emergencies plus 1 more in ZONE-2 Thrissur, Kerala; 37 affected, 5 reports. Dispatch water"
SLM-000662,train,URGENT,True,True,True,True,True,True,True,True,True,"URGENT. rescue emergencies and medical emergencies plus 1 more in ZONE-4 Bharuch, Gujarat; 140 affected, 5 reports. fire"
SLM-000663,train,ELEVATED,True,True,True,True,True,True,True,True,True,"ELEVATED: ZONE-3 Vadodara, Gujarat -- road blockages and flooding. 6 reports, 41 affected. Deploy water pump and traffic"
SLM-000664,train,ELEVATED,True,True,True,True,True,True,True,True,True,"ELEVATED - ZONE-2 Tiruppur (Tamil Nadu): flooding and road blockages, 43 affected across 5 reports. Deploy NDRF flood re"
SLM-000665,test,ELEVATED,True,True,True,True,True,True,True,True,True,"ELEVATED - ZONE-1 Kozhikode (Kerala): flooding and rescue emergencies, 59 affected across 8 reports. water pump and reli"
SLM-000666,train,ELEVATED,True,True,True,True,True,True,True,True,True,"ELEVATED - ZONE-1 Vadodara (Gujarat): flooding and road blockages plus 1 more, 29 affected across 5 reports. life jacket"
SLM-000667,train,URGENT,True,True,True,True,True,True,True,True,True,"URGENT. flooding and rescue emergencies plus 1 more in ZONE-3 Kottayam, Kerala; 196 affected, 8 reports. Send road clear"
SLM-000668,test,ELEVATED,True,True,True,True,True,True,True,True,True,"ELEVATED: ZONE-3 Udupi, Karnataka -- flooding and road blockages. 6 reports, 49 affected. relief supplies and NDRF flood"
SLM-000669,train,IMMEDIATE,True,True,True,True,True,True,True,True,True,"IMMEDIATE. flooding and rescue emergencies in ZONE-2 Cuttack, Odisha; 153 affected, 6 reports. Deploy NDRF flood rescue "
SLM-000670,train,URGENT,True,True,True,True,True,True,True,True,True,"URGENT. rescue emergencies and flooding plus 1 more in ZONE-2 Nashik, Maharashtra; 83 affected, 5 reports. Deploy rescue"
SLM-000671,train,ELEVATED,True,True,True,True,True,True,True,True,True,"ELEVATED: flooding and road blockages plus 1 more, ZONE-5 Nashik, Maharashtra. 6 reports, 46 affected. water pump and ea"
SLM-000672,test,ROUTINE,True,True,True,True,True,True,True,True,True,"ROUTINE: ZONE-3 Kendrapara, Odisha -- flooding and rescue emergencies plus 1 more. 7 reports, 21 affected. ambulance and"
SLM-000673,train,URGENT,True,True,True,True,True,True,True,True,True,"URGENT. rescue emergencies and flooding in ZONE-3 Dibrugarh, Assam; 119 affected, 6 reports. Deploy relief supplies and "
SLM-000674,train,IMMEDIATE,True,True,True,True,True,True,True,True,True,"IMMEDIATE - ZONE-4 Kolhapur (Maharashtra): flooding and medical emergencies, 303 affected across 6 reports. relief suppl"
SLM-000675,train,URGENT,True,True,True,True,True,True,True,True,True,"URGENT - ZONE-3 Prayagraj (Uttar Pradesh): rescue emergencies and flooding plus 1 more, 152 affected across 5 reports. t"
SLM-000676,train,IMMEDIATE,True,True,True,True,True,True,True,True,True,"IMMEDIATE - ZONE-4 Tiruppur (Tamil Nadu): flooding and rescue emergencies, 209 affected across 5 reports. Dispatch NDRF "
SLM-000677,train,IMMEDIATE,True,True,True,True,True,True,True,True,True,"IMMEDIATE - ZONE-3 Darbhanga (Bihar): flooding and rescue emergencies, 95 affected across 5 reports. rescue rope and lad"
SLM-000678,train,ELEVATED,True,True,True,True,True,True,True,True,True,"ELEVATED: rescue emergencies and road blockages plus 2 more, ZONE-4 Muzaffarpur, Bihar. 6 reports, 40 affected. ambulanc"
SLM-000679,test,IMMEDIATE,True,True,True,True,True,True,True,True,True,"IMMEDIATE: flooding and medical emergencies plus 2 more, ZONE-1 Alappuzha, Kerala. 7 reports, 136 affected. Deploy relie"
SLM-000680,train,ELEVATED,True,True,True,True,True,True,True,True,True,"ELEVATED - ZONE-5 Kendrapara (Odisha): rescue emergencies and flooding, 52 affected across 5 reports. Send fire and resc"
SLM-000681,train,ELEVATED,True,True,True,True,True,True,True,True,True,"ELEVATED: medical emergencies and road blockages plus 2 more, ZONE-5 Kolkata, West Bengal. 6 reports, 45 affected. Dispa"
SLM-000682,train,URGENT,True,True,True,True,True,True,True,True,True,"URGENT. road blockages and flooding in ZONE-3 Bhubaneswar, Odisha; 126 affected, 5 reports. Send tow truck and rescue bo"
SLM-000683,validation,URGENT,True,True,True,True,True,True,True,True,True,"URGENT. flooding and rescue emergencies plus 1 more in ZONE-3 Coimbatore, Tamil Nadu; 253 affected, 9 reports. Dispatch "
SLM-000684,test,IMMEDIATE,True,True,True,True,True,True,True,True,True,"IMMEDIATE - ZONE-3 Howrah (West Bengal): flooding, 96 affected across 6 reports. Send relief supplies and water pump plu"
SLM-000685,train,URGENT,True,True,True,True,True,True,True,True,True,"URGENT: rescue emergencies and flooding plus 1 more, ZONE-5 Mumbai, Maharashtra. 5 reports, 78 affected. Deploy fire and"
SLM-000686,test,IMMEDIATE,True,True,True,True,True,True,True,True,True,"IMMEDIATE - ZONE-5 Nagpur (Maharashtra): flooding and road blockages, 89 affected across 5 reports. drainage team and ea"
SLM-000687,train,URGENT,True,True,True,True,True,True,True,True,True,"URGENT: ZONE-3 Muzaffarpur, Bihar -- road blockages and flooding. 6 reports, 151 affected. Dispatch water pump and earth"
SLM-000688,train,URGENT,True,True,True,True,True,True,True,True,True,"URGENT: ZONE-4 Coimbatore, Tamil Nadu -- flooding and road blockages plus 1 more. 8 reports, 62 affected. relief supplie"
SLM-000689,train,ELEVATED,True,True,True,True,True,True,True,True,True,"ELEVATED - ZONE-2 Malda (West Bengal): flooding and medical emergencies plus 1 more, 53 affected across 6 reports. Dispa"
SLM-000690,train,ELEVATED,True,True,True,True,True,True,True,True,True,"ELEVATED. rescue emergencies and flooding in ZONE-5 Kodagu, Karnataka; 37 affected, 5 reports. NDRF rescue team and resc"
SLM-000691,test,IMMEDIATE,True,True,True,True,True,True,True,True,True,"IMMEDIATE. flooding and rescue emergencies plus 1 more in ZONE-3 Varanasi, Uttar Pradesh; 106 affected, 5 reports. ambul"
SLM-000692,train,ELEVATED,True,True,True,True,True,True,True,True,True,"ELEVATED: ZONE-4 Rajkot, Gujarat -- flooding and rescue emergencies. 5 reports, 45 affected. ambulance and NDRF flood re"
SLM-000693,validation,URGENT,True,True,True,True,True,True,True,True,True,"URGENT: flooding and rescue emergencies, ZONE-5 Mumbai, Maharashtra. 7 reports, 169 affected. Send life jackets and resc"
SLM-000694,train,URGENT,True,True,True,True,True,True,True,True,True,"URGENT: flooding and road blockages plus 1 more, ZONE-2 Thrissur, Kerala. 5 reports, 123 affected. life jackets and reli"
SLM-000695,train,IMMEDIATE,True,True,True,True,True,True,True,True,True,"IMMEDIATE: ZONE-4 Kendrapara, Odisha -- rescue emergencies and flooding plus 1 more. 5 reports, 70 affected. Dispatch wa"
SLM-000696,validation,ROUTINE,True,True,True,True,True,True,True,True,True,"ROUTINE: ZONE-4 Bhagalpur, Bihar -- road blockages and medical emergencies plus 2 more. 6 reports, 12 affected. traffic "
SLM-000697,train,ROUTINE,True,True,True,True,True,True,True,True,True,"ROUTINE. rescue emergencies and flooding in ZONE-4 Udupi, Karnataka; 18 affected, 5 reports. Send ambulance and fire and"
SLM-000698,train,ELEVATED,True,True,True,True,True,True,True,True,True,"ELEVATED: ZONE-4 Mangaluru, Karnataka -- flooding and medical emergencies plus 1 more. 7 reports, 41 affected. Send sand"
SLM-000699,train,ELEVATED,True,True,True,True,True,True,True,True,True,"ELEVATED: ZONE-3 Kochi, Kerala -- flooding and rescue emergencies. 5 reports, 32 affected. Deploy water pump and relief "
SLM-000700,train,URGENT,True,True,True,True,True,True,True,True,True,"URGENT - ZONE-3 Jorhat (Assam): rescue emergencies and flooding plus 2 more, 268 affected across 12 reports. NDRF rescue"
SLM-000701,validation,ROUTINE,True,True,True,True,True,True,True,True,True,"ROUTINE - ZONE-2 Thrissur (Kerala): rescue emergencies and flooding plus 2 more, 20 affected across 7 reports. Send drai"
SLM-000702,train,ROUTINE,True,True,True,True,True,True,True,True,True,"ROUTINE. medical emergencies and flooding plus 2 more in ZONE-1 Madurai, Tamil Nadu; 16 affected, 5 reports. Send ambula"
SLM-000703,train,ELEVATED,True,True,True,True,True,True,True,True,True,"ELEVATED - ZONE-2 Patna (Bihar): flooding and road blockages plus 1 more, 42 affected across 6 reports. Dispatch water p"
SLM-000704,train,URGENT,True,True,True,True,True,True,True,True,True,"URGENT: rescue emergencies and flooding, ZONE-4 Dibrugarh, Assam. 7 reports, 162 affected. fire and rescue unit and reli"
SLM-000705,train,URGENT,True,True,True,True,True,True,True,True,True,"URGENT. flooding and medical emergencies plus 2 more in ZONE-1 Puri, Odisha; 64 affected, 5 reports. Send rescue boat an"
SLM-000706,train,IMMEDIATE,True,True,True,True,True,True,True,True,True,"IMMEDIATE. road blockages and flooding plus 1 more in ZONE-2 Varanasi, Uttar Pradesh; 216 affected, 5 reports. sandbags "
SLM-000707,test,IMMEDIATE,True,True,True,True,True,True,True,True,True,"IMMEDIATE: flooding and medical emergencies, ZONE-3 Jorhat, Assam. 5 reports, 88 affected. Send life jackets and rescue "
SLM-000708,train,ELEVATED,True,True,True,True,True,True,True,True,True,"ELEVATED. flooding and rescue emergencies in ZONE-5 Puri, Odisha; 82 affected, 7 reports. Send NDRF flood rescue team an"
SLM-000709,train,IMMEDIATE,True,True,True,True,True,True,True,True,True,"IMMEDIATE: ZONE-1 Gorakhpur, Uttar Pradesh -- road blockages and flooding plus 1 more. 8 reports, 325 affected. Send dra"
SLM-000710,validation,ELEVATED,True,True,True,True,True,True,True,True,True,"ELEVATED. rescue emergencies and flooding plus 1 more in ZONE-5 Barpeta, Assam; 48 affected, 7 reports. Send rescue rope"
SLM-000711,train,ELEVATED,True,True,True,True,True,True,True,True,True,"ELEVATED. rescue emergencies and flooding in ZONE-5 Coimbatore, Tamil Nadu; 47 affected, 7 reports. Send NDRF rescue tea"
SLM-000712,train,IMMEDIATE,True,True,True,True,True,True,True,True,True,"IMMEDIATE - ZONE-3 Madurai (Tamil Nadu): flooding and medical emergencies plus 1 more, 122 affected across 5 reports. Se"
SLM-000713,train,ELEVATED,True,True,True,True,True,True,True,True,True,"ELEVATED. rescue emergencies and flooding in ZONE-2 Lucknow, Uttar Pradesh; 45 affected, 7 reports. Deploy rescue rope a"
SLM-000714,train,IMMEDIATE,True,True,True,True,True,True,True,True,True,"IMMEDIATE: rescue emergencies and flooding plus 1 more, ZONE-3 Nagpur, Maharashtra. 6 reports, 125 affected. Dispatch am"
SLM-000715,train,URGENT,True,True,True,True,True,True,True,True,True,"URGENT: rescue emergencies and flooding plus 1 more, ZONE-3 Dibrugarh, Assam. 7 reports, 111 affected. Dispatch NDRF flo"
SLM-000716,train,URGENT,True,True,True,True,True,True,True,True,True,"URGENT: flooding and rescue emergencies, ZONE-4 Mangaluru, Karnataka. 5 reports, 148 affected. Deploy life jackets and r"
SLM-000717,train,URGENT,True,True,True,True,True,True,True,True,True,"URGENT. flooding and rescue emergencies in ZONE-2 Nashik, Maharashtra; 159 affected, 6 reports. Deploy water pump and am"
SLM-000718,train,ELEVATED,True,True,True,True,True,True,True,True,True,"ELEVATED - ZONE-4 Dibrugarh (Assam): flooding and rescue emergencies plus 2 more, 77 affected across 8 reports. Dispatch"
SLM-000719,train,IMMEDIATE,True,True,True,True,True,True,True,True,True,"IMMEDIATE. flooding and medical emergencies plus 1 more in ZONE-3 Surat, Gujarat; 121 affected, 5 reports. Dispatch resc"
SLM-000720,train,IMMEDIATE,True,True,True,True,True,True,True,True,True,"IMMEDIATE. rescue emergencies and flooding in ZONE-4 Puri, Odisha; 124 affected, 5 reports. NDRF rescue team and rescue "
SLM-000721,train,URGENT,True,True,True,True,True,True,True,True,True,"URGENT - ZONE-2 Murshidabad (West Bengal): flooding and road blockages plus 1 more, 156 affected across 5 reports. Dispa"
SLM-000722,train,URGENT,True,True,True,True,True,True,True,True,True,"URGENT. flooding and rescue emergencies in ZONE-4 Mysuru, Karnataka; 54 affected, 5 reports. Dispatch NDRF flood rescue "
SLM-000723,validation,IMMEDIATE,True,True,True,True,True,True,True,True,True,"IMMEDIATE: ZONE-5 Bengaluru, Karnataka -- flooding and medical emergencies plus 1 more. 5 reports, 112 affected. Send wa"
SLM-000724,train,IMMEDIATE,True,True,True,True,True,True,True,True,True,"IMMEDIATE: flooding and medical emergencies plus 1 more, ZONE-5 Jorhat, Assam. 5 reports, 81 affected. Send drainage tea"
SLM-000725,train,ELEVATED,True,True,True,True,True,True,True,True,True,"ELEVATED - ZONE-4 Kendrapara (Odisha): flooding and rescue emergencies plus 1 more, 63 affected across 7 reports. Send l"
SLM-000726,train,URGENT,True,True,True,True,True,True,True,True,True,"URGENT - ZONE-2 Varanasi (Uttar Pradesh): rescue emergencies and flooding, 78 affected across 5 reports. NDRF flood resc"
SLM-000727,validation,URGENT,True,True,True,True,True,True,True,True,True,"URGENT - ZONE-3 Mysuru (Karnataka): flooding and rescue emergencies plus 2 more, 88 affected across 5 reports. Send NDRF"
SLM-000728,test,URGENT,True,True,True,True,True,True,True,True,True,"URGENT: ZONE-3 Darbhanga, Bihar -- medical emergencies and flooding plus 1 more. 5 reports, 103 affected. Dispatch ambul"
SLM-000729,train,IMMEDIATE,True,True,True,True,True,True,True,True,True,"IMMEDIATE. flooding in ZONE-3 Pune, Maharashtra; 83 affected, 6 reports. life jackets and water pump plus 1 more to loca"
SLM-000730,train,URGENT,True,True,True,True,True,True,True,True,True,"URGENT: ZONE-2 Prayagraj, Uttar Pradesh -- rescue emergencies and flooding. 6 reports, 133 affected. relief supplies and"
SLM-000731,train,IMMEDIATE,True,True,True,True,True,True,True,True,True,"IMMEDIATE: ZONE-5 Kochi, Kerala -- flooding and rescue emergencies. 6 reports, 177 affected. Deploy water pump and NDRF "
SLM-000732,train,URGENT,True,True,True,True,True,True,True,True,True,"URGENT - ZONE-4 Muzaffarpur (Bihar): flooding and rescue emergencies plus 1 more, 132 affected across 6 reports. relief "
SLM-000733,validation,URGENT,True,True,True,True,True,True,True,True,True,"URGENT: flooding and road blockages plus 2 more, ZONE-3 Varanasi, Uttar Pradesh. 7 reports, 71 affected. Send water pump"
SLM-000734,test,IMMEDIATE,True,True,True,True,True,True,True,True,True,"IMMEDIATE. flooding and road blockages plus 1 more in ZONE-3 Kanpur, Uttar Pradesh; 106 affected, 5 reports. Dispatch dr"
SLM-000735,train,URGENT,True,True,True,True,True,True,True,True,True,"URGENT: ZONE-3 Patna, Bihar -- rescue emergencies and road blockages plus 1 more. 6 reports, 98 affected. Send tow truck"
SLM-000736,train,ELEVATED,True,True,True,True,True,True,True,True,True,"ELEVATED: ZONE-4 Varanasi, Uttar Pradesh -- rescue emergencies and flooding plus 1 more. 5 reports, 46 affected. Dispatc"
SLM-000737,test,URGENT,True,True,True,True,True,True,True,True,True,"URGENT: flooding and rescue emergencies, ZONE-3 Bhubaneswar, Odisha. 5 reports, 73 affected. Deploy NDRF flood rescue te"
SLM-000738,train,ELEVATED,True,True,True,True,True,True,True,True,True,"ELEVATED - ZONE-4 Nashik (Maharashtra): flooding and medical emergencies plus 1 more, 29 affected across 5 reports. Disp"
SLM-000739,validation,ELEVATED,True,True,True,True,True,True,True,True,True,"ELEVATED: ZONE-2 Mangaluru, Karnataka -- flooding and rescue emergencies plus 1 more. 5 reports, 36 affected. Send water"
SLM-000740,validation,IMMEDIATE,True,True,True,True,True,True,True,True,True,"IMMEDIATE: ZONE-5 Kendrapara, Odisha -- road blockages and flooding. 5 reports, 207 affected. Deploy tow truck and road "
SLM-000741,train,IMMEDIATE,True,True,True,True,True,True,True,True,True,"IMMEDIATE: ZONE-2 Vadodara, Gujarat -- rescue emergencies and flooding plus 1 more. 5 reports, 110 affected. rescue rope"
SLM-000742,train,URGENT,True,True,True,True,True,True,True,True,True,"URGENT: flooding and rescue emergencies, ZONE-2 Muzaffarpur, Bihar. 6 reports, 57 affected. Dispatch rescue boat and wat"
SLM-000743,test,URGENT,True,True,True,True,True,True,True,True,True,"URGENT: ZONE-2 Patna, Bihar -- road blockages and rescue emergencies plus 1 more. 7 reports, 127 affected. Dispatch life"
SLM-000744,train,URGENT,True,True,True,True,True,True,True,True,True,"URGENT - ZONE-3 Darjeeling (West Bengal): medical emergencies and flooding plus 1 more, 106 affected across 5 reports. D"
SLM-000745,train,ELEVATED,True,True,True,True,True,True,True,True,True,"ELEVATED - ZONE-3 Nashik (Maharashtra): flooding and rescue emergencies, 59 affected across 7 reports. Deploy life jacke"
SLM-000746,train,IMMEDIATE,True,True,True,True,True,True,True,True,True,"IMMEDIATE: ZONE-1 Dibrugarh, Assam -- rescue emergencies and flooding. 5 reports, 64 affected. Deploy rescue rope and la"
SLM-000747,test,URGENT,True,True,True,True,True,True,True,True,True,"URGENT - ZONE-2 Kottayam (Kerala): medical emergencies and flooding, 66 affected across 5 reports. Deploy rescue boat an"
SLM-000748,train,IMMEDIATE,True,True,True,True,True,True,True,True,True,"IMMEDIATE. flooding and rescue emergencies plus 1 more in ZONE-4 Alappuzha, Kerala; 176 affected, 5 reports. ambulance a"
SLM-000749,train,ELEVATED,True,True,True,True,True,True,True,True,True,"ELEVATED. rescue emergencies and flooding plus 1 more in ZONE-5 Jorhat, Assam; 36 affected, 6 reports. Deploy rescue rop"
SLM-000750,train,ELEVATED,True,True,True,True,True,True,True,True,True,"ELEVATED: flooding and medical emergencies plus 1 more, ZONE-4 Mumbai, Maharashtra. 6 reports, 66 affected. Dispatch rel"
SLM-000751,train,IMMEDIATE,True,True,True,True,True,True,True,True,True,"IMMEDIATE: road blockages and flooding plus 2 more, ZONE-4 Madurai, Tamil Nadu. 5 reports, 78 affected. traffic police t"
SLM-000752,train,ROUTINE,True,True,True,True,True,True,True,True,True,"ROUTINE: ZONE-1 Surat, Gujarat -- medical emergencies and flooding plus 1 more. 5 reports, 20 affected. Send ambulance a"
SLM-000753,train,ROUTINE,True,True,True,True,True,True,True,True,True,"ROUTINE: flooding and road blockages plus 1 more, ZONE-1 Malda, West Bengal. 5 reports, 14 affected. traffic police team"
SLM-000754,train,IMMEDIATE,True,True,True,True,True,True,True,True,True,"IMMEDIATE: ZONE-2 Kottayam, Kerala -- flooding and road blockages plus 2 more. 7 reports, 234 affected. Send fire and re"
SLM-000755,train,URGENT,True,True,True,True,True,True,True,True,True,"URGENT: rescue emergencies and medical emergencies, ZONE-4 Dhemaji, Assam. 6 reports, 173 affected. Send fire and rescue"
SLM-000756,train,ELEVATED,True,True,True,True,True,True,True,True,True,"ELEVATED - ZONE-3 Coimbatore (Tamil Nadu): rescue emergencies and flooding, 37 affected across 5 reports. water pump and"
SLM-000757,train,IMMEDIATE,True,True,True,True,True,True,True,True,True,"IMMEDIATE: ZONE-1 Vadodara, Gujarat -- flooding and rescue emergencies. 6 reports, 217 affected. Send road clearance tea"
SLM-000758,train,IMMEDIATE,True,True,True,True,True,True,True,True,True,"IMMEDIATE. rescue emergencies and medical emergencies plus 1 more in ZONE-5 Kozhikode, Kerala; 98 affected, 9 reports. a"
SLM-000759,validation,ROUTINE,True,True,True,True,True,True,True,True,True,"ROUTINE: ZONE-2 Udupi, Karnataka -- flooding and medical emergencies. 5 reports, 15 affected. Dispatch relief supplies a"
SLM-000760,train,ELEVATED,True,True,True,True,True,True,True,True,True,"ELEVATED: rescue emergencies and road blockages plus 1 more, ZONE-5 Madurai, Tamil Nadu. 6 reports, 53 affected. life ja"
SLM-000761,test,IMMEDIATE,True,True,True,True,True,True,True,True,True,"IMMEDIATE: road blockages and flooding plus 1 more, ZONE-5 Nagpur, Maharashtra. 8 reports, 200 affected. Send road clear"
SLM-000762,train,ELEVATED,True,True,True,True,True,True,True,True,True,"ELEVATED - ZONE-3 Prayagraj (Uttar Pradesh): flooding and road blockages, 54 affected across 6 reports. Dispatch relief "
SLM-000763,train,URGENT,True,True,True,True,True,True,True,True,True,"URGENT: ZONE-4 Malda, West Bengal -- medical emergencies and flooding plus 1 more. 5 reports, 50 affected. Send relief s"
SLM-000764,train,ELEVATED,True,True,True,True,True,True,True,True,True,"ELEVATED: rescue emergencies and flooding, ZONE-4 Guwahati, Assam. 6 reports, 47 affected. Deploy rescue rope and ladder"
SLM-000765,train,IMMEDIATE,True,True,True,True,True,True,True,True,True,"IMMEDIATE: ZONE-5 Udupi, Karnataka -- road blockages and flooding plus 1 more. 6 reports, 213 affected. Dispatch road cl"
SLM-000766,train,URGENT,True,True,True,True,True,True,True,True,True,"URGENT. rescue emergencies and medical emergencies plus 2 more in ZONE-2 Chennai, Tamil Nadu; 65 affected, 6 reports. Se"
SLM-000767,train,IMMEDIATE,True,True,True,True,True,True,True,True,True,"IMMEDIATE - ZONE-3 Pune (Maharashtra): flooding and rescue emergencies, 150 affected across 5 reports. Send water pump a"
SLM-000768,validation,ELEVATED,True,True,True,True,True,True,True,True,True,"ELEVATED - ZONE-4 Vadodara (Gujarat): rescue emergencies and flooding plus 1 more, 59 affected across 6 reports. Send ND"
SLM-000769,train,URGENT,True,True,True,True,True,True,True,True,True,"URGENT: ZONE-2 Darbhanga, Bihar -- flooding and road blockages plus 2 more. 9 reports, 215 affected. rescue boat and rel"
SLM-000770,validation,IMMEDIATE,True,True,True,True,True,True,True,True,True,"IMMEDIATE: rescue emergencies and road blockages plus 1 more, ZONE-4 Muzaffarpur, Bihar. 5 reports, 231 affected. Send a"
SLM-000771,train,IMMEDIATE,True,True,True,True,True,True,True,True,True,"IMMEDIATE: flooding and rescue emergencies, ZONE-3 Bhagalpur, Bihar. 5 reports, 200 affected. relief supplies and life j"
SLM-000772,train,IMMEDIATE,True,True,True,True,True,True,True,True,True,"IMMEDIATE. flooding and medical emergencies plus 1 more in ZONE-3 Rajkot, Gujarat; 121 affected, 6 reports. Dispatch NDR"
SLM-000773,validation,ROUTINE,True,True,True,True,True,True,True,True,True,"ROUTINE: flooding and rescue emergencies, ZONE-1 Prayagraj, Uttar Pradesh. 5 reports, 16 affected. rescue boat and NDRF "
SLM-000774,test,IMMEDIATE,True,True,True,True,True,True,True,True,True,"IMMEDIATE: ZONE-5 Puri, Odisha -- flooding and rescue emergencies. 5 reports, 134 affected. Deploy NDRF flood rescue tea"
SLM-000775,train,ELEVATED,True,True,True,True,True,True,True,True,True,"ELEVATED: medical emergencies and flooding plus 2 more, ZONE-2 Kochi, Kerala. 6 reports, 66 affected. Deploy water pump "
SLM-000776,train,ROUTINE,True,True,True,True,True,True,True,True,True,"ROUTINE. rescue emergencies and flooding plus 1 more in ZONE-4 Kolkata, West Bengal; 18 affected, 5 reports. Send rescue"
SLM-000777,train,URGENT,True,True,True,True,True,True,True,True,True,"URGENT - ZONE-5 Nagpur (Maharashtra): flooding and road blockages plus 1 more, 168 affected across 6 reports. Dispatch w"
SLM-000778,test,IMMEDIATE,True,True,True,True,True,True,True,True,True,"IMMEDIATE: road blockages and rescue emergencies plus 2 more, ZONE-5 Darjeeling, West Bengal. 6 reports, 170 affected. S"
SLM-000779,train,ELEVATED,True,True,True,True,True,True,True,True,True,"ELEVATED: flooding and road blockages plus 1 more, ZONE-3 Lucknow, Uttar Pradesh. 5 reports, 46 affected. Send life jack"
SLM-000780,train,URGENT,True,True,True,True,True,True,True,True,True,"URGENT. rescue emergencies and flooding plus 1 more in ZONE-1 Udupi, Karnataka; 49 affected, 6 reports. Send ambulance a"
SLM-000781,train,ELEVATED,True,True,True,True,True,True,True,True,True,"ELEVATED: ZONE-2 Bharuch, Gujarat -- road blockages and flooding plus 2 more. 6 reports, 43 affected. Deploy NDRF flood "
SLM-000782,train,IMMEDIATE,True,True,True,True,True,True,True,True,True,"IMMEDIATE. rescue emergencies and flooding in ZONE-5 Kodagu, Karnataka; 34 affected, 5 reports. Deploy life jackets and "
SLM-000783,train,IMMEDIATE,True,True,True,True,True,True,True,True,True,"IMMEDIATE - ZONE-1 Murshidabad (West Bengal): flooding and rescue emergencies, 237 affected across 5 reports. Dispatch N"
SLM-000784,train,ROUTINE,True,True,True,True,True,True,True,True,True,"ROUTINE: ZONE-4 Kanpur, Uttar Pradesh -- rescue emergencies and medical emergencies plus 1 more. 5 reports, 18 affected."
SLM-000785,train,ELEVATED,True,True,True,True,True,True,True,True,True,"ELEVATED: flooding and rescue emergencies, ZONE-1 Coimbatore, Tamil Nadu. 6 reports, 55 affected. Deploy ambulance and d"
SLM-000786,train,ELEVATED,True,True,True,True,True,True,True,True,True,"ELEVATED - ZONE-1 Kolhapur (Maharashtra): flooding and rescue emergencies, 50 affected across 5 reports. Send life jacke"
SLM-000787,train,URGENT,True,True,True,True,True,True,True,True,True,"URGENT: ZONE-2 Guwahati, Assam -- flooding and medical emergencies plus 1 more. 5 reports, 104 affected. Dispatch water "
SLM-000788,validation,URGENT,True,True,True,True,True,True,True,True,True,"URGENT - ZONE-2 Mumbai (Maharashtra): road blockages and flooding plus 1 more, 62 affected across 5 reports. Deploy eart"
SLM-000789,train,URGENT,True,True,True,True,True,True,True,True,True,"URGENT: rescue emergencies and road blockages plus 2 more, ZONE-3 Madurai, Tamil Nadu. 5 reports, 130 affected. ambulanc"
SLM-000790,validation,ELEVATED,True,True,True,True,True,True,True,True,True,"ELEVATED: rescue emergencies and flooding, ZONE-3 Rajkot, Gujarat. 5 reports, 60 affected. Send ambulance and life jacke"
SLM-000791,train,URGENT,True,True,True,True,True,True,True,True,True,"URGENT: rescue emergencies and flooding, ZONE-2 Varanasi, Uttar Pradesh. 5 reports, 156 affected. Deploy NDRF rescue tea"
SLM-000792,train,ELEVATED,True,True,True,True,True,True,True,True,True,"ELEVATED. medical emergencies and flooding plus 2 more in ZONE-2 Madurai, Tamil Nadu; 87 affected, 11 reports. NDRF floo"
SLM-000793,train,ROUTINE,True,True,True,True,True,True,True,True,True,"ROUTINE. flooding and road blockages in ZONE-1 Mumbai, Maharashtra; 12 affected, 5 reports. rescue boat and drainage tea"
SLM-000794,train,ELEVATED,True,True,True,True,True,True,True,True,True,"ELEVATED: flooding and rescue emergencies plus 1 more, ZONE-4 Kanpur, Uttar Pradesh. 5 reports, 55 affected. water pump "
SLM-000795,train,ROUTINE,True,True,True,True,True,True,True,True,True,"ROUTINE: flooding and rescue emergencies, ZONE-2 Varanasi, Uttar Pradesh. 5 reports, 16 affected. Deploy water pump and "
SLM-000796,train,ELEVATED,True,True,True,True,True,True,True,True,True,"ELEVATED. flooding and rescue emergencies in ZONE-4 Prayagraj, Uttar Pradesh; 35 affected, 5 reports. Send sandbags and "
SLM-000797,test,URGENT,True,True,True,True,True,True,True,True,True,"URGENT: flooding and rescue emergencies, ZONE-3 Patna, Bihar. 5 reports, 98 affected. Deploy life jackets and road clear"
SLM-000798,train,IMMEDIATE,True,True,True,True,True,True,True,True,True,"IMMEDIATE - ZONE-3 Malda (West Bengal): flooding and road blockages, 137 affected across 5 reports. life jackets and san"
SLM-000799,train,ELEVATED,True,True,True,True,True,True,True,True,True,"ELEVATED - ZONE-5 Thrissur (Kerala): flooding and rescue emergencies, 39 affected across 5 reports. relief supplies and "
SLM-000800,train,IMMEDIATE,True,True,True,True,True,True,True,True,True,"IMMEDIATE: road blockages and rescue emergencies plus 2 more, ZONE-1 Dhemaji, Assam. 6 reports, 199 affected. Send life "
SLM-000801,train,IMMEDIATE,True,True,True,True,True,True,True,True,True,"IMMEDIATE: flooding and rescue emergencies plus 1 more, ZONE-3 Thrissur, Kerala. 5 reports, 110 affected. Dispatch life "
SLM-000802,validation,IMMEDIATE,True,True,True,True,True,True,True,True,True,"IMMEDIATE: flooding and rescue emergencies, ZONE-5 Howrah, West Bengal. 6 reports, 136 affected. rescue rope and ladder "
SLM-000803,train,URGENT,True,True,True,True,True,True,True,True,True,"URGENT - ZONE-1 Kanpur (Uttar Pradesh): flooding and rescue emergencies, 49 affected across 5 reports. sandbags and road"
SLM-000804,test,ELEVATED,True,True,True,True,True,True,True,True,True,"ELEVATED: ZONE-5 Kottayam, Kerala -- flooding and medical emergencies plus 1 more. 8 reports, 41 affected. Deploy relief"
SLM-000805,train,ELEVATED,True,True,True,True,True,True,True,True,True,"ELEVATED. flooding and road blockages in ZONE-4 Madurai, Tamil Nadu; 45 affected, 6 reports. life jackets and rescue boa"
SLM-000806,test,URGENT,True,True,True,True,True,True,True,True,True,"URGENT - ZONE-5 Udupi (Karnataka): flooding and rescue emergencies, 108 affected across 5 reports. Send drainage team an"
SLM-000807,validation,ELEVATED,True,True,True,True,True,True,True,True,True,"ELEVATED: flooding and road blockages plus 2 more, ZONE-3 Darjeeling, West Bengal. 5 reports, 43 affected. rescue rope a"
SLM-000808,train,ELEVATED,True,True,True,True,True,True,True,True,True,"ELEVATED: flooding and medical emergencies plus 1 more, ZONE-5 Prayagraj, Uttar Pradesh. 7 reports, 64 affected. Dispatc"
SLM-000809,train,IMMEDIATE,True,True,True,True,True,True,True,True,True,"IMMEDIATE - ZONE-2 Dhemaji (Assam): road blockages and rescue emergencies plus 1 more, 107 affected across 6 reports. De"
SLM-000810,train,URGENT,True,True,True,True,True,True,True,True,True,"URGENT. flooding and rescue emergencies in ZONE-2 Rajkot, Gujarat; 146 affected, 5 reports. Deploy relief supplies and N"
SLM-000811,validation,URGENT,True,True,True,True,True,True,True,True,True,"URGENT - ZONE-1 Surat (Gujarat): flooding and rescue emergencies plus 1 more, 157 affected across 7 reports. Send NDRF r"
SLM-000812,train,ELEVATED,True,True,True,True,True,True,True,True,True,"ELEVATED: rescue emergencies and flooding, ZONE-5 Dhemaji, Assam. 5 reports, 51 affected. Dispatch rescue rope and ladde"
SLM-000813,validation,URGENT,True,True,True,True,True,True,True,True,True,"URGENT. road blockages and flooding plus 1 more in ZONE-5 Murshidabad, West Bengal; 94 affected, 6 reports. Deploy road "
SLM-000814,train,URGENT,True,True,True,True,True,True,True,True,True,"URGENT - ZONE-5 Mysuru (Karnataka): medical emergencies and flooding plus 1 more, 177 affected across 6 reports. Send pa"
SLM-000815,train,ELEVATED,True,True,True,True,True,True,True,True,True,"ELEVATED: ZONE-2 Tiruppur, Tamil Nadu -- flooding and medical emergencies. 6 reports, 53 affected. Deploy life jackets a"
SLM-000816,validation,IMMEDIATE,True,True,True,True,True,True,True,True,True,"IMMEDIATE - ZONE-3 Kodagu (Karnataka): rescue emergencies and flooding, 66 affected across 5 reports. Dispatch fire and "
SLM-000817,train,ELEVATED,True,True,True,True,True,True,True,True,True,"ELEVATED. road blockages and rescue emergencies plus 1 more in ZONE-1 Howrah, West Bengal; 48 affected, 6 reports. Send "
SLM-000818,train,ELEVATED,True,True,True,True,True,True,True,True,True,"ELEVATED - ZONE-5 Darbhanga (Bihar): road blockages and flooding plus 1 more, 77 affected across 9 reports. Dispatch rel"
SLM-000819,train,IMMEDIATE,True,True,True,True,True,True,True,True,True,"IMMEDIATE. flooding and rescue emergencies in ZONE-4 Bhubaneswar, Odisha; 91 affected, 5 reports. Send water pump and li"
SLM-000820,validation,URGENT,True,True,True,True,True,True,True,True,True,"URGENT. flooding and rescue emergencies plus 2 more in ZONE-2 Patna, Bihar; 230 affected, 11 reports. Deploy water pump "
SLM-000821,test,URGENT,True,True,True,True,True,True,True,True,True,"URGENT: ZONE-3 Gaya, Bihar -- rescue emergencies and flooding plus 2 more. 6 reports, 122 affected. Send NDRF rescue tea"
SLM-000822,train,ROUTINE,True,True,True,True,True,True,True,True,True,"ROUTINE - ZONE-5 Dhemaji (Assam): flooding and rescue emergencies plus 1 more, 21 affected across 5 reports. Deploy reli"
SLM-000823,train,IMMEDIATE,True,True,True,True,True,True,True,True,True,"IMMEDIATE: rescue emergencies and flooding plus 1 more, ZONE-3 Guwahati, Assam. 5 reports, 227 affected. Deploy road cle"
SLM-000824,test,IMMEDIATE,True,True,True,True,True,True,True,True,True,"IMMEDIATE - ZONE-3 Murshidabad (West Bengal): flooding and rescue emergencies, 176 affected across 5 reports. Send sandb"
SLM-000825,train,IMMEDIATE,True,True,True,True,True,True,True,True,True,"IMMEDIATE: rescue emergencies and flooding plus 1 more, ZONE-4 Cuttack, Odisha. 5 reports, 144 affected. Deploy NDRF flo"
SLM-000826,train,ELEVATED,True,True,True,True,True,True,True,True,True,"ELEVATED. flooding in ZONE-1 Thrissur, Kerala; 53 affected, 6 reports. Send water pump and drainage team plus 1 more to "
SLM-000827,train,ELEVATED,True,True,True,True,True,True,True,True,True,"ELEVATED - ZONE-3 Murshidabad (West Bengal): flooding and road blockages plus 1 more, 62 affected across 7 reports. NDRF"
SLM-000828,train,URGENT,True,True,True,True,True,True,True,True,True,"URGENT - ZONE-4 Pune (Maharashtra): flooding and road blockages plus 2 more, 69 affected across 5 reports. Deploy rescue"
SLM-000829,test,ELEVATED,True,True,True,True,True,True,True,True,True,"ELEVATED: ZONE-2 Tiruppur, Tamil Nadu -- flooding and rescue emergencies plus 1 more. 6 reports, 50 affected. Dispatch a"
SLM-000830,train,ELEVATED,True,True,True,True,True,True,True,True,True,"ELEVATED. rescue emergencies and flooding in ZONE-4 Kanpur, Uttar Pradesh; 31 affected, 5 reports. Dispatch NDRF rescue "
SLM-000831,train,IMMEDIATE,True,True,True,True,True,True,True,True,True,"IMMEDIATE: flooding and rescue emergencies plus 1 more, ZONE-4 Patna, Bihar. 5 reports, 156 affected. Send ambulance and"
SLM-000832,validation,IMMEDIATE,True,True,True,True,True,True,True,True,True,"IMMEDIATE. rescue emergencies and flooding in ZONE-3 Bengaluru, Karnataka; 160 affected, 6 reports. Deploy rescue rope a"
SLM-000833,train,IMMEDIATE,True,True,True,True,True,True,True,True,True,"IMMEDIATE. rescue emergencies and flooding plus 2 more in ZONE-4 Kanpur, Uttar Pradesh; 107 affected, 5 reports. Dispatc"
SLM-000834,test,IMMEDIATE,True,True,True,True,True,True,True,True,True,"IMMEDIATE - ZONE-3 Coimbatore (Tamil Nadu): flooding and rescue emergencies plus 1 more, 118 affected across 5 reports. "
SLM-000835,train,IMMEDIATE,True,True,True,True,True,True,True,True,True,"IMMEDIATE - ZONE-4 Howrah (West Bengal): flooding and rescue emergencies, 178 affected across 5 reports. NDRF rescue tea"
SLM-000836,train,URGENT,True,True,True,True,True,True,True,True,True,"URGENT: ZONE-4 Kochi, Kerala -- rescue emergencies and flooding plus 1 more. 5 reports, 90 affected. Dispatch NDRF rescu"
SLM-000837,train,URGENT,True,True,True,True,True,True,True,True,True,"URGENT: ZONE-3 Nashik, Maharashtra -- flooding and medical emergencies plus 1 more. 5 reports, 111 affected. Deploy reli"
SLM-000838,train,IMMEDIATE,True,True,True,True,True,True,True,True,True,"IMMEDIATE: ZONE-5 Kottayam, Kerala -- medical emergencies and flooding plus 2 more. 5 reports, 130 affected. Deploy ambu"
SLM-000839,train,IMMEDIATE,True,True,True,True,True,True,True,True,True,"IMMEDIATE: flooding and rescue emergencies, ZONE-4 Jorhat, Assam. 6 reports, 117 affected. fire and rescue unit and NDRF"
SLM-000840,train,ELEVATED,True,True,True,True,True,True,True,True,True,"ELEVATED - ZONE-4 Tiruppur (Tamil Nadu): flooding and rescue emergencies plus 1 more, 61 affected across 6 reports. Depl"
SLM-000841,train,ROUTINE,True,True,True,True,True,True,True,True,True,"ROUTINE - ZONE-1 Muzaffarpur (Bihar): medical emergencies and rescue emergencies plus 1 more, 15 affected across 5 repor"
SLM-000842,train,IMMEDIATE,True,True,True,True,True,True,True,True,True,"IMMEDIATE: flooding and medical emergencies plus 2 more, ZONE-5 Kanpur, Uttar Pradesh. 5 reports, 92 affected. Send wate"
SLM-000843,validation,ELEVATED,True,True,True,True,True,True,True,True,True,"ELEVATED: ZONE-3 Nashik, Maharashtra -- road blockages and rescue emergencies plus 1 more. 5 reports, 53 affected. Dispa"
SLM-000844,train,IMMEDIATE,True,True,True,True,True,True,True,True,True,"IMMEDIATE - ZONE-1 Bhubaneswar (Odisha): rescue emergencies and flooding, 95 affected across 6 reports. rescue rope and "
SLM-000845,test,IMMEDIATE,True,True,True,True,True,True,True,True,True,"IMMEDIATE - ZONE-1 Nashik (Maharashtra): flooding and road blockages plus 1 more, 153 affected across 6 reports. fire an"
SLM-000846,train,IMMEDIATE,True,True,True,True,True,True,True,True,True,"IMMEDIATE. flooding and road blockages in ZONE-4 Bharuch, Gujarat; 65 affected, 5 reports. Send relief supplies and NDRF"
SLM-000847,train,URGENT,True,True,True,True,True,True,True,True,True,"URGENT - ZONE-4 Kottayam (Kerala): flooding and rescue emergencies plus 1 more, 286 affected across 10 reports. Dispatch"
SLM-000848,test,IMMEDIATE,True,True,True,True,True,True,True,True,True,"IMMEDIATE: flooding and road blockages, ZONE-1 Varanasi, Uttar Pradesh. 7 reports, 95 affected. Dispatch drainage team a"
SLM-000849,test,URGENT,True,True,True,True,True,True,True,True,True,"URGENT: ZONE-4 Murshidabad, West Bengal -- flooding and road blockages plus 2 more. 8 reports, 107 affected. tow truck a"
SLM-000850,train,URGENT,True,True,True,True,True,True,True,True,True,"URGENT: ZONE-1 Thrissur, Kerala -- flooding and road blockages plus 1 more. 6 reports, 89 affected. Send life jackets an"
SLM-000851,train,ROUTINE,True,True,True,True,True,True,True,True,True,"ROUTINE: ZONE-1 Kottayam, Kerala -- flooding and medical emergencies plus 1 more. 5 reports, 19 affected. water pump and"
SLM-000852,train,ELEVATED,True,True,True,True,True,True,True,True,True,"ELEVATED: rescue emergencies and flooding plus 2 more, ZONE-1 Mangaluru, Karnataka. 11 reports, 83 affected. Send ambula"
SLM-000853,train,ELEVATED,True,True,True,True,True,True,True,True,True,"ELEVATED: flooding and rescue emergencies plus 1 more, ZONE-3 Kottayam, Kerala. 7 reports, 71 affected. Dispatch water p"
SLM-000854,train,URGENT,True,True,True,True,True,True,True,True,True,"URGENT - ZONE-1 Mumbai (Maharashtra): flooding and medical emergencies plus 1 more, 137 affected across 5 reports. sandb"
SLM-000855,train,ELEVATED,True,True,True,True,True,True,True,True,True,"ELEVATED: ZONE-2 Pune, Maharashtra -- flooding and rescue emergencies plus 1 more. 8 reports, 81 affected. Send fire and"
SLM-000856,train,URGENT,True,True,True,True,True,True,True,True,True,"URGENT: ZONE-4 Muzaffarpur, Bihar -- rescue emergencies and medical emergencies plus 1 more. 5 reports, 115 affected. Di"
SLM-000857,train,ELEVATED,True,True,True,True,True,True,True,True,True,"ELEVATED: ZONE-5 Coimbatore, Tamil Nadu -- flooding and rescue emergencies plus 1 more. 5 reports, 42 affected. Deploy l"
SLM-000858,train,URGENT,True,True,True,True,True,True,True,True,True,"URGENT - ZONE-1 Jorhat (Assam): rescue emergencies and road blockages plus 1 more, 180 affected across 9 reports. Send f"
SLM-000859,train,IMMEDIATE,True,True,True,True,True,True,True,True,True,"IMMEDIATE - ZONE-4 Darbhanga (Bihar): road blockages and flooding plus 2 more, 104 affected across 7 reports. life jacke"
SLM-000860,test,IMMEDIATE,True,True,True,True,True,True,True,True,True,"IMMEDIATE: flooding and medical emergencies plus 1 more, ZONE-4 Bengaluru, Karnataka. 7 reports, 191 affected. Dispatch "
SLM-000861,train,ELEVATED,True,True,True,True,True,True,True,True,True,"ELEVATED: ZONE-1 Bengaluru, Karnataka -- road blockages and flooding plus 1 more. 6 reports, 56 affected. Send earthmove"
SLM-000862,train,IMMEDIATE,True,True,True,True,True,True,True,True,True,"IMMEDIATE. flooding and road blockages in ZONE-3 Balasore, Odisha; 189 affected, 7 reports. Send tow truck and relief su"
SLM-000863,train,URGENT,True,True,True,True,True,True,True,True,True,"URGENT. road blockages and rescue emergencies plus 2 more in ZONE-2 Kolhapur, Maharashtra; 90 affected, 5 reports. Deplo"
SLM-000864,train,IMMEDIATE,True,True,True,True,True,True,True,True,True,"IMMEDIATE: medical emergencies and flooding plus 1 more, ZONE-2 Kolhapur, Maharashtra. 6 reports, 159 affected. Deploy a"
SLM-000865,train,URGENT,True,True,True,True,True,True,True,True,True,"URGENT - ZONE-3 Mysuru (Karnataka): flooding and rescue emergencies plus 2 more, 188 affected across 7 reports. NDRF flo"
SLM-000866,train,ELEVATED,True,True,True,True,True,True,True,True,True,"ELEVATED. flooding and road blockages in ZONE-4 Mysuru, Karnataka; 44 affected, 5 reports. Dispatch NDRF flood rescue te"
SLM-000867,test,IMMEDIATE,True,True,True,True,True,True,True,True,True,"IMMEDIATE: ZONE-4 Ahmedabad, Gujarat -- road blockages and flooding plus 1 more. 7 reports, 141 affected. Dispatch earth"
SLM-000868,train,ELEVATED,True,True,True,True,True,True,True,True,True,"ELEVATED: rescue emergencies and flooding plus 1 more, ZONE-4 Bhubaneswar, Odisha. 6 reports, 46 affected. Send rescue b"
SLM-000869,train,URGENT,True,True,True,True,True,True,True,True,True,"URGENT - ZONE-2 Prayagraj (Uttar Pradesh): flooding and rescue emergencies plus 1 more, 61 affected across 5 reports. re"
SLM-000870,validation,URGENT,True,True,True,True,True,True,True,True,True,"URGENT: rescue emergencies and road blockages plus 1 more, ZONE-5 Kodagu, Karnataka. 5 reports, 71 affected. Dispatch wa"
SLM-000871,train,ROUTINE,True,True,True,True,True,True,True,True,True,"ROUTINE: flooding and rescue emergencies, ZONE-1 Guwahati, Assam. 5 reports, 12 affected. NDRF flood rescue team and NDR"
SLM-000872,train,URGENT,True,True,True,True,True,True,True,True,True,"URGENT: ZONE-3 Kolhapur, Maharashtra -- rescue emergencies and medical emergencies plus 2 more. 6 reports, 111 affected."
SLM-000873,train,IMMEDIATE,True,True,True,True,True,True,True,True,True,"IMMEDIATE - ZONE-1 Prayagraj (Uttar Pradesh): road blockages and flooding, 152 affected across 5 reports. water pump and"
SLM-000874,validation,URGENT,True,True,True,True,True,True,True,True,True,"URGENT: flooding and rescue emergencies plus 1 more, ZONE-4 Darjeeling, West Bengal. 7 reports, 99 affected. Deploy ambu"
SLM-000875,train,ELEVATED,True,True,True,True,True,True,True,True,True,"ELEVATED: ZONE-5 Murshidabad, West Bengal -- medical emergencies and rescue emergencies plus 1 more. 6 reports, 44 affec"
SLM-000876,train,ROUTINE,True,True,True,True,True,True,True,True,True,"ROUTINE: medical emergencies and flooding plus 1 more, ZONE-5 Coimbatore, Tamil Nadu. 5 reports, 14 affected. ambulance "
SLM-000877,train,URGENT,True,True,True,True,True,True,True,True,True,"URGENT - ZONE-2 Jorhat (Assam): rescue emergencies and flooding plus 1 more, 229 affected across 8 reports. Send fire an"
SLM-000878,train,IMMEDIATE,True,True,True,True,True,True,True,True,True,"IMMEDIATE. rescue emergencies and road blockages plus 2 more in ZONE-4 Kodagu, Karnataka; 124 affected, 6 reports. Send "
SLM-000879,train,IMMEDIATE,True,True,True,True,True,True,True,True,True,"IMMEDIATE. flooding and road blockages plus 1 more in ZONE-1 Kochi, Kerala; 334 affected, 5 reports. Send drainage team "
SLM-000880,train,URGENT,True,True,True,True,True,True,True,True,True,"URGENT: medical emergencies and flooding plus 1 more, ZONE-3 Thanjavur, Tamil Nadu. 7 reports, 107 affected. Deploy drai"
SLM-000881,validation,ROUTINE,True,True,True,True,True,True,True,True,True,"ROUTINE. flooding and road blockages plus 1 more in ZONE-1 Puri, Odisha; 26 affected, 6 reports. NDRF flood rescue team "
SLM-000882,test,IMMEDIATE,True,True,True,True,True,True,True,True,True,"IMMEDIATE - ZONE-1 Bengaluru (Karnataka): flooding and rescue emergencies plus 1 more, 112 affected across 7 reports. Se"
SLM-000883,train,IMMEDIATE,True,True,True,True,True,True,True,True,True,"IMMEDIATE. road blockages and rescue emergencies plus 2 more in ZONE-3 Kottayam, Kerala; 212 affected, 10 reports. Deplo"
SLM-000884,train,IMMEDIATE,True,True,True,True,True,True,True,True,True,"IMMEDIATE: ZONE-5 Darbhanga, Bihar -- flooding and medical emergencies. 5 reports, 198 affected. Deploy rescue boat and "
SLM-000885,train,ELEVATED,True,True,True,True,True,True,True,True,True,"ELEVATED: flooding and road blockages plus 2 more, ZONE-3 Gorakhpur, Uttar Pradesh. 5 reports, 47 affected. Send NDRF fl"
SLM-000886,test,URGENT,True,True,True,True,True,True,True,True,True,"URGENT: ZONE-5 Bhagalpur, Bihar -- road blockages and flooding plus 1 more. 5 reports, 56 affected. Dispatch tow truck a"
SLM-000887,train,ELEVATED,True,True,True,True,True,True,True,True,True,"ELEVATED: ZONE-2 Chennai, Tamil Nadu -- rescue emergencies and flooding. 5 reports, 44 affected. water pump and rescue b"
SLM-000888,validation,ELEVATED,True,True,True,True,True,True,True,True,True,"ELEVATED. flooding and road blockages plus 1 more in ZONE-3 Kolhapur, Maharashtra; 44 affected, 6 reports. relief suppli"
SLM-000889,train,URGENT,True,True,True,True,True,True,True,True,True,"URGENT - ZONE-1 Coimbatore (Tamil Nadu): flooding and rescue emergencies plus 1 more, 88 affected across 5 reports. drai"
SLM-000890,train,ELEVATED,True,True,True,True,True,True,True,True,True,"ELEVATED - ZONE-3 Bharuch (Gujarat): road blockages and rescue emergencies plus 1 more, 44 affected across 5 reports. De"
SLM-000891,train,ELEVATED,True,True,True,True,True,True,True,True,True,"ELEVATED - ZONE-2 Thanjavur (Tamil Nadu): medical emergencies and flooding plus 1 more, 59 affected across 6 reports. re"
SLM-000892,train,ELEVATED,True,True,True,True,True,True,True,True,True,"ELEVATED: medical emergencies and rescue emergencies plus 1 more, ZONE-5 Darjeeling, West Bengal. 7 reports, 50 affected"
SLM-000893,test,ELEVATED,True,True,True,True,True,True,True,True,True,"ELEVATED. medical emergencies and flooding plus 2 more in ZONE-5 Dhemaji, Assam; 76 affected, 7 reports. Send relief sup"
SLM-000894,train,IMMEDIATE,True,True,True,True,True,True,True,True,True,"IMMEDIATE: rescue emergencies and flooding plus 2 more, ZONE-5 Gaya, Bihar. 6 reports, 111 affected. rescue rope and lad"
SLM-000895,train,ELEVATED,True,True,True,True,True,True,True,True,True,"ELEVATED. flooding and medical emergencies in ZONE-5 Bhagalpur, Bihar; 34 affected, 6 reports. Deploy relief supplies an"
SLM-000896,test,ELEVATED,True,True,True,True,True,True,True,True,True,"ELEVATED: flooding and medical emergencies plus 1 more, ZONE-5 Kozhikode, Kerala. 7 reports, 69 affected. Dispatch medic"
SLM-000897,train,ELEVATED,True,True,True,True,True,True,True,True,True,"ELEVATED. rescue emergencies and road blockages plus 1 more in ZONE-4 Udupi, Karnataka; 68 affected, 8 reports. Deploy t"
SLM-000898,train,IMMEDIATE,True,True,True,True,True,True,True,True,True,"IMMEDIATE - ZONE-3 Nagpur (Maharashtra): rescue emergencies and road blockages plus 1 more, 307 affected across 6 report"
SLM-000899,test,IMMEDIATE,True,True,True,True,True,True,True,True,True,"IMMEDIATE: rescue emergencies and flooding plus 1 more, ZONE-3 Malda, West Bengal. 7 reports, 202 affected. Deploy ambul"
SLM-000900,train,ELEVATED,True,True,True,True,True,True,True,True,True,"ELEVATED. road blockages and flooding plus 1 more in ZONE-3 Jorhat, Assam; 36 affected, 5 reports. Deploy earthmover (JC"
SLM-000901,validation,URGENT,True,True,True,True,True,True,True,True,True,"URGENT: flooding and rescue emergencies, ZONE-2 Thrissur, Kerala. 5 reports, 96 affected. Deploy NDRF flood rescue team "
SLM-000902,train,IMMEDIATE,True,True,True,True,True,True,True,True,True,"IMMEDIATE: rescue emergencies and flooding, ZONE-4 Murshidabad, West Bengal. 5 reports, 107 affected. Send rescue rope a"
SLM-000903,train,ELEVATED,True,True,True,True,True,True,True,True,True,"ELEVATED. flooding in ZONE-1 Kochi, Kerala; 38 affected, 6 reports. Send life jackets and sandbags plus 1 more to rivers"
SLM-000904,train,ELEVATED,True,True,True,True,True,True,True,True,True,"ELEVATED. road blockages and flooding in ZONE-2 Kodagu, Karnataka; 74 affected, 8 reports. Send earthmover (JCB) and res"
SLM-000905,test,IMMEDIATE,True,True,True,True,True,True,True,True,True,"IMMEDIATE. flooding and rescue emergencies plus 1 more in ZONE-1 Prayagraj, Uttar Pradesh; 159 affected, 5 reports. Disp"
SLM-000906,train,IMMEDIATE,True,True,True,True,True,True,True,True,True,"IMMEDIATE - ZONE-2 Bengaluru (Karnataka): flooding and rescue emergencies plus 1 more, 70 affected across 6 reports. Dis"
SLM-000907,train,URGENT,True,True,True,True,True,True,True,True,True,"URGENT: ZONE-5 Dibrugarh, Assam -- medical emergencies and flooding plus 2 more. 5 reports, 32 affected. Send paramedic "
SLM-000908,train,ELEVATED,True,True,True,True,True,True,True,True,True,"ELEVATED: rescue emergencies and flooding, ZONE-5 Dhemaji, Assam. 5 reports, 33 affected. Dispatch sandbags and fire and"
SLM-000909,train,ELEVATED,True,True,True,True,True,True,True,True,True,"ELEVATED: flooding and medical emergencies plus 2 more, ZONE-4 Darjeeling, West Bengal. 8 reports, 61 affected. Deploy e"
SLM-000910,validation,IMMEDIATE,True,True,True,True,True,True,True,True,True,"IMMEDIATE: ZONE-2 Dhemaji, Assam -- rescue emergencies and road blockages plus 1 more. 5 reports, 246 affected. ambulanc"
SLM-000911,train,URGENT,True,True,True,True,True,True,True,True,True,"URGENT: road blockages and medical emergencies plus 2 more, ZONE-5 Prayagraj, Uttar Pradesh. 7 reports, 111 affected. Di"
SLM-000912,train,IMMEDIATE,True,True,True,True,True,True,True,True,True,"IMMEDIATE - ZONE-3 Udupi (Karnataka): rescue emergencies and flooding, 131 affected across 5 reports. Dispatch rescue ro"
SLM-000913,train,ELEVATED,True,True,True,True,True,True,True,True,True,"ELEVATED: ZONE-5 Kottayam, Kerala -- rescue emergencies and flooding. 5 reports, 48 affected. Send sandbags and NDRF res"
SLM-000914,train,IMMEDIATE,True,True,True,True,True,True,True,True,True,"IMMEDIATE - ZONE-4 Chennai (Tamil Nadu): medical emergencies and flooding plus 2 more, 114 affected across 5 reports. De"
SLM-000915,test,URGENT,True,True,True,True,True,True,True,True,True,"URGENT. medical emergencies and flooding plus 2 more in ZONE-2 Kolhapur, Maharashtra; 67 affected, 7 reports. Deploy lif"
SLM-000916,test,ROUTINE,True,True,True,True,True,True,True,True,True,"ROUTINE. medical emergencies and flooding plus 1 more in ZONE-2 Mysuru, Karnataka; 17 affected, 5 reports. Deploy emerge"
SLM-000917,validation,ELEVATED,True,True,True,True,True,True,True,True,True,"ELEVATED. flooding and medical emergencies plus 1 more in ZONE-4 Madurai, Tamil Nadu; 46 affected, 5 reports. Send sandb"
SLM-000918,validation,IMMEDIATE,True,True,True,True,True,True,True,True,True,"IMMEDIATE: ZONE-3 Thrissur, Kerala -- flooding and rescue emergencies plus 1 more. 5 reports, 141 affected. Send water p"
SLM-000919,train,IMMEDIATE,True,True,True,True,True,True,True,True,True,"IMMEDIATE: road blockages and flooding, ZONE-3 Ahmedabad, Gujarat. 7 reports, 131 affected. Dispatch NDRF flood rescue t"
SLM-000920,test,ROUTINE,True,True,True,True,True,True,True,True,True,"ROUTINE: ZONE-1 Gaya, Bihar -- flooding and road blockages. 5 reports, 16 affected. Deploy NDRF flood rescue team and ea"
SLM-000921,train,ELEVATED,True,True,True,True,True,True,True,True,True,"ELEVATED: ZONE-3 Prayagraj, Uttar Pradesh -- flooding and medical emergencies plus 2 more. 11 reports, 114 affected. Dis"
SLM-000922,train,ELEVATED,True,True,True,True,True,True,True,True,True,"ELEVATED - ZONE-5 Kozhikode (Kerala): rescue emergencies and flooding, 48 affected across 7 reports. rescue rope and lad"
SLM-000923,validation,IMMEDIATE,True,True,True,True,True,True,True,True,True,"IMMEDIATE: rescue emergencies and flooding plus 2 more, ZONE-5 Kanpur, Uttar Pradesh. 5 reports, 134 affected. ambulance"
SLM-000924,train,ELEVATED,True,True,True,True,True,True,True,True,True,"ELEVATED: flooding and rescue emergencies plus 1 more, ZONE-5 Rajkot, Gujarat. 6 reports, 43 affected. Dispatch rescue b"
SLM-000925,train,ELEVATED,True,True,True,True,True,True,True,True,True,"ELEVATED: ZONE-2 Nashik, Maharashtra -- flooding and rescue emergencies plus 1 more. 5 reports, 57 affected. road cleara"
SLM-000926,train,ELEVATED,True,True,True,True,True,True,True,True,True,"ELEVATED: flooding and medical emergencies plus 2 more, ZONE-5 Pune, Maharashtra. 8 reports, 59 affected. Send water pum"
SLM-000927,train,ELEVATED,True,True,True,True,True,True,True,True,True,"ELEVATED - ZONE-2 Kottayam (Kerala): road blockages and rescue emergencies plus 2 more, 45 affected across 5 reports. am"
SLM-000928,train,IMMEDIATE,True,True,True,True,True,True,True,True,True,"IMMEDIATE - ZONE-2 Varanasi (Uttar Pradesh): road blockages and flooding, 111 affected across 6 reports. Deploy water pu"
SLM-000929,train,URGENT,True,True,True,True,True,True,True,True,True,"URGENT: ZONE-2 Kochi, Kerala -- flooding. 5 reports, 99 affected. Deploy water pump and relief supplies plus 1 more to n"
SLM-000930,train,URGENT,True,True,True,True,True,True,True,True,True,"URGENT. flooding and road blockages plus 1 more in ZONE-5 Bhubaneswar, Odisha; 188 affected, 7 reports. Send road cleara"
SLM-000931,train,URGENT,True,True,True,True,True,True,True,True,True,"URGENT - ZONE-1 Rajkot (Gujarat): flooding and rescue emergencies, 109 affected across 6 reports. Dispatch NDRF flood re"
SLM-000932,test,URGENT,True,True,True,True,True,True,True,True,True,"URGENT: ZONE-4 Thanjavur, Tamil Nadu -- rescue emergencies and flooding. 6 reports, 70 affected. Deploy rescue rope and "
SLM-000933,train,URGENT,True,True,True,True,True,True,True,True,True,"URGENT - ZONE-2 Nagpur (Maharashtra): rescue emergencies and road blockages plus 1 more, 111 affected across 6 reports. "
SLM-000934,train,ELEVATED,True,True,True,True,True,True,True,True,True,"ELEVATED. flooding and rescue emergencies plus 1 more in ZONE-1 Tiruppur, Tamil Nadu; 50 affected, 8 reports. drainage t"
SLM-000935,test,ELEVATED,True,True,True,True,True,True,True,True,True,"ELEVATED: rescue emergencies and flooding, ZONE-2 Kottayam, Kerala. 6 reports, 47 affected. Dispatch rescue rope and lad"
SLM-000936,test,URGENT,True,True,True,True,True,True,True,True,True,"URGENT: ZONE-3 Prayagraj, Uttar Pradesh -- flooding. 5 reports, 120 affected. Send drainage team and NDRF flood rescue t"
SLM-000937,test,URGENT,True,True,True,True,True,True,True,True,True,"URGENT - ZONE-3 Madurai (Tamil Nadu): flooding and medical emergencies plus 1 more, 251 affected across 9 reports. Dispa"
SLM-000938,train,URGENT,True,True,True,True,True,True,True,True,True,"URGENT. medical emergencies and flooding plus 1 more in ZONE-1 Kolkata, West Bengal; 110 affected, 5 reports. Deploy amb"
SLM-000939,train,URGENT,True,True,True,True,True,True,True,True,True,"URGENT: flooding and rescue emergencies plus 2 more, ZONE-1 Jorhat, Assam. 6 reports, 124 affected. Dispatch road cleara"
SLM-000940,train,IMMEDIATE,True,True,True,True,True,True,True,True,True,"IMMEDIATE - ZONE-5 Bengaluru (Karnataka): flooding and rescue emergencies plus 1 more, 179 affected across 7 reports. De"
SLM-000941,train,IMMEDIATE,True,True,True,True,True,True,True,True,True,"IMMEDIATE. flooding and road blockages plus 1 more in ZONE-5 Bharuch, Gujarat; 113 affected, 5 reports. water pump and t"
SLM-000942,train,ELEVATED,True,True,True,True,True,True,True,True,True,"ELEVATED: ZONE-4 Tiruppur, Tamil Nadu -- flooding and medical emergencies plus 1 more. 7 reports, 63 affected. Deploy li"
SLM-000943,train,IMMEDIATE,True,True,True,True,True,True,True,True,True,"IMMEDIATE: rescue emergencies and medical emergencies plus 1 more, ZONE-4 Kozhikode, Kerala. 7 reports, 137 affected. ND"
SLM-000944,train,URGENT,True,True,True,True,True,True,True,True,True,"URGENT: ZONE-1 Kanpur, Uttar Pradesh -- flooding and rescue emergencies. 6 reports, 51 affected. Dispatch relief supplie"
SLM-000945,train,ROUTINE,True,True,True,True,True,True,True,True,True,"ROUTINE - ZONE-3 Bhagalpur (Bihar): flooding and medical emergencies, 22 affected across 5 reports. rescue boat and wate"
SLM-000946,train,ELEVATED,True,True,True,True,True,True,True,True,True,"ELEVATED: ZONE-4 Prayagraj, Uttar Pradesh -- rescue emergencies and flooding plus 1 more. 6 reports, 50 affected. Deploy"
SLM-000947,train,URGENT,True,True,True,True,True,True,True,True,True,"URGENT: ZONE-5 Varanasi, Uttar Pradesh -- rescue emergencies and flooding plus 1 more. 5 reports, 66 affected. Dispatch "
SLM-000948,test,ELEVATED,True,True,True,True,True,True,True,True,True,"ELEVATED. flooding and medical emergencies in ZONE-1 Thanjavur, Tamil Nadu; 34 affected, 5 reports. relief supplies and "
SLM-000949,train,ELEVATED,True,True,True,True,True,True,True,True,True,"ELEVATED: ZONE-3 Mangaluru, Karnataka -- medical emergencies and rescue emergencies plus 1 more. 9 reports, 89 affected."
SLM-000950,train,URGENT,True,True,True,True,True,True,True,True,True,"URGENT. rescue emergencies and flooding plus 1 more in ZONE-5 Kolkata, West Bengal; 231 affected, 8 reports. NDRF rescue"
SLM-000951,test,ROUTINE,True,True,True,True,True,True,True,True,True,"ROUTINE: flooding and rescue emergencies plus 1 more, ZONE-3 Kottayam, Kerala. 5 reports, 15 affected. Dispatch NDRF flo"
SLM-000952,train,URGENT,True,True,True,True,True,True,True,True,True,"URGENT: flooding and rescue emergencies plus 1 more, ZONE-4 Varanasi, Uttar Pradesh. 5 reports, 142 affected. Dispatch l"
SLM-000953,train,URGENT,True,True,True,True,True,True,True,True,True,"URGENT: ZONE-3 Puri, Odisha -- rescue emergencies and flooding. 5 reports, 65 affected. fire and rescue unit and ambulan"
SLM-000954,test,IMMEDIATE,True,True,True,True,True,True,True,True,True,"IMMEDIATE. rescue emergencies and flooding plus 1 more in ZONE-3 Udupi, Karnataka; 178 affected, 7 reports. Send relief "
SLM-000955,train,ELEVATED,True,True,True,True,True,True,True,True,True,"ELEVATED. flooding and road blockages in ZONE-5 Kendrapara, Odisha; 34 affected, 5 reports. water pump and rescue boat p"
SLM-000956,test,IMMEDIATE,True,True,True,True,True,True,True,True,True,"IMMEDIATE - ZONE-2 Mysuru (Karnataka): flooding and road blockages plus 1 more, 171 affected across 6 reports. life jack"
SLM-000957,train,ELEVATED,True,True,True,True,True,True,True,True,True,"ELEVATED: road blockages and medical emergencies plus 2 more, ZONE-2 Nashik, Maharashtra. 6 reports, 52 affected. earthm"
SLM-000958,train,IMMEDIATE,True,True,True,True,True,True,True,True,True,"IMMEDIATE: ZONE-5 Rajkot, Gujarat -- rescue emergencies and road blockages plus 1 more. 6 reports, 106 affected. Dispatc"
SLM-000959,train,ELEVATED,True,True,True,True,True,True,True,True,True,"ELEVATED - ZONE-5 Vadodara (Gujarat): flooding and road blockages plus 1 more, 65 affected across 7 reports. Deploy NDRF"
SLM-000960,train,IMMEDIATE,True,True,True,True,True,True,True,True,True,"IMMEDIATE: ZONE-3 Nashik, Maharashtra -- flooding and rescue emergencies plus 1 more. 6 reports, 83 affected. Dispatch r"
SLM-000961,test,IMMEDIATE,True,True,True,True,True,True,True,True,True,"IMMEDIATE: ZONE-2 Mumbai, Maharashtra -- flooding and rescue emergencies. 5 reports, 109 affected. Dispatch life jackets"
SLM-000962,test,ELEVATED,True,True,True,True,True,True,True,True,True,"ELEVATED: ZONE-1 Malda, West Bengal -- flooding and road blockages. 5 reports, 33 affected. Deploy NDRF flood rescue tea"
SLM-000963,test,ROUTINE,True,True,True,True,True,True,True,True,True,"ROUTINE. flooding and rescue emergencies in ZONE-2 Gorakhpur, Uttar Pradesh; 19 affected, 5 reports. Dispatch drainage t"
SLM-000964,validation,URGENT,True,True,True,True,True,True,True,True,True,"URGENT - ZONE-4 Malda (West Bengal): flooding and rescue emergencies, 54 affected across 5 reports. Send rescue rope and"
SLM-000965,train,ELEVATED,True,True,True,True,True,True,True,True,True,"ELEVATED - ZONE-1 Kendrapara (Odisha): flooding and rescue emergencies, 67 affected across 7 reports. Dispatch rescue bo"
SLM-000966,validation,ELEVATED,True,True,True,True,True,True,True,True,True,"ELEVATED: flooding and rescue emergencies plus 1 more, ZONE-4 Patna, Bihar. 5 reports, 41 affected. Dispatch relief supp"
SLM-000967,test,URGENT,True,True,True,True,True,True,True,True,True,"URGENT - ZONE-1 Nashik (Maharashtra): flooding and road blockages plus 1 more, 125 affected across 8 reports. sandbags a"
SLM-000968,train,IMMEDIATE,True,True,True,True,True,True,True,True,True,"IMMEDIATE: ZONE-2 Lucknow, Uttar Pradesh -- rescue emergencies and road blockages plus 1 more. 8 reports, 132 affected. "
SLM-000969,train,ELEVATED,True,True,True,True,True,True,True,True,True,"ELEVATED - ZONE-4 Thrissur (Kerala): rescue emergencies and road blockages plus 1 more, 93 affected across 10 reports. w"
SLM-000970,train,ELEVATED,True,True,True,True,True,True,True,True,True,"ELEVATED - ZONE-2 Kottayam (Kerala): rescue emergencies and road blockages plus 1 more, 48 affected across 5 reports. De"
SLM-000971,train,URGENT,True,True,True,True,True,True,True,True,True,"URGENT: flooding and medical emergencies plus 1 more, ZONE-4 Nashik, Maharashtra. 6 reports, 122 affected. water pump an"
SLM-000972,train,ELEVATED,True,True,True,True,True,True,True,True,True,"ELEVATED: ZONE-5 Tiruppur, Tamil Nadu -- rescue emergencies and flooding plus 1 more. 6 reports, 57 affected. NDRF rescu"
SLM-000973,train,IMMEDIATE,True,True,True,True,True,True,True,True,True,"IMMEDIATE: flooding and rescue emergencies plus 1 more, ZONE-2 Bengaluru, Karnataka. 11 reports, 307 affected. Dispatch "
SLM-000974,train,IMMEDIATE,True,True,True,True,True,True,True,True,True,"IMMEDIATE - ZONE-1 Bengaluru (Karnataka): medical emergencies and flooding plus 1 more, 159 affected across 6 reports. D"
SLM-000975,train,URGENT,True,True,True,True,True,True,True,True,True,"URGENT. road blockages and flooding plus 2 more in ZONE-1 Surat, Gujarat; 37 affected, 5 reports. Send road clearance cr"
SLM-000976,train,URGENT,True,True,True,True,True,True,True,True,True,"URGENT: ZONE-5 Kodagu, Karnataka -- road blockages and rescue emergencies plus 1 more. 5 reports, 84 affected. traffic p"
SLM-000977,train,ROUTINE,True,True,True,True,True,True,True,True,True,"ROUTINE: flooding and rescue emergencies, ZONE-5 Surat, Gujarat. 6 reports, 27 affected. relief supplies and sandbags pl"
SLM-000978,train,URGENT,True,True,True,True,True,True,True,True,True,"URGENT: ZONE-4 Varanasi, Uttar Pradesh -- rescue emergencies and flooding. 8 reports, 127 affected. Dispatch water pump "
SLM-000979,train,IMMEDIATE,True,True,True,True,True,True,True,True,True,"IMMEDIATE - ZONE-2 Chennai (Tamil Nadu): rescue emergencies and flooding, 190 affected across 6 reports. Send NDRF rescu"
SLM-000980,train,ELEVATED,True,True,True,True,True,True,True,True,True,"ELEVATED: medical emergencies and rescue emergencies plus 1 more, ZONE-1 Patna, Bihar. 5 reports, 51 affected. Send ambu"
SLM-000981,train,ROUTINE,True,True,True,True,True,True,True,True,True,"ROUTINE: ZONE-2 Bharuch, Gujarat -- flooding and road blockages plus 2 more. 5 reports, 22 affected. Dispatch drainage t"
SLM-000982,train,ROUTINE,True,True,True,True,True,True,True,True,True,"ROUTINE: ZONE-3 Mumbai, Maharashtra -- road blockages and flooding plus 1 more. 5 reports, 14 affected. Dispatch tow tru"
SLM-000983,train,ROUTINE,True,True,True,True,True,True,True,True,True,"ROUTINE: flooding and rescue emergencies, ZONE-5 Chennai, Tamil Nadu. 5 reports, 23 affected. Deploy NDRF flood rescue t"
SLM-000984,validation,URGENT,True,True,True,True,True,True,True,True,True,"URGENT: rescue emergencies and medical emergencies plus 1 more, ZONE-1 Bhagalpur, Bihar. 5 reports, 127 affected. Send N"
SLM-000985,train,ELEVATED,True,True,True,True,True,True,True,True,True,"ELEVATED - ZONE-4 Surat (Gujarat): flooding and road blockages plus 2 more, 90 affected across 10 reports. Deploy road c"
SLM-000986,train,URGENT,True,True,True,True,True,True,True,True,True,"URGENT: ZONE-5 Malda, West Bengal -- rescue emergencies and flooding plus 1 more. 6 reports, 77 affected. Dispatch ambul"
SLM-000987,train,IMMEDIATE,True,True,True,True,True,True,True,True,True,"IMMEDIATE: flooding and rescue emergencies, ZONE-4 Varanasi, Uttar Pradesh. 5 reports, 148 affected. road clearance team"
SLM-000988,validation,ELEVATED,True,True,True,True,True,True,True,True,True,"ELEVATED: ZONE-5 Kochi, Kerala -- road blockages and flooding plus 1 more. 7 reports, 68 affected. Send tow truck and ND"
SLM-000989,train,ELEVATED,True,True,True,True,True,True,True,True,True,"ELEVATED - ZONE-3 Bengaluru (Karnataka): flooding and medical emergencies plus 1 more, 56 affected across 6 reports. Dep"
SLM-000990,train,IMMEDIATE,True,True,True,True,True,True,True,True,True,"IMMEDIATE: flooding and rescue emergencies, ZONE-5 Varanasi, Uttar Pradesh. 7 reports, 151 affected. drainage team and N"
SLM-000991,validation,ELEVATED,True,True,True,True,True,True,True,True,True,"ELEVATED: flooding and road blockages, ZONE-3 Dibrugarh, Assam. 6 reports, 65 affected. Send road clearance team and tra"
SLM-000992,train,URGENT,True,True,True,True,True,True,True,True,True,"URGENT: ZONE-5 Thrissur, Kerala -- flooding and road blockages plus 2 more. 5 reports, 52 affected. Deploy NDRF flood re"
SLM-000993,test,URGENT,True,True,True,True,True,True,True,True,True,"URGENT: flooding and medical emergencies plus 1 more, ZONE-5 Varanasi, Uttar Pradesh. 5 reports, 81 affected. NDRF flood"
SLM-000994,train,IMMEDIATE,True,True,True,True,True,True,True,True,True,"IMMEDIATE: road blockages and flooding plus 1 more, ZONE-1 Udupi, Karnataka. 5 reports, 173 affected. water pump and amb"
SLM-000995,test,ROUTINE,True,True,True,True,True,True,True,True,True,"ROUTINE - ZONE-1 Dhemaji (Assam): rescue emergencies and flooding plus 1 more, 11 affected across 5 reports. Deploy NDRF"
SLM-000996,train,ELEVATED,True,True,True,True,True,True,True,True,True,"ELEVATED: ZONE-3 Darjeeling, West Bengal -- flooding and rescue emergencies plus 1 more. 5 reports, 37 affected. Dispatc"
SLM-000997,train,IMMEDIATE,True,True,True,True,True,True,True,True,True,"IMMEDIATE: flooding and rescue emergencies plus 1 more, ZONE-1 Ahmedabad, Gujarat. 5 reports, 78 affected. sandbags and "
SLM-000998,train,URGENT,True,True,True,True,True,True,True,True,True,"URGENT - ZONE-3 Coimbatore (Tamil Nadu): rescue emergencies and road blockages plus 1 more, 81 affected across 7 reports"
SLM-000999,test,IMMEDIATE,True,True,True,True,True,True,True,True,True,"IMMEDIATE. rescue emergencies and flooding plus 1 more in ZONE-4 Kozhikode, Kerala; 210 affected, 6 reports. Deploy wate"
SLM-001000,validation,ELEVATED,True,True,True,True,True,True,True,True,True,"ELEVATED: flooding and medical emergencies plus 1 more, ZONE-1 Prayagraj, Uttar Pradesh. 6 reports, 50 affected. Dispatc"
SLM-001001,train,URGENT,True,True,True,True,True,True,True,True,True,"URGENT - ZONE-3 Ahmedabad (Gujarat): flooding and road blockages, 120 affected across 6 reports. Send life jackets and r"
SLM-001002,train,URGENT,True,True,True,True,True,True,True,True,True,"URGENT: flooding and rescue emergencies, ZONE-4 Howrah, West Bengal. 5 reports, 76 affected. ambulance and life jackets "
SLM-001003,train,URGENT,True,True,True,True,True,True,True,True,True,"URGENT: flooding and rescue emergencies plus 1 more, ZONE-5 Rajkot, Gujarat. 12 reports, 252 affected. Dispatch NDRF flo"
SLM-001004,validation,IMMEDIATE,True,True,True,True,True,True,True,True,True,"IMMEDIATE: ZONE-3 Bharuch, Gujarat -- road blockages and flooding plus 1 more. 5 reports, 299 affected. water pump and r"
SLM-001005,test,ELEVATED,True,True,True,True,True,True,True,True,True,"ELEVATED: ZONE-2 Murshidabad, West Bengal -- flooding and medical emergencies plus 1 more. 6 reports, 38 affected. Dispa"
SLM-001006,validation,ROUTINE,True,True,True,True,True,True,True,True,True,"ROUTINE. flooding and medical emergencies in ZONE-1 Pune, Maharashtra; 19 affected, 5 reports. NDRF flood rescue team an"
SLM-001007,train,ELEVATED,True,True,True,True,True,True,True,True,True,"ELEVATED: flooding and medical emergencies, ZONE-4 Mumbai, Maharashtra. 5 reports, 28 affected. Deploy relief supplies a"
SLM-001008,test,URGENT,True,True,True,True,True,True,True,True,True,"URGENT: rescue emergencies and flooding, ZONE-1 Mumbai, Maharashtra. 5 reports, 75 affected. water pump and NDRF rescue "
SLM-001009,train,IMMEDIATE,True,True,True,True,True,True,True,True,True,"IMMEDIATE. rescue emergencies and flooding plus 1 more in ZONE-4 Kodagu, Karnataka; 215 affected, 6 reports. rescue rope"
SLM-001010,validation,ROUTINE,True,True,True,True,True,True,True,True,True,"ROUTINE - ZONE-4 Nagpur (Maharashtra): road blockages and medical emergencies plus 2 more, 17 affected across 6 reports."
SLM-001011,train,IMMEDIATE,True,True,True,True,True,True,True,True,True,"IMMEDIATE - ZONE-1 Nashik (Maharashtra): flooding and rescue emergencies, 218 affected across 5 reports. Send NDRF rescu"
SLM-001012,train,IMMEDIATE,True,True,True,True,True,True,True,True,True,"IMMEDIATE. rescue emergencies and flooding plus 2 more in ZONE-3 Vadodara, Gujarat; 138 affected, 5 reports. Dispatch re"
SLM-001013,test,ELEVATED,True,True,True,True,True,True,True,True,True,"ELEVATED - ZONE-5 Patna (Bihar): flooding and rescue emergencies plus 1 more, 57 affected across 6 reports. Send water p"
SLM-001014,train,IMMEDIATE,True,True,True,True,True,True,True,True,True,"IMMEDIATE: flooding and rescue emergencies plus 1 more, ZONE-2 Nagpur, Maharashtra. 6 reports, 74 affected. Dispatch wat"
SLM-001015,test,ELEVATED,True,True,True,True,True,True,True,True,True,"ELEVATED: ZONE-3 Dibrugarh, Assam -- road blockages and flooding plus 1 more. 6 reports, 45 affected. traffic police tea"
SLM-001016,validation,IMMEDIATE,True,True,True,True,True,True,True,True,True,"IMMEDIATE - ZONE-2 Mangaluru (Karnataka): road blockages and rescue emergencies plus 1 more, 161 affected across 6 repor"
SLM-001017,train,ROUTINE,True,True,True,True,True,True,True,True,True,"ROUTINE. flooding and road blockages plus 1 more in ZONE-5 Darbhanga, Bihar; 17 affected, 5 reports. sandbags and road c"
SLM-001018,train,ELEVATED,True,True,True,True,True,True,True,True,True,"ELEVATED. flooding and road blockages plus 1 more in ZONE-5 Kendrapara, Odisha; 45 affected, 5 reports. relief supplies "
SLM-001019,train,URGENT,True,True,True,True,True,True,True,True,True,"URGENT - ZONE-2 Kozhikode (Kerala): flooding, 117 affected across 7 reports. Dispatch water pump and relief supplies plu"
SLM-001020,test,ELEVATED,True,True,True,True,True,True,True,True,True,"ELEVATED: ZONE-3 Coimbatore, Tamil Nadu -- rescue emergencies and flooding plus 1 more. 6 reports, 60 affected. Deploy l"
SLM-001021,train,ROUTINE,True,True,True,True,True,True,True,True,True,"ROUTINE - ZONE-3 Kanpur (Uttar Pradesh): rescue emergencies and flooding, 21 affected across 5 reports. Deploy rescue ro"
SLM-001022,train,ELEVATED,True,True,True,True,True,True,True,True,True,"ELEVATED: rescue emergencies and medical emergencies plus 1 more, ZONE-5 Muzaffarpur, Bihar. 5 reports, 44 affected. Dep"
SLM-001023,validation,IMMEDIATE,True,True,True,True,True,True,True,True,True,"IMMEDIATE: ZONE-3 Dhemaji, Assam -- road blockages and flooding. 5 reports, 139 affected. Deploy earthmover (JCB) and re"
SLM-001024,test,URGENT,True,True,True,True,True,True,True,True,True,"URGENT: rescue emergencies and road blockages plus 1 more, ZONE-1 Nagpur, Maharashtra. 6 reports, 75 affected. Dispatch "
SLM-001025,validation,URGENT,True,True,True,True,True,True,True,True,True,"URGENT. flooding and road blockages plus 1 more in ZONE-4 Barpeta, Assam; 112 affected, 5 reports. water pump and life j"
SLM-001026,train,ELEVATED,True,True,True,True,True,True,True,True,True,"ELEVATED. flooding and medical emergencies plus 1 more in ZONE-3 Alappuzha, Kerala; 48 affected, 5 reports. Deploy water"
SLM-001027,validation,ELEVATED,True,True,True,True,True,True,True,True,True,"ELEVATED: ZONE-2 Bengaluru, Karnataka -- flooding and rescue emergencies plus 1 more. 6 reports, 57 affected. road clear"
SLM-001028,train,URGENT,True,True,True,True,True,True,True,True,True,"URGENT: flooding and rescue emergencies plus 1 more, ZONE-1 Vadodara, Gujarat. 8 reports, 213 affected. Deploy relief su"
SLM-001029,train,ELEVATED,True,True,True,True,True,True,True,True,True,"ELEVATED. medical emergencies and flooding in ZONE-2 Patna, Bihar; 57 affected, 5 reports. Send water pump and medical f"
SLM-001030,train,URGENT,True,True,True,True,True,True,True,True,True,"URGENT. flooding and rescue emergencies plus 1 more in ZONE-2 Coimbatore, Tamil Nadu; 180 affected, 7 reports. Dispatch "
SLM-001031,train,URGENT,True,True,True,True,True,True,True,True,True,"URGENT. flooding and medical emergencies plus 1 more in ZONE-4 Jorhat, Assam; 90 affected, 7 reports. Deploy road cleara"
SLM-001032,validation,ROUTINE,True,True,True,True,True,True,True,True,True,"ROUTINE - ZONE-5 Gorakhpur (Uttar Pradesh): flooding and rescue emergencies, 22 affected across 5 reports. Dispatch life"
SLM-001033,train,URGENT,True,True,True,True,True,True,True,True,True,"URGENT - ZONE-5 Guwahati (Assam): rescue emergencies and flooding, 217 affected across 7 reports. Dispatch relief suppli"
SLM-001034,test,IMMEDIATE,True,True,True,True,True,True,True,True,True,"IMMEDIATE: ZONE-3 Kodagu, Karnataka -- flooding and rescue emergencies plus 2 more. 5 reports, 89 affected. Send water p"
SLM-001035,train,ELEVATED,True,True,True,True,True,True,True,True,True,"ELEVATED - ZONE-2 Prayagraj (Uttar Pradesh): flooding and rescue emergencies, 52 affected across 6 reports. Dispatch res"
SLM-001036,test,URGENT,True,True,True,True,True,True,True,True,True,"URGENT - ZONE-2 Pune (Maharashtra): flooding and medical emergencies plus 1 more, 111 affected across 5 reports. drainag"
SLM-001037,train,URGENT,True,True,True,True,True,True,True,True,True,"URGENT: ZONE-5 Mysuru, Karnataka -- flooding and rescue emergencies plus 1 more. 6 reports, 109 affected. Dispatch NDRF "
SLM-001038,train,URGENT,True,True,True,True,True,True,True,True,True,"URGENT. flooding and road blockages plus 1 more in ZONE-3 Dhemaji, Assam; 159 affected, 6 reports. rescue boat and life "
SLM-001039,train,IMMEDIATE,True,True,True,True,True,True,True,True,True,"IMMEDIATE: ZONE-3 Kolhapur, Maharashtra -- flooding and rescue emergencies plus 1 more. 5 reports, 86 affected. Send amb"
SLM-001040,train,ELEVATED,True,True,True,True,True,True,True,True,True,"ELEVATED: ZONE-3 Bengaluru, Karnataka -- flooding and rescue emergencies plus 1 more. 6 reports, 53 affected. Dispatch l"
SLM-001041,train,ELEVATED,True,True,True,True,True,True,True,True,True,"ELEVATED. road blockages and rescue emergencies plus 1 more in ZONE-2 Patna, Bihar; 65 affected, 7 reports. Dispatch NDR"
SLM-001042,train,ELEVATED,True,True,True,True,True,True,True,True,True,"ELEVATED - ZONE-5 Kochi (Kerala): road blockages and rescue emergencies plus 1 more, 53 affected across 6 reports. Dispa"
SLM-001043,test,ELEVATED,True,True,True,True,True,True,True,True,True,"ELEVATED: flooding and road blockages, ZONE-4 Jorhat, Assam. 6 reports, 63 affected. Dispatch rescue boat and water pump"
SLM-001044,train,IMMEDIATE,True,True,True,True,True,True,True,True,True,"IMMEDIATE. flooding and rescue emergencies plus 2 more in ZONE-4 Cuttack, Odisha; 204 affected, 9 reports. Deploy ambula"
SLM-001045,train,IMMEDIATE,True,True,True,True,True,True,True,True,True,"IMMEDIATE: medical emergencies and road blockages plus 2 more, ZONE-4 Varanasi, Uttar Pradesh. 8 reports, 252 affected. "
SLM-001046,train,URGENT,True,True,True,True,True,True,True,True,True,"URGENT - ZONE-1 Dibrugarh (Assam): medical emergencies and flooding plus 1 more, 151 affected across 8 reports. Deploy d"
SLM-001047,validation,ROUTINE,True,True,True,True,True,True,True,True,True,"ROUTINE: flooding and road blockages, ZONE-3 Alappuzha, Kerala. 5 reports, 8 affected. Deploy road clearance team and re"
SLM-001048,train,ELEVATED,True,True,True,True,True,True,True,True,True,"ELEVATED. medical emergencies and flooding plus 1 more in ZONE-5 Jorhat, Assam; 42 affected, 5 reports. Send NDRF flood "
SLM-001049,train,ROUTINE,True,True,True,True,True,True,True,True,True,"ROUTINE: ZONE-2 Nashik, Maharashtra -- road blockages and flooding plus 1 more. 6 reports, 17 affected. relief supplies "
SLM-001050,train,ELEVATED,True,True,True,True,True,True,True,True,True,"ELEVATED: ZONE-1 Patna, Bihar -- flooding and rescue emergencies plus 1 more. 5 reports, 33 affected. Deploy life jacket"
SLM-001051,validation,ELEVATED,True,True,True,True,True,True,True,True,True,"ELEVATED: road blockages and medical emergencies plus 1 more, ZONE-3 Kanpur, Uttar Pradesh. 6 reports, 59 affected. eart"
SLM-001052,train,ELEVATED,True,True,True,True,True,True,True,True,True,"ELEVATED: flooding and rescue emergencies, ZONE-4 Kolhapur, Maharashtra. 6 reports, 65 affected. Send rescue boat and ND"
SLM-001053,train,IMMEDIATE,True,True,True,True,True,True,True,True,True,"IMMEDIATE. road blockages and medical emergencies plus 1 more in ZONE-1 Alappuzha, Kerala; 181 affected, 5 reports. road"
SLM-001054,train,URGENT,True,True,True,True,True,True,True,True,True,"URGENT: flooding and rescue emergencies plus 2 more, ZONE-5 Murshidabad, West Bengal. 5 reports, 81 affected. Send relie"
SLM-001055,test,URGENT,True,True,True,True,True,True,True,True,True,"URGENT - ZONE-1 Madurai (Tamil Nadu): road blockages and flooding plus 2 more, 120 affected across 7 reports. ambulance "
SLM-001056,test,IMMEDIATE,True,True,True,True,True,True,True,True,True,"IMMEDIATE. road blockages and flooding plus 1 more in ZONE-3 Alappuzha, Kerala; 252 affected, 7 reports. road clearance "
SLM-001057,train,ELEVATED,True,True,True,True,True,True,True,True,True,"ELEVATED. flooding and rescue emergencies plus 1 more in ZONE-1 Madurai, Tamil Nadu; 42 affected, 5 reports. Deploy reli"
SLM-001058,train,ROUTINE,True,True,True,True,True,True,True,True,True,"ROUTINE: ZONE-3 Thanjavur, Tamil Nadu -- road blockages and flooding plus 1 more. 6 reports, 14 affected. Send rescue bo"
SLM-001059,test,ELEVATED,True,True,True,True,True,True,True,True,True,"ELEVATED. flooding and rescue emergencies in ZONE-1 Alappuzha, Kerala; 33 affected, 5 reports. Deploy rescue rope and la"
SLM-001060,test,ELEVATED,True,True,True,True,True,True,True,True,True,"ELEVATED - ZONE-3 Cuttack (Odisha): road blockages and flooding plus 2 more, 76 affected across 6 reports. Deploy road c"
SLM-001061,test,URGENT,True,True,True,True,True,True,True,True,True,"URGENT. flooding and rescue emergencies in ZONE-5 Balasore, Odisha; 51 affected, 5 reports. Send sandbags and rescue boa"
SLM-001062,test,ELEVATED,True,True,True,True,True,True,True,True,True,"ELEVATED. flooding and rescue emergencies plus 1 more in ZONE-1 Pune, Maharashtra; 70 affected, 9 reports. rescue rope a"
SLM-001063,train,ELEVATED,True,True,True,True,True,True,True,True,True,"ELEVATED: ZONE-2 Kendrapara, Odisha -- medical emergencies and road blockages plus 2 more. 7 reports, 53 affected. tow t"
SLM-001064,train,URGENT,True,True,True,True,True,True,True,True,True,"URGENT: flooding and rescue emergencies plus 1 more, ZONE-5 Barpeta, Assam. 5 reports, 103 affected. Send NDRF flood res"
SLM-001065,validation,ELEVATED,True,True,True,True,True,True,True,True,True,"ELEVATED: ZONE-2 Thanjavur, Tamil Nadu -- flooding and medical emergencies plus 1 more. 6 reports, 77 affected. Deploy r"
SLM-001066,test,ELEVATED,True,True,True,True,True,True,True,True,True,"ELEVATED: flooding, ZONE-2 Ahmedabad, Gujarat. 6 reports, 55 affected. Send rescue boat and water pump plus 1 more to lo"
SLM-001067,train,ROUTINE,True,True,True,True,True,True,True,True,True,"ROUTINE. rescue emergencies and flooding in ZONE-2 Madurai, Tamil Nadu; 16 affected, 5 reports. Dispatch relief supplies"
SLM-001068,train,IMMEDIATE,True,True,True,True,True,True,True,True,True,"IMMEDIATE: flooding and rescue emergencies, ZONE-5 Murshidabad, West Bengal. 5 reports, 167 affected. Dispatch ambulance"
SLM-001069,train,ELEVATED,True,True,True,True,True,True,True,True,True,"ELEVATED - ZONE-1 Madurai (Tamil Nadu): flooding, 29 affected across 5 reports. Send relief supplies and water pump plus"
SLM-001070,test,ELEVATED,True,True,True,True,True,True,True,True,True,"ELEVATED: flooding and rescue emergencies, ZONE-4 Gorakhpur, Uttar Pradesh. 6 reports, 55 affected. Deploy water pump an"
SLM-001071,train,IMMEDIATE,True,True,True,True,True,True,True,True,True,"IMMEDIATE: ZONE-5 Vadodara, Gujarat -- rescue emergencies and road blockages plus 1 more. 6 reports, 208 affected. fire "
SLM-001072,validation,IMMEDIATE,True,True,True,True,True,True,True,True,True,"IMMEDIATE - ZONE-4 Mysuru (Karnataka): road blockages and rescue emergencies plus 2 more, 169 affected across 7 reports."
SLM-001073,test,ELEVATED,True,True,True,True,True,True,True,True,True,"ELEVATED: ZONE-5 Kolhapur, Maharashtra -- rescue emergencies and flooding plus 1 more. 5 reports, 26 affected. Deploy li"
SLM-001074,validation,URGENT,True,True,True,True,True,True,True,True,True,"URGENT. medical emergencies and flooding plus 1 more in ZONE-4 Prayagraj, Uttar Pradesh; 141 affected, 6 reports. water "
SLM-001075,train,ELEVATED,True,True,True,True,True,True,True,True,True,"ELEVATED: ZONE-1 Mumbai, Maharashtra -- flooding and road blockages plus 2 more. 7 reports, 60 affected. Dispatch relief"
SLM-001076,validation,IMMEDIATE,True,True,True,True,True,True,True,True,True,"IMMEDIATE. flooding and medical emergencies plus 1 more in ZONE-3 Murshidabad, West Bengal; 188 affected, 6 reports. Sen"
SLM-001077,validation,ELEVATED,True,True,True,True,True,True,True,True,True,"ELEVATED. flooding and rescue emergencies in ZONE-1 Jorhat, Assam; 39 affected, 5 reports. Deploy water pump and rescue "
SLM-001078,test,ELEVATED,True,True,True,True,True,True,True,True,True,"ELEVATED: ZONE-5 Nagpur, Maharashtra -- road blockages and medical emergencies plus 2 more. 7 reports, 73 affected. traf"
SLM-001079,train,IMMEDIATE,True,True,True,True,True,True,True,True,True,"IMMEDIATE. flooding and road blockages plus 1 more in ZONE-3 Guwahati, Assam; 240 affected, 5 reports. Send relief suppl"
SLM-001080,train,ELEVATED,True,True,True,True,True,True,True,True,True,"ELEVATED. rescue emergencies and flooding in ZONE-4 Nagpur, Maharashtra; 41 affected, 5 reports. fire and rescue unit an"
SLM-001081,train,URGENT,True,True,True,True,True,True,True,True,True,"URGENT - ZONE-3 Madurai (Tamil Nadu): flooding and road blockages plus 1 more, 119 affected across 5 reports. Dispatch w"
SLM-001082,test,ELEVATED,True,True,True,True,True,True,True,True,True,"ELEVATED - ZONE-5 Barpeta (Assam): flooding and rescue emergencies, 55 affected across 6 reports. Send NDRF flood rescue"
SLM-001083,test,ELEVATED,True,True,True,True,True,True,True,True,True,"ELEVATED. flooding and rescue emergencies plus 1 more in ZONE-2 Bhagalpur, Bihar; 39 affected, 5 reports. Deploy life ja"
SLM-001084,train,URGENT,True,True,True,True,True,True,True,True,True,"URGENT - ZONE-3 Chennai (Tamil Nadu): flooding and medical emergencies plus 1 more, 99 affected across 7 reports. Send w"
SLM-001085,test,IMMEDIATE,True,True,True,True,True,True,True,True,True,"IMMEDIATE. flooding and rescue emergencies plus 1 more in ZONE-1 Kolhapur, Maharashtra; 191 affected, 7 reports. Deploy "
SLM-001086,train,URGENT,True,True,True,True,True,True,True,True,True,"URGENT: ZONE-2 Bengaluru, Karnataka -- flooding and road blockages plus 1 more. 6 reports, 82 affected. Send life jacket"
SLM-001087,train,IMMEDIATE,True,True,True,True,True,True,True,True,True,"IMMEDIATE - ZONE-5 Muzaffarpur (Bihar): flooding and road blockages, 117 affected across 6 reports. Dispatch water pump "
SLM-001088,train,URGENT,True,True,True,True,True,True,True,True,True,"URGENT: ZONE-4 Barpeta, Assam -- flooding and road blockages. 6 reports, 105 affected. life jackets and sandbags plus 1 "
SLM-001089,train,ELEVATED,True,True,True,True,True,True,True,True,True,"ELEVATED: flooding and road blockages plus 2 more, ZONE-1 Gaya, Bihar. 8 reports, 64 affected. Deploy rescue rope and la"
SLM-001090,train,URGENT,True,True,True,True,True,True,True,True,True,"URGENT - ZONE-2 Kolkata (West Bengal): flooding and rescue emergencies, 64 affected across 5 reports. Dispatch relief su"
SLM-001091,train,URGENT,True,True,True,True,True,True,True,True,True,"URGENT: flooding and rescue emergencies, ZONE-3 Coimbatore, Tamil Nadu. 6 reports, 106 affected. water pump and relief s"
SLM-001092,train,IMMEDIATE,True,True,True,True,True,True,True,True,True,"IMMEDIATE. flooding and medical emergencies plus 1 more in ZONE-5 Murshidabad, West Bengal; 90 affected, 7 reports. Send"
SLM-001093,validation,URGENT,True,True,True,True,True,True,True,True,True,"URGENT: flooding and rescue emergencies, ZONE-2 Bhubaneswar, Odisha. 12 reports, 286 affected. Send water pump and NDRF "
SLM-001094,train,IMMEDIATE,True,True,True,True,True,True,True,True,True,"IMMEDIATE. rescue emergencies and flooding plus 2 more in ZONE-4 Udupi, Karnataka; 176 affected, 8 reports. Dispatch res"
SLM-001095,train,URGENT,True,True,True,True,True,True,True,True,True,"URGENT: rescue emergencies and flooding plus 1 more, ZONE-1 Surat, Gujarat. 7 reports, 215 affected. Send rescue rope an"
SLM-001096,test,IMMEDIATE,True,True,True,True,True,True,True,True,True,"IMMEDIATE - ZONE-3 Barpeta (Assam): road blockages and flooding plus 1 more, 86 affected across 5 reports. water pump an"
SLM-001097,test,IMMEDIATE,True,True,True,True,True,True,True,True,True,"IMMEDIATE. flooding and medical emergencies plus 1 more in ZONE-3 Vadodara, Gujarat; 187 affected, 8 reports. Deploy NDR"
SLM-001098,train,ELEVATED,True,True,True,True,True,True,True,True,True,"ELEVATED - ZONE-5 Mumbai (Maharashtra): flooding and rescue emergencies, 45 affected across 5 reports. Send water pump a"
SLM-001099,test,IMMEDIATE,True,True,True,True,True,True,True,True,True,"IMMEDIATE: ZONE-3 Coimbatore, Tamil Nadu -- rescue emergencies and flooding. 5 reports, 107 affected. Deploy rescue rope"
SLM-001100,validation,ROUTINE,True,True,True,True,True,True,True,True,True,"ROUTINE - ZONE-4 Darbhanga (Bihar): rescue emergencies and flooding, 19 affected across 6 reports. fire and rescue unit "
SLM-001101,train,URGENT,True,True,True,True,True,True,True,True,True,"URGENT - ZONE-5 Darbhanga (Bihar): rescue emergencies and medical emergencies plus 1 more, 66 affected across 5 reports."
SLM-001102,validation,URGENT,True,True,True,True,True,True,True,True,True,"URGENT - ZONE-1 Jorhat (Assam): medical emergencies and flooding plus 1 more, 77 affected across 5 reports. Send relief "
SLM-001103,test,ELEVATED,True,True,True,True,True,True,True,True,True,"ELEVATED. medical emergencies and road blockages plus 2 more in ZONE-2 Cuttack, Odisha; 74 affected, 6 reports. road cle"
SLM-001104,train,IMMEDIATE,True,True,True,True,True,True,True,True,True,"IMMEDIATE: ZONE-2 Kendrapara, Odisha -- flooding and rescue emergencies. 7 reports, 122 affected. Deploy relief supplies"
SLM-001105,train,ELEVATED,True,True,True,True,True,True,True,True,True,"ELEVATED - ZONE-5 Coimbatore (Tamil Nadu): flooding and rescue emergencies plus 1 more, 72 affected across 8 reports. De"
SLM-001106,train,URGENT,True,True,True,True,True,True,True,True,True,"URGENT: ZONE-3 Nashik, Maharashtra -- rescue emergencies and flooding plus 1 more. 6 reports, 91 affected. Send water pu"
SLM-001107,validation,IMMEDIATE,True,True,True,True,True,True,True,True,True,"IMMEDIATE. flooding and road blockages in ZONE-1 Patna, Bihar; 105 affected, 5 reports. rescue boat and life jackets plu"
SLM-001108,train,IMMEDIATE,True,True,True,True,True,True,True,True,True,"IMMEDIATE. flooding and road blockages plus 1 more in ZONE-4 Gaya, Bihar; 181 affected, 6 reports. Send sandbags and lif"
SLM-001109,train,ROUTINE,True,True,True,True,True,True,True,True,True,"ROUTINE: flooding and medical emergencies, ZONE-5 Darbhanga, Bihar. 7 reports, 24 affected. Send life jackets and water "
SLM-001110,train,ELEVATED,True,True,True,True,True,True,True,True,True,"ELEVATED: rescue emergencies and road blockages plus 1 more, ZONE-5 Lucknow, Uttar Pradesh. 7 reports, 47 affected. Disp"
SLM-001111,train,ELEVATED,True,True,True,True,True,True,True,True,True,"ELEVATED. flooding and rescue emergencies plus 2 more in ZONE-1 Jorhat, Assam; 76 affected, 9 reports. Dispatch rescue r"
SLM-001112,train,ELEVATED,True,True,True,True,True,True,True,True,True,"ELEVATED. rescue emergencies and flooding in ZONE-3 Madurai, Tamil Nadu; 67 affected, 7 reports. Send water pump and res"
SLM-001113,train,URGENT,True,True,True,True,True,True,True,True,True,"URGENT. road blockages and flooding plus 1 more in ZONE-2 Kendrapara, Odisha; 120 affected, 6 reports. Deploy earthmover"
SLM-001114,test,IMMEDIATE,True,True,True,True,True,True,True,True,True,"IMMEDIATE: medical emergencies and rescue emergencies plus 1 more, ZONE-3 Tiruppur, Tamil Nadu. 5 reports, 139 affected."
SLM-001115,train,URGENT,True,True,True,True,True,True,True,True,True,"URGENT. rescue emergencies and flooding plus 1 more in ZONE-1 Kolkata, West Bengal; 106 affected, 5 reports. NDRF flood "
SLM-001116,validation,URGENT,True,True,True,True,True,True,True,True,True,"URGENT: ZONE-3 Darbhanga, Bihar -- flooding and road blockages. 5 reports, 55 affected. Dispatch water pump and tow truc"
SLM-001117,train,ROUTINE,True,True,True,True,True,True,True,True,True,"ROUTINE: flooding and road blockages, ZONE-3 Patna, Bihar. 5 reports, 21 affected. Send life jackets and sandbags plus 1"
SLM-001118,train,URGENT,True,True,True,True,True,True,True,True,True,"URGENT. flooding and rescue emergencies plus 2 more in ZONE-2 Guwahati, Assam; 123 affected, 7 reports. Send water pump "
SLM-001119,validation,URGENT,True,True,True,True,True,True,True,True,True,"URGENT. flooding and rescue emergencies in ZONE-4 Jorhat, Assam; 113 affected, 5 reports. Dispatch water pump and relief"
SLM-001120,train,ELEVATED,True,True,True,True,True,True,True,True,True,"ELEVATED: rescue emergencies and flooding, ZONE-3 Kottayam, Kerala. 5 reports, 49 affected. Deploy NDRF rescue team and "
SLM-001121,train,IMMEDIATE,True,True,True,True,True,True,True,True,True,"IMMEDIATE - ZONE-3 Bengaluru (Karnataka): flooding and rescue emergencies, 236 affected across 6 reports. Dispatch NDRF "
SLM-001122,validation,URGENT,True,True,True,True,True,True,True,True,True,"URGENT. road blockages and medical emergencies plus 2 more in ZONE-1 Dhemaji, Assam; 48 affected, 6 reports. Dispatch re"
SLM-001123,train,URGENT,True,True,True,True,True,True,True,True,True,"URGENT. flooding and rescue emergencies in ZONE-2 Madurai, Tamil Nadu; 103 affected, 6 reports. rescue boat and relief s"
SLM-001124,train,ELEVATED,True,True,True,True,True,True,True,True,True,"ELEVATED: ZONE-4 Kozhikode, Kerala -- flooding and rescue emergencies. 5 reports, 46 affected. Deploy relief supplies an"
SLM-001125,train,URGENT,True,True,True,True,True,True,True,True,True,"URGENT - ZONE-1 Udupi (Karnataka): flooding and rescue emergencies plus 1 more, 48 affected across 5 reports. Deploy amb"
SLM-001126,test,URGENT,True,True,True,True,True,True,True,True,True,"URGENT - ZONE-4 Mysuru (Karnataka): flooding and rescue emergencies plus 1 more, 59 affected across 5 reports. relief su"
SLM-001127,train,IMMEDIATE,True,True,True,True,True,True,True,True,True,"IMMEDIATE: ZONE-4 Coimbatore, Tamil Nadu -- rescue emergencies and road blockages plus 1 more. 5 reports, 210 affected. "
SLM-001128,validation,IMMEDIATE,True,True,True,True,True,True,True,True,True,"IMMEDIATE. flooding and rescue emergencies in ZONE-5 Mangaluru, Karnataka; 89 affected, 6 reports. Dispatch water pump a"
SLM-001129,train,ELEVATED,True,True,True,True,True,True,True,True,True,"ELEVATED: ZONE-5 Kozhikode, Kerala -- flooding and medical emergencies plus 1 more. 5 reports, 39 affected. water pump a"
SLM-001130,train,URGENT,True,True,True,True,True,True,True,True,True,"URGENT - ZONE-1 Dhemaji (Assam): medical emergencies and flooding, 95 affected across 6 reports. Deploy rescue boat and "
SLM-001131,train,URGENT,True,True,True,True,True,True,True,True,True,"URGENT - ZONE-2 Udupi (Karnataka): flooding and medical emergencies plus 1 more, 227 affected across 10 reports. Send ND"
SLM-001132,train,ELEVATED,True,True,True,True,True,True,True,True,True,"ELEVATED. flooding and rescue emergencies in ZONE-4 Darjeeling, West Bengal; 51 affected, 5 reports. Dispatch rescue rop"
SLM-001133,validation,IMMEDIATE,True,True,True,True,True,True,True,True,True,"IMMEDIATE: ZONE-3 Tiruppur, Tamil Nadu -- flooding and road blockages plus 2 more. 8 reports, 99 affected. Deploy road c"
SLM-001134,train,URGENT,True,True,True,True,True,True,True,True,True,"URGENT: flooding and rescue emergencies, ZONE-5 Kendrapara, Odisha. 6 reports, 119 affected. Send water pump and life ja"
SLM-001135,train,ELEVATED,True,True,True,True,True,True,True,True,True,"ELEVATED: rescue emergencies and flooding plus 1 more, ZONE-4 Bhubaneswar, Odisha. 6 reports, 44 affected. rescue boat a"
SLM-001136,test,ELEVATED,True,True,True,True,True,True,True,True,True,"ELEVATED. rescue emergencies and flooding plus 1 more in ZONE-1 Lucknow, Uttar Pradesh; 60 affected, 6 reports. NDRF res"
SLM-001137,train,ELEVATED,True,True,True,True,True,True,True,True,True,"ELEVATED: flooding and road blockages plus 1 more, ZONE-4 Puri, Odisha. 5 reports, 54 affected. Deploy rescue boat and d"
SLM-001138,train,IMMEDIATE,True,True,True,True,True,True,True,True,True,"IMMEDIATE - ZONE-2 Vadodara (Gujarat): flooding and rescue emergencies plus 2 more, 91 affected across 5 reports. Send s"
SLM-001139,train,ELEVATED,True,True,True,True,True,True,True,True,True,"ELEVATED: medical emergencies and rescue emergencies plus 1 more, ZONE-2 Bengaluru, Karnataka. 5 reports, 44 affected. r"
SLM-001140,train,URGENT,True,True,True,True,True,True,True,True,True,"URGENT: ZONE-3 Alappuzha, Kerala -- road blockages and rescue emergencies plus 1 more. 6 reports, 144 affected. Send res"
SLM-001141,validation,ROUTINE,True,True,True,True,True,True,True,True,True,"ROUTINE. rescue emergencies and road blockages plus 1 more in ZONE-3 Gorakhpur, Uttar Pradesh; 20 affected, 5 reports. f"
SLM-001142,validation,URGENT,True,True,True,True,True,True,True,True,True,"URGENT: rescue emergencies and flooding plus 1 more, ZONE-3 Bhubaneswar, Odisha. 6 reports, 83 affected. fire and rescue"
SLM-001143,train,URGENT,True,True,True,True,True,True,True,True,True,"URGENT - ZONE-4 Muzaffarpur (Bihar): rescue emergencies and road blockages plus 1 more, 50 affected across 5 reports. De"
SLM-001144,train,ELEVATED,True,True,True,True,True,True,True,True,True,"ELEVATED: ZONE-3 Kendrapara, Odisha -- flooding. 8 reports, 78 affected. Dispatch water pump and life jackets plus 1 mor"
SLM-001145,train,IMMEDIATE,True,True,True,True,True,True,True,True,True,"IMMEDIATE - ZONE-3 Thrissur (Kerala): rescue emergencies and flooding plus 2 more, 90 affected across 6 reports. Dispatc"
SLM-001146,train,IMMEDIATE,True,True,True,True,True,True,True,True,True,"IMMEDIATE. rescue emergencies and road blockages plus 1 more in ZONE-1 Coimbatore, Tamil Nadu; 296 affected, 6 reports. "
SLM-001147,test,URGENT,True,True,True,True,True,True,True,True,True,"URGENT - ZONE-2 Pune (Maharashtra): flooding and rescue emergencies plus 1 more, 131 affected across 5 reports. Deploy r"
SLM-001148,train,IMMEDIATE,True,True,True,True,True,True,True,True,True,"IMMEDIATE - ZONE-1 Chennai (Tamil Nadu): rescue emergencies and flooding, 151 affected across 8 reports. Dispatch fire a"
SLM-001149,train,ELEVATED,True,True,True,True,True,True,True,True,True,"ELEVATED - ZONE-2 Jorhat (Assam): flooding and rescue emergencies plus 1 more, 46 affected across 6 reports. Dispatch ND"
SLM-001150,train,ELEVATED,True,True,True,True,True,True,True,True,True,"ELEVATED. flooding and medical emergencies plus 1 more in ZONE-1 Mysuru, Karnataka; 61 affected, 6 reports. Deploy rescu"
SLM-001151,train,IMMEDIATE,True,True,True,True,True,True,True,True,True,"IMMEDIATE - ZONE-4 Madurai (Tamil Nadu): flooding and road blockages, 142 affected across 5 reports. road clearance team"
SLM-001152,validation,URGENT,True,True,True,True,True,True,True,True,True,"URGENT: flooding and rescue emergencies plus 1 more, ZONE-3 Darjeeling, West Bengal. 8 reports, 187 affected. Deploy NDR"
SLM-001153,train,ELEVATED,True,True,True,True,True,True,True,True,True,"ELEVATED. flooding and road blockages plus 2 more in ZONE-1 Barpeta, Assam; 50 affected, 5 reports. Dispatch relief supp"
SLM-001154,test,ROUTINE,True,True,True,True,True,True,True,True,True,"ROUTINE: flooding and medical emergencies, ZONE-5 Malda, West Bengal. 5 reports, 19 affected. Dispatch water pump and re"
SLM-001155,test,IMMEDIATE,True,True,True,True,True,True,True,True,True,"IMMEDIATE - ZONE-5 Prayagraj (Uttar Pradesh): flooding and road blockages, 257 affected across 6 reports. Send water pum"
SLM-001156,test,URGENT,True,True,True,True,True,True,True,True,True,"URGENT. medical emergencies and flooding plus 1 more in ZONE-1 Udupi, Karnataka; 97 affected, 6 reports. Dispatch medica"
SLM-001157,train,ROUTINE,True,True,True,True,True,True,True,True,True,"ROUTINE: rescue emergencies and flooding, ZONE-1 Howrah, West Bengal. 5 reports, 22 affected. Dispatch rescue rope and l"
SLM-001158,validation,ELEVATED,True,True,True,True,True,True,True,True,True,"ELEVATED. rescue emergencies and flooding plus 1 more in ZONE-5 Prayagraj, Uttar Pradesh; 93 affected, 9 reports. NDRF r"
SLM-001159,train,IMMEDIATE,True,True,True,True,True,True,True,True,True,"IMMEDIATE: medical emergencies and flooding plus 2 more, ZONE-4 Thrissur, Kerala. 5 reports, 62 affected. Deploy ambulan"
SLM-001160,train,ELEVATED,True,True,True,True,True,True,True,True,True,"ELEVATED: ZONE-4 Kozhikode, Kerala -- flooding and medical emergencies. 5 reports, 26 affected. Dispatch life jackets an"
SLM-001161,test,ELEVATED,True,True,True,True,True,True,True,True,True,"ELEVATED - ZONE-4 Thanjavur (Tamil Nadu): flooding and rescue emergencies plus 1 more, 47 affected across 5 reports. Sen"
SLM-001162,train,IMMEDIATE,True,True,True,True,True,True,True,True,True,"IMMEDIATE. road blockages and flooding plus 1 more in ZONE-1 Dibrugarh, Assam; 272 affected, 5 reports. Dispatch road cl"
SLM-001163,validation,URGENT,True,True,True,True,True,True,True,True,True,"URGENT: ZONE-3 Nagpur, Maharashtra -- rescue emergencies and medical emergencies plus 1 more. 8 reports, 179 affected. r"
SLM-001164,train,IMMEDIATE,True,True,True,True,True,True,True,True,True,"IMMEDIATE - ZONE-3 Coimbatore (Tamil Nadu): flooding and medical emergencies, 168 affected across 6 reports. Send relief"
SLM-001165,train,ELEVATED,True,True,True,True,True,True,True,True,True,"ELEVATED - ZONE-4 Ahmedabad (Gujarat): road blockages and medical emergencies plus 1 more, 43 affected across 5 reports."
SLM-001166,validation,ELEVATED,True,True,True,True,True,True,True,True,True,"ELEVATED: ZONE-4 Jorhat, Assam -- rescue emergencies and flooding plus 1 more. 6 reports, 51 affected. NDRF rescue team "
SLM-001167,train,URGENT,True,True,True,True,True,True,True,True,True,"URGENT - ZONE-3 Puri (Odisha): road blockages and flooding, 124 affected across 5 reports. earthmover (JCB) and rescue b"
SLM-001168,train,URGENT,True,True,True,True,True,True,True,True,True,"URGENT: ZONE-2 Prayagraj, Uttar Pradesh -- flooding and medical emergencies plus 1 more. 6 reports, 116 affected. road c"
SLM-001169,train,URGENT,True,True,True,True,True,True,True,True,True,"URGENT. flooding and rescue emergencies in ZONE-1 Lucknow, Uttar Pradesh; 81 affected, 6 reports. Deploy water pump and "
SLM-001170,train,ELEVATED,True,True,True,True,True,True,True,True,True,"ELEVATED - ZONE-1 Muzaffarpur (Bihar): flooding and rescue emergencies plus 1 more, 55 affected across 5 reports. water "
SLM-001171,validation,ELEVATED,True,True,True,True,True,True,True,True,True,"ELEVATED - ZONE-2 Madurai (Tamil Nadu): medical emergencies and road blockages plus 1 more, 32 affected across 5 reports"
SLM-001172,train,IMMEDIATE,True,True,True,True,True,True,True,True,True,"IMMEDIATE: flooding and medical emergencies, ZONE-4 Prayagraj, Uttar Pradesh. 5 reports, 125 affected. Send life jackets"
SLM-001173,train,IMMEDIATE,True,True,True,True,True,True,True,True,True,"IMMEDIATE: ZONE-3 Mumbai, Maharashtra -- road blockages and rescue emergencies plus 1 more. 6 reports, 162 affected. Sen"
SLM-001174,validation,ELEVATED,True,True,True,True,True,True,True,True,True,"ELEVATED - ZONE-4 Pune (Maharashtra): flooding and rescue emergencies, 21 affected across 5 reports. Deploy drainage tea"
SLM-001175,train,URGENT,True,True,True,True,True,True,True,True,True,"URGENT: flooding and rescue emergencies plus 2 more, ZONE-5 Bhubaneswar, Odisha. 10 reports, 131 affected. Send NDRF flo"
SLM-001176,test,URGENT,True,True,True,True,True,True,True,True,True,"URGENT: flooding and medical emergencies, ZONE-5 Darbhanga, Bihar. 5 reports, 107 affected. Deploy life jackets and wate"
SLM-001177,validation,ELEVATED,True,True,True,True,True,True,True,True,True,"ELEVATED: flooding and rescue emergencies plus 1 more, ZONE-5 Mangaluru, Karnataka. 7 reports, 59 affected. water pump a"
SLM-001178,train,URGENT,True,True,True,True,True,True,True,True,True,"URGENT: rescue emergencies and flooding plus 1 more, ZONE-5 Howrah, West Bengal. 5 reports, 39 affected. Dispatch fire a"
SLM-001179,train,ELEVATED,True,True,True,True,True,True,True,True,True,"ELEVATED: flooding and road blockages plus 1 more, ZONE-5 Ahmedabad, Gujarat. 5 reports, 47 affected. Deploy relief supp"
SLM-001180,train,IMMEDIATE,True,True,True,True,True,True,True,True,True,"IMMEDIATE. flooding in ZONE-5 Jorhat, Assam; 169 affected, 5 reports. Deploy water pump and rescue boat plus 1 more to r"
SLM-001181,train,URGENT,True,True,True,True,True,True,True,True,True,"URGENT - ZONE-2 Nashik (Maharashtra): road blockages and rescue emergencies plus 1 more, 156 affected across 6 reports. "
SLM-001182,train,ELEVATED,True,True,True,True,True,True,True,True,True,"ELEVATED: ZONE-1 Kolkata, West Bengal -- road blockages and flooding plus 2 more. 5 reports, 54 affected. fire and rescu"
SLM-001183,train,ELEVATED,True,True,True,True,True,True,True,True,True,"ELEVATED. flooding and rescue emergencies in ZONE-4 Muzaffarpur, Bihar; 46 affected, 5 reports. Send road clearance team"
SLM-001184,train,ELEVATED,True,True,True,True,True,True,True,True,True,"ELEVATED - ZONE-1 Cuttack (Odisha): rescue emergencies and flooding, 56 affected across 6 reports. Deploy water pump and"
SLM-001185,train,URGENT,True,True,True,True,True,True,True,True,True,"URGENT. medical emergencies and rescue emergencies plus 1 more in ZONE-3 Thrissur, Kerala; 157 affected, 7 reports. Depl"
SLM-001186,train,URGENT,True,True,True,True,True,True,True,True,True,"URGENT: flooding and medical emergencies plus 2 more, ZONE-3 Madurai, Tamil Nadu. 5 reports, 88 affected. Deploy life ja"
SLM-001187,test,ELEVATED,True,True,True,True,True,True,True,True,True,"ELEVATED. flooding and road blockages plus 1 more in ZONE-3 Nashik, Maharashtra; 58 affected, 6 reports. Deploy water pu"
SLM-001188,validation,ELEVATED,True,True,True,True,True,True,True,True,True,"ELEVATED: ZONE-2 Kodagu, Karnataka -- flooding and medical emergencies plus 1 more. 7 reports, 54 affected. life jackets"
SLM-001189,train,ELEVATED,True,True,True,True,True,True,True,True,True,"ELEVATED - ZONE-2 Surat (Gujarat): flooding and rescue emergencies, 78 affected across 7 reports. Deploy rescue boat and"
SLM-001190,validation,ELEVATED,True,True,True,True,True,True,True,True,True,"ELEVATED: ZONE-5 Kolkata, West Bengal -- rescue emergencies and flooding plus 1 more. 9 reports, 83 affected. Send fire "
SLM-001191,train,IMMEDIATE,True,True,True,True,True,True,True,True,True,"IMMEDIATE. flooding and rescue emergencies plus 1 more in ZONE-1 Thanjavur, Tamil Nadu; 166 affected, 6 reports. Dispatc"
SLM-001192,validation,ROUTINE,True,True,True,True,True,True,True,True,True,"ROUTINE: ZONE-4 Thrissur, Kerala -- flooding and medical emergencies. 5 reports, 14 affected. Deploy water pump and emer"
SLM-001193,train,ELEVATED,True,True,True,True,True,True,True,True,True,"ELEVATED - ZONE-2 Lucknow (Uttar Pradesh): road blockages and flooding plus 2 more, 79 affected across 8 reports. Deploy"
SLM-001194,train,IMMEDIATE,True,True,True,True,True,True,True,True,True,"IMMEDIATE: flooding and rescue emergencies, ZONE-1 Udupi, Karnataka. 7 reports, 193 affected. Dispatch relief supplies a"
SLM-001195,train,ELEVATED,True,True,True,True,True,True,True,True,True,"ELEVATED: flooding and rescue emergencies plus 1 more, ZONE-3 Mysuru, Karnataka. 6 reports, 62 affected. Dispatch water "
SLM-001196,train,ELEVATED,True,True,True,True,True,True,True,True,True,"ELEVATED. flooding and road blockages plus 1 more in ZONE-1 Nagpur, Maharashtra; 55 affected, 7 reports. Deploy rescue b"
SLM-001197,validation,ELEVATED,True,True,True,True,True,True,True,True,True,"ELEVATED - ZONE-2 Pune (Maharashtra): flooding and rescue emergencies, 38 affected across 5 reports. water pump and fire"
SLM-001198,train,URGENT,True,True,True,True,True,True,True,True,True,"URGENT. flooding and rescue emergencies in ZONE-5 Kolkata, West Bengal; 83 affected, 6 reports. life jackets and drainag"
SLM-001199,train,ELEVATED,True,True,True,True,True,True,True,True,True,"ELEVATED: ZONE-5 Tiruppur, Tamil Nadu -- flooding and medical emergencies plus 2 more. 9 reports, 69 affected. NDRF floo"
SLM-001200,train,URGENT,True,True,True,True,True,True,True,True,True,"URGENT. flooding and rescue emergencies in ZONE-2 Chennai, Tamil Nadu; 67 affected, 6 reports. Dispatch NDRF flood rescu"
SLM-001201,test,ELEVATED,True,True,True,True,True,True,True,True,True,"ELEVATED: rescue emergencies and flooding plus 2 more, ZONE-4 Puri, Odisha. 6 reports, 59 affected. Dispatch ambulance a"
SLM-001202,test,ELEVATED,True,True,True,True,True,True,True,True,True,"ELEVATED. rescue emergencies and medical emergencies plus 2 more in ZONE-2 Kochi, Kerala; 52 affected, 6 reports. Dispat"
SLM-001203,train,ELEVATED,True,True,True,True,True,True,True,True,True,"ELEVATED: flooding and road blockages, ZONE-4 Gaya, Bihar. 6 reports, 51 affected. Deploy sandbags and rescue boat plus "
SLM-001204,validation,IMMEDIATE,True,True,True,True,True,True,True,True,True,"IMMEDIATE - ZONE-1 Balasore (Odisha): flooding and medical emergencies, 72 affected across 5 reports. Dispatch water pum"
SLM-001205,train,URGENT,True,True,True,True,True,True,True,True,True,"URGENT: ZONE-3 Puri, Odisha -- road blockages and flooding. 5 reports, 99 affected. Send relief supplies and earthmover "
SLM-001206,validation,IMMEDIATE,True,True,True,True,True,True,True,True,True,"IMMEDIATE: ZONE-1 Gorakhpur, Uttar Pradesh -- road blockages and flooding plus 2 more. 9 reports, 231 affected. Deploy r"
SLM-001207,test,URGENT,True,True,True,True,True,True,True,True,True,"URGENT: ZONE-4 Thrissur, Kerala -- flooding and medical emergencies plus 1 more. 5 reports, 129 affected. Dispatch relie"
SLM-001208,train,URGENT,True,True,True,True,True,True,True,True,True,"URGENT: rescue emergencies and road blockages plus 1 more, ZONE-2 Dibrugarh, Assam. 5 reports, 92 affected. Dispatch NDR"
SLM-001209,validation,IMMEDIATE,True,True,True,True,True,True,True,True,True,"IMMEDIATE - ZONE-1 Barpeta (Assam): rescue emergencies and flooding, 99 affected across 5 reports. Send NDRF flood rescu"
SLM-001210,train,IMMEDIATE,True,True,True,True,True,True,True,True,True,"IMMEDIATE. flooding and rescue emergencies in ZONE-2 Malda, West Bengal; 140 affected, 5 reports. Send water pump and ND"
SLM-001211,train,ROUTINE,True,True,True,True,True,True,True,True,True,"ROUTINE: ZONE-3 Mysuru, Karnataka -- rescue emergencies and flooding. 6 reports, 16 affected. Send ambulance and water p"
SLM-001212,train,IMMEDIATE,True,True,True,True,True,True,True,True,True,"IMMEDIATE. medical emergencies and rescue emergencies plus 1 more in ZONE-5 Mysuru, Karnataka; 71 affected, 5 reports. w"
SLM-001213,validation,IMMEDIATE,True,True,True,True,True,True,True,True,True,"IMMEDIATE - ZONE-2 Gorakhpur (Uttar Pradesh): flooding and rescue emergencies, 140 affected across 5 reports. Send road "
SLM-001214,test,IMMEDIATE,True,True,True,True,True,True,True,True,True,"IMMEDIATE: ZONE-4 Murshidabad, West Bengal -- flooding. 5 reports, 152 affected. Send rescue boat and relief supplies pl"
SLM-001215,validation,URGENT,True,True,True,True,True,True,True,True,True,"URGENT - ZONE-1 Bhagalpur (Bihar): rescue emergencies and flooding plus 2 more, 117 affected across 5 reports. Send NDRF"
SLM-001216,train,URGENT,True,True,True,True,True,True,True,True,True,"URGENT: ZONE-5 Surat, Gujarat -- flooding and rescue emergencies. 9 reports, 219 affected. water pump and rescue rope an"
SLM-001217,test,IMMEDIATE,True,True,True,True,True,True,True,True,True,"IMMEDIATE: flooding and rescue emergencies, ZONE-3 Kanpur, Uttar Pradesh. 6 reports, 133 affected. NDRF flood rescue tea"
SLM-001218,train,ROUTINE,True,True,True,True,True,True,True,True,True,"ROUTINE: rescue emergencies and medical emergencies plus 2 more, ZONE-5 Tiruppur, Tamil Nadu. 5 reports, 16 affected. am"
SLM-001219,test,URGENT,True,True,True,True,True,True,True,True,True,"URGENT. rescue emergencies and flooding in ZONE-5 Darbhanga, Bihar; 161 affected, 5 reports. Send ambulance and NDRF flo"
SLM-001220,validation,IMMEDIATE,True,True,True,True,True,True,True,True,True,"IMMEDIATE: flooding and rescue emergencies, ZONE-4 Dhemaji, Assam. 7 reports, 160 affected. Deploy road clearance team a"
SLM-001221,train,URGENT,True,True,True,True,True,True,True,True,True,"URGENT. rescue emergencies and road blockages plus 1 more in ZONE-3 Alappuzha, Kerala; 122 affected, 6 reports. water pu"
SLM-001222,train,ROUTINE,True,True,True,True,True,True,True,True,True,"ROUTINE: ZONE-1 Bharuch, Gujarat -- flooding and rescue emergencies plus 1 more. 5 reports, 22 affected. NDRF rescue tea"
SLM-001223,train,URGENT,True,True,True,True,True,True,True,True,True,"URGENT: ZONE-3 Ahmedabad, Gujarat -- road blockages and flooding plus 1 more. 7 reports, 149 affected. traffic police te"
SLM-001224,train,ELEVATED,True,True,True,True,True,True,True,True,True,"ELEVATED - ZONE-4 Mumbai (Maharashtra): rescue emergencies and flooding, 47 affected across 6 reports. Deploy fire and r"
SLM-001225,train,ELEVATED,True,True,True,True,True,True,True,True,True,"ELEVATED - ZONE-2 Kanpur (Uttar Pradesh): flooding and rescue emergencies plus 2 more, 69 affected across 8 reports. Dep"
SLM-001226,train,ELEVATED,True,True,True,True,True,True,True,True,True,"ELEVATED - ZONE-2 Kochi (Kerala): rescue emergencies and flooding, 38 affected across 5 reports. Send NDRF rescue team a"
SLM-001227,train,URGENT,True,True,True,True,True,True,True,True,True,"URGENT: medical emergencies and flooding plus 1 more, ZONE-4 Lucknow, Uttar Pradesh. 5 reports, 161 affected. Send param"
SLM-001228,train,URGENT,True,True,True,True,True,True,True,True,True,"URGENT: flooding and rescue emergencies, ZONE-1 Coimbatore, Tamil Nadu. 6 reports, 98 affected. Deploy relief supplies a"
SLM-001229,train,ELEVATED,True,True,True,True,True,True,True,True,True,"ELEVATED: rescue emergencies and flooding, ZONE-3 Kozhikode, Kerala. 5 reports, 40 affected. Send ambulance and fire and"
SLM-001230,train,IMMEDIATE,True,True,True,True,True,True,True,True,True,"IMMEDIATE - ZONE-4 Surat (Gujarat): rescue emergencies and flooding, 193 affected across 7 reports. Deploy NDRF rescue t"
SLM-001231,train,URGENT,True,True,True,True,True,True,True,True,True,"URGENT. rescue emergencies and flooding in ZONE-4 Kolhapur, Maharashtra; 87 affected, 5 reports. ambulance and NDRF resc"
SLM-001232,validation,URGENT,True,True,True,True,True,True,True,True,True,"URGENT - ZONE-5 Madurai (Tamil Nadu): road blockages and flooding plus 1 more, 66 affected across 5 reports. Deploy traf"
SLM-001233,train,IMMEDIATE,True,True,True,True,True,True,True,True,True,"IMMEDIATE: ZONE-2 Udupi, Karnataka -- flooding and road blockages. 7 reports, 181 affected. drainage team and rescue boa"
SLM-001234,validation,URGENT,True,True,True,True,True,True,True,True,True,"URGENT: ZONE-4 Coimbatore, Tamil Nadu -- flooding and medical emergencies. 5 reports, 91 affected. rescue boat and water"
SLM-001235,train,ELEVATED,True,True,True,True,True,True,True,True,True,"ELEVATED. flooding and medical emergencies plus 1 more in ZONE-5 Udupi, Karnataka; 49 affected, 5 reports. Send ambulanc"
SLM-001236,train,ROUTINE,True,True,True,True,True,True,True,True,True,"ROUTINE. flooding and road blockages in ZONE-5 Malda, West Bengal; 18 affected, 5 reports. Send NDRF flood rescue team a"
SLM-001237,train,IMMEDIATE,True,True,True,True,True,True,True,True,True,"IMMEDIATE: flooding and rescue emergencies, ZONE-3 Varanasi, Uttar Pradesh. 9 reports, 172 affected. Dispatch water pump"
SLM-001238,test,ELEVATED,True,True,True,True,True,True,True,True,True,"ELEVATED - ZONE-4 Udupi (Karnataka): rescue emergencies and flooding plus 2 more, 59 affected across 7 reports. Deploy N"
SLM-001239,train,URGENT,True,True,True,True,True,True,True,True,True,"URGENT: flooding and rescue emergencies plus 1 more, ZONE-3 Lucknow, Uttar Pradesh. 6 reports, 101 affected. water pump "
SLM-001240,train,ROUTINE,True,True,True,True,True,True,True,True,True,"ROUTINE - ZONE-2 Gorakhpur (Uttar Pradesh): flooding, 21 affected across 5 reports. Deploy drainage team and sandbags pl"
SLM-001241,train,URGENT,True,True,True,True,True,True,True,True,True,"URGENT: ZONE-1 Mumbai, Maharashtra -- road blockages and flooding plus 1 more. 5 reports, 97 affected. Send tow truck an"
SLM-001242,validation,URGENT,True,True,True,True,True,True,True,True,True,"URGENT. rescue emergencies and medical emergencies plus 2 more in ZONE-1 Vadodara, Gujarat; 169 affected, 7 reports. Dis"
SLM-001243,train,IMMEDIATE,True,True,True,True,True,True,True,True,True,"IMMEDIATE - ZONE-1 Varanasi (Uttar Pradesh): rescue emergencies and flooding, 192 affected across 5 reports. Send fire a"
SLM-001244,train,IMMEDIATE,True,True,True,True,True,True,True,True,True,"IMMEDIATE. rescue emergencies and road blockages plus 1 more in ZONE-3 Gaya, Bihar; 192 affected, 5 reports. Deploy reli"
SLM-001245,train,IMMEDIATE,True,True,True,True,True,True,True,True,True,"IMMEDIATE: ZONE-4 Bengaluru, Karnataka -- flooding and medical emergencies. 7 reports, 263 affected. NDRF flood rescue t"
SLM-001246,train,URGENT,True,True,True,True,True,True,True,True,True,"URGENT - ZONE-2 Murshidabad (West Bengal): medical emergencies and rescue emergencies plus 2 more, 183 affected across 8"
SLM-001247,validation,ROUTINE,True,True,True,True,True,True,True,True,True,"ROUTINE: flooding and rescue emergencies, ZONE-4 Alappuzha, Kerala. 5 reports, 15 affected. water pump and relief suppli"
SLM-001248,train,ELEVATED,True,True,True,True,True,True,True,True,True,"ELEVATED - ZONE-2 Puri (Odisha): rescue emergencies and flooding plus 2 more, 81 affected across 9 reports. Deploy NDRF "
SLM-001249,train,URGENT,True,True,True,True,True,True,True,True,True,"URGENT: ZONE-4 Dhemaji, Assam -- flooding and road blockages. 5 reports, 57 affected. Send water pump and drainage team "
SLM-001250,train,IMMEDIATE,True,True,True,True,True,True,True,True,True,"IMMEDIATE: ZONE-2 Gaya, Bihar -- flooding and medical emergencies plus 1 more. 5 reports, 154 affected. Send water pump "
SLM-001251,validation,ELEVATED,True,True,True,True,True,True,True,True,True,"ELEVATED: rescue emergencies and medical emergencies plus 1 more, ZONE-4 Thrissur, Kerala. 7 reports, 51 affected. Dispa"
SLM-001252,train,URGENT,True,True,True,True,True,True,True,True,True,"URGENT: ZONE-3 Mysuru, Karnataka -- flooding and rescue emergencies plus 1 more. 7 reports, 185 affected. ambulance and "
SLM-001253,train,IMMEDIATE,True,True,True,True,True,True,True,True,True,"IMMEDIATE: rescue emergencies and flooding plus 2 more, ZONE-2 Thanjavur, Tamil Nadu. 5 reports, 125 affected. Deploy fi"
SLM-001254,train,ELEVATED,True,True,True,True,True,True,True,True,True,"ELEVATED. road blockages and medical emergencies plus 2 more in ZONE-1 Surat, Gujarat; 45 affected, 5 reports. Dispatch "
SLM-001255,validation,ELEVATED,True,True,True,True,True,True,True,True,True,"ELEVATED - ZONE-3 Madurai (Tamil Nadu): rescue emergencies and flooding plus 1 more, 50 affected across 6 reports. Dispa"
SLM-001256,train,URGENT,True,True,True,True,True,True,True,True,True,"URGENT: rescue emergencies and road blockages, ZONE-2 Prayagraj, Uttar Pradesh. 5 reports, 116 affected. Deploy NDRF res"
SLM-001257,validation,ELEVATED,True,True,True,True,True,True,True,True,True,"ELEVATED: flooding and medical emergencies, ZONE-4 Madurai, Tamil Nadu. 8 reports, 52 affected. Dispatch road clearance "
SLM-001258,train,ELEVATED,True,True,True,True,True,True,True,True,True,"ELEVATED - ZONE-1 Gaya (Bihar): rescue emergencies and flooding plus 1 more, 61 affected across 6 reports. Deploy water "
SLM-001259,train,ROUTINE,True,True,True,True,True,True,True,True,True,"ROUTINE. rescue emergencies and flooding in ZONE-4 Malda, West Bengal; 18 affected, 5 reports. Deploy NDRF rescue team a"
SLM-001260,train,URGENT,True,True,True,True,True,True,True,True,True,"URGENT: medical emergencies and road blockages plus 1 more, ZONE-2 Dhemaji, Assam. 6 reports, 63 affected. Send water pu"
SLM-001261,test,IMMEDIATE,True,True,True,True,True,True,True,True,True,"IMMEDIATE: flooding and medical emergencies plus 1 more, ZONE-2 Udupi, Karnataka. 5 reports, 140 affected. Dispatch wate"
SLM-001262,validation,IMMEDIATE,True,True,True,True,True,True,True,True,True,"IMMEDIATE. flooding and medical emergencies plus 2 more in ZONE-1 Gaya, Bihar; 148 affected, 7 reports. Deploy NDRF floo"
SLM-001263,validation,ROUTINE,True,True,True,True,True,True,True,True,True,"ROUTINE. rescue emergencies and flooding in ZONE-1 Vadodara, Gujarat; 20 affected, 5 reports. Send ambulance and fire an"
SLM-001264,train,URGENT,True,True,True,True,True,True,True,True,True,"URGENT - ZONE-2 Howrah (West Bengal): flooding and road blockages plus 1 more, 73 affected across 5 reports. Dispatch fi"
SLM-001265,train,ROUTINE,True,True,True,True,True,True,True,True,True,"ROUTINE. flooding and rescue emergencies plus 2 more in ZONE-3 Thanjavur, Tamil Nadu; 26 affected, 7 reports. sandbags a"
SLM-001266,train,ELEVATED,True,True,True,True,True,True,True,True,True,"ELEVATED: rescue emergencies and flooding plus 1 more, ZONE-3 Kolkata, West Bengal. 5 reports, 65 affected. Dispatch res"
SLM-001267,train,ELEVATED,True,True,True,True,True,True,True,True,True,"ELEVATED: rescue emergencies and road blockages, ZONE-1 Kozhikode, Kerala. 5 reports, 40 affected. ambulance and NDRF re"
SLM-001268,train,IMMEDIATE,True,True,True,True,True,True,True,True,True,"IMMEDIATE: ZONE-2 Kolkata, West Bengal -- road blockages and flooding plus 1 more. 5 reports, 159 affected. Send water p"
SLM-001269,validation,ROUTINE,True,True,True,True,True,True,True,True,True,"ROUTINE: road blockages and flooding, ZONE-2 Kochi, Kerala. 5 reports, 18 affected. Dispatch water pump and drainage tea"
SLM-001270,train,IMMEDIATE,True,True,True,True,True,True,True,True,True,"IMMEDIATE - ZONE-3 Kanpur (Uttar Pradesh): flooding and road blockages, 277 affected across 5 reports. Send earthmover ("
SLM-001271,train,ELEVATED,True,True,True,True,True,True,True,True,True,"ELEVATED: flooding and rescue emergencies, ZONE-2 Kozhikode, Kerala. 6 reports, 60 affected. relief supplies and NDRF fl"
SLM-001272,train,IMMEDIATE,True,True,True,True,True,True,True,True,True,"IMMEDIATE - ZONE-5 Pune (Maharashtra): flooding and medical emergencies plus 2 more, 167 affected across 6 reports. life"
SLM-001273,validation,URGENT,True,True,True,True,True,True,True,True,True,"URGENT. flooding and medical emergencies plus 1 more in ZONE-2 Gorakhpur, Uttar Pradesh; 103 affected, 5 reports. Send s"
SLM-001274,train,URGENT,True,True,True,True,True,True,True,True,True,"URGENT. rescue emergencies and road blockages plus 2 more in ZONE-4 Pune, Maharashtra; 118 affected, 6 reports. Dispatch"
SLM-001275,validation,ELEVATED,True,True,True,True,True,True,True,True,True,"ELEVATED: ZONE-1 Kozhikode, Kerala -- flooding. 6 reports, 73 affected. Deploy water pump and life jackets plus 1 more t"
SLM-001276,train,IMMEDIATE,True,True,True,True,True,True,True,True,True,"IMMEDIATE: ZONE-2 Darbhanga, Bihar -- flooding and medical emergencies plus 1 more. 5 reports, 150 affected. medical fir"
SLM-001277,test,ELEVATED,True,True,True,True,True,True,True,True,True,"ELEVATED: flooding and rescue emergencies, ZONE-1 Alappuzha, Kerala. 5 reports, 60 affected. relief supplies and rescue "
SLM-001278,train,IMMEDIATE,True,True,True,True,True,True,True,True,True,"IMMEDIATE: ZONE-4 Rajkot, Gujarat -- road blockages and rescue emergencies plus 1 more. 5 reports, 132 affected. Deploy "
SLM-001279,test,URGENT,True,True,True,True,True,True,True,True,True,"URGENT - ZONE-1 Mysuru (Karnataka): flooding and rescue emergencies plus 1 more, 85 affected across 7 reports. Dispatch "
SLM-001280,validation,URGENT,True,True,True,True,True,True,True,True,True,"URGENT: flooding and road blockages plus 1 more, ZONE-1 Mumbai, Maharashtra. 5 reports, 67 affected. Send water pump and"
SLM-001281,train,IMMEDIATE,True,True,True,True,True,True,True,True,True,"IMMEDIATE: ZONE-2 Kolhapur, Maharashtra -- rescue emergencies and flooding plus 1 more. 6 reports, 178 affected. Dispatc"
SLM-001282,validation,IMMEDIATE,True,True,True,True,True,True,True,True,True,"IMMEDIATE. rescue emergencies and flooding plus 1 more in ZONE-3 Nashik, Maharashtra; 137 affected, 5 reports. ambulance"
SLM-001283,test,ELEVATED,True,True,True,True,True,True,True,True,True,"ELEVATED. rescue emergencies and flooding plus 1 more in ZONE-4 Nashik, Maharashtra; 56 affected, 6 reports. Dispatch to"
SLM-001284,test,IMMEDIATE,True,True,True,True,True,True,True,True,True,"IMMEDIATE: rescue emergencies and flooding, ZONE-1 Malda, West Bengal. 5 reports, 156 affected. Deploy rescue rope and l"
SLM-001285,train,ROUTINE,True,True,True,True,True,True,True,True,True,"ROUTINE: ZONE-5 Alappuzha, Kerala -- flooding and rescue emergencies plus 1 more. 5 reports, 17 affected. Dispatch life "
SLM-001286,train,IMMEDIATE,True,True,True,True,True,True,True,True,True,"IMMEDIATE. road blockages and rescue emergencies plus 1 more in ZONE-3 Kendrapara, Odisha; 126 affected, 5 reports. Send"
SLM-001287,train,ELEVATED,True,True,True,True,True,True,True,True,True,"ELEVATED - ZONE-1 Bharuch (Gujarat): road blockages and flooding, 53 affected across 5 reports. Deploy water pump and re"
SLM-001288,train,IMMEDIATE,True,True,True,True,True,True,True,True,True,"IMMEDIATE: ZONE-4 Nagpur, Maharashtra -- flooding and rescue emergencies plus 1 more. 5 reports, 99 affected. Deploy roa"
SLM-001289,train,URGENT,True,True,True,True,True,True,True,True,True,"URGENT. road blockages and medical emergencies plus 2 more in ZONE-1 Kozhikode, Kerala; 239 affected, 12 reports. Send a"
SLM-001290,train,ELEVATED,True,True,True,True,True,True,True,True,True,"ELEVATED - ZONE-5 Kodagu (Karnataka): road blockages and flooding, 34 affected across 5 reports. Send road clearance cre"
SLM-001291,train,IMMEDIATE,True,True,True,True,True,True,True,True,True,"IMMEDIATE. road blockages and flooding plus 1 more in ZONE-1 Mangaluru, Karnataka; 153 affected, 6 reports. Dispatch NDR"
SLM-001292,validation,ELEVATED,True,True,True,True,True,True,True,True,True,"ELEVATED: ZONE-1 Mysuru, Karnataka -- medical emergencies and rescue emergencies. 5 reports, 48 affected. Send ambulance"
SLM-001293,test,ELEVATED,True,True,True,True,True,True,True,True,True,"ELEVATED: road blockages and rescue emergencies plus 1 more, ZONE-2 Murshidabad, West Bengal. 5 reports, 42 affected. De"
SLM-001294,train,ROUTINE,True,True,True,True,True,True,True,True,True,"ROUTINE - ZONE-5 Madurai (Tamil Nadu): flooding and rescue emergencies plus 1 more, 19 affected across 5 reports. Deploy"
SLM-001295,train,IMMEDIATE,True,True,True,True,True,True,True,True,True,"IMMEDIATE: flooding and rescue emergencies plus 1 more, ZONE-3 Darjeeling, West Bengal. 5 reports, 160 affected. Dispatc"
SLM-001296,validation,IMMEDIATE,True,True,True,True,True,True,True,True,True,"IMMEDIATE - ZONE-2 Chennai (Tamil Nadu): rescue emergencies and flooding plus 1 more, 187 affected across 7 reports. Sen"
SLM-001297,train,IMMEDIATE,True,True,True,True,True,True,True,True,True,"IMMEDIATE - ZONE-2 Surat (Gujarat): rescue emergencies and road blockages plus 1 more, 158 affected across 7 reports. Se"
SLM-001298,train,URGENT,True,True,True,True,True,True,True,True,True,"URGENT: flooding and medical emergencies, ZONE-4 Patna, Bihar. 5 reports, 94 affected. Dispatch water pump and life jack"
SLM-001299,train,IMMEDIATE,True,True,True,True,True,True,True,True,True,"IMMEDIATE: ZONE-1 Rajkot, Gujarat -- flooding and rescue emergencies. 5 reports, 157 affected. Send rescue rope and ladd"
SLM-001300,train,URGENT,True,True,True,True,True,True,True,True,True,"URGENT: flooding and rescue emergencies plus 1 more, ZONE-4 Bengaluru, Karnataka. 8 reports, 191 affected. fire and resc"
SLM-001301,train,ELEVATED,True,True,True,True,True,True,True,True,True,"ELEVATED: flooding and rescue emergencies, ZONE-1 Kodagu, Karnataka. 5 reports, 48 affected. Send rescue boat and relief"
SLM-001302,validation,ELEVATED,True,True,True,True,True,True,True,True,True,"ELEVATED - ZONE-5 Murshidabad (West Bengal): flooding and rescue emergencies, 61 affected across 6 reports. Send relief "
SLM-001303,train,IMMEDIATE,True,True,True,True,True,True,True,True,True,"IMMEDIATE: flooding and medical emergencies, ZONE-4 Nagpur, Maharashtra. 5 reports, 265 affected. Dispatch NDRF flood re"
SLM-001304,test,IMMEDIATE,True,True,True,True,True,True,True,True,True,"IMMEDIATE: ZONE-2 Kolhapur, Maharashtra -- flooding and rescue emergencies plus 1 more. 5 reports, 181 affected. relief "
SLM-001305,validation,ELEVATED,True,True,True,True,True,True,True,True,True,"ELEVATED: ZONE-1 Bhagalpur, Bihar -- flooding and rescue emergencies plus 1 more. 7 reports, 38 affected. Deploy sandbag"
SLM-001306,test,URGENT,True,True,True,True,True,True,True,True,True,"URGENT: ZONE-4 Rajkot, Gujarat -- road blockages and medical emergencies plus 1 more. 5 reports, 118 affected. Deploy tr"
SLM-001307,train,URGENT,True,True,True,True,True,True,True,True,True,"URGENT - ZONE-3 Kodagu (Karnataka): flooding and rescue emergencies plus 1 more, 94 affected across 6 reports. Send ambu"
SLM-001308,train,IMMEDIATE,True,True,True,True,True,True,True,True,True,"IMMEDIATE - ZONE-3 Varanasi (Uttar Pradesh): flooding and medical emergencies plus 1 more, 130 affected across 7 reports"
SLM-001309,train,IMMEDIATE,True,True,True,True,True,True,True,True,True,"IMMEDIATE: medical emergencies and flooding plus 1 more, ZONE-1 Ahmedabad, Gujarat. 5 reports, 124 affected. Send emerge"
SLM-001310,train,ELEVATED,True,True,True,True,True,True,True,True,True,"ELEVATED. flooding and road blockages plus 2 more in ZONE-4 Darbhanga, Bihar; 62 affected, 7 reports. Send water pump an"
SLM-001311,train,IMMEDIATE,True,True,True,True,True,True,True,True,True,"IMMEDIATE - ZONE-5 Tiruppur (Tamil Nadu): road blockages and rescue emergencies plus 1 more, 185 affected across 7 repor"
SLM-001312,train,ELEVATED,True,True,True,True,True,True,True,True,True,"ELEVATED: rescue emergencies and road blockages plus 1 more, ZONE-2 Alappuzha, Kerala. 5 reports, 45 affected. Send fire"
SLM-001313,test,IMMEDIATE,True,True,True,True,True,True,True,True,True,"IMMEDIATE. flooding and medical emergencies plus 1 more in ZONE-3 Howrah, West Bengal; 103 affected, 5 reports. life jac"
SLM-001314,test,URGENT,True,True,True,True,True,True,True,True,True,"URGENT - ZONE-5 Guwahati (Assam): flooding, 109 affected across 5 reports. Deploy water pump and relief supplies plus 1 "
SLM-001315,train,IMMEDIATE,True,True,True,True,True,True,True,True,True,"IMMEDIATE: ZONE-3 Ahmedabad, Gujarat -- rescue emergencies and medical emergencies plus 2 more. 6 reports, 152 affected."
SLM-001316,train,IMMEDIATE,True,True,True,True,True,True,True,True,True,"IMMEDIATE: ZONE-1 Bhagalpur, Bihar -- medical emergencies and flooding plus 1 more. 5 reports, 150 affected. Send water "
SLM-001317,test,URGENT,True,True,True,True,True,True,True,True,True,"URGENT - ZONE-1 Balasore (Odisha): rescue emergencies and flooding, 127 affected across 5 reports. Dispatch rescue rope "
SLM-001318,train,ROUTINE,True,True,True,True,True,True,True,True,True,"ROUTINE: rescue emergencies and flooding, ZONE-2 Malda, West Bengal. 5 reports, 18 affected. Deploy rescue rope and ladd"
SLM-001319,train,IMMEDIATE,True,True,True,True,True,True,True,True,True,"IMMEDIATE. rescue emergencies and medical emergencies plus 2 more in ZONE-2 Darjeeling, West Bengal; 207 affected, 5 rep"
SLM-001320,train,IMMEDIATE,True,True,True,True,True,True,True,True,True,"IMMEDIATE - ZONE-5 Udupi (Karnataka): flooding and road blockages plus 2 more, 174 affected across 8 reports. Dispatch f"
SLM-001321,validation,URGENT,True,True,True,True,True,True,True,True,True,"URGENT: ZONE-2 Gorakhpur, Uttar Pradesh -- flooding and rescue emergencies. 5 reports, 43 affected. Send life jackets an"
SLM-001322,validation,URGENT,True,True,True,True,True,True,True,True,True,"URGENT - ZONE-4 Madurai (Tamil Nadu): medical emergencies and flooding plus 1 more, 102 affected across 5 reports. Send "
SLM-001323,train,IMMEDIATE,True,True,True,True,True,True,True,True,True,"IMMEDIATE: ZONE-4 Lucknow, Uttar Pradesh -- rescue emergencies and flooding. 5 reports, 138 affected. Deploy ambulance a"
SLM-001324,train,URGENT,True,True,True,True,True,True,True,True,True,"URGENT - ZONE-1 Dhemaji (Assam): rescue emergencies and road blockages, 94 affected across 5 reports. Deploy fire and re"
SLM-001325,train,ROUTINE,True,True,True,True,True,True,True,True,True,"ROUTINE - ZONE-2 Gorakhpur (Uttar Pradesh): flooding and medical emergencies plus 1 more, 18 affected across 5 reports. "
SLM-001326,train,ELEVATED,True,True,True,True,True,True,True,True,True,"ELEVATED. road blockages and flooding plus 2 more in ZONE-5 Kochi, Kerala; 65 affected, 7 reports. Deploy water pump and"
SLM-001327,train,ELEVATED,True,True,True,True,True,True,True,True,True,"ELEVATED: ZONE-2 Dibrugarh, Assam -- flooding and rescue emergencies. 5 reports, 59 affected. rescue rope and ladder and"
SLM-001328,train,ELEVATED,True,True,True,True,True,True,True,True,True,"ELEVATED. road blockages and rescue emergencies plus 1 more in ZONE-1 Dhemaji, Assam; 56 affected, 6 reports. Deploy roa"
SLM-001329,train,URGENT,True,True,True,True,True,True,True,True,True,"URGENT: ZONE-3 Puri, Odisha -- medical emergencies and flooding plus 1 more. 6 reports, 83 affected. Dispatch drainage t"
SLM-001330,train,IMMEDIATE,True,True,True,True,True,True,True,True,True,"IMMEDIATE: flooding and rescue emergencies plus 1 more, ZONE-2 Guwahati, Assam. 7 reports, 102 affected. Send water pump"
SLM-001331,train,IMMEDIATE,True,True,True,True,True,True,True,True,True,"IMMEDIATE: ZONE-2 Patna, Bihar -- flooding and road blockages plus 2 more. 6 reports, 131 affected. Deploy rescue boat a"
SLM-001332,test,URGENT,True,True,True,True,True,True,True,True,True,"URGENT - ZONE-5 Lucknow (Uttar Pradesh): rescue emergencies and flooding plus 1 more, 77 affected across 6 reports. fire"
SLM-001333,train,IMMEDIATE,True,True,True,True,True,True,True,True,True,"IMMEDIATE - ZONE-3 Muzaffarpur (Bihar): flooding and rescue emergencies plus 2 more, 81 affected across 5 reports. Send "
SLM-001334,test,IMMEDIATE,True,True,True,True,True,True,True,True,True,"IMMEDIATE. rescue emergencies and medical emergencies plus 2 more in ZONE-4 Thrissur, Kerala; 141 affected, 7 reports. a"
SLM-001335,train,ELEVATED,True,True,True,True,True,True,True,True,True,"ELEVATED: flooding, ZONE-2 Surat, Gujarat. 5 reports, 30 affected. Dispatch sandbags and NDRF flood rescue team plus 1 m"
SLM-001336,train,IMMEDIATE,True,True,True,True,True,True,True,True,True,"IMMEDIATE: medical emergencies and flooding plus 2 more, ZONE-3 Kendrapara, Odisha. 6 reports, 118 affected. Dispatch me"
SLM-001337,train,ELEVATED,True,True,True,True,True,True,True,True,True,"ELEVATED: flooding and rescue emergencies plus 1 more, ZONE-1 Udupi, Karnataka. 6 reports, 46 affected. Send water pump "
SLM-001338,train,ELEVATED,True,True,True,True,True,True,True,True,True,"ELEVATED: ZONE-2 Kochi, Kerala -- road blockages and flooding plus 1 more. 5 reports, 44 affected. Send relief supplies "
SLM-001339,train,ELEVATED,True,True,True,True,True,True,True,True,True,"ELEVATED. road blockages and medical emergencies plus 1 more in ZONE-3 Howrah, West Bengal; 30 affected, 5 reports. Disp"
SLM-001340,train,ELEVATED,True,True,True,True,True,True,True,True,True,"ELEVATED: ZONE-5 Malda, West Bengal -- flooding and road blockages plus 1 more. 5 reports, 48 affected. Dispatch water p"
SLM-001341,test,IMMEDIATE,True,True,True,True,True,True,True,True,True,"IMMEDIATE - ZONE-3 Kochi (Kerala): flooding and rescue emergencies plus 2 more, 135 affected across 7 reports. Send NDRF"
SLM-001342,train,IMMEDIATE,True,True,True,True,True,True,True,True,True,"IMMEDIATE. flooding and road blockages plus 1 more in ZONE-1 Bhagalpur, Bihar; 172 affected, 7 reports. water pump and l"
SLM-001343,train,ELEVATED,True,True,True,True,True,True,True,True,True,"ELEVATED - ZONE-3 Thrissur (Kerala): medical emergencies and rescue emergencies plus 2 more, 46 affected across 7 report"
SLM-001344,train,IMMEDIATE,True,True,True,True,True,True,True,True,True,"IMMEDIATE. flooding and rescue emergencies plus 1 more in ZONE-3 Rajkot, Gujarat; 81 affected, 6 reports. Send NDRF floo"
SLM-001345,train,IMMEDIATE,True,True,True,True,True,True,True,True,True,"IMMEDIATE. rescue emergencies and flooding in ZONE-5 Bharuch, Gujarat; 186 affected, 5 reports. Deploy rescue rope and l"
SLM-001346,train,URGENT,True,True,True,True,True,True,True,True,True,"URGENT: rescue emergencies and flooding, ZONE-2 Coimbatore, Tamil Nadu. 5 reports, 49 affected. Deploy ambulance and res"
SLM-001347,train,ELEVATED,True,True,True,True,True,True,True,True,True,"ELEVATED: road blockages and rescue emergencies plus 1 more, ZONE-5 Dibrugarh, Assam. 5 reports, 38 affected. Send road "
SLM-001348,train,ROUTINE,True,True,True,True,True,True,True,True,True,"ROUTINE: ZONE-1 Nashik, Maharashtra -- flooding and road blockages plus 1 more. 5 reports, 18 affected. Deploy relief su"
SLM-001349,validation,URGENT,True,True,True,True,True,True,True,True,True,"URGENT: ZONE-1 Nagpur, Maharashtra -- flooding and road blockages plus 1 more. 5 reports, 113 affected. Deploy relief su"
SLM-001350,train,ELEVATED,True,True,True,True,True,True,True,True,True,"ELEVATED. flooding and medical emergencies in ZONE-1 Lucknow, Uttar Pradesh; 34 affected, 6 reports. Send relief supplie"
SLM-001351,test,URGENT,True,True,True,True,True,True,True,True,True,"URGENT - ZONE-4 Kanpur (Uttar Pradesh): medical emergencies and flooding, 83 affected across 5 reports. Send emergency m"
SLM-001352,train,ELEVATED,True,True,True,True,True,True,True,True,True,"ELEVATED: ZONE-1 Mumbai, Maharashtra -- flooding and medical emergencies plus 1 more. 5 reports, 37 affected. Deploy NDR"
SLM-001353,test,URGENT,True,True,True,True,True,True,True,True,True,"URGENT: ZONE-1 Jorhat, Assam -- flooding and road blockages plus 1 more. 6 reports, 121 affected. Deploy rescue boat and"
SLM-001354,train,URGENT,True,True,True,True,True,True,True,True,True,"URGENT: ZONE-1 Dibrugarh, Assam -- road blockages and flooding plus 1 more. 6 reports, 105 affected. Send relief supplie"
SLM-001355,train,ELEVATED,True,True,True,True,True,True,True,True,True,"ELEVATED: ZONE-2 Madurai, Tamil Nadu -- flooding and rescue emergencies. 5 reports, 45 affected. Deploy water pump and l"
SLM-001356,train,ELEVATED,True,True,True,True,True,True,True,True,True,"ELEVATED - ZONE-5 Mumbai (Maharashtra): flooding and rescue emergencies, 71 affected across 6 reports. Dispatch water pu"
SLM-001357,train,IMMEDIATE,True,True,True,True,True,True,True,True,True,"IMMEDIATE. flooding in ZONE-5 Kozhikode, Kerala; 216 affected, 6 reports. Dispatch NDRF flood rescue team and water pump"
SLM-001358,train,URGENT,True,True,True,True,True,True,True,True,True,"URGENT - ZONE-4 Vadodara (Gujarat): flooding, 98 affected across 6 reports. Deploy water pump and NDRF flood rescue team"
SLM-001359,train,ROUTINE,True,True,True,True,True,True,True,True,True,"ROUTINE: road blockages and rescue emergencies plus 1 more, ZONE-1 Bhubaneswar, Odisha. 5 reports, 14 affected. Deploy N"
SLM-001360,validation,URGENT,True,True,True,True,True,True,True,True,True,"URGENT - ZONE-5 Jorhat (Assam): flooding and rescue emergencies, 80 affected across 5 reports. Dispatch road clearance t"
SLM-001361,validation,URGENT,True,True,True,True,True,True,True,True,True,"URGENT. medical emergencies and flooding in ZONE-5 Kolkata, West Bengal; 118 affected, 5 reports. Dispatch NDRF flood re"
SLM-001362,train,ELEVATED,True,True,True,True,True,True,True,True,True,"ELEVATED: ZONE-2 Howrah, West Bengal -- road blockages and rescue emergencies plus 1 more. 5 reports, 21 affected. drain"
SLM-001363,train,URGENT,True,True,True,True,True,True,True,True,True,"URGENT: ZONE-2 Balasore, Odisha -- flooding. 5 reports, 144 affected. rescue boat and water pump plus 1 more to railway "
SLM-001364,train,IMMEDIATE,True,True,True,True,True,True,True,True,True,"IMMEDIATE: ZONE-1 Rajkot, Gujarat -- road blockages and flooding plus 2 more. 7 reports, 206 affected. Deploy sandbags a"
SLM-001365,validation,IMMEDIATE,True,True,True,True,True,True,True,True,True,"IMMEDIATE: ZONE-1 Kanpur, Uttar Pradesh -- flooding and rescue emergencies plus 1 more. 5 reports, 175 affected. relief "
SLM-001366,train,URGENT,True,True,True,True,True,True,True,True,True,"URGENT: ZONE-2 Thanjavur, Tamil Nadu -- flooding and rescue emergencies. 6 reports, 156 affected. water pump and road cl"
SLM-001367,train,IMMEDIATE,True,True,True,True,True,True,True,True,True,"IMMEDIATE. medical emergencies and flooding plus 1 more in ZONE-1 Ahmedabad, Gujarat; 186 affected, 5 reports. ambulance"
SLM-001368,train,URGENT,True,True,True,True,True,True,True,True,True,"URGENT - ZONE-1 Chennai (Tamil Nadu): rescue emergencies and flooding plus 1 more, 132 affected across 7 reports. Deploy"
SLM-001369,train,URGENT,True,True,True,True,True,True,True,True,True,"URGENT - ZONE-5 Madurai (Tamil Nadu): flooding and rescue emergencies, 117 affected across 6 reports. Deploy road cleara"
SLM-001370,train,IMMEDIATE,True,True,True,True,True,True,True,True,True,"IMMEDIATE: ZONE-5 Cuttack, Odisha -- rescue emergencies and flooding plus 1 more. 7 reports, 177 affected. Dispatch ambu"
SLM-001371,test,IMMEDIATE,True,True,True,True,True,True,True,True,True,"IMMEDIATE - ZONE-3 Kendrapara (Odisha): flooding and road blockages plus 1 more, 65 affected across 5 reports. Dispatch "
SLM-001372,train,IMMEDIATE,True,True,True,True,True,True,True,True,True,"IMMEDIATE: flooding and road blockages, ZONE-2 Vadodara, Gujarat. 6 reports, 310 affected. Deploy relief supplies and re"
SLM-001373,train,IMMEDIATE,True,True,True,True,True,True,True,True,True,"IMMEDIATE: ZONE-1 Thrissur, Kerala -- flooding and medical emergencies plus 2 more. 5 reports, 83 affected. Deploy relie"
SLM-001374,train,IMMEDIATE,True,True,True,True,True,True,True,True,True,"IMMEDIATE - ZONE-4 Gorakhpur (Uttar Pradesh): rescue emergencies and road blockages plus 1 more, 177 affected across 7 r"
SLM-001375,train,URGENT,True,True,True,True,True,True,True,True,True,"URGENT: flooding and medical emergencies plus 1 more, ZONE-4 Nashik, Maharashtra. 5 reports, 117 affected. Send life jac"
SLM-001376,train,IMMEDIATE,True,True,True,True,True,True,True,True,True,"IMMEDIATE - ZONE-4 Dhemaji (Assam): flooding and rescue emergencies plus 1 more, 117 affected across 6 reports. Send wat"
SLM-001377,validation,IMMEDIATE,True,True,True,True,True,True,True,True,True,"IMMEDIATE. road blockages and flooding plus 1 more in ZONE-4 Guwahati, Assam; 149 affected, 5 reports. fire and rescue u"
SLM-001378,train,ROUTINE,True,True,True,True,True,True,True,True,True,"ROUTINE - ZONE-2 Ahmedabad (Gujarat): flooding, 16 affected across 5 reports. Dispatch relief supplies and life jackets "
SLM-001379,train,ELEVATED,True,True,True,True,True,True,True,True,True,"ELEVATED - ZONE-5 Balasore (Odisha): flooding and rescue emergencies plus 1 more, 32 affected across 5 reports. Send lif"
SLM-001380,train,URGENT,True,True,True,True,True,True,True,True,True,"URGENT: rescue emergencies and flooding plus 1 more, ZONE-5 Kanpur, Uttar Pradesh. 5 reports, 72 affected. Dispatch resc"
SLM-001381,train,ELEVATED,True,True,True,True,True,True,True,True,True,"ELEVATED - ZONE-5 Surat (Gujarat): flooding and rescue emergencies plus 1 more, 39 affected across 5 reports. Deploy san"
SLM-001382,train,URGENT,True,True,True,True,True,True,True,True,True,"URGENT: flooding and road blockages plus 2 more, ZONE-5 Gorakhpur, Uttar Pradesh. 10 reports, 160 affected. Deploy relie"
SLM-001383,test,URGENT,True,True,True,True,True,True,True,True,True,"URGENT: flooding and rescue emergencies plus 1 more, ZONE-3 Kottayam, Kerala. 6 reports, 143 affected. Deploy water pump"
SLM-001384,train,URGENT,True,True,True,True,True,True,True,True,True,"URGENT. medical emergencies and flooding in ZONE-1 Surat, Gujarat; 83 affected, 5 reports. Dispatch water pump and param"
SLM-001385,train,IMMEDIATE,True,True,True,True,True,True,True,True,True,"IMMEDIATE: flooding and road blockages plus 1 more, ZONE-4 Madurai, Tamil Nadu. 5 reports, 96 affected. Deploy water pum"
SLM-001386,train,ELEVATED,True,True,True,True,True,True,True,True,True,"ELEVATED. rescue emergencies and road blockages plus 1 more in ZONE-5 Rajkot, Gujarat; 44 affected, 5 reports. rescue ro"
SLM-001387,train,ELEVATED,True,True,True,True,True,True,True,True,True,"ELEVATED: flooding and road blockages plus 1 more, ZONE-1 Bengaluru, Karnataka. 6 reports, 52 affected. Send relief supp"
SLM-001388,train,IMMEDIATE,True,True,True,True,True,True,True,True,True,"IMMEDIATE: ZONE-4 Bengaluru, Karnataka -- medical emergencies and road blockages plus 2 more. 6 reports, 103 affected. D"
SLM-001389,train,IMMEDIATE,True,True,True,True,True,True,True,True,True,"IMMEDIATE: flooding and rescue emergencies, ZONE-3 Alappuzha, Kerala. 6 reports, 173 affected. rescue boat and water pum"
SLM-001390,train,URGENT,True,True,True,True,True,True,True,True,True,"URGENT: ZONE-1 Balasore, Odisha -- flooding and rescue emergencies plus 1 more. 6 reports, 161 affected. Send life jacke"
SLM-001391,train,ELEVATED,True,True,True,True,True,True,True,True,True,"ELEVATED: ZONE-4 Kodagu, Karnataka -- rescue emergencies and road blockages plus 1 more. 6 reports, 58 affected. rescue "
SLM-001392,validation,ELEVATED,True,True,True,True,True,True,True,True,True,"ELEVATED. rescue emergencies and flooding in ZONE-1 Murshidabad, West Bengal; 51 affected, 5 reports. Deploy sandbags an"
SLM-001393,train,IMMEDIATE,True,True,True,True,True,True,True,True,True,"IMMEDIATE: flooding and road blockages plus 1 more, ZONE-1 Darjeeling, West Bengal. 6 reports, 166 affected. Deploy NDRF"
SLM-001394,train,URGENT,True,True,True,True,True,True,True,True,True,"URGENT. flooding and rescue emergencies in ZONE-3 Puri, Odisha; 157 affected, 6 reports. Send ambulance and fire and res"
SLM-001395,validation,ROUTINE,True,True,True,True,True,True,True,True,True,"ROUTINE: rescue emergencies and medical emergencies plus 1 more, ZONE-3 Kolkata, West Bengal. 5 reports, 19 affected. ND"
SLM-001396,train,ROUTINE,True,True,True,True,True,True,True,True,True,"ROUTINE. rescue emergencies and flooding in ZONE-5 Kolhapur, Maharashtra; 18 affected, 5 reports. Deploy fire and rescue"
SLM-001397,test,ELEVATED,True,True,True,True,True,True,True,True,True,"ELEVATED: flooding and road blockages, ZONE-4 Howrah, West Bengal. 5 reports, 58 affected. Deploy water pump and NDRF fl"
SLM-001398,train,URGENT,True,True,True,True,True,True,True,True,True,"URGENT - ZONE-3 Bhubaneswar (Odisha): flooding and rescue emergencies plus 1 more, 73 affected across 5 reports. ambulan"
SLM-001399,train,IMMEDIATE,True,True,True,True,True,True,True,True,True,"IMMEDIATE: flooding and rescue emergencies, ZONE-2 Bharuch, Gujarat. 5 reports, 61 affected. life jackets and road clear"
SLM-001400,train,URGENT,True,True,True,True,True,True,True,True,True,"URGENT. flooding and road blockages in ZONE-2 Lucknow, Uttar Pradesh; 160 affected, 6 reports. relief supplies and sandb"
SLM-001401,train,URGENT,True,True,True,True,True,True,True,True,True,"URGENT: flooding and rescue emergencies plus 1 more, ZONE-1 Chennai, Tamil Nadu. 6 reports, 156 affected. life jackets a"
SLM-001402,validation,URGENT,True,True,True,True,True,True,True,True,True,"URGENT. rescue emergencies and flooding in ZONE-1 Ahmedabad, Gujarat; 99 affected, 5 reports. Send fire and rescue unit "
SLM-001403,train,IMMEDIATE,True,True,True,True,True,True,True,True,True,"IMMEDIATE: flooding and rescue emergencies plus 2 more, ZONE-5 Tiruppur, Tamil Nadu. 7 reports, 162 affected. Dispatch w"
SLM-001404,validation,ROUTINE,True,True,True,True,True,True,True,True,True,"ROUTINE. flooding in ZONE-3 Nagpur, Maharashtra; 11 affected, 5 reports. Send life jackets and relief supplies plus 1 mo"
SLM-001405,train,IMMEDIATE,True,True,True,True,True,True,True,True,True,"IMMEDIATE: ZONE-5 Udupi, Karnataka -- flooding and rescue emergencies. 5 reports, 94 affected. Send sandbags and water p"
SLM-001406,test,ELEVATED,True,True,True,True,True,True,True,True,True,"ELEVATED: ZONE-1 Guwahati, Assam -- flooding and rescue emergencies plus 1 more. 8 reports, 39 affected. water pump and "
SLM-001407,train,ELEVATED,True,True,True,True,True,True,True,True,True,"ELEVATED - ZONE-2 Coimbatore (Tamil Nadu): flooding and road blockages plus 1 more, 44 affected across 5 reports. relief"
SLM-001408,train,ELEVATED,True,True,True,True,True,True,True,True,True,"ELEVATED. flooding and medical emergencies plus 1 more in ZONE-5 Vadodara, Gujarat; 39 affected, 5 reports. Send life ja"
SLM-001409,train,ROUTINE,True,True,True,True,True,True,True,True,True,"ROUTINE. flooding and medical emergencies plus 1 more in ZONE-4 Surat, Gujarat; 16 affected, 5 reports. medical first-ai"
SLM-001410,test,ELEVATED,True,True,True,True,True,True,True,True,True,"ELEVATED: ZONE-2 Thrissur, Kerala -- flooding and road blockages plus 2 more. 8 reports, 81 affected. Send water pump an"
SLM-001411,train,URGENT,True,True,True,True,True,True,True,True,True,"URGENT: ZONE-5 Vadodara, Gujarat -- flooding and rescue emergencies. 5 reports, 136 affected. Dispatch water pump and re"
SLM-001412,train,IMMEDIATE,True,True,True,True,True,True,True,True,True,"IMMEDIATE: rescue emergencies and road blockages plus 1 more, ZONE-1 Kottayam, Kerala. 5 reports, 127 affected. Send amb"
SLM-001413,train,ROUTINE,True,True,True,True,True,True,True,True,True,"ROUTINE - ZONE-3 Ahmedabad (Gujarat): flooding and medical emergencies, 27 affected across 5 reports. Dispatch rescue bo"
SLM-001414,test,URGENT,True,True,True,True,True,True,True,True,True,"URGENT: flooding and rescue emergencies plus 1 more, ZONE-5 Gaya, Bihar. 6 reports, 130 affected. Send ambulance and res"
SLM-001415,train,URGENT,True,True,True,True,True,True,True,True,True,"URGENT: flooding and road blockages, ZONE-4 Rajkot, Gujarat. 5 reports, 79 affected. Dispatch sandbags and water pump pl"
SLM-001416,train,ROUTINE,True,True,True,True,True,True,True,True,True,"ROUTINE: ZONE-3 Surat, Gujarat -- flooding and rescue emergencies. 7 reports, 20 affected. Dispatch water pump and rescu"
SLM-001417,validation,ELEVATED,True,True,True,True,True,True,True,True,True,"ELEVATED. flooding and medical emergencies in ZONE-4 Thanjavur, Tamil Nadu; 39 affected, 5 reports. Send road clearance "
SLM-001418,train,URGENT,True,True,True,True,True,True,True,True,True,"URGENT: flooding and rescue emergencies plus 1 more, ZONE-2 Pune, Maharashtra. 6 reports, 118 affected. rescue boat and "
SLM-001419,validation,URGENT,True,True,True,True,True,True,True,True,True,"URGENT: ZONE-4 Mumbai, Maharashtra -- rescue emergencies and flooding. 5 reports, 92 affected. NDRF rescue team and road"
SLM-001420,train,IMMEDIATE,True,True,True,True,True,True,True,True,True,"IMMEDIATE - ZONE-4 Nashik (Maharashtra): rescue emergencies and flooding plus 1 more, 123 affected across 5 reports. Dep"
SLM-001421,train,URGENT,True,True,True,True,True,True,True,True,True,"URGENT. flooding and rescue emergencies in ZONE-2 Udupi, Karnataka; 91 affected, 6 reports. Dispatch rescue boat and roa"
SLM-001422,train,ELEVATED,True,True,True,True,True,True,True,True,True,"ELEVATED. flooding and rescue emergencies plus 1 more in ZONE-2 Patna, Bihar; 40 affected, 5 reports. Deploy ambulance a"
SLM-001423,validation,IMMEDIATE,True,True,True,True,True,True,True,True,True,"IMMEDIATE. road blockages and medical emergencies plus 2 more in ZONE-1 Varanasi, Uttar Pradesh; 224 affected, 6 reports"
SLM-001424,train,URGENT,True,True,True,True,True,True,True,True,True,"URGENT. flooding and medical emergencies plus 1 more in ZONE-1 Howrah, West Bengal; 197 affected, 7 reports. NDRF flood "
SLM-001425,validation,URGENT,True,True,True,True,True,True,True,True,True,"URGENT. flooding and medical emergencies plus 1 more in ZONE-1 Murshidabad, West Bengal; 95 affected, 6 reports. NDRF fl"
SLM-001426,train,URGENT,True,True,True,True,True,True,True,True,True,"URGENT: rescue emergencies and flooding plus 1 more, ZONE-2 Thanjavur, Tamil Nadu. 6 reports, 122 affected. Send water p"
SLM-001427,train,ELEVATED,True,True,True,True,True,True,True,True,True,"ELEVATED - ZONE-1 Howrah (West Bengal): medical emergencies and flooding plus 1 more, 73 affected across 6 reports. wate"
SLM-001428,train,ELEVATED,True,True,True,True,True,True,True,True,True,"ELEVATED. medical emergencies and flooding plus 2 more in ZONE-5 Nashik, Maharashtra; 78 affected, 9 reports. Deploy NDR"
SLM-001429,train,IMMEDIATE,True,True,True,True,True,True,True,True,True,"IMMEDIATE: ZONE-3 Kolhapur, Maharashtra -- flooding and road blockages plus 1 more. 11 reports, 262 affected. Send fire "
SLM-001430,test,URGENT,True,True,True,True,True,True,True,True,True,"URGENT. flooding and rescue emergencies in ZONE-3 Kozhikode, Kerala; 80 affected, 5 reports. NDRF rescue team and NDRF f"
SLM-001431,train,URGENT,True,True,True,True,True,True,True,True,True,"URGENT: flooding and rescue emergencies plus 2 more, ZONE-3 Coimbatore, Tamil Nadu. 5 reports, 59 affected. Send NDRF fl"
SLM-001432,train,URGENT,True,True,True,True,True,True,True,True,True,"URGENT: flooding and rescue emergencies, ZONE-1 Barpeta, Assam. 5 reports, 146 affected. Dispatch ambulance and water pu"
SLM-001433,train,URGENT,True,True,True,True,True,True,True,True,True,"URGENT: flooding and road blockages plus 1 more, ZONE-3 Alappuzha, Kerala. 5 reports, 68 affected. Deploy rescue rope an"
SLM-001434,train,ELEVATED,True,True,True,True,True,True,True,True,True,"ELEVATED - ZONE-1 Kottayam (Kerala): flooding and road blockages plus 1 more, 72 affected across 6 reports. Dispatch res"
SLM-001435,train,URGENT,True,True,True,True,True,True,True,True,True,"URGENT: ZONE-5 Kolkata, West Bengal -- road blockages and rescue emergencies plus 2 more. 6 reports, 138 affected. traff"
SLM-001436,train,URGENT,True,True,True,True,True,True,True,True,True,"URGENT: flooding and rescue emergencies plus 1 more, ZONE-3 Thanjavur, Tamil Nadu. 9 reports, 148 affected. Dispatch wat"
SLM-001437,train,ELEVATED,True,True,True,True,True,True,True,True,True,"ELEVATED: flooding and rescue emergencies, ZONE-5 Alappuzha, Kerala. 5 reports, 53 affected. Send ambulance and water pu"
SLM-001438,test,ELEVATED,True,True,True,True,True,True,True,True,True,"ELEVATED - ZONE-3 Alappuzha (Kerala): flooding and medical emergencies plus 2 more, 46 affected across 5 reports. Send N"
SLM-001439,train,URGENT,True,True,True,True,True,True,True,True,True,"URGENT: flooding and rescue emergencies plus 1 more, ZONE-5 Chennai, Tamil Nadu. 5 reports, 52 affected. Dispatch life j"
SLM-001440,validation,URGENT,True,True,True,True,True,True,True,True,True,"URGENT: flooding and rescue emergencies plus 1 more, ZONE-4 Kendrapara, Odisha. 7 reports, 90 affected. Deploy relief su"
SLM-001441,train,URGENT,True,True,True,True,True,True,True,True,True,"URGENT: medical emergencies and flooding plus 1 more, ZONE-2 Coimbatore, Tamil Nadu. 7 reports, 103 affected. Send NDRF "
SLM-001442,train,ELEVATED,True,True,True,True,True,True,True,True,True,"ELEVATED. rescue emergencies and flooding plus 1 more in ZONE-4 Varanasi, Uttar Pradesh; 38 affected, 5 reports. Dispatc"
SLM-001443,validation,URGENT,True,True,True,True,True,True,True,True,True,"URGENT. flooding and rescue emergencies plus 1 more in ZONE-5 Nashik, Maharashtra; 201 affected, 8 reports. Send water p"
SLM-001444,validation,ELEVATED,True,True,True,True,True,True,True,True,True,"ELEVATED. rescue emergencies and flooding in ZONE-1 Darbhanga, Bihar; 50 affected, 5 reports. Send ambulance and NDRF re"
SLM-001445,test,IMMEDIATE,True,True,True,True,True,True,True,True,True,"IMMEDIATE: road blockages and rescue emergencies plus 1 more, ZONE-2 Bhagalpur, Bihar. 5 reports, 180 affected. Send tra"
SLM-001446,train,ELEVATED,True,True,True,True,True,True,True,True,True,"ELEVATED: ZONE-3 Ahmedabad, Gujarat -- flooding and rescue emergencies. 5 reports, 52 affected. Send water pump and life"
SLM-001447,train,URGENT,True,True,True,True,True,True,True,True,True,"URGENT: rescue emergencies and flooding plus 1 more, ZONE-3 Thanjavur, Tamil Nadu. 5 reports, 52 affected. Dispatch reli"
SLM-001448,train,IMMEDIATE,True,True,True,True,True,True,True,True,True,"IMMEDIATE: rescue emergencies and flooding plus 1 more, ZONE-4 Balasore, Odisha. 6 reports, 141 affected. Deploy road cl"
SLM-001449,train,ELEVATED,True,True,True,True,True,True,True,True,True,"ELEVATED: flooding and rescue emergencies plus 1 more, ZONE-4 Muzaffarpur, Bihar. 7 reports, 50 affected. Deploy rescue "
SLM-001450,validation,URGENT,True,True,True,True,True,True,True,True,True,"URGENT: rescue emergencies and flooding, ZONE-1 Howrah, West Bengal. 5 reports, 82 affected. Dispatch rescue rope and la"
SLM-001451,validation,IMMEDIATE,True,True,True,True,True,True,True,True,True,"IMMEDIATE: ZONE-1 Jorhat, Assam -- rescue emergencies and medical emergencies plus 1 more. 6 reports, 170 affected. resc"
SLM-001452,test,URGENT,True,True,True,True,True,True,True,True,True,"URGENT: rescue emergencies and flooding plus 2 more, ZONE-5 Surat, Gujarat. 7 reports, 150 affected. fire and rescue uni"
SLM-001453,train,IMMEDIATE,True,True,True,True,True,True,True,True,True,"IMMEDIATE. road blockages and flooding plus 2 more in ZONE-3 Surat, Gujarat; 204 affected, 8 reports. Deploy traffic pol"
SLM-001454,train,IMMEDIATE,True,True,True,True,True,True,True,True,True,"IMMEDIATE: flooding and rescue emergencies plus 1 more, ZONE-5 Kanpur, Uttar Pradesh. 7 reports, 106 affected. Dispatch "
SLM-001455,train,IMMEDIATE,True,True,True,True,True,True,True,True,True,"IMMEDIATE: road blockages and medical emergencies plus 2 more, ZONE-3 Lucknow, Uttar Pradesh. 5 reports, 167 affected. D"
SLM-001456,train,IMMEDIATE,True,True,True,True,True,True,True,True,True,"IMMEDIATE: medical emergencies and rescue emergencies plus 1 more, ZONE-3 Kochi, Kerala. 5 reports, 175 affected. Dispat"
SLM-001457,train,IMMEDIATE,True,True,True,True,True,True,True,True,True,"IMMEDIATE: ZONE-5 Bengaluru, Karnataka -- medical emergencies and rescue emergencies plus 1 more. 5 reports, 160 affecte"
SLM-001458,test,IMMEDIATE,True,True,True,True,True,True,True,True,True,"IMMEDIATE - ZONE-4 Bharuch (Gujarat): flooding and medical emergencies plus 2 more, 187 affected across 9 reports. road "
SLM-001459,train,ROUTINE,True,True,True,True,True,True,True,True,True,"ROUTINE: ZONE-3 Murshidabad, West Bengal -- rescue emergencies and road blockages. 5 reports, 17 affected. Deploy NDRF r"
SLM-001460,train,URGENT,True,True,True,True,True,True,True,True,True,"URGENT. flooding and rescue emergencies in ZONE-1 Udupi, Karnataka; 97 affected, 5 reports. relief supplies and NDRF flo"
SLM-001461,train,IMMEDIATE,True,True,True,True,True,True,True,True,True,"IMMEDIATE: ZONE-5 Thrissur, Kerala -- flooding and rescue emergencies. 5 reports, 89 affected. Send rescue boat and NDRF"
SLM-001462,test,ELEVATED,True,True,True,True,True,True,True,True,True,"ELEVATED: road blockages and flooding plus 1 more, ZONE-3 Bhubaneswar, Odisha. 5 reports, 59 affected. tow truck and tra"
SLM-001463,train,ELEVATED,True,True,True,True,True,True,True,True,True,"ELEVATED: ZONE-2 Howrah, West Bengal -- flooding and rescue emergencies plus 1 more. 7 reports, 60 affected. Send NDRF r"
SLM-001464,train,ELEVATED,True,True,True,True,True,True,True,True,True,"ELEVATED. flooding and road blockages in ZONE-1 Bengaluru, Karnataka; 35 affected, 5 reports. Send water pump and relief"
SLM-001465,train,ELEVATED,True,True,True,True,True,True,True,True,True,"ELEVATED: rescue emergencies and road blockages plus 1 more, ZONE-2 Mysuru, Karnataka. 5 reports, 52 affected. Dispatch "
SLM-001466,train,URGENT,True,True,True,True,True,True,True,True,True,"URGENT: rescue emergencies and flooding plus 2 more, ZONE-3 Darjeeling, West Bengal. 7 reports, 79 affected. Dispatch re"
SLM-001467,train,IMMEDIATE,True,True,True,True,True,True,True,True,True,"IMMEDIATE - ZONE-2 Kozhikode (Kerala): flooding and road blockages plus 1 more, 176 affected across 6 reports. NDRF resc"
SLM-001468,train,IMMEDIATE,True,True,True,True,True,True,True,True,True,"IMMEDIATE: flooding and rescue emergencies, ZONE-2 Howrah, West Bengal. 5 reports, 81 affected. Deploy life jackets and "
SLM-001469,test,ELEVATED,True,True,True,True,True,True,True,True,True,"ELEVATED: road blockages and flooding plus 1 more, ZONE-2 Madurai, Tamil Nadu. 9 reports, 83 affected. life jackets and "
SLM-001470,train,IMMEDIATE,True,True,True,True,True,True,True,True,True,"IMMEDIATE - ZONE-1 Nagpur (Maharashtra): flooding and rescue emergencies plus 1 more, 133 affected across 5 reports. Sen"
SLM-001471,train,ELEVATED,True,True,True,True,True,True,True,True,True,"ELEVATED - ZONE-5 Alappuzha (Kerala): road blockages and flooding plus 1 more, 42 affected across 6 reports. Send earthm"
SLM-001472,train,IMMEDIATE,True,True,True,True,True,True,True,True,True,"IMMEDIATE. medical emergencies and flooding plus 1 more in ZONE-5 Prayagraj, Uttar Pradesh; 139 affected, 6 reports. med"
SLM-001473,validation,ELEVATED,True,True,True,True,True,True,True,True,True,"ELEVATED. flooding and road blockages plus 1 more in ZONE-4 Nagpur, Maharashtra; 87 affected, 8 reports. Dispatch rescue"
SLM-001474,test,ROUTINE,True,True,True,True,True,True,True,True,True,"ROUTINE: ZONE-3 Chennai, Tamil Nadu -- medical emergencies and flooding plus 1 more. 5 reports, 9 affected. water pump a"
SLM-001475,validation,URGENT,True,True,True,True,True,True,True,True,True,"URGENT: flooding and rescue emergencies, ZONE-1 Ahmedabad, Gujarat. 5 reports, 107 affected. water pump and NDRF flood r"
SLM-001476,train,URGENT,True,True,True,True,True,True,True,True,True,"URGENT. rescue emergencies and medical emergencies plus 1 more in ZONE-2 Kozhikode, Kerala; 96 affected, 5 reports. Send"
SLM-001477,train,URGENT,True,True,True,True,True,True,True,True,True,"URGENT - ZONE-4 Thanjavur (Tamil Nadu): flooding and road blockages plus 1 more, 147 affected across 5 reports. Send wat"
SLM-001478,train,IMMEDIATE,True,True,True,True,True,True,True,True,True,"IMMEDIATE: flooding and rescue emergencies plus 1 more, ZONE-3 Kanpur, Uttar Pradesh. 5 reports, 122 affected. Dispatch "
SLM-001479,validation,ELEVATED,True,True,True,True,True,True,True,True,True,"ELEVATED - ZONE-1 Bhubaneswar (Odisha): rescue emergencies and flooding plus 1 more, 59 affected across 5 reports. Dispa"
SLM-001480,train,ROUTINE,True,True,True,True,True,True,True,True,True,"ROUTINE: flooding and medical emergencies plus 1 more, ZONE-5 Malda, West Bengal. 5 reports, 7 affected. water pump and "
SLM-001481,train,ROUTINE,True,True,True,True,True,True,True,True,True,"ROUTINE: flooding and rescue emergencies, ZONE-1 Alappuzha, Kerala. 5 reports, 27 affected. Deploy relief supplies and N"
SLM-001482,train,IMMEDIATE,True,True,True,True,True,True,True,True,True,"IMMEDIATE: flooding and rescue emergencies plus 1 more, ZONE-5 Mysuru, Karnataka. 5 reports, 238 affected. Send life jac"
SLM-001483,train,ELEVATED,True,True,True,True,True,True,True,True,True,"ELEVATED. road blockages and rescue emergencies plus 2 more in ZONE-2 Tiruppur, Tamil Nadu; 50 affected, 8 reports. Depl"
SLM-001484,train,IMMEDIATE,True,True,True,True,True,True,True,True,True,"IMMEDIATE: ZONE-3 Prayagraj, Uttar Pradesh -- rescue emergencies and flooding. 6 reports, 166 affected. Dispatch NDRF re"
SLM-001485,test,ROUTINE,True,True,True,True,True,True,True,True,True,"ROUTINE: medical emergencies and rescue emergencies plus 1 more, ZONE-5 Mysuru, Karnataka. 5 reports, 12 affected. Deplo"
SLM-001486,validation,IMMEDIATE,True,True,True,True,True,True,True,True,True,"IMMEDIATE: ZONE-3 Thrissur, Kerala -- rescue emergencies and flooding. 5 reports, 244 affected. water pump and ambulance"
SLM-001487,test,ELEVATED,True,True,True,True,True,True,True,True,True,"ELEVATED: ZONE-4 Gorakhpur, Uttar Pradesh -- rescue emergencies and road blockages. 5 reports, 32 affected. Send NDRF re"
SLM-001488,train,IMMEDIATE,True,True,True,True,True,True,True,True,True,"IMMEDIATE. rescue emergencies and flooding in ZONE-5 Jorhat, Assam; 64 affected, 5 reports. Deploy ambulance and rescue "
SLM-001489,validation,IMMEDIATE,True,True,True,True,True,True,True,True,True,"IMMEDIATE. flooding and rescue emergencies in ZONE-5 Thanjavur, Tamil Nadu; 73 affected, 5 reports. Dispatch NDRF flood "
SLM-001490,train,URGENT,True,True,True,True,True,True,True,True,True,"URGENT: flooding and rescue emergencies, ZONE-2 Udupi, Karnataka. 5 reports, 46 affected. Send fire and rescue unit and "
SLM-001491,train,ROUTINE,True,True,True,True,True,True,True,True,True,"ROUTINE: ZONE-1 Balasore, Odisha -- flooding and road blockages. 5 reports, 14 affected. water pump and rescue boat plus"
SLM-001492,train,IMMEDIATE,True,True,True,True,True,True,True,True,True,"IMMEDIATE - ZONE-2 Cuttack (Odisha): flooding and rescue emergencies, 143 affected across 5 reports. Send life jackets a"
SLM-001493,train,ELEVATED,True,True,True,True,True,True,True,True,True,"ELEVATED. flooding and medical emergencies in ZONE-5 Mumbai, Maharashtra; 39 affected, 5 reports. Send drainage team and"
SLM-001494,train,URGENT,True,True,True,True,True,True,True,True,True,"URGENT: ZONE-1 Varanasi, Uttar Pradesh -- flooding and medical emergencies plus 1 more. 6 reports, 75 affected. Deploy d"
SLM-001495,train,IMMEDIATE,True,True,True,True,True,True,True,True,True,"IMMEDIATE: rescue emergencies and road blockages plus 2 more, ZONE-5 Bhagalpur, Bihar. 5 reports, 89 affected. ambulance"
SLM-001496,train,IMMEDIATE,True,True,True,True,True,True,True,True,True,"IMMEDIATE - ZONE-4 Kozhikode (Kerala): road blockages and flooding, 106 affected across 5 reports. Deploy tow truck and "
SLM-001497,train,ELEVATED,True,True,True,True,True,True,True,True,True,"ELEVATED: flooding and rescue emergencies plus 1 more, ZONE-2 Balasore, Odisha. 5 reports, 30 affected. Dispatch rescue "
SLM-001498,train,ROUTINE,True,True,True,True,True,True,True,True,True,"ROUTINE: medical emergencies and flooding plus 2 more, ZONE-3 Bharuch, Gujarat. 5 reports, 24 affected. Deploy sandbags "
SLM-001499,train,ROUTINE,True,True,True,True,True,True,True,True,True,"ROUTINE - ZONE-5 Bhubaneswar (Odisha): rescue emergencies and flooding, 25 affected across 6 reports. Send relief suppli"
SLM-001500,test,IMMEDIATE,True,True,True,True,True,True,True,True,True,"IMMEDIATE: ZONE-1 Cuttack, Odisha -- rescue emergencies and flooding plus 1 more. 5 reports, 238 affected. Deploy water "
SLM-001501,train,URGENT,True,True,True,True,True,True,True,True,True,"URGENT. flooding and road blockages plus 2 more in ZONE-2 Kendrapara, Odisha; 112 affected, 7 reports. Send life jackets"
SLM-001502,train,URGENT,True,True,True,True,True,True,True,True,True,"URGENT - ZONE-2 Puri (Odisha): flooding, 173 affected across 7 reports. water pump and drainage team plus 1 more to vill"
SLM-001503,validation,ELEVATED,True,True,True,True,True,True,True,True,True,"ELEVATED. road blockages and rescue emergencies plus 1 more in ZONE-2 Gorakhpur, Uttar Pradesh; 69 affected, 8 reports. "
SLM-001504,train,ROUTINE,True,True,True,True,True,True,True,True,True,"ROUTINE: rescue emergencies and flooding plus 1 more, ZONE-5 Kozhikode, Kerala. 7 reports, 17 affected. Deploy ambulance"
SLM-001505,validation,ELEVATED,True,True,True,True,True,True,True,True,True,"ELEVATED: ZONE-1 Bharuch, Gujarat -- flooding and rescue emergencies. 5 reports, 31 affected. Dispatch water pump and ro"
SLM-001506,train,ELEVATED,True,True,True,True,True,True,True,True,True,"ELEVATED - ZONE-3 Nashik (Maharashtra): rescue emergencies and road blockages plus 1 more, 46 affected across 5 reports."
SLM-001507,train,URGENT,True,True,True,True,True,True,True,True,True,"URGENT: rescue emergencies and road blockages plus 1 more, ZONE-5 Guwahati, Assam. 7 reports, 95 affected. rescue boat a"
SLM-001508,train,IMMEDIATE,True,True,True,True,True,True,True,True,True,"IMMEDIATE. flooding and road blockages plus 2 more in ZONE-1 Mysuru, Karnataka; 43 affected, 5 reports. Send ambulance a"
SLM-001509,test,ELEVATED,True,True,True,True,True,True,True,True,True,"ELEVATED: road blockages and flooding plus 1 more, ZONE-3 Pune, Maharashtra. 8 reports, 73 affected. Send NDRF flood res"
SLM-001510,test,IMMEDIATE,True,True,True,True,True,True,True,True,True,"IMMEDIATE. flooding and road blockages plus 1 more in ZONE-2 Darbhanga, Bihar; 211 affected, 6 reports. Deploy traffic p"
SLM-001511,train,IMMEDIATE,True,True,True,True,True,True,True,True,True,"IMMEDIATE. rescue emergencies and flooding plus 1 more in ZONE-2 Kozhikode, Kerala; 92 affected, 5 reports. Deploy ambul"
SLM-001512,train,ELEVATED,True,True,True,True,True,True,True,True,True,"ELEVATED: road blockages and flooding plus 1 more, ZONE-4 Kozhikode, Kerala. 9 reports, 68 affected. Dispatch road clear"
SLM-001513,train,ELEVATED,True,True,True,True,True,True,True,True,True,"ELEVATED: rescue emergencies and medical emergencies plus 1 more, ZONE-3 Kendrapara, Odisha. 5 reports, 48 affected. Sen"
SLM-001514,test,URGENT,True,True,True,True,True,True,True,True,True,"URGENT: ZONE-2 Bharuch, Gujarat -- medical emergencies and flooding plus 1 more. 5 reports, 37 affected. Deploy relief s"
SLM-001515,train,ROUTINE,True,True,True,True,True,True,True,True,True,"ROUTINE: flooding and rescue emergencies, ZONE-1 Rajkot, Gujarat. 5 reports, 26 affected. Dispatch rescue rope and ladde"
SLM-001516,train,IMMEDIATE,True,True,True,True,True,True,True,True,True,"IMMEDIATE - ZONE-3 Guwahati (Assam): rescue emergencies and flooding plus 1 more, 86 affected across 5 reports. ambulanc"
SLM-001517,train,ELEVATED,True,True,True,True,True,True,True,True,True,"ELEVATED: flooding and rescue emergencies plus 1 more, ZONE-4 Pune, Maharashtra. 7 reports, 54 affected. Dispatch ambula"
SLM-001518,train,IMMEDIATE,True,True,True,True,True,True,True,True,True,"IMMEDIATE. road blockages and flooding in ZONE-4 Dhemaji, Assam; 169 affected, 5 reports. Send earthmover (JCB) and life"
SLM-001519,train,URGENT,True,True,True,True,True,True,True,True,True,"URGENT. rescue emergencies and flooding in ZONE-4 Darjeeling, West Bengal; 69 affected, 5 reports. Dispatch water pump a"
SLM-001520,train,URGENT,True,True,True,True,True,True,True,True,True,"URGENT: ZONE-4 Guwahati, Assam -- rescue emergencies and flooding. 5 reports, 77 affected. Dispatch rescue rope and ladd"
SLM-001521,train,URGENT,True,True,True,True,True,True,True,True,True,"URGENT: ZONE-2 Kolkata, West Bengal -- rescue emergencies and flooding plus 2 more. 11 reports, 298 affected. Deploy amb"
SLM-001522,train,ELEVATED,True,True,True,True,True,True,True,True,True,"ELEVATED. rescue emergencies and road blockages plus 1 more in ZONE-1 Murshidabad, West Bengal; 49 affected, 5 reports. "
SLM-001523,test,ROUTINE,True,True,True,True,True,True,True,True,True,"ROUTINE: ZONE-3 Udupi, Karnataka -- flooding and medical emergencies plus 1 more. 6 reports, 19 affected. Deploy ambulan"
SLM-001524,train,URGENT,True,True,True,True,True,True,True,True,True,"URGENT: road blockages and flooding plus 1 more, ZONE-5 Alappuzha, Kerala. 7 reports, 117 affected. water pump and earth"
SLM-001525,train,ROUTINE,True,True,True,True,True,True,True,True,True,"ROUTINE - ZONE-3 Kozhikode (Kerala): rescue emergencies and medical emergencies plus 1 more, 24 affected across 6 report"
SLM-001526,test,IMMEDIATE,True,True,True,True,True,True,True,True,True,"IMMEDIATE: ZONE-2 Kozhikode, Kerala -- flooding and medical emergencies plus 2 more. 7 reports, 162 affected. Deploy roa"
SLM-001527,train,URGENT,True,True,True,True,True,True,True,True,True,"URGENT: ZONE-1 Rajkot, Gujarat -- medical emergencies and flooding plus 2 more. 7 reports, 149 affected. Dispatch emerge"
SLM-001528,train,ELEVATED,True,True,True,True,True,True,True,True,True,"ELEVATED: flooding and medical emergencies plus 1 more, ZONE-3 Kodagu, Karnataka. 7 reports, 40 affected. relief supplie"
SLM-001529,test,IMMEDIATE,True,True,True,True,True,True,True,True,True,"IMMEDIATE: flooding and rescue emergencies plus 1 more, ZONE-1 Vadodara, Gujarat. 5 reports, 100 affected. Dispatch wate"
SLM-001530,train,IMMEDIATE,True,True,True,True,True,True,True,True,True,"IMMEDIATE: ZONE-2 Darbhanga, Bihar -- flooding and road blockages plus 1 more. 5 reports, 78 affected. rescue rope and l"
SLM-001531,validation,ELEVATED,True,True,True,True,True,True,True,True,True,"ELEVATED. medical emergencies and flooding plus 2 more in ZONE-4 Surat, Gujarat; 40 affected, 5 reports. Dispatch ambula"
SLM-001532,train,IMMEDIATE,True,True,True,True,True,True,True,True,True,"IMMEDIATE: ZONE-1 Darbhanga, Bihar -- rescue emergencies and flooding plus 1 more. 6 reports, 165 affected. Dispatch NDR"
SLM-001533,train,IMMEDIATE,True,True,True,True,True,True,True,True,True,"IMMEDIATE - ZONE-2 Darbhanga (Bihar): flooding and road blockages plus 1 more, 217 affected across 7 reports. Deploy res"
SLM-001534,train,URGENT,True,True,True,True,True,True,True,True,True,"URGENT. flooding and medical emergencies plus 2 more in ZONE-1 Bengaluru, Karnataka; 189 affected, 7 reports. Deploy lif"
SLM-001535,validation,IMMEDIATE,True,True,True,True,True,True,True,True,True,"IMMEDIATE: ZONE-5 Vadodara, Gujarat -- road blockages and medical emergencies plus 1 more. 5 reports, 99 affected. Dispa"
SLM-001536,train,IMMEDIATE,True,True,True,True,True,True,True,True,True,"IMMEDIATE: rescue emergencies and flooding plus 1 more, ZONE-5 Muzaffarpur, Bihar. 6 reports, 124 affected. Deploy ambul"
SLM-001537,train,IMMEDIATE,True,True,True,True,True,True,True,True,True,"IMMEDIATE - ZONE-3 Thanjavur (Tamil Nadu): flooding and rescue emergencies plus 1 more, 155 affected across 8 reports. S"
SLM-001538,train,URGENT,True,True,True,True,True,True,True,True,True,"URGENT - ZONE-5 Madurai (Tamil Nadu): flooding and road blockages, 132 affected across 7 reports. Dispatch relief suppli"
SLM-001539,train,URGENT,True,True,True,True,True,True,True,True,True,"URGENT - ZONE-4 Lucknow (Uttar Pradesh): rescue emergencies and medical emergencies plus 1 more, 142 affected across 7 r"
SLM-001540,train,IMMEDIATE,True,True,True,True,True,True,True,True,True,"IMMEDIATE. flooding and medical emergencies plus 1 more in ZONE-3 Mangaluru, Karnataka; 178 affected, 5 reports. Deploy "
SLM-001541,train,IMMEDIATE,True,True,True,True,True,True,True,True,True,"IMMEDIATE: flooding and road blockages plus 1 more, ZONE-3 Darjeeling, West Bengal. 5 reports, 77 affected. Send rescue "
SLM-001542,train,URGENT,True,True,True,True,True,True,True,True,True,"URGENT - ZONE-1 Puri (Odisha): rescue emergencies and road blockages plus 1 more, 94 affected across 7 reports. Dispatch"
SLM-001543,validation,IMMEDIATE,True,True,True,True,True,True,True,True,True,"IMMEDIATE: rescue emergencies and flooding plus 1 more, ZONE-2 Bhubaneswar, Odisha. 6 reports, 289 affected. Deploy wate"
SLM-001544,validation,IMMEDIATE,True,True,True,True,True,True,True,True,True,"IMMEDIATE. flooding and rescue emergencies in ZONE-2 Kozhikode, Kerala; 144 affected, 5 reports. Deploy fire and rescue "
SLM-001545,validation,ROUTINE,True,True,True,True,True,True,True,True,True,"ROUTINE. rescue emergencies and flooding in ZONE-3 Madurai, Tamil Nadu; 9 affected, 5 reports. Deploy fire and rescue un"
SLM-001546,validation,IMMEDIATE,True,True,True,True,True,True,True,True,True,"IMMEDIATE. road blockages and flooding plus 1 more in ZONE-1 Tiruppur, Tamil Nadu; 134 affected, 5 reports. NDRF rescue "
SLM-001547,train,URGENT,True,True,True,True,True,True,True,True,True,"URGENT. medical emergencies and rescue emergencies plus 1 more in ZONE-2 Madurai, Tamil Nadu; 191 affected, 9 reports. a"
SLM-001548,train,ELEVATED,True,True,True,True,True,True,True,True,True,"ELEVATED. flooding and rescue emergencies in ZONE-3 Mumbai, Maharashtra; 50 affected, 6 reports. water pump and NDRF flo"
SLM-001549,validation,IMMEDIATE,True,True,True,True,True,True,True,True,True,"IMMEDIATE - ZONE-4 Mysuru (Karnataka): road blockages and flooding plus 2 more, 106 affected across 6 reports. Send road"
SLM-001550,train,ELEVATED,True,True,True,True,True,True,True,True,True,"ELEVATED: flooding and road blockages, ZONE-4 Alappuzha, Kerala. 7 reports, 63 affected. Dispatch water pump and rescue "
SLM-001551,test,URGENT,True,True,True,True,True,True,True,True,True,"URGENT: flooding and rescue emergencies plus 1 more, ZONE-4 Mysuru, Karnataka. 6 reports, 126 affected. Send rescue boat"
SLM-001552,train,URGENT,True,True,True,True,True,True,True,True,True,"URGENT - ZONE-3 Kodagu (Karnataka): rescue emergencies and flooding, 123 affected across 5 reports. Send ambulance and r"
SLM-001553,train,ELEVATED,True,True,True,True,True,True,True,True,True,"ELEVATED: ZONE-5 Udupi, Karnataka -- flooding and rescue emergencies plus 1 more. 11 reports, 96 affected. Deploy relief"
SLM-001554,train,IMMEDIATE,True,True,True,True,True,True,True,True,True,"IMMEDIATE. flooding and rescue emergencies in ZONE-4 Madurai, Tamil Nadu; 59 affected, 5 reports. Dispatch rescue boat a"
SLM-001555,train,ELEVATED,True,True,True,True,True,True,True,True,True,"ELEVATED: ZONE-1 Kanpur, Uttar Pradesh -- rescue emergencies and flooding plus 1 more. 6 reports, 57 affected. Dispatch "
SLM-001556,test,URGENT,True,True,True,True,True,True,True,True,True,"URGENT - ZONE-5 Kottayam (Kerala): flooding and medical emergencies, 99 affected across 5 reports. emergency medical tea"
SLM-001557,train,IMMEDIATE,True,True,True,True,True,True,True,True,True,"IMMEDIATE - ZONE-2 Cuttack (Odisha): rescue emergencies and medical emergencies plus 2 more, 155 affected across 6 repor"
SLM-001558,validation,URGENT,True,True,True,True,True,True,True,True,True,"URGENT - ZONE-5 Udupi (Karnataka): rescue emergencies and road blockages plus 1 more, 55 affected across 5 reports. Disp"
SLM-001559,test,IMMEDIATE,True,True,True,True,True,True,True,True,True,"IMMEDIATE: medical emergencies and rescue emergencies plus 1 more, ZONE-5 Murshidabad, West Bengal. 5 reports, 88 affect"
SLM-001560,test,ELEVATED,True,True,True,True,True,True,True,True,True,"ELEVATED: ZONE-1 Nashik, Maharashtra -- rescue emergencies and flooding plus 1 more. 9 reports, 69 affected. water pump "
SLM-001561,validation,IMMEDIATE,True,True,True,True,True,True,True,True,True,"IMMEDIATE: ZONE-4 Prayagraj, Uttar Pradesh -- flooding and rescue emergencies plus 1 more. 7 reports, 247 affected. Depl"
SLM-001562,test,ELEVATED,True,True,True,True,True,True,True,True,True,"ELEVATED: ZONE-4 Kottayam, Kerala -- medical emergencies and road blockages plus 2 more. 5 reports, 61 affected. Dispatc"
SLM-001563,train,ELEVATED,True,True,True,True,True,True,True,True,True,"ELEVATED. flooding and rescue emergencies plus 1 more in ZONE-1 Dibrugarh, Assam; 40 affected, 5 reports. Send water pum"
SLM-001564,test,URGENT,True,True,True,True,True,True,True,True,True,"URGENT: ZONE-3 Mumbai, Maharashtra -- flooding and rescue emergencies. 5 reports, 78 affected. Send life jackets and roa"
SLM-001565,train,ELEVATED,True,True,True,True,True,True,True,True,True,"ELEVATED: ZONE-3 Pune, Maharashtra -- rescue emergencies and flooding plus 1 more. 5 reports, 56 affected. Send water pu"
SLM-001566,test,URGENT,True,True,True,True,True,True,True,True,True,"URGENT: flooding and road blockages plus 1 more, ZONE-5 Balasore, Odisha. 6 reports, 68 affected. Send relief supplies a"
SLM-001567,validation,ROUTINE,True,True,True,True,True,True,True,True,True,"ROUTINE - ZONE-2 Tiruppur (Tamil Nadu): rescue emergencies and road blockages plus 2 more, 23 affected across 5 reports."
SLM-001568,train,ELEVATED,True,True,True,True,True,True,True,True,True,"ELEVATED. flooding and rescue emergencies in ZONE-3 Dhemaji, Assam; 45 affected, 5 reports. NDRF rescue team and drainag"
SLM-001569,train,URGENT,True,True,True,True,True,True,True,True,True,"URGENT. rescue emergencies and flooding plus 1 more in ZONE-1 Thanjavur, Tamil Nadu; 91 affected, 5 reports. Deploy fire"
SLM-001570,train,URGENT,True,True,True,True,True,True,True,True,True,"URGENT - ZONE-1 Kendrapara (Odisha): flooding and rescue emergencies, 143 affected across 5 reports. Send water pump and"
SLM-001571,train,ELEVATED,True,True,True,True,True,True,True,True,True,"ELEVATED: flooding and rescue emergencies, ZONE-1 Surat, Gujarat. 6 reports, 50 affected. Send rescue boat and fire and "
SLM-001572,train,IMMEDIATE,True,True,True,True,True,True,True,True,True,"IMMEDIATE: ZONE-2 Dhemaji, Assam -- flooding and rescue emergencies. 5 reports, 182 affected. Deploy rescue boat and lif"
SLM-001573,validation,IMMEDIATE,True,True,True,True,True,True,True,True,True,"IMMEDIATE: flooding and medical emergencies plus 1 more, ZONE-2 Madurai, Tamil Nadu. 7 reports, 86 affected. Dispatch ND"
SLM-001574,train,IMMEDIATE,True,True,True,True,True,True,True,True,True,"IMMEDIATE: flooding and rescue emergencies plus 1 more, ZONE-4 Howrah, West Bengal. 7 reports, 245 affected. Dispatch wa"
SLM-001575,train,ELEVATED,True,True,True,True,True,True,True,True,True,"ELEVATED: road blockages and rescue emergencies plus 1 more, ZONE-3 Bhagalpur, Bihar. 5 reports, 54 affected. Dispatch t"
SLM-001576,train,URGENT,True,True,True,True,True,True,True,True,True,"URGENT: ZONE-3 Chennai, Tamil Nadu -- flooding and rescue emergencies plus 1 more. 7 reports, 207 affected. Dispatch res"
SLM-001577,train,ELEVATED,True,True,True,True,True,True,True,True,True,"ELEVATED: road blockages and flooding plus 1 more, ZONE-5 Vadodara, Gujarat. 5 reports, 24 affected. Deploy road clearan"
SLM-001578,train,URGENT,True,True,True,True,True,True,True,True,True,"URGENT - ZONE-1 Kanpur (Uttar Pradesh): flooding and rescue emergencies plus 1 more, 109 affected across 6 reports. fire"
SLM-001579,train,ELEVATED,True,True,True,True,True,True,True,True,True,"ELEVATED: ZONE-4 Pune, Maharashtra -- flooding and rescue emergencies plus 1 more. 5 reports, 36 affected. NDRF flood re"
SLM-001580,train,URGENT,True,True,True,True,True,True,True,True,True,"URGENT - ZONE-3 Bhagalpur (Bihar): road blockages and rescue emergencies plus 1 more, 82 affected across 6 reports. Disp"
SLM-001581,validation,URGENT,True,True,True,True,True,True,True,True,True,"URGENT. rescue emergencies and flooding in ZONE-5 Muzaffarpur, Bihar; 136 affected, 10 reports. Deploy ambulance and fir"
SLM-001582,train,IMMEDIATE,True,True,True,True,True,True,True,True,True,"IMMEDIATE - ZONE-4 Prayagraj (Uttar Pradesh): flooding and rescue emergencies, 82 affected across 5 reports. Deploy life"
SLM-001583,train,ELEVATED,True,True,True,True,True,True,True,True,True,"ELEVATED: medical emergencies and flooding plus 1 more, ZONE-3 Kolkata, West Bengal. 7 reports, 65 affected. ambulance a"
SLM-001584,train,URGENT,True,True,True,True,True,True,True,True,True,"URGENT: flooding and road blockages plus 1 more, ZONE-5 Thanjavur, Tamil Nadu. 6 reports, 130 affected. Deploy water pum"
SLM-001585,train,ELEVATED,True,True,True,True,True,True,True,True,True,"ELEVATED - ZONE-1 Patna (Bihar): flooding and medical emergencies plus 2 more, 38 affected across 5 reports. Deploy ambu"
SLM-001586,validation,IMMEDIATE,True,True,True,True,True,True,True,True,True,"IMMEDIATE: medical emergencies and flooding plus 2 more, ZONE-4 Thrissur, Kerala. 5 reports, 96 affected. Send ambulance"
SLM-001587,train,IMMEDIATE,True,True,True,True,True,True,True,True,True,"IMMEDIATE: road blockages and flooding plus 1 more, ZONE-4 Dhemaji, Assam. 5 reports, 80 affected. Deploy road clearance"
SLM-001588,train,URGENT,True,True,True,True,True,True,True,True,True,"URGENT: ZONE-3 Kolkata, West Bengal -- flooding and road blockages plus 2 more. 10 reports, 237 affected. Send earthmove"
SLM-001589,train,ELEVATED,True,True,True,True,True,True,True,True,True,"ELEVATED - ZONE-3 Howrah (West Bengal): flooding and road blockages plus 1 more, 63 affected across 5 reports. Dispatch "
SLM-001590,train,IMMEDIATE,True,True,True,True,True,True,True,True,True,"IMMEDIATE: ZONE-5 Varanasi, Uttar Pradesh -- road blockages and flooding plus 1 more. 6 reports, 116 affected. Deploy li"
SLM-001591,train,URGENT,True,True,True,True,True,True,True,True,True,"URGENT - ZONE-5 Ahmedabad (Gujarat): road blockages and flooding plus 1 more, 56 affected across 5 reports. Deploy water"
SLM-001592,validation,URGENT,True,True,True,True,True,True,True,True,True,"URGENT - ZONE-2 Thanjavur (Tamil Nadu): rescue emergencies and flooding plus 1 more, 178 affected across 6 reports. ambu"
SLM-001593,train,ELEVATED,True,True,True,True,True,True,True,True,True,"ELEVATED - ZONE-4 Guwahati (Assam): rescue emergencies and flooding, 40 affected across 5 reports. Send NDRF rescue team"
SLM-001594,train,URGENT,True,True,True,True,True,True,True,True,True,"URGENT. rescue emergencies and flooding plus 2 more in ZONE-1 Surat, Gujarat; 144 affected, 5 reports. Dispatch NDRF res"
SLM-001595,train,IMMEDIATE,True,True,True,True,True,True,True,True,True,"IMMEDIATE: road blockages and flooding plus 1 more, ZONE-5 Howrah, West Bengal. 9 reports, 240 affected. Send traffic po"
SLM-001596,train,ELEVATED,True,True,True,True,True,True,True,True,True,"ELEVATED. road blockages and rescue emergencies plus 1 more in ZONE-1 Pune, Maharashtra; 58 affected, 6 reports. Send re"
SLM-001597,validation,URGENT,True,True,True,True,True,True,True,True,True,"URGENT: rescue emergencies and medical emergencies plus 2 more, ZONE-4 Chennai, Tamil Nadu. 7 reports, 139 affected. Sen"
SLM-001598,validation,ELEVATED,True,True,True,True,True,True,True,True,True,"ELEVATED: ZONE-2 Barpeta, Assam -- flooding and rescue emergencies plus 1 more. 6 reports, 43 affected. rescue boat and "
SLM-001599,train,IMMEDIATE,True,True,True,True,True,True,True,True,True,"IMMEDIATE. flooding and rescue emergencies in ZONE-2 Coimbatore, Tamil Nadu; 86 affected, 6 reports. Send water pump and"
SLM-001600,train,URGENT,True,True,True,True,True,True,True,True,True,"URGENT: ZONE-5 Mysuru, Karnataka -- flooding and rescue emergencies plus 1 more. 5 reports, 85 affected. Deploy ambulanc"
SLM-001601,test,IMMEDIATE,True,True,True,True,True,True,True,True,True,"IMMEDIATE. rescue emergencies and flooding plus 1 more in ZONE-1 Darjeeling, West Bengal; 166 affected, 7 reports. Deplo"
SLM-001602,train,URGENT,True,True,True,True,True,True,True,True,True,"URGENT: ZONE-1 Kendrapara, Odisha -- flooding and rescue emergencies plus 1 more. 10 reports, 159 affected. Deploy ambul"
SLM-001603,train,IMMEDIATE,True,True,True,True,True,True,True,True,True,"IMMEDIATE - ZONE-4 Bhubaneswar (Odisha): road blockages and flooding, 195 affected across 5 reports. Send water pump and"
SLM-001604,train,URGENT,True,True,True,True,True,True,True,True,True,"URGENT: ZONE-3 Muzaffarpur, Bihar -- flooding and rescue emergencies plus 1 more. 5 reports, 89 affected. Dispatch water"
SLM-001605,train,IMMEDIATE,True,True,True,True,True,True,True,True,True,"IMMEDIATE - ZONE-5 Dhemaji (Assam): rescue emergencies and road blockages plus 2 more, 276 affected across 8 reports. Di"
SLM-001606,train,ELEVATED,True,True,True,True,True,True,True,True,True,"ELEVATED - ZONE-1 Balasore (Odisha): road blockages and flooding, 27 affected across 5 reports. Dispatch traffic police "
SLM-001607,train,ROUTINE,True,True,True,True,True,True,True,True,True,"ROUTINE: ZONE-4 Balasore, Odisha -- flooding and rescue emergencies. 5 reports, 22 affected. Deploy rescue boat and NDRF"
SLM-001608,train,URGENT,True,True,True,True,True,True,True,True,True,"URGENT - ZONE-1 Ahmedabad (Gujarat): flooding and road blockages plus 1 more, 134 affected across 5 reports. Dispatch wa"
SLM-001609,validation,IMMEDIATE,True,True,True,True,True,True,True,True,True,"IMMEDIATE. flooding and rescue emergencies plus 1 more in ZONE-3 Surat, Gujarat; 220 affected, 6 reports. Send rescue bo"
SLM-001610,train,ELEVATED,True,True,True,True,True,True,True,True,True,"ELEVATED - ZONE-2 Mysuru (Karnataka): flooding and medical emergencies, 63 affected across 7 reports. Dispatch life jack"
SLM-001611,validation,URGENT,True,True,True,True,True,True,True,True,True,"URGENT. flooding and rescue emergencies in ZONE-4 Nagpur, Maharashtra; 123 affected, 6 reports. Send ambulance and drain"
SLM-001612,train,ELEVATED,True,True,True,True,True,True,True,True,True,"ELEVATED: ZONE-1 Kendrapara, Odisha -- flooding and rescue emergencies plus 1 more. 7 reports, 64 affected. Send water p"
SLM-001613,train,IMMEDIATE,True,True,True,True,True,True,True,True,True,"IMMEDIATE - ZONE-5 Darjeeling (West Bengal): rescue emergencies and road blockages plus 1 more, 174 affected across 6 re"
SLM-001614,test,URGENT,True,True,True,True,True,True,True,True,True,"URGENT. flooding and rescue emergencies plus 1 more in ZONE-3 Guwahati, Assam; 56 affected, 5 reports. Dispatch water pu"
SLM-001615,train,IMMEDIATE,True,True,True,True,True,True,True,True,True,"IMMEDIATE: ZONE-3 Gorakhpur, Uttar Pradesh -- rescue emergencies and flooding. 5 reports, 95 affected. Deploy fire and r"
SLM-001616,train,URGENT,True,True,True,True,True,True,True,True,True,"URGENT: rescue emergencies and road blockages plus 1 more, ZONE-1 Prayagraj, Uttar Pradesh. 6 reports, 120 affected. fir"
SLM-001617,validation,ELEVATED,True,True,True,True,True,True,True,True,True,"ELEVATED: road blockages and rescue emergencies plus 1 more, ZONE-5 Jorhat, Assam. 5 reports, 41 affected. Deploy earthm"
SLM-001618,train,IMMEDIATE,True,True,True,True,True,True,True,True,True,"IMMEDIATE: ZONE-3 Prayagraj, Uttar Pradesh -- road blockages and rescue emergencies plus 1 more. 5 reports, 197 affected"
SLM-001619,train,URGENT,True,True,True,True,True,True,True,True,True,"URGENT - ZONE-1 Tiruppur (Tamil Nadu): rescue emergencies and flooding, 71 affected across 5 reports. Deploy water pump "
SLM-001620,train,URGENT,True,True,True,True,True,True,True,True,True,"URGENT: ZONE-2 Lucknow, Uttar Pradesh -- flooding and road blockages plus 2 more. 6 reports, 185 affected. Send water pu"
SLM-001621,validation,IMMEDIATE,True,True,True,True,True,True,True,True,True,"IMMEDIATE: rescue emergencies and flooding, ZONE-3 Rajkot, Gujarat. 5 reports, 151 affected. Dispatch NDRF rescue team a"
SLM-001622,test,URGENT,True,True,True,True,True,True,True,True,True,"URGENT: flooding and rescue emergencies, ZONE-4 Nashik, Maharashtra. 5 reports, 86 affected. Deploy water pump and ambul"
SLM-001623,validation,IMMEDIATE,True,True,True,True,True,True,True,True,True,"IMMEDIATE. flooding and rescue emergencies in ZONE-3 Kozhikode, Kerala; 281 affected, 7 reports. Deploy water pump and r"
SLM-001624,train,URGENT,True,True,True,True,True,True,True,True,True,"URGENT. flooding in ZONE-2 Coimbatore, Tamil Nadu; 50 affected, 5 reports. Deploy water pump and road clearance team plu"
SLM-001625,train,IMMEDIATE,True,True,True,True,True,True,True,True,True,"IMMEDIATE: ZONE-4 Malda, West Bengal -- flooding and rescue emergencies. 5 reports, 142 affected. Send NDRF rescue team "
SLM-001626,train,URGENT,True,True,True,True,True,True,True,True,True,"URGENT - ZONE-5 Muzaffarpur (Bihar): medical emergencies and rescue emergencies plus 1 more, 77 affected across 5 report"
SLM-001627,train,ELEVATED,True,True,True,True,True,True,True,True,True,"ELEVATED: ZONE-3 Prayagraj, Uttar Pradesh -- rescue emergencies and road blockages plus 1 more. 5 reports, 36 affected. "
SLM-001628,train,URGENT,True,True,True,True,True,True,True,True,True,"URGENT. road blockages and flooding plus 1 more in ZONE-1 Ahmedabad, Gujarat; 127 affected, 7 reports. life jackets and "
SLM-001629,train,IMMEDIATE,True,True,True,True,True,True,True,True,True,"IMMEDIATE - ZONE-1 Surat (Gujarat): medical emergencies and rescue emergencies plus 1 more, 199 affected across 6 report"
SLM-001630,train,ELEVATED,True,True,True,True,True,True,True,True,True,"ELEVATED - ZONE-5 Ahmedabad (Gujarat): medical emergencies and flooding plus 2 more, 63 affected across 7 reports. Deplo"
SLM-001631,test,IMMEDIATE,True,True,True,True,True,True,True,True,True,"IMMEDIATE: flooding and road blockages plus 1 more, ZONE-3 Guwahati, Assam. 7 reports, 115 affected. Deploy rescue boat "
SLM-001632,train,IMMEDIATE,True,True,True,True,True,True,True,True,True,"IMMEDIATE: flooding and rescue emergencies, ZONE-4 Darjeeling, West Bengal. 5 reports, 126 affected. road clearance team"
SLM-001633,train,ELEVATED,True,True,True,True,True,True,True,True,True,"ELEVATED. flooding and rescue emergencies in ZONE-5 Guwahati, Assam; 32 affected, 6 reports. Send water pump and NDRF re"
SLM-001634,train,ELEVATED,True,True,True,True,True,True,True,True,True,"ELEVATED: flooding and rescue emergencies plus 1 more, ZONE-2 Nashik, Maharashtra. 6 reports, 49 affected. Dispatch sand"
SLM-001635,validation,IMMEDIATE,True,True,True,True,True,True,True,True,True,"IMMEDIATE: ZONE-5 Howrah, West Bengal -- flooding and rescue emergencies. 8 reports, 193 affected. rescue boat and sandb"
SLM-001636,test,ELEVATED,True,True,True,True,True,True,True,True,True,"ELEVATED: ZONE-1 Kozhikode, Kerala -- medical emergencies and flooding plus 1 more. 7 reports, 49 affected. Dispatch wat"
SLM-001637,test,IMMEDIATE,True,True,True,True,True,True,True,True,True,"IMMEDIATE - ZONE-5 Darjeeling (West Bengal): road blockages and rescue emergencies plus 1 more, 128 affected across 5 re"
SLM-001638,train,URGENT,True,True,True,True,True,True,True,True,True,"URGENT: ZONE-3 Puri, Odisha -- rescue emergencies and flooding plus 1 more. 7 reports, 167 affected. Send ambulance and "
SLM-001639,train,ROUTINE,True,True,True,True,True,True,True,True,True,"ROUTINE: flooding and rescue emergencies plus 1 more, ZONE-3 Alappuzha, Kerala. 5 reports, 20 affected. water pump and s"
SLM-001640,train,URGENT,True,True,True,True,True,True,True,True,True,"URGENT. flooding in ZONE-2 Bengaluru, Karnataka; 94 affected, 5 reports. Deploy water pump and road clearance team plus "
SLM-001641,validation,ELEVATED,True,True,True,True,True,True,True,True,True,"ELEVATED: ZONE-5 Thrissur, Kerala -- medical emergencies and flooding plus 2 more. 5 reports, 38 affected. ambulance and"
SLM-001642,test,IMMEDIATE,True,True,True,True,True,True,True,True,True,"IMMEDIATE. flooding and road blockages plus 1 more in ZONE-3 Darjeeling, West Bengal; 206 affected, 5 reports. Deploy wa"
SLM-001643,test,URGENT,True,True,True,True,True,True,True,True,True,"URGENT. flooding and medical emergencies plus 1 more in ZONE-4 Varanasi, Uttar Pradesh; 72 affected, 5 reports. Dispatch"
SLM-001644,test,URGENT,True,True,True,True,True,True,True,True,True,"URGENT. rescue emergencies and flooding plus 1 more in ZONE-2 Kanpur, Uttar Pradesh; 80 affected, 5 reports. Deploy road"
SLM-001645,train,ELEVATED,True,True,True,True,True,True,True,True,True,"ELEVATED. flooding and rescue emergencies plus 1 more in ZONE-3 Dibrugarh, Assam; 39 affected, 5 reports. Deploy relief "
SLM-001646,train,IMMEDIATE,True,True,True,True,True,True,True,True,True,"IMMEDIATE - ZONE-5 Patna (Bihar): road blockages and flooding plus 1 more, 143 affected across 6 reports. Dispatch tow t"
SLM-001647,train,URGENT,True,True,True,True,True,True,True,True,True,"URGENT: flooding and rescue emergencies, ZONE-1 Dibrugarh, Assam. 5 reports, 49 affected. Deploy rescue boat and drainag"
SLM-001648,train,ELEVATED,True,True,True,True,True,True,True,True,True,"ELEVATED: ZONE-1 Bhubaneswar, Odisha -- flooding and rescue emergencies. 5 reports, 43 affected. Dispatch road clearance"
SLM-001649,test,ELEVATED,True,True,True,True,True,True,True,True,True,"ELEVATED: flooding and medical emergencies plus 2 more, ZONE-3 Kendrapara, Odisha. 9 reports, 79 affected. Deploy life j"
SLM-001650,train,ELEVATED,True,True,True,True,True,True,True,True,True,"ELEVATED: ZONE-5 Bharuch, Gujarat -- flooding and rescue emergencies plus 1 more. 5 reports, 33 affected. Dispatch rescu"
SLM-001651,train,IMMEDIATE,True,True,True,True,True,True,True,True,True,"IMMEDIATE. flooding and medical emergencies plus 1 more in ZONE-2 Ahmedabad, Gujarat; 383 affected, 12 reports. Deploy a"
SLM-001652,train,ROUTINE,True,True,True,True,True,True,True,True,True,"ROUTINE - ZONE-4 Kanpur (Uttar Pradesh): flooding and rescue emergencies plus 2 more, 11 affected across 5 reports. Disp"
SLM-001653,test,URGENT,True,True,True,True,True,True,True,True,True,"URGENT: flooding and road blockages plus 1 more, ZONE-4 Muzaffarpur, Bihar. 6 reports, 178 affected. relief supplies and"
SLM-001654,train,ELEVATED,True,True,True,True,True,True,True,True,True,"ELEVATED: rescue emergencies and flooding, ZONE-5 Kottayam, Kerala. 5 reports, 57 affected. Deploy rescue rope and ladde"
SLM-001655,validation,ELEVATED,True,True,True,True,True,True,True,True,True,"ELEVATED: rescue emergencies and road blockages plus 1 more, ZONE-4 Barpeta, Assam. 6 reports, 50 affected. Send NDRF re"
SLM-001656,validation,IMMEDIATE,True,True,True,True,True,True,True,True,True,"IMMEDIATE: flooding and road blockages plus 1 more, ZONE-2 Cuttack, Odisha. 5 reports, 87 affected. Send relief supplies"
SLM-001657,validation,IMMEDIATE,True,True,True,True,True,True,True,True,True,"IMMEDIATE. flooding and rescue emergencies plus 1 more in ZONE-3 Dhemaji, Assam; 154 affected, 7 reports. Deploy road cl"
SLM-001658,train,ELEVATED,True,True,True,True,True,True,True,True,True,"ELEVATED: medical emergencies and road blockages plus 2 more, ZONE-4 Kanpur, Uttar Pradesh. 5 reports, 55 affected. Send"
SLM-001659,train,ROUTINE,True,True,True,True,True,True,True,True,True,"ROUTINE - ZONE-1 Bharuch (Gujarat): flooding and rescue emergencies, 10 affected across 5 reports. Dispatch rescue rope "
SLM-001660,train,IMMEDIATE,True,True,True,True,True,True,True,True,True,"IMMEDIATE: ZONE-4 Varanasi, Uttar Pradesh -- flooding and road blockages. 5 reports, 162 affected. Dispatch water pump a"
SLM-001661,train,URGENT,True,True,True,True,True,True,True,True,True,"URGENT: flooding, ZONE-5 Chennai, Tamil Nadu. 5 reports, 75 affected. Deploy life jackets and road clearance team plus 1"
SLM-001662,test,IMMEDIATE,True,True,True,True,True,True,True,True,True,"IMMEDIATE - ZONE-3 Nagpur (Maharashtra): flooding and rescue emergencies, 121 affected across 7 reports. Send rescue boa"
SLM-001663,train,ROUTINE,True,True,True,True,True,True,True,True,True,"ROUTINE: rescue emergencies and flooding plus 2 more, ZONE-1 Alappuzha, Kerala. 7 reports, 25 affected. Send rescue rope"
SLM-001664,train,URGENT,True,True,True,True,True,True,True,True,True,"URGENT: ZONE-1 Kodagu, Karnataka -- rescue emergencies and medical emergencies plus 1 more. 5 reports, 83 affected. Send"
SLM-001665,train,URGENT,True,True,True,True,True,True,True,True,True,"URGENT - ZONE-4 Dibrugarh (Assam): flooding and rescue emergencies plus 2 more, 43 affected across 5 reports. Send ambul"
SLM-001666,test,ELEVATED,True,True,True,True,True,True,True,True,True,"ELEVATED: ZONE-2 Malda, West Bengal -- rescue emergencies and flooding plus 1 more. 7 reports, 66 affected. ambulance an"
SLM-001667,train,ELEVATED,True,True,True,True,True,True,True,True,True,"ELEVATED: ZONE-5 Kendrapara, Odisha -- rescue emergencies and flooding plus 1 more. 7 reports, 82 affected. Deploy ambul"
SLM-001668,train,ELEVATED,True,True,True,True,True,True,True,True,True,"ELEVATED. flooding and rescue emergencies in ZONE-2 Puri, Odisha; 47 affected, 5 reports. Dispatch relief supplies and w"
SLM-001669,train,IMMEDIATE,True,True,True,True,True,True,True,True,True,"IMMEDIATE. flooding in ZONE-4 Lucknow, Uttar Pradesh; 243 affected, 6 reports. Send rescue boat and sandbags plus 1 more"
SLM-001670,validation,IMMEDIATE,True,True,True,True,True,True,True,True,True,"IMMEDIATE - ZONE-5 Nashik (Maharashtra): flooding and rescue emergencies plus 1 more, 133 affected across 6 reports. lif"
SLM-001671,train,URGENT,True,True,True,True,True,True,True,True,True,"URGENT: medical emergencies and flooding plus 1 more, ZONE-3 Rajkot, Gujarat. 5 reports, 69 affected. water pump and med"
SLM-001672,train,ELEVATED,True,True,True,True,True,True,True,True,True,"ELEVATED: road blockages and rescue emergencies plus 1 more, ZONE-3 Gorakhpur, Uttar Pradesh. 5 reports, 51 affected. De"
SLM-001673,train,URGENT,True,True,True,True,True,True,True,True,True,"URGENT - ZONE-2 Ahmedabad (Gujarat): flooding and rescue emergencies plus 1 more, 58 affected across 5 reports. Deploy s"
SLM-001674,validation,ELEVATED,True,True,True,True,True,True,True,True,True,"ELEVATED: flooding and road blockages plus 2 more, ZONE-5 Varanasi, Uttar Pradesh. 9 reports, 65 affected. relief suppli"
SLM-001675,validation,URGENT,True,True,True,True,True,True,True,True,True,"URGENT - ZONE-5 Darbhanga (Bihar): flooding and road blockages, 144 affected across 6 reports. Dispatch water pump and d"
SLM-001676,train,IMMEDIATE,True,True,True,True,True,True,True,True,True,"IMMEDIATE. flooding and medical emergencies plus 1 more in ZONE-2 Vadodara, Gujarat; 93 affected, 7 reports. Dispatch sa"
SLM-001677,train,URGENT,True,True,True,True,True,True,True,True,True,"URGENT - ZONE-4 Madurai (Tamil Nadu): flooding and rescue emergencies, 72 affected across 5 reports. Dispatch rescue rop"
SLM-001678,test,ELEVATED,True,True,True,True,True,True,True,True,True,"ELEVATED: ZONE-2 Varanasi, Uttar Pradesh -- rescue emergencies and road blockages plus 1 more. 7 reports, 51 affected. S"
SLM-001679,train,IMMEDIATE,True,True,True,True,True,True,True,True,True,"IMMEDIATE: flooding and rescue emergencies plus 2 more, ZONE-4 Kanpur, Uttar Pradesh. 6 reports, 102 affected. Deploy am"
SLM-001680,validation,ROUTINE,True,True,True,True,True,True,True,True,True,"ROUTINE. rescue emergencies and flooding plus 1 more in ZONE-1 Jorhat, Assam; 13 affected, 5 reports. life jackets and a"
SLM-001681,test,URGENT,True,True,True,True,True,True,True,True,True,"URGENT. flooding and rescue emergencies in ZONE-1 Chennai, Tamil Nadu; 98 affected, 6 reports. NDRF flood rescue team an"
SLM-001682,train,URGENT,True,True,True,True,True,True,True,True,True,"URGENT. flooding and road blockages plus 1 more in ZONE-5 Jorhat, Assam; 103 affected, 6 reports. Dispatch medical first"
SLM-001683,train,URGENT,True,True,True,True,True,True,True,True,True,"URGENT. road blockages and flooding plus 1 more in ZONE-5 Patna, Bihar; 123 affected, 5 reports. road clearance crew and"
SLM-001684,validation,URGENT,True,True,True,True,True,True,True,True,True,"URGENT. flooding and rescue emergencies in ZONE-2 Mysuru, Karnataka; 135 affected, 6 reports. Dispatch water pump and ND"
SLM-001685,test,ELEVATED,True,True,True,True,True,True,True,True,True,"ELEVATED: rescue emergencies and flooding plus 1 more, ZONE-3 Bengaluru, Karnataka. 5 reports, 52 affected. Deploy rescu"
SLM-001686,validation,ELEVATED,True,True,True,True,True,True,True,True,True,"ELEVATED: ZONE-4 Bhubaneswar, Odisha -- rescue emergencies and flooding. 5 reports, 43 affected. Send rescue rope and la"
SLM-001687,train,URGENT,True,True,True,True,True,True,True,True,True,"URGENT: flooding and road blockages plus 1 more, ZONE-5 Thrissur, Kerala. 5 reports, 36 affected. drainage team and traf"
SLM-001688,train,IMMEDIATE,True,True,True,True,True,True,True,True,True,"IMMEDIATE - ZONE-1 Kochi (Kerala): flooding and medical emergencies, 145 affected across 5 reports. Dispatch water pump "
SLM-001689,train,ROUTINE,True,True,True,True,True,True,True,True,True,"ROUTINE - ZONE-1 Darjeeling (West Bengal): flooding and medical emergencies plus 1 more, 20 affected across 6 reports. D"
SLM-001690,train,ROUTINE,True,True,True,True,True,True,True,True,True,"ROUTINE - ZONE-5 Dibrugarh (Assam): rescue emergencies and flooding plus 1 more, 9 affected across 6 reports. Deploy wat"
SLM-001691,train,ELEVATED,True,True,True,True,True,True,True,True,True,"ELEVATED: ZONE-4 Mangaluru, Karnataka -- flooding and road blockages. 6 reports, 45 affected. Send relief supplies and r"
SLM-001692,test,IMMEDIATE,True,True,True,True,True,True,True,True,True,"IMMEDIATE: rescue emergencies and flooding plus 1 more, ZONE-1 Kanpur, Uttar Pradesh. 5 reports, 160 affected. Send fire"
SLM-001693,train,ELEVATED,True,True,True,True,True,True,True,True,True,"ELEVATED. flooding and rescue emergencies in ZONE-3 Murshidabad, West Bengal; 71 affected, 6 reports. Dispatch NDRF floo"
SLM-001694,test,ELEVATED,True,True,True,True,True,True,True,True,True,"ELEVATED: ZONE-5 Dhemaji, Assam -- flooding and road blockages plus 1 more. 5 reports, 36 affected. Dispatch traffic pol"
SLM-001695,validation,ELEVATED,True,True,True,True,True,True,True,True,True,"ELEVATED: flooding and medical emergencies, ZONE-5 Alappuzha, Kerala. 5 reports, 37 affected. Dispatch water pump and sa"
SLM-001696,validation,URGENT,True,True,True,True,True,True,True,True,True,"URGENT: ZONE-2 Puri, Odisha -- medical emergencies and flooding. 5 reports, 108 affected. Send emergency medical team an"
SLM-001697,train,IMMEDIATE,True,True,True,True,True,True,True,True,True,"IMMEDIATE: ZONE-4 Thanjavur, Tamil Nadu -- rescue emergencies and flooding plus 1 more. 10 reports, 202 affected. Send N"
SLM-001698,test,URGENT,True,True,True,True,True,True,True,True,True,"URGENT: flooding and medical emergencies plus 2 more, ZONE-4 Nashik, Maharashtra. 8 reports, 229 affected. water pump an"
SLM-001699,train,IMMEDIATE,True,True,True,True,True,True,True,True,True,"IMMEDIATE: ZONE-4 Puri, Odisha -- rescue emergencies and road blockages plus 2 more. 7 reports, 136 affected. rescue rop"
SLM-001700,train,URGENT,True,True,True,True,True,True,True,True,True,"URGENT: ZONE-5 Kochi, Kerala -- flooding and road blockages plus 1 more. 6 reports, 90 affected. Deploy water pump and e"
SLM-001701,test,ELEVATED,True,True,True,True,True,True,True,True,True,"ELEVATED. flooding and rescue emergencies plus 1 more in ZONE-4 Chennai, Tamil Nadu; 50 affected, 5 reports. Deploy NDRF"
SLM-001702,train,ROUTINE,True,True,True,True,True,True,True,True,True,"ROUTINE. road blockages and rescue emergencies plus 1 more in ZONE-2 Thanjavur, Tamil Nadu; 20 affected, 5 reports. Depl"
SLM-001703,train,ELEVATED,True,True,True,True,True,True,True,True,True,"ELEVATED. flooding and rescue emergencies in ZONE-5 Darbhanga, Bihar; 32 affected, 6 reports. Dispatch life jackets and "
SLM-001704,train,URGENT,True,True,True,True,True,True,True,True,True,"URGENT - ZONE-1 Nagpur (Maharashtra): flooding and rescue emergencies plus 1 more, 44 affected across 5 reports. Deploy "
SLM-001705,validation,ROUTINE,True,True,True,True,True,True,True,True,True,"ROUTINE: ZONE-3 Bhagalpur, Bihar -- rescue emergencies and road blockages plus 2 more. 5 reports, 19 affected. Send resc"
SLM-001706,train,ELEVATED,True,True,True,True,True,True,True,True,True,"ELEVATED: flooding and road blockages plus 1 more, ZONE-1 Udupi, Karnataka. 7 reports, 55 affected. Deploy road clearanc"
SLM-001707,train,ROUTINE,True,True,True,True,True,True,True,True,True,"ROUTINE: ZONE-1 Thanjavur, Tamil Nadu -- rescue emergencies and flooding plus 1 more. 5 reports, 16 affected. Dispatch r"
SLM-001708,train,IMMEDIATE,True,True,True,True,True,True,True,True,True,"IMMEDIATE: ZONE-5 Darjeeling, West Bengal -- rescue emergencies and flooding plus 1 more. 5 reports, 135 affected. Send "
SLM-001709,test,IMMEDIATE,True,True,True,True,True,True,True,True,True,"IMMEDIATE. rescue emergencies and flooding plus 1 more in ZONE-4 Surat, Gujarat; 130 affected, 5 reports. rescue boat an"
SLM-001710,validation,URGENT,True,True,True,True,True,True,True,True,True,"URGENT: ZONE-3 Kodagu, Karnataka -- flooding and medical emergencies. 6 reports, 64 affected. emergency medical team and"
SLM-001711,train,ELEVATED,True,True,True,True,True,True,True,True,True,"ELEVATED: flooding and rescue emergencies plus 1 more, ZONE-3 Puri, Odisha. 6 reports, 39 affected. Dispatch rescue boat"
SLM-001712,train,IMMEDIATE,True,True,True,True,True,True,True,True,True,"IMMEDIATE. flooding and rescue emergencies in ZONE-4 Bhagalpur, Bihar; 192 affected, 5 reports. Deploy relief supplies a"
SLM-001713,validation,ELEVATED,True,True,True,True,True,True,True,True,True,"ELEVATED. flooding and rescue emergencies in ZONE-2 Kolkata, West Bengal; 35 affected, 5 reports. Dispatch water pump an"
SLM-001714,test,URGENT,True,True,True,True,True,True,True,True,True,"URGENT: ZONE-3 Kendrapara, Odisha -- flooding and medical emergencies plus 1 more. 8 reports, 180 affected. Deploy water"
SLM-001715,train,IMMEDIATE,True,True,True,True,True,True,True,True,True,"IMMEDIATE. rescue emergencies and flooding plus 1 more in ZONE-2 Balasore, Odisha; 130 affected, 5 reports. Dispatch wat"
SLM-001716,train,ELEVATED,True,True,True,True,True,True,True,True,True,"ELEVATED. road blockages and flooding plus 1 more in ZONE-3 Alappuzha, Kerala; 33 affected, 5 reports. Deploy traffic po"
SLM-001717,validation,ELEVATED,True,True,True,True,True,True,True,True,True,"ELEVATED. flooding and road blockages plus 2 more in ZONE-3 Darbhanga, Bihar; 67 affected, 9 reports. Dispatch NDRF resc"
SLM-001718,train,IMMEDIATE,True,True,True,True,True,True,True,True,True,"IMMEDIATE - ZONE-5 Mysuru (Karnataka): flooding and rescue emergencies plus 1 more, 116 affected across 6 reports. Send "
SLM-001719,train,URGENT,True,True,True,True,True,True,True,True,True,"URGENT: rescue emergencies and flooding plus 1 more, ZONE-5 Bhagalpur, Bihar. 5 reports, 75 affected. Send water pump an"
SLM-001720,train,ELEVATED,True,True,True,True,True,True,True,True,True,"ELEVATED: ZONE-1 Chennai, Tamil Nadu -- road blockages and medical emergencies plus 2 more. 5 reports, 49 affected. Depl"
SLM-001721,train,ELEVATED,True,True,True,True,True,True,True,True,True,"ELEVATED: ZONE-1 Bengaluru, Karnataka -- medical emergencies and flooding plus 1 more. 6 reports, 44 affected. road clea"
SLM-001722,train,ROUTINE,True,True,True,True,True,True,True,True,True,"ROUTINE: flooding and road blockages, ZONE-1 Malda, West Bengal. 5 reports, 15 affected. Deploy water pump and relief su"
SLM-001723,test,URGENT,True,True,True,True,True,True,True,True,True,"URGENT. road blockages and flooding in ZONE-2 Darjeeling, West Bengal; 79 affected, 6 reports. Deploy drainage team and "
SLM-001724,validation,URGENT,True,True,True,True,True,True,True,True,True,"URGENT - ZONE-1 Thrissur (Kerala): flooding and road blockages, 192 affected across 7 reports. Dispatch rescue boat and "
SLM-001725,train,IMMEDIATE,True,True,True,True,True,True,True,True,True,"IMMEDIATE. flooding and rescue emergencies plus 1 more in ZONE-1 Kodagu, Karnataka; 121 affected, 5 reports. Send NDRF r"
SLM-001726,test,IMMEDIATE,True,True,True,True,True,True,True,True,True,"IMMEDIATE - ZONE-1 Patna (Bihar): flooding and rescue emergencies, 112 affected across 5 reports. relief supplies and ND"
SLM-001727,validation,IMMEDIATE,True,True,True,True,True,True,True,True,True,"IMMEDIATE: rescue emergencies and flooding, ZONE-5 Gorakhpur, Uttar Pradesh. 5 reports, 221 affected. fire and rescue un"
SLM-001728,train,URGENT,True,True,True,True,True,True,True,True,True,"URGENT: flooding and road blockages plus 1 more, ZONE-2 Varanasi, Uttar Pradesh. 5 reports, 87 affected. NDRF flood resc"
SLM-001729,train,ELEVATED,True,True,True,True,True,True,True,True,True,"ELEVATED: ZONE-5 Gaya, Bihar -- road blockages and flooding. 5 reports, 54 affected. Dispatch water pump and road cleara"
SLM-001730,test,ELEVATED,True,True,True,True,True,True,True,True,True,"ELEVATED - ZONE-1 Ahmedabad (Gujarat): rescue emergencies and road blockages plus 2 more, 60 affected across 6 reports. "
SLM-001731,test,ROUTINE,True,True,True,True,True,True,True,True,True,"ROUTINE. rescue emergencies and medical emergencies plus 2 more in ZONE-1 Kozhikode, Kerala; 21 affected, 7 reports. Dis"
SLM-001732,train,IMMEDIATE,True,True,True,True,True,True,True,True,True,"IMMEDIATE. road blockages and medical emergencies plus 1 more in ZONE-1 Mangaluru, Karnataka; 138 affected, 6 reports. D"
SLM-001733,train,ELEVATED,True,True,True,True,True,True,True,True,True,"ELEVATED - ZONE-5 Murshidabad (West Bengal): flooding and rescue emergencies plus 2 more, 44 affected across 8 reports. "
SLM-001734,test,URGENT,True,True,True,True,True,True,True,True,True,"URGENT: medical emergencies and flooding plus 1 more, ZONE-1 Kodagu, Karnataka. 5 reports, 109 affected. Send water pump"
SLM-001735,train,ELEVATED,True,True,True,True,True,True,True,True,True,"ELEVATED: rescue emergencies and road blockages plus 1 more, ZONE-4 Malda, West Bengal. 5 reports, 39 affected. road cle"
SLM-001736,train,IMMEDIATE,True,True,True,True,True,True,True,True,True,"IMMEDIATE. flooding and rescue emergencies in ZONE-2 Kochi, Kerala; 137 affected, 5 reports. Dispatch water pump and rel"
SLM-001737,train,IMMEDIATE,True,True,True,True,True,True,True,True,True,"IMMEDIATE: ZONE-1 Mangaluru, Karnataka -- flooding and medical emergencies plus 1 more. 5 reports, 135 affected. Deploy "
SLM-001738,train,URGENT,True,True,True,True,True,True,True,True,True,"URGENT: ZONE-3 Pune, Maharashtra -- road blockages and flooding. 5 reports, 117 affected. Dispatch relief supplies and r"
SLM-001739,test,ELEVATED,True,True,True,True,True,True,True,True,True,"ELEVATED: flooding and rescue emergencies, ZONE-4 Kottayam, Kerala. 5 reports, 58 affected. Dispatch water pump and resc"
SLM-001740,train,URGENT,True,True,True,True,True,True,True,True,True,"URGENT. flooding and medical emergencies plus 1 more in ZONE-5 Kendrapara, Odisha; 66 affected, 5 reports. Dispatch wate"
SLM-001741,test,IMMEDIATE,True,True,True,True,True,True,True,True,True,"IMMEDIATE. medical emergencies and rescue emergencies plus 2 more in ZONE-3 Mysuru, Karnataka; 193 affected, 5 reports. "
SLM-001742,train,IMMEDIATE,True,True,True,True,True,True,True,True,True,"IMMEDIATE: rescue emergencies and medical emergencies plus 2 more, ZONE-2 Surat, Gujarat. 7 reports, 157 affected. water"
SLM-001743,validation,IMMEDIATE,True,True,True,True,True,True,True,True,True,"IMMEDIATE: medical emergencies and flooding plus 1 more, ZONE-2 Gaya, Bihar. 5 reports, 132 affected. Dispatch emergency"
SLM-001744,validation,URGENT,True,True,True,True,True,True,True,True,True,"URGENT: road blockages and rescue emergencies plus 1 more, ZONE-5 Murshidabad, West Bengal. 5 reports, 30 affected. Depl"
SLM-001745,train,IMMEDIATE,True,True,True,True,True,True,True,True,True,"IMMEDIATE - ZONE-5 Mangaluru (Karnataka): rescue emergencies and road blockages plus 1 more, 236 affected across 5 repor"
SLM-001746,train,ELEVATED,True,True,True,True,True,True,True,True,True,"ELEVATED. flooding and rescue emergencies in ZONE-5 Kolhapur, Maharashtra; 30 affected, 5 reports. sandbags and NDRF flo"
SLM-001747,train,URGENT,True,True,True,True,True,True,True,True,True,"URGENT: rescue emergencies and flooding, ZONE-2 Cuttack, Odisha. 6 reports, 115 affected. drainage team and fire and res"
SLM-001748,validation,ROUTINE,True,True,True,True,True,True,True,True,True,"ROUTINE: rescue emergencies and medical emergencies plus 1 more, ZONE-4 Mysuru, Karnataka. 5 reports, 15 affected. Deplo"
SLM-001749,train,ELEVATED,True,True,True,True,True,True,True,True,True,"ELEVATED: ZONE-2 Vadodara, Gujarat -- road blockages and flooding plus 1 more. 5 reports, 26 affected. Deploy tow truck "
SLM-001750,train,URGENT,True,True,True,True,True,True,True,True,True,"URGENT: flooding and rescue emergencies plus 1 more, ZONE-1 Coimbatore, Tamil Nadu. 5 reports, 75 affected. Send NDRF fl"
SLM-001751,validation,URGENT,True,True,True,True,True,True,True,True,True,"URGENT: ZONE-1 Howrah, West Bengal -- rescue emergencies and flooding. 5 reports, 73 affected. Dispatch water pump and a"
SLM-001752,train,ROUTINE,True,True,True,True,True,True,True,True,True,"ROUTINE - ZONE-5 Kottayam (Kerala): road blockages and rescue emergencies plus 2 more, 18 affected across 5 reports. Dis"
SLM-001753,train,IMMEDIATE,True,True,True,True,True,True,True,True,True,"IMMEDIATE. flooding and rescue emergencies in ZONE-2 Guwahati, Assam; 202 affected, 7 reports. water pump and road clear"
SLM-001754,train,ELEVATED,True,True,True,True,True,True,True,True,True,"ELEVATED - ZONE-5 Chennai (Tamil Nadu): rescue emergencies and road blockages plus 2 more, 59 affected across 6 reports."
SLM-001755,train,IMMEDIATE,True,True,True,True,True,True,True,True,True,"IMMEDIATE: flooding and rescue emergencies plus 2 more, ZONE-2 Jorhat, Assam. 7 reports, 299 affected. NDRF rescue team "
SLM-001756,train,ELEVATED,True,True,True,True,True,True,True,True,True,"ELEVATED: ZONE-2 Udupi, Karnataka -- rescue emergencies and flooding plus 2 more. 11 reports, 106 affected. Dispatch wat"
SLM-001757,train,ELEVATED,True,True,True,True,True,True,True,True,True,"ELEVATED. road blockages and medical emergencies plus 1 more in ZONE-1 Darjeeling, West Bengal; 44 affected, 5 reports. "
SLM-001758,test,URGENT,True,True,True,True,True,True,True,True,True,"URGENT: ZONE-5 Prayagraj, Uttar Pradesh -- flooding and rescue emergencies. 5 reports, 96 affected. water pump and NDRF "
SLM-001759,train,IMMEDIATE,True,True,True,True,True,True,True,True,True,"IMMEDIATE: ZONE-3 Nagpur, Maharashtra -- road blockages and rescue emergencies plus 1 more. 5 reports, 159 affected. tra"
SLM-001760,test,URGENT,True,True,True,True,True,True,True,True,True,"URGENT - ZONE-2 Mumbai (Maharashtra): flooding and road blockages, 56 affected across 5 reports. road clearance team and"
SLM-001761,train,ELEVATED,True,True,True,True,True,True,True,True,True,"ELEVATED - ZONE-2 Tiruppur (Tamil Nadu): road blockages and medical emergencies plus 1 more, 42 affected across 5 report"
SLM-001762,validation,ELEVATED,True,True,True,True,True,True,True,True,True,"ELEVATED. flooding and rescue emergencies in ZONE-1 Murshidabad, West Bengal; 60 affected, 9 reports. Dispatch life jack"
SLM-001763,train,URGENT,True,True,True,True,True,True,True,True,True,"URGENT: road blockages and flooding plus 2 more, ZONE-5 Lucknow, Uttar Pradesh. 8 reports, 91 affected. Send ambulance a"
SLM-001764,train,URGENT,True,True,True,True,True,True,True,True,True,"URGENT - ZONE-4 Surat (Gujarat): flooding and rescue emergencies, 193 affected across 8 reports. Send water pump and lif"
SLM-001765,validation,IMMEDIATE,True,True,True,True,True,True,True,True,True,"IMMEDIATE - ZONE-4 Kolkata (West Bengal): flooding and rescue emergencies, 163 affected across 5 reports. road clearance"
SLM-001766,test,URGENT,True,True,True,True,True,True,True,True,True,"URGENT: road blockages and flooding, ZONE-2 Kolhapur, Maharashtra. 6 reports, 121 affected. sandbags and road clearance "
SLM-001767,train,URGENT,True,True,True,True,True,True,True,True,True,"URGENT: ZONE-5 Kanpur, Uttar Pradesh -- flooding and medical emergencies plus 1 more. 7 reports, 168 affected. Dispatch "
SLM-001768,train,URGENT,True,True,True,True,True,True,True,True,True,"URGENT: ZONE-4 Alappuzha, Kerala -- flooding and rescue emergencies. 5 reports, 48 affected. Deploy life jackets and NDR"
SLM-001769,train,IMMEDIATE,True,True,True,True,True,True,True,True,True,"IMMEDIATE: medical emergencies and flooding plus 1 more, ZONE-5 Pune, Maharashtra. 5 reports, 138 affected. Send emergen"
SLM-001770,validation,URGENT,True,True,True,True,True,True,True,True,True,"URGENT - ZONE-4 Kochi (Kerala): flooding and rescue emergencies plus 1 more, 118 affected across 6 reports. Deploy drain"
SLM-001771,train,ELEVATED,True,True,True,True,True,True,True,True,True,"ELEVATED: ZONE-1 Surat, Gujarat -- rescue emergencies and flooding. 5 reports, 38 affected. Send NDRF flood rescue team "
SLM-001772,train,IMMEDIATE,True,True,True,True,True,True,True,True,True,"IMMEDIATE - ZONE-3 Jorhat (Assam): rescue emergencies and road blockages plus 1 more, 165 affected across 5 reports. Sen"
SLM-001773,train,ELEVATED,True,True,True,True,True,True,True,True,True,"ELEVATED - ZONE-2 Varanasi (Uttar Pradesh): road blockages and flooding, 23 affected across 5 reports. Dispatch road cle"
SLM-001774,train,ELEVATED,True,True,True,True,True,True,True,True,True,"ELEVATED. flooding and medical emergencies plus 2 more in ZONE-1 Varanasi, Uttar Pradesh; 52 affected, 6 reports. Dispat"
SLM-001775,train,ELEVATED,True,True,True,True,True,True,True,True,True,"ELEVATED: flooding and medical emergencies, ZONE-5 Bhagalpur, Bihar. 5 reports, 61 affected. Deploy paramedic team and r"
SLM-001776,validation,ELEVATED,True,True,True,True,True,True,True,True,True,"ELEVATED. rescue emergencies and flooding plus 1 more in ZONE-5 Bengaluru, Karnataka; 45 affected, 8 reports. Send rescu"
SLM-001777,train,IMMEDIATE,True,True,True,True,True,True,True,True,True,"IMMEDIATE: ZONE-1 Rajkot, Gujarat -- road blockages and rescue emergencies plus 1 more. 7 reports, 68 affected. Send fir"
SLM-001778,test,URGENT,True,True,True,True,True,True,True,True,True,"URGENT: ZONE-4 Thanjavur, Tamil Nadu -- flooding and rescue emergencies. 5 reports, 86 affected. life jackets and water "
SLM-001779,test,IMMEDIATE,True,True,True,True,True,True,True,True,True,"IMMEDIATE - ZONE-3 Cuttack (Odisha): road blockages and rescue emergencies plus 1 more, 103 affected across 5 reports. D"
SLM-001780,train,IMMEDIATE,True,True,True,True,True,True,True,True,True,"IMMEDIATE: flooding and rescue emergencies plus 1 more, ZONE-5 Madurai, Tamil Nadu. 7 reports, 152 affected. Dispatch wa"
SLM-001781,train,URGENT,True,True,True,True,True,True,True,True,True,"URGENT: ZONE-3 Udupi, Karnataka -- flooding and rescue emergencies plus 1 more. 6 reports, 133 affected. Send life jacke"
SLM-001782,train,IMMEDIATE,True,True,True,True,True,True,True,True,True,"IMMEDIATE: ZONE-3 Guwahati, Assam -- flooding and rescue emergencies plus 1 more. 5 reports, 166 affected. water pump an"
SLM-001783,train,ELEVATED,True,True,True,True,True,True,True,True,True,"ELEVATED. medical emergencies and flooding plus 2 more in ZONE-4 Coimbatore, Tamil Nadu; 72 affected, 10 reports. Deploy"
SLM-001784,train,ELEVATED,True,True,True,True,True,True,True,True,True,"ELEVATED. road blockages and medical emergencies plus 2 more in ZONE-5 Bengaluru, Karnataka; 60 affected, 7 reports. Sen"
SLM-001785,train,ELEVATED,True,True,True,True,True,True,True,True,True,"ELEVATED: rescue emergencies and flooding plus 1 more, ZONE-5 Darbhanga, Bihar. 5 reports, 63 affected. Send ambulance a"
SLM-001786,train,IMMEDIATE,True,True,True,True,True,True,True,True,True,"IMMEDIATE. medical emergencies and flooding plus 2 more in ZONE-1 Bharuch, Gujarat; 137 affected, 6 reports. Send emerge"
SLM-001787,train,URGENT,True,True,True,True,True,True,True,True,True,"URGENT - ZONE-1 Udupi (Karnataka): rescue emergencies and medical emergencies plus 1 more, 67 affected across 6 reports."
SLM-001788,train,ELEVATED,True,True,True,True,True,True,True,True,True,"ELEVATED - ZONE-1 Kendrapara (Odisha): flooding and medical emergencies plus 2 more, 46 affected across 6 reports. Send "
SLM-001789,train,ELEVATED,True,True,True,True,True,True,True,True,True,"ELEVATED. flooding and rescue emergencies in ZONE-3 Varanasi, Uttar Pradesh; 46 affected, 5 reports. Dispatch rescue boa"
SLM-001790,test,IMMEDIATE,True,True,True,True,True,True,True,True,True,"IMMEDIATE. medical emergencies and flooding plus 1 more in ZONE-2 Thanjavur, Tamil Nadu; 114 affected, 5 reports. Dispat"
SLM-001791,test,ROUTINE,True,True,True,True,True,True,True,True,True,"ROUTINE: rescue emergencies and flooding plus 1 more, ZONE-2 Kendrapara, Odisha. 6 reports, 22 affected. Dispatch fire a"
SLM-001792,train,URGENT,True,True,True,True,True,True,True,True,True,"URGENT: ZONE-2 Kolkata, West Bengal -- flooding and medical emergencies. 5 reports, 58 affected. Send emergency medical "
SLM-001793,train,ELEVATED,True,True,True,True,True,True,True,True,True,"ELEVATED - ZONE-2 Dhemaji (Assam): flooding and rescue emergencies plus 1 more, 60 affected across 6 reports. Dispatch l"
SLM-001794,train,URGENT,True,True,True,True,True,True,True,True,True,"URGENT: flooding and rescue emergencies plus 1 more, ZONE-1 Patna, Bihar. 5 reports, 104 affected. NDRF flood rescue tea"
SLM-001795,test,ELEVATED,True,True,True,True,True,True,True,True,True,"ELEVATED. rescue emergencies and flooding plus 1 more in ZONE-5 Barpeta, Assam; 56 affected, 6 reports. fire and rescue "
SLM-001796,train,URGENT,True,True,True,True,True,True,True,True,True,"URGENT - ZONE-3 Balasore (Odisha): flooding and rescue emergencies, 75 affected across 5 reports. road clearance team an"
SLM-001797,train,IMMEDIATE,True,True,True,True,True,True,True,True,True,"IMMEDIATE: flooding and medical emergencies plus 1 more, ZONE-2 Patna, Bihar. 5 reports, 81 affected. water pump and NDR"
SLM-001798,train,URGENT,True,True,True,True,True,True,True,True,True,"URGENT: ZONE-4 Alappuzha, Kerala -- rescue emergencies and road blockages plus 1 more. 5 reports, 60 affected. Deploy am"
SLM-001799,train,ROUTINE,True,True,True,True,True,True,True,True,True,"ROUTINE - ZONE-2 Darbhanga (Bihar): flooding and medical emergencies, 20 affected across 5 reports. Dispatch water pump "
SLM-001800,test,ELEVATED,True,True,True,True,True,True,True,True,True,"ELEVATED: ZONE-3 Jorhat, Assam -- flooding and medical emergencies plus 2 more. 5 reports, 38 affected. Send NDRF flood "
SLM-001801,train,IMMEDIATE,True,True,True,True,True,True,True,True,True,"IMMEDIATE - ZONE-3 Dhemaji (Assam): road blockages and flooding plus 1 more, 57 affected across 6 reports. Send water pu"
SLM-001802,train,IMMEDIATE,True,True,True,True,True,True,True,True,True,"IMMEDIATE: rescue emergencies and flooding, ZONE-4 Nagpur, Maharashtra. 6 reports, 206 affected. Deploy fire and rescue "
SLM-001803,train,IMMEDIATE,True,True,True,True,True,True,True,True,True,"IMMEDIATE: ZONE-5 Bhagalpur, Bihar -- flooding and rescue emergencies. 5 reports, 127 affected. Send drainage team and s"
SLM-001804,train,ELEVATED,True,True,True,True,True,True,True,True,True,"ELEVATED: road blockages and medical emergencies plus 2 more, ZONE-2 Mumbai, Maharashtra. 5 reports, 63 affected. road c"
SLM-001805,train,URGENT,True,True,True,True,True,True,True,True,True,"URGENT: flooding and medical emergencies plus 1 more, ZONE-4 Kolkata, West Bengal. 6 reports, 143 affected. Dispatch amb"
SLM-001806,train,IMMEDIATE,True,True,True,True,True,True,True,True,True,"IMMEDIATE - ZONE-1 Prayagraj (Uttar Pradesh): rescue emergencies and flooding plus 1 more, 265 affected across 6 reports"
SLM-001807,train,ELEVATED,True,True,True,True,True,True,True,True,True,"ELEVATED - ZONE-2 Bhubaneswar (Odisha): flooding and medical emergencies plus 1 more, 85 affected across 9 reports. Disp"
SLM-001808,train,ELEVATED,True,True,True,True,True,True,True,True,True,"ELEVATED: ZONE-5 Alappuzha, Kerala -- rescue emergencies and flooding. 6 reports, 32 affected. Deploy water pump and fir"
SLM-001809,test,URGENT,True,True,True,True,True,True,True,True,True,"URGENT. rescue emergencies and flooding plus 1 more in ZONE-3 Howrah, West Bengal; 131 affected, 8 reports. Deploy water"
SLM-001810,train,ELEVATED,True,True,True,True,True,True,True,True,True,"ELEVATED: road blockages and flooding plus 2 more, ZONE-3 Udupi, Karnataka. 6 reports, 51 affected. Dispatch road cleara"
SLM-001811,validation,URGENT,True,True,True,True,True,True,True,True,True,"URGENT: flooding and medical emergencies plus 2 more, ZONE-4 Tiruppur, Tamil Nadu. 7 reports, 164 affected. Deploy life "
SLM-001812,train,IMMEDIATE,True,True,True,True,True,True,True,True,True,"IMMEDIATE - ZONE-5 Nagpur (Maharashtra): flooding and road blockages plus 1 more, 271 affected across 5 reports. Send wa"
SLM-001813,train,ELEVATED,True,True,True,True,True,True,True,True,True,"ELEVATED - ZONE-3 Bhagalpur (Bihar): rescue emergencies and flooding plus 1 more, 50 affected across 5 reports. Dispatch"
SLM-001814,train,URGENT,True,True,True,True,True,True,True,True,True,"URGENT - ZONE-5 Kolhapur (Maharashtra): flooding and medical emergencies plus 1 more, 196 affected across 8 reports. Sen"
SLM-001815,validation,URGENT,True,True,True,True,True,True,True,True,True,"URGENT: ZONE-1 Surat, Gujarat -- flooding and road blockages. 5 reports, 143 affected. Dispatch water pump and sandbags "
SLM-001816,validation,ELEVATED,True,True,True,True,True,True,True,True,True,"ELEVATED - ZONE-1 Bharuch (Gujarat): flooding and rescue emergencies, 28 affected across 5 reports. Deploy relief suppli"
SLM-001817,train,ELEVATED,True,True,True,True,True,True,True,True,True,"ELEVATED - ZONE-5 Nashik (Maharashtra): rescue emergencies and flooding plus 1 more, 38 affected across 5 reports. Deplo"
SLM-001818,train,IMMEDIATE,True,True,True,True,True,True,True,True,True,"IMMEDIATE: flooding and road blockages plus 1 more, ZONE-5 Mangaluru, Karnataka. 7 reports, 136 affected. Send fire and "
SLM-001819,train,IMMEDIATE,True,True,True,True,True,True,True,True,True,"IMMEDIATE - ZONE-2 Udupi (Karnataka): flooding and rescue emergencies plus 1 more, 192 affected across 9 reports. water "
SLM-001820,train,IMMEDIATE,True,True,True,True,True,True,True,True,True,"IMMEDIATE: ZONE-1 Darbhanga, Bihar -- medical emergencies and road blockages plus 2 more. 7 reports, 265 affected. Dispa"
SLM-001821,train,ELEVATED,True,True,True,True,True,True,True,True,True,"ELEVATED: ZONE-3 Kolkata, West Bengal -- rescue emergencies and road blockages plus 1 more. 5 reports, 47 affected. wate"
SLM-001822,train,ELEVATED,True,True,True,True,True,True,True,True,True,"ELEVATED. medical emergencies and flooding plus 1 more in ZONE-2 Balasore, Odisha; 81 affected, 6 reports. Send medical "
SLM-001823,train,ELEVATED,True,True,True,True,True,True,True,True,True,"ELEVATED - ZONE-3 Alappuzha (Kerala): flooding and rescue emergencies plus 2 more, 82 affected across 7 reports. Dispatc"
SLM-001824,train,ROUTINE,True,True,True,True,True,True,True,True,True,"ROUTINE. flooding and rescue emergencies plus 1 more in ZONE-3 Mysuru, Karnataka; 22 affected, 6 reports. Send NDRF floo"
SLM-001825,test,IMMEDIATE,True,True,True,True,True,True,True,True,True,"IMMEDIATE: ZONE-5 Kolkata, West Bengal -- flooding and road blockages plus 1 more. 5 reports, 230 affected. Dispatch lif"
SLM-001826,train,ELEVATED,True,True,True,True,True,True,True,True,True,"ELEVATED: ZONE-3 Bharuch, Gujarat -- flooding and road blockages. 5 reports, 46 affected. Dispatch road clearance team a"
SLM-001827,train,URGENT,True,True,True,True,True,True,True,True,True,"URGENT - ZONE-3 Tiruppur (Tamil Nadu): road blockages and flooding plus 1 more, 102 affected across 5 reports. Deploy wa"
SLM-001828,train,URGENT,True,True,True,True,True,True,True,True,True,"URGENT: ZONE-2 Gaya, Bihar -- flooding and road blockages plus 1 more. 9 reports, 208 affected. Send life jackets and re"
SLM-001829,train,ELEVATED,True,True,True,True,True,True,True,True,True,"ELEVATED - ZONE-4 Vadodara (Gujarat): flooding and medical emergencies plus 1 more, 54 affected across 7 reports. Send w"
SLM-001830,train,ELEVATED,True,True,True,True,True,True,True,True,True,"ELEVATED - ZONE-3 Barpeta (Assam): flooding and rescue emergencies plus 1 more, 56 affected across 7 reports. Send NDRF "
SLM-001831,train,IMMEDIATE,True,True,True,True,True,True,True,True,True,"IMMEDIATE: flooding and rescue emergencies plus 1 more, ZONE-5 Varanasi, Uttar Pradesh. 6 reports, 142 affected. Dispatc"
SLM-001832,train,URGENT,True,True,True,True,True,True,True,True,True,"URGENT: ZONE-2 Cuttack, Odisha -- flooding and road blockages. 5 reports, 89 affected. road clearance team and life jack"
SLM-001833,train,IMMEDIATE,True,True,True,True,True,True,True,True,True,"IMMEDIATE: ZONE-5 Cuttack, Odisha -- road blockages and flooding plus 2 more. 6 reports, 169 affected. Send traffic poli"
SLM-001834,train,IMMEDIATE,True,True,True,True,True,True,True,True,True,"IMMEDIATE - ZONE-2 Barpeta (Assam): flooding and rescue emergencies, 200 affected across 7 reports. Deploy water pump an"
SLM-001835,train,ELEVATED,True,True,True,True,True,True,True,True,True,"ELEVATED. flooding and rescue emergencies in ZONE-3 Pune, Maharashtra; 23 affected, 5 reports. drainage team and rescue "
SLM-001836,train,IMMEDIATE,True,True,True,True,True,True,True,True,True,"IMMEDIATE: flooding and rescue emergencies, ZONE-5 Bharuch, Gujarat. 6 reports, 170 affected. Dispatch rescue boat and l"
SLM-001837,test,URGENT,True,True,True,True,True,True,True,True,True,"URGENT. flooding in ZONE-5 Kendrapara, Odisha; 70 affected, 5 reports. Send drainage team and water pump plus 1 more to "
SLM-001838,train,IMMEDIATE,True,True,True,True,True,True,True,True,True,"IMMEDIATE: ZONE-2 Dibrugarh, Assam -- rescue emergencies and flooding. 6 reports, 191 affected. Send fire and rescue uni"
SLM-001839,validation,URGENT,True,True,True,True,True,True,True,True,True,"URGENT. flooding in ZONE-2 Nagpur, Maharashtra; 50 affected, 5 reports. Deploy life jackets and sandbags plus 1 more to "
SLM-001840,train,URGENT,True,True,True,True,True,True,True,True,True,"URGENT: ZONE-3 Bhubaneswar, Odisha -- medical emergencies and rescue emergencies plus 2 more. 5 reports, 77 affected. em"
SLM-001841,train,URGENT,True,True,True,True,True,True,True,True,True,"URGENT: medical emergencies and flooding, ZONE-1 Bhagalpur, Bihar. 7 reports, 178 affected. Dispatch relief supplies and"
SLM-001842,train,IMMEDIATE,True,True,True,True,True,True,True,True,True,"IMMEDIATE: ZONE-1 Kendrapara, Odisha -- flooding and road blockages plus 1 more. 5 reports, 142 affected. sandbags and r"
SLM-001843,train,URGENT,True,True,True,True,True,True,True,True,True,"URGENT - ZONE-2 Kendrapara (Odisha): medical emergencies and rescue emergencies plus 1 more, 67 affected across 6 report"
SLM-001844,train,ELEVATED,True,True,True,True,True,True,True,True,True,"ELEVATED: medical emergencies and flooding plus 1 more, ZONE-5 Dhemaji, Assam. 7 reports, 41 affected. Dispatch ambulanc"
SLM-001845,validation,IMMEDIATE,True,True,True,True,True,True,True,True,True,"IMMEDIATE: medical emergencies and flooding plus 1 more, ZONE-2 Prayagraj, Uttar Pradesh. 5 reports, 101 affected. Deplo"
SLM-001846,validation,URGENT,True,True,True,True,True,True,True,True,True,"URGENT: medical emergencies and flooding plus 1 more, ZONE-2 Surat, Gujarat. 5 reports, 114 affected. Dispatch NDRF floo"
SLM-001847,train,URGENT,True,True,True,True,True,True,True,True,True,"URGENT: rescue emergencies and road blockages, ZONE-2 Darjeeling, West Bengal. 5 reports, 46 affected. Deploy traffic po"
SLM-001848,train,IMMEDIATE,True,True,True,True,True,True,True,True,True,"IMMEDIATE - ZONE-3 Varanasi (Uttar Pradesh): rescue emergencies and flooding plus 2 more, 177 affected across 6 reports."
SLM-001849,test,URGENT,True,True,True,True,True,True,True,True,True,"URGENT - ZONE-2 Vadodara (Gujarat): flooding and road blockages plus 2 more, 122 affected across 7 reports. water pump a"
SLM-001850,test,ELEVATED,True,True,True,True,True,True,True,True,True,"ELEVATED: ZONE-1 Kolkata, West Bengal -- flooding and road blockages plus 1 more. 8 reports, 62 affected. road clearance"
SLM-001851,train,IMMEDIATE,True,True,True,True,True,True,True,True,True,"IMMEDIATE - ZONE-2 Prayagraj (Uttar Pradesh): flooding and rescue emergencies plus 1 more, 193 affected across 5 reports"
SLM-001852,train,ELEVATED,True,True,True,True,True,True,True,True,True,"ELEVATED: ZONE-1 Muzaffarpur, Bihar -- flooding and medical emergencies. 6 reports, 57 affected. water pump and ambulanc"
SLM-001853,train,URGENT,True,True,True,True,True,True,True,True,True,"URGENT - ZONE-1 Murshidabad (West Bengal): flooding and road blockages, 91 affected across 5 reports. Deploy road cleara"
SLM-001854,train,IMMEDIATE,True,True,True,True,True,True,True,True,True,"IMMEDIATE: flooding and road blockages plus 2 more, ZONE-2 Udupi, Karnataka. 6 reports, 314 affected. Deploy sandbags an"
SLM-001855,test,URGENT,True,True,True,True,True,True,True,True,True,"URGENT: ZONE-5 Vadodara, Gujarat -- flooding and medical emergencies plus 1 more. 5 reports, 121 affected. Send rescue b"
SLM-001856,train,ELEVATED,True,True,True,True,True,True,True,True,True,"ELEVATED - ZONE-5 Dibrugarh (Assam): flooding and medical emergencies plus 1 more, 51 affected across 6 reports. Dispatc"
SLM-001857,train,IMMEDIATE,True,True,True,True,True,True,True,True,True,"IMMEDIATE: rescue emergencies and flooding plus 1 more, ZONE-4 Vadodara, Gujarat. 5 reports, 93 affected. NDRF rescue te"
SLM-001858,test,ELEVATED,True,True,True,True,True,True,True,True,True,"ELEVATED - ZONE-3 Mumbai (Maharashtra): flooding and rescue emergencies plus 1 more, 33 affected across 5 reports. Deplo"
SLM-001859,train,ELEVATED,True,True,True,True,True,True,True,True,True,"ELEVATED: road blockages and flooding, ZONE-2 Gaya, Bihar. 7 reports, 52 affected. Send drainage team and life jackets p"
SLM-001860,train,ROUTINE,True,True,True,True,True,True,True,True,True,"ROUTINE: ZONE-3 Murshidabad, West Bengal -- medical emergencies and flooding plus 1 more. 5 reports, 26 affected. NDRF r"
SLM-001861,train,ROUTINE,True,True,True,True,True,True,True,True,True,"ROUTINE. flooding and rescue emergencies in ZONE-3 Kodagu, Karnataka; 18 affected, 5 reports. Deploy water pump and road"
SLM-001862,validation,ELEVATED,True,True,True,True,True,True,True,True,True,"ELEVATED: flooding and rescue emergencies plus 1 more, ZONE-1 Kodagu, Karnataka. 5 reports, 51 affected. Send tow truck "
SLM-001863,train,IMMEDIATE,True,True,True,True,True,True,True,True,True,"IMMEDIATE: flooding and rescue emergencies, ZONE-1 Muzaffarpur, Bihar. 5 reports, 164 affected. drainage team and water "
SLM-001864,test,URGENT,True,True,True,True,True,True,True,True,True,"URGENT: ZONE-4 Kanpur, Uttar Pradesh -- flooding and rescue emergencies. 5 reports, 87 affected. rescue rope and ladder "
SLM-001865,train,ELEVATED,True,True,True,True,True,True,True,True,True,"ELEVATED. medical emergencies and flooding plus 1 more in ZONE-4 Howrah, West Bengal; 46 affected, 6 reports. Dispatch r"
SLM-001866,train,ROUTINE,True,True,True,True,True,True,True,True,True,"ROUTINE: flooding and rescue emergencies, ZONE-5 Bhagalpur, Bihar. 6 reports, 17 affected. Dispatch water pump and NDRF "
SLM-001867,test,URGENT,True,True,True,True,True,True,True,True,True,"URGENT: ZONE-4 Kolkata, West Bengal -- flooding and medical emergencies plus 1 more. 5 reports, 144 affected. ambulance "
SLM-001868,validation,ELEVATED,True,True,True,True,True,True,True,True,True,"ELEVATED. flooding and road blockages in ZONE-1 Nashik, Maharashtra; 47 affected, 5 reports. Send water pump and life ja"
SLM-001869,train,ELEVATED,True,True,True,True,True,True,True,True,True,"ELEVATED. road blockages and rescue emergencies plus 1 more in ZONE-4 Bengaluru, Karnataka; 51 affected, 5 reports. Send"
SLM-001870,train,URGENT,True,True,True,True,True,True,True,True,True,"URGENT - ZONE-5 Madurai (Tamil Nadu): flooding, 80 affected across 5 reports. Send water pump and road clearance team pl"
SLM-001871,train,URGENT,True,True,True,True,True,True,True,True,True,"URGENT. flooding and rescue emergencies in ZONE-1 Puri, Odisha; 157 affected, 6 reports. Send rescue boat and rescue rop"
SLM-001872,test,ELEVATED,True,True,True,True,True,True,True,True,True,"ELEVATED - ZONE-5 Bharuch (Gujarat): road blockages and flooding plus 2 more, 49 affected across 6 reports. Send ambulan"
SLM-001873,train,URGENT,True,True,True,True,True,True,True,True,True,"URGENT: ZONE-5 Dibrugarh, Assam -- rescue emergencies and flooding. 5 reports, 73 affected. Send ambulance and NDRF floo"
SLM-001874,validation,URGENT,True,True,True,True,True,True,True,True,True,"URGENT: flooding and rescue emergencies, ZONE-4 Puri, Odisha. 5 reports, 65 affected. Send water pump and ambulance plus"
SLM-001875,train,IMMEDIATE,True,True,True,True,True,True,True,True,True,"IMMEDIATE: flooding and road blockages plus 1 more, ZONE-4 Tiruppur, Tamil Nadu. 7 reports, 111 affected. Send relief su"
SLM-001876,train,IMMEDIATE,True,True,True,True,True,True,True,True,True,"IMMEDIATE: ZONE-4 Kozhikode, Kerala -- rescue emergencies and flooding. 5 reports, 88 affected. Dispatch life jackets an"
SLM-001877,train,ROUTINE,True,True,True,True,True,True,True,True,True,"ROUTINE: flooding and medical emergencies, ZONE-2 Mangaluru, Karnataka. 5 reports, 15 affected. Dispatch ambulance and r"
SLM-001878,validation,ELEVATED,True,True,True,True,True,True,True,True,True,"ELEVATED - ZONE-3 Muzaffarpur (Bihar): road blockages and medical emergencies plus 2 more, 37 affected across 5 reports."
SLM-001879,test,IMMEDIATE,True,True,True,True,True,True,True,True,True,"IMMEDIATE - ZONE-3 Prayagraj (Uttar Pradesh): rescue emergencies and flooding plus 1 more, 136 affected across 5 reports"
SLM-001880,train,URGENT,True,True,True,True,True,True,True,True,True,"URGENT - ZONE-5 Tiruppur (Tamil Nadu): road blockages and flooding plus 2 more, 82 affected across 6 reports. Deploy NDR"
SLM-001881,test,ROUTINE,True,True,True,True,True,True,True,True,True,"ROUTINE: ZONE-2 Dibrugarh, Assam -- flooding and road blockages. 5 reports, 20 affected. Send rescue boat and life jacke"
SLM-001882,test,ROUTINE,True,True,True,True,True,True,True,True,True,"ROUTINE - ZONE-3 Surat (Gujarat): flooding and road blockages plus 2 more, 19 affected across 5 reports. Deploy NDRF res"
SLM-001883,train,IMMEDIATE,True,True,True,True,True,True,True,True,True,"IMMEDIATE. rescue emergencies and flooding in ZONE-4 Alappuzha, Kerala; 247 affected, 7 reports. Send NDRF rescue team a"
SLM-001884,train,IMMEDIATE,True,True,True,True,True,True,True,True,True,"IMMEDIATE. medical emergencies and flooding plus 1 more in ZONE-3 Barpeta, Assam; 153 affected, 5 reports. water pump an"
SLM-001885,train,IMMEDIATE,True,True,True,True,True,True,True,True,True,"IMMEDIATE. flooding and medical emergencies plus 1 more in ZONE-1 Varanasi, Uttar Pradesh; 172 affected, 6 reports. Send"
SLM-001886,train,URGENT,True,True,True,True,True,True,True,True,True,"URGENT. flooding and rescue emergencies plus 1 more in ZONE-5 Mysuru, Karnataka; 67 affected, 5 reports. relief supplies"
SLM-001887,validation,ELEVATED,True,True,True,True,True,True,True,True,True,"ELEVATED: ZONE-5 Kozhikode, Kerala -- road blockages and flooding plus 1 more. 12 reports, 78 affected. Send traffic pol"
SLM-001888,train,ROUTINE,True,True,True,True,True,True,True,True,True,"ROUTINE - ZONE-5 Gaya (Bihar): road blockages and flooding plus 1 more, 22 affected across 6 reports. Dispatch water pum"
SLM-001889,test,IMMEDIATE,True,True,True,True,True,True,True,True,True,"IMMEDIATE: ZONE-2 Thanjavur, Tamil Nadu -- rescue emergencies and road blockages plus 1 more. 7 reports, 173 affected. D"
SLM-001890,validation,URGENT,True,True,True,True,True,True,True,True,True,"URGENT: ZONE-1 Dhemaji, Assam -- flooding and medical emergencies plus 1 more. 6 reports, 139 affected. Deploy life jack"
SLM-001891,train,IMMEDIATE,True,True,True,True,True,True,True,True,True,"IMMEDIATE - ZONE-5 Kendrapara (Odisha): rescue emergencies and flooding, 181 affected across 5 reports. Deploy NDRF resc"
SLM-001892,train,ROUTINE,True,True,True,True,True,True,True,True,True,"ROUTINE: medical emergencies and flooding plus 1 more, ZONE-3 Jorhat, Assam. 6 reports, 27 affected. rescue boat and wat"
SLM-001893,train,ROUTINE,True,True,True,True,True,True,True,True,True,"ROUTINE: ZONE-5 Nagpur, Maharashtra -- flooding and road blockages plus 1 more. 7 reports, 28 affected. Deploy water pum"
SLM-001894,test,ROUTINE,True,True,True,True,True,True,True,True,True,"ROUTINE: ZONE-1 Prayagraj, Uttar Pradesh -- flooding and rescue emergencies plus 1 more. 5 reports, 16 affected. Send fi"
SLM-001895,train,URGENT,True,True,True,True,True,True,True,True,True,"URGENT: ZONE-5 Malda, West Bengal -- rescue emergencies and flooding plus 2 more. 12 reports, 285 affected. rescue rope "
SLM-001896,train,ELEVATED,True,True,True,True,True,True,True,True,True,"ELEVATED: ZONE-4 Puri, Odisha -- rescue emergencies and flooding plus 2 more. 7 reports, 66 affected. Send ambulance and"
SLM-001897,validation,ELEVATED,True,True,True,True,True,True,True,True,True,"ELEVATED. flooding in ZONE-5 Kozhikode, Kerala; 52 affected, 7 reports. Deploy sandbags and drainage team plus 1 more to"
SLM-001898,train,ELEVATED,True,True,True,True,True,True,True,True,True,"ELEVATED. flooding and rescue emergencies plus 1 more in ZONE-5 Alappuzha, Kerala; 54 affected, 6 reports. Dispatch fire"
SLM-001899,validation,ELEVATED,True,True,True,True,True,True,True,True,True,"ELEVATED. rescue emergencies and road blockages plus 1 more in ZONE-5 Thrissur, Kerala; 70 affected, 7 reports. Dispatch"
SLM-001900,train,ELEVATED,True,True,True,True,True,True,True,True,True,"ELEVATED - ZONE-5 Howrah (West Bengal): flooding and rescue emergencies, 37 affected across 5 reports. relief supplies a"
SLM-001901,train,IMMEDIATE,True,True,True,True,True,True,True,True,True,"IMMEDIATE - ZONE-3 Nagpur (Maharashtra): flooding and rescue emergencies, 68 affected across 5 reports. Dispatch NDRF fl"
SLM-001902,train,ELEVATED,True,True,True,True,True,True,True,True,True,"ELEVATED. rescue emergencies and flooding plus 2 more in ZONE-2 Kodagu, Karnataka; 76 affected, 9 reports. Send sandbags"
SLM-001903,validation,ELEVATED,True,True,True,True,True,True,True,True,True,"ELEVATED - ZONE-1 Muzaffarpur (Bihar): rescue emergencies and flooding, 44 affected across 5 reports. Dispatch fire and "
SLM-001904,train,ELEVATED,True,True,True,True,True,True,True,True,True,"ELEVATED - ZONE-5 Surat (Gujarat): flooding and rescue emergencies, 41 affected across 7 reports. sandbags and water pum"
SLM-001905,train,ELEVATED,True,True,True,True,True,True,True,True,True,"ELEVATED: ZONE-2 Lucknow, Uttar Pradesh -- rescue emergencies and flooding. 5 reports, 56 affected. Deploy rescue rope a"
SLM-001906,train,ROUTINE,True,True,True,True,True,True,True,True,True,"ROUTINE: ZONE-3 Pune, Maharashtra -- flooding and rescue emergencies plus 1 more. 9 reports, 33 affected. ambulance and "
SLM-001907,train,URGENT,True,True,True,True,True,True,True,True,True,"URGENT: ZONE-3 Kodagu, Karnataka -- road blockages and flooding plus 1 more. 5 reports, 150 affected. Deploy tow truck a"
SLM-001908,train,IMMEDIATE,True,True,True,True,True,True,True,True,True,"IMMEDIATE. flooding and rescue emergencies in ZONE-1 Guwahati, Assam; 215 affected, 6 reports. NDRF flood rescue team an"
SLM-001909,test,ELEVATED,True,True,True,True,True,True,True,True,True,"ELEVATED: medical emergencies and flooding plus 2 more, ZONE-5 Guwahati, Assam. 5 reports, 50 affected. Send NDRF rescue"
SLM-001910,train,ELEVATED,True,True,True,True,True,True,True,True,True,"ELEVATED: flooding and medical emergencies plus 1 more, ZONE-3 Murshidabad, West Bengal. 7 reports, 62 affected. Deploy "
SLM-001911,train,URGENT,True,True,True,True,True,True,True,True,True,"URGENT: ZONE-4 Madurai, Tamil Nadu -- medical emergencies and flooding plus 2 more. 12 reports, 258 affected. ambulance "
SLM-001912,train,URGENT,True,True,True,True,True,True,True,True,True,"URGENT. road blockages and flooding in ZONE-3 Mumbai, Maharashtra; 100 affected, 5 reports. earthmover (JCB) and traffic"
SLM-001913,train,URGENT,True,True,True,True,True,True,True,True,True,"URGENT: rescue emergencies and flooding, ZONE-4 Barpeta, Assam. 7 reports, 103 affected. fire and rescue unit and water "
SLM-001914,train,ELEVATED,True,True,True,True,True,True,True,True,True,"ELEVATED. road blockages and rescue emergencies plus 2 more in ZONE-4 Darjeeling, West Bengal; 88 affected, 8 reports. S"
SLM-001915,train,URGENT,True,True,True,True,True,True,True,True,True,"URGENT. flooding and rescue emergencies in ZONE-3 Kottayam, Kerala; 262 affected, 10 reports. Dispatch rescue boat and N"
SLM-001916,train,ELEVATED,True,True,True,True,True,True,True,True,True,"ELEVATED: ZONE-3 Mysuru, Karnataka -- flooding and rescue emergencies plus 2 more. 8 reports, 93 affected. Dispatch fire"
SLM-001917,train,URGENT,True,True,True,True,True,True,True,True,True,"URGENT - ZONE-5 Kanpur (Uttar Pradesh): medical emergencies and rescue emergencies plus 2 more, 118 affected across 7 re"
SLM-001918,train,URGENT,True,True,True,True,True,True,True,True,True,"URGENT - ZONE-3 Kochi (Kerala): rescue emergencies and flooding, 67 affected across 5 reports. Deploy rescue rope and la"
SLM-001919,validation,IMMEDIATE,True,True,True,True,True,True,True,True,True,"IMMEDIATE - ZONE-5 Mumbai (Maharashtra): flooding and rescue emergencies, 120 affected across 5 reports. Dispatch rescue"
SLM-001920,train,URGENT,True,True,True,True,True,True,True,True,True,"URGENT. rescue emergencies and flooding in ZONE-1 Coimbatore, Tamil Nadu; 131 affected, 7 reports. Deploy fire and rescu"
SLM-001921,test,ELEVATED,True,True,True,True,True,True,True,True,True,"ELEVATED: ZONE-2 Puri, Odisha -- rescue emergencies and flooding. 6 reports, 50 affected. Dispatch sandbags and rescue r"
SLM-001922,train,IMMEDIATE,True,True,True,True,True,True,True,True,True,"IMMEDIATE. flooding and medical emergencies in ZONE-3 Puri, Odisha; 139 affected, 5 reports. Send rescue boat and relief"
SLM-001923,train,ELEVATED,True,True,True,True,True,True,True,True,True,"ELEVATED - ZONE-5 Kozhikode (Kerala): flooding and medical emergencies plus 2 more, 64 affected across 8 reports. Deploy"
SLM-001924,train,IMMEDIATE,True,True,True,True,True,True,True,True,True,"IMMEDIATE - ZONE-5 Kolhapur (Maharashtra): flooding and rescue emergencies, 65 affected across 5 reports. Deploy life ja"
SLM-001925,train,ELEVATED,True,True,True,True,True,True,True,True,True,"ELEVATED - ZONE-4 Mysuru (Karnataka): road blockages and medical emergencies plus 1 more, 48 affected across 5 reports. "
SLM-001926,train,URGENT,True,True,True,True,True,True,True,True,True,"URGENT: ZONE-5 Patna, Bihar -- medical emergencies and flooding plus 1 more. 6 reports, 130 affected. Deploy water pump "
SLM-001927,train,ELEVATED,True,True,True,True,True,True,True,True,True,"ELEVATED: flooding and road blockages, ZONE-3 Coimbatore, Tamil Nadu. 5 reports, 49 affected. Deploy water pump and sand"
SLM-001928,train,IMMEDIATE,True,True,True,True,True,True,True,True,True,"IMMEDIATE: ZONE-4 Kozhikode, Kerala -- flooding and rescue emergencies. 6 reports, 142 affected. Send road clearance tea"
SLM-001929,validation,URGENT,True,True,True,True,True,True,True,True,True,"URGENT: ZONE-1 Balasore, Odisha -- medical emergencies and road blockages plus 2 more. 6 reports, 139 affected. Dispatch"
SLM-001930,train,URGENT,True,True,True,True,True,True,True,True,True,"URGENT: rescue emergencies and road blockages plus 1 more, ZONE-5 Howrah, West Bengal. 5 reports, 59 affected. ambulance"
SLM-001931,train,URGENT,True,True,True,True,True,True,True,True,True,"URGENT: ZONE-1 Tiruppur, Tamil Nadu -- flooding and road blockages plus 2 more. 8 reports, 191 affected. Send road clear"
SLM-001932,train,ELEVATED,True,True,True,True,True,True,True,True,True,"ELEVATED: ZONE-1 Kolkata, West Bengal -- rescue emergencies and flooding. 5 reports, 32 affected. Dispatch life jackets "
SLM-001933,train,URGENT,True,True,True,True,True,True,True,True,True,"URGENT. medical emergencies and rescue emergencies plus 1 more in ZONE-2 Barpeta, Assam; 117 affected, 5 reports. Deploy"
SLM-001934,train,ROUTINE,True,True,True,True,True,True,True,True,True,"ROUTINE - ZONE-4 Murshidabad (West Bengal): rescue emergencies and medical emergencies plus 2 more, 21 affected across 5"
SLM-001935,train,URGENT,True,True,True,True,True,True,True,True,True,"URGENT. medical emergencies and rescue emergencies plus 1 more in ZONE-2 Chennai, Tamil Nadu; 126 affected, 6 reports. f"
SLM-001936,test,URGENT,True,True,True,True,True,True,True,True,True,"URGENT: ZONE-1 Chennai, Tamil Nadu -- flooding and rescue emergencies. 5 reports, 38 affected. Send NDRF rescue team and"
SLM-001937,train,IMMEDIATE,True,True,True,True,True,True,True,True,True,"IMMEDIATE. road blockages and flooding in ZONE-4 Guwahati, Assam; 120 affected, 5 reports. Deploy road clearance crew an"
SLM-001938,train,IMMEDIATE,True,True,True,True,True,True,True,True,True,"IMMEDIATE: ZONE-2 Kanpur, Uttar Pradesh -- flooding. 6 reports, 116 affected. Dispatch water pump and sandbags plus 1 mo"
SLM-001939,train,IMMEDIATE,True,True,True,True,True,True,True,True,True,"IMMEDIATE: flooding and rescue emergencies plus 1 more, ZONE-2 Bharuch, Gujarat. 6 reports, 171 affected. Dispatch NDRF "
SLM-001940,train,IMMEDIATE,True,True,True,True,True,True,True,True,True,"IMMEDIATE. rescue emergencies and road blockages plus 1 more in ZONE-2 Kolhapur, Maharashtra; 132 affected, 5 reports. S"
SLM-001941,train,IMMEDIATE,True,True,True,True,True,True,True,True,True,"IMMEDIATE - ZONE-2 Pune (Maharashtra): flooding and medical emergencies plus 1 more, 192 affected across 6 reports. Send"
SLM-001942,train,IMMEDIATE,True,True,True,True,True,True,True,True,True,"IMMEDIATE - ZONE-3 Rajkot (Gujarat): medical emergencies and flooding plus 2 more, 135 affected across 5 reports. Deploy"
SLM-001943,train,ELEVATED,True,True,True,True,True,True,True,True,True,"ELEVATED: ZONE-2 Bengaluru, Karnataka -- rescue emergencies and medical emergencies plus 1 more. 5 reports, 44 affected."
SLM-001944,train,URGENT,True,True,True,True,True,True,True,True,True,"URGENT - ZONE-1 Pune (Maharashtra): road blockages and flooding plus 1 more, 178 affected across 10 reports. Deploy life"
SLM-001945,train,IMMEDIATE,True,True,True,True,True,True,True,True,True,"IMMEDIATE. medical emergencies and flooding plus 2 more in ZONE-5 Nashik, Maharashtra; 315 affected, 9 reports. Dispatch"
SLM-001946,train,URGENT,True,True,True,True,True,True,True,True,True,"URGENT. road blockages and rescue emergencies plus 2 more in ZONE-5 Cuttack, Odisha; 143 affected, 5 reports. Dispatch l"
SLM-001947,train,URGENT,True,True,True,True,True,True,True,True,True,"URGENT: flooding and rescue emergencies plus 1 more, ZONE-5 Dibrugarh, Assam. 7 reports, 141 affected. Dispatch NDRF res"
SLM-001948,train,IMMEDIATE,True,True,True,True,True,True,True,True,True,"IMMEDIATE. road blockages and rescue emergencies plus 2 more in ZONE-1 Gorakhpur, Uttar Pradesh; 52 affected, 5 reports."
SLM-001949,train,URGENT,True,True,True,True,True,True,True,True,True,"URGENT: rescue emergencies and flooding, ZONE-3 Nashik, Maharashtra. 5 reports, 50 affected. Dispatch relief supplies an"
SLM-001950,train,IMMEDIATE,True,True,True,True,True,True,True,True,True,"IMMEDIATE: rescue emergencies and flooding plus 1 more, ZONE-4 Mangaluru, Karnataka. 5 reports, 132 affected. Deploy NDR"
SLM-001951,train,ELEVATED,True,True,True,True,True,True,True,True,True,"ELEVATED: ZONE-2 Dibrugarh, Assam -- rescue emergencies and road blockages plus 2 more. 6 reports, 48 affected. Send tow"
SLM-001952,train,URGENT,True,True,True,True,True,True,True,True,True,"URGENT - ZONE-3 Guwahati (Assam): rescue emergencies and flooding plus 1 more, 131 affected across 6 reports. Send NDRF "
SLM-001953,train,IMMEDIATE,True,True,True,True,True,True,True,True,True,"IMMEDIATE: flooding and road blockages, ZONE-3 Howrah, West Bengal. 5 reports, 201 affected. Deploy traffic police team "
SLM-001954,train,URGENT,True,True,True,True,True,True,True,True,True,"URGENT: flooding and rescue emergencies plus 1 more, ZONE-5 Chennai, Tamil Nadu. 7 reports, 172 affected. life jackets a"
SLM-001955,test,URGENT,True,True,True,True,True,True,True,True,True,"URGENT - ZONE-2 Darbhanga (Bihar): road blockages and rescue emergencies plus 1 more, 82 affected across 6 reports. road"
SLM-001956,train,URGENT,True,True,True,True,True,True,True,True,True,"URGENT: ZONE-5 Coimbatore, Tamil Nadu -- flooding and rescue emergencies. 5 reports, 43 affected. Deploy water pump and "
SLM-001957,validation,IMMEDIATE,True,True,True,True,True,True,True,True,True,"IMMEDIATE: ZONE-4 Mumbai, Maharashtra -- medical emergencies and flooding plus 1 more. 5 reports, 200 affected. Deploy r"
SLM-001958,validation,IMMEDIATE,True,True,True,True,True,True,True,True,True,"IMMEDIATE: medical emergencies and rescue emergencies plus 1 more, ZONE-4 Madurai, Tamil Nadu. 5 reports, 105 affected. "
SLM-001959,train,ELEVATED,True,True,True,True,True,True,True,True,True,"ELEVATED: flooding and rescue emergencies plus 1 more, ZONE-4 Prayagraj, Uttar Pradesh. 5 reports, 40 affected. Dispatch"
SLM-001960,validation,IMMEDIATE,True,True,True,True,True,True,True,True,True,"IMMEDIATE. flooding and road blockages plus 1 more in ZONE-2 Darbhanga, Bihar; 173 affected, 6 reports. rescue rope and "
SLM-001961,train,IMMEDIATE,True,True,True,True,True,True,True,True,True,"IMMEDIATE. road blockages and rescue emergencies plus 1 more in ZONE-4 Kottayam, Kerala; 194 affected, 5 reports. Deploy"
SLM-001962,train,URGENT,True,True,True,True,True,True,True,True,True,"URGENT: ZONE-4 Ahmedabad, Gujarat -- flooding and medical emergencies plus 2 more. 8 reports, 110 affected. Send tow tru"
SLM-001963,validation,ELEVATED,True,True,True,True,True,True,True,True,True,"ELEVATED: flooding and road blockages, ZONE-4 Bhubaneswar, Odisha. 5 reports, 48 affected. Deploy water pump and relief "
SLM-001964,train,ELEVATED,True,True,True,True,True,True,True,True,True,"ELEVATED - ZONE-2 Kottayam (Kerala): medical emergencies and flooding, 33 affected across 5 reports. Dispatch NDRF flood"
SLM-001965,train,ELEVATED,True,True,True,True,True,True,True,True,True,"ELEVATED - ZONE-4 Udupi (Karnataka): rescue emergencies and flooding plus 1 more, 33 affected across 5 reports. Send NDR"
SLM-001966,train,URGENT,True,True,True,True,True,True,True,True,True,"URGENT. road blockages and rescue emergencies plus 1 more in ZONE-3 Kochi, Kerala; 59 affected, 5 reports. traffic polic"
SLM-001967,train,ELEVATED,True,True,True,True,True,True,True,True,True,"ELEVATED: ZONE-3 Kozhikode, Kerala -- flooding and road blockages. 5 reports, 34 affected. sandbags and road clearance t"
SLM-001968,test,URGENT,True,True,True,True,True,True,True,True,True,"URGENT: medical emergencies and flooding plus 1 more, ZONE-1 Chennai, Tamil Nadu. 5 reports, 92 affected. Dispatch ambul"
SLM-001969,train,URGENT,True,True,True,True,True,True,True,True,True,"URGENT. flooding and rescue emergencies plus 1 more in ZONE-5 Kozhikode, Kerala; 48 affected, 5 reports. Deploy rescue r"
SLM-001970,train,IMMEDIATE,True,True,True,True,True,True,True,True,True,"IMMEDIATE: ZONE-5 Kozhikode, Kerala -- flooding and road blockages plus 1 more. 7 reports, 176 affected. Deploy NDRF flo"
SLM-001971,test,URGENT,True,True,True,True,True,True,True,True,True,"URGENT: ZONE-5 Tiruppur, Tamil Nadu -- flooding and rescue emergencies. 6 reports, 144 affected. Deploy sandbags and NDR"
SLM-001972,train,URGENT,True,True,True,True,True,True,True,True,True,"URGENT: flooding and medical emergencies plus 1 more, ZONE-3 Bengaluru, Karnataka. 5 reports, 79 affected. road clearanc"
SLM-001973,train,ELEVATED,True,True,True,True,True,True,True,True,True,"ELEVATED: medical emergencies and flooding plus 2 more, ZONE-5 Ahmedabad, Gujarat. 11 reports, 77 affected. water pump a"
SLM-001974,train,URGENT,True,True,True,True,True,True,True,True,True,"URGENT: rescue emergencies and road blockages, ZONE-5 Kolhapur, Maharashtra. 5 reports, 102 affected. fire and rescue un"
SLM-001975,train,IMMEDIATE,True,True,True,True,True,True,True,True,True,"IMMEDIATE - ZONE-5 Chennai (Tamil Nadu): flooding and rescue emergencies, 239 affected across 8 reports. Dispatch life j"
SLM-001976,train,IMMEDIATE,True,True,True,True,True,True,True,True,True,"IMMEDIATE: flooding and rescue emergencies plus 1 more, ZONE-2 Darjeeling, West Bengal. 5 reports, 113 affected. rescue "
SLM-001977,train,URGENT,True,True,True,True,True,True,True,True,True,"URGENT - ZONE-5 Dibrugarh (Assam): road blockages and medical emergencies plus 2 more, 318 affected across 12 reports. f"
SLM-001978,train,ELEVATED,True,True,True,True,True,True,True,True,True,"ELEVATED: flooding and road blockages plus 1 more, ZONE-5 Alappuzha, Kerala. 5 reports, 38 affected. Send NDRF rescue te"
SLM-001979,train,ROUTINE,True,True,True,True,True,True,True,True,True,"ROUTINE. flooding and medical emergencies in ZONE-1 Udupi, Karnataka; 16 affected, 5 reports. life jackets and relief su"
SLM-001980,validation,IMMEDIATE,True,True,True,True,True,True,True,True,True,"IMMEDIATE - ZONE-1 Darbhanga (Bihar): road blockages and medical emergencies plus 1 more, 96 affected across 5 reports. "
SLM-001981,train,ROUTINE,True,True,True,True,True,True,True,True,True,"ROUTINE - ZONE-1 Patna (Bihar): rescue emergencies and flooding plus 2 more, 14 affected across 5 reports. fire and resc"
SLM-001982,train,ELEVATED,True,True,True,True,True,True,True,True,True,"ELEVATED - ZONE-5 Kendrapara (Odisha): flooding and road blockages plus 1 more, 55 affected across 6 reports. water pump"
SLM-001983,train,ELEVATED,True,True,True,True,True,True,True,True,True,"ELEVATED. medical emergencies and flooding in ZONE-1 Muzaffarpur, Bihar; 55 affected, 5 reports. Send road clearance tea"
SLM-001984,train,URGENT,True,True,True,True,True,True,True,True,True,"URGENT: medical emergencies and rescue emergencies plus 1 more, ZONE-4 Bharuch, Gujarat. 6 reports, 88 affected. Send am"
SLM-001985,validation,IMMEDIATE,True,True,True,True,True,True,True,True,True,"IMMEDIATE. rescue emergencies and flooding plus 1 more in ZONE-2 Varanasi, Uttar Pradesh; 169 affected, 5 reports. Dispa"
SLM-001986,train,URGENT,True,True,True,True,True,True,True,True,True,"URGENT: ZONE-5 Thanjavur, Tamil Nadu -- rescue emergencies and medical emergencies plus 1 more. 5 reports, 57 affected. "
SLM-001987,train,IMMEDIATE,True,True,True,True,True,True,True,True,True,"IMMEDIATE: ZONE-5 Pune, Maharashtra -- flooding and rescue emergencies. 5 reports, 236 affected. road clearance team and"
SLM-001988,train,IMMEDIATE,True,True,True,True,True,True,True,True,True,"IMMEDIATE - ZONE-1 Chennai (Tamil Nadu): flooding and medical emergencies plus 2 more, 180 affected across 6 reports. Se"
SLM-001989,test,ELEVATED,True,True,True,True,True,True,True,True,True,"ELEVATED. flooding and rescue emergencies in ZONE-1 Vadodara, Gujarat; 43 affected, 5 reports. NDRF flood rescue team an"
SLM-001990,validation,ELEVATED,True,True,True,True,True,True,True,True,True,"ELEVATED. rescue emergencies and flooding plus 1 more in ZONE-2 Murshidabad, West Bengal; 55 affected, 6 reports. Deploy"
SLM-001991,train,ELEVATED,True,True,True,True,True,True,True,True,True,"ELEVATED - ZONE-4 Bhubaneswar (Odisha): road blockages and medical emergencies plus 2 more, 49 affected across 6 reports"
SLM-001992,train,URGENT,True,True,True,True,True,True,True,True,True,"URGENT: ZONE-2 Tiruppur, Tamil Nadu -- flooding and road blockages plus 1 more. 5 reports, 64 affected. Dispatch NDRF fl"
SLM-001993,validation,URGENT,True,True,True,True,True,True,True,True,True,"URGENT: rescue emergencies and flooding plus 1 more, ZONE-3 Mumbai, Maharashtra. 9 reports, 125 affected. ambulance and "
SLM-001994,train,URGENT,True,True,True,True,True,True,True,True,True,"URGENT - ZONE-3 Barpeta (Assam): rescue emergencies and road blockages plus 1 more, 161 affected across 5 reports. Send "
SLM-001995,train,IMMEDIATE,True,True,True,True,True,True,True,True,True,"IMMEDIATE. road blockages and rescue emergencies plus 2 more in ZONE-4 Dibrugarh, Assam; 129 affected, 5 reports. Dispat"
SLM-001996,train,IMMEDIATE,True,True,True,True,True,True,True,True,True,"IMMEDIATE: ZONE-1 Muzaffarpur, Bihar -- rescue emergencies and flooding plus 1 more. 7 reports, 168 affected. Deploy amb"
SLM-001997,train,URGENT,True,True,True,True,True,True,True,True,True,"URGENT: medical emergencies and flooding plus 1 more, ZONE-1 Dhemaji, Assam. 5 reports, 52 affected. Dispatch medical fi"
SLM-001998,train,ELEVATED,True,True,True,True,True,True,True,True,True,"ELEVATED - ZONE-1 Coimbatore (Tamil Nadu): rescue emergencies and medical emergencies plus 1 more, 31 affected across 6 "
SLM-001999,train,URGENT,True,True,True,True,True,True,True,True,True,"URGENT. flooding in ZONE-3 Malda, West Bengal; 112 affected, 5 reports. Dispatch rescue boat and sandbags plus 1 more vi"
SLM-002000,validation,URGENT,True,True,True,True,True,True,True,True,True,"URGENT: rescue emergencies and flooding plus 1 more, ZONE-2 Lucknow, Uttar Pradesh. 5 reports, 118 affected. life jacket"
SLM-002001,train,ROUTINE,True,True,True,True,True,True,True,True,True,"ROUTINE. flooding and medical emergencies plus 1 more in ZONE-3 Pune, Maharashtra; 16 affected, 5 reports. NDRF flood re"
SLM-002002,train,ELEVATED,True,True,True,True,True,True,True,True,True,"ELEVATED - ZONE-2 Thrissur (Kerala): flooding and road blockages plus 1 more, 54 affected across 8 reports. Deploy NDRF "
SLM-002003,train,ELEVATED,True,True,True,True,True,True,True,True,True,"ELEVATED: ZONE-1 Varanasi, Uttar Pradesh -- flooding and rescue emergencies. 6 reports, 49 affected. Send water pump and"
SLM-002004,test,ROUTINE,True,True,True,True,True,True,True,True,True,"ROUTINE: ZONE-5 Howrah, West Bengal -- flooding and rescue emergencies plus 2 more. 6 reports, 20 affected. Send rescue "
SLM-002005,train,IMMEDIATE,True,True,True,True,True,True,True,True,True,"IMMEDIATE. rescue emergencies and flooding in ZONE-5 Puri, Odisha; 213 affected, 6 reports. Dispatch rescue rope and lad"
SLM-002006,test,ELEVATED,True,True,True,True,True,True,True,True,True,"ELEVATED. rescue emergencies and flooding in ZONE-5 Gorakhpur, Uttar Pradesh; 67 affected, 8 reports. Send road clearanc"
SLM-002007,train,IMMEDIATE,True,True,True,True,True,True,True,True,True,"IMMEDIATE: ZONE-3 Bharuch, Gujarat -- medical emergencies and rescue emergencies plus 2 more. 6 reports, 177 affected. D"
SLM-002008,train,URGENT,True,True,True,True,True,True,True,True,True,"URGENT - ZONE-5 Darjeeling (West Bengal): road blockages and medical emergencies plus 1 more, 99 affected across 5 repor"
SLM-002009,train,URGENT,True,True,True,True,True,True,True,True,True,"URGENT: ZONE-1 Bharuch, Gujarat -- road blockages and flooding plus 1 more. 5 reports, 59 affected. Dispatch earthmover "
SLM-002010,train,ELEVATED,True,True,True,True,True,True,True,True,True,"ELEVATED: ZONE-4 Barpeta, Assam -- road blockages and medical emergencies plus 2 more. 5 reports, 53 affected. Deploy am"
SLM-002011,train,ELEVATED,True,True,True,True,True,True,True,True,True,"ELEVATED - ZONE-1 Darbhanga (Bihar): flooding and rescue emergencies, 39 affected across 5 reports. Dispatch sandbags an"
SLM-002012,validation,URGENT,True,True,True,True,True,True,True,True,True,"URGENT - ZONE-4 Tiruppur (Tamil Nadu): road blockages and flooding plus 1 more, 102 affected across 7 reports. road clea"
SLM-002013,test,IMMEDIATE,True,True,True,True,True,True,True,True,True,"IMMEDIATE. flooding and rescue emergencies in ZONE-1 Darjeeling, West Bengal; 207 affected, 7 reports. Deploy relief sup"
SLM-002014,test,ELEVATED,True,True,True,True,True,True,True,True,True,"ELEVATED. flooding and medical emergencies plus 2 more in ZONE-5 Pune, Maharashtra; 85 affected, 9 reports. ambulance an"
SLM-002015,validation,URGENT,True,True,True,True,True,True,True,True,True,"URGENT: ZONE-3 Pune, Maharashtra -- rescue emergencies and flooding. 5 reports, 117 affected. Send rescue rope and ladde"
SLM-002016,train,ELEVATED,True,True,True,True,True,True,True,True,True,"ELEVATED: ZONE-1 Kolhapur, Maharashtra -- medical emergencies and flooding plus 1 more. 6 reports, 58 affected. Deploy N"
SLM-002017,test,IMMEDIATE,True,True,True,True,True,True,True,True,True,"IMMEDIATE - ZONE-1 Kottayam (Kerala): flooding and road blockages plus 1 more, 44 affected across 5 reports. water pump "
SLM-002018,test,IMMEDIATE,True,True,True,True,True,True,True,True,True,"IMMEDIATE. rescue emergencies and flooding in ZONE-5 Pune, Maharashtra; 202 affected, 5 reports. Dispatch ambulance and "
SLM-002019,train,URGENT,True,True,True,True,True,True,True,True,True,"URGENT - ZONE-4 Guwahati (Assam): rescue emergencies and flooding plus 2 more, 66 affected across 5 reports. rescue rope"
SLM-002020,train,ELEVATED,True,True,True,True,True,True,True,True,True,"ELEVATED: ZONE-5 Nagpur, Maharashtra -- flooding and road blockages plus 1 more. 5 reports, 56 affected. Deploy sandbags"
SLM-002021,train,ELEVATED,True,True,True,True,True,True,True,True,True,"ELEVATED - ZONE-1 Balasore (Odisha): flooding and rescue emergencies plus 1 more, 53 affected across 5 reports. rescue b"
SLM-002022,train,URGENT,True,True,True,True,True,True,True,True,True,"URGENT. flooding and rescue emergencies plus 1 more in ZONE-1 Bhagalpur, Bihar; 72 affected, 5 reports. Deploy rescue bo"
SLM-002023,test,URGENT,True,True,True,True,True,True,True,True,True,"URGENT - ZONE-1 Pune (Maharashtra): flooding, 103 affected across 5 reports. Dispatch drainage team and relief supplies "
SLM-002024,validation,IMMEDIATE,True,True,True,True,True,True,True,True,True,"IMMEDIATE: ZONE-2 Howrah, West Bengal -- road blockages and rescue emergencies plus 1 more. 7 reports, 333 affected. Sen"
SLM-002025,train,URGENT,True,True,True,True,True,True,True,True,True,"URGENT - ZONE-5 Nashik (Maharashtra): medical emergencies and rescue emergencies plus 2 more, 116 affected across 7 repo"
SLM-002026,test,URGENT,True,True,True,True,True,True,True,True,True,"URGENT: ZONE-4 Kolkata, West Bengal -- rescue emergencies and flooding. 7 reports, 83 affected. Send relief supplies and"
SLM-002027,test,IMMEDIATE,True,True,True,True,True,True,True,True,True,"IMMEDIATE - ZONE-2 Dhemaji (Assam): rescue emergencies and road blockages plus 1 more, 217 affected across 5 reports. De"
SLM-002028,validation,URGENT,True,True,True,True,True,True,True,True,True,"URGENT - ZONE-1 Barpeta (Assam): flooding and medical emergencies plus 1 more, 205 affected across 9 reports. Dispatch e"
SLM-002029,train,IMMEDIATE,True,True,True,True,True,True,True,True,True,"IMMEDIATE: ZONE-5 Madurai, Tamil Nadu -- road blockages and flooding plus 1 more. 5 reports, 206 affected. Dispatch NDRF"
SLM-002030,train,IMMEDIATE,True,True,True,True,True,True,True,True,True,"IMMEDIATE: ZONE-2 Chennai, Tamil Nadu -- flooding and rescue emergencies plus 1 more. 5 reports, 132 affected. Send wate"
SLM-002031,train,URGENT,True,True,True,True,True,True,True,True,True,"URGENT: rescue emergencies and flooding plus 1 more, ZONE-2 Kolkata, West Bengal. 5 reports, 54 affected. Dispatch rescu"
SLM-002032,test,ELEVATED,True,True,True,True,True,True,True,True,True,"ELEVATED: rescue emergencies and road blockages plus 2 more, ZONE-2 Prayagraj, Uttar Pradesh. 6 reports, 61 affected. ND"
SLM-002033,validation,ELEVATED,True,True,True,True,True,True,True,True,True,"ELEVATED - ZONE-5 Balasore (Odisha): medical emergencies and road blockages plus 2 more, 84 affected across 8 reports. e"
SLM-002034,test,URGENT,True,True,True,True,True,True,True,True,True,"URGENT. flooding in ZONE-1 Kolhapur, Maharashtra; 105 affected, 5 reports. Dispatch road clearance team and water pump p"
SLM-002035,train,URGENT,True,True,True,True,True,True,True,True,True,"URGENT: medical emergencies and rescue emergencies plus 2 more, ZONE-1 Vadodara, Gujarat. 5 reports, 75 affected. Send e"
SLM-002036,train,IMMEDIATE,True,True,True,True,True,True,True,True,True,"IMMEDIATE - ZONE-5 Patna (Bihar): medical emergencies and road blockages plus 1 more, 204 affected across 5 reports. ear"
SLM-002037,test,IMMEDIATE,True,True,True,True,True,True,True,True,True,"IMMEDIATE - ZONE-1 Thanjavur (Tamil Nadu): road blockages and medical emergencies plus 1 more, 75 affected across 5 repo"
SLM-002038,train,URGENT,True,True,True,True,True,True,True,True,True,"URGENT. medical emergencies and flooding plus 1 more in ZONE-4 Kanpur, Uttar Pradesh; 89 affected, 5 reports. Send road "
SLM-002039,train,IMMEDIATE,True,True,True,True,True,True,True,True,True,"IMMEDIATE. medical emergencies and rescue emergencies plus 1 more in ZONE-5 Kolkata, West Bengal; 194 affected, 5 report"
SLM-002040,test,ELEVATED,True,True,True,True,True,True,True,True,True,"ELEVATED - ZONE-3 Mysuru (Karnataka): flooding and rescue emergencies plus 1 more, 63 affected across 8 reports. Send re"
SLM-002041,train,URGENT,True,True,True,True,True,True,True,True,True,"URGENT. rescue emergencies and flooding in ZONE-4 Kodagu, Karnataka; 35 affected, 5 reports. Dispatch water pump and fir"
SLM-002042,train,ROUTINE,True,True,True,True,True,True,True,True,True,"ROUTINE: ZONE-5 Dhemaji, Assam -- flooding and road blockages plus 1 more. 5 reports, 19 affected. Deploy life jackets a"
SLM-002043,train,URGENT,True,True,True,True,True,True,True,True,True,"URGENT: ZONE-3 Nashik, Maharashtra -- flooding and road blockages plus 1 more. 5 reports, 71 affected. water pump and ea"
SLM-002044,train,ELEVATED,True,True,True,True,True,True,True,True,True,"ELEVATED: ZONE-5 Dibrugarh, Assam -- flooding and road blockages. 5 reports, 50 affected. Deploy life jackets and water "
SLM-002045,validation,ELEVATED,True,True,True,True,True,True,True,True,True,"ELEVATED: road blockages and flooding plus 1 more, ZONE-2 Bengaluru, Karnataka. 7 reports, 54 affected. Dispatch earthmo"
SLM-002046,train,URGENT,True,True,True,True,True,True,True,True,True,"URGENT: road blockages and flooding plus 1 more, ZONE-5 Bengaluru, Karnataka. 6 reports, 118 affected. Send water pump a"
SLM-002047,train,URGENT,True,True,True,True,True,True,True,True,True,"URGENT - ZONE-2 Kanpur (Uttar Pradesh): flooding and rescue emergencies plus 1 more, 178 affected across 8 reports. Disp"
SLM-002048,train,URGENT,True,True,True,True,True,True,True,True,True,"URGENT: ZONE-4 Kanpur, Uttar Pradesh -- road blockages and flooding plus 1 more. 8 reports, 183 affected. Send earthmove"
SLM-002049,train,ELEVATED,True,True,True,True,True,True,True,True,True,"ELEVATED: ZONE-4 Jorhat, Assam -- flooding and rescue emergencies plus 1 more. 5 reports, 51 affected. Send relief suppl"
SLM-002050,test,IMMEDIATE,True,True,True,True,True,True,True,True,True,"IMMEDIATE: flooding and rescue emergencies plus 1 more, ZONE-2 Gaya, Bihar. 5 reports, 205 affected. Dispatch life jacke"
SLM-002051,train,IMMEDIATE,True,True,True,True,True,True,True,True,True,"IMMEDIATE. flooding and rescue emergencies plus 2 more in ZONE-5 Thanjavur, Tamil Nadu; 258 affected, 8 reports. Deploy "
SLM-002052,train,IMMEDIATE,True,True,True,True,True,True,True,True,True,"IMMEDIATE: ZONE-4 Howrah, West Bengal -- rescue emergencies and road blockages plus 2 more. 7 reports, 252 affected. Dis"
SLM-002053,train,IMMEDIATE,True,True,True,True,True,True,True,True,True,"IMMEDIATE. road blockages and flooding plus 1 more in ZONE-2 Madurai, Tamil Nadu; 110 affected, 8 reports. Dispatch NDRF"
SLM-002054,train,URGENT,True,True,True,True,True,True,True,True,True,"URGENT - ZONE-3 Nagpur (Maharashtra): road blockages and flooding plus 1 more, 108 affected across 5 reports. Send tow t"
SLM-002055,train,IMMEDIATE,True,True,True,True,True,True,True,True,True,"IMMEDIATE: ZONE-1 Muzaffarpur, Bihar -- flooding and road blockages. 7 reports, 251 affected. Deploy life jackets and dr"
SLM-002056,train,IMMEDIATE,True,True,True,True,True,True,True,True,True,"IMMEDIATE: flooding and rescue emergencies, ZONE-4 Jorhat, Assam. 5 reports, 203 affected. Dispatch water pump and rescu"
SLM-002057,validation,URGENT,True,True,True,True,True,True,True,True,True,"URGENT. road blockages and medical emergencies plus 1 more in ZONE-4 Guwahati, Assam; 101 affected, 5 reports. water pum"
SLM-002058,train,URGENT,True,True,True,True,True,True,True,True,True,"URGENT: ZONE-1 Tiruppur, Tamil Nadu -- flooding and medical emergencies. 6 reports, 54 affected. Send water pump and roa"
SLM-002059,train,ELEVATED,True,True,True,True,True,True,True,True,True,"ELEVATED: ZONE-5 Kanpur, Uttar Pradesh -- road blockages and flooding plus 1 more. 5 reports, 61 affected. Dispatch resc"
SLM-002060,train,ELEVATED,True,True,True,True,True,True,True,True,True,"ELEVATED: flooding and road blockages plus 1 more, ZONE-2 Bengaluru, Karnataka. 6 reports, 43 affected. Send traffic pol"
SLM-002061,train,IMMEDIATE,True,True,True,True,True,True,True,True,True,"IMMEDIATE. flooding in ZONE-5 Lucknow, Uttar Pradesh; 127 affected, 6 reports. Deploy water pump and NDRF flood rescue t"
SLM-002062,train,URGENT,True,True,True,True,True,True,True,True,True,"URGENT. rescue emergencies and flooding in ZONE-5 Gorakhpur, Uttar Pradesh; 149 affected, 6 reports. Dispatch rescue rop"
SLM-002063,train,IMMEDIATE,True,True,True,True,True,True,True,True,True,"IMMEDIATE. flooding in ZONE-2 Prayagraj, Uttar Pradesh; 301 affected, 8 reports. Dispatch rescue boat and relief supplie"
SLM-002064,train,IMMEDIATE,True,True,True,True,True,True,True,True,True,"IMMEDIATE. flooding and medical emergencies plus 1 more in ZONE-1 Dhemaji, Assam; 233 affected, 6 reports. NDRF rescue t"
SLM-002065,train,IMMEDIATE,True,True,True,True,True,True,True,True,True,"IMMEDIATE. rescue emergencies and flooding in ZONE-3 Barpeta, Assam; 140 affected, 5 reports. Send rescue rope and ladde"
SLM-002066,train,ELEVATED,True,True,True,True,True,True,True,True,True,"ELEVATED: ZONE-4 Kozhikode, Kerala -- flooding and medical emergencies plus 1 more. 5 reports, 38 affected. Dispatch wat"
SLM-002067,train,URGENT,True,True,True,True,True,True,True,True,True,"URGENT: flooding and medical emergencies, ZONE-4 Barpeta, Assam. 6 reports, 74 affected. Deploy relief supplies and ambu"
SLM-002068,train,IMMEDIATE,True,True,True,True,True,True,True,True,True,"IMMEDIATE: flooding and medical emergencies plus 1 more, ZONE-2 Kodagu, Karnataka. 6 reports, 169 affected. Send drainag"
SLM-002069,train,URGENT,True,True,True,True,True,True,True,True,True,"URGENT - ZONE-5 Kozhikode (Kerala): flooding and rescue emergencies, 44 affected across 5 reports. Deploy rescue boat an"
SLM-002070,train,ELEVATED,True,True,True,True,True,True,True,True,True,"ELEVATED: flooding, ZONE-2 Bharuch, Gujarat. 5 reports, 50 affected. water pump and rescue boat plus 1 more to bus stand"
SLM-002071,test,URGENT,True,True,True,True,True,True,True,True,True,"URGENT - ZONE-3 Alappuzha (Kerala): rescue emergencies and flooding, 96 affected across 5 reports. Send NDRF flood rescu"
SLM-002072,validation,ELEVATED,True,True,True,True,True,True,True,True,True,"ELEVATED. flooding in ZONE-2 Jorhat, Assam; 38 affected, 5 reports. Dispatch road clearance team and NDRF flood rescue t"
SLM-002073,train,ROUTINE,True,True,True,True,True,True,True,True,True,"ROUTINE - ZONE-1 Muzaffarpur (Bihar): medical emergencies and road blockages plus 1 more, 17 affected across 5 reports. "
SLM-002074,train,ROUTINE,True,True,True,True,True,True,True,True,True,"ROUTINE: flooding and rescue emergencies plus 2 more, ZONE-1 Darbhanga, Bihar. 5 reports, 20 affected. Dispatch life jac"
SLM-002075,train,URGENT,True,True,True,True,True,True,True,True,True,"URGENT: rescue emergencies and flooding, ZONE-3 Dibrugarh, Assam. 5 reports, 97 affected. fire and rescue unit and ambul"
SLM-002076,train,URGENT,True,True,True,True,True,True,True,True,True,"URGENT: rescue emergencies and flooding plus 1 more, ZONE-3 Mangaluru, Karnataka. 5 reports, 56 affected. Send water pum"
SLM-002077,test,ELEVATED,True,True,True,True,True,True,True,True,True,"ELEVATED: flooding and rescue emergencies plus 1 more, ZONE-3 Alappuzha, Kerala. 5 reports, 26 affected. Dispatch relief"
SLM-002078,validation,URGENT,True,True,True,True,True,True,True,True,True,"URGENT. flooding in ZONE-1 Dhemaji, Assam; 70 affected, 5 reports. Send life jackets and water pump plus 1 more to local"
SLM-002079,train,URGENT,True,True,True,True,True,True,True,True,True,"URGENT: flooding and medical emergencies plus 1 more, ZONE-3 Coimbatore, Tamil Nadu. 7 reports, 156 affected. ambulance "
SLM-002080,train,URGENT,True,True,True,True,True,True,True,True,True,"URGENT. medical emergencies and flooding plus 2 more in ZONE-5 Darjeeling, West Bengal; 90 affected, 5 reports. Deploy a"
SLM-002081,train,IMMEDIATE,True,True,True,True,True,True,True,True,True,"IMMEDIATE: medical emergencies and rescue emergencies plus 1 more, ZONE-4 Surat, Gujarat. 7 reports, 250 affected. NDRF "
SLM-002082,test,IMMEDIATE,True,True,True,True,True,True,True,True,True,"IMMEDIATE. road blockages and medical emergencies plus 2 more in ZONE-5 Bhubaneswar, Odisha; 135 affected, 6 reports. Di"
SLM-002083,train,ROUTINE,True,True,True,True,True,True,True,True,True,"ROUTINE - ZONE-4 Kanpur (Uttar Pradesh): road blockages and rescue emergencies plus 1 more, 20 affected across 6 reports"
SLM-002084,validation,IMMEDIATE,True,True,True,True,True,True,True,True,True,"IMMEDIATE: ZONE-4 Chennai, Tamil Nadu -- flooding and medical emergencies plus 2 more. 5 reports, 145 affected. medical "
SLM-002085,test,URGENT,True,True,True,True,True,True,True,True,True,"URGENT. flooding in ZONE-4 Muzaffarpur, Bihar; 38 affected, 5 reports. rescue boat and life jackets plus 1 more to villa"
SLM-002086,train,URGENT,True,True,True,True,True,True,True,True,True,"URGENT: rescue emergencies and flooding plus 1 more, ZONE-2 Alappuzha, Kerala. 9 reports, 181 affected. Send water pump "
SLM-002087,train,ELEVATED,True,True,True,True,True,True,True,True,True,"ELEVATED. flooding and medical emergencies in ZONE-5 Rajkot, Gujarat; 44 affected, 5 reports. Dispatch rescue boat and w"
SLM-002088,train,IMMEDIATE,True,True,True,True,True,True,True,True,True,"IMMEDIATE: ZONE-5 Mumbai, Maharashtra -- flooding and medical emergencies plus 1 more. 6 reports, 189 affected. life jac"
SLM-002089,train,ELEVATED,True,True,True,True,True,True,True,True,True,"ELEVATED: ZONE-3 Bhagalpur, Bihar -- flooding and rescue emergencies plus 1 more. 6 reports, 66 affected. drainage team "
SLM-002090,train,IMMEDIATE,True,True,True,True,True,True,True,True,True,"IMMEDIATE. rescue emergencies and medical emergencies plus 1 more in ZONE-1 Bharuch, Gujarat; 159 affected, 7 reports. S"
SLM-002091,train,URGENT,True,True,True,True,True,True,True,True,True,"URGENT. flooding and road blockages plus 1 more in ZONE-5 Kanpur, Uttar Pradesh; 193 affected, 7 reports. Deploy water p"
SLM-002092,train,URGENT,True,True,True,True,True,True,True,True,True,"URGENT - ZONE-5 Guwahati (Assam): rescue emergencies and flooding plus 1 more, 59 affected across 5 reports. Deploy ambu"
SLM-002093,test,IMMEDIATE,True,True,True,True,True,True,True,True,True,"IMMEDIATE. flooding and rescue emergencies in ZONE-3 Thanjavur, Tamil Nadu; 67 affected, 5 reports. relief supplies and "
SLM-002094,train,URGENT,True,True,True,True,True,True,True,True,True,"URGENT. road blockages and medical emergencies plus 2 more in ZONE-3 Bengaluru, Karnataka; 262 affected, 12 reports. Sen"
SLM-002095,train,URGENT,True,True,True,True,True,True,True,True,True,"URGENT: ZONE-4 Dibrugarh, Assam -- flooding and medical emergencies plus 1 more. 6 reports, 87 affected. Dispatch NDRF f"
SLM-002096,validation,URGENT,True,True,True,True,True,True,True,True,True,"URGENT: ZONE-1 Madurai, Tamil Nadu -- flooding and rescue emergencies. 5 reports, 67 affected. Send water pump and rescu"
SLM-002097,train,URGENT,True,True,True,True,True,True,True,True,True,"URGENT: medical emergencies and flooding plus 2 more, ZONE-3 Kanpur, Uttar Pradesh. 6 reports, 84 affected. Dispatch wat"
SLM-002098,test,ROUTINE,True,True,True,True,True,True,True,True,True,"ROUTINE. medical emergencies and flooding plus 2 more in ZONE-3 Nagpur, Maharashtra; 24 affected, 5 reports. Dispatch em"
SLM-002099,validation,ELEVATED,True,True,True,True,True,True,True,True,True,"ELEVATED - ZONE-4 Udupi (Karnataka): medical emergencies and flooding plus 1 more, 36 affected across 6 reports. Send am"
SLM-002100,validation,URGENT,True,True,True,True,True,True,True,True,True,"URGENT: ZONE-5 Varanasi, Uttar Pradesh -- flooding and rescue emergencies. 5 reports, 67 affected. relief supplies and r"
SLM-002101,test,ELEVATED,True,True,True,True,True,True,True,True,True,"ELEVATED - ZONE-4 Pune (Maharashtra): flooding and rescue emergencies plus 1 more, 64 affected across 7 reports. Send re"
SLM-002102,validation,ELEVATED,True,True,True,True,True,True,True,True,True,"ELEVATED: ZONE-1 Guwahati, Assam -- medical emergencies and flooding. 7 reports, 57 affected. Deploy sandbags and relief"
SLM-002103,train,URGENT,True,True,True,True,True,True,True,True,True,"URGENT: flooding and road blockages, ZONE-3 Nashik, Maharashtra. 5 reports, 109 affected. Send relief supplies and water"
SLM-002104,train,ELEVATED,True,True,True,True,True,True,True,True,True,"ELEVATED. flooding and rescue emergencies in ZONE-4 Bhagalpur, Bihar; 40 affected, 5 reports. Deploy road clearance team"
SLM-002105,train,URGENT,True,True,True,True,True,True,True,True,True,"URGENT. flooding and rescue emergencies plus 1 more in ZONE-1 Thrissur, Kerala; 111 affected, 5 reports. Dispatch water "
SLM-002106,test,IMMEDIATE,True,True,True,True,True,True,True,True,True,"IMMEDIATE. flooding and rescue emergencies plus 1 more in ZONE-1 Bhagalpur, Bihar; 272 affected, 6 reports. Send life ja"
SLM-002107,train,IMMEDIATE,True,True,True,True,True,True,True,True,True,"IMMEDIATE: ZONE-5 Darbhanga, Bihar -- flooding and road blockages plus 1 more. 5 reports, 112 affected. Deploy life jack"
SLM-002108,train,IMMEDIATE,True,True,True,True,True,True,True,True,True,"IMMEDIATE - ZONE-4 Murshidabad (West Bengal): medical emergencies and road blockages plus 2 more, 166 affected across 7 "
SLM-002109,train,URGENT,True,True,True,True,True,True,True,True,True,"URGENT: ZONE-5 Kottayam, Kerala -- medical emergencies and rescue emergencies plus 1 more. 6 reports, 162 affected. Send"
SLM-002110,train,IMMEDIATE,True,True,True,True,True,True,True,True,True,"IMMEDIATE. road blockages and flooding plus 1 more in ZONE-5 Prayagraj, Uttar Pradesh; 269 affected, 5 reports. Send roa"
SLM-002111,train,IMMEDIATE,True,True,True,True,True,True,True,True,True,"IMMEDIATE: ZONE-4 Dhemaji, Assam -- flooding and medical emergencies plus 1 more. 5 reports, 155 affected. sandbags and "
SLM-002112,train,IMMEDIATE,True,True,True,True,True,True,True,True,True,"IMMEDIATE: rescue emergencies and flooding plus 1 more, ZONE-2 Dhemaji, Assam. 8 reports, 138 affected. Deploy rescue ro"
SLM-002113,train,IMMEDIATE,True,True,True,True,True,True,True,True,True,"IMMEDIATE - ZONE-5 Puri (Odisha): medical emergencies and flooding plus 2 more, 127 affected across 5 reports. NDRF floo"
SLM-002114,train,URGENT,True,True,True,True,True,True,True,True,True,"URGENT. rescue emergencies and flooding plus 1 more in ZONE-2 Nagpur, Maharashtra; 123 affected, 7 reports. NDRF rescue "
SLM-002115,train,ELEVATED,True,True,True,True,True,True,True,True,True,"ELEVATED: ZONE-2 Mangaluru, Karnataka -- flooding and medical emergencies plus 1 more. 9 reports, 67 affected. Send wate"
SLM-002116,test,ELEVATED,True,True,True,True,True,True,True,True,True,"ELEVATED - ZONE-1 Pune (Maharashtra): medical emergencies and flooding plus 1 more, 46 affected across 5 reports. Send a"
SLM-002117,train,URGENT,True,True,True,True,True,True,True,True,True,"URGENT. rescue emergencies and flooding plus 1 more in ZONE-2 Prayagraj, Uttar Pradesh; 62 affected, 5 reports. Dispatch"
SLM-002118,train,IMMEDIATE,True,True,True,True,True,True,True,True,True,"IMMEDIATE: road blockages and flooding plus 1 more, ZONE-3 Patna, Bihar. 5 reports, 212 affected. Dispatch NDRF rescue t"
SLM-002119,train,IMMEDIATE,True,True,True,True,True,True,True,True,True,"IMMEDIATE: ZONE-3 Thrissur, Kerala -- road blockages and flooding plus 2 more. 5 reports, 99 affected. earthmover (JCB) "
SLM-002120,train,URGENT,True,True,True,True,True,True,True,True,True,"URGENT: ZONE-5 Varanasi, Uttar Pradesh -- flooding and medical emergencies plus 2 more. 8 reports, 143 affected. Send ro"
SLM-002121,validation,URGENT,True,True,True,True,True,True,True,True,True,"URGENT: ZONE-3 Kodagu, Karnataka -- rescue emergencies and road blockages plus 1 more. 5 reports, 64 affected. NDRF resc"
SLM-002122,train,ELEVATED,True,True,True,True,True,True,True,True,True,"ELEVATED: ZONE-1 Dhemaji, Assam -- flooding and rescue emergencies. 5 reports, 33 affected. Dispatch life jackets and re"
SLM-002123,validation,ELEVATED,True,True,True,True,True,True,True,True,True,"ELEVATED. flooding and road blockages plus 1 more in ZONE-4 Mumbai, Maharashtra; 43 affected, 6 reports. Send water pump"
SLM-002124,train,IMMEDIATE,True,True,True,True,True,True,True,True,True,"IMMEDIATE - ZONE-4 Lucknow (Uttar Pradesh): flooding and road blockages plus 1 more, 153 affected across 5 reports. Depl"
SLM-002125,train,URGENT,True,True,True,True,True,True,True,True,True,"URGENT: ZONE-2 Kolkata, West Bengal -- rescue emergencies and medical emergencies plus 1 more. 5 reports, 118 affected. "
SLM-002126,train,URGENT,True,True,True,True,True,True,True,True,True,"URGENT - ZONE-5 Kottayam (Kerala): road blockages and flooding plus 1 more, 100 affected across 5 reports. Deploy road c"
SLM-002127,train,URGENT,True,True,True,True,True,True,True,True,True,"URGENT - ZONE-5 Bengaluru (Karnataka): road blockages and rescue emergencies plus 1 more, 94 affected across 5 reports. "
SLM-002128,train,ELEVATED,True,True,True,True,True,True,True,True,True,"ELEVATED: flooding, ZONE-4 Bharuch, Gujarat. 7 reports, 45 affected. Send water pump and relief supplies plus 1 more to "
SLM-002129,train,ELEVATED,True,True,True,True,True,True,True,True,True,"ELEVATED. rescue emergencies and road blockages plus 1 more in ZONE-2 Howrah, West Bengal; 26 affected, 5 reports. road "
SLM-002130,train,URGENT,True,True,True,True,True,True,True,True,True,"URGENT: ZONE-5 Murshidabad, West Bengal -- flooding and rescue emergencies plus 1 more. 5 reports, 146 affected. Deploy "
SLM-002131,test,URGENT,True,True,True,True,True,True,True,True,True,"URGENT: medical emergencies and rescue emergencies plus 1 more, ZONE-2 Kochi, Kerala. 5 reports, 90 affected. Send medic"
SLM-002132,test,IMMEDIATE,True,True,True,True,True,True,True,True,True,"IMMEDIATE - ZONE-3 Udupi (Karnataka): rescue emergencies and flooding plus 1 more, 158 affected across 5 reports. rescue"
SLM-002133,train,URGENT,True,True,True,True,True,True,True,True,True,"URGENT. flooding and medical emergencies in ZONE-3 Kozhikode, Kerala; 74 affected, 5 reports. drainage team and life jac"
SLM-002134,train,IMMEDIATE,True,True,True,True,True,True,True,True,True,"IMMEDIATE: ZONE-5 Ahmedabad, Gujarat -- rescue emergencies and flooding. 5 reports, 187 affected. NDRF rescue team and w"
SLM-002135,train,IMMEDIATE,True,True,True,True,True,True,True,True,True,"IMMEDIATE - ZONE-1 Kanpur (Uttar Pradesh): flooding and road blockages plus 1 more, 87 affected across 5 reports. Dispat"
SLM-002136,train,URGENT,True,True,True,True,True,True,True,True,True,"URGENT: flooding and rescue emergencies plus 1 more, ZONE-1 Patna, Bihar. 5 reports, 86 affected. rescue rope and ladder"
SLM-002137,train,IMMEDIATE,True,True,True,True,True,True,True,True,True,"IMMEDIATE: ZONE-4 Alappuzha, Kerala -- medical emergencies and flooding plus 1 more. 5 reports, 185 affected. Send ambul"
SLM-002138,train,ELEVATED,True,True,True,True,True,True,True,True,True,"ELEVATED: ZONE-1 Udupi, Karnataka -- road blockages and flooding plus 1 more. 5 reports, 48 affected. earthmover (JCB) a"
SLM-002139,train,IMMEDIATE,True,True,True,True,True,True,True,True,True,"IMMEDIATE: ZONE-3 Kottayam, Kerala -- rescue emergencies and road blockages plus 1 more. 5 reports, 111 affected. Deploy"
SLM-002140,validation,ELEVATED,True,True,True,True,True,True,True,True,True,"ELEVATED. flooding and rescue emergencies plus 2 more in ZONE-5 Mysuru, Karnataka; 80 affected, 9 reports. NDRF flood re"
SLM-002141,test,URGENT,True,True,True,True,True,True,True,True,True,"URGENT: ZONE-5 Kanpur, Uttar Pradesh -- flooding and medical emergencies plus 2 more. 6 reports, 57 affected. Deploy wat"
SLM-002142,validation,ROUTINE,True,True,True,True,True,True,True,True,True,"ROUTINE: rescue emergencies and flooding, ZONE-5 Surat, Gujarat. 5 reports, 19 affected. Send NDRF flood rescue team and"
SLM-002143,train,IMMEDIATE,True,True,True,True,True,True,True,True,True,"IMMEDIATE: ZONE-2 Vadodara, Gujarat -- flooding and rescue emergencies plus 1 more. 5 reports, 78 affected. Send road cl"
SLM-002144,train,IMMEDIATE,True,True,True,True,True,True,True,True,True,"IMMEDIATE: ZONE-5 Mangaluru, Karnataka -- flooding and road blockages plus 1 more. 5 reports, 198 affected. Dispatch roa"
SLM-002145,validation,IMMEDIATE,True,True,True,True,True,True,True,True,True,"IMMEDIATE: road blockages and flooding plus 2 more, ZONE-1 Lucknow, Uttar Pradesh. 9 reports, 199 affected. Deploy tow t"
SLM-002146,validation,IMMEDIATE,True,True,True,True,True,True,True,True,True,"IMMEDIATE: ZONE-5 Dhemaji, Assam -- flooding and road blockages plus 1 more. 9 reports, 168 affected. Deploy rescue boat"
SLM-002147,validation,ELEVATED,True,True,True,True,True,True,True,True,True,"ELEVATED: ZONE-4 Guwahati, Assam -- flooding and road blockages plus 1 more. 7 reports, 55 affected. Deploy water pump a"
SLM-002148,test,IMMEDIATE,True,True,True,True,True,True,True,True,True,"IMMEDIATE: ZONE-4 Nagpur, Maharashtra -- flooding and rescue emergencies plus 1 more. 6 reports, 122 affected. Send wate"
SLM-002149,train,IMMEDIATE,True,True,True,True,True,True,True,True,True,"IMMEDIATE: medical emergencies and rescue emergencies plus 2 more, ZONE-1 Coimbatore, Tamil Nadu. 5 reports, 82 affected"
SLM-002150,train,URGENT,True,True,True,True,True,True,True,True,True,"URGENT. medical emergencies and rescue emergencies plus 2 more in ZONE-1 Bhagalpur, Bihar; 95 affected, 5 reports. Deplo"
SLM-002151,train,IMMEDIATE,True,True,True,True,True,True,True,True,True,"IMMEDIATE - ZONE-1 Kanpur (Uttar Pradesh): rescue emergencies and flooding plus 1 more, 198 affected across 11 reports. "
SLM-002152,train,IMMEDIATE,True,True,True,True,True,True,True,True,True,"IMMEDIATE. flooding and road blockages plus 1 more in ZONE-1 Balasore, Odisha; 131 affected, 6 reports. water pump and r"
SLM-002153,test,ELEVATED,True,True,True,True,True,True,True,True,True,"ELEVATED: ZONE-4 Nagpur, Maharashtra -- rescue emergencies and flooding plus 1 more. 5 reports, 26 affected. ambulance a"
SLM-002154,train,IMMEDIATE,True,True,True,True,True,True,True,True,True,"IMMEDIATE: road blockages and rescue emergencies plus 1 more, ZONE-2 Lucknow, Uttar Pradesh. 6 reports, 251 affected. Di"
SLM-002155,train,IMMEDIATE,True,True,True,True,True,True,True,True,True,"IMMEDIATE: rescue emergencies and road blockages plus 2 more, ZONE-1 Bengaluru, Karnataka. 6 reports, 102 affected. Send"
SLM-002156,train,IMMEDIATE,True,True,True,True,True,True,True,True,True,"IMMEDIATE: ZONE-5 Bhubaneswar, Odisha -- flooding and road blockages plus 1 more. 6 reports, 52 affected. relief supplie"
SLM-002157,train,ELEVATED,True,True,True,True,True,True,True,True,True,"ELEVATED. flooding and rescue emergencies in ZONE-4 Rajkot, Gujarat; 50 affected, 5 reports. Dispatch relief supplies an"
SLM-002158,train,URGENT,True,True,True,True,True,True,True,True,True,"URGENT: ZONE-5 Surat, Gujarat -- flooding and rescue emergencies plus 1 more. 5 reports, 109 affected. Dispatch road cle"
SLM-002159,validation,IMMEDIATE,True,True,True,True,True,True,True,True,True,"IMMEDIATE. rescue emergencies and flooding in ZONE-2 Pune, Maharashtra; 137 affected, 5 reports. Dispatch drainage team "
SLM-002160,train,IMMEDIATE,True,True,True,True,True,True,True,True,True,"IMMEDIATE: rescue emergencies and flooding, ZONE-3 Malda, West Bengal. 5 reports, 106 affected. relief supplies and resc"
SLM-002161,test,ELEVATED,True,True,True,True,True,True,True,True,True,"ELEVATED. flooding in ZONE-4 Barpeta, Assam; 49 affected, 7 reports. Deploy NDRF flood rescue team and water pump plus 1"
SLM-002162,train,URGENT,True,True,True,True,True,True,True,True,True,"URGENT. flooding and rescue emergencies in ZONE-2 Barpeta, Assam; 98 affected, 6 reports. Dispatch life jackets and resc"
SLM-002163,train,ELEVATED,True,True,True,True,True,True,True,True,True,"ELEVATED. flooding and rescue emergencies in ZONE-4 Mysuru, Karnataka; 63 affected, 6 reports. Dispatch ambulance and fi"
SLM-002164,train,URGENT,True,True,True,True,True,True,True,True,True,"URGENT - ZONE-3 Kolkata (West Bengal): rescue emergencies and road blockages plus 1 more, 73 affected across 5 reports. "
SLM-002165,train,ELEVATED,True,True,True,True,True,True,True,True,True,"ELEVATED: ZONE-5 Rajkot, Gujarat -- flooding and road blockages plus 1 more. 6 reports, 46 affected. Dispatch rescue rop"
SLM-002166,train,URGENT,True,True,True,True,True,True,True,True,True,"URGENT - ZONE-3 Lucknow (Uttar Pradesh): flooding and rescue emergencies plus 1 more, 196 affected across 7 reports. rel"
SLM-002167,train,URGENT,True,True,True,True,True,True,True,True,True,"URGENT. flooding and rescue emergencies in ZONE-1 Bharuch, Gujarat; 168 affected, 7 reports. Send ambulance and life jac"
SLM-002168,train,IMMEDIATE,True,True,True,True,True,True,True,True,True,"IMMEDIATE - ZONE-1 Thanjavur (Tamil Nadu): flooding and rescue emergencies plus 1 more, 195 affected across 5 reports. D"
SLM-002169,train,URGENT,True,True,True,True,True,True,True,True,True,"URGENT. flooding and rescue emergencies plus 1 more in ZONE-4 Surat, Gujarat; 88 affected, 7 reports. life jackets and r"
SLM-002170,test,URGENT,True,True,True,True,True,True,True,True,True,"URGENT: flooding and rescue emergencies plus 1 more, ZONE-4 Surat, Gujarat. 5 reports, 118 affected. Dispatch fire and r"
SLM-002171,train,URGENT,True,True,True,True,True,True,True,True,True,"URGENT: ZONE-2 Bharuch, Gujarat -- flooding and rescue emergencies. 5 reports, 127 affected. Send rescue boat and rescue"
SLM-002172,train,ELEVATED,True,True,True,True,True,True,True,True,True,"ELEVATED - ZONE-5 Patna (Bihar): rescue emergencies and flooding, 34 affected across 5 reports. Dispatch rescue rope and"
SLM-002173,train,IMMEDIATE,True,True,True,True,True,True,True,True,True,"IMMEDIATE - ZONE-5 Mysuru (Karnataka): flooding and road blockages plus 2 more, 170 affected across 7 reports. Dispatch "
SLM-002174,validation,ROUTINE,True,True,True,True,True,True,True,True,True,"ROUTINE. rescue emergencies and medical emergencies in ZONE-3 Guwahati, Assam; 16 affected, 5 reports. Send paramedic te"
SLM-002175,train,URGENT,True,True,True,True,True,True,True,True,True,"URGENT - ZONE-3 Balasore (Odisha): flooding and road blockages plus 1 more, 124 affected across 5 reports. Send life jac"
SLM-002176,validation,URGENT,True,True,True,True,True,True,True,True,True,"URGENT: ZONE-4 Mumbai, Maharashtra -- rescue emergencies and flooding plus 1 more. 10 reports, 231 affected. Send NDRF r"
SLM-002177,test,IMMEDIATE,True,True,True,True,True,True,True,True,True,"IMMEDIATE: rescue emergencies and flooding plus 1 more, ZONE-1 Chennai, Tamil Nadu. 6 reports, 156 affected. Dispatch fi"
SLM-002178,train,URGENT,True,True,True,True,True,True,True,True,True,"URGENT. road blockages and flooding plus 2 more in ZONE-1 Murshidabad, West Bengal; 203 affected, 8 reports. water pump "
SLM-002179,train,IMMEDIATE,True,True,True,True,True,True,True,True,True,"IMMEDIATE - ZONE-4 Thrissur (Kerala): rescue emergencies and flooding, 162 affected across 5 reports. Dispatch rescue ro"
SLM-002180,train,IMMEDIATE,True,True,True,True,True,True,True,True,True,"IMMEDIATE: flooding, ZONE-2 Kolkata, West Bengal. 5 reports, 211 affected. water pump and life jackets plus 1 more to re"
SLM-002181,train,IMMEDIATE,True,True,True,True,True,True,True,True,True,"IMMEDIATE: ZONE-1 Thanjavur, Tamil Nadu -- road blockages and rescue emergencies plus 2 more. 5 reports, 104 affected. S"
SLM-002182,train,ELEVATED,True,True,True,True,True,True,True,True,True,"ELEVATED: medical emergencies and flooding plus 2 more, ZONE-5 Madurai, Tamil Nadu. 8 reports, 88 affected. emergency me"
SLM-002183,train,ELEVATED,True,True,True,True,True,True,True,True,True,"ELEVATED - ZONE-4 Surat (Gujarat): road blockages and flooding plus 2 more, 74 affected across 7 reports. Dispatch drain"
SLM-002184,train,ROUTINE,True,True,True,True,True,True,True,True,True,"ROUTINE: medical emergencies and flooding plus 1 more, ZONE-5 Kolkata, West Bengal. 5 reports, 19 affected. Send medical"
SLM-002185,validation,IMMEDIATE,True,True,True,True,True,True,True,True,True,"IMMEDIATE: flooding and rescue emergencies, ZONE-3 Dhemaji, Assam. 6 reports, 253 affected. Dispatch NDRF flood rescue t"
SLM-002186,test,IMMEDIATE,True,True,True,True,True,True,True,True,True,"IMMEDIATE: flooding and medical emergencies, ZONE-4 Kodagu, Karnataka. 5 reports, 229 affected. Dispatch life jackets an"
SLM-002187,train,ROUTINE,True,True,True,True,True,True,True,True,True,"ROUTINE: flooding and medical emergencies plus 1 more, ZONE-2 Prayagraj, Uttar Pradesh. 5 reports, 21 affected. Deploy N"
SLM-002188,train,ELEVATED,True,True,True,True,True,True,True,True,True,"ELEVATED - ZONE-2 Darbhanga (Bihar): flooding and rescue emergencies plus 1 more, 53 affected across 5 reports. fire and"
SLM-002189,test,ELEVATED,True,True,True,True,True,True,True,True,True,"ELEVATED - ZONE-2 Murshidabad (West Bengal): rescue emergencies and flooding plus 1 more, 32 affected across 5 reports. "
SLM-002190,validation,IMMEDIATE,True,True,True,True,True,True,True,True,True,"IMMEDIATE: ZONE-5 Balasore, Odisha -- flooding and medical emergencies plus 2 more. 6 reports, 189 affected. life jacket"
SLM-002191,train,IMMEDIATE,True,True,True,True,True,True,True,True,True,"IMMEDIATE. flooding and rescue emergencies plus 1 more in ZONE-5 Pune, Maharashtra; 325 affected, 5 reports. Dispatch am"
SLM-002192,train,ROUTINE,True,True,True,True,True,True,True,True,True,"ROUTINE - ZONE-3 Udupi (Karnataka): flooding and rescue emergencies, 16 affected across 5 reports. Deploy water pump and"
SLM-002193,train,IMMEDIATE,True,True,True,True,True,True,True,True,True,"IMMEDIATE. rescue emergencies and road blockages plus 1 more in ZONE-1 Puri, Odisha; 72 affected, 5 reports. Deploy traf"
SLM-002194,train,ELEVATED,True,True,True,True,True,True,True,True,True,"ELEVATED - ZONE-2 Gaya (Bihar): flooding and rescue emergencies, 32 affected across 6 reports. rescue boat and water pum"
SLM-002195,train,IMMEDIATE,True,True,True,True,True,True,True,True,True,"IMMEDIATE: ZONE-3 Balasore, Odisha -- rescue emergencies and flooding plus 1 more. 6 reports, 215 affected. Send rescue "
SLM-002196,train,URGENT,True,True,True,True,True,True,True,True,True,"URGENT: flooding and medical emergencies, ZONE-4 Guwahati, Assam. 5 reports, 104 affected. Dispatch road clearance team "
SLM-002197,validation,ELEVATED,True,True,True,True,True,True,True,True,True,"ELEVATED: flooding and road blockages, ZONE-4 Bharuch, Gujarat. 5 reports, 30 affected. rescue boat and tow truck plus 1"
SLM-002198,train,URGENT,True,True,True,True,True,True,True,True,True,"URGENT: road blockages and flooding plus 2 more, ZONE-5 Kendrapara, Odisha. 7 reports, 121 affected. Send tow truck and "
SLM-002199,train,URGENT,True,True,True,True,True,True,True,True,True,"URGENT: ZONE-3 Rajkot, Gujarat -- rescue emergencies and flooding plus 1 more. 6 reports, 126 affected. NDRF rescue team"
SLM-002200,validation,ELEVATED,True,True,True,True,True,True,True,True,True,"ELEVATED - ZONE-2 Puri (Odisha): flooding and rescue emergencies, 59 affected across 6 reports. Send NDRF rescue team an"
SLM-002201,train,ROUTINE,True,True,True,True,True,True,True,True,True,"ROUTINE: road blockages and flooding plus 1 more, ZONE-5 Madurai, Tamil Nadu. 5 reports, 25 affected. Send traffic polic"
SLM-002202,train,ELEVATED,True,True,True,True,True,True,True,True,True,"ELEVATED: ZONE-1 Tiruppur, Tamil Nadu -- rescue emergencies and flooding. 8 reports, 82 affected. drainage team and wate"
SLM-002203,train,IMMEDIATE,True,True,True,True,True,True,True,True,True,"IMMEDIATE: ZONE-4 Mangaluru, Karnataka -- rescue emergencies and medical emergencies plus 2 more. 6 reports, 165 affecte"
SLM-002204,train,URGENT,True,True,True,True,True,True,True,True,True,"URGENT: ZONE-4 Ahmedabad, Gujarat -- rescue emergencies and medical emergencies plus 2 more. 7 reports, 153 affected. Di"
SLM-002205,train,IMMEDIATE,True,True,True,True,True,True,True,True,True,"IMMEDIATE - ZONE-1 Kochi (Kerala): flooding and road blockages plus 1 more, 265 affected across 5 reports. Dispatch reli"
SLM-002206,train,URGENT,True,True,True,True,True,True,True,True,True,"URGENT: ZONE-5 Tiruppur, Tamil Nadu -- rescue emergencies and flooding plus 1 more. 6 reports, 136 affected. Dispatch re"
SLM-002207,train,ELEVATED,True,True,True,True,True,True,True,True,True,"ELEVATED. flooding and road blockages plus 1 more in ZONE-2 Kendrapara, Odisha; 47 affected, 5 reports. Dispatch water p"
SLM-002208,train,IMMEDIATE,True,True,True,True,True,True,True,True,True,"IMMEDIATE - ZONE-1 Madurai (Tamil Nadu): flooding and rescue emergencies plus 1 more, 160 affected across 5 reports. Dis"
SLM-002209,test,URGENT,True,True,True,True,True,True,True,True,True,"URGENT. road blockages and flooding in ZONE-1 Madurai, Tamil Nadu; 112 affected, 5 reports. Send tow truck and relief su"
SLM-002210,validation,URGENT,True,True,True,True,True,True,True,True,True,"URGENT - ZONE-2 Balasore (Odisha): road blockages and flooding plus 1 more, 184 affected across 7 reports. Send water pu"
SLM-002211,train,ROUTINE,True,True,True,True,True,True,True,True,True,"ROUTINE. flooding and rescue emergencies in ZONE-1 Malda, West Bengal; 23 affected, 5 reports. Send relief supplies and "
SLM-002212,train,ELEVATED,True,True,True,True,True,True,True,True,True,"ELEVATED - ZONE-1 Kozhikode (Kerala): flooding and medical emergencies plus 2 more, 73 affected across 8 reports. rescue"
SLM-002213,validation,IMMEDIATE,True,True,True,True,True,True,True,True,True,"IMMEDIATE: ZONE-5 Gorakhpur, Uttar Pradesh -- rescue emergencies and flooding plus 1 more. 6 reports, 159 affected. Disp"
SLM-002214,test,URGENT,True,True,True,True,True,True,True,True,True,"URGENT: ZONE-1 Bhubaneswar, Odisha -- rescue emergencies and flooding plus 1 more. 7 reports, 84 affected. Dispatch resc"
SLM-002215,validation,ELEVATED,True,True,True,True,True,True,True,True,True,"ELEVATED - ZONE-2 Malda (West Bengal): rescue emergencies and flooding plus 1 more, 37 affected across 6 reports. parame"
SLM-002216,test,ELEVATED,True,True,True,True,True,True,True,True,True,"ELEVATED - ZONE-3 Barpeta (Assam): flooding and rescue emergencies plus 1 more, 36 affected across 5 reports. rescue boa"
SLM-002217,train,ROUTINE,True,True,True,True,True,True,True,True,True,"ROUTINE. rescue emergencies and flooding plus 1 more in ZONE-1 Tiruppur, Tamil Nadu; 26 affected, 5 reports. Dispatch sa"
SLM-002218,train,IMMEDIATE,True,True,True,True,True,True,True,True,True,"IMMEDIATE: ZONE-3 Kochi, Kerala -- rescue emergencies and flooding plus 1 more. 5 reports, 131 affected. Deploy emergenc"
SLM-002219,train,ELEVATED,True,True,True,True,True,True,True,True,True,"ELEVATED. flooding and rescue emergencies plus 1 more in ZONE-3 Guwahati, Assam; 69 affected, 8 reports. life jackets an"
SLM-002220,validation,ROUTINE,True,True,True,True,True,True,True,True,True,"ROUTINE - ZONE-5 Nashik (Maharashtra): flooding, 16 affected across 5 reports. Dispatch relief supplies and water pump p"
SLM-002221,test,URGENT,True,True,True,True,True,True,True,True,True,"URGENT - ZONE-3 Lucknow (Uttar Pradesh): flooding and rescue emergencies, 75 affected across 5 reports. Send relief supp"
SLM-002222,train,URGENT,True,True,True,True,True,True,True,True,True,"URGENT - ZONE-1 Kolkata (West Bengal): flooding and rescue emergencies plus 1 more, 70 affected across 7 reports. water "
SLM-002223,train,URGENT,True,True,True,True,True,True,True,True,True,"URGENT: ZONE-5 Varanasi, Uttar Pradesh -- flooding and rescue emergencies plus 1 more. 9 reports, 197 affected. Send wat"
SLM-002224,train,IMMEDIATE,True,True,True,True,True,True,True,True,True,"IMMEDIATE. flooding and rescue emergencies in ZONE-4 Patna, Bihar; 197 affected, 6 reports. water pump and road clearanc"
SLM-002225,validation,ELEVATED,True,True,True,True,True,True,True,True,True,"ELEVATED: ZONE-3 Surat, Gujarat -- flooding and road blockages plus 1 more. 8 reports, 64 affected. Dispatch NDRF flood "
SLM-002226,train,ELEVATED,True,True,True,True,True,True,True,True,True,"ELEVATED - ZONE-3 Udupi (Karnataka): flooding and rescue emergencies plus 1 more, 45 affected across 7 reports. Dispatch"
SLM-002227,train,IMMEDIATE,True,True,True,True,True,True,True,True,True,"IMMEDIATE. flooding and medical emergencies plus 1 more in ZONE-2 Coimbatore, Tamil Nadu; 159 affected, 6 reports. Dispa"
SLM-002228,train,IMMEDIATE,True,True,True,True,True,True,True,True,True,"IMMEDIATE. rescue emergencies and road blockages plus 2 more in ZONE-5 Mysuru, Karnataka; 144 affected, 6 reports. Send "
SLM-002229,train,ELEVATED,True,True,True,True,True,True,True,True,True,"ELEVATED: ZONE-1 Tiruppur, Tamil Nadu -- rescue emergencies and flooding plus 1 more. 5 reports, 36 affected. Send relie"
SLM-002230,test,URGENT,True,True,True,True,True,True,True,True,True,"URGENT: ZONE-5 Dibrugarh, Assam -- flooding and rescue emergencies plus 1 more. 6 reports, 82 affected. Deploy NDRF floo"
SLM-002231,train,URGENT,True,True,True,True,True,True,True,True,True,"URGENT. rescue emergencies and flooding plus 1 more in ZONE-3 Darjeeling, West Bengal; 76 affected, 6 reports. fire and "
SLM-002232,train,URGENT,True,True,True,True,True,True,True,True,True,"URGENT. road blockages and medical emergencies plus 2 more in ZONE-2 Gaya, Bihar; 202 affected, 8 reports. Deploy ambula"
SLM-002233,validation,IMMEDIATE,True,True,True,True,True,True,True,True,True,"IMMEDIATE - ZONE-2 Kolhapur (Maharashtra): flooding and rescue emergencies plus 1 more, 151 affected across 5 reports. d"
SLM-002234,train,IMMEDIATE,True,True,True,True,True,True,True,True,True,"IMMEDIATE. flooding and medical emergencies plus 1 more in ZONE-5 Kottayam, Kerala; 31 affected, 5 reports. Dispatch wat"
SLM-002235,train,IMMEDIATE,True,True,True,True,True,True,True,True,True,"IMMEDIATE: flooding and rescue emergencies, ZONE-1 Udupi, Karnataka. 5 reports, 176 affected. Dispatch rescue rope and l"
SLM-002236,train,URGENT,True,True,True,True,True,True,True,True,True,"URGENT: ZONE-1 Madurai, Tamil Nadu -- flooding and road blockages plus 1 more. 5 reports, 98 affected. Dispatch water pu"
SLM-002237,validation,ELEVATED,True,True,True,True,True,True,True,True,True,"ELEVATED - ZONE-1 Bhagalpur (Bihar): flooding and rescue emergencies, 41 affected across 5 reports. water pump and fire "
SLM-002238,train,IMMEDIATE,True,True,True,True,True,True,True,True,True,"IMMEDIATE: ZONE-1 Udupi, Karnataka -- road blockages and flooding plus 1 more. 6 reports, 72 affected. Dispatch NDRF flo"
SLM-002239,train,URGENT,True,True,True,True,True,True,True,True,True,"URGENT: road blockages and flooding plus 2 more, ZONE-3 Darbhanga, Bihar. 6 reports, 118 affected. relief supplies and t"
SLM-002240,train,IMMEDIATE,True,True,True,True,True,True,True,True,True,"IMMEDIATE. flooding and rescue emergencies in ZONE-3 Darbhanga, Bihar; 129 affected, 6 reports. Send NDRF flood rescue t"
SLM-002241,train,IMMEDIATE,True,True,True,True,True,True,True,True,True,"IMMEDIATE: ZONE-3 Darjeeling, West Bengal -- road blockages and rescue emergencies plus 1 more. 5 reports, 247 affected."
SLM-002242,train,IMMEDIATE,True,True,True,True,True,True,True,True,True,"IMMEDIATE: ZONE-3 Thanjavur, Tamil Nadu -- medical emergencies and flooding plus 1 more. 5 reports, 76 affected. Send sa"
SLM-002243,test,IMMEDIATE,True,True,True,True,True,True,True,True,True,"IMMEDIATE. flooding and medical emergencies in ZONE-2 Madurai, Tamil Nadu; 183 affected, 6 reports. Send NDRF flood resc"
SLM-002244,validation,IMMEDIATE,True,True,True,True,True,True,True,True,True,"IMMEDIATE: flooding and rescue emergencies, ZONE-4 Muzaffarpur, Bihar. 5 reports, 79 affected. Deploy drainage team and "
SLM-002245,train,URGENT,True,True,True,True,True,True,True,True,True,"URGENT. rescue emergencies and flooding plus 1 more in ZONE-2 Kochi, Kerala; 143 affected, 5 reports. Dispatch ambulance"
SLM-002246,train,IMMEDIATE,True,True,True,True,True,True,True,True,True,"IMMEDIATE. flooding and road blockages in ZONE-2 Barpeta, Assam; 165 affected, 8 reports. Send life jackets and road cle"
SLM-002247,validation,URGENT,True,True,True,True,True,True,True,True,True,"URGENT: flooding and road blockages, ZONE-5 Kottayam, Kerala. 5 reports, 113 affected. Send NDRF flood rescue team and w"
SLM-002248,validation,URGENT,True,True,True,True,True,True,True,True,True,"URGENT: rescue emergencies and flooding, ZONE-2 Guwahati, Assam. 5 reports, 77 affected. Dispatch ambulance and relief s"
SLM-002249,train,ELEVATED,True,True,True,True,True,True,True,True,True,"ELEVATED: ZONE-1 Nashik, Maharashtra -- flooding and rescue emergencies. 6 reports, 48 affected. water pump and relief s"
SLM-002250,train,ELEVATED,True,True,True,True,True,True,True,True,True,"ELEVATED. rescue emergencies and flooding plus 1 more in ZONE-1 Coimbatore, Tamil Nadu; 52 affected, 6 reports. road cle"
SLM-002251,train,ELEVATED,True,True,True,True,True,True,True,True,True,"ELEVATED: flooding and medical emergencies plus 1 more, ZONE-4 Malda, West Bengal. 5 reports, 37 affected. Send rescue r"
SLM-002252,train,URGENT,True,True,True,True,True,True,True,True,True,"URGENT. flooding in ZONE-4 Malda, West Bengal; 120 affected, 5 reports. Dispatch road clearance team and life jackets pl"
SLM-002253,train,URGENT,True,True,True,True,True,True,True,True,True,"URGENT. flooding and rescue emergencies in ZONE-3 Dibrugarh, Assam; 89 affected, 5 reports. Deploy relief supplies and r"
SLM-002254,train,URGENT,True,True,True,True,True,True,True,True,True,"URGENT: rescue emergencies and flooding, ZONE-2 Surat, Gujarat. 5 reports, 95 affected. Dispatch life jackets and NDRF r"
SLM-002255,train,URGENT,True,True,True,True,True,True,True,True,True,"URGENT: ZONE-5 Thanjavur, Tamil Nadu -- flooding and rescue emergencies. 5 reports, 120 affected. water pump and drainag"
SLM-002256,train,ELEVATED,True,True,True,True,True,True,True,True,True,"ELEVATED. flooding and rescue emergencies in ZONE-4 Dhemaji, Assam; 79 affected, 8 reports. Send drainage team and sandb"
SLM-002257,train,URGENT,True,True,True,True,True,True,True,True,True,"URGENT: ZONE-1 Mangaluru, Karnataka -- rescue emergencies and road blockages plus 1 more. 6 reports, 109 affected. Dispa"
SLM-002258,train,URGENT,True,True,True,True,True,True,True,True,True,"URGENT - ZONE-2 Bhagalpur (Bihar): road blockages and flooding plus 1 more, 183 affected across 7 reports. Dispatch tow "
SLM-002259,train,IMMEDIATE,True,True,True,True,True,True,True,True,True,"IMMEDIATE: flooding and rescue emergencies, ZONE-2 Darjeeling, West Bengal. 6 reports, 143 affected. sandbags and NDRF f"
SLM-002260,test,ROUTINE,True,True,True,True,True,True,True,True,True,"ROUTINE: ZONE-2 Gaya, Bihar -- flooding and rescue emergencies. 7 reports, 28 affected. Send life jackets and NDRF flood"
SLM-002261,train,ROUTINE,True,True,True,True,True,True,True,True,True,"ROUTINE: ZONE-5 Guwahati, Assam -- rescue emergencies and flooding plus 1 more. 7 reports, 26 affected. Deploy rescue ro"
SLM-002262,validation,ELEVATED,True,True,True,True,True,True,True,True,True,"ELEVATED: rescue emergencies and flooding plus 1 more, ZONE-4 Surat, Gujarat. 7 reports, 64 affected. Dispatch water pum"
SLM-002263,train,IMMEDIATE,True,True,True,True,True,True,True,True,True,"IMMEDIATE: ZONE-3 Kottayam, Kerala -- flooding and rescue emergencies plus 1 more. 6 reports, 191 affected. Deploy rescu"
SLM-002264,train,IMMEDIATE,True,True,True,True,True,True,True,True,True,"IMMEDIATE. medical emergencies and flooding plus 2 more in ZONE-4 Malda, West Bengal; 187 affected, 7 reports. Send reli"
SLM-002265,train,URGENT,True,True,True,True,True,True,True,True,True,"URGENT. rescue emergencies and flooding plus 2 more in ZONE-4 Howrah, West Bengal; 62 affected, 5 reports. Deploy fire a"
SLM-002266,train,IMMEDIATE,True,True,True,True,True,True,True,True,True,"IMMEDIATE: flooding and road blockages, ZONE-3 Bharuch, Gujarat. 6 reports, 249 affected. Deploy relief supplies and NDR"
SLM-002267,train,ELEVATED,True,True,True,True,True,True,True,True,True,"ELEVATED: road blockages and flooding plus 1 more, ZONE-1 Kottayam, Kerala. 10 reports, 68 affected. water pump and life"
SLM-002268,train,IMMEDIATE,True,True,True,True,True,True,True,True,True,"IMMEDIATE: flooding and rescue emergencies plus 1 more, ZONE-1 Murshidabad, West Bengal. 6 reports, 89 affected. Send dr"
SLM-002269,validation,IMMEDIATE,True,True,True,True,True,True,True,True,True,"IMMEDIATE - ZONE-4 Chennai (Tamil Nadu): rescue emergencies and flooding, 131 affected across 5 reports. Deploy ambulanc"
SLM-002270,train,IMMEDIATE,True,True,True,True,True,True,True,True,True,"IMMEDIATE: ZONE-4 Kottayam, Kerala -- rescue emergencies and flooding plus 1 more. 8 reports, 175 affected. Dispatch lif"
SLM-002271,validation,ELEVATED,True,True,True,True,True,True,True,True,True,"ELEVATED: ZONE-1 Chennai, Tamil Nadu -- flooding and rescue emergencies plus 1 more. 5 reports, 54 affected. water pump "
SLM-002272,train,IMMEDIATE,True,True,True,True,True,True,True,True,True,"IMMEDIATE. rescue emergencies and flooding in ZONE-2 Guwahati, Assam; 104 affected, 5 reports. Deploy ambulance and life"
SLM-002273,test,ELEVATED,True,True,True,True,True,True,True,True,True,"ELEVATED. rescue emergencies and flooding plus 1 more in ZONE-2 Kolhapur, Maharashtra; 34 affected, 5 reports. Send resc"
SLM-002274,train,IMMEDIATE,True,True,True,True,True,True,True,True,True,"IMMEDIATE: ZONE-3 Surat, Gujarat -- flooding and rescue emergencies plus 1 more. 5 reports, 69 affected. Deploy water pu"
SLM-002275,test,IMMEDIATE,True,True,True,True,True,True,True,True,True,"IMMEDIATE. road blockages and flooding plus 2 more in ZONE-5 Alappuzha, Kerala; 238 affected, 8 reports. Deploy rescue r"
SLM-002276,train,ELEVATED,True,True,True,True,True,True,True,True,True,"ELEVATED: ZONE-4 Mysuru, Karnataka -- rescue emergencies and flooding plus 2 more. 5 reports, 42 affected. Deploy fire a"
SLM-002277,train,IMMEDIATE,True,True,True,True,True,True,True,True,True,"IMMEDIATE - ZONE-4 Murshidabad (West Bengal): flooding and rescue emergencies plus 1 more, 82 affected across 6 reports."
SLM-002278,validation,URGENT,True,True,True,True,True,True,True,True,True,"URGENT - ZONE-1 Malda (West Bengal): flooding and rescue emergencies, 100 affected across 5 reports. Dispatch NDRF flood"
SLM-002279,train,URGENT,True,True,True,True,True,True,True,True,True,"URGENT. rescue emergencies and medical emergencies plus 2 more in ZONE-1 Tiruppur, Tamil Nadu; 175 affected, 7 reports. "
SLM-002280,train,ROUTINE,True,True,True,True,True,True,True,True,True,"ROUTINE - ZONE-5 Muzaffarpur (Bihar): flooding, 11 affected across 5 reports. Dispatch rescue boat and life jackets plus"
SLM-002281,train,IMMEDIATE,True,True,True,True,True,True,True,True,True,"IMMEDIATE - ZONE-1 Madurai (Tamil Nadu): flooding and road blockages plus 1 more, 125 affected across 7 reports. rescue "
SLM-002282,train,URGENT,True,True,True,True,True,True,True,True,True,"URGENT - ZONE-2 Muzaffarpur (Bihar): flooding and medical emergencies plus 1 more, 134 affected across 6 reports. Dispat"
SLM-002283,train,URGENT,True,True,True,True,True,True,True,True,True,"URGENT: rescue emergencies and flooding plus 1 more, ZONE-5 Thrissur, Kerala. 7 reports, 133 affected. Deploy fire and r"
SLM-002284,test,IMMEDIATE,True,True,True,True,True,True,True,True,True,"IMMEDIATE: medical emergencies and rescue emergencies plus 1 more, ZONE-5 Vadodara, Gujarat. 5 reports, 168 affected. pa"
SLM-002285,test,ROUTINE,True,True,True,True,True,True,True,True,True,"ROUTINE. medical emergencies and road blockages plus 2 more in ZONE-1 Patna, Bihar; 29 affected, 6 reports. Deploy emerg"
SLM-002286,test,IMMEDIATE,True,True,True,True,True,True,True,True,True,"IMMEDIATE. rescue emergencies and flooding plus 1 more in ZONE-2 Howrah, West Bengal; 169 affected, 5 reports. ambulance"
SLM-002287,train,ELEVATED,True,True,True,True,True,True,True,True,True,"ELEVATED - ZONE-5 Gorakhpur (Uttar Pradesh): flooding and rescue emergencies, 35 affected across 5 reports. water pump a"
SLM-002288,validation,URGENT,True,True,True,True,True,True,True,True,True,"URGENT - ZONE-1 Udupi (Karnataka): flooding and rescue emergencies, 63 affected across 5 reports. Send ambulance and wat"
SLM-002289,train,ELEVATED,True,True,True,True,True,True,True,True,True,"ELEVATED - ZONE-4 Rajkot (Gujarat): flooding and road blockages plus 1 more, 65 affected across 6 reports. water pump an"
SLM-002290,train,ELEVATED,True,True,True,True,True,True,True,True,True,"ELEVATED: flooding and rescue emergencies plus 1 more, ZONE-1 Udupi, Karnataka. 5 reports, 33 affected. water pump and a"
SLM-002291,train,URGENT,True,True,True,True,True,True,True,True,True,"URGENT: flooding and medical emergencies, ZONE-4 Chennai, Tamil Nadu. 6 reports, 95 affected. Send water pump and draina"
SLM-002292,train,URGENT,True,True,True,True,True,True,True,True,True,"URGENT: ZONE-3 Udupi, Karnataka -- medical emergencies and flooding. 6 reports, 75 affected. rescue boat and life jacket"
SLM-002293,train,ROUTINE,True,True,True,True,True,True,True,True,True,"ROUTINE: flooding and road blockages plus 1 more, ZONE-1 Darjeeling, West Bengal. 5 reports, 17 affected. Send drainage "
SLM-002294,train,IMMEDIATE,True,True,True,True,True,True,True,True,True,"IMMEDIATE: ZONE-3 Kodagu, Karnataka -- rescue emergencies and flooding plus 1 more. 5 reports, 103 affected. NDRF rescue"
SLM-002295,train,ELEVATED,True,True,True,True,True,True,True,True,True,"ELEVATED: ZONE-2 Prayagraj, Uttar Pradesh -- flooding and road blockages. 5 reports, 43 affected. Deploy water pump and "
SLM-002296,train,ELEVATED,True,True,True,True,True,True,True,True,True,"ELEVATED - ZONE-3 Muzaffarpur (Bihar): flooding and road blockages plus 1 more, 86 affected across 9 reports. Deploy lif"
SLM-002297,train,ELEVATED,True,True,True,True,True,True,True,True,True,"ELEVATED - ZONE-5 Dhemaji (Assam): rescue emergencies and flooding plus 1 more, 60 affected across 8 reports. Deploy res"
SLM-002298,train,IMMEDIATE,True,True,True,True,True,True,True,True,True,"IMMEDIATE. road blockages and flooding plus 2 more in ZONE-1 Muzaffarpur, Bihar; 198 affected, 5 reports. Dispatch road "
SLM-002299,validation,URGENT,True,True,True,True,True,True,True,True,True,"URGENT - ZONE-4 Barpeta (Assam): flooding and rescue emergencies, 88 affected across 5 reports. rescue boat and fire and"
SLM-002300,train,URGENT,True,True,True,True,True,True,True,True,True,"URGENT. rescue emergencies and flooding plus 1 more in ZONE-3 Tiruppur, Tamil Nadu; 238 affected, 11 reports. Send road "
SLM-002301,train,IMMEDIATE,True,True,True,True,True,True,True,True,True,"IMMEDIATE: rescue emergencies and road blockages plus 1 more, ZONE-5 Darbhanga, Bihar. 5 reports, 107 affected. Send tow"
SLM-002302,test,ROUTINE,True,True,True,True,True,True,True,True,True,"ROUTINE: flooding and medical emergencies plus 1 more, ZONE-5 Udupi, Karnataka. 6 reports, 19 affected. Send ambulance a"
SLM-002303,train,ELEVATED,True,True,True,True,True,True,True,True,True,"ELEVATED: ZONE-3 Alappuzha, Kerala -- flooding and road blockages plus 1 more. 5 reports, 41 affected. Deploy road clear"
SLM-002304,test,ELEVATED,True,True,True,True,True,True,True,True,True,"ELEVATED. flooding and rescue emergencies plus 1 more in ZONE-3 Vadodara, Gujarat; 48 affected, 5 reports. Dispatch road"
SLM-002305,train,IMMEDIATE,True,True,True,True,True,True,True,True,True,"IMMEDIATE: ZONE-1 Kochi, Kerala -- rescue emergencies and flooding plus 1 more. 6 reports, 138 affected. Dispatch water "
SLM-002306,train,IMMEDIATE,True,True,True,True,True,True,True,True,True,"IMMEDIATE: flooding and medical emergencies plus 1 more, ZONE-5 Nagpur, Maharashtra. 6 reports, 147 affected. Send life "
SLM-002307,validation,IMMEDIATE,True,True,True,True,True,True,True,True,True,"IMMEDIATE: road blockages and medical emergencies plus 2 more, ZONE-3 Murshidabad, West Bengal. 6 reports, 182 affected."
SLM-002308,validation,ELEVATED,True,True,True,True,True,True,True,True,True,"ELEVATED. flooding and rescue emergencies plus 1 more in ZONE-3 Chennai, Tamil Nadu; 59 affected, 8 reports. Deploy ambu"
SLM-002309,train,IMMEDIATE,True,True,True,True,True,True,True,True,True,"IMMEDIATE - ZONE-3 Gaya (Bihar): rescue emergencies and flooding plus 2 more, 119 affected across 8 reports. water pump "
SLM-002310,test,URGENT,True,True,True,True,True,True,True,True,True,"URGENT: flooding and road blockages, ZONE-4 Ahmedabad, Gujarat. 5 reports, 110 affected. life jackets and NDRF flood res"
SLM-002311,train,ELEVATED,True,True,True,True,True,True,True,True,True,"ELEVATED - ZONE-3 Mumbai (Maharashtra): medical emergencies and flooding plus 2 more, 71 affected across 7 reports. wate"
SLM-002312,test,IMMEDIATE,True,True,True,True,True,True,True,True,True,"IMMEDIATE: ZONE-1 Barpeta, Assam -- flooding and rescue emergencies. 6 reports, 155 affected. Deploy sandbags and rescue"
SLM-002313,train,ELEVATED,True,True,True,True,True,True,True,True,True,"ELEVATED - ZONE-1 Puri (Odisha): rescue emergencies and flooding plus 1 more, 49 affected across 5 reports. Dispatch NDR"
SLM-002314,train,ELEVATED,True,True,True,True,True,True,True,True,True,"ELEVATED: ZONE-2 Udupi, Karnataka -- flooding and road blockages plus 2 more. 10 reports, 62 affected. NDRF flood rescue"
SLM-002315,train,ELEVATED,True,True,True,True,True,True,True,True,True,"ELEVATED - ZONE-5 Ahmedabad (Gujarat): road blockages and flooding plus 1 more, 37 affected across 5 reports. tow truck "
SLM-002316,train,URGENT,True,True,True,True,True,True,True,True,True,"URGENT - ZONE-2 Malda (West Bengal): road blockages and flooding plus 1 more, 72 affected across 6 reports. water pump a"
SLM-002317,train,URGENT,True,True,True,True,True,True,True,True,True,"URGENT: flooding and rescue emergencies, ZONE-1 Patna, Bihar. 5 reports, 70 affected. water pump and life jackets plus 1"
SLM-002318,train,URGENT,True,True,True,True,True,True,True,True,True,"URGENT: ZONE-5 Puri, Odisha -- flooding and rescue emergencies. 5 reports, 139 affected. ambulance and sandbags plus 1 m"
SLM-002319,train,ELEVATED,True,True,True,True,True,True,True,True,True,"ELEVATED: ZONE-2 Surat, Gujarat -- rescue emergencies and flooding. 5 reports, 34 affected. Dispatch fire and rescue uni"
SLM-002320,train,URGENT,True,True,True,True,True,True,True,True,True,"URGENT. road blockages and flooding plus 1 more in ZONE-4 Bhubaneswar, Odisha; 69 affected, 6 reports. Deploy water pump"
SLM-002321,train,IMMEDIATE,True,True,True,True,True,True,True,True,True,"IMMEDIATE. rescue emergencies and road blockages plus 1 more in ZONE-3 Coimbatore, Tamil Nadu; 160 affected, 5 reports. "
SLM-002322,train,URGENT,True,True,True,True,True,True,True,True,True,"URGENT: flooding and rescue emergencies plus 2 more, ZONE-5 Patna, Bihar. 6 reports, 84 affected. medical first-aid kit "
SLM-002323,validation,ELEVATED,True,True,True,True,True,True,True,True,True,"ELEVATED: flooding and rescue emergencies, ZONE-2 Varanasi, Uttar Pradesh. 5 reports, 43 affected. Send relief supplies "
SLM-002324,train,IMMEDIATE,True,True,True,True,True,True,True,True,True,"IMMEDIATE - ZONE-3 Bharuch (Gujarat): flooding and rescue emergencies, 219 affected across 7 reports. life jackets and r"
SLM-002325,validation,ELEVATED,True,True,True,True,True,True,True,True,True,"ELEVATED: flooding and medical emergencies plus 2 more, ZONE-1 Kochi, Kerala. 6 reports, 52 affected. Dispatch earthmove"
SLM-002326,train,URGENT,True,True,True,True,True,True,True,True,True,"URGENT: rescue emergencies and flooding, ZONE-5 Mysuru, Karnataka. 6 reports, 51 affected. Send NDRF flood rescue team a"
SLM-002327,train,IMMEDIATE,True,True,True,True,True,True,True,True,True,"IMMEDIATE: rescue emergencies and flooding, ZONE-4 Bharuch, Gujarat. 5 reports, 198 affected. Send rescue rope and ladde"
SLM-002328,train,ELEVATED,True,True,True,True,True,True,True,True,True,"ELEVATED: ZONE-5 Pune, Maharashtra -- rescue emergencies and flooding. 7 reports, 47 affected. Send water pump and road "
SLM-002329,train,ELEVATED,True,True,True,True,True,True,True,True,True,"ELEVATED: medical emergencies and rescue emergencies plus 1 more, ZONE-3 Tiruppur, Tamil Nadu. 7 reports, 71 affected. D"
SLM-002330,train,IMMEDIATE,True,True,True,True,True,True,True,True,True,"IMMEDIATE: ZONE-1 Kottayam, Kerala -- flooding. 5 reports, 98 affected. Dispatch water pump and sandbags plus 1 more via"
SLM-002331,train,ELEVATED,True,True,True,True,True,True,True,True,True,"ELEVATED. flooding and road blockages in ZONE-3 Kanpur, Uttar Pradesh; 52 affected, 5 reports. Dispatch rescue boat and "
SLM-002332,train,ROUTINE,True,True,True,True,True,True,True,True,True,"ROUTINE: rescue emergencies and flooding plus 1 more, ZONE-1 Malda, West Bengal. 5 reports, 18 affected. Send water pump"
SLM-002333,train,ELEVATED,True,True,True,True,True,True,True,True,True,"ELEVATED - ZONE-1 Barpeta (Assam): road blockages and flooding plus 1 more, 30 affected across 6 reports. rescue rope an"
SLM-002334,test,ROUTINE,True,True,True,True,True,True,True,True,True,"ROUTINE - ZONE-5 Puri (Odisha): flooding and medical emergencies plus 1 more, 15 affected across 5 reports. rescue boat "
SLM-002335,test,ELEVATED,True,True,True,True,True,True,True,True,True,"ELEVATED: rescue emergencies and road blockages plus 1 more, ZONE-1 Guwahati, Assam. 5 reports, 46 affected. Deploy ambu"
SLM-002336,train,URGENT,True,True,True,True,True,True,True,True,True,"URGENT: ZONE-5 Bengaluru, Karnataka -- flooding and road blockages. 6 reports, 135 affected. Dispatch relief supplies an"
SLM-002337,train,URGENT,True,True,True,True,True,True,True,True,True,"URGENT: flooding and road blockages, ZONE-4 Murshidabad, West Bengal. 6 reports, 140 affected. water pump and life jacke"
SLM-002338,test,ELEVATED,True,True,True,True,True,True,True,True,True,"ELEVATED. flooding and rescue emergencies plus 1 more in ZONE-4 Kendrapara, Odisha; 41 affected, 6 reports. rescue boat "
SLM-002339,train,ROUTINE,True,True,True,True,True,True,True,True,True,"ROUTINE. flooding and medical emergencies plus 2 more in ZONE-4 Thrissur, Kerala; 24 affected, 6 reports. Dispatch relie"
SLM-002340,train,ELEVATED,True,True,True,True,True,True,True,True,True,"ELEVATED: ZONE-1 Malda, West Bengal -- medical emergencies and flooding. 5 reports, 39 affected. Dispatch rescue boat an"
SLM-002341,train,ROUTINE,True,True,True,True,True,True,True,True,True,"ROUTINE. road blockages and flooding plus 1 more in ZONE-3 Balasore, Odisha; 19 affected, 5 reports. Send relief supplie"
SLM-002342,train,IMMEDIATE,True,True,True,True,True,True,True,True,True,"IMMEDIATE - ZONE-2 Malda (West Bengal): flooding and medical emergencies, 101 affected across 5 reports. Deploy NDRF flo"
SLM-002343,validation,ELEVATED,True,True,True,True,True,True,True,True,True,"ELEVATED: ZONE-1 Pune, Maharashtra -- medical emergencies and rescue emergencies plus 1 more. 7 reports, 70 affected. De"
SLM-002344,test,ELEVATED,True,True,True,True,True,True,True,True,True,"ELEVATED - ZONE-3 Barpeta (Assam): flooding and rescue emergencies, 73 affected across 6 reports. Deploy drainage team a"
SLM-002345,test,URGENT,True,True,True,True,True,True,True,True,True,"URGENT: rescue emergencies and medical emergencies plus 1 more, ZONE-2 Chennai, Tamil Nadu. 5 reports, 47 affected. fire"
SLM-002346,test,IMMEDIATE,True,True,True,True,True,True,True,True,True,"IMMEDIATE: ZONE-2 Chennai, Tamil Nadu -- flooding and rescue emergencies plus 1 more. 5 reports, 50 affected. Dispatch w"
SLM-002347,test,IMMEDIATE,True,True,True,True,True,True,True,True,True,"IMMEDIATE: ZONE-4 Udupi, Karnataka -- rescue emergencies and road blockages plus 1 more. 11 reports, 312 affected. Send "
SLM-002348,train,ELEVATED,True,True,True,True,True,True,True,True,True,"ELEVATED - ZONE-2 Bhubaneswar (Odisha): road blockages and flooding plus 1 more, 81 affected across 9 reports. Send wate"
SLM-002349,test,IMMEDIATE,True,True,True,True,True,True,True,True,True,"IMMEDIATE - ZONE-2 Kozhikode (Kerala): road blockages and rescue emergencies plus 1 more, 70 affected across 5 reports. "
SLM-002350,test,IMMEDIATE,True,True,True,True,True,True,True,True,True,"IMMEDIATE. flooding and rescue emergencies in ZONE-1 Rajkot, Gujarat; 104 affected, 5 reports. Send NDRF rescue team and"
SLM-002351,validation,IMMEDIATE,True,True,True,True,True,True,True,True,True,"IMMEDIATE. rescue emergencies and flooding in ZONE-3 Murshidabad, West Bengal; 171 affected, 5 reports. Dispatch ambulan"
SLM-002352,train,ELEVATED,True,True,True,True,True,True,True,True,True,"ELEVATED - ZONE-3 Mumbai (Maharashtra): rescue emergencies and road blockages plus 1 more, 40 affected across 5 reports."
SLM-002353,test,URGENT,True,True,True,True,True,True,True,True,True,"URGENT: ZONE-5 Kodagu, Karnataka -- road blockages and flooding. 5 reports, 89 affected. Send earthmover (JCB) and water"
SLM-002354,train,ELEVATED,True,True,True,True,True,True,True,True,True,"ELEVATED: rescue emergencies and flooding, ZONE-3 Howrah, West Bengal. 5 reports, 48 affected. Dispatch relief supplies "
SLM-002355,validation,ELEVATED,True,True,True,True,True,True,True,True,True,"ELEVATED. rescue emergencies and flooding plus 1 more in ZONE-1 Pune, Maharashtra; 49 affected, 5 reports. Deploy fire a"
SLM-002356,validation,ELEVATED,True,True,True,True,True,True,True,True,True,"ELEVATED: ZONE-4 Gaya, Bihar -- road blockages and rescue emergencies plus 1 more. 6 reports, 49 affected. Deploy traffi"
SLM-002357,train,IMMEDIATE,True,True,True,True,True,True,True,True,True,"IMMEDIATE - ZONE-3 Jorhat (Assam): flooding and rescue emergencies plus 1 more, 220 affected across 9 reports. Deploy dr"
SLM-002358,train,IMMEDIATE,True,True,True,True,True,True,True,True,True,"IMMEDIATE: ZONE-1 Bharuch, Gujarat -- road blockages and flooding plus 2 more. 5 reports, 116 affected. Deploy road clea"
SLM-002359,train,IMMEDIATE,True,True,True,True,True,True,True,True,True,"IMMEDIATE. road blockages and medical emergencies plus 2 more in ZONE-2 Balasore, Odisha; 86 affected, 6 reports. emerge"
SLM-002360,test,ELEVATED,True,True,True,True,True,True,True,True,True,"ELEVATED. road blockages and flooding plus 1 more in ZONE-5 Kolhapur, Maharashtra; 35 affected, 5 reports. Send water pu"
SLM-002361,validation,IMMEDIATE,True,True,True,True,True,True,True,True,True,"IMMEDIATE: flooding and rescue emergencies, ZONE-3 Murshidabad, West Bengal. 5 reports, 160 affected. life jackets and r"
SLM-002362,train,ELEVATED,True,True,True,True,True,True,True,True,True,"ELEVATED - ZONE-3 Kozhikode (Kerala): medical emergencies and rescue emergencies plus 1 more, 37 affected across 5 repor"
SLM-002363,train,IMMEDIATE,True,True,True,True,True,True,True,True,True,"IMMEDIATE - ZONE-5 Kendrapara (Odisha): flooding and rescue emergencies, 87 affected across 5 reports. Deploy water pump"
SLM-002364,train,ELEVATED,True,True,True,True,True,True,True,True,True,"ELEVATED. flooding and rescue emergencies plus 1 more in ZONE-2 Gaya, Bihar; 48 affected, 5 reports. road clearance team"
SLM-002365,validation,IMMEDIATE,True,True,True,True,True,True,True,True,True,"IMMEDIATE: flooding and medical emergencies plus 1 more, ZONE-2 Tiruppur, Tamil Nadu. 5 reports, 75 affected. Dispatch a"
SLM-002366,train,ROUTINE,True,True,True,True,True,True,True,True,True,"ROUTINE - ZONE-5 Vadodara (Gujarat): flooding and medical emergencies plus 1 more, 22 affected across 5 reports. water p"
SLM-002367,validation,URGENT,True,True,True,True,True,True,True,True,True,"URGENT - ZONE-4 Udupi (Karnataka): rescue emergencies and flooding, 109 affected across 5 reports. Deploy NDRF rescue te"
SLM-002368,train,ELEVATED,True,True,True,True,True,True,True,True,True,"ELEVATED - ZONE-1 Tiruppur (Tamil Nadu): flooding, 52 affected across 5 reports. sandbags and road clearance team plus 1"
SLM-002369,train,IMMEDIATE,True,True,True,True,True,True,True,True,True,"IMMEDIATE - ZONE-1 Surat (Gujarat): flooding and road blockages, 72 affected across 5 reports. Send life jackets and dra"
SLM-002370,validation,IMMEDIATE,True,True,True,True,True,True,True,True,True,"IMMEDIATE. medical emergencies and road blockages plus 1 more in ZONE-4 Thrissur, Kerala; 110 affected, 5 reports. Deplo"
SLM-002371,validation,IMMEDIATE,True,True,True,True,True,True,True,True,True,"IMMEDIATE. rescue emergencies and flooding in ZONE-1 Malda, West Bengal; 160 affected, 5 reports. Send NDRF rescue team "
SLM-002372,train,IMMEDIATE,True,True,True,True,True,True,True,True,True,"IMMEDIATE: ZONE-3 Balasore, Odisha -- flooding and rescue emergencies plus 1 more. 5 reports, 172 affected. Send fire an"
SLM-002373,train,URGENT,True,True,True,True,True,True,True,True,True,"URGENT. rescue emergencies and flooding in ZONE-2 Kodagu, Karnataka; 155 affected, 7 reports. rescue rope and ladder and"
SLM-002374,train,IMMEDIATE,True,True,True,True,True,True,True,True,True,"IMMEDIATE. flooding and medical emergencies plus 1 more in ZONE-1 Nagpur, Maharashtra; 199 affected, 8 reports. Deploy l"
SLM-002375,validation,IMMEDIATE,True,True,True,True,True,True,True,True,True,"IMMEDIATE. flooding and rescue emergencies in ZONE-2 Bhagalpur, Bihar; 136 affected, 5 reports. Dispatch ambulance and w"
SLM-002376,train,IMMEDIATE,True,True,True,True,True,True,True,True,True,"IMMEDIATE: rescue emergencies and flooding plus 1 more, ZONE-3 Balasore, Odisha. 7 reports, 154 affected. Deploy rescue "
SLM-002377,train,ELEVATED,True,True,True,True,True,True,True,True,True,"ELEVATED - ZONE-3 Kendrapara (Odisha): flooding and rescue emergencies plus 2 more, 40 affected across 5 reports. ambula"
SLM-002378,validation,URGENT,True,True,True,True,True,True,True,True,True,"URGENT - ZONE-2 Madurai (Tamil Nadu): rescue emergencies and flooding, 80 affected across 5 reports. water pump and NDRF"
SLM-002379,train,URGENT,True,True,True,True,True,True,True,True,True,"URGENT - ZONE-1 Pune (Maharashtra): rescue emergencies and flooding plus 1 more, 86 affected across 5 reports. Send resc"
SLM-002380,validation,IMMEDIATE,True,True,True,True,True,True,True,True,True,"IMMEDIATE - ZONE-4 Nagpur (Maharashtra): flooding and rescue emergencies plus 1 more, 75 affected across 6 reports. NDRF"
SLM-002381,train,ELEVATED,True,True,True,True,True,True,True,True,True,"ELEVATED: rescue emergencies and road blockages plus 2 more, ZONE-4 Tiruppur, Tamil Nadu. 9 reports, 80 affected. fire a"
SLM-002382,train,URGENT,True,True,True,True,True,True,True,True,True,"URGENT - ZONE-2 Darbhanga (Bihar): rescue emergencies and flooding plus 2 more, 123 affected across 5 reports. Send ambu"
SLM-002383,train,URGENT,True,True,True,True,True,True,True,True,True,"URGENT - ZONE-4 Howrah (West Bengal): flooding and road blockages plus 1 more, 91 affected across 6 reports. water pump "
SLM-002384,train,ELEVATED,True,True,True,True,True,True,True,True,True,"ELEVATED - ZONE-2 Bengaluru (Karnataka): rescue emergencies and medical emergencies plus 2 more, 57 affected across 8 re"
SLM-002385,validation,ELEVATED,True,True,True,True,True,True,True,True,True,"ELEVATED: flooding and rescue emergencies, ZONE-5 Alappuzha, Kerala. 6 reports, 34 affected. Deploy water pump and relie"
SLM-002386,train,ELEVATED,True,True,True,True,True,True,True,True,True,"ELEVATED. medical emergencies and rescue emergencies plus 1 more in ZONE-4 Kolkata, West Bengal; 65 affected, 6 reports."
SLM-002387,train,URGENT,True,True,True,True,True,True,True,True,True,"URGENT: ZONE-4 Mangaluru, Karnataka -- flooding and rescue emergencies. 6 reports, 32 affected. drainage team and life j"
SLM-002388,test,ELEVATED,True,True,True,True,True,True,True,True,True,"ELEVATED: ZONE-3 Jorhat, Assam -- road blockages and flooding plus 1 more. 6 reports, 37 affected. Dispatch paramedic te"
SLM-002389,train,IMMEDIATE,True,True,True,True,True,True,True,True,True,"IMMEDIATE: ZONE-2 Mumbai, Maharashtra -- rescue emergencies and flooding plus 1 more. 5 reports, 145 affected. fire and "
SLM-002390,validation,ELEVATED,True,True,True,True,True,True,True,True,True,"ELEVATED. rescue emergencies and flooding in ZONE-5 Nashik, Maharashtra; 88 affected, 9 reports. Dispatch water pump and"
SLM-002391,test,URGENT,True,True,True,True,True,True,True,True,True,"URGENT: ZONE-5 Dhemaji, Assam -- road blockages and flooding plus 1 more. 6 reports, 141 affected. Dispatch sandbags and"
SLM-002392,train,URGENT,True,True,True,True,True,True,True,True,True,"URGENT: ZONE-3 Gaya, Bihar -- medical emergencies and flooding plus 1 more. 5 reports, 63 affected. Send paramedic team "
SLM-002393,train,URGENT,True,True,True,True,True,True,True,True,True,"URGENT - ZONE-3 Madurai (Tamil Nadu): flooding, 69 affected across 5 reports. Send NDRF flood rescue team and water pump"
SLM-002394,test,ELEVATED,True,True,True,True,True,True,True,True,True,"ELEVATED - ZONE-3 Mysuru (Karnataka): flooding and rescue emergencies plus 1 more, 35 affected across 5 reports. Deploy "
SLM-002395,train,URGENT,True,True,True,True,True,True,True,True,True,"URGENT. flooding and rescue emergencies in ZONE-4 Kodagu, Karnataka; 94 affected, 6 reports. water pump and rescue boat "
SLM-002396,train,URGENT,True,True,True,True,True,True,True,True,True,"URGENT: ZONE-3 Balasore, Odisha -- medical emergencies and flooding plus 1 more. 5 reports, 72 affected. Send medical fi"
SLM-002397,train,URGENT,True,True,True,True,True,True,True,True,True,"URGENT: flooding and rescue emergencies, ZONE-2 Jorhat, Assam. 6 reports, 104 affected. Deploy drainage team and NDRF fl"
SLM-002398,train,ROUTINE,True,True,True,True,True,True,True,True,True,"ROUTINE. medical emergencies and flooding plus 1 more in ZONE-4 Kochi, Kerala; 19 affected, 6 reports. Dispatch life jac"
SLM-002399,test,IMMEDIATE,True,True,True,True,True,True,True,True,True,"IMMEDIATE. flooding and medical emergencies plus 1 more in ZONE-2 Dhemaji, Assam; 104 affected, 5 reports. Send life jac"
SLM-002400,train,URGENT,True,True,True,True,True,True,True,True,True,"URGENT. road blockages and rescue emergencies plus 1 more in ZONE-5 Madurai, Tamil Nadu; 30 affected, 5 reports. Dispatc"
SLM-002401,train,ELEVATED,True,True,True,True,True,True,True,True,True,"ELEVATED: flooding and rescue emergencies, ZONE-5 Vadodara, Gujarat. 5 reports, 34 affected. Deploy rescue rope and ladd"
SLM-002402,train,ROUTINE,True,True,True,True,True,True,True,True,True,"ROUTINE: ZONE-2 Bharuch, Gujarat -- flooding and road blockages. 6 reports, 25 affected. water pump and sandbags plus 1 "
SLM-002403,train,IMMEDIATE,True,True,True,True,True,True,True,True,True,"IMMEDIATE: ZONE-2 Murshidabad, West Bengal -- flooding and road blockages. 5 reports, 192 affected. road clearance crew "
SLM-002404,train,URGENT,True,True,True,True,True,True,True,True,True,"URGENT: ZONE-1 Gorakhpur, Uttar Pradesh -- flooding and road blockages. 5 reports, 137 affected. Dispatch rescue boat an"
SLM-002405,train,URGENT,True,True,True,True,True,True,True,True,True,"URGENT: ZONE-3 Patna, Bihar -- rescue emergencies and flooding plus 1 more. 5 reports, 38 affected. Send emergency medic"
SLM-002406,validation,ROUTINE,True,True,True,True,True,True,True,True,True,"ROUTINE: ZONE-3 Gaya, Bihar -- rescue emergencies and flooding plus 1 more. 9 reports, 21 affected. Deploy ambulance and"
SLM-002407,train,ELEVATED,True,True,True,True,True,True,True,True,True,"ELEVATED: rescue emergencies and flooding, ZONE-3 Kendrapara, Odisha. 6 reports, 64 affected. Deploy NDRF rescue team an"
SLM-002408,train,IMMEDIATE,True,True,True,True,True,True,True,True,True,"IMMEDIATE: flooding and medical emergencies plus 1 more, ZONE-1 Udupi, Karnataka. 6 reports, 132 affected. Deploy sandba"
SLM-002409,train,ELEVATED,True,True,True,True,True,True,True,True,True,"ELEVATED. flooding and rescue emergencies in ZONE-3 Madurai, Tamil Nadu; 38 affected, 5 reports. Send water pump and NDR"
SLM-002410,train,IMMEDIATE,True,True,True,True,True,True,True,True,True,"IMMEDIATE: flooding and medical emergencies, ZONE-5 Chennai, Tamil Nadu. 7 reports, 201 affected. Dispatch relief suppli"
SLM-002411,train,IMMEDIATE,True,True,True,True,True,True,True,True,True,"IMMEDIATE: ZONE-1 Chennai, Tamil Nadu -- flooding and rescue emergencies plus 2 more. 9 reports, 159 affected. Send resc"
SLM-002412,train,ELEVATED,True,True,True,True,True,True,True,True,True,"ELEVATED: rescue emergencies and flooding plus 2 more, ZONE-2 Rajkot, Gujarat. 6 reports, 59 affected. Send road clearan"
SLM-002413,test,ELEVATED,True,True,True,True,True,True,True,True,True,"ELEVATED: ZONE-3 Cuttack, Odisha -- flooding and rescue emergencies plus 1 more. 6 reports, 55 affected. Deploy road cle"
SLM-002414,train,IMMEDIATE,True,True,True,True,True,True,True,True,True,"IMMEDIATE - ZONE-2 Coimbatore (Tamil Nadu): flooding and medical emergencies plus 1 more, 234 affected across 6 reports."
SLM-002415,train,ELEVATED,True,True,True,True,True,True,True,True,True,"ELEVATED. medical emergencies and rescue emergencies plus 2 more in ZONE-4 Mumbai, Maharashtra; 46 affected, 7 reports. "
SLM-002416,validation,IMMEDIATE,True,True,True,True,True,True,True,True,True,"IMMEDIATE: ZONE-2 Balasore, Odisha -- flooding and rescue emergencies. 6 reports, 193 affected. Deploy rescue boat and d"
SLM-002417,train,ELEVATED,True,True,True,True,True,True,True,True,True,"ELEVATED: ZONE-5 Gorakhpur, Uttar Pradesh -- medical emergencies and road blockages plus 2 more. 6 reports, 51 affected."
SLM-002418,train,URGENT,True,True,True,True,True,True,True,True,True,"URGENT. flooding and rescue emergencies in ZONE-3 Dhemaji, Assam; 63 affected, 6 reports. Dispatch drainage team and res"
SLM-002419,train,ROUTINE,True,True,True,True,True,True,True,True,True,"ROUTINE. rescue emergencies and flooding in ZONE-3 Vadodara, Gujarat; 17 affected, 5 reports. Send fire and rescue unit "
SLM-002420,train,IMMEDIATE,True,True,True,True,True,True,True,True,True,"IMMEDIATE. road blockages and flooding plus 1 more in ZONE-2 Tiruppur, Tamil Nadu; 156 affected, 5 reports. Send road cl"
SLM-002421,train,IMMEDIATE,True,True,True,True,True,True,True,True,True,"IMMEDIATE. flooding and rescue emergencies plus 1 more in ZONE-1 Kodagu, Karnataka; 221 affected, 5 reports. paramedic t"
SLM-002422,train,IMMEDIATE,True,True,True,True,True,True,True,True,True,"IMMEDIATE. flooding in ZONE-3 Darjeeling, West Bengal; 156 affected, 5 reports. Send sandbags and rescue boat plus 1 mor"
SLM-002423,train,ELEVATED,True,True,True,True,True,True,True,True,True,"ELEVATED - ZONE-4 Bengaluru (Karnataka): rescue emergencies and flooding, 47 affected across 6 reports. Send road cleara"
SLM-002424,train,IMMEDIATE,True,True,True,True,True,True,True,True,True,"IMMEDIATE. rescue emergencies and flooding in ZONE-5 Pune, Maharashtra; 210 affected, 5 reports. Dispatch water pump and"
SLM-002425,train,IMMEDIATE,True,True,True,True,True,True,True,True,True,"IMMEDIATE - ZONE-2 Tiruppur (Tamil Nadu): flooding and rescue emergencies plus 1 more, 266 affected across 5 reports. Di"
SLM-002426,train,IMMEDIATE,True,True,True,True,True,True,True,True,True,"IMMEDIATE: medical emergencies and flooding plus 2 more, ZONE-2 Varanasi, Uttar Pradesh. 5 reports, 103 affected. Deploy"
SLM-002427,train,URGENT,True,True,True,True,True,True,True,True,True,"URGENT: ZONE-2 Howrah, West Bengal -- medical emergencies and rescue emergencies plus 1 more. 5 reports, 107 affected. D"
SLM-002428,train,URGENT,True,True,True,True,True,True,True,True,True,"URGENT: ZONE-1 Tiruppur, Tamil Nadu -- flooding and road blockages plus 1 more. 7 reports, 167 affected. fire and rescue"
SLM-002429,train,URGENT,True,True,True,True,True,True,True,True,True,"URGENT - ZONE-1 Kottayam (Kerala): flooding and medical emergencies, 131 affected across 6 reports. Dispatch NDRF flood "
SLM-002430,train,IMMEDIATE,True,True,True,True,True,True,True,True,True,"IMMEDIATE: ZONE-4 Mumbai, Maharashtra -- flooding and medical emergencies. 5 reports, 98 affected. Dispatch NDRF flood r"
SLM-002431,test,URGENT,True,True,True,True,True,True,True,True,True,"URGENT: ZONE-4 Darjeeling, West Bengal -- flooding and rescue emergencies. 6 reports, 32 affected. Dispatch life jackets"
SLM-002432,train,URGENT,True,True,True,True,True,True,True,True,True,"URGENT - ZONE-2 Madurai (Tamil Nadu): road blockages and flooding plus 1 more, 80 affected across 5 reports. Dispatch tr"
SLM-002433,train,URGENT,True,True,True,True,True,True,True,True,True,"URGENT: road blockages and medical emergencies plus 2 more, ZONE-2 Tiruppur, Tamil Nadu. 7 reports, 141 affected. road c"
SLM-002434,train,URGENT,True,True,True,True,True,True,True,True,True,"URGENT. rescue emergencies and flooding plus 2 more in ZONE-1 Bhubaneswar, Odisha; 94 affected, 5 reports. Dispatch resc"
SLM-002435,train,IMMEDIATE,True,True,True,True,True,True,True,True,True,"IMMEDIATE - ZONE-2 Howrah (West Bengal): flooding and rescue emergencies plus 1 more, 198 affected across 5 reports. Sen"
SLM-002436,validation,IMMEDIATE,True,True,True,True,True,True,True,True,True,"IMMEDIATE: flooding and rescue emergencies, ZONE-4 Howrah, West Bengal. 5 reports, 144 affected. water pump and life jac"
SLM-002437,test,URGENT,True,True,True,True,True,True,True,True,True,"URGENT: flooding and road blockages, ZONE-4 Barpeta, Assam. 5 reports, 95 affected. Send water pump and relief supplies "
SLM-002438,train,URGENT,True,True,True,True,True,True,True,True,True,"URGENT - ZONE-5 Bhagalpur (Bihar): flooding and rescue emergencies, 154 affected across 6 reports. Dispatch drainage tea"
SLM-002439,train,ROUTINE,True,True,True,True,True,True,True,True,True,"ROUTINE. medical emergencies and rescue emergencies plus 1 more in ZONE-2 Mumbai, Maharashtra; 18 affected, 5 reports. S"
SLM-002440,train,IMMEDIATE,True,True,True,True,True,True,True,True,True,"IMMEDIATE: ZONE-1 Jorhat, Assam -- flooding and road blockages plus 1 more. 6 reports, 221 affected. Deploy road clearan"
SLM-002441,validation,ELEVATED,True,True,True,True,True,True,True,True,True,"ELEVATED. flooding and medical emergencies plus 1 more in ZONE-4 Cuttack, Odisha; 48 affected, 5 reports. Deploy relief "
SLM-002442,train,IMMEDIATE,True,True,True,True,True,True,True,True,True,"IMMEDIATE - ZONE-4 Bharuch (Gujarat): medical emergencies and rescue emergencies plus 1 more, 139 affected across 5 repo"
SLM-002443,train,ELEVATED,True,True,True,True,True,True,True,True,True,"ELEVATED - ZONE-3 Prayagraj (Uttar Pradesh): rescue emergencies and road blockages plus 1 more, 46 affected across 6 rep"
SLM-002444,train,ELEVATED,True,True,True,True,True,True,True,True,True,"ELEVATED. flooding in ZONE-4 Balasore, Odisha; 35 affected, 5 reports. Deploy relief supplies and life jackets plus 1 mo"
SLM-002445,validation,ROUTINE,True,True,True,True,True,True,True,True,True,"ROUTINE - ZONE-4 Darjeeling (West Bengal): rescue emergencies and flooding plus 2 more, 18 affected across 5 reports. am"
SLM-002446,train,IMMEDIATE,True,True,True,True,True,True,True,True,True,"IMMEDIATE - ZONE-2 Pune (Maharashtra): flooding and rescue emergencies, 209 affected across 8 reports. Send NDRF flood r"
SLM-002447,test,ROUTINE,True,True,True,True,True,True,True,True,True,"ROUTINE - ZONE-5 Darjeeling (West Bengal): flooding and rescue emergencies, 31 affected across 7 reports. water pump and"
SLM-002448,test,ELEVATED,True,True,True,True,True,True,True,True,True,"ELEVATED. flooding and rescue emergencies plus 1 more in ZONE-5 Dhemaji, Assam; 65 affected, 6 reports. rescue boat and "
SLM-002449,test,ELEVATED,True,True,True,True,True,True,True,True,True,"ELEVATED: ZONE-5 Kolkata, West Bengal -- flooding and rescue emergencies. 6 reports, 39 affected. Send road clearance te"
SLM-002450,train,IMMEDIATE,True,True,True,True,True,True,True,True,True,"IMMEDIATE - ZONE-5 Barpeta (Assam): flooding and road blockages plus 1 more, 198 affected across 5 reports. Send life ja"
SLM-002451,validation,ELEVATED,True,True,True,True,True,True,True,True,True,"ELEVATED: ZONE-4 Surat, Gujarat -- rescue emergencies and flooding. 5 reports, 25 affected. Send water pump and fire and"
SLM-002452,test,IMMEDIATE,True,True,True,True,True,True,True,True,True,"IMMEDIATE. flooding and rescue emergencies in ZONE-2 Howrah, West Bengal; 283 affected, 6 reports. Dispatch rescue boat "
SLM-002453,train,ELEVATED,True,True,True,True,True,True,True,True,True,"ELEVATED: ZONE-3 Kodagu, Karnataka -- road blockages and flooding plus 1 more. 6 reports, 55 affected. Dispatch water pu"
SLM-002454,train,URGENT,True,True,True,True,True,True,True,True,True,"URGENT - ZONE-1 Bharuch (Gujarat): rescue emergencies and flooding, 115 affected across 6 reports. Dispatch ambulance an"
SLM-002455,train,ELEVATED,True,True,True,True,True,True,True,True,True,"ELEVATED. flooding and rescue emergencies in ZONE-3 Alappuzha, Kerala; 51 affected, 5 reports. Deploy rescue rope and la"
SLM-002456,train,ELEVATED,True,True,True,True,True,True,True,True,True,"ELEVATED - ZONE-4 Darjeeling (West Bengal): rescue emergencies and flooding, 63 affected across 6 reports. Dispatch reli"
SLM-002457,validation,ELEVATED,True,True,True,True,True,True,True,True,True,"ELEVATED - ZONE-1 Jorhat (Assam): road blockages and medical emergencies plus 1 more, 56 affected across 6 reports. tow "
SLM-002458,train,IMMEDIATE,True,True,True,True,True,True,True,True,True,"IMMEDIATE: ZONE-4 Kanpur, Uttar Pradesh -- flooding and rescue emergencies. 5 reports, 210 affected. Dispatch water pump"
SLM-002459,train,URGENT,True,True,True,True,True,True,True,True,True,"URGENT - ZONE-2 Udupi (Karnataka): rescue emergencies and road blockages plus 1 more, 81 affected across 5 reports. Disp"
SLM-002460,validation,URGENT,True,True,True,True,True,True,True,True,True,"URGENT - ZONE-1 Kolhapur (Maharashtra): road blockages and medical emergencies plus 2 more, 85 affected across 6 reports"
SLM-002461,train,ELEVATED,True,True,True,True,True,True,True,True,True,"ELEVATED: rescue emergencies and flooding, ZONE-3 Malda, West Bengal. 5 reports, 50 affected. Send NDRF rescue team and "
SLM-002462,train,IMMEDIATE,True,True,True,True,True,True,True,True,True,"IMMEDIATE: ZONE-2 Coimbatore, Tamil Nadu -- medical emergencies and road blockages plus 1 more. 5 reports, 85 affected. "
SLM-002463,train,IMMEDIATE,True,True,True,True,True,True,True,True,True,"IMMEDIATE: ZONE-1 Varanasi, Uttar Pradesh -- rescue emergencies and flooding plus 1 more. 7 reports, 154 affected. Deplo"
SLM-002464,train,URGENT,True,True,True,True,True,True,True,True,True,"URGENT: flooding and medical emergencies plus 1 more, ZONE-2 Chennai, Tamil Nadu. 6 reports, 131 affected. Send water pu"
SLM-002465,validation,URGENT,True,True,True,True,True,True,True,True,True,"URGENT: flooding and rescue emergencies plus 1 more, ZONE-3 Murshidabad, West Bengal. 6 reports, 138 affected. Dispatch "
SLM-002466,train,ELEVATED,True,True,True,True,True,True,True,True,True,"ELEVATED - ZONE-2 Kozhikode (Kerala): flooding and rescue emergencies plus 1 more, 65 affected across 7 reports. Deploy "
SLM-002467,train,URGENT,True,True,True,True,True,True,True,True,True,"URGENT. rescue emergencies and flooding plus 2 more in ZONE-4 Kodagu, Karnataka; 64 affected, 5 reports. Deploy water pu"
SLM-002468,train,IMMEDIATE,True,True,True,True,True,True,True,True,True,"IMMEDIATE. flooding and medical emergencies plus 1 more in ZONE-1 Thanjavur, Tamil Nadu; 110 affected, 5 reports. Dispat"
SLM-002469,train,URGENT,True,True,True,True,True,True,True,True,True,"URGENT: road blockages and rescue emergencies plus 1 more, ZONE-2 Gorakhpur, Uttar Pradesh. 5 reports, 80 affected. Send"
SLM-002470,validation,IMMEDIATE,True,True,True,True,True,True,True,True,True,"IMMEDIATE - ZONE-1 Mumbai (Maharashtra): flooding, 231 affected across 5 reports. Send NDRF flood rescue team and water "
SLM-002471,train,URGENT,True,True,True,True,True,True,True,True,True,"URGENT: ZONE-5 Bhagalpur, Bihar -- road blockages and flooding. 5 reports, 58 affected. Dispatch tow truck and life jack"
SLM-002472,train,URGENT,True,True,True,True,True,True,True,True,True,"URGENT. medical emergencies and flooding in ZONE-2 Mysuru, Karnataka; 69 affected, 7 reports. Dispatch medical first-aid"
SLM-002473,test,URGENT,True,True,True,True,True,True,True,True,True,"URGENT: ZONE-3 Patna, Bihar -- road blockages and flooding plus 1 more. 6 reports, 138 affected. life jackets and road c"
SLM-002474,train,URGENT,True,True,True,True,True,True,True,True,True,"URGENT. flooding and rescue emergencies in ZONE-3 Madurai, Tamil Nadu; 133 affected, 6 reports. Deploy relief supplies a"
SLM-002475,train,IMMEDIATE,True,True,True,True,True,True,True,True,True,"IMMEDIATE: medical emergencies and flooding plus 1 more, ZONE-1 Vadodara, Gujarat. 6 reports, 318 affected. Dispatch par"
SLM-002476,train,URGENT,True,True,True,True,True,True,True,True,True,"URGENT: flooding and road blockages plus 1 more, ZONE-5 Malda, West Bengal. 5 reports, 112 affected. Deploy rescue boat "
SLM-002477,train,URGENT,True,True,True,True,True,True,True,True,True,"URGENT: flooding, ZONE-1 Kodagu, Karnataka. 5 reports, 66 affected. Send relief supplies and drainage team plus 1 more t"
SLM-002478,train,IMMEDIATE,True,True,True,True,True,True,True,True,True,"IMMEDIATE - ZONE-1 Chennai (Tamil Nadu): rescue emergencies and flooding, 171 affected across 5 reports. NDRF rescue tea"
SLM-002479,train,URGENT,True,True,True,True,True,True,True,True,True,"URGENT - ZONE-5 Chennai (Tamil Nadu): rescue emergencies and medical emergencies plus 1 more, 92 affected across 5 repor"
SLM-002480,train,ELEVATED,True,True,True,True,True,True,True,True,True,"ELEVATED: ZONE-1 Darbhanga, Bihar -- flooding and rescue emergencies plus 1 more. 6 reports, 53 affected. Deploy relief "
SLM-002481,train,URGENT,True,True,True,True,True,True,True,True,True,"URGENT: flooding and medical emergencies plus 1 more, ZONE-5 Prayagraj, Uttar Pradesh. 7 reports, 161 affected. Deploy r"
SLM-002482,train,IMMEDIATE,True,True,True,True,True,True,True,True,True,"IMMEDIATE: ZONE-1 Kolhapur, Maharashtra -- flooding and rescue emergencies plus 1 more. 5 reports, 155 affected. Send am"
SLM-002483,train,URGENT,True,True,True,True,True,True,True,True,True,"URGENT: ZONE-2 Kozhikode, Kerala -- flooding and road blockages. 5 reports, 57 affected. water pump and rescue boat plus"
SLM-002484,test,URGENT,True,True,True,True,True,True,True,True,True,"URGENT - ZONE-4 Lucknow (Uttar Pradesh): flooding and rescue emergencies plus 2 more, 188 affected across 8 reports. Dep"
SLM-002485,validation,URGENT,True,True,True,True,True,True,True,True,True,"URGENT. rescue emergencies and road blockages plus 1 more in ZONE-2 Udupi, Karnataka; 35 affected, 5 reports. NDRF rescu"
SLM-002486,train,URGENT,True,True,True,True,True,True,True,True,True,"URGENT: ZONE-2 Alappuzha, Kerala -- medical emergencies and flooding plus 1 more. 5 reports, 125 affected. Dispatch wate"
SLM-002487,train,ELEVATED,True,True,True,True,True,True,True,True,True,"ELEVATED: flooding and road blockages, ZONE-5 Dibrugarh, Assam. 5 reports, 46 affected. water pump and traffic police te"
SLM-002488,train,ELEVATED,True,True,True,True,True,True,True,True,True,"ELEVATED: ZONE-1 Thanjavur, Tamil Nadu -- rescue emergencies and flooding plus 2 more. 9 reports, 64 affected. relief su"
SLM-002489,train,URGENT,True,True,True,True,True,True,True,True,True,"URGENT. flooding and road blockages plus 1 more in ZONE-2 Bharuch, Gujarat; 85 affected, 6 reports. Deploy tow truck and"
SLM-002490,train,ELEVATED,True,True,True,True,True,True,True,True,True,"ELEVATED: ZONE-4 Vadodara, Gujarat -- rescue emergencies and road blockages plus 1 more. 6 reports, 47 affected. Deploy "
SLM-002491,test,URGENT,True,True,True,True,True,True,True,True,True,"URGENT. rescue emergencies and flooding in ZONE-1 Kozhikode, Kerala; 92 affected, 5 reports. Deploy NDRF rescue team and"
SLM-002492,train,URGENT,True,True,True,True,True,True,True,True,True,"URGENT: road blockages and flooding, ZONE-4 Nagpur, Maharashtra. 5 reports, 123 affected. Deploy road clearance team and"
SLM-002493,train,IMMEDIATE,True,True,True,True,True,True,True,True,True,"IMMEDIATE. rescue emergencies and flooding plus 1 more in ZONE-5 Thrissur, Kerala; 114 affected, 5 reports. Deploy fire "
SLM-002494,train,URGENT,True,True,True,True,True,True,True,True,True,"URGENT: flooding and rescue emergencies plus 1 more, ZONE-4 Udupi, Karnataka. 5 reports, 103 affected. Deploy NDRF rescu"
SLM-002495,test,URGENT,True,True,True,True,True,True,True,True,True,"URGENT. flooding and rescue emergencies in ZONE-2 Udupi, Karnataka; 96 affected, 7 reports. Send rescue boat and relief "
SLM-002496,train,ELEVATED,True,True,True,True,True,True,True,True,True,"ELEVATED: road blockages and flooding, ZONE-2 Mysuru, Karnataka. 6 reports, 45 affected. Dispatch traffic police team an"
SLM-002497,train,IMMEDIATE,True,True,True,True,True,True,True,True,True,"IMMEDIATE - ZONE-3 Puri (Odisha): flooding and rescue emergencies, 232 affected across 5 reports. NDRF flood rescue team"
SLM-002498,train,ELEVATED,True,True,True,True,True,True,True,True,True,"ELEVATED: ZONE-3 Kolhapur, Maharashtra -- flooding and road blockages plus 1 more. 5 reports, 47 affected. NDRF flood re"
SLM-002499,train,ELEVATED,True,True,True,True,True,True,True,True,True,"ELEVATED - ZONE-3 Lucknow (Uttar Pradesh): road blockages and flooding plus 1 more, 40 affected across 5 reports. Dispat"
SLM-002500,train,ELEVATED,True,True,True,True,True,True,True,True,True,"ELEVATED - ZONE-2 Mysuru (Karnataka): medical emergencies and flooding plus 1 more, 40 affected across 6 reports. Dispat"
SLM-002501,validation,ELEVATED,True,True,True,True,True,True,True,True,True,"ELEVATED - ZONE-4 Murshidabad (West Bengal): flooding and rescue emergencies plus 1 more, 48 affected across 6 reports. "
SLM-002502,test,ELEVATED,True,True,True,True,True,True,True,True,True,"ELEVATED - ZONE-4 Kolhapur (Maharashtra): flooding and medical emergencies plus 1 more, 44 affected across 5 reports. wa"
SLM-002503,test,IMMEDIATE,True,True,True,True,True,True,True,True,True,"IMMEDIATE: rescue emergencies and flooding plus 1 more, ZONE-5 Ahmedabad, Gujarat. 6 reports, 180 affected. Deploy ambul"
SLM-002504,train,URGENT,True,True,True,True,True,True,True,True,True,"URGENT: medical emergencies and flooding plus 1 more, ZONE-2 Vadodara, Gujarat. 5 reports, 53 affected. Dispatch emergen"
SLM-002505,train,IMMEDIATE,True,True,True,True,True,True,True,True,True,"IMMEDIATE: rescue emergencies and flooding, ZONE-1 Nashik, Maharashtra. 6 reports, 106 affected. Dispatch NDRF flood res"
SLM-002506,train,ELEVATED,True,True,True,True,True,True,True,True,True,"ELEVATED - ZONE-1 Ahmedabad (Gujarat): medical emergencies and flooding, 39 affected across 5 reports. relief supplies a"
SLM-002507,train,IMMEDIATE,True,True,True,True,True,True,True,True,True,"IMMEDIATE: ZONE-1 Chennai, Tamil Nadu -- rescue emergencies and flooding plus 1 more. 5 reports, 112 affected. fire and "
SLM-002508,train,URGENT,True,True,True,True,True,True,True,True,True,"URGENT - ZONE-3 Gaya (Bihar): road blockages and medical emergencies plus 2 more, 179 affected across 7 reports. Dispatc"
SLM-002509,validation,ELEVATED,True,True,True,True,True,True,True,True,True,"ELEVATED: ZONE-1 Mangaluru, Karnataka -- road blockages and flooding plus 2 more. 6 reports, 63 affected. Send paramedic"
SLM-002510,validation,IMMEDIATE,True,True,True,True,True,True,True,True,True,"IMMEDIATE: flooding and rescue emergencies, ZONE-1 Puri, Odisha. 5 reports, 100 affected. Dispatch water pump and NDRF f"
SLM-002511,train,URGENT,True,True,True,True,True,True,True,True,True,"URGENT. flooding and medical emergencies plus 1 more in ZONE-1 Lucknow, Uttar Pradesh; 83 affected, 5 reports. NDRF floo"
SLM-002512,train,IMMEDIATE,True,True,True,True,True,True,True,True,True,"IMMEDIATE: ZONE-1 Mumbai, Maharashtra -- rescue emergencies and flooding. 6 reports, 128 affected. fire and rescue unit "
SLM-002513,train,ELEVATED,True,True,True,True,True,True,True,True,True,"ELEVATED: flooding and rescue emergencies, ZONE-2 Darbhanga, Bihar. 8 reports, 61 affected. Dispatch water pump and fire"
SLM-002514,test,URGENT,True,True,True,True,True,True,True,True,True,"URGENT: ZONE-3 Kochi, Kerala -- road blockages and flooding plus 2 more. 8 reports, 149 affected. Deploy ambulance and e"
SLM-002515,train,ELEVATED,True,True,True,True,True,True,True,True,True,"ELEVATED: flooding and medical emergencies plus 1 more, ZONE-5 Alappuzha, Kerala. 6 reports, 42 affected. Dispatch NDRF "
SLM-002516,train,URGENT,True,True,True,True,True,True,True,True,True,"URGENT: ZONE-1 Balasore, Odisha -- medical emergencies and road blockages plus 1 more. 5 reports, 80 affected. water pum"
SLM-002517,train,ELEVATED,True,True,True,True,True,True,True,True,True,"ELEVATED. flooding in ZONE-4 Dibrugarh, Assam; 44 affected, 5 reports. water pump and life jackets plus 1 more to main b"
SLM-002518,train,URGENT,True,True,True,True,True,True,True,True,True,"URGENT - ZONE-3 Jorhat (Assam): medical emergencies and rescue emergencies plus 1 more, 79 affected across 6 reports. Di"
SLM-002519,train,IMMEDIATE,True,True,True,True,True,True,True,True,True,"IMMEDIATE: ZONE-1 Surat, Gujarat -- flooding and rescue emergencies. 6 reports, 220 affected. Send water pump and NDRF r"
SLM-002520,train,URGENT,True,True,True,True,True,True,True,True,True,"URGENT: ZONE-4 Jorhat, Assam -- flooding and rescue emergencies plus 2 more. 6 reports, 113 affected. Deploy water pump "
SLM-002521,train,URGENT,True,True,True,True,True,True,True,True,True,"URGENT: rescue emergencies and flooding, ZONE-1 Kolhapur, Maharashtra. 5 reports, 52 affected. Send road clearance team "
SLM-002522,train,ELEVATED,True,True,True,True,True,True,True,True,True,"ELEVATED. flooding and medical emergencies in ZONE-4 Kochi, Kerala; 42 affected, 5 reports. Send rescue boat and ambulan"
SLM-002523,train,URGENT,True,True,True,True,True,True,True,True,True,"URGENT: ZONE-5 Malda, West Bengal -- flooding. 5 reports, 75 affected. Dispatch relief supplies and water pump plus 1 mo"
SLM-002524,train,URGENT,True,True,True,True,True,True,True,True,True,"URGENT. rescue emergencies and flooding in ZONE-5 Howrah, West Bengal; 101 affected, 5 reports. Deploy sandbags and resc"
SLM-002525,train,IMMEDIATE,True,True,True,True,True,True,True,True,True,"IMMEDIATE: flooding and road blockages, ZONE-5 Darjeeling, West Bengal. 7 reports, 184 affected. sandbags and road clear"
SLM-002526,train,ELEVATED,True,True,True,True,True,True,True,True,True,"ELEVATED. rescue emergencies and road blockages plus 2 more in ZONE-4 Patna, Bihar; 55 affected, 7 reports. rescue rope "
SLM-002527,validation,ELEVATED,True,True,True,True,True,True,True,True,True,"ELEVATED. rescue emergencies and medical emergencies plus 1 more in ZONE-1 Mysuru, Karnataka; 69 affected, 7 reports. De"
SLM-002528,test,ROUTINE,True,True,True,True,True,True,True,True,True,"ROUTINE: flooding and medical emergencies plus 1 more, ZONE-5 Balasore, Odisha. 5 reports, 24 affected. Deploy sandbags "
SLM-002529,train,ROUTINE,True,True,True,True,True,True,True,True,True,"ROUTINE: ZONE-3 Darjeeling, West Bengal -- rescue emergencies and flooding. 5 reports, 16 affected. rescue rope and ladd"
SLM-002530,train,URGENT,True,True,True,True,True,True,True,True,True,"URGENT: medical emergencies and flooding plus 2 more, ZONE-1 Rajkot, Gujarat. 7 reports, 126 affected. Send ambulance an"
SLM-002531,train,ELEVATED,True,True,True,True,True,True,True,True,True,"ELEVATED - ZONE-4 Bharuch (Gujarat): flooding and rescue emergencies, 45 affected across 5 reports. Dispatch water pump "
SLM-002532,validation,IMMEDIATE,True,True,True,True,True,True,True,True,True,"IMMEDIATE: road blockages and flooding plus 1 more, ZONE-5 Kanpur, Uttar Pradesh. 6 reports, 208 affected. traffic polic"
SLM-002533,train,URGENT,True,True,True,True,True,True,True,True,True,"URGENT: ZONE-2 Prayagraj, Uttar Pradesh -- flooding and medical emergencies plus 1 more. 7 reports, 149 affected. water "
SLM-002534,test,ROUTINE,True,True,True,True,True,True,True,True,True,"ROUTINE. rescue emergencies and flooding plus 1 more in ZONE-5 Mangaluru, Karnataka; 20 affected, 5 reports. Deploy NDRF"
SLM-002535,train,URGENT,True,True,True,True,True,True,True,True,True,"URGENT - ZONE-2 Kochi (Kerala): road blockages and medical emergencies plus 1 more, 134 affected across 5 reports. Send "
SLM-002536,train,URGENT,True,True,True,True,True,True,True,True,True,"URGENT: road blockages and rescue emergencies plus 1 more, ZONE-3 Kendrapara, Odisha. 7 reports, 110 affected. Deploy wa"
SLM-002537,train,ELEVATED,True,True,True,True,True,True,True,True,True,"ELEVATED - ZONE-1 Pune (Maharashtra): flooding and road blockages, 39 affected across 5 reports. Deploy life jackets and"
SLM-002538,validation,ELEVATED,True,True,True,True,True,True,True,True,True,"ELEVATED: flooding and rescue emergencies, ZONE-2 Kanpur, Uttar Pradesh. 6 reports, 52 affected. life jackets and relief"
SLM-002539,train,IMMEDIATE,True,True,True,True,True,True,True,True,True,"IMMEDIATE. rescue emergencies and flooding plus 1 more in ZONE-3 Howrah, West Bengal; 310 affected, 7 reports. ambulance"
SLM-002540,train,IMMEDIATE,True,True,True,True,True,True,True,True,True,"IMMEDIATE - ZONE-4 Darjeeling (West Bengal): medical emergencies and rescue emergencies plus 2 more, 208 affected across"
SLM-002541,test,ELEVATED,True,True,True,True,True,True,True,True,True,"ELEVATED: flooding and rescue emergencies, ZONE-4 Kozhikode, Kerala. 8 reports, 62 affected. water pump and relief suppl"
SLM-002542,train,ELEVATED,True,True,True,True,True,True,True,True,True,"ELEVATED - ZONE-4 Madurai (Tamil Nadu): flooding and rescue emergencies plus 1 more, 51 affected across 5 reports. Dispa"
SLM-002543,train,IMMEDIATE,True,True,True,True,True,True,True,True,True,"IMMEDIATE. flooding and medical emergencies plus 1 more in ZONE-5 Udupi, Karnataka; 64 affected, 5 reports. road clearan"
SLM-002544,test,ELEVATED,True,True,True,True,True,True,True,True,True,"ELEVATED. flooding and medical emergencies plus 1 more in ZONE-3 Chennai, Tamil Nadu; 69 affected, 9 reports. Send water"
SLM-002545,train,URGENT,True,True,True,True,True,True,True,True,True,"URGENT: flooding and rescue emergencies, ZONE-3 Bhubaneswar, Odisha. 5 reports, 114 affected. Send water pump and life j"
SLM-002546,train,ROUTINE,True,True,True,True,True,True,True,True,True,"ROUTINE: ZONE-2 Bhubaneswar, Odisha -- flooding and rescue emergencies plus 2 more. 5 reports, 15 affected. Dispatch lif"
SLM-002547,train,IMMEDIATE,True,True,True,True,True,True,True,True,True,"IMMEDIATE: ZONE-5 Darjeeling, West Bengal -- rescue emergencies and flooding plus 1 more. 7 reports, 151 affected. Dispa"
SLM-002548,train,URGENT,True,True,True,True,True,True,True,True,True,"URGENT: flooding and medical emergencies plus 1 more, ZONE-5 Mangaluru, Karnataka. 5 reports, 98 affected. Send water pu"
SLM-002549,validation,URGENT,True,True,True,True,True,True,True,True,True,"URGENT: ZONE-5 Balasore, Odisha -- rescue emergencies and flooding. 5 reports, 76 affected. fire and rescue unit and res"
SLM-002550,train,IMMEDIATE,True,True,True,True,True,True,True,True,True,"IMMEDIATE - ZONE-5 Bharuch (Gujarat): medical emergencies and road blockages plus 2 more, 144 affected across 5 reports."
SLM-002551,train,ELEVATED,True,True,True,True,True,True,True,True,True,"ELEVATED: flooding and medical emergencies plus 1 more, ZONE-3 Chennai, Tamil Nadu. 8 reports, 52 affected. Deploy rescu"
SLM-002552,train,ELEVATED,True,True,True,True,True,True,True,True,True,"ELEVATED: ZONE-3 Darbhanga, Bihar -- road blockages and flooding plus 2 more. 5 reports, 30 affected. Deploy life jacket"
SLM-002553,train,IMMEDIATE,True,True,True,True,True,True,True,True,True,"IMMEDIATE. rescue emergencies and flooding plus 1 more in ZONE-4 Kolhapur, Maharashtra; 133 affected, 6 reports. ambulan"
SLM-002554,validation,URGENT,True,True,True,True,True,True,True,True,True,"URGENT. flooding and medical emergencies plus 1 more in ZONE-4 Bengaluru, Karnataka; 78 affected, 5 reports. Send life j"
SLM-002555,train,ELEVATED,True,True,True,True,True,True,True,True,True,"ELEVATED. flooding and road blockages plus 2 more in ZONE-4 Murshidabad, West Bengal; 70 affected, 7 reports. Dispatch N"
SLM-002556,train,IMMEDIATE,True,True,True,True,True,True,True,True,True,"IMMEDIATE. flooding and road blockages plus 2 more in ZONE-5 Bhubaneswar, Odisha; 184 affected, 6 reports. Deploy rescue"
SLM-002557,test,URGENT,True,True,True,True,True,True,True,True,True,"URGENT: ZONE-5 Thrissur, Kerala -- rescue emergencies and flooding plus 1 more. 5 reports, 71 affected. NDRF rescue team"
SLM-002558,train,ELEVATED,True,True,True,True,True,True,True,True,True,"ELEVATED: ZONE-2 Mumbai, Maharashtra -- flooding and medical emergencies plus 1 more. 10 reports, 98 affected. life jack"
SLM-002559,test,ROUTINE,True,True,True,True,True,True,True,True,True,"ROUTINE: flooding and rescue emergencies, ZONE-3 Bhubaneswar, Odisha. 5 reports, 18 affected. Send water pump and relief"
SLM-002560,validation,ELEVATED,True,True,True,True,True,True,True,True,True,"ELEVATED: flooding and medical emergencies, ZONE-5 Mumbai, Maharashtra. 5 reports, 60 affected. Deploy water pump and li"
SLM-002561,train,URGENT,True,True,True,True,True,True,True,True,True,"URGENT: rescue emergencies and medical emergencies plus 1 more, ZONE-4 Kanpur, Uttar Pradesh. 5 reports, 117 affected. S"
SLM-002562,train,ELEVATED,True,True,True,True,True,True,True,True,True,"ELEVATED: flooding and road blockages plus 1 more, ZONE-4 Guwahati, Assam. 6 reports, 46 affected. Deploy sandbags and r"
SLM-002563,train,ROUTINE,True,True,True,True,True,True,True,True,True,"ROUTINE: ZONE-3 Gorakhpur, Uttar Pradesh -- flooding and medical emergencies plus 2 more. 5 reports, 21 affected. Dispat"
SLM-002564,train,URGENT,True,True,True,True,True,True,True,True,True,"URGENT - ZONE-3 Nagpur (Maharashtra): medical emergencies and rescue emergencies plus 1 more, 77 affected across 5 repor"
SLM-002565,validation,ELEVATED,True,True,True,True,True,True,True,True,True,"ELEVATED: flooding and rescue emergencies, ZONE-2 Madurai, Tamil Nadu. 8 reports, 63 affected. life jackets and rescue b"
SLM-002566,train,IMMEDIATE,True,True,True,True,True,True,True,True,True,"IMMEDIATE. rescue emergencies and flooding plus 1 more in ZONE-3 Kochi, Kerala; 139 affected, 7 reports. Deploy rescue b"
SLM-002567,train,ROUTINE,True,True,True,True,True,True,True,True,True,"ROUTINE: road blockages and flooding plus 1 more, ZONE-1 Kottayam, Kerala. 5 reports, 18 affected. traffic police team a"
SLM-002568,train,URGENT,True,True,True,True,True,True,True,True,True,"URGENT. rescue emergencies and medical emergencies plus 1 more in ZONE-4 Nashik, Maharashtra; 120 affected, 5 reports. f"
SLM-002569,train,IMMEDIATE,True,True,True,True,True,True,True,True,True,"IMMEDIATE: ZONE-3 Gorakhpur, Uttar Pradesh -- medical emergencies and flooding. 6 reports, 101 affected. paramedic team "
SLM-002570,validation,IMMEDIATE,True,True,True,True,True,True,True,True,True,"IMMEDIATE: flooding and medical emergencies plus 1 more, ZONE-4 Bharuch, Gujarat. 5 reports, 160 affected. Send NDRF flo"
SLM-002571,train,IMMEDIATE,True,True,True,True,True,True,True,True,True,"IMMEDIATE - ZONE-2 Gaya (Bihar): road blockages and flooding plus 1 more, 128 affected across 5 reports. Dispatch traffi"
SLM-002572,train,URGENT,True,True,True,True,True,True,True,True,True,"URGENT: medical emergencies and flooding plus 2 more, ZONE-5 Kochi, Kerala. 5 reports, 32 affected. ambulance and earthm"
SLM-002573,train,IMMEDIATE,True,True,True,True,True,True,True,True,True,"IMMEDIATE - ZONE-3 Malda (West Bengal): rescue emergencies and road blockages plus 1 more, 121 affected across 5 reports"
SLM-002574,train,IMMEDIATE,True,True,True,True,True,True,True,True,True,"IMMEDIATE: ZONE-1 Kottayam, Kerala -- rescue emergencies and flooding. 5 reports, 200 affected. Deploy ambulance and res"
SLM-002575,train,URGENT,True,True,True,True,True,True,True,True,True,"URGENT: flooding and rescue emergencies plus 1 more, ZONE-5 Murshidabad, West Bengal. 6 reports, 46 affected. ambulance "
SLM-002576,train,ELEVATED,True,True,True,True,True,True,True,True,True,"ELEVATED. flooding and rescue emergencies in ZONE-3 Dibrugarh, Assam; 30 affected, 5 reports. water pump and sandbags pl"
SLM-002577,train,ELEVATED,True,True,True,True,True,True,True,True,True,"ELEVATED. flooding and rescue emergencies in ZONE-1 Kendrapara, Odisha; 51 affected, 5 reports. Deploy water pump and re"
SLM-002578,validation,IMMEDIATE,True,True,True,True,True,True,True,True,True,"IMMEDIATE: flooding and medical emergencies, ZONE-3 Kanpur, Uttar Pradesh. 5 reports, 55 affected. Send life jackets and"
SLM-002579,train,IMMEDIATE,True,True,True,True,True,True,True,True,True,"IMMEDIATE: rescue emergencies and flooding, ZONE-2 Bhagalpur, Bihar. 5 reports, 113 affected. rescue boat and water pump"
SLM-002580,train,ELEVATED,True,True,True,True,True,True,True,True,True,"ELEVATED. rescue emergencies and flooding plus 1 more in ZONE-3 Udupi, Karnataka; 43 affected, 6 reports. Dispatch rescu"
SLM-002581,validation,URGENT,True,True,True,True,True,True,True,True,True,"URGENT - ZONE-3 Cuttack (Odisha): flooding and road blockages plus 1 more, 173 affected across 7 reports. Deploy relief "
SLM-002582,validation,ELEVATED,True,True,True,True,True,True,True,True,True,"ELEVATED - ZONE-5 Guwahati (Assam): rescue emergencies and flooding, 38 affected across 6 reports. Deploy ambulance and "
SLM-002583,train,ELEVATED,True,True,True,True,True,True,True,True,True,"ELEVATED: flooding and rescue emergencies plus 1 more, ZONE-1 Dhemaji, Assam. 10 reports, 66 affected. Deploy water pump"
SLM-002584,train,ROUTINE,True,True,True,True,True,True,True,True,True,"ROUTINE: rescue emergencies and flooding plus 1 more, ZONE-3 Chennai, Tamil Nadu. 5 reports, 22 affected. fire and rescu"
SLM-002585,test,IMMEDIATE,True,True,True,True,True,True,True,True,True,"IMMEDIATE: road blockages and flooding plus 1 more, ZONE-3 Ahmedabad, Gujarat. 5 reports, 159 affected. Deploy rescue bo"
SLM-002586,train,URGENT,True,True,True,True,True,True,True,True,True,"URGENT: ZONE-4 Chennai, Tamil Nadu -- road blockages and flooding plus 1 more. 6 reports, 137 affected. Send rescue boat"
SLM-002587,train,ROUTINE,True,True,True,True,True,True,True,True,True,"ROUTINE: ZONE-1 Kendrapara, Odisha -- flooding. 5 reports, 14 affected. Send relief supplies and life jackets plus 1 mor"
SLM-002588,train,ELEVATED,True,True,True,True,True,True,True,True,True,"ELEVATED - ZONE-5 Gaya (Bihar): rescue emergencies and medical emergencies plus 1 more, 46 affected across 6 reports. Se"
SLM-002589,test,ELEVATED,True,True,True,True,True,True,True,True,True,"ELEVATED. rescue emergencies and flooding in ZONE-2 Mysuru, Karnataka; 39 affected, 5 reports. Dispatch NDRF rescue team"
SLM-002590,train,IMMEDIATE,True,True,True,True,True,True,True,True,True,"IMMEDIATE: ZONE-5 Gorakhpur, Uttar Pradesh -- flooding and road blockages plus 2 more. 6 reports, 91 affected. Send reli"
SLM-002591,validation,IMMEDIATE,True,True,True,True,True,True,True,True,True,"IMMEDIATE: ZONE-5 Howrah, West Bengal -- flooding and rescue emergencies plus 1 more. 6 reports, 198 affected. Dispatch "
SLM-002592,validation,URGENT,True,True,True,True,True,True,True,True,True,"URGENT - ZONE-1 Darbhanga (Bihar): flooding and rescue emergencies plus 1 more, 82 affected across 5 reports. Dispatch s"
SLM-002593,train,ELEVATED,True,True,True,True,True,True,True,True,True,"ELEVATED - ZONE-2 Prayagraj (Uttar Pradesh): rescue emergencies and flooding, 64 affected across 7 reports. Send rescue "
SLM-002594,train,URGENT,True,True,True,True,True,True,True,True,True,"URGENT - ZONE-4 Guwahati (Assam): flooding and rescue emergencies, 87 affected across 5 reports. Dispatch NDRF flood res"
SLM-002595,train,ELEVATED,True,True,True,True,True,True,True,True,True,"ELEVATED: medical emergencies and flooding plus 1 more, ZONE-3 Prayagraj, Uttar Pradesh. 5 reports, 41 affected. Send re"
SLM-002596,train,ELEVATED,True,True,True,True,True,True,True,True,True,"ELEVATED - ZONE-1 Barpeta (Assam): rescue emergencies and medical emergencies plus 1 more, 74 affected across 6 reports."
SLM-002597,train,IMMEDIATE,True,True,True,True,True,True,True,True,True,"IMMEDIATE: ZONE-4 Jorhat, Assam -- rescue emergencies and medical emergencies plus 1 more. 5 reports, 175 affected. fire"
SLM-002598,train,ROUTINE,True,True,True,True,True,True,True,True,True,"ROUTINE - ZONE-4 Kozhikode (Kerala): medical emergencies and road blockages plus 1 more, 21 affected across 5 reports. D"
SLM-002599,train,ELEVATED,True,True,True,True,True,True,True,True,True,"ELEVATED: ZONE-3 Tiruppur, Tamil Nadu -- flooding and road blockages. 6 reports, 55 affected. Send water pump and NDRF f"
SLM-002600,train,ROUTINE,True,True,True,True,True,True,True,True,True,"ROUTINE: ZONE-1 Coimbatore, Tamil Nadu -- flooding and rescue emergencies. 5 reports, 12 affected. Send NDRF flood rescu"
SLM-002601,validation,IMMEDIATE,True,True,True,True,True,True,True,True,True,"IMMEDIATE: ZONE-5 Udupi, Karnataka -- flooding and rescue emergencies. 5 reports, 167 affected. Send relief supplies and"
SLM-002602,train,URGENT,True,True,True,True,True,True,True,True,True,"URGENT. rescue emergencies and flooding plus 1 more in ZONE-2 Howrah, West Bengal; 86 affected, 5 reports. Dispatch NDRF"
SLM-002603,train,ELEVATED,True,True,True,True,True,True,True,True,True,"ELEVATED: ZONE-2 Howrah, West Bengal -- road blockages and flooding plus 1 more. 5 reports, 39 affected. traffic police "
SLM-002604,train,ELEVATED,True,True,True,True,True,True,True,True,True,"ELEVATED - ZONE-4 Nashik (Maharashtra): flooding and rescue emergencies, 66 affected across 6 reports. water pump and ND"
SLM-002605,test,ELEVATED,True,True,True,True,True,True,True,True,True,"ELEVATED - ZONE-3 Madurai (Tamil Nadu): flooding and medical emergencies plus 1 more, 37 affected across 5 reports. para"
SLM-002606,train,ELEVATED,True,True,True,True,True,True,True,True,True,"ELEVATED. flooding and rescue emergencies in ZONE-2 Tiruppur, Tamil Nadu; 30 affected, 5 reports. Send relief supplies a"
SLM-002607,train,URGENT,True,True,True,True,True,True,True,True,True,"URGENT: ZONE-5 Cuttack, Odisha -- road blockages and flooding plus 1 more. 7 reports, 139 affected. Dispatch earthmover "
SLM-002608,train,ELEVATED,True,True,True,True,True,True,True,True,True,"ELEVATED. flooding and rescue emergencies plus 1 more in ZONE-2 Rajkot, Gujarat; 59 affected, 6 reports. water pump and "
SLM-002609,train,IMMEDIATE,True,True,True,True,True,True,True,True,True,"IMMEDIATE - ZONE-2 Kendrapara (Odisha): flooding and road blockages, 224 affected across 5 reports. Send water pump and "
SLM-002610,train,ROUTINE,True,True,True,True,True,True,True,True,True,"ROUTINE: ZONE-1 Madurai, Tamil Nadu -- flooding and rescue emergencies plus 1 more. 7 reports, 28 affected. Dispatch lif"
SLM-002611,train,IMMEDIATE,True,True,True,True,True,True,True,True,True,"IMMEDIATE: ZONE-2 Udupi, Karnataka -- flooding and rescue emergencies. 5 reports, 304 affected. Deploy ambulance and roa"
SLM-002612,train,ELEVATED,True,True,True,True,True,True,True,True,True,"ELEVATED - ZONE-4 Varanasi (Uttar Pradesh): road blockages and rescue emergencies plus 1 more, 44 affected across 5 repo"
SLM-002613,train,IMMEDIATE,True,True,True,True,True,True,True,True,True,"IMMEDIATE - ZONE-4 Pune (Maharashtra): rescue emergencies and flooding, 133 affected across 6 reports. Send ambulance an"
SLM-002614,train,IMMEDIATE,True,True,True,True,True,True,True,True,True,"IMMEDIATE: ZONE-2 Balasore, Odisha -- flooding and rescue emergencies plus 1 more. 6 reports, 180 affected. rescue boat "
SLM-002615,train,URGENT,True,True,True,True,True,True,True,True,True,"URGENT: flooding and road blockages plus 1 more, ZONE-1 Nagpur, Maharashtra. 6 reports, 136 affected. water pump and NDR"
SLM-002616,validation,IMMEDIATE,True,True,True,True,True,True,True,True,True,"IMMEDIATE - ZONE-3 Balasore (Odisha): medical emergencies and rescue emergencies plus 2 more, 148 affected across 5 repo"
SLM-002617,train,ROUTINE,True,True,True,True,True,True,True,True,True,"ROUTINE - ZONE-4 Udupi (Karnataka): flooding and medical emergencies plus 1 more, 18 affected across 5 reports. Send lif"
SLM-002618,test,IMMEDIATE,True,True,True,True,True,True,True,True,True,"IMMEDIATE - ZONE-5 Bharuch (Gujarat): flooding and medical emergencies plus 2 more, 222 affected across 8 reports. ambul"
SLM-002619,validation,IMMEDIATE,True,True,True,True,True,True,True,True,True,"IMMEDIATE. rescue emergencies and flooding in ZONE-2 Howrah, West Bengal; 142 affected, 5 reports. Send rescue rope and "
SLM-002620,test,URGENT,True,True,True,True,True,True,True,True,True,"URGENT - ZONE-2 Kottayam (Kerala): road blockages and rescue emergencies plus 1 more, 138 affected across 7 reports. Sen"
SLM-002621,train,IMMEDIATE,True,True,True,True,True,True,True,True,True,"IMMEDIATE: flooding and rescue emergencies, ZONE-4 Kochi, Kerala. 5 reports, 84 affected. Deploy road clearance team and"
SLM-002622,train,ELEVATED,True,True,True,True,True,True,True,True,True,"ELEVATED: rescue emergencies and medical emergencies plus 2 more, ZONE-2 Dhemaji, Assam. 10 reports, 78 affected. Deploy"
SLM-002623,train,ELEVATED,True,True,True,True,True,True,True,True,True,"ELEVATED: rescue emergencies and flooding plus 1 more, ZONE-5 Prayagraj, Uttar Pradesh. 6 reports, 40 affected. Dispatch"
SLM-002624,train,IMMEDIATE,True,True,True,True,True,True,True,True,True,"IMMEDIATE. flooding and rescue emergencies plus 1 more in ZONE-5 Cuttack, Odisha; 135 affected, 6 reports. Dispatch resc"
SLM-002625,train,ELEVATED,True,True,True,True,True,True,True,True,True,"ELEVATED - ZONE-3 Rajkot (Gujarat): flooding and rescue emergencies plus 1 more, 46 affected across 7 reports. water pum"
SLM-002626,test,IMMEDIATE,True,True,True,True,True,True,True,True,True,"IMMEDIATE: flooding and road blockages plus 2 more, ZONE-5 Dhemaji, Assam. 5 reports, 107 affected. Dispatch water pump "
SLM-002627,train,ELEVATED,True,True,True,True,True,True,True,True,True,"ELEVATED. rescue emergencies and flooding plus 1 more in ZONE-5 Madurai, Tamil Nadu; 73 affected, 7 reports. Send water "
SLM-002628,train,ELEVATED,True,True,True,True,True,True,True,True,True,"ELEVATED. flooding and rescue emergencies plus 1 more in ZONE-4 Alappuzha, Kerala; 24 affected, 5 reports. water pump an"
SLM-002629,train,IMMEDIATE,True,True,True,True,True,True,True,True,True,"IMMEDIATE. flooding and rescue emergencies in ZONE-3 Dhemaji, Assam; 64 affected, 5 reports. Deploy rescue boat and ambu"
SLM-002630,train,URGENT,True,True,True,True,True,True,True,True,True,"URGENT - ZONE-2 Coimbatore (Tamil Nadu): rescue emergencies and flooding, 99 affected across 5 reports. sandbags and NDR"
SLM-002631,train,IMMEDIATE,True,True,True,True,True,True,True,True,True,"IMMEDIATE: ZONE-5 Surat, Gujarat -- flooding and rescue emergencies. 7 reports, 107 affected. Deploy relief supplies and"
SLM-002632,train,ELEVATED,True,True,True,True,True,True,True,True,True,"ELEVATED: ZONE-4 Dibrugarh, Assam -- flooding and rescue emergencies. 5 reports, 28 affected. drainage team and water pu"
SLM-002633,train,ROUTINE,True,True,True,True,True,True,True,True,True,"ROUTINE: ZONE-3 Kottayam, Kerala -- flooding and rescue emergencies. 5 reports, 17 affected. Dispatch ambulance and wate"
SLM-002634,train,IMMEDIATE,True,True,True,True,True,True,True,True,True,"IMMEDIATE - ZONE-2 Kanpur (Uttar Pradesh): rescue emergencies and flooding plus 1 more, 182 affected across 6 reports. D"
SLM-002635,train,IMMEDIATE,True,True,True,True,True,True,True,True,True,"IMMEDIATE - ZONE-3 Bhubaneswar (Odisha): road blockages and rescue emergencies plus 1 more, 116 affected across 5 report"
SLM-002636,train,URGENT,True,True,True,True,True,True,True,True,True,"URGENT: rescue emergencies and medical emergencies plus 1 more, ZONE-4 Surat, Gujarat. 6 reports, 188 affected. NDRF res"
SLM-002637,validation,URGENT,True,True,True,True,True,True,True,True,True,"URGENT: ZONE-5 Lucknow, Uttar Pradesh -- rescue emergencies and road blockages plus 1 more. 6 reports, 180 affected. Sen"
SLM-002638,test,IMMEDIATE,True,True,True,True,True,True,True,True,True,"IMMEDIATE - ZONE-3 Patna (Bihar): flooding and rescue emergencies plus 1 more, 154 affected across 6 reports. Deploy rel"
SLM-002639,train,URGENT,True,True,True,True,True,True,True,True,True,"URGENT. road blockages and rescue emergencies plus 1 more in ZONE-1 Bengaluru, Karnataka; 61 affected, 6 reports. Send f"
SLM-002640,train,IMMEDIATE,True,True,True,True,True,True,True,True,True,"IMMEDIATE - ZONE-4 Kodagu (Karnataka): flooding, 114 affected across 5 reports. Send relief supplies and water pump plus"
SLM-002641,train,ELEVATED,True,True,True,True,True,True,True,True,True,"ELEVATED: ZONE-1 Kozhikode, Kerala -- flooding and rescue emergencies plus 1 more. 5 reports, 36 affected. Dispatch drai"
SLM-002642,train,URGENT,True,True,True,True,True,True,True,True,True,"URGENT: rescue emergencies and flooding plus 1 more, ZONE-3 Dibrugarh, Assam. 6 reports, 201 affected. Dispatch water pu"
SLM-002643,train,IMMEDIATE,True,True,True,True,True,True,True,True,True,"IMMEDIATE - ZONE-1 Jorhat (Assam): flooding and rescue emergencies, 175 affected across 6 reports. road clearance team a"
SLM-002644,train,URGENT,True,True,True,True,True,True,True,True,True,"URGENT. flooding and medical emergencies in ZONE-1 Mumbai, Maharashtra; 106 affected, 5 reports. Send life jackets and r"
SLM-002645,validation,IMMEDIATE,True,True,True,True,True,True,True,True,True,"IMMEDIATE: flooding and rescue emergencies, ZONE-2 Surat, Gujarat. 6 reports, 124 affected. rescue boat and fire and res"
SLM-002646,validation,ELEVATED,True,True,True,True,True,True,True,True,True,"ELEVATED. flooding and road blockages in ZONE-4 Gorakhpur, Uttar Pradesh; 62 affected, 7 reports. Dispatch water pump an"
SLM-002647,train,URGENT,True,True,True,True,True,True,True,True,True,"URGENT: road blockages and rescue emergencies plus 2 more, ZONE-4 Mangaluru, Karnataka. 7 reports, 136 affected. Dispatc"
SLM-002648,validation,IMMEDIATE,True,True,True,True,True,True,True,True,True,"IMMEDIATE: ZONE-5 Howrah, West Bengal -- medical emergencies and flooding. 5 reports, 94 affected. Deploy medical first-"
SLM-002649,train,IMMEDIATE,True,True,True,True,True,True,True,True,True,"IMMEDIATE: ZONE-4 Howrah, West Bengal -- rescue emergencies and road blockages plus 2 more. 7 reports, 244 affected. ear"
SLM-002650,train,URGENT,True,True,True,True,True,True,True,True,True,"URGENT. flooding and road blockages plus 1 more in ZONE-5 Rajkot, Gujarat; 79 affected, 5 reports. water pump and rescue"
SLM-002651,train,URGENT,True,True,True,True,True,True,True,True,True,"URGENT. flooding and rescue emergencies plus 2 more in ZONE-4 Cuttack, Odisha; 268 affected, 8 reports. Deploy rescue ro"
SLM-002652,train,URGENT,True,True,True,True,True,True,True,True,True,"URGENT. rescue emergencies and road blockages plus 1 more in ZONE-1 Alappuzha, Kerala; 97 affected, 5 reports. ambulance"
SLM-002653,train,ELEVATED,True,True,True,True,True,True,True,True,True,"ELEVATED - ZONE-5 Kendrapara (Odisha): flooding and road blockages plus 2 more, 65 affected across 7 reports. Dispatch d"
SLM-002654,test,URGENT,True,True,True,True,True,True,True,True,True,"URGENT: ZONE-4 Mangaluru, Karnataka -- flooding and medical emergencies plus 1 more. 5 reports, 55 affected. Send relief"
SLM-002655,test,ELEVATED,True,True,True,True,True,True,True,True,True,"ELEVATED: flooding and rescue emergencies, ZONE-1 Gaya, Bihar. 6 reports, 38 affected. Dispatch water pump and relief su"
SLM-002656,train,IMMEDIATE,True,True,True,True,True,True,True,True,True,"IMMEDIATE: ZONE-1 Patna, Bihar -- rescue emergencies and flooding plus 1 more. 9 reports, 278 affected. Deploy relief su"
SLM-002657,train,URGENT,True,True,True,True,True,True,True,True,True,"URGENT: flooding and rescue emergencies plus 1 more, ZONE-2 Nashik, Maharashtra. 5 reports, 56 affected. NDRF flood resc"
SLM-002658,train,IMMEDIATE,True,True,True,True,True,True,True,True,True,"IMMEDIATE: flooding and rescue emergencies plus 1 more, ZONE-2 Dibrugarh, Assam. 6 reports, 209 affected. Deploy water p"
SLM-002659,train,ELEVATED,True,True,True,True,True,True,True,True,True,"ELEVATED: ZONE-2 Pune, Maharashtra -- rescue emergencies and medical emergencies plus 2 more. 11 reports, 107 affected. "
SLM-002660,test,URGENT,True,True,True,True,True,True,True,True,True,"URGENT: ZONE-2 Malda, West Bengal -- rescue emergencies and flooding plus 1 more. 7 reports, 141 affected. Send life jac"
SLM-002661,validation,IMMEDIATE,True,True,True,True,True,True,True,True,True,"IMMEDIATE. medical emergencies and rescue emergencies plus 1 more in ZONE-5 Ahmedabad, Gujarat; 160 affected, 5 reports."
SLM-002662,train,ELEVATED,True,True,True,True,True,True,True,True,True,"ELEVATED. flooding and road blockages plus 1 more in ZONE-1 Kochi, Kerala; 37 affected, 5 reports. Send rescue boat and "
SLM-002663,validation,IMMEDIATE,True,True,True,True,True,True,True,True,True,"IMMEDIATE. medical emergencies and rescue emergencies plus 1 more in ZONE-5 Guwahati, Assam; 204 affected, 5 reports. me"
SLM-002664,test,URGENT,True,True,True,True,True,True,True,True,True,"URGENT. flooding and road blockages plus 1 more in ZONE-4 Coimbatore, Tamil Nadu; 157 affected, 5 reports. relief suppli"
SLM-002665,train,ELEVATED,True,True,True,True,True,True,True,True,True,"ELEVATED. medical emergencies and flooding plus 2 more in ZONE-2 Kolhapur, Maharashtra; 57 affected, 5 reports. Dispatch"
SLM-002666,train,ELEVATED,True,True,True,True,True,True,True,True,True,"ELEVATED: ZONE-3 Vadodara, Gujarat -- flooding and road blockages plus 2 more. 6 reports, 62 affected. Deploy relief sup"
SLM-002667,train,ROUTINE,True,True,True,True,True,True,True,True,True,"ROUTINE. flooding and rescue emergencies plus 1 more in ZONE-4 Muzaffarpur, Bihar; 14 affected, 6 reports. Deploy rescue"
SLM-002668,train,ELEVATED,True,True,True,True,True,True,True,True,True,"ELEVATED - ZONE-4 Kozhikode (Kerala): medical emergencies and flooding plus 2 more, 54 affected across 5 reports. Deploy"
SLM-002669,test,URGENT,True,True,True,True,True,True,True,True,True,"URGENT: flooding and road blockages plus 1 more, ZONE-3 Cuttack, Odisha. 7 reports, 73 affected. rescue rope and ladder "
SLM-002670,train,ELEVATED,True,True,True,True,True,True,True,True,True,"ELEVATED: rescue emergencies and flooding plus 2 more, ZONE-4 Kanpur, Uttar Pradesh. 9 reports, 84 affected. ambulance a"
SLM-002671,validation,ROUTINE,True,True,True,True,True,True,True,True,True,"ROUTINE - ZONE-5 Pune (Maharashtra): flooding and rescue emergencies plus 1 more, 18 affected across 5 reports. Deploy w"
SLM-002672,train,ELEVATED,True,True,True,True,True,True,True,True,True,"ELEVATED: flooding and rescue emergencies plus 1 more, ZONE-3 Kozhikode, Kerala. 11 reports, 91 affected. Deploy ambulan"
SLM-002673,test,IMMEDIATE,True,True,True,True,True,True,True,True,True,"IMMEDIATE. rescue emergencies and flooding plus 1 more in ZONE-4 Varanasi, Uttar Pradesh; 207 affected, 7 reports. Deplo"
SLM-002674,train,URGENT,True,True,True,True,True,True,True,True,True,"URGENT: ZONE-2 Kozhikode, Kerala -- flooding and medical emergencies plus 1 more. 6 reports, 101 affected. Dispatch ambu"
SLM-002675,train,ROUTINE,True,True,True,True,True,True,True,True,True,"ROUTINE: flooding and road blockages, ZONE-2 Muzaffarpur, Bihar. 5 reports, 18 affected. Deploy relief supplies and NDRF"
SLM-002676,validation,URGENT,True,True,True,True,True,True,True,True,True,"URGENT - ZONE-4 Kottayam (Kerala): flooding and road blockages, 108 affected across 7 reports. tow truck and relief supp"
SLM-002677,test,ELEVATED,True,True,True,True,True,True,True,True,True,"ELEVATED: flooding and road blockages plus 1 more, ZONE-3 Bengaluru, Karnataka. 6 reports, 53 affected. water pump and s"
SLM-002678,train,ELEVATED,True,True,True,True,True,True,True,True,True,"ELEVATED: flooding, ZONE-2 Pune, Maharashtra. 6 reports, 54 affected. Deploy water pump and life jackets plus 1 more to "
SLM-002679,train,ELEVATED,True,True,True,True,True,True,True,True,True,"ELEVATED - ZONE-3 Surat (Gujarat): flooding and medical emergencies plus 1 more, 99 affected across 9 reports. road clea"
SLM-002680,train,IMMEDIATE,True,True,True,True,True,True,True,True,True,"IMMEDIATE: flooding and road blockages plus 1 more, ZONE-1 Barpeta, Assam. 6 reports, 89 affected. Send road clearance t"
SLM-002681,validation,IMMEDIATE,True,True,True,True,True,True,True,True,True,"IMMEDIATE - ZONE-5 Kanpur (Uttar Pradesh): road blockages and flooding plus 1 more, 103 affected across 5 reports. Send "
SLM-002682,train,URGENT,True,True,True,True,True,True,True,True,True,"URGENT: ZONE-5 Thanjavur, Tamil Nadu -- rescue emergencies and flooding. 7 reports, 77 affected. rescue rope and ladder "
SLM-002683,train,IMMEDIATE,True,True,True,True,True,True,True,True,True,"IMMEDIATE. rescue emergencies and flooding plus 1 more in ZONE-1 Vadodara, Gujarat; 162 affected, 6 reports. Deploy resc"
SLM-002684,train,ROUTINE,True,True,True,True,True,True,True,True,True,"ROUTINE - ZONE-3 Prayagraj (Uttar Pradesh): flooding and road blockages plus 1 more, 21 affected across 5 reports. Deplo"
SLM-002685,train,IMMEDIATE,True,True,True,True,True,True,True,True,True,"IMMEDIATE - ZONE-4 Nagpur (Maharashtra): flooding and medical emergencies plus 1 more, 190 affected across 6 reports. ND"
SLM-002686,train,ELEVATED,True,True,True,True,True,True,True,True,True,"ELEVATED - ZONE-4 Kochi (Kerala): rescue emergencies and medical emergencies plus 1 more, 51 affected across 7 reports. "
SLM-002687,test,IMMEDIATE,True,True,True,True,True,True,True,True,True,"IMMEDIATE: medical emergencies and flooding plus 1 more, ZONE-2 Balasore, Odisha. 5 reports, 188 affected. Deploy parame"
SLM-002688,test,URGENT,True,True,True,True,True,True,True,True,True,"URGENT - ZONE-5 Kodagu (Karnataka): road blockages and rescue emergencies plus 1 more, 196 affected across 8 reports. Di"
SLM-002689,train,ELEVATED,True,True,True,True,True,True,True,True,True,"ELEVATED - ZONE-1 Kendrapara (Odisha): flooding and road blockages plus 1 more, 59 affected across 6 reports. Send water"
SLM-002690,train,ELEVATED,True,True,True,True,True,True,True,True,True,"ELEVATED. rescue emergencies and road blockages plus 2 more in ZONE-5 Surat, Gujarat; 54 affected, 6 reports. Send ambul"
SLM-002691,train,ELEVATED,True,True,True,True,True,True,True,True,True,"ELEVATED. flooding and rescue emergencies in ZONE-4 Kolkata, West Bengal; 34 affected, 5 reports. relief supplies and li"
SLM-002692,validation,IMMEDIATE,True,True,True,True,True,True,True,True,True,"IMMEDIATE. flooding and rescue emergencies in ZONE-3 Coimbatore, Tamil Nadu; 185 affected, 5 reports. Dispatch ambulance"
SLM-002693,test,ELEVATED,True,True,True,True,True,True,True,True,True,"ELEVATED - ZONE-5 Chennai (Tamil Nadu): flooding and rescue emergencies plus 1 more, 57 affected across 7 reports. Deplo"
SLM-002694,train,URGENT,True,True,True,True,True,True,True,True,True,"URGENT. medical emergencies and rescue emergencies plus 1 more in ZONE-1 Puri, Odisha; 82 affected, 6 reports. Dispatch "
SLM-002695,train,IMMEDIATE,True,True,True,True,True,True,True,True,True,"IMMEDIATE: flooding and rescue emergencies plus 1 more, ZONE-3 Puri, Odisha. 5 reports, 111 affected. Deploy rescue boat"
SLM-002696,train,ELEVATED,True,True,True,True,True,True,True,True,True,"ELEVATED: ZONE-5 Surat, Gujarat -- rescue emergencies and flooding plus 1 more. 7 reports, 58 affected. Dispatch rescue "
SLM-002697,validation,URGENT,True,True,True,True,True,True,True,True,True,"URGENT: medical emergencies and rescue emergencies plus 1 more, ZONE-5 Malda, West Bengal. 5 reports, 25 affected. Send "
SLM-002698,train,ELEVATED,True,True,True,True,True,True,True,True,True,"ELEVATED: ZONE-2 Darjeeling, West Bengal -- flooding and medical emergencies plus 1 more. 6 reports, 62 affected. Deploy"
SLM-002699,train,IMMEDIATE,True,True,True,True,True,True,True,True,True,"IMMEDIATE: road blockages and rescue emergencies plus 1 more, ZONE-4 Madurai, Tamil Nadu. 5 reports, 149 affected. Dispa"
SLM-002700,test,ELEVATED,True,True,True,True,True,True,True,True,True,"ELEVATED. flooding and rescue emergencies plus 1 more in ZONE-2 Malda, West Bengal; 78 affected, 7 reports. Deploy water"
SLM-002701,validation,URGENT,True,True,True,True,True,True,True,True,True,"URGENT. medical emergencies and flooding plus 2 more in ZONE-1 Patna, Bihar; 120 affected, 9 reports. Dispatch paramedic"
SLM-002702,validation,IMMEDIATE,True,True,True,True,True,True,True,True,True,"IMMEDIATE. flooding and road blockages in ZONE-5 Murshidabad, West Bengal; 84 affected, 5 reports. Send drainage team an"
SLM-002703,test,IMMEDIATE,True,True,True,True,True,True,True,True,True,"IMMEDIATE: ZONE-1 Coimbatore, Tamil Nadu -- rescue emergencies and road blockages plus 1 more. 6 reports, 114 affected. "
SLM-002704,train,ELEVATED,True,True,True,True,True,True,True,True,True,"ELEVATED. rescue emergencies and flooding plus 1 more in ZONE-4 Kottayam, Kerala; 50 affected, 6 reports. rescue rope an"
SLM-002705,test,IMMEDIATE,True,True,True,True,True,True,True,True,True,"IMMEDIATE - ZONE-3 Darbhanga (Bihar): flooding and road blockages plus 1 more, 215 affected across 8 reports. Deploy dra"
SLM-002706,test,IMMEDIATE,True,True,True,True,True,True,True,True,True,"IMMEDIATE. flooding and rescue emergencies in ZONE-1 Bhagalpur, Bihar; 96 affected, 5 reports. Send fire and rescue unit"
SLM-002707,train,ROUTINE,True,True,True,True,True,True,True,True,True,"ROUTINE: ZONE-4 Malda, West Bengal -- flooding and rescue emergencies plus 1 more. 5 reports, 14 affected. Dispatch resc"
SLM-002708,train,ROUTINE,True,True,True,True,True,True,True,True,True,"ROUTINE: ZONE-2 Madurai, Tamil Nadu -- road blockages and flooding plus 1 more. 5 reports, 17 affected. Send NDRF rescue"
SLM-002709,train,IMMEDIATE,True,True,True,True,True,True,True,True,True,"IMMEDIATE - ZONE-4 Kanpur (Uttar Pradesh): flooding and rescue emergencies, 87 affected across 5 reports. relief supplie"
SLM-002710,train,URGENT,True,True,True,True,True,True,True,True,True,"URGENT: ZONE-5 Bhubaneswar, Odisha -- flooding and rescue emergencies plus 1 more. 5 reports, 80 affected. Send water pu"
SLM-002711,train,IMMEDIATE,True,True,True,True,True,True,True,True,True,"IMMEDIATE - ZONE-5 Rajkot (Gujarat): medical emergencies and flooding plus 1 more, 115 affected across 5 reports. Dispat"
SLM-002712,test,IMMEDIATE,True,True,True,True,True,True,True,True,True,"IMMEDIATE - ZONE-5 Kochi (Kerala): rescue emergencies and flooding, 227 affected across 6 reports. Send rescue rope and "
SLM-002713,test,IMMEDIATE,True,True,True,True,True,True,True,True,True,"IMMEDIATE: medical emergencies and rescue emergencies plus 1 more, ZONE-5 Alappuzha, Kerala. 5 reports, 155 affected. Se"
SLM-002714,validation,ROUTINE,True,True,True,True,True,True,True,True,True,"ROUTINE - ZONE-3 Puri (Odisha): rescue emergencies and medical emergencies plus 1 more, 12 affected across 5 reports. fi"
SLM-002715,train,IMMEDIATE,True,True,True,True,True,True,True,True,True,"IMMEDIATE - ZONE-5 Bengaluru (Karnataka): flooding and medical emergencies, 192 affected across 8 reports. water pump an"
SLM-002716,test,IMMEDIATE,True,True,True,True,True,True,True,True,True,"IMMEDIATE: flooding and medical emergencies plus 1 more, ZONE-5 Pune, Maharashtra. 6 reports, 213 affected. Send life ja"
SLM-002717,train,IMMEDIATE,True,True,True,True,True,True,True,True,True,"IMMEDIATE - ZONE-1 Dhemaji (Assam): rescue emergencies and flooding plus 1 more, 190 affected across 7 reports. Dispatch"
SLM-002718,train,IMMEDIATE,True,True,True,True,True,True,True,True,True,"IMMEDIATE - ZONE-3 Kochi (Kerala): flooding and road blockages, 70 affected across 5 reports. Deploy sandbags and water "
SLM-002719,validation,IMMEDIATE,True,True,True,True,True,True,True,True,True,"IMMEDIATE: ZONE-2 Kanpur, Uttar Pradesh -- flooding and road blockages plus 2 more. 6 reports, 59 affected. drainage tea"
SLM-002720,train,URGENT,True,True,True,True,True,True,True,True,True,"URGENT. flooding and medical emergencies plus 1 more in ZONE-1 Nashik, Maharashtra; 123 affected, 5 reports. relief supp"
SLM-002721,train,URGENT,True,True,True,True,True,True,True,True,True,"URGENT: ZONE-2 Varanasi, Uttar Pradesh -- medical emergencies and rescue emergencies plus 2 more. 8 reports, 212 affecte"
SLM-002722,train,IMMEDIATE,True,True,True,True,True,True,True,True,True,"IMMEDIATE: ZONE-2 Kanpur, Uttar Pradesh -- road blockages and flooding plus 1 more. 7 reports, 279 affected. fire and re"
SLM-002723,train,ELEVATED,True,True,True,True,True,True,True,True,True,"ELEVATED: flooding and rescue emergencies, ZONE-3 Udupi, Karnataka. 5 reports, 57 affected. Dispatch NDRF flood rescue t"
SLM-002724,validation,ELEVATED,True,True,True,True,True,True,True,True,True,"ELEVATED: flooding and rescue emergencies plus 2 more, ZONE-5 Thrissur, Kerala. 6 reports, 44 affected. Dispatch relief "
SLM-002725,train,URGENT,True,True,True,True,True,True,True,True,True,"URGENT: ZONE-1 Guwahati, Assam -- flooding and rescue emergencies. 5 reports, 127 affected. Dispatch fire and rescue uni"
SLM-002726,train,URGENT,True,True,True,True,True,True,True,True,True,"URGENT - ZONE-1 Cuttack (Odisha): rescue emergencies and flooding plus 1 more, 111 affected across 6 reports. Send road "
SLM-002727,train,ROUTINE,True,True,True,True,True,True,True,True,True,"ROUTINE: ZONE-2 Kanpur, Uttar Pradesh -- rescue emergencies and flooding. 5 reports, 13 affected. Send fire and rescue u"
SLM-002728,validation,URGENT,True,True,True,True,True,True,True,True,True,"URGENT. rescue emergencies and medical emergencies plus 1 more in ZONE-1 Howrah, West Bengal; 50 affected, 5 reports. fi"
SLM-002729,train,IMMEDIATE,True,True,True,True,True,True,True,True,True,"IMMEDIATE. flooding and rescue emergencies in ZONE-3 Darbhanga, Bihar; 165 affected, 5 reports. Send NDRF flood rescue t"
SLM-002730,train,IMMEDIATE,True,True,True,True,True,True,True,True,True,"IMMEDIATE: flooding and road blockages, ZONE-1 Bengaluru, Karnataka. 5 reports, 278 affected. life jackets and rescue bo"
SLM-002731,validation,ROUTINE,True,True,True,True,True,True,True,True,True,"ROUTINE. flooding and rescue emergencies plus 2 more in ZONE-1 Barpeta, Assam; 16 affected, 6 reports. Dispatch rescue b"
SLM-002732,train,ELEVATED,True,True,True,True,True,True,True,True,True,"ELEVATED. rescue emergencies and medical emergencies plus 2 more in ZONE-5 Chennai, Tamil Nadu; 55 affected, 6 reports. "
SLM-002733,train,IMMEDIATE,True,True,True,True,True,True,True,True,True,"IMMEDIATE: ZONE-1 Bhagalpur, Bihar -- rescue emergencies and flooding plus 1 more. 8 reports, 194 affected. Deploy NDRF "
SLM-002734,validation,IMMEDIATE,True,True,True,True,True,True,True,True,True,"IMMEDIATE: ZONE-5 Bengaluru, Karnataka -- flooding and rescue emergencies plus 1 more. 5 reports, 251 affected. Dispatch"
SLM-002735,train,ELEVATED,True,True,True,True,True,True,True,True,True,"ELEVATED - ZONE-5 Kottayam (Kerala): flooding, 51 affected across 5 reports. relief supplies and drainage team plus 1 mo"
SLM-002736,train,IMMEDIATE,True,True,True,True,True,True,True,True,True,"IMMEDIATE - ZONE-1 Prayagraj (Uttar Pradesh): flooding and rescue emergencies, 188 affected across 6 reports. Dispatch r"
SLM-002737,train,URGENT,True,True,True,True,True,True,True,True,True,"URGENT: ZONE-3 Mysuru, Karnataka -- rescue emergencies and flooding plus 1 more. 7 reports, 176 affected. Dispatch water"
SLM-002738,train,ROUTINE,True,True,True,True,True,True,True,True,True,"ROUTINE. rescue emergencies and flooding in ZONE-2 Cuttack, Odisha; 16 affected, 5 reports. Dispatch rescue boat and fir"
SLM-002739,train,ROUTINE,True,True,True,True,True,True,True,True,True,"ROUTINE - ZONE-2 Kanpur (Uttar Pradesh): flooding and road blockages, 24 affected across 5 reports. NDRF flood rescue te"
SLM-002740,train,ELEVATED,True,True,True,True,True,True,True,True,True,"ELEVATED - ZONE-1 Mumbai (Maharashtra): flooding and rescue emergencies plus 1 more, 28 affected across 5 reports. life "
SLM-002741,validation,IMMEDIATE,True,True,True,True,True,True,True,True,True,"IMMEDIATE: ZONE-3 Alappuzha, Kerala -- medical emergencies and flooding plus 1 more. 6 reports, 167 affected. Send medic"
SLM-002742,train,ROUTINE,True,True,True,True,True,True,True,True,True,"ROUTINE. flooding and road blockages in ZONE-4 Puri, Odisha; 18 affected, 5 reports. Deploy tow truck and road clearance"
SLM-002743,train,ELEVATED,True,True,True,True,True,True,True,True,True,"ELEVATED - ZONE-1 Kottayam (Kerala): flooding and road blockages plus 1 more, 42 affected across 6 reports. Dispatch wat"
SLM-002744,train,URGENT,True,True,True,True,True,True,True,True,True,"URGENT: ZONE-2 Darjeeling, West Bengal -- flooding and rescue emergencies plus 1 more. 5 reports, 74 affected. Send reli"
SLM-002745,validation,URGENT,True,True,True,True,True,True,True,True,True,"URGENT. medical emergencies and flooding plus 1 more in ZONE-4 Alappuzha, Kerala; 148 affected, 7 reports. Deploy water "
SLM-002746,train,URGENT,True,True,True,True,True,True,True,True,True,"URGENT: ZONE-2 Muzaffarpur, Bihar -- flooding and road blockages plus 2 more. 6 reports, 78 affected. drainage team and "
SLM-002747,train,IMMEDIATE,True,True,True,True,True,True,True,True,True,"IMMEDIATE - ZONE-5 Bengaluru (Karnataka): medical emergencies and rescue emergencies plus 2 more, 224 affected across 8 "
SLM-002748,test,URGENT,True,True,True,True,True,True,True,True,True,"URGENT: ZONE-2 Bharuch, Gujarat -- rescue emergencies and flooding plus 1 more. 5 reports, 113 affected. rescue rope and"
SLM-002749,validation,IMMEDIATE,True,True,True,True,True,True,True,True,True,"IMMEDIATE: road blockages and rescue emergencies plus 2 more, ZONE-5 Muzaffarpur, Bihar. 6 reports, 123 affected. Dispat"
SLM-002750,train,ELEVATED,True,True,True,True,True,True,True,True,True,"ELEVATED: ZONE-2 Guwahati, Assam -- flooding and road blockages plus 2 more. 5 reports, 45 affected. rescue boat and wat"
SLM-002751,train,IMMEDIATE,True,True,True,True,True,True,True,True,True,"IMMEDIATE. flooding and rescue emergencies in ZONE-2 Darbhanga, Bihar; 175 affected, 5 reports. Send road clearance team"
SLM-002752,train,ELEVATED,True,True,True,True,True,True,True,True,True,"ELEVATED - ZONE-2 Guwahati (Assam): flooding and rescue emergencies plus 1 more, 67 affected across 6 reports. relief su"
SLM-002753,train,IMMEDIATE,True,True,True,True,True,True,True,True,True,"IMMEDIATE: rescue emergencies and flooding plus 1 more, ZONE-2 Chennai, Tamil Nadu. 6 reports, 117 affected. Dispatch sa"
SLM-002754,train,URGENT,True,True,True,True,True,True,True,True,True,"URGENT: rescue emergencies and flooding plus 1 more, ZONE-1 Bhubaneswar, Odisha. 5 reports, 110 affected. ambulance and "
SLM-002755,train,IMMEDIATE,True,True,True,True,True,True,True,True,True,"IMMEDIATE. flooding and rescue emergencies in ZONE-4 Thrissur, Kerala; 145 affected, 5 reports. water pump and sandbags "
SLM-002756,test,ELEVATED,True,True,True,True,True,True,True,True,True,"ELEVATED: ZONE-1 Bhubaneswar, Odisha -- flooding and road blockages plus 1 more. 6 reports, 58 affected. Deploy water pu"
SLM-002757,train,URGENT,True,True,True,True,True,True,True,True,True,"URGENT. rescue emergencies and road blockages plus 2 more in ZONE-3 Cuttack, Odisha; 40 affected, 5 reports. NDRF rescue"
SLM-002758,train,ELEVATED,True,True,True,True,True,True,True,True,True,"ELEVATED. rescue emergencies and flooding in ZONE-4 Gaya, Bihar; 45 affected, 6 reports. Deploy rescue rope and ladder a"
SLM-002759,validation,IMMEDIATE,True,True,True,True,True,True,True,True,True,"IMMEDIATE: ZONE-4 Howrah, West Bengal -- flooding and rescue emergencies. 6 reports, 73 affected. Deploy NDRF flood resc"
SLM-002760,train,URGENT,True,True,True,True,True,True,True,True,True,"URGENT: ZONE-2 Bhubaneswar, Odisha -- flooding and road blockages. 5 reports, 47 affected. water pump and NDRF flood res"
SLM-002761,train,ELEVATED,True,True,True,True,True,True,True,True,True,"ELEVATED: ZONE-2 Kochi, Kerala -- flooding and rescue emergencies. 7 reports, 65 affected. water pump and ambulance plus"
SLM-002762,train,ELEVATED,True,True,True,True,True,True,True,True,True,"ELEVATED: ZONE-2 Bhagalpur, Bihar -- flooding and rescue emergencies. 5 reports, 27 affected. Dispatch water pump and sa"
SLM-002763,train,ELEVATED,True,True,True,True,True,True,True,True,True,"ELEVATED. road blockages and flooding plus 1 more in ZONE-2 Thrissur, Kerala; 64 affected, 6 reports. Send NDRF flood re"
SLM-002764,train,ELEVATED,True,True,True,True,True,True,True,True,True,"ELEVATED - ZONE-3 Surat (Gujarat): flooding and medical emergencies plus 1 more, 47 affected across 6 reports. Send road"
SLM-002765,train,IMMEDIATE,True,True,True,True,True,True,True,True,True,"IMMEDIATE - ZONE-1 Surat (Gujarat): flooding, 155 affected across 5 reports. water pump and life jackets plus 1 more to "
SLM-002766,train,URGENT,True,True,True,True,True,True,True,True,True,"URGENT: flooding and rescue emergencies, ZONE-4 Pune, Maharashtra. 7 reports, 128 affected. Deploy fire and rescue unit "
SLM-002767,train,ELEVATED,True,True,True,True,True,True,True,True,True,"ELEVATED. rescue emergencies and road blockages plus 1 more in ZONE-3 Kozhikode, Kerala; 29 affected, 5 reports. Send re"
SLM-002768,test,IMMEDIATE,True,True,True,True,True,True,True,True,True,"IMMEDIATE - ZONE-4 Jorhat (Assam): flooding and rescue emergencies plus 1 more, 217 affected across 5 reports. Dispatch "
SLM-002769,validation,URGENT,True,True,True,True,True,True,True,True,True,"URGENT: ZONE-2 Puri, Odisha -- flooding and rescue emergencies. 6 reports, 91 affected. Deploy rescue boat and road clea"
SLM-002770,train,ELEVATED,True,True,True,True,True,True,True,True,True,"ELEVATED: ZONE-5 Patna, Bihar -- medical emergencies and road blockages plus 2 more. 5 reports, 26 affected. Dispatch to"
SLM-002771,test,ELEVATED,True,True,True,True,True,True,True,True,True,"ELEVATED - ZONE-4 Gaya (Bihar): rescue emergencies and flooding plus 1 more, 59 affected across 10 reports. Dispatch fir"
SLM-002772,test,IMMEDIATE,True,True,True,True,True,True,True,True,True,"IMMEDIATE: flooding and rescue emergencies, ZONE-1 Kanpur, Uttar Pradesh. 5 reports, 133 affected. Dispatch sandbags and"
SLM-002773,train,IMMEDIATE,True,True,True,True,True,True,True,True,True,"IMMEDIATE: rescue emergencies and road blockages plus 1 more, ZONE-5 Dibrugarh, Assam. 5 reports, 96 affected. Deploy ro"
SLM-002774,validation,URGENT,True,True,True,True,True,True,True,True,True,"URGENT - ZONE-4 Udupi (Karnataka): flooding and rescue emergencies plus 2 more, 167 affected across 8 reports. Send life"
SLM-002775,test,IMMEDIATE,True,True,True,True,True,True,True,True,True,"IMMEDIATE: road blockages and rescue emergencies plus 2 more, ZONE-1 Kendrapara, Odisha. 8 reports, 262 affected. tow tr"
SLM-002776,train,IMMEDIATE,True,True,True,True,True,True,True,True,True,"IMMEDIATE: medical emergencies and road blockages plus 2 more, ZONE-1 Balasore, Odisha. 8 reports, 245 affected. NDRF fl"
SLM-002777,train,ELEVATED,True,True,True,True,True,True,True,True,True,"ELEVATED - ZONE-2 Bhubaneswar (Odisha): road blockages and flooding plus 1 more, 56 affected across 6 reports. Deploy ea"
SLM-002778,train,IMMEDIATE,True,True,True,True,True,True,True,True,True,"IMMEDIATE. flooding and rescue emergencies in ZONE-3 Kozhikode, Kerala; 78 affected, 5 reports. Dispatch rescue boat and"
SLM-002779,train,ELEVATED,True,True,True,True,True,True,True,True,True,"ELEVATED: ZONE-4 Ahmedabad, Gujarat -- flooding and rescue emergencies. 5 reports, 52 affected. Dispatch fire and rescue"
SLM-002780,train,ELEVATED,True,True,True,True,True,True,True,True,True,"ELEVATED: ZONE-3 Thrissur, Kerala -- flooding and rescue emergencies. 6 reports, 49 affected. Send relief supplies and r"
SLM-002781,test,IMMEDIATE,True,True,True,True,True,True,True,True,True,"IMMEDIATE: flooding and road blockages plus 1 more, ZONE-5 Gaya, Bihar. 7 reports, 260 affected. Send relief supplies an"
SLM-002782,train,IMMEDIATE,True,True,True,True,True,True,True,True,True,"IMMEDIATE: ZONE-1 Bengaluru, Karnataka -- flooding and medical emergencies. 5 reports, 100 affected. water pump and drai"
SLM-002783,train,IMMEDIATE,True,True,True,True,True,True,True,True,True,"IMMEDIATE: medical emergencies and flooding, ZONE-5 Lucknow, Uttar Pradesh. 5 reports, 80 affected. life jackets and par"
SLM-002784,train,IMMEDIATE,True,True,True,True,True,True,True,True,True,"IMMEDIATE - ZONE-3 Darjeeling (West Bengal): medical emergencies and rescue emergencies plus 2 more, 91 affected across "
SLM-002785,validation,URGENT,True,True,True,True,True,True,True,True,True,"URGENT - ZONE-2 Bharuch (Gujarat): road blockages and rescue emergencies plus 1 more, 151 affected across 7 reports. amb"
SLM-002786,train,IMMEDIATE,True,True,True,True,True,True,True,True,True,"IMMEDIATE: medical emergencies and flooding plus 2 more, ZONE-4 Bhagalpur, Bihar. 6 reports, 183 affected. Deploy ambula"
SLM-002787,test,URGENT,True,True,True,True,True,True,True,True,True,"URGENT - ZONE-1 Pune (Maharashtra): road blockages and flooding plus 1 more, 209 affected across 9 reports. Send life ja"
SLM-002788,test,IMMEDIATE,True,True,True,True,True,True,True,True,True,"IMMEDIATE: flooding and medical emergencies plus 1 more, ZONE-5 Muzaffarpur, Bihar. 5 reports, 69 affected. water pump a"
SLM-002789,train,IMMEDIATE,True,True,True,True,True,True,True,True,True,"IMMEDIATE - ZONE-1 Kochi (Kerala): flooding and rescue emergencies plus 1 more, 159 affected across 6 reports. water pum"
SLM-002790,test,IMMEDIATE,True,True,True,True,True,True,True,True,True,"IMMEDIATE. flooding and medical emergencies plus 1 more in ZONE-1 Alappuzha, Kerala; 187 affected, 6 reports. Dispatch r"
SLM-002791,validation,IMMEDIATE,True,True,True,True,True,True,True,True,True,"IMMEDIATE: ZONE-4 Cuttack, Odisha -- flooding and road blockages plus 2 more. 5 reports, 146 affected. Deploy ambulance "
SLM-002792,train,ELEVATED,True,True,True,True,True,True,True,True,True,"ELEVATED. flooding and medical emergencies plus 2 more in ZONE-5 Udupi, Karnataka; 53 affected, 5 reports. Send NDRF flo"
SLM-002793,train,ELEVATED,True,True,True,True,True,True,True,True,True,"ELEVATED: ZONE-2 Darjeeling, West Bengal -- medical emergencies and flooding plus 2 more. 7 reports, 54 affected. Deploy"
SLM-002794,test,ELEVATED,True,True,True,True,True,True,True,True,True,"ELEVATED - ZONE-3 Madurai (Tamil Nadu): flooding and medical emergencies plus 1 more, 66 affected across 7 reports. Depl"
SLM-002795,test,IMMEDIATE,True,True,True,True,True,True,True,True,True,"IMMEDIATE - ZONE-5 Kochi (Kerala): rescue emergencies and flooding plus 1 more, 236 affected across 5 reports. Send resc"
SLM-002796,validation,URGENT,True,True,True,True,True,True,True,True,True,"URGENT. flooding and rescue emergencies plus 1 more in ZONE-2 Cuttack, Odisha; 107 affected, 5 reports. Deploy relief su"
SLM-002797,validation,ELEVATED,True,True,True,True,True,True,True,True,True,"ELEVATED. rescue emergencies and medical emergencies plus 2 more in ZONE-2 Kozhikode, Kerala; 80 affected, 9 reports. am"
SLM-002798,train,ELEVATED,True,True,True,True,True,True,True,True,True,"ELEVATED - ZONE-2 Kochi (Kerala): flooding and road blockages plus 1 more, 32 affected across 5 reports. NDRF flood resc"
SLM-002799,validation,ELEVATED,True,True,True,True,True,True,True,True,True,"ELEVATED: flooding, ZONE-5 Rajkot, Gujarat. 5 reports, 41 affected. Dispatch relief supplies and sandbags plus 1 more vi"
SLM-002800,train,ELEVATED,True,True,True,True,True,True,True,True,True,"ELEVATED. flooding and rescue emergencies plus 1 more in ZONE-5 Malda, West Bengal; 38 affected, 5 reports. Send water p"
SLM-002801,train,URGENT,True,True,True,True,True,True,True,True,True,"URGENT - ZONE-4 Lucknow (Uttar Pradesh): flooding and rescue emergencies plus 1 more, 93 affected across 5 reports. Disp"
SLM-002802,train,URGENT,True,True,True,True,True,True,True,True,True,"URGENT - ZONE-5 Thanjavur (Tamil Nadu): flooding and medical emergencies, 121 affected across 6 reports. Dispatch road c"
SLM-002803,validation,ELEVATED,True,True,True,True,True,True,True,True,True,"ELEVATED: ZONE-1 Thrissur, Kerala -- medical emergencies and flooding plus 2 more. 7 reports, 61 affected. Deploy ambula"
SLM-002804,test,URGENT,True,True,True,True,True,True,True,True,True,"URGENT. flooding and medical emergencies plus 2 more in ZONE-4 Surat, Gujarat; 139 affected, 6 reports. Send water pump "
SLM-002805,train,URGENT,True,True,True,True,True,True,True,True,True,"URGENT: ZONE-1 Kanpur, Uttar Pradesh -- medical emergencies and road blockages plus 1 more. 6 reports, 110 affected. Sen"
SLM-002806,train,ROUTINE,True,True,True,True,True,True,True,True,True,"ROUTINE - ZONE-4 Kozhikode (Kerala): flooding and medical emergencies plus 1 more, 17 affected across 5 reports. Deploy "
SLM-002807,train,URGENT,True,True,True,True,True,True,True,True,True,"URGENT: ZONE-4 Balasore, Odisha -- flooding and road blockages plus 1 more. 6 reports, 68 affected. Deploy water pump an"
SLM-002808,train,ROUTINE,True,True,True,True,True,True,True,True,True,"ROUTINE - ZONE-1 Pune (Maharashtra): flooding and rescue emergencies, 21 affected across 5 reports. fire and rescue unit"
SLM-002809,train,URGENT,True,True,True,True,True,True,True,True,True,"URGENT. rescue emergencies and flooding plus 1 more in ZONE-1 Tiruppur, Tamil Nadu; 58 affected, 5 reports. rescue rope "
SLM-002810,test,ELEVATED,True,True,True,True,True,True,True,True,True,"ELEVATED. rescue emergencies and flooding in ZONE-3 Coimbatore, Tamil Nadu; 69 affected, 6 reports. Dispatch NDRF rescue"
SLM-002811,train,IMMEDIATE,True,True,True,True,True,True,True,True,True,"IMMEDIATE: rescue emergencies and flooding, ZONE-1 Alappuzha, Kerala. 5 reports, 191 affected. rescue boat and life jack"
SLM-002812,validation,ELEVATED,True,True,True,True,True,True,True,True,True,"ELEVATED. flooding and medical emergencies in ZONE-5 Lucknow, Uttar Pradesh; 57 affected, 6 reports. water pump and para"
SLM-002813,test,ELEVATED,True,True,True,True,True,True,True,True,True,"ELEVATED: rescue emergencies and flooding, ZONE-3 Ahmedabad, Gujarat. 6 reports, 60 affected. Dispatch fire and rescue u"
SLM-002814,train,IMMEDIATE,True,True,True,True,True,True,True,True,True,"IMMEDIATE - ZONE-5 Mangaluru (Karnataka): road blockages and flooding plus 1 more, 122 affected across 6 reports. water "
SLM-002815,train,IMMEDIATE,True,True,True,True,True,True,True,True,True,"IMMEDIATE - ZONE-4 Gaya (Bihar): rescue emergencies and road blockages plus 1 more, 148 affected across 6 reports. Send "
SLM-002816,train,URGENT,True,True,True,True,True,True,True,True,True,"URGENT: ZONE-2 Kochi, Kerala -- flooding and medical emergencies plus 2 more. 7 reports, 161 affected. Dispatch water pu"
SLM-002817,validation,URGENT,True,True,True,True,True,True,True,True,True,"URGENT: ZONE-1 Muzaffarpur, Bihar -- flooding and road blockages plus 1 more. 7 reports, 134 affected. rescue rope and l"
SLM-002818,train,ELEVATED,True,True,True,True,True,True,True,True,True,"ELEVATED: ZONE-3 Guwahati, Assam -- flooding and road blockages plus 1 more. 6 reports, 40 affected. Dispatch NDRF flood"
SLM-002819,validation,ELEVATED,True,True,True,True,True,True,True,True,True,"ELEVATED - ZONE-4 Kottayam (Kerala): flooding and rescue emergencies, 64 affected across 6 reports. Deploy water pump an"
SLM-002820,train,ROUTINE,True,True,True,True,True,True,True,True,True,"ROUTINE: flooding and rescue emergencies plus 2 more, ZONE-4 Mangaluru, Karnataka. 5 reports, 16 affected. Deploy road c"
SLM-002821,train,URGENT,True,True,True,True,True,True,True,True,True,"URGENT: rescue emergencies and medical emergencies plus 1 more, ZONE-1 Rajkot, Gujarat. 5 reports, 113 affected. Deploy "
SLM-002822,train,ELEVATED,True,True,True,True,True,True,True,True,True,"ELEVATED: road blockages and medical emergencies plus 1 more, ZONE-3 Balasore, Odisha. 6 reports, 65 affected. Dispatch "
SLM-002823,test,URGENT,True,True,True,True,True,True,True,True,True,"URGENT: ZONE-3 Lucknow, Uttar Pradesh -- flooding and road blockages. 5 reports, 79 affected. water pump and relief supp"
SLM-002824,train,URGENT,True,True,True,True,True,True,True,True,True,"URGENT: flooding and rescue emergencies, ZONE-5 Muzaffarpur, Bihar. 6 reports, 153 affected. Dispatch water pump and amb"
SLM-002825,train,URGENT,True,True,True,True,True,True,True,True,True,"URGENT - ZONE-2 Mangaluru (Karnataka): flooding and rescue emergencies, 65 affected across 5 reports. Send NDRF flood re"
SLM-002826,train,IMMEDIATE,True,True,True,True,True,True,True,True,True,"IMMEDIATE. flooding and rescue emergencies in ZONE-2 Patna, Bihar; 73 affected, 5 reports. Deploy sandbags and drainage "
SLM-002827,train,IMMEDIATE,True,True,True,True,True,True,True,True,True,"IMMEDIATE: ZONE-1 Darjeeling, West Bengal -- medical emergencies and rescue emergencies plus 1 more. 6 reports, 138 affe"
SLM-002828,train,ELEVATED,True,True,True,True,True,True,True,True,True,"ELEVATED: rescue emergencies and medical emergencies plus 2 more, ZONE-3 Bharuch, Gujarat. 6 reports, 55 affected. Deplo"
SLM-002829,train,ELEVATED,True,True,True,True,True,True,True,True,True,"ELEVATED - ZONE-4 Kodagu (Karnataka): flooding and rescue emergencies, 51 affected across 5 reports. Dispatch NDRF flood"
SLM-002830,test,URGENT,True,True,True,True,True,True,True,True,True,"URGENT - ZONE-4 Puri (Odisha): flooding and rescue emergencies plus 1 more, 82 affected across 6 reports. Deploy sandbag"
SLM-002831,train,ELEVATED,True,True,True,True,True,True,True,True,True,"ELEVATED: flooding and rescue emergencies, ZONE-3 Murshidabad, West Bengal. 6 reports, 41 affected. Send relief supplies"
SLM-002832,train,URGENT,True,True,True,True,True,True,True,True,True,"URGENT: rescue emergencies and medical emergencies plus 2 more, ZONE-4 Kottayam, Kerala. 6 reports, 77 affected. Deploy "
SLM-002833,train,ELEVATED,True,True,True,True,True,True,True,True,True,"ELEVATED - ZONE-2 Malda (West Bengal): flooding and road blockages plus 1 more, 52 affected across 6 reports. Send NDRF "
SLM-002834,test,URGENT,True,True,True,True,True,True,True,True,True,"URGENT. medical emergencies and flooding plus 1 more in ZONE-2 Jorhat, Assam; 109 affected, 5 reports. Dispatch ambulanc"
SLM-002835,validation,ELEVATED,True,True,True,True,True,True,True,True,True,"ELEVATED: ZONE-4 Bengaluru, Karnataka -- rescue emergencies and medical emergencies plus 2 more. 7 reports, 53 affected."
SLM-002836,train,URGENT,True,True,True,True,True,True,True,True,True,"URGENT - ZONE-5 Varanasi (Uttar Pradesh): flooding and rescue emergencies plus 1 more, 48 affected across 5 reports. rel"
SLM-002837,train,ELEVATED,True,True,True,True,True,True,True,True,True,"ELEVATED: ZONE-1 Kendrapara, Odisha -- rescue emergencies and medical emergencies plus 1 more. 6 reports, 63 affected. S"
SLM-002838,test,URGENT,True,True,True,True,True,True,True,True,True,"URGENT: flooding and rescue emergencies plus 1 more, ZONE-1 Nagpur, Maharashtra. 8 reports, 241 affected. Send relief su"
SLM-002839,validation,URGENT,True,True,True,True,True,True,True,True,True,"URGENT: ZONE-4 Kochi, Kerala -- medical emergencies and flooding plus 1 more. 5 reports, 83 affected. Send emergency med"
SLM-002840,train,IMMEDIATE,True,True,True,True,True,True,True,True,True,"IMMEDIATE: flooding and medical emergencies plus 1 more, ZONE-2 Nagpur, Maharashtra. 7 reports, 163 affected. Deploy par"
SLM-002841,train,IMMEDIATE,True,True,True,True,True,True,True,True,True,"IMMEDIATE: flooding, ZONE-2 Darjeeling, West Bengal. 5 reports, 163 affected. Dispatch relief supplies and rescue boat p"
SLM-002842,train,URGENT,True,True,True,True,True,True,True,True,True,"URGENT. rescue emergencies and flooding plus 1 more in ZONE-1 Nashik, Maharashtra; 92 affected, 5 reports. Send NDRF res"
SLM-002843,train,URGENT,True,True,True,True,True,True,True,True,True,"URGENT. rescue emergencies and road blockages plus 1 more in ZONE-2 Bengaluru, Karnataka; 86 affected, 6 reports. Deploy"
SLM-002844,test,ELEVATED,True,True,True,True,True,True,True,True,True,"ELEVATED. road blockages and rescue emergencies plus 1 more in ZONE-1 Bengaluru, Karnataka; 60 affected, 6 reports. reli"
SLM-002845,test,URGENT,True,True,True,True,True,True,True,True,True,"URGENT: ZONE-3 Thrissur, Kerala -- flooding and rescue emergencies. 5 reports, 45 affected. Deploy relief supplies and r"
SLM-002846,train,IMMEDIATE,True,True,True,True,True,True,True,True,True,"IMMEDIATE: flooding and rescue emergencies plus 1 more, ZONE-4 Lucknow, Uttar Pradesh. 6 reports, 212 affected. Send amb"
SLM-002847,test,ROUTINE,True,True,True,True,True,True,True,True,True,"ROUTINE: ZONE-2 Murshidabad, West Bengal -- road blockages and flooding plus 1 more. 6 reports, 23 affected. road cleara"
SLM-002848,test,IMMEDIATE,True,True,True,True,True,True,True,True,True,"IMMEDIATE: road blockages and medical emergencies plus 1 more, ZONE-1 Mumbai, Maharashtra. 5 reports, 252 affected. Disp"
SLM-002849,validation,ELEVATED,True,True,True,True,True,True,True,True,True,"ELEVATED: rescue emergencies and road blockages plus 2 more, ZONE-1 Chennai, Tamil Nadu. 8 reports, 68 affected. Dispatc"
SLM-002850,train,ELEVATED,True,True,True,True,True,True,True,True,True,"ELEVATED: ZONE-5 Pune, Maharashtra -- road blockages and rescue emergencies plus 1 more. 6 reports, 51 affected. NDRF re"
SLM-002851,train,ELEVATED,True,True,True,True,True,True,True,True,True,"ELEVATED. road blockages and flooding plus 2 more in ZONE-4 Alappuzha, Kerala; 48 affected, 5 reports. tow truck and tra"
SLM-002852,train,URGENT,True,True,True,True,True,True,True,True,True,"URGENT. flooding and road blockages plus 2 more in ZONE-5 Gaya, Bihar; 105 affected, 8 reports. Send traffic police team"
SLM-002853,train,URGENT,True,True,True,True,True,True,True,True,True,"URGENT: ZONE-4 Udupi, Karnataka -- flooding and rescue emergencies. 12 reports, 311 affected. Dispatch NDRF rescue team "
SLM-002854,train,ELEVATED,True,True,True,True,True,True,True,True,True,"ELEVATED. flooding and rescue emergencies in ZONE-2 Kolkata, West Bengal; 41 affected, 7 reports. Dispatch water pump an"
SLM-002855,test,IMMEDIATE,True,True,True,True,True,True,True,True,True,"IMMEDIATE: ZONE-3 Bhubaneswar, Odisha -- rescue emergencies and flooding plus 1 more. 8 reports, 218 affected. Send ambu"
SLM-002856,validation,ELEVATED,True,True,True,True,True,True,True,True,True,"ELEVATED: ZONE-3 Varanasi, Uttar Pradesh -- medical emergencies and flooding plus 1 more. 6 reports, 47 affected. Deploy"
SLM-002857,train,ELEVATED,True,True,True,True,True,True,True,True,True,"ELEVATED. flooding and rescue emergencies plus 1 more in ZONE-2 Mumbai, Maharashtra; 58 affected, 7 reports. NDRF flood "
SLM-002858,test,URGENT,True,True,True,True,True,True,True,True,True,"URGENT. flooding and rescue emergencies plus 2 more in ZONE-2 Kanpur, Uttar Pradesh; 112 affected, 7 reports. Send rescu"
SLM-002859,train,URGENT,True,True,True,True,True,True,True,True,True,"URGENT - ZONE-3 Ahmedabad (Gujarat): flooding and rescue emergencies, 100 affected across 6 reports. Deploy water pump a"
SLM-002860,train,IMMEDIATE,True,True,True,True,True,True,True,True,True,"IMMEDIATE - ZONE-3 Gaya (Bihar): flooding and road blockages plus 1 more, 192 affected across 7 reports. Dispatch water "
SLM-002861,test,IMMEDIATE,True,True,True,True,True,True,True,True,True,"IMMEDIATE - ZONE-5 Mumbai (Maharashtra): rescue emergencies and road blockages plus 1 more, 222 affected across 5 report"
SLM-002862,validation,ROUTINE,True,True,True,True,True,True,True,True,True,"ROUTINE: ZONE-2 Madurai, Tamil Nadu -- flooding and rescue emergencies plus 1 more. 6 reports, 13 affected. Deploy rescu"
SLM-002863,train,IMMEDIATE,True,True,True,True,True,True,True,True,True,"IMMEDIATE: rescue emergencies and road blockages plus 1 more, ZONE-1 Kodagu, Karnataka. 5 reports, 109 affected. Deploy "
SLM-002864,train,IMMEDIATE,True,True,True,True,True,True,True,True,True,"IMMEDIATE: flooding and rescue emergencies plus 1 more, ZONE-4 Lucknow, Uttar Pradesh. 5 reports, 52 affected. Deploy re"
SLM-002865,train,IMMEDIATE,True,True,True,True,True,True,True,True,True,"IMMEDIATE - ZONE-1 Gaya (Bihar): flooding and rescue emergencies, 145 affected across 5 reports. water pump and fire and"
SLM-002866,test,ELEVATED,True,True,True,True,True,True,True,True,True,"ELEVATED. flooding and medical emergencies plus 1 more in ZONE-3 Bharuch, Gujarat; 61 affected, 7 reports. Send rescue b"
SLM-002867,test,ELEVATED,True,True,True,True,True,True,True,True,True,"ELEVATED. rescue emergencies and flooding plus 1 more in ZONE-1 Guwahati, Assam; 44 affected, 5 reports. Dispatch NDRF r"
SLM-002868,train,URGENT,True,True,True,True,True,True,True,True,True,"URGENT: ZONE-2 Jorhat, Assam -- flooding and medical emergencies plus 2 more. 5 reports, 55 affected. Send ambulance and"
SLM-002869,train,IMMEDIATE,True,True,True,True,True,True,True,True,True,"IMMEDIATE. flooding and rescue emergencies plus 1 more in ZONE-5 Mysuru, Karnataka; 131 affected, 5 reports. Send life j"
SLM-002870,train,URGENT,True,True,True,True,True,True,True,True,True,"URGENT: flooding and rescue emergencies, ZONE-4 Pune, Maharashtra. 5 reports, 57 affected. sandbags and rescue boat plus"
SLM-002871,test,URGENT,True,True,True,True,True,True,True,True,True,"URGENT: ZONE-3 Kolhapur, Maharashtra -- flooding and rescue emergencies. 5 reports, 47 affected. NDRF flood rescue team "
SLM-002872,train,ELEVATED,True,True,True,True,True,True,True,True,True,"ELEVATED - ZONE-1 Kottayam (Kerala): medical emergencies and flooding plus 1 more, 50 affected across 7 reports. Deploy "
SLM-002873,train,ELEVATED,True,True,True,True,True,True,True,True,True,"ELEVATED: flooding and rescue emergencies, ZONE-4 Mysuru, Karnataka. 8 reports, 48 affected. Send road clearance team an"
SLM-002874,train,ELEVATED,True,True,True,True,True,True,True,True,True,"ELEVATED: rescue emergencies and road blockages plus 1 more, ZONE-3 Gaya, Bihar. 7 reports, 59 affected. Dispatch water "
SLM-002875,train,ELEVATED,True,True,True,True,True,True,True,True,True,"ELEVATED: ZONE-4 Chennai, Tamil Nadu -- rescue emergencies and road blockages plus 2 more. 9 reports, 47 affected. Dispa"
SLM-002876,train,ROUTINE,True,True,True,True,True,True,True,True,True,"ROUTINE: road blockages and flooding plus 1 more, ZONE-4 Darjeeling, West Bengal. 5 reports, 12 affected. rescue rope an"
SLM-002877,train,URGENT,True,True,True,True,True,True,True,True,True,"URGENT: road blockages and flooding, ZONE-1 Nashik, Maharashtra. 6 reports, 97 affected. Deploy relief supplies and road"
SLM-002878,train,URGENT,True,True,True,True,True,True,True,True,True,"URGENT: rescue emergencies and flooding plus 1 more, ZONE-5 Kanpur, Uttar Pradesh. 5 reports, 82 affected. NDRF rescue t"
SLM-002879,train,ROUTINE,True,True,True,True,True,True,True,True,True,"ROUTINE: flooding and road blockages plus 1 more, ZONE-4 Balasore, Odisha. 5 reports, 17 affected. Deploy earthmover (JC"
SLM-002880,train,IMMEDIATE,True,True,True,True,True,True,True,True,True,"IMMEDIATE: ZONE-3 Kozhikode, Kerala -- medical emergencies and rescue emergencies plus 1 more. 5 reports, 266 affected. "
SLM-002881,test,URGENT,True,True,True,True,True,True,True,True,True,"URGENT. rescue emergencies and medical emergencies plus 1 more in ZONE-2 Coimbatore, Tamil Nadu; 127 affected, 5 reports"
SLM-002882,train,URGENT,True,True,True,True,True,True,True,True,True,"URGENT. flooding and medical emergencies plus 1 more in ZONE-5 Bengaluru, Karnataka; 117 affected, 5 reports. Dispatch f"
SLM-002883,train,ROUTINE,True,True,True,True,True,True,True,True,True,"ROUTINE. flooding and rescue emergencies plus 1 more in ZONE-4 Prayagraj, Uttar Pradesh; 13 affected, 5 reports. ambulan"
SLM-002884,train,ELEVATED,True,True,True,True,True,True,True,True,True,"ELEVATED: ZONE-1 Ahmedabad, Gujarat -- flooding and road blockages. 7 reports, 52 affected. Send road clearance team and"
SLM-002885,validation,URGENT,True,True,True,True,True,True,True,True,True,"URGENT: flooding and medical emergencies plus 1 more, ZONE-3 Tiruppur, Tamil Nadu. 5 reports, 62 affected. Send water pu"
SLM-002886,train,ELEVATED,True,True,True,True,True,True,True,True,True,"ELEVATED: ZONE-5 Surat, Gujarat -- rescue emergencies and flooding. 7 reports, 73 affected. Dispatch water pump and resc"
SLM-002887,train,URGENT,True,True,True,True,True,True,True,True,True,"URGENT: flooding and rescue emergencies plus 1 more, ZONE-3 Dibrugarh, Assam. 5 reports, 93 affected. Dispatch road clea"
SLM-002888,train,IMMEDIATE,True,True,True,True,True,True,True,True,True,"IMMEDIATE: ZONE-2 Coimbatore, Tamil Nadu -- rescue emergencies and road blockages plus 1 more. 5 reports, 112 affected. "
SLM-002889,test,IMMEDIATE,True,True,True,True,True,True,True,True,True,"IMMEDIATE: medical emergencies and flooding, ZONE-1 Tiruppur, Tamil Nadu. 5 reports, 155 affected. Send medical first-ai"
SLM-002890,train,URGENT,True,True,True,True,True,True,True,True,True,"URGENT. flooding and road blockages in ZONE-4 Bharuch, Gujarat; 121 affected, 5 reports. Send sandbags and water pump pl"
SLM-002891,validation,URGENT,True,True,True,True,True,True,True,True,True,"URGENT: ZONE-3 Coimbatore, Tamil Nadu -- road blockages and flooding. 5 reports, 99 affected. Deploy traffic police team"
SLM-002892,validation,ELEVATED,True,True,True,True,True,True,True,True,True,"ELEVATED: flooding and rescue emergencies, ZONE-4 Rajkot, Gujarat. 6 reports, 46 affected. Send rescue boat and life jac"
SLM-002893,test,URGENT,True,True,True,True,True,True,True,True,True,"URGENT: flooding and rescue emergencies plus 1 more, ZONE-4 Cuttack, Odisha. 7 reports, 195 affected. Deploy rescue boat"
SLM-002894,train,URGENT,True,True,True,True,True,True,True,True,True,"URGENT: flooding and rescue emergencies plus 1 more, ZONE-5 Mangaluru, Karnataka. 6 reports, 40 affected. Send drainage "
SLM-002895,train,ELEVATED,True,True,True,True,True,True,True,True,True,"ELEVATED. medical emergencies and road blockages plus 2 more in ZONE-5 Kochi, Kerala; 52 affected, 5 reports. ambulance "
SLM-002896,train,IMMEDIATE,True,True,True,True,True,True,True,True,True,"IMMEDIATE: ZONE-2 Dhemaji, Assam -- road blockages and flooding plus 1 more. 5 reports, 111 affected. Deploy road cleara"
SLM-002897,test,IMMEDIATE,True,True,True,True,True,True,True,True,True,"IMMEDIATE. flooding in ZONE-4 Kolkata, West Bengal; 188 affected, 6 reports. Send road clearance team and NDRF flood res"
SLM-002898,train,IMMEDIATE,True,True,True,True,True,True,True,True,True,"IMMEDIATE: ZONE-5 Nagpur, Maharashtra -- flooding and medical emergencies plus 1 more. 5 reports, 97 affected. Deploy re"
SLM-002899,train,URGENT,True,True,True,True,True,True,True,True,True,"URGENT - ZONE-5 Prayagraj (Uttar Pradesh): flooding, 101 affected across 5 reports. Deploy water pump and life jackets p"
SLM-002900,train,IMMEDIATE,True,True,True,True,True,True,True,True,True,"IMMEDIATE: ZONE-5 Ahmedabad, Gujarat -- rescue emergencies and flooding plus 2 more. 10 reports, 236 affected. Deploy re"
SLM-002901,train,URGENT,True,True,True,True,True,True,True,True,True,"URGENT - ZONE-5 Mumbai (Maharashtra): rescue emergencies and flooding, 65 affected across 5 reports. Send fire and rescu"
SLM-002902,train,IMMEDIATE,True,True,True,True,True,True,True,True,True,"IMMEDIATE: ZONE-2 Pune, Maharashtra -- flooding and rescue emergencies. 5 reports, 87 affected. Deploy fire and rescue u"
SLM-002903,train,ROUTINE,True,True,True,True,True,True,True,True,True,"ROUTINE: flooding and road blockages plus 1 more, ZONE-4 Bengaluru, Karnataka. 5 reports, 21 affected. Send drainage tea"
SLM-002904,validation,IMMEDIATE,True,True,True,True,True,True,True,True,True,"IMMEDIATE: ZONE-5 Thanjavur, Tamil Nadu -- flooding and medical emergencies plus 1 more. 5 reports, 128 affected. Dispat"
SLM-002905,train,IMMEDIATE,True,True,True,True,True,True,True,True,True,"IMMEDIATE: medical emergencies and road blockages plus 1 more, ZONE-1 Kozhikode, Kerala. 5 reports, 113 affected. Dispat"
SLM-002906,train,URGENT,True,True,True,True,True,True,True,True,True,"URGENT. flooding and rescue emergencies in ZONE-3 Dhemaji, Assam; 79 affected, 5 reports. Send relief supplies and water"
SLM-002907,test,URGENT,True,True,True,True,True,True,True,True,True,"URGENT - ZONE-5 Cuttack (Odisha): medical emergencies and flooding, 73 affected across 5 reports. Deploy medical first-a"
SLM-002908,train,IMMEDIATE,True,True,True,True,True,True,True,True,True,"IMMEDIATE: ZONE-5 Guwahati, Assam -- flooding and rescue emergencies plus 1 more. 5 reports, 216 affected. Send ambulanc"
SLM-002909,train,ELEVATED,True,True,True,True,True,True,True,True,True,"ELEVATED: flooding, ZONE-5 Darbhanga, Bihar. 5 reports, 32 affected. Send drainage team and NDRF flood rescue team plus "
SLM-002910,test,ELEVATED,True,True,True,True,True,True,True,True,True,"ELEVATED - ZONE-1 Gorakhpur (Uttar Pradesh): flooding and medical emergencies plus 1 more, 48 affected across 6 reports."
SLM-002911,validation,IMMEDIATE,True,True,True,True,True,True,True,True,True,"IMMEDIATE. rescue emergencies and flooding in ZONE-4 Rajkot, Gujarat; 185 affected, 5 reports. water pump and fire and r"
SLM-002912,train,URGENT,True,True,True,True,True,True,True,True,True,"URGENT. flooding and medical emergencies in ZONE-3 Madurai, Tamil Nadu; 55 affected, 5 reports. Send water pump and resc"
SLM-002913,train,IMMEDIATE,True,True,True,True,True,True,True,True,True,"IMMEDIATE: ZONE-1 Alappuzha, Kerala -- medical emergencies and rescue emergencies plus 1 more. 5 reports, 88 affected. D"
SLM-002914,train,ELEVATED,True,True,True,True,True,True,True,True,True,"ELEVATED - ZONE-5 Surat (Gujarat): flooding and medical emergencies, 39 affected across 5 reports. ambulance and rescue "
SLM-002915,train,ELEVATED,True,True,True,True,True,True,True,True,True,"ELEVATED: flooding and rescue emergencies plus 1 more, ZONE-4 Mumbai, Maharashtra. 5 reports, 57 affected. Send sandbags"
SLM-002916,validation,ROUTINE,True,True,True,True,True,True,True,True,True,"ROUTINE. flooding and medical emergencies plus 1 more in ZONE-3 Dibrugarh, Assam; 16 affected, 5 reports. Send sandbags "
SLM-002917,test,ROUTINE,True,True,True,True,True,True,True,True,True,"ROUTINE. flooding and road blockages plus 1 more in ZONE-1 Kendrapara, Odisha; 17 affected, 5 reports. Deploy water pump"
SLM-002918,train,ELEVATED,True,True,True,True,True,True,True,True,True,"ELEVATED: ZONE-1 Cuttack, Odisha -- rescue emergencies and flooding plus 1 more. 6 reports, 45 affected. Deploy ambulanc"
SLM-002919,train,IMMEDIATE,True,True,True,True,True,True,True,True,True,"IMMEDIATE: ZONE-3 Kanpur, Uttar Pradesh -- medical emergencies and road blockages plus 1 more. 6 reports, 147 affected. "
SLM-002920,train,ELEVATED,True,True,True,True,True,True,True,True,True,"ELEVATED: rescue emergencies and flooding, ZONE-1 Surat, Gujarat. 5 reports, 37 affected. Deploy water pump and fire and"
SLM-002921,train,URGENT,True,True,True,True,True,True,True,True,True,"URGENT. flooding in ZONE-1 Kochi, Kerala; 85 affected, 6 reports. Send water pump and life jackets plus 1 more to low-ly"
SLM-002922,test,ELEVATED,True,True,True,True,True,True,True,True,True,"ELEVATED - ZONE-2 Ahmedabad (Gujarat): flooding and rescue emergencies, 42 affected across 5 reports. rescue rope and la"
SLM-002923,train,ELEVATED,True,True,True,True,True,True,True,True,True,"ELEVATED: rescue emergencies and medical emergencies plus 1 more, ZONE-5 Kanpur, Uttar Pradesh. 7 reports, 66 affected. "
SLM-002924,train,ELEVATED,True,True,True,True,True,True,True,True,True,"ELEVATED - ZONE-4 Kanpur (Uttar Pradesh): rescue emergencies and medical emergencies plus 1 more, 36 affected across 5 r"
SLM-002925,test,IMMEDIATE,True,True,True,True,True,True,True,True,True,"IMMEDIATE. flooding and rescue emergencies in ZONE-5 Surat, Gujarat; 133 affected, 6 reports. Dispatch relief supplies a"
SLM-002926,train,IMMEDIATE,True,True,True,True,True,True,True,True,True,"IMMEDIATE: flooding and rescue emergencies, ZONE-4 Udupi, Karnataka. 5 reports, 62 affected. water pump and sandbags plu"
SLM-002927,train,IMMEDIATE,True,True,True,True,True,True,True,True,True,"IMMEDIATE: ZONE-4 Bhagalpur, Bihar -- flooding and medical emergencies plus 1 more. 9 reports, 146 affected. Deploy resc"
SLM-002928,test,URGENT,True,True,True,True,True,True,True,True,True,"URGENT: medical emergencies and flooding plus 2 more, ZONE-3 Gorakhpur, Uttar Pradesh. 5 reports, 101 affected. emergenc"
SLM-002929,train,IMMEDIATE,True,True,True,True,True,True,True,True,True,"IMMEDIATE - ZONE-3 Gorakhpur (Uttar Pradesh): rescue emergencies and flooding plus 1 more, 103 affected across 5 reports"
SLM-002930,train,ELEVATED,True,True,True,True,True,True,True,True,True,"ELEVATED: ZONE-2 Bengaluru, Karnataka -- medical emergencies and flooding. 6 reports, 53 affected. Deploy rescue boat an"
SLM-002931,train,ELEVATED,True,True,True,True,True,True,True,True,True,"ELEVATED: flooding and road blockages, ZONE-3 Madurai, Tamil Nadu. 6 reports, 43 affected. Deploy life jackets and road "
SLM-002932,train,URGENT,True,True,True,True,True,True,True,True,True,"URGENT. flooding and rescue emergencies in ZONE-3 Ahmedabad, Gujarat; 137 affected, 6 reports. Deploy sandbags and relie"
SLM-002933,test,URGENT,True,True,True,True,True,True,True,True,True,"URGENT - ZONE-3 Bhagalpur (Bihar): medical emergencies and road blockages plus 2 more, 206 affected across 7 reports. Di"
SLM-002934,train,URGENT,True,True,True,True,True,True,True,True,True,"URGENT: ZONE-4 Pune, Maharashtra -- rescue emergencies and medical emergencies plus 2 more. 9 reports, 172 affected. tow"
SLM-002935,train,URGENT,True,True,True,True,True,True,True,True,True,"URGENT: ZONE-1 Mangaluru, Karnataka -- flooding and road blockages. 5 reports, 99 affected. Send NDRF flood rescue team "
SLM-002936,train,IMMEDIATE,True,True,True,True,True,True,True,True,True,"IMMEDIATE - ZONE-3 Lucknow (Uttar Pradesh): flooding and rescue emergencies, 133 affected across 5 reports. Deploy life "
SLM-002937,train,ELEVATED,True,True,True,True,True,True,True,True,True,"ELEVATED: ZONE-4 Mumbai, Maharashtra -- medical emergencies and rescue emergencies plus 2 more. 6 reports, 40 affected. "
SLM-002938,train,IMMEDIATE,True,True,True,True,True,True,True,True,True,"IMMEDIATE - ZONE-4 Mumbai (Maharashtra): flooding, 103 affected across 5 reports. water pump and drainage team plus 1 mo"
SLM-002939,train,IMMEDIATE,True,True,True,True,True,True,True,True,True,"IMMEDIATE: ZONE-5 Chennai, Tamil Nadu -- flooding and rescue emergencies. 6 reports, 230 affected. Deploy water pump and"
SLM-002940,train,ELEVATED,True,True,True,True,True,True,True,True,True,"ELEVATED - ZONE-3 Guwahati (Assam): flooding and rescue emergencies, 48 affected across 5 reports. NDRF rescue team and "
SLM-002941,train,IMMEDIATE,True,True,True,True,True,True,True,True,True,"IMMEDIATE: ZONE-4 Tiruppur, Tamil Nadu -- flooding. 5 reports, 108 affected. Dispatch water pump and road clearance team"
SLM-002942,train,ELEVATED,True,True,True,True,True,True,True,True,True,"ELEVATED. flooding and rescue emergencies in ZONE-1 Lucknow, Uttar Pradesh; 47 affected, 5 reports. Send relief supplies"
SLM-002943,train,URGENT,True,True,True,True,True,True,True,True,True,"URGENT: ZONE-5 Nashik, Maharashtra -- rescue emergencies and medical emergencies plus 1 more. 6 reports, 136 affected. D"
SLM-002944,validation,ROUTINE,True,True,True,True,True,True,True,True,True,"ROUTINE: ZONE-2 Madurai, Tamil Nadu -- medical emergencies and road blockages plus 2 more. 6 reports, 25 affected. Deplo"
SLM-002945,train,IMMEDIATE,True,True,True,True,True,True,True,True,True,"IMMEDIATE. rescue emergencies and flooding in ZONE-5 Dibrugarh, Assam; 69 affected, 5 reports. Send water pump and fire "
SLM-002946,train,ELEVATED,True,True,True,True,True,True,True,True,True,"ELEVATED - ZONE-4 Malda (West Bengal): flooding and rescue emergencies, 41 affected across 5 reports. NDRF flood rescue "
SLM-002947,train,URGENT,True,True,True,True,True,True,True,True,True,"URGENT: ZONE-2 Barpeta, Assam -- rescue emergencies and flooding plus 1 more. 7 reports, 117 affected. ambulance and fir"
SLM-002948,test,ROUTINE,True,True,True,True,True,True,True,True,True,"ROUTINE. flooding and road blockages plus 1 more in ZONE-2 Bhagalpur, Bihar; 20 affected, 5 reports. Send relief supplie"
SLM-002949,test,ROUTINE,True,True,True,True,True,True,True,True,True,"ROUTINE: ZONE-3 Bhubaneswar, Odisha -- flooding and rescue emergencies. 5 reports, 13 affected. Deploy drainage team and"
SLM-002950,train,IMMEDIATE,True,True,True,True,True,True,True,True,True,"IMMEDIATE: flooding and rescue emergencies, ZONE-4 Coimbatore, Tamil Nadu. 5 reports, 150 affected. Deploy rescue rope a"
SLM-002951,train,IMMEDIATE,True,True,True,True,True,True,True,True,True,"IMMEDIATE - ZONE-3 Kozhikode (Kerala): flooding and rescue emergencies plus 2 more, 101 affected across 5 reports. Deplo"
SLM-002952,test,ELEVATED,True,True,True,True,True,True,True,True,True,"ELEVATED. road blockages and flooding plus 1 more in ZONE-3 Udupi, Karnataka; 41 affected, 5 reports. Send rescue rope a"
SLM-002953,train,IMMEDIATE,True,True,True,True,True,True,True,True,True,"IMMEDIATE: ZONE-3 Guwahati, Assam -- rescue emergencies and flooding plus 1 more. 5 reports, 199 affected. Dispatch NDRF"
SLM-002954,train,IMMEDIATE,True,True,True,True,True,True,True,True,True,"IMMEDIATE. flooding in ZONE-1 Udupi, Karnataka; 188 affected, 5 reports. Dispatch water pump and life jackets plus 1 mor"
SLM-002955,train,ELEVATED,True,True,True,True,True,True,True,True,True,"ELEVATED: ZONE-4 Muzaffarpur, Bihar -- flooding and road blockages. 5 reports, 44 affected. Send sandbags and road clear"
SLM-002956,validation,URGENT,True,True,True,True,True,True,True,True,True,"URGENT - ZONE-3 Madurai (Tamil Nadu): rescue emergencies and flooding plus 1 more, 221 affected across 8 reports. Send N"
SLM-002957,train,ROUTINE,True,True,True,True,True,True,True,True,True,"ROUTINE: rescue emergencies and flooding, ZONE-5 Nagpur, Maharashtra. 5 reports, 22 affected. Send road clearance team a"
SLM-002958,test,ELEVATED,True,True,True,True,True,True,True,True,True,"ELEVATED: flooding and rescue emergencies, ZONE-5 Cuttack, Odisha. 7 reports, 55 affected. Dispatch water pump and NDRF "
SLM-002959,test,IMMEDIATE,True,True,True,True,True,True,True,True,True,"IMMEDIATE. flooding and rescue emergencies plus 1 more in ZONE-2 Thrissur, Kerala; 139 affected, 5 reports. Dispatch lif"
SLM-002960,train,ELEVATED,True,True,True,True,True,True,True,True,True,"ELEVATED - ZONE-3 Alappuzha (Kerala): medical emergencies and rescue emergencies plus 2 more, 38 affected across 5 repor"
SLM-002961,train,ELEVATED,True,True,True,True,True,True,True,True,True,"ELEVATED - ZONE-5 Patna (Bihar): rescue emergencies and flooding plus 1 more, 49 affected across 6 reports. NDRF rescue "
SLM-002962,train,ELEVATED,True,True,True,True,True,True,True,True,True,"ELEVATED. flooding and road blockages plus 1 more in ZONE-2 Bhagalpur, Bihar; 66 affected, 7 reports. NDRF flood rescue "
SLM-002963,train,IMMEDIATE,True,True,True,True,True,True,True,True,True,"IMMEDIATE: ZONE-4 Gorakhpur, Uttar Pradesh -- rescue emergencies and medical emergencies plus 2 more. 6 reports, 143 aff"
SLM-002964,validation,ELEVATED,True,True,True,True,True,True,True,True,True,"ELEVATED: ZONE-5 Coimbatore, Tamil Nadu -- flooding and rescue emergencies. 5 reports, 37 affected. relief supplies and "
SLM-002965,validation,URGENT,True,True,True,True,True,True,True,True,True,"URGENT - ZONE-3 Chennai (Tamil Nadu): flooding and rescue emergencies, 69 affected across 5 reports. Dispatch NDRF flood"
SLM-002966,train,IMMEDIATE,True,True,True,True,True,True,True,True,True,"IMMEDIATE. flooding and rescue emergencies plus 1 more in ZONE-1 Udupi, Karnataka; 213 affected, 5 reports. Dispatch wat"
SLM-002967,train,ELEVATED,True,True,True,True,True,True,True,True,True,"ELEVATED: ZONE-1 Madurai, Tamil Nadu -- road blockages and medical emergencies plus 2 more. 7 reports, 63 affected. ambu"
SLM-002968,test,IMMEDIATE,True,True,True,True,True,True,True,True,True,"IMMEDIATE. rescue emergencies and road blockages plus 1 more in ZONE-5 Rajkot, Gujarat; 211 affected, 7 reports. relief "
SLM-002969,train,ELEVATED,True,True,True,True,True,True,True,True,True,"ELEVATED. flooding and rescue emergencies in ZONE-4 Patna, Bihar; 24 affected, 5 reports. rescue boat and life jackets p"
SLM-002970,train,ELEVATED,True,True,True,True,True,True,True,True,True,"ELEVATED: ZONE-4 Mangaluru, Karnataka -- medical emergencies and flooding plus 1 more. 5 reports, 34 affected. Dispatch "
SLM-002971,train,ROUTINE,True,True,True,True,True,True,True,True,True,"ROUTINE: ZONE-2 Dhemaji, Assam -- road blockages and flooding plus 2 more. 6 reports, 14 affected. Send ambulance and to"
SLM-002972,train,URGENT,True,True,True,True,True,True,True,True,True,"URGENT. rescue emergencies and flooding plus 1 more in ZONE-4 Puri, Odisha; 187 affected, 7 reports. Send fire and rescu"
SLM-002973,test,ELEVATED,True,True,True,True,True,True,True,True,True,"ELEVATED. flooding and rescue emergencies plus 1 more in ZONE-1 Darjeeling, West Bengal; 54 affected, 5 reports. rescue "
SLM-002974,validation,ELEVATED,True,True,True,True,True,True,True,True,True,"ELEVATED: rescue emergencies and flooding plus 1 more, ZONE-5 Thrissur, Kerala. 5 reports, 41 affected. Dispatch ambulan"
SLM-002975,validation,ELEVATED,True,True,True,True,True,True,True,True,True,"ELEVATED: ZONE-2 Gorakhpur, Uttar Pradesh -- rescue emergencies and road blockages plus 1 more. 5 reports, 52 affected. "
SLM-002976,test,ELEVATED,True,True,True,True,True,True,True,True,True,"ELEVATED: rescue emergencies and flooding plus 1 more, ZONE-2 Mysuru, Karnataka. 6 reports, 49 affected. rescue rope and"
SLM-002977,test,URGENT,True,True,True,True,True,True,True,True,True,"URGENT: ZONE-2 Muzaffarpur, Bihar -- rescue emergencies and flooding plus 1 more. 5 reports, 70 affected. Send ambulance"
SLM-002978,test,IMMEDIATE,True,True,True,True,True,True,True,True,True,"IMMEDIATE. flooding and medical emergencies plus 1 more in ZONE-4 Chennai, Tamil Nadu; 179 affected, 8 reports. Send dra"
SLM-002979,train,URGENT,True,True,True,True,True,True,True,True,True,"URGENT. flooding and rescue emergencies plus 2 more in ZONE-4 Udupi, Karnataka; 271 affected, 12 reports. Deploy ambulan"
SLM-002980,train,IMMEDIATE,True,True,True,True,True,True,True,True,True,"IMMEDIATE: ZONE-1 Kochi, Kerala -- flooding and medical emergencies plus 1 more. 7 reports, 185 affected. Deploy NDRF fl"
SLM-002981,test,IMMEDIATE,True,True,True,True,True,True,True,True,True,"IMMEDIATE: ZONE-4 Thanjavur, Tamil Nadu -- rescue emergencies and road blockages plus 1 more. 7 reports, 143 affected. S"
SLM-002982,train,URGENT,True,True,True,True,True,True,True,True,True,"URGENT: flooding and rescue emergencies, ZONE-2 Mangaluru, Karnataka. 7 reports, 84 affected. fire and rescue unit and N"
SLM-002983,train,URGENT,True,True,True,True,True,True,True,True,True,"URGENT: medical emergencies and flooding, ZONE-1 Kolkata, West Bengal. 5 reports, 112 affected. Dispatch ambulance and r"
SLM-002984,train,IMMEDIATE,True,True,True,True,True,True,True,True,True,"IMMEDIATE: flooding and rescue emergencies, ZONE-1 Kolkata, West Bengal. 6 reports, 146 affected. Deploy water pump and "
SLM-002985,test,URGENT,True,True,True,True,True,True,True,True,True,"URGENT: rescue emergencies and flooding, ZONE-5 Lucknow, Uttar Pradesh. 5 reports, 92 affected. Dispatch ambulance and r"
SLM-002986,test,ELEVATED,True,True,True,True,True,True,True,True,True,"ELEVATED: flooding and road blockages plus 1 more, ZONE-2 Nashik, Maharashtra. 8 reports, 79 affected. Send relief suppl"
SLM-002987,validation,URGENT,True,True,True,True,True,True,True,True,True,"URGENT: flooding and rescue emergencies, ZONE-2 Howrah, West Bengal. 6 reports, 144 affected. Deploy drainage team and s"
SLM-002988,test,IMMEDIATE,True,True,True,True,True,True,True,True,True,"IMMEDIATE: flooding and rescue emergencies, ZONE-3 Nagpur, Maharashtra. 5 reports, 120 affected. Dispatch water pump and"
SLM-002989,train,ELEVATED,True,True,True,True,True,True,True,True,True,"ELEVATED. rescue emergencies and flooding plus 1 more in ZONE-3 Thanjavur, Tamil Nadu; 43 affected, 7 reports. Dispatch "
SLM-002990,validation,URGENT,True,True,True,True,True,True,True,True,True,"URGENT - ZONE-1 Prayagraj (Uttar Pradesh): rescue emergencies and flooding plus 1 more, 127 affected across 5 reports. f"
SLM-002991,train,ELEVATED,True,True,True,True,True,True,True,True,True,"ELEVATED. rescue emergencies and medical emergencies plus 1 more in ZONE-3 Ahmedabad, Gujarat; 93 affected, 8 reports. D"
SLM-002992,test,URGENT,True,True,True,True,True,True,True,True,True,"URGENT - ZONE-4 Gorakhpur (Uttar Pradesh): road blockages and medical emergencies plus 2 more, 121 affected across 6 rep"
SLM-002993,train,IMMEDIATE,True,True,True,True,True,True,True,True,True,"IMMEDIATE. road blockages and rescue emergencies plus 2 more in ZONE-5 Thrissur, Kerala; 144 affected, 5 reports. road c"
SLM-002994,train,IMMEDIATE,True,True,True,True,True,True,True,True,True,"IMMEDIATE: ZONE-2 Kozhikode, Kerala -- rescue emergencies and flooding. 6 reports, 242 affected. fire and rescue unit an"
SLM-002995,test,ELEVATED,True,True,True,True,True,True,True,True,True,"ELEVATED: flooding and medical emergencies plus 2 more, ZONE-5 Rajkot, Gujarat. 6 reports, 51 affected. drainage team an"
SLM-002996,train,ELEVATED,True,True,True,True,True,True,True,True,True,"ELEVATED. flooding and medical emergencies plus 1 more in ZONE-1 Kolkata, West Bengal; 32 affected, 5 reports. Send para"
SLM-002997,train,ELEVATED,True,True,True,True,True,True,True,True,True,"ELEVATED: flooding and medical emergencies plus 1 more, ZONE-4 Prayagraj, Uttar Pradesh. 7 reports, 71 affected. water p"
SLM-002998,test,ELEVATED,True,True,True,True,True,True,True,True,True,"ELEVATED - ZONE-3 Varanasi (Uttar Pradesh): flooding and medical emergencies plus 1 more, 51 affected across 6 reports. "
SLM-002999,train,ROUTINE,True,True,True,True,True,True,True,True,True,"ROUTINE - ZONE-5 Murshidabad (West Bengal): rescue emergencies and medical emergencies, 17 affected across 5 reports. am"
SLM-003000,validation,URGENT,True,True,True,True,True,True,True,True,True,"URGENT. flooding and road blockages plus 2 more in ZONE-1 Gaya, Bihar; 122 affected, 5 reports. Deploy road clearance te"
SLM-003001,train,ELEVATED,True,True,True,True,True,True,True,True,True,"ELEVATED - ZONE-5 Ahmedabad (Gujarat): flooding and medical emergencies plus 1 more, 76 affected across 8 reports. Dispa"
SLM-003002,train,URGENT,True,True,True,True,True,True,True,True,True,"URGENT: ZONE-2 Dhemaji, Assam -- flooding and rescue emergencies plus 1 more. 5 reports, 93 affected. Send water pump an"
SLM-003003,train,URGENT,True,True,True,True,True,True,True,True,True,"URGENT - ZONE-2 Guwahati (Assam): road blockages and rescue emergencies plus 1 more, 106 affected across 6 reports. Depl"
SLM-003004,train,URGENT,True,True,True,True,True,True,True,True,True,"URGENT: ZONE-1 Mysuru, Karnataka -- flooding and medical emergencies. 5 reports, 134 affected. Send water pump and relie"
SLM-003005,train,ELEVATED,True,True,True,True,True,True,True,True,True,"ELEVATED - ZONE-5 Balasore (Odisha): medical emergencies and rescue emergencies plus 1 more, 45 affected across 6 report"
SLM-003006,train,IMMEDIATE,True,True,True,True,True,True,True,True,True,"IMMEDIATE: ZONE-4 Kodagu, Karnataka -- rescue emergencies and flooding plus 1 more. 8 reports, 185 affected. Deploy life"
SLM-003007,test,URGENT,True,True,True,True,True,True,True,True,True,"URGENT. rescue emergencies and flooding plus 2 more in ZONE-4 Bengaluru, Karnataka; 148 affected, 10 reports. life jacke"
SLM-003008,test,URGENT,True,True,True,True,True,True,True,True,True,"URGENT: ZONE-3 Darjeeling, West Bengal -- flooding and rescue emergencies plus 1 more. 9 reports, 203 affected. Send wat"
SLM-003009,train,ELEVATED,True,True,True,True,True,True,True,True,True,"ELEVATED. rescue emergencies and flooding plus 1 more in ZONE-2 Darjeeling, West Bengal; 38 affected, 7 reports. Dispatc"
SLM-003010,test,ELEVATED,True,True,True,True,True,True,True,True,True,"ELEVATED: ZONE-3 Kodagu, Karnataka -- rescue emergencies and flooding plus 1 more. 5 reports, 28 affected. Send rescue b"
SLM-003011,train,ROUTINE,True,True,True,True,True,True,True,True,True,"ROUTINE - ZONE-4 Bhubaneswar (Odisha): flooding and road blockages plus 1 more, 23 affected across 6 reports. Dispatch r"
SLM-003012,train,IMMEDIATE,True,True,True,True,True,True,True,True,True,"IMMEDIATE: flooding and rescue emergencies plus 1 more, ZONE-1 Varanasi, Uttar Pradesh. 5 reports, 147 affected. Send sa"
SLM-003013,validation,IMMEDIATE,True,True,True,True,True,True,True,True,True,"IMMEDIATE: ZONE-5 Barpeta, Assam -- flooding and rescue emergencies plus 1 more. 5 reports, 127 affected. rescue rope an"
SLM-003014,validation,URGENT,True,True,True,True,True,True,True,True,True,"URGENT. road blockages and flooding plus 1 more in ZONE-2 Kendrapara, Odisha; 51 affected, 5 reports. Dispatch life jack"
SLM-003015,train,IMMEDIATE,True,True,True,True,True,True,True,True,True,"IMMEDIATE. road blockages and flooding plus 1 more in ZONE-2 Mangaluru, Karnataka; 245 affected, 6 reports. earthmover ("
SLM-003016,test,IMMEDIATE,True,True,True,True,True,True,True,True,True,"IMMEDIATE. flooding in ZONE-2 Murshidabad, West Bengal; 84 affected, 6 reports. NDRF flood rescue team and sandbags plus"
SLM-003017,train,ELEVATED,True,True,True,True,True,True,True,True,True,"ELEVATED: ZONE-4 Kottayam, Kerala -- flooding and road blockages plus 1 more. 5 reports, 35 affected. Deploy drainage te"
SLM-003018,train,IMMEDIATE,True,True,True,True,True,True,True,True,True,"IMMEDIATE - ZONE-2 Kottayam (Kerala): flooding and road blockages plus 1 more, 119 affected across 7 reports. Deploy ear"
SLM-003019,train,ELEVATED,True,True,True,True,True,True,True,True,True,"ELEVATED: flooding and medical emergencies, ZONE-1 Rajkot, Gujarat. 7 reports, 69 affected. Send NDRF flood rescue team "
SLM-003020,train,URGENT,True,True,True,True,True,True,True,True,True,"URGENT. flooding and road blockages in ZONE-2 Ahmedabad, Gujarat; 205 affected, 7 reports. Dispatch relief supplies and "
SLM-003021,train,URGENT,True,True,True,True,True,True,True,True,True,"URGENT: flooding and medical emergencies, ZONE-3 Kolkata, West Bengal. 7 reports, 167 affected. Send NDRF flood rescue t"
SLM-003022,validation,ELEVATED,True,True,True,True,True,True,True,True,True,"ELEVATED: ZONE-4 Varanasi, Uttar Pradesh -- rescue emergencies and medical emergencies plus 1 more. 5 reports, 52 affect"
SLM-003023,train,URGENT,True,True,True,True,True,True,True,True,True,"URGENT: ZONE-2 Bhubaneswar, Odisha -- flooding and medical emergencies plus 1 more. 5 reports, 118 affected. Dispatch wa"
SLM-003024,train,ELEVATED,True,True,True,True,True,True,True,True,True,"ELEVATED - ZONE-5 Madurai (Tamil Nadu): flooding and road blockages plus 1 more, 81 affected across 9 reports. Dispatch "
SLM-003025,validation,ELEVATED,True,True,True,True,True,True,True,True,True,"ELEVATED. road blockages and medical emergencies plus 2 more in ZONE-1 Kendrapara, Odisha; 83 affected, 8 reports. Send "
SLM-003026,train,IMMEDIATE,True,True,True,True,True,True,True,True,True,"IMMEDIATE - ZONE-3 Rajkot (Gujarat): flooding and rescue emergencies plus 1 more, 148 affected across 8 reports. rescue "
SLM-003027,validation,ELEVATED,True,True,True,True,True,True,True,True,True,"ELEVATED - ZONE-1 Prayagraj (Uttar Pradesh): flooding and medical emergencies plus 2 more, 90 affected across 9 reports."
SLM-003028,test,ELEVATED,True,True,True,True,True,True,True,True,True,"ELEVATED. flooding and rescue emergencies in ZONE-2 Thrissur, Kerala; 38 affected, 5 reports. Deploy drainage team and l"
SLM-003029,validation,ELEVATED,True,True,True,True,True,True,True,True,True,"ELEVATED: medical emergencies and flooding plus 1 more, ZONE-4 Puri, Odisha. 6 reports, 51 affected. life jackets and pa"
SLM-003030,test,ELEVATED,True,True,True,True,True,True,True,True,True,"ELEVATED: rescue emergencies and flooding plus 1 more, ZONE-4 Kendrapara, Odisha. 6 reports, 67 affected. Dispatch NDRF "
SLM-003031,train,ELEVATED,True,True,True,True,True,True,True,True,True,"ELEVATED. medical emergencies and road blockages plus 2 more in ZONE-5 Surat, Gujarat; 62 affected, 6 reports. Send eart"
SLM-003032,train,ROUTINE,True,True,True,True,True,True,True,True,True,"ROUTINE. flooding and rescue emergencies in ZONE-1 Kolkata, West Bengal; 16 affected, 5 reports. NDRF flood rescue team "
SLM-003033,train,ROUTINE,True,True,True,True,True,True,True,True,True,"ROUTINE. flooding and road blockages plus 1 more in ZONE-3 Malda, West Bengal; 19 affected, 7 reports. life jackets and "
SLM-003034,train,IMMEDIATE,True,True,True,True,True,True,True,True,True,"IMMEDIATE: ZONE-2 Dhemaji, Assam -- flooding and road blockages plus 1 more. 8 reports, 120 affected. Dispatch road clea"
SLM-003035,test,URGENT,True,True,True,True,True,True,True,True,True,"URGENT: flooding, ZONE-2 Kozhikode, Kerala. 5 reports, 103 affected. rescue boat and life jackets plus 1 more to residen"
SLM-003036,validation,URGENT,True,True,True,True,True,True,True,True,True,"URGENT: flooding and rescue emergencies, ZONE-2 Chennai, Tamil Nadu. 5 reports, 89 affected. rescue boat and ambulance p"
SLM-003037,train,URGENT,True,True,True,True,True,True,True,True,True,"URGENT: ZONE-5 Kanpur, Uttar Pradesh -- flooding and medical emergencies plus 1 more. 6 reports, 99 affected. Send water"
SLM-003038,test,IMMEDIATE,True,True,True,True,True,True,True,True,True,"IMMEDIATE - ZONE-5 Jorhat (Assam): flooding and rescue emergencies plus 1 more, 323 affected across 10 reports. Deploy s"
SLM-003039,validation,IMMEDIATE,True,True,True,True,True,True,True,True,True,"IMMEDIATE: flooding and rescue emergencies plus 1 more, ZONE-4 Rajkot, Gujarat. 5 reports, 119 affected. Deploy ambulanc"
SLM-003040,train,URGENT,True,True,True,True,True,True,True,True,True,"URGENT. rescue emergencies and medical emergencies plus 1 more in ZONE-1 Nashik, Maharashtra; 75 affected, 5 reports. wa"
SLM-003041,train,ROUTINE,True,True,True,True,True,True,True,True,True,"ROUTINE: flooding and medical emergencies plus 1 more, ZONE-2 Gaya, Bihar. 5 reports, 8 affected. Send life jackets and "
SLM-003042,train,ELEVATED,True,True,True,True,True,True,True,True,True,"ELEVATED. rescue emergencies and flooding plus 1 more in ZONE-3 Bharuch, Gujarat; 47 affected, 6 reports. water pump and"
SLM-003043,train,IMMEDIATE,True,True,True,True,True,True,True,True,True,"IMMEDIATE - ZONE-2 Kendrapara (Odisha): flooding and road blockages plus 2 more, 135 affected across 6 reports. rescue r"
SLM-003044,train,IMMEDIATE,True,True,True,True,True,True,True,True,True,"IMMEDIATE. flooding and rescue emergencies plus 2 more in ZONE-4 Malda, West Bengal; 123 affected, 6 reports. life jacke"
SLM-003045,train,URGENT,True,True,True,True,True,True,True,True,True,"URGENT: flooding and rescue emergencies plus 2 more, ZONE-5 Coimbatore, Tamil Nadu. 7 reports, 124 affected. Deploy wate"
SLM-003046,validation,URGENT,True,True,True,True,True,True,True,True,True,"URGENT - ZONE-2 Thrissur (Kerala): rescue emergencies and flooding, 75 affected across 5 reports. fire and rescue unit a"
SLM-003047,test,URGENT,True,True,True,True,True,True,True,True,True,"URGENT: ZONE-4 Darbhanga, Bihar -- road blockages and flooding plus 1 more. 5 reports, 66 affected. tow truck and rescue"
SLM-003048,train,IMMEDIATE,True,True,True,True,True,True,True,True,True,"IMMEDIATE - ZONE-2 Darjeeling (West Bengal): rescue emergencies and flooding plus 1 more, 235 affected across 6 reports."
SLM-003049,train,IMMEDIATE,True,True,True,True,True,True,True,True,True,"IMMEDIATE. flooding and rescue emergencies in ZONE-5 Barpeta, Assam; 149 affected, 6 reports. Send water pump and rescue"
SLM-003050,train,IMMEDIATE,True,True,True,True,True,True,True,True,True,"IMMEDIATE: ZONE-2 Puri, Odisha -- flooding and rescue emergencies plus 1 more. 5 reports, 112 affected. fire and rescue "
SLM-003051,train,ELEVATED,True,True,True,True,True,True,True,True,True,"ELEVATED: rescue emergencies and road blockages plus 2 more, ZONE-2 Bharuch, Gujarat. 7 reports, 51 affected. fire and r"
SLM-003052,train,URGENT,True,True,True,True,True,True,True,True,True,"URGENT: road blockages and rescue emergencies plus 2 more, ZONE-5 Puri, Odisha. 5 reports, 51 affected. Deploy road clea"
SLM-003053,test,IMMEDIATE,True,True,True,True,True,True,True,True,True,"IMMEDIATE - ZONE-3 Tiruppur (Tamil Nadu): flooding and rescue emergencies plus 1 more, 212 affected across 5 reports. De"
SLM-003054,train,ELEVATED,True,True,True,True,True,True,True,True,True,"ELEVATED: ZONE-4 Jorhat, Assam -- road blockages and rescue emergencies plus 1 more. 7 reports, 56 affected. Send NDRF r"
SLM-003055,train,ELEVATED,True,True,True,True,True,True,True,True,True,"ELEVATED: ZONE-3 Darbhanga, Bihar -- road blockages and medical emergencies plus 1 more. 5 reports, 50 affected. Send to"
SLM-003056,train,URGENT,True,True,True,True,True,True,True,True,True,"URGENT: ZONE-5 Bharuch, Gujarat -- flooding and rescue emergencies. 5 reports, 43 affected. Dispatch water pump and NDRF"
SLM-003057,test,ELEVATED,True,True,True,True,True,True,True,True,True,"ELEVATED: ZONE-3 Thrissur, Kerala -- rescue emergencies and medical emergencies plus 1 more. 5 reports, 28 affected. Dis"
SLM-003058,train,ELEVATED,True,True,True,True,True,True,True,True,True,"ELEVATED: ZONE-5 Udupi, Karnataka -- flooding and rescue emergencies. 7 reports, 57 affected. NDRF flood rescue team and"
SLM-003059,validation,URGENT,True,True,True,True,True,True,True,True,True,"URGENT: ZONE-5 Darjeeling, West Bengal -- rescue emergencies and road blockages plus 2 more. 7 reports, 130 affected. am"
SLM-003060,train,URGENT,True,True,True,True,True,True,True,True,True,"URGENT - ZONE-5 Pune (Maharashtra): medical emergencies and flooding plus 1 more, 80 affected across 5 reports. Deploy m"
SLM-003061,train,ELEVATED,True,True,True,True,True,True,True,True,True,"ELEVATED. flooding and rescue emergencies plus 1 more in ZONE-3 Muzaffarpur, Bihar; 52 affected, 6 reports. Dispatch rel"
SLM-003062,train,URGENT,True,True,True,True,True,True,True,True,True,"URGENT: ZONE-5 Muzaffarpur, Bihar -- flooding and medical emergencies. 5 reports, 92 affected. Send relief supplies and "
SLM-003063,test,ELEVATED,True,True,True,True,True,True,True,True,True,"ELEVATED. rescue emergencies and road blockages plus 2 more in ZONE-5 Kottayam, Kerala; 82 affected, 10 reports. Dispatc"
SLM-003064,train,URGENT,True,True,True,True,True,True,True,True,True,"URGENT. medical emergencies and rescue emergencies plus 2 more in ZONE-5 Guwahati, Assam; 156 affected, 6 reports. Send "
SLM-003065,train,ELEVATED,True,True,True,True,True,True,True,True,True,"ELEVATED: flooding and rescue emergencies plus 2 more, ZONE-2 Nagpur, Maharashtra. 8 reports, 59 affected. fire and resc"
SLM-003066,train,ELEVATED,True,True,True,True,True,True,True,True,True,"ELEVATED - ZONE-4 Bharuch (Gujarat): rescue emergencies and flooding plus 1 more, 37 affected across 5 reports. Send NDR"
SLM-003067,train,IMMEDIATE,True,True,True,True,True,True,True,True,True,"IMMEDIATE - ZONE-2 Prayagraj (Uttar Pradesh): road blockages and flooding, 234 affected across 6 reports. Dispatch sandb"
SLM-003068,train,URGENT,True,True,True,True,True,True,True,True,True,"URGENT - ZONE-3 Darbhanga (Bihar): rescue emergencies and flooding plus 1 more, 130 affected across 6 reports. ambulance"
SLM-003069,train,ELEVATED,True,True,True,True,True,True,True,True,True,"ELEVATED - ZONE-1 Mysuru (Karnataka): rescue emergencies and flooding plus 1 more, 79 affected across 8 reports. Send ND"
SLM-003070,test,ELEVATED,True,True,True,True,True,True,True,True,True,"ELEVATED: ZONE-1 Mumbai, Maharashtra -- flooding and road blockages plus 1 more. 7 reports, 55 affected. Send tow truck "
SLM-003071,train,ELEVATED,True,True,True,True,True,True,True,True,True,"ELEVATED: ZONE-2 Vadodara, Gujarat -- flooding. 6 reports, 62 affected. Dispatch water pump and NDRF flood rescue team p"
SLM-003072,test,IMMEDIATE,True,True,True,True,True,True,True,True,True,"IMMEDIATE: ZONE-3 Muzaffarpur, Bihar -- flooding and medical emergencies. 5 reports, 357 affected. sandbags and NDRF flo"
SLM-003073,train,URGENT,True,True,True,True,True,True,True,True,True,"URGENT: rescue emergencies and flooding plus 1 more, ZONE-4 Kolhapur, Maharashtra. 5 reports, 39 affected. rescue rope a"
SLM-003074,train,ROUTINE,True,True,True,True,True,True,True,True,True,"ROUTINE: flooding and road blockages, ZONE-5 Coimbatore, Tamil Nadu. 7 reports, 24 affected. Dispatch relief supplies an"
SLM-003075,validation,ELEVATED,True,True,True,True,True,True,True,True,True,"ELEVATED: flooding and rescue emergencies, ZONE-2 Kolhapur, Maharashtra. 5 reports, 50 affected. Dispatch NDRF flood res"
SLM-003076,train,URGENT,True,True,True,True,True,True,True,True,True,"URGENT: ZONE-3 Bharuch, Gujarat -- rescue emergencies and medical emergencies plus 1 more. 7 reports, 138 affected. Send"
SLM-003077,test,URGENT,True,True,True,True,True,True,True,True,True,"URGENT. flooding and road blockages in ZONE-2 Alappuzha, Kerala; 157 affected, 7 reports. Dispatch road clearance team a"
SLM-003078,train,IMMEDIATE,True,True,True,True,True,True,True,True,True,"IMMEDIATE: ZONE-1 Darbhanga, Bihar -- rescue emergencies and flooding plus 1 more. 6 reports, 190 affected. Deploy fire "
SLM-003079,test,ELEVATED,True,True,True,True,True,True,True,True,True,"ELEVATED: flooding and medical emergencies plus 1 more, ZONE-2 Balasore, Odisha. 6 reports, 49 affected. Dispatch ambula"
SLM-003080,validation,URGENT,True,True,True,True,True,True,True,True,True,"URGENT - ZONE-5 Darbhanga (Bihar): flooding and rescue emergencies, 116 affected across 6 reports. Dispatch rescue boat "
SLM-003081,validation,IMMEDIATE,True,True,True,True,True,True,True,True,True,"IMMEDIATE - ZONE-3 Bhubaneswar (Odisha): flooding and rescue emergencies plus 1 more, 97 affected across 5 reports. Depl"
SLM-003082,test,URGENT,True,True,True,True,True,True,True,True,True,"URGENT - ZONE-5 Kottayam (Kerala): flooding and rescue emergencies, 31 affected across 5 reports. Dispatch life jackets "
SLM-003083,validation,URGENT,True,True,True,True,True,True,True,True,True,"URGENT: flooding and rescue emergencies plus 1 more, ZONE-5 Malda, West Bengal. 5 reports, 74 affected. water pump and N"
SLM-003084,train,ELEVATED,True,True,True,True,True,True,True,True,True,"ELEVATED. medical emergencies and road blockages plus 2 more in ZONE-4 Thanjavur, Tamil Nadu; 70 affected, 7 reports. De"
SLM-003085,test,IMMEDIATE,True,True,True,True,True,True,True,True,True,"IMMEDIATE: ZONE-3 Alappuzha, Kerala -- rescue emergencies and medical emergencies plus 1 more. 5 reports, 73 affected. D"
SLM-003086,train,IMMEDIATE,True,True,True,True,True,True,True,True,True,"IMMEDIATE: ZONE-5 Coimbatore, Tamil Nadu -- rescue emergencies and flooding. 7 reports, 238 affected. Dispatch ambulance"
SLM-003087,train,URGENT,True,True,True,True,True,True,True,True,True,"URGENT. flooding and medical emergencies plus 2 more in ZONE-5 Muzaffarpur, Bihar; 69 affected, 5 reports. Dispatch reli"
SLM-003088,train,ELEVATED,True,True,True,True,True,True,True,True,True,"ELEVATED: flooding and road blockages plus 1 more, ZONE-1 Bharuch, Gujarat. 6 reports, 47 affected. Deploy road clearanc"
SLM-003089,train,URGENT,True,True,True,True,True,True,True,True,True,"URGENT: ZONE-4 Bhagalpur, Bihar -- rescue emergencies and road blockages plus 2 more. 6 reports, 119 affected. Send tow "
SLM-003090,train,ROUTINE,True,True,True,True,True,True,True,True,True,"ROUTINE: road blockages and rescue emergencies plus 1 more, ZONE-5 Pune, Maharashtra. 5 reports, 16 affected. Deploy ear"
SLM-003091,validation,ROUTINE,True,True,True,True,True,True,True,True,True,"ROUTINE: ZONE-3 Mysuru, Karnataka -- rescue emergencies and flooding plus 1 more. 5 reports, 17 affected. Dispatch water"
SLM-003092,validation,ELEVATED,True,True,True,True,True,True,True,True,True,"ELEVATED: ZONE-5 Thanjavur, Tamil Nadu -- medical emergencies and rescue emergencies plus 1 more. 5 reports, 41 affected"
SLM-003093,validation,ELEVATED,True,True,True,True,True,True,True,True,True,"ELEVATED - ZONE-2 Bhubaneswar (Odisha): flooding and rescue emergencies, 45 affected across 5 reports. relief supplies a"
SLM-003094,train,ELEVATED,True,True,True,True,True,True,True,True,True,"ELEVATED: ZONE-3 Puri, Odisha -- road blockages and flooding plus 1 more. 5 reports, 40 affected. Dispatch earthmover (J"
SLM-003095,test,ROUTINE,True,True,True,True,True,True,True,True,True,"ROUTINE - ZONE-2 Muzaffarpur (Bihar): road blockages and flooding plus 1 more, 24 affected across 5 reports. Deploy tow "
SLM-003096,train,ELEVATED,True,True,True,True,True,True,True,True,True,"ELEVATED. road blockages and flooding plus 1 more in ZONE-1 Dibrugarh, Assam; 50 affected, 5 reports. Deploy traffic pol"
SLM-003097,train,ROUTINE,True,True,True,True,True,True,True,True,True,"ROUTINE - ZONE-1 Nagpur (Maharashtra): flooding and road blockages, 15 affected across 6 reports. Send water pump and dr"
SLM-003098,train,ELEVATED,True,True,True,True,True,True,True,True,True,"ELEVATED - ZONE-5 Cuttack (Odisha): flooding and rescue emergencies, 41 affected across 5 reports. Send NDRF rescue team"
SLM-003099,train,IMMEDIATE,True,True,True,True,True,True,True,True,True,"IMMEDIATE: ZONE-5 Udupi, Karnataka -- road blockages and flooding plus 1 more. 5 reports, 174 affected. Dispatch tow tru"
SLM-003100,train,URGENT,True,True,True,True,True,True,True,True,True,"URGENT: flooding and rescue emergencies plus 1 more, ZONE-2 Kottayam, Kerala. 8 reports, 61 affected. Deploy relief supp"
SLM-003101,train,ELEVATED,True,True,True,True,True,True,True,True,True,"ELEVATED: road blockages and rescue emergencies plus 2 more, ZONE-1 Pune, Maharashtra. 7 reports, 50 affected. Dispatch "
SLM-003102,train,IMMEDIATE,True,True,True,True,True,True,True,True,True,"IMMEDIATE: ZONE-1 Nagpur, Maharashtra -- medical emergencies and rescue emergencies plus 1 more. 5 reports, 106 affected"
SLM-003103,train,ROUTINE,True,True,True,True,True,True,True,True,True,"ROUTINE: ZONE-4 Coimbatore, Tamil Nadu -- rescue emergencies and flooding. 5 reports, 13 affected. NDRF rescue team and "
SLM-003104,test,ELEVATED,True,True,True,True,True,True,True,True,True,"ELEVATED: ZONE-2 Guwahati, Assam -- rescue emergencies and flooding. 5 reports, 53 affected. Deploy relief supplies and "
SLM-003105,train,URGENT,True,True,True,True,True,True,True,True,True,"URGENT: ZONE-3 Jorhat, Assam -- rescue emergencies and flooding. 10 reports, 233 affected. Dispatch ambulance and relief"
SLM-003106,train,URGENT,True,True,True,True,True,True,True,True,True,"URGENT. flooding and road blockages plus 1 more in ZONE-4 Madurai, Tamil Nadu; 44 affected, 5 reports. Send life jackets"
SLM-003107,train,ELEVATED,True,True,True,True,True,True,True,True,True,"ELEVATED. flooding and road blockages plus 2 more in ZONE-5 Malda, West Bengal; 80 affected, 10 reports. Dispatch relief"
SLM-003108,train,ELEVATED,True,True,True,True,True,True,True,True,True,"ELEVATED - ZONE-1 Barpeta (Assam): flooding and rescue emergencies, 34 affected across 5 reports. Dispatch ambulance and"
SLM-003109,train,IMMEDIATE,True,True,True,True,True,True,True,True,True,"IMMEDIATE - ZONE-1 Alappuzha (Kerala): flooding and rescue emergencies, 187 affected across 5 reports. relief supplies a"
SLM-003110,train,ELEVATED,True,True,True,True,True,True,True,True,True,"ELEVATED: ZONE-3 Tiruppur, Tamil Nadu -- rescue emergencies and flooding. 5 reports, 32 affected. Send road clearance te"
SLM-003111,train,ROUTINE,True,True,True,True,True,True,True,True,True,"ROUTINE. rescue emergencies and flooding in ZONE-3 Surat, Gujarat; 23 affected, 5 reports. Dispatch rescue rope and ladd"
SLM-003112,validation,URGENT,True,True,True,True,True,True,True,True,True,"URGENT: ZONE-5 Dhemaji, Assam -- rescue emergencies and flooding plus 1 more. 9 reports, 146 affected. Deploy life jacke"
SLM-003113,train,IMMEDIATE,True,True,True,True,True,True,True,True,True,"IMMEDIATE. flooding in ZONE-3 Jorhat, Assam; 114 affected, 5 reports. Dispatch relief supplies and drainage team plus 1 "
SLM-003114,train,ELEVATED,True,True,True,True,True,True,True,True,True,"ELEVATED - ZONE-1 Dibrugarh (Assam): flooding and rescue emergencies plus 1 more, 44 affected across 6 reports. sandbags"
SLM-003115,test,URGENT,True,True,True,True,True,True,True,True,True,"URGENT - ZONE-1 Kodagu (Karnataka): medical emergencies and rescue emergencies plus 1 more, 116 affected across 5 report"
SLM-003116,validation,IMMEDIATE,True,True,True,True,True,True,True,True,True,"IMMEDIATE: flooding and medical emergencies, ZONE-3 Mumbai, Maharashtra. 6 reports, 148 affected. Dispatch drainage team"
SLM-003117,test,URGENT,True,True,True,True,True,True,True,True,True,"URGENT: ZONE-4 Murshidabad, West Bengal -- flooding and medical emergencies plus 1 more. 5 reports, 74 affected. Send sa"
SLM-003118,train,ROUTINE,True,True,True,True,True,True,True,True,True,"ROUTINE. flooding and rescue emergencies plus 1 more in ZONE-4 Kolkata, West Bengal; 13 affected, 6 reports. Dispatch am"
SLM-003119,train,URGENT,True,True,True,True,True,True,True,True,True,"URGENT - ZONE-5 Kendrapara (Odisha): flooding and medical emergencies, 119 affected across 5 reports. medical first-aid "
SLM-003120,train,ELEVATED,True,True,True,True,True,True,True,True,True,"ELEVATED: ZONE-2 Chennai, Tamil Nadu -- flooding and road blockages. 5 reports, 37 affected. Deploy NDRF flood rescue te"
SLM-003121,validation,ELEVATED,True,True,True,True,True,True,True,True,True,"ELEVATED: rescue emergencies and flooding, ZONE-4 Darjeeling, West Bengal. 5 reports, 56 affected. Send fire and rescue "
SLM-003122,train,URGENT,True,True,True,True,True,True,True,True,True,"URGENT: ZONE-5 Nagpur, Maharashtra -- rescue emergencies and flooding plus 2 more. 6 reports, 87 affected. NDRF rescue t"
SLM-003123,train,IMMEDIATE,True,True,True,True,True,True,True,True,True,"IMMEDIATE: ZONE-1 Cuttack, Odisha -- flooding and rescue emergencies. 5 reports, 127 affected. Deploy water pump and res"
SLM-003124,validation,IMMEDIATE,True,True,True,True,True,True,True,True,True,"IMMEDIATE. flooding and rescue emergencies in ZONE-5 Guwahati, Assam; 170 affected, 6 reports. Deploy NDRF flood rescue "
SLM-003125,train,URGENT,True,True,True,True,True,True,True,True,True,"URGENT - ZONE-5 Darjeeling (West Bengal): rescue emergencies and medical emergencies plus 1 more, 82 affected across 5 r"
SLM-003126,train,ELEVATED,True,True,True,True,True,True,True,True,True,"ELEVATED: ZONE-4 Kottayam, Kerala -- flooding and rescue emergencies plus 1 more. 6 reports, 54 affected. water pump and"
SLM-003127,train,URGENT,True,True,True,True,True,True,True,True,True,"URGENT: ZONE-3 Jorhat, Assam -- flooding and medical emergencies plus 1 more. 9 reports, 207 affected. rescue boat and l"
SLM-003128,train,URGENT,True,True,True,True,True,True,True,True,True,"URGENT - ZONE-1 Murshidabad (West Bengal): rescue emergencies and flooding, 149 affected across 6 reports. ambulance and"
SLM-003129,train,URGENT,True,True,True,True,True,True,True,True,True,"URGENT - ZONE-3 Lucknow (Uttar Pradesh): flooding and rescue emergencies, 66 affected across 5 reports. Dispatch road cl"
SLM-003130,validation,IMMEDIATE,True,True,True,True,True,True,True,True,True,"IMMEDIATE: ZONE-4 Tiruppur, Tamil Nadu -- flooding and rescue emergencies plus 1 more. 5 reports, 130 affected. Deploy r"
SLM-003131,validation,ELEVATED,True,True,True,True,True,True,True,True,True,"ELEVATED: rescue emergencies and medical emergencies plus 1 more, ZONE-1 Vadodara, Gujarat. 6 reports, 43 affected. Depl"
SLM-003132,train,IMMEDIATE,True,True,True,True,True,True,True,True,True,"IMMEDIATE: flooding and rescue emergencies, ZONE-1 Mangaluru, Karnataka. 5 reports, 64 affected. life jackets and rescue"
SLM-003133,train,URGENT,True,True,True,True,True,True,True,True,True,"URGENT: ZONE-3 Muzaffarpur, Bihar -- medical emergencies and flooding plus 2 more. 12 reports, 293 affected. Send medica"
SLM-003134,test,URGENT,True,True,True,True,True,True,True,True,True,"URGENT - ZONE-1 Gaya (Bihar): road blockages and flooding plus 1 more, 72 affected across 7 reports. Deploy water pump a"
SLM-003135,validation,URGENT,True,True,True,True,True,True,True,True,True,"URGENT: ZONE-4 Bengaluru, Karnataka -- road blockages and flooding plus 2 more. 5 reports, 102 affected. ambulance and t"
SLM-003136,train,IMMEDIATE,True,True,True,True,True,True,True,True,True,"IMMEDIATE - ZONE-3 Kendrapara (Odisha): rescue emergencies and flooding plus 2 more, 142 affected across 6 reports. Disp"
SLM-003137,train,ROUTINE,True,True,True,True,True,True,True,True,True,"ROUTINE. flooding and medical emergencies plus 1 more in ZONE-5 Alappuzha, Kerala; 20 affected, 5 reports. Deploy fire a"
SLM-003138,train,ROUTINE,True,True,True,True,True,True,True,True,True,"ROUTINE - ZONE-4 Dhemaji (Assam): flooding and rescue emergencies, 23 affected across 7 reports. Dispatch rescue boat an"
SLM-003139,validation,ELEVATED,True,True,True,True,True,True,True,True,True,"ELEVATED: flooding and rescue emergencies plus 1 more, ZONE-5 Jorhat, Assam. 6 reports, 66 affected. Deploy life jackets"
SLM-003140,train,IMMEDIATE,True,True,True,True,True,True,True,True,True,"IMMEDIATE: rescue emergencies and flooding, ZONE-1 Kolhapur, Maharashtra. 5 reports, 119 affected. Deploy fire and rescu"
SLM-003141,train,ELEVATED,True,True,True,True,True,True,True,True,True,"ELEVATED: road blockages and rescue emergencies plus 1 more, ZONE-3 Dhemaji, Assam. 5 reports, 38 affected. rescue rope "
SLM-003142,train,IMMEDIATE,True,True,True,True,True,True,True,True,True,"IMMEDIATE: ZONE-5 Bhubaneswar, Odisha -- rescue emergencies and flooding plus 1 more. 6 reports, 180 affected. Send resc"
SLM-003143,train,IMMEDIATE,True,True,True,True,True,True,True,True,True,"IMMEDIATE. flooding and rescue emergencies in ZONE-2 Alappuzha, Kerala; 140 affected, 5 reports. Dispatch rescue boat an"
SLM-003144,validation,ELEVATED,True,True,True,True,True,True,True,True,True,"ELEVATED: flooding and rescue emergencies plus 1 more, ZONE-5 Malda, West Bengal. 8 reports, 58 affected. Dispatch rescu"
SLM-003145,train,ELEVATED,True,True,True,True,True,True,True,True,True,"ELEVATED: road blockages and flooding plus 1 more, ZONE-1 Thrissur, Kerala. 9 reports, 81 affected. Send road clearance "
SLM-003146,train,IMMEDIATE,True,True,True,True,True,True,True,True,True,"IMMEDIATE. rescue emergencies and flooding in ZONE-1 Mysuru, Karnataka; 110 affected, 5 reports. fire and rescue unit an"
SLM-003147,train,IMMEDIATE,True,True,True,True,True,True,True,True,True,"IMMEDIATE: rescue emergencies and flooding, ZONE-1 Surat, Gujarat. 5 reports, 86 affected. Send rescue boat and ambulanc"
SLM-003148,train,URGENT,True,True,True,True,True,True,True,True,True,"URGENT - ZONE-5 Nashik (Maharashtra): flooding and medical emergencies, 127 affected across 5 reports. Dispatch relief s"
SLM-003149,validation,IMMEDIATE,True,True,True,True,True,True,True,True,True,"IMMEDIATE: ZONE-5 Murshidabad, West Bengal -- medical emergencies and road blockages plus 2 more. 6 reports, 204 affecte"
SLM-003150,train,IMMEDIATE,True,True,True,True,True,True,True,True,True,"IMMEDIATE - ZONE-4 Bhagalpur (Bihar): medical emergencies and rescue emergencies plus 2 more, 160 affected across 5 repo"
SLM-003151,train,URGENT,True,True,True,True,True,True,True,True,True,"URGENT. road blockages and flooding in ZONE-3 Thanjavur, Tamil Nadu; 104 affected, 5 reports. Dispatch traffic police te"
SLM-003152,train,ELEVATED,True,True,True,True,True,True,True,True,True,"ELEVATED: ZONE-2 Kanpur, Uttar Pradesh -- medical emergencies and flooding plus 1 more. 7 reports, 58 affected. Send lif"
SLM-003153,train,ROUTINE,True,True,True,True,True,True,True,True,True,"ROUTINE. flooding in ZONE-4 Nagpur, Maharashtra; 16 affected, 5 reports. Dispatch water pump and relief supplies plus 1 "
SLM-003154,train,ELEVATED,True,True,True,True,True,True,True,True,True,"ELEVATED - ZONE-5 Kozhikode (Kerala): rescue emergencies and road blockages plus 1 more, 34 affected across 5 reports. S"
SLM-003155,train,ROUTINE,True,True,True,True,True,True,True,True,True,"ROUTINE - ZONE-5 Nagpur (Maharashtra): road blockages and flooding plus 1 more, 18 affected across 5 reports. Deploy NDR"
SLM-003156,validation,ELEVATED,True,True,True,True,True,True,True,True,True,"ELEVATED: flooding and rescue emergencies plus 1 more, ZONE-1 Bhubaneswar, Odisha. 5 reports, 27 affected. Deploy road c"
SLM-003157,test,URGENT,True,True,True,True,True,True,True,True,True,"URGENT: flooding and road blockages plus 1 more, ZONE-3 Udupi, Karnataka. 5 reports, 93 affected. Send water pump and re"
SLM-003158,train,URGENT,True,True,True,True,True,True,True,True,True,"URGENT - ZONE-4 Balasore (Odisha): rescue emergencies and medical emergencies plus 2 more, 88 affected across 5 reports."
SLM-003159,train,URGENT,True,True,True,True,True,True,True,True,True,"URGENT. flooding in ZONE-3 Cuttack, Odisha; 64 affected, 5 reports. Dispatch road clearance team and drainage team plus "
SLM-003160,train,ROUTINE,True,True,True,True,True,True,True,True,True,"ROUTINE - ZONE-5 Bengaluru (Karnataka): rescue emergencies and flooding plus 2 more, 21 affected across 5 reports. Send "
SLM-003161,train,IMMEDIATE,True,True,True,True,True,True,True,True,True,"IMMEDIATE: ZONE-3 Nagpur, Maharashtra -- rescue emergencies and flooding plus 2 more. 5 reports, 134 affected. Deploy re"
SLM-003162,validation,URGENT,True,True,True,True,True,True,True,True,True,"URGENT. road blockages and flooding plus 1 more in ZONE-4 Kendrapara, Odisha; 130 affected, 6 reports. earthmover (JCB) "
SLM-003163,train,IMMEDIATE,True,True,True,True,True,True,True,True,True,"IMMEDIATE: flooding and rescue emergencies plus 1 more, ZONE-5 Puri, Odisha. 6 reports, 243 affected. Dispatch rescue ro"
SLM-003164,train,URGENT,True,True,True,True,True,True,True,True,True,"URGENT: ZONE-5 Udupi, Karnataka -- flooding and rescue emergencies. 10 reports, 115 affected. life jackets and relief su"
SLM-003165,train,ROUTINE,True,True,True,True,True,True,True,True,True,"ROUTINE: medical emergencies and flooding plus 1 more, ZONE-4 Bengaluru, Karnataka. 5 reports, 19 affected. Deploy param"
SLM-003166,train,URGENT,True,True,True,True,True,True,True,True,True,"URGENT. rescue emergencies and medical emergencies plus 1 more in ZONE-1 Cuttack, Odisha; 104 affected, 8 reports. Send "
SLM-003167,train,IMMEDIATE,True,True,True,True,True,True,True,True,True,"IMMEDIATE: ZONE-2 Alappuzha, Kerala -- road blockages and flooding plus 1 more. 6 reports, 184 affected. Send sandbags a"
SLM-003168,test,URGENT,True,True,True,True,True,True,True,True,True,"URGENT: ZONE-4 Chennai, Tamil Nadu -- rescue emergencies and flooding. 5 reports, 61 affected. Dispatch NDRF flood rescu"
SLM-003169,train,IMMEDIATE,True,True,True,True,True,True,True,True,True,"IMMEDIATE - ZONE-1 Vadodara (Gujarat): flooding and rescue emergencies plus 1 more, 153 affected across 6 reports. Dispa"
SLM-003170,train,IMMEDIATE,True,True,True,True,True,True,True,True,True,"IMMEDIATE: ZONE-4 Kolkata, West Bengal -- rescue emergencies and flooding plus 1 more. 5 reports, 141 affected. Dispatch"
SLM-003171,train,IMMEDIATE,True,True,True,True,True,True,True,True,True,"IMMEDIATE - ZONE-3 Vadodara (Gujarat): flooding and rescue emergencies, 95 affected across 5 reports. Deploy NDRF flood "
SLM-003172,train,ELEVATED,True,True,True,True,True,True,True,True,True,"ELEVATED. road blockages and flooding plus 1 more in ZONE-2 Barpeta, Assam; 37 affected, 5 reports. Send rescue boat and"
SLM-003173,train,IMMEDIATE,True,True,True,True,True,True,True,True,True,"IMMEDIATE: ZONE-1 Gorakhpur, Uttar Pradesh -- rescue emergencies and flooding. 10 reports, 157 affected. Dispatch road c"
SLM-003174,train,ELEVATED,True,True,True,True,True,True,True,True,True,"ELEVATED: rescue emergencies and flooding plus 2 more, ZONE-2 Ahmedabad, Gujarat. 7 reports, 53 affected. traffic police"
SLM-003175,train,ELEVATED,True,True,True,True,True,True,True,True,True,"ELEVATED: ZONE-1 Ahmedabad, Gujarat -- road blockages and flooding. 5 reports, 32 affected. Dispatch rescue boat and roa"
SLM-003176,train,ELEVATED,True,True,True,True,True,True,True,True,True,"ELEVATED - ZONE-4 Varanasi (Uttar Pradesh): road blockages and flooding plus 2 more, 52 affected across 6 reports. Send "
SLM-003177,train,URGENT,True,True,True,True,True,True,True,True,True,"URGENT: flooding and road blockages plus 1 more, ZONE-2 Nashik, Maharashtra. 5 reports, 100 affected. Dispatch earthmove"
SLM-003178,train,IMMEDIATE,True,True,True,True,True,True,True,True,True,"IMMEDIATE. flooding and rescue emergencies in ZONE-3 Guwahati, Assam; 131 affected, 5 reports. Dispatch water pump and N"
SLM-003179,test,ELEVATED,True,True,True,True,True,True,True,True,True,"ELEVATED: medical emergencies and rescue emergencies plus 2 more, ZONE-4 Varanasi, Uttar Pradesh. 5 reports, 63 affected"
SLM-003180,test,URGENT,True,True,True,True,True,True,True,True,True,"URGENT - ZONE-2 Murshidabad (West Bengal): road blockages and flooding plus 1 more, 104 affected across 5 reports. tow t"
SLM-003181,train,ELEVATED,True,True,True,True,True,True,True,True,True,"ELEVATED. flooding and road blockages in ZONE-4 Udupi, Karnataka; 52 affected, 5 reports. Dispatch life jackets and NDRF"
SLM-003182,train,ELEVATED,True,True,True,True,True,True,True,True,True,"ELEVATED: ZONE-3 Murshidabad, West Bengal -- flooding and rescue emergencies. 5 reports, 41 affected. rescue boat and am"
SLM-003183,train,URGENT,True,True,True,True,True,True,True,True,True,"URGENT: flooding and road blockages plus 2 more, ZONE-1 Gaya, Bihar. 5 reports, 121 affected. Send ambulance and water p"
SLM-003184,train,URGENT,True,True,True,True,True,True,True,True,True,"URGENT. rescue emergencies and flooding plus 1 more in ZONE-5 Kolhapur, Maharashtra; 126 affected, 6 reports. Send NDRF "
SLM-003185,train,URGENT,True,True,True,True,True,True,True,True,True,"URGENT. rescue emergencies and flooding plus 1 more in ZONE-4 Jorhat, Assam; 59 affected, 5 reports. Dispatch water pump"
SLM-003186,train,URGENT,True,True,True,True,True,True,True,True,True,"URGENT: ZONE-2 Thanjavur, Tamil Nadu -- flooding and rescue emergencies. 5 reports, 88 affected. Deploy life jackets and"
SLM-003187,test,URGENT,True,True,True,True,True,True,True,True,True,"URGENT: ZONE-5 Gaya, Bihar -- rescue emergencies and road blockages plus 2 more. 7 reports, 99 affected. Send ambulance "
SLM-003188,test,ROUTINE,True,True,True,True,True,True,True,True,True,"ROUTINE - ZONE-4 Balasore (Odisha): medical emergencies and rescue emergencies plus 1 more, 21 affected across 6 reports"
SLM-003189,train,ROUTINE,True,True,True,True,True,True,True,True,True,"ROUTINE - ZONE-2 Surat (Gujarat): flooding and medical emergencies plus 2 more, 14 affected across 5 reports. Send drain"
SLM-003190,train,ELEVATED,True,True,True,True,True,True,True,True,True,"ELEVATED. rescue emergencies and flooding plus 1 more in ZONE-2 Nagpur, Maharashtra; 31 affected, 5 reports. Deploy wate"
SLM-003191,train,URGENT,True,True,True,True,True,True,True,True,True,"URGENT. rescue emergencies and flooding plus 1 more in ZONE-2 Mysuru, Karnataka; 66 affected, 5 reports. Send rescue rop"
SLM-003192,train,ELEVATED,True,True,True,True,True,True,True,True,True,"ELEVATED: flooding and road blockages, ZONE-3 Bhagalpur, Bihar. 6 reports, 44 affected. relief supplies and life jackets"
SLM-003193,train,ELEVATED,True,True,True,True,True,True,True,True,True,"ELEVATED - ZONE-1 Rajkot (Gujarat): rescue emergencies and flooding plus 1 more, 34 affected across 6 reports. Send ambu"
SLM-003194,train,IMMEDIATE,True,True,True,True,True,True,True,True,True,"IMMEDIATE: ZONE-3 Ahmedabad, Gujarat -- rescue emergencies and flooding plus 1 more. 11 reports, 222 affected. Deploy re"
SLM-003195,validation,URGENT,True,True,True,True,True,True,True,True,True,"URGENT: flooding and medical emergencies, ZONE-2 Udupi, Karnataka. 5 reports, 78 affected. Deploy water pump and NDRF fl"
SLM-003196,train,ELEVATED,True,True,True,True,True,True,True,True,True,"ELEVATED: ZONE-5 Nashik, Maharashtra -- medical emergencies and rescue emergencies plus 1 more. 7 reports, 53 affected. "
SLM-003197,train,URGENT,True,True,True,True,True,True,True,True,True,"URGENT. rescue emergencies and flooding plus 1 more in ZONE-4 Jorhat, Assam; 122 affected, 5 reports. Deploy fire and re"
SLM-003198,test,ELEVATED,True,True,True,True,True,True,True,True,True,"ELEVATED - ZONE-2 Udupi (Karnataka): road blockages and flooding plus 1 more, 54 affected across 5 reports. Dispatch ear"
SLM-003199,train,URGENT,True,True,True,True,True,True,True,True,True,"URGENT - ZONE-4 Vadodara (Gujarat): flooding and road blockages plus 1 more, 122 affected across 5 reports. Send water p"
SLM-003200,train,IMMEDIATE,True,True,True,True,True,True,True,True,True,"IMMEDIATE. road blockages and flooding plus 1 more in ZONE-3 Dibrugarh, Assam; 113 affected, 5 reports. traffic police t"
SLM-003201,validation,ELEVATED,True,True,True,True,True,True,True,True,True,"ELEVATED - ZONE-3 Howrah (West Bengal): flooding and rescue emergencies, 42 affected across 7 reports. Deploy water pump"
SLM-003202,train,IMMEDIATE,True,True,True,True,True,True,True,True,True,"IMMEDIATE: ZONE-5 Mangaluru, Karnataka -- rescue emergencies and flooding. 5 reports, 138 affected. Deploy water pump an"
SLM-003203,train,URGENT,True,True,True,True,True,True,True,True,True,"URGENT - ZONE-3 Chennai (Tamil Nadu): road blockages and medical emergencies plus 2 more, 85 affected across 6 reports. "
SLM-003204,train,IMMEDIATE,True,True,True,True,True,True,True,True,True,"IMMEDIATE: medical emergencies and flooding plus 1 more, ZONE-4 Malda, West Bengal. 5 reports, 236 affected. ambulance a"
SLM-003205,validation,IMMEDIATE,True,True,True,True,True,True,True,True,True,"IMMEDIATE. flooding and medical emergencies plus 1 more in ZONE-5 Lucknow, Uttar Pradesh; 171 affected, 6 reports. param"
SLM-003206,train,URGENT,True,True,True,True,True,True,True,True,True,"URGENT. rescue emergencies and flooding plus 1 more in ZONE-2 Puri, Odisha; 67 affected, 5 reports. Dispatch rescue rope"
SLM-003207,validation,ELEVATED,True,True,True,True,True,True,True,True,True,"ELEVATED - ZONE-3 Chennai (Tamil Nadu): rescue emergencies and flooding plus 1 more, 24 affected across 5 reports. Send "
SLM-003208,validation,ELEVATED,True,True,True,True,True,True,True,True,True,"ELEVATED - ZONE-2 Alappuzha (Kerala): flooding and rescue emergencies, 25 affected across 5 reports. Dispatch life jacke"
SLM-003209,train,ROUTINE,True,True,True,True,True,True,True,True,True,"ROUTINE. rescue emergencies and road blockages plus 2 more in ZONE-2 Ahmedabad, Gujarat; 17 affected, 5 reports. Dispatc"
SLM-003210,train,IMMEDIATE,True,True,True,True,True,True,True,True,True,"IMMEDIATE: road blockages and flooding plus 1 more, ZONE-2 Rajkot, Gujarat. 5 reports, 93 affected. Deploy road clearanc"
SLM-003211,train,IMMEDIATE,True,True,True,True,True,True,True,True,True,"IMMEDIATE: rescue emergencies and flooding, ZONE-3 Kendrapara, Odisha. 5 reports, 132 affected. Deploy rescue boat and f"
SLM-003212,train,URGENT,True,True,True,True,True,True,True,True,True,"URGENT: medical emergencies and rescue emergencies plus 2 more, ZONE-4 Balasore, Odisha. 5 reports, 57 affected. Dispatc"
SLM-003213,train,IMMEDIATE,True,True,True,True,True,True,True,True,True,"IMMEDIATE: road blockages and rescue emergencies plus 2 more, ZONE-5 Alappuzha, Kerala. 6 reports, 281 affected. Send wa"
SLM-003214,train,ELEVATED,True,True,True,True,True,True,True,True,True,"ELEVATED: rescue emergencies and flooding, ZONE-3 Gorakhpur, Uttar Pradesh. 6 reports, 38 affected. Send ambulance and s"
SLM-003215,train,ELEVATED,True,True,True,True,True,True,True,True,True,"ELEVATED: flooding and rescue emergencies plus 1 more, ZONE-3 Surat, Gujarat. 5 reports, 50 affected. Send water pump an"
SLM-003216,train,URGENT,True,True,True,True,True,True,True,True,True,"URGENT. flooding and rescue emergencies plus 1 more in ZONE-5 Tiruppur, Tamil Nadu; 54 affected, 5 reports. Deploy drain"
SLM-003217,validation,IMMEDIATE,True,True,True,True,True,True,True,True,True,"IMMEDIATE: rescue emergencies and flooding, ZONE-1 Puri, Odisha. 7 reports, 268 affected. Dispatch ambulance and life ja"
SLM-003218,train,IMMEDIATE,True,True,True,True,True,True,True,True,True,"IMMEDIATE: ZONE-1 Bhubaneswar, Odisha -- rescue emergencies and flooding plus 1 more. 6 reports, 257 affected. fire and "
