pair_id,split,priority,worst_severity,report,summary,total_headcount,entry_count,state,district,zone,all_pass,chk_priority,chk_zone,chk_district,chk_headcount,chk_entry_count,chk_hazard,chk_location,is_drifted,num_drift,entity_drift,priority_mismatch,is_verified
SLM-000021,train,ELEVATED,MEDIUM,"INCIDENT LOG | Tamil Nadu / Thanjavur / ZONE-5 | 5 entries
[26-03-2025 00:02] ERSS-044303 | Flooding reported (Situation update) in the riverside settlement in Thanjavur, Tamil Nadu. 11 people affected, minor injuries reported. Dispatch requested for rescue boat.
[28-03-2025 16:21] ERSS-028997 | Medical emergency reported (Incident reported) in the old town area in Thanjavur, Tamil Nadu. 5 individuals affected, medical assistance requested. Please dispatch paramedic team and emergency medical team.
[01-04-2025 17:15] ERSS-056195 | Rescue operation required (Situation update) close to the river bank in Thanjavur, Tamil Nadu. 15 residents affected, some injuries reported. Dispatch requested for fire and rescue unit and NDRF rescue team.
[03-04-2025 04:03] ERSS-018794 | Waterlogging reported (Emergency report received) near the industrial area in Thanjavur, Tamil Nadu. 11 individuals affected, no further details available. Response team requested:  road clearance team and drainage team.
[03-04-2025 13:45] ERSS-020295 | Waterlogging reported (Emergency report received) at the railway crossing in Thanjavur, Tamil Nadu. 3 residents affected, minor injuries reported. Please dispatch water pump.","ELEVATED - ZONE-5 Thanjavur (Tamil Nadu): flooding and medical emergencies plus 1 more, 45 affected across 5 reports. Deploy rescue boat and paramedic team plus 1 more to riverside settlement; IC to confirm ACCESS. stage nearby, monitor ACCESS.",45,5,Tamil Nadu,Thanjavur,ZONE-5,True,True,True,True,True,True,True,True,False,False,False,False,True
SLM-000052,test,ROUTINE,LOW,"INCIDENT LOG | Kerala / Kottayam / ZONE-2 | 5 entries
[22-05-2025 12:11] ERSS-043931 | Rescue operation required (Incident reported) at the highway junction in Kottayam, Kerala. 4 residents affected, situation being monitored. Dispatch requested for ambulance and fire and rescue unit.
[22-05-2025 12:38] ERSS-044520 | Flooding reported (Situation update) near the local market in Kottayam, Kerala. 1 residents affected, situation being monitored. Dispatch requested for rescue boat.
[28-05-2025 04:14] ERSS-046780 | Road blockage reported (Situation update) at the railway crossing in Kottayam, Kerala. 5 people affected, no injuries reported. Response team requested:  earthmover (JCB).
[01-06-2025 15:45] ERSS-027047 | Waterlogging reported (Emergency report received) on the national highway in Kottayam, Kerala. 6 individuals affected, multiple injuries reported. Please dispatch water pump.
[01-06-2025 15:47] ERSS-032539 | Medical emergency reported (Emergency report received) in the low-lying area in Kottayam, Kerala. 6 persons affected, residents moved to safer ground. Dispatch requested for emergency medical team and ambulance.","ROUTINE: rescue emergencies and flooding plus 2 more, ZONE-2 Kottayam, Kerala. 5 reports, 22 affected. Dispatch ambulance and fire and rescue unit plus 1 more via ACCESS route to highway junction. monitor only; IC on STANDBY.",22,5,Kerala,Kottayam,ZONE-2,True,True,True,True,True,True,True,True,False,False,False,False,True
SLM-000108,validation,ELEVATED,MEDIUM,"INCIDENT LOG | Maharashtra / Nagpur / ZONE-3 | 5 entries
[14-08-2025 07:05] ERSS-032901 | Rescue operation required (Emergency report received) in the riverside settlement in Nagpur, Maharashtra. 7 people affected, no injuries reported. Please dispatch rescue rope and ladder.
[19-08-2025 00:10] ERSS-015109 | Waterlogging reported (Emergency report received) in a residential colony in Nagpur, Maharashtra. 9 people affected, residents moved to safer ground. Response team requested:  water pump and drainage team.
[19-08-2025 00:31] ERSS-029339 | Flooding reported (Situation update) in the riverside settlement in Nagpur, Maharashtra. 4 residents affected, casualties reported. Response team requested:  life jackets.
[25-08-2025 08:01] ERSS-001122 | Medical emergency reported (Emergency report received) in the old town area in Nagpur, Maharashtra. 4 people affected, no injuries reported. Dispatch requested for medical first-aid kit and paramedic team.
[25-08-2025 08:49] ERSS-026603 | Medical emergency reported (Incident reported) near the local market in Nagpur, Maharashtra. 7 persons affected, no further details available. Please dispatch medical first-aid kit.","ELEVATED: ZONE-3 Nagpur, Maharashtra -- rescue emergencies and flooding plus 1 more. 5 reports, 31 affected. Dispatch medical first-aid kit and rescue rope and ladder plus 1 more via ACCESS route to riverside settlement. stage nearby, monitor ACCESS.",31,5,Maharashtra,Nagpur,ZONE-3,True,True,True,True,True,True,True,True,False,False,False,False,True
SLM-000138,validation,ROUTINE,LOW,"INCIDENT LOG | Tamil Nadu / Madurai / ZONE-1 | 5 entries
[13-01-2025 00:15] ERSS-036215 | Flooding reported (Situation update) near the village school in Madurai, Tamil Nadu. 1 people affected, no injuries reported. Response team requested:  rescue boat and NDRF flood rescue team.
[21-01-2025 15:09] ERSS-023541 | Flooding reported (Incident reported) near the main bridge in Madurai, Tamil Nadu. 4 individuals affected, minor injuries reported. Please dispatch relief supplies.
[25-01-2025 00:05] ERSS-011615 | Flooding reported (Situation update) near the industrial area in Madurai, Tamil Nadu. 5 individuals affected, some injuries reported. Please dispatch rescue boat and NDRF flood rescue team.
[25-01-2025 00:17] ERSS-017928 | Medical emergency reported (Emergency report received) at the railway crossing in Madurai, Tamil Nadu. 3 people affected, no further details available. Response team requested:  ambulance.
[25-01-2025 00:20] ERSS-031416 | Rescue operation required (Emergency report received) in the low-lying area in Madurai, Tamil Nadu. 4 people affected, residents moved to safer ground. Response team requested:  rescue rope and ladder.","ROUTINE. flooding and medical emergencies plus 1 more in ZONE-1 Madurai, Tamil Nadu; 17 affected, 5 reports. Send rescue boat and NDRF flood rescue team plus 1 more to village school; submit SITREP on arrival. routine watch; CAS count zero.",17,5,Tamil Nadu,Madurai,ZONE-1,True,True,True,True,True,True,True,True,False,False,False,False,True
SLM-000219,train,ROUTINE,LOW,"INCIDENT LOG | Kerala / Kozhikode / ZONE-1 | 6 entries
[21-06-2025 17:43] ERSS-022111 | Waterlogging reported (Incident reported) in the old town area in Kozhikode, Kerala. 5 individuals affected, some injuries reported. Response team requested:  road clearance team.
[30-06-2025 22:23] ERSS-026295 | Waterlogging reported (Incident reported) at the highway junction in Kozhikode, Kerala. 4 residents affected, medical assistance requested. Dispatch requested for water pump.
[01-07-2025 01:28] ERSS-011594 | Road blockage reported (Emergency report received) near the village school in Kozhikode, Kerala. 6 people affected, no further details available. Dispatch requested for traffic police team.
[04-07-2025 12:59] ERSS-016848 | Rescue operation required (Emergency report received) on the national highway in Kozhikode, Kerala. 3 people affected, situation being monitored. Dispatch requested for ambulance and NDRF rescue team.
[05-07-2025 21:48] ERSS-009561 | Waterlogging reported (Emergency report received) close to the river bank in Kozhikode, Kerala. 1 residents affected, minor injuries reported. Dispatch requested for sandbags.
[05-07-2025 21:50] ERSS-054917 | Rescue operation required (Emergency report received) near the industrial area in Kozhikode, Kerala. 4 individuals affected, no injuries reported. Please dispatch ambulance and rescue rope and ladder.","ROUTINE: ZONE-1 Kozhikode, Kerala -- flooding and road blockages plus 1 more. 6 reports, 23 affected. Send ambulance and road clearance team plus 1 more to old town area; submit SITREP on arrival. monitor only; IC on STANDBY.",23,6,Kerala,Kozhikode,ZONE-1,True,True,True,True,True,True,True,True,False,False,False,False,True
SLM-000278,train,ELEVATED,MEDIUM,"INCIDENT LOG | Gujarat / Bharuch / ZONE-1 | 5 entries
[26-02-2025 10:18] ERSS-005650 | Rescue operation required (Emergency report received) near the industrial area in Bharuch, Gujarat. 3 persons affected, some injuries reported. Please dispatch NDRF rescue team.
[28-02-2025 00:29] ERSS-005445 | Rescue operation required (Emergency report received) near the main bridge in Bharuch, Gujarat. 12 residents affected, multiple injuries reported. Response team requested:  NDRF rescue team.
[28-02-2025 00:58] ERSS-058998 | Medical emergency reported (Situation update) near the village school in Bharuch, Gujarat. 6 individuals affected, no further details available. Response team requested:  ambulance.
[09-03-2025 01:06] ERSS-045559 | Flooding reported (Situation update) in the old town area in Bharuch, Gujarat. 2 people affected, situation being monitored. Please dispatch NDRF flood rescue team and relief supplies.
[09-03-2025 01:07] ERSS-028227 | Medical emergency reported (Situation update) in the hilly terrain in Bharuch, Gujarat. 6 residents affected, situation being monitored. Dispatch requested for emergency medical team.","ELEVATED: rescue emergencies and medical emergencies plus 1 more, ZONE-1 Bharuch, Gujarat. 5 reports, 29 affected. NDRF rescue team and ambulance plus 1 more to industrial area; STAGING at nearest safe point. STANDBY; update CAS count on change.",29,5,Gujarat,Bharuch,ZONE-1,True,True,True,True,True,True,True,True,False,False,False,False,True
SLM-000357,train,ROUTINE,LOW,"INCIDENT LOG | Odisha / Kendrapara / ZONE-1 | 5 entries
[09-11-2025 05:17] ERSS-041296 | Flooding reported (Incident reported) in a residential colony in Kendrapara, Odisha. 2 persons affected, no further details available. Please dispatch water pump.
[09-11-2025 12:57] ERSS-016583 | Rescue operation required (Situation update) close to the river bank in Kendrapara, Odisha. 4 residents affected, some injuries reported. Dispatch requested for ambulance and fire and rescue unit.
[19-11-2025 23:13] ERSS-036748 | Flooding reported (Situation update) in the riverside settlement in Kendrapara, Odisha. 1 residents affected, no further details available. Please dispatch relief supplies and rescue boat.
[19-11-2025 23:40] ERSS-022060 | Waterlogging reported (Emergency report received) in the low-lying area in Kendrapara, Odisha. 3 residents affected, situation being monitored. Response team requested:  sandbags.
[19-11-2025 23:58] ERSS-010358 | Rescue operation required (Incident reported) near the industrial area in Kendrapara, Odisha. 1 individuals affected, situation being monitored. Response team requested:  rescue rope and ladder and fire and rescue unit.","ROUTINE. flooding and rescue emergencies in ZONE-1 Kendrapara, Odisha; 11 affected, 5 reports. fire and rescue unit and water pump plus 1 more to residential colony; STAGING at nearest safe point. routine watch; CAS count zero.",11,5,Odisha,Kendrapara,ZONE-1,True,True,True,True,True,True,True,True,False,False,False,False,True
SLM-000426,test,ROUTINE,LOW,"INCIDENT LOG | Karnataka / Mangaluru / ZONE-2 | 5 entries
[26-04-2025 15:36] ERSS-006814 | Road blockage reported (Situation update) in a residential colony in Mangaluru, Karnataka. 6 individuals affected, situation being monitored. Dispatch requested for earthmover (JCB) and traffic police team.
[01-05-2025 20:33] ERSS-018068 | Flooding reported (Emergency report received) near the village school in Mangaluru, Karnataka. 2 persons affected, no injuries reported. Response team requested:  relief supplies and water pump.
[05-05-2025 15:33] ERSS-010167 | Flooding reported (Incident reported) in a residential colony in Mangaluru, Karnataka. 4 persons affected, residents moved to safer ground. Dispatch requested for water pump.
[05-05-2025 15:50] ERSS-011414 | Rescue operation required (Emergency report received) on the national highway in Mangaluru, Karnataka. 3 individuals affected, residents moved to safer ground. Dispatch requested for rescue rope and ladder.
[11-05-2025 06:05] ERSS-056805 | Flooding reported (Incident reported) in the low-lying area in Mangaluru, Karnataka. 5 persons affected, no injuries reported. Dispatch requested for relief supplies.","ROUTINE - ZONE-2 Mangaluru (Karnataka): road blockages and flooding plus 1 more, 20 affected across 5 reports. relief supplies and water pump plus 1 more to residential colony; STAGING at nearest safe point. monitor only; IC on STANDBY.",20,5,Karnataka,Mangaluru,ZONE-2,True,True,True,True,True,True,True,True,False,False,False,False,True
SLM-000452,train,ROUTINE,LOW,"INCIDENT LOG | Kerala / Kozhikode / ZONE-5 | 5 entries
[25-02-2025 19:29] ERSS-011326 | Road blockage reported (Emergency report received) at the railway crossing in Kozhikode, Kerala. 4 individuals affected, no injuries reported. Response team requested:  traffic police team.
[26-02-2025 01:54] ERSS-059498 | Waterlogging reported (Emergency report received) in the hilly terrain in Kozhikode, Kerala. 6 persons affected, no further details available. Dispatch requested for sandbags and road clearance team.
[03-03-2025 19:37] ERSS-017790 | Flooding reported (Incident reported) at the railway crossing in Kozhikode, Kerala. 4 individuals affected, no injuries reported. Dispatch requested for NDRF flood rescue team.
[03-03-2025 21:22] ERSS-057187 | Road blockage reported (Incident reported) in a residential colony in Kozhikode, Kerala. 6 persons affected, no injuries reported. Response team requested:  tow truck.
[03-03-2025 21:24] ERSS-022373 | Waterlogging reported (Situation update) in the old town area in Kozhikode, Kerala. 1 residents affected, some injuries reported. Dispatch requested for sandbags.","ROUTINE: road blockages and flooding, ZONE-5 Kozhikode, Kerala. 5 reports, 21 affected. Deploy sandbags and traffic police team plus 1 more to railway crossing; IC to confirm ACCESS. monitor only; IC on STANDBY.",21,5,Kerala,Kozhikode,ZONE-5,True,True,True,True,True,True,True,True,False,False,False,False,True
SLM-000526,train,ELEVATED,MEDIUM,"INCIDENT LOG | Gujarat / Vadodara / ZONE-5 | 6 entries
[24-07-2025 01:57] ERSS-058054 | Flooding reported (Situation update) near the local market in Vadodara, Gujarat. 14 persons affected, no injuries reported. Response team requested:  rescue boat and life jackets.
[26-07-2025 07:32] ERSS-059367 | Rescue operation required (Emergency report received) near the government hospital in Vadodara, Gujarat. 8 individuals affected, minor injuries reported. Dispatch requested for rescue rope and ladder.
[30-07-2025 09:53] ERSS-052054 | Waterlogging reported (Incident reported) at the railway crossing in Vadodara, Gujarat. 3 residents affected, minor injuries reported. Please dispatch drainage team.
[30-07-2025 13:30] ERSS-054657 | Rescue operation required (Emergency report received) near the main bridge in Vadodara, Gujarat. 2 residents affected, minor injuries reported. Please dispatch fire and rescue unit.
[01-08-2025 14:06] ERSS-032978 | Medical emergency reported (Incident reported) at the highway junction in Vadodara, Gujarat. 13 people affected, medical assistance requested. Response team requested:  emergency medical team.
[01-08-2025 14:26] ERSS-047948 | Rescue operation required (Incident reported) in a residential colony in Vadodara, Gujarat. 13 residents affected, minor injuries reported. Please dispatch fire and rescue unit and rescue rope and ladder.","ELEVATED. flooding and rescue emergencies plus 1 more in ZONE-5 Vadodara, Gujarat; 53 affected, 6 reports. Deploy rescue rope and ladder and fire and rescue unit plus 1 more to local market; IC to confirm ACCESS. pre-position at STAGING area; SITREP every 30 min.",53,6,Gujarat,Vadodara,ZONE-5,True,True,True,True,True,True,True,True,False,False,False,False,True
SLM-000562,train,ELEVATED,MEDIUM,"INCIDENT LOG | Gujarat / Surat / ZONE-1 | 6 entries
[15-10-2025 15:23] ERSS-059380 | Rescue operation required (Incident reported) close to the river bank in Surat, Gujarat. 3 individuals affected, no injuries reported. Response team requested:  ambulance.
[17-10-2025 09:18] ERSS-035670 | Rescue operation required (Incident reported) in a residential colony in Surat, Gujarat. 13 individuals affected, minor injuries reported. Please dispatch rescue rope and ladder.
[21-10-2025 07:33] ERSS-009303 | Waterlogging reported (Incident reported) at the highway junction in Surat, Gujarat. 3 people affected, no further details available. Dispatch requested for sandbags and water pump.
[23-10-2025 06:38] ERSS-017004 | Flooding reported (Emergency report received) near the government hospital in Surat, Gujarat. 10 people affected, no injuries reported. Dispatch requested for NDRF flood rescue team.
[23-10-2025 11:38] ERSS-016294 | Rescue operation required (Situation update) close to the river bank in Surat, Gujarat. 3 individuals affected, minor injuries reported. Response team requested:  rescue rope and ladder and fire and rescue unit.
[30-10-2025 07:51] ERSS-017419 | Waterlogging reported (Incident reported) in a residential colony in Surat, Gujarat. 6 residents affected, some injuries reported. Response team requested:  drainage team.","ELEVATED: ZONE-1 Surat, Gujarat -- rescue emergencies and flooding. 6 reports, 38 affected. Deploy rescue rope and ladder and ambulance plus 1 more to river bank; IC to confirm ACCESS. stage nearby, monitor ACCESS.",38,6,Gujarat,Surat,ZONE-1,True,True,True,True,True,True,True,True,False,False,False,False,True
SLM-000579,train,ELEVATED,MEDIUM,"INCIDENT LOG | West Bengal / Howrah / ZONE-1 | 5 entries
[07-01-2026 05:18] ERSS-005429 | Flooding reported (Incident reported) near the industrial area in Howrah, West Bengal. 10 individuals affected, multiple injuries reported. Dispatch requested for water pump.
[16-01-2026 17:38] ERSS-039504 | Flooding reported (Emergency report received) at the railway crossing in Howrah, West Bengal. 15 individuals affected, no injuries reported. Response team requested:  water pump.
[16-01-2026 17:59] ERSS-035468 | Flooding reported (Emergency report received) on the national highway in Howrah, West Bengal. 13 residents affected, some injuries reported. Response team requested:  life jackets.
[19-01-2026 17:05] ERSS-015865 | Flooding reported (Situation update) on the national highway in Howrah, West Bengal. 12 individuals affected, residents moved to safer ground. Please dispatch rescue boat.
[21-01-2026 18:57] ERSS-042011 | Rescue operation required (Emergency report received) near the local market in Howrah, West Bengal. 7 persons affected, no injuries reported. Response team requested:  rescue rope and ladder and ambulance.","ELEVATED: flooding and rescue emergencies, ZONE-1 Howrah, West Bengal. 5 reports, 57 affected. Send water pump and life jackets plus 1 more to industrial area; submit SITREP on arrival. STANDBY; update CAS count on change.",57,5,West Bengal,Howrah,ZONE-1,True,True,True,True,True,True,True,True,False,False,False,False,True
SLM-000592,validation,ROUTINE,LOW,"INCIDENT LOG | Assam / Jorhat / ZONE-4 | 5 entries
[30-01-2026 05:13] ERSS-019356 | Road blockage reported (Incident reported) in the old town area in Jorhat, Assam. 2 people affected, minor injuries reported. Dispatch requested for road clearance crew and tow truck.
[01-02-2026 16:44] ERSS-038074 | Rescue operation required (Incident reported) near the bus stand in Jorhat, Assam. 1 residents affected, minor injuries reported. Dispatch requested for rescue rope and ladder.
[02-02-2026 06:41] ERSS-047632 | Flooding reported (Emergency report received) at the highway junction in Jorhat, Assam. 2 individuals affected, no injuries reported. Please dispatch NDRF flood rescue team.
[08-02-2026 16:32] ERSS-054629 | Rescue operation required (Emergency report received) near the government hospital in Jorhat, Assam. 3 people affected, situation being monitored. Dispatch requested for rescue rope and ladder.
[09-02-2026 19:18] ERSS-052010 | Rescue operation required (Incident reported) in the old town area in Jorhat, Assam. 1 individuals affected, some injuries reported. Please dispatch ambulance and rescue rope and ladder.","ROUTINE: road blockages and rescue emergencies plus 1 more, ZONE-4 Jorhat, Assam. 5 reports, 9 affected. Send rescue rope and ladder and road clearance crew plus 1 more to old town area; submit SITREP on arrival. routine watch; CAS count zero.",9,5,Assam,Jorhat,ZONE-4,True,True,True,True,True,True,True,True,False,False,False,False,True
SLM-000598,validation,ELEVATED,MEDIUM,"INCIDENT LOG | Assam / Guwahati / ZONE-2 | 6 entries
[01-03-2025 09:42] ERSS-008681 | Medical emergency reported (Situation update) on the national highway in Guwahati, Assam. 8 people affected, no injuries reported. Response team requested:  emergency medical team and medical first-aid kit.
[06-03-2025 12:13] ERSS-025872 | Waterlogging reported (Situation update) in the low-lying area in Guwahati, Assam. 4 residents affected, evacuation assistance requested. Response team requested:  drainage team.
[12-03-2025 19:15] ERSS-015812 | Rescue operation required (Situation update) near the village school in Guwahati, Assam. 4 individuals affected, some injuries reported. Please dispatch rescue rope and ladder and NDRF rescue team.
[15-03-2025 13:53] ERSS-025867 | Flooding reported (Emergency report received) at the highway junction in Guwahati, Assam. 4 residents affected, no injuries reported. Dispatch requested for life jackets.
[16-03-2025 07:56] ERSS-057501 | Flooding reported (Emergency report received) in the low-lying area in Guwahati, Assam. 10 people affected, no injuries reported. Response team requested:  NDRF flood rescue team.
[16-03-2025 07:58] ERSS-013195 | Waterlogging reported (Incident reported) near the industrial area in Guwahati, Assam. 12 individuals affected, medical assistance requested. Dispatch requested for road clearance team.","ELEVATED: medical emergencies and flooding plus 1 more, ZONE-2 Guwahati, Assam. 6 reports, 42 affected. Dispatch emergency medical team and medical first-aid kit plus 1 more via ACCESS route to national highway. STANDBY; update CAS count on change.",42,6,Assam,Guwahati,ZONE-2,True,True,True,True,True,True,True,True,False,False,False,False,True
SLM-000617,test,ELEVATED,MEDIUM,"INCIDENT LOG | Karnataka / Mangaluru / ZONE-2 | 6 entries
[17-12-2025 17:31] ERSS-027949 | Waterlogging reported (Incident reported) near the bus stand in Mangaluru, Karnataka. 7 individuals affected, no further details available. Dispatch requested for road clearance team and water pump.
[20-12-2025 14:01] ERSS-030731 | Flooding reported (Incident reported) near the bus stand in Mangaluru, Karnataka. 11 persons affected, some injuries reported. Please dispatch NDRF flood rescue team.
[26-12-2025 13:30] ERSS-015811 | Road blockage reported (Incident reported) at the highway junction in Mangaluru, Karnataka. 11 people affected, some injuries reported. Response team requested:  tow truck.
[29-12-2025 00:01] ERSS-034418 | Road blockage reported (Incident reported) near the main bridge in Mangaluru, Karnataka. 12 residents affected, multiple injuries reported. Response team requested:  earthmover (JCB).
[31-12-2025 05:52] ERSS-041932 | Flooding reported (Situation update) in the riverside settlement in Mangaluru, Karnataka. 9 people affected, no injuries reported. Please dispatch relief supplies and water pump.
[01-01-2026 04:12] ERSS-010963 | Waterlogging reported (Situation update) at the highway junction in Mangaluru, Karnataka. 2 residents affected, minor injuries reported. Please dispatch water pump.","ELEVATED: ZONE-2 Mangaluru, Karnataka -- flooding and road blockages. 6 reports, 52 affected. Dispatch water pump and road clearance team plus 1 more via ACCESS route to bus stand. pre-position at STAGING area; SITREP every 30 min.",52,6,Karnataka,Mangaluru,ZONE-2,True,True,True,True,True,True,True,True,False,False,False,False,True
SLM-000672,test,ROUTINE,LOW,"INCIDENT LOG | Odisha / Kendrapara / ZONE-3 | 7 entries
[21-08-2025 11:33] ERSS-030590 | Flooding reported (Incident reported) in a residential colony in Kendrapara, Odisha. 4 individuals affected, residents moved to safer ground. Response team requested:  NDRF flood rescue team.
[21-08-2025 11:46] ERSS-044324 | Rescue operation required (Emergency report received) near the industrial area in Kendrapara, Odisha. 4 people affected, no injuries reported. Dispatch requested for ambulance and fire and rescue unit.
[24-08-2025 02:34] ERSS-047620 | Medical emergency reported (Situation update) at the highway junction in Kendrapara, Odisha. 3 residents affected, no injuries reported. Please dispatch emergency medical team and medical first-aid kit.
[24-08-2025 14:43] ERSS-056840 | Flooding reported (Emergency report received) near the industrial area in Kendrapara, Odisha. 5 people affected, no injuries reported. Dispatch requested for water pump.
[01-09-2025 20:36] ERSS-001492 | Rescue operation required (Incident reported) near the village school in Kendrapara, Odisha. 2 residents affected, minor injuries reported. Dispatch requested for ambulance and fire and rescue unit.
[01-09-2025 20:50] ERSS-025927 | Waterlogging reported (Situation update) near the main bridge in Kendrapara, Odisha. 1 residents affected, medical assistance requested. Please dispatch water pump and sandbags.
[01-09-2025 20:51] ERSS-013569 | Flooding reported (Incident reported) near the main bridge in Kendrapara, Odisha. 2 individuals affected, situation being monitored. Response team requested:  rescue boat.","ROUTINE: ZONE-3 Kendrapara, Odisha -- flooding and rescue emergencies plus 1 more. 7 reports, 21 affected. ambulance and fire and rescue unit plus 1 more to residential colony; STAGING at nearest safe point. routine watch; CAS count zero.",21,7,Odisha,Kendrapara,ZONE-3,True,True,True,True,True,True,True,True,False,False,False,False,True
SLM-000773,validation,ROUTINE,LOW,"INCIDENT LOG | Uttar Pradesh / Prayagraj / ZONE-1 | 5 entries
[29-05-2025 03:00] ERSS-026520 | Flooding reported (Situation update) in the low-lying area in Prayagraj, Uttar Pradesh. 4 persons affected, some injuries reported. Dispatch requested for rescue boat.
[03-06-2025 01:45] ERSS-040196 | Rescue operation required (Emergency report received) near the main bridge in Prayagraj, Uttar Pradesh. 2 persons affected, medical assistance requested. Please dispatch NDRF rescue team.
[03-06-2025 05:23] ERSS-014551 | Rescue operation required (Emergency report received) near the main bridge in Prayagraj, Uttar Pradesh. 2 persons affected, situation being monitored. Dispatch requested for rescue rope and ladder and NDRF rescue team.
[05-06-2025 09:12] ERSS-008102 | Rescue operation required (Incident reported) near the local market in Prayagraj, Uttar Pradesh. 3 residents affected, no injuries reported. Please dispatch rescue rope and ladder.
[10-06-2025 16:18] ERSS-035567 | Flooding reported (Incident reported) near the bus stand in Prayagraj, Uttar Pradesh. 5 people affected, no injuries reported. Dispatch requested for rescue boat.","ROUTINE: flooding and rescue emergencies, ZONE-1 Prayagraj, Uttar Pradesh. 5 reports, 16 affected. rescue boat and NDRF rescue team plus 1 more to low-lying area; STAGING at nearest safe point. monitor only; IC on STANDBY.",16,5,Uttar Pradesh,Prayagraj,ZONE-1,True,True,True,True,True,True,True,True,False,False,False,False,True
SLM-000794,train,ELEVATED,MEDIUM,"INCIDENT LOG | Uttar Pradesh / Kanpur / ZONE-4 | 5 entries
[23-02-2025 06:54] ERSS-044277 | Flooding reported (Incident reported) near the main bridge in Kanpur, Uttar Pradesh. 11 people affected, no injuries reported. Please dispatch water pump.
[01-03-2025 21:44] ERSS-032183 | Flooding reported (Situation update) near the bus stand in Kanpur, Uttar Pradesh. 9 residents affected, no injuries reported. Dispatch requested for NDRF flood rescue team.
[01-03-2025 21:55] ERSS-038239 | Rescue operation required (Incident reported) in the low-lying area in Kanpur, Uttar Pradesh. 11 residents affected, evacuation assistance requested. Dispatch requested for ambulance and fire and rescue unit.
[03-03-2025 23:50] ERSS-010789 | Medical emergency reported (Situation update) in the old town area in Kanpur, Uttar Pradesh. 9 residents affected, residents moved to safer ground. Dispatch requested for ambulance.
[07-03-2025 20:27] ERSS-014144 | Waterlogging reported (Incident reported) near the local market in Kanpur, Uttar Pradesh. 15 persons affected, some injuries reported. Please dispatch water pump.","ELEVATED: flooding and rescue emergencies plus 1 more, ZONE-4 Kanpur, Uttar Pradesh. 5 reports, 55 affected. water pump and ambulance plus 1 more to main bridge; STAGING at nearest safe point. stage nearby, monitor ACCESS.",55,5,Uttar Pradesh,Kanpur,ZONE-4,True,True,True,True,True,True,True,True,False,False,False,False,True
SLM-000795,train,ROUTINE,LOW,"INCIDENT LOG | Uttar Pradesh / Varanasi / ZONE-2 | 5 entries
[16-02-2025 09:21] ERSS-048393 | Flooding reported (Situation update) near the village school in Varanasi, Uttar Pradesh. 4 people affected, minor injuries reported. Response team requested:  water pump.
[19-02-2025 19:53] ERSS-049936 | Rescue operation required (Situation update) in the hilly terrain in Varanasi, Uttar Pradesh. 1 persons affected, evacuation assistance requested. Response team requested:  rescue rope and ladder.
[20-02-2025 08:21] ERSS-031309 | Flooding reported (Incident reported) in the hilly terrain in Varanasi, Uttar Pradesh. 5 people affected, no injuries reported. Response team requested:  life jackets and rescue boat.
[23-02-2025 23:21] ERSS-021117 | Waterlogging reported (Incident reported) in the riverside settlement in Varanasi, Uttar Pradesh. 2 people affected, no injuries reported. Response team requested:  road clearance team.
[01-03-2025 16:30] ERSS-044182 | Flooding reported (Incident reported) near the village school in Varanasi, Uttar Pradesh. 4 residents affected, no injuries reported. Response team requested:  NDRF flood rescue team.","ROUTINE: flooding and rescue emergencies, ZONE-2 Varanasi, Uttar Pradesh. 5 reports, 16 affected. Deploy water pump and rescue rope and ladder plus 1 more to village school; IC to confirm ACCESS. monitor only; IC on STANDBY.",16,5,Uttar Pradesh,Varanasi,ZONE-2,True,True,True,True,True,True,True,True,False,False,False,False,True
SLM-000829,test,ELEVATED,MEDIUM,"INCIDENT LOG | Tamil Nadu / Tiruppur / ZONE-2 | 6 entries
[27-01-2025 18:13] ERSS-015009 | Flooding reported (Emergency report received) near the industrial area in Tiruppur, Tamil Nadu. 10 people affected, some injuries reported. Please dispatch life jackets.
[30-01-2025 16:16] ERSS-024994 | Rescue operation required (Situation update) in the old town area in Tiruppur, Tamil Nadu. 6 residents affected, multiple injuries reported. Dispatch requested for fire and rescue unit and ambulance.
[30-01-2025 16:50] ERSS-004107 | Flooding reported (Emergency report received) near the local market in Tiruppur, Tamil Nadu. 14 people affected, medical assistance requested. Please dispatch rescue boat.
[04-02-2025 15:51] ERSS-007236 | Rescue operation required (Emergency report received) in the old town area in Tiruppur, Tamil Nadu. 8 residents affected, evacuation assistance requested. Response team requested:  ambulance and rescue rope and ladder.
[09-02-2025 01:18] ERSS-039478 | Medical emergency reported (Emergency report received) on the national highway in Tiruppur, Tamil Nadu. 9 residents affected, medical assistance requested. Dispatch requested for paramedic team.
[09-02-2025 01:49] ERSS-054350 | Flooding reported (Emergency report received) in the low-lying area in Tiruppur, Tamil Nadu. 3 people affected, residents moved to safer ground. Please dispatch NDRF flood rescue team and water pump.","ELEVATED: ZONE-2 Tiruppur, Tamil Nadu -- flooding and rescue emergencies plus 1 more. 6 reports, 50 affected. Dispatch ambulance and life jackets plus 1 more via ACCESS route to industrial area. pre-position at STAGING area; SITREP every 30 min.",50,6,Tamil Nadu,Tiruppur,ZONE-2,True,True,True,True,True,True,True,True,False,False,False,False,True
SLM-000830,train,ELEVATED,MEDIUM,"INCIDENT LOG | Uttar Pradesh / Kanpur / ZONE-4 | 5 entries
[30-01-2026 19:12] ERSS-032959 | Rescue operation required (Emergency report received) near the local market in Kanpur, Uttar Pradesh. 10 persons affected, medical assistance requested. Response team requested:  NDRF rescue team and fire and rescue unit.
[30-01-2026 19:55] ERSS-049001 | Waterlogging reported (Incident reported) near the industrial area in Kanpur, Uttar Pradesh. 4 individuals affected, no injuries reported. Dispatch requested for road clearance team and water pump.
[31-01-2026 13:34] ERSS-009621 | Waterlogging reported (Incident reported) near the industrial area in Kanpur, Uttar Pradesh. 6 persons affected, situation being monitored. Please dispatch sandbags.
[10-02-2026 08:52] ERSS-029926 | Rescue operation required (Incident reported) near the government hospital in Kanpur, Uttar Pradesh. 8 residents affected, residents moved to safer ground. Dispatch requested for rescue rope and ladder.
[12-02-2026 07:00] ERSS-007219 | Flooding reported (Incident reported) in the hilly terrain in Kanpur, Uttar Pradesh. 3 residents affected, no injuries reported. Please dispatch relief supplies.","ELEVATED. rescue emergencies and flooding in ZONE-4 Kanpur, Uttar Pradesh; 31 affected, 5 reports. Dispatch NDRF rescue team and fire and rescue unit plus 1 more via ACCESS route to local market. STANDBY; update CAS count on change.",31,5,Uttar Pradesh,Kanpur,ZONE-4,True,True,True,True,True,True,True,True,False,False,False,False,True
SLM-000851,train,ROUTINE,LOW,"INCIDENT LOG | Kerala / Kottayam / ZONE-1 | 5 entries
[17-05-2025 19:31] ERSS-016650 | Flooding reported (Incident reported) near the industrial area in Kottayam, Kerala. 3 people affected, medical assistance requested. Dispatch requested for relief supplies and water pump.
[22-05-2025 12:04] ERSS-002957 | Medical emergency reported (Incident reported) near the village school in Kottayam, Kerala. 6 people affected, multiple injuries reported. Response team requested:  medical first-aid kit.
[28-05-2025 04:05] ERSS-057583 | Waterlogging reported (Incident reported) in the riverside settlement in Kottayam, Kerala. 6 individuals affected, situation being monitored. Please dispatch water pump and road clearance team.
[28-05-2025 12:11] ERSS-019039 | Rescue operation required (Emergency report received) near the industrial area in Kottayam, Kerala. 1 residents affected, situation being monitored. Response team requested:  NDRF rescue team and fire and rescue unit.
[01-06-2025 15:56] ERSS-015678 | Flooding reported (Incident reported) on the national highway in Kottayam, Kerala. 3 individuals affected, situation being monitored. Please dispatch NDRF flood rescue team.","ROUTINE: ZONE-1 Kottayam, Kerala -- flooding and medical emergencies plus 1 more. 5 reports, 19 affected. water pump and relief supplies plus 1 more to industrial area; STAGING at nearest safe point. monitor only; IC on STANDBY.",19,5,Kerala,Kottayam,ZONE-1,True,True,True,True,True,True,True,True,False,False,False,False,True
SLM-000861,train,ELEVATED,MEDIUM,"INCIDENT LOG | Karnataka / Bengaluru / ZONE-1 | 6 entries
[16-08-2025 04:03] ERSS-059995 | Road blockage reported (Emergency report received) in the hilly terrain in Bengaluru, Karnataka. 15 individuals affected, situation being monitored. Response team requested:  earthmover (JCB).
[16-08-2025 09:42] ERSS-042639 | Flooding reported (Situation update) in the old town area in Bengaluru, Karnataka. 10 individuals affected, some injuries reported. Please dispatch NDRF flood rescue team.
[16-08-2025 19:24] ERSS-035907 | Flooding reported (Situation update) in the riverside settlement in Bengaluru, Karnataka. 4 persons affected, some injuries reported. Dispatch requested for water pump.
[23-08-2025 17:56] ERSS-051737 | Flooding reported (Incident reported) in the riverside settlement in Bengaluru, Karnataka. 9 individuals affected, situation being monitored. Response team requested:  water pump.
[23-08-2025 17:58] ERSS-050049 | Medical emergency reported (Incident reported) in the riverside settlement in Bengaluru, Karnataka. 7 people affected, some injuries reported. Please dispatch emergency medical team.
[26-08-2025 08:15] ERSS-012580 | Road blockage reported (Emergency report received) near the village school in Bengaluru, Karnataka. 11 individuals affected, minor injuries reported. Dispatch requested for earthmover (JCB) and tow truck.","ELEVATED: ZONE-1 Bengaluru, Karnataka -- road blockages and flooding plus 1 more. 6 reports, 56 affected. Send earthmover (JCB) and water pump plus 1 more to hilly terrain; submit SITREP on arrival. stage nearby, monitor ACCESS.",56,6,Karnataka,Bengaluru,ZONE-1,True,True,True,True,True,True,True,True,False,False,False,False,True
SLM-000871,train,ROUTINE,LOW,"INCIDENT LOG | Assam / Guwahati / ZONE-1 | 5 entries
[12-04-2025 01:24] ERSS-042436 | Flooding reported (Situation update) close to the river bank in Guwahati, Assam. 2 persons affected, no further details available. Dispatch requested for NDRF flood rescue team.
[16-04-2025 06:50] ERSS-018265 | Rescue operation required (Emergency report received) near the bus stand in Guwahati, Assam. 1 residents affected, situation being monitored. Response team requested:  NDRF rescue team.
[17-04-2025 22:14] ERSS-024968 | Flooding reported (Emergency report received) near the industrial area in Guwahati, Assam. 4 persons affected, situation being monitored. Dispatch requested for NDRF flood rescue team.
[17-04-2025 22:40] ERSS-034263 | Rescue operation required (Incident reported) in the low-lying area in Guwahati, Assam. 1 residents affected, no further details available. Dispatch requested for ambulance and fire and rescue unit.
[21-04-2025 23:08] ERSS-030177 | Rescue operation required (Incident reported) on the national highway in Guwahati, Assam. 4 persons affected, no injuries reported. Dispatch requested for rescue rope and ladder.","ROUTINE: flooding and rescue emergencies, ZONE-1 Guwahati, Assam. 5 reports, 12 affected. NDRF flood rescue team and NDRF rescue team plus 1 more to river bank; STAGING at nearest safe point. monitor only; IC on STANDBY.",12,5,Assam,Guwahati,ZONE-1,True,True,True,True,True,True,True,True,False,False,False,False,True
SLM-000886,test,URGENT,HIGH,"INCIDENT LOG | Bihar / Bhagalpur / ZONE-5 | 5 entries
[18-02-2026 11:01] ERSS-020916 | Road blockage reported (Situation update) in the riverside settlement in Bhagalpur, Bihar. 7 persons affected, minor injuries reported. Please dispatch tow truck.
[18-02-2026 11:06] ERSS-033437 | Flooding reported (Emergency report received) close to the river bank in Bhagalpur, Bihar. 10 people affected, residents moved to safer ground. Please dispatch relief supplies and NDRF flood rescue team.
[18-02-2026 11:11] ERSS-004095 | Waterlogging reported (Situation update) in a residential colony in Bhagalpur, Bihar. 14 residents affected, evacuation assistance requested. Please dispatch water pump and sandbags.
[18-02-2026 11:53] ERSS-049306 | Road blockage reported (Incident reported) near the industrial area in Bhagalpur, Bihar. 5 individuals affected, situation being monitored. Response team requested:  road clearance crew and traffic police team.
[18-02-2026 11:56] ERSS-025908 | Rescue operation required (Incident reported) at the highway junction in Bhagalpur, Bihar. 20 individuals affected, situation being monitored. Please dispatch ambulance.","URGENT: ZONE-5 Bhagalpur, Bihar -- road blockages and flooding plus 1 more. 5 reports, 56 affected. Dispatch tow truck and relief supplies plus 1 more via ACCESS route to riverside settlement. commit teams; TRIAGE + CAS tracking; IC to verify ACCESS route.",56,5,Bihar,Bhagalpur,ZONE-5,True,True,True,True,True,True,True,True,False,False,False,False,True
SLM-000934,train,ELEVATED,MEDIUM,"INCIDENT LOG | Tamil Nadu / Tiruppur / ZONE-1 | 8 entries
[29-12-2025 08:48] ERSS-056378 | Waterlogging reported (Incident reported) in the low-lying area in Tiruppur, Tamil Nadu. 10 people affected, some injuries reported. Please dispatch drainage team.
[29-12-2025 08:49] ERSS-048764 | Flooding reported (Situation update) near the government hospital in Tiruppur, Tamil Nadu. 3 people affected, no injuries reported. Response team requested:  water pump and relief supplies.
[30-12-2025 12:29] ERSS-031291 | Rescue operation required (Emergency report received) at the highway junction in Tiruppur, Tamil Nadu. 6 persons affected, minor injuries reported. Dispatch requested for fire and rescue unit.
[30-12-2025 22:52] ERSS-045854 | Road blockage reported (Situation update) at the railway crossing in Tiruppur, Tamil Nadu. 5 residents affected, minor injuries reported. Response team requested:  road clearance crew.
[03-01-2026 12:54] ERSS-032510 | Flooding reported (Situation update) in the hilly terrain in Tiruppur, Tamil Nadu. 4 residents affected, residents moved to safer ground. Please dispatch water pump and life jackets.
[04-01-2026 19:09] ERSS-003345 | Road blockage reported (Situation update) in a residential colony in Tiruppur, Tamil Nadu. 7 persons affected, minor injuries reported. Please dispatch tow truck.
[04-01-2026 19:50] ERSS-014776 | Waterlogging reported (Situation update) close to the river bank in Tiruppur, Tamil Nadu. 8 residents affected, some injuries reported. Please dispatch drainage team.
[11-01-2026 11:28] ERSS-044337 | Rescue operation required (Incident reported) in the riverside settlement in Tiruppur, Tamil Nadu. 7 persons affected, no further details available. Dispatch requested for NDRF rescue team and fire and rescue unit.","ELEVATED. flooding and rescue emergencies plus 1 more in ZONE-1 Tiruppur, Tamil Nadu; 50 affected, 8 reports. drainage team and water pump plus 1 more to low-lying area; STAGING at nearest safe point. STANDBY; update CAS count on change.",50,8,Tamil Nadu,Tiruppur,ZONE-1,True,True,True,True,True,True,True,True,False,False,False,False,True
SLM-000962,test,ELEVATED,MEDIUM,"INCIDENT LOG | West Bengal / Malda / ZONE-1 | 5 entries
[29-07-2025 04:21] ERSS-032681 | Flooding reported (Situation update) near the bus stand in Malda, West Bengal. 7 persons affected, evacuation assistance requested. Please dispatch NDRF flood rescue team and rescue boat.
[29-07-2025 04:46] ERSS-013382 | Road blockage reported (Emergency report received) close to the river bank in Malda, West Bengal. 6 residents affected, no further details available. Please dispatch road clearance crew.
[29-07-2025 04:53] ERSS-055983 | Flooding reported (Incident reported) at the highway junction in Malda, West Bengal. 2 people affected, some injuries reported. Dispatch requested for life jackets and NDRF flood rescue team.
[02-08-2025 23:33] ERSS-046002 | Waterlogging reported (Situation update) at the highway junction in Malda, West Bengal. 13 individuals affected, some injuries reported. Dispatch requested for water pump and sandbags.
[08-08-2025 05:10] ERSS-037400 | Road blockage reported (Incident reported) near the local market in Malda, West Bengal. 5 people affected, minor injuries reported. Dispatch requested for tow truck.","ELEVATED: ZONE-1 Malda, West Bengal -- flooding and road blockages. 5 reports, 33 affected. Deploy NDRF flood rescue team and rescue boat plus 1 more to bus stand; IC to confirm ACCESS. STANDBY; update CAS count on change.",33,5,West Bengal,Malda,ZONE-1,True,True,True,True,True,True,True,True,False,False,False,False,True
SLM-000995,test,ROUTINE,LOW,"INCIDENT LOG | Assam / Dhemaji / ZONE-1 | 5 entries
[10-12-2025 14:43] ERSS-022208 | Rescue operation required (Situation update) near the village school in Dhemaji, Assam. 1 residents affected, no injuries reported. Dispatch requested for NDRF rescue team.
[11-12-2025 04:31] ERSS-021208 | Flooding reported (Situation update) in the hilly terrain in Dhemaji, Assam. 2 residents affected, situation being monitored. Dispatch requested for rescue boat and life jackets.
[16-12-2025 22:01] ERSS-057660 | Waterlogging reported (Incident reported) on the national highway in Dhemaji, Assam. 4 individuals affected, situation being monitored. Response team requested:  sandbags and road clearance team.
[16-12-2025 22:15] ERSS-013041 | Waterlogging reported (Emergency report received) in the old town area in Dhemaji, Assam. 3 individuals affected, no further details available. Please dispatch water pump and drainage team.
[16-12-2025 22:38] ERSS-044950 | Medical emergency reported (Emergency report received) in the riverside settlement in Dhemaji, Assam. 1 persons affected, no injuries reported. Response team requested:  paramedic team.","ROUTINE - ZONE-1 Dhemaji (Assam): rescue emergencies and flooding plus 1 more, 11 affected across 5 reports. Deploy NDRF rescue team and rescue boat plus 1 more to village school; IC to confirm ACCESS. routine watch; CAS count zero.",11,5,Assam,Dhemaji,ZONE-1,True,True,True,True,True,True,True,True,False,False,False,False,True
SLM-001047,validation,ROUTINE,LOW,"INCIDENT LOG | Kerala / Alappuzha / ZONE-3 | 5 entries
[28-12-2025 13:32] ERSS-029468 | Waterlogging reported (Incident reported) near the industrial area in Alappuzha, Kerala. 1 individuals affected, multiple injuries reported. Response team requested:  road clearance team.
[03-01-2026 05:32] ERSS-031032 | Flooding reported (Emergency report received) near the village school in Alappuzha, Kerala. 1 individuals affected, evacuation assistance requested. Dispatch requested for relief supplies and NDRF flood rescue team.
[05-01-2026 07:47] ERSS-026579 | Waterlogging reported (Incident reported) on the national highway in Alappuzha, Kerala. 1 persons affected, some injuries reported. Dispatch requested for road clearance team.
[08-01-2026 20:00] ERSS-019618 | Waterlogging reported (Incident reported) in a residential colony in Alappuzha, Kerala. 4 residents affected, minor injuries reported. Please dispatch drainage team and sandbags.
[08-01-2026 20:03] ERSS-022458 | Road blockage reported (Incident reported) at the highway junction in Alappuzha, Kerala. 1 residents affected, minor injuries reported. Response team requested:  tow truck and earthmover (JCB).","ROUTINE: flooding and road blockages, ZONE-3 Alappuzha, Kerala. 5 reports, 8 affected. Deploy road clearance team and relief supplies plus 1 more to industrial area; IC to confirm ACCESS. routine watch; CAS count zero.",8,5,Kerala,Alappuzha,ZONE-3,True,True,True,True,True,True,True,True,False,False,False,False,True
SLM-001069,train,ELEVATED,MEDIUM,"INCIDENT LOG | Tamil Nadu / Madurai / ZONE-1 | 5 entries
[09-02-2026 07:56] ERSS-032536 | Flooding reported (Incident reported) near the government hospital in Madurai, Tamil Nadu. 2 individuals affected, minor injuries reported. Please dispatch water pump.
[11-02-2026 07:46] ERSS-044586 | Flooding reported (Incident reported) near the industrial area in Madurai, Tamil Nadu. 14 individuals affected, no further details available. Dispatch requested for relief supplies.
[18-02-2026 20:01] ERSS-044524 | Flooding reported (Incident reported) near the industrial area in Madurai, Tamil Nadu. 6 individuals affected, minor injuries reported. Please dispatch life jackets and rescue boat.
[18-02-2026 20:01] ERSS-007999 | Flooding reported (Emergency report received) near the bus stand in Madurai, Tamil Nadu. 4 individuals affected, minor injuries reported. Response team requested:  NDRF flood rescue team.
[18-02-2026 20:29] ERSS-052126 | Flooding reported (Situation update) in the old town area in Madurai, Tamil Nadu. 3 residents affected, minor injuries reported. Response team requested:  relief supplies.","ELEVATED - ZONE-1 Madurai (Tamil Nadu): flooding, 29 affected across 5 reports. Send relief supplies and water pump plus 1 more to government hospital; submit SITREP on arrival. stage nearby, monitor ACCESS.",29,5,Tamil Nadu,Madurai,ZONE-1,True,True,True,True,True,True,True,True,False,False,False,False,True
SLM-001109,train,ROUTINE,LOW,"INCIDENT LOG | Bihar / Darbhanga / ZONE-5 | 7 entries
[12-08-2025 03:02] ERSS-004381 | Flooding reported (Emergency report received) on the national highway in Darbhanga, Bihar. 3 persons affected, no injuries reported. Dispatch requested for water pump and NDRF flood rescue team.
[18-08-2025 20:24] ERSS-004616 | Flooding reported (Emergency report received) in the riverside settlement in Darbhanga, Bihar. 3 residents affected, some injuries reported. Dispatch requested for life jackets.
[20-08-2025 14:45] ERSS-025683 | Flooding reported (Situation update) near the industrial area in Darbhanga, Bihar. 6 residents affected, some injuries reported. Dispatch requested for life jackets.
[20-08-2025 14:48] ERSS-010502 | Flooding reported (Incident reported) at the highway junction in Darbhanga, Bihar. 1 people affected, residents moved to safer ground. Response team requested:  rescue boat and relief supplies.
[26-08-2025 12:37] ERSS-041550 | Waterlogging reported (Situation update) near the government hospital in Darbhanga, Bihar. 1 residents affected, minor injuries reported. Please dispatch sandbags.
[26-08-2025 15:04] ERSS-009064 | Medical emergency reported (Incident reported) near the main bridge in Darbhanga, Bihar. 4 people affected, some injuries reported. Dispatch requested for medical first-aid kit.
[26-08-2025 15:40] ERSS-000791 | Medical emergency reported (Incident reported) near the local market in Darbhanga, Bihar. 6 people affected, minor injuries reported. Dispatch requested for ambulance.","ROUTINE: flooding and medical emergencies, ZONE-5 Darbhanga, Bihar. 7 reports, 24 affected. Send life jackets and water pump plus 1 more to national highway; submit SITREP on arrival. routine watch; CAS count zero.",24,7,Bihar,Darbhanga,ZONE-5,True,True,True,True,True,True,True,True,False,False,False,False,True
SLM-001120,train,ELEVATED,MEDIUM,"INCIDENT LOG | Kerala / Kottayam / ZONE-3 | 5 entries
[27-01-2026 07:08] ERSS-031088 | Rescue operation required (Incident reported) on the national highway in Kottayam, Kerala. 15 residents affected, minor injuries reported. Dispatch requested for NDRF rescue team.
[27-01-2026 07:23] ERSS-020583 | Flooding reported (Incident reported) near the bus stand in Kottayam, Kerala. 12 residents affected, medical assistance requested. Response team requested:  rescue boat.
[02-02-2026 07:49] ERSS-056640 | Flooding reported (Situation update) at the highway junction in Kottayam, Kerala. 8 individuals affected, some injuries reported. Please dispatch NDRF flood rescue team.
[03-02-2026 02:56] ERSS-042517 | Flooding reported (Incident reported) in a residential colony in Kottayam, Kerala. 7 individuals affected, minor injuries reported. Dispatch requested for relief supplies.
[04-02-2026 11:33] ERSS-020947 | Rescue operation required (Emergency report received) near the bus stand in Kottayam, Kerala. 7 people affected, minor injuries reported. Dispatch requested for ambulance.","ELEVATED: rescue emergencies and flooding, ZONE-3 Kottayam, Kerala. 5 reports, 49 affected. Deploy NDRF rescue team and rescue boat plus 1 more to national highway; IC to confirm ACCESS. STANDBY; update CAS count on change.",49,5,Kerala,Kottayam,ZONE-3,True,True,True,True,True,True,True,True,False,False,False,False,True
SLM-001125,train,URGENT,HIGH,"INCIDENT LOG | Karnataka / Udupi / ZONE-1 | 5 entries
[12-01-2026 15:06] ERSS-006953 | Flooding reported (Incident reported) at the highway junction in Udupi, Karnataka. 1 people affected, some injuries reported. Please dispatch relief supplies.
[12-01-2026 15:17] ERSS-020579 | Rescue operation required (Emergency report received) near the industrial area in Udupi, Karnataka. 8 individuals affected, some injuries reported. Please dispatch ambulance.
[12-01-2026 15:40] ERSS-017800 | Flooding reported (Incident reported) near the industrial area in Udupi, Karnataka. 23 individuals affected, multiple injuries reported. Response team requested:  life jackets.
[12-01-2026 15:46] ERSS-053183 | Rescue operation required (Emergency report received) near the industrial area in Udupi, Karnataka. 10 people affected, casualties reported. Dispatch requested for ambulance.
[12-01-2026 15:48] ERSS-050419 | Road blockage reported (Emergency report received) at the railway crossing in Udupi, Karnataka. 6 residents affected, residents moved to safer ground. Response team requested:  earthmover (JCB).","URGENT - ZONE-1 Udupi (Karnataka): flooding and rescue emergencies plus 1 more, 48 affected across 5 reports. Deploy ambulance and relief supplies plus 1 more to highway junction; IC to confirm ACCESS. deploy now; begin TRIAGE on arrival; notify SDRF.",48,5,Karnataka,Udupi,ZONE-1,True,True,True,True,True,True,True,True,False,False,False,False,True
SLM-001192,validation,ROUTINE,LOW,"INCIDENT LOG | Kerala / Thrissur / ZONE-4 | 5 entries
[08-12-2025 02:42] ERSS-045212 | Waterlogging reported (Situation update) in the low-lying area in Thrissur, Kerala. 4 residents affected, medical assistance requested. Response team requested:  road clearance team and water pump.
[14-12-2025 09:26] ERSS-012070 | Flooding reported (Emergency report received) in the low-lying area in Thrissur, Kerala. 2 people affected, multiple injuries reported. Response team requested:  water pump.
[15-12-2025 10:22] ERSS-007912 | Medical emergency reported (Incident reported) in the hilly terrain in Thrissur, Kerala. 1 people affected, situation being monitored. Please dispatch emergency medical team.
[18-12-2025 05:16] ERSS-021754 | Medical emergency reported (Emergency report received) in a residential colony in Thrissur, Kerala. 1 residents affected, no further details available. Dispatch requested for emergency medical team and ambulance.
[21-12-2025 22:58] ERSS-011410 | Flooding reported (Situation update) near the village school in Thrissur, Kerala. 6 people affected, no injuries reported. Dispatch requested for NDRF flood rescue team.","ROUTINE: ZONE-4 Thrissur, Kerala -- flooding and medical emergencies. 5 reports, 14 affected. Deploy water pump and emergency medical team plus 1 more to low-lying area; IC to confirm ACCESS. monitor only; IC on STANDBY.",14,5,Kerala,Thrissur,ZONE-4,True,True,True,True,True,True,True,True,False,False,False,False,True
SLM-001301,train,ELEVATED,MEDIUM,"INCIDENT LOG | Karnataka / Kodagu / ZONE-1 | 5 entries
[14-10-2025 13:48] ERSS-015261 | Flooding reported (Emergency report received) near the government hospital in Kodagu, Karnataka. 12 individuals affected, some injuries reported. Please dispatch relief supplies.
[21-10-2025 18:37] ERSS-004444 | Waterlogging reported (Incident reported) at the railway crossing in Kodagu, Karnataka. 11 individuals affected, minor injuries reported. Please dispatch road clearance team and drainage team.
[21-10-2025 18:46] ERSS-000899 | Flooding reported (Emergency report received) in a residential colony in Kodagu, Karnataka. 3 individuals affected, medical assistance requested. Dispatch requested for rescue boat.
[28-10-2025 19:14] ERSS-031306 | Rescue operation required (Incident reported) near the industrial area in Kodagu, Karnataka. 12 people affected, situation being monitored. Response team requested:  rescue rope and ladder.
[28-10-2025 19:27] ERSS-058432 | Flooding reported (Incident reported) in the low-lying area in Kodagu, Karnataka. 10 residents affected, residents moved to safer ground. Please dispatch rescue boat and water pump.","ELEVATED: flooding and rescue emergencies, ZONE-1 Kodagu, Karnataka. 5 reports, 48 affected. Send rescue boat and relief supplies plus 1 more to government hospital; submit SITREP on arrival. stage nearby, monitor ACCESS.",48,5,Karnataka,Kodagu,ZONE-1,True,True,True,True,True,True,True,True,False,False,False,False,True
SLM-001395,validation,ROUTINE,LOW,"INCIDENT LOG | West Bengal / Kolkata / ZONE-3 | 5 entries
[12-01-2026 13:15] ERSS-041457 | Rescue operation required (Incident reported) in the riverside settlement in Kolkata, West Bengal. 3 residents affected, medical assistance requested. Dispatch requested for NDRF rescue team and rescue rope and ladder.
[15-01-2026 20:28] ERSS-020071 | Rescue operation required (Incident reported) near the industrial area in Kolkata, West Bengal. 6 persons affected, no injuries reported. Dispatch requested for NDRF rescue team.
[19-01-2026 18:20] ERSS-051141 | Rescue operation required (Situation update) in a residential colony in Kolkata, West Bengal. 4 individuals affected, minor injuries reported. Dispatch requested for NDRF rescue team.
[20-01-2026 00:10] ERSS-017186 | Medical emergency reported (Emergency report received) in the hilly terrain in Kolkata, West Bengal. 1 people affected, some injuries reported. Please dispatch paramedic team and emergency medical team.
[22-01-2026 15:56] ERSS-042738 | Flooding reported (Incident reported) in a residential colony in Kolkata, West Bengal. 5 people affected, minor injuries reported. Dispatch requested for rescue boat.","ROUTINE: rescue emergencies and medical emergencies plus 1 more, ZONE-3 Kolkata, West Bengal. 5 reports, 19 affected. NDRF rescue team and rescue rope and ladder plus 1 more to riverside settlement; STAGING at nearest safe point. routine watch; CAS count zero.",19,5,West Bengal,Kolkata,ZONE-3,True,True,True,True,True,True,True,True,False,False,False,False,True
SLM-001406,test,ELEVATED,MEDIUM,"INCIDENT LOG | Assam / Guwahati / ZONE-1 | 8 entries
[03-04-2025 05:22] ERSS-052719 | Flooding reported (Incident reported) in a residential colony in Guwahati, Assam. 3 people affected, no further details available. Dispatch requested for NDRF flood rescue team and water pump.
[03-04-2025 05:23] ERSS-057689 | Rescue operation required (Emergency report received) near the local market in Guwahati, Assam. 2 people affected, no injuries reported. Dispatch requested for fire and rescue unit and ambulance.
[03-04-2025 05:39] ERSS-041619 | Flooding reported (Situation update) near the bus stand in Guwahati, Assam. 3 individuals affected, residents moved to safer ground. Dispatch requested for water pump and life jackets.
[03-04-2025 05:59] ERSS-013293 | Waterlogging reported (Situation update) in the low-lying area in Guwahati, Assam. 10 people affected, evacuation assistance requested. Dispatch requested for water pump.
[12-04-2025 01:33] ERSS-018313 | Rescue operation required (Situation update) near the bus stand in Guwahati, Assam. 4 persons affected, medical assistance requested. Please dispatch rescue rope and ladder.
[12-04-2025 07:50] ERSS-022541 | Rescue operation required (Incident reported) at the railway crossing in Guwahati, Assam. 3 people affected, residents moved to safer ground. Response team requested:  rescue rope and ladder and fire and rescue unit.
[12-04-2025 07:53] ERSS-050316 | Rescue operation required (Situation update) near the industrial area in Guwahati, Assam. 12 persons affected, minor injuries reported. Response team requested:  NDRF rescue team.
[18-04-2025 02:56] ERSS-058806 | Medical emergency reported (Incident reported) in a residential colony in Guwahati, Assam. 2 people affected, medical assistance requested. Please dispatch ambulance.","ELEVATED: ZONE-1 Guwahati, Assam -- flooding and rescue emergencies plus 1 more. 8 reports, 39 affected. water pump and fire and rescue unit plus 1 more to residential colony; STAGING at nearest safe point. stage nearby, monitor ACCESS.",39,8,Assam,Guwahati,ZONE-1,True,True,True,True,True,True,True,True,False,False,False,False,True
SLM-001416,train,ROUTINE,LOW,"INCIDENT LOG | Gujarat / Surat / ZONE-3 | 7 entries
[06-02-2025 20:39] ERSS-007649 | Flooding reported (Situation update) in a residential colony in Surat, Gujarat. 2 individuals affected, no further details available. Dispatch requested for water pump.
[11-02-2025 12:28] ERSS-027308 | Waterlogging reported (Emergency report received) in the old town area in Surat, Gujarat. 2 residents affected, evacuation assistance requested. Response team requested:  water pump and drainage team.
[17-02-2025 23:10] ERSS-032758 | Flooding reported (Incident reported) in the low-lying area in Surat, Gujarat. 2 people affected, residents moved to safer ground. Response team requested:  rescue boat.
[17-02-2025 23:33] ERSS-045624 | Rescue operation required (Incident reported) close to the river bank in Surat, Gujarat. 3 residents affected, no injuries reported. Please dispatch NDRF rescue team.
[17-02-2025 23:53] ERSS-013899 | Flooding reported (Incident reported) at the highway junction in Surat, Gujarat. 1 residents affected, minor injuries reported. Please dispatch rescue boat.
[19-02-2025 17:50] ERSS-036810 | Waterlogging reported (Situation update) close to the river bank in Surat, Gujarat. 4 individuals affected, no injuries reported. Dispatch requested for road clearance team.
[21-02-2025 20:30] ERSS-003103 | Rescue operation required (Incident reported) near the government hospital in Surat, Gujarat. 6 persons affected, minor injuries reported. Please dispatch fire and rescue unit.","ROUTINE: ZONE-3 Surat, Gujarat -- flooding and rescue emergencies. 7 reports, 20 affected. Dispatch water pump and rescue boat plus 1 more via ACCESS route to residential colony. routine watch; CAS count zero.",20,7,Gujarat,Surat,ZONE-3,True,True,True,True,True,True,True,True,False,False,False,False,True
SLM-001497,train,ELEVATED,MEDIUM,"INCIDENT LOG | Odisha / Balasore / ZONE-2 | 5 entries
[24-06-2025 13:23] ERSS-029951 | Flooding reported (Incident reported) near the local market in Balasore, Odisha. 13 residents affected, minor injuries reported. Please dispatch rescue boat.
[24-06-2025 13:46] ERSS-031752 | Flooding reported (Situation update) at the railway crossing in Balasore, Odisha. 10 residents affected, no further details available. Dispatch requested for rescue boat.
[30-06-2025 09:00] ERSS-031935 | Rescue operation required (Situation update) in the riverside settlement in Balasore, Odisha. 2 individuals affected, minor injuries reported. Please dispatch NDRF rescue team.
[01-07-2025 15:27] ERSS-029993 | Flooding reported (Incident reported) in a residential colony in Balasore, Odisha. 3 individuals affected, medical assistance requested. Please dispatch relief supplies.
[06-07-2025 11:14] ERSS-024787 | Road blockage reported (Incident reported) in the hilly terrain in Balasore, Odisha. 2 people affected, situation being monitored. Dispatch requested for earthmover (JCB).","ELEVATED: flooding and rescue emergencies plus 1 more, ZONE-2 Balasore, Odisha. 5 reports, 30 affected. Dispatch rescue boat and NDRF rescue team plus 1 more via ACCESS route to local market. pre-position at STAGING area; SITREP every 30 min.",30,5,Odisha,Balasore,ZONE-2,True,True,True,True,True,True,True,True,False,False,False,False,True
SLM-001647,train,URGENT,HIGH,"INCIDENT LOG | Assam / Dibrugarh / ZONE-1 | 5 entries
[17-05-2025 10:13] ERSS-048265 | Waterlogging reported (Situation update) near the local market in Dibrugarh, Assam. 3 persons affected, minor injuries reported. Response team requested:  drainage team.
[17-05-2025 10:33] ERSS-001406 | Flooding reported (Situation update) in the old town area in Dibrugarh, Assam. 11 persons affected, multiple injuries reported. Please dispatch rescue boat and NDRF flood rescue team.
[17-05-2025 10:34] ERSS-026071 | Flooding reported (Situation update) close to the river bank in Dibrugarh, Assam. 12 people affected, multiple injuries reported. Dispatch requested for rescue boat and water pump.
[17-05-2025 10:49] ERSS-006046 | Rescue operation required (Emergency report received) near the local market in Dibrugarh, Assam. 5 persons affected, no injuries reported. Please dispatch fire and rescue unit.
[17-05-2025 10:58] ERSS-021190 | Flooding reported (Incident reported) on the national highway in Dibrugarh, Assam. 18 people affected, multiple injuries reported. Dispatch requested for rescue boat.","URGENT: flooding and rescue emergencies, ZONE-1 Dibrugarh, Assam. 5 reports, 49 affected. Deploy rescue boat and drainage team plus 1 more to local market; IC to confirm ACCESS. commit teams; TRIAGE + CAS tracking; IC to verify ACCESS route.",49,5,Assam,Dibrugarh,ZONE-1,True,True,True,True,True,True,True,True,False,False,False,False,True
SLM-001652,train,ROUTINE,LOW,"INCIDENT LOG | Uttar Pradesh / Kanpur / ZONE-4 | 5 entries
[21-01-2025 20:16] ERSS-034748 | Waterlogging reported (Situation update) in the riverside settlement in Kanpur, Uttar Pradesh. 2 persons affected, no injuries reported. Dispatch requested for water pump and road clearance team.
[22-01-2025 15:08] ERSS-040510 | Rescue operation required (Situation update) near the local market in Kanpur, Uttar Pradesh. 2 persons affected, some injuries reported. Please dispatch fire and rescue unit.
[23-01-2025 16:58] ERSS-024295 | Road blockage reported (Incident reported) on the national highway in Kanpur, Uttar Pradesh. 1 people affected, minor injuries reported. Please dispatch tow truck.
[01-02-2025 19:07] ERSS-032861 | Flooding reported (Situation update) close to the river bank in Kanpur, Uttar Pradesh. 3 persons affected, no injuries reported. Dispatch requested for relief supplies.
[03-02-2025 07:11] ERSS-008272 | Medical emergency reported (Situation update) in the riverside settlement in Kanpur, Uttar Pradesh. 3 persons affected, some injuries reported. Response team requested:  paramedic team.","ROUTINE - ZONE-4 Kanpur (Uttar Pradesh): flooding and rescue emergencies plus 2 more, 11 affected across 5 reports. Dispatch water pump and road clearance team plus 1 more via ACCESS route to riverside settlement. routine watch; CAS count zero.",11,5,Uttar Pradesh,Kanpur,ZONE-4,True,True,True,True,True,True,True,True,False,False,False,False,True
SLM-001659,train,ROUTINE,LOW,"INCIDENT LOG | Gujarat / Bharuch / ZONE-1 | 5 entries
[28-10-2025 20:22] ERSS-036963 | Flooding reported (Incident reported) on the national highway in Bharuch, Gujarat. 2 individuals affected, situation being monitored. Please dispatch NDRF flood rescue team.
[08-11-2025 07:08] ERSS-059703 | Rescue operation required (Emergency report received) near the government hospital in Bharuch, Gujarat. 3 persons affected, no injuries reported. Dispatch requested for rescue rope and ladder.
[11-11-2025 09:10] ERSS-037496 | Rescue operation required (Situation update) on the national highway in Bharuch, Gujarat. 1 residents affected, no injuries reported. Please dispatch rescue rope and ladder.
[11-11-2025 09:31] ERSS-032616 | Waterlogging reported (Emergency report received) in the old town area in Bharuch, Gujarat. 2 people affected, no injuries reported. Response team requested:  water pump.
[11-11-2025 09:34] ERSS-019544 | Rescue operation required (Emergency report received) at the railway crossing in Bharuch, Gujarat. 2 individuals affected, no further details available. Please dispatch fire and rescue unit and ambulance.","ROUTINE - ZONE-1 Bharuch (Gujarat): flooding and rescue emergencies, 10 affected across 5 reports. Dispatch rescue rope and ladder and NDRF flood rescue team plus 1 more via ACCESS route to national highway. monitor only; IC on STANDBY.",10,5,Gujarat,Bharuch,ZONE-1,True,True,True,True,True,True,True,True,False,False,False,False,True
SLM-001761,train,ELEVATED,MEDIUM,"INCIDENT LOG | Tamil Nadu / Tiruppur / ZONE-2 | 5 entries
[29-12-2025 08:09] ERSS-058458 | Road blockage reported (Situation update) near the main bridge in Tiruppur, Tamil Nadu. 7 residents affected, no further details available. Response team requested:  traffic police team and tow truck.
[30-12-2025 12:02] ERSS-014385 | Medical emergency reported (Situation update) on the national highway in Tiruppur, Tamil Nadu. 10 people affected, minor injuries reported. Response team requested:  ambulance and paramedic team.
[04-01-2026 19:42] ERSS-044193 | Rescue operation required (Situation update) at the highway junction in Tiruppur, Tamil Nadu. 4 residents affected, minor injuries reported. Response team requested:  fire and rescue unit.
[04-01-2026 19:58] ERSS-009972 | Rescue operation required (Incident reported) in the low-lying area in Tiruppur, Tamil Nadu. 11 people affected, casualties reported. Dispatch requested for NDRF rescue team and ambulance.
[09-01-2026 23:06] ERSS-031236 | Medical emergency reported (Incident reported) in the low-lying area in Tiruppur, Tamil Nadu. 10 residents affected, multiple injuries reported. Dispatch requested for medical first-aid kit and paramedic team.","ELEVATED - ZONE-2 Tiruppur (Tamil Nadu): road blockages and medical emergencies plus 1 more, 42 affected across 5 reports. Dispatch ambulance and paramedic team plus 1 more via ACCESS route to main bridge. stage nearby, monitor ACCESS.",42,5,Tamil Nadu,Tiruppur,ZONE-2,True,True,True,True,True,True,True,True,False,False,False,False,True
SLM-001865,train,ELEVATED,MEDIUM,"INCIDENT LOG | West Bengal / Howrah / ZONE-4 | 6 entries
[27-04-2025 11:47] ERSS-035403 | Medical emergency reported (Incident reported) in the old town area in Howrah, West Bengal. 7 persons affected, no injuries reported. Dispatch requested for medical first-aid kit.
[01-05-2025 08:18] ERSS-051201 | Flooding reported (Incident reported) on the national highway in Howrah, West Bengal. 11 persons affected, situation being monitored. Dispatch requested for rescue boat.
[01-05-2025 08:49] ERSS-007528 | Medical emergency reported (Emergency report received) in the old town area in Howrah, West Bengal. 10 individuals affected, no injuries reported. Dispatch requested for ambulance.
[06-05-2025 21:17] ERSS-049770 | Rescue operation required (Emergency report received) in the low-lying area in Howrah, West Bengal. 9 individuals affected, situation being monitored. Please dispatch rescue rope and ladder.
[09-05-2025 08:14] ERSS-009934 | Flooding reported (Emergency report received) on the national highway in Howrah, West Bengal. 6 residents affected, minor injuries reported. Dispatch requested for relief supplies.
[11-05-2025 10:46] ERSS-044690 | Flooding reported (Incident reported) near the local market in Howrah, West Bengal. 3 persons affected, no further details available. Dispatch requested for rescue boat.","ELEVATED. medical emergencies and flooding plus 1 more in ZONE-4 Howrah, West Bengal; 46 affected, 6 reports. Dispatch rescue boat and medical first-aid kit plus 1 more via ACCESS route to old town area. stage nearby, monitor ACCESS.",46,6,West Bengal,Howrah,ZONE-4,True,True,True,True,True,True,True,True,False,False,False,False,True
SLM-001882,test,ROUTINE,LOW,"INCIDENT LOG | Gujarat / Surat / ZONE-3 | 5 entries
[11-04-2025 01:24] ERSS-007021 | Flooding reported (Emergency report received) in the hilly terrain in Surat, Gujarat. 2 residents affected, no injuries reported. Please dispatch relief supplies and NDRF flood rescue team.
[14-04-2025 13:19] ERSS-008552 | Road blockage reported (Emergency report received) near the bus stand in Surat, Gujarat. 6 residents affected, no injuries reported. Please dispatch road clearance crew.
[15-04-2025 12:19] ERSS-032357 | Rescue operation required (Emergency report received) close to the river bank in Surat, Gujarat. 2 residents affected, residents moved to safer ground. Response team requested:  NDRF rescue team.
[15-04-2025 12:45] ERSS-059904 | Rescue operation required (Situation update) in a residential colony in Surat, Gujarat. 6 persons affected, minor injuries reported. Dispatch requested for NDRF rescue team.
[23-04-2025 11:00] ERSS-026624 | Medical emergency reported (Situation update) close to the river bank in Surat, Gujarat. 3 residents affected, evacuation assistance requested. Please dispatch paramedic team.","ROUTINE - ZONE-3 Surat (Gujarat): flooding and road blockages plus 2 more, 19 affected across 5 reports. Deploy NDRF rescue team and relief supplies plus 1 more to hilly terrain; IC to confirm ACCESS. monitor only; IC on STANDBY.",19,5,Gujarat,Surat,ZONE-3,True,True,True,True,True,True,True,True,False,False,False,False,True
SLM-001979,train,ROUTINE,LOW,"INCIDENT LOG | Karnataka / Udupi / ZONE-1 | 5 entries
[26-04-2025 06:54] ERSS-046892 | Flooding reported (Emergency report received) at the highway junction in Udupi, Karnataka. 1 individuals affected, minor injuries reported. Dispatch requested for life jackets and relief supplies.
[27-04-2025 17:26] ERSS-049729 | Flooding reported (Situation update) near the village school in Udupi, Karnataka. 2 residents affected, no injuries reported. Please dispatch NDRF flood rescue team.
[30-04-2025 20:16] ERSS-016320 | Medical emergency reported (Incident reported) near the village school in Udupi, Karnataka. 4 individuals affected, minor injuries reported. Please dispatch emergency medical team.
[09-05-2025 22:47] ERSS-057223 | Flooding reported (Situation update) at the railway crossing in Udupi, Karnataka. 4 residents affected, situation being monitored. Response team requested:  life jackets and relief supplies.
[10-05-2025 05:12] ERSS-058164 | Flooding reported (Situation update) in the old town area in Udupi, Karnataka. 5 individuals affected, minor injuries reported. Dispatch requested for NDRF flood rescue team and rescue boat.","ROUTINE. flooding and medical emergencies in ZONE-1 Udupi, Karnataka; 16 affected, 5 reports. life jackets and relief supplies plus 1 more to highway junction; STAGING at nearest safe point. monitor only; IC on STANDBY.",16,5,Karnataka,Udupi,ZONE-1,True,True,True,True,True,True,True,True,False,False,False,False,True
SLM-002184,train,ROUTINE,LOW,"INCIDENT LOG | West Bengal / Kolkata / ZONE-5 | 5 entries
[05-07-2025 20:05] ERSS-001938 | Medical emergency reported (Situation update) near the industrial area in Kolkata, West Bengal. 6 individuals affected, minor injuries reported. Dispatch requested for medical first-aid kit.
[05-07-2025 20:34] ERSS-003310 | Flooding reported (Emergency report received) near the government hospital in Kolkata, West Bengal. 6 persons affected, no injuries reported. Response team requested:  water pump.
[11-07-2025 14:58] ERSS-011247 | Flooding reported (Incident reported) at the railway crossing in Kolkata, West Bengal. 1 residents affected, residents moved to safer ground. Response team requested:  rescue boat.
[17-07-2025 18:21] ERSS-009232 | Flooding reported (Emergency report received) in the old town area in Kolkata, West Bengal. 2 individuals affected, no injuries reported. Dispatch requested for NDRF flood rescue team and relief supplies.
[20-07-2025 19:58] ERSS-051318 | Road blockage reported (Emergency report received) at the highway junction in Kolkata, West Bengal. 4 individuals affected, minor injuries reported. Response team requested:  road clearance crew.","ROUTINE: medical emergencies and flooding plus 1 more, ZONE-5 Kolkata, West Bengal. 5 reports, 19 affected. Send medical first-aid kit and water pump plus 1 more to industrial area; submit SITREP on arrival. routine watch; CAS count zero.",19,5,West Bengal,Kolkata,ZONE-5,True,True,True,True,True,True,True,True,False,False,False,False,True
SLM-002302,test,ROUTINE,LOW,"INCIDENT LOG | Karnataka / Udupi / ZONE-5 | 6 entries
[20-06-2025 12:11] ERSS-027313 | Flooding reported (Emergency report received) near the government hospital in Udupi, Karnataka. 3 people affected, residents moved to safer ground. Dispatch requested for NDRF flood rescue team.
[21-06-2025 07:04] ERSS-029008 | Flooding reported (Incident reported) in a residential colony in Udupi, Karnataka. 1 persons affected, some injuries reported. Please dispatch life jackets.
[24-06-2025 09:50] ERSS-042674 | Medical emergency reported (Incident reported) near the government hospital in Udupi, Karnataka. 5 residents affected, multiple injuries reported. Please dispatch paramedic team.
[24-06-2025 09:53] ERSS-039962 | Rescue operation required (Emergency report received) in the riverside settlement in Udupi, Karnataka. 5 residents affected, situation being monitored. Please dispatch NDRF rescue team and ambulance.
[30-06-2025 12:10] ERSS-019311 | Rescue operation required (Emergency report received) in the low-lying area in Udupi, Karnataka. 2 individuals affected, no injuries reported. Please dispatch ambulance and NDRF rescue team.
[30-06-2025 12:19] ERSS-049939 | Rescue operation required (Incident reported) at the railway crossing in Udupi, Karnataka. 3 people affected, no further details available. Please dispatch rescue rope and ladder and ambulance.","ROUTINE: flooding and medical emergencies plus 1 more, ZONE-5 Udupi, Karnataka. 6 reports, 19 affected. Send ambulance and NDRF rescue team plus 1 more to government hospital; submit SITREP on arrival. monitor only; IC on STANDBY.",19,6,Karnataka,Udupi,ZONE-5,True,True,True,True,True,True,True,True,False,False,False,False,True
SLM-002335,test,ELEVATED,MEDIUM,"INCIDENT LOG | Assam / Guwahati / ZONE-1 | 5 entries
[12-07-2025 17:13] ERSS-032489 | Rescue operation required (Incident reported) near the bus stand in Guwahati, Assam. 13 people affected, evacuation assistance requested. Dispatch requested for ambulance and fire and rescue unit.
[18-07-2025 10:13] ERSS-010554 | Road blockage reported (Emergency report received) at the highway junction in Guwahati, Assam. 2 residents affected, no further details available. Dispatch requested for earthmover (JCB).
[18-07-2025 10:46] ERSS-009055 | Flooding reported (Situation update) near the local market in Guwahati, Assam. 15 individuals affected, minor injuries reported. Dispatch requested for NDRF flood rescue team.
[19-07-2025 03:52] ERSS-019433 | Rescue operation required (Situation update) near the village school in Guwahati, Assam. 4 residents affected, evacuation assistance requested. Dispatch requested for NDRF rescue team.
[20-07-2025 18:40] ERSS-008649 | Waterlogging reported (Situation update) in a residential colony in Guwahati, Assam. 12 individuals affected, minor injuries reported. Response team requested:  drainage team.","ELEVATED: rescue emergencies and road blockages plus 1 more, ZONE-1 Guwahati, Assam. 5 reports, 46 affected. Deploy ambulance and fire and rescue unit plus 1 more to bus stand; IC to confirm ACCESS. STANDBY; update CAS count on change.",46,5,Assam,Guwahati,ZONE-1,True,True,True,True,True,True,True,True,False,False,False,False,True
SLM-002345,test,URGENT,HIGH,"INCIDENT LOG | Tamil Nadu / Chennai / ZONE-2 | 5 entries
[21-01-2025 21:23] ERSS-042895 | Rescue operation required (Emergency report received) on the national highway in Chennai, Tamil Nadu. 4 individuals affected, no injuries reported. Response team requested:  fire and rescue unit.
[21-01-2025 21:43] ERSS-002380 | Rescue operation required (Incident reported) in the riverside settlement in Chennai, Tamil Nadu. 6 residents affected, evacuation assistance requested. Please dispatch fire and rescue unit.
[22-01-2025 03:00] ERSS-050273 | Rescue operation required (Incident reported) in a residential colony in Chennai, Tamil Nadu. 25 persons affected, minor injuries reported. Dispatch requested for rescue rope and ladder.
[22-01-2025 03:47] ERSS-049182 | Medical emergency reported (Incident reported) in the low-lying area in Chennai, Tamil Nadu. 8 individuals affected, some injuries reported. Please dispatch ambulance.
[22-01-2025 03:53] ERSS-058609 | Flooding reported (Incident reported) in the riverside settlement in Chennai, Tamil Nadu. 4 individuals affected, situation being monitored. Response team requested:  relief supplies.","URGENT: rescue emergencies and medical emergencies plus 1 more, ZONE-2 Chennai, Tamil Nadu. 5 reports, 47 affected. fire and rescue unit and rescue rope and ladder plus 1 more to national highway; STAGING at nearest safe point. deploy now; begin TRIAGE on arrival; notify SDRF.",47,5,Tamil Nadu,Chennai,ZONE-2,True,True,True,True,True,True,True,True,False,False,False,False,True
SLM-002384,train,ELEVATED,MEDIUM,"INCIDENT LOG | Karnataka / Bengaluru / ZONE-2 | 8 entries
[03-02-2026 21:19] ERSS-042527 | Rescue operation required (Incident reported) in the hilly terrain in Bengaluru, Karnataka. 5 individuals affected, situation being monitored. Dispatch requested for NDRF rescue team.
[03-02-2026 21:21] ERSS-004986 | Medical emergency reported (Emergency report received) on the national highway in Bengaluru, Karnataka. 3 residents affected, minor injuries reported. Response team requested:  ambulance and paramedic team.
[06-02-2026 22:04] ERSS-058650 | Medical emergency reported (Incident reported) on the national highway in Bengaluru, Karnataka. 12 residents affected, minor injuries reported. Response team requested:  ambulance.
[06-02-2026 22:26] ERSS-005904 | Rescue operation required (Emergency report received) on the national highway in Bengaluru, Karnataka. 11 persons affected, no further details available. Response team requested:  fire and rescue unit.
[06-02-2026 22:52] ERSS-003158 | Flooding reported (Situation update) in the riverside settlement in Bengaluru, Karnataka. 6 residents affected, medical assistance requested. Please dispatch water pump.
[12-02-2026 01:21] ERSS-008384 | Flooding reported (Situation update) near the bus stand in Bengaluru, Karnataka. 5 people affected, some injuries reported. Response team requested:  life jackets.
[12-02-2026 01:57] ERSS-055326 | Rescue operation required (Situation update) near the bus stand in Bengaluru, Karnataka. 13 persons affected, no further details available. Response team requested:  rescue rope and ladder and fire and rescue unit.
[13-02-2026 17:31] ERSS-003636 | Road blockage reported (Emergency report received) at the railway crossing in Bengaluru, Karnataka. 2 people affected, no injuries reported. Response team requested:  tow truck and road clearance crew.","ELEVATED - ZONE-2 Bengaluru (Karnataka): rescue emergencies and medical emergencies plus 2 more, 57 affected across 8 reports. Dispatch ambulance and fire and rescue unit plus 1 more via ACCESS route to hilly terrain. stage nearby, monitor ACCESS.",57,8,Karnataka,Bengaluru,ZONE-2,True,True,True,True,True,True,True,True,False,False,False,False,True
SLM-002480,train,ELEVATED,MEDIUM,"INCIDENT LOG | Bihar / Darbhanga / ZONE-1 | 6 entries
[25-12-2025 08:53] ERSS-042168 | Flooding reported (Emergency report received) near the bus stand in Darbhanga, Bihar. 13 people affected, no injuries reported. Dispatch requested for relief supplies and life jackets.
[27-12-2025 15:23] ERSS-043678 | Waterlogging reported (Emergency report received) in the riverside settlement in Darbhanga, Bihar. 8 people affected, some injuries reported. Dispatch requested for water pump.
[28-12-2025 19:47] ERSS-016706 | Rescue operation required (Incident reported) near the local market in Darbhanga, Bihar. 3 people affected, no injuries reported. Response team requested:  rescue rope and ladder.
[30-12-2025 10:59] ERSS-023877 | Waterlogging reported (Emergency report received) at the highway junction in Darbhanga, Bihar. 5 people affected, minor injuries reported. Dispatch requested for road clearance team and sandbags.
[04-01-2026 22:50] ERSS-021678 | Road blockage reported (Incident reported) in the low-lying area in Darbhanga, Bihar. 10 residents affected, no injuries reported. Response team requested:  tow truck.
[08-01-2026 10:29] ERSS-048881 | Waterlogging reported (Situation update) in a residential colony in Darbhanga, Bihar. 14 residents affected, minor injuries reported. Dispatch requested for drainage team.","ELEVATED: ZONE-1 Darbhanga, Bihar -- flooding and rescue emergencies plus 1 more. 6 reports, 53 affected. Deploy relief supplies and life jackets plus 1 more to bus stand; IC to confirm ACCESS. stage nearby, monitor ACCESS.",53,6,Bihar,Darbhanga,ZONE-1,True,True,True,True,True,True,True,True,False,False,False,False,True
SLM-002567,train,ROUTINE,LOW,"INCIDENT LOG | Kerala / Kottayam / ZONE-1 | 5 entries
[08-04-2025 19:22] ERSS-043960 | Road blockage reported (Emergency report received) in the riverside settlement in Kottayam, Kerala. 5 residents affected, situation being monitored. Response team requested:  earthmover (JCB) and traffic police team.
[16-04-2025 23:18] ERSS-020618 | Waterlogging reported (Emergency report received) near the main bridge in Kottayam, Kerala. 3 persons affected, minor injuries reported. Please dispatch sandbags.
[17-04-2025 21:01] ERSS-035056 | Medical emergency reported (Incident reported) in the low-lying area in Kottayam, Kerala. 3 people affected, evacuation assistance requested. Response team requested:  paramedic team.
[17-04-2025 21:15] ERSS-026290 | Medical emergency reported (Incident reported) at the railway crossing in Kottayam, Kerala. 6 residents affected, situation being monitored. Please dispatch medical first-aid kit.
[17-04-2025 21:22] ERSS-044293 | Road blockage reported (Emergency report received) near the government hospital in Kottayam, Kerala. 1 people affected, evacuation assistance requested. Please dispatch tow truck and traffic police team.","ROUTINE: road blockages and flooding plus 1 more, ZONE-1 Kottayam, Kerala. 5 reports, 18 affected. traffic police team and earthmover (JCB) plus 1 more to riverside settlement; STAGING at nearest safe point. monitor only; IC on STANDBY.",18,5,Kerala,Kottayam,ZONE-1,True,True,True,True,True,True,True,True,False,False,False,False,True
SLM-002587,train,ROUTINE,LOW,"INCIDENT LOG | Odisha / Kendrapara / ZONE-1 | 5 entries
[14-09-2025 14:17] ERSS-005927 | Flooding reported (Incident reported) in a residential colony in Kendrapara, Odisha. 1 residents affected, medical assistance requested. Please dispatch relief supplies.
[14-09-2025 14:32] ERSS-052817 | Flooding reported (Incident reported) in the old town area in Kendrapara, Odisha. 3 people affected, no further details available. Response team requested:  life jackets.
[16-09-2025 07:19] ERSS-023377 | Waterlogging reported (Incident reported) on the national highway in Kendrapara, Odisha. 4 residents affected, minor injuries reported. Response team requested:  road clearance team.
[16-09-2025 10:01] ERSS-009801 | Flooding reported (Incident reported) in the hilly terrain in Kendrapara, Odisha. 3 residents affected, some injuries reported. Please dispatch water pump and relief supplies.
[18-09-2025 10:51] ERSS-023672 | Waterlogging reported (Situation update) near the industrial area in Kendrapara, Odisha. 3 residents affected, no injuries reported. Dispatch requested for drainage team.","ROUTINE: ZONE-1 Kendrapara, Odisha -- flooding. 5 reports, 14 affected. Send relief supplies and life jackets plus 1 more to residential colony; submit SITREP on arrival. routine watch; CAS count zero.",14,5,Odisha,Kendrapara,ZONE-1,True,True,True,True,True,True,True,True,False,False,False,False,True
SLM-002617,train,ROUTINE,LOW,"INCIDENT LOG | Karnataka / Udupi / ZONE-4 | 5 entries
[28-08-2025 18:28] ERSS-025122 | Flooding reported (Situation update) in the riverside settlement in Udupi, Karnataka. 5 people affected, residents moved to safer ground. Dispatch requested for rescue boat and life jackets.
[29-08-2025 21:32] ERSS-053194 | Medical emergency reported (Incident reported) in the low-lying area in Udupi, Karnataka. 1 persons affected, residents moved to safer ground. Response team requested:  ambulance.
[05-09-2025 10:52] ERSS-036330 | Rescue operation required (Emergency report received) near the government hospital in Udupi, Karnataka. 2 persons affected, no injuries reported. Please dispatch ambulance.
[05-09-2025 10:53] ERSS-018294 | Flooding reported (Emergency report received) in the riverside settlement in Udupi, Karnataka. 6 residents affected, situation being monitored. Dispatch requested for life jackets.
[09-09-2025 21:17] ERSS-055206 | Flooding reported (Situation update) at the highway junction in Udupi, Karnataka. 4 persons affected, no further details available. Response team requested:  relief supplies and life jackets.","ROUTINE - ZONE-4 Udupi (Karnataka): flooding and medical emergencies plus 1 more, 18 affected across 5 reports. Send life jackets and ambulance plus 1 more to riverside settlement; submit SITREP on arrival. routine watch; CAS count zero.",18,5,Karnataka,Udupi,ZONE-4,True,True,True,True,True,True,True,True,False,False,False,False,True
SLM-002689,train,ELEVATED,MEDIUM,"INCIDENT LOG | Odisha / Kendrapara / ZONE-1 | 6 entries
[09-11-2025 05:25] ERSS-004393 | Flooding reported (Emergency report received) in the hilly terrain in Kendrapara, Odisha. 15 residents affected, minor injuries reported. Response team requested:  water pump.
[09-11-2025 05:32] ERSS-003713 | Flooding reported (Emergency report received) near the industrial area in Kendrapara, Odisha. 4 persons affected, residents moved to safer ground. Response team requested:  rescue boat.
[09-11-2025 12:59] ERSS-021554 | Road blockage reported (Incident reported) near the main bridge in Kendrapara, Odisha. 15 residents affected, multiple injuries reported. Dispatch requested for traffic police team.
[09-11-2025 19:31] ERSS-052104 | Flooding reported (Situation update) close to the river bank in Kendrapara, Odisha. 13 people affected, multiple injuries reported. Response team requested:  life jackets.
[13-11-2025 02:18] ERSS-057587 | Flooding reported (Emergency report received) in the old town area in Kendrapara, Odisha. 4 individuals affected, multiple injuries reported. Dispatch requested for NDRF flood rescue team and water pump.
[13-11-2025 02:33] ERSS-041248 | Rescue operation required (Incident reported) in the low-lying area in Kendrapara, Odisha. 8 persons affected, minor injuries reported. Dispatch requested for ambulance.","ELEVATED - ZONE-1 Kendrapara (Odisha): flooding and road blockages plus 1 more, 59 affected across 6 reports. Send water pump and rescue boat plus 1 more to hilly terrain; submit SITREP on arrival. STANDBY; update CAS count on change.",59,6,Odisha,Kendrapara,ZONE-1,True,True,True,True,True,True,True,True,False,False,False,False,True
SLM-002714,validation,ROUTINE,LOW,"INCIDENT LOG | Odisha / Puri / ZONE-3 | 5 entries
[01-10-2025 07:04] ERSS-030946 | Rescue operation required (Incident reported) at the railway crossing in Puri, Odisha. 1 people affected, minor injuries reported. Dispatch requested for fire and rescue unit.
[01-10-2025 07:09] ERSS-010974 | Rescue operation required (Situation update) in the riverside settlement in Puri, Odisha. 3 residents affected, no injuries reported. Please dispatch ambulance and fire and rescue unit.
[09-10-2025 21:34] ERSS-003209 | Medical emergency reported (Situation update) in the riverside settlement in Puri, Odisha. 2 residents affected, situation being monitored. Response team requested:  ambulance and paramedic team.
[10-10-2025 17:03] ERSS-010900 | Waterlogging reported (Situation update) near the bus stand in Puri, Odisha. 1 people affected, situation being monitored. Please dispatch sandbags.
[12-10-2025 18:17] ERSS-019582 | Waterlogging reported (Situation update) near the main bridge in Puri, Odisha. 5 people affected, no further details available. Response team requested:  drainage team.","ROUTINE - ZONE-3 Puri (Odisha): rescue emergencies and medical emergencies plus 1 more, 12 affected across 5 reports. fire and rescue unit and ambulance plus 1 more to railway crossing; STAGING at nearest safe point. routine watch; CAS count zero.",12,5,Odisha,Puri,ZONE-3,True,True,True,True,True,True,True,True,False,False,False,False,True
SLM-002731,validation,ROUTINE,LOW,"INCIDENT LOG | Assam / Barpeta / ZONE-1 | 6 entries
[13-09-2025 17:17] ERSS-016978 | Flooding reported (Emergency report received) in the riverside settlement in Barpeta, Assam. 2 residents affected, situation being monitored. Response team requested:  rescue boat.
[13-09-2025 17:28] ERSS-036803 | Rescue operation required (Incident reported) near the local market in Barpeta, Assam. 1 individuals affected, no injuries reported. Dispatch requested for NDRF rescue team.
[13-09-2025 17:38] ERSS-037722 | Flooding reported (Emergency report received) near the industrial area in Barpeta, Assam. 1 persons affected, some injuries reported. Dispatch requested for rescue boat.
[14-09-2025 02:54] ERSS-035541 | Flooding reported (Situation update) near the government hospital in Barpeta, Assam. 5 individuals affected, situation being monitored. Please dispatch relief supplies.
[21-09-2025 16:49] ERSS-011452 | Medical emergency reported (Emergency report received) in the low-lying area in Barpeta, Assam. 4 residents affected, no further details available. Response team requested:  emergency medical team.
[22-09-2025 19:20] ERSS-046865 | Road blockage reported (Situation update) near the main bridge in Barpeta, Assam. 3 persons affected, no further details available. Dispatch requested for road clearance crew and earthmover (JCB).","ROUTINE. flooding and rescue emergencies plus 2 more in ZONE-1 Barpeta, Assam; 16 affected, 6 reports. Dispatch rescue boat and NDRF rescue team plus 1 more via ACCESS route to riverside settlement. routine watch; CAS count zero.",16,6,Assam,Barpeta,ZONE-1,True,True,True,True,True,True,True,True,False,False,False,False,True
SLM-002847,test,ROUTINE,LOW,"INCIDENT LOG | West Bengal / Murshidabad / ZONE-2 | 6 entries
[27-01-2025 04:10] ERSS-026019 | Road blockage reported (Situation update) in the low-lying area in Murshidabad, West Bengal. 3 residents affected, situation being monitored. Please dispatch road clearance crew and tow truck.
[27-01-2025 17:23] ERSS-022171 | Waterlogging reported (Emergency report received) close to the river bank in Murshidabad, West Bengal. 5 persons affected, casualties reported. Response team requested:  sandbags.
[27-01-2025 17:28] ERSS-028591 | Flooding reported (Situation update) at the highway junction in Murshidabad, West Bengal. 1 people affected, situation being monitored. Dispatch requested for life jackets and water pump.
[28-01-2025 09:25] ERSS-001409 | Rescue operation required (Emergency report received) near the main bridge in Murshidabad, West Bengal. 4 persons affected, no injuries reported. Response team requested:  rescue rope and ladder.
[07-02-2025 10:17] ERSS-041589 | Rescue operation required (Situation update) near the main bridge in Murshidabad, West Bengal. 5 persons affected, no injuries reported. Please dispatch NDRF rescue team.
[10-02-2025 12:29] ERSS-047275 | Flooding reported (Situation update) near the bus stand in Murshidabad, West Bengal. 5 persons affected, minor injuries reported. Response team requested:  relief supplies.","ROUTINE: ZONE-2 Murshidabad, West Bengal -- road blockages and flooding plus 1 more. 6 reports, 23 affected. road clearance crew and tow truck plus 1 more to low-lying area; STAGING at nearest safe point. routine watch; CAS count zero.",23,6,West Bengal,Murshidabad,ZONE-2,True,True,True,True,True,True,True,True,False,False,False,False,True
SLM-002862,validation,ROUTINE,LOW,"INCIDENT LOG | Tamil Nadu / Madurai / ZONE-2 | 6 entries
[12-07-2025 00:13] ERSS-003185 | Waterlogging reported (Emergency report received) in a residential colony in Madurai, Tamil Nadu. 4 people affected, minor injuries reported. Dispatch requested for sandbags.
[12-07-2025 00:44] ERSS-038178 | Flooding reported (Emergency report received) in a residential colony in Madurai, Tamil Nadu. 4 residents affected, situation being monitored. Dispatch requested for NDRF flood rescue team and rescue boat.
[12-07-2025 22:21] ERSS-040761 | Rescue operation required (Emergency report received) in the low-lying area in Madurai, Tamil Nadu. 1 persons affected, some injuries reported. Please dispatch rescue rope and ladder.
[13-07-2025 23:03] ERSS-021691 | Rescue operation required (Incident reported) near the industrial area in Madurai, Tamil Nadu. 1 people affected, situation being monitored. Response team requested:  NDRF rescue team.
[21-07-2025 10:18] ERSS-025603 | Medical emergency reported (Situation update) near the village school in Madurai, Tamil Nadu. 1 individuals affected, no injuries reported. Please dispatch medical first-aid kit and ambulance.
[21-07-2025 10:28] ERSS-025328 | Rescue operation required (Emergency report received) close to the river bank in Madurai, Tamil Nadu. 2 people affected, some injuries reported. Response team requested:  rescue rope and ladder and fire and rescue unit.","ROUTINE: ZONE-2 Madurai, Tamil Nadu -- flooding and rescue emergencies plus 1 more. 6 reports, 13 affected. Deploy rescue rope and ladder and sandbags plus 1 more to residential colony; IC to confirm ACCESS. monitor only; IC on STANDBY.",13,6,Tamil Nadu,Madurai,ZONE-2,True,True,True,True,True,True,True,True,False,False,False,False,True
SLM-003041,train,ROUTINE,LOW,"INCIDENT LOG | Bihar / Gaya / ZONE-2 | 5 entries
[17-06-2025 03:10] ERSS-002879 | Flooding reported (Situation update) in the low-lying area in Gaya, Bihar. 1 individuals affected, minor injuries reported. Response team requested:  relief supplies.
[21-06-2025 09:36] ERSS-045140 | Flooding reported (Emergency report received) near the local market in Gaya, Bihar. 2 residents affected, some injuries reported. Dispatch requested for life jackets.
[23-06-2025 14:57] ERSS-058155 | Medical emergency reported (Incident reported) at the railway crossing in Gaya, Bihar. 1 persons affected, no injuries reported. Response team requested:  paramedic team.
[28-06-2025 08:23] ERSS-031668 | Flooding reported (Emergency report received) close to the river bank in Gaya, Bihar. 2 persons affected, no injuries reported. Please dispatch NDRF flood rescue team and life jackets.
[28-06-2025 08:30] ERSS-047431 | Road blockage reported (Incident reported) in the low-lying area in Gaya, Bihar. 2 persons affected, no injuries reported. Please dispatch traffic police team.","ROUTINE: flooding and medical emergencies plus 1 more, ZONE-2 Gaya, Bihar. 5 reports, 8 affected. Send life jackets and relief supplies plus 1 more to low-lying area; submit SITREP on arrival. routine watch; CAS count zero.",8,5,Bihar,Gaya,ZONE-2,True,True,True,True,True,True,True,True,False,False,False,False,True
SLM-003138,train,ROUTINE,LOW,"INCIDENT LOG | Assam / Dhemaji / ZONE-4 | 7 entries
[11-02-2025 20:38] ERSS-015793 | Flooding reported (Situation update) near the main bridge in Dhemaji, Assam. 3 individuals affected, minor injuries reported. Dispatch requested for rescue boat.
[17-02-2025 21:23] ERSS-054441 | Flooding reported (Emergency report received) close to the river bank in Dhemaji, Assam. 4 persons affected, residents moved to safer ground. Please dispatch life jackets.
[17-02-2025 21:35] ERSS-057031 | Rescue operation required (Incident reported) in the hilly terrain in Dhemaji, Assam. 4 people affected, minor injuries reported. Please dispatch NDRF rescue team.
[18-02-2025 06:31] ERSS-022045 | Rescue operation required (Situation update) near the bus stand in Dhemaji, Assam. 3 individuals affected, situation being monitored. Response team requested:  fire and rescue unit.
[22-02-2025 07:29] ERSS-058083 | Flooding reported (Incident reported) close to the river bank in Dhemaji, Assam. 4 people affected, situation being monitored. Response team requested:  water pump.
[22-02-2025 21:02] ERSS-032012 | Flooding reported (Emergency report received) on the national highway in Dhemaji, Assam. 4 individuals affected, situation being monitored. Please dispatch NDRF flood rescue team.
[24-02-2025 06:34] ERSS-012855 | Waterlogging reported (Emergency report received) in the old town area in Dhemaji, Assam. 1 residents affected, no further details available. Dispatch requested for road clearance team.","ROUTINE - ZONE-4 Dhemaji (Assam): flooding and rescue emergencies, 23 affected across 7 reports. Dispatch rescue boat and life jackets plus 1 more via ACCESS route to main bridge. monitor only; IC on STANDBY.",23,7,Assam,Dhemaji,ZONE-4,True,True,True,True,True,True,True,True,False,False,False,False,True
SLM-003181,train,ELEVATED,MEDIUM,"INCIDENT LOG | Karnataka / Udupi / ZONE-4 | 5 entries
[18-07-2025 18:01] ERSS-021832 | Flooding reported (Incident reported) in the old town area in Udupi, Karnataka. 11 persons affected, no injuries reported. Please dispatch life jackets.
[20-07-2025 00:09] ERSS-027759 | Flooding reported (Incident reported) in the hilly terrain in Udupi, Karnataka. 5 individuals affected, no injuries reported. Please dispatch life jackets and NDRF flood rescue team.
[23-07-2025 05:05] ERSS-040554 | Road blockage reported (Situation update) near the bus stand in Udupi, Karnataka. 14 people affected, no further details available. Response team requested:  road clearance crew.
[23-07-2025 05:51] ERSS-053114 | Flooding reported (Incident reported) at the railway crossing in Udupi, Karnataka. 15 persons affected, some injuries reported. Please dispatch life jackets.
[25-07-2025 13:52] ERSS-039556 | Waterlogging reported (Emergency report received) at the railway crossing in Udupi, Karnataka. 7 people affected, minor injuries reported. Please dispatch drainage team and water pump.","ELEVATED. flooding and road blockages in ZONE-4 Udupi, Karnataka; 52 affected, 5 reports. Dispatch life jackets and NDRF flood rescue team plus 1 more via ACCESS route to old town area. STANDBY; update CAS count on change.",52,5,Karnataka,Udupi,ZONE-4,True,True,True,True,True,True,True,True,False,False,False,False,True
SLM-003188,test,ROUTINE,LOW,"INCIDENT LOG | Odisha / Balasore / ZONE-4 | 6 entries
[28-08-2025 12:18] ERSS-040988 | Medical emergency reported (Incident reported) near the bus stand in Balasore, Odisha. 3 residents affected, no injuries reported. Response team requested:  medical first-aid kit and emergency medical team.
[28-08-2025 12:22] ERSS-017305 | Rescue operation required (Incident reported) in the riverside settlement in Balasore, Odisha. 2 residents affected, residents moved to safer ground. Dispatch requested for ambulance.
[28-08-2025 17:44] ERSS-023703 | Medical emergency reported (Situation update) near the bus stand in Balasore, Odisha. 1 persons affected, some injuries reported. Please dispatch paramedic team.
[05-09-2025 08:14] ERSS-047327 | Flooding reported (Incident reported) in the riverside settlement in Balasore, Odisha. 5 residents affected, minor injuries reported. Please dispatch NDRF flood rescue team.
[11-09-2025 12:05] ERSS-022273 | Flooding reported (Emergency report received) near the government hospital in Balasore, Odisha. 5 residents affected, minor injuries reported. Response team requested:  rescue boat and NDRF flood rescue team.
[11-09-2025 12:21] ERSS-029925 | Rescue operation required (Situation update) at the highway junction in Balasore, Odisha. 5 persons affected, situation being monitored. Response team requested:  NDRF rescue team and rescue rope and ladder.","ROUTINE - ZONE-4 Balasore (Odisha): medical emergencies and rescue emergencies plus 1 more, 21 affected across 6 reports. Dispatch NDRF flood rescue team and medical first-aid kit plus 1 more via ACCESS route to bus stand. routine watch; CAS count zero.",21,6,Odisha,Balasore,ZONE-4,True,True,True,True,True,True,True,True,False,False,False,False,True
SLM-003209,train,ROUTINE,LOW,"INCIDENT LOG | Gujarat / Ahmedabad / ZONE-2 | 5 entries
[28-01-2026 10:53] ERSS-033950 | Rescue operation required (Incident reported) near the main bridge in Ahmedabad, Gujarat. 5 people affected, situation being monitored. Dispatch requested for NDRF rescue team.
[28-01-2026 11:35] ERSS-031817 | Road blockage reported (Incident reported) close to the river bank in Ahmedabad, Gujarat. 2 residents affected, minor injuries reported. Response team requested:  road clearance crew.
[29-01-2026 00:17] ERSS-051537 | Waterlogging reported (Incident reported) near the village school in Ahmedabad, Gujarat. 5 people affected, minor injuries reported. Dispatch requested for water pump and road clearance team.
[29-01-2026 06:53] ERSS-041134 | Road blockage reported (Situation update) in a residential colony in Ahmedabad, Gujarat. 1 people affected, minor injuries reported. Dispatch requested for earthmover (JCB) and road clearance crew.
[10-02-2026 11:57] ERSS-046987 | Medical emergency reported (Incident reported) in the riverside settlement in Ahmedabad, Gujarat. 4 residents affected, minor injuries reported. Dispatch requested for ambulance and emergency medical team.","ROUTINE. rescue emergencies and road blockages plus 2 more in ZONE-2 Ahmedabad, Gujarat; 17 affected, 5 reports. Dispatch road clearance crew and NDRF rescue team plus 1 more via ACCESS route to main bridge. routine watch; CAS count zero.",17,5,Gujarat,Ahmedabad,ZONE-2,True,True,True,True,True,True,True,True,False,False,False,False,True
